task,kind,subset,architecture,seed,split,reference_scope,baseline,baseline_subset,participant,gain
attention_primary,classification,full,TCN,20260907,validation,matched,logistic,full,P23,-0.06521739130434778
attention_primary,classification,full,TCN,20260907,validation,matched,logistic,full,P28,-0.002116210169901489
attention_primary,classification,full,TCN,20260907,validation,matched,logistic,full,P31,0.00512820512820511
attention_primary,classification,full,TCN,20260907,validation,matched,logistic,full,P32,0.06308156398654136
attention_primary,classification,full,TCN,20260907,validation,matched,logistic,full,P38,0.004041449693623633
attention_primary,classification,full,TCN,20260907,validation,matched,logistic,full,P41,0.011680350301039977
attention_primary,classification,full,TCN,20260907,validation,matched,logistic,full,P47,0.030544488711819362
attention_primary,classification,full,TCN,20260907,validation,matched,logistic,full,P6,0.05785644051130778
attention_primary,classification,full,TCN,20260907,validation,full,logistic,full,P23,-0.06521739130434778
attention_primary,classification,full,TCN,20260907,validation,full,logistic,full,P28,-0.002116210169901489
attention_primary,classification,full,TCN,20260907,validation,full,logistic,full,P31,0.00512820512820511
attention_primary,classification,full,TCN,20260907,validation,full,logistic,full,P32,0.06308156398654136
attention_primary,classification,full,TCN,20260907,validation,full,logistic,full,P38,0.004041449693623633
attention_primary,classification,full,TCN,20260907,validation,full,logistic,full,P41,0.011680350301039977
attention_primary,classification,full,TCN,20260907,validation,full,logistic,full,P47,0.030544488711819362
attention_primary,classification,full,TCN,20260907,validation,full,logistic,full,P6,0.05785644051130778
attention_primary,classification,full,TCN,20260907,test,matched,logistic,full,P10,-0.0064569655868984555
attention_primary,classification,full,TCN,20260907,test,matched,logistic,full,P11,-0.008281573498964856
attention_primary,classification,full,TCN,20260907,test,matched,logistic,full,P15,0.016830960204454126
attention_primary,classification,full,TCN,20260907,test,matched,logistic,full,P16,-0.012269938650306789
attention_primary,classification,full,TCN,20260907,test,matched,logistic,full,P37,0.032085561497326276
attention_primary,classification,full,TCN,20260907,test,matched,logistic,full,P39,0.0020833333333332704
attention_primary,classification,full,TCN,20260907,test,matched,logistic,full,P45,0.010838887888068194
attention_primary,classification,full,TCN,20260907,test,matched,logistic,full,P5,0.040598290598290565
attention_primary,classification,full,TCN,20260907,test,full,logistic,full,P10,-0.0064569655868984555
attention_primary,classification,full,TCN,20260907,test,full,logistic,full,P11,-0.008281573498964856
attention_primary,classification,full,TCN,20260907,test,full,logistic,full,P15,0.016830960204454126
attention_primary,classification,full,TCN,20260907,test,full,logistic,full,P16,-0.012269938650306789
attention_primary,classification,full,TCN,20260907,test,full,logistic,full,P37,0.032085561497326276
attention_primary,classification,full,TCN,20260907,test,full,logistic,full,P39,0.0020833333333332704
attention_primary,classification,full,TCN,20260907,test,full,logistic,full,P45,0.010838887888068194
attention_primary,classification,full,TCN,20260907,test,full,logistic,full,P5,0.040598290598290565
attention_primary,classification,full,TCN,20260908,validation,matched,logistic,full,P23,-0.07487922705314004
attention_primary,classification,full,TCN,20260908,validation,matched,logistic,full,P28,-0.011064756031198997
attention_primary,classification,full,TCN,20260908,validation,matched,logistic,full,P31,0.027350427350427364
attention_primary,classification,full,TCN,20260908,validation,matched,logistic,full,P32,0.05127044900800559
attention_primary,classification,full,TCN,20260908,validation,matched,logistic,full,P38,-0.002718698370872241
attention_primary,classification,full,TCN,20260908,validation,matched,logistic,full,P41,0.00030651340996168397
attention_primary,classification,full,TCN,20260908,validation,matched,logistic,full,P47,-0.005312084993359889
attention_primary,classification,full,TCN,20260908,validation,matched,logistic,full,P6,0.04114060963618482
attention_primary,classification,full,TCN,20260908,validation,full,logistic,full,P23,-0.07487922705314004
attention_primary,classification,full,TCN,20260908,validation,full,logistic,full,P28,-0.011064756031198997
attention_primary,classification,full,TCN,20260908,validation,full,logistic,full,P31,0.027350427350427364
attention_primary,classification,full,TCN,20260908,validation,full,logistic,full,P32,0.05127044900800559
attention_primary,classification,full,TCN,20260908,validation,full,logistic,full,P38,-0.002718698370872241
attention_primary,classification,full,TCN,20260908,validation,full,logistic,full,P41,0.00030651340996168397
attention_primary,classification,full,TCN,20260908,validation,full,logistic,full,P47,-0.005312084993359889
attention_primary,classification,full,TCN,20260908,validation,full,logistic,full,P6,0.04114060963618482
attention_primary,classification,full,TCN,20260908,test,matched,logistic,full,P10,-0.018276699612822522
attention_primary,classification,full,TCN,20260908,test,matched,logistic,full,P11,0.0041407867494823725
attention_primary,classification,full,TCN,20260908,test,matched,logistic,full,P15,0.018425216015577506
attention_primary,classification,full,TCN,20260908,test,matched,logistic,full,P16,-0.014314928425357865
attention_primary,classification,full,TCN,20260908,test,matched,logistic,full,P37,0.06595365418894833
attention_primary,classification,full,TCN,20260908,test,matched,logistic,full,P39,0.006249999999999922
attention_primary,classification,full,TCN,20260908,test,matched,logistic,full,P45,0.007225925258712129
attention_primary,classification,full,TCN,20260908,test,matched,logistic,full,P5,0.03418803418803418
attention_primary,classification,full,TCN,20260908,test,full,logistic,full,P10,-0.018276699612822522
attention_primary,classification,full,TCN,20260908,test,full,logistic,full,P11,0.0041407867494823725
attention_primary,classification,full,TCN,20260908,test,full,logistic,full,P15,0.018425216015577506
attention_primary,classification,full,TCN,20260908,test,full,logistic,full,P16,-0.014314928425357865
attention_primary,classification,full,TCN,20260908,test,full,logistic,full,P37,0.06595365418894833
attention_primary,classification,full,TCN,20260908,test,full,logistic,full,P39,0.006249999999999922
attention_primary,classification,full,TCN,20260908,test,full,logistic,full,P45,0.007225925258712129
attention_primary,classification,full,TCN,20260908,test,full,logistic,full,P5,0.03418803418803418
attention_primary,classification,full,LSTM,20260907,validation,matched,logistic,full,P23,-0.05555555555555558
attention_primary,classification,full,LSTM,20260907,validation,matched,logistic,full,P28,-0.0042324203398029225
attention_primary,classification,full,LSTM,20260907,validation,matched,logistic,full,P31,0.05470085470085467
attention_primary,classification,full,LSTM,20260907,validation,matched,logistic,full,P32,0.025594616544842796
attention_primary,classification,full,LSTM,20260907,validation,matched,logistic,full,P38,-0.026460254721124232
attention_primary,classification,full,LSTM,20260907,validation,matched,logistic,full,P41,0.009939792008757553
attention_primary,classification,full,LSTM,20260907,validation,matched,logistic,full,P47,0.0
attention_primary,classification,full,LSTM,20260907,validation,matched,logistic,full,P6,0.03413962635201573
attention_primary,classification,full,LSTM,20260907,validation,full,logistic,full,P23,-0.05555555555555558
attention_primary,classification,full,LSTM,20260907,validation,full,logistic,full,P28,-0.0042324203398029225
attention_primary,classification,full,LSTM,20260907,validation,full,logistic,full,P31,0.05470085470085467
attention_primary,classification,full,LSTM,20260907,validation,full,logistic,full,P32,0.025594616544842796
attention_primary,classification,full,LSTM,20260907,validation,full,logistic,full,P38,-0.026460254721124232
attention_primary,classification,full,LSTM,20260907,validation,full,logistic,full,P41,0.009939792008757553
attention_primary,classification,full,LSTM,20260907,validation,full,logistic,full,P47,0.0
attention_primary,classification,full,LSTM,20260907,validation,full,logistic,full,P6,0.03413962635201573
attention_primary,classification,full,LSTM,20260907,test,matched,logistic,full,P10,0.005759565206935546
attention_primary,classification,full,LSTM,20260907,test,matched,logistic,full,P11,0.012422360248447117
attention_primary,classification,full,LSTM,20260907,test,matched,logistic,full,P15,-0.001509066569307549
attention_primary,classification,full,LSTM,20260907,test,matched,logistic,full,P16,-0.026584867075664653
attention_primary,classification,full,LSTM,20260907,test,matched,logistic,full,P37,0.014260249554367277
attention_primary,classification,full,LSTM,20260907,test,matched,logistic,full,P39,0.004166666666666652
attention_primary,classification,full,LSTM,20260907,test,matched,logistic,full,P45,0.01995636421865926
attention_primary,classification,full,LSTM,20260907,test,matched,logistic,full,P5,0.08119658119658113
attention_primary,classification,full,LSTM,20260907,test,full,logistic,full,P10,0.005759565206935546
attention_primary,classification,full,LSTM,20260907,test,full,logistic,full,P11,0.012422360248447117
attention_primary,classification,full,LSTM,20260907,test,full,logistic,full,P15,-0.001509066569307549
attention_primary,classification,full,LSTM,20260907,test,full,logistic,full,P16,-0.026584867075664653
attention_primary,classification,full,LSTM,20260907,test,full,logistic,full,P37,0.014260249554367277
attention_primary,classification,full,LSTM,20260907,test,full,logistic,full,P39,0.004166666666666652
attention_primary,classification,full,LSTM,20260907,test,full,logistic,full,P45,0.01995636421865926
attention_primary,classification,full,LSTM,20260907,test,full,logistic,full,P5,0.08119658119658113
attention_primary,classification,full,LSTM,20260908,validation,matched,logistic,full,P23,-0.09178743961352653
attention_primary,classification,full,LSTM,20260908,validation,matched,logistic,full,P28,0.02929439506620707
attention_primary,classification,full,LSTM,20260908,validation,matched,logistic,full,P31,0.04786324786324786
attention_primary,classification,full,LSTM,20260908,validation,matched,logistic,full,P32,0.03751015198979002
attention_primary,classification,full,LSTM,20260908,validation,matched,logistic,full,P38,-0.02656482004308086
attention_primary,classification,full,LSTM,20260908,validation,matched,logistic,full,P41,0.024805692391899226
attention_primary,classification,full,LSTM,20260908,validation,matched,logistic,full,P47,-0.014608233731739695
attention_primary,classification,full,LSTM,20260908,validation,matched,logistic,full,P6,0.011871517535234355
attention_primary,classification,full,LSTM,20260908,validation,full,logistic,full,P23,-0.09178743961352653
attention_primary,classification,full,LSTM,20260908,validation,full,logistic,full,P28,0.02929439506620707
attention_primary,classification,full,LSTM,20260908,validation,full,logistic,full,P31,0.04786324786324786
attention_primary,classification,full,LSTM,20260908,validation,full,logistic,full,P32,0.03751015198979002
attention_primary,classification,full,LSTM,20260908,validation,full,logistic,full,P38,-0.02656482004308086
attention_primary,classification,full,LSTM,20260908,validation,full,logistic,full,P41,0.024805692391899226
attention_primary,classification,full,LSTM,20260908,validation,full,logistic,full,P47,-0.014608233731739695
attention_primary,classification,full,LSTM,20260908,validation,full,logistic,full,P6,0.011871517535234355
attention_primary,classification,full,LSTM,20260908,test,matched,logistic,full,P10,0.019815790106533893
attention_primary,classification,full,LSTM,20260908,test,matched,logistic,full,P11,-0.004140786749482428
attention_primary,classification,full,LSTM,20260908,test,matched,logistic,full,P15,-0.02769867348180599
attention_primary,classification,full,LSTM,20260908,test,matched,logistic,full,P16,-0.04089979550102252
attention_primary,classification,full,LSTM,20260908,test,matched,logistic,full,P37,0.037433155080214
attention_primary,classification,full,LSTM,20260908,test,matched,logistic,full,P39,0.03333333333333338
attention_primary,classification,full,LSTM,20260908,test,matched,logistic,full,P45,-0.012760463580135772
attention_primary,classification,full,LSTM,20260908,test,matched,logistic,full,P5,0.03632478632478631
attention_primary,classification,full,LSTM,20260908,test,full,logistic,full,P10,0.019815790106533893
attention_primary,classification,full,LSTM,20260908,test,full,logistic,full,P11,-0.004140786749482428
attention_primary,classification,full,LSTM,20260908,test,full,logistic,full,P15,-0.02769867348180599
attention_primary,classification,full,LSTM,20260908,test,full,logistic,full,P16,-0.04089979550102252
attention_primary,classification,full,LSTM,20260908,test,full,logistic,full,P37,0.037433155080214
attention_primary,classification,full,LSTM,20260908,test,full,logistic,full,P39,0.03333333333333338
attention_primary,classification,full,LSTM,20260908,test,full,logistic,full,P45,-0.012760463580135772
attention_primary,classification,full,LSTM,20260908,test,full,logistic,full,P5,0.03632478632478631
attention_primary,classification,full,BiLSTM,20260907,validation,matched,logistic,full,P23,-0.10386473429951687
attention_primary,classification,full,BiLSTM,20260907,validation,matched,logistic,full,P28,0.029642058165548102
attention_primary,classification,full,BiLSTM,20260907,validation,matched,logistic,full,P31,0.07179487179487176
attention_primary,classification,full,BiLSTM,20260907,validation,matched,logistic,full,P32,0.031314537649379304
attention_primary,classification,full,BiLSTM,20260907,validation,matched,logistic,full,P38,-0.03165715122236856
attention_primary,classification,full,BiLSTM,20260907,validation,matched,logistic,full,P41,-0.015073891625615787
attention_primary,classification,full,BiLSTM,20260907,validation,matched,logistic,full,P47,0.0026560424966799445
attention_primary,classification,full,BiLSTM,20260907,validation,matched,logistic,full,P6,0.0045427728613569585
attention_primary,classification,full,BiLSTM,20260907,validation,full,logistic,full,P23,-0.10386473429951687
attention_primary,classification,full,BiLSTM,20260907,validation,full,logistic,full,P28,0.029642058165548102
attention_primary,classification,full,BiLSTM,20260907,validation,full,logistic,full,P31,0.07179487179487176
attention_primary,classification,full,BiLSTM,20260907,validation,full,logistic,full,P32,0.031314537649379304
attention_primary,classification,full,BiLSTM,20260907,validation,full,logistic,full,P38,-0.03165715122236856
attention_primary,classification,full,BiLSTM,20260907,validation,full,logistic,full,P41,-0.015073891625615787
attention_primary,classification,full,BiLSTM,20260907,validation,full,logistic,full,P47,0.0026560424966799445
attention_primary,classification,full,BiLSTM,20260907,validation,full,logistic,full,P6,0.0045427728613569585
attention_primary,classification,full,BiLSTM,20260907,test,matched,logistic,full,P10,0.023759709496669335
attention_primary,classification,full,BiLSTM,20260907,test,matched,logistic,full,P11,0.010351966873705987
attention_primary,classification,full,BiLSTM,20260907,test,matched,logistic,full,P15,-0.0115857368869417
attention_primary,classification,full,BiLSTM,20260907,test,matched,logistic,full,P16,-0.06543967280163604
attention_primary,classification,full,BiLSTM,20260907,test,matched,logistic,full,P37,0.048128342245989275
attention_primary,classification,full,BiLSTM,20260907,test,matched,logistic,full,P39,-0.0020833333333332704
attention_primary,classification,full,BiLSTM,20260907,test,matched,logistic,full,P45,-0.009387697912288107
attention_primary,classification,full,BiLSTM,20260907,test,matched,logistic,full,P5,0.03632478632478631
attention_primary,classification,full,BiLSTM,20260907,test,full,logistic,full,P10,0.023759709496669335
attention_primary,classification,full,BiLSTM,20260907,test,full,logistic,full,P11,0.010351966873705987
attention_primary,classification,full,BiLSTM,20260907,test,full,logistic,full,P15,-0.0115857368869417
attention_primary,classification,full,BiLSTM,20260907,test,full,logistic,full,P16,-0.06543967280163604
attention_primary,classification,full,BiLSTM,20260907,test,full,logistic,full,P37,0.048128342245989275
attention_primary,classification,full,BiLSTM,20260907,test,full,logistic,full,P39,-0.0020833333333332704
attention_primary,classification,full,BiLSTM,20260907,test,full,logistic,full,P45,-0.009387697912288107
attention_primary,classification,full,BiLSTM,20260907,test,full,logistic,full,P5,0.03632478632478631
attention_primary,classification,full,BiLSTM,20260908,validation,matched,logistic,full,P23,-0.07729468599033817
attention_primary,classification,full,BiLSTM,20260908,validation,matched,logistic,full,P28,-0.020149343974847356
attention_primary,classification,full,BiLSTM,20260908,validation,matched,logistic,full,P31,0.05641025641025643
attention_primary,classification,full,BiLSTM,20260908,validation,matched,logistic,full,P32,0.068755075994895
attention_primary,classification,full,BiLSTM,20260908,validation,matched,logistic,full,P38,-0.001322751322751281
attention_primary,classification,full,BiLSTM,20260908,validation,matched,logistic,full,P41,0.02532019704433497
attention_primary,classification,full,BiLSTM,20260908,validation,matched,logistic,full,P47,-0.03585657370517925
attention_primary,classification,full,BiLSTM,20260908,validation,matched,logistic,full,P6,0.04882333661094718
attention_primary,classification,full,BiLSTM,20260908,validation,full,logistic,full,P23,-0.07729468599033817
attention_primary,classification,full,BiLSTM,20260908,validation,full,logistic,full,P28,-0.020149343974847356
attention_primary,classification,full,BiLSTM,20260908,validation,full,logistic,full,P31,0.05641025641025643
attention_primary,classification,full,BiLSTM,20260908,validation,full,logistic,full,P32,0.068755075994895
attention_primary,classification,full,BiLSTM,20260908,validation,full,logistic,full,P38,-0.001322751322751281
attention_primary,classification,full,BiLSTM,20260908,validation,full,logistic,full,P41,0.02532019704433497
attention_primary,classification,full,BiLSTM,20260908,validation,full,logistic,full,P47,-0.03585657370517925
attention_primary,classification,full,BiLSTM,20260908,validation,full,logistic,full,P6,0.04882333661094718
attention_primary,classification,full,BiLSTM,20260908,test,matched,logistic,full,P10,0.017531202654931077
attention_primary,classification,full,BiLSTM,20260908,test,matched,logistic,full,P11,-0.0331262939958592
attention_primary,classification,full,BiLSTM,20260908,test,matched,logistic,full,P15,0.03702081051478645
attention_primary,classification,full,BiLSTM,20260908,test,matched,logistic,full,P16,-0.036809815950920255
attention_primary,classification,full,BiLSTM,20260908,test,matched,logistic,full,P37,0.04278074866310161
attention_primary,classification,full,BiLSTM,20260908,test,matched,logistic,full,P39,0.010416666666666685
attention_primary,classification,full,BiLSTM,20260908,test,matched,logistic,full,P45,-0.02938409495786548
attention_primary,classification,full,BiLSTM,20260908,test,matched,logistic,full,P5,0.02777777777777779
attention_primary,classification,full,BiLSTM,20260908,test,full,logistic,full,P10,0.017531202654931077
attention_primary,classification,full,BiLSTM,20260908,test,full,logistic,full,P11,-0.0331262939958592
attention_primary,classification,full,BiLSTM,20260908,test,full,logistic,full,P15,0.03702081051478645
attention_primary,classification,full,BiLSTM,20260908,test,full,logistic,full,P16,-0.036809815950920255
attention_primary,classification,full,BiLSTM,20260908,test,full,logistic,full,P37,0.04278074866310161
attention_primary,classification,full,BiLSTM,20260908,test,full,logistic,full,P39,0.010416666666666685
attention_primary,classification,full,BiLSTM,20260908,test,full,logistic,full,P45,-0.02938409495786548
attention_primary,classification,full,BiLSTM,20260908,test,full,logistic,full,P5,0.02777777777777779
attention_primary,classification,full,MLP_current,20260907,validation,matched,logistic,full,P23,-0.019323671497584516
attention_primary,classification,full,MLP_current,20260907,validation,matched,logistic,full,P28,-0.024593385331640405
attention_primary,classification,full,MLP_current,20260907,validation,matched,logistic,full,P31,0.01025641025641022
attention_primary,classification,full,MLP_current,20260907,validation,matched,logistic,full,P32,0.02646478709827127
attention_primary,classification,full,MLP_current,20260907,validation,matched,logistic,full,P38,0.010378108204195158
attention_primary,classification,full,MLP_current,20260907,validation,matched,logistic,full,P41,0.02973180076628351
attention_primary,classification,full,MLP_current,20260907,validation,matched,logistic,full,P47,0.02257636122177964
attention_primary,classification,full,MLP_current,20260907,validation,matched,logistic,full,P6,0.05021304490331041
attention_primary,classification,full,MLP_current,20260907,validation,full,logistic,full,P23,-0.019323671497584516
attention_primary,classification,full,MLP_current,20260907,validation,full,logistic,full,P28,-0.024593385331640405
attention_primary,classification,full,MLP_current,20260907,validation,full,logistic,full,P31,0.01025641025641022
attention_primary,classification,full,MLP_current,20260907,validation,full,logistic,full,P32,0.02646478709827127
attention_primary,classification,full,MLP_current,20260907,validation,full,logistic,full,P38,0.010378108204195158
attention_primary,classification,full,MLP_current,20260907,validation,full,logistic,full,P41,0.02973180076628351
attention_primary,classification,full,MLP_current,20260907,validation,full,logistic,full,P47,0.02257636122177964
attention_primary,classification,full,MLP_current,20260907,validation,full,logistic,full,P6,0.05021304490331041
attention_primary,classification,full,MLP_current,20260907,test,matched,logistic,full,P10,0.02604429694827215
attention_primary,classification,full,MLP_current,20260907,test,matched,logistic,full,P11,-0.026915113871635643
attention_primary,classification,full,MLP_current,20260907,test,matched,logistic,full,P15,-0.007569672629913593
attention_primary,classification,full,MLP_current,20260907,test,matched,logistic,full,P16,-0.02862985685071573
attention_primary,classification,full,MLP_current,20260907,test,matched,logistic,full,P37,0.003565062388591833
attention_primary,classification,full,MLP_current,20260907,test,matched,logistic,full,P39,0.006249999999999922
attention_primary,classification,full,MLP_current,20260907,test,matched,logistic,full,P45,-0.027102223823535332
attention_primary,classification,full,MLP_current,20260907,test,matched,logistic,full,P5,-0.021367521367521347
attention_primary,classification,full,MLP_current,20260907,test,full,logistic,full,P10,0.02604429694827215
attention_primary,classification,full,MLP_current,20260907,test,full,logistic,full,P11,-0.026915113871635643
attention_primary,classification,full,MLP_current,20260907,test,full,logistic,full,P15,-0.007569672629913593
attention_primary,classification,full,MLP_current,20260907,test,full,logistic,full,P16,-0.02862985685071573
attention_primary,classification,full,MLP_current,20260907,test,full,logistic,full,P37,0.003565062388591833
attention_primary,classification,full,MLP_current,20260907,test,full,logistic,full,P39,0.006249999999999922
attention_primary,classification,full,MLP_current,20260907,test,full,logistic,full,P45,-0.027102223823535332
attention_primary,classification,full,MLP_current,20260907,test,full,logistic,full,P5,-0.021367521367521347
attention_primary,classification,full,MLP_current,20260908,validation,matched,logistic,full,P23,-0.106280193236715
attention_primary,classification,full,MLP_current,20260908,validation,matched,logistic,full,P28,0.02503174315254847
attention_primary,classification,full,MLP_current,20260908,validation,matched,logistic,full,P31,0.04957264957264962
attention_primary,classification,full,MLP_current,20260908,validation,matched,logistic,full,P32,0.0762965541246084
attention_primary,classification,full,MLP_current,20260908,validation,matched,logistic,full,P38,-0.040895497417236526
attention_primary,classification,full,MLP_current,20260908,validation,matched,logistic,full,P41,0.021499726327312507
attention_primary,classification,full,MLP_current,20260908,validation,matched,logistic,full,P47,0.01726427622841964
attention_primary,classification,full,MLP_current,20260908,validation,matched,logistic,full,P6,0.03129465748934779
attention_primary,classification,full,MLP_current,20260908,validation,full,logistic,full,P23,-0.106280193236715
attention_primary,classification,full,MLP_current,20260908,validation,full,logistic,full,P28,0.02503174315254847
attention_primary,classification,full,MLP_current,20260908,validation,full,logistic,full,P31,0.04957264957264962
attention_primary,classification,full,MLP_current,20260908,validation,full,logistic,full,P32,0.0762965541246084
attention_primary,classification,full,MLP_current,20260908,validation,full,logistic,full,P38,-0.040895497417236526
attention_primary,classification,full,MLP_current,20260908,validation,full,logistic,full,P41,0.021499726327312507
attention_primary,classification,full,MLP_current,20260908,validation,full,logistic,full,P47,0.01726427622841964
attention_primary,classification,full,MLP_current,20260908,validation,full,logistic,full,P6,0.03129465748934779
attention_primary,classification,full,MLP_current,20260908,test,matched,logistic,full,P10,0.019431017483106106
attention_primary,classification,full,MLP_current,20260908,test,matched,logistic,full,P11,-0.018633540372670843
attention_primary,classification,full,MLP_current,20260908,test,matched,logistic,full,P15,0.026846781063648573
attention_primary,classification,full,MLP_current,20260908,test,matched,logistic,full,P16,-0.036809815950920255
attention_primary,classification,full,MLP_current,20260908,test,matched,logistic,full,P37,0.03030303030303033
attention_primary,classification,full,MLP_current,20260908,test,matched,logistic,full,P39,0.006250000000000033
attention_primary,classification,full,MLP_current,20260908,test,matched,logistic,full,P45,-0.013100742608939342
attention_primary,classification,full,MLP_current,20260908,test,matched,logistic,full,P5,0.02777777777777779
attention_primary,classification,full,MLP_current,20260908,test,full,logistic,full,P10,0.019431017483106106
attention_primary,classification,full,MLP_current,20260908,test,full,logistic,full,P11,-0.018633540372670843
attention_primary,classification,full,MLP_current,20260908,test,full,logistic,full,P15,0.026846781063648573
attention_primary,classification,full,MLP_current,20260908,test,full,logistic,full,P16,-0.036809815950920255
attention_primary,classification,full,MLP_current,20260908,test,full,logistic,full,P37,0.03030303030303033
attention_primary,classification,full,MLP_current,20260908,test,full,logistic,full,P39,0.006250000000000033
attention_primary,classification,full,MLP_current,20260908,test,full,logistic,full,P45,-0.013100742608939342
attention_primary,classification,full,MLP_current,20260908,test,full,logistic,full,P5,0.02777777777777779
attention_primary,regression,full,TCN,20260907,validation,matched,ridge,full,P23,-0.02272295558857529
attention_primary,regression,full,TCN,20260907,validation,matched,ridge,full,P28,-0.006003041967830192
attention_primary,regression,full,TCN,20260907,validation,matched,ridge,full,P31,-0.007638227495037286
attention_primary,regression,full,TCN,20260907,validation,matched,ridge,full,P32,0.01796951091258603
attention_primary,regression,full,TCN,20260907,validation,matched,ridge,full,P38,-0.00043521292466386363
attention_primary,regression,full,TCN,20260907,validation,matched,ridge,full,P41,-0.00045748937890377483
attention_primary,regression,full,TCN,20260907,validation,matched,ridge,full,P47,-0.004674758392413825
attention_primary,regression,full,TCN,20260907,validation,matched,ridge,full,P6,0.008789405827028252
attention_primary,regression,full,TCN,20260907,validation,full,ridge,full,P23,-0.02272295558857529
attention_primary,regression,full,TCN,20260907,validation,full,ridge,full,P28,-0.006003041967830192
attention_primary,regression,full,TCN,20260907,validation,full,ridge,full,P31,-0.007638227495037286
attention_primary,regression,full,TCN,20260907,validation,full,ridge,full,P32,0.01796951091258603
attention_primary,regression,full,TCN,20260907,validation,full,ridge,full,P38,-0.00043521292466386363
attention_primary,regression,full,TCN,20260907,validation,full,ridge,full,P41,-0.00045748937890377483
attention_primary,regression,full,TCN,20260907,validation,full,ridge,full,P47,-0.004674758392413825
attention_primary,regression,full,TCN,20260907,validation,full,ridge,full,P6,0.008789405827028252
attention_primary,regression,full,TCN,20260907,test,matched,ridge,full,P10,0.003391000091492291
attention_primary,regression,full,TCN,20260907,test,matched,ridge,full,P11,-0.01101099665853078
attention_primary,regression,full,TCN,20260907,test,matched,ridge,full,P15,0.004941957346651038
attention_primary,regression,full,TCN,20260907,test,matched,ridge,full,P16,-0.006888133721372203
attention_primary,regression,full,TCN,20260907,test,matched,ridge,full,P37,-0.007079216771330943
attention_primary,regression,full,TCN,20260907,test,matched,ridge,full,P39,-0.0017097989440346684
attention_primary,regression,full,TCN,20260907,test,matched,ridge,full,P45,-0.013481312098527987
attention_primary,regression,full,TCN,20260907,test,matched,ridge,full,P5,0.009763853933044686
attention_primary,regression,full,TCN,20260907,test,full,ridge,full,P10,0.003391000091492291
attention_primary,regression,full,TCN,20260907,test,full,ridge,full,P11,-0.01101099665853078
attention_primary,regression,full,TCN,20260907,test,full,ridge,full,P15,0.004941957346651038
attention_primary,regression,full,TCN,20260907,test,full,ridge,full,P16,-0.006888133721372203
attention_primary,regression,full,TCN,20260907,test,full,ridge,full,P37,-0.007079216771330943
attention_primary,regression,full,TCN,20260907,test,full,ridge,full,P39,-0.0017097989440346684
attention_primary,regression,full,TCN,20260907,test,full,ridge,full,P45,-0.013481312098527987
attention_primary,regression,full,TCN,20260907,test,full,ridge,full,P5,0.009763853933044686
attention_primary,regression,full,TCN,20260908,validation,matched,ridge,full,P23,-0.032355598250802586
attention_primary,regression,full,TCN,20260908,validation,matched,ridge,full,P28,-0.011537276536887187
attention_primary,regression,full,TCN,20260908,validation,matched,ridge,full,P31,-8.75368045536451e-05
attention_primary,regression,full,TCN,20260908,validation,matched,ridge,full,P32,0.014704029781015704
attention_primary,regression,full,TCN,20260908,validation,matched,ridge,full,P38,-4.710323349488288e-05
attention_primary,regression,full,TCN,20260908,validation,matched,ridge,full,P41,-0.011285637253367398
attention_primary,regression,full,TCN,20260908,validation,matched,ridge,full,P47,-0.0075229090367574525
attention_primary,regression,full,TCN,20260908,validation,matched,ridge,full,P6,0.012398785327000228
attention_primary,regression,full,TCN,20260908,validation,full,ridge,full,P23,-0.032355598250802586
attention_primary,regression,full,TCN,20260908,validation,full,ridge,full,P28,-0.011537276536887187
attention_primary,regression,full,TCN,20260908,validation,full,ridge,full,P31,-8.75368045536451e-05
attention_primary,regression,full,TCN,20260908,validation,full,ridge,full,P32,0.014704029781015704
attention_primary,regression,full,TCN,20260908,validation,full,ridge,full,P38,-4.710323349488288e-05
attention_primary,regression,full,TCN,20260908,validation,full,ridge,full,P41,-0.011285637253367398
attention_primary,regression,full,TCN,20260908,validation,full,ridge,full,P47,-0.0075229090367574525
attention_primary,regression,full,TCN,20260908,validation,full,ridge,full,P6,0.012398785327000228
attention_primary,regression,full,TCN,20260908,test,matched,ridge,full,P10,7.170210393958598e-05
attention_primary,regression,full,TCN,20260908,test,matched,ridge,full,P11,-0.02128071451491742
attention_primary,regression,full,TCN,20260908,test,matched,ridge,full,P15,-0.007107382541520657
attention_primary,regression,full,TCN,20260908,test,matched,ridge,full,P16,-0.008158782020537547
attention_primary,regression,full,TCN,20260908,test,matched,ridge,full,P37,-0.001674258225280667
attention_primary,regression,full,TCN,20260908,test,matched,ridge,full,P39,0.01398056659871516
attention_primary,regression,full,TCN,20260908,test,matched,ridge,full,P45,0.0058787454638897785
attention_primary,regression,full,TCN,20260908,test,matched,ridge,full,P5,0.010509251117393426
attention_primary,regression,full,TCN,20260908,test,full,ridge,full,P10,7.170210393958598e-05
attention_primary,regression,full,TCN,20260908,test,full,ridge,full,P11,-0.02128071451491742
attention_primary,regression,full,TCN,20260908,test,full,ridge,full,P15,-0.007107382541520657
attention_primary,regression,full,TCN,20260908,test,full,ridge,full,P16,-0.008158782020537547
attention_primary,regression,full,TCN,20260908,test,full,ridge,full,P37,-0.001674258225280667
attention_primary,regression,full,TCN,20260908,test,full,ridge,full,P39,0.01398056659871516
attention_primary,regression,full,TCN,20260908,test,full,ridge,full,P45,0.0058787454638897785
attention_primary,regression,full,TCN,20260908,test,full,ridge,full,P5,0.010509251117393426
attention_primary,regression,full,LSTM,20260907,validation,matched,ridge,full,P23,-0.023022501648046534
attention_primary,regression,full,LSTM,20260907,validation,matched,ridge,full,P28,0.0026706944861699666
attention_primary,regression,full,LSTM,20260907,validation,matched,ridge,full,P31,-0.005137916774744289
attention_primary,regression,full,LSTM,20260907,validation,matched,ridge,full,P32,0.01499364428342742
attention_primary,regression,full,LSTM,20260907,validation,matched,ridge,full,P38,-0.0063710869406869985
attention_primary,regression,full,LSTM,20260907,validation,matched,ridge,full,P41,-0.008868721710553196
attention_primary,regression,full,LSTM,20260907,validation,matched,ridge,full,P47,-0.010890719845887409
attention_primary,regression,full,LSTM,20260907,validation,matched,ridge,full,P6,0.012105866536470278
attention_primary,regression,full,LSTM,20260907,validation,full,ridge,full,P23,-0.023022501648046534
attention_primary,regression,full,LSTM,20260907,validation,full,ridge,full,P28,0.0026706944861699666
attention_primary,regression,full,LSTM,20260907,validation,full,ridge,full,P31,-0.005137916774744289
attention_primary,regression,full,LSTM,20260907,validation,full,ridge,full,P32,0.01499364428342742
attention_primary,regression,full,LSTM,20260907,validation,full,ridge,full,P38,-0.0063710869406869985
attention_primary,regression,full,LSTM,20260907,validation,full,ridge,full,P41,-0.008868721710553196
attention_primary,regression,full,LSTM,20260907,validation,full,ridge,full,P47,-0.010890719845887409
attention_primary,regression,full,LSTM,20260907,validation,full,ridge,full,P6,0.012105866536470278
attention_primary,regression,full,LSTM,20260907,test,matched,ridge,full,P10,-0.008488223008704887
attention_primary,regression,full,LSTM,20260907,test,matched,ridge,full,P11,-0.002685128584405838
attention_primary,regression,full,LSTM,20260907,test,matched,ridge,full,P15,0.0020375783720212315
attention_primary,regression,full,LSTM,20260907,test,matched,ridge,full,P16,-0.012589241892095648
attention_primary,regression,full,LSTM,20260907,test,matched,ridge,full,P37,-0.009998826452366716
attention_primary,regression,full,LSTM,20260907,test,matched,ridge,full,P39,0.006548325609001759
attention_primary,regression,full,LSTM,20260907,test,matched,ridge,full,P45,-0.004977077660043738
attention_primary,regression,full,LSTM,20260907,test,matched,ridge,full,P5,0.014185937890885514
attention_primary,regression,full,LSTM,20260907,test,full,ridge,full,P10,-0.008488223008704887
attention_primary,regression,full,LSTM,20260907,test,full,ridge,full,P11,-0.002685128584405838
attention_primary,regression,full,LSTM,20260907,test,full,ridge,full,P15,0.0020375783720212315
attention_primary,regression,full,LSTM,20260907,test,full,ridge,full,P16,-0.012589241892095648
attention_primary,regression,full,LSTM,20260907,test,full,ridge,full,P37,-0.009998826452366716
attention_primary,regression,full,LSTM,20260907,test,full,ridge,full,P39,0.006548325609001759
attention_primary,regression,full,LSTM,20260907,test,full,ridge,full,P45,-0.004977077660043738
attention_primary,regression,full,LSTM,20260907,test,full,ridge,full,P5,0.014185937890885514
attention_primary,regression,full,LSTM,20260908,validation,matched,ridge,full,P23,-0.010798436187182237
attention_primary,regression,full,LSTM,20260908,validation,matched,ridge,full,P28,-7.261671092184674e-05
attention_primary,regression,full,LSTM,20260908,validation,matched,ridge,full,P31,-0.008484814179438027
attention_primary,regression,full,LSTM,20260908,validation,matched,ridge,full,P32,0.005624317352207031
attention_primary,regression,full,LSTM,20260908,validation,matched,ridge,full,P38,-0.0056825343969983955
attention_primary,regression,full,LSTM,20260908,validation,matched,ridge,full,P41,0.001806445139188595
attention_primary,regression,full,LSTM,20260908,validation,matched,ridge,full,P47,-0.0043836568389372665
attention_primary,regression,full,LSTM,20260908,validation,matched,ridge,full,P6,0.008608045895494354
attention_primary,regression,full,LSTM,20260908,validation,full,ridge,full,P23,-0.010798436187182237
attention_primary,regression,full,LSTM,20260908,validation,full,ridge,full,P28,-7.261671092184674e-05
attention_primary,regression,full,LSTM,20260908,validation,full,ridge,full,P31,-0.008484814179438027
attention_primary,regression,full,LSTM,20260908,validation,full,ridge,full,P32,0.005624317352207031
attention_primary,regression,full,LSTM,20260908,validation,full,ridge,full,P38,-0.0056825343969983955
attention_primary,regression,full,LSTM,20260908,validation,full,ridge,full,P41,0.001806445139188595
attention_primary,regression,full,LSTM,20260908,validation,full,ridge,full,P47,-0.0043836568389372665
attention_primary,regression,full,LSTM,20260908,validation,full,ridge,full,P6,0.008608045895494354
attention_primary,regression,full,LSTM,20260908,test,matched,ridge,full,P10,0.0020501903633951546
attention_primary,regression,full,LSTM,20260908,test,matched,ridge,full,P11,-0.006407288062890704
attention_primary,regression,full,LSTM,20260908,test,matched,ridge,full,P15,-0.0001874084512243357
attention_primary,regression,full,LSTM,20260908,test,matched,ridge,full,P16,-0.007261389661411655
attention_primary,regression,full,LSTM,20260908,test,matched,ridge,full,P37,-0.003243277196275818
attention_primary,regression,full,LSTM,20260908,test,matched,ridge,full,P39,0.01742943480524295
attention_primary,regression,full,LSTM,20260908,test,matched,ridge,full,P45,-0.001631031868265076
attention_primary,regression,full,LSTM,20260908,test,matched,ridge,full,P5,0.011371274589903502
attention_primary,regression,full,LSTM,20260908,test,full,ridge,full,P10,0.0020501903633951546
attention_primary,regression,full,LSTM,20260908,test,full,ridge,full,P11,-0.006407288062890704
attention_primary,regression,full,LSTM,20260908,test,full,ridge,full,P15,-0.0001874084512243357
attention_primary,regression,full,LSTM,20260908,test,full,ridge,full,P16,-0.007261389661411655
attention_primary,regression,full,LSTM,20260908,test,full,ridge,full,P37,-0.003243277196275818
attention_primary,regression,full,LSTM,20260908,test,full,ridge,full,P39,0.01742943480524295
attention_primary,regression,full,LSTM,20260908,test,full,ridge,full,P45,-0.001631031868265076
attention_primary,regression,full,LSTM,20260908,test,full,ridge,full,P5,0.011371274589903502
attention_primary,regression,full,BiLSTM,20260907,validation,matched,ridge,full,P23,-0.01728312510663277
attention_primary,regression,full,BiLSTM,20260907,validation,matched,ridge,full,P28,-0.0052975525322004335
attention_primary,regression,full,BiLSTM,20260907,validation,matched,ridge,full,P31,0.0011289514819845525
attention_primary,regression,full,BiLSTM,20260907,validation,matched,ridge,full,P32,0.009378696720243496
attention_primary,regression,full,BiLSTM,20260907,validation,matched,ridge,full,P38,0.0009335895253378412
attention_primary,regression,full,BiLSTM,20260907,validation,matched,ridge,full,P41,-0.0046406932676461565
attention_primary,regression,full,BiLSTM,20260907,validation,matched,ridge,full,P47,-0.011434342997289626
attention_primary,regression,full,BiLSTM,20260907,validation,matched,ridge,full,P6,0.01021093805224027
attention_primary,regression,full,BiLSTM,20260907,validation,full,ridge,full,P23,-0.01728312510663277
attention_primary,regression,full,BiLSTM,20260907,validation,full,ridge,full,P28,-0.0052975525322004335
attention_primary,regression,full,BiLSTM,20260907,validation,full,ridge,full,P31,0.0011289514819845525
attention_primary,regression,full,BiLSTM,20260907,validation,full,ridge,full,P32,0.009378696720243496
attention_primary,regression,full,BiLSTM,20260907,validation,full,ridge,full,P38,0.0009335895253378412
attention_primary,regression,full,BiLSTM,20260907,validation,full,ridge,full,P41,-0.0046406932676461565
attention_primary,regression,full,BiLSTM,20260907,validation,full,ridge,full,P47,-0.011434342997289626
attention_primary,regression,full,BiLSTM,20260907,validation,full,ridge,full,P6,0.01021093805224027
attention_primary,regression,full,BiLSTM,20260907,test,matched,ridge,full,P10,-0.0013319860858269639
attention_primary,regression,full,BiLSTM,20260907,test,matched,ridge,full,P11,-0.013515809965327641
attention_primary,regression,full,BiLSTM,20260907,test,matched,ridge,full,P15,0.0017649017936949285
attention_primary,regression,full,BiLSTM,20260907,test,matched,ridge,full,P16,-0.0039824646215699255
attention_primary,regression,full,BiLSTM,20260907,test,matched,ridge,full,P37,-0.016939695667626653
attention_primary,regression,full,BiLSTM,20260907,test,matched,ridge,full,P39,0.015649888763814346
attention_primary,regression,full,BiLSTM,20260907,test,matched,ridge,full,P45,-0.000810754639910094
attention_primary,regression,full,BiLSTM,20260907,test,matched,ridge,full,P5,0.005177281578949144
attention_primary,regression,full,BiLSTM,20260907,test,full,ridge,full,P10,-0.0013319860858269639
attention_primary,regression,full,BiLSTM,20260907,test,full,ridge,full,P11,-0.013515809965327641
attention_primary,regression,full,BiLSTM,20260907,test,full,ridge,full,P15,0.0017649017936949285
attention_primary,regression,full,BiLSTM,20260907,test,full,ridge,full,P16,-0.0039824646215699255
attention_primary,regression,full,BiLSTM,20260907,test,full,ridge,full,P37,-0.016939695667626653
attention_primary,regression,full,BiLSTM,20260907,test,full,ridge,full,P39,0.015649888763814346
attention_primary,regression,full,BiLSTM,20260907,test,full,ridge,full,P45,-0.000810754639910094
attention_primary,regression,full,BiLSTM,20260907,test,full,ridge,full,P5,0.005177281578949144
attention_primary,regression,full,BiLSTM,20260908,validation,matched,ridge,full,P23,-0.030574328662146044
attention_primary,regression,full,BiLSTM,20260908,validation,matched,ridge,full,P28,0.009894045151294772
attention_primary,regression,full,BiLSTM,20260908,validation,matched,ridge,full,P31,0.011561226266616598
attention_primary,regression,full,BiLSTM,20260908,validation,matched,ridge,full,P32,0.013823297421652447
attention_primary,regression,full,BiLSTM,20260908,validation,matched,ridge,full,P38,-0.003935817753273119
attention_primary,regression,full,BiLSTM,20260908,validation,matched,ridge,full,P41,-0.0018520498562712984
attention_primary,regression,full,BiLSTM,20260908,validation,matched,ridge,full,P47,-0.00802677446953548
attention_primary,regression,full,BiLSTM,20260908,validation,matched,ridge,full,P6,0.00925319475830555
attention_primary,regression,full,BiLSTM,20260908,validation,full,ridge,full,P23,-0.030574328662146044
attention_primary,regression,full,BiLSTM,20260908,validation,full,ridge,full,P28,0.009894045151294772
attention_primary,regression,full,BiLSTM,20260908,validation,full,ridge,full,P31,0.011561226266616598
attention_primary,regression,full,BiLSTM,20260908,validation,full,ridge,full,P32,0.013823297421652447
attention_primary,regression,full,BiLSTM,20260908,validation,full,ridge,full,P38,-0.003935817753273119
attention_primary,regression,full,BiLSTM,20260908,validation,full,ridge,full,P41,-0.0018520498562712984
attention_primary,regression,full,BiLSTM,20260908,validation,full,ridge,full,P47,-0.00802677446953548
attention_primary,regression,full,BiLSTM,20260908,validation,full,ridge,full,P6,0.00925319475830555
attention_primary,regression,full,BiLSTM,20260908,test,matched,ridge,full,P10,0.0011992792891308834
attention_primary,regression,full,BiLSTM,20260908,test,matched,ridge,full,P11,-0.0028225804842165747
attention_primary,regression,full,BiLSTM,20260908,test,matched,ridge,full,P15,-0.002534874432920331
attention_primary,regression,full,BiLSTM,20260908,test,matched,ridge,full,P16,-0.0006625139445300965
attention_primary,regression,full,BiLSTM,20260908,test,matched,ridge,full,P37,-0.014131052688686863
attention_primary,regression,full,BiLSTM,20260908,test,matched,ridge,full,P39,0.010555048841989767
attention_primary,regression,full,BiLSTM,20260908,test,matched,ridge,full,P45,-0.0033015240770200016
attention_primary,regression,full,BiLSTM,20260908,test,matched,ridge,full,P5,0.012276588058972249
attention_primary,regression,full,BiLSTM,20260908,test,full,ridge,full,P10,0.0011992792891308834
attention_primary,regression,full,BiLSTM,20260908,test,full,ridge,full,P11,-0.0028225804842165747
attention_primary,regression,full,BiLSTM,20260908,test,full,ridge,full,P15,-0.002534874432920331
attention_primary,regression,full,BiLSTM,20260908,test,full,ridge,full,P16,-0.0006625139445300965
attention_primary,regression,full,BiLSTM,20260908,test,full,ridge,full,P37,-0.014131052688686863
attention_primary,regression,full,BiLSTM,20260908,test,full,ridge,full,P39,0.010555048841989767
attention_primary,regression,full,BiLSTM,20260908,test,full,ridge,full,P45,-0.0033015240770200016
attention_primary,regression,full,BiLSTM,20260908,test,full,ridge,full,P5,0.012276588058972249
attention_primary,regression,full,MLP_current,20260907,validation,matched,ridge,full,P23,-0.012081669451934562
attention_primary,regression,full,MLP_current,20260907,validation,matched,ridge,full,P28,-0.0014373431473541087
attention_primary,regression,full,MLP_current,20260907,validation,matched,ridge,full,P31,0.002826390513875676
attention_primary,regression,full,MLP_current,20260907,validation,matched,ridge,full,P32,0.006536721577185212
attention_primary,regression,full,MLP_current,20260907,validation,matched,ridge,full,P38,-0.002690581140482262
attention_primary,regression,full,MLP_current,20260907,validation,matched,ridge,full,P41,-0.0036477872045970194
attention_primary,regression,full,MLP_current,20260907,validation,matched,ridge,full,P47,-0.01147699497994692
attention_primary,regression,full,MLP_current,20260907,validation,matched,ridge,full,P6,0.008875118965010365
attention_primary,regression,full,MLP_current,20260907,validation,full,ridge,full,P23,-0.012081669451934562
attention_primary,regression,full,MLP_current,20260907,validation,full,ridge,full,P28,-0.0014373431473541087
attention_primary,regression,full,MLP_current,20260907,validation,full,ridge,full,P31,0.002826390513875676
attention_primary,regression,full,MLP_current,20260907,validation,full,ridge,full,P32,0.006536721577185212
attention_primary,regression,full,MLP_current,20260907,validation,full,ridge,full,P38,-0.002690581140482262
attention_primary,regression,full,MLP_current,20260907,validation,full,ridge,full,P41,-0.0036477872045970194
attention_primary,regression,full,MLP_current,20260907,validation,full,ridge,full,P47,-0.01147699497994692
attention_primary,regression,full,MLP_current,20260907,validation,full,ridge,full,P6,0.008875118965010365
attention_primary,regression,full,MLP_current,20260907,test,matched,ridge,full,P10,-0.003053805304252144
attention_primary,regression,full,MLP_current,20260907,test,matched,ridge,full,P11,-0.005069208468877262
attention_primary,regression,full,MLP_current,20260907,test,matched,ridge,full,P15,-0.0018975365279683132
attention_primary,regression,full,MLP_current,20260907,test,matched,ridge,full,P16,0.0005004375468468103
attention_primary,regression,full,MLP_current,20260907,test,matched,ridge,full,P37,0.0034644353024793073
attention_primary,regression,full,MLP_current,20260907,test,matched,ridge,full,P39,0.00911906754517855
attention_primary,regression,full,MLP_current,20260907,test,matched,ridge,full,P45,0.001445261850135715
attention_primary,regression,full,MLP_current,20260907,test,matched,ridge,full,P5,0.014757666241000722
attention_primary,regression,full,MLP_current,20260907,test,full,ridge,full,P10,-0.003053805304252144
attention_primary,regression,full,MLP_current,20260907,test,full,ridge,full,P11,-0.005069208468877262
attention_primary,regression,full,MLP_current,20260907,test,full,ridge,full,P15,-0.0018975365279683132
attention_primary,regression,full,MLP_current,20260907,test,full,ridge,full,P16,0.0005004375468468103
attention_primary,regression,full,MLP_current,20260907,test,full,ridge,full,P37,0.0034644353024793073
attention_primary,regression,full,MLP_current,20260907,test,full,ridge,full,P39,0.00911906754517855
attention_primary,regression,full,MLP_current,20260907,test,full,ridge,full,P45,0.001445261850135715
attention_primary,regression,full,MLP_current,20260907,test,full,ridge,full,P5,0.014757666241000722
attention_primary,regression,full,MLP_current,20260908,validation,matched,ridge,full,P23,-0.010506040002848938
attention_primary,regression,full,MLP_current,20260908,validation,matched,ridge,full,P28,-0.0016040540551506277
attention_primary,regression,full,MLP_current,20260908,validation,matched,ridge,full,P31,0.006115800880927114
attention_primary,regression,full,MLP_current,20260908,validation,matched,ridge,full,P32,0.0005314975366454977
attention_primary,regression,full,MLP_current,20260908,validation,matched,ridge,full,P38,0.00018216992516351116
attention_primary,regression,full,MLP_current,20260908,validation,matched,ridge,full,P41,-0.005726080786560894
attention_primary,regression,full,MLP_current,20260908,validation,matched,ridge,full,P47,-0.0021944138381573275
attention_primary,regression,full,MLP_current,20260908,validation,matched,ridge,full,P6,0.002305646072510159
attention_primary,regression,full,MLP_current,20260908,validation,full,ridge,full,P23,-0.010506040002848938
attention_primary,regression,full,MLP_current,20260908,validation,full,ridge,full,P28,-0.0016040540551506277
attention_primary,regression,full,MLP_current,20260908,validation,full,ridge,full,P31,0.006115800880927114
attention_primary,regression,full,MLP_current,20260908,validation,full,ridge,full,P32,0.0005314975366454977
attention_primary,regression,full,MLP_current,20260908,validation,full,ridge,full,P38,0.00018216992516351116
attention_primary,regression,full,MLP_current,20260908,validation,full,ridge,full,P41,-0.005726080786560894
attention_primary,regression,full,MLP_current,20260908,validation,full,ridge,full,P47,-0.0021944138381573275
attention_primary,regression,full,MLP_current,20260908,validation,full,ridge,full,P6,0.002305646072510159
attention_primary,regression,full,MLP_current,20260908,test,matched,ridge,full,P10,-0.0030753198927773173
attention_primary,regression,full,MLP_current,20260908,test,matched,ridge,full,P11,-0.004356061799947186
attention_primary,regression,full,MLP_current,20260908,test,matched,ridge,full,P15,0.0020090885446282236
attention_primary,regression,full,MLP_current,20260908,test,matched,ridge,full,P16,-0.0010860090761410923
attention_primary,regression,full,MLP_current,20260908,test,matched,ridge,full,P37,0.0032905023002458567
attention_primary,regression,full,MLP_current,20260908,test,matched,ridge,full,P39,0.002646233123270836
attention_primary,regression,full,MLP_current,20260908,test,matched,ridge,full,P45,0.0065075144730022405
attention_primary,regression,full,MLP_current,20260908,test,matched,ridge,full,P5,0.00335904314681712
attention_primary,regression,full,MLP_current,20260908,test,full,ridge,full,P10,-0.0030753198927773173
attention_primary,regression,full,MLP_current,20260908,test,full,ridge,full,P11,-0.004356061799947186
attention_primary,regression,full,MLP_current,20260908,test,full,ridge,full,P15,0.0020090885446282236
attention_primary,regression,full,MLP_current,20260908,test,full,ridge,full,P16,-0.0010860090761410923
attention_primary,regression,full,MLP_current,20260908,test,full,ridge,full,P37,0.0032905023002458567
attention_primary,regression,full,MLP_current,20260908,test,full,ridge,full,P39,0.002646233123270836
attention_primary,regression,full,MLP_current,20260908,test,full,ridge,full,P45,0.0065075144730022405
attention_primary,regression,full,MLP_current,20260908,test,full,ridge,full,P5,0.00335904314681712
attention_primary,classification,EEG,TCN,20260907,validation,matched,logistic,EEG,P23,-0.004830917874396157
attention_primary,classification,EEG,TCN,20260907,validation,matched,logistic,EEG,P28,-0.0048975149646289795
attention_primary,classification,EEG,TCN,20260907,validation,matched,logistic,EEG,P31,0.058119658119658135
attention_primary,classification,EEG,TCN,20260907,validation,matched,logistic,EEG,P32,0.05927601809954752
attention_primary,classification,EEG,TCN,20260907,validation,matched,logistic,EEG,P38,0.005212581299537833
attention_primary,classification,EEG,TCN,20260907,validation,matched,logistic,EEG,P41,0.003623426382047046
attention_primary,classification,EEG,TCN,20260907,validation,matched,logistic,EEG,P47,-0.02257636122177953
attention_primary,classification,EEG,TCN,20260907,validation,matched,logistic,EEG,P6,0.025080301540478522
attention_primary,classification,EEG,TCN,20260907,validation,full,logistic,full,P23,-0.03140096618357485
attention_primary,classification,EEG,TCN,20260907,validation,full,logistic,full,P28,0.03373843642300017
attention_primary,classification,EEG,TCN,20260907,validation,full,logistic,full,P31,0.05299145299145297
attention_primary,classification,EEG,TCN,20260907,validation,full,logistic,full,P32,0.051351664926325535
attention_primary,classification,EEG,TCN,20260907,validation,full,logistic,full,P38,0.026366145931363327
attention_primary,classification,EEG,TCN,20260907,validation,full,logistic,full,P41,0.0016748768472906184
attention_primary,classification,EEG,TCN,20260907,validation,full,logistic,full,P47,-0.027888446215139417
attention_primary,classification,EEG,TCN,20260907,validation,full,logistic,full,P6,0.02803015404785314
attention_primary,classification,EEG,TCN,20260907,test,matched,logistic,EEG,P10,0.04552341100930668
attention_primary,classification,EEG,TCN,20260907,test,matched,logistic,EEG,P11,0.006211180124223614
attention_primary,classification,EEG,TCN,20260907,test,matched,logistic,EEG,P15,0.036643543872459494
attention_primary,classification,EEG,TCN,20260907,test,matched,logistic,EEG,P16,-0.07770961145194283
attention_primary,classification,EEG,TCN,20260907,test,matched,logistic,EEG,P37,-0.028520499108734387
attention_primary,classification,EEG,TCN,20260907,test,matched,logistic,EEG,P39,-0.012500000000000011
attention_primary,classification,EEG,TCN,20260907,test,matched,logistic,EEG,P45,0.0496006725514922
attention_primary,classification,EEG,TCN,20260907,test,matched,logistic,EEG,P5,-0.002136752136752129
attention_primary,classification,EEG,TCN,20260907,test,full,logistic,full,P10,0.035663612533968214
attention_primary,classification,EEG,TCN,20260907,test,full,logistic,full,P11,0.0041407867494823725
attention_primary,classification,EEG,TCN,20260907,test,full,logistic,full,P15,0.038870634051356934
attention_primary,classification,EEG,TCN,20260907,test,full,logistic,full,P16,-0.049079754601227044
attention_primary,classification,EEG,TCN,20260907,test,full,logistic,full,P37,-0.012477718360071277
attention_primary,classification,EEG,TCN,20260907,test,full,logistic,full,P39,-0.033333333333333326
attention_primary,classification,EEG,TCN,20260907,test,full,logistic,full,P45,0.0037530775235692926
attention_primary,classification,EEG,TCN,20260907,test,full,logistic,full,P5,-0.010683760683760701
attention_primary,classification,EEG,TCN,20260908,validation,matched,logistic,EEG,P23,-0.01449275362318847
attention_primary,classification,EEG,TCN,20260908,validation,matched,logistic,EEG,P28,-0.047387992018864455
attention_primary,classification,EEG,TCN,20260908,validation,matched,logistic,EEG,P31,0.03247863247863253
attention_primary,classification,EEG,TCN,20260908,validation,matched,logistic,EEG,P32,0.0471748462698689
attention_primary,classification,EEG,TCN,20260908,validation,matched,logistic,EEG,P38,-0.030716063324758958
attention_primary,classification,EEG,TCN,20260908,validation,matched,logistic,EEG,P41,-0.0005582922824302061
attention_primary,classification,EEG,TCN,20260908,validation,matched,logistic,EEG,P47,0.003984063745019917
attention_primary,classification,EEG,TCN,20260908,validation,matched,logistic,EEG,P6,0.0014093739757456425
attention_primary,classification,EEG,TCN,20260908,validation,full,logistic,full,P23,-0.041062801932367166
attention_primary,classification,EEG,TCN,20260908,validation,full,logistic,full,P28,-0.008752040631235303
attention_primary,classification,EEG,TCN,20260908,validation,full,logistic,full,P31,0.027350427350427364
attention_primary,classification,EEG,TCN,20260908,validation,full,logistic,full,P32,0.03925049309664691
attention_primary,classification,EEG,TCN,20260908,validation,full,logistic,full,P38,-0.009562498692933463
attention_primary,classification,EEG,TCN,20260908,validation,full,logistic,full,P41,-0.0025068418171866336
attention_primary,classification,EEG,TCN,20260908,validation,full,logistic,full,P47,-0.0013280212483399723
attention_primary,classification,EEG,TCN,20260908,validation,full,logistic,full,P6,0.00435922648312026
attention_primary,classification,EEG,TCN,20260908,test,matched,logistic,EEG,P10,0.032381021090349404
attention_primary,classification,EEG,TCN,20260908,test,matched,logistic,EEG,P11,0.010351966873705987
attention_primary,classification,EEG,TCN,20260908,test,matched,logistic,EEG,P15,-0.007022027503955253
attention_primary,classification,EEG,TCN,20260908,test,matched,logistic,EEG,P16,-0.02044989775051126
attention_primary,classification,EEG,TCN,20260908,test,matched,logistic,EEG,P37,0.032085561497326165
attention_primary,classification,EEG,TCN,20260908,test,matched,logistic,EEG,P39,-0.01666666666666672
attention_primary,classification,EEG,TCN,20260908,test,matched,logistic,EEG,P45,0.04566744730679151
attention_primary,classification,EEG,TCN,20260908,test,matched,logistic,EEG,P5,-0.002136752136752129
attention_primary,classification,EEG,TCN,20260908,test,full,logistic,full,P10,0.02252122261501094
attention_primary,classification,EEG,TCN,20260908,test,full,logistic,full,P11,0.008281573498964745
attention_primary,classification,EEG,TCN,20260908,test,full,logistic,full,P15,-0.004794937325057813
attention_primary,classification,EEG,TCN,20260908,test,full,logistic,full,P16,0.008179959100204526
attention_primary,classification,EEG,TCN,20260908,test,full,logistic,full,P37,0.048128342245989275
attention_primary,classification,EEG,TCN,20260908,test,full,logistic,full,P39,-0.03750000000000003
attention_primary,classification,EEG,TCN,20260908,test,full,logistic,full,P45,-0.0001801477211313962
attention_primary,classification,EEG,TCN,20260908,test,full,logistic,full,P5,-0.010683760683760701
attention_primary,classification,EEG,LSTM,20260907,validation,matched,logistic,EEG,P23,0.014492753623188415
attention_primary,classification,EEG,LSTM,20260907,validation,matched,logistic,EEG,P28,0.004156841405163592
attention_primary,classification,EEG,LSTM,20260907,validation,matched,logistic,EEG,P31,0.008547008547008572
attention_primary,classification,EEG,LSTM,20260907,validation,matched,logistic,EEG,P32,0.03744053834551575
attention_primary,classification,EEG,LSTM,20260907,validation,matched,logistic,EEG,P38,-0.006618984879854406
attention_primary,classification,EEG,LSTM,20260907,validation,matched,logistic,EEG,P41,0.005736179529282959
attention_primary,classification,EEG,LSTM,20260907,validation,matched,logistic,EEG,P47,0.01726427622841964
attention_primary,classification,EEG,LSTM,20260907,validation,matched,logistic,EEG,P6,-0.014762372992461525
attention_primary,classification,EEG,LSTM,20260907,validation,full,logistic,full,P23,-0.01207729468599028
attention_primary,classification,EEG,LSTM,20260907,validation,full,logistic,full,P28,0.042792792792792744
attention_primary,classification,EEG,LSTM,20260907,validation,full,logistic,full,P31,0.0034188034188034067
attention_primary,classification,EEG,LSTM,20260907,validation,full,logistic,full,P32,0.029516185172293763
attention_primary,classification,EEG,LSTM,20260907,validation,full,logistic,full,P38,0.014534579751971088
attention_primary,classification,EEG,LSTM,20260907,validation,full,logistic,full,P41,0.0037876299945265313
attention_primary,classification,EEG,LSTM,20260907,validation,full,logistic,full,P47,0.01195219123505975
attention_primary,classification,EEG,LSTM,20260907,validation,full,logistic,full,P6,-0.011812520485086908
attention_primary,classification,EEG,LSTM,20260907,test,matched,logistic,EEG,P10,0.03785200682971407
attention_primary,classification,EEG,LSTM,20260907,test,matched,logistic,EEG,P11,0.022774327122153215
attention_primary,classification,EEG,LSTM,20260907,test,matched,logistic,EEG,P15,-0.007886089813800679
attention_primary,classification,EEG,LSTM,20260907,test,matched,logistic,EEG,P16,-0.02249488752556239
attention_primary,classification,EEG,LSTM,20260907,test,matched,logistic,EEG,P37,-0.0267379679144385
attention_primary,classification,EEG,LSTM,20260907,test,matched,logistic,EEG,P39,-0.004166666666666652
attention_primary,classification,EEG,LSTM,20260907,test,matched,logistic,EEG,P45,0.03486859224564143
attention_primary,classification,EEG,LSTM,20260907,test,matched,logistic,EEG,P5,-0.010683760683760646
attention_primary,classification,EEG,LSTM,20260907,test,full,logistic,full,P10,0.027992208354375603
attention_primary,classification,EEG,LSTM,20260907,test,full,logistic,full,P11,0.020703933747411973
attention_primary,classification,EEG,LSTM,20260907,test,full,logistic,full,P15,-0.005658999634903239
attention_primary,classification,EEG,LSTM,20260907,test,full,logistic,full,P16,0.006134969325153394
attention_primary,classification,EEG,LSTM,20260907,test,full,logistic,full,P37,-0.010695187165775388
attention_primary,classification,EEG,LSTM,20260907,test,full,logistic,full,P39,-0.024999999999999967
attention_primary,classification,EEG,LSTM,20260907,test,full,logistic,full,P45,-0.010979002782281477
attention_primary,classification,EEG,LSTM,20260907,test,full,logistic,full,P5,-0.019230769230769218
attention_primary,classification,EEG,LSTM,20260908,validation,matched,logistic,EEG,P23,0.04347826086956519
attention_primary,classification,EEG,LSTM,20260908,validation,matched,logistic,EEG,P28,-0.029203700344639816
attention_primary,classification,EEG,LSTM,20260908,validation,matched,logistic,EEG,P31,-0.0051282051282050545
attention_primary,classification,EEG,LSTM,20260908,validation,matched,logistic,EEG,P32,0.04129249332869245
attention_primary,classification,EEG,LSTM,20260908,validation,matched,logistic,EEG,P38,0.0039996235648409595
attention_primary,classification,EEG,LSTM,20260908,validation,matched,logistic,EEG,P41,0.039934318555008175
attention_primary,classification,EEG,LSTM,20260908,validation,matched,logistic,EEG,P47,-0.006640106241699861
attention_primary,classification,EEG,LSTM,20260908,validation,matched,logistic,EEG,P6,0.009026548672566359
attention_primary,classification,EEG,LSTM,20260908,validation,full,logistic,full,P23,0.016908212560386493
attention_primary,classification,EEG,LSTM,20260908,validation,full,logistic,full,P28,0.009432251042989337
attention_primary,classification,EEG,LSTM,20260908,validation,full,logistic,full,P31,-0.01025641025641022
attention_primary,classification,EEG,LSTM,20260908,validation,full,logistic,full,P32,0.03336814015547046
attention_primary,classification,EEG,LSTM,20260908,validation,full,logistic,full,P38,0.025153188196666454
attention_primary,classification,EEG,LSTM,20260908,validation,full,logistic,full,P41,0.03798576902025175
attention_primary,classification,EEG,LSTM,20260908,validation,full,logistic,full,P47,-0.01195219123505975
attention_primary,classification,EEG,LSTM,20260908,validation,full,logistic,full,P6,0.011976401179940976
attention_primary,classification,EEG,LSTM,20260908,test,matched,logistic,EEG,P10,0.005879806651756692
attention_primary,classification,EEG,LSTM,20260908,test,matched,logistic,EEG,P11,0.018633540372670787
attention_primary,classification,EEG,LSTM,20260908,test,matched,logistic,EEG,P15,0.008433734939759019
attention_primary,classification,EEG,LSTM,20260908,test,matched,logistic,EEG,P16,0.020449897750511203
attention_primary,classification,EEG,LSTM,20260908,test,matched,logistic,EEG,P37,-0.0017825311942958888
attention_primary,classification,EEG,LSTM,20260908,test,matched,logistic,EEG,P39,0.018749999999999933
attention_primary,classification,EEG,LSTM,20260908,test,matched,logistic,EEG,P45,0.023959646910466537
attention_primary,classification,EEG,LSTM,20260908,test,matched,logistic,EEG,P5,0.0064102564102563875
attention_primary,classification,EEG,LSTM,20260908,test,full,logistic,full,P10,-0.003979991823581774
attention_primary,classification,EEG,LSTM,20260908,test,full,logistic,full,P11,0.016563146997929545
attention_primary,classification,EEG,LSTM,20260908,test,full,logistic,full,P15,0.010660825118656458
attention_primary,classification,EEG,LSTM,20260908,test,full,logistic,full,P16,0.04907975460122699
attention_primary,classification,EEG,LSTM,20260908,test,full,logistic,full,P37,0.014260249554367221
attention_primary,classification,EEG,LSTM,20260908,test,full,logistic,full,P39,-0.0020833333333333814
attention_primary,classification,EEG,LSTM,20260908,test,full,logistic,full,P45,-0.02188794811745637
attention_primary,classification,EEG,LSTM,20260908,test,full,logistic,full,P5,-0.0021367521367521847
attention_primary,classification,EEG,BiLSTM,20260907,validation,matched,logistic,EEG,P23,0.024154589371980617
attention_primary,classification,EEG,BiLSTM,20260907,validation,matched,logistic,EEG,P28,-0.013951871334421606
attention_primary,classification,EEG,BiLSTM,20260907,validation,matched,logistic,EEG,P31,0.04615384615384621
attention_primary,classification,EEG,BiLSTM,20260907,validation,matched,logistic,EEG,P32,0.00621881888850212
attention_primary,classification,EEG,BiLSTM,20260907,validation,matched,logistic,EEG,P38,-0.03455361064056711
attention_primary,classification,EEG,BiLSTM,20260907,validation,matched,logistic,EEG,P41,0.047629994526546204
attention_primary,classification,EEG,BiLSTM,20260907,validation,matched,logistic,EEG,P47,-0.005312084993359889
attention_primary,classification,EEG,BiLSTM,20260907,validation,matched,logistic,EEG,P6,0.02052441822353329
attention_primary,classification,EEG,BiLSTM,20260907,validation,full,logistic,full,P23,-0.0024154589371980784
attention_primary,classification,EEG,BiLSTM,20260907,validation,full,logistic,full,P28,0.024684080053207547
attention_primary,classification,EEG,BiLSTM,20260907,validation,full,logistic,full,P31,0.041025641025641046
attention_primary,classification,EEG,BiLSTM,20260907,validation,full,logistic,full,P32,-0.0017055342847198673
attention_primary,classification,EEG,BiLSTM,20260907,validation,full,logistic,full,P38,-0.013400046008741617
attention_primary,classification,EEG,BiLSTM,20260907,validation,full,logistic,full,P41,0.04568144499178978
attention_primary,classification,EEG,BiLSTM,20260907,validation,full,logistic,full,P47,-0.010624169986719778
attention_primary,classification,EEG,BiLSTM,20260907,validation,full,logistic,full,P6,0.02347427073090791
attention_primary,classification,EEG,BiLSTM,20260907,test,matched,logistic,EEG,P10,0.01607628117259452
attention_primary,classification,EEG,BiLSTM,20260907,test,matched,logistic,EEG,P11,-0.0248447204968944
attention_primary,classification,EEG,BiLSTM,20260907,test,matched,logistic,EEG,P15,0.030485578678349723
attention_primary,classification,EEG,BiLSTM,20260907,test,matched,logistic,EEG,P16,-0.018404907975460183
attention_primary,classification,EEG,BiLSTM,20260907,test,matched,logistic,EEG,P37,0.003565062388591833
attention_primary,classification,EEG,BiLSTM,20260907,test,matched,logistic,EEG,P39,0.04375000000000001
attention_primary,classification,EEG,BiLSTM,20260907,test,matched,logistic,EEG,P45,0.07694309333653598
attention_primary,classification,EEG,BiLSTM,20260907,test,matched,logistic,EEG,P5,0.029914529914529864
attention_primary,classification,EEG,BiLSTM,20260907,test,full,logistic,full,P10,0.006216482697256054
attention_primary,classification,EEG,BiLSTM,20260907,test,full,logistic,full,P11,-0.026915113871635643
attention_primary,classification,EEG,BiLSTM,20260907,test,full,logistic,full,P15,0.03271266885724716
attention_primary,classification,EEG,BiLSTM,20260907,test,full,logistic,full,P16,0.010224948875255602
attention_primary,classification,EEG,BiLSTM,20260907,test,full,logistic,full,P37,0.019607843137254943
attention_primary,classification,EEG,BiLSTM,20260907,test,full,logistic,full,P39,0.022916666666666696
attention_primary,classification,EEG,BiLSTM,20260907,test,full,logistic,full,P45,0.03109549830861308
attention_primary,classification,EEG,BiLSTM,20260907,test,full,logistic,full,P5,0.02136752136752129
attention_primary,classification,EEG,BiLSTM,20260908,validation,matched,logistic,EEG,P23,0.004830917874396157
attention_primary,classification,EEG,BiLSTM,20260908,validation,matched,logistic,EEG,P28,-0.029218816131567737
attention_primary,classification,EEG,BiLSTM,20260908,validation,matched,logistic,EEG,P31,0.05470085470085473
attention_primary,classification,EEG,BiLSTM,20260908,validation,matched,logistic,EEG,P32,0.00037127276946286036
attention_primary,classification,EEG,BiLSTM,20260908,validation,matched,logistic,EEG,P38,-0.022397891963109262
attention_primary,classification,EEG,BiLSTM,20260908,validation,matched,logistic,EEG,P41,0.026349206349206344
attention_primary,classification,EEG,BiLSTM,20260908,validation,matched,logistic,EEG,P47,-0.006640106241699861
attention_primary,classification,EEG,BiLSTM,20260908,validation,matched,logistic,EEG,P6,0.010363815142576172
attention_primary,classification,EEG,BiLSTM,20260908,validation,full,logistic,full,P23,-0.02173913043478254
attention_primary,classification,EEG,BiLSTM,20260908,validation,full,logistic,full,P28,0.009417135256061415
attention_primary,classification,EEG,BiLSTM,20260908,validation,full,logistic,full,P31,0.04957264957264956
attention_primary,classification,EEG,BiLSTM,20260908,validation,full,logistic,full,P32,-0.007553080403759127
attention_primary,classification,EEG,BiLSTM,20260908,validation,full,logistic,full,P38,-0.0012443273312837677
attention_primary,classification,EEG,BiLSTM,20260908,validation,full,logistic,full,P41,0.024400656814449917
attention_primary,classification,EEG,BiLSTM,20260908,validation,full,logistic,full,P47,-0.01195219123505975
attention_primary,classification,EEG,BiLSTM,20260908,validation,full,logistic,full,P6,0.013313667649950789
attention_primary,classification,EEG,BiLSTM,20260908,test,matched,logistic,EEG,P10,-9.619315585696064e-05
attention_primary,classification,EEG,BiLSTM,20260908,test,matched,logistic,EEG,P11,0.0020703933747412417
attention_primary,classification,EEG,BiLSTM,20260908,test,matched,logistic,EEG,P15,0.030522088353413634
attention_primary,classification,EEG,BiLSTM,20260908,test,matched,logistic,EEG,P16,-0.018404907975460183
attention_primary,classification,EEG,BiLSTM,20260908,test,matched,logistic,EEG,P37,-0.0267379679144385
attention_primary,classification,EEG,BiLSTM,20260908,test,matched,logistic,EEG,P39,0.012500000000000011
attention_primary,classification,EEG,BiLSTM,20260908,test,matched,logistic,EEG,P45,0.06969715166436474
attention_primary,classification,EEG,BiLSTM,20260908,test,matched,logistic,EEG,P5,0.019230769230769218
attention_primary,classification,EEG,BiLSTM,20260908,test,full,logistic,full,P10,-0.009955991631195427
attention_primary,classification,EEG,BiLSTM,20260908,test,full,logistic,full,P11,0.0
attention_primary,classification,EEG,BiLSTM,20260908,test,full,logistic,full,P15,0.032749178532311074
attention_primary,classification,EEG,BiLSTM,20260908,test,full,logistic,full,P16,0.010224948875255602
attention_primary,classification,EEG,BiLSTM,20260908,test,full,logistic,full,P37,-0.010695187165775388
attention_primary,classification,EEG,BiLSTM,20260908,test,full,logistic,full,P39,-0.008333333333333304
attention_primary,classification,EEG,BiLSTM,20260908,test,full,logistic,full,P45,0.023849556636441838
attention_primary,classification,EEG,BiLSTM,20260908,test,full,logistic,full,P5,0.010683760683760646
attention_primary,regression,EEG,TCN,20260907,validation,matched,dummy_mean,full,P23,-0.00041113989228014347
attention_primary,regression,EEG,TCN,20260907,validation,matched,dummy_mean,full,P28,-0.004672310418738612
attention_primary,regression,EEG,TCN,20260907,validation,matched,dummy_mean,full,P31,-0.011189142198554825
attention_primary,regression,EEG,TCN,20260907,validation,matched,dummy_mean,full,P32,0.006856876092434683
attention_primary,regression,EEG,TCN,20260907,validation,matched,dummy_mean,full,P38,0.008182020883497843
attention_primary,regression,EEG,TCN,20260907,validation,matched,dummy_mean,full,P41,-0.0027752398822253888
attention_primary,regression,EEG,TCN,20260907,validation,matched,dummy_mean,full,P47,-0.0065067797270308425
attention_primary,regression,EEG,TCN,20260907,validation,matched,dummy_mean,full,P6,-1.7392146170136513e-05
attention_primary,regression,EEG,TCN,20260907,validation,full,ridge,full,P23,-0.007918308343882074
attention_primary,regression,EEG,TCN,20260907,validation,full,ridge,full,P28,-0.007878300650150938
attention_primary,regression,EEG,TCN,20260907,validation,full,ridge,full,P31,-0.005986158969342625
attention_primary,regression,EEG,TCN,20260907,validation,full,ridge,full,P32,0.008675487475476085
attention_primary,regression,EEG,TCN,20260907,validation,full,ridge,full,P38,0.003952029592880324
attention_primary,regression,EEG,TCN,20260907,validation,full,ridge,full,P41,-0.0018347285104078903
attention_primary,regression,EEG,TCN,20260907,validation,full,ridge,full,P47,-0.0036753050902422757
attention_primary,regression,EEG,TCN,20260907,validation,full,ridge,full,P6,0.002434326921078478
attention_primary,regression,EEG,TCN,20260907,test,matched,dummy_mean,full,P10,-0.0035434083064388444
attention_primary,regression,EEG,TCN,20260907,test,matched,dummy_mean,full,P11,0.0015390120320025735
attention_primary,regression,EEG,TCN,20260907,test,matched,dummy_mean,full,P15,-0.014512517436667594
attention_primary,regression,EEG,TCN,20260907,test,matched,dummy_mean,full,P16,0.003411288475654084
attention_primary,regression,EEG,TCN,20260907,test,matched,dummy_mean,full,P37,-0.004112905503456776
attention_primary,regression,EEG,TCN,20260907,test,matched,dummy_mean,full,P39,-0.0017679354374724454
attention_primary,regression,EEG,TCN,20260907,test,matched,dummy_mean,full,P45,-0.007591556400741384
attention_primary,regression,EEG,TCN,20260907,test,matched,dummy_mean,full,P5,-0.0002162406147950824
attention_primary,regression,EEG,TCN,20260907,test,full,ridge,full,P10,0.0014117002946028023
attention_primary,regression,EEG,TCN,20260907,test,full,ridge,full,P11,-0.00035510658128401484
attention_primary,regression,EEG,TCN,20260907,test,full,ridge,full,P15,-0.010630158641888432
attention_primary,regression,EEG,TCN,20260907,test,full,ridge,full,P16,-0.004752841818310705
attention_primary,regression,EEG,TCN,20260907,test,full,ridge,full,P37,0.001507185077666895
attention_primary,regression,EEG,TCN,20260907,test,full,ridge,full,P39,0.007255335726467305
attention_primary,regression,EEG,TCN,20260907,test,full,ridge,full,P45,-0.0044574031945792125
attention_primary,regression,EEG,TCN,20260907,test,full,ridge,full,P5,0.0029225516183624123
attention_primary,regression,EEG,TCN,20260908,validation,matched,dummy_mean,full,P23,0.0029090449097206594
attention_primary,regression,EEG,TCN,20260908,validation,matched,dummy_mean,full,P28,-0.0018578313399780777
attention_primary,regression,EEG,TCN,20260908,validation,matched,dummy_mean,full,P31,0.0030256666475212413
attention_primary,regression,EEG,TCN,20260908,validation,matched,dummy_mean,full,P32,0.005549782214418486
attention_primary,regression,EEG,TCN,20260908,validation,matched,dummy_mean,full,P38,0.010667666871093884
attention_primary,regression,EEG,TCN,20260908,validation,matched,dummy_mean,full,P41,-0.0015263520497008631
attention_primary,regression,EEG,TCN,20260908,validation,matched,dummy_mean,full,P47,0.0016583102269673855
attention_primary,regression,EEG,TCN,20260908,validation,matched,dummy_mean,full,P6,-0.005062281966849103
attention_primary,regression,EEG,TCN,20260908,validation,full,ridge,full,P23,-0.004598123541881272
attention_primary,regression,EEG,TCN,20260908,validation,full,ridge,full,P28,-0.005063821571390403
attention_primary,regression,EEG,TCN,20260908,validation,full,ridge,full,P31,0.00822864987673344
attention_primary,regression,EEG,TCN,20260908,validation,full,ridge,full,P32,0.007368393597459888
attention_primary,regression,EEG,TCN,20260908,validation,full,ridge,full,P38,0.006437675580476365
attention_primary,regression,EEG,TCN,20260908,validation,full,ridge,full,P41,-0.0005858406778833647
attention_primary,regression,EEG,TCN,20260908,validation,full,ridge,full,P47,0.004489784863755952
attention_primary,regression,EEG,TCN,20260908,validation,full,ridge,full,P6,-0.002610562899600488
attention_primary,regression,EEG,TCN,20260908,test,matched,dummy_mean,full,P10,-0.0028669497229508734
attention_primary,regression,EEG,TCN,20260908,test,matched,dummy_mean,full,P11,0.0016179983521221741
attention_primary,regression,EEG,TCN,20260908,test,matched,dummy_mean,full,P15,0.006316147856253451
attention_primary,regression,EEG,TCN,20260908,test,matched,dummy_mean,full,P16,0.007623391033319438
attention_primary,regression,EEG,TCN,20260908,test,matched,dummy_mean,full,P37,-0.00583149740597233
attention_primary,regression,EEG,TCN,20260908,test,matched,dummy_mean,full,P39,-0.005952959503309874
attention_primary,regression,EEG,TCN,20260908,test,matched,dummy_mean,full,P45,-0.010025118012430667
attention_primary,regression,EEG,TCN,20260908,test,matched,dummy_mean,full,P5,-0.004243906167128553
attention_primary,regression,EEG,TCN,20260908,test,full,ridge,full,P10,0.0020881588780907734
attention_primary,regression,EEG,TCN,20260908,test,full,ridge,full,P11,-0.00027612026116441424
attention_primary,regression,EEG,TCN,20260908,test,full,ridge,full,P15,0.010198506651032613
attention_primary,regression,EEG,TCN,20260908,test,full,ridge,full,P16,-0.0005407392606453509
attention_primary,regression,EEG,TCN,20260908,test,full,ridge,full,P37,-0.00021140682484865891
attention_primary,regression,EEG,TCN,20260908,test,full,ridge,full,P39,0.0030703116606298764
attention_primary,regression,EEG,TCN,20260908,test,full,ridge,full,P45,-0.006890964806268496
attention_primary,regression,EEG,TCN,20260908,test,full,ridge,full,P5,-0.001105113933971058
attention_primary,regression,EEG,LSTM,20260907,validation,matched,dummy_mean,full,P23,0.002634803345851422
attention_primary,regression,EEG,LSTM,20260907,validation,matched,dummy_mean,full,P28,-0.0036746072678385255
attention_primary,regression,EEG,LSTM,20260907,validation,matched,dummy_mean,full,P31,-0.006572321934647851
attention_primary,regression,EEG,LSTM,20260907,validation,matched,dummy_mean,full,P32,0.010217408565819874
attention_primary,regression,EEG,LSTM,20260907,validation,matched,dummy_mean,full,P38,0.008796803235362805
attention_primary,regression,EEG,LSTM,20260907,validation,matched,dummy_mean,full,P41,-0.0014369500547333214
attention_primary,regression,EEG,LSTM,20260907,validation,matched,dummy_mean,full,P47,-0.004199158317411911
attention_primary,regression,EEG,LSTM,20260907,validation,matched,dummy_mean,full,P6,0.0010932893952921852
attention_primary,regression,EEG,LSTM,20260907,validation,full,ridge,full,P23,-0.004872365105750509
attention_primary,regression,EEG,LSTM,20260907,validation,full,ridge,full,P28,-0.006880597499250851
attention_primary,regression,EEG,LSTM,20260907,validation,full,ridge,full,P31,-0.001369338705435652
attention_primary,regression,EEG,LSTM,20260907,validation,full,ridge,full,P32,0.012036019948861276
attention_primary,regression,EEG,LSTM,20260907,validation,full,ridge,full,P38,0.004566811944745286
attention_primary,regression,EEG,LSTM,20260907,validation,full,ridge,full,P41,-0.0004964386829158229
attention_primary,regression,EEG,LSTM,20260907,validation,full,ridge,full,P47,-0.0013676836806233439
attention_primary,regression,EEG,LSTM,20260907,validation,full,ridge,full,P6,0.0035450084625407996
attention_primary,regression,EEG,LSTM,20260907,test,matched,dummy_mean,full,P10,-0.003720472524682772
attention_primary,regression,EEG,LSTM,20260907,test,matched,dummy_mean,full,P11,0.0018219336498744854
attention_primary,regression,EEG,LSTM,20260907,test,matched,dummy_mean,full,P15,-0.012078220851199362
attention_primary,regression,EEG,LSTM,20260907,test,matched,dummy_mean,full,P16,0.009282076720880328
attention_primary,regression,EEG,LSTM,20260907,test,matched,dummy_mean,full,P37,-0.004190333578773409
attention_primary,regression,EEG,LSTM,20260907,test,matched,dummy_mean,full,P39,-5.636699776490062e-05
attention_primary,regression,EEG,LSTM,20260907,test,matched,dummy_mean,full,P45,-0.012322766263779927
attention_primary,regression,EEG,LSTM,20260907,test,matched,dummy_mean,full,P5,-0.0034666933949317746
attention_primary,regression,EEG,LSTM,20260907,test,full,ridge,full,P10,0.0012346360763588748
attention_primary,regression,EEG,LSTM,20260907,test,full,ridge,full,P11,-7.218496341210301e-05
attention_primary,regression,EEG,LSTM,20260907,test,full,ridge,full,P15,-0.0081958620564202
attention_primary,regression,EEG,LSTM,20260907,test,full,ridge,full,P16,0.0011179464269155392
attention_primary,regression,EEG,LSTM,20260907,test,full,ridge,full,P37,0.0014297570023502626
attention_primary,regression,EEG,LSTM,20260907,test,full,ridge,full,P39,0.00896690416617485
attention_primary,regression,EEG,LSTM,20260907,test,full,ridge,full,P45,-0.009188613057617756
attention_primary,regression,EEG,LSTM,20260907,test,full,ridge,full,P5,-0.00032790116177427997
attention_primary,regression,EEG,LSTM,20260908,validation,matched,dummy_mean,full,P23,0.00018121486560240818
attention_primary,regression,EEG,LSTM,20260908,validation,matched,dummy_mean,full,P28,-0.0039024924507023995
attention_primary,regression,EEG,LSTM,20260908,validation,matched,dummy_mean,full,P31,-0.0010340958868437777
attention_primary,regression,EEG,LSTM,20260908,validation,matched,dummy_mean,full,P32,0.00889412564006764
attention_primary,regression,EEG,LSTM,20260908,validation,matched,dummy_mean,full,P38,0.01053486614836241
attention_primary,regression,EEG,LSTM,20260908,validation,matched,dummy_mean,full,P41,-0.002123005670486622
attention_primary,regression,EEG,LSTM,20260908,validation,matched,dummy_mean,full,P47,-0.003166166021289163
attention_primary,regression,EEG,LSTM,20260908,validation,matched,dummy_mean,full,P6,-0.0015885337524677023
attention_primary,regression,EEG,LSTM,20260908,validation,full,ridge,full,P23,-0.007325953585999523
attention_primary,regression,EEG,LSTM,20260908,validation,full,ridge,full,P28,-0.007108482682114725
attention_primary,regression,EEG,LSTM,20260908,validation,full,ridge,full,P31,0.004168887342368421
attention_primary,regression,EEG,LSTM,20260908,validation,full,ridge,full,P32,0.010712737023109042
attention_primary,regression,EEG,LSTM,20260908,validation,full,ridge,full,P38,0.006304874857744891
attention_primary,regression,EEG,LSTM,20260908,validation,full,ridge,full,P41,-0.0011824942986691234
attention_primary,regression,EEG,LSTM,20260908,validation,full,ridge,full,P47,-0.0003346913845005961
attention_primary,regression,EEG,LSTM,20260908,validation,full,ridge,full,P6,0.0008631853147809121
attention_primary,regression,EEG,LSTM,20260908,test,matched,dummy_mean,full,P10,-0.007004990163055225
attention_primary,regression,EEG,LSTM,20260908,test,matched,dummy_mean,full,P11,0.004196089018443261
attention_primary,regression,EEG,LSTM,20260908,test,matched,dummy_mean,full,P15,-0.003383551984814659
attention_primary,regression,EEG,LSTM,20260908,test,matched,dummy_mean,full,P16,0.006825851826087748
attention_primary,regression,EEG,LSTM,20260908,test,matched,dummy_mean,full,P37,-0.006114873501335882
attention_primary,regression,EEG,LSTM,20260908,test,matched,dummy_mean,full,P39,-0.004643514245685321
attention_primary,regression,EEG,LSTM,20260908,test,matched,dummy_mean,full,P45,-0.007707836552115266
attention_primary,regression,EEG,LSTM,20260908,test,matched,dummy_mean,full,P5,-0.000669347429470446
attention_primary,regression,EEG,LSTM,20260908,test,full,ridge,full,P10,-0.002049881562013578
attention_primary,regression,EEG,LSTM,20260908,test,full,ridge,full,P11,0.0023019704051566725
attention_primary,regression,EEG,LSTM,20260908,test,full,ridge,full,P15,0.0004988068099645027
attention_primary,regression,EEG,LSTM,20260908,test,full,ridge,full,P16,-0.001338278467877041
attention_primary,regression,EEG,LSTM,20260908,test,full,ridge,full,P37,-0.0004947829202122112
attention_primary,regression,EEG,LSTM,20260908,test,full,ridge,full,P39,0.004379756918254429
attention_primary,regression,EEG,LSTM,20260908,test,full,ridge,full,P45,-0.0045736833459530946
attention_primary,regression,EEG,LSTM,20260908,test,full,ridge,full,P5,0.0024694448036870487
attention_primary,regression,EEG,BiLSTM,20260907,validation,matched,dummy_mean,full,P23,0.000650774850453506
attention_primary,regression,EEG,BiLSTM,20260907,validation,matched,dummy_mean,full,P28,7.69034948870928e-05
attention_primary,regression,EEG,BiLSTM,20260907,validation,matched,dummy_mean,full,P31,-0.005197954143736139
attention_primary,regression,EEG,BiLSTM,20260907,validation,matched,dummy_mean,full,P32,0.005916912381498274
attention_primary,regression,EEG,BiLSTM,20260907,validation,matched,dummy_mean,full,P38,0.00425040463061932
attention_primary,regression,EEG,BiLSTM,20260907,validation,matched,dummy_mean,full,P41,0.0015171181378680343
attention_primary,regression,EEG,BiLSTM,20260907,validation,matched,dummy_mean,full,P47,-0.0006705707081369194
attention_primary,regression,EEG,BiLSTM,20260907,validation,matched,dummy_mean,full,P6,0.0011953576348938677
attention_primary,regression,EEG,BiLSTM,20260907,validation,full,ridge,full,P23,-0.006856393601148425
attention_primary,regression,EEG,BiLSTM,20260907,validation,full,ridge,full,P28,-0.003129086736525233
attention_primary,regression,EEG,BiLSTM,20260907,validation,full,ridge,full,P31,5.029085476060402e-06
attention_primary,regression,EEG,BiLSTM,20260907,validation,full,ridge,full,P32,0.007735523764539676
attention_primary,regression,EEG,BiLSTM,20260907,validation,full,ridge,full,P38,2.0413340001801394e-05
attention_primary,regression,EEG,BiLSTM,20260907,validation,full,ridge,full,P41,0.0024576295096855327
attention_primary,regression,EEG,BiLSTM,20260907,validation,full,ridge,full,P47,0.0021609039286516474
attention_primary,regression,EEG,BiLSTM,20260907,validation,full,ridge,full,P6,0.003647076702142482
attention_primary,regression,EEG,BiLSTM,20260907,test,matched,dummy_mean,full,P10,-0.009895853550137113
attention_primary,regression,EEG,BiLSTM,20260907,test,matched,dummy_mean,full,P11,-0.005980405560102486
attention_primary,regression,EEG,BiLSTM,20260907,test,matched,dummy_mean,full,P15,-0.01115947743920942
attention_primary,regression,EEG,BiLSTM,20260907,test,matched,dummy_mean,full,P16,0.00513279702939784
attention_primary,regression,EEG,BiLSTM,20260907,test,matched,dummy_mean,full,P37,-0.004692504968871747
attention_primary,regression,EEG,BiLSTM,20260907,test,matched,dummy_mean,full,P39,0.00908017518682569
attention_primary,regression,EEG,BiLSTM,20260907,test,matched,dummy_mean,full,P45,-0.01680426378304878
attention_primary,regression,EEG,BiLSTM,20260907,test,matched,dummy_mean,full,P5,-0.004537354609911115
attention_primary,regression,EEG,BiLSTM,20260907,test,full,ridge,full,P10,-0.004940744949095466
attention_primary,regression,EEG,BiLSTM,20260907,test,full,ridge,full,P11,-0.007874524173389075
attention_primary,regression,EEG,BiLSTM,20260907,test,full,ridge,full,P15,-0.007277118644430258
attention_primary,regression,EEG,BiLSTM,20260907,test,full,ridge,full,P16,-0.003031333264566949
attention_primary,regression,EEG,BiLSTM,20260907,test,full,ridge,full,P37,0.0009275856122519244
attention_primary,regression,EEG,BiLSTM,20260907,test,full,ridge,full,P39,0.01810344635076544
attention_primary,regression,EEG,BiLSTM,20260907,test,full,ridge,full,P45,-0.013670110576886607
attention_primary,regression,EEG,BiLSTM,20260907,test,full,ridge,full,P5,-0.0013985623767536204
attention_primary,regression,EEG,BiLSTM,20260908,validation,matched,dummy_mean,full,P23,0.0054424954115306345
attention_primary,regression,EEG,BiLSTM,20260908,validation,matched,dummy_mean,full,P28,-0.0011246986398784076
attention_primary,regression,EEG,BiLSTM,20260908,validation,matched,dummy_mean,full,P31,-0.007005801903683162
attention_primary,regression,EEG,BiLSTM,20260908,validation,matched,dummy_mean,full,P32,0.01123130654993576
attention_primary,regression,EEG,BiLSTM,20260908,validation,matched,dummy_mean,full,P38,0.004378185236404986
attention_primary,regression,EEG,BiLSTM,20260908,validation,matched,dummy_mean,full,P41,-0.0050019457092962405
attention_primary,regression,EEG,BiLSTM,20260908,validation,matched,dummy_mean,full,P47,-0.011078835299084044
attention_primary,regression,EEG,BiLSTM,20260908,validation,matched,dummy_mean,full,P6,-0.00045546949107411194
attention_primary,regression,EEG,BiLSTM,20260908,validation,full,ridge,full,P23,-0.0020646730400712965
attention_primary,regression,EEG,BiLSTM,20260908,validation,full,ridge,full,P28,-0.004330688871290733
attention_primary,regression,EEG,BiLSTM,20260908,validation,full,ridge,full,P31,-0.0018028186744709629
attention_primary,regression,EEG,BiLSTM,20260908,validation,full,ridge,full,P32,0.013049917932977162
attention_primary,regression,EEG,BiLSTM,20260908,validation,full,ridge,full,P38,0.00014819394578746703
attention_primary,regression,EEG,BiLSTM,20260908,validation,full,ridge,full,P41,-0.004061434337478742
attention_primary,regression,EEG,BiLSTM,20260908,validation,full,ridge,full,P47,-0.008247360662295478
attention_primary,regression,EEG,BiLSTM,20260908,validation,full,ridge,full,P6,0.0019962495761745025
attention_primary,regression,EEG,BiLSTM,20260908,test,matched,dummy_mean,full,P10,-0.0088300835868379
attention_primary,regression,EEG,BiLSTM,20260908,test,matched,dummy_mean,full,P11,-0.005894280303040622
attention_primary,regression,EEG,BiLSTM,20260908,test,matched,dummy_mean,full,P15,-0.007330153449865984
attention_primary,regression,EEG,BiLSTM,20260908,test,matched,dummy_mean,full,P16,0.010147751864404198
attention_primary,regression,EEG,BiLSTM,20260908,test,matched,dummy_mean,full,P37,-0.0038756507529775774
attention_primary,regression,EEG,BiLSTM,20260908,test,matched,dummy_mean,full,P39,0.004030845328740873
attention_primary,regression,EEG,BiLSTM,20260908,test,matched,dummy_mean,full,P45,-0.011273272352796848
attention_primary,regression,EEG,BiLSTM,20260908,test,matched,dummy_mean,full,P5,-0.0041916378321310566
attention_primary,regression,EEG,BiLSTM,20260908,test,full,ridge,full,P10,-0.0038749749857962534
attention_primary,regression,EEG,BiLSTM,20260908,test,full,ridge,full,P11,-0.0077883989163272105
attention_primary,regression,EEG,BiLSTM,20260908,test,full,ridge,full,P15,-0.003447794655086822
attention_primary,regression,EEG,BiLSTM,20260908,test,full,ridge,full,P16,0.001983621570439409
attention_primary,regression,EEG,BiLSTM,20260908,test,full,ridge,full,P37,0.0017444398281460938
attention_primary,regression,EEG,BiLSTM,20260908,test,full,ridge,full,P39,0.013054116492680623
attention_primary,regression,EEG,BiLSTM,20260908,test,full,ridge,full,P45,-0.008139119146634677
attention_primary,regression,EEG,BiLSTM,20260908,test,full,ridge,full,P5,-0.0010528455989735619
attention_primary,classification,compact_no_noise,TCN,20260907,validation,matched,logistic,compact_no_noise,P23,0.0434782608695653
attention_primary,classification,compact_no_noise,TCN,20260907,validation,matched,logistic,compact_no_noise,P28,0.03605115182296387
attention_primary,classification,compact_no_noise,TCN,20260907,validation,matched,logistic,compact_no_noise,P31,-0.00512820512820511
attention_primary,classification,compact_no_noise,TCN,20260907,validation,matched,logistic,compact_no_noise,P32,-8.121591831994346e-05
attention_primary,classification,compact_no_noise,TCN,20260907,validation,matched,logistic,compact_no_noise,P38,0.021064684108162424
attention_primary,classification,compact_no_noise,TCN,20260907,validation,matched,logistic,compact_no_noise,P41,-0.02075533661740553
attention_primary,classification,compact_no_noise,TCN,20260907,validation,matched,logistic,compact_no_noise,P47,-0.013280212483399723
attention_primary,classification,compact_no_noise,TCN,20260907,validation,matched,logistic,compact_no_noise,P6,-0.039921337266470014
attention_primary,classification,compact_no_noise,TCN,20260907,validation,full,logistic,full,P23,-0.01932367149758446
attention_primary,classification,compact_no_noise,TCN,20260907,validation,full,logistic,full,P28,0.042868371727432075
attention_primary,classification,compact_no_noise,TCN,20260907,validation,full,logistic,full,P31,0.0
attention_primary,classification,compact_no_noise,TCN,20260907,validation,full,logistic,full,P32,-0.005731523378582182
attention_primary,classification,compact_no_noise,TCN,20260907,validation,full,logistic,full,P38,0.022324696237739805
attention_primary,classification,compact_no_noise,TCN,20260907,validation,full,logistic,full,P41,-0.005823754789271995
attention_primary,classification,compact_no_noise,TCN,20260907,validation,full,logistic,full,P47,-0.030544488711819362
attention_primary,classification,compact_no_noise,TCN,20260907,validation,full,logistic,full,P6,0.020740740740740726
attention_primary,classification,compact_no_noise,TCN,20260907,test,matched,logistic,compact_no_noise,P10,0.0019479114061033975
attention_primary,classification,compact_no_noise,TCN,20260907,test,matched,logistic,compact_no_noise,P11,0.014492753623188415
attention_primary,classification,compact_no_noise,TCN,20260907,test,matched,logistic,compact_no_noise,P15,0.04891079469392723
attention_primary,classification,compact_no_noise,TCN,20260907,test,matched,logistic,compact_no_noise,P16,0.06748466257668706
attention_primary,classification,compact_no_noise,TCN,20260907,test,matched,logistic,compact_no_noise,P37,0.023172905525846665
attention_primary,classification,compact_no_noise,TCN,20260907,test,matched,logistic,compact_no_noise,P39,-0.052083333333333315
attention_primary,classification,compact_no_noise,TCN,20260907,test,matched,logistic,compact_no_noise,P45,-0.05522528473348137
attention_primary,classification,compact_no_noise,TCN,20260907,test,matched,logistic,compact_no_noise,P5,0.05555555555555558
attention_primary,classification,compact_no_noise,TCN,20260907,test,full,logistic,full,P10,0.02403626481975807
attention_primary,classification,compact_no_noise,TCN,20260907,test,full,logistic,full,P11,0.010351966873705987
attention_primary,classification,compact_no_noise,TCN,20260907,test,full,logistic,full,P15,0.018729463307776528
attention_primary,classification,compact_no_noise,TCN,20260907,test,full,logistic,full,P16,0.030674846625766805
attention_primary,classification,compact_no_noise,TCN,20260907,test,full,logistic,full,P37,0.005347593582887722
attention_primary,classification,compact_no_noise,TCN,20260907,test,full,logistic,full,P39,0.0
attention_primary,classification,compact_no_noise,TCN,20260907,test,full,logistic,full,P45,-0.014962269060629751
attention_primary,classification,compact_no_noise,TCN,20260907,test,full,logistic,full,P5,0.07051282051282048
attention_primary,classification,compact_no_noise,TCN,20260908,validation,matched,logistic,compact_no_noise,P23,-0.016908212560386437
attention_primary,classification,compact_no_noise,TCN,20260908,validation,matched,logistic,compact_no_noise,P28,0.018108712739585198
attention_primary,classification,compact_no_noise,TCN,20260908,validation,matched,logistic,compact_no_noise,P31,0.013675213675213738
attention_primary,classification,compact_no_noise,TCN,20260908,validation,matched,logistic,compact_no_noise,P32,0.002088409328228402
attention_primary,classification,compact_no_noise,TCN,20260908,validation,matched,logistic,compact_no_noise,P38,0.04750402576489532
attention_primary,classification,compact_no_noise,TCN,20260908,validation,matched,logistic,compact_no_noise,P41,-0.018653530377668315
attention_primary,classification,compact_no_noise,TCN,20260908,validation,matched,logistic,compact_no_noise,P47,-0.019920318725099584
attention_primary,classification,compact_no_noise,TCN,20260908,validation,matched,logistic,compact_no_noise,P6,-0.03553588987217304
attention_primary,classification,compact_no_noise,TCN,20260908,validation,full,logistic,full,P23,-0.0797101449275362
attention_primary,classification,compact_no_noise,TCN,20260908,validation,full,logistic,full,P28,0.024925932644053406
attention_primary,classification,compact_no_noise,TCN,20260908,validation,full,logistic,full,P31,0.018803418803418848
attention_primary,classification,compact_no_noise,TCN,20260908,validation,full,logistic,full,P32,-0.003561898132033836
attention_primary,classification,compact_no_noise,TCN,20260908,validation,full,logistic,full,P38,0.0487640378944727
attention_primary,classification,compact_no_noise,TCN,20260908,validation,full,logistic,full,P41,-0.0037219485495347815
attention_primary,classification,compact_no_noise,TCN,20260908,validation,full,logistic,full,P47,-0.03718459495351922
attention_primary,classification,compact_no_noise,TCN,20260908,validation,full,logistic,full,P6,0.025126188135037697
attention_primary,classification,compact_no_noise,TCN,20260908,test,matched,logistic,compact_no_noise,P10,-0.016280691628790644
attention_primary,classification,compact_no_noise,TCN,20260908,test,matched,logistic,compact_no_noise,P11,0.022774327122153215
attention_primary,classification,compact_no_noise,TCN,20260908,test,matched,logistic,compact_no_noise,P15,-0.0016672751612509806
attention_primary,classification,compact_no_noise,TCN,20260908,test,matched,logistic,compact_no_noise,P16,0.030674846625766805
attention_primary,classification,compact_no_noise,TCN,20260908,test,matched,logistic,compact_no_noise,P37,0.046345811051693386
attention_primary,classification,compact_no_noise,TCN,20260908,test,matched,logistic,compact_no_noise,P39,-0.03541666666666665
attention_primary,classification,compact_no_noise,TCN,20260908,test,matched,logistic,compact_no_noise,P45,-0.027462519265797847
attention_primary,classification,compact_no_noise,TCN,20260908,test,matched,logistic,compact_no_noise,P5,0.012820512820512886
attention_primary,classification,compact_no_noise,TCN,20260908,test,full,logistic,full,P10,0.005807661784864027
attention_primary,classification,compact_no_noise,TCN,20260908,test,full,logistic,full,P11,0.018633540372670787
attention_primary,classification,compact_no_noise,TCN,20260908,test,full,logistic,full,P15,-0.03184860654740168
attention_primary,classification,compact_no_noise,TCN,20260908,test,full,logistic,full,P16,-0.00613496932515345
attention_primary,classification,compact_no_noise,TCN,20260908,test,full,logistic,full,P37,0.028520499108734443
attention_primary,classification,compact_no_noise,TCN,20260908,test,full,logistic,full,P39,0.016666666666666663
attention_primary,classification,compact_no_noise,TCN,20260908,test,full,logistic,full,P45,0.012800496407053774
attention_primary,classification,compact_no_noise,TCN,20260908,test,full,logistic,full,P5,0.02777777777777779
attention_primary,classification,compact_no_noise,LSTM,20260907,validation,matched,logistic,compact_no_noise,P23,0.002415458937198134
attention_primary,classification,compact_no_noise,LSTM,20260907,validation,matched,logistic,compact_no_noise,P28,-0.011215913900477659
attention_primary,classification,compact_no_noise,LSTM,20260907,validation,matched,logistic,compact_no_noise,P31,0.03418803418803423
attention_primary,classification,compact_no_noise,LSTM,20260907,validation,matched,logistic,compact_no_noise,P32,-0.021626638821208966
attention_primary,classification,compact_no_noise,LSTM,20260907,validation,matched,logistic,compact_no_noise,P38,0.013007926051404328
attention_primary,classification,compact_no_noise,LSTM,20260907,validation,matched,logistic,compact_no_noise,P41,0.001773399014778354
attention_primary,classification,compact_no_noise,LSTM,20260907,validation,matched,logistic,compact_no_noise,P47,-0.01859229747675961
attention_primary,classification,compact_no_noise,LSTM,20260907,validation,matched,logistic,compact_no_noise,P6,-0.046188135037692535
attention_primary,classification,compact_no_noise,LSTM,20260907,validation,full,logistic,full,P23,-0.060386473429951626
attention_primary,classification,compact_no_noise,LSTM,20260907,validation,full,logistic,full,P28,-0.004398693996009451
attention_primary,classification,compact_no_noise,LSTM,20260907,validation,full,logistic,full,P31,0.03931623931623934
attention_primary,classification,compact_no_noise,LSTM,20260907,validation,full,logistic,full,P32,-0.027276946281471204
attention_primary,classification,compact_no_noise,LSTM,20260907,validation,full,logistic,full,P38,0.01426793818098171
attention_primary,classification,compact_no_noise,LSTM,20260907,validation,full,logistic,full,P41,0.016704980842911887
attention_primary,classification,compact_no_noise,LSTM,20260907,validation,full,logistic,full,P47,-0.03585657370517925
attention_primary,classification,compact_no_noise,LSTM,20260907,validation,full,logistic,full,P6,0.014473942969518205
attention_primary,classification,compact_no_noise,LSTM,20260907,test,matched,logistic,compact_no_noise,P10,0.02217252242502943
attention_primary,classification,compact_no_noise,LSTM,20260907,test,matched,logistic,compact_no_noise,P11,-0.014492753623188415
attention_primary,classification,compact_no_noise,LSTM,20260907,test,matched,logistic,compact_no_noise,P15,0.012145551904588103
attention_primary,classification,compact_no_noise,LSTM,20260907,test,matched,logistic,compact_no_noise,P16,0.00817995910020447
attention_primary,classification,compact_no_noise,LSTM,20260907,test,matched,logistic,compact_no_noise,P37,0.032085561497326165
attention_primary,classification,compact_no_noise,LSTM,20260907,test,matched,logistic,compact_no_noise,P39,-0.04166666666666663
attention_primary,classification,compact_no_noise,LSTM,20260907,test,matched,logistic,compact_no_noise,P45,-0.06388238355451459
attention_primary,classification,compact_no_noise,LSTM,20260907,test,matched,logistic,compact_no_noise,P5,0.0
attention_primary,classification,compact_no_noise,LSTM,20260907,test,full,logistic,full,P10,0.0442608758386841
attention_primary,classification,compact_no_noise,LSTM,20260907,test,full,logistic,full,P11,-0.018633540372670843
attention_primary,classification,compact_no_noise,LSTM,20260907,test,full,logistic,full,P15,-0.018035779481562597
attention_primary,classification,compact_no_noise,LSTM,20260907,test,full,logistic,full,P16,-0.028629856850715785
attention_primary,classification,compact_no_noise,LSTM,20260907,test,full,logistic,full,P37,0.014260249554367221
attention_primary,classification,compact_no_noise,LSTM,20260907,test,full,logistic,full,P39,0.010416666666666685
attention_primary,classification,compact_no_noise,LSTM,20260907,test,full,logistic,full,P45,-0.023619367881662967
attention_primary,classification,compact_no_noise,LSTM,20260907,test,full,logistic,full,P5,0.014957264957264904
attention_primary,classification,compact_no_noise,LSTM,20260908,validation,matched,logistic,compact_no_noise,P23,-0.012077294685990336
attention_primary,classification,compact_no_noise,LSTM,20260908,validation,matched,logistic,compact_no_noise,P28,-0.006741640969828877
attention_primary,classification,compact_no_noise,LSTM,20260908,validation,matched,logistic,compact_no_noise,P31,0.035897435897435936
attention_primary,classification,compact_no_noise,LSTM,20260908,validation,matched,logistic,compact_no_noise,P32,0.019839888618169155
attention_primary,classification,compact_no_noise,LSTM,20260908,validation,matched,logistic,compact_no_noise,P38,0.015820733212037585
attention_primary,classification,compact_no_noise,LSTM,20260908,validation,matched,logistic,compact_no_noise,P41,-0.029917898193760284
attention_primary,classification,compact_no_noise,LSTM,20260908,validation,matched,logistic,compact_no_noise,P47,-0.03585657370517925
attention_primary,classification,compact_no_noise,LSTM,20260908,validation,matched,logistic,compact_no_noise,P6,-0.02801048836447062
attention_primary,classification,compact_no_noise,LSTM,20260908,validation,full,logistic,full,P23,-0.0748792270531401
attention_primary,classification,compact_no_noise,LSTM,20260908,validation,full,logistic,full,P28,7.557893463933096e-05
attention_primary,classification,compact_no_noise,LSTM,20260908,validation,full,logistic,full,P31,0.041025641025641046
attention_primary,classification,compact_no_noise,LSTM,20260908,validation,full,logistic,full,P32,0.014189581157906916
attention_primary,classification,compact_no_noise,LSTM,20260908,validation,full,logistic,full,P38,0.017080745341614967
attention_primary,classification,compact_no_noise,LSTM,20260908,validation,full,logistic,full,P41,-0.01498631636562675
attention_primary,classification,compact_no_noise,LSTM,20260908,validation,full,logistic,full,P47,-0.05312084993359889
attention_primary,classification,compact_no_noise,LSTM,20260908,validation,full,logistic,full,P6,0.03265158964274012
attention_primary,classification,compact_no_noise,LSTM,20260908,test,matched,logistic,compact_no_noise,P10,-0.0183488444797153
attention_primary,classification,compact_no_noise,LSTM,20260908,test,matched,logistic,compact_no_noise,P11,0.006211180124223614
attention_primary,classification,compact_no_noise,LSTM,20260908,test,matched,logistic,compact_no_noise,P15,0.04853352805160038
attention_primary,classification,compact_no_noise,LSTM,20260908,test,matched,logistic,compact_no_noise,P16,0.04498977505112467
attention_primary,classification,compact_no_noise,LSTM,20260908,test,matched,logistic,compact_no_noise,P37,0.046345811051693386
attention_primary,classification,compact_no_noise,LSTM,20260908,test,matched,logistic,compact_no_noise,P39,-0.07291666666666669
attention_primary,classification,compact_no_noise,LSTM,20260908,test,matched,logistic,compact_no_noise,P45,-0.07652274865389608
attention_primary,classification,compact_no_noise,LSTM,20260908,test,matched,logistic,compact_no_noise,P5,0.04059829059829062
attention_primary,classification,compact_no_noise,LSTM,20260908,test,full,logistic,full,P10,0.0037395089339393728
attention_primary,classification,compact_no_noise,LSTM,20260908,test,full,logistic,full,P11,0.0020703933747411862
attention_primary,classification,compact_no_noise,LSTM,20260908,test,full,logistic,full,P15,0.018352196665449683
attention_primary,classification,compact_no_noise,LSTM,20260908,test,full,logistic,full,P16,0.008179959100204415
attention_primary,classification,compact_no_noise,LSTM,20260908,test,full,logistic,full,P37,0.028520499108734443
attention_primary,classification,compact_no_noise,LSTM,20260908,test,full,logistic,full,P39,-0.02083333333333337
attention_primary,classification,compact_no_noise,LSTM,20260908,test,full,logistic,full,P45,-0.03625973298104446
attention_primary,classification,compact_no_noise,LSTM,20260908,test,full,logistic,full,P5,0.055555555555555525
attention_primary,classification,compact_no_noise,BiLSTM,20260907,validation,matched,logistic,compact_no_noise,P23,-0.004830917874396101
attention_primary,classification,compact_no_noise,BiLSTM,20260907,validation,matched,logistic,compact_no_noise,P28,0.008978777435153296
attention_primary,classification,compact_no_noise,BiLSTM,20260907,validation,matched,logistic,compact_no_noise,P31,0.0034188034188034067
attention_primary,classification,compact_no_noise,BiLSTM,20260907,validation,matched,logistic,compact_no_noise,P32,0.023471400394477315
attention_primary,classification,compact_no_noise,BiLSTM,20260907,validation,matched,logistic,compact_no_noise,P38,0.0013645774515340103
attention_primary,classification,compact_no_noise,BiLSTM,20260907,validation,matched,logistic,compact_no_noise,P41,0.03689107827038862
attention_primary,classification,compact_no_noise,BiLSTM,20260907,validation,matched,logistic,compact_no_noise,P47,-0.010624169986719778
attention_primary,classification,compact_no_noise,BiLSTM,20260907,validation,matched,logistic,compact_no_noise,P6,-0.01928548017043591
attention_primary,classification,compact_no_noise,BiLSTM,20260907,validation,full,logistic,full,P23,-0.06763285024154586
attention_primary,classification,compact_no_noise,BiLSTM,20260907,validation,full,logistic,full,P28,0.015795997339621504
attention_primary,classification,compact_no_noise,BiLSTM,20260907,validation,full,logistic,full,P31,0.008547008547008517
attention_primary,classification,compact_no_noise,BiLSTM,20260907,validation,full,logistic,full,P32,0.017821092934215077
attention_primary,classification,compact_no_noise,BiLSTM,20260907,validation,full,logistic,full,P38,0.0026245895811113917
attention_primary,classification,compact_no_noise,BiLSTM,20260907,validation,full,logistic,full,P41,0.051822660098522155
attention_primary,classification,compact_no_noise,BiLSTM,20260907,validation,full,logistic,full,P47,-0.027888446215139417
attention_primary,classification,compact_no_noise,BiLSTM,20260907,validation,full,logistic,full,P6,0.04137659783677483
attention_primary,classification,compact_no_noise,BiLSTM,20260907,test,matched,logistic,compact_no_noise,P10,-0.006264579275184645
attention_primary,classification,compact_no_noise,BiLSTM,20260907,test,matched,logistic,compact_no_noise,P11,-0.028985507246376774
attention_primary,classification,compact_no_noise,BiLSTM,20260907,test,matched,logistic,compact_no_noise,P15,-0.001837653644882531
attention_primary,classification,compact_no_noise,BiLSTM,20260907,test,matched,logistic,compact_no_noise,P16,-0.0020449897750511314
attention_primary,classification,compact_no_noise,BiLSTM,20260907,test,matched,logistic,compact_no_noise,P37,0.033868092691622054
attention_primary,classification,compact_no_noise,BiLSTM,20260907,test,matched,logistic,compact_no_noise,P39,-0.022916666666666585
attention_primary,classification,compact_no_noise,BiLSTM,20260907,test,matched,logistic,compact_no_noise,P45,-0.040293040293040205
attention_primary,classification,compact_no_noise,BiLSTM,20260907,test,matched,logistic,compact_no_noise,P5,-0.05769230769230771
attention_primary,classification,compact_no_noise,BiLSTM,20260907,test,full,logistic,full,P10,0.015823774138470026
attention_primary,classification,compact_no_noise,BiLSTM,20260907,test,full,logistic,full,P11,-0.0331262939958592
attention_primary,classification,compact_no_noise,BiLSTM,20260907,test,full,logistic,full,P15,-0.03201898503103323
attention_primary,classification,compact_no_noise,BiLSTM,20260907,test,full,logistic,full,P16,-0.038854805725971386
attention_primary,classification,compact_no_noise,BiLSTM,20260907,test,full,logistic,full,P37,0.01604278074866311
attention_primary,classification,compact_no_noise,BiLSTM,20260907,test,full,logistic,full,P39,0.02916666666666673
attention_primary,classification,compact_no_noise,BiLSTM,20260907,test,full,logistic,full,P45,-3.002462018858454e-05
attention_primary,classification,compact_no_noise,BiLSTM,20260907,test,full,logistic,full,P5,-0.042735042735042805
attention_primary,classification,compact_no_noise,BiLSTM,20260908,validation,matched,logistic,compact_no_noise,P23,-0.026570048309178695
attention_primary,classification,compact_no_noise,BiLSTM,20260908,validation,matched,logistic,compact_no_noise,P28,-0.02457826954471254
attention_primary,classification,compact_no_noise,BiLSTM,20260908,validation,matched,logistic,compact_no_noise,P31,0.04957264957264962
attention_primary,classification,compact_no_noise,BiLSTM,20260908,validation,matched,logistic,compact_no_noise,P32,0.023483002668523045
attention_primary,classification,compact_no_noise,BiLSTM,20260908,validation,matched,logistic,compact_no_noise,P38,-0.013128176171654404
attention_primary,classification,compact_no_noise,BiLSTM,20260908,validation,matched,logistic,compact_no_noise,P41,0.01725232621784345
attention_primary,classification,compact_no_noise,BiLSTM,20260908,validation,matched,logistic,compact_no_noise,P47,-0.026560424966799445
attention_primary,classification,compact_no_noise,BiLSTM,20260908,validation,matched,logistic,compact_no_noise,P6,-0.020727630285152343
attention_primary,classification,compact_no_noise,BiLSTM,20260908,validation,full,logistic,full,P23,-0.08937198067632846
attention_primary,classification,compact_no_noise,BiLSTM,20260908,validation,full,logistic,full,P28,-0.01776104964024433
attention_primary,classification,compact_no_noise,BiLSTM,20260908,validation,full,logistic,full,P31,0.05470085470085473
attention_primary,classification,compact_no_noise,BiLSTM,20260908,validation,full,logistic,full,P32,0.017832695208260807
attention_primary,classification,compact_no_noise,BiLSTM,20260908,validation,full,logistic,full,P38,-0.011868164042077023
attention_primary,classification,compact_no_noise,BiLSTM,20260908,validation,full,logistic,full,P41,0.03218390804597698
attention_primary,classification,compact_no_noise,BiLSTM,20260908,validation,full,logistic,full,P47,-0.043824701195219085
attention_primary,classification,compact_no_noise,BiLSTM,20260908,validation,full,logistic,full,P6,0.0399344477220584
attention_primary,classification,compact_no_noise,BiLSTM,20260908,test,matched,logistic,compact_no_noise,P10,0.0017194526609431438
attention_primary,classification,compact_no_noise,BiLSTM,20260908,test,matched,logistic,compact_no_noise,P11,-0.04968944099378886
attention_primary,classification,compact_no_noise,BiLSTM,20260908,test,matched,logistic,compact_no_noise,P15,0.050663259096994095
attention_primary,classification,compact_no_noise,BiLSTM,20260908,test,matched,logistic,compact_no_noise,P16,0.05521472392638033
attention_primary,classification,compact_no_noise,BiLSTM,20260908,test,matched,logistic,compact_no_noise,P37,0.019607843137254832
attention_primary,classification,compact_no_noise,BiLSTM,20260908,test,matched,logistic,compact_no_noise,P39,-0.020833333333333315
attention_primary,classification,compact_no_noise,BiLSTM,20260908,test,matched,logistic,compact_no_noise,P45,-0.043875978302207685
attention_primary,classification,compact_no_noise,BiLSTM,20260908,test,matched,logistic,compact_no_noise,P5,0.002136752136752129
attention_primary,classification,compact_no_noise,BiLSTM,20260908,test,full,logistic,full,P10,0.023807806074597815
attention_primary,classification,compact_no_noise,BiLSTM,20260908,test,full,logistic,full,P11,-0.053830227743271286
attention_primary,classification,compact_no_noise,BiLSTM,20260908,test,full,logistic,full,P15,0.020481927710843395
attention_primary,classification,compact_no_noise,BiLSTM,20260908,test,full,logistic,full,P16,0.018404907975460072
attention_primary,classification,compact_no_noise,BiLSTM,20260908,test,full,logistic,full,P37,0.0017825311942958888
attention_primary,classification,compact_no_noise,BiLSTM,20260908,test,full,logistic,full,P39,0.03125
attention_primary,classification,compact_no_noise,BiLSTM,20260908,test,full,logistic,full,P45,-0.0036129626293560646
attention_primary,classification,compact_no_noise,BiLSTM,20260908,test,full,logistic,full,P5,0.017094017094017033
attention_primary,regression,compact_no_noise,TCN,20260907,validation,matched,ridge,compact_no_noise,P23,-0.0034909655768140535
attention_primary,regression,compact_no_noise,TCN,20260907,validation,matched,ridge,compact_no_noise,P28,-0.005048565123586313
attention_primary,regression,compact_no_noise,TCN,20260907,validation,matched,ridge,compact_no_noise,P31,0.00451222489838643
attention_primary,regression,compact_no_noise,TCN,20260907,validation,matched,ridge,compact_no_noise,P32,0.00015504912956210148
attention_primary,regression,compact_no_noise,TCN,20260907,validation,matched,ridge,compact_no_noise,P38,0.004360177523924591
attention_primary,regression,compact_no_noise,TCN,20260907,validation,matched,ridge,compact_no_noise,P41,-0.003835949273413908
attention_primary,regression,compact_no_noise,TCN,20260907,validation,matched,ridge,compact_no_noise,P47,-0.010548593018622654
attention_primary,regression,compact_no_noise,TCN,20260907,validation,matched,ridge,compact_no_noise,P6,0.005558109488491003
attention_primary,regression,compact_no_noise,TCN,20260907,validation,full,ridge,full,P23,-0.011248812575272993
attention_primary,regression,compact_no_noise,TCN,20260907,validation,full,ridge,full,P28,-0.005349273369987473
attention_primary,regression,compact_no_noise,TCN,20260907,validation,full,ridge,full,P31,0.006022239574623667
attention_primary,regression,compact_no_noise,TCN,20260907,validation,full,ridge,full,P32,0.002696031854502623
attention_primary,regression,compact_no_noise,TCN,20260907,validation,full,ridge,full,P38,0.0017903120780220494
attention_primary,regression,compact_no_noise,TCN,20260907,validation,full,ridge,full,P41,-0.0026032184499864552
attention_primary,regression,compact_no_noise,TCN,20260907,validation,full,ridge,full,P47,-0.009104814826496055
attention_primary,regression,compact_no_noise,TCN,20260907,validation,full,ridge,full,P6,0.01001855602133117
attention_primary,regression,compact_no_noise,TCN,20260907,test,matched,ridge,compact_no_noise,P10,-0.0053475133706815114
attention_primary,regression,compact_no_noise,TCN,20260907,test,matched,ridge,compact_no_noise,P11,-0.0030029680246612678
attention_primary,regression,compact_no_noise,TCN,20260907,test,matched,ridge,compact_no_noise,P15,-0.0036077659973323684
attention_primary,regression,compact_no_noise,TCN,20260907,test,matched,ridge,compact_no_noise,P16,0.010664915627795923
attention_primary,regression,compact_no_noise,TCN,20260907,test,matched,ridge,compact_no_noise,P37,-0.002283270255753145
attention_primary,regression,compact_no_noise,TCN,20260907,test,matched,ridge,compact_no_noise,P39,-0.0040497948934941075
attention_primary,regression,compact_no_noise,TCN,20260907,test,matched,ridge,compact_no_noise,P45,-0.0009849777385622094
attention_primary,regression,compact_no_noise,TCN,20260907,test,matched,ridge,compact_no_noise,P5,0.011810882850817994
attention_primary,regression,compact_no_noise,TCN,20260907,test,full,ridge,full,P10,-0.0013234723664068415
attention_primary,regression,compact_no_noise,TCN,20260907,test,full,ridge,full,P11,-0.003463864134251482
attention_primary,regression,compact_no_noise,TCN,20260907,test,full,ridge,full,P15,-0.0009563960254779236
attention_primary,regression,compact_no_noise,TCN,20260907,test,full,ridge,full,P16,0.0038097560306442624
attention_primary,regression,compact_no_noise,TCN,20260907,test,full,ridge,full,P37,-0.0048324034557203355
attention_primary,regression,compact_no_noise,TCN,20260907,test,full,ridge,full,P39,0.00803595401431001
attention_primary,regression,compact_no_noise,TCN,20260907,test,full,ridge,full,P45,0.0023492487950074192
attention_primary,regression,compact_no_noise,TCN,20260907,test,full,ridge,full,P5,0.014602089209891367
attention_primary,regression,compact_no_noise,TCN,20260908,validation,matched,ridge,compact_no_noise,P23,-0.02262513810330402
attention_primary,regression,compact_no_noise,TCN,20260908,validation,matched,ridge,compact_no_noise,P28,-0.008868045340846287
attention_primary,regression,compact_no_noise,TCN,20260908,validation,matched,ridge,compact_no_noise,P31,0.005562244423261364
attention_primary,regression,compact_no_noise,TCN,20260908,validation,matched,ridge,compact_no_noise,P32,0.0018660466099573725
attention_primary,regression,compact_no_noise,TCN,20260908,validation,matched,ridge,compact_no_noise,P38,-0.00611762437698693
attention_primary,regression,compact_no_noise,TCN,20260908,validation,matched,ridge,compact_no_noise,P41,-0.0030323586772735833
attention_primary,regression,compact_no_noise,TCN,20260908,validation,matched,ridge,compact_no_noise,P47,-0.012799273864114724
attention_primary,regression,compact_no_noise,TCN,20260908,validation,matched,ridge,compact_no_noise,P6,0.00813853194709746
attention_primary,regression,compact_no_noise,TCN,20260908,validation,full,ridge,full,P23,-0.03038298510176296
attention_primary,regression,compact_no_noise,TCN,20260908,validation,full,ridge,full,P28,-0.009168753587247447
attention_primary,regression,compact_no_noise,TCN,20260908,validation,full,ridge,full,P31,0.007072259099498601
attention_primary,regression,compact_no_noise,TCN,20260908,validation,full,ridge,full,P32,0.004407029334897894
attention_primary,regression,compact_no_noise,TCN,20260908,validation,full,ridge,full,P38,-0.008687489822889471
attention_primary,regression,compact_no_noise,TCN,20260908,validation,full,ridge,full,P41,-0.0017996278538461308
attention_primary,regression,compact_no_noise,TCN,20260908,validation,full,ridge,full,P47,-0.011355495671988125
attention_primary,regression,compact_no_noise,TCN,20260908,validation,full,ridge,full,P6,0.012598978479937628
attention_primary,regression,compact_no_noise,TCN,20260908,test,matched,ridge,compact_no_noise,P10,0.0035885510140978294
attention_primary,regression,compact_no_noise,TCN,20260908,test,matched,ridge,compact_no_noise,P11,-0.008237744868673236
attention_primary,regression,compact_no_noise,TCN,20260908,test,matched,ridge,compact_no_noise,P15,0.006216507340636723
attention_primary,regression,compact_no_noise,TCN,20260908,test,matched,ridge,compact_no_noise,P16,0.006509796753667474
attention_primary,regression,compact_no_noise,TCN,20260908,test,matched,ridge,compact_no_noise,P37,-0.0046610407648262075
attention_primary,regression,compact_no_noise,TCN,20260908,test,matched,ridge,compact_no_noise,P39,0.008293717982158277
attention_primary,regression,compact_no_noise,TCN,20260908,test,matched,ridge,compact_no_noise,P45,0.0013706345175672485
attention_primary,regression,compact_no_noise,TCN,20260908,test,matched,ridge,compact_no_noise,P5,0.01455524636602612
attention_primary,regression,compact_no_noise,TCN,20260908,test,full,ridge,full,P10,0.007612592018372499
attention_primary,regression,compact_no_noise,TCN,20260908,test,full,ridge,full,P11,-0.00869864097826345
attention_primary,regression,compact_no_noise,TCN,20260908,test,full,ridge,full,P15,0.008867877312491168
attention_primary,regression,compact_no_noise,TCN,20260908,test,full,ridge,full,P16,-0.0003453628434841871
attention_primary,regression,compact_no_noise,TCN,20260908,test,full,ridge,full,P37,-0.007210173964793398
attention_primary,regression,compact_no_noise,TCN,20260908,test,full,ridge,full,P39,0.020379466889962394
attention_primary,regression,compact_no_noise,TCN,20260908,test,full,ridge,full,P45,0.004704861051136877
attention_primary,regression,compact_no_noise,TCN,20260908,test,full,ridge,full,P5,0.017346452725099493
attention_primary,regression,compact_no_noise,LSTM,20260907,validation,matched,ridge,compact_no_noise,P23,-0.011871140146740622
attention_primary,regression,compact_no_noise,LSTM,20260907,validation,matched,ridge,compact_no_noise,P28,-0.0029192586686930255
attention_primary,regression,compact_no_noise,LSTM,20260907,validation,matched,ridge,compact_no_noise,P31,0.007889187836816025
attention_primary,regression,compact_no_noise,LSTM,20260907,validation,matched,ridge,compact_no_noise,P32,0.005152860707175577
attention_primary,regression,compact_no_noise,LSTM,20260907,validation,matched,ridge,compact_no_noise,P38,-0.00218944458300685
attention_primary,regression,compact_no_noise,LSTM,20260907,validation,matched,ridge,compact_no_noise,P41,-0.0032731547352429224
attention_primary,regression,compact_no_noise,LSTM,20260907,validation,matched,ridge,compact_no_noise,P47,-0.00043895863981879835
attention_primary,regression,compact_no_noise,LSTM,20260907,validation,matched,ridge,compact_no_noise,P6,6.782257369386535e-05
attention_primary,regression,compact_no_noise,LSTM,20260907,validation,full,ridge,full,P23,-0.01962898714519956
attention_primary,regression,compact_no_noise,LSTM,20260907,validation,full,ridge,full,P28,-0.0032199669150941856
attention_primary,regression,compact_no_noise,LSTM,20260907,validation,full,ridge,full,P31,0.009399202513053262
attention_primary,regression,compact_no_noise,LSTM,20260907,validation,full,ridge,full,P32,0.007693843432116099
attention_primary,regression,compact_no_noise,LSTM,20260907,validation,full,ridge,full,P38,-0.0047593100289093915
attention_primary,regression,compact_no_noise,LSTM,20260907,validation,full,ridge,full,P41,-0.00204042391181547
attention_primary,regression,compact_no_noise,LSTM,20260907,validation,full,ridge,full,P47,0.0010048195523078007
attention_primary,regression,compact_no_noise,LSTM,20260907,validation,full,ridge,full,P6,0.004528269106534033
attention_primary,regression,compact_no_noise,LSTM,20260907,test,matched,ridge,compact_no_noise,P10,-0.002194471325153158
attention_primary,regression,compact_no_noise,LSTM,20260907,test,matched,ridge,compact_no_noise,P11,-0.007760873625412001
attention_primary,regression,compact_no_noise,LSTM,20260907,test,matched,ridge,compact_no_noise,P15,-0.0009970141388915277
attention_primary,regression,compact_no_noise,LSTM,20260907,test,matched,ridge,compact_no_noise,P16,-0.0027614875828817498
attention_primary,regression,compact_no_noise,LSTM,20260907,test,matched,ridge,compact_no_noise,P37,0.00127665475278671
attention_primary,regression,compact_no_noise,LSTM,20260907,test,matched,ridge,compact_no_noise,P39,0.00027297297907713514
attention_primary,regression,compact_no_noise,LSTM,20260907,test,matched,ridge,compact_no_noise,P45,0.00017177975769588905
attention_primary,regression,compact_no_noise,LSTM,20260907,test,matched,ridge,compact_no_noise,P5,-0.0018579030777723382
attention_primary,regression,compact_no_noise,LSTM,20260907,test,full,ridge,full,P10,0.0018295696791215121
attention_primary,regression,compact_no_noise,LSTM,20260907,test,full,ridge,full,P11,-0.008221769735002216
attention_primary,regression,compact_no_noise,LSTM,20260907,test,full,ridge,full,P15,0.001654355832962917
attention_primary,regression,compact_no_noise,LSTM,20260907,test,full,ridge,full,P16,-0.00961664718003341
attention_primary,regression,compact_no_noise,LSTM,20260907,test,full,ridge,full,P37,-0.0012724784471804806
attention_primary,regression,compact_no_noise,LSTM,20260907,test,full,ridge,full,P39,0.012358721886881252
attention_primary,regression,compact_no_noise,LSTM,20260907,test,full,ridge,full,P45,0.0035060062912655177
attention_primary,regression,compact_no_noise,LSTM,20260907,test,full,ridge,full,P5,0.0009333032813010345
attention_primary,regression,compact_no_noise,LSTM,20260908,validation,matched,ridge,compact_no_noise,P23,-0.023204047573157416
attention_primary,regression,compact_no_noise,LSTM,20260908,validation,matched,ridge,compact_no_noise,P28,-0.0043413372134144534
attention_primary,regression,compact_no_noise,LSTM,20260908,validation,matched,ridge,compact_no_noise,P31,-0.0007040502336388421
attention_primary,regression,compact_no_noise,LSTM,20260908,validation,matched,ridge,compact_no_noise,P32,0.01209177647913906
attention_primary,regression,compact_no_noise,LSTM,20260908,validation,matched,ridge,compact_no_noise,P38,-0.003010935189618591
attention_primary,regression,compact_no_noise,LSTM,20260908,validation,matched,ridge,compact_no_noise,P41,-0.0026227959805864565
attention_primary,regression,compact_no_noise,LSTM,20260908,validation,matched,ridge,compact_no_noise,P47,-0.01023299671134792
attention_primary,regression,compact_no_noise,LSTM,20260908,validation,matched,ridge,compact_no_noise,P6,0.0033686409974805764
attention_primary,regression,compact_no_noise,LSTM,20260908,validation,full,ridge,full,P23,-0.030961894571616355
attention_primary,regression,compact_no_noise,LSTM,20260908,validation,full,ridge,full,P28,-0.0046420454598156136
attention_primary,regression,compact_no_noise,LSTM,20260908,validation,full,ridge,full,P31,0.0008059644425983947
attention_primary,regression,compact_no_noise,LSTM,20260908,validation,full,ridge,full,P32,0.014632759204079582
attention_primary,regression,compact_no_noise,LSTM,20260908,validation,full,ridge,full,P38,-0.005580800635521133
attention_primary,regression,compact_no_noise,LSTM,20260908,validation,full,ridge,full,P41,-0.001390065157159004
attention_primary,regression,compact_no_noise,LSTM,20260908,validation,full,ridge,full,P47,-0.00878921851922132
attention_primary,regression,compact_no_noise,LSTM,20260908,validation,full,ridge,full,P6,0.007829087530320744
attention_primary,regression,compact_no_noise,LSTM,20260908,test,matched,ridge,compact_no_noise,P10,-0.011250771034289286
attention_primary,regression,compact_no_noise,LSTM,20260908,test,matched,ridge,compact_no_noise,P11,-0.0024021379177061597
attention_primary,regression,compact_no_noise,LSTM,20260908,test,matched,ridge,compact_no_noise,P15,0.004476399208474202
attention_primary,regression,compact_no_noise,LSTM,20260908,test,matched,ridge,compact_no_noise,P16,-0.0011195662384477778
attention_primary,regression,compact_no_noise,LSTM,20260908,test,matched,ridge,compact_no_noise,P37,-0.01157362077010382
attention_primary,regression,compact_no_noise,LSTM,20260908,test,matched,ridge,compact_no_noise,P39,0.0027449079579302538
attention_primary,regression,compact_no_noise,LSTM,20260908,test,matched,ridge,compact_no_noise,P45,-0.01174678766258408
attention_primary,regression,compact_no_noise,LSTM,20260908,test,matched,ridge,compact_no_noise,P5,-0.0012473691961192301
attention_primary,regression,compact_no_noise,LSTM,20260908,test,full,ridge,full,P10,-0.0072267300300146164
attention_primary,regression,compact_no_noise,LSTM,20260908,test,full,ridge,full,P11,-0.002863034027296374
attention_primary,regression,compact_no_noise,LSTM,20260908,test,full,ridge,full,P15,0.007127769180328647
attention_primary,regression,compact_no_noise,LSTM,20260908,test,full,ridge,full,P16,-0.007974725835599439
attention_primary,regression,compact_no_noise,LSTM,20260908,test,full,ridge,full,P37,-0.014122753970071011
attention_primary,regression,compact_no_noise,LSTM,20260908,test,full,ridge,full,P39,0.01483065686573437
attention_primary,regression,compact_no_noise,LSTM,20260908,test,full,ridge,full,P45,-0.00841256112901445
attention_primary,regression,compact_no_noise,LSTM,20260908,test,full,ridge,full,P5,0.0015438371629541425
attention_primary,regression,compact_no_noise,BiLSTM,20260907,validation,matched,ridge,compact_no_noise,P23,-0.0071789146383043345
attention_primary,regression,compact_no_noise,BiLSTM,20260907,validation,matched,ridge,compact_no_noise,P28,-0.00988990431121084
attention_primary,regression,compact_no_noise,BiLSTM,20260907,validation,matched,ridge,compact_no_noise,P31,0.0004551456751460403
attention_primary,regression,compact_no_noise,BiLSTM,20260907,validation,matched,ridge,compact_no_noise,P32,0.011295635937484838
attention_primary,regression,compact_no_noise,BiLSTM,20260907,validation,matched,ridge,compact_no_noise,P38,-0.004815316660363722
attention_primary,regression,compact_no_noise,BiLSTM,20260907,validation,matched,ridge,compact_no_noise,P41,-0.00434151186861409
attention_primary,regression,compact_no_noise,BiLSTM,20260907,validation,matched,ridge,compact_no_noise,P47,-0.009890388863157407
attention_primary,regression,compact_no_noise,BiLSTM,20260907,validation,matched,ridge,compact_no_noise,P6,-0.0009668193536596092
attention_primary,regression,compact_no_noise,BiLSTM,20260907,validation,full,ridge,full,P23,-0.014936761636763274
attention_primary,regression,compact_no_noise,BiLSTM,20260907,validation,full,ridge,full,P28,-0.010190612557612
attention_primary,regression,compact_no_noise,BiLSTM,20260907,validation,full,ridge,full,P31,0.001965160351383277
attention_primary,regression,compact_no_noise,BiLSTM,20260907,validation,full,ridge,full,P32,0.01383661866242536
attention_primary,regression,compact_no_noise,BiLSTM,20260907,validation,full,ridge,full,P38,-0.007385182106266264
attention_primary,regression,compact_no_noise,BiLSTM,20260907,validation,full,ridge,full,P41,-0.003108781045186637
attention_primary,regression,compact_no_noise,BiLSTM,20260907,validation,full,ridge,full,P47,-0.008446610671030808
attention_primary,regression,compact_no_noise,BiLSTM,20260907,validation,full,ridge,full,P6,0.0034936271791805584
attention_primary,regression,compact_no_noise,BiLSTM,20260907,test,matched,ridge,compact_no_noise,P10,0.0005579015389718389
attention_primary,regression,compact_no_noise,BiLSTM,20260907,test,matched,ridge,compact_no_noise,P11,-0.006868810533023018
attention_primary,regression,compact_no_noise,BiLSTM,20260907,test,matched,ridge,compact_no_noise,P15,-0.0017282943967733555
attention_primary,regression,compact_no_noise,BiLSTM,20260907,test,matched,ridge,compact_no_noise,P16,0.0018591899881822416
attention_primary,regression,compact_no_noise,BiLSTM,20260907,test,matched,ridge,compact_no_noise,P37,0.006740604212065904
attention_primary,regression,compact_no_noise,BiLSTM,20260907,test,matched,ridge,compact_no_noise,P39,0.0012750178688922809
attention_primary,regression,compact_no_noise,BiLSTM,20260907,test,matched,ridge,compact_no_noise,P45,0.003473127033803536
attention_primary,regression,compact_no_noise,BiLSTM,20260907,test,matched,ridge,compact_no_noise,P5,0.005938864549705936
attention_primary,regression,compact_no_noise,BiLSTM,20260907,test,full,ridge,full,P10,0.004581942543246509
attention_primary,regression,compact_no_noise,BiLSTM,20260907,test,full,ridge,full,P11,-0.007329706642613232
attention_primary,regression,compact_no_noise,BiLSTM,20260907,test,full,ridge,full,P15,0.0009230755750810893
attention_primary,regression,compact_no_noise,BiLSTM,20260907,test,full,ridge,full,P16,-0.0049959696089694194
attention_primary,regression,compact_no_noise,BiLSTM,20260907,test,full,ridge,full,P37,0.004191471012098713
attention_primary,regression,compact_no_noise,BiLSTM,20260907,test,full,ridge,full,P39,0.013360766776696398
attention_primary,regression,compact_no_noise,BiLSTM,20260907,test,full,ridge,full,P45,0.0068073535673731644
attention_primary,regression,compact_no_noise,BiLSTM,20260907,test,full,ridge,full,P5,0.008730070908779308
attention_primary,regression,compact_no_noise,BiLSTM,20260908,validation,matched,ridge,compact_no_noise,P23,-0.012770444311637652
attention_primary,regression,compact_no_noise,BiLSTM,20260908,validation,matched,ridge,compact_no_noise,P28,-0.00875501479725549
attention_primary,regression,compact_no_noise,BiLSTM,20260908,validation,matched,ridge,compact_no_noise,P31,-0.0019804922756776477
attention_primary,regression,compact_no_noise,BiLSTM,20260908,validation,matched,ridge,compact_no_noise,P32,0.012358739793093876
attention_primary,regression,compact_no_noise,BiLSTM,20260908,validation,matched,ridge,compact_no_noise,P38,-0.0026858175688870833
attention_primary,regression,compact_no_noise,BiLSTM,20260908,validation,matched,ridge,compact_no_noise,P41,-0.0013861604201459432
attention_primary,regression,compact_no_noise,BiLSTM,20260908,validation,matched,ridge,compact_no_noise,P47,-0.008787787905901956
attention_primary,regression,compact_no_noise,BiLSTM,20260908,validation,matched,ridge,compact_no_noise,P6,0.00030619912906970637
attention_primary,regression,compact_no_noise,BiLSTM,20260908,validation,full,ridge,full,P23,-0.02052829131009659
attention_primary,regression,compact_no_noise,BiLSTM,20260908,validation,full,ridge,full,P28,-0.00905572304365665
attention_primary,regression,compact_no_noise,BiLSTM,20260908,validation,full,ridge,full,P31,-0.0004704775994404109
attention_primary,regression,compact_no_noise,BiLSTM,20260908,validation,full,ridge,full,P32,0.014899722518034397
attention_primary,regression,compact_no_noise,BiLSTM,20260908,validation,full,ridge,full,P38,-0.005255683014789625
attention_primary,regression,compact_no_noise,BiLSTM,20260908,validation,full,ridge,full,P41,-0.00015342959671849066
attention_primary,regression,compact_no_noise,BiLSTM,20260908,validation,full,ridge,full,P47,-0.007344009713775357
attention_primary,regression,compact_no_noise,BiLSTM,20260908,validation,full,ridge,full,P6,0.004766645661909874
attention_primary,regression,compact_no_noise,BiLSTM,20260908,test,matched,ridge,compact_no_noise,P10,-0.004797313979457263
attention_primary,regression,compact_no_noise,BiLSTM,20260908,test,matched,ridge,compact_no_noise,P11,-0.004635627009268006
attention_primary,regression,compact_no_noise,BiLSTM,20260908,test,matched,ridge,compact_no_noise,P15,-0.007483803924039245
attention_primary,regression,compact_no_noise,BiLSTM,20260908,test,matched,ridge,compact_no_noise,P16,-0.0006333434742542554
attention_primary,regression,compact_no_noise,BiLSTM,20260908,test,matched,ridge,compact_no_noise,P37,0.0029713512722711055
attention_primary,regression,compact_no_noise,BiLSTM,20260908,test,matched,ridge,compact_no_noise,P39,0.0050034349738801165
attention_primary,regression,compact_no_noise,BiLSTM,20260908,test,matched,ridge,compact_no_noise,P45,-0.0007037856910612206
attention_primary,regression,compact_no_noise,BiLSTM,20260908,test,matched,ridge,compact_no_noise,P5,0.004816588749660844
attention_primary,regression,compact_no_noise,BiLSTM,20260908,test,full,ridge,full,P10,-0.0007732729751825929
attention_primary,regression,compact_no_noise,BiLSTM,20260908,test,full,ridge,full,P11,-0.0050965231188582205
attention_primary,regression,compact_no_noise,BiLSTM,20260908,test,full,ridge,full,P15,-0.0048324339521848
attention_primary,regression,compact_no_noise,BiLSTM,20260908,test,full,ridge,full,P16,-0.007488503071405916
attention_primary,regression,compact_no_noise,BiLSTM,20260908,test,full,ridge,full,P37,0.00042221807230391484
attention_primary,regression,compact_no_noise,BiLSTM,20260908,test,full,ridge,full,P39,0.017089183881684233
attention_primary,regression,compact_no_noise,BiLSTM,20260908,test,full,ridge,full,P45,0.002630440842508408
attention_primary,regression,compact_no_noise,BiLSTM,20260908,test,full,ridge,full,P5,0.007607795108734217
arousal_primary_6s,classification,full,TCN,20260907,validation,matched,logistic,full,P23,-0.06763285024154592
arousal_primary_6s,classification,full,TCN,20260907,validation,matched,logistic,full,P28,0.1221204425902413
arousal_primary_6s,classification,full,TCN,20260907,validation,matched,logistic,full,P31,-0.006837606837606924
arousal_primary_6s,classification,full,TCN,20260907,validation,matched,logistic,full,P32,-0.004084000464090964
arousal_primary_6s,classification,full,TCN,20260907,validation,matched,logistic,full,P38,-0.0631940523244871
arousal_primary_6s,classification,full,TCN,20260907,validation,matched,logistic,full,P41,-0.032348111658456524
arousal_primary_6s,classification,full,TCN,20260907,validation,matched,logistic,full,P47,0.04656515289455221
arousal_primary_6s,classification,full,TCN,20260907,validation,matched,logistic,full,P6,-0.05130121271714194
arousal_primary_6s,classification,full,TCN,20260907,validation,full,logistic,full,P23,-0.06763285024154592
arousal_primary_6s,classification,full,TCN,20260907,validation,full,logistic,full,P28,0.1221204425902413
arousal_primary_6s,classification,full,TCN,20260907,validation,full,logistic,full,P31,-0.006837606837606924
arousal_primary_6s,classification,full,TCN,20260907,validation,full,logistic,full,P32,-0.004084000464090964
arousal_primary_6s,classification,full,TCN,20260907,validation,full,logistic,full,P38,-0.0631940523244871
arousal_primary_6s,classification,full,TCN,20260907,validation,full,logistic,full,P41,-0.032348111658456524
arousal_primary_6s,classification,full,TCN,20260907,validation,full,logistic,full,P47,0.04656515289455221
arousal_primary_6s,classification,full,TCN,20260907,validation,full,logistic,full,P6,-0.05130121271714194
arousal_primary_6s,classification,full,TCN,20260907,test,matched,logistic,full,P10,0.01771156482216285
arousal_primary_6s,classification,full,TCN,20260907,test,matched,logistic,full,P11,0.01449275362318847
arousal_primary_6s,classification,full,TCN,20260907,test,matched,logistic,full,P15,0.04097602531337469
arousal_primary_6s,classification,full,TCN,20260907,test,matched,logistic,full,P16,0.03271983640081805
arousal_primary_6s,classification,full,TCN,20260907,test,matched,logistic,full,P37,0.17372621240024555
arousal_primary_6s,classification,full,TCN,20260907,test,matched,logistic,full,P39,0.04583333333333334
arousal_primary_6s,classification,full,TCN,20260907,test,matched,logistic,full,P45,0.03449828859664916
arousal_primary_6s,classification,full,TCN,20260907,test,matched,logistic,full,P5,0.0470085470085469
arousal_primary_6s,classification,full,TCN,20260907,test,full,logistic,full,P10,0.01771156482216285
arousal_primary_6s,classification,full,TCN,20260907,test,full,logistic,full,P11,0.01449275362318847
arousal_primary_6s,classification,full,TCN,20260907,test,full,logistic,full,P15,0.04097602531337469
arousal_primary_6s,classification,full,TCN,20260907,test,full,logistic,full,P16,0.03271983640081805
arousal_primary_6s,classification,full,TCN,20260907,test,full,logistic,full,P37,0.17372621240024555
arousal_primary_6s,classification,full,TCN,20260907,test,full,logistic,full,P39,0.04583333333333334
arousal_primary_6s,classification,full,TCN,20260907,test,full,logistic,full,P45,0.03449828859664916
arousal_primary_6s,classification,full,TCN,20260907,test,full,logistic,full,P5,0.0470085470085469
arousal_primary_6s,classification,full,TCN,20260908,validation,matched,logistic,full,P23,-0.012077294685990336
arousal_primary_6s,classification,full,TCN,20260908,validation,matched,logistic,full,P28,0.02504685893947639
arousal_primary_6s,classification,full,TCN,20260908,validation,matched,logistic,full,P31,0.06666666666666665
arousal_primary_6s,classification,full,TCN,20260908,validation,matched,logistic,full,P32,-0.05689755192017637
arousal_primary_6s,classification,full,TCN,20260908,validation,matched,logistic,full,P38,-0.02907438777004001
arousal_primary_6s,classification,full,TCN,20260908,validation,matched,logistic,full,P41,-0.017777777777777837
arousal_primary_6s,classification,full,TCN,20260908,validation,matched,logistic,full,P47,0.03445091370747233
arousal_primary_6s,classification,full,TCN,20260908,validation,matched,logistic,full,P6,-0.053294001966568305
arousal_primary_6s,classification,full,TCN,20260908,validation,full,logistic,full,P23,-0.012077294685990336
arousal_primary_6s,classification,full,TCN,20260908,validation,full,logistic,full,P28,0.02504685893947639
arousal_primary_6s,classification,full,TCN,20260908,validation,full,logistic,full,P31,0.06666666666666665
arousal_primary_6s,classification,full,TCN,20260908,validation,full,logistic,full,P32,-0.05689755192017637
arousal_primary_6s,classification,full,TCN,20260908,validation,full,logistic,full,P38,-0.02907438777004001
arousal_primary_6s,classification,full,TCN,20260908,validation,full,logistic,full,P41,-0.017777777777777837
arousal_primary_6s,classification,full,TCN,20260908,validation,full,logistic,full,P47,0.03445091370747233
arousal_primary_6s,classification,full,TCN,20260908,validation,full,logistic,full,P6,-0.053294001966568305
arousal_primary_6s,classification,full,TCN,20260908,test,matched,logistic,full,P10,0.00021643460067816145
arousal_primary_6s,classification,full,TCN,20260908,test,matched,logistic,full,P11,0.012422360248447228
arousal_primary_6s,classification,full,TCN,20260908,test,matched,logistic,full,P15,-0.016307654861871745
arousal_primary_6s,classification,full,TCN,20260908,test,matched,logistic,full,P16,0.028629856850715785
arousal_primary_6s,classification,full,TCN,20260908,test,matched,logistic,full,P37,0.024708410067526082
arousal_primary_6s,classification,full,TCN,20260908,test,matched,logistic,full,P39,0.10625000000000007
arousal_primary_6s,classification,full,TCN,20260908,test,matched,logistic,full,P45,0.0492904181428771
arousal_primary_6s,classification,full,TCN,20260908,test,matched,logistic,full,P5,-0.032051282051282104
arousal_primary_6s,classification,full,TCN,20260908,test,full,logistic,full,P10,0.00021643460067816145
arousal_primary_6s,classification,full,TCN,20260908,test,full,logistic,full,P11,0.012422360248447228
arousal_primary_6s,classification,full,TCN,20260908,test,full,logistic,full,P15,-0.016307654861871745
arousal_primary_6s,classification,full,TCN,20260908,test,full,logistic,full,P16,0.028629856850715785
arousal_primary_6s,classification,full,TCN,20260908,test,full,logistic,full,P37,0.024708410067526082
arousal_primary_6s,classification,full,TCN,20260908,test,full,logistic,full,P39,0.10625000000000007
arousal_primary_6s,classification,full,TCN,20260908,test,full,logistic,full,P45,0.0492904181428771
arousal_primary_6s,classification,full,TCN,20260908,test,full,logistic,full,P5,-0.032051282051282104
arousal_primary_6s,classification,full,LSTM,20260907,validation,matched,logistic,full,P23,0.03623188405797101
arousal_primary_6s,classification,full,LSTM,20260907,validation,matched,logistic,full,P28,0.04049519317975697
arousal_primary_6s,classification,full,LSTM,20260907,validation,matched,logistic,full,P31,0.0222222222222222
arousal_primary_6s,classification,full,LSTM,20260907,validation,matched,logistic,full,P32,-0.05294117647058827
arousal_primary_6s,classification,full,LSTM,20260907,validation,matched,logistic,full,P38,-0.021164021164021163
arousal_primary_6s,classification,full,LSTM,20260907,validation,matched,logistic,full,P41,-0.04021893814997268
arousal_primary_6s,classification,full,LSTM,20260907,validation,matched,logistic,full,P47,0.045255797849197865
arousal_primary_6s,classification,full,LSTM,20260907,validation,matched,logistic,full,P6,-0.03666338905276967
arousal_primary_6s,classification,full,LSTM,20260907,validation,full,logistic,full,P23,0.03623188405797101
arousal_primary_6s,classification,full,LSTM,20260907,validation,full,logistic,full,P28,0.04049519317975697
arousal_primary_6s,classification,full,LSTM,20260907,validation,full,logistic,full,P31,0.0222222222222222
arousal_primary_6s,classification,full,LSTM,20260907,validation,full,logistic,full,P32,-0.05294117647058827
arousal_primary_6s,classification,full,LSTM,20260907,validation,full,logistic,full,P38,-0.021164021164021163
arousal_primary_6s,classification,full,LSTM,20260907,validation,full,logistic,full,P41,-0.04021893814997268
arousal_primary_6s,classification,full,LSTM,20260907,validation,full,logistic,full,P47,0.045255797849197865
arousal_primary_6s,classification,full,LSTM,20260907,validation,full,logistic,full,P6,-0.03666338905276967
arousal_primary_6s,classification,full,LSTM,20260907,test,matched,logistic,full,P10,-0.0077315249020032395
arousal_primary_6s,classification,full,LSTM,20260907,test,matched,logistic,full,P11,0.022774327122153215
arousal_primary_6s,classification,full,LSTM,20260907,test,matched,logistic,full,P15,0.04650115613971034
arousal_primary_6s,classification,full,LSTM,20260907,test,matched,logistic,full,P16,0.06748466257668717
arousal_primary_6s,classification,full,LSTM,20260907,test,matched,logistic,full,P37,0.11080417434008594
arousal_primary_6s,classification,full,LSTM,20260907,test,matched,logistic,full,P39,0.0
arousal_primary_6s,classification,full,LSTM,20260907,test,matched,logistic,full,P45,0.020036429872495487
arousal_primary_6s,classification,full,LSTM,20260907,test,matched,logistic,full,P5,-0.0021367521367521847
arousal_primary_6s,classification,full,LSTM,20260907,test,full,logistic,full,P10,-0.0077315249020032395
arousal_primary_6s,classification,full,LSTM,20260907,test,full,logistic,full,P11,0.022774327122153215
arousal_primary_6s,classification,full,LSTM,20260907,test,full,logistic,full,P15,0.04650115613971034
arousal_primary_6s,classification,full,LSTM,20260907,test,full,logistic,full,P16,0.06748466257668717
arousal_primary_6s,classification,full,LSTM,20260907,test,full,logistic,full,P37,0.11080417434008594
arousal_primary_6s,classification,full,LSTM,20260907,test,full,logistic,full,P39,0.0
arousal_primary_6s,classification,full,LSTM,20260907,test,full,logistic,full,P45,0.020036429872495487
arousal_primary_6s,classification,full,LSTM,20260907,test,full,logistic,full,P5,-0.0021367521367521847
arousal_primary_6s,classification,full,LSTM,20260908,validation,matched,logistic,full,P23,0.03623188405797101
arousal_primary_6s,classification,full,LSTM,20260908,validation,matched,logistic,full,P28,0.10617328738134107
arousal_primary_6s,classification,full,LSTM,20260908,validation,matched,logistic,full,P31,-0.006837606837606924
arousal_primary_6s,classification,full,LSTM,20260908,validation,matched,logistic,full,P32,0.01568627450980392
arousal_primary_6s,classification,full,LSTM,20260908,validation,matched,logistic,full,P38,-9.933705585879471e-05
arousal_primary_6s,classification,full,LSTM,20260908,validation,matched,logistic,full,P41,-0.03432950191570883
arousal_primary_6s,classification,full,LSTM,20260908,validation,matched,logistic,full,P47,0.039483638408692845
arousal_primary_6s,classification,full,LSTM,20260908,validation,matched,logistic,full,P6,-0.04690265486725664
arousal_primary_6s,classification,full,LSTM,20260908,validation,full,logistic,full,P23,0.03623188405797101
arousal_primary_6s,classification,full,LSTM,20260908,validation,full,logistic,full,P28,0.10617328738134107
arousal_primary_6s,classification,full,LSTM,20260908,validation,full,logistic,full,P31,-0.006837606837606924
arousal_primary_6s,classification,full,LSTM,20260908,validation,full,logistic,full,P32,0.01568627450980392
arousal_primary_6s,classification,full,LSTM,20260908,validation,full,logistic,full,P38,-9.933705585879471e-05
arousal_primary_6s,classification,full,LSTM,20260908,validation,full,logistic,full,P41,-0.03432950191570883
arousal_primary_6s,classification,full,LSTM,20260908,validation,full,logistic,full,P47,0.039483638408692845
arousal_primary_6s,classification,full,LSTM,20260908,validation,full,logistic,full,P6,-0.04690265486725664
arousal_primary_6s,classification,full,LSTM,20260908,test,matched,logistic,full,P10,0.0040040401125460146
arousal_primary_6s,classification,full,LSTM,20260908,test,matched,logistic,full,P11,0.02070393374741203
arousal_primary_6s,classification,full,LSTM,20260908,test,matched,logistic,full,P15,-0.026019228428867003
arousal_primary_6s,classification,full,LSTM,20260908,test,matched,logistic,full,P16,-0.022494887525562335
arousal_primary_6s,classification,full,LSTM,20260908,test,matched,logistic,full,P37,0.055248618784530384
arousal_primary_6s,classification,full,LSTM,20260908,test,matched,logistic,full,P39,-0.01041666666666663
arousal_primary_6s,classification,full,LSTM,20260908,test,matched,logistic,full,P45,0.045577373446225866
arousal_primary_6s,classification,full,LSTM,20260908,test,matched,logistic,full,P5,0.014957264957264904
arousal_primary_6s,classification,full,LSTM,20260908,test,full,logistic,full,P10,0.0040040401125460146
arousal_primary_6s,classification,full,LSTM,20260908,test,full,logistic,full,P11,0.02070393374741203
arousal_primary_6s,classification,full,LSTM,20260908,test,full,logistic,full,P15,-0.026019228428867003
arousal_primary_6s,classification,full,LSTM,20260908,test,full,logistic,full,P16,-0.022494887525562335
arousal_primary_6s,classification,full,LSTM,20260908,test,full,logistic,full,P37,0.055248618784530384
arousal_primary_6s,classification,full,LSTM,20260908,test,full,logistic,full,P39,-0.01041666666666663
arousal_primary_6s,classification,full,LSTM,20260908,test,full,logistic,full,P45,0.045577373446225866
arousal_primary_6s,classification,full,LSTM,20260908,test,full,logistic,full,P5,0.014957264957264904
arousal_primary_6s,classification,full,BiLSTM,20260907,validation,matched,logistic,full,P23,0.0
arousal_primary_6s,classification,full,BiLSTM,20260907,validation,matched,logistic,full,P28,0.036580204365439295
arousal_primary_6s,classification,full,BiLSTM,20260907,validation,matched,logistic,full,P31,0.020512820512820495
arousal_primary_6s,classification,full,BiLSTM,20260907,validation,matched,logistic,full,P32,-0.12943496925397377
arousal_primary_6s,classification,full,BiLSTM,20260907,validation,matched,logistic,full,P38,-0.023605621431708412
arousal_primary_6s,classification,full,BiLSTM,20260907,validation,matched,logistic,full,P41,-0.02551724137931044
arousal_primary_6s,classification,full,BiLSTM,20260907,validation,matched,logistic,full,P47,0.06536670167054287
arousal_primary_6s,classification,full,BiLSTM,20260907,validation,matched,logistic,full,P6,-0.06644378892166503
arousal_primary_6s,classification,full,BiLSTM,20260907,validation,full,logistic,full,P23,0.0
arousal_primary_6s,classification,full,BiLSTM,20260907,validation,full,logistic,full,P28,0.036580204365439295
arousal_primary_6s,classification,full,BiLSTM,20260907,validation,full,logistic,full,P31,0.020512820512820495
arousal_primary_6s,classification,full,BiLSTM,20260907,validation,full,logistic,full,P32,-0.12943496925397377
arousal_primary_6s,classification,full,BiLSTM,20260907,validation,full,logistic,full,P38,-0.023605621431708412
arousal_primary_6s,classification,full,BiLSTM,20260907,validation,full,logistic,full,P41,-0.02551724137931044
arousal_primary_6s,classification,full,BiLSTM,20260907,validation,full,logistic,full,P47,0.06536670167054287
arousal_primary_6s,classification,full,BiLSTM,20260907,validation,full,logistic,full,P6,-0.06644378892166503
arousal_primary_6s,classification,full,BiLSTM,20260907,test,matched,logistic,full,P10,0.03816463458624919
arousal_primary_6s,classification,full,BiLSTM,20260907,test,matched,logistic,full,P11,0.02277432712215327
arousal_primary_6s,classification,full,BiLSTM,20260907,test,matched,logistic,full,P15,0.012279420713155631
arousal_primary_6s,classification,full,BiLSTM,20260907,test,matched,logistic,full,P16,0.04703476482617597
arousal_primary_6s,classification,full,BiLSTM,20260907,test,matched,logistic,full,P37,0.1527010435850215
arousal_primary_6s,classification,full,BiLSTM,20260907,test,matched,logistic,full,P39,0.14583333333333343
arousal_primary_6s,classification,full,BiLSTM,20260907,test,matched,logistic,full,P45,0.030905342380752154
arousal_primary_6s,classification,full,BiLSTM,20260907,test,matched,logistic,full,P5,-5.551115123125783e-17
arousal_primary_6s,classification,full,BiLSTM,20260907,test,full,logistic,full,P10,0.03816463458624919
arousal_primary_6s,classification,full,BiLSTM,20260907,test,full,logistic,full,P11,0.02277432712215327
arousal_primary_6s,classification,full,BiLSTM,20260907,test,full,logistic,full,P15,0.012279420713155631
arousal_primary_6s,classification,full,BiLSTM,20260907,test,full,logistic,full,P16,0.04703476482617597
arousal_primary_6s,classification,full,BiLSTM,20260907,test,full,logistic,full,P37,0.1527010435850215
arousal_primary_6s,classification,full,BiLSTM,20260907,test,full,logistic,full,P39,0.14583333333333343
arousal_primary_6s,classification,full,BiLSTM,20260907,test,full,logistic,full,P45,0.030905342380752154
arousal_primary_6s,classification,full,BiLSTM,20260907,test,full,logistic,full,P5,-5.551115123125783e-17
arousal_primary_6s,classification,full,BiLSTM,20260908,validation,matched,logistic,full,P23,-0.00724637681159418
arousal_primary_6s,classification,full,BiLSTM,20260908,validation,matched,logistic,full,P28,0.05175645444101823
arousal_primary_6s,classification,full,BiLSTM,20260908,validation,matched,logistic,full,P31,-0.015384615384615441
arousal_primary_6s,classification,full,BiLSTM,20260908,validation,matched,logistic,full,P32,-0.007877944077039123
arousal_primary_6s,classification,full,BiLSTM,20260908,validation,matched,logistic,full,P38,-0.012004098960620657
arousal_primary_6s,classification,full,BiLSTM,20260908,validation,matched,logistic,full,P41,0.055665024630541904
arousal_primary_6s,classification,full,BiLSTM,20260908,validation,matched,logistic,full,P47,0.020565283494697884
arousal_primary_6s,classification,full,BiLSTM,20260908,validation,matched,logistic,full,P6,-0.03346443788921666
arousal_primary_6s,classification,full,BiLSTM,20260908,validation,full,logistic,full,P23,-0.00724637681159418
arousal_primary_6s,classification,full,BiLSTM,20260908,validation,full,logistic,full,P28,0.05175645444101823
arousal_primary_6s,classification,full,BiLSTM,20260908,validation,full,logistic,full,P31,-0.015384615384615441
arousal_primary_6s,classification,full,BiLSTM,20260908,validation,full,logistic,full,P32,-0.007877944077039123
arousal_primary_6s,classification,full,BiLSTM,20260908,validation,full,logistic,full,P38,-0.012004098960620657
arousal_primary_6s,classification,full,BiLSTM,20260908,validation,full,logistic,full,P41,0.055665024630541904
arousal_primary_6s,classification,full,BiLSTM,20260908,validation,full,logistic,full,P47,0.020565283494697884
arousal_primary_6s,classification,full,BiLSTM,20260908,validation,full,logistic,full,P6,-0.03346443788921666
arousal_primary_6s,classification,full,BiLSTM,20260908,test,matched,logistic,full,P10,-0.029723685159800922
arousal_primary_6s,classification,full,BiLSTM,20260908,test,matched,logistic,full,P11,0.02277432712215327
arousal_primary_6s,classification,full,BiLSTM,20260908,test,matched,logistic,full,P15,0.034039187051235154
arousal_primary_6s,classification,full,BiLSTM,20260908,test,matched,logistic,full,P16,0.0961145194274029
arousal_primary_6s,classification,full,BiLSTM,20260908,test,matched,logistic,full,P37,0.11648250460405157
arousal_primary_6s,classification,full,BiLSTM,20260908,test,matched,logistic,full,P39,0.0
arousal_primary_6s,classification,full,BiLSTM,20260908,test,matched,logistic,full,P45,0.07111831701995636
arousal_primary_6s,classification,full,BiLSTM,20260908,test,matched,logistic,full,P5,0.04059829059829051
arousal_primary_6s,classification,full,BiLSTM,20260908,test,full,logistic,full,P10,-0.029723685159800922
arousal_primary_6s,classification,full,BiLSTM,20260908,test,full,logistic,full,P11,0.02277432712215327
arousal_primary_6s,classification,full,BiLSTM,20260908,test,full,logistic,full,P15,0.034039187051235154
arousal_primary_6s,classification,full,BiLSTM,20260908,test,full,logistic,full,P16,0.0961145194274029
arousal_primary_6s,classification,full,BiLSTM,20260908,test,full,logistic,full,P37,0.11648250460405157
arousal_primary_6s,classification,full,BiLSTM,20260908,test,full,logistic,full,P39,0.0
arousal_primary_6s,classification,full,BiLSTM,20260908,test,full,logistic,full,P45,0.07111831701995636
arousal_primary_6s,classification,full,BiLSTM,20260908,test,full,logistic,full,P5,0.04059829059829051
arousal_primary_6s,classification,full,MLP_current,20260907,validation,matched,logistic,full,P23,-0.012077294685990336
arousal_primary_6s,classification,full,MLP_current,20260907,validation,matched,logistic,full,P28,0.14665336477417013
arousal_primary_6s,classification,full,MLP_current,20260907,validation,matched,logistic,full,P31,0.035897435897435825
arousal_primary_6s,classification,full,MLP_current,20260907,validation,matched,logistic,full,P32,-0.027450980392156876
arousal_primary_6s,classification,full,MLP_current,20260907,validation,matched,logistic,full,P38,-0.009285400589748416
arousal_primary_6s,classification,full,MLP_current,20260907,validation,matched,logistic,full,P41,-0.0384236453201971
arousal_primary_6s,classification,full,MLP_current,20260907,validation,matched,logistic,full,P47,0.036199778739055555
arousal_primary_6s,classification,full,MLP_current,20260907,validation,matched,logistic,full,P6,-0.05332677810553915
arousal_primary_6s,classification,full,MLP_current,20260907,validation,full,logistic,full,P23,-0.012077294685990336
arousal_primary_6s,classification,full,MLP_current,20260907,validation,full,logistic,full,P28,0.14665336477417013
arousal_primary_6s,classification,full,MLP_current,20260907,validation,full,logistic,full,P31,0.035897435897435825
arousal_primary_6s,classification,full,MLP_current,20260907,validation,full,logistic,full,P32,-0.027450980392156876
arousal_primary_6s,classification,full,MLP_current,20260907,validation,full,logistic,full,P38,-0.009285400589748416
arousal_primary_6s,classification,full,MLP_current,20260907,validation,full,logistic,full,P41,-0.0384236453201971
arousal_primary_6s,classification,full,MLP_current,20260907,validation,full,logistic,full,P47,0.036199778739055555
arousal_primary_6s,classification,full,MLP_current,20260907,validation,full,logistic,full,P6,-0.05332677810553915
arousal_primary_6s,classification,full,MLP_current,20260907,test,matched,logistic,full,P10,0.04202438496500971
arousal_primary_6s,classification,full,MLP_current,20260907,test,matched,logistic,full,P11,0.024844720496894457
arousal_primary_6s,classification,full,MLP_current,20260907,test,matched,logistic,full,P15,0.020323719118899852
arousal_primary_6s,classification,full,MLP_current,20260907,test,matched,logistic,full,P16,0.028629856850715785
arousal_primary_6s,classification,full,MLP_current,20260907,test,matched,logistic,full,P37,0.05325352977286679
arousal_primary_6s,classification,full,MLP_current,20260907,test,matched,logistic,full,P39,0.05625000000000002
arousal_primary_6s,classification,full,MLP_current,20260907,test,matched,logistic,full,P45,0.016453491863327896
arousal_primary_6s,classification,full,MLP_current,20260907,test,matched,logistic,full,P5,-0.044871794871794934
arousal_primary_6s,classification,full,MLP_current,20260907,test,full,logistic,full,P10,0.04202438496500971
arousal_primary_6s,classification,full,MLP_current,20260907,test,full,logistic,full,P11,0.024844720496894457
arousal_primary_6s,classification,full,MLP_current,20260907,test,full,logistic,full,P15,0.020323719118899852
arousal_primary_6s,classification,full,MLP_current,20260907,test,full,logistic,full,P16,0.028629856850715785
arousal_primary_6s,classification,full,MLP_current,20260907,test,full,logistic,full,P37,0.05325352977286679
arousal_primary_6s,classification,full,MLP_current,20260907,test,full,logistic,full,P39,0.05625000000000002
arousal_primary_6s,classification,full,MLP_current,20260907,test,full,logistic,full,P45,0.016453491863327896
arousal_primary_6s,classification,full,MLP_current,20260907,test,full,logistic,full,P5,-0.044871794871794934
arousal_primary_6s,classification,full,MLP_current,20260908,validation,matched,logistic,full,P23,0.007246376811594235
arousal_primary_6s,classification,full,MLP_current,20260908,validation,matched,logistic,full,P28,0.05211923332728702
arousal_primary_6s,classification,full,MLP_current,20260908,validation,matched,logistic,full,P31,0.03931623931623923
arousal_primary_6s,classification,full,MLP_current,20260908,validation,matched,logistic,full,P32,-0.03730131105696721
arousal_primary_6s,classification,full,MLP_current,20260908,validation,matched,logistic,full,P38,-0.018534203316812048
arousal_primary_6s,classification,full,MLP_current,20260908,validation,matched,logistic,full,P41,-0.009742747673782248
arousal_primary_6s,classification,full,MLP_current,20260908,validation,matched,logistic,full,P47,0.037794125575077164
arousal_primary_6s,classification,full,MLP_current,20260908,validation,matched,logistic,full,P6,-0.005598164536217642
arousal_primary_6s,classification,full,MLP_current,20260908,validation,full,logistic,full,P23,0.007246376811594235
arousal_primary_6s,classification,full,MLP_current,20260908,validation,full,logistic,full,P28,0.05211923332728702
arousal_primary_6s,classification,full,MLP_current,20260908,validation,full,logistic,full,P31,0.03931623931623923
arousal_primary_6s,classification,full,MLP_current,20260908,validation,full,logistic,full,P32,-0.03730131105696721
arousal_primary_6s,classification,full,MLP_current,20260908,validation,full,logistic,full,P38,-0.018534203316812048
arousal_primary_6s,classification,full,MLP_current,20260908,validation,full,logistic,full,P41,-0.009742747673782248
arousal_primary_6s,classification,full,MLP_current,20260908,validation,full,logistic,full,P47,0.037794125575077164
arousal_primary_6s,classification,full,MLP_current,20260908,validation,full,logistic,full,P6,-0.005598164536217642
arousal_primary_6s,classification,full,MLP_current,20260908,test,matched,logistic,full,P10,-0.02397614409734744
arousal_primary_6s,classification,full,MLP_current,20260908,test,matched,logistic,full,P11,0.03726708074534163
arousal_primary_6s,classification,full,MLP_current,20260908,test,matched,logistic,full,P15,-0.016076426919800435
arousal_primary_6s,classification,full,MLP_current,20260908,test,matched,logistic,full,P16,0.010224948875255657
arousal_primary_6s,classification,full,MLP_current,20260908,test,matched,logistic,full,P37,0.1025168815224064
arousal_primary_6s,classification,full,MLP_current,20260908,test,matched,logistic,full,P39,0.10416666666666669
arousal_primary_6s,classification,full,MLP_current,20260908,test,matched,logistic,full,P45,0.03657999559638897
arousal_primary_6s,classification,full,MLP_current,20260908,test,matched,logistic,full,P5,-0.05769230769230771
arousal_primary_6s,classification,full,MLP_current,20260908,test,full,logistic,full,P10,-0.02397614409734744
arousal_primary_6s,classification,full,MLP_current,20260908,test,full,logistic,full,P11,0.03726708074534163
arousal_primary_6s,classification,full,MLP_current,20260908,test,full,logistic,full,P15,-0.016076426919800435
arousal_primary_6s,classification,full,MLP_current,20260908,test,full,logistic,full,P16,0.010224948875255657
arousal_primary_6s,classification,full,MLP_current,20260908,test,full,logistic,full,P37,0.1025168815224064
arousal_primary_6s,classification,full,MLP_current,20260908,test,full,logistic,full,P39,0.10416666666666669
arousal_primary_6s,classification,full,MLP_current,20260908,test,full,logistic,full,P45,0.03657999559638897
arousal_primary_6s,classification,full,MLP_current,20260908,test,full,logistic,full,P5,-0.05769230769230771
arousal_primary_6s,regression,full,TCN,20260907,validation,matched,ridge,full,P23,-0.006992537938786736
arousal_primary_6s,regression,full,TCN,20260907,validation,matched,ridge,full,P28,-0.015209460224873905
arousal_primary_6s,regression,full,TCN,20260907,validation,matched,ridge,full,P31,-0.008022248809096189
arousal_primary_6s,regression,full,TCN,20260907,validation,matched,ridge,full,P32,-0.011090565582507206
arousal_primary_6s,regression,full,TCN,20260907,validation,matched,ridge,full,P38,-0.0019300540962592372
arousal_primary_6s,regression,full,TCN,20260907,validation,matched,ridge,full,P41,-0.003475716838074794
arousal_primary_6s,regression,full,TCN,20260907,validation,matched,ridge,full,P47,-0.011956195270322878
arousal_primary_6s,regression,full,TCN,20260907,validation,matched,ridge,full,P6,0.013868102469956622
arousal_primary_6s,regression,full,TCN,20260907,validation,full,ridge,full,P23,-0.006992537938786736
arousal_primary_6s,regression,full,TCN,20260907,validation,full,ridge,full,P28,-0.015209460224873905
arousal_primary_6s,regression,full,TCN,20260907,validation,full,ridge,full,P31,-0.008022248809096189
arousal_primary_6s,regression,full,TCN,20260907,validation,full,ridge,full,P32,-0.011090565582507206
arousal_primary_6s,regression,full,TCN,20260907,validation,full,ridge,full,P38,-0.0019300540962592372
arousal_primary_6s,regression,full,TCN,20260907,validation,full,ridge,full,P41,-0.003475716838074794
arousal_primary_6s,regression,full,TCN,20260907,validation,full,ridge,full,P47,-0.011956195270322878
arousal_primary_6s,regression,full,TCN,20260907,validation,full,ridge,full,P6,0.013868102469956622
arousal_primary_6s,regression,full,TCN,20260907,test,matched,ridge,full,P10,-0.0118733228692538
arousal_primary_6s,regression,full,TCN,20260907,test,matched,ridge,full,P11,0.0020638889639034153
arousal_primary_6s,regression,full,TCN,20260907,test,matched,ridge,full,P15,0.007617938123925416
arousal_primary_6s,regression,full,TCN,20260907,test,matched,ridge,full,P16,-0.052031862923140104
arousal_primary_6s,regression,full,TCN,20260907,test,matched,ridge,full,P37,-0.0035645750342219173
arousal_primary_6s,regression,full,TCN,20260907,test,matched,ridge,full,P39,-0.03246808558909753
arousal_primary_6s,regression,full,TCN,20260907,test,matched,ridge,full,P45,0.009848184131589943
arousal_primary_6s,regression,full,TCN,20260907,test,matched,ridge,full,P5,-0.007561858621187523
arousal_primary_6s,regression,full,TCN,20260907,test,full,ridge,full,P10,-0.0118733228692538
arousal_primary_6s,regression,full,TCN,20260907,test,full,ridge,full,P11,0.0020638889639034153
arousal_primary_6s,regression,full,TCN,20260907,test,full,ridge,full,P15,0.007617938123925416
arousal_primary_6s,regression,full,TCN,20260907,test,full,ridge,full,P16,-0.052031862923140104
arousal_primary_6s,regression,full,TCN,20260907,test,full,ridge,full,P37,-0.0035645750342219173
arousal_primary_6s,regression,full,TCN,20260907,test,full,ridge,full,P39,-0.03246808558909753
arousal_primary_6s,regression,full,TCN,20260907,test,full,ridge,full,P45,0.009848184131589943
arousal_primary_6s,regression,full,TCN,20260907,test,full,ridge,full,P5,-0.007561858621187523
arousal_primary_6s,regression,full,TCN,20260908,validation,matched,ridge,full,P23,-0.003393902028652973
arousal_primary_6s,regression,full,TCN,20260908,validation,matched,ridge,full,P28,0.009778071348208628
arousal_primary_6s,regression,full,TCN,20260908,validation,matched,ridge,full,P31,-0.012621252226147295
arousal_primary_6s,regression,full,TCN,20260908,validation,matched,ridge,full,P32,-0.002825008614093516
arousal_primary_6s,regression,full,TCN,20260908,validation,matched,ridge,full,P38,-0.009983410547588
arousal_primary_6s,regression,full,TCN,20260908,validation,matched,ridge,full,P41,-0.013051407956830019
arousal_primary_6s,regression,full,TCN,20260908,validation,matched,ridge,full,P47,-0.0008560569604314505
arousal_primary_6s,regression,full,TCN,20260908,validation,matched,ridge,full,P6,-0.016386279375700585
arousal_primary_6s,regression,full,TCN,20260908,validation,full,ridge,full,P23,-0.003393902028652973
arousal_primary_6s,regression,full,TCN,20260908,validation,full,ridge,full,P28,0.009778071348208628
arousal_primary_6s,regression,full,TCN,20260908,validation,full,ridge,full,P31,-0.012621252226147295
arousal_primary_6s,regression,full,TCN,20260908,validation,full,ridge,full,P32,-0.002825008614093516
arousal_primary_6s,regression,full,TCN,20260908,validation,full,ridge,full,P38,-0.009983410547588
arousal_primary_6s,regression,full,TCN,20260908,validation,full,ridge,full,P41,-0.013051407956830019
arousal_primary_6s,regression,full,TCN,20260908,validation,full,ridge,full,P47,-0.0008560569604314505
arousal_primary_6s,regression,full,TCN,20260908,validation,full,ridge,full,P6,-0.016386279375700585
arousal_primary_6s,regression,full,TCN,20260908,test,matched,ridge,full,P10,0.003872203998336543
arousal_primary_6s,regression,full,TCN,20260908,test,matched,ridge,full,P11,-0.01411590230455173
arousal_primary_6s,regression,full,TCN,20260908,test,matched,ridge,full,P15,0.007346710379399601
arousal_primary_6s,regression,full,TCN,20260908,test,matched,ridge,full,P16,-0.03547698904706453
arousal_primary_6s,regression,full,TCN,20260908,test,matched,ridge,full,P37,0.0025570365391995864
arousal_primary_6s,regression,full,TCN,20260908,test,matched,ridge,full,P39,-0.002000468623122309
arousal_primary_6s,regression,full,TCN,20260908,test,matched,ridge,full,P45,-0.0004813595993793385
arousal_primary_6s,regression,full,TCN,20260908,test,matched,ridge,full,P5,-0.011990999121127444
arousal_primary_6s,regression,full,TCN,20260908,test,full,ridge,full,P10,0.003872203998336543
arousal_primary_6s,regression,full,TCN,20260908,test,full,ridge,full,P11,-0.01411590230455173
arousal_primary_6s,regression,full,TCN,20260908,test,full,ridge,full,P15,0.007346710379399601
arousal_primary_6s,regression,full,TCN,20260908,test,full,ridge,full,P16,-0.03547698904706453
arousal_primary_6s,regression,full,TCN,20260908,test,full,ridge,full,P37,0.0025570365391995864
arousal_primary_6s,regression,full,TCN,20260908,test,full,ridge,full,P39,-0.002000468623122309
arousal_primary_6s,regression,full,TCN,20260908,test,full,ridge,full,P45,-0.0004813595993793385
arousal_primary_6s,regression,full,TCN,20260908,test,full,ridge,full,P5,-0.011990999121127444
arousal_primary_6s,regression,full,LSTM,20260907,validation,matched,ridge,full,P23,-0.016126089426101387
arousal_primary_6s,regression,full,LSTM,20260907,validation,matched,ridge,full,P28,0.009057604057966517
arousal_primary_6s,regression,full,LSTM,20260907,validation,matched,ridge,full,P31,-0.0058625262091418495
arousal_primary_6s,regression,full,LSTM,20260907,validation,matched,ridge,full,P32,-0.015088935670944936
arousal_primary_6s,regression,full,LSTM,20260907,validation,matched,ridge,full,P38,-0.015945499453247303
arousal_primary_6s,regression,full,LSTM,20260907,validation,matched,ridge,full,P41,-0.021678112339981404
arousal_primary_6s,regression,full,LSTM,20260907,validation,matched,ridge,full,P47,0.005374349159853686
arousal_primary_6s,regression,full,LSTM,20260907,validation,matched,ridge,full,P6,-0.026902721433065935
arousal_primary_6s,regression,full,LSTM,20260907,validation,full,ridge,full,P23,-0.016126089426101387
arousal_primary_6s,regression,full,LSTM,20260907,validation,full,ridge,full,P28,0.009057604057966517
arousal_primary_6s,regression,full,LSTM,20260907,validation,full,ridge,full,P31,-0.0058625262091418495
arousal_primary_6s,regression,full,LSTM,20260907,validation,full,ridge,full,P32,-0.015088935670944936
arousal_primary_6s,regression,full,LSTM,20260907,validation,full,ridge,full,P38,-0.015945499453247303
arousal_primary_6s,regression,full,LSTM,20260907,validation,full,ridge,full,P41,-0.021678112339981404
arousal_primary_6s,regression,full,LSTM,20260907,validation,full,ridge,full,P47,0.005374349159853686
arousal_primary_6s,regression,full,LSTM,20260907,validation,full,ridge,full,P6,-0.026902721433065935
arousal_primary_6s,regression,full,LSTM,20260907,test,matched,ridge,full,P10,-0.005936018525115383
arousal_primary_6s,regression,full,LSTM,20260907,test,matched,ridge,full,P11,-0.016419137256466265
arousal_primary_6s,regression,full,LSTM,20260907,test,matched,ridge,full,P15,0.012840012390474609
arousal_primary_6s,regression,full,LSTM,20260907,test,matched,ridge,full,P16,-0.0574072018509435
arousal_primary_6s,regression,full,LSTM,20260907,test,matched,ridge,full,P37,0.011073561521423914
arousal_primary_6s,regression,full,LSTM,20260907,test,matched,ridge,full,P39,-0.025048949203988036
arousal_primary_6s,regression,full,LSTM,20260907,test,matched,ridge,full,P45,-0.0022323880126424722
arousal_primary_6s,regression,full,LSTM,20260907,test,matched,ridge,full,P5,0.0014527661537587777
arousal_primary_6s,regression,full,LSTM,20260907,test,full,ridge,full,P10,-0.005936018525115383
arousal_primary_6s,regression,full,LSTM,20260907,test,full,ridge,full,P11,-0.016419137256466265
arousal_primary_6s,regression,full,LSTM,20260907,test,full,ridge,full,P15,0.012840012390474609
arousal_primary_6s,regression,full,LSTM,20260907,test,full,ridge,full,P16,-0.0574072018509435
arousal_primary_6s,regression,full,LSTM,20260907,test,full,ridge,full,P37,0.011073561521423914
arousal_primary_6s,regression,full,LSTM,20260907,test,full,ridge,full,P39,-0.025048949203988036
arousal_primary_6s,regression,full,LSTM,20260907,test,full,ridge,full,P45,-0.0022323880126424722
arousal_primary_6s,regression,full,LSTM,20260907,test,full,ridge,full,P5,0.0014527661537587777
arousal_primary_6s,regression,full,LSTM,20260908,validation,matched,ridge,full,P23,-0.017611463467942623
arousal_primary_6s,regression,full,LSTM,20260908,validation,matched,ridge,full,P28,-0.012025005147482282
arousal_primary_6s,regression,full,LSTM,20260908,validation,matched,ridge,full,P31,-0.009177913882080668
arousal_primary_6s,regression,full,LSTM,20260908,validation,matched,ridge,full,P32,-0.013761384844963476
arousal_primary_6s,regression,full,LSTM,20260908,validation,matched,ridge,full,P38,-0.015404085449923555
arousal_primary_6s,regression,full,LSTM,20260908,validation,matched,ridge,full,P41,-0.0012804173102682892
arousal_primary_6s,regression,full,LSTM,20260908,validation,matched,ridge,full,P47,0.010991407958700017
arousal_primary_6s,regression,full,LSTM,20260908,validation,matched,ridge,full,P6,-0.03349061109927276
arousal_primary_6s,regression,full,LSTM,20260908,validation,full,ridge,full,P23,-0.017611463467942623
arousal_primary_6s,regression,full,LSTM,20260908,validation,full,ridge,full,P28,-0.012025005147482282
arousal_primary_6s,regression,full,LSTM,20260908,validation,full,ridge,full,P31,-0.009177913882080668
arousal_primary_6s,regression,full,LSTM,20260908,validation,full,ridge,full,P32,-0.013761384844963476
arousal_primary_6s,regression,full,LSTM,20260908,validation,full,ridge,full,P38,-0.015404085449923555
arousal_primary_6s,regression,full,LSTM,20260908,validation,full,ridge,full,P41,-0.0012804173102682892
arousal_primary_6s,regression,full,LSTM,20260908,validation,full,ridge,full,P47,0.010991407958700017
arousal_primary_6s,regression,full,LSTM,20260908,validation,full,ridge,full,P6,-0.03349061109927276
arousal_primary_6s,regression,full,LSTM,20260908,test,matched,ridge,full,P10,-0.006856826536673966
arousal_primary_6s,regression,full,LSTM,20260908,test,matched,ridge,full,P11,0.016372606248455823
arousal_primary_6s,regression,full,LSTM,20260908,test,matched,ridge,full,P15,0.0003990003231353345
arousal_primary_6s,regression,full,LSTM,20260908,test,matched,ridge,full,P16,-0.026773211261195806
arousal_primary_6s,regression,full,LSTM,20260908,test,matched,ridge,full,P37,0.010169659309028689
arousal_primary_6s,regression,full,LSTM,20260908,test,matched,ridge,full,P39,0.0077461855883280695
arousal_primary_6s,regression,full,LSTM,20260908,test,matched,ridge,full,P45,0.0024980258135843814
arousal_primary_6s,regression,full,LSTM,20260908,test,matched,ridge,full,P5,-0.004782743171920623
arousal_primary_6s,regression,full,LSTM,20260908,test,full,ridge,full,P10,-0.006856826536673966
arousal_primary_6s,regression,full,LSTM,20260908,test,full,ridge,full,P11,0.016372606248455823
arousal_primary_6s,regression,full,LSTM,20260908,test,full,ridge,full,P15,0.0003990003231353345
arousal_primary_6s,regression,full,LSTM,20260908,test,full,ridge,full,P16,-0.026773211261195806
arousal_primary_6s,regression,full,LSTM,20260908,test,full,ridge,full,P37,0.010169659309028689
arousal_primary_6s,regression,full,LSTM,20260908,test,full,ridge,full,P39,0.0077461855883280695
arousal_primary_6s,regression,full,LSTM,20260908,test,full,ridge,full,P45,0.0024980258135843814
arousal_primary_6s,regression,full,LSTM,20260908,test,full,ridge,full,P5,-0.004782743171920623
arousal_primary_6s,regression,full,BiLSTM,20260907,validation,matched,ridge,full,P23,0.002373591840793776
arousal_primary_6s,regression,full,BiLSTM,20260907,validation,matched,ridge,full,P28,0.0223558353442741
arousal_primary_6s,regression,full,BiLSTM,20260907,validation,matched,ridge,full,P31,-0.0003785011554631179
arousal_primary_6s,regression,full,BiLSTM,20260907,validation,matched,ridge,full,P32,-0.012877209579812976
arousal_primary_6s,regression,full,BiLSTM,20260907,validation,matched,ridge,full,P38,-0.025551585825071443
arousal_primary_6s,regression,full,BiLSTM,20260907,validation,matched,ridge,full,P41,-0.008955817726590265
arousal_primary_6s,regression,full,BiLSTM,20260907,validation,matched,ridge,full,P47,0.006086123775961516
arousal_primary_6s,regression,full,BiLSTM,20260907,validation,matched,ridge,full,P6,0.014040463539427228
arousal_primary_6s,regression,full,BiLSTM,20260907,validation,full,ridge,full,P23,0.002373591840793776
arousal_primary_6s,regression,full,BiLSTM,20260907,validation,full,ridge,full,P28,0.0223558353442741
arousal_primary_6s,regression,full,BiLSTM,20260907,validation,full,ridge,full,P31,-0.0003785011554631179
arousal_primary_6s,regression,full,BiLSTM,20260907,validation,full,ridge,full,P32,-0.012877209579812976
arousal_primary_6s,regression,full,BiLSTM,20260907,validation,full,ridge,full,P38,-0.025551585825071443
arousal_primary_6s,regression,full,BiLSTM,20260907,validation,full,ridge,full,P41,-0.008955817726590265
arousal_primary_6s,regression,full,BiLSTM,20260907,validation,full,ridge,full,P47,0.006086123775961516
arousal_primary_6s,regression,full,BiLSTM,20260907,validation,full,ridge,full,P6,0.014040463539427228
arousal_primary_6s,regression,full,BiLSTM,20260907,test,matched,ridge,full,P10,0.008611540965837494
arousal_primary_6s,regression,full,BiLSTM,20260907,test,matched,ridge,full,P11,0.0020712187065403675
arousal_primary_6s,regression,full,BiLSTM,20260907,test,matched,ridge,full,P15,-0.008097854015678863
arousal_primary_6s,regression,full,BiLSTM,20260907,test,matched,ridge,full,P16,-0.07937612602732047
arousal_primary_6s,regression,full,BiLSTM,20260907,test,matched,ridge,full,P37,0.02130789088300944
arousal_primary_6s,regression,full,BiLSTM,20260907,test,matched,ridge,full,P39,0.010223814719696134
arousal_primary_6s,regression,full,BiLSTM,20260907,test,matched,ridge,full,P45,0.020354708921928366
arousal_primary_6s,regression,full,BiLSTM,20260907,test,matched,ridge,full,P5,-0.01217370348879021
arousal_primary_6s,regression,full,BiLSTM,20260907,test,full,ridge,full,P10,0.008611540965837494
arousal_primary_6s,regression,full,BiLSTM,20260907,test,full,ridge,full,P11,0.0020712187065403675
arousal_primary_6s,regression,full,BiLSTM,20260907,test,full,ridge,full,P15,-0.008097854015678863
arousal_primary_6s,regression,full,BiLSTM,20260907,test,full,ridge,full,P16,-0.07937612602732047
arousal_primary_6s,regression,full,BiLSTM,20260907,test,full,ridge,full,P37,0.02130789088300944
arousal_primary_6s,regression,full,BiLSTM,20260907,test,full,ridge,full,P39,0.010223814719696134
arousal_primary_6s,regression,full,BiLSTM,20260907,test,full,ridge,full,P45,0.020354708921928366
arousal_primary_6s,regression,full,BiLSTM,20260907,test,full,ridge,full,P5,-0.01217370348879021
arousal_primary_6s,regression,full,BiLSTM,20260908,validation,matched,ridge,full,P23,0.002488669558206591
arousal_primary_6s,regression,full,BiLSTM,20260908,validation,matched,ridge,full,P28,0.015971113950498328
arousal_primary_6s,regression,full,BiLSTM,20260908,validation,matched,ridge,full,P31,-0.009968304390622906
arousal_primary_6s,regression,full,BiLSTM,20260908,validation,matched,ridge,full,P32,-0.0011243561134210989
arousal_primary_6s,regression,full,BiLSTM,20260908,validation,matched,ridge,full,P38,-0.029533712839037163
arousal_primary_6s,regression,full,BiLSTM,20260908,validation,matched,ridge,full,P41,-0.01710131541649429
arousal_primary_6s,regression,full,BiLSTM,20260908,validation,matched,ridge,full,P47,0.01012660703226309
arousal_primary_6s,regression,full,BiLSTM,20260908,validation,matched,ridge,full,P6,-0.040915967565970046
arousal_primary_6s,regression,full,BiLSTM,20260908,validation,full,ridge,full,P23,0.002488669558206591
arousal_primary_6s,regression,full,BiLSTM,20260908,validation,full,ridge,full,P28,0.015971113950498328
arousal_primary_6s,regression,full,BiLSTM,20260908,validation,full,ridge,full,P31,-0.009968304390622906
arousal_primary_6s,regression,full,BiLSTM,20260908,validation,full,ridge,full,P32,-0.0011243561134210989
arousal_primary_6s,regression,full,BiLSTM,20260908,validation,full,ridge,full,P38,-0.029533712839037163
arousal_primary_6s,regression,full,BiLSTM,20260908,validation,full,ridge,full,P41,-0.01710131541649429
arousal_primary_6s,regression,full,BiLSTM,20260908,validation,full,ridge,full,P47,0.01012660703226309
arousal_primary_6s,regression,full,BiLSTM,20260908,validation,full,ridge,full,P6,-0.040915967565970046
arousal_primary_6s,regression,full,BiLSTM,20260908,test,matched,ridge,full,P10,0.00202669780524789
arousal_primary_6s,regression,full,BiLSTM,20260908,test,matched,ridge,full,P11,0.005619708765475906
arousal_primary_6s,regression,full,BiLSTM,20260908,test,matched,ridge,full,P15,0.007139816592782733
arousal_primary_6s,regression,full,BiLSTM,20260908,test,matched,ridge,full,P16,-0.08646769734209325
arousal_primary_6s,regression,full,BiLSTM,20260908,test,matched,ridge,full,P37,0.008940034882514047
arousal_primary_6s,regression,full,BiLSTM,20260908,test,matched,ridge,full,P39,-0.003278910494937115
arousal_primary_6s,regression,full,BiLSTM,20260908,test,matched,ridge,full,P45,0.004250565639974391
arousal_primary_6s,regression,full,BiLSTM,20260908,test,matched,ridge,full,P5,-0.009549610651118035
arousal_primary_6s,regression,full,BiLSTM,20260908,test,full,ridge,full,P10,0.00202669780524789
arousal_primary_6s,regression,full,BiLSTM,20260908,test,full,ridge,full,P11,0.005619708765475906
arousal_primary_6s,regression,full,BiLSTM,20260908,test,full,ridge,full,P15,0.007139816592782733
arousal_primary_6s,regression,full,BiLSTM,20260908,test,full,ridge,full,P16,-0.08646769734209325
arousal_primary_6s,regression,full,BiLSTM,20260908,test,full,ridge,full,P37,0.008940034882514047
arousal_primary_6s,regression,full,BiLSTM,20260908,test,full,ridge,full,P39,-0.003278910494937115
arousal_primary_6s,regression,full,BiLSTM,20260908,test,full,ridge,full,P45,0.004250565639974391
arousal_primary_6s,regression,full,BiLSTM,20260908,test,full,ridge,full,P5,-0.009549610651118035
arousal_primary_6s,regression,full,MLP_current,20260907,validation,matched,ridge,full,P23,-0.005186211287346865
arousal_primary_6s,regression,full,MLP_current,20260907,validation,matched,ridge,full,P28,-0.002042086935115206
arousal_primary_6s,regression,full,MLP_current,20260907,validation,matched,ridge,full,P31,-0.00010397782833548863
arousal_primary_6s,regression,full,MLP_current,20260907,validation,matched,ridge,full,P32,-0.019080743576055936
arousal_primary_6s,regression,full,MLP_current,20260907,validation,matched,ridge,full,P38,-0.006652841046605573
arousal_primary_6s,regression,full,MLP_current,20260907,validation,matched,ridge,full,P41,0.005543054272713066
arousal_primary_6s,regression,full,MLP_current,20260907,validation,matched,ridge,full,P47,0.007941340387092155
arousal_primary_6s,regression,full,MLP_current,20260907,validation,matched,ridge,full,P6,-0.0014093388237810256
arousal_primary_6s,regression,full,MLP_current,20260907,validation,full,ridge,full,P23,-0.005186211287346865
arousal_primary_6s,regression,full,MLP_current,20260907,validation,full,ridge,full,P28,-0.002042086935115206
arousal_primary_6s,regression,full,MLP_current,20260907,validation,full,ridge,full,P31,-0.00010397782833548863
arousal_primary_6s,regression,full,MLP_current,20260907,validation,full,ridge,full,P32,-0.019080743576055936
arousal_primary_6s,regression,full,MLP_current,20260907,validation,full,ridge,full,P38,-0.006652841046605573
arousal_primary_6s,regression,full,MLP_current,20260907,validation,full,ridge,full,P41,0.005543054272713066
arousal_primary_6s,regression,full,MLP_current,20260907,validation,full,ridge,full,P47,0.007941340387092155
arousal_primary_6s,regression,full,MLP_current,20260907,validation,full,ridge,full,P6,-0.0014093388237810256
arousal_primary_6s,regression,full,MLP_current,20260907,test,matched,ridge,full,P10,0.009861953405545298
arousal_primary_6s,regression,full,MLP_current,20260907,test,matched,ridge,full,P11,-0.0017326857461973377
arousal_primary_6s,regression,full,MLP_current,20260907,test,matched,ridge,full,P15,0.009402112522083339
arousal_primary_6s,regression,full,MLP_current,20260907,test,matched,ridge,full,P16,-0.012523687154943453
arousal_primary_6s,regression,full,MLP_current,20260907,test,matched,ridge,full,P37,-0.004593575676535511
arousal_primary_6s,regression,full,MLP_current,20260907,test,matched,ridge,full,P39,-0.003555447413681412
arousal_primary_6s,regression,full,MLP_current,20260907,test,matched,ridge,full,P45,-0.002364723885626807
arousal_primary_6s,regression,full,MLP_current,20260907,test,matched,ridge,full,P5,0.0012539570081323559
arousal_primary_6s,regression,full,MLP_current,20260907,test,full,ridge,full,P10,0.009861953405545298
arousal_primary_6s,regression,full,MLP_current,20260907,test,full,ridge,full,P11,-0.0017326857461973377
arousal_primary_6s,regression,full,MLP_current,20260907,test,full,ridge,full,P15,0.009402112522083339
arousal_primary_6s,regression,full,MLP_current,20260907,test,full,ridge,full,P16,-0.012523687154943453
arousal_primary_6s,regression,full,MLP_current,20260907,test,full,ridge,full,P37,-0.004593575676535511
arousal_primary_6s,regression,full,MLP_current,20260907,test,full,ridge,full,P39,-0.003555447413681412
arousal_primary_6s,regression,full,MLP_current,20260907,test,full,ridge,full,P45,-0.002364723885626807
arousal_primary_6s,regression,full,MLP_current,20260907,test,full,ridge,full,P5,0.0012539570081323559
arousal_primary_6s,regression,full,MLP_current,20260908,validation,matched,ridge,full,P23,-0.0025993335167777687
arousal_primary_6s,regression,full,MLP_current,20260908,validation,matched,ridge,full,P28,0.001476587963658682
arousal_primary_6s,regression,full,MLP_current,20260908,validation,matched,ridge,full,P31,-0.0016341888958157913
arousal_primary_6s,regression,full,MLP_current,20260908,validation,matched,ridge,full,P32,-0.01472064597775935
arousal_primary_6s,regression,full,MLP_current,20260908,validation,matched,ridge,full,P38,-0.008609370549400586
arousal_primary_6s,regression,full,MLP_current,20260908,validation,matched,ridge,full,P41,-0.007673415131055572
arousal_primary_6s,regression,full,MLP_current,20260908,validation,matched,ridge,full,P47,0.008036054422915107
arousal_primary_6s,regression,full,MLP_current,20260908,validation,matched,ridge,full,P6,-0.028935666697530893
arousal_primary_6s,regression,full,MLP_current,20260908,validation,full,ridge,full,P23,-0.0025993335167777687
arousal_primary_6s,regression,full,MLP_current,20260908,validation,full,ridge,full,P28,0.001476587963658682
arousal_primary_6s,regression,full,MLP_current,20260908,validation,full,ridge,full,P31,-0.0016341888958157913
arousal_primary_6s,regression,full,MLP_current,20260908,validation,full,ridge,full,P32,-0.01472064597775935
arousal_primary_6s,regression,full,MLP_current,20260908,validation,full,ridge,full,P38,-0.008609370549400586
arousal_primary_6s,regression,full,MLP_current,20260908,validation,full,ridge,full,P41,-0.007673415131055572
arousal_primary_6s,regression,full,MLP_current,20260908,validation,full,ridge,full,P47,0.008036054422915107
arousal_primary_6s,regression,full,MLP_current,20260908,validation,full,ridge,full,P6,-0.028935666697530893
arousal_primary_6s,regression,full,MLP_current,20260908,test,matched,ridge,full,P10,-0.004368841170669047
arousal_primary_6s,regression,full,MLP_current,20260908,test,matched,ridge,full,P11,-0.0030620026583987325
arousal_primary_6s,regression,full,MLP_current,20260908,test,matched,ridge,full,P15,0.008532298239857017
arousal_primary_6s,regression,full,MLP_current,20260908,test,matched,ridge,full,P16,-0.04398968600850628
arousal_primary_6s,regression,full,MLP_current,20260908,test,matched,ridge,full,P37,0.0012995803437862996
arousal_primary_6s,regression,full,MLP_current,20260908,test,matched,ridge,full,P39,0.005436386801595194
arousal_primary_6s,regression,full,MLP_current,20260908,test,matched,ridge,full,P45,0.010468626165276773
arousal_primary_6s,regression,full,MLP_current,20260908,test,matched,ridge,full,P5,-0.007033390395070671
arousal_primary_6s,regression,full,MLP_current,20260908,test,full,ridge,full,P10,-0.004368841170669047
arousal_primary_6s,regression,full,MLP_current,20260908,test,full,ridge,full,P11,-0.0030620026583987325
arousal_primary_6s,regression,full,MLP_current,20260908,test,full,ridge,full,P15,0.008532298239857017
arousal_primary_6s,regression,full,MLP_current,20260908,test,full,ridge,full,P16,-0.04398968600850628
arousal_primary_6s,regression,full,MLP_current,20260908,test,full,ridge,full,P37,0.0012995803437862996
arousal_primary_6s,regression,full,MLP_current,20260908,test,full,ridge,full,P39,0.005436386801595194
arousal_primary_6s,regression,full,MLP_current,20260908,test,full,ridge,full,P45,0.010468626165276773
arousal_primary_6s,regression,full,MLP_current,20260908,test,full,ridge,full,P5,-0.007033390395070671
arousal_primary_6s,classification,Pupil,TCN,20260907,validation,matched,logistic,Pupil,P23,-0.019323671497584627
arousal_primary_6s,classification,Pupil,TCN,20260907,validation,matched,logistic,Pupil,P28,0.03165245782695442
arousal_primary_6s,classification,Pupil,TCN,20260907,validation,matched,logistic,Pupil,P31,0.006837606837606702
arousal_primary_6s,classification,Pupil,TCN,20260907,validation,matched,logistic,Pupil,P32,-0.07094790578953475
arousal_primary_6s,classification,Pupil,TCN,20260907,validation,matched,logistic,Pupil,P38,0.02801304975218022
arousal_primary_6s,classification,Pupil,TCN,20260907,validation,matched,logistic,Pupil,P41,0.0363546798029557
arousal_primary_6s,classification,Pupil,TCN,20260907,validation,matched,logistic,Pupil,P47,0.015442011890181462
arousal_primary_6s,classification,Pupil,TCN,20260907,validation,matched,logistic,Pupil,P6,0.013038348082595852
arousal_primary_6s,classification,Pupil,TCN,20260907,validation,full,logistic,full,P23,0.012077294685990336
arousal_primary_6s,classification,Pupil,TCN,20260907,validation,full,logistic,full,P28,0.1085162343551605
arousal_primary_6s,classification,Pupil,TCN,20260907,validation,full,logistic,full,P31,0.011965811965811812
arousal_primary_6s,classification,Pupil,TCN,20260907,validation,full,logistic,full,P32,-0.086378930270333
arousal_primary_6s,classification,Pupil,TCN,20260907,validation,full,logistic,full,P38,0.029226007486877092
arousal_primary_6s,classification,Pupil,TCN,20260907,validation,full,logistic,full,P41,0.015336617405582953
arousal_primary_6s,classification,Pupil,TCN,20260907,validation,full,logistic,full,P47,-0.013657269783707515
arousal_primary_6s,classification,Pupil,TCN,20260907,validation,full,logistic,full,P6,-0.011805965257292717
arousal_primary_6s,classification,Pupil,TCN,20260907,test,matched,logistic,Pupil,P10,0.009883846764302706
arousal_primary_6s,classification,Pupil,TCN,20260907,test,matched,logistic,Pupil,P11,0.06211180124223603
arousal_primary_6s,classification,Pupil,TCN,20260907,test,matched,logistic,Pupil,P15,0.08308385055373008
arousal_primary_6s,classification,Pupil,TCN,20260907,test,matched,logistic,Pupil,P16,-0.006134969325153394
arousal_primary_6s,classification,Pupil,TCN,20260907,test,matched,logistic,Pupil,P37,0.06767955801104975
arousal_primary_6s,classification,Pupil,TCN,20260907,test,matched,logistic,Pupil,P39,0.050000000000000044
arousal_primary_6s,classification,Pupil,TCN,20260907,test,matched,logistic,Pupil,P45,0.02352929402109727
arousal_primary_6s,classification,Pupil,TCN,20260907,test,matched,logistic,Pupil,P5,0.017094017094017033
arousal_primary_6s,classification,Pupil,TCN,20260907,test,full,logistic,full,P10,0.005951951518649412
arousal_primary_6s,classification,Pupil,TCN,20260907,test,full,logistic,full,P11,0.02070393374741203
arousal_primary_6s,classification,Pupil,TCN,20260907,test,full,logistic,full,P15,0.03661920408908359
arousal_primary_6s,classification,Pupil,TCN,20260907,test,full,logistic,full,P16,0.07566462167689164
arousal_primary_6s,classification,Pupil,TCN,20260907,test,full,logistic,full,P37,0.16068139963167588
arousal_primary_6s,classification,Pupil,TCN,20260907,test,full,logistic,full,P39,-0.014583333333333282
arousal_primary_6s,classification,Pupil,TCN,20260907,test,full,logistic,full,P45,-0.007005744710662787
arousal_primary_6s,classification,Pupil,TCN,20260907,test,full,logistic,full,P5,0.03632478632478625
arousal_primary_6s,classification,Pupil,TCN,20260908,validation,matched,logistic,Pupil,P23,0.002415458937197912
arousal_primary_6s,classification,Pupil,TCN,20260908,validation,matched,logistic,Pupil,P28,0.01337747143116269
arousal_primary_6s,classification,Pupil,TCN,20260908,validation,matched,logistic,Pupil,P31,-0.017094017094017144
arousal_primary_6s,classification,Pupil,TCN,20260908,validation,matched,logistic,Pupil,P32,-0.047244459914143166
arousal_primary_6s,classification,Pupil,TCN,20260908,validation,matched,logistic,Pupil,P38,0.021190162494510223
arousal_primary_6s,classification,Pupil,TCN,20260908,validation,matched,logistic,Pupil,P41,0.04371100164203612
arousal_primary_6s,classification,Pupil,TCN,20260908,validation,matched,logistic,Pupil,P47,0.017535600561985665
arousal_primary_6s,classification,Pupil,TCN,20260908,validation,matched,logistic,Pupil,P6,-0.010665355621107875
arousal_primary_6s,classification,Pupil,TCN,20260908,validation,full,logistic,full,P23,0.033816425120772875
arousal_primary_6s,classification,Pupil,TCN,20260908,validation,full,logistic,full,P28,0.09024124795936878
arousal_primary_6s,classification,Pupil,TCN,20260908,validation,full,logistic,full,P31,-0.011965811965812034
arousal_primary_6s,classification,Pupil,TCN,20260908,validation,full,logistic,full,P32,-0.06267548439494142
arousal_primary_6s,classification,Pupil,TCN,20260908,validation,full,logistic,full,P38,0.022403120229207096
arousal_primary_6s,classification,Pupil,TCN,20260908,validation,full,logistic,full,P41,0.022692939244663368
arousal_primary_6s,classification,Pupil,TCN,20260908,validation,full,logistic,full,P47,-0.011563681111903312
arousal_primary_6s,classification,Pupil,TCN,20260908,validation,full,logistic,full,P6,-0.03550966896099644
arousal_primary_6s,classification,Pupil,TCN,20260908,test,matched,logistic,Pupil,P10,0.021932039535387082
arousal_primary_6s,classification,Pupil,TCN,20260908,test,matched,logistic,Pupil,P11,0.037267080745341685
arousal_primary_6s,classification,Pupil,TCN,20260908,test,matched,logistic,Pupil,P15,0.08096628940002437
arousal_primary_6s,classification,Pupil,TCN,20260908,test,matched,logistic,Pupil,P16,0.006134969325153394
arousal_primary_6s,classification,Pupil,TCN,20260908,test,matched,logistic,Pupil,P37,0.030079803560466578
arousal_primary_6s,classification,Pupil,TCN,20260908,test,matched,logistic,Pupil,P39,-0.03541666666666665
arousal_primary_6s,classification,Pupil,TCN,20260908,test,matched,logistic,Pupil,P45,0.03092535879421121
arousal_primary_6s,classification,Pupil,TCN,20260908,test,matched,logistic,Pupil,P5,0.02350427350427342
arousal_primary_6s,classification,Pupil,TCN,20260908,test,full,logistic,full,P10,0.018000144289733788
arousal_primary_6s,classification,Pupil,TCN,20260908,test,full,logistic,full,P11,-0.004140786749482317
arousal_primary_6s,classification,Pupil,TCN,20260908,test,full,logistic,full,P15,0.034501642935377885
arousal_primary_6s,classification,Pupil,TCN,20260908,test,full,logistic,full,P16,0.08793456032719843
arousal_primary_6s,classification,Pupil,TCN,20260908,test,full,logistic,full,P37,0.12308164518109271
arousal_primary_6s,classification,Pupil,TCN,20260908,test,full,logistic,full,P39,-0.09999999999999998
arousal_primary_6s,classification,Pupil,TCN,20260908,test,full,logistic,full,P45,0.0003903200624511549
arousal_primary_6s,classification,Pupil,TCN,20260908,test,full,logistic,full,P5,0.04273504273504264
arousal_primary_6s,classification,Pupil,LSTM,20260907,validation,matched,logistic,Pupil,P23,0.0024154589371979673
arousal_primary_6s,classification,Pupil,LSTM,20260907,validation,matched,logistic,Pupil,P28,0.008736924844307381
arousal_primary_6s,classification,Pupil,LSTM,20260907,validation,matched,logistic,Pupil,P31,-0.03418803418803423
arousal_primary_6s,classification,Pupil,LSTM,20260907,validation,matched,logistic,Pupil,P32,-0.02340178675020299
arousal_primary_6s,classification,Pupil,LSTM,20260907,validation,matched,logistic,Pupil,P38,0.009206976598280847
arousal_primary_6s,classification,Pupil,LSTM,20260907,validation,matched,logistic,Pupil,P41,-0.00016420361247942994
arousal_primary_6s,classification,Pupil,LSTM,20260907,validation,matched,logistic,Pupil,P47,-0.015916196721278253
arousal_primary_6s,classification,Pupil,LSTM,20260907,validation,matched,logistic,Pupil,P6,0.02938708620124547
arousal_primary_6s,classification,Pupil,LSTM,20260907,validation,full,logistic,full,P23,0.03381642512077293
arousal_primary_6s,classification,Pupil,LSTM,20260907,validation,full,logistic,full,P28,0.08560070137251347
arousal_primary_6s,classification,Pupil,LSTM,20260907,validation,full,logistic,full,P31,-0.029059829059829123
arousal_primary_6s,classification,Pupil,LSTM,20260907,validation,full,logistic,full,P32,-0.03883281123100124
arousal_primary_6s,classification,Pupil,LSTM,20260907,validation,full,logistic,full,P38,0.01041993433297772
arousal_primary_6s,classification,Pupil,LSTM,20260907,validation,full,logistic,full,P41,-0.02118226600985218
arousal_primary_6s,classification,Pupil,LSTM,20260907,validation,full,logistic,full,P47,-0.04501547839516723
arousal_primary_6s,classification,Pupil,LSTM,20260907,validation,full,logistic,full,P6,0.004542772861356903
arousal_primary_6s,classification,Pupil,LSTM,20260907,test,matched,logistic,Pupil,P10,0.03408844960681051
arousal_primary_6s,classification,Pupil,LSTM,20260907,test,matched,logistic,Pupil,P11,0.04761904761904767
arousal_primary_6s,classification,Pupil,LSTM,20260907,test,matched,logistic,Pupil,P15,0.0845442375562857
arousal_primary_6s,classification,Pupil,LSTM,20260907,test,matched,logistic,Pupil,P16,0.038854805725971386
arousal_primary_6s,classification,Pupil,LSTM,20260907,test,matched,logistic,Pupil,P37,0.1804788213627993
arousal_primary_6s,classification,Pupil,LSTM,20260907,test,matched,logistic,Pupil,P39,-0.03749999999999998
arousal_primary_6s,classification,Pupil,LSTM,20260907,test,matched,logistic,Pupil,P45,0.009147500950779597
arousal_primary_6s,classification,Pupil,LSTM,20260907,test,matched,logistic,Pupil,P5,0.02564102564102555
arousal_primary_6s,classification,Pupil,LSTM,20260907,test,full,logistic,full,P10,0.030156554361157217
arousal_primary_6s,classification,Pupil,LSTM,20260907,test,full,logistic,full,P11,0.00621118012422367
arousal_primary_6s,classification,Pupil,LSTM,20260907,test,full,logistic,full,P15,0.03807959109163922
arousal_primary_6s,classification,Pupil,LSTM,20260907,test,full,logistic,full,P16,0.12065439672801642
arousal_primary_6s,classification,Pupil,LSTM,20260907,test,full,logistic,full,P37,0.27348066298342544
arousal_primary_6s,classification,Pupil,LSTM,20260907,test,full,logistic,full,P39,-0.1020833333333333
arousal_primary_6s,classification,Pupil,LSTM,20260907,test,full,logistic,full,P45,-0.02138753778098046
arousal_primary_6s,classification,Pupil,LSTM,20260907,test,full,logistic,full,P5,0.04487179487179477
arousal_primary_6s,classification,Pupil,LSTM,20260908,validation,matched,logistic,Pupil,P23,0.016908212560386382
arousal_primary_6s,classification,Pupil,LSTM,20260908,validation,matched,logistic,Pupil,P28,0.038484793518350546
arousal_primary_6s,classification,Pupil,LSTM,20260908,validation,matched,logistic,Pupil,P31,-0.0017094017094017033
arousal_primary_6s,classification,Pupil,LSTM,20260908,validation,matched,logistic,Pupil,P32,-0.047290869010325975
arousal_primary_6s,classification,Pupil,LSTM,20260908,validation,matched,logistic,Pupil,P38,-0.04085367128845396
arousal_primary_6s,classification,Pupil,LSTM,20260908,validation,matched,logistic,Pupil,P41,0.0001204159824849671
arousal_primary_6s,classification,Pupil,LSTM,20260908,validation,matched,logistic,Pupil,P47,0.0002475328341674521
arousal_primary_6s,classification,Pupil,LSTM,20260908,validation,matched,logistic,Pupil,P6,-0.033851196329072464
arousal_primary_6s,classification,Pupil,LSTM,20260908,validation,full,logistic,full,P23,0.048309178743961345
arousal_primary_6s,classification,Pupil,LSTM,20260908,validation,full,logistic,full,P28,0.11534857004655663
arousal_primary_6s,classification,Pupil,LSTM,20260908,validation,full,logistic,full,P31,0.0034188034188034067
arousal_primary_6s,classification,Pupil,LSTM,20260908,validation,full,logistic,full,P32,-0.06272189349112423
arousal_primary_6s,classification,Pupil,LSTM,20260908,validation,full,logistic,full,P38,-0.03964071355375709
arousal_primary_6s,classification,Pupil,LSTM,20260908,validation,full,logistic,full,P41,-0.020897646414887783
arousal_primary_6s,classification,Pupil,LSTM,20260908,validation,full,logistic,full,P47,-0.028851748839721525
arousal_primary_6s,classification,Pupil,LSTM,20260908,validation,full,logistic,full,P6,-0.05869550966896103
arousal_primary_6s,classification,Pupil,LSTM,20260908,test,matched,logistic,Pupil,P10,0.06186422336050795
arousal_primary_6s,classification,Pupil,LSTM,20260908,test,matched,logistic,Pupil,P11,-0.0248447204968944
arousal_primary_6s,classification,Pupil,LSTM,20260908,test,matched,logistic,Pupil,P15,0.10118047949373249
arousal_primary_6s,classification,Pupil,LSTM,20260908,test,matched,logistic,Pupil,P16,0.03067484662576686
arousal_primary_6s,classification,Pupil,LSTM,20260908,test,matched,logistic,Pupil,P37,-0.05110497237569059
arousal_primary_6s,classification,Pupil,LSTM,20260908,test,matched,logistic,Pupil,P39,-0.07083333333333333
arousal_primary_6s,classification,Pupil,LSTM,20260908,test,matched,logistic,Pupil,P45,-0.0074661222202205835
arousal_primary_6s,classification,Pupil,LSTM,20260908,test,matched,logistic,Pupil,P5,0.09401709401709396
arousal_primary_6s,classification,Pupil,LSTM,20260908,test,full,logistic,full,P10,0.05793232811485466
arousal_primary_6s,classification,Pupil,LSTM,20260908,test,full,logistic,full,P11,-0.0662525879917184
arousal_primary_6s,classification,Pupil,LSTM,20260908,test,full,logistic,full,P15,0.054715833029086
arousal_primary_6s,classification,Pupil,LSTM,20260908,test,full,logistic,full,P16,0.1124744376278119
arousal_primary_6s,classification,Pupil,LSTM,20260908,test,full,logistic,full,P37,0.04189686924493555
arousal_primary_6s,classification,Pupil,LSTM,20260908,test,full,logistic,full,P39,-0.13541666666666666
arousal_primary_6s,classification,Pupil,LSTM,20260908,test,full,logistic,full,P45,-0.03800116095198064
arousal_primary_6s,classification,Pupil,LSTM,20260908,test,full,logistic,full,P5,0.11324786324786318
arousal_primary_6s,classification,Pupil,BiLSTM,20260907,validation,matched,logistic,Pupil,P23,0.0072463768115940685
arousal_primary_6s,classification,Pupil,BiLSTM,20260907,validation,matched,logistic,Pupil,P28,0.06516415744603654
arousal_primary_6s,classification,Pupil,BiLSTM,20260907,validation,matched,logistic,Pupil,P31,-0.03247863247863253
arousal_primary_6s,classification,Pupil,BiLSTM,20260907,validation,matched,logistic,Pupil,P32,-0.07070425803457481
arousal_primary_6s,classification,Pupil,BiLSTM,20260907,validation,matched,logistic,Pupil,P38,-0.017117343204299806
arousal_primary_6s,classification,Pupil,BiLSTM,20260907,validation,matched,logistic,Pupil,P41,0.015325670498084254
arousal_primary_6s,classification,Pupil,BiLSTM,20260907,validation,matched,logistic,Pupil,P47,0.002067455987624367
arousal_primary_6s,classification,Pupil,BiLSTM,20260907,validation,matched,logistic,Pupil,P6,-0.0013634873811865234
arousal_primary_6s,classification,Pupil,BiLSTM,20260907,validation,full,logistic,full,P23,0.03864734299516903
arousal_primary_6s,classification,Pupil,BiLSTM,20260907,validation,full,logistic,full,P28,0.14202793397424263
arousal_primary_6s,classification,Pupil,BiLSTM,20260907,validation,full,logistic,full,P31,-0.02735042735042742
arousal_primary_6s,classification,Pupil,BiLSTM,20260907,validation,full,logistic,full,P32,-0.08613528251537306
arousal_primary_6s,classification,Pupil,BiLSTM,20260907,validation,full,logistic,full,P38,-0.015904385469602933
arousal_primary_6s,classification,Pupil,BiLSTM,20260907,validation,full,logistic,full,P41,-0.005692391899288496
arousal_primary_6s,classification,Pupil,BiLSTM,20260907,validation,full,logistic,full,P47,-0.02703182568626461
arousal_primary_6s,classification,Pupil,BiLSTM,20260907,validation,full,logistic,full,P6,-0.026207800721075092
arousal_primary_6s,classification,Pupil,BiLSTM,20260907,test,matched,logistic,Pupil,P10,0.04397229637111316
arousal_primary_6s,classification,Pupil,BiLSTM,20260907,test,matched,logistic,Pupil,P11,-0.006211180124223614
arousal_primary_6s,classification,Pupil,BiLSTM,20260907,test,matched,logistic,Pupil,P15,0.09698186686138499
arousal_primary_6s,classification,Pupil,BiLSTM,20260907,test,matched,logistic,Pupil,P16,0.06748466257668712
arousal_primary_6s,classification,Pupil,BiLSTM,20260907,test,matched,logistic,Pupil,P37,-0.005678330263965609
arousal_primary_6s,classification,Pupil,BiLSTM,20260907,test,matched,logistic,Pupil,P39,-0.03541666666666665
arousal_primary_6s,classification,Pupil,BiLSTM,20260907,test,matched,logistic,Pupil,P45,0.009087451710402539
arousal_primary_6s,classification,Pupil,BiLSTM,20260907,test,matched,logistic,Pupil,P5,0.07905982905982906
arousal_primary_6s,classification,Pupil,BiLSTM,20260907,test,full,logistic,full,P10,0.04004040112545987
arousal_primary_6s,classification,Pupil,BiLSTM,20260907,test,full,logistic,full,P11,-0.047619047619047616
arousal_primary_6s,classification,Pupil,BiLSTM,20260907,test,full,logistic,full,P15,0.050517220396738505
arousal_primary_6s,classification,Pupil,BiLSTM,20260907,test,full,logistic,full,P16,0.14928425357873215
arousal_primary_6s,classification,Pupil,BiLSTM,20260907,test,full,logistic,full,P37,0.08732351135666053
arousal_primary_6s,classification,Pupil,BiLSTM,20260907,test,full,logistic,full,P39,-0.09999999999999998
arousal_primary_6s,classification,Pupil,BiLSTM,20260907,test,full,logistic,full,P45,-0.021447587021357517
arousal_primary_6s,classification,Pupil,BiLSTM,20260907,test,full,logistic,full,P5,0.09829059829059827
arousal_primary_6s,classification,Pupil,BiLSTM,20260908,validation,matched,logistic,Pupil,P23,-0.009661835748792313
arousal_primary_6s,classification,Pupil,BiLSTM,20260908,validation,matched,logistic,Pupil,P28,0.015795997339621504
arousal_primary_6s,classification,Pupil,BiLSTM,20260908,validation,matched,logistic,Pupil,P31,-0.02564102564102566
arousal_primary_6s,classification,Pupil,BiLSTM,20260908,validation,matched,logistic,Pupil,P32,-0.08268940712379627
arousal_primary_6s,classification,Pupil,BiLSTM,20260908,validation,matched,logistic,Pupil,P38,-0.005008678921722409
arousal_primary_6s,classification,Pupil,BiLSTM,20260908,validation,matched,logistic,Pupil,P41,0.0135522714833059
arousal_primary_6s,classification,Pupil,BiLSTM,20260908,validation,matched,logistic,Pupil,P47,0.010917007910167364
arousal_primary_6s,classification,Pupil,BiLSTM,20260908,validation,matched,logistic,Pupil,P6,-0.020530973451327483
arousal_primary_6s,classification,Pupil,BiLSTM,20260908,validation,full,logistic,full,P23,0.02173913043478265
arousal_primary_6s,classification,Pupil,BiLSTM,20260908,validation,full,logistic,full,P28,0.09265977386782759
arousal_primary_6s,classification,Pupil,BiLSTM,20260908,validation,full,logistic,full,P31,-0.02051282051282055
arousal_primary_6s,classification,Pupil,BiLSTM,20260908,validation,full,logistic,full,P32,-0.09812043160459452
arousal_primary_6s,classification,Pupil,BiLSTM,20260908,validation,full,logistic,full,P38,-0.003795721187025536
arousal_primary_6s,classification,Pupil,BiLSTM,20260908,validation,full,logistic,full,P41,-0.00746579091406685
arousal_primary_6s,classification,Pupil,BiLSTM,20260908,validation,full,logistic,full,P47,-0.018182273763721613
arousal_primary_6s,classification,Pupil,BiLSTM,20260908,validation,full,logistic,full,P6,-0.04537528679121605
arousal_primary_6s,classification,Pupil,BiLSTM,20260908,test,matched,logistic,Pupil,P10,0.0038477262342784813
arousal_primary_6s,classification,Pupil,BiLSTM,20260908,test,matched,logistic,Pupil,P11,0.0165631469979296
arousal_primary_6s,classification,Pupil,BiLSTM,20260908,test,matched,logistic,Pupil,P15,0.09122550809297797
arousal_primary_6s,classification,Pupil,BiLSTM,20260908,test,matched,logistic,Pupil,P16,0.03271983640081805
arousal_primary_6s,classification,Pupil,BiLSTM,20260908,test,matched,logistic,Pupil,P37,-0.03376304481276854
arousal_primary_6s,classification,Pupil,BiLSTM,20260908,test,matched,logistic,Pupil,P39,-0.01874999999999999
arousal_primary_6s,classification,Pupil,BiLSTM,20260908,test,matched,logistic,Pupil,P45,0.017994755699673792
arousal_primary_6s,classification,Pupil,BiLSTM,20260908,test,matched,logistic,Pupil,P5,0.10042735042735035
arousal_primary_6s,classification,Pupil,BiLSTM,20260908,test,full,logistic,full,P10,-8.416901137481281e-05
arousal_primary_6s,classification,Pupil,BiLSTM,20260908,test,full,logistic,full,P11,-0.0248447204968944
arousal_primary_6s,classification,Pupil,BiLSTM,20260908,test,full,logistic,full,P15,0.04476086162833148
arousal_primary_6s,classification,Pupil,BiLSTM,20260908,test,full,logistic,full,P16,0.11451942740286308
arousal_primary_6s,classification,Pupil,BiLSTM,20260908,test,full,logistic,full,P37,0.0592387968078576
arousal_primary_6s,classification,Pupil,BiLSTM,20260908,test,full,logistic,full,P39,-0.08333333333333331
arousal_primary_6s,classification,Pupil,BiLSTM,20260908,test,full,logistic,full,P45,-0.012540283032086263
arousal_primary_6s,classification,Pupil,BiLSTM,20260908,test,full,logistic,full,P5,0.11965811965811957
arousal_primary_6s,regression,Pupil,TCN,20260907,validation,matched,ridge,Pupil,P23,0.006505869175659429
arousal_primary_6s,regression,Pupil,TCN,20260907,validation,matched,ridge,Pupil,P28,-0.008168831914380004
arousal_primary_6s,regression,Pupil,TCN,20260907,validation,matched,ridge,Pupil,P31,-0.007432741082907923
arousal_primary_6s,regression,Pupil,TCN,20260907,validation,matched,ridge,Pupil,P32,-0.00812428107275076
arousal_primary_6s,regression,Pupil,TCN,20260907,validation,matched,ridge,Pupil,P38,-0.004041945083529619
arousal_primary_6s,regression,Pupil,TCN,20260907,validation,matched,ridge,Pupil,P41,-0.00782403064287629
arousal_primary_6s,regression,Pupil,TCN,20260907,validation,matched,ridge,Pupil,P47,0.0033416233038956467
arousal_primary_6s,regression,Pupil,TCN,20260907,validation,matched,ridge,Pupil,P6,-0.005741637854611126
arousal_primary_6s,regression,Pupil,TCN,20260907,validation,full,ridge,full,P23,-0.004296837156631095
arousal_primary_6s,regression,Pupil,TCN,20260907,validation,full,ridge,full,P28,-0.012837782863674985
arousal_primary_6s,regression,Pupil,TCN,20260907,validation,full,ridge,full,P31,-0.00391792472836161
arousal_primary_6s,regression,Pupil,TCN,20260907,validation,full,ridge,full,P32,-0.017014793819447704
arousal_primary_6s,regression,Pupil,TCN,20260907,validation,full,ridge,full,P38,-0.007692539160745526
arousal_primary_6s,regression,Pupil,TCN,20260907,validation,full,ridge,full,P41,0.003470103424657589
arousal_primary_6s,regression,Pupil,TCN,20260907,validation,full,ridge,full,P47,0.005820931558288889
arousal_primary_6s,regression,Pupil,TCN,20260907,validation,full,ridge,full,P6,-0.021472503011211952
arousal_primary_6s,regression,Pupil,TCN,20260907,test,matched,ridge,Pupil,P10,-0.0016684060716640747
arousal_primary_6s,regression,Pupil,TCN,20260907,test,matched,ridge,Pupil,P11,-0.0016779101402575325
arousal_primary_6s,regression,Pupil,TCN,20260907,test,matched,ridge,Pupil,P15,-0.004431853296675503
arousal_primary_6s,regression,Pupil,TCN,20260907,test,matched,ridge,Pupil,P16,0.0036524811585295636
arousal_primary_6s,regression,Pupil,TCN,20260907,test,matched,ridge,Pupil,P37,-0.009462920652453133
arousal_primary_6s,regression,Pupil,TCN,20260907,test,matched,ridge,Pupil,P39,-0.0026459855856024728
arousal_primary_6s,regression,Pupil,TCN,20260907,test,matched,ridge,Pupil,P45,0.008310877356143997
arousal_primary_6s,regression,Pupil,TCN,20260907,test,matched,ridge,Pupil,P5,0.011123115907950676
arousal_primary_6s,regression,Pupil,TCN,20260907,test,full,ridge,full,P10,0.0009372857931952971
arousal_primary_6s,regression,Pupil,TCN,20260907,test,full,ridge,full,P11,-0.0032201101537567833
arousal_primary_6s,regression,Pupil,TCN,20260907,test,full,ridge,full,P15,0.01466887043579046
arousal_primary_6s,regression,Pupil,TCN,20260907,test,full,ridge,full,P16,-0.051475601017726635
arousal_primary_6s,regression,Pupil,TCN,20260907,test,full,ridge,full,P37,-0.010604375420536272
arousal_primary_6s,regression,Pupil,TCN,20260907,test,full,ridge,full,P39,-0.005678847007777987
arousal_primary_6s,regression,Pupil,TCN,20260907,test,full,ridge,full,P45,0.002368792757645899
arousal_primary_6s,regression,Pupil,TCN,20260907,test,full,ridge,full,P5,0.009077696720720674
arousal_primary_6s,regression,Pupil,TCN,20260908,validation,matched,ridge,Pupil,P23,0.002119161996817054
arousal_primary_6s,regression,Pupil,TCN,20260908,validation,matched,ridge,Pupil,P28,-0.01719895891970369
arousal_primary_6s,regression,Pupil,TCN,20260908,validation,matched,ridge,Pupil,P31,-0.009248768641312188
arousal_primary_6s,regression,Pupil,TCN,20260908,validation,matched,ridge,Pupil,P32,-0.01034802858626327
arousal_primary_6s,regression,Pupil,TCN,20260908,validation,matched,ridge,Pupil,P38,-0.007380438450011684
arousal_primary_6s,regression,Pupil,TCN,20260908,validation,matched,ridge,Pupil,P41,-0.004397201996348299
arousal_primary_6s,regression,Pupil,TCN,20260908,validation,matched,ridge,Pupil,P47,0.0034562320175623995
arousal_primary_6s,regression,Pupil,TCN,20260908,validation,matched,ridge,Pupil,P6,-0.0029410733567127867
arousal_primary_6s,regression,Pupil,TCN,20260908,validation,full,ridge,full,P23,-0.00868354433547347
arousal_primary_6s,regression,Pupil,TCN,20260908,validation,full,ridge,full,P28,-0.02186790986899867
arousal_primary_6s,regression,Pupil,TCN,20260908,validation,full,ridge,full,P31,-0.005733952286765875
arousal_primary_6s,regression,Pupil,TCN,20260908,validation,full,ridge,full,P32,-0.019238541332960213
arousal_primary_6s,regression,Pupil,TCN,20260908,validation,full,ridge,full,P38,-0.011031032527227591
arousal_primary_6s,regression,Pupil,TCN,20260908,validation,full,ridge,full,P41,0.00689693207118558
arousal_primary_6s,regression,Pupil,TCN,20260908,validation,full,ridge,full,P47,0.005935540271955642
arousal_primary_6s,regression,Pupil,TCN,20260908,validation,full,ridge,full,P6,-0.018671938513313613
arousal_primary_6s,regression,Pupil,TCN,20260908,test,matched,ridge,Pupil,P10,-0.006533043419826301
arousal_primary_6s,regression,Pupil,TCN,20260908,test,matched,ridge,Pupil,P11,-0.0015537821982208877
arousal_primary_6s,regression,Pupil,TCN,20260908,test,matched,ridge,Pupil,P15,-0.015078964644712589
arousal_primary_6s,regression,Pupil,TCN,20260908,test,matched,ridge,Pupil,P16,-0.0012310519089859806
arousal_primary_6s,regression,Pupil,TCN,20260908,test,matched,ridge,Pupil,P37,-0.00892522125976003
arousal_primary_6s,regression,Pupil,TCN,20260908,test,matched,ridge,Pupil,P39,-0.009412797486400004
arousal_primary_6s,regression,Pupil,TCN,20260908,test,matched,ridge,Pupil,P45,0.0012096213696008995
arousal_primary_6s,regression,Pupil,TCN,20260908,test,matched,ridge,Pupil,P5,0.01157804722757938
arousal_primary_6s,regression,Pupil,TCN,20260908,test,full,ridge,full,P10,-0.003927351554966929
arousal_primary_6s,regression,Pupil,TCN,20260908,test,full,ridge,full,P11,-0.0030959822117201385
arousal_primary_6s,regression,Pupil,TCN,20260908,test,full,ridge,full,P15,0.004021759087753374
arousal_primary_6s,regression,Pupil,TCN,20260908,test,full,ridge,full,P16,-0.05635913408524218
arousal_primary_6s,regression,Pupil,TCN,20260908,test,full,ridge,full,P37,-0.010066676027843169
arousal_primary_6s,regression,Pupil,TCN,20260908,test,full,ridge,full,P39,-0.012445658908575519
arousal_primary_6s,regression,Pupil,TCN,20260908,test,full,ridge,full,P45,-0.004732463228897199
arousal_primary_6s,regression,Pupil,TCN,20260908,test,full,ridge,full,P5,0.009532628040349378
arousal_primary_6s,regression,Pupil,LSTM,20260907,validation,matched,ridge,Pupil,P23,0.008449379471017315
arousal_primary_6s,regression,Pupil,LSTM,20260907,validation,matched,ridge,Pupil,P28,-0.006886323564870622
arousal_primary_6s,regression,Pupil,LSTM,20260907,validation,matched,ridge,Pupil,P31,-0.00869078499772502
arousal_primary_6s,regression,Pupil,LSTM,20260907,validation,matched,ridge,Pupil,P32,-0.00949838810593151
arousal_primary_6s,regression,Pupil,LSTM,20260907,validation,matched,ridge,Pupil,P38,-0.0054667881420594755
arousal_primary_6s,regression,Pupil,LSTM,20260907,validation,matched,ridge,Pupil,P41,-0.013843484039166576
arousal_primary_6s,regression,Pupil,LSTM,20260907,validation,matched,ridge,Pupil,P47,-0.0028494203725808465
arousal_primary_6s,regression,Pupil,LSTM,20260907,validation,matched,ridge,Pupil,P6,-0.014473705573085471
arousal_primary_6s,regression,Pupil,LSTM,20260907,validation,full,ridge,full,P23,-0.0023533268612732083
arousal_primary_6s,regression,Pupil,LSTM,20260907,validation,full,ridge,full,P28,-0.011555274514165603
arousal_primary_6s,regression,Pupil,LSTM,20260907,validation,full,ridge,full,P31,-0.005175968643178708
arousal_primary_6s,regression,Pupil,LSTM,20260907,validation,full,ridge,full,P32,-0.018388900852628454
arousal_primary_6s,regression,Pupil,LSTM,20260907,validation,full,ridge,full,P38,-0.009117382219275383
arousal_primary_6s,regression,Pupil,LSTM,20260907,validation,full,ridge,full,P41,-0.0025493499716326973
arousal_primary_6s,regression,Pupil,LSTM,20260907,validation,full,ridge,full,P47,-0.00037011211818760437
arousal_primary_6s,regression,Pupil,LSTM,20260907,validation,full,ridge,full,P6,-0.030204570729686298
arousal_primary_6s,regression,Pupil,LSTM,20260907,test,matched,ridge,Pupil,P10,0.0014796932719078892
arousal_primary_6s,regression,Pupil,LSTM,20260907,test,matched,ridge,Pupil,P11,0.0013357458474003714
arousal_primary_6s,regression,Pupil,LSTM,20260907,test,matched,ridge,Pupil,P15,-0.0063602484490713485
arousal_primary_6s,regression,Pupil,LSTM,20260907,test,matched,ridge,Pupil,P16,0.0005541112480784705
arousal_primary_6s,regression,Pupil,LSTM,20260907,test,matched,ridge,Pupil,P37,-0.006866543638779921
arousal_primary_6s,regression,Pupil,LSTM,20260907,test,matched,ridge,Pupil,P39,-0.01241703641177283
arousal_primary_6s,regression,Pupil,LSTM,20260907,test,matched,ridge,Pupil,P45,0.0013150363057259362
arousal_primary_6s,regression,Pupil,LSTM,20260907,test,matched,ridge,Pupil,P5,0.009433572326355777
arousal_primary_6s,regression,Pupil,LSTM,20260907,test,full,ridge,full,P10,0.004085385136767261
arousal_primary_6s,regression,Pupil,LSTM,20260907,test,full,ridge,full,P11,-0.00020645416609887945
arousal_primary_6s,regression,Pupil,LSTM,20260907,test,full,ridge,full,P15,0.012740475283394614
arousal_primary_6s,regression,Pupil,LSTM,20260907,test,full,ridge,full,P16,-0.05457397092817773
arousal_primary_6s,regression,Pupil,LSTM,20260907,test,full,ridge,full,P37,-0.00800799840686306
arousal_primary_6s,regression,Pupil,LSTM,20260907,test,full,ridge,full,P39,-0.015449897833948345
arousal_primary_6s,regression,Pupil,LSTM,20260907,test,full,ridge,full,P45,-0.004627048292772162
arousal_primary_6s,regression,Pupil,LSTM,20260907,test,full,ridge,full,P5,0.007388153139125775
arousal_primary_6s,regression,Pupil,LSTM,20260908,validation,matched,ridge,Pupil,P23,0.0070468099682279295
arousal_primary_6s,regression,Pupil,LSTM,20260908,validation,matched,ridge,Pupil,P28,-0.010056876779316659
arousal_primary_6s,regression,Pupil,LSTM,20260908,validation,matched,ridge,Pupil,P31,-0.005803960660073604
arousal_primary_6s,regression,Pupil,LSTM,20260908,validation,matched,ridge,Pupil,P32,-0.0034159125954449365
arousal_primary_6s,regression,Pupil,LSTM,20260908,validation,matched,ridge,Pupil,P38,-0.005006566068954665
arousal_primary_6s,regression,Pupil,LSTM,20260908,validation,matched,ridge,Pupil,P41,-0.009801733323703488
arousal_primary_6s,regression,Pupil,LSTM,20260908,validation,matched,ridge,Pupil,P47,0.0019291909249306016
arousal_primary_6s,regression,Pupil,LSTM,20260908,validation,matched,ridge,Pupil,P6,0.0005327858316563905
arousal_primary_6s,regression,Pupil,LSTM,20260908,validation,full,ridge,full,P23,-0.003755896364062594
arousal_primary_6s,regression,Pupil,LSTM,20260908,validation,full,ridge,full,P28,-0.01472582772861164
arousal_primary_6s,regression,Pupil,LSTM,20260908,validation,full,ridge,full,P31,-0.002289144305527291
arousal_primary_6s,regression,Pupil,LSTM,20260908,validation,full,ridge,full,P32,-0.01230642534214188
arousal_primary_6s,regression,Pupil,LSTM,20260908,validation,full,ridge,full,P38,-0.008657160146170573
arousal_primary_6s,regression,Pupil,LSTM,20260908,validation,full,ridge,full,P41,0.001492400743830391
arousal_primary_6s,regression,Pupil,LSTM,20260908,validation,full,ridge,full,P47,0.004408499179323844
arousal_primary_6s,regression,Pupil,LSTM,20260908,validation,full,ridge,full,P6,-0.015198079324944436
arousal_primary_6s,regression,Pupil,LSTM,20260908,test,matched,ridge,Pupil,P10,-0.0032967463240198835
arousal_primary_6s,regression,Pupil,LSTM,20260908,test,matched,ridge,Pupil,P11,0.003175356514054428
arousal_primary_6s,regression,Pupil,LSTM,20260908,test,matched,ridge,Pupil,P15,-0.004544308481325365
arousal_primary_6s,regression,Pupil,LSTM,20260908,test,matched,ridge,Pupil,P16,0.002490809949330264
arousal_primary_6s,regression,Pupil,LSTM,20260908,test,matched,ridge,Pupil,P37,-0.00822016950102189
arousal_primary_6s,regression,Pupil,LSTM,20260908,test,matched,ridge,Pupil,P39,0.009216596399885146
arousal_primary_6s,regression,Pupil,LSTM,20260908,test,matched,ridge,Pupil,P45,0.005578849530574637
arousal_primary_6s,regression,Pupil,LSTM,20260908,test,matched,ridge,Pupil,P5,0.006995704847569062
arousal_primary_6s,regression,Pupil,LSTM,20260908,test,full,ridge,full,P10,-0.0006910544591605117
arousal_primary_6s,regression,Pupil,LSTM,20260908,test,full,ridge,full,P11,0.0016331565005551774
arousal_primary_6s,regression,Pupil,LSTM,20260908,test,full,ridge,full,P15,0.014556415251140598
arousal_primary_6s,regression,Pupil,LSTM,20260908,test,full,ridge,full,P16,-0.052637272226925935
arousal_primary_6s,regression,Pupil,LSTM,20260908,test,full,ridge,full,P37,-0.009361624269105029
arousal_primary_6s,regression,Pupil,LSTM,20260908,test,full,ridge,full,P39,0.006183734977709632
arousal_primary_6s,regression,Pupil,LSTM,20260908,test,full,ridge,full,P45,-0.00036323506792346194
arousal_primary_6s,regression,Pupil,LSTM,20260908,test,full,ridge,full,P5,0.00495028566033906
arousal_primary_6s,regression,Pupil,BiLSTM,20260907,validation,matched,ridge,Pupil,P23,0.00808773711813171
arousal_primary_6s,regression,Pupil,BiLSTM,20260907,validation,matched,ridge,Pupil,P28,-4.886610765642008e-05
arousal_primary_6s,regression,Pupil,BiLSTM,20260907,validation,matched,ridge,Pupil,P31,-0.011831106800075708
arousal_primary_6s,regression,Pupil,BiLSTM,20260907,validation,matched,ridge,Pupil,P32,-0.012902186983199893
arousal_primary_6s,regression,Pupil,BiLSTM,20260907,validation,matched,ridge,Pupil,P38,-0.0019959010110777164
arousal_primary_6s,regression,Pupil,BiLSTM,20260907,validation,matched,ridge,Pupil,P41,-0.005590187600603702
arousal_primary_6s,regression,Pupil,BiLSTM,20260907,validation,matched,ridge,Pupil,P47,0.0011792827116969828
arousal_primary_6s,regression,Pupil,BiLSTM,20260907,validation,matched,ridge,Pupil,P6,-0.000663494521360164
arousal_primary_6s,regression,Pupil,BiLSTM,20260907,validation,full,ridge,full,P23,-0.0027149692141588133
arousal_primary_6s,regression,Pupil,BiLSTM,20260907,validation,full,ridge,full,P28,-0.004717817056951401
arousal_primary_6s,regression,Pupil,BiLSTM,20260907,validation,full,ridge,full,P31,-0.008316290445529395
arousal_primary_6s,regression,Pupil,BiLSTM,20260907,validation,full,ridge,full,P32,-0.021792699729896836
arousal_primary_6s,regression,Pupil,BiLSTM,20260907,validation,full,ridge,full,P38,-0.005646495088293624
arousal_primary_6s,regression,Pupil,BiLSTM,20260907,validation,full,ridge,full,P41,0.0057039464669301765
arousal_primary_6s,regression,Pupil,BiLSTM,20260907,validation,full,ridge,full,P47,0.003658590966090225
arousal_primary_6s,regression,Pupil,BiLSTM,20260907,validation,full,ridge,full,P6,-0.01639435967796099
arousal_primary_6s,regression,Pupil,BiLSTM,20260907,test,matched,ridge,Pupil,P10,0.00572030792952849
arousal_primary_6s,regression,Pupil,BiLSTM,20260907,test,matched,ridge,Pupil,P11,-0.006062751998647697
arousal_primary_6s,regression,Pupil,BiLSTM,20260907,test,matched,ridge,Pupil,P15,0.0005833726152904006
arousal_primary_6s,regression,Pupil,BiLSTM,20260907,test,matched,ridge,Pupil,P16,0.01096202619949782
arousal_primary_6s,regression,Pupil,BiLSTM,20260907,test,matched,ridge,Pupil,P37,0.008297161299209987
arousal_primary_6s,regression,Pupil,BiLSTM,20260907,test,matched,ridge,Pupil,P39,-0.006234460635024863
arousal_primary_6s,regression,Pupil,BiLSTM,20260907,test,matched,ridge,Pupil,P45,0.010222931409108904
arousal_primary_6s,regression,Pupil,BiLSTM,20260907,test,matched,ridge,Pupil,P5,-0.00275125748875249
arousal_primary_6s,regression,Pupil,BiLSTM,20260907,test,full,ridge,full,P10,0.008325999794387862
arousal_primary_6s,regression,Pupil,BiLSTM,20260907,test,full,ridge,full,P11,-0.007604952012146948
arousal_primary_6s,regression,Pupil,BiLSTM,20260907,test,full,ridge,full,P15,0.019684096347756364
arousal_primary_6s,regression,Pupil,BiLSTM,20260907,test,full,ridge,full,P16,-0.04416605597675838
arousal_primary_6s,regression,Pupil,BiLSTM,20260907,test,full,ridge,full,P37,0.007155706531126849
arousal_primary_6s,regression,Pupil,BiLSTM,20260907,test,full,ridge,full,P39,-0.009267322057200378
arousal_primary_6s,regression,Pupil,BiLSTM,20260907,test,full,ridge,full,P45,0.0042808468106108055
arousal_primary_6s,regression,Pupil,BiLSTM,20260907,test,full,ridge,full,P5,-0.004796676675982492
arousal_primary_6s,regression,Pupil,BiLSTM,20260908,validation,matched,ridge,Pupil,P23,0.012607536234961692
arousal_primary_6s,regression,Pupil,BiLSTM,20260908,validation,matched,ridge,Pupil,P28,0.010513919843935904
arousal_primary_6s,regression,Pupil,BiLSTM,20260908,validation,matched,ridge,Pupil,P31,-0.009065205610307436
arousal_primary_6s,regression,Pupil,BiLSTM,20260908,validation,matched,ridge,Pupil,P32,-0.005743244848366191
arousal_primary_6s,regression,Pupil,BiLSTM,20260908,validation,matched,ridge,Pupil,P38,-0.0029557383310452323
arousal_primary_6s,regression,Pupil,BiLSTM,20260908,validation,matched,ridge,Pupil,P41,0.0022043680249020925
arousal_primary_6s,regression,Pupil,BiLSTM,20260908,validation,matched,ridge,Pupil,P47,-0.005478936368082943
arousal_primary_6s,regression,Pupil,BiLSTM,20260908,validation,matched,ridge,Pupil,P6,-0.01123216363664814
arousal_primary_6s,regression,Pupil,BiLSTM,20260908,validation,full,ridge,full,P23,0.0018048299026711678
arousal_primary_6s,regression,Pupil,BiLSTM,20260908,validation,full,ridge,full,P28,0.005844968894640923
arousal_primary_6s,regression,Pupil,BiLSTM,20260908,validation,full,ridge,full,P31,-0.005550389255761123
arousal_primary_6s,regression,Pupil,BiLSTM,20260908,validation,full,ridge,full,P32,-0.014633757595063135
arousal_primary_6s,regression,Pupil,BiLSTM,20260908,validation,full,ridge,full,P38,-0.00660633240826114
arousal_primary_6s,regression,Pupil,BiLSTM,20260908,validation,full,ridge,full,P41,0.013498502092435971
arousal_primary_6s,regression,Pupil,BiLSTM,20260908,validation,full,ridge,full,P47,-0.0029996281136897007
arousal_primary_6s,regression,Pupil,BiLSTM,20260908,validation,full,ridge,full,P6,-0.026963028793248967
arousal_primary_6s,regression,Pupil,BiLSTM,20260908,test,matched,ridge,Pupil,P10,0.007409189282182482
arousal_primary_6s,regression,Pupil,BiLSTM,20260908,test,matched,ridge,Pupil,P11,-0.0102329566669771
arousal_primary_6s,regression,Pupil,BiLSTM,20260908,test,matched,ridge,Pupil,P15,0.001970926742944301
arousal_primary_6s,regression,Pupil,BiLSTM,20260908,test,matched,ridge,Pupil,P16,0.009294541248272004
arousal_primary_6s,regression,Pupil,BiLSTM,20260908,test,matched,ridge,Pupil,P37,0.009247046660727398
arousal_primary_6s,regression,Pupil,BiLSTM,20260908,test,matched,ridge,Pupil,P39,-0.02470431481330415
arousal_primary_6s,regression,Pupil,BiLSTM,20260908,test,matched,ridge,Pupil,P45,0.008650484125693358
arousal_primary_6s,regression,Pupil,BiLSTM,20260908,test,matched,ridge,Pupil,P5,0.0035532575253433007
arousal_primary_6s,regression,Pupil,BiLSTM,20260908,test,full,ridge,full,P10,0.010014881147041854
arousal_primary_6s,regression,Pupil,BiLSTM,20260908,test,full,ridge,full,P11,-0.01177515668047635
arousal_primary_6s,regression,Pupil,BiLSTM,20260908,test,full,ridge,full,P15,0.021071650475410264
arousal_primary_6s,regression,Pupil,BiLSTM,20260908,test,full,ridge,full,P16,-0.045833540927984195
arousal_primary_6s,regression,Pupil,BiLSTM,20260908,test,full,ridge,full,P37,0.00810559189264426
arousal_primary_6s,regression,Pupil,BiLSTM,20260908,test,full,ridge,full,P39,-0.027737176235479666
arousal_primary_6s,regression,Pupil,BiLSTM,20260908,test,full,ridge,full,P45,0.00270839952719526
arousal_primary_6s,regression,Pupil,BiLSTM,20260908,test,full,ridge,full,P5,0.0015078383381132987
arousal_primary_6s,classification,Eye_Pupil,TCN,20260907,validation,matched,logistic,Eye_Pupil,P23,0.014492753623188415
arousal_primary_6s,classification,Eye_Pupil,TCN,20260907,validation,matched,logistic,Eye_Pupil,P28,-0.01614366043896248
arousal_primary_6s,classification,Eye_Pupil,TCN,20260907,validation,matched,logistic,Eye_Pupil,P31,0.015384615384615441
arousal_primary_6s,classification,Eye_Pupil,TCN,20260907,validation,matched,logistic,Eye_Pupil,P32,0.006056387051862122
arousal_primary_6s,classification,Eye_Pupil,TCN,20260907,validation,matched,logistic,Eye_Pupil,P38,0.030255975908149935
arousal_primary_6s,classification,Eye_Pupil,TCN,20260907,validation,matched,logistic,Eye_Pupil,P41,-0.06179529282977564
arousal_primary_6s,classification,Eye_Pupil,TCN,20260907,validation,matched,logistic,Eye_Pupil,P47,-0.025841048486316465
arousal_primary_6s,classification,Eye_Pupil,TCN,20260907,validation,matched,logistic,Eye_Pupil,P6,-0.02393969190429368
arousal_primary_6s,classification,Eye_Pupil,TCN,20260907,validation,full,logistic,full,P23,-0.021739130434782594
arousal_primary_6s,classification,Eye_Pupil,TCN,20260907,validation,full,logistic,full,P28,0.031682689400810204
arousal_primary_6s,classification,Eye_Pupil,TCN,20260907,validation,full,logistic,full,P31,0.01538461538461533
arousal_primary_6s,classification,Eye_Pupil,TCN,20260907,validation,full,logistic,full,P32,-0.017415013342615193
arousal_primary_6s,classification,Eye_Pupil,TCN,20260907,validation,full,logistic,full,P38,0.035609720392329125
arousal_primary_6s,classification,Eye_Pupil,TCN,20260907,validation,full,logistic,full,P41,-0.03162561576354683
arousal_primary_6s,classification,Eye_Pupil,TCN,20260907,validation,full,logistic,full,P47,-0.014524204180672684
arousal_primary_6s,classification,Eye_Pupil,TCN,20260907,validation,full,logistic,full,P6,-0.038577515568666065
arousal_primary_6s,classification,Eye_Pupil,TCN,20260907,test,matched,logistic,Eye_Pupil,P10,-0.01198807204867372
arousal_primary_6s,classification,Eye_Pupil,TCN,20260907,test,matched,logistic,Eye_Pupil,P11,-0.0269151138716357
arousal_primary_6s,classification,Eye_Pupil,TCN,20260907,test,matched,logistic,Eye_Pupil,P15,0.01988560301813319
arousal_primary_6s,classification,Eye_Pupil,TCN,20260907,test,matched,logistic,Eye_Pupil,P16,0.03271983640081794
arousal_primary_6s,classification,Eye_Pupil,TCN,20260907,test,matched,logistic,Eye_Pupil,P37,0.19935543278084716
arousal_primary_6s,classification,Eye_Pupil,TCN,20260907,test,matched,logistic,Eye_Pupil,P39,-0.014583333333333393
arousal_primary_6s,classification,Eye_Pupil,TCN,20260907,test,matched,logistic,Eye_Pupil,P45,0.0275726095398226
arousal_primary_6s,classification,Eye_Pupil,TCN,20260907,test,matched,logistic,Eye_Pupil,P5,-0.019230769230769218
arousal_primary_6s,classification,Eye_Pupil,TCN,20260907,test,full,logistic,full,P10,-0.035892071279128496
arousal_primary_6s,classification,Eye_Pupil,TCN,20260907,test,full,logistic,full,P11,-0.014492753623188415
arousal_primary_6s,classification,Eye_Pupil,TCN,20260907,test,full,logistic,full,P15,0.011938663745892697
arousal_primary_6s,classification,Eye_Pupil,TCN,20260907,test,full,logistic,full,P16,0.05112474437627812
arousal_primary_6s,classification,Eye_Pupil,TCN,20260907,test,full,logistic,full,P37,0.2823818293431553
arousal_primary_6s,classification,Eye_Pupil,TCN,20260907,test,full,logistic,full,P39,0.025000000000000022
arousal_primary_6s,classification,Eye_Pupil,TCN,20260907,test,full,logistic,full,P45,0.06612422186192674
arousal_primary_6s,classification,Eye_Pupil,TCN,20260907,test,full,logistic,full,P5,-0.05128205128205132
arousal_primary_6s,classification,Eye_Pupil,TCN,20260908,validation,matched,logistic,Eye_Pupil,P23,0.05797101449275366
arousal_primary_6s,classification,Eye_Pupil,TCN,20260908,validation,matched,logistic,Eye_Pupil,P28,0.06723502025515449
arousal_primary_6s,classification,Eye_Pupil,TCN,20260908,validation,matched,logistic,Eye_Pupil,P31,0.0
arousal_primary_6s,classification,Eye_Pupil,TCN,20260908,validation,matched,logistic,Eye_Pupil,P32,-0.021557025176934697
arousal_primary_6s,classification,Eye_Pupil,TCN,20260908,validation,matched,logistic,Eye_Pupil,P38,-0.014628688541731993
arousal_primary_6s,classification,Eye_Pupil,TCN,20260908,validation,matched,logistic,Eye_Pupil,P41,-0.06266009852216753
arousal_primary_6s,classification,Eye_Pupil,TCN,20260908,validation,matched,logistic,Eye_Pupil,P47,-0.021361033219260694
arousal_primary_6s,classification,Eye_Pupil,TCN,20260908,validation,matched,logistic,Eye_Pupil,P6,-0.045545722713864256
arousal_primary_6s,classification,Eye_Pupil,TCN,20260908,validation,full,logistic,full,P23,0.02173913043478265
arousal_primary_6s,classification,Eye_Pupil,TCN,20260908,validation,full,logistic,full,P28,0.11506137009492717
arousal_primary_6s,classification,Eye_Pupil,TCN,20260908,validation,full,logistic,full,P31,-1.1102230246251565e-16
arousal_primary_6s,classification,Eye_Pupil,TCN,20260908,validation,full,logistic,full,P32,-0.04502842557141201
arousal_primary_6s,classification,Eye_Pupil,TCN,20260908,validation,full,logistic,full,P38,-0.009274944057552803
arousal_primary_6s,classification,Eye_Pupil,TCN,20260908,validation,full,logistic,full,P41,-0.03249042145593872
arousal_primary_6s,classification,Eye_Pupil,TCN,20260908,validation,full,logistic,full,P47,-0.010044188913616914
arousal_primary_6s,classification,Eye_Pupil,TCN,20260908,validation,full,logistic,full,P6,-0.06018354637823664
arousal_primary_6s,classification,Eye_Pupil,TCN,20260908,test,matched,logistic,Eye_Pupil,P10,0.0261765625375755
arousal_primary_6s,classification,Eye_Pupil,TCN,20260908,test,matched,logistic,Eye_Pupil,P11,-0.035196687370600444
arousal_primary_6s,classification,Eye_Pupil,TCN,20260908,test,matched,logistic,Eye_Pupil,P15,0.054472435195326796
arousal_primary_6s,classification,Eye_Pupil,TCN,20260908,test,matched,logistic,Eye_Pupil,P16,0.036809815950920144
arousal_primary_6s,classification,Eye_Pupil,TCN,20260908,test,matched,logistic,Eye_Pupil,P37,-0.009208103130755041
arousal_primary_6s,classification,Eye_Pupil,TCN,20260908,test,matched,logistic,Eye_Pupil,P39,-0.05625000000000008
arousal_primary_6s,classification,Eye_Pupil,TCN,20260908,test,matched,logistic,Eye_Pupil,P45,-0.01806481314678038
arousal_primary_6s,classification,Eye_Pupil,TCN,20260908,test,matched,logistic,Eye_Pupil,P5,0.008547008547008628
arousal_primary_6s,classification,Eye_Pupil,TCN,20260908,test,full,logistic,full,P10,0.002272563307120723
arousal_primary_6s,classification,Eye_Pupil,TCN,20260908,test,full,logistic,full,P11,-0.02277432712215316
arousal_primary_6s,classification,Eye_Pupil,TCN,20260908,test,full,logistic,full,P15,0.0465254959230863
arousal_primary_6s,classification,Eye_Pupil,TCN,20260908,test,full,logistic,full,P16,0.05521472392638033
arousal_primary_6s,classification,Eye_Pupil,TCN,20260908,test,full,logistic,full,P37,0.0738182934315531
arousal_primary_6s,classification,Eye_Pupil,TCN,20260908,test,full,logistic,full,P39,-0.016666666666666663
arousal_primary_6s,classification,Eye_Pupil,TCN,20260908,test,full,logistic,full,P45,0.020486799175323755
arousal_primary_6s,classification,Eye_Pupil,TCN,20260908,test,full,logistic,full,P5,-0.023504273504273476
arousal_primary_6s,classification,Eye_Pupil,LSTM,20260907,validation,matched,logistic,Eye_Pupil,P23,-0.012077294685990336
arousal_primary_6s,classification,Eye_Pupil,LSTM,20260907,validation,matched,logistic,Eye_Pupil,P28,0.040464961605901184
arousal_primary_6s,classification,Eye_Pupil,LSTM,20260907,validation,matched,logistic,Eye_Pupil,P31,-0.0017094017094015923
arousal_primary_6s,classification,Eye_Pupil,LSTM,20260907,validation,matched,logistic,Eye_Pupil,P32,-0.019654252233437752
arousal_primary_6s,classification,Eye_Pupil,LSTM,20260907,validation,matched,logistic,Eye_Pupil,P38,0.030486019616454474
arousal_primary_6s,classification,Eye_Pupil,LSTM,20260907,validation,matched,logistic,Eye_Pupil,P41,-0.05906951286261636
arousal_primary_6s,classification,Eye_Pupil,LSTM,20260907,validation,matched,logistic,Eye_Pupil,P47,-0.0009319180934606042
arousal_primary_6s,classification,Eye_Pupil,LSTM,20260907,validation,matched,logistic,Eye_Pupil,P6,-0.028089151098000587
arousal_primary_6s,classification,Eye_Pupil,LSTM,20260907,validation,full,logistic,full,P23,-0.048309178743961345
arousal_primary_6s,classification,Eye_Pupil,LSTM,20260907,validation,full,logistic,full,P28,0.08829131144567387
arousal_primary_6s,classification,Eye_Pupil,LSTM,20260907,validation,full,logistic,full,P31,-0.0017094017094017033
arousal_primary_6s,classification,Eye_Pupil,LSTM,20260907,validation,full,logistic,full,P32,-0.04312565262791507
arousal_primary_6s,classification,Eye_Pupil,LSTM,20260907,validation,full,logistic,full,P38,0.035839764100633664
arousal_primary_6s,classification,Eye_Pupil,LSTM,20260907,validation,full,logistic,full,P41,-0.028899835796387552
arousal_primary_6s,classification,Eye_Pupil,LSTM,20260907,validation,full,logistic,full,P47,0.010384926212183176
arousal_primary_6s,classification,Eye_Pupil,LSTM,20260907,validation,full,logistic,full,P6,-0.04272697476237297
arousal_primary_6s,classification,Eye_Pupil,LSTM,20260907,test,matched,logistic,Eye_Pupil,P10,0.003931895245653294
arousal_primary_6s,classification,Eye_Pupil,LSTM,20260907,test,matched,logistic,Eye_Pupil,P11,-0.0020703933747412973
arousal_primary_6s,classification,Eye_Pupil,LSTM,20260907,test,matched,logistic,Eye_Pupil,P15,0.032469271023487956
arousal_primary_6s,classification,Eye_Pupil,LSTM,20260907,test,matched,logistic,Eye_Pupil,P16,-0.010224948875255657
arousal_primary_6s,classification,Eye_Pupil,LSTM,20260907,test,matched,logistic,Eye_Pupil,P37,0.09515039901780237
arousal_primary_6s,classification,Eye_Pupil,LSTM,20260907,test,matched,logistic,Eye_Pupil,P39,-0.027083333333333348
arousal_primary_6s,classification,Eye_Pupil,LSTM,20260907,test,matched,logistic,Eye_Pupil,P45,-0.003673011869733178
arousal_primary_6s,classification,Eye_Pupil,LSTM,20260907,test,matched,logistic,Eye_Pupil,P5,0.019230769230769273
arousal_primary_6s,classification,Eye_Pupil,LSTM,20260907,test,full,logistic,full,P10,-0.01997210398480148
arousal_primary_6s,classification,Eye_Pupil,LSTM,20260907,test,full,logistic,full,P11,0.010351966873705987
arousal_primary_6s,classification,Eye_Pupil,LSTM,20260907,test,full,logistic,full,P15,0.02452233175124746
arousal_primary_6s,classification,Eye_Pupil,LSTM,20260907,test,full,logistic,full,P16,0.008179959100204526
arousal_primary_6s,classification,Eye_Pupil,LSTM,20260907,test,full,logistic,full,P37,0.17817679558011051
arousal_primary_6s,classification,Eye_Pupil,LSTM,20260907,test,full,logistic,full,P39,0.012500000000000067
arousal_primary_6s,classification,Eye_Pupil,LSTM,20260907,test,full,logistic,full,P45,0.034878600452370956
arousal_primary_6s,classification,Eye_Pupil,LSTM,20260907,test,full,logistic,full,P5,-0.01282051282051283
arousal_primary_6s,classification,Eye_Pupil,LSTM,20260908,validation,matched,logistic,Eye_Pupil,P23,0.012077294685990392
arousal_primary_6s,classification,Eye_Pupil,LSTM,20260908,validation,matched,logistic,Eye_Pupil,P28,0.04956466533647741
arousal_primary_6s,classification,Eye_Pupil,LSTM,20260908,validation,matched,logistic,Eye_Pupil,P31,-0.029059829059829012
arousal_primary_6s,classification,Eye_Pupil,LSTM,20260908,validation,matched,logistic,Eye_Pupil,P32,0.015605058591483922
arousal_primary_6s,classification,Eye_Pupil,LSTM,20260908,validation,matched,logistic,Eye_Pupil,P38,-0.01578413534935269
arousal_primary_6s,classification,Eye_Pupil,LSTM,20260908,validation,matched,logistic,Eye_Pupil,P41,-0.041576354679802974
arousal_primary_6s,classification,Eye_Pupil,LSTM,20260908,validation,matched,logistic,Eye_Pupil,P47,0.0048486569572038785
arousal_primary_6s,classification,Eye_Pupil,LSTM,20260908,validation,matched,logistic,Eye_Pupil,P6,-0.0410029498525073
arousal_primary_6s,classification,Eye_Pupil,LSTM,20260908,validation,full,logistic,full,P23,-0.024154589371980617
arousal_primary_6s,classification,Eye_Pupil,LSTM,20260908,validation,full,logistic,full,P28,0.0973910151762501
arousal_primary_6s,classification,Eye_Pupil,LSTM,20260908,validation,full,logistic,full,P31,-0.029059829059829123
arousal_primary_6s,classification,Eye_Pupil,LSTM,20260908,validation,full,logistic,full,P32,-0.007866341802993393
arousal_primary_6s,classification,Eye_Pupil,LSTM,20260908,validation,full,logistic,full,P38,-0.0104303908651735
arousal_primary_6s,classification,Eye_Pupil,LSTM,20260908,validation,full,logistic,full,P41,-0.011406677613574168
arousal_primary_6s,classification,Eye_Pupil,LSTM,20260908,validation,full,logistic,full,P47,0.01616550126284766
arousal_primary_6s,classification,Eye_Pupil,LSTM,20260908,validation,full,logistic,full,P6,-0.05564077351687968
arousal_primary_6s,classification,Eye_Pupil,LSTM,20260908,test,matched,logistic,Eye_Pupil,P10,-0.00016833802274968113
arousal_primary_6s,classification,Eye_Pupil,LSTM,20260908,test,matched,logistic,Eye_Pupil,P11,-0.008281573498964856
arousal_primary_6s,classification,Eye_Pupil,LSTM,20260908,test,matched,logistic,Eye_Pupil,P15,0.0769258853596203
arousal_primary_6s,classification,Eye_Pupil,LSTM,20260908,test,matched,logistic,Eye_Pupil,P16,0.04089979550102246
arousal_primary_6s,classification,Eye_Pupil,LSTM,20260908,test,matched,logistic,Eye_Pupil,P37,0.016421117249846573
arousal_primary_6s,classification,Eye_Pupil,LSTM,20260908,test,matched,logistic,Eye_Pupil,P39,-0.07916666666666672
arousal_primary_6s,classification,Eye_Pupil,LSTM,20260908,test,matched,logistic,Eye_Pupil,P45,0.023579335054744854
arousal_primary_6s,classification,Eye_Pupil,LSTM,20260908,test,matched,logistic,Eye_Pupil,P5,0.12606837606837612
arousal_primary_6s,classification,Eye_Pupil,LSTM,20260908,test,full,logistic,full,P10,-0.024072337253204457
arousal_primary_6s,classification,Eye_Pupil,LSTM,20260908,test,full,logistic,full,P11,0.004140786749482428
arousal_primary_6s,classification,Eye_Pupil,LSTM,20260908,test,full,logistic,full,P15,0.06897894608737981
arousal_primary_6s,classification,Eye_Pupil,LSTM,20260908,test,full,logistic,full,P16,0.059304703476482645
arousal_primary_6s,classification,Eye_Pupil,LSTM,20260908,test,full,logistic,full,P37,0.09944751381215472
arousal_primary_6s,classification,Eye_Pupil,LSTM,20260908,test,full,logistic,full,P39,-0.039583333333333304
arousal_primary_6s,classification,Eye_Pupil,LSTM,20260908,test,full,logistic,full,P45,0.06213094737684899
arousal_primary_6s,classification,Eye_Pupil,LSTM,20260908,test,full,logistic,full,P5,0.09401709401709402
arousal_primary_6s,classification,Eye_Pupil,BiLSTM,20260907,validation,matched,logistic,Eye_Pupil,P23,0.007246376811594235
arousal_primary_6s,classification,Eye_Pupil,BiLSTM,20260907,validation,matched,logistic,Eye_Pupil,P28,0.01794243908337867
arousal_primary_6s,classification,Eye_Pupil,BiLSTM,20260907,validation,matched,logistic,Eye_Pupil,P31,-0.013675213675213627
arousal_primary_6s,classification,Eye_Pupil,BiLSTM,20260907,validation,matched,logistic,Eye_Pupil,P32,-0.025536605174614257
arousal_primary_6s,classification,Eye_Pupil,BiLSTM,20260907,validation,matched,logistic,Eye_Pupil,P38,0.005327603153690186
arousal_primary_6s,classification,Eye_Pupil,BiLSTM,20260907,validation,matched,logistic,Eye_Pupil,P41,0.005977011494252782
arousal_primary_6s,classification,Eye_Pupil,BiLSTM,20260907,validation,matched,logistic,Eye_Pupil,P47,0.0276090859230001
arousal_primary_6s,classification,Eye_Pupil,BiLSTM,20260907,validation,matched,logistic,Eye_Pupil,P6,0.004601769911504461
arousal_primary_6s,classification,Eye_Pupil,BiLSTM,20260907,validation,full,logistic,full,P23,-0.028985507246376774
arousal_primary_6s,classification,Eye_Pupil,BiLSTM,20260907,validation,full,logistic,full,P28,0.06576878892315136
arousal_primary_6s,classification,Eye_Pupil,BiLSTM,20260907,validation,full,logistic,full,P31,-0.013675213675213738
arousal_primary_6s,classification,Eye_Pupil,BiLSTM,20260907,validation,full,logistic,full,P32,-0.04900800556909157
arousal_primary_6s,classification,Eye_Pupil,BiLSTM,20260907,validation,full,logistic,full,P38,0.010681347637869376
arousal_primary_6s,classification,Eye_Pupil,BiLSTM,20260907,validation,full,logistic,full,P41,0.03614668856048159
arousal_primary_6s,classification,Eye_Pupil,BiLSTM,20260907,validation,full,logistic,full,P47,0.03892593022864388
arousal_primary_6s,classification,Eye_Pupil,BiLSTM,20260907,validation,full,logistic,full,P6,-0.010036053752867924
arousal_primary_6s,classification,Eye_Pupil,BiLSTM,20260907,test,matched,logistic,Eye_Pupil,P10,0.038044393141428046
arousal_primary_6s,classification,Eye_Pupil,BiLSTM,20260907,test,matched,logistic,Eye_Pupil,P11,-0.04761904761904773
arousal_primary_6s,classification,Eye_Pupil,BiLSTM,20260907,test,matched,logistic,Eye_Pupil,P15,0.060739929414628246
arousal_primary_6s,classification,Eye_Pupil,BiLSTM,20260907,test,matched,logistic,Eye_Pupil,P16,0.06952965235173825
arousal_primary_6s,classification,Eye_Pupil,BiLSTM,20260907,test,matched,logistic,Eye_Pupil,P37,0.04220380601596074
arousal_primary_6s,classification,Eye_Pupil,BiLSTM,20260907,test,matched,logistic,Eye_Pupil,P39,-0.07916666666666672
arousal_primary_6s,classification,Eye_Pupil,BiLSTM,20260907,test,matched,logistic,Eye_Pupil,P45,0.01818491162753455
arousal_primary_6s,classification,Eye_Pupil,BiLSTM,20260907,test,matched,logistic,Eye_Pupil,P5,0.10042735042735046
arousal_primary_6s,classification,Eye_Pupil,BiLSTM,20260907,test,full,logistic,full,P10,0.01414039391097327
arousal_primary_6s,classification,Eye_Pupil,BiLSTM,20260907,test,full,logistic,full,P11,-0.035196687370600444
arousal_primary_6s,classification,Eye_Pupil,BiLSTM,20260907,test,full,logistic,full,P15,0.05279299014238775
arousal_primary_6s,classification,Eye_Pupil,BiLSTM,20260907,test,full,logistic,full,P16,0.08793456032719843
arousal_primary_6s,classification,Eye_Pupil,BiLSTM,20260907,test,full,logistic,full,P37,0.1252302025782689
arousal_primary_6s,classification,Eye_Pupil,BiLSTM,20260907,test,full,logistic,full,P39,-0.039583333333333304
arousal_primary_6s,classification,Eye_Pupil,BiLSTM,20260907,test,full,logistic,full,P45,0.056736523949638684
arousal_primary_6s,classification,Eye_Pupil,BiLSTM,20260907,test,full,logistic,full,P5,0.06837606837606836
arousal_primary_6s,classification,Eye_Pupil,BiLSTM,20260908,validation,matched,logistic,Eye_Pupil,P23,-0.012077294685990336
arousal_primary_6s,classification,Eye_Pupil,BiLSTM,20260908,validation,matched,logistic,Eye_Pupil,P28,0.024805006348630476
arousal_primary_6s,classification,Eye_Pupil,BiLSTM,20260908,validation,matched,logistic,Eye_Pupil,P31,-0.013675213675213627
arousal_primary_6s,classification,Eye_Pupil,BiLSTM,20260908,validation,matched,logistic,Eye_Pupil,P32,-0.05687434737208491
arousal_primary_6s,classification,Eye_Pupil,BiLSTM,20260908,validation,matched,logistic,Eye_Pupil,P38,0.0040937323546019755
arousal_primary_6s,classification,Eye_Pupil,BiLSTM,20260908,validation,matched,logistic,Eye_Pupil,P41,0.011395730706075469
arousal_primary_6s,classification,Eye_Pupil,BiLSTM,20260908,validation,matched,logistic,Eye_Pupil,P47,0.01665835229693008
arousal_primary_6s,classification,Eye_Pupil,BiLSTM,20260908,validation,matched,logistic,Eye_Pupil,P6,-0.013044903310390044
arousal_primary_6s,classification,Eye_Pupil,BiLSTM,20260908,validation,full,logistic,full,P23,-0.048309178743961345
arousal_primary_6s,classification,Eye_Pupil,BiLSTM,20260908,validation,full,logistic,full,P28,0.07263135618840316
arousal_primary_6s,classification,Eye_Pupil,BiLSTM,20260908,validation,full,logistic,full,P31,-0.013675213675213738
arousal_primary_6s,classification,Eye_Pupil,BiLSTM,20260908,validation,full,logistic,full,P32,-0.08034574776656223
arousal_primary_6s,classification,Eye_Pupil,BiLSTM,20260908,validation,full,logistic,full,P38,0.009447476838781166
arousal_primary_6s,classification,Eye_Pupil,BiLSTM,20260908,validation,full,logistic,full,P41,0.041565407772304275
arousal_primary_6s,classification,Eye_Pupil,BiLSTM,20260908,validation,full,logistic,full,P47,0.02797519660257386
arousal_primary_6s,classification,Eye_Pupil,BiLSTM,20260908,validation,full,logistic,full,P6,-0.02768272697476243
arousal_primary_6s,classification,Eye_Pupil,BiLSTM,20260908,test,matched,logistic,Eye_Pupil,P10,0.008152369958877415
arousal_primary_6s,classification,Eye_Pupil,BiLSTM,20260908,test,matched,logistic,Eye_Pupil,P11,-0.010351966873706042
arousal_primary_6s,classification,Eye_Pupil,BiLSTM,20260908,test,matched,logistic,Eye_Pupil,P15,0.05874406717780212
arousal_primary_6s,classification,Eye_Pupil,BiLSTM,20260908,test,matched,logistic,Eye_Pupil,P16,0.034764826175869123
arousal_primary_6s,classification,Eye_Pupil,BiLSTM,20260908,test,matched,logistic,Eye_Pupil,P37,0.07473910374462861
arousal_primary_6s,classification,Eye_Pupil,BiLSTM,20260908,test,matched,logistic,Eye_Pupil,P39,0.033333333333333326
arousal_primary_6s,classification,Eye_Pupil,BiLSTM,20260908,test,matched,logistic,Eye_Pupil,P45,-0.0018715346584199377
arousal_primary_6s,classification,Eye_Pupil,BiLSTM,20260908,test,matched,logistic,Eye_Pupil,P5,0.09829059829059833
arousal_primary_6s,classification,Eye_Pupil,BiLSTM,20260908,test,full,logistic,full,P10,-0.01575162927157736
arousal_primary_6s,classification,Eye_Pupil,BiLSTM,20260908,test,full,logistic,full,P11,0.0020703933747412417
arousal_primary_6s,classification,Eye_Pupil,BiLSTM,20260908,test,full,logistic,full,P15,0.05079712790556162
arousal_primary_6s,classification,Eye_Pupil,BiLSTM,20260908,test,full,logistic,full,P16,0.053169734151329306
arousal_primary_6s,classification,Eye_Pupil,BiLSTM,20260908,test,full,logistic,full,P37,0.15776550030693676
arousal_primary_6s,classification,Eye_Pupil,BiLSTM,20260908,test,full,logistic,full,P39,0.07291666666666674
arousal_primary_6s,classification,Eye_Pupil,BiLSTM,20260908,test,full,logistic,full,P45,0.036680077663684196
arousal_primary_6s,classification,Eye_Pupil,BiLSTM,20260908,test,full,logistic,full,P5,0.06623931623931623
arousal_primary_6s,regression,Eye_Pupil,TCN,20260907,validation,matched,ridge,Eye_Pupil,P23,-0.0001821240510774258
arousal_primary_6s,regression,Eye_Pupil,TCN,20260907,validation,matched,ridge,Eye_Pupil,P28,0.004688883796669541
arousal_primary_6s,regression,Eye_Pupil,TCN,20260907,validation,matched,ridge,Eye_Pupil,P31,-0.0074014568000817516
arousal_primary_6s,regression,Eye_Pupil,TCN,20260907,validation,matched,ridge,Eye_Pupil,P32,-0.008629000312497692
arousal_primary_6s,regression,Eye_Pupil,TCN,20260907,validation,matched,ridge,Eye_Pupil,P38,-0.009398509707551739
arousal_primary_6s,regression,Eye_Pupil,TCN,20260907,validation,matched,ridge,Eye_Pupil,P41,-0.008669359980628788
arousal_primary_6s,regression,Eye_Pupil,TCN,20260907,validation,matched,ridge,Eye_Pupil,P47,-0.0022565680516157816
arousal_primary_6s,regression,Eye_Pupil,TCN,20260907,validation,matched,ridge,Eye_Pupil,P6,-0.030474090907320783
arousal_primary_6s,regression,Eye_Pupil,TCN,20260907,validation,full,ridge,full,P23,-0.005287227805270023
arousal_primary_6s,regression,Eye_Pupil,TCN,20260907,validation,full,ridge,full,P28,0.0032881187063252826
arousal_primary_6s,regression,Eye_Pupil,TCN,20260907,validation,full,ridge,full,P31,-0.007660913599399688
arousal_primary_6s,regression,Eye_Pupil,TCN,20260907,validation,full,ridge,full,P32,-0.01673354199521926
arousal_primary_6s,regression,Eye_Pupil,TCN,20260907,validation,full,ridge,full,P38,-0.012897550634852761
arousal_primary_6s,regression,Eye_Pupil,TCN,20260907,validation,full,ridge,full,P41,0.011378263539714717
arousal_primary_6s,regression,Eye_Pupil,TCN,20260907,validation,full,ridge,full,P47,-0.000560848004974801
arousal_primary_6s,regression,Eye_Pupil,TCN,20260907,validation,full,ridge,full,P6,-0.031238512050319134
arousal_primary_6s,regression,Eye_Pupil,TCN,20260907,test,matched,ridge,Eye_Pupil,P10,0.0004373256915615187
arousal_primary_6s,regression,Eye_Pupil,TCN,20260907,test,matched,ridge,Eye_Pupil,P11,-0.0009346280104849392
arousal_primary_6s,regression,Eye_Pupil,TCN,20260907,test,matched,ridge,Eye_Pupil,P15,-0.0037584272815804898
arousal_primary_6s,regression,Eye_Pupil,TCN,20260907,test,matched,ridge,Eye_Pupil,P16,-0.04110965239783415
arousal_primary_6s,regression,Eye_Pupil,TCN,20260907,test,matched,ridge,Eye_Pupil,P37,-0.00216312850643674
arousal_primary_6s,regression,Eye_Pupil,TCN,20260907,test,matched,ridge,Eye_Pupil,P39,-0.0024677965835013804
arousal_primary_6s,regression,Eye_Pupil,TCN,20260907,test,matched,ridge,Eye_Pupil,P45,0.0037010728374782254
arousal_primary_6s,regression,Eye_Pupil,TCN,20260907,test,matched,ridge,Eye_Pupil,P5,-0.000911208282544651
arousal_primary_6s,regression,Eye_Pupil,TCN,20260907,test,full,ridge,full,P10,0.002838874105992817
arousal_primary_6s,regression,Eye_Pupil,TCN,20260907,test,full,ridge,full,P11,-0.001097097657005608
arousal_primary_6s,regression,Eye_Pupil,TCN,20260907,test,full,ridge,full,P15,0.011357621035555487
arousal_primary_6s,regression,Eye_Pupil,TCN,20260907,test,full,ridge,full,P16,-0.045701623060319996
arousal_primary_6s,regression,Eye_Pupil,TCN,20260907,test,full,ridge,full,P37,-2.8064193961729877e-05
arousal_primary_6s,regression,Eye_Pupil,TCN,20260907,test,full,ridge,full,P39,-0.007781413226179756
arousal_primary_6s,regression,Eye_Pupil,TCN,20260907,test,full,ridge,full,P45,0.0003883736523366821
arousal_primary_6s,regression,Eye_Pupil,TCN,20260907,test,full,ridge,full,P5,0.000977405950689958
arousal_primary_6s,regression,Eye_Pupil,TCN,20260908,validation,matched,ridge,Eye_Pupil,P23,-0.012694292338254698
arousal_primary_6s,regression,Eye_Pupil,TCN,20260908,validation,matched,ridge,Eye_Pupil,P28,-0.023828031523529747
arousal_primary_6s,regression,Eye_Pupil,TCN,20260908,validation,matched,ridge,Eye_Pupil,P31,0.0027678857594284345
arousal_primary_6s,regression,Eye_Pupil,TCN,20260908,validation,matched,ridge,Eye_Pupil,P32,-0.00020958210587773696
arousal_primary_6s,regression,Eye_Pupil,TCN,20260908,validation,matched,ridge,Eye_Pupil,P38,-0.004870951066196838
arousal_primary_6s,regression,Eye_Pupil,TCN,20260908,validation,matched,ridge,Eye_Pupil,P41,0.0029373631940655676
arousal_primary_6s,regression,Eye_Pupil,TCN,20260908,validation,matched,ridge,Eye_Pupil,P47,-0.0032020798286891416
arousal_primary_6s,regression,Eye_Pupil,TCN,20260908,validation,matched,ridge,Eye_Pupil,P6,-0.030498586526929272
arousal_primary_6s,regression,Eye_Pupil,TCN,20260908,validation,full,ridge,full,P23,-0.017799396092447295
arousal_primary_6s,regression,Eye_Pupil,TCN,20260908,validation,full,ridge,full,P28,-0.025228796613874005
arousal_primary_6s,regression,Eye_Pupil,TCN,20260908,validation,full,ridge,full,P31,0.002508428960110498
arousal_primary_6s,regression,Eye_Pupil,TCN,20260908,validation,full,ridge,full,P32,-0.008314123788599304
arousal_primary_6s,regression,Eye_Pupil,TCN,20260908,validation,full,ridge,full,P38,-0.00836999199349786
arousal_primary_6s,regression,Eye_Pupil,TCN,20260908,validation,full,ridge,full,P41,0.022984986714409072
arousal_primary_6s,regression,Eye_Pupil,TCN,20260908,validation,full,ridge,full,P47,-0.0015063597820481611
arousal_primary_6s,regression,Eye_Pupil,TCN,20260908,validation,full,ridge,full,P6,-0.03126300766992762
arousal_primary_6s,regression,Eye_Pupil,TCN,20260908,test,matched,ridge,Eye_Pupil,P10,-0.0029307347149987173
arousal_primary_6s,regression,Eye_Pupil,TCN,20260908,test,matched,ridge,Eye_Pupil,P11,-0.0010742447512616105
arousal_primary_6s,regression,Eye_Pupil,TCN,20260908,test,matched,ridge,Eye_Pupil,P15,-0.01035721823747715
arousal_primary_6s,regression,Eye_Pupil,TCN,20260908,test,matched,ridge,Eye_Pupil,P16,0.0024899570653947878
arousal_primary_6s,regression,Eye_Pupil,TCN,20260908,test,matched,ridge,Eye_Pupil,P37,6.748712493775955e-05
arousal_primary_6s,regression,Eye_Pupil,TCN,20260908,test,matched,ridge,Eye_Pupil,P39,-0.00554168008606859
arousal_primary_6s,regression,Eye_Pupil,TCN,20260908,test,matched,ridge,Eye_Pupil,P45,0.004440661649390387
arousal_primary_6s,regression,Eye_Pupil,TCN,20260908,test,matched,ridge,Eye_Pupil,P5,-0.0061525642153993365
arousal_primary_6s,regression,Eye_Pupil,TCN,20260908,test,full,ridge,full,P10,-0.0005291863005674191
arousal_primary_6s,regression,Eye_Pupil,TCN,20260908,test,full,ridge,full,P11,-0.0012367143977822792
arousal_primary_6s,regression,Eye_Pupil,TCN,20260908,test,full,ridge,full,P15,0.004758830079658827
arousal_primary_6s,regression,Eye_Pupil,TCN,20260908,test,full,ridge,full,P16,-0.002102013597091057
arousal_primary_6s,regression,Eye_Pupil,TCN,20260908,test,full,ridge,full,P37,0.0022025514374127697
arousal_primary_6s,regression,Eye_Pupil,TCN,20260908,test,full,ridge,full,P39,-0.010855296728746966
arousal_primary_6s,regression,Eye_Pupil,TCN,20260908,test,full,ridge,full,P45,0.001127962464248844
arousal_primary_6s,regression,Eye_Pupil,TCN,20260908,test,full,ridge,full,P5,-0.0042639499821647275
arousal_primary_6s,regression,Eye_Pupil,LSTM,20260907,validation,matched,ridge,Eye_Pupil,P23,0.003947687803134925
arousal_primary_6s,regression,Eye_Pupil,LSTM,20260907,validation,matched,ridge,Eye_Pupil,P28,-0.011292620804307929
arousal_primary_6s,regression,Eye_Pupil,LSTM,20260907,validation,matched,ridge,Eye_Pupil,P31,-0.0023742058218978457
arousal_primary_6s,regression,Eye_Pupil,LSTM,20260907,validation,matched,ridge,Eye_Pupil,P32,0.007496827384489757
arousal_primary_6s,regression,Eye_Pupil,LSTM,20260907,validation,matched,ridge,Eye_Pupil,P38,-0.006231515194299098
arousal_primary_6s,regression,Eye_Pupil,LSTM,20260907,validation,matched,ridge,Eye_Pupil,P41,-0.0014737725319412531
arousal_primary_6s,regression,Eye_Pupil,LSTM,20260907,validation,matched,ridge,Eye_Pupil,P47,0.00042573627488606824
arousal_primary_6s,regression,Eye_Pupil,LSTM,20260907,validation,matched,ridge,Eye_Pupil,P6,0.0035577422797219427
arousal_primary_6s,regression,Eye_Pupil,LSTM,20260907,validation,full,ridge,full,P23,-0.001157415951057672
arousal_primary_6s,regression,Eye_Pupil,LSTM,20260907,validation,full,ridge,full,P28,-0.012693385894652187
arousal_primary_6s,regression,Eye_Pupil,LSTM,20260907,validation,full,ridge,full,P31,-0.002633662621215782
arousal_primary_6s,regression,Eye_Pupil,LSTM,20260907,validation,full,ridge,full,P32,-0.0006077142982318096
arousal_primary_6s,regression,Eye_Pupil,LSTM,20260907,validation,full,ridge,full,P38,-0.00973055612160012
arousal_primary_6s,regression,Eye_Pupil,LSTM,20260907,validation,full,ridge,full,P41,0.018573850988402252
arousal_primary_6s,regression,Eye_Pupil,LSTM,20260907,validation,full,ridge,full,P47,0.0021214563215270488
arousal_primary_6s,regression,Eye_Pupil,LSTM,20260907,validation,full,ridge,full,P6,0.002793321136723592
arousal_primary_6s,regression,Eye_Pupil,LSTM,20260907,test,matched,ridge,Eye_Pupil,P10,-0.010144955952352763
arousal_primary_6s,regression,Eye_Pupil,LSTM,20260907,test,matched,ridge,Eye_Pupil,P11,-0.003221826955238316
arousal_primary_6s,regression,Eye_Pupil,LSTM,20260907,test,matched,ridge,Eye_Pupil,P15,-0.003848850263139525
arousal_primary_6s,regression,Eye_Pupil,LSTM,20260907,test,matched,ridge,Eye_Pupil,P16,-0.04425569318312905
arousal_primary_6s,regression,Eye_Pupil,LSTM,20260907,test,matched,ridge,Eye_Pupil,P37,0.005443690078719587
arousal_primary_6s,regression,Eye_Pupil,LSTM,20260907,test,matched,ridge,Eye_Pupil,P39,-0.007950632363932675
arousal_primary_6s,regression,Eye_Pupil,LSTM,20260907,test,matched,ridge,Eye_Pupil,P45,0.003499988736922033
arousal_primary_6s,regression,Eye_Pupil,LSTM,20260907,test,matched,ridge,Eye_Pupil,P5,-0.0025881520907793387
arousal_primary_6s,regression,Eye_Pupil,LSTM,20260907,test,full,ridge,full,P10,-0.007743407537921465
arousal_primary_6s,regression,Eye_Pupil,LSTM,20260907,test,full,ridge,full,P11,-0.003384296601758985
arousal_primary_6s,regression,Eye_Pupil,LSTM,20260907,test,full,ridge,full,P15,0.011267198053996452
arousal_primary_6s,regression,Eye_Pupil,LSTM,20260907,test,full,ridge,full,P16,-0.0488476638456149
arousal_primary_6s,regression,Eye_Pupil,LSTM,20260907,test,full,ridge,full,P37,0.007578754391194598
arousal_primary_6s,regression,Eye_Pupil,LSTM,20260907,test,full,ridge,full,P39,-0.01326424900661105
arousal_primary_6s,regression,Eye_Pupil,LSTM,20260907,test,full,ridge,full,P45,0.00018728955178048956
arousal_primary_6s,regression,Eye_Pupil,LSTM,20260907,test,full,ridge,full,P5,-0.0006995378575447297
arousal_primary_6s,regression,Eye_Pupil,LSTM,20260908,validation,matched,ridge,Eye_Pupil,P23,-0.017520024225587738
arousal_primary_6s,regression,Eye_Pupil,LSTM,20260908,validation,matched,ridge,Eye_Pupil,P28,-0.013223670226220507
arousal_primary_6s,regression,Eye_Pupil,LSTM,20260908,validation,matched,ridge,Eye_Pupil,P31,-0.00011489774601358693
arousal_primary_6s,regression,Eye_Pupil,LSTM,20260908,validation,matched,ridge,Eye_Pupil,P32,-0.006936845976469819
arousal_primary_6s,regression,Eye_Pupil,LSTM,20260908,validation,matched,ridge,Eye_Pupil,P38,-0.004515864877115305
arousal_primary_6s,regression,Eye_Pupil,LSTM,20260908,validation,matched,ridge,Eye_Pupil,P41,-0.029361672462787647
arousal_primary_6s,regression,Eye_Pupil,LSTM,20260908,validation,matched,ridge,Eye_Pupil,P47,0.006614385130490841
arousal_primary_6s,regression,Eye_Pupil,LSTM,20260908,validation,matched,ridge,Eye_Pupil,P6,-0.021350203278475477
arousal_primary_6s,regression,Eye_Pupil,LSTM,20260908,validation,full,ridge,full,P23,-0.022625127979780335
arousal_primary_6s,regression,Eye_Pupil,LSTM,20260908,validation,full,ridge,full,P28,-0.014624435316564766
arousal_primary_6s,regression,Eye_Pupil,LSTM,20260908,validation,full,ridge,full,P31,-0.00037435454533152335
arousal_primary_6s,regression,Eye_Pupil,LSTM,20260908,validation,full,ridge,full,P32,-0.015041387659191385
arousal_primary_6s,regression,Eye_Pupil,LSTM,20260908,validation,full,ridge,full,P38,-0.008014905804416328
arousal_primary_6s,regression,Eye_Pupil,LSTM,20260908,validation,full,ridge,full,P41,-0.009314048942444142
arousal_primary_6s,regression,Eye_Pupil,LSTM,20260908,validation,full,ridge,full,P47,0.008310105177131821
arousal_primary_6s,regression,Eye_Pupil,LSTM,20260908,validation,full,ridge,full,P6,-0.022114624421473827
arousal_primary_6s,regression,Eye_Pupil,LSTM,20260908,test,matched,ridge,Eye_Pupil,P10,-0.003456810687811007
arousal_primary_6s,regression,Eye_Pupil,LSTM,20260908,test,matched,ridge,Eye_Pupil,P11,-0.016443727184397794
arousal_primary_6s,regression,Eye_Pupil,LSTM,20260908,test,matched,ridge,Eye_Pupil,P15,-0.0033326270222768795
arousal_primary_6s,regression,Eye_Pupil,LSTM,20260908,test,matched,ridge,Eye_Pupil,P16,-0.03308053796571775
arousal_primary_6s,regression,Eye_Pupil,LSTM,20260908,test,matched,ridge,Eye_Pupil,P37,-0.00037669613248048073
arousal_primary_6s,regression,Eye_Pupil,LSTM,20260908,test,matched,ridge,Eye_Pupil,P39,-0.010174598183543937
arousal_primary_6s,regression,Eye_Pupil,LSTM,20260908,test,matched,ridge,Eye_Pupil,P45,-0.0017116111665969047
arousal_primary_6s,regression,Eye_Pupil,LSTM,20260908,test,matched,ridge,Eye_Pupil,P5,-0.006145838676211768
arousal_primary_6s,regression,Eye_Pupil,LSTM,20260908,test,full,ridge,full,P10,-0.001055262273379709
arousal_primary_6s,regression,Eye_Pupil,LSTM,20260908,test,full,ridge,full,P11,-0.016606196830918463
arousal_primary_6s,regression,Eye_Pupil,LSTM,20260908,test,full,ridge,full,P15,0.011783421294859098
arousal_primary_6s,regression,Eye_Pupil,LSTM,20260908,test,full,ridge,full,P16,-0.037672508628203594
arousal_primary_6s,regression,Eye_Pupil,LSTM,20260908,test,full,ridge,full,P37,0.0017583681799945294
arousal_primary_6s,regression,Eye_Pupil,LSTM,20260908,test,full,ridge,full,P39,-0.015488214826222313
arousal_primary_6s,regression,Eye_Pupil,LSTM,20260908,test,full,ridge,full,P45,-0.005024310351738448
arousal_primary_6s,regression,Eye_Pupil,LSTM,20260908,test,full,ridge,full,P5,-0.004257224442977159
arousal_primary_6s,regression,Eye_Pupil,BiLSTM,20260907,validation,matched,ridge,Eye_Pupil,P23,0.008176439420495285
arousal_primary_6s,regression,Eye_Pupil,BiLSTM,20260907,validation,matched,ridge,Eye_Pupil,P28,0.006416163923041229
arousal_primary_6s,regression,Eye_Pupil,BiLSTM,20260907,validation,matched,ridge,Eye_Pupil,P31,-0.004511292652894516
arousal_primary_6s,regression,Eye_Pupil,BiLSTM,20260907,validation,matched,ridge,Eye_Pupil,P32,0.006380003791332967
arousal_primary_6s,regression,Eye_Pupil,BiLSTM,20260907,validation,matched,ridge,Eye_Pupil,P38,-0.009069204101339823
arousal_primary_6s,regression,Eye_Pupil,BiLSTM,20260907,validation,matched,ridge,Eye_Pupil,P41,-0.023799247102877397
arousal_primary_6s,regression,Eye_Pupil,BiLSTM,20260907,validation,matched,ridge,Eye_Pupil,P47,0.005041408506486156
arousal_primary_6s,regression,Eye_Pupil,BiLSTM,20260907,validation,matched,ridge,Eye_Pupil,P6,-0.03516827336216377
arousal_primary_6s,regression,Eye_Pupil,BiLSTM,20260907,validation,full,ridge,full,P23,0.003071335666302688
arousal_primary_6s,regression,Eye_Pupil,BiLSTM,20260907,validation,full,ridge,full,P28,0.005015398832696971
arousal_primary_6s,regression,Eye_Pupil,BiLSTM,20260907,validation,full,ridge,full,P31,-0.004770749452212453
arousal_primary_6s,regression,Eye_Pupil,BiLSTM,20260907,validation,full,ridge,full,P32,-0.0017245378913886
arousal_primary_6s,regression,Eye_Pupil,BiLSTM,20260907,validation,full,ridge,full,P38,-0.012568245028640845
arousal_primary_6s,regression,Eye_Pupil,BiLSTM,20260907,validation,full,ridge,full,P41,-0.0037516235825338917
arousal_primary_6s,regression,Eye_Pupil,BiLSTM,20260907,validation,full,ridge,full,P47,0.006737128553127136
arousal_primary_6s,regression,Eye_Pupil,BiLSTM,20260907,validation,full,ridge,full,P6,-0.03593269450516212
arousal_primary_6s,regression,Eye_Pupil,BiLSTM,20260907,test,matched,ridge,Eye_Pupil,P10,-0.003328177752071726
arousal_primary_6s,regression,Eye_Pupil,BiLSTM,20260907,test,matched,ridge,Eye_Pupil,P11,-0.0193133115354851
arousal_primary_6s,regression,Eye_Pupil,BiLSTM,20260907,test,matched,ridge,Eye_Pupil,P15,-0.0029685979033411414
arousal_primary_6s,regression,Eye_Pupil,BiLSTM,20260907,test,matched,ridge,Eye_Pupil,P16,-0.0773982528740077
arousal_primary_6s,regression,Eye_Pupil,BiLSTM,20260907,test,matched,ridge,Eye_Pupil,P37,0.017816712448111005
arousal_primary_6s,regression,Eye_Pupil,BiLSTM,20260907,test,matched,ridge,Eye_Pupil,P39,-0.011792545391649645
arousal_primary_6s,regression,Eye_Pupil,BiLSTM,20260907,test,matched,ridge,Eye_Pupil,P45,0.012027409360251373
arousal_primary_6s,regression,Eye_Pupil,BiLSTM,20260907,test,matched,ridge,Eye_Pupil,P5,-0.0005246080675609388
arousal_primary_6s,regression,Eye_Pupil,BiLSTM,20260907,test,full,ridge,full,P10,-0.0009266293376404278
arousal_primary_6s,regression,Eye_Pupil,BiLSTM,20260907,test,full,ridge,full,P11,-0.01947578118200577
arousal_primary_6s,regression,Eye_Pupil,BiLSTM,20260907,test,full,ridge,full,P15,0.012147450413794836
arousal_primary_6s,regression,Eye_Pupil,BiLSTM,20260907,test,full,ridge,full,P16,-0.08199022353649354
arousal_primary_6s,regression,Eye_Pupil,BiLSTM,20260907,test,full,ridge,full,P37,0.019951776760586015
arousal_primary_6s,regression,Eye_Pupil,BiLSTM,20260907,test,full,ridge,full,P39,-0.01710616203432802
arousal_primary_6s,regression,Eye_Pupil,BiLSTM,20260907,test,full,ridge,full,P45,0.00871471017510983
arousal_primary_6s,regression,Eye_Pupil,BiLSTM,20260907,test,full,ridge,full,P5,0.0013640061656736702
arousal_primary_6s,regression,Eye_Pupil,BiLSTM,20260908,validation,matched,ridge,Eye_Pupil,P23,0.008933943142059975
arousal_primary_6s,regression,Eye_Pupil,BiLSTM,20260908,validation,matched,ridge,Eye_Pupil,P28,0.0061291759290333925
arousal_primary_6s,regression,Eye_Pupil,BiLSTM,20260908,validation,matched,ridge,Eye_Pupil,P31,-0.008757581141996651
arousal_primary_6s,regression,Eye_Pupil,BiLSTM,20260908,validation,matched,ridge,Eye_Pupil,P32,0.005732852827668111
arousal_primary_6s,regression,Eye_Pupil,BiLSTM,20260908,validation,matched,ridge,Eye_Pupil,P38,-0.003757623912675756
arousal_primary_6s,regression,Eye_Pupil,BiLSTM,20260908,validation,matched,ridge,Eye_Pupil,P41,-0.012160102309635379
arousal_primary_6s,regression,Eye_Pupil,BiLSTM,20260908,validation,matched,ridge,Eye_Pupil,P47,-0.0032505078279869704
arousal_primary_6s,regression,Eye_Pupil,BiLSTM,20260908,validation,matched,ridge,Eye_Pupil,P6,-0.0030246532969794293
arousal_primary_6s,regression,Eye_Pupil,BiLSTM,20260908,validation,full,ridge,full,P23,0.0038288393878673777
arousal_primary_6s,regression,Eye_Pupil,BiLSTM,20260908,validation,full,ridge,full,P28,0.004728410838689134
arousal_primary_6s,regression,Eye_Pupil,BiLSTM,20260908,validation,full,ridge,full,P31,-0.009017037941314587
arousal_primary_6s,regression,Eye_Pupil,BiLSTM,20260908,validation,full,ridge,full,P32,-0.0023716888550534554
arousal_primary_6s,regression,Eye_Pupil,BiLSTM,20260908,validation,full,ridge,full,P38,-0.007256664839976779
arousal_primary_6s,regression,Eye_Pupil,BiLSTM,20260908,validation,full,ridge,full,P41,0.007887521210708126
arousal_primary_6s,regression,Eye_Pupil,BiLSTM,20260908,validation,full,ridge,full,P47,-0.0015547877813459898
arousal_primary_6s,regression,Eye_Pupil,BiLSTM,20260908,validation,full,ridge,full,P6,-0.00378907443997778
arousal_primary_6s,regression,Eye_Pupil,BiLSTM,20260908,test,matched,ridge,Eye_Pupil,P10,0.0035934421759935553
arousal_primary_6s,regression,Eye_Pupil,BiLSTM,20260908,test,matched,ridge,Eye_Pupil,P11,0.01051346763732497
arousal_primary_6s,regression,Eye_Pupil,BiLSTM,20260908,test,matched,ridge,Eye_Pupil,P15,0.0013501209129858083
arousal_primary_6s,regression,Eye_Pupil,BiLSTM,20260908,test,matched,ridge,Eye_Pupil,P16,-0.04521778898191364
arousal_primary_6s,regression,Eye_Pupil,BiLSTM,20260908,test,matched,ridge,Eye_Pupil,P37,0.009648669898103202
arousal_primary_6s,regression,Eye_Pupil,BiLSTM,20260908,test,matched,ridge,Eye_Pupil,P39,-0.013684616005684491
arousal_primary_6s,regression,Eye_Pupil,BiLSTM,20260908,test,matched,ridge,Eye_Pupil,P45,0.012113307000091056
arousal_primary_6s,regression,Eye_Pupil,BiLSTM,20260908,test,matched,ridge,Eye_Pupil,P5,-0.01219767060023702
arousal_primary_6s,regression,Eye_Pupil,BiLSTM,20260908,test,full,ridge,full,P10,0.0059949905904248535
arousal_primary_6s,regression,Eye_Pupil,BiLSTM,20260908,test,full,ridge,full,P11,0.0103509979908043
arousal_primary_6s,regression,Eye_Pupil,BiLSTM,20260908,test,full,ridge,full,P15,0.016466169230121785
arousal_primary_6s,regression,Eye_Pupil,BiLSTM,20260908,test,full,ridge,full,P16,-0.04980975964439949
arousal_primary_6s,regression,Eye_Pupil,BiLSTM,20260908,test,full,ridge,full,P37,0.011783734210578212
arousal_primary_6s,regression,Eye_Pupil,BiLSTM,20260908,test,full,ridge,full,P39,-0.018998232648362867
arousal_primary_6s,regression,Eye_Pupil,BiLSTM,20260908,test,full,ridge,full,P45,0.008800607814949513
arousal_primary_6s,regression,Eye_Pupil,BiLSTM,20260908,test,full,ridge,full,P5,-0.010309056367002412
arousal_primary_6s,classification,Pupil_no_quality,TCN,20260907,validation,matched,logistic,Pupil_no_quality,P23,-0.02173913043478265
arousal_primary_6s,classification,Pupil_no_quality,TCN,20260907,validation,matched,logistic,Pupil_no_quality,P28,-0.015644839470342786
arousal_primary_6s,classification,Pupil_no_quality,TCN,20260907,validation,matched,logistic,Pupil_no_quality,P31,-0.04957264957264956
arousal_primary_6s,classification,Pupil_no_quality,TCN,20260907,validation,matched,logistic,Pupil_no_quality,P32,-0.05913679081099893
arousal_primary_6s,classification,Pupil_no_quality,TCN,20260907,validation,matched,logistic,Pupil_no_quality,P38,0.05836836271618878
arousal_primary_6s,classification,Pupil_no_quality,TCN,20260907,validation,matched,logistic,Pupil_no_quality,P41,0.04406130268199232
arousal_primary_6s,classification,Pupil_no_quality,TCN,20260907,validation,matched,logistic,Pupil_no_quality,P47,0.006586828469110684
arousal_primary_6s,classification,Pupil_no_quality,TCN,20260907,validation,matched,logistic,Pupil_no_quality,P6,0.034152736807604056
arousal_primary_6s,classification,Pupil_no_quality,TCN,20260907,validation,full,logistic,full,P23,-0.007246376811594235
arousal_primary_6s,classification,Pupil_no_quality,TCN,20260907,validation,full,logistic,full,P28,0.020602817582683397
arousal_primary_6s,classification,Pupil_no_quality,TCN,20260907,validation,full,logistic,full,P31,-0.011965811965812034
arousal_primary_6s,classification,Pupil_no_quality,TCN,20260907,validation,full,logistic,full,P32,-0.07457941756584291
arousal_primary_6s,classification,Pupil_no_quality,TCN,20260907,validation,full,logistic,full,P38,0.05693058953928515
arousal_primary_6s,classification,Pupil_no_quality,TCN,20260907,validation,full,logistic,full,P41,0.06491516146688553
arousal_primary_6s,classification,Pupil_no_quality,TCN,20260907,validation,full,logistic,full,P47,-0.01606014794769217
arousal_primary_6s,classification,Pupil_no_quality,TCN,20260907,validation,full,logistic,full,P6,0.01647328744673876
arousal_primary_6s,classification,Pupil_no_quality,TCN,20260907,test,matched,logistic,Pupil_no_quality,P10,0.0057956376403819065
arousal_primary_6s,classification,Pupil_no_quality,TCN,20260907,test,matched,logistic,Pupil_no_quality,P11,0.0579710144927536
arousal_primary_6s,classification,Pupil_no_quality,TCN,20260907,test,matched,logistic,Pupil_no_quality,P15,0.022441280272605613
arousal_primary_6s,classification,Pupil_no_quality,TCN,20260907,test,matched,logistic,Pupil_no_quality,P16,0.04089979550102246
arousal_primary_6s,classification,Pupil_no_quality,TCN,20260907,test,matched,logistic,Pupil_no_quality,P37,0.0406691221608349
arousal_primary_6s,classification,Pupil_no_quality,TCN,20260907,test,matched,logistic,Pupil_no_quality,P39,-0.05208333333333337
arousal_primary_6s,classification,Pupil_no_quality,TCN,20260907,test,matched,logistic,Pupil_no_quality,P45,0.0034928641486018375
arousal_primary_6s,classification,Pupil_no_quality,TCN,20260907,test,matched,logistic,Pupil_no_quality,P5,0.04487179487179482
arousal_primary_6s,classification,Pupil_no_quality,TCN,20260907,test,full,logistic,full,P10,-0.022052280980208228
arousal_primary_6s,classification,Pupil_no_quality,TCN,20260907,test,full,logistic,full,P11,0.016563146997929656
arousal_primary_6s,classification,Pupil_no_quality,TCN,20260907,test,full,logistic,full,P15,-0.05633442862358523
arousal_primary_6s,classification,Pupil_no_quality,TCN,20260907,test,full,logistic,full,P16,0.10838445807770963
arousal_primary_6s,classification,Pupil_no_quality,TCN,20260907,test,full,logistic,full,P37,0.27532228360957645
arousal_primary_6s,classification,Pupil_no_quality,TCN,20260907,test,full,logistic,full,P39,-0.06666666666666665
arousal_primary_6s,classification,Pupil_no_quality,TCN,20260907,test,full,logistic,full,P45,-0.027022158169699162
arousal_primary_6s,classification,Pupil_no_quality,TCN,20260907,test,full,logistic,full,P5,0.03632478632478625
arousal_primary_6s,classification,Pupil_no_quality,TCN,20260908,validation,matched,logistic,Pupil_no_quality,P23,0.007246376811594124
arousal_primary_6s,classification,Pupil_no_quality,TCN,20260908,validation,matched,logistic,Pupil_no_quality,P28,-0.015614607896487054
arousal_primary_6s,classification,Pupil_no_quality,TCN,20260908,validation,matched,logistic,Pupil_no_quality,P31,-0.04273504273504275
arousal_primary_6s,classification,Pupil_no_quality,TCN,20260908,validation,matched,logistic,Pupil_no_quality,P32,-0.0650887573964497
arousal_primary_6s,classification,Pupil_no_quality,TCN,20260908,validation,matched,logistic,Pupil_no_quality,P38,0.02138360834013009
arousal_primary_6s,classification,Pupil_no_quality,TCN,20260908,validation,matched,logistic,Pupil_no_quality,P41,0.00972085385878485
arousal_primary_6s,classification,Pupil_no_quality,TCN,20260908,validation,matched,logistic,Pupil_no_quality,P47,0.001019174683009938
arousal_primary_6s,classification,Pupil_no_quality,TCN,20260908,validation,matched,logistic,Pupil_no_quality,P6,0.038525073746312644
arousal_primary_6s,classification,Pupil_no_quality,TCN,20260908,validation,full,logistic,full,P23,0.02173913043478254
arousal_primary_6s,classification,Pupil_no_quality,TCN,20260908,validation,full,logistic,full,P28,0.02063304915653913
arousal_primary_6s,classification,Pupil_no_quality,TCN,20260908,validation,full,logistic,full,P31,-0.005128205128205221
arousal_primary_6s,classification,Pupil_no_quality,TCN,20260908,validation,full,logistic,full,P32,-0.08053138415129368
arousal_primary_6s,classification,Pupil_no_quality,TCN,20260908,validation,full,logistic,full,P38,0.019945835163226455
arousal_primary_6s,classification,Pupil_no_quality,TCN,20260908,validation,full,logistic,full,P41,0.03057471264367806
arousal_primary_6s,classification,Pupil_no_quality,TCN,20260908,validation,full,logistic,full,P47,-0.021627801733792917
arousal_primary_6s,classification,Pupil_no_quality,TCN,20260908,validation,full,logistic,full,P6,0.020845624385447348
arousal_primary_6s,classification,Pupil_no_quality,TCN,20260908,test,matched,logistic,Pupil_no_quality,P10,0.011831758170406131
arousal_primary_6s,classification,Pupil_no_quality,TCN,20260908,test,matched,logistic,Pupil_no_quality,P11,0.05590062111801242
arousal_primary_6s,classification,Pupil_no_quality,TCN,20260908,test,matched,logistic,Pupil_no_quality,P15,0.05276865035901179
arousal_primary_6s,classification,Pupil_no_quality,TCN,20260908,test,matched,logistic,Pupil_no_quality,P16,0.012269938650306733
arousal_primary_6s,classification,Pupil_no_quality,TCN,20260908,test,matched,logistic,Pupil_no_quality,P37,-0.06798649478207486
arousal_primary_6s,classification,Pupil_no_quality,TCN,20260908,test,matched,logistic,Pupil_no_quality,P39,-0.03958333333333336
arousal_primary_6s,classification,Pupil_no_quality,TCN,20260908,test,matched,logistic,Pupil_no_quality,P45,-0.031105506515342607
arousal_primary_6s,classification,Pupil_no_quality,TCN,20260908,test,matched,logistic,Pupil_no_quality,P5,0.06837606837606841
arousal_primary_6s,classification,Pupil_no_quality,TCN,20260908,test,full,logistic,full,P10,-0.016016160450184003
arousal_primary_6s,classification,Pupil_no_quality,TCN,20260908,test,full,logistic,full,P11,0.01449275362318847
arousal_primary_6s,classification,Pupil_no_quality,TCN,20260908,test,full,logistic,full,P15,-0.02600705853717905
arousal_primary_6s,classification,Pupil_no_quality,TCN,20260908,test,full,logistic,full,P16,0.0797546012269939
arousal_primary_6s,classification,Pupil_no_quality,TCN,20260908,test,full,logistic,full,P37,0.16666666666666669
arousal_primary_6s,classification,Pupil_no_quality,TCN,20260908,test,full,logistic,full,P39,-0.05416666666666664
arousal_primary_6s,classification,Pupil_no_quality,TCN,20260908,test,full,logistic,full,P45,-0.061620528833643606
arousal_primary_6s,classification,Pupil_no_quality,TCN,20260908,test,full,logistic,full,P5,0.05982905982905984
arousal_primary_6s,classification,Pupil_no_quality,LSTM,20260907,validation,matched,logistic,Pupil_no_quality,P23,0.021739130434782594
arousal_primary_6s,classification,Pupil_no_quality,LSTM,20260907,validation,matched,logistic,Pupil_no_quality,P28,0.01599250256968382
arousal_primary_6s,classification,Pupil_no_quality,LSTM,20260907,validation,matched,logistic,Pupil_no_quality,P31,-0.035897435897435825
arousal_primary_6s,classification,Pupil_no_quality,LSTM,20260907,validation,matched,logistic,Pupil_no_quality,P32,-0.0906021580229725
arousal_primary_6s,classification,Pupil_no_quality,LSTM,20260907,validation,matched,logistic,Pupil_no_quality,P38,0.03984984419767024
arousal_primary_6s,classification,Pupil_no_quality,LSTM,20260907,validation,matched,logistic,Pupil_no_quality,P41,0.03272030651340996
arousal_primary_6s,classification,Pupil_no_quality,LSTM,20260907,validation,matched,logistic,Pupil_no_quality,P47,0.0017217832184381332
arousal_primary_6s,classification,Pupil_no_quality,LSTM,20260907,validation,matched,logistic,Pupil_no_quality,P6,0.07560144215011466
arousal_primary_6s,classification,Pupil_no_quality,LSTM,20260907,validation,full,logistic,full,P23,0.03623188405797101
arousal_primary_6s,classification,Pupil_no_quality,LSTM,20260907,validation,full,logistic,full,P28,0.05224015962271
arousal_primary_6s,classification,Pupil_no_quality,LSTM,20260907,validation,full,logistic,full,P31,0.0017094017094017033
arousal_primary_6s,classification,Pupil_no_quality,LSTM,20260907,validation,full,logistic,full,P32,-0.10604478477781648
arousal_primary_6s,classification,Pupil_no_quality,LSTM,20260907,validation,full,logistic,full,P38,0.0384120710207666
arousal_primary_6s,classification,Pupil_no_quality,LSTM,20260907,validation,full,logistic,full,P41,0.05357416529830317
arousal_primary_6s,classification,Pupil_no_quality,LSTM,20260907,validation,full,logistic,full,P47,-0.020925193198364722
arousal_primary_6s,classification,Pupil_no_quality,LSTM,20260907,validation,full,logistic,full,P6,0.057921992789249366
arousal_primary_6s,classification,Pupil_no_quality,LSTM,20260907,test,matched,logistic,Pupil_no_quality,P10,0.025815838203111813
arousal_primary_6s,classification,Pupil_no_quality,LSTM,20260907,test,matched,logistic,Pupil_no_quality,P11,0.04554865424430643
arousal_primary_6s,classification,Pupil_no_quality,LSTM,20260907,test,matched,logistic,Pupil_no_quality,P15,0.05279299014238775
arousal_primary_6s,classification,Pupil_no_quality,LSTM,20260907,test,matched,logistic,Pupil_no_quality,P16,0.016359918200408996
arousal_primary_6s,classification,Pupil_no_quality,LSTM,20260907,test,matched,logistic,Pupil_no_quality,P37,0.04726826273787599
arousal_primary_6s,classification,Pupil_no_quality,LSTM,20260907,test,matched,logistic,Pupil_no_quality,P39,-0.008333333333333304
arousal_primary_6s,classification,Pupil_no_quality,LSTM,20260907,test,matched,logistic,Pupil_no_quality,P45,-0.00015012310094275616
arousal_primary_6s,classification,Pupil_no_quality,LSTM,20260907,test,matched,logistic,Pupil_no_quality,P5,0.08547008547008556
arousal_primary_6s,classification,Pupil_no_quality,LSTM,20260907,test,full,logistic,full,P10,-0.0020320804174783214
arousal_primary_6s,classification,Pupil_no_quality,LSTM,20260907,test,full,logistic,full,P11,0.0041407867494824835
arousal_primary_6s,classification,Pupil_no_quality,LSTM,20260907,test,full,logistic,full,P15,-0.02598271875380309
arousal_primary_6s,classification,Pupil_no_quality,LSTM,20260907,test,full,logistic,full,P16,0.08384458077709617
arousal_primary_6s,classification,Pupil_no_quality,LSTM,20260907,test,full,logistic,full,P37,0.28192142418661753
arousal_primary_6s,classification,Pupil_no_quality,LSTM,20260907,test,full,logistic,full,P39,-0.022916666666666585
arousal_primary_6s,classification,Pupil_no_quality,LSTM,20260907,test,full,logistic,full,P45,-0.030665145419243756
arousal_primary_6s,classification,Pupil_no_quality,LSTM,20260907,test,full,logistic,full,P5,0.07692307692307698
arousal_primary_6s,classification,Pupil_no_quality,LSTM,20260908,validation,matched,logistic,Pupil_no_quality,P23,0.01207729468599028
arousal_primary_6s,classification,Pupil_no_quality,LSTM,20260908,validation,matched,logistic,Pupil_no_quality,P28,-0.013286776709595494
arousal_primary_6s,classification,Pupil_no_quality,LSTM,20260908,validation,matched,logistic,Pupil_no_quality,P31,-0.0034188034188034067
arousal_primary_6s,classification,Pupil_no_quality,LSTM,20260908,validation,matched,logistic,Pupil_no_quality,P32,-0.03951734539969831
arousal_primary_6s,classification,Pupil_no_quality,LSTM,20260908,validation,matched,logistic,Pupil_no_quality,P38,0.02661710270405926
arousal_primary_6s,classification,Pupil_no_quality,LSTM,20260908,validation,matched,logistic,Pupil_no_quality,P41,0.013420908593322456
arousal_primary_6s,classification,Pupil_no_quality,LSTM,20260908,validation,matched,logistic,Pupil_no_quality,P47,0.02177289191496512
arousal_primary_6s,classification,Pupil_no_quality,LSTM,20260908,validation,matched,logistic,Pupil_no_quality,P6,0.04146837102589318
arousal_primary_6s,classification,Pupil_no_quality,LSTM,20260908,validation,full,logistic,full,P23,0.026570048309178695
arousal_primary_6s,classification,Pupil_no_quality,LSTM,20260908,validation,full,logistic,full,P28,0.02296088034343069
arousal_primary_6s,classification,Pupil_no_quality,LSTM,20260908,validation,full,logistic,full,P31,0.03418803418803412
arousal_primary_6s,classification,Pupil_no_quality,LSTM,20260908,validation,full,logistic,full,P32,-0.05495997215454229
arousal_primary_6s,classification,Pupil_no_quality,LSTM,20260908,validation,full,logistic,full,P38,0.025179329527155625
arousal_primary_6s,classification,Pupil_no_quality,LSTM,20260908,validation,full,logistic,full,P41,0.034274767378215665
arousal_primary_6s,classification,Pupil_no_quality,LSTM,20260908,validation,full,logistic,full,P47,-0.0008740845018377352
arousal_primary_6s,classification,Pupil_no_quality,LSTM,20260908,validation,full,logistic,full,P6,0.023788921665027885
arousal_primary_6s,classification,Pupil_no_quality,LSTM,20260908,test,matched,logistic,Pupil_no_quality,P10,0.03170766899935071
arousal_primary_6s,classification,Pupil_no_quality,LSTM,20260908,test,matched,logistic,Pupil_no_quality,P11,-0.0082815734989648
arousal_primary_6s,classification,Pupil_no_quality,LSTM,20260908,test,matched,logistic,Pupil_no_quality,P15,0.024400632834367775
arousal_primary_6s,classification,Pupil_no_quality,LSTM,20260908,test,matched,logistic,Pupil_no_quality,P16,0.010224948875255657
arousal_primary_6s,classification,Pupil_no_quality,LSTM,20260908,test,matched,logistic,Pupil_no_quality,P37,0.048802946593001884
arousal_primary_6s,classification,Pupil_no_quality,LSTM,20260908,test,matched,logistic,Pupil_no_quality,P39,-0.05208333333333337
arousal_primary_6s,classification,Pupil_no_quality,LSTM,20260908,test,matched,logistic,Pupil_no_quality,P45,0.0034528313216837248
arousal_primary_6s,classification,Pupil_no_quality,LSTM,20260908,test,matched,logistic,Pupil_no_quality,P5,0.06837606837606841
arousal_primary_6s,classification,Pupil_no_quality,LSTM,20260908,test,full,logistic,full,P10,0.0038597503787605736
arousal_primary_6s,classification,Pupil_no_quality,LSTM,20260908,test,full,logistic,full,P11,-0.04968944099378875
arousal_primary_6s,classification,Pupil_no_quality,LSTM,20260908,test,full,logistic,full,P15,-0.05437507606182307
arousal_primary_6s,classification,Pupil_no_quality,LSTM,20260908,test,full,logistic,full,P16,0.07770961145194283
arousal_primary_6s,classification,Pupil_no_quality,LSTM,20260908,test,full,logistic,full,P37,0.2834561080417434
arousal_primary_6s,classification,Pupil_no_quality,LSTM,20260908,test,full,logistic,full,P39,-0.06666666666666665
arousal_primary_6s,classification,Pupil_no_quality,LSTM,20260908,test,full,logistic,full,P45,-0.027062190996617275
arousal_primary_6s,classification,Pupil_no_quality,LSTM,20260908,test,full,logistic,full,P5,0.05982905982905984
arousal_primary_6s,classification,Pupil_no_quality,BiLSTM,20260907,validation,matched,logistic,Pupil_no_quality,P23,0.06038647342995174
arousal_primary_6s,classification,Pupil_no_quality,BiLSTM,20260907,validation,matched,logistic,Pupil_no_quality,P28,0.02261321724408971
arousal_primary_6s,classification,Pupil_no_quality,BiLSTM,20260907,validation,matched,logistic,Pupil_no_quality,P31,-0.06324786324786325
arousal_primary_6s,classification,Pupil_no_quality,BiLSTM,20260907,validation,matched,logistic,Pupil_no_quality,P32,-0.055052790346907965
arousal_primary_6s,classification,Pupil_no_quality,BiLSTM,20260907,validation,matched,logistic,Pupil_no_quality,P38,0.0002457285065980974
arousal_primary_6s,classification,Pupil_no_quality,BiLSTM,20260907,validation,matched,logistic,Pupil_no_quality,P41,0.06120415982484945
arousal_primary_6s,classification,Pupil_no_quality,BiLSTM,20260907,validation,matched,logistic,Pupil_no_quality,P47,0.02952335249561444
arousal_primary_6s,classification,Pupil_no_quality,BiLSTM,20260907,validation,matched,logistic,Pupil_no_quality,P6,0.08889544411668299
arousal_primary_6s,classification,Pupil_no_quality,BiLSTM,20260907,validation,full,logistic,full,P23,0.07487922705314015
arousal_primary_6s,classification,Pupil_no_quality,BiLSTM,20260907,validation,full,logistic,full,P28,0.058860874297115895
arousal_primary_6s,classification,Pupil_no_quality,BiLSTM,20260907,validation,full,logistic,full,P31,-0.025641025641025716
arousal_primary_6s,classification,Pupil_no_quality,BiLSTM,20260907,validation,full,logistic,full,P32,-0.07049541710175194
arousal_primary_6s,classification,Pupil_no_quality,BiLSTM,20260907,validation,full,logistic,full,P38,-0.0011920446703055365
arousal_primary_6s,classification,Pupil_no_quality,BiLSTM,20260907,validation,full,logistic,full,P41,0.08205801860974266
arousal_primary_6s,classification,Pupil_no_quality,BiLSTM,20260907,validation,full,logistic,full,P47,0.006876376078811586
arousal_primary_6s,classification,Pupil_no_quality,BiLSTM,20260907,validation,full,logistic,full,P6,0.07121599475581769
arousal_primary_6s,classification,Pupil_no_quality,BiLSTM,20260907,test,matched,logistic,Pupil_no_quality,P10,-0.01807228915662651
arousal_primary_6s,classification,Pupil_no_quality,BiLSTM,20260907,test,matched,logistic,Pupil_no_quality,P11,0.0082815734989648
arousal_primary_6s,classification,Pupil_no_quality,BiLSTM,20260907,test,matched,logistic,Pupil_no_quality,P15,0.0203115492272119
arousal_primary_6s,classification,Pupil_no_quality,BiLSTM,20260907,test,matched,logistic,Pupil_no_quality,P16,0.03476482617586907
arousal_primary_6s,classification,Pupil_no_quality,BiLSTM,20260907,test,matched,logistic,Pupil_no_quality,P37,0.024861878453038666
arousal_primary_6s,classification,Pupil_no_quality,BiLSTM,20260907,test,matched,logistic,Pupil_no_quality,P39,-0.050000000000000044
arousal_primary_6s,classification,Pupil_no_quality,BiLSTM,20260907,test,matched,logistic,Pupil_no_quality,P45,0.012570307652274848
arousal_primary_6s,classification,Pupil_no_quality,BiLSTM,20260907,test,matched,logistic,Pupil_no_quality,P5,0.10042735042735046
arousal_primary_6s,classification,Pupil_no_quality,BiLSTM,20260907,test,full,logistic,full,P10,-0.04592020777721664
arousal_primary_6s,classification,Pupil_no_quality,BiLSTM,20260907,test,full,logistic,full,P11,-0.033126293995859146
arousal_primary_6s,classification,Pupil_no_quality,BiLSTM,20260907,test,full,logistic,full,P15,-0.05846415966897894
arousal_primary_6s,classification,Pupil_no_quality,BiLSTM,20260907,test,full,logistic,full,P16,0.10224948875255624
arousal_primary_6s,classification,Pupil_no_quality,BiLSTM,20260907,test,full,logistic,full,P37,0.2595150399017802
arousal_primary_6s,classification,Pupil_no_quality,BiLSTM,20260907,test,full,logistic,full,P39,-0.06458333333333333
arousal_primary_6s,classification,Pupil_no_quality,BiLSTM,20260907,test,full,logistic,full,P45,-0.01794471466602615
arousal_primary_6s,classification,Pupil_no_quality,BiLSTM,20260907,test,full,logistic,full,P5,0.09188034188034189
arousal_primary_6s,classification,Pupil_no_quality,BiLSTM,20260908,validation,matched,logistic,Pupil_no_quality,P23,0.026570048309178695
arousal_primary_6s,classification,Pupil_no_quality,BiLSTM,20260908,validation,matched,logistic,Pupil_no_quality,P28,0.011321724408972722
arousal_primary_6s,classification,Pupil_no_quality,BiLSTM,20260908,validation,matched,logistic,Pupil_no_quality,P31,-0.05470085470085467
arousal_primary_6s,classification,Pupil_no_quality,BiLSTM,20260908,validation,matched,logistic,Pupil_no_quality,P32,-0.08651815755888154
arousal_primary_6s,classification,Pupil_no_quality,BiLSTM,20260908,validation,matched,logistic,Pupil_no_quality,P38,0.01079114122592384
arousal_primary_6s,classification,Pupil_no_quality,BiLSTM,20260908,validation,matched,logistic,Pupil_no_quality,P41,0.08236453201970445
arousal_primary_6s,classification,Pupil_no_quality,BiLSTM,20260908,validation,matched,logistic,Pupil_no_quality,P47,0.025319280656422694
arousal_primary_6s,classification,Pupil_no_quality,BiLSTM,20260908,validation,matched,logistic,Pupil_no_quality,P6,0.12728941330711246
arousal_primary_6s,classification,Pupil_no_quality,BiLSTM,20260908,validation,full,logistic,full,P23,0.04106280193236711
arousal_primary_6s,classification,Pupil_no_quality,BiLSTM,20260908,validation,full,logistic,full,P28,0.047569381461998905
arousal_primary_6s,classification,Pupil_no_quality,BiLSTM,20260908,validation,full,logistic,full,P31,-0.017094017094017144
arousal_primary_6s,classification,Pupil_no_quality,BiLSTM,20260908,validation,full,logistic,full,P32,-0.10196078431372552
arousal_primary_6s,classification,Pupil_no_quality,BiLSTM,20260908,validation,full,logistic,full,P38,0.009353368049020205
arousal_primary_6s,classification,Pupil_no_quality,BiLSTM,20260908,validation,full,logistic,full,P41,0.10321839080459766
arousal_primary_6s,classification,Pupil_no_quality,BiLSTM,20260908,validation,full,logistic,full,P47,0.002672304239619838
arousal_primary_6s,classification,Pupil_no_quality,BiLSTM,20260908,validation,full,logistic,full,P6,0.10960996394624717
arousal_primary_6s,classification,Pupil_no_quality,BiLSTM,20260908,test,matched,logistic,Pupil_no_quality,P10,-0.04607652165548423
arousal_primary_6s,classification,Pupil_no_quality,BiLSTM,20260908,test,matched,logistic,Pupil_no_quality,P11,0.03933747412008276
arousal_primary_6s,classification,Pupil_no_quality,BiLSTM,20260908,test,matched,logistic,Pupil_no_quality,P15,0.04055007910429598
arousal_primary_6s,classification,Pupil_no_quality,BiLSTM,20260908,test,matched,logistic,Pupil_no_quality,P16,0.02862985685071573
arousal_primary_6s,classification,Pupil_no_quality,BiLSTM,20260908,test,matched,logistic,Pupil_no_quality,P37,0.05632289748311853
arousal_primary_6s,classification,Pupil_no_quality,BiLSTM,20260908,test,matched,logistic,Pupil_no_quality,P39,-0.010416666666666685
arousal_primary_6s,classification,Pupil_no_quality,BiLSTM,20260908,test,matched,logistic,Pupil_no_quality,P45,-0.00926759943153388
arousal_primary_6s,classification,Pupil_no_quality,BiLSTM,20260908,test,matched,logistic,Pupil_no_quality,P5,0.0747863247863248
arousal_primary_6s,classification,Pupil_no_quality,BiLSTM,20260908,test,full,logistic,full,P10,-0.07392444027607437
arousal_primary_6s,classification,Pupil_no_quality,BiLSTM,20260908,test,full,logistic,full,P11,-0.0020703933747411862
arousal_primary_6s,classification,Pupil_no_quality,BiLSTM,20260908,test,full,logistic,full,P15,-0.038225629791894866
arousal_primary_6s,classification,Pupil_no_quality,BiLSTM,20260908,test,full,logistic,full,P16,0.0961145194274029
arousal_primary_6s,classification,Pupil_no_quality,BiLSTM,20260908,test,full,logistic,full,P37,0.29097605893186007
arousal_primary_6s,classification,Pupil_no_quality,BiLSTM,20260908,test,full,logistic,full,P39,-0.024999999999999967
arousal_primary_6s,classification,Pupil_no_quality,BiLSTM,20260908,test,full,logistic,full,P45,-0.03978262174983488
arousal_primary_6s,classification,Pupil_no_quality,BiLSTM,20260908,test,full,logistic,full,P5,0.06623931623931623
arousal_primary_6s,regression,Pupil_no_quality,TCN,20260907,validation,matched,ridge,Pupil_no_quality,P23,-0.001646465032258293
arousal_primary_6s,regression,Pupil_no_quality,TCN,20260907,validation,matched,ridge,Pupil_no_quality,P28,0.0008584252344130405
arousal_primary_6s,regression,Pupil_no_quality,TCN,20260907,validation,matched,ridge,Pupil_no_quality,P31,-0.003904800685253673
arousal_primary_6s,regression,Pupil_no_quality,TCN,20260907,validation,matched,ridge,Pupil_no_quality,P32,0.0015702160615813643
arousal_primary_6s,regression,Pupil_no_quality,TCN,20260907,validation,matched,ridge,Pupil_no_quality,P38,-0.008701560730002833
arousal_primary_6s,regression,Pupil_no_quality,TCN,20260907,validation,matched,ridge,Pupil_no_quality,P41,0.00020215043498983398
arousal_primary_6s,regression,Pupil_no_quality,TCN,20260907,validation,matched,ridge,Pupil_no_quality,P47,-0.0002728006454952858
arousal_primary_6s,regression,Pupil_no_quality,TCN,20260907,validation,matched,ridge,Pupil_no_quality,P6,-0.0021780973370517653
arousal_primary_6s,regression,Pupil_no_quality,TCN,20260907,validation,full,ridge,full,P23,-0.013415807778981992
arousal_primary_6s,regression,Pupil_no_quality,TCN,20260907,validation,full,ridge,full,P28,-0.010222497471684355
arousal_primary_6s,regression,Pupil_no_quality,TCN,20260907,validation,full,ridge,full,P31,-0.0008429820617898987
arousal_primary_6s,regression,Pupil_no_quality,TCN,20260907,validation,full,ridge,full,P32,-0.006502516436306505
arousal_primary_6s,regression,Pupil_no_quality,TCN,20260907,validation,full,ridge,full,P38,-0.012090235944896222
arousal_primary_6s,regression,Pupil_no_quality,TCN,20260907,validation,full,ridge,full,P41,0.01575282101708808
arousal_primary_6s,regression,Pupil_no_quality,TCN,20260907,validation,full,ridge,full,P47,0.004472667632783978
arousal_primary_6s,regression,Pupil_no_quality,TCN,20260907,validation,full,ridge,full,P6,-0.0167075288530798
arousal_primary_6s,regression,Pupil_no_quality,TCN,20260907,test,matched,ridge,Pupil_no_quality,P10,0.005590338000570738
arousal_primary_6s,regression,Pupil_no_quality,TCN,20260907,test,matched,ridge,Pupil_no_quality,P11,-0.003389929344555842
arousal_primary_6s,regression,Pupil_no_quality,TCN,20260907,test,matched,ridge,Pupil_no_quality,P15,-0.006546258532399207
arousal_primary_6s,regression,Pupil_no_quality,TCN,20260907,test,matched,ridge,Pupil_no_quality,P16,-0.003885205563474159
arousal_primary_6s,regression,Pupil_no_quality,TCN,20260907,test,matched,ridge,Pupil_no_quality,P37,-0.0020130760106433776
arousal_primary_6s,regression,Pupil_no_quality,TCN,20260907,test,matched,ridge,Pupil_no_quality,P39,-0.0016916201323080582
arousal_primary_6s,regression,Pupil_no_quality,TCN,20260907,test,matched,ridge,Pupil_no_quality,P45,0.006698946994441957
arousal_primary_6s,regression,Pupil_no_quality,TCN,20260907,test,matched,ridge,Pupil_no_quality,P5,-0.004062147256810089
arousal_primary_6s,regression,Pupil_no_quality,TCN,20260907,test,full,ridge,full,P10,0.007445326263457841
arousal_primary_6s,regression,Pupil_no_quality,TCN,20260907,test,full,ridge,full,P11,-0.004109748480863651
arousal_primary_6s,regression,Pupil_no_quality,TCN,20260907,test,full,ridge,full,P15,0.01086411668690812
arousal_primary_6s,regression,Pupil_no_quality,TCN,20260907,test,full,ridge,full,P16,-0.060972724923517685
arousal_primary_6s,regression,Pupil_no_quality,TCN,20260907,test,full,ridge,full,P37,-0.006981689048285333
arousal_primary_6s,regression,Pupil_no_quality,TCN,20260907,test,full,ridge,full,P39,-0.0015977261434887424
arousal_primary_6s,regression,Pupil_no_quality,TCN,20260907,test,full,ridge,full,P45,0.001668875444661544
arousal_primary_6s,regression,Pupil_no_quality,TCN,20260907,test,full,ridge,full,P5,-0.003418199726458515
arousal_primary_6s,regression,Pupil_no_quality,TCN,20260908,validation,matched,ridge,Pupil_no_quality,P23,0.006854185589128314
arousal_primary_6s,regression,Pupil_no_quality,TCN,20260908,validation,matched,ridge,Pupil_no_quality,P28,-0.0038749587740003477
arousal_primary_6s,regression,Pupil_no_quality,TCN,20260908,validation,matched,ridge,Pupil_no_quality,P31,-0.012047534341408483
arousal_primary_6s,regression,Pupil_no_quality,TCN,20260908,validation,matched,ridge,Pupil_no_quality,P32,-0.004669624034668751
arousal_primary_6s,regression,Pupil_no_quality,TCN,20260908,validation,matched,ridge,Pupil_no_quality,P38,-0.008841711052805956
arousal_primary_6s,regression,Pupil_no_quality,TCN,20260908,validation,matched,ridge,Pupil_no_quality,P41,-0.0035784162536623976
arousal_primary_6s,regression,Pupil_no_quality,TCN,20260908,validation,matched,ridge,Pupil_no_quality,P47,0.0015460032477405683
arousal_primary_6s,regression,Pupil_no_quality,TCN,20260908,validation,matched,ridge,Pupil_no_quality,P6,-0.005549720522758372
arousal_primary_6s,regression,Pupil_no_quality,TCN,20260908,validation,full,ridge,full,P23,-0.0049151571575953845
arousal_primary_6s,regression,Pupil_no_quality,TCN,20260908,validation,full,ridge,full,P28,-0.014955881480097744
arousal_primary_6s,regression,Pupil_no_quality,TCN,20260908,validation,full,ridge,full,P31,-0.008985715717944709
arousal_primary_6s,regression,Pupil_no_quality,TCN,20260908,validation,full,ridge,full,P32,-0.01274235653255662
arousal_primary_6s,regression,Pupil_no_quality,TCN,20260908,validation,full,ridge,full,P38,-0.012230386267699345
arousal_primary_6s,regression,Pupil_no_quality,TCN,20260908,validation,full,ridge,full,P41,0.01197225432843585
arousal_primary_6s,regression,Pupil_no_quality,TCN,20260908,validation,full,ridge,full,P47,0.006291471526019832
arousal_primary_6s,regression,Pupil_no_quality,TCN,20260908,validation,full,ridge,full,P6,-0.020079152038786408
arousal_primary_6s,regression,Pupil_no_quality,TCN,20260908,test,matched,ridge,Pupil_no_quality,P10,0.004339299232835714
arousal_primary_6s,regression,Pupil_no_quality,TCN,20260908,test,matched,ridge,Pupil_no_quality,P11,0.0003629180031523571
arousal_primary_6s,regression,Pupil_no_quality,TCN,20260908,test,matched,ridge,Pupil_no_quality,P15,-0.006330106930368062
arousal_primary_6s,regression,Pupil_no_quality,TCN,20260908,test,matched,ridge,Pupil_no_quality,P16,-4.984790711981546e-05
arousal_primary_6s,regression,Pupil_no_quality,TCN,20260908,test,matched,ridge,Pupil_no_quality,P37,-0.008647967848759763
arousal_primary_6s,regression,Pupil_no_quality,TCN,20260908,test,matched,ridge,Pupil_no_quality,P39,-0.008835341369641814
arousal_primary_6s,regression,Pupil_no_quality,TCN,20260908,test,matched,ridge,Pupil_no_quality,P45,0.007945173641288994
arousal_primary_6s,regression,Pupil_no_quality,TCN,20260908,test,matched,ridge,Pupil_no_quality,P5,0.01112678549274082
arousal_primary_6s,regression,Pupil_no_quality,TCN,20260908,test,full,ridge,full,P10,0.006194287495722817
arousal_primary_6s,regression,Pupil_no_quality,TCN,20260908,test,full,ridge,full,P11,-0.0003569011331554517
arousal_primary_6s,regression,Pupil_no_quality,TCN,20260908,test,full,ridge,full,P15,0.011080268288939266
arousal_primary_6s,regression,Pupil_no_quality,TCN,20260908,test,full,ridge,full,P16,-0.05713736726716334
arousal_primary_6s,regression,Pupil_no_quality,TCN,20260908,test,full,ridge,full,P37,-0.013616580886401719
arousal_primary_6s,regression,Pupil_no_quality,TCN,20260908,test,full,ridge,full,P39,-0.008741447380822498
arousal_primary_6s,regression,Pupil_no_quality,TCN,20260908,test,full,ridge,full,P45,0.0029151020915085812
arousal_primary_6s,regression,Pupil_no_quality,TCN,20260908,test,full,ridge,full,P5,0.011770733023092395
arousal_primary_6s,regression,Pupil_no_quality,LSTM,20260907,validation,matched,ridge,Pupil_no_quality,P23,0.009455829918546876
arousal_primary_6s,regression,Pupil_no_quality,LSTM,20260907,validation,matched,ridge,Pupil_no_quality,P28,-0.013909194828437
arousal_primary_6s,regression,Pupil_no_quality,LSTM,20260907,validation,matched,ridge,Pupil_no_quality,P31,-0.008600674851860446
arousal_primary_6s,regression,Pupil_no_quality,LSTM,20260907,validation,matched,ridge,Pupil_no_quality,P32,-0.008928800174899942
arousal_primary_6s,regression,Pupil_no_quality,LSTM,20260907,validation,matched,ridge,Pupil_no_quality,P38,-0.008966885323509977
arousal_primary_6s,regression,Pupil_no_quality,LSTM,20260907,validation,matched,ridge,Pupil_no_quality,P41,-0.0045252782316879125
arousal_primary_6s,regression,Pupil_no_quality,LSTM,20260907,validation,matched,ridge,Pupil_no_quality,P47,-0.0010343399827676958
arousal_primary_6s,regression,Pupil_no_quality,LSTM,20260907,validation,matched,ridge,Pupil_no_quality,P6,-0.006582896255196813
arousal_primary_6s,regression,Pupil_no_quality,LSTM,20260907,validation,full,ridge,full,P23,-0.0023135128281768225
arousal_primary_6s,regression,Pupil_no_quality,LSTM,20260907,validation,full,ridge,full,P28,-0.024990117534534395
arousal_primary_6s,regression,Pupil_no_quality,LSTM,20260907,validation,full,ridge,full,P31,-0.005538856228396671
arousal_primary_6s,regression,Pupil_no_quality,LSTM,20260907,validation,full,ridge,full,P32,-0.01700153267278781
arousal_primary_6s,regression,Pupil_no_quality,LSTM,20260907,validation,full,ridge,full,P38,-0.012355560538403365
arousal_primary_6s,regression,Pupil_no_quality,LSTM,20260907,validation,full,ridge,full,P41,0.011025392350410335
arousal_primary_6s,regression,Pupil_no_quality,LSTM,20260907,validation,full,ridge,full,P47,0.0037111282955115676
arousal_primary_6s,regression,Pupil_no_quality,LSTM,20260907,validation,full,ridge,full,P6,-0.021112327771224848
arousal_primary_6s,regression,Pupil_no_quality,LSTM,20260907,test,matched,ridge,Pupil_no_quality,P10,0.00026344562108615577
arousal_primary_6s,regression,Pupil_no_quality,LSTM,20260907,test,matched,ridge,Pupil_no_quality,P11,-0.0015687593562185853
arousal_primary_6s,regression,Pupil_no_quality,LSTM,20260907,test,matched,ridge,Pupil_no_quality,P15,-0.0064648451960178654
arousal_primary_6s,regression,Pupil_no_quality,LSTM,20260907,test,matched,ridge,Pupil_no_quality,P16,0.0003449373692739899
arousal_primary_6s,regression,Pupil_no_quality,LSTM,20260907,test,matched,ridge,Pupil_no_quality,P37,-0.006314005458897154
arousal_primary_6s,regression,Pupil_no_quality,LSTM,20260907,test,matched,ridge,Pupil_no_quality,P39,-0.006574980251134566
arousal_primary_6s,regression,Pupil_no_quality,LSTM,20260907,test,matched,ridge,Pupil_no_quality,P45,0.0058131064309263625
arousal_primary_6s,regression,Pupil_no_quality,LSTM,20260907,test,matched,ridge,Pupil_no_quality,P5,0.008600097181678756
arousal_primary_6s,regression,Pupil_no_quality,LSTM,20260907,test,full,ridge,full,P10,0.0021184338839732586
arousal_primary_6s,regression,Pupil_no_quality,LSTM,20260907,test,full,ridge,full,P11,-0.002288578492526394
arousal_primary_6s,regression,Pupil_no_quality,LSTM,20260907,test,full,ridge,full,P15,0.010945530023289463
arousal_primary_6s,regression,Pupil_no_quality,LSTM,20260907,test,full,ridge,full,P16,-0.056742581990769536
arousal_primary_6s,regression,Pupil_no_quality,LSTM,20260907,test,full,ridge,full,P37,-0.01128261849653911
arousal_primary_6s,regression,Pupil_no_quality,LSTM,20260907,test,full,ridge,full,P39,-0.00648108626231525
arousal_primary_6s,regression,Pupil_no_quality,LSTM,20260907,test,full,ridge,full,P45,0.0007830348811459498
arousal_primary_6s,regression,Pupil_no_quality,LSTM,20260907,test,full,ridge,full,P5,0.00924404471203033
arousal_primary_6s,regression,Pupil_no_quality,LSTM,20260908,validation,matched,ridge,Pupil_no_quality,P23,0.005492609008674543
arousal_primary_6s,regression,Pupil_no_quality,LSTM,20260908,validation,matched,ridge,Pupil_no_quality,P28,-0.011578358740833683
arousal_primary_6s,regression,Pupil_no_quality,LSTM,20260908,validation,matched,ridge,Pupil_no_quality,P31,-0.006193401409613775
arousal_primary_6s,regression,Pupil_no_quality,LSTM,20260908,validation,matched,ridge,Pupil_no_quality,P32,0.0005266079422818759
arousal_primary_6s,regression,Pupil_no_quality,LSTM,20260908,validation,matched,ridge,Pupil_no_quality,P38,-0.0035956959886408457
arousal_primary_6s,regression,Pupil_no_quality,LSTM,20260908,validation,matched,ridge,Pupil_no_quality,P41,-0.00040083606285279405
arousal_primary_6s,regression,Pupil_no_quality,LSTM,20260908,validation,matched,ridge,Pupil_no_quality,P47,0.003635375786393946
arousal_primary_6s,regression,Pupil_no_quality,LSTM,20260908,validation,matched,ridge,Pupil_no_quality,P6,0.0008850333962104884
arousal_primary_6s,regression,Pupil_no_quality,LSTM,20260908,validation,full,ridge,full,P23,-0.006276733738049156
arousal_primary_6s,regression,Pupil_no_quality,LSTM,20260908,validation,full,ridge,full,P28,-0.02265928144693108
arousal_primary_6s,regression,Pupil_no_quality,LSTM,20260908,validation,full,ridge,full,P31,-0.00313158278615
arousal_primary_6s,regression,Pupil_no_quality,LSTM,20260908,validation,full,ridge,full,P32,-0.007546124555605993
arousal_primary_6s,regression,Pupil_no_quality,LSTM,20260908,validation,full,ridge,full,P38,-0.006984371203534234
arousal_primary_6s,regression,Pupil_no_quality,LSTM,20260908,validation,full,ridge,full,P41,0.015149834519245453
arousal_primary_6s,regression,Pupil_no_quality,LSTM,20260908,validation,full,ridge,full,P47,0.00838084406467321
arousal_primary_6s,regression,Pupil_no_quality,LSTM,20260908,validation,full,ridge,full,P6,-0.013644398119817547
arousal_primary_6s,regression,Pupil_no_quality,LSTM,20260908,test,matched,ridge,Pupil_no_quality,P10,-0.003715610363633104
arousal_primary_6s,regression,Pupil_no_quality,LSTM,20260908,test,matched,ridge,Pupil_no_quality,P11,0.00838334559492615
arousal_primary_6s,regression,Pupil_no_quality,LSTM,20260908,test,matched,ridge,Pupil_no_quality,P15,-0.009821190325274731
arousal_primary_6s,regression,Pupil_no_quality,LSTM,20260908,test,matched,ridge,Pupil_no_quality,P16,-0.0007586087831381594
arousal_primary_6s,regression,Pupil_no_quality,LSTM,20260908,test,matched,ridge,Pupil_no_quality,P37,-0.005665263402465981
arousal_primary_6s,regression,Pupil_no_quality,LSTM,20260908,test,matched,ridge,Pupil_no_quality,P39,0.005605497016597294
arousal_primary_6s,regression,Pupil_no_quality,LSTM,20260908,test,matched,ridge,Pupil_no_quality,P45,0.006928294967117332
arousal_primary_6s,regression,Pupil_no_quality,LSTM,20260908,test,matched,ridge,Pupil_no_quality,P5,0.003825892628187888
arousal_primary_6s,regression,Pupil_no_quality,LSTM,20260908,test,full,ridge,full,P10,-0.001860622100746001
arousal_primary_6s,regression,Pupil_no_quality,LSTM,20260908,test,full,ridge,full,P11,0.007663526458618342
arousal_primary_6s,regression,Pupil_no_quality,LSTM,20260908,test,full,ridge,full,P15,0.007589184894032597
arousal_primary_6s,regression,Pupil_no_quality,LSTM,20260908,test,full,ridge,full,P16,-0.057846128143181685
arousal_primary_6s,regression,Pupil_no_quality,LSTM,20260908,test,full,ridge,full,P37,-0.010633876440107937
arousal_primary_6s,regression,Pupil_no_quality,LSTM,20260908,test,full,ridge,full,P39,0.00569939100541661
arousal_primary_6s,regression,Pupil_no_quality,LSTM,20260908,test,full,ridge,full,P45,0.0018982234173369195
arousal_primary_6s,regression,Pupil_no_quality,LSTM,20260908,test,full,ridge,full,P5,0.004469840158539462
arousal_primary_6s,regression,Pupil_no_quality,BiLSTM,20260907,validation,matched,ridge,Pupil_no_quality,P23,0.0058032345919349915
arousal_primary_6s,regression,Pupil_no_quality,BiLSTM,20260907,validation,matched,ridge,Pupil_no_quality,P28,-0.010569345889960391
arousal_primary_6s,regression,Pupil_no_quality,BiLSTM,20260907,validation,matched,ridge,Pupil_no_quality,P31,-0.015142746206246671
arousal_primary_6s,regression,Pupil_no_quality,BiLSTM,20260907,validation,matched,ridge,Pupil_no_quality,P32,-0.013996711306521137
arousal_primary_6s,regression,Pupil_no_quality,BiLSTM,20260907,validation,matched,ridge,Pupil_no_quality,P38,-0.003088200772061178
arousal_primary_6s,regression,Pupil_no_quality,BiLSTM,20260907,validation,matched,ridge,Pupil_no_quality,P41,-0.000727905914194138
arousal_primary_6s,regression,Pupil_no_quality,BiLSTM,20260907,validation,matched,ridge,Pupil_no_quality,P47,0.0021682802317682937
arousal_primary_6s,regression,Pupil_no_quality,BiLSTM,20260907,validation,matched,ridge,Pupil_no_quality,P6,0.002004051166835552
arousal_primary_6s,regression,Pupil_no_quality,BiLSTM,20260907,validation,full,ridge,full,P23,-0.005966108154788707
arousal_primary_6s,regression,Pupil_no_quality,BiLSTM,20260907,validation,full,ridge,full,P28,-0.021650268596057787
arousal_primary_6s,regression,Pupil_no_quality,BiLSTM,20260907,validation,full,ridge,full,P31,-0.012080927582782897
arousal_primary_6s,regression,Pupil_no_quality,BiLSTM,20260907,validation,full,ridge,full,P32,-0.022069443804409006
arousal_primary_6s,regression,Pupil_no_quality,BiLSTM,20260907,validation,full,ridge,full,P38,-0.006476875986954567
arousal_primary_6s,regression,Pupil_no_quality,BiLSTM,20260907,validation,full,ridge,full,P41,0.01482276466790411
arousal_primary_6s,regression,Pupil_no_quality,BiLSTM,20260907,validation,full,ridge,full,P47,0.006913748510047557
arousal_primary_6s,regression,Pupil_no_quality,BiLSTM,20260907,validation,full,ridge,full,P6,-0.012525380349192483
arousal_primary_6s,regression,Pupil_no_quality,BiLSTM,20260907,test,matched,ridge,Pupil_no_quality,P10,0.008114593220899469
arousal_primary_6s,regression,Pupil_no_quality,BiLSTM,20260907,test,matched,ridge,Pupil_no_quality,P11,-0.0027126694129053774
arousal_primary_6s,regression,Pupil_no_quality,BiLSTM,20260907,test,matched,ridge,Pupil_no_quality,P15,-0.0030841458541781552
arousal_primary_6s,regression,Pupil_no_quality,BiLSTM,20260907,test,matched,ridge,Pupil_no_quality,P16,0.007285776009162026
arousal_primary_6s,regression,Pupil_no_quality,BiLSTM,20260907,test,matched,ridge,Pupil_no_quality,P37,-0.0011175679632766666
arousal_primary_6s,regression,Pupil_no_quality,BiLSTM,20260907,test,matched,ridge,Pupil_no_quality,P39,-0.011436468624069995
arousal_primary_6s,regression,Pupil_no_quality,BiLSTM,20260907,test,matched,ridge,Pupil_no_quality,P45,0.00738333551542103
arousal_primary_6s,regression,Pupil_no_quality,BiLSTM,20260907,test,matched,ridge,Pupil_no_quality,P5,0.0031864529374993067
arousal_primary_6s,regression,Pupil_no_quality,BiLSTM,20260907,test,full,ridge,full,P10,0.009969581483786571
arousal_primary_6s,regression,Pupil_no_quality,BiLSTM,20260907,test,full,ridge,full,P11,-0.0034324885492131862
arousal_primary_6s,regression,Pupil_no_quality,BiLSTM,20260907,test,full,ridge,full,P15,0.014326229365129173
arousal_primary_6s,regression,Pupil_no_quality,BiLSTM,20260907,test,full,ridge,full,P16,-0.0498017433508815
arousal_primary_6s,regression,Pupil_no_quality,BiLSTM,20260907,test,full,ridge,full,P37,-0.006086181000918622
arousal_primary_6s,regression,Pupil_no_quality,BiLSTM,20260907,test,full,ridge,full,P39,-0.01134257463525068
arousal_primary_6s,regression,Pupil_no_quality,BiLSTM,20260907,test,full,ridge,full,P45,0.0023532639656406174
arousal_primary_6s,regression,Pupil_no_quality,BiLSTM,20260907,test,full,ridge,full,P5,0.0038304004678508807
arousal_primary_6s,regression,Pupil_no_quality,BiLSTM,20260908,validation,matched,ridge,Pupil_no_quality,P23,0.006756871595876901
arousal_primary_6s,regression,Pupil_no_quality,BiLSTM,20260908,validation,matched,ridge,Pupil_no_quality,P28,-0.013482796443138434
arousal_primary_6s,regression,Pupil_no_quality,BiLSTM,20260908,validation,matched,ridge,Pupil_no_quality,P31,-0.010046457364867867
arousal_primary_6s,regression,Pupil_no_quality,BiLSTM,20260908,validation,matched,ridge,Pupil_no_quality,P32,-0.002876663664748702
arousal_primary_6s,regression,Pupil_no_quality,BiLSTM,20260908,validation,matched,ridge,Pupil_no_quality,P38,-0.0016309269426313389
arousal_primary_6s,regression,Pupil_no_quality,BiLSTM,20260908,validation,matched,ridge,Pupil_no_quality,P41,0.0020826761171516273
arousal_primary_6s,regression,Pupil_no_quality,BiLSTM,20260908,validation,matched,ridge,Pupil_no_quality,P47,0.004677401263568415
arousal_primary_6s,regression,Pupil_no_quality,BiLSTM,20260908,validation,matched,ridge,Pupil_no_quality,P6,0.0008574220871955252
arousal_primary_6s,regression,Pupil_no_quality,BiLSTM,20260908,validation,full,ridge,full,P23,-0.005012471150846798
arousal_primary_6s,regression,Pupil_no_quality,BiLSTM,20260908,validation,full,ridge,full,P28,-0.02456371914923583
arousal_primary_6s,regression,Pupil_no_quality,BiLSTM,20260908,validation,full,ridge,full,P31,-0.006984638741404092
arousal_primary_6s,regression,Pupil_no_quality,BiLSTM,20260908,validation,full,ridge,full,P32,-0.010949396162636571
arousal_primary_6s,regression,Pupil_no_quality,BiLSTM,20260908,validation,full,ridge,full,P38,-0.005019602157524727
arousal_primary_6s,regression,Pupil_no_quality,BiLSTM,20260908,validation,full,ridge,full,P41,0.017633346699249874
arousal_primary_6s,regression,Pupil_no_quality,BiLSTM,20260908,validation,full,ridge,full,P47,0.009422869541847678
arousal_primary_6s,regression,Pupil_no_quality,BiLSTM,20260908,validation,full,ridge,full,P6,-0.01367200942883251
arousal_primary_6s,regression,Pupil_no_quality,BiLSTM,20260908,test,matched,ridge,Pupil_no_quality,P10,-0.004606583525426089
arousal_primary_6s,regression,Pupil_no_quality,BiLSTM,20260908,test,matched,ridge,Pupil_no_quality,P11,0.003942554503428064
arousal_primary_6s,regression,Pupil_no_quality,BiLSTM,20260908,test,matched,ridge,Pupil_no_quality,P15,-0.007536313427946695
arousal_primary_6s,regression,Pupil_no_quality,BiLSTM,20260908,test,matched,ridge,Pupil_no_quality,P16,0.005102717291141423
arousal_primary_6s,regression,Pupil_no_quality,BiLSTM,20260908,test,matched,ridge,Pupil_no_quality,P37,-0.004243737116031654
arousal_primary_6s,regression,Pupil_no_quality,BiLSTM,20260908,test,matched,ridge,Pupil_no_quality,P39,0.003351646148468168
arousal_primary_6s,regression,Pupil_no_quality,BiLSTM,20260908,test,matched,ridge,Pupil_no_quality,P45,0.006665943648704209
arousal_primary_6s,regression,Pupil_no_quality,BiLSTM,20260908,test,matched,ridge,Pupil_no_quality,P5,0.004105248290521724
arousal_primary_6s,regression,Pupil_no_quality,BiLSTM,20260908,test,full,ridge,full,P10,-0.002751595262538986
arousal_primary_6s,regression,Pupil_no_quality,BiLSTM,20260908,test,full,ridge,full,P11,0.003222735367120255
arousal_primary_6s,regression,Pupil_no_quality,BiLSTM,20260908,test,full,ridge,full,P15,0.009874061791360633
arousal_primary_6s,regression,Pupil_no_quality,BiLSTM,20260908,test,full,ridge,full,P16,-0.0519848020689021
arousal_primary_6s,regression,Pupil_no_quality,BiLSTM,20260908,test,full,ridge,full,P37,-0.00921235015367361
arousal_primary_6s,regression,Pupil_no_quality,BiLSTM,20260908,test,full,ridge,full,P39,0.003445540137287484
arousal_primary_6s,regression,Pupil_no_quality,BiLSTM,20260908,test,full,ridge,full,P45,0.0016358720989237963
arousal_primary_6s,regression,Pupil_no_quality,BiLSTM,20260908,test,full,ridge,full,P5,0.004749195820873298
arousal_primary_6s,classification,Eye_Pupil_no_quality,TCN,20260907,validation,matched,logistic,Eye_Pupil_no_quality,P23,-0.03864734299516909
arousal_primary_6s,classification,Eye_Pupil_no_quality,TCN,20260907,validation,matched,logistic,Eye_Pupil_no_quality,P28,0.022658564604873366
arousal_primary_6s,classification,Eye_Pupil_no_quality,TCN,20260907,validation,matched,logistic,Eye_Pupil_no_quality,P31,0.05128205128205132
arousal_primary_6s,classification,Eye_Pupil_no_quality,TCN,20260907,validation,matched,logistic,Eye_Pupil_no_quality,P32,-0.007889546351084797
arousal_primary_6s,classification,Eye_Pupil_no_quality,TCN,20260907,validation,matched,logistic,Eye_Pupil_no_quality,P38,0.026407972060146
arousal_primary_6s,classification,Eye_Pupil_no_quality,TCN,20260907,validation,matched,logistic,Eye_Pupil_no_quality,P41,-0.01301587301587298
arousal_primary_6s,classification,Eye_Pupil_no_quality,TCN,20260907,validation,matched,logistic,Eye_Pupil_no_quality,P47,-0.013432073117858268
arousal_primary_6s,classification,Eye_Pupil_no_quality,TCN,20260907,validation,matched,logistic,Eye_Pupil_no_quality,P6,-0.0058538184201901156
arousal_primary_6s,classification,Eye_Pupil_no_quality,TCN,20260907,validation,full,logistic,full,P23,-0.07246376811594202
arousal_primary_6s,classification,Eye_Pupil_no_quality,TCN,20260907,validation,full,logistic,full,P28,0.023232964508132337
arousal_primary_6s,classification,Eye_Pupil_no_quality,TCN,20260907,validation,full,logistic,full,P31,0.052991452991452914
arousal_primary_6s,classification,Eye_Pupil_no_quality,TCN,20260907,validation,full,logistic,full,P32,-0.03530571992110454
arousal_primary_6s,classification,Eye_Pupil_no_quality,TCN,20260907,validation,full,logistic,full,P38,0.03179831440701003
arousal_primary_6s,classification,Eye_Pupil_no_quality,TCN,20260907,validation,full,logistic,full,P41,0.020777230432402816
arousal_primary_6s,classification,Eye_Pupil_no_quality,TCN,20260907,validation,full,logistic,full,P47,0.01656862797207076
arousal_primary_6s,classification,Eye_Pupil_no_quality,TCN,20260907,validation,full,logistic,full,P6,0.0015077023926581279
arousal_primary_6s,classification,Eye_Pupil_no_quality,TCN,20260907,test,matched,logistic,Eye_Pupil_no_quality,P10,-0.022052280980208255
arousal_primary_6s,classification,Eye_Pupil_no_quality,TCN,20260907,test,matched,logistic,Eye_Pupil_no_quality,P11,-0.0041407867494823725
arousal_primary_6s,classification,Eye_Pupil_no_quality,TCN,20260907,test,matched,logistic,Eye_Pupil_no_quality,P15,-0.0017524644030668113
arousal_primary_6s,classification,Eye_Pupil_no_quality,TCN,20260907,test,matched,logistic,Eye_Pupil_no_quality,P16,0.01635991820040905
arousal_primary_6s,classification,Eye_Pupil_no_quality,TCN,20260907,test,matched,logistic,Eye_Pupil_no_quality,P37,0.06921424186617559
arousal_primary_6s,classification,Eye_Pupil_no_quality,TCN,20260907,test,matched,logistic,Eye_Pupil_no_quality,P39,0.0
arousal_primary_6s,classification,Eye_Pupil_no_quality,TCN,20260907,test,matched,logistic,Eye_Pupil_no_quality,P45,0.005414439840669305
arousal_primary_6s,classification,Eye_Pupil_no_quality,TCN,20260907,test,matched,logistic,Eye_Pupil_no_quality,P5,0.044871794871794934
arousal_primary_6s,classification,Eye_Pupil_no_quality,TCN,20260907,test,full,logistic,full,P10,-0.059976432676815045
arousal_primary_6s,classification,Eye_Pupil_no_quality,TCN,20260907,test,full,logistic,full,P11,0.026915113871635643
arousal_primary_6s,classification,Eye_Pupil_no_quality,TCN,20260907,test,full,logistic,full,P15,-0.056151880248265784
arousal_primary_6s,classification,Eye_Pupil_no_quality,TCN,20260907,test,full,logistic,full,P16,0.01635991820040905
arousal_primary_6s,classification,Eye_Pupil_no_quality,TCN,20260907,test,full,logistic,full,P37,0.22176181706568449
arousal_primary_6s,classification,Eye_Pupil_no_quality,TCN,20260907,test,full,logistic,full,P39,0.09583333333333338
arousal_primary_6s,classification,Eye_Pupil_no_quality,TCN,20260907,test,full,logistic,full,P45,0.045797553994275264
arousal_primary_6s,classification,Eye_Pupil_no_quality,TCN,20260907,test,full,logistic,full,P5,-0.004273504273504258
arousal_primary_6s,classification,Eye_Pupil_no_quality,TCN,20260908,validation,matched,logistic,Eye_Pupil_no_quality,P23,0.01207729468599028
arousal_primary_6s,classification,Eye_Pupil_no_quality,TCN,20260908,validation,matched,logistic,Eye_Pupil_no_quality,P28,0.01355886087429714
arousal_primary_6s,classification,Eye_Pupil_no_quality,TCN,20260908,validation,matched,logistic,Eye_Pupil_no_quality,P31,-0.011965811965811923
arousal_primary_6s,classification,Eye_Pupil_no_quality,TCN,20260908,validation,matched,logistic,Eye_Pupil_no_quality,P32,-0.02357582086088872
arousal_primary_6s,classification,Eye_Pupil_no_quality,TCN,20260908,validation,matched,logistic,Eye_Pupil_no_quality,P38,0.01062383671079331
arousal_primary_6s,classification,Eye_Pupil_no_quality,TCN,20260908,validation,matched,logistic,Eye_Pupil_no_quality,P41,-0.009403393541324523
arousal_primary_6s,classification,Eye_Pupil_no_quality,TCN,20260908,validation,matched,logistic,Eye_Pupil_no_quality,P47,0.00034510329180703625
arousal_primary_6s,classification,Eye_Pupil_no_quality,TCN,20260908,validation,matched,logistic,Eye_Pupil_no_quality,P6,-0.04697476237299253
arousal_primary_6s,classification,Eye_Pupil_no_quality,TCN,20260908,validation,full,logistic,full,P23,-0.02173913043478265
arousal_primary_6s,classification,Eye_Pupil_no_quality,TCN,20260908,validation,full,logistic,full,P28,0.014133260777556111
arousal_primary_6s,classification,Eye_Pupil_no_quality,TCN,20260908,validation,full,logistic,full,P31,-0.010256410256410331
arousal_primary_6s,classification,Eye_Pupil_no_quality,TCN,20260908,validation,full,logistic,full,P32,-0.05099199443090846
arousal_primary_6s,classification,Eye_Pupil_no_quality,TCN,20260908,validation,full,logistic,full,P38,0.01601417905765734
arousal_primary_6s,classification,Eye_Pupil_no_quality,TCN,20260908,validation,full,logistic,full,P41,0.024389709906951273
arousal_primary_6s,classification,Eye_Pupil_no_quality,TCN,20260908,validation,full,logistic,full,P47,0.030345804381736063
arousal_primary_6s,classification,Eye_Pupil_no_quality,TCN,20260908,validation,full,logistic,full,P6,-0.039613241560144286
arousal_primary_6s,classification,Eye_Pupil_no_quality,TCN,20260908,test,matched,logistic,Eye_Pupil_no_quality,P10,-0.009907895053266974
arousal_primary_6s,classification,Eye_Pupil_no_quality,TCN,20260908,test,matched,logistic,Eye_Pupil_no_quality,P11,0.014492753623188415
arousal_primary_6s,classification,Eye_Pupil_no_quality,TCN,20260908,test,matched,logistic,Eye_Pupil_no_quality,P15,0.04645247657295848
arousal_primary_6s,classification,Eye_Pupil_no_quality,TCN,20260908,test,matched,logistic,Eye_Pupil_no_quality,P16,0.04703476482617591
arousal_primary_6s,classification,Eye_Pupil_no_quality,TCN,20260908,test,matched,logistic,Eye_Pupil_no_quality,P37,0.01626764886433396
arousal_primary_6s,classification,Eye_Pupil_no_quality,TCN,20260908,test,matched,logistic,Eye_Pupil_no_quality,P39,-0.027083333333333348
arousal_primary_6s,classification,Eye_Pupil_no_quality,TCN,20260908,test,matched,logistic,Eye_Pupil_no_quality,P45,0.018274985488100193
arousal_primary_6s,classification,Eye_Pupil_no_quality,TCN,20260908,test,matched,logistic,Eye_Pupil_no_quality,P5,0.01709401709401709
arousal_primary_6s,classification,Eye_Pupil_no_quality,TCN,20260908,test,full,logistic,full,P10,-0.04783204674987376
arousal_primary_6s,classification,Eye_Pupil_no_quality,TCN,20260908,test,full,logistic,full,P11,0.04554865424430643
arousal_primary_6s,classification,Eye_Pupil_no_quality,TCN,20260908,test,full,logistic,full,P15,-0.007946939272240494
arousal_primary_6s,classification,Eye_Pupil_no_quality,TCN,20260908,test,full,logistic,full,P16,0.04703476482617591
arousal_primary_6s,classification,Eye_Pupil_no_quality,TCN,20260908,test,full,logistic,full,P37,0.16881522406384286
arousal_primary_6s,classification,Eye_Pupil_no_quality,TCN,20260908,test,full,logistic,full,P39,0.06875000000000003
arousal_primary_6s,classification,Eye_Pupil_no_quality,TCN,20260908,test,full,logistic,full,P45,0.05865809964170615
arousal_primary_6s,classification,Eye_Pupil_no_quality,TCN,20260908,test,full,logistic,full,P5,-0.032051282051282104
arousal_primary_6s,classification,Eye_Pupil_no_quality,LSTM,20260907,validation,matched,logistic,Eye_Pupil_no_quality,P23,0.02657004830917875
arousal_primary_6s,classification,Eye_Pupil_no_quality,LSTM,20260907,validation,matched,logistic,Eye_Pupil_no_quality,P28,0.033798899570711693
arousal_primary_6s,classification,Eye_Pupil_no_quality,LSTM,20260907,validation,matched,logistic,Eye_Pupil_no_quality,P31,-0.02735042735042731
arousal_primary_6s,classification,Eye_Pupil_no_quality,LSTM,20260907,validation,matched,logistic,Eye_Pupil_no_quality,P32,0.013737092470124168
arousal_primary_6s,classification,Eye_Pupil_no_quality,LSTM,20260907,validation,matched,logistic,Eye_Pupil_no_quality,P38,0.02654913524478747
arousal_primary_6s,classification,Eye_Pupil_no_quality,LSTM,20260907,validation,matched,logistic,Eye_Pupil_no_quality,P41,-0.047400109469074914
arousal_primary_6s,classification,Eye_Pupil_no_quality,LSTM,20260907,validation,matched,logistic,Eye_Pupil_no_quality,P47,0.02508756663834466
arousal_primary_6s,classification,Eye_Pupil_no_quality,LSTM,20260907,validation,matched,logistic,Eye_Pupil_no_quality,P6,-0.043965912815470354
arousal_primary_6s,classification,Eye_Pupil_no_quality,LSTM,20260907,validation,full,logistic,full,P23,-0.00724637681159418
arousal_primary_6s,classification,Eye_Pupil_no_quality,LSTM,20260907,validation,full,logistic,full,P28,0.034373299473970664
arousal_primary_6s,classification,Eye_Pupil_no_quality,LSTM,20260907,validation,full,logistic,full,P31,-0.025641025641025716
arousal_primary_6s,classification,Eye_Pupil_no_quality,LSTM,20260907,validation,full,logistic,full,P32,-0.013679081099895574
arousal_primary_6s,classification,Eye_Pupil_no_quality,LSTM,20260907,validation,full,logistic,full,P38,0.0319394775916515
arousal_primary_6s,classification,Eye_Pupil_no_quality,LSTM,20260907,validation,full,logistic,full,P41,-0.013607006020799117
arousal_primary_6s,classification,Eye_Pupil_no_quality,LSTM,20260907,validation,full,logistic,full,P47,0.05508826772827369
arousal_primary_6s,classification,Eye_Pupil_no_quality,LSTM,20260907,validation,full,logistic,full,P6,-0.03660439200262211
arousal_primary_6s,classification,Eye_Pupil_no_quality,LSTM,20260907,test,matched,logistic,Eye_Pupil_no_quality,P10,0.004136305701849308
arousal_primary_6s,classification,Eye_Pupil_no_quality,LSTM,20260907,test,matched,logistic,Eye_Pupil_no_quality,P11,0.0020703933747412417
arousal_primary_6s,classification,Eye_Pupil_no_quality,LSTM,20260907,test,matched,logistic,Eye_Pupil_no_quality,P15,0.02016551052695631
arousal_primary_6s,classification,Eye_Pupil_no_quality,LSTM,20260907,test,matched,logistic,Eye_Pupil_no_quality,P16,0.01635991820040905
arousal_primary_6s,classification,Eye_Pupil_no_quality,LSTM,20260907,test,matched,logistic,Eye_Pupil_no_quality,P37,0.1109576427255985
arousal_primary_6s,classification,Eye_Pupil_no_quality,LSTM,20260907,test,matched,logistic,Eye_Pupil_no_quality,P39,-0.016666666666666663
arousal_primary_6s,classification,Eye_Pupil_no_quality,LSTM,20260907,test,matched,logistic,Eye_Pupil_no_quality,P45,0.030975399827858796
arousal_primary_6s,classification,Eye_Pupil_no_quality,LSTM,20260907,test,matched,logistic,Eye_Pupil_no_quality,P5,0.1217948717948718
arousal_primary_6s,classification,Eye_Pupil_no_quality,LSTM,20260907,test,full,logistic,full,P10,-0.03378784599475748
arousal_primary_6s,classification,Eye_Pupil_no_quality,LSTM,20260907,test,full,logistic,full,P11,0.03312629399585926
arousal_primary_6s,classification,Eye_Pupil_no_quality,LSTM,20260907,test,full,logistic,full,P15,-0.03423390531824266
arousal_primary_6s,classification,Eye_Pupil_no_quality,LSTM,20260907,test,full,logistic,full,P16,0.01635991820040905
arousal_primary_6s,classification,Eye_Pupil_no_quality,LSTM,20260907,test,full,logistic,full,P37,0.2635052179251074
arousal_primary_6s,classification,Eye_Pupil_no_quality,LSTM,20260907,test,full,logistic,full,P39,0.07916666666666672
arousal_primary_6s,classification,Eye_Pupil_no_quality,LSTM,20260907,test,full,logistic,full,P45,0.07135851398146476
arousal_primary_6s,classification,Eye_Pupil_no_quality,LSTM,20260907,test,full,logistic,full,P5,0.07264957264957261
arousal_primary_6s,classification,Eye_Pupil_no_quality,LSTM,20260908,validation,matched,logistic,Eye_Pupil_no_quality,P23,-0.048309178743961345
arousal_primary_6s,classification,Eye_Pupil_no_quality,LSTM,20260908,validation,matched,logistic,Eye_Pupil_no_quality,P28,0.027147953322449958
arousal_primary_6s,classification,Eye_Pupil_no_quality,LSTM,20260908,validation,matched,logistic,Eye_Pupil_no_quality,P31,0.01025641025641022
arousal_primary_6s,classification,Eye_Pupil_no_quality,LSTM,20260908,validation,matched,logistic,Eye_Pupil_no_quality,P32,0.023517809490660124
arousal_primary_6s,classification,Eye_Pupil_no_quality,LSTM,20260908,validation,matched,logistic,Eye_Pupil_no_quality,P38,0.05430077169207603
arousal_primary_6s,classification,Eye_Pupil_no_quality,LSTM,20260908,validation,matched,logistic,Eye_Pupil_no_quality,P41,0.025221674876847344
arousal_primary_6s,classification,Eye_Pupil_no_quality,LSTM,20260908,validation,matched,logistic,Eye_Pupil_no_quality,P47,0.02579150395432439
arousal_primary_6s,classification,Eye_Pupil_no_quality,LSTM,20260908,validation,matched,logistic,Eye_Pupil_no_quality,P6,-0.03948213700426095
arousal_primary_6s,classification,Eye_Pupil_no_quality,LSTM,20260908,validation,full,logistic,full,P23,-0.08212560386473428
arousal_primary_6s,classification,Eye_Pupil_no_quality,LSTM,20260908,validation,full,logistic,full,P28,0.02772235322570893
arousal_primary_6s,classification,Eye_Pupil_no_quality,LSTM,20260908,validation,full,logistic,full,P31,0.011965811965811812
arousal_primary_6s,classification,Eye_Pupil_no_quality,LSTM,20260908,validation,full,logistic,full,P32,-0.0038983640793596175
arousal_primary_6s,classification,Eye_Pupil_no_quality,LSTM,20260908,validation,full,logistic,full,P38,0.05969111403894006
arousal_primary_6s,classification,Eye_Pupil_no_quality,LSTM,20260908,validation,full,logistic,full,P41,0.05901477832512314
arousal_primary_6s,classification,Eye_Pupil_no_quality,LSTM,20260908,validation,full,logistic,full,P47,0.05579220504425342
arousal_primary_6s,classification,Eye_Pupil_no_quality,LSTM,20260908,validation,full,logistic,full,P6,-0.03212061619141271
arousal_primary_6s,classification,Eye_Pupil_no_quality,LSTM,20260908,test,matched,logistic,Eye_Pupil_no_quality,P10,-0.010064208931534507
arousal_primary_6s,classification,Eye_Pupil_no_quality,LSTM,20260908,test,matched,logistic,Eye_Pupil_no_quality,P11,0.03105590062111807
arousal_primary_6s,classification,Eye_Pupil_no_quality,LSTM,20260908,test,matched,logistic,Eye_Pupil_no_quality,P15,0.030522088353413634
arousal_primary_6s,classification,Eye_Pupil_no_quality,LSTM,20260908,test,matched,logistic,Eye_Pupil_no_quality,P16,-0.018404907975460072
arousal_primary_6s,classification,Eye_Pupil_no_quality,LSTM,20260908,test,matched,logistic,Eye_Pupil_no_quality,P37,0.036832412523020275
arousal_primary_6s,classification,Eye_Pupil_no_quality,LSTM,20260908,test,matched,logistic,Eye_Pupil_no_quality,P39,-0.006250000000000033
arousal_primary_6s,classification,Eye_Pupil_no_quality,LSTM,20260908,test,matched,logistic,Eye_Pupil_no_quality,P45,0.018074821353509796
arousal_primary_6s,classification,Eye_Pupil_no_quality,LSTM,20260908,test,matched,logistic,Eye_Pupil_no_quality,P5,0.10470085470085472
arousal_primary_6s,classification,Eye_Pupil_no_quality,LSTM,20260908,test,full,logistic,full,P10,-0.0479883606281413
arousal_primary_6s,classification,Eye_Pupil_no_quality,LSTM,20260908,test,full,logistic,full,P11,0.06211180124223609
arousal_primary_6s,classification,Eye_Pupil_no_quality,LSTM,20260908,test,full,logistic,full,P15,-0.02387732749178534
arousal_primary_6s,classification,Eye_Pupil_no_quality,LSTM,20260908,test,full,logistic,full,P16,-0.018404907975460072
arousal_primary_6s,classification,Eye_Pupil_no_quality,LSTM,20260908,test,full,logistic,full,P37,0.18937998772252918
arousal_primary_6s,classification,Eye_Pupil_no_quality,LSTM,20260908,test,full,logistic,full,P39,0.08958333333333335
arousal_primary_6s,classification,Eye_Pupil_no_quality,LSTM,20260908,test,full,logistic,full,P45,0.058457935507115755
arousal_primary_6s,classification,Eye_Pupil_no_quality,LSTM,20260908,test,full,logistic,full,P5,0.055555555555555525
arousal_primary_6s,classification,Eye_Pupil_no_quality,BiLSTM,20260907,validation,matched,logistic,Eye_Pupil_no_quality,P23,0.03864734299516909
arousal_primary_6s,classification,Eye_Pupil_no_quality,BiLSTM,20260907,validation,matched,logistic,Eye_Pupil_no_quality,P28,0.0247294274139912
arousal_primary_6s,classification,Eye_Pupil_no_quality,BiLSTM,20260907,validation,matched,logistic,Eye_Pupil_no_quality,P31,0.006837606837606924
arousal_primary_6s,classification,Eye_Pupil_no_quality,BiLSTM,20260907,validation,matched,logistic,Eye_Pupil_no_quality,P32,-0.00591715976331364
arousal_primary_6s,classification,Eye_Pupil_no_quality,BiLSTM,20260907,validation,matched,logistic,Eye_Pupil_no_quality,P38,0.0053798858146684725
arousal_primary_6s,classification,Eye_Pupil_no_quality,BiLSTM,20260907,validation,matched,logistic,Eye_Pupil_no_quality,P41,0.0018281335522715159
arousal_primary_6s,classification,Eye_Pupil_no_quality,BiLSTM,20260907,validation,matched,logistic,Eye_Pupil_no_quality,P47,0.013884617808544775
arousal_primary_6s,classification,Eye_Pupil_no_quality,BiLSTM,20260907,validation,matched,logistic,Eye_Pupil_no_quality,P6,0.028115372009177353
arousal_primary_6s,classification,Eye_Pupil_no_quality,BiLSTM,20260907,validation,full,logistic,full,P23,0.004830917874396157
arousal_primary_6s,classification,Eye_Pupil_no_quality,BiLSTM,20260907,validation,full,logistic,full,P28,0.02530382731725017
arousal_primary_6s,classification,Eye_Pupil_no_quality,BiLSTM,20260907,validation,full,logistic,full,P31,0.008547008547008517
arousal_primary_6s,classification,Eye_Pupil_no_quality,BiLSTM,20260907,validation,full,logistic,full,P32,-0.03333333333333338
arousal_primary_6s,classification,Eye_Pupil_no_quality,BiLSTM,20260907,validation,full,logistic,full,P38,0.010770228161532502
arousal_primary_6s,classification,Eye_Pupil_no_quality,BiLSTM,20260907,validation,full,logistic,full,P41,0.03562123700054731
arousal_primary_6s,classification,Eye_Pupil_no_quality,BiLSTM,20260907,validation,full,logistic,full,P47,0.0438853188984738
arousal_primary_6s,classification,Eye_Pupil_no_quality,BiLSTM,20260907,validation,full,logistic,full,P6,0.035476892822025596
arousal_primary_6s,classification,Eye_Pupil_no_quality,BiLSTM,20260907,test,matched,logistic,Eye_Pupil_no_quality,P10,0.006132313685881213
arousal_primary_6s,classification,Eye_Pupil_no_quality,BiLSTM,20260907,test,matched,logistic,Eye_Pupil_no_quality,P11,0.004140786749482428
arousal_primary_6s,classification,Eye_Pupil_no_quality,BiLSTM,20260907,test,matched,logistic,Eye_Pupil_no_quality,P15,0.04450529390288427
arousal_primary_6s,classification,Eye_Pupil_no_quality,BiLSTM,20260907,test,matched,logistic,Eye_Pupil_no_quality,P16,0.03885480572597144
arousal_primary_6s,classification,Eye_Pupil_no_quality,BiLSTM,20260907,test,matched,logistic,Eye_Pupil_no_quality,P37,0.19413750767341925
arousal_primary_6s,classification,Eye_Pupil_no_quality,BiLSTM,20260907,test,matched,logistic,Eye_Pupil_no_quality,P39,0.020833333333333315
arousal_primary_6s,classification,Eye_Pupil_no_quality,BiLSTM,20260907,test,matched,logistic,Eye_Pupil_no_quality,P45,0.025450869713164792
arousal_primary_6s,classification,Eye_Pupil_no_quality,BiLSTM,20260907,test,matched,logistic,Eye_Pupil_no_quality,P5,0.09829059829059833
arousal_primary_6s,classification,Eye_Pupil_no_quality,BiLSTM,20260907,test,full,logistic,full,P10,-0.031791838010725576
arousal_primary_6s,classification,Eye_Pupil_no_quality,BiLSTM,20260907,test,full,logistic,full,P11,0.035196687370600444
arousal_primary_6s,classification,Eye_Pupil_no_quality,BiLSTM,20260907,test,full,logistic,full,P15,-0.009894121942314704
arousal_primary_6s,classification,Eye_Pupil_no_quality,BiLSTM,20260907,test,full,logistic,full,P16,0.03885480572597144
arousal_primary_6s,classification,Eye_Pupil_no_quality,BiLSTM,20260907,test,full,logistic,full,P37,0.34668508287292815
arousal_primary_6s,classification,Eye_Pupil_no_quality,BiLSTM,20260907,test,full,logistic,full,P39,0.1166666666666667
arousal_primary_6s,classification,Eye_Pupil_no_quality,BiLSTM,20260907,test,full,logistic,full,P45,0.06583398386677075
arousal_primary_6s,classification,Eye_Pupil_no_quality,BiLSTM,20260907,test,full,logistic,full,P5,0.04914529914529914
arousal_primary_6s,classification,Eye_Pupil_no_quality,BiLSTM,20260908,validation,matched,logistic,Eye_Pupil_no_quality,P23,-0.041062801932367166
arousal_primary_6s,classification,Eye_Pupil_no_quality,BiLSTM,20260908,validation,matched,logistic,Eye_Pupil_no_quality,P28,-0.008933430074369697
arousal_primary_6s,classification,Eye_Pupil_no_quality,BiLSTM,20260908,validation,matched,logistic,Eye_Pupil_no_quality,P31,0.0410256410256411
arousal_primary_6s,classification,Eye_Pupil_no_quality,BiLSTM,20260908,validation,matched,logistic,Eye_Pupil_no_quality,P32,0.054983176702633696
arousal_primary_6s,classification,Eye_Pupil_no_quality,BiLSTM,20260908,validation,matched,logistic,Eye_Pupil_no_quality,P38,0.01712779973649542
arousal_primary_6s,classification,Eye_Pupil_no_quality,BiLSTM,20260908,validation,matched,logistic,Eye_Pupil_no_quality,P41,0.007837985769020284
arousal_primary_6s,classification,Eye_Pupil_no_quality,BiLSTM,20260908,validation,matched,logistic,Eye_Pupil_no_quality,P47,-0.02200087269244605
arousal_primary_6s,classification,Eye_Pupil_no_quality,BiLSTM,20260908,validation,matched,logistic,Eye_Pupil_no_quality,P6,-0.007066535562110843
arousal_primary_6s,classification,Eye_Pupil_no_quality,BiLSTM,20260908,validation,full,logistic,full,P23,-0.0748792270531401
arousal_primary_6s,classification,Eye_Pupil_no_quality,BiLSTM,20260908,validation,full,logistic,full,P28,-0.008359030171110726
arousal_primary_6s,classification,Eye_Pupil_no_quality,BiLSTM,20260908,validation,full,logistic,full,P31,0.042735042735042694
arousal_primary_6s,classification,Eye_Pupil_no_quality,BiLSTM,20260908,validation,full,logistic,full,P32,0.027567003132613954
arousal_primary_6s,classification,Eye_Pupil_no_quality,BiLSTM,20260908,validation,full,logistic,full,P38,0.02251814208335945
arousal_primary_6s,classification,Eye_Pupil_no_quality,BiLSTM,20260908,validation,full,logistic,full,P41,0.04163108921729608
arousal_primary_6s,classification,Eye_Pupil_no_quality,BiLSTM,20260908,validation,full,logistic,full,P47,0.007999828397482978
arousal_primary_6s,classification,Eye_Pupil_no_quality,BiLSTM,20260908,validation,full,logistic,full,P6,0.00029498525073740067
arousal_primary_6s,classification,Eye_Pupil_no_quality,BiLSTM,20260908,test,matched,logistic,Eye_Pupil_no_quality,P10,-0.04404444123800591
arousal_primary_6s,classification,Eye_Pupil_no_quality,BiLSTM,20260908,test,matched,logistic,Eye_Pupil_no_quality,P11,0.020703933747412084
arousal_primary_6s,classification,Eye_Pupil_no_quality,BiLSTM,20260908,test,matched,logistic,Eye_Pupil_no_quality,P15,0.04670804429840575
arousal_primary_6s,classification,Eye_Pupil_no_quality,BiLSTM,20260908,test,matched,logistic,Eye_Pupil_no_quality,P16,0.002044989775051187
arousal_primary_6s,classification,Eye_Pupil_no_quality,BiLSTM,20260908,test,matched,logistic,Eye_Pupil_no_quality,P37,0.1694290976058932
arousal_primary_6s,classification,Eye_Pupil_no_quality,BiLSTM,20260908,test,matched,logistic,Eye_Pupil_no_quality,P39,-0.00833333333333336
arousal_primary_6s,classification,Eye_Pupil_no_quality,BiLSTM,20260908,test,matched,logistic,Eye_Pupil_no_quality,P45,0.04561740627314398
arousal_primary_6s,classification,Eye_Pupil_no_quality,BiLSTM,20260908,test,matched,logistic,Eye_Pupil_no_quality,P5,0.04059829059829062
arousal_primary_6s,classification,Eye_Pupil_no_quality,BiLSTM,20260908,test,full,logistic,full,P10,-0.0819685929346127
arousal_primary_6s,classification,Eye_Pupil_no_quality,BiLSTM,20260908,test,full,logistic,full,P11,0.0517598343685301
arousal_primary_6s,classification,Eye_Pupil_no_quality,BiLSTM,20260908,test,full,logistic,full,P15,-0.007691371546793224
arousal_primary_6s,classification,Eye_Pupil_no_quality,BiLSTM,20260908,test,full,logistic,full,P16,0.002044989775051187
arousal_primary_6s,classification,Eye_Pupil_no_quality,BiLSTM,20260908,test,full,logistic,full,P37,0.3219766728054021
arousal_primary_6s,classification,Eye_Pupil_no_quality,BiLSTM,20260908,test,full,logistic,full,P39,0.08750000000000002
arousal_primary_6s,classification,Eye_Pupil_no_quality,BiLSTM,20260908,test,full,logistic,full,P45,0.08600052042674994
arousal_primary_6s,classification,Eye_Pupil_no_quality,BiLSTM,20260908,test,full,logistic,full,P5,-0.008547008547008572
arousal_primary_6s,regression,Eye_Pupil_no_quality,TCN,20260907,validation,matched,ridge,Eye_Pupil_no_quality,P23,-0.005129822416845564
arousal_primary_6s,regression,Eye_Pupil_no_quality,TCN,20260907,validation,matched,ridge,Eye_Pupil_no_quality,P28,-0.00599398588193456
arousal_primary_6s,regression,Eye_Pupil_no_quality,TCN,20260907,validation,matched,ridge,Eye_Pupil_no_quality,P31,-0.011876026188740618
arousal_primary_6s,regression,Eye_Pupil_no_quality,TCN,20260907,validation,matched,ridge,Eye_Pupil_no_quality,P32,-0.007154151462207992
arousal_primary_6s,regression,Eye_Pupil_no_quality,TCN,20260907,validation,matched,ridge,Eye_Pupil_no_quality,P38,-0.0030825410173310752
arousal_primary_6s,regression,Eye_Pupil_no_quality,TCN,20260907,validation,matched,ridge,Eye_Pupil_no_quality,P41,-0.008897277685952831
arousal_primary_6s,regression,Eye_Pupil_no_quality,TCN,20260907,validation,matched,ridge,Eye_Pupil_no_quality,P47,-0.0005455513664176515
arousal_primary_6s,regression,Eye_Pupil_no_quality,TCN,20260907,validation,matched,ridge,Eye_Pupil_no_quality,P6,-0.043615962831301314
arousal_primary_6s,regression,Eye_Pupil_no_quality,TCN,20260907,validation,full,ridge,full,P23,-0.010857668099681805
arousal_primary_6s,regression,Eye_Pupil_no_quality,TCN,20260907,validation,full,ridge,full,P28,-0.013645273654632528
arousal_primary_6s,regression,Eye_Pupil_no_quality,TCN,20260907,validation,full,ridge,full,P31,-0.012568616928454679
arousal_primary_6s,regression,Eye_Pupil_no_quality,TCN,20260907,validation,full,ridge,full,P32,-0.014809074482780238
arousal_primary_6s,regression,Eye_Pupil_no_quality,TCN,20260907,validation,full,ridge,full,P38,-0.006385858764329622
arousal_primary_6s,regression,Eye_Pupil_no_quality,TCN,20260907,validation,full,ridge,full,P41,0.014302752719739797
arousal_primary_6s,regression,Eye_Pupil_no_quality,TCN,20260907,validation,full,ridge,full,P47,0.003073842189803333
arousal_primary_6s,regression,Eye_Pupil_no_quality,TCN,20260907,validation,full,ridge,full,P6,-0.04442743556070594
arousal_primary_6s,regression,Eye_Pupil_no_quality,TCN,20260907,test,matched,ridge,Eye_Pupil_no_quality,P10,-0.011971265942283482
arousal_primary_6s,regression,Eye_Pupil_no_quality,TCN,20260907,test,matched,ridge,Eye_Pupil_no_quality,P11,-0.007330781268391262
arousal_primary_6s,regression,Eye_Pupil_no_quality,TCN,20260907,test,matched,ridge,Eye_Pupil_no_quality,P15,-0.008721471295679573
arousal_primary_6s,regression,Eye_Pupil_no_quality,TCN,20260907,test,matched,ridge,Eye_Pupil_no_quality,P16,-0.017817256766606504
arousal_primary_6s,regression,Eye_Pupil_no_quality,TCN,20260907,test,matched,ridge,Eye_Pupil_no_quality,P37,-0.002076466693771706
arousal_primary_6s,regression,Eye_Pupil_no_quality,TCN,20260907,test,matched,ridge,Eye_Pupil_no_quality,P39,-0.0005608411815778425
arousal_primary_6s,regression,Eye_Pupil_no_quality,TCN,20260907,test,matched,ridge,Eye_Pupil_no_quality,P45,0.0023294286601824865
arousal_primary_6s,regression,Eye_Pupil_no_quality,TCN,20260907,test,matched,ridge,Eye_Pupil_no_quality,P5,-0.008022706757005227
arousal_primary_6s,regression,Eye_Pupil_no_quality,TCN,20260907,test,full,ridge,full,P10,-0.010146294524041144
arousal_primary_6s,regression,Eye_Pupil_no_quality,TCN,20260907,test,full,ridge,full,P11,-0.006528979307722227
arousal_primary_6s,regression,Eye_Pupil_no_quality,TCN,20260907,test,full,ridge,full,P15,0.004916155296671887
arousal_primary_6s,regression,Eye_Pupil_no_quality,TCN,20260907,test,full,ridge,full,P16,-0.023117165194058265
arousal_primary_6s,regression,Eye_Pupil_no_quality,TCN,20260907,test,full,ridge,full,P37,-0.0034407808539177465
arousal_primary_6s,regression,Eye_Pupil_no_quality,TCN,20260907,test,full,ridge,full,P39,-0.003130881019609566
arousal_primary_6s,regression,Eye_Pupil_no_quality,TCN,20260907,test,full,ridge,full,P45,9.262629443806958e-05
arousal_primary_6s,regression,Eye_Pupil_no_quality,TCN,20260907,test,full,ridge,full,P5,-0.003998263674220959
arousal_primary_6s,regression,Eye_Pupil_no_quality,TCN,20260908,validation,matched,ridge,Eye_Pupil_no_quality,P23,-0.003127384992997917
arousal_primary_6s,regression,Eye_Pupil_no_quality,TCN,20260908,validation,matched,ridge,Eye_Pupil_no_quality,P28,-0.023701357974799553
arousal_primary_6s,regression,Eye_Pupil_no_quality,TCN,20260908,validation,matched,ridge,Eye_Pupil_no_quality,P31,0.0006292342134290863
arousal_primary_6s,regression,Eye_Pupil_no_quality,TCN,20260908,validation,matched,ridge,Eye_Pupil_no_quality,P32,-0.004401259955802317
arousal_primary_6s,regression,Eye_Pupil_no_quality,TCN,20260908,validation,matched,ridge,Eye_Pupil_no_quality,P38,-0.006817394025416812
arousal_primary_6s,regression,Eye_Pupil_no_quality,TCN,20260908,validation,matched,ridge,Eye_Pupil_no_quality,P41,-0.017125016177239716
arousal_primary_6s,regression,Eye_Pupil_no_quality,TCN,20260908,validation,matched,ridge,Eye_Pupil_no_quality,P47,0.0012809492477114937
arousal_primary_6s,regression,Eye_Pupil_no_quality,TCN,20260908,validation,matched,ridge,Eye_Pupil_no_quality,P6,-0.05301374631454525
arousal_primary_6s,regression,Eye_Pupil_no_quality,TCN,20260908,validation,full,ridge,full,P23,-0.008855230675834158
arousal_primary_6s,regression,Eye_Pupil_no_quality,TCN,20260908,validation,full,ridge,full,P28,-0.03135264574749752
arousal_primary_6s,regression,Eye_Pupil_no_quality,TCN,20260908,validation,full,ridge,full,P31,-6.335652628497446e-05
arousal_primary_6s,regression,Eye_Pupil_no_quality,TCN,20260908,validation,full,ridge,full,P32,-0.012056182976374563
arousal_primary_6s,regression,Eye_Pupil_no_quality,TCN,20260908,validation,full,ridge,full,P38,-0.010120711772415358
arousal_primary_6s,regression,Eye_Pupil_no_quality,TCN,20260908,validation,full,ridge,full,P41,0.006075014228452913
arousal_primary_6s,regression,Eye_Pupil_no_quality,TCN,20260908,validation,full,ridge,full,P47,0.004900342803932478
arousal_primary_6s,regression,Eye_Pupil_no_quality,TCN,20260908,validation,full,ridge,full,P6,-0.05382521904394988
arousal_primary_6s,regression,Eye_Pupil_no_quality,TCN,20260908,test,matched,ridge,Eye_Pupil_no_quality,P10,-0.001555177586027412
arousal_primary_6s,regression,Eye_Pupil_no_quality,TCN,20260908,test,matched,ridge,Eye_Pupil_no_quality,P11,-0.01895739195717161
arousal_primary_6s,regression,Eye_Pupil_no_quality,TCN,20260908,test,matched,ridge,Eye_Pupil_no_quality,P15,-0.010715226057188554
arousal_primary_6s,regression,Eye_Pupil_no_quality,TCN,20260908,test,matched,ridge,Eye_Pupil_no_quality,P16,-0.07876606279977494
arousal_primary_6s,regression,Eye_Pupil_no_quality,TCN,20260908,test,matched,ridge,Eye_Pupil_no_quality,P37,-0.007951374525708266
arousal_primary_6s,regression,Eye_Pupil_no_quality,TCN,20260908,test,matched,ridge,Eye_Pupil_no_quality,P39,-0.0026580791808676896
arousal_primary_6s,regression,Eye_Pupil_no_quality,TCN,20260908,test,matched,ridge,Eye_Pupil_no_quality,P45,-9.534391873633474e-05
arousal_primary_6s,regression,Eye_Pupil_no_quality,TCN,20260908,test,matched,ridge,Eye_Pupil_no_quality,P5,0.00973575673283944
arousal_primary_6s,regression,Eye_Pupil_no_quality,TCN,20260908,test,full,ridge,full,P10,0.00026979383221492625
arousal_primary_6s,regression,Eye_Pupil_no_quality,TCN,20260908,test,full,ridge,full,P11,-0.018155589996502575
arousal_primary_6s,regression,Eye_Pupil_no_quality,TCN,20260908,test,full,ridge,full,P15,0.0029224005351629057
arousal_primary_6s,regression,Eye_Pupil_no_quality,TCN,20260908,test,full,ridge,full,P16,-0.0840659712272267
arousal_primary_6s,regression,Eye_Pupil_no_quality,TCN,20260908,test,full,ridge,full,P37,-0.009315688685854306
arousal_primary_6s,regression,Eye_Pupil_no_quality,TCN,20260908,test,full,ridge,full,P39,-0.005228119018899413
arousal_primary_6s,regression,Eye_Pupil_no_quality,TCN,20260908,test,full,ridge,full,P45,-0.0023321462844807517
arousal_primary_6s,regression,Eye_Pupil_no_quality,TCN,20260908,test,full,ridge,full,P5,0.013760199815623708
arousal_primary_6s,regression,Eye_Pupil_no_quality,LSTM,20260907,validation,matched,ridge,Eye_Pupil_no_quality,P23,0.0012380818046431319
arousal_primary_6s,regression,Eye_Pupil_no_quality,LSTM,20260907,validation,matched,ridge,Eye_Pupil_no_quality,P28,-0.00589311198846576
arousal_primary_6s,regression,Eye_Pupil_no_quality,LSTM,20260907,validation,matched,ridge,Eye_Pupil_no_quality,P31,0.0015976979232508182
arousal_primary_6s,regression,Eye_Pupil_no_quality,LSTM,20260907,validation,matched,ridge,Eye_Pupil_no_quality,P32,-0.012593790655051396
arousal_primary_6s,regression,Eye_Pupil_no_quality,LSTM,20260907,validation,matched,ridge,Eye_Pupil_no_quality,P38,8.842875457870658e-05
arousal_primary_6s,regression,Eye_Pupil_no_quality,LSTM,20260907,validation,matched,ridge,Eye_Pupil_no_quality,P41,-0.011361223118712793
arousal_primary_6s,regression,Eye_Pupil_no_quality,LSTM,20260907,validation,matched,ridge,Eye_Pupil_no_quality,P47,0.003580282261243739
arousal_primary_6s,regression,Eye_Pupil_no_quality,LSTM,20260907,validation,matched,ridge,Eye_Pupil_no_quality,P6,-0.0028009142603470094
arousal_primary_6s,regression,Eye_Pupil_no_quality,LSTM,20260907,validation,full,ridge,full,P23,-0.004489763878193109
arousal_primary_6s,regression,Eye_Pupil_no_quality,LSTM,20260907,validation,full,ridge,full,P28,-0.013544399761163728
arousal_primary_6s,regression,Eye_Pupil_no_quality,LSTM,20260907,validation,full,ridge,full,P31,0.0009051071835367575
arousal_primary_6s,regression,Eye_Pupil_no_quality,LSTM,20260907,validation,full,ridge,full,P32,-0.020248713675623642
arousal_primary_6s,regression,Eye_Pupil_no_quality,LSTM,20260907,validation,full,ridge,full,P38,-0.00321488899241984
arousal_primary_6s,regression,Eye_Pupil_no_quality,LSTM,20260907,validation,full,ridge,full,P41,0.011838807286979836
arousal_primary_6s,regression,Eye_Pupil_no_quality,LSTM,20260907,validation,full,ridge,full,P47,0.0071996758174647235
arousal_primary_6s,regression,Eye_Pupil_no_quality,LSTM,20260907,validation,full,ridge,full,P6,-0.003612386989751637
arousal_primary_6s,regression,Eye_Pupil_no_quality,LSTM,20260907,test,matched,ridge,Eye_Pupil_no_quality,P10,0.0009774388932584088
arousal_primary_6s,regression,Eye_Pupil_no_quality,LSTM,20260907,test,matched,ridge,Eye_Pupil_no_quality,P11,-0.003637853614151143
arousal_primary_6s,regression,Eye_Pupil_no_quality,LSTM,20260907,test,matched,ridge,Eye_Pupil_no_quality,P15,-0.008672976299834989
arousal_primary_6s,regression,Eye_Pupil_no_quality,LSTM,20260907,test,matched,ridge,Eye_Pupil_no_quality,P16,-0.06653006499048175
arousal_primary_6s,regression,Eye_Pupil_no_quality,LSTM,20260907,test,matched,ridge,Eye_Pupil_no_quality,P37,-0.00917037377740626
arousal_primary_6s,regression,Eye_Pupil_no_quality,LSTM,20260907,test,matched,ridge,Eye_Pupil_no_quality,P39,0.009517148673722886
arousal_primary_6s,regression,Eye_Pupil_no_quality,LSTM,20260907,test,matched,ridge,Eye_Pupil_no_quality,P45,-0.002039688620466107
arousal_primary_6s,regression,Eye_Pupil_no_quality,LSTM,20260907,test,matched,ridge,Eye_Pupil_no_quality,P5,-0.00496677610841556
arousal_primary_6s,regression,Eye_Pupil_no_quality,LSTM,20260907,test,full,ridge,full,P10,0.002802410311500747
arousal_primary_6s,regression,Eye_Pupil_no_quality,LSTM,20260907,test,full,ridge,full,P11,-0.002836051653482108
arousal_primary_6s,regression,Eye_Pupil_no_quality,LSTM,20260907,test,full,ridge,full,P15,0.00496465029251647
arousal_primary_6s,regression,Eye_Pupil_no_quality,LSTM,20260907,test,full,ridge,full,P16,-0.07182997341793351
arousal_primary_6s,regression,Eye_Pupil_no_quality,LSTM,20260907,test,full,ridge,full,P37,-0.0105346879375523
arousal_primary_6s,regression,Eye_Pupil_no_quality,LSTM,20260907,test,full,ridge,full,P39,0.0069471088356911626
arousal_primary_6s,regression,Eye_Pupil_no_quality,LSTM,20260907,test,full,ridge,full,P45,-0.004276490986210524
arousal_primary_6s,regression,Eye_Pupil_no_quality,LSTM,20260907,test,full,ridge,full,P5,-0.0009423330256312923
arousal_primary_6s,regression,Eye_Pupil_no_quality,LSTM,20260908,validation,matched,ridge,Eye_Pupil_no_quality,P23,0.005081142250733417
arousal_primary_6s,regression,Eye_Pupil_no_quality,LSTM,20260908,validation,matched,ridge,Eye_Pupil_no_quality,P28,-0.013085120196834055
arousal_primary_6s,regression,Eye_Pupil_no_quality,LSTM,20260908,validation,matched,ridge,Eye_Pupil_no_quality,P31,-0.0058236566746777685
arousal_primary_6s,regression,Eye_Pupil_no_quality,LSTM,20260908,validation,matched,ridge,Eye_Pupil_no_quality,P32,0.000526961421375649
arousal_primary_6s,regression,Eye_Pupil_no_quality,LSTM,20260908,validation,matched,ridge,Eye_Pupil_no_quality,P38,-0.010881386818785588
arousal_primary_6s,regression,Eye_Pupil_no_quality,LSTM,20260908,validation,matched,ridge,Eye_Pupil_no_quality,P41,-0.020340765287300333
arousal_primary_6s,regression,Eye_Pupil_no_quality,LSTM,20260908,validation,matched,ridge,Eye_Pupil_no_quality,P47,0.002124070002406331
arousal_primary_6s,regression,Eye_Pupil_no_quality,LSTM,20260908,validation,matched,ridge,Eye_Pupil_no_quality,P6,-0.030306284860439625
arousal_primary_6s,regression,Eye_Pupil_no_quality,LSTM,20260908,validation,full,ridge,full,P23,-0.0006467034321028242
arousal_primary_6s,regression,Eye_Pupil_no_quality,LSTM,20260908,validation,full,ridge,full,P28,-0.020736407969532022
arousal_primary_6s,regression,Eye_Pupil_no_quality,LSTM,20260908,validation,full,ridge,full,P31,-0.006516247414391829
arousal_primary_6s,regression,Eye_Pupil_no_quality,LSTM,20260908,validation,full,ridge,full,P32,-0.007127961599196597
arousal_primary_6s,regression,Eye_Pupil_no_quality,LSTM,20260908,validation,full,ridge,full,P38,-0.014184704565784134
arousal_primary_6s,regression,Eye_Pupil_no_quality,LSTM,20260908,validation,full,ridge,full,P41,0.0028592651183922957
arousal_primary_6s,regression,Eye_Pupil_no_quality,LSTM,20260908,validation,full,ridge,full,P47,0.005743463558627315
arousal_primary_6s,regression,Eye_Pupil_no_quality,LSTM,20260908,validation,full,ridge,full,P6,-0.031117757589844253
arousal_primary_6s,regression,Eye_Pupil_no_quality,LSTM,20260908,test,matched,ridge,Eye_Pupil_no_quality,P10,-0.006449699636602135
arousal_primary_6s,regression,Eye_Pupil_no_quality,LSTM,20260908,test,matched,ridge,Eye_Pupil_no_quality,P11,0.005957485160519638
arousal_primary_6s,regression,Eye_Pupil_no_quality,LSTM,20260908,test,matched,ridge,Eye_Pupil_no_quality,P15,-0.012231417039900938
arousal_primary_6s,regression,Eye_Pupil_no_quality,LSTM,20260908,test,matched,ridge,Eye_Pupil_no_quality,P16,-0.026779307325789037
arousal_primary_6s,regression,Eye_Pupil_no_quality,LSTM,20260908,test,matched,ridge,Eye_Pupil_no_quality,P37,-0.004686631010240916
arousal_primary_6s,regression,Eye_Pupil_no_quality,LSTM,20260908,test,matched,ridge,Eye_Pupil_no_quality,P39,-0.0044996585810981315
arousal_primary_6s,regression,Eye_Pupil_no_quality,LSTM,20260908,test,matched,ridge,Eye_Pupil_no_quality,P45,0.01273453561188298
arousal_primary_6s,regression,Eye_Pupil_no_quality,LSTM,20260908,test,matched,ridge,Eye_Pupil_no_quality,P5,0.008999214209918782
arousal_primary_6s,regression,Eye_Pupil_no_quality,LSTM,20260908,test,full,ridge,full,P10,-0.004624728218359797
arousal_primary_6s,regression,Eye_Pupil_no_quality,LSTM,20260908,test,full,ridge,full,P11,0.006759287121188673
arousal_primary_6s,regression,Eye_Pupil_no_quality,LSTM,20260908,test,full,ridge,full,P15,0.0014062095524505214
arousal_primary_6s,regression,Eye_Pupil_no_quality,LSTM,20260908,test,full,ridge,full,P16,-0.0320792157532408
arousal_primary_6s,regression,Eye_Pupil_no_quality,LSTM,20260908,test,full,ridge,full,P37,-0.0060509451703869566
arousal_primary_6s,regression,Eye_Pupil_no_quality,LSTM,20260908,test,full,ridge,full,P39,-0.007069698419129855
arousal_primary_6s,regression,Eye_Pupil_no_quality,LSTM,20260908,test,full,ridge,full,P45,0.010497733246138563
arousal_primary_6s,regression,Eye_Pupil_no_quality,LSTM,20260908,test,full,ridge,full,P5,0.01302365729270305
arousal_primary_6s,regression,Eye_Pupil_no_quality,BiLSTM,20260907,validation,matched,ridge,Eye_Pupil_no_quality,P23,-0.0017280755992207242
arousal_primary_6s,regression,Eye_Pupil_no_quality,BiLSTM,20260907,validation,matched,ridge,Eye_Pupil_no_quality,P28,-0.0025840919259472184
arousal_primary_6s,regression,Eye_Pupil_no_quality,BiLSTM,20260907,validation,matched,ridge,Eye_Pupil_no_quality,P31,-0.003373258790151046
arousal_primary_6s,regression,Eye_Pupil_no_quality,BiLSTM,20260907,validation,matched,ridge,Eye_Pupil_no_quality,P32,-0.015232732706794372
arousal_primary_6s,regression,Eye_Pupil_no_quality,BiLSTM,20260907,validation,matched,ridge,Eye_Pupil_no_quality,P38,0.0006582674771435926
arousal_primary_6s,regression,Eye_Pupil_no_quality,BiLSTM,20260907,validation,matched,ridge,Eye_Pupil_no_quality,P41,-0.019523940331037548
arousal_primary_6s,regression,Eye_Pupil_no_quality,BiLSTM,20260907,validation,matched,ridge,Eye_Pupil_no_quality,P47,0.006224371852213029
arousal_primary_6s,regression,Eye_Pupil_no_quality,BiLSTM,20260907,validation,matched,ridge,Eye_Pupil_no_quality,P6,-0.07329782962845455
arousal_primary_6s,regression,Eye_Pupil_no_quality,BiLSTM,20260907,validation,full,ridge,full,P23,-0.007455921282056965
arousal_primary_6s,regression,Eye_Pupil_no_quality,BiLSTM,20260907,validation,full,ridge,full,P28,-0.010235379698645186
arousal_primary_6s,regression,Eye_Pupil_no_quality,BiLSTM,20260907,validation,full,ridge,full,P31,-0.0040658495298651065
arousal_primary_6s,regression,Eye_Pupil_no_quality,BiLSTM,20260907,validation,full,ridge,full,P32,-0.022887655727366618
arousal_primary_6s,regression,Eye_Pupil_no_quality,BiLSTM,20260907,validation,full,ridge,full,P38,-0.002645050269854954
arousal_primary_6s,regression,Eye_Pupil_no_quality,BiLSTM,20260907,validation,full,ridge,full,P41,0.0036760900746550806
arousal_primary_6s,regression,Eye_Pupil_no_quality,BiLSTM,20260907,validation,full,ridge,full,P47,0.009843765408434013
arousal_primary_6s,regression,Eye_Pupil_no_quality,BiLSTM,20260907,validation,full,ridge,full,P6,-0.07410930235785917
arousal_primary_6s,regression,Eye_Pupil_no_quality,BiLSTM,20260907,test,matched,ridge,Eye_Pupil_no_quality,P10,0.003200372641872784
arousal_primary_6s,regression,Eye_Pupil_no_quality,BiLSTM,20260907,test,matched,ridge,Eye_Pupil_no_quality,P11,-0.01006017181042329
arousal_primary_6s,regression,Eye_Pupil_no_quality,BiLSTM,20260907,test,matched,ridge,Eye_Pupil_no_quality,P15,-0.009199319130084982
arousal_primary_6s,regression,Eye_Pupil_no_quality,BiLSTM,20260907,test,matched,ridge,Eye_Pupil_no_quality,P16,-0.06443184063008223
arousal_primary_6s,regression,Eye_Pupil_no_quality,BiLSTM,20260907,test,matched,ridge,Eye_Pupil_no_quality,P37,0.0033692642976664855
arousal_primary_6s,regression,Eye_Pupil_no_quality,BiLSTM,20260907,test,matched,ridge,Eye_Pupil_no_quality,P39,-0.02000616003523281
arousal_primary_6s,regression,Eye_Pupil_no_quality,BiLSTM,20260907,test,matched,ridge,Eye_Pupil_no_quality,P45,0.002350983011217833
arousal_primary_6s,regression,Eye_Pupil_no_quality,BiLSTM,20260907,test,matched,ridge,Eye_Pupil_no_quality,P5,8.743824397783317e-05
arousal_primary_6s,regression,Eye_Pupil_no_quality,BiLSTM,20260907,test,full,ridge,full,P10,0.005025344060115122
arousal_primary_6s,regression,Eye_Pupil_no_quality,BiLSTM,20260907,test,full,ridge,full,P11,-0.009258369849754255
arousal_primary_6s,regression,Eye_Pupil_no_quality,BiLSTM,20260907,test,full,ridge,full,P15,0.0044383074622664775
arousal_primary_6s,regression,Eye_Pupil_no_quality,BiLSTM,20260907,test,full,ridge,full,P16,-0.06973174905753399
arousal_primary_6s,regression,Eye_Pupil_no_quality,BiLSTM,20260907,test,full,ridge,full,P37,0.002004950137520445
arousal_primary_6s,regression,Eye_Pupil_no_quality,BiLSTM,20260907,test,full,ridge,full,P39,-0.022576199873264535
arousal_primary_6s,regression,Eye_Pupil_no_quality,BiLSTM,20260907,test,full,ridge,full,P45,0.00011418064547341622
arousal_primary_6s,regression,Eye_Pupil_no_quality,BiLSTM,20260907,test,full,ridge,full,P5,0.004111881326762101
arousal_primary_6s,regression,Eye_Pupil_no_quality,BiLSTM,20260908,validation,matched,ridge,Eye_Pupil_no_quality,P23,0.010488007738312044
arousal_primary_6s,regression,Eye_Pupil_no_quality,BiLSTM,20260908,validation,matched,ridge,Eye_Pupil_no_quality,P28,-1.7880914994439223e-05
arousal_primary_6s,regression,Eye_Pupil_no_quality,BiLSTM,20260908,validation,matched,ridge,Eye_Pupil_no_quality,P31,-0.00222590826569935
arousal_primary_6s,regression,Eye_Pupil_no_quality,BiLSTM,20260908,validation,matched,ridge,Eye_Pupil_no_quality,P32,-0.0062918680004717675
arousal_primary_6s,regression,Eye_Pupil_no_quality,BiLSTM,20260908,validation,matched,ridge,Eye_Pupil_no_quality,P38,-0.00610576617539671
arousal_primary_6s,regression,Eye_Pupil_no_quality,BiLSTM,20260908,validation,matched,ridge,Eye_Pupil_no_quality,P41,-0.020755718446729632
arousal_primary_6s,regression,Eye_Pupil_no_quality,BiLSTM,20260908,validation,matched,ridge,Eye_Pupil_no_quality,P47,0.007171236103212797
arousal_primary_6s,regression,Eye_Pupil_no_quality,BiLSTM,20260908,validation,matched,ridge,Eye_Pupil_no_quality,P6,-0.016890293050785488
arousal_primary_6s,regression,Eye_Pupil_no_quality,BiLSTM,20260908,validation,full,ridge,full,P23,0.004760162055475803
arousal_primary_6s,regression,Eye_Pupil_no_quality,BiLSTM,20260908,validation,full,ridge,full,P28,-0.007669168687692407
arousal_primary_6s,regression,Eye_Pupil_no_quality,BiLSTM,20260908,validation,full,ridge,full,P31,-0.002918499005413411
arousal_primary_6s,regression,Eye_Pupil_no_quality,BiLSTM,20260908,validation,full,ridge,full,P32,-0.013946791021044014
arousal_primary_6s,regression,Eye_Pupil_no_quality,BiLSTM,20260908,validation,full,ridge,full,P38,-0.009409083922395256
arousal_primary_6s,regression,Eye_Pupil_no_quality,BiLSTM,20260908,validation,full,ridge,full,P41,0.002444311958962997
arousal_primary_6s,regression,Eye_Pupil_no_quality,BiLSTM,20260908,validation,full,ridge,full,P47,0.010790629659433781
arousal_primary_6s,regression,Eye_Pupil_no_quality,BiLSTM,20260908,validation,full,ridge,full,P6,-0.017701765780190115
arousal_primary_6s,regression,Eye_Pupil_no_quality,BiLSTM,20260908,test,matched,ridge,Eye_Pupil_no_quality,P10,-0.0022967825836082145
arousal_primary_6s,regression,Eye_Pupil_no_quality,BiLSTM,20260908,test,matched,ridge,Eye_Pupil_no_quality,P11,0.004177253995285124
arousal_primary_6s,regression,Eye_Pupil_no_quality,BiLSTM,20260908,test,matched,ridge,Eye_Pupil_no_quality,P15,-0.0055150233541529925
arousal_primary_6s,regression,Eye_Pupil_no_quality,BiLSTM,20260908,test,matched,ridge,Eye_Pupil_no_quality,P16,-0.05519329909186099
arousal_primary_6s,regression,Eye_Pupil_no_quality,BiLSTM,20260908,test,matched,ridge,Eye_Pupil_no_quality,P37,0.005606856797390258
arousal_primary_6s,regression,Eye_Pupil_no_quality,BiLSTM,20260908,test,matched,ridge,Eye_Pupil_no_quality,P39,-0.0038994301200281356
arousal_primary_6s,regression,Eye_Pupil_no_quality,BiLSTM,20260908,test,matched,ridge,Eye_Pupil_no_quality,P45,0.003259650515324397
arousal_primary_6s,regression,Eye_Pupil_no_quality,BiLSTM,20260908,test,matched,ridge,Eye_Pupil_no_quality,P5,-0.010477080928288252
arousal_primary_6s,regression,Eye_Pupil_no_quality,BiLSTM,20260908,test,full,ridge,full,P10,-0.0004718111653658763
arousal_primary_6s,regression,Eye_Pupil_no_quality,BiLSTM,20260908,test,full,ridge,full,P11,0.004979055955954159
arousal_primary_6s,regression,Eye_Pupil_no_quality,BiLSTM,20260908,test,full,ridge,full,P15,0.008122603238198467
arousal_primary_6s,regression,Eye_Pupil_no_quality,BiLSTM,20260908,test,full,ridge,full,P16,-0.06049320751931275
arousal_primary_6s,regression,Eye_Pupil_no_quality,BiLSTM,20260908,test,full,ridge,full,P37,0.004242542637244218
arousal_primary_6s,regression,Eye_Pupil_no_quality,BiLSTM,20260908,test,full,ridge,full,P39,-0.006469469958059859
arousal_primary_6s,regression,Eye_Pupil_no_quality,BiLSTM,20260908,test,full,ridge,full,P45,0.0010228481495799802
arousal_primary_6s,regression,Eye_Pupil_no_quality,BiLSTM,20260908,test,full,ridge,full,P5,-0.0064526378455039834
attention_primary,classification,full,TCN,20260907,validation,MLP_current_full,MLP_current,full,P23,-0.04589371980676327
attention_primary,classification,full,TCN,20260907,validation,MLP_current_full,MLP_current,full,P28,0.022477175161738916
attention_primary,classification,full,TCN,20260907,validation,MLP_current_full,MLP_current,full,P31,-0.00512820512820511
attention_primary,classification,full,TCN,20260907,validation,MLP_current_full,MLP_current,full,P32,0.036616776888270086
attention_primary,classification,full,TCN,20260907,validation,MLP_current_full,MLP_current,full,P38,-0.0063366585105715245
attention_primary,classification,full,TCN,20260907,validation,MLP_current_full,MLP_current,full,P41,-0.018051450465243535
attention_primary,classification,full,TCN,20260907,validation,MLP_current_full,MLP_current,full,P47,0.007968127490039723
attention_primary,classification,full,TCN,20260907,validation,MLP_current_full,MLP_current,full,P6,0.007643395607997372
attention_primary,classification,full,TCN,20260907,test,MLP_current_full,MLP_current,full,P10,-0.032501262535170605
attention_primary,classification,full,TCN,20260907,test,MLP_current_full,MLP_current,full,P11,0.018633540372670787
attention_primary,classification,full,TCN,20260907,test,MLP_current_full,MLP_current,full,P15,0.02440063283436772
attention_primary,classification,full,TCN,20260907,test,MLP_current_full,MLP_current,full,P16,0.01635991820040894
attention_primary,classification,full,TCN,20260907,test,MLP_current_full,MLP_current,full,P37,0.028520499108734443
attention_primary,classification,full,TCN,20260907,test,MLP_current_full,MLP_current,full,P39,-0.004166666666666652
attention_primary,classification,full,TCN,20260907,test,MLP_current_full,MLP_current,full,P45,0.037941111711603526
attention_primary,classification,full,TCN,20260907,test,MLP_current_full,MLP_current,full,P5,0.06196581196581191
attention_primary,classification,full,TCN,20260908,validation,MLP_current_full,MLP_current,full,P23,0.03140096618357496
attention_primary,classification,full,TCN,20260908,validation,MLP_current_full,MLP_current,full,P28,-0.036096499183747466
attention_primary,classification,full,TCN,20260908,validation,MLP_current_full,MLP_current,full,P31,-0.022222222222222254
attention_primary,classification,full,TCN,20260908,validation,MLP_current_full,MLP_current,full,P32,-0.025026105116602804
attention_primary,classification,full,TCN,20260908,validation,MLP_current_full,MLP_current,full,P38,0.038176799046364285
attention_primary,classification,full,TCN,20260908,validation,MLP_current_full,MLP_current,full,P41,-0.021193212917350823
attention_primary,classification,full,TCN,20260908,validation,MLP_current_full,MLP_current,full,P47,-0.02257636122177953
attention_primary,classification,full,TCN,20260908,validation,MLP_current_full,MLP_current,full,P6,0.009845952146837034
attention_primary,classification,full,TCN,20260908,test,MLP_current_full,MLP_current,full,P10,-0.03770771709592863
attention_primary,classification,full,TCN,20260908,test,MLP_current_full,MLP_current,full,P11,0.022774327122153215
attention_primary,classification,full,TCN,20260908,test,MLP_current_full,MLP_current,full,P15,-0.008421565048071067
attention_primary,classification,full,TCN,20260908,test,MLP_current_full,MLP_current,full,P16,0.02249488752556239
attention_primary,classification,full,TCN,20260908,test,MLP_current_full,MLP_current,full,P37,0.035650623885918
attention_primary,classification,full,TCN,20260908,test,MLP_current_full,MLP_current,full,P39,-1.1102230246251565e-16
attention_primary,classification,full,TCN,20260908,test,MLP_current_full,MLP_current,full,P45,0.02032666786765147
attention_primary,classification,full,TCN,20260908,test,MLP_current_full,MLP_current,full,P5,0.0064102564102563875
attention_primary,classification,full,LSTM,20260907,validation,MLP_current_full,MLP_current,full,P23,-0.036231884057971064
attention_primary,classification,full,LSTM,20260907,validation,MLP_current_full,MLP_current,full,P28,0.020360964991837482
attention_primary,classification,full,LSTM,20260907,validation,MLP_current_full,MLP_current,full,P31,0.04444444444444445
attention_primary,classification,full,LSTM,20260907,validation,MLP_current_full,MLP_current,full,P32,-0.0008701705534284732
attention_primary,classification,full,LSTM,20260907,validation,MLP_current_full,MLP_current,full,P38,-0.03683836292531939
attention_primary,classification,full,LSTM,20260907,validation,MLP_current_full,MLP_current,full,P41,-0.01979200875752596
attention_primary,classification,full,LSTM,20260907,validation,MLP_current_full,MLP_current,full,P47,-0.02257636122177964
attention_primary,classification,full,LSTM,20260907,validation,MLP_current_full,MLP_current,full,P6,-0.016073418551294683
attention_primary,classification,full,LSTM,20260907,test,MLP_current_full,MLP_current,full,P10,-0.020284731741336604
attention_primary,classification,full,LSTM,20260907,test,MLP_current_full,MLP_current,full,P11,0.03933747412008276
attention_primary,classification,full,LSTM,20260907,test,MLP_current_full,MLP_current,full,P15,0.006060606060606044
attention_primary,classification,full,LSTM,20260907,test,MLP_current_full,MLP_current,full,P16,0.002044989775051076
attention_primary,classification,full,LSTM,20260907,test,MLP_current_full,MLP_current,full,P37,0.010695187165775444
attention_primary,classification,full,LSTM,20260907,test,MLP_current_full,MLP_current,full,P39,-0.0020833333333332704
attention_primary,classification,full,LSTM,20260907,test,MLP_current_full,MLP_current,full,P45,0.04705858804219459
attention_primary,classification,full,LSTM,20260907,test,MLP_current_full,MLP_current,full,P5,0.10256410256410248
attention_primary,classification,full,LSTM,20260908,validation,MLP_current_full,MLP_current,full,P23,0.01449275362318847
attention_primary,classification,full,LSTM,20260908,validation,MLP_current_full,MLP_current,full,P28,0.004262651913658599
attention_primary,classification,full,LSTM,20260908,validation,MLP_current_full,MLP_current,full,P31,-0.0017094017094017588
attention_primary,classification,full,LSTM,20260908,validation,MLP_current_full,MLP_current,full,P32,-0.038786402134818376
attention_primary,classification,full,LSTM,20260908,validation,MLP_current_full,MLP_current,full,P38,0.014330677374155665
attention_primary,classification,full,LSTM,20260908,validation,MLP_current_full,MLP_current,full,P41,0.0033059660645867184
attention_primary,classification,full,LSTM,20260908,validation,MLP_current_full,MLP_current,full,P47,-0.031872509960159334
attention_primary,classification,full,LSTM,20260908,validation,MLP_current_full,MLP_current,full,P6,-0.019423139954113433
attention_primary,classification,full,LSTM,20260908,test,MLP_current_full,MLP_current,full,P10,0.00038477262342778706
attention_primary,classification,full,LSTM,20260908,test,MLP_current_full,MLP_current,full,P11,0.014492753623188415
attention_primary,classification,full,LSTM,20260908,test,MLP_current_full,MLP_current,full,P15,-0.054545454545454564
attention_primary,classification,full,LSTM,20260908,test,MLP_current_full,MLP_current,full,P16,-0.004089979550102263
attention_primary,classification,full,LSTM,20260908,test,MLP_current_full,MLP_current,full,P37,0.007130124777183666
attention_primary,classification,full,LSTM,20260908,test,MLP_current_full,MLP_current,full,P39,0.027083333333333348
attention_primary,classification,full,LSTM,20260908,test,MLP_current_full,MLP_current,full,P45,0.00034027902880356953
attention_primary,classification,full,LSTM,20260908,test,MLP_current_full,MLP_current,full,P5,0.008547008547008517
attention_primary,classification,full,BiLSTM,20260907,validation,MLP_current_full,MLP_current,full,P23,-0.08454106280193235
attention_primary,classification,full,BiLSTM,20260907,validation,MLP_current_full,MLP_current,full,P28,0.05423544349718851
attention_primary,classification,full,BiLSTM,20260907,validation,MLP_current_full,MLP_current,full,P31,0.06153846153846154
attention_primary,classification,full,BiLSTM,20260907,validation,MLP_current_full,MLP_current,full,P32,0.004849750551108034
attention_primary,classification,full,BiLSTM,20260907,validation,MLP_current_full,MLP_current,full,P38,-0.04203525942656372
attention_primary,classification,full,BiLSTM,20260907,validation,MLP_current_full,MLP_current,full,P41,-0.0448056923918993
attention_primary,classification,full,BiLSTM,20260907,validation,MLP_current_full,MLP_current,full,P47,-0.019920318725099695
attention_primary,classification,full,BiLSTM,20260907,validation,MLP_current_full,MLP_current,full,P6,-0.04567027204195345
attention_primary,classification,full,BiLSTM,20260907,test,MLP_current_full,MLP_current,full,P10,-0.0022845874516028153
attention_primary,classification,full,BiLSTM,20260907,test,MLP_current_full,MLP_current,full,P11,0.03726708074534163
attention_primary,classification,full,BiLSTM,20260907,test,MLP_current_full,MLP_current,full,P15,-0.004016064257028107
attention_primary,classification,full,BiLSTM,20260907,test,MLP_current_full,MLP_current,full,P16,-0.03680981595092031
attention_primary,classification,full,BiLSTM,20260907,test,MLP_current_full,MLP_current,full,P37,0.04456327985739744
attention_primary,classification,full,BiLSTM,20260907,test,MLP_current_full,MLP_current,full,P39,-0.008333333333333193
attention_primary,classification,full,BiLSTM,20260907,test,MLP_current_full,MLP_current,full,P45,0.017714525911247225
attention_primary,classification,full,BiLSTM,20260907,test,MLP_current_full,MLP_current,full,P5,0.057692307692307654
attention_primary,classification,full,BiLSTM,20260908,validation,MLP_current_full,MLP_current,full,P23,0.02898550724637683
attention_primary,classification,full,BiLSTM,20260908,validation,MLP_current_full,MLP_current,full,P28,-0.045181087127395825
attention_primary,classification,full,BiLSTM,20260908,validation,MLP_current_full,MLP_current,full,P31,0.006837606837606813
attention_primary,classification,full,BiLSTM,20260908,validation,MLP_current_full,MLP_current,full,P32,-0.007541478129713397
attention_primary,classification,full,BiLSTM,20260908,validation,MLP_current_full,MLP_current,full,P38,0.039572746094485245
attention_primary,classification,full,BiLSTM,20260908,validation,MLP_current_full,MLP_current,full,P41,0.0038204707170224617
attention_primary,classification,full,BiLSTM,20260908,validation,MLP_current_full,MLP_current,full,P47,-0.05312084993359889
attention_primary,classification,full,BiLSTM,20260908,validation,MLP_current_full,MLP_current,full,P6,0.01752867912159939
attention_primary,classification,full,BiLSTM,20260908,test,MLP_current_full,MLP_current,full,P10,-0.0018998148281750282
attention_primary,classification,full,BiLSTM,20260908,test,MLP_current_full,MLP_current,full,P11,-0.01449275362318836
attention_primary,classification,full,BiLSTM,20260908,test,MLP_current_full,MLP_current,full,P15,0.010174029451137878
attention_primary,classification,full,BiLSTM,20260908,test,MLP_current_full,MLP_current,full,P16,0.0
attention_primary,classification,full,BiLSTM,20260908,test,MLP_current_full,MLP_current,full,P37,0.012477718360071277
attention_primary,classification,full,BiLSTM,20260908,test,MLP_current_full,MLP_current,full,P39,0.004166666666666652
attention_primary,classification,full,BiLSTM,20260908,test,MLP_current_full,MLP_current,full,P45,-0.01628335234892614
attention_primary,classification,full,BiLSTM,20260908,test,MLP_current_full,MLP_current,full,P5,0.0
attention_primary,regression,full,TCN,20260907,validation,MLP_current_full,MLP_current,full,P23,-0.010641286136640726
attention_primary,regression,full,TCN,20260907,validation,MLP_current_full,MLP_current,full,P28,-0.004565698820476083
attention_primary,regression,full,TCN,20260907,validation,MLP_current_full,MLP_current,full,P31,-0.010464618008912963
attention_primary,regression,full,TCN,20260907,validation,MLP_current_full,MLP_current,full,P32,0.011432789335400817
attention_primary,regression,full,TCN,20260907,validation,MLP_current_full,MLP_current,full,P38,0.0022553682158183985
attention_primary,regression,full,TCN,20260907,validation,MLP_current_full,MLP_current,full,P41,0.0031902978256932446
attention_primary,regression,full,TCN,20260907,validation,MLP_current_full,MLP_current,full,P47,0.006802236587533095
attention_primary,regression,full,TCN,20260907,validation,MLP_current_full,MLP_current,full,P6,-8.5713137982113e-05
attention_primary,regression,full,TCN,20260907,test,MLP_current_full,MLP_current,full,P10,0.006444805395744435
attention_primary,regression,full,TCN,20260907,test,MLP_current_full,MLP_current,full,P11,-0.0059417881896535185
attention_primary,regression,full,TCN,20260907,test,MLP_current_full,MLP_current,full,P15,0.006839493874619351
attention_primary,regression,full,TCN,20260907,test,MLP_current_full,MLP_current,full,P16,-0.007388571268219013
attention_primary,regression,full,TCN,20260907,test,MLP_current_full,MLP_current,full,P37,-0.01054365207381025
attention_primary,regression,full,TCN,20260907,test,MLP_current_full,MLP_current,full,P39,-0.010828866489213218
attention_primary,regression,full,TCN,20260907,test,MLP_current_full,MLP_current,full,P45,-0.014926573948663702
attention_primary,regression,full,TCN,20260907,test,MLP_current_full,MLP_current,full,P5,-0.004993812307956036
attention_primary,regression,full,TCN,20260908,validation,MLP_current_full,MLP_current,full,P23,-0.02184955824795365
attention_primary,regression,full,TCN,20260908,validation,MLP_current_full,MLP_current,full,P28,-0.009933222481736559
attention_primary,regression,full,TCN,20260908,validation,MLP_current_full,MLP_current,full,P31,-0.006203337685480759
attention_primary,regression,full,TCN,20260908,validation,MLP_current_full,MLP_current,full,P32,0.014172532244370206
attention_primary,regression,full,TCN,20260908,validation,MLP_current_full,MLP_current,full,P38,-0.00022927315865839404
attention_primary,regression,full,TCN,20260908,validation,MLP_current_full,MLP_current,full,P41,-0.005559556466806503
attention_primary,regression,full,TCN,20260908,validation,MLP_current_full,MLP_current,full,P47,-0.005328495198600125
attention_primary,regression,full,TCN,20260908,validation,MLP_current_full,MLP_current,full,P6,0.010093139254490069
attention_primary,regression,full,TCN,20260908,test,MLP_current_full,MLP_current,full,P10,0.0031470219967169033
attention_primary,regression,full,TCN,20260908,test,MLP_current_full,MLP_current,full,P11,-0.016924652714970234
attention_primary,regression,full,TCN,20260908,test,MLP_current_full,MLP_current,full,P15,-0.00911647108614888
attention_primary,regression,full,TCN,20260908,test,MLP_current_full,MLP_current,full,P16,-0.007072772944396455
attention_primary,regression,full,TCN,20260908,test,MLP_current_full,MLP_current,full,P37,-0.004964760525526524
attention_primary,regression,full,TCN,20260908,test,MLP_current_full,MLP_current,full,P39,0.011334333475444325
attention_primary,regression,full,TCN,20260908,test,MLP_current_full,MLP_current,full,P45,-0.000628769009112462
attention_primary,regression,full,TCN,20260908,test,MLP_current_full,MLP_current,full,P5,0.0071502079705763055
attention_primary,regression,full,LSTM,20260907,validation,MLP_current_full,MLP_current,full,P23,-0.010940832196111971
attention_primary,regression,full,LSTM,20260907,validation,MLP_current_full,MLP_current,full,P28,0.004108037633524075
attention_primary,regression,full,LSTM,20260907,validation,MLP_current_full,MLP_current,full,P31,-0.007964307288619965
attention_primary,regression,full,LSTM,20260907,validation,MLP_current_full,MLP_current,full,P32,0.00845692270624221
attention_primary,regression,full,LSTM,20260907,validation,MLP_current_full,MLP_current,full,P38,-0.0036805058002047364
attention_primary,regression,full,LSTM,20260907,validation,MLP_current_full,MLP_current,full,P41,-0.005220934505956176
attention_primary,regression,full,LSTM,20260907,validation,MLP_current_full,MLP_current,full,P47,0.0005862751340595107
attention_primary,regression,full,LSTM,20260907,validation,MLP_current_full,MLP_current,full,P6,0.003230747571459913
attention_primary,regression,full,LSTM,20260907,test,MLP_current_full,MLP_current,full,P10,-0.005434417704452743
attention_primary,regression,full,LSTM,20260907,test,MLP_current_full,MLP_current,full,P11,0.002384079884471424
attention_primary,regression,full,LSTM,20260907,test,MLP_current_full,MLP_current,full,P15,0.003935114899989545
attention_primary,regression,full,LSTM,20260907,test,MLP_current_full,MLP_current,full,P16,-0.013089679438942459
attention_primary,regression,full,LSTM,20260907,test,MLP_current_full,MLP_current,full,P37,-0.013463261754846023
attention_primary,regression,full,LSTM,20260907,test,MLP_current_full,MLP_current,full,P39,-0.0025707419361767903
attention_primary,regression,full,LSTM,20260907,test,MLP_current_full,MLP_current,full,P45,-0.006422339510179453
attention_primary,regression,full,LSTM,20260907,test,MLP_current_full,MLP_current,full,P5,-0.0005717283501152082
attention_primary,regression,full,LSTM,20260908,validation,MLP_current_full,MLP_current,full,P23,-0.00029239618433329895
attention_primary,regression,full,LSTM,20260908,validation,MLP_current_full,MLP_current,full,P28,0.001531437344228781
attention_primary,regression,full,LSTM,20260908,validation,MLP_current_full,MLP_current,full,P31,-0.01460061506036514
attention_primary,regression,full,LSTM,20260908,validation,MLP_current_full,MLP_current,full,P32,0.005092819815561533
attention_primary,regression,full,LSTM,20260908,validation,MLP_current_full,MLP_current,full,P38,-0.005864704322161907
attention_primary,regression,full,LSTM,20260908,validation,MLP_current_full,MLP_current,full,P41,0.007532525925749489
attention_primary,regression,full,LSTM,20260908,validation,MLP_current_full,MLP_current,full,P47,-0.002189243000779939
attention_primary,regression,full,LSTM,20260908,validation,MLP_current_full,MLP_current,full,P6,0.006302399822984195
attention_primary,regression,full,LSTM,20260908,test,MLP_current_full,MLP_current,full,P10,0.005125510256172472
attention_primary,regression,full,LSTM,20260908,test,MLP_current_full,MLP_current,full,P11,-0.0020512262629435174
attention_primary,regression,full,LSTM,20260908,test,MLP_current_full,MLP_current,full,P15,-0.0021964969958525593
attention_primary,regression,full,LSTM,20260908,test,MLP_current_full,MLP_current,full,P16,-0.006175380585270562
attention_primary,regression,full,LSTM,20260908,test,MLP_current_full,MLP_current,full,P37,-0.0065337794965216744
attention_primary,regression,full,LSTM,20260908,test,MLP_current_full,MLP_current,full,P39,0.014783201681972113
attention_primary,regression,full,LSTM,20260908,test,MLP_current_full,MLP_current,full,P45,-0.008138546341267316
attention_primary,regression,full,LSTM,20260908,test,MLP_current_full,MLP_current,full,P5,0.008012231443086382
attention_primary,regression,full,BiLSTM,20260907,validation,MLP_current_full,MLP_current,full,P23,-0.005201455654698206
attention_primary,regression,full,BiLSTM,20260907,validation,MLP_current_full,MLP_current,full,P28,-0.003860209384846325
attention_primary,regression,full,BiLSTM,20260907,validation,MLP_current_full,MLP_current,full,P31,-0.0016974390318911237
attention_primary,regression,full,BiLSTM,20260907,validation,MLP_current_full,MLP_current,full,P32,0.002841975143058284
attention_primary,regression,full,BiLSTM,20260907,validation,MLP_current_full,MLP_current,full,P38,0.0036241706658201034
attention_primary,regression,full,BiLSTM,20260907,validation,MLP_current_full,MLP_current,full,P41,-0.000992906063049137
attention_primary,regression,full,BiLSTM,20260907,validation,MLP_current_full,MLP_current,full,P47,4.265198265729353e-05
attention_primary,regression,full,BiLSTM,20260907,validation,MLP_current_full,MLP_current,full,P6,0.0013358190872299058
attention_primary,regression,full,BiLSTM,20260907,test,MLP_current_full,MLP_current,full,P10,0.0017218192184251802
attention_primary,regression,full,BiLSTM,20260907,test,MLP_current_full,MLP_current,full,P11,-0.008446601496450379
attention_primary,regression,full,BiLSTM,20260907,test,MLP_current_full,MLP_current,full,P15,0.0036624383216632417
attention_primary,regression,full,BiLSTM,20260907,test,MLP_current_full,MLP_current,full,P16,-0.004482902168416736
attention_primary,regression,full,BiLSTM,20260907,test,MLP_current_full,MLP_current,full,P37,-0.02040413097010596
attention_primary,regression,full,BiLSTM,20260907,test,MLP_current_full,MLP_current,full,P39,0.006530821218635796
attention_primary,regression,full,BiLSTM,20260907,test,MLP_current_full,MLP_current,full,P45,-0.002256016490045809
attention_primary,regression,full,BiLSTM,20260907,test,MLP_current_full,MLP_current,full,P5,-0.009580384662051578
attention_primary,regression,full,BiLSTM,20260908,validation,MLP_current_full,MLP_current,full,P23,-0.020068288659297107
attention_primary,regression,full,BiLSTM,20260908,validation,MLP_current_full,MLP_current,full,P28,0.0114980992064454
attention_primary,regression,full,BiLSTM,20260908,validation,MLP_current_full,MLP_current,full,P31,0.005445425385689484
attention_primary,regression,full,BiLSTM,20260908,validation,MLP_current_full,MLP_current,full,P32,0.01329179988500695
attention_primary,regression,full,BiLSTM,20260908,validation,MLP_current_full,MLP_current,full,P38,-0.00411798767843663
attention_primary,regression,full,BiLSTM,20260908,validation,MLP_current_full,MLP_current,full,P41,0.003874030930289596
attention_primary,regression,full,BiLSTM,20260908,validation,MLP_current_full,MLP_current,full,P47,-0.005832360631378153
attention_primary,regression,full,BiLSTM,20260908,validation,MLP_current_full,MLP_current,full,P6,0.0069475486857953905
attention_primary,regression,full,BiLSTM,20260908,test,MLP_current_full,MLP_current,full,P10,0.004274599181908201
attention_primary,regression,full,BiLSTM,20260908,test,MLP_current_full,MLP_current,full,P11,0.0015334813157306115
attention_primary,regression,full,BiLSTM,20260908,test,MLP_current_full,MLP_current,full,P15,-0.004543962977548555
attention_primary,regression,full,BiLSTM,20260908,test,MLP_current_full,MLP_current,full,P16,0.00042349513161099583
attention_primary,regression,full,BiLSTM,20260908,test,MLP_current_full,MLP_current,full,P37,-0.01742155498893272
attention_primary,regression,full,BiLSTM,20260908,test,MLP_current_full,MLP_current,full,P39,0.007908815718718931
attention_primary,regression,full,BiLSTM,20260908,test,MLP_current_full,MLP_current,full,P45,-0.009809038550022242
attention_primary,regression,full,BiLSTM,20260908,test,MLP_current_full,MLP_current,full,P5,0.008917544912155129
arousal_primary_6s,classification,full,TCN,20260907,validation,MLP_current_full,MLP_current,full,P23,-0.05555555555555558
arousal_primary_6s,classification,full,TCN,20260907,validation,MLP_current_full,MLP_current,full,P28,-0.02453292218392883
arousal_primary_6s,classification,full,TCN,20260907,validation,MLP_current_full,MLP_current,full,P31,-0.04273504273504275
arousal_primary_6s,classification,full,TCN,20260907,validation,MLP_current_full,MLP_current,full,P32,0.023366979928065912
arousal_primary_6s,classification,full,TCN,20260907,validation,MLP_current_full,MLP_current,full,P38,-0.05390865173473869
arousal_primary_6s,classification,full,TCN,20260907,validation,MLP_current_full,MLP_current,full,P41,0.006075533661740573
arousal_primary_6s,classification,full,TCN,20260907,validation,MLP_current_full,MLP_current,full,P47,0.010365374155496654
arousal_primary_6s,classification,full,TCN,20260907,validation,MLP_current_full,MLP_current,full,P6,0.0020255653883972102
arousal_primary_6s,classification,full,TCN,20260907,test,MLP_current_full,MLP_current,full,P10,-0.024312820142846858
arousal_primary_6s,classification,full,TCN,20260907,test,MLP_current_full,MLP_current,full,P11,-0.010351966873705987
arousal_primary_6s,classification,full,TCN,20260907,test,MLP_current_full,MLP_current,full,P15,0.020652306194474834
arousal_primary_6s,classification,full,TCN,20260907,test,MLP_current_full,MLP_current,full,P16,0.004089979550102263
arousal_primary_6s,classification,full,TCN,20260907,test,MLP_current_full,MLP_current,full,P37,0.12047268262737876
arousal_primary_6s,classification,full,TCN,20260907,test,MLP_current_full,MLP_current,full,P39,-0.010416666666666685
arousal_primary_6s,classification,full,TCN,20260907,test,MLP_current_full,MLP_current,full,P45,0.018044796733321267
arousal_primary_6s,classification,full,TCN,20260907,test,MLP_current_full,MLP_current,full,P5,0.09188034188034183
arousal_primary_6s,classification,full,TCN,20260908,validation,MLP_current_full,MLP_current,full,P23,-0.01932367149758457
arousal_primary_6s,classification,full,TCN,20260908,validation,MLP_current_full,MLP_current,full,P28,-0.027072374387810627
arousal_primary_6s,classification,full,TCN,20260908,validation,MLP_current_full,MLP_current,full,P31,0.02735042735042742
arousal_primary_6s,classification,full,TCN,20260908,validation,MLP_current_full,MLP_current,full,P32,-0.019596240863209158
arousal_primary_6s,classification,full,TCN,20260908,validation,MLP_current_full,MLP_current,full,P38,-0.010540184453227963
arousal_primary_6s,classification,full,TCN,20260908,validation,MLP_current_full,MLP_current,full,P41,-0.008035030103995588
arousal_primary_6s,classification,full,TCN,20260908,validation,MLP_current_full,MLP_current,full,P47,-0.003343211867604834
arousal_primary_6s,classification,full,TCN,20260908,validation,MLP_current_full,MLP_current,full,P6,-0.04769583743035066
arousal_primary_6s,classification,full,TCN,20260908,test,MLP_current_full,MLP_current,full,P10,0.024192578698025602
arousal_primary_6s,classification,full,TCN,20260908,test,MLP_current_full,MLP_current,full,P11,-0.0248447204968944
arousal_primary_6s,classification,full,TCN,20260908,test,MLP_current_full,MLP_current,full,P15,-0.00023122794207131037
arousal_primary_6s,classification,full,TCN,20260908,test,MLP_current_full,MLP_current,full,P16,0.018404907975460127
arousal_primary_6s,classification,full,TCN,20260908,test,MLP_current_full,MLP_current,full,P37,-0.07780847145488032
arousal_primary_6s,classification,full,TCN,20260908,test,MLP_current_full,MLP_current,full,P39,0.0020833333333333814
arousal_primary_6s,classification,full,TCN,20260908,test,MLP_current_full,MLP_current,full,P45,0.012710422546488132
arousal_primary_6s,classification,full,TCN,20260908,test,MLP_current_full,MLP_current,full,P5,0.025641025641025605
arousal_primary_6s,classification,full,LSTM,20260907,validation,MLP_current_full,MLP_current,full,P23,0.048309178743961345
arousal_primary_6s,classification,full,LSTM,20260907,validation,MLP_current_full,MLP_current,full,P28,-0.10615817159441315
arousal_primary_6s,classification,full,LSTM,20260907,validation,MLP_current_full,MLP_current,full,P31,-0.013675213675213627
arousal_primary_6s,classification,full,LSTM,20260907,validation,MLP_current_full,MLP_current,full,P32,-0.025490196078431393
arousal_primary_6s,classification,full,LSTM,20260907,validation,MLP_current_full,MLP_current,full,P38,-0.011878620574272747
arousal_primary_6s,classification,full,LSTM,20260907,validation,MLP_current_full,MLP_current,full,P41,-0.0017952928297755855
arousal_primary_6s,classification,full,LSTM,20260907,validation,MLP_current_full,MLP_current,full,P47,0.00905601911014231
arousal_primary_6s,classification,full,LSTM,20260907,validation,MLP_current_full,MLP_current,full,P6,0.016663389052769484
arousal_primary_6s,classification,full,LSTM,20260907,test,MLP_current_full,MLP_current,full,P10,-0.04975590986701295
arousal_primary_6s,classification,full,LSTM,20260907,test,MLP_current_full,MLP_current,full,P11,-0.0020703933747412417
arousal_primary_6s,classification,full,LSTM,20260907,test,MLP_current_full,MLP_current,full,P15,0.02617743702081049
arousal_primary_6s,classification,full,LSTM,20260907,test,MLP_current_full,MLP_current,full,P16,0.038854805725971386
arousal_primary_6s,classification,full,LSTM,20260907,test,MLP_current_full,MLP_current,full,P37,0.057550644567219145
arousal_primary_6s,classification,full,LSTM,20260907,test,MLP_current_full,MLP_current,full,P39,-0.05625000000000002
arousal_primary_6s,classification,full,LSTM,20260907,test,MLP_current_full,MLP_current,full,P45,0.003582938009167591
arousal_primary_6s,classification,full,LSTM,20260907,test,MLP_current_full,MLP_current,full,P5,0.04273504273504275
arousal_primary_6s,classification,full,LSTM,20260908,validation,MLP_current_full,MLP_current,full,P23,0.028985507246376774
arousal_primary_6s,classification,full,LSTM,20260908,validation,MLP_current_full,MLP_current,full,P28,0.05405405405405406
arousal_primary_6s,classification,full,LSTM,20260908,validation,MLP_current_full,MLP_current,full,P31,-0.046153846153846156
arousal_primary_6s,classification,full,LSTM,20260908,validation,MLP_current_full,MLP_current,full,P32,0.052987585566771134
arousal_primary_6s,classification,full,LSTM,20260908,validation,MLP_current_full,MLP_current,full,P38,0.018434866260953253
arousal_primary_6s,classification,full,LSTM,20260908,validation,MLP_current_full,MLP_current,full,P41,-0.02458675424192658
arousal_primary_6s,classification,full,LSTM,20260908,validation,MLP_current_full,MLP_current,full,P47,0.0016895128336156806
arousal_primary_6s,classification,full,LSTM,20260908,validation,MLP_current_full,MLP_current,full,P6,-0.041304490331039
arousal_primary_6s,classification,full,LSTM,20260908,test,MLP_current_full,MLP_current,full,P10,0.027980184209893455
arousal_primary_6s,classification,full,LSTM,20260908,test,MLP_current_full,MLP_current,full,P11,-0.0165631469979296
arousal_primary_6s,classification,full,LSTM,20260908,test,MLP_current_full,MLP_current,full,P15,-0.009942801509066568
arousal_primary_6s,classification,full,LSTM,20260908,test,MLP_current_full,MLP_current,full,P16,-0.03271983640081799
arousal_primary_6s,classification,full,LSTM,20260908,test,MLP_current_full,MLP_current,full,P37,-0.047268262737876016
arousal_primary_6s,classification,full,LSTM,20260908,test,MLP_current_full,MLP_current,full,P39,-0.11458333333333331
arousal_primary_6s,classification,full,LSTM,20260908,test,MLP_current_full,MLP_current,full,P45,0.008997377849836896
arousal_primary_6s,classification,full,LSTM,20260908,test,MLP_current_full,MLP_current,full,P5,0.07264957264957261
arousal_primary_6s,classification,full,BiLSTM,20260907,validation,MLP_current_full,MLP_current,full,P23,0.012077294685990336
arousal_primary_6s,classification,full,BiLSTM,20260907,validation,MLP_current_full,MLP_current,full,P28,-0.11007316040873083
arousal_primary_6s,classification,full,BiLSTM,20260907,validation,MLP_current_full,MLP_current,full,P31,-0.01538461538461533
arousal_primary_6s,classification,full,BiLSTM,20260907,validation,MLP_current_full,MLP_current,full,P32,-0.1019839888618169
arousal_primary_6s,classification,full,BiLSTM,20260907,validation,MLP_current_full,MLP_current,full,P38,-0.014320220841959996
arousal_primary_6s,classification,full,BiLSTM,20260907,validation,MLP_current_full,MLP_current,full,P41,0.012906403940886657
arousal_primary_6s,classification,full,BiLSTM,20260907,validation,MLP_current_full,MLP_current,full,P47,0.029166922931487316
arousal_primary_6s,classification,full,BiLSTM,20260907,validation,MLP_current_full,MLP_current,full,P6,-0.013117010816125874
arousal_primary_6s,classification,full,BiLSTM,20260907,test,MLP_current_full,MLP_current,full,P10,-0.003859750378760518
arousal_primary_6s,classification,full,BiLSTM,20260907,test,MLP_current_full,MLP_current,full,P11,-0.0020703933747411862
arousal_primary_6s,classification,full,BiLSTM,20260907,test,MLP_current_full,MLP_current,full,P15,-0.008044298405744221
arousal_primary_6s,classification,full,BiLSTM,20260907,test,MLP_current_full,MLP_current,full,P16,0.018404907975460183
arousal_primary_6s,classification,full,BiLSTM,20260907,test,MLP_current_full,MLP_current,full,P37,0.09944751381215472
arousal_primary_6s,classification,full,BiLSTM,20260907,test,MLP_current_full,MLP_current,full,P39,0.0895833333333334
arousal_primary_6s,classification,full,BiLSTM,20260907,test,MLP_current_full,MLP_current,full,P45,0.014451850517424258
arousal_primary_6s,classification,full,BiLSTM,20260907,test,MLP_current_full,MLP_current,full,P5,0.04487179487179488
arousal_primary_6s,classification,full,BiLSTM,20260908,validation,MLP_current_full,MLP_current,full,P23,-0.014492753623188415
arousal_primary_6s,classification,full,BiLSTM,20260908,validation,MLP_current_full,MLP_current,full,P28,-0.0003627788862687886
arousal_primary_6s,classification,full,BiLSTM,20260908,validation,MLP_current_full,MLP_current,full,P31,-0.05470085470085467
arousal_primary_6s,classification,full,BiLSTM,20260908,validation,MLP_current_full,MLP_current,full,P32,0.02942336697992809
arousal_primary_6s,classification,full,BiLSTM,20260908,validation,MLP_current_full,MLP_current,full,P38,0.006530104356191391
arousal_primary_6s,classification,full,BiLSTM,20260908,validation,MLP_current_full,MLP_current,full,P41,0.06540777230432415
arousal_primary_6s,classification,full,BiLSTM,20260908,validation,MLP_current_full,MLP_current,full,P47,-0.01722884208037928
arousal_primary_6s,classification,full,BiLSTM,20260908,validation,MLP_current_full,MLP_current,full,P6,-0.027866273352999016
arousal_primary_6s,classification,full,BiLSTM,20260908,test,MLP_current_full,MLP_current,full,P10,-0.005747541062453482
arousal_primary_6s,classification,full,BiLSTM,20260908,test,MLP_current_full,MLP_current,full,P11,-0.01449275362318836
arousal_primary_6s,classification,full,BiLSTM,20260908,test,MLP_current_full,MLP_current,full,P15,0.05011561397103559
arousal_primary_6s,classification,full,BiLSTM,20260908,test,MLP_current_full,MLP_current,full,P16,0.08588957055214724
arousal_primary_6s,classification,full,BiLSTM,20260908,test,MLP_current_full,MLP_current,full,P37,0.013965623081645173
arousal_primary_6s,classification,full,BiLSTM,20260908,test,MLP_current_full,MLP_current,full,P39,-0.10416666666666669
arousal_primary_6s,classification,full,BiLSTM,20260908,test,MLP_current_full,MLP_current,full,P45,0.034538321423567386
arousal_primary_6s,classification,full,BiLSTM,20260908,test,MLP_current_full,MLP_current,full,P5,0.09829059829059822
arousal_primary_6s,regression,full,TCN,20260907,validation,MLP_current_full,MLP_current,full,P23,-0.0018063266514398713
arousal_primary_6s,regression,full,TCN,20260907,validation,MLP_current_full,MLP_current,full,P28,-0.0131673732897587
arousal_primary_6s,regression,full,TCN,20260907,validation,MLP_current_full,MLP_current,full,P31,-0.0079182709807607
arousal_primary_6s,regression,full,TCN,20260907,validation,MLP_current_full,MLP_current,full,P32,0.00799017799354873
arousal_primary_6s,regression,full,TCN,20260907,validation,MLP_current_full,MLP_current,full,P38,0.004722786950346336
arousal_primary_6s,regression,full,TCN,20260907,validation,MLP_current_full,MLP_current,full,P41,-0.00901877111078786
arousal_primary_6s,regression,full,TCN,20260907,validation,MLP_current_full,MLP_current,full,P47,-0.019897535657415033
arousal_primary_6s,regression,full,TCN,20260907,validation,MLP_current_full,MLP_current,full,P6,0.015277441293737648
arousal_primary_6s,regression,full,TCN,20260907,test,MLP_current_full,MLP_current,full,P10,-0.021735276274799098
arousal_primary_6s,regression,full,TCN,20260907,test,MLP_current_full,MLP_current,full,P11,0.003796574710100753
arousal_primary_6s,regression,full,TCN,20260907,test,MLP_current_full,MLP_current,full,P15,-0.0017841743981579228
arousal_primary_6s,regression,full,TCN,20260907,test,MLP_current_full,MLP_current,full,P16,-0.03950817576819665
arousal_primary_6s,regression,full,TCN,20260907,test,MLP_current_full,MLP_current,full,P37,0.0010290006423135933
arousal_primary_6s,regression,full,TCN,20260907,test,MLP_current_full,MLP_current,full,P39,-0.028912638175416117
arousal_primary_6s,regression,full,TCN,20260907,test,MLP_current_full,MLP_current,full,P45,0.01221290801721675
arousal_primary_6s,regression,full,TCN,20260907,test,MLP_current_full,MLP_current,full,P5,-0.008815815629319879
arousal_primary_6s,regression,full,TCN,20260908,validation,MLP_current_full,MLP_current,full,P23,-0.0007945685118752044
arousal_primary_6s,regression,full,TCN,20260908,validation,MLP_current_full,MLP_current,full,P28,0.008301483384549946
arousal_primary_6s,regression,full,TCN,20260908,validation,MLP_current_full,MLP_current,full,P31,-0.010987063330331504
arousal_primary_6s,regression,full,TCN,20260908,validation,MLP_current_full,MLP_current,full,P32,0.011895637363665834
arousal_primary_6s,regression,full,TCN,20260908,validation,MLP_current_full,MLP_current,full,P38,-0.0013740399981874152
arousal_primary_6s,regression,full,TCN,20260908,validation,MLP_current_full,MLP_current,full,P41,-0.005377992825774447
arousal_primary_6s,regression,full,TCN,20260908,validation,MLP_current_full,MLP_current,full,P47,-0.008892111383346557
arousal_primary_6s,regression,full,TCN,20260908,validation,MLP_current_full,MLP_current,full,P6,0.012549387321830308
arousal_primary_6s,regression,full,TCN,20260908,test,MLP_current_full,MLP_current,full,P10,0.00824104516900559
arousal_primary_6s,regression,full,TCN,20260908,test,MLP_current_full,MLP_current,full,P11,-0.011053899646152998
arousal_primary_6s,regression,full,TCN,20260908,test,MLP_current_full,MLP_current,full,P15,-0.0011855878604574155
arousal_primary_6s,regression,full,TCN,20260908,test,MLP_current_full,MLP_current,full,P16,0.008512696961441746
arousal_primary_6s,regression,full,TCN,20260908,test,MLP_current_full,MLP_current,full,P37,0.0012574561954132868
arousal_primary_6s,regression,full,TCN,20260908,test,MLP_current_full,MLP_current,full,P39,-0.007436855424717503
arousal_primary_6s,regression,full,TCN,20260908,test,MLP_current_full,MLP_current,full,P45,-0.010949985764656112
arousal_primary_6s,regression,full,TCN,20260908,test,MLP_current_full,MLP_current,full,P5,-0.0049576087260567725
arousal_primary_6s,regression,full,LSTM,20260907,validation,MLP_current_full,MLP_current,full,P23,-0.010939878138754522
arousal_primary_6s,regression,full,LSTM,20260907,validation,MLP_current_full,MLP_current,full,P28,0.011099690993081723
arousal_primary_6s,regression,full,LSTM,20260907,validation,MLP_current_full,MLP_current,full,P31,-0.005758548380806361
arousal_primary_6s,regression,full,LSTM,20260907,validation,MLP_current_full,MLP_current,full,P32,0.003991807905111
arousal_primary_6s,regression,full,LSTM,20260907,validation,MLP_current_full,MLP_current,full,P38,-0.00929265840664173
arousal_primary_6s,regression,full,LSTM,20260907,validation,MLP_current_full,MLP_current,full,P41,-0.02722116661269447
arousal_primary_6s,regression,full,LSTM,20260907,validation,MLP_current_full,MLP_current,full,P47,-0.0025669912272384687
arousal_primary_6s,regression,full,LSTM,20260907,validation,MLP_current_full,MLP_current,full,P6,-0.02549338260928491
arousal_primary_6s,regression,full,LSTM,20260907,test,MLP_current_full,MLP_current,full,P10,-0.01579797193066068
arousal_primary_6s,regression,full,LSTM,20260907,test,MLP_current_full,MLP_current,full,P11,-0.014686451510268927
arousal_primary_6s,regression,full,LSTM,20260907,test,MLP_current_full,MLP_current,full,P15,0.00343789986839127
arousal_primary_6s,regression,full,LSTM,20260907,test,MLP_current_full,MLP_current,full,P16,-0.04488351469600005
arousal_primary_6s,regression,full,LSTM,20260907,test,MLP_current_full,MLP_current,full,P37,0.015667137197959424
arousal_primary_6s,regression,full,LSTM,20260907,test,MLP_current_full,MLP_current,full,P39,-0.021493501790306624
arousal_primary_6s,regression,full,LSTM,20260907,test,MLP_current_full,MLP_current,full,P45,0.0001323358729843349
arousal_primary_6s,regression,full,LSTM,20260907,test,MLP_current_full,MLP_current,full,P5,0.00019880914562642182
arousal_primary_6s,regression,full,LSTM,20260908,validation,MLP_current_full,MLP_current,full,P23,-0.015012129951164854
arousal_primary_6s,regression,full,LSTM,20260908,validation,MLP_current_full,MLP_current,full,P28,-0.013501593111140964
arousal_primary_6s,regression,full,LSTM,20260908,validation,MLP_current_full,MLP_current,full,P31,-0.007543724986264877
arousal_primary_6s,regression,full,LSTM,20260908,validation,MLP_current_full,MLP_current,full,P32,0.0009592611327958744
arousal_primary_6s,regression,full,LSTM,20260908,validation,MLP_current_full,MLP_current,full,P38,-0.006794714900522969
arousal_primary_6s,regression,full,LSTM,20260908,validation,MLP_current_full,MLP_current,full,P41,0.006392997820787283
arousal_primary_6s,regression,full,LSTM,20260908,validation,MLP_current_full,MLP_current,full,P47,0.0029553535357849103
arousal_primary_6s,regression,full,LSTM,20260908,validation,MLP_current_full,MLP_current,full,P6,-0.004554944401741867
arousal_primary_6s,regression,full,LSTM,20260908,test,MLP_current_full,MLP_current,full,P10,-0.002487985366004919
arousal_primary_6s,regression,full,LSTM,20260908,test,MLP_current_full,MLP_current,full,P11,0.019434608906854556
arousal_primary_6s,regression,full,LSTM,20260908,test,MLP_current_full,MLP_current,full,P15,-0.008133297916721682
arousal_primary_6s,regression,full,LSTM,20260908,test,MLP_current_full,MLP_current,full,P16,0.017216474747310473
arousal_primary_6s,regression,full,LSTM,20260908,test,MLP_current_full,MLP_current,full,P37,0.00887007896524239
arousal_primary_6s,regression,full,LSTM,20260908,test,MLP_current_full,MLP_current,full,P39,0.002309798786732875
arousal_primary_6s,regression,full,LSTM,20260908,test,MLP_current_full,MLP_current,full,P45,-0.007970600351692392
arousal_primary_6s,regression,full,LSTM,20260908,test,MLP_current_full,MLP_current,full,P5,0.0022506472231500485
arousal_primary_6s,regression,full,BiLSTM,20260907,validation,MLP_current_full,MLP_current,full,P23,0.007559803128140641
arousal_primary_6s,regression,full,BiLSTM,20260907,validation,MLP_current_full,MLP_current,full,P28,0.024397922279389306
arousal_primary_6s,regression,full,BiLSTM,20260907,validation,MLP_current_full,MLP_current,full,P31,-0.0002745233271276293
arousal_primary_6s,regression,full,BiLSTM,20260907,validation,MLP_current_full,MLP_current,full,P32,0.00620353399624296
arousal_primary_6s,regression,full,BiLSTM,20260907,validation,MLP_current_full,MLP_current,full,P38,-0.01889874477846587
arousal_primary_6s,regression,full,BiLSTM,20260907,validation,MLP_current_full,MLP_current,full,P41,-0.014498871999303331
arousal_primary_6s,regression,full,BiLSTM,20260907,validation,MLP_current_full,MLP_current,full,P47,-0.001855216611130639
arousal_primary_6s,regression,full,BiLSTM,20260907,validation,MLP_current_full,MLP_current,full,P6,0.015449802363208254
arousal_primary_6s,regression,full,BiLSTM,20260907,test,MLP_current_full,MLP_current,full,P10,-0.0012504124397078042
arousal_primary_6s,regression,full,BiLSTM,20260907,test,MLP_current_full,MLP_current,full,P11,0.0038039044527377053
arousal_primary_6s,regression,full,BiLSTM,20260907,test,MLP_current_full,MLP_current,full,P15,-0.0174999665377622
arousal_primary_6s,regression,full,BiLSTM,20260907,test,MLP_current_full,MLP_current,full,P16,-0.06685243887237702
arousal_primary_6s,regression,full,BiLSTM,20260907,test,MLP_current_full,MLP_current,full,P37,0.02590146655954495
arousal_primary_6s,regression,full,BiLSTM,20260907,test,MLP_current_full,MLP_current,full,P39,0.013779262133377546
arousal_primary_6s,regression,full,BiLSTM,20260907,test,MLP_current_full,MLP_current,full,P45,0.022719432807555173
arousal_primary_6s,regression,full,BiLSTM,20260907,test,MLP_current_full,MLP_current,full,P5,-0.013427660496922567
arousal_primary_6s,regression,full,BiLSTM,20260908,validation,MLP_current_full,MLP_current,full,P23,0.00508800307498436
arousal_primary_6s,regression,full,BiLSTM,20260908,validation,MLP_current_full,MLP_current,full,P28,0.014494525986839646
arousal_primary_6s,regression,full,BiLSTM,20260908,validation,MLP_current_full,MLP_current,full,P31,-0.008334115494807115
arousal_primary_6s,regression,full,BiLSTM,20260908,validation,MLP_current_full,MLP_current,full,P32,0.013596289864338251
arousal_primary_6s,regression,full,BiLSTM,20260908,validation,MLP_current_full,MLP_current,full,P38,-0.020924342289636577
arousal_primary_6s,regression,full,BiLSTM,20260908,validation,MLP_current_full,MLP_current,full,P41,-0.009427900285438717
arousal_primary_6s,regression,full,BiLSTM,20260908,validation,MLP_current_full,MLP_current,full,P47,0.0020905526093479843
arousal_primary_6s,regression,full,BiLSTM,20260908,validation,MLP_current_full,MLP_current,full,P6,-0.011980300868439153
arousal_primary_6s,regression,full,BiLSTM,20260908,test,MLP_current_full,MLP_current,full,P10,0.006395538975916937
arousal_primary_6s,regression,full,BiLSTM,20260908,test,MLP_current_full,MLP_current,full,P11,0.008681711423874638
arousal_primary_6s,regression,full,BiLSTM,20260908,test,MLP_current_full,MLP_current,full,P15,-0.001392481647074284
arousal_primary_6s,regression,full,BiLSTM,20260908,test,MLP_current_full,MLP_current,full,P16,-0.042478011333586974
arousal_primary_6s,regression,full,BiLSTM,20260908,test,MLP_current_full,MLP_current,full,P37,0.007640454538727748
arousal_primary_6s,regression,full,BiLSTM,20260908,test,MLP_current_full,MLP_current,full,P39,-0.00871529729653231
arousal_primary_6s,regression,full,BiLSTM,20260908,test,MLP_current_full,MLP_current,full,P45,-0.006218060525302382
arousal_primary_6s,regression,full,BiLSTM,20260908,test,MLP_current_full,MLP_current,full,P5,-0.0025162202560473634
