task,kind,subset,architecture,seed,split,feature,participant,temporal_importance,baseline_importance,differential_importance
arousal_primary_6s,classification,Pupil_no_quality,BiLSTM,20260907,validation,pupil_mean_z,P23,0.019806763285024186,0.026086956521739136,-0.00628019323671495
arousal_primary_6s,classification,Pupil_no_quality,BiLSTM,20260907,validation,pupil_mean_z,P28,-0.00042626519136589324,-0.013670717697563306,0.013244452506197412
arousal_primary_6s,classification,Pupil_no_quality,BiLSTM,20260907,validation,pupil_mean_z,P31,-0.015384615384615375,0.0006837606837606814,-0.016068376068376057
arousal_primary_6s,classification,Pupil_no_quality,BiLSTM,20260907,validation,pupil_mean_z,P32,-0.011263487643578119,-0.0002830954867154234,-0.010980392156862695
arousal_primary_6s,classification,Pupil_no_quality,BiLSTM,20260907,validation,pupil_mean_z,P38,0.025575632097371227,0.015123282514586856,0.01045234958278437
arousal_primary_6s,classification,Pupil_no_quality,BiLSTM,20260907,validation,pupil_mean_z,P41,0.003726327312534139,0.011323481116584544,-0.007597153804050405
arousal_primary_6s,classification,Pupil_no_quality,BiLSTM,20260907,validation,pupil_mean_z,P47,0.012218289031789764,-0.02048441770684877,0.03270270673863853
arousal_primary_6s,classification,Pupil_no_quality,BiLSTM,20260907,validation,pupil_mean_z,P6,0.009490658800393282,-0.01339101933792195,0.02288167813831523
arousal_primary_6s,classification,Pupil_no_quality,BiLSTM,20260907,validation,pupil_std_z,P23,0.10241545893719813,-0.017874396135265667,0.12028985507246379
arousal_primary_6s,classification,Pupil_no_quality,BiLSTM,20260907,validation,pupil_std_z,P28,0.03064574641755846,-0.0034615152064816357,0.0341072616240401
arousal_primary_6s,classification,Pupil_no_quality,BiLSTM,20260907,validation,pupil_std_z,P31,-0.028376068376068375,-0.0013675213675213849,-0.02700854700854699
arousal_primary_6s,classification,Pupil_no_quality,BiLSTM,20260907,validation,pupil_std_z,P32,-0.012084928646014625,0.023037475345167657,-0.035122403991182286
arousal_primary_6s,classification,Pupil_no_quality,BiLSTM,20260907,validation,pupil_std_z,P38,0.023035740427044794,0.0036995210908254083,0.019336219336219387
arousal_primary_6s,classification,Pupil_no_quality,BiLSTM,20260907,validation,pupil_std_z,P41,0.05058565955117671,0.040818828680897624,0.009766830870279082
arousal_primary_6s,classification,Pupil_no_quality,BiLSTM,20260907,validation,pupil_std_z,P47,0.010941685263266887,0.0027201656495800196,0.008221519613686867
arousal_primary_6s,classification,Pupil_no_quality,BiLSTM,20260907,validation,pupil_std_z,P6,0.05393903638151422,0.03161717469682076,0.02232186168469346
arousal_primary_6s,classification,Pupil_no_quality,BiLSTM,20260907,validation,pupil_min_z,P23,0.012077294685990381,-0.018357487922705286,0.030434782608695667
arousal_primary_6s,classification,Pupil_no_quality,BiLSTM,20260907,validation,pupil_min_z,P28,0.0022764375113368263,0.009275046858939484,-0.006998609347602658
arousal_primary_6s,classification,Pupil_no_quality,BiLSTM,20260907,validation,pupil_min_z,P31,-0.003076923076923088,0.006837606837606825,-0.009914529914529912
arousal_primary_6s,classification,Pupil_no_quality,BiLSTM,20260907,validation,pupil_min_z,P32,-0.020860888734191896,0.022162663882120858,-0.04302355261631276
arousal_primary_6s,classification,Pupil_no_quality,BiLSTM,20260907,validation,pupil_min_z,P38,-0.010616517138256242,-0.02078444904531861,0.010167931907062368
arousal_primary_6s,classification,Pupil_no_quality,BiLSTM,20260907,validation,pupil_min_z,P41,0.038147783251231485,0.00797810618500272,0.030169677066228764
arousal_primary_6s,classification,Pupil_no_quality,BiLSTM,20260907,validation,pupil_min_z,P47,0.008080909321231067,-0.012106329779035196,0.020187239100266263
arousal_primary_6s,classification,Pupil_no_quality,BiLSTM,20260907,validation,pupil_min_z,P6,-0.016869223205506455,0.0029196984595214913,-0.019788921665027947
arousal_primary_6s,classification,Pupil_no_quality,BiLSTM,20260907,validation,pupil_max_z,P23,0.015458937198067657,0.004347826086956541,0.011111111111111117
arousal_primary_6s,classification,Pupil_no_quality,BiLSTM,20260907,validation,pupil_max_z,P28,0.029681359211560555,0.03492956043291614,-0.005248201221355584
arousal_primary_6s,classification,Pupil_no_quality,BiLSTM,20260907,validation,pupil_max_z,P31,-0.003076923076923077,0.024273504273504266,-0.027350427350427343
arousal_primary_6s,classification,Pupil_no_quality,BiLSTM,20260907,validation,pupil_max_z,P32,0.009537069265576053,0.028058939552152183,-0.01852187028657613
arousal_primary_6s,classification,Pupil_no_quality,BiLSTM,20260907,validation,pupil_max_z,P38,0.03270280444193491,0.008627684714641249,0.02407511972729366
arousal_primary_6s,classification,Pupil_no_quality,BiLSTM,20260907,validation,pupil_max_z,P41,0.026712643678160876,0.04311548987411051,-0.016402846195949637
arousal_primary_6s,classification,Pupil_no_quality,BiLSTM,20260907,validation,pupil_max_z,P47,0.01598029456407265,-0.008349373612848043,0.024329668176920692
arousal_primary_6s,classification,Pupil_no_quality,BiLSTM,20260907,validation,pupil_max_z,P6,0.01692690921009502,0.006066207800721079,0.010860701409373941
arousal_primary_6s,classification,Pupil_no_quality,BiLSTM,20260907,validation,pupil_slope_z_s,P23,-0.006763285024154531,-0.011111111111111127,0.004347826086956596
arousal_primary_6s,classification,Pupil_no_quality,BiLSTM,20260907,validation,pupil_slope_z_s,P28,0.018002902231090134,0.008014390229155321,0.009988512001934813
arousal_primary_6s,classification,Pupil_no_quality,BiLSTM,20260907,validation,pupil_slope_z_s,P31,-0.008547008547008562,0.0041025641025640765,-0.012649572649572638
arousal_primary_6s,classification,Pupil_no_quality,BiLSTM,20260907,validation,pupil_slope_z_s,P32,0.004761573268360608,-0.009799280659009191,0.0145608539273698
arousal_primary_6s,classification,Pupil_no_quality,BiLSTM,20260907,validation,pupil_slope_z_s,P38,0.0076761402848359635,-0.011943451073885858,0.019619591358721822
arousal_primary_6s,classification,Pupil_no_quality,BiLSTM,20260907,validation,pupil_slope_z_s,P41,0.014498084291187674,0.002649151614668832,0.011848932676518842
arousal_primary_6s,classification,Pupil_no_quality,BiLSTM,20260907,validation,pupil_slope_z_s,P47,0.003946693373890276,-0.018248991202460384,0.022195684576350662
arousal_primary_6s,classification,Pupil_no_quality,BiLSTM,20260907,validation,pupil_slope_z_s,P6,0.010075385119632884,0.007708947885939055,0.00236643723369383
arousal_primary_6s,classification,Pupil_no_quality,BiLSTM,20260907,validation,modalidad:Pupil,P23,0.07826086956521744,0.03961352657004832,0.03864734299516912
arousal_primary_6s,classification,Pupil_no_quality,BiLSTM,20260907,validation,modalidad:Pupil,P28,0.03741459580385753,0.02835419311929379,0.009060402684563741
arousal_primary_6s,classification,Pupil_no_quality,BiLSTM,20260907,validation,modalidad:Pupil,P31,-0.03213675213675217,0.016068376068376033,-0.048205128205128206
arousal_primary_6s,classification,Pupil_no_quality,BiLSTM,20260907,validation,modalidad:Pupil,P32,-0.016447383687202687,-0.022473604826546034,0.006026221139343348
arousal_primary_6s,classification,Pupil_no_quality,BiLSTM,20260907,validation,modalidad:Pupil,P38,0.01774159817638078,0.051485873225003656,-0.033744275048622874
arousal_primary_6s,classification,Pupil_no_quality,BiLSTM,20260907,validation,modalidad:Pupil,P41,0.08145593869731795,0.017184455391351917,0.06427148330596602
arousal_primary_6s,classification,Pupil_no_quality,BiLSTM,20260907,validation,modalidad:Pupil,P47,0.034615429394802485,-0.005923007670733793,0.04053843706553628
arousal_primary_6s,classification,Pupil_no_quality,BiLSTM,20260907,validation,modalidad:Pupil,P6,0.05781055391674855,-0.01771878072763028,0.07552933464437883
arousal_primary_6s,classification,Pupil_no_quality,BiLSTM,20260907,test,pupil_mean_z,P10,-0.0031310872231440634,-0.0018300747901786707,-0.0013010124329653928
arousal_primary_6s,classification,Pupil_no_quality,BiLSTM,20260907,test,pupil_mean_z,P11,-0.00331262939958592,-0.009937888198757749,0.006625258799171829
arousal_primary_6s,classification,Pupil_no_quality,BiLSTM,20260907,test,pupil_mean_z,P15,0.01683826213946696,-0.005904831447000131,0.02274309358646709
arousal_primary_6s,classification,Pupil_no_quality,BiLSTM,20260907,test,pupil_mean_z,P16,0.015132924335378283,0.02576687116564417,-0.010633946830265886
arousal_primary_6s,classification,Pupil_no_quality,BiLSTM,20260907,test,pupil_mean_z,P37,-0.11810926949048499,0.08434622467771638,-0.20245549416820136
arousal_primary_6s,classification,Pupil_no_quality,BiLSTM,20260907,test,pupil_mean_z,P39,0.012083333333333302,-0.01499999999999998,0.027083333333333282
arousal_primary_6s,classification,Pupil_no_quality,BiLSTM,20260907,test,pupil_mean_z,P45,-0.017446305970896126,-0.02281070477791789,0.005364398807021765
arousal_primary_6s,classification,Pupil_no_quality,BiLSTM,20260907,test,pupil_mean_z,P5,-0.0038461538461538325,-0.018376068376068377,0.014529914529914544
arousal_primary_6s,classification,Pupil_no_quality,BiLSTM,20260907,test,pupil_std_z,P10,-0.03398985162205707,-0.0388572253084193,0.004867373686362232
arousal_primary_6s,classification,Pupil_no_quality,BiLSTM,20260907,test,pupil_std_z,P11,-0.0178053830227743,-0.008695652173912983,-0.009109730848861318
arousal_primary_6s,classification,Pupil_no_quality,BiLSTM,20260907,test,pupil_std_z,P15,-0.013769015455762446,-0.03908969210174033,0.025320676645977883
arousal_primary_6s,classification,Pupil_no_quality,BiLSTM,20260907,test,pupil_std_z,P16,0.021676891615541892,0.03394683026584868,-0.012269938650306789
arousal_primary_6s,classification,Pupil_no_quality,BiLSTM,20260907,test,pupil_std_z,P37,0.04999999999999997,-0.08459177409453654,0.13459177409453651
arousal_primary_6s,classification,Pupil_no_quality,BiLSTM,20260907,test,pupil_std_z,P39,-0.014166666666666694,-0.02124999999999998,0.007083333333333287
arousal_primary_6s,classification,Pupil_no_quality,BiLSTM,20260907,test,pupil_std_z,P45,0.05861606517344224,-0.0245901639344262,0.08320622910786844
arousal_primary_6s,classification,Pupil_no_quality,BiLSTM,20260907,test,pupil_std_z,P5,0.049572649572649605,0.00982905982905984,0.03974358974358977
arousal_primary_6s,classification,Pupil_no_quality,BiLSTM,20260907,test,pupil_min_z,P10,-0.010290262847798359,-0.022559699877353696,0.012269437029555337
arousal_primary_6s,classification,Pupil_no_quality,BiLSTM,20260907,test,pupil_min_z,P11,0.002898550724637694,-0.003312629399585898,0.006211180124223592
arousal_primary_6s,classification,Pupil_no_quality,BiLSTM,20260907,test,pupil_min_z,P15,-0.014460265303638786,-0.04341487160764272,0.028954606304003934
arousal_primary_6s,classification,Pupil_no_quality,BiLSTM,20260907,test,pupil_min_z,P16,0.01717791411042937,0.047443762781186075,-0.030265848670756705
arousal_primary_6s,classification,Pupil_no_quality,BiLSTM,20260907,test,pupil_min_z,P37,0.06461019030079804,0.056230816451810925,0.008379373848987112
arousal_primary_6s,classification,Pupil_no_quality,BiLSTM,20260907,test,pupil_min_z,P39,-0.03416666666666668,-0.005833333333333324,-0.028333333333333356
arousal_primary_6s,classification,Pupil_no_quality,BiLSTM,20260907,test,pupil_min_z,P45,-0.04308532997057586,-0.03342941211793669,-0.009655917852639175
arousal_primary_6s,classification,Pupil_no_quality,BiLSTM,20260907,test,pupil_min_z,P5,0.013675213675213727,0.002136752136752129,0.011538461538461598
arousal_primary_6s,classification,Pupil_no_quality,BiLSTM,20260907,test,pupil_max_z,P10,0.0068465478681192125,-0.028134093259264588,0.0349806411273838
arousal_primary_6s,classification,Pupil_no_quality,BiLSTM,20260907,test,pupil_max_z,P11,-0.02194616977225672,-0.02939958592132501,0.007453416149068293
arousal_primary_6s,classification,Pupil_no_quality,BiLSTM,20260907,test,pupil_max_z,P15,0.007910429597176583,-0.03831081903371063,0.04622124863088721
arousal_primary_6s,classification,Pupil_no_quality,BiLSTM,20260907,test,pupil_max_z,P16,0.01554192229038851,0.005725971370143157,0.009815950920245353
arousal_primary_6s,classification,Pupil_no_quality,BiLSTM,20260907,test,pupil_max_z,P37,-0.1483118477593616,-0.024401473296500942,-0.12391037446286066
arousal_primary_6s,classification,Pupil_no_quality,BiLSTM,20260907,test,pupil_max_z,P39,-0.007083333333333363,-0.017916666666666647,0.010833333333333283
arousal_primary_6s,classification,Pupil_no_quality,BiLSTM,20260907,test,pupil_max_z,P45,-0.03573129966572587,-0.015104385596188818,-0.020626914069537053
arousal_primary_6s,classification,Pupil_no_quality,BiLSTM,20260907,test,pupil_max_z,P5,-0.02264957264957257,0.007264957264957262,-0.02991452991452983
arousal_primary_6s,classification,Pupil_no_quality,BiLSTM,20260907,test,pupil_slope_z_s,P10,-0.004412861024938053,-0.0047976336483658896,0.0003847726234278365
arousal_primary_6s,classification,Pupil_no_quality,BiLSTM,20260907,test,pupil_slope_z_s,P11,-0.0024844720496894346,-0.0024844720496894233,-1.1275702593849246e-17
arousal_primary_6s,classification,Pupil_no_quality,BiLSTM,20260907,test,pupil_slope_z_s,P15,-0.0035487404162103053,-0.007294633077765622,0.003745892661555317
arousal_primary_6s,classification,Pupil_no_quality,BiLSTM,20260907,test,pupil_slope_z_s,P16,0.008588957055214674,0.002862985685071584,0.0057259713701430905
arousal_primary_6s,classification,Pupil_no_quality,BiLSTM,20260907,test,pupil_slope_z_s,P37,0.03406998158379371,0.06519337016574586,-0.031123388581952155
arousal_primary_6s,classification,Pupil_no_quality,BiLSTM,20260907,test,pupil_slope_z_s,P39,-0.016666666666666698,-0.021666666666666688,0.0049999999999999906
arousal_primary_6s,classification,Pupil_no_quality,BiLSTM,20260907,test,pupil_slope_z_s,P45,0.007265958085630209,-0.007666286354810948,0.014932244440441157
arousal_primary_6s,classification,Pupil_no_quality,BiLSTM,20260907,test,pupil_slope_z_s,P5,0.004700854700854728,-0.0017094017094017144,0.006410256410256443
arousal_primary_6s,classification,Pupil_no_quality,BiLSTM,20260907,test,modalidad:Pupil,P10,-0.02223745280523291,0.002024865930789055,-0.024262318736021964
arousal_primary_6s,classification,Pupil_no_quality,BiLSTM,20260907,test,modalidad:Pupil,P11,-0.0260869565217391,-0.0178053830227743,-0.0082815734989648
arousal_primary_6s,classification,Pupil_no_quality,BiLSTM,20260907,test,modalidad:Pupil,P15,0.01854204697578194,-0.03188268224412803,0.050424729219909974
arousal_primary_6s,classification,Pupil_no_quality,BiLSTM,20260907,test,modalidad:Pupil,P16,0.027402862985685027,0.008179959100204503,0.019222903885480522
arousal_primary_6s,classification,Pupil_no_quality,BiLSTM,20260907,test,modalidad:Pupil,P37,0.04966236955187231,0.1279619398403929,-0.07829957028852058
arousal_primary_6s,classification,Pupil_no_quality,BiLSTM,20260907,test,modalidad:Pupil,P39,-0.09083333333333335,-0.0054166666666666365,-0.08541666666666671
arousal_primary_6s,classification,Pupil_no_quality,BiLSTM,20260907,test,modalidad:Pupil,P45,0.01620528833643591,-0.014631998238555577,0.030837286574991483
arousal_primary_6s,classification,Pupil_no_quality,BiLSTM,20260907,test,modalidad:Pupil,P5,0.0692307692307693,0.01239316239316235,0.056837606837606955
arousal_primary_6s,classification,full,LSTM,20260907,validation,eeg_rms_uv,P23,0.004830917874396168,0.00531400966183575,-0.000483091787439582
arousal_primary_6s,classification,full,LSTM,20260907,validation,eeg_rms_uv,P28,0.004057077211439641,-0.0031803615696233576,0.007237438781062999
arousal_primary_6s,classification,full,LSTM,20260907,validation,eeg_rms_uv,P31,-0.0003418803418803407,-0.004444444444444362,0.004102564102564021
arousal_primary_6s,classification,full,LSTM,20260907,validation,eeg_rms_uv,P32,0.0,-0.00039215686274509667,0.00039215686274509667
arousal_primary_6s,classification,full,LSTM,20260907,validation,eeg_rms_uv,P38,-0.01003199698851871,-0.002897505071418116,-0.007134491917100593
arousal_primary_6s,classification,full,LSTM,20260907,validation,eeg_rms_uv,P41,-0.002298850574712663,-0.006896551724137945,0.004597701149425282
arousal_primary_6s,classification,full,LSTM,20260907,validation,eeg_rms_uv,P47,-0.00047889251076492777,0.0020739227196417964,-0.002552815230406724
arousal_primary_6s,classification,full,LSTM,20260907,validation,eeg_rms_uv,P6,-0.00060570304818095,0.0038203867584398533,-0.004426089806620803
arousal_primary_6s,classification,full,LSTM,20260907,validation,eeg_std_uv,P23,0.0024154589371980562,0.007729468599033807,-0.005314009661835751
arousal_primary_6s,classification,full,LSTM,20260907,validation,eeg_std_uv,P28,-0.007648588185500904,0.0026815406010036735,-0.010330128786504578
arousal_primary_6s,classification,full,LSTM,20260907,validation,eeg_std_uv,P31,0.001025641025641022,0.001367521367521407,-0.00034188034188038503
arousal_primary_6s,classification,full,LSTM,20260907,validation,eeg_std_uv,P32,0.00117647058823529,0.00039215686274509667,0.0007843137254901932
arousal_primary_6s,classification,full,LSTM,20260907,validation,eeg_std_uv,P38,0.005535688144383821,0.008727021770500021,-0.0031913336261162
arousal_primary_6s,classification,full,LSTM,20260907,validation,eeg_std_uv,P41,0.0,-0.0026666666666666284,0.0026666666666666284
arousal_primary_6s,classification,full,LSTM,20260907,validation,eeg_std_uv,P47,0.0005312084993359889,-0.0014155562490524188,0.0019467647483884078
arousal_primary_6s,classification,full,LSTM,20260907,validation,eeg_std_uv,P6,0.0008849557522123686,-1.44215011471438e-05,0.0008993772533595123
arousal_primary_6s,classification,full,LSTM,20260907,validation,eeg_peak_to_peak_uv,P23,0.004347826086956519,0.0072463768115942125,-0.0028985507246376933
arousal_primary_6s,classification,full,LSTM,20260907,validation,eeg_peak_to_peak_uv,P28,0.012567265251829041,0.006684200979502985,0.005883064272326056
arousal_primary_6s,classification,full,LSTM,20260907,validation,eeg_peak_to_peak_uv,P31,0.0003418803418803407,-0.002051282051282044,0.0023931623931623845
arousal_primary_6s,classification,full,LSTM,20260907,validation,eeg_peak_to_peak_uv,P32,0.0019607843137254832,-0.0027450980392156763,0.00470588235294116
arousal_primary_6s,classification,full,LSTM,20260907,validation,eeg_peak_to_peak_uv,P38,0.014804358282619168,0.0031568270698705938,0.011647531212748575
arousal_primary_6s,classification,full,LSTM,20260907,validation,eeg_peak_to_peak_uv,P41,-0.0019157088122605526,-0.006896551724137901,0.004980842911877348
arousal_primary_6s,classification,full,LSTM,20260907,validation,eeg_peak_to_peak_uv,P47,-0.0008329682350579181,-0.00026560424966795006,-0.0005673639853899681
arousal_primary_6s,classification,full,LSTM,20260907,validation,eeg_peak_to_peak_uv,P6,-0.004431333988856178,-0.0009019993444772223,-0.003529334644378956
arousal_primary_6s,classification,full,LSTM,20260907,validation,eeg_delta_relative,P23,0.0009661835748792091,0.005314009661835739,-0.00434782608695653
arousal_primary_6s,classification,full,LSTM,20260907,validation,eeg_delta_relative,P28,0.0008767156418163169,-0.0031894310417800776,0.004066146683596394
arousal_primary_6s,classification,full,LSTM,20260907,validation,eeg_delta_relative,P31,-0.003076923076923055,-0.00615384615384611,0.003076923076923055
arousal_primary_6s,classification,full,LSTM,20260907,validation,eeg_delta_relative,P32,0.005158371040723963,0.008270100939784208,-0.0031117298990602444
arousal_primary_6s,classification,full,LSTM,20260907,validation,eeg_delta_relative,P38,0.0018570801179496944,-0.004523495827843671,0.006380575945793365
arousal_primary_6s,classification,full,LSTM,20260907,validation,eeg_delta_relative,P41,0.009946360153256683,0.008407224958949133,0.0015391351943075497
arousal_primary_6s,classification,full,LSTM,20260907,validation,eeg_delta_relative,P47,0.016511768819519056,-0.0019110774992906366,0.018422846318809694
arousal_primary_6s,classification,full,LSTM,20260907,validation,eeg_delta_relative,P6,-0.0038426745329400826,-0.0006201245493280716,-0.003222549983612011
arousal_primary_6s,classification,full,LSTM,20260907,validation,eeg_theta_relative,P23,0.004347826086956519,-0.0106280193236715,0.01497584541062802
arousal_primary_6s,classification,full,LSTM,20260907,validation,eeg_theta_relative,P28,-0.0014148376564483978,-0.004976117056653984,0.003561279400205586
arousal_primary_6s,classification,full,LSTM,20260907,validation,eeg_theta_relative,P31,-0.0075213675213674945,-0.014017094017093968,0.006495726495726473
arousal_primary_6s,classification,full,LSTM,20260907,validation,eeg_theta_relative,P32,0.007875623622229933,0.020828402366863896,-0.012952778744633964
arousal_primary_6s,classification,full,LSTM,20260907,validation,eeg_theta_relative,P38,0.009018759018759048,-0.0002865089821611377,0.009305268000920186
arousal_primary_6s,classification,full,LSTM,20260907,validation,eeg_theta_relative,P41,0.013779967159277474,0.010261631089217316,0.0035183360700601577
arousal_primary_6s,classification,full,LSTM,20260907,validation,eeg_theta_relative,P47,0.007923847460042354,0.0009662132867425566,0.006957634173299798
arousal_primary_6s,classification,full,LSTM,20260907,validation,eeg_theta_relative,P6,-0.0038282530317929274,0.00028580793182563234,-0.00411406096361856
arousal_primary_6s,classification,full,LSTM,20260907,validation,eeg_alpha_relative,P23,0.010144927536231873,0.004347826086956519,0.005797101449275354
arousal_primary_6s,classification,full,LSTM,20260907,validation,eeg_alpha_relative,P28,-0.012147046375234272,0.005369127516778505,-0.01751617389201278
arousal_primary_6s,classification,full,LSTM,20260907,validation,eeg_alpha_relative,P31,0.0013675213675213738,-0.007863247863247814,0.009230769230769188
arousal_primary_6s,classification,full,LSTM,20260907,validation,eeg_alpha_relative,P32,-0.00628611207796731,-0.0039563754495881565,-0.002329736628379153
arousal_primary_6s,classification,full,LSTM,20260907,validation,eeg_alpha_relative,P38,-0.003423468640859917,-0.0002478198130371978,-0.0031756488278227193
arousal_primary_6s,classification,full,LSTM,20260907,validation,eeg_alpha_relative,P41,0.004212370005473465,0.003518336070060224,0.0006940339354132405
arousal_primary_6s,classification,full,LSTM,20260907,validation,eeg_alpha_relative,P47,0.02026029672049373,0.0010938015297934588,0.019166495190700274
arousal_primary_6s,classification,full,LSTM,20260907,validation,eeg_alpha_relative,P6,0.0026588003933136093,0.011282858079318281,-0.00862405768600467
arousal_primary_6s,classification,full,LSTM,20260907,validation,eeg_beta_relative,P23,0.011111111111111117,0.009178743961352664,0.001932367149758453
arousal_primary_6s,classification,full,LSTM,20260907,validation,eeg_beta_relative,P28,0.006306306306306342,0.0008132293367192567,0.005493076969587085
arousal_primary_6s,classification,full,LSTM,20260907,validation,eeg_beta_relative,P31,-0.0003418803418803296,-0.01572649572649567,0.01538461538461534
arousal_primary_6s,classification,full,LSTM,20260907,validation,eeg_beta_relative,P32,0.009026569207564662,0.006761805313841518,0.0022647638937231436
arousal_primary_6s,classification,full,LSTM,20260907,validation,eeg_beta_relative,P38,0.011104837191793693,-0.0041355584833845495,0.015240395675178244
arousal_primary_6s,classification,full,LSTM,20260907,validation,eeg_beta_relative,P41,0.0011384783798576881,0.0381609195402299,-0.03702244116037221
arousal_primary_6s,classification,full,LSTM,20260907,validation,eeg_beta_relative,P47,0.006905432080204743,0.0029641803790492528,0.003941251701155491
arousal_primary_6s,classification,full,LSTM,20260907,validation,eeg_beta_relative,P6,0.0002962962962962501,0.014180268764339577,-0.013883972468043328
arousal_primary_6s,classification,full,LSTM,20260907,validation,eeg_gamma_relative,P23,0.008212560386473399,-0.013526570048309195,0.021739130434782594
arousal_primary_6s,classification,full,LSTM,20260907,validation,eeg_gamma_relative,P28,0.0045045045045045366,-0.006738617812443304,0.01124312231694784
arousal_primary_6s,classification,full,LSTM,20260907,validation,eeg_gamma_relative,P31,-0.0017094017094017033,-0.01401709401709399,0.012307692307692287
arousal_primary_6s,classification,full,LSTM,20260907,validation,eeg_gamma_relative,P32,0.011769346791971192,0.011393433112890127,0.00037591367908106424
arousal_primary_6s,classification,full,LSTM,20260907,validation,eeg_gamma_relative,P38,0.0015914842001798712,0.00970784449045321,-0.008116360290273338
arousal_primary_6s,classification,full,LSTM,20260907,validation,eeg_gamma_relative,P41,-0.008801313628899831,0.02326874657909146,-0.03207006020799129
arousal_primary_6s,classification,full,LSTM,20260907,validation,eeg_gamma_relative,P47,0.004524991324961314,0.001675491035034049,0.002849500289927265
arousal_primary_6s,classification,full,LSTM,20260907,validation,eeg_gamma_relative,P6,0.0009059324811536484,0.0041389708292363546,-0.003233038348082706
arousal_primary_6s,classification,full,LSTM,20260907,validation,eeg_line_noise_ratio,P23,-0.006280193236714959,0.010628019323671512,-0.016908212560386472
arousal_primary_6s,classification,full,LSTM,20260907,validation,eeg_line_noise_ratio,P28,-0.0022310901505532056,-0.007651611342886522,0.005420521192333317
arousal_primary_6s,classification,full,LSTM,20260907,validation,eeg_line_noise_ratio,P31,-0.0034188034188033954,0.0017094017094018144,-0.00512820512820521
arousal_primary_6s,classification,full,LSTM,20260907,validation,eeg_line_noise_ratio,P32,0.0051119619445411215,1.1602274045718896e-05,0.005100359670495403
arousal_primary_6s,classification,full,LSTM,20260907,validation,eeg_line_noise_ratio,P38,-0.006840663362402477,-0.007907229646360103,0.0010665662839576253
arousal_primary_6s,classification,full,LSTM,20260907,validation,eeg_line_noise_ratio,P41,-0.0003831417624521105,-0.006504652435686898,0.0061215106732347875
arousal_primary_6s,classification,full,LSTM,20260907,validation,eeg_line_noise_ratio,P47,0.005439242964613278,0.002986023000305582,0.0024532199643076957
arousal_primary_6s,classification,full,LSTM,20260907,validation,eeg_line_noise_ratio,P6,-0.0008941330711242701,0.003234349393641456,-0.004128482464765726
arousal_primary_6s,classification,full,LSTM,20260907,validation,gaze_dispersion_x_px,P23,0.00434782608695653,0.015942028985507263,-0.011594202898550733
arousal_primary_6s,classification,full,LSTM,20260907,validation,gaze_dispersion_x_px,P28,0.022909486667875935,0.004044984581897315,0.01886450208597862
arousal_primary_6s,classification,full,LSTM,20260907,validation,gaze_dispersion_x_px,P31,-0.007863247863247814,4.4408920985006264e-17,-0.007863247863247859
arousal_primary_6s,classification,full,LSTM,20260907,validation,gaze_dispersion_x_px,P32,0.0046525118923308574,0.007778164520245967,-0.0031256526279151093
arousal_primary_6s,classification,full,LSTM,20260907,validation,gaze_dispersion_x_px,P38,0.015593826463391691,-0.0020965347052303573,0.01769036116862205
arousal_primary_6s,classification,full,LSTM,20260907,validation,gaze_dispersion_x_px,P41,-0.004998357963875199,0.01303119868637117,-0.01802955665024637
arousal_primary_6s,classification,full,LSTM,20260907,validation,gaze_dispersion_x_px,P47,0.01931644491217529,0.0016563312849865119,0.017660113627188778
arousal_primary_6s,classification,full,LSTM,20260907,validation,gaze_dispersion_x_px,P6,-0.006459521468371099,0.013321533923303864,-0.019781055391674962
arousal_primary_6s,classification,full,LSTM,20260907,validation,gaze_dispersion_y_px,P23,-0.0004830917874396157,0.0,-0.0004830917874396157
arousal_primary_6s,classification,full,LSTM,20260907,validation,gaze_dispersion_y_px,P28,0.014828586976238034,0.006656992563032838,0.008171594413205197
arousal_primary_6s,classification,full,LSTM,20260907,validation,gaze_dispersion_y_px,P31,-0.0017094017094017033,0.004102564102564177,-0.0058119658119658805
arousal_primary_6s,classification,full,LSTM,20260907,validation,gaze_dispersion_y_px,P32,0.0019816684070077415,0.004341570947905793,-0.0023599025408980517
arousal_primary_6s,classification,full,LSTM,20260907,validation,gaze_dispersion_y_px,P38,0.006077336512119114,0.007910366606018826,-0.001833030093899712
arousal_primary_6s,classification,full,LSTM,20260907,validation,gaze_dispersion_y_px,P41,0.004225506294471837,-0.001530377668308669,0.005755883962780506
arousal_primary_6s,classification,full,LSTM,20260907,validation,gaze_dispersion_y_px,P47,0.01259880116153148,-0.0036233567730222017,0.016222157934553682
arousal_primary_6s,classification,full,LSTM,20260907,validation,gaze_dispersion_y_px,P6,0.004721075057358193,-0.007387741724024866,0.012108816781383059
arousal_primary_6s,classification,full,LSTM,20260907,validation,gaze_dispersion_2d_px,P23,0.014492753623188382,0.016908212560386483,-0.002415458937198101
arousal_primary_6s,classification,full,LSTM,20260907,validation,gaze_dispersion_2d_px,P28,0.00485821391861665,0.006230727371666999,-0.0013725134530503495
arousal_primary_6s,classification,full,LSTM,20260907,validation,gaze_dispersion_2d_px,P31,-0.011623931623931582,-0.012649572649572605,0.001025641025641023
arousal_primary_6s,classification,full,LSTM,20260907,validation,gaze_dispersion_2d_px,P32,0.011040723981900424,0.021589511544262696,-0.010548787562362272
arousal_primary_6s,classification,full,LSTM,20260907,validation,gaze_dispersion_2d_px,P38,-0.005544053370140312,0.009268670138235369,-0.014812723508375682
arousal_primary_6s,classification,full,LSTM,20260907,validation,gaze_dispersion_2d_px,P41,-0.0033869731800766356,0.014180623973727446,-0.01756759715380408
arousal_primary_6s,classification,full,LSTM,20260907,validation,gaze_dispersion_2d_px,P47,0.02436686137731022,0.016996166278283143,0.007370695099027078
arousal_primary_6s,classification,full,LSTM,20260907,validation,gaze_dispersion_2d_px,P6,0.009151098000655477,-0.0011366764995083712,0.010287774500163849
arousal_primary_6s,classification,full,LSTM,20260907,validation,gaze_path_length_px,P23,0.002898550724637683,0.01932367149758456,-0.016425120772946878
arousal_primary_6s,classification,full,LSTM,20260907,validation,gaze_path_length_px,P28,-0.009414112098675842,0.008522280669931659,-0.0179363927686075
arousal_primary_6s,classification,full,LSTM,20260907,validation,gaze_path_length_px,P31,0.0006837606837606924,-0.004444444444444406,0.005128205128205099
arousal_primary_6s,classification,full,LSTM,20260907,validation,gaze_path_length_px,P32,0.0027218934911242164,-0.007877944077039123,0.01059983756816334
arousal_primary_6s,classification,full,LSTM,20260907,validation,gaze_path_length_px,P38,0.00819373862852123,-0.008442604094777983,0.016636342723299214
arousal_primary_6s,classification,full,LSTM,20260907,validation,gaze_path_length_px,P41,-0.008041598248494819,0.016444444444444473,-0.024486042692939292
arousal_primary_6s,classification,full,LSTM,20260907,validation,gaze_path_length_px,P47,0.003282632129508867,-0.009963183920186048,0.013245816049694915
arousal_primary_6s,classification,full,LSTM,20260907,validation,gaze_path_length_px,P6,0.0026876433956079413,0.008570304818092433,-0.005882661422484492
arousal_primary_6s,classification,full,LSTM,20260907,validation,fixation_count,P23,0.013043478260869535,-0.0004830917874396157,0.01352657004830915
arousal_primary_6s,classification,full,LSTM,20260907,validation,fixation_count,P28,0.006279097889836138,-0.0026906100731604265,0.008969707962996565
arousal_primary_6s,classification,full,LSTM,20260907,validation,fixation_count,P31,-0.0017094017094016812,0.0006837606837607702,-0.0023931623931624513
arousal_primary_6s,classification,full,LSTM,20260907,validation,fixation_count,P32,0.0011741501334261218,0.004325327764241782,-0.0031511776308156604
arousal_primary_6s,classification,full,LSTM,20260907,validation,fixation_count,P38,0.005000313695965897,-0.0005113244243678983,0.005511638120333795
arousal_primary_6s,classification,full,LSTM,20260907,validation,fixation_count,P41,0.00151724137931033,-0.0007553366174055665,0.0022725779967158965
arousal_primary_6s,classification,full,LSTM,20260907,validation,fixation_count,P47,-0.005643470207854107,0.012331323964038443,-0.01797479417189255
arousal_primary_6s,classification,full,LSTM,20260907,validation,fixation_count,P6,0.006532940019665668,-0.008287118977384433,0.014820058997050101
arousal_primary_6s,classification,full,LSTM,20260907,validation,fixation_total_ms,P23,-0.012077294685990336,-0.002898550724637683,-0.009178743961352653
arousal_primary_6s,classification,full,LSTM,20260907,validation,fixation_total_ms,P28,0.008452748050063486,0.002636193240220075,0.005816554809843411
arousal_primary_6s,classification,full,LSTM,20260907,validation,fixation_total_ms,P31,-0.0003418803418803296,-0.013333333333333286,0.012991452991452957
arousal_primary_6s,classification,full,LSTM,20260907,validation,fixation_total_ms,P32,0.003923889082260113,0.009061376029701817,-0.005137486947441704
arousal_primary_6s,classification,full,LSTM,20260907,validation,fixation_total_ms,P38,0.005035865905431125,0.0023987284856849976,0.002637137419746127
arousal_primary_6s,classification,full,LSTM,20260907,validation,fixation_total_ms,P41,0.0034701696770662372,0.0038226600985222015,-0.0003524904214559643
arousal_primary_6s,classification,full,LSTM,20260907,validation,fixation_total_ms,P47,0.012347294640762351,0.0012504837393960578,0.011096810901366293
arousal_primary_6s,classification,full,LSTM,20260907,validation,fixation_total_ms,P6,0.004738118649623024,0.006799082268108836,-0.002060963618485812
arousal_primary_6s,classification,full,LSTM,20260907,validation,fixation_mean_ms,P23,-0.007729468599033795,0.007246376811594202,-0.014975845410627998
arousal_primary_6s,classification,full,LSTM,20260907,validation,fixation_mean_ms,P28,-0.002258298567023376,-0.0072344156236774145,0.004976117056654039
arousal_primary_6s,classification,full,LSTM,20260907,validation,fixation_mean_ms,P31,-0.003076923076923055,6.661338147750939e-17,-0.0030769230769231216
arousal_primary_6s,classification,full,LSTM,20260907,validation,fixation_mean_ms,P32,0.011725258150597485,-0.005868430212321596,0.01759368836291908
arousal_primary_6s,classification,full,LSTM,20260907,validation,fixation_mean_ms,P38,-0.004198297676558505,0.006879352531526439,-0.011077650208084943
arousal_primary_6s,classification,full,LSTM,20260907,validation,fixation_mean_ms,P41,0.0015566502463054022,0.008021893814997284,-0.006465243568691882
arousal_primary_6s,classification,full,LSTM,20260907,validation,fixation_mean_ms,P47,0.014525191274796711,-0.0022634701015516677,0.01678866137634838
arousal_primary_6s,classification,full,LSTM,20260907,validation,fixation_mean_ms,P6,0.0032631923959356877,0.002961651917404151,0.00030154047853153676
arousal_primary_6s,classification,full,LSTM,20260907,validation,fixation_median_ms,P23,0.002898550724637727,-0.00048309178743959346,0.0033816425120773205
arousal_primary_6s,classification,full,LSTM,20260907,validation,fixation_median_ms,P28,0.009897817280367649,0.00043533466352256854,0.00946248261684508
arousal_primary_6s,classification,full,LSTM,20260907,validation,fixation_median_ms,P31,0.001025641025641033,-0.0006837606837605925,0.0017094017094016255
arousal_primary_6s,classification,full,LSTM,20260907,validation,fixation_median_ms,P32,-0.0011718296786170424,0.005912518853695326,-0.0070843485323123685
arousal_primary_6s,classification,full,LSTM,20260907,validation,fixation_median_ms,P38,0.005272183533053099,-0.0026235439278917694,0.007895727460944867
arousal_primary_6s,classification,full,LSTM,20260907,validation,fixation_median_ms,P41,0.001512862616310906,0.0003984674329502114,0.0011143951833606945
arousal_primary_6s,classification,full,LSTM,20260907,validation,fixation_median_ms,P47,0.002558041767242769,0.00021207337602142663,0.002345968391221342
arousal_primary_6s,classification,full,LSTM,20260907,validation,fixation_median_ms,P6,0.008578171091445385,0.0026745329400196917,0.005903638151425693
arousal_primary_6s,classification,full,LSTM,20260907,validation,saccade_count,P23,0.01014492753623184,-0.014492753623188415,0.024637681159420256
arousal_primary_6s,classification,full,LSTM,20260907,validation,saccade_count,P28,0.01255214946490114,0.004401717153395002,0.00815043231150614
arousal_primary_6s,classification,full,LSTM,20260907,validation,saccade_count,P31,0.0034188034188034288,0.0023931623931624513,0.0010256410256409775
arousal_primary_6s,classification,full,LSTM,20260907,validation,saccade_count,P32,-0.004336930038287534,0.020037127276946287,-0.024374057315233823
arousal_primary_6s,classification,full,LSTM,20260907,validation,saccade_count,P38,0.007112533199489723,-0.003434970826275163,0.010547504025764886
arousal_primary_6s,classification,full,LSTM,20260907,validation,saccade_count,P41,0.004591133004926096,0.006112753147235928,-0.0015216201423098319
arousal_primary_6s,classification,full,LSTM,20260907,validation,saccade_count,P47,0.006001367758114407,-0.005474740387917798,0.011476108146032206
arousal_primary_6s,classification,full,LSTM,20260907,validation,saccade_count,P6,0.003522779416584676,0.0141252048508686,-0.010602425434283923
arousal_primary_6s,classification,full,LSTM,20260907,validation,saccade_mean_ms,P23,-0.007729468599033807,-0.004830917874396134,-0.0028985507246376725
arousal_primary_6s,classification,full,LSTM,20260907,validation,saccade_mean_ms,P28,-1.5115786927843989e-05,-0.005922365318338485,0.005907249531410641
arousal_primary_6s,classification,full,LSTM,20260907,validation,saccade_mean_ms,P31,0.0037606837606837806,0.0191452991452992,-0.01538461538461542
arousal_primary_6s,classification,full,LSTM,20260907,validation,saccade_mean_ms,P32,0.0035247708550875554,0.00632788026453186,-0.0028031094094443047
arousal_primary_6s,classification,full,LSTM,20260907,validation,saccade_mean_ms,P38,0.00792396009787314,-0.00159043854696026,0.009514398644833399
arousal_primary_6s,classification,full,LSTM,20260907,validation,saccade_mean_ms,P41,-0.0019222769567597497,0.006489326765188874,-0.008411603721948624
arousal_primary_6s,classification,full,LSTM,20260907,validation,saccade_mean_ms,P47,0.0017213276365348196,0.002410344645178941,-0.0006890170086441215
arousal_primary_6s,classification,full,LSTM,20260907,validation,saccade_mean_ms,P6,-0.0002962962962963389,-0.0006057030481808722,0.00030940675188453334
arousal_primary_6s,classification,full,LSTM,20260907,validation,pupil_both_valid_fraction,P23,-0.011594202898550732,-0.0033816425120772988,-0.008212560386473434
arousal_primary_6s,classification,full,LSTM,20260907,validation,pupil_both_valid_fraction,P28,0.0017473849688614985,-0.0009190398452143533,0.0026664248140758516
arousal_primary_6s,classification,full,LSTM,20260907,validation,pupil_both_valid_fraction,P31,0.0010256410256410443,0.0034188034188034734,-0.002393162393162429
arousal_primary_6s,classification,full,LSTM,20260907,validation,pupil_both_valid_fraction,P32,-0.0023390184476157596,0.007864021348184248,-0.010203039795800006
arousal_primary_6s,classification,full,LSTM,20260907,validation,pupil_both_valid_fraction,P38,0.00020703933747412417,0.0044712131668653956,-0.004264173829391271
arousal_primary_6s,classification,full,LSTM,20260907,validation,pupil_both_valid_fraction,P41,-0.001501915708812307,0.006123700054734571,-0.007625615763546878
arousal_primary_6s,classification,full,LSTM,20260907,validation,pupil_both_valid_fraction,P47,0.015512323363935866,-0.0013225163003408036,0.01683483966427667
arousal_primary_6s,classification,full,LSTM,20260907,validation,pupil_both_valid_fraction,P6,0.010635201573254626,-0.007086201245493251,0.01772140281874788
arousal_primary_6s,classification,full,LSTM,20260907,validation,pupil_mean_z,P23,0.015458937198067634,0.03236714975845412,-0.016908212560386483
arousal_primary_6s,classification,full,LSTM,20260907,validation,pupil_mean_z,P28,0.012987484128423743,-0.018574278976963544,0.03156176310538729
arousal_primary_6s,classification,full,LSTM,20260907,validation,pupil_mean_z,P31,0.008205128205128209,-0.0020512820512819997,0.010256410256410208
arousal_primary_6s,classification,full,LSTM,20260907,validation,pupil_mean_z,P32,-0.008230653208028803,-0.015683954054994776,0.0074533008469659726
arousal_primary_6s,classification,full,LSTM,20260907,validation,pupil_mean_z,P38,0.02245853984984423,0.011899533638664094,0.010559006211180135
arousal_primary_6s,classification,full,LSTM,20260907,validation,pupil_mean_z,P41,0.0026469622331691035,0.011467980295566537,-0.008821018062397434
arousal_primary_6s,classification,full,LSTM,20260907,validation,pupil_mean_z,P47,0.025339592016281574,0.006323223717796411,0.019016368298485162
arousal_primary_6s,classification,full,LSTM,20260907,validation,pupil_mean_z,P6,0.0017633562766305676,-0.009178629957391016,0.010941986234021584
arousal_primary_6s,classification,full,LSTM,20260907,validation,pupil_std_z,P23,0.004347826086956519,0.0019323671497584517,0.0024154589371980675
arousal_primary_6s,classification,full,LSTM,20260907,validation,pupil_std_z,P28,0.0039966140637281876,-0.021240703791039362,0.02523731785476755
arousal_primary_6s,classification,full,LSTM,20260907,validation,pupil_std_z,P31,0.0071794871794871986,-0.006495726495726451,0.01367521367521365
arousal_primary_6s,classification,full,LSTM,20260907,validation,pupil_std_z,P32,0.0023738252697528607,0.0035572572224155884,-0.0011834319526627278
arousal_primary_6s,classification,full,LSTM,20260907,validation,pupil_std_z,P38,0.0028692724344898447,-0.0011125750256184785,0.003981847460108323
arousal_primary_6s,classification,full,LSTM,20260907,validation,pupil_std_z,P41,0.0015259989053092115,0.014139025725232669,-0.012613026819923457
arousal_primary_6s,classification,full,LSTM,20260907,validation,pupil_std_z,P47,0.0032317208518065966,0.009503489124627252,-0.0062717682728206554
arousal_primary_6s,classification,full,LSTM,20260907,validation,pupil_std_z,P6,0.0005873484103572135,-0.0029603408718452684,0.003547689282202482
arousal_primary_6s,classification,full,LSTM,20260907,validation,pupil_min_z,P23,0.005314009661835717,0.0019323671497584404,0.0033816425120772767
arousal_primary_6s,classification,full,LSTM,20260907,validation,pupil_min_z,P28,0.008074853376866841,-0.010402684563758402,0.018477537940625243
arousal_primary_6s,classification,full,LSTM,20260907,validation,pupil_min_z,P31,0.0006837606837607035,0.0013675213675214738,-0.0006837606837607703
arousal_primary_6s,classification,full,LSTM,20260907,validation,pupil_min_z,P32,-0.019317786286112117,0.018067061143984244,-0.03738484743009636
arousal_primary_6s,classification,full,LSTM,20260907,validation,pupil_min_z,P38,-0.003427651253738173,-0.006072108246021279,0.0026444569922831063
arousal_primary_6s,classification,full,LSTM,20260907,validation,pupil_min_z,P41,-1.0946907498643466e-05,0.007621237000547376,-0.007632183908046019
arousal_primary_6s,classification,full,LSTM,20260907,validation,pupil_min_z,P47,0.02898629736185183,0.0006878907089386433,0.028298406652913187
arousal_primary_6s,classification,full,LSTM,20260907,validation,pupil_min_z,P6,-0.009453949524746041,0.01182169780399871,-0.021275647328744752
arousal_primary_6s,classification,full,LSTM,20260907,validation,pupil_max_z,P23,0.0009661835748792314,-0.006280193236714993,0.007246376811594225
arousal_primary_6s,classification,full,LSTM,20260907,validation,pupil_max_z,P28,-0.003144083680996368,0.005233085434427687,-0.008377169115424054
arousal_primary_6s,classification,full,LSTM,20260907,validation,pupil_max_z,P31,2.2204460492503132e-17,0.011623931623931693,-0.01162393162393167
arousal_primary_6s,classification,full,LSTM,20260907,validation,pupil_max_z,P32,-0.01216382410952549,0.009880496577329156,-0.022044320686854645
arousal_primary_6s,classification,full,LSTM,20260907,validation,pupil_max_z,P38,0.0028891398456616147,0.015462074157726335,-0.01257293431206472
arousal_primary_6s,classification,full,LSTM,20260907,validation,pupil_max_z,P41,-0.0019178981937602701,0.007995621237000572,-0.009913519430760841
arousal_primary_6s,classification,full,LSTM,20260907,validation,pupil_max_z,P47,0.009529811634600104,-0.0006244509288934608,0.010154262563493565
arousal_primary_6s,classification,full,LSTM,20260907,validation,pupil_max_z,P6,0.0003002294329727317,-0.011577843330055692,0.011878072763028423
arousal_primary_6s,classification,full,LSTM,20260907,validation,pupil_slope_z_s,P23,-0.013526570048309183,-0.0009661835748792314,-0.012560386473429951
arousal_primary_6s,classification,full,LSTM,20260907,validation,pupil_slope_z_s,P28,0.0035280246689642913,-0.0026936332305459885,0.00622165789951028
arousal_primary_6s,classification,full,LSTM,20260907,validation,pupil_slope_z_s,P31,0.0013675213675213738,0.010598290598290672,-0.009230769230769298
arousal_primary_6s,classification,full,LSTM,20260907,validation,pupil_slope_z_s,P32,0.0027242139459333625,0.0035502958579881503,-0.0008260819120547878
arousal_primary_6s,classification,full,LSTM,20260907,validation,pupil_slope_z_s,P38,-0.011582700713135474,-0.0020902607859129676,-0.009492439927222505
arousal_primary_6s,classification,full,LSTM,20260907,validation,pupil_slope_z_s,P41,0.008792556102900927,-0.0015281882868089292,0.010320744389709856
arousal_primary_6s,classification,full,LSTM,20260907,validation,pupil_slope_z_s,P47,0.012078222906607561,0.008087907565469055,0.003990315341138506
arousal_primary_6s,classification,full,LSTM,20260907,validation,pupil_slope_z_s,P6,-0.003234349393641478,-0.005320222877744996,0.002085873484103518
arousal_primary_6s,classification,full,LSTM,20260907,validation,modalidad:EEG,P23,0.017874396135265692,-0.0014492753623188582,0.01932367149758455
arousal_primary_6s,classification,full,LSTM,20260907,validation,modalidad:EEG,P28,0.00033859362718425824,0.008936453231755237,-0.00859785960457098
arousal_primary_6s,classification,full,LSTM,20260907,validation,modalidad:EEG,P31,-0.018803418803418737,-0.034529914529914475,0.01572649572649574
arousal_primary_6s,classification,full,LSTM,20260907,validation,modalidad:EEG,P32,0.016885949646130625,0.012177746838380321,0.004708202807750304
arousal_primary_6s,classification,full,LSTM,20260907,validation,modalidad:EEG,P38,0.013214965388878452,0.004247443377878179,0.008967522011000272
arousal_primary_6s,classification,full,LSTM,20260907,validation,modalidad:EEG,P41,-0.007295019157088134,0.007645320197044369,-0.014940339354132503
arousal_primary_6s,classification,full,LSTM,20260907,validation,modalidad:EEG,P47,0.003895592270395021,-0.0156375830772583,0.019533175347653323
arousal_primary_6s,classification,full,LSTM,20260907,validation,modalidad:EEG,P6,-0.005583743035070509,-0.0055837430350704435,-6.591949208711867e-17
arousal_primary_6s,classification,full,LSTM,20260907,validation,modalidad:Eye,P23,0.00531400966183575,0.008212560386473422,-0.0028985507246376717
arousal_primary_6s,classification,full,LSTM,20260907,validation,modalidad:Eye,P28,0.01600157204184053,-0.002778281637342028,0.018779853679182557
arousal_primary_6s,classification,full,LSTM,20260907,validation,modalidad:Eye,P31,0.009230769230769265,-0.008888888888888802,0.018119658119658065
arousal_primary_6s,classification,full,LSTM,20260907,validation,modalidad:Eye,P32,0.010657848938391912,0.02160807518273581,-0.010950226244343898
arousal_primary_6s,classification,full,LSTM,20260907,validation,modalidad:Eye,P38,-0.0007769203421377435,0.01852060982495769,-0.01929753016709543
arousal_primary_6s,classification,full,LSTM,20260907,validation,modalidad:Eye,P41,-0.009193212917350879,0.0038029556650246766,-0.012996168582375555
arousal_primary_6s,classification,full,LSTM,20260907,validation,modalidad:Eye,P47,0.009626078621793965,-0.018187588885927565,0.027813667507721532
arousal_primary_6s,classification,full,LSTM,20260907,validation,modalidad:Eye,P6,0.018595870206489618,0.009785644051130804,0.008810226155358813
arousal_primary_6s,classification,full,LSTM,20260907,validation,modalidad:Pupil,P23,0.016908212560386448,0.019806763285024166,-0.0028985507246377176
arousal_primary_6s,classification,full,LSTM,20260907,validation,modalidad:Pupil,P28,0.0017141302376202038,-0.0013997218695205537,0.0031138521071407575
arousal_primary_6s,classification,full,LSTM,20260907,validation,modalidad:Pupil,P31,0.01196581196581199,-0.005811965811965791,0.01777777777777778
arousal_primary_6s,classification,full,LSTM,20260907,validation,modalidad:Pupil,P32,-0.005933402946977628,-0.022004872955099185,0.016071470008121556
arousal_primary_6s,classification,full,LSTM,20260907,validation,modalidad:Pupil,P38,0.003957797436058308,0.03806595980509024,-0.034108162369031934
arousal_primary_6s,classification,full,LSTM,20260907,validation,modalidad:Pupil,P41,-0.004628352490421461,0.013385878489326796,-0.018014230979748257
arousal_primary_6s,classification,full,LSTM,20260907,validation,modalidad:Pupil,P47,0.029641120417637102,0.01719161091483129,0.012449509502805812
arousal_primary_6s,classification,full,LSTM,20260907,validation,modalidad:Pupil,P6,-0.0026443788921665656,-0.005898393969190396,0.0032540150770238307
arousal_primary_6s,classification,full,LSTM,20260907,test,eeg_rms_uv,P10,-0.007154365966861453,-0.004814467450640858,-0.002339898516220595
arousal_primary_6s,classification,full,LSTM,20260907,test,eeg_rms_uv,P11,0.0037267080745341796,0.0045548654244306095,-0.0008281573498964299
arousal_primary_6s,classification,full,LSTM,20260907,test,eeg_rms_uv,P15,0.00039917244736520363,-0.0036485335280516005,0.004047705975416804
arousal_primary_6s,classification,full,LSTM,20260907,test,eeg_rms_uv,P16,0.004498977505112478,-0.0032719836400818434,0.007770961145194322
arousal_primary_6s,classification,full,LSTM,20260907,test,eeg_rms_uv,P37,-0.018354818907305094,0.0009208103130755041,-0.019275629220380598
arousal_primary_6s,classification,full,LSTM,20260907,test,eeg_rms_uv,P39,-0.002083333333333337,-0.004166666666666696,0.002083333333333359
arousal_primary_6s,classification,full,LSTM,20260907,test,eeg_rms_uv,P45,-0.012758461938789767,-0.006925679056826594,-0.0058327828819631725
arousal_primary_6s,classification,full,LSTM,20260907,test,eeg_rms_uv,P5,-0.00042735042735042583,0.0008547008547008517,-0.0012820512820512775
arousal_primary_6s,classification,full,LSTM,20260907,test,eeg_std_uv,P10,0.00280884015102324,0.007582425510424928,-0.004773585359401688
arousal_primary_6s,classification,full,LSTM,20260907,test,eeg_std_uv,P11,0.0033126293995859426,-0.0028985507246377384,0.006211180124223681
arousal_primary_6s,classification,full,LSTM,20260907,test,eeg_std_uv,P15,0.004444444444444429,0.009638554216867445,-0.005194109772423016
arousal_primary_6s,classification,full,LSTM,20260907,test,eeg_std_uv,P16,0.004498977505112478,-0.0032719836400818547,0.007770961145194333
arousal_primary_6s,classification,full,LSTM,20260907,test,eeg_std_uv,P37,-0.02869858809085326,-0.014610190300798031,-0.014088397790055229
arousal_primary_6s,classification,full,LSTM,20260907,test,eeg_std_uv,P39,-0.0004166666666666763,0.0008333333333333193,-0.0012499999999999955
arousal_primary_6s,classification,full,LSTM,20260907,test,eeg_std_uv,P45,-0.003652995456274122,-0.006583398386677064,0.0029304029304029425
arousal_primary_6s,classification,full,LSTM,20260907,test,eeg_std_uv,P5,-0.002136752136752129,0.0017094017094017033,-0.0038461538461538325
arousal_primary_6s,classification,full,LSTM,20260907,test,eeg_peak_to_peak_uv,P10,0.0016112353606040908,0.00479041916167664,-0.003179183801072549
arousal_primary_6s,classification,full,LSTM,20260907,test,eeg_peak_to_peak_uv,P11,-0.009937888198757771,-0.002484472049689479,-0.0074534161490682925
arousal_primary_6s,classification,full,LSTM,20260907,test,eeg_peak_to_peak_uv,P15,0.013703298040647438,0.00036753072897652837,0.01333576731167091
arousal_primary_6s,classification,full,LSTM,20260907,test,eeg_peak_to_peak_uv,P16,-1.1102230246251566e-17,-0.006952965235173891,0.00695296523517388
arousal_primary_6s,classification,full,LSTM,20260907,test,eeg_peak_to_peak_uv,P37,-0.053161448741559245,0.00036832412523020165,-0.05352977286678945
arousal_primary_6s,classification,full,LSTM,20260907,test,eeg_peak_to_peak_uv,P39,0.009583333333333277,-0.001250000000000051,0.010833333333333328
arousal_primary_6s,classification,full,LSTM,20260907,test,eeg_peak_to_peak_uv,P45,-0.009099461558477906,-0.015316559578854671,0.006217098020376765
arousal_primary_6s,classification,full,LSTM,20260907,test,eeg_peak_to_peak_uv,P5,-0.0025641025641025663,0.0008547008547008517,-0.003418803418803418
arousal_primary_6s,classification,full,LSTM,20260907,test,eeg_delta_relative,P10,-0.009172017410961231,-0.012380059158790823,0.0032080417478295917
arousal_primary_6s,classification,full,LSTM,20260907,test,eeg_delta_relative,P11,0.011594202898550687,-0.011594202898550787,0.023188405797101474
arousal_primary_6s,classification,full,LSTM,20260907,test,eeg_delta_relative,P15,-0.005705245223317512,0.004313009614214425,-0.010018254837531937
arousal_primary_6s,classification,full,LSTM,20260907,test,eeg_delta_relative,P16,0.020858895705521484,0.0012269938650306123,0.01963190184049087
arousal_primary_6s,classification,full,LSTM,20260907,test,eeg_delta_relative,P37,0.02888275015346838,-0.002608962553713934,0.03149171270718231
arousal_primary_6s,classification,full,LSTM,20260907,test,eeg_delta_relative,P39,-0.012500000000000011,-0.010000000000000042,-0.0024999999999999693
arousal_primary_6s,classification,full,LSTM,20260907,test,eeg_delta_relative,P45,0.01604916031145548,-0.009507796393042268,0.025556956704497747
arousal_primary_6s,classification,full,LSTM,20260907,test,eeg_delta_relative,P5,-0.0017094017094017367,0.008974358974358988,-0.010683760683760724
arousal_primary_6s,classification,full,LSTM,20260907,test,eeg_theta_relative,P10,-0.00716158045355072,0.011644181516485098,-0.01880576197003582
arousal_primary_6s,classification,full,LSTM,20260907,test,eeg_theta_relative,P11,0.016563146997929556,-0.007453416149068337,0.02401656314699789
arousal_primary_6s,classification,full,LSTM,20260907,test,eeg_theta_relative,P15,-0.008092977972496062,-0.004529633686260181,-0.003563344286235881
arousal_primary_6s,classification,full,LSTM,20260907,test,eeg_theta_relative,P16,0.009406952965235216,-0.021676891615541972,0.03108384458077719
arousal_primary_6s,classification,full,LSTM,20260907,test,eeg_theta_relative,P37,0.016482504604051575,-0.012523020257826895,0.02900552486187847
arousal_primary_6s,classification,full,LSTM,20260907,test,eeg_theta_relative,P39,-0.0020833333333333927,-0.028333333333333367,0.026249999999999975
arousal_primary_6s,classification,full,LSTM,20260907,test,eeg_theta_relative,P45,-0.0032866950899737234,0.017094017094017134,-0.020380712183990856
arousal_primary_6s,classification,full,LSTM,20260907,test,eeg_theta_relative,P5,-0.010683760683760691,0.008547008547008562,-0.019230769230769253
arousal_primary_6s,classification,full,LSTM,20260907,test,eeg_alpha_relative,P10,-0.0064016545222807305,-0.0036866026982180335,-0.002715051824062697
arousal_primary_6s,classification,full,LSTM,20260907,test,eeg_alpha_relative,P11,0.006211180124223592,0.0008281573498964301,0.005383022774327162
arousal_primary_6s,classification,full,LSTM,20260907,test,eeg_alpha_relative,P15,0.0011658756237069357,0.017327491785323113,-0.016161616161616175
arousal_primary_6s,classification,full,LSTM,20260907,test,eeg_alpha_relative,P16,-0.0008179959100204304,-0.00368098159509207,0.00286298568507164
arousal_primary_6s,classification,full,LSTM,20260907,test,eeg_alpha_relative,P37,0.04653161448741559,-0.025537139349294035,0.07206875383670963
arousal_primary_6s,classification,full,LSTM,20260907,test,eeg_alpha_relative,P39,-0.005000000000000049,0.02833333333333331,-0.03333333333333336
arousal_primary_6s,classification,full,LSTM,20260907,test,eeg_alpha_relative,P45,0.002860345483296367,-0.006631437778978721,0.009491783262275089
arousal_primary_6s,classification,full,LSTM,20260907,test,eeg_alpha_relative,P5,-0.005982905982905995,-0.008974358974358942,0.002991452991452948
arousal_primary_6s,classification,full,LSTM,20260907,test,eeg_beta_relative,P10,-0.0015823774138470138,-0.02818459466608948,0.026602217252242464
arousal_primary_6s,classification,full,LSTM,20260907,test,eeg_beta_relative,P11,-0.002484472049689479,0.024016563146997894,-0.026501035196687374
arousal_primary_6s,classification,full,LSTM,20260907,test,eeg_beta_relative,P15,0.01815017646342946,-0.00715102835584761,0.02530120481927707
arousal_primary_6s,classification,full,LSTM,20260907,test,eeg_beta_relative,P16,0.00981595092024542,0.0008179959100203971,0.008997955010225022
arousal_primary_6s,classification,full,LSTM,20260907,test,eeg_beta_relative,P37,0.055003069367710246,0.009177409453652554,0.045825659914057695
arousal_primary_6s,classification,full,LSTM,20260907,test,eeg_beta_relative,P39,-0.022083333333333365,-0.018750000000000034,-0.0033333333333333305
arousal_primary_6s,classification,full,LSTM,20260907,test,eeg_beta_relative,P45,0.005828779599271472,-0.0039332252447006446,0.009762004843972116
arousal_primary_6s,classification,full,LSTM,20260907,test,eeg_beta_relative,P5,-0.008974358974358988,0.02179487179487184,-0.030769230769230826
arousal_primary_6s,classification,full,LSTM,20260907,test,eeg_gamma_relative,P10,0.0008176418247841655,0.0005098237260418914,0.0003078180987422741
arousal_primary_6s,classification,full,LSTM,20260907,test,eeg_gamma_relative,P11,0.00041407867494825946,0.009937888198757683,-0.009523809523809424
arousal_primary_6s,classification,full,LSTM,20260907,test,eeg_gamma_relative,P15,0.00519897772909822,-0.005800170378483649,0.010999148107581869
arousal_primary_6s,classification,full,LSTM,20260907,test,eeg_gamma_relative,P16,0.0024539877300613355,-0.00654396728016361,0.008997955010224944
arousal_primary_6s,classification,full,LSTM,20260907,test,eeg_gamma_relative,P37,0.03130755064456722,-0.012676488643339479,0.0439840392879067
arousal_primary_6s,classification,full,LSTM,20260907,test,eeg_gamma_relative,P39,-0.010000000000000054,0.002916666666666645,-0.0129166666666667
arousal_primary_6s,classification,full,LSTM,20260907,test,eeg_gamma_relative,P45,-0.0036750135110790393,0.01570687964130585,-0.019381893152384887
arousal_primary_6s,classification,full,LSTM,20260907,test,eeg_gamma_relative,P5,-0.010683760683760712,2.2204460492503132e-17,-0.010683760683760734
arousal_primary_6s,classification,full,LSTM,20260907,test,eeg_line_noise_ratio,P10,0.00039920159680638666,0.0020104369574105,-0.0016112353606041131
arousal_primary_6s,classification,full,LSTM,20260907,test,eeg_line_noise_ratio,P11,0.006211180124223581,-0.007039337474120122,0.013250517598343704
arousal_primary_6s,classification,full,LSTM,20260907,test,eeg_line_noise_ratio,P15,0.0019934282584884834,0.002813678958257271,-0.0008202506997687874
arousal_primary_6s,classification,full,LSTM,20260907,test,eeg_line_noise_ratio,P16,-0.0008179959100204192,-0.006134969325153394,0.005316973415132975
arousal_primary_6s,classification,full,LSTM,20260907,test,eeg_line_noise_ratio,P37,0.044045426642111724,0.0012891344383057057,0.042756292203806015
arousal_primary_6s,classification,full,LSTM,20260907,test,eeg_line_noise_ratio,P39,0.004166666666666641,-0.006250000000000033,0.010416666666666675
arousal_primary_6s,classification,full,LSTM,20260907,test,eeg_line_noise_ratio,P45,-0.004049320442763016,0.0003622970836085537,-0.004411617526371569
arousal_primary_6s,classification,full,LSTM,20260907,test,eeg_line_noise_ratio,P5,-0.003846153846153888,0.004273504273504291,-0.00811965811965818
arousal_primary_6s,classification,full,LSTM,20260907,test,gaze_dispersion_x_px,P10,-0.01198566721977733,0.019988937787076465,-0.0319746050068538
arousal_primary_6s,classification,full,LSTM,20260907,test,gaze_dispersion_x_px,P11,0.008695652173913038,-0.0020703933747412417,0.01076604554865428
arousal_primary_6s,classification,full,LSTM,20260907,test,gaze_dispersion_x_px,P15,0.022969453571863207,-0.007299501034440792,0.030268954606304
arousal_primary_6s,classification,full,LSTM,20260907,test,gaze_dispersion_x_px,P16,0.016359918200409006,-0.017995910020449944,0.03435582822085895
arousal_primary_6s,classification,full,LSTM,20260907,test,gaze_dispersion_x_px,P37,0.07387968078575813,-0.008839779005524868,0.08271945979128299
arousal_primary_6s,classification,full,LSTM,20260907,test,gaze_dispersion_x_px,P39,-0.012083333333333335,-0.012083333333333368,3.2959746043559335e-17
arousal_primary_6s,classification,full,LSTM,20260907,test,gaze_dispersion_x_px,P45,0.003981264637002402,0.0014131587902079911,0.002568105846794411
arousal_primary_6s,classification,full,LSTM,20260907,test,gaze_dispersion_x_px,P5,0.016666666666666673,0.011965811965812001,0.004700854700854672
arousal_primary_6s,classification,full,LSTM,20260907,test,gaze_dispersion_y_px,P10,0.0036120530024288723,-0.008765601327465566,0.012377654329894438
arousal_primary_6s,classification,full,LSTM,20260907,test,gaze_dispersion_y_px,P11,0.005797101449275343,-0.00041407867494828163,0.006211180124223625
arousal_primary_6s,classification,full,LSTM,20260907,test,gaze_dispersion_y_px,P15,0.012503346720214215,0.014511378848728263,-0.0020080321285140482
arousal_primary_6s,classification,full,LSTM,20260907,test,gaze_dispersion_y_px,P16,0.002862985685071573,-0.023312883435582875,0.02617586912065445
arousal_primary_6s,classification,full,LSTM,20260907,test,gaze_dispersion_y_px,P37,0.040730509515039905,0.01034376918354818,0.030386740331491725
arousal_primary_6s,classification,full,LSTM,20260907,test,gaze_dispersion_y_px,P39,-0.007083333333333375,-0.005416666666666681,-0.0016666666666666939
arousal_primary_6s,classification,full,LSTM,20260907,test,gaze_dispersion_y_px,P45,0.0025480894333353766,-0.008763185812366125,0.011311275245701502
arousal_primary_6s,classification,full,LSTM,20260907,test,gaze_dispersion_y_px,P5,-0.011538461538461553,0.0017094017094017588,-0.013247863247863312
arousal_primary_6s,classification,full,LSTM,20260907,test,gaze_dispersion_2d_px,P10,-0.01591996729432702,-0.02445230021883942,0.008532332924512397
arousal_primary_6s,classification,full,LSTM,20260907,test,gaze_dispersion_2d_px,P11,-0.0037267080745341575,-0.011594202898550754,0.007867494824016597
arousal_primary_6s,classification,full,LSTM,20260907,test,gaze_dispersion_2d_px,P15,-0.00478520141170744,0.00641596689789461,-0.01120116830960205
arousal_primary_6s,classification,full,LSTM,20260907,test,gaze_dispersion_2d_px,P16,0.01431492842535791,-0.02331288343558282,0.03762781186094073
arousal_primary_6s,classification,full,LSTM,20260907,test,gaze_dispersion_2d_px,P37,0.04033149171270718,0.01313689379987723,0.02719459791282995
arousal_primary_6s,classification,full,LSTM,20260907,test,gaze_dispersion_2d_px,P39,-0.011250000000000027,-0.005000000000000037,-0.00624999999999999
arousal_primary_6s,classification,full,LSTM,20260907,test,gaze_dispersion_2d_px,P45,0.014896214896214954,0.008334834564342785,0.006561380331872169
arousal_primary_6s,classification,full,LSTM,20260907,test,gaze_dispersion_2d_px,P5,0.0029914529914529695,0.014957264957264982,-0.011965811965812014
arousal_primary_6s,classification,full,LSTM,20260907,test,gaze_path_length_px,P10,-0.006808070605776406,0.015179279994228417,-0.021987350600004823
arousal_primary_6s,classification,full,LSTM,20260907,test,gaze_path_length_px,P11,0.013664596273291895,0.003726708074534102,0.009937888198757794
arousal_primary_6s,classification,full,LSTM,20260907,test,gaze_path_length_px,P15,0.0044517463794571995,0.007228915662650581,-0.0027771692831933814
arousal_primary_6s,classification,full,LSTM,20260907,test,gaze_path_length_px,P16,0.008997955010224956,-0.022494887525562435,0.031492842535787394
arousal_primary_6s,classification,full,LSTM,20260907,test,gaze_path_length_px,P37,0.02314303253529773,-0.005709023941068136,0.028852056476365868
arousal_primary_6s,classification,full,LSTM,20260907,test,gaze_path_length_px,P39,-0.005416666666666681,-0.0154166666666667,0.01000000000000002
arousal_primary_6s,classification,full,LSTM,20260907,test,gaze_path_length_px,P45,-0.008038591645148996,0.008344842771072314,-0.01638343441622131
arousal_primary_6s,classification,full,LSTM,20260907,test,gaze_path_length_px,P5,-0.008974358974358988,0.010256410256410275,-0.019230769230769263
arousal_primary_6s,classification,full,LSTM,20260907,test,fixation_count,P10,-0.006781617487915737,0.003186398287761838,-0.009968015775677574
arousal_primary_6s,classification,full,LSTM,20260907,test,fixation_count,P11,0.00041407867494821506,-0.00786749482401663,0.008281573498964846
arousal_primary_6s,classification,full,LSTM,20260907,test,fixation_count,P15,0.011639284410368721,-0.0032225873189728914,0.014861871729341614
arousal_primary_6s,classification,full,LSTM,20260907,test,fixation_count,P16,0.014723926380368124,0.00204498977505112,0.012678936605317003
arousal_primary_6s,classification,full,LSTM,20260907,test,fixation_count,P37,0.031123388581952127,0.023327194597912836,0.007796193984039291
arousal_primary_6s,classification,full,LSTM,20260907,test,fixation_count,P39,-0.007083333333333375,-0.007500000000000029,0.0004166666666666546
arousal_primary_6s,classification,full,LSTM,20260907,test,fixation_count,P45,-0.0025600992814107217,-0.006947697111631512,0.004387597830220791
arousal_primary_6s,classification,full,LSTM,20260907,test,fixation_count,P5,0.0012820512820512554,0.0025641025641025884,-0.001282051282051333
arousal_primary_6s,classification,full,LSTM,20260907,test,fixation_total_ms,P10,-0.00557679821080731,0.001979174181757004,-0.007555972392564314
arousal_primary_6s,classification,full,LSTM,20260907,test,fixation_total_ms,P11,0.0037267080745341354,0.0028985507246376387,0.0008281573498964967
arousal_primary_6s,classification,full,LSTM,20260907,test,fixation_total_ms,P15,0.002779603261530983,-0.0016112936594864457,0.004390896921017429
arousal_primary_6s,classification,full,LSTM,20260907,test,fixation_total_ms,P16,0.022903885480572584,-0.01717791411042948,0.04008179959100207
arousal_primary_6s,classification,full,LSTM,20260907,test,fixation_total_ms,P37,-0.027593615715162677,-0.0029772866789441353,-0.02461632903621854
arousal_primary_6s,classification,full,LSTM,20260907,test,fixation_total_ms,P39,-0.012500000000000044,-0.0004166666666666985,-0.012083333333333345
arousal_primary_6s,classification,full,LSTM,20260907,test,fixation_total_ms,P45,0.0054604775916251794,-0.021183370363698207,0.026643847955323388
arousal_primary_6s,classification,full,LSTM,20260907,test,fixation_total_ms,P5,-0.03333333333333336,-0.016666666666666663,-0.016666666666666698
arousal_primary_6s,classification,full,LSTM,20260907,test,fixation_mean_ms,P10,-0.002808840151023262,0.0019815790106533894,-0.004790419161676652
arousal_primary_6s,classification,full,LSTM,20260907,test,fixation_mean_ms,P11,0.012836438923395432,0.003312629399585898,0.009523809523809533
arousal_primary_6s,classification,full,LSTM,20260907,test,fixation_mean_ms,P15,0.009278325422903733,0.006428136789582595,0.0028501886333211386
arousal_primary_6s,classification,full,LSTM,20260907,test,fixation_mean_ms,P16,0.01513292433537835,-0.009406952965235226,0.024539877300613577
arousal_primary_6s,classification,full,LSTM,20260907,test,fixation_mean_ms,P37,0.03367096378146102,-0.0051872314303253505,0.03885819521178637
arousal_primary_6s,classification,full,LSTM,20260907,test,fixation_mean_ms,P39,-0.02708333333333336,0.0049999999999999715,-0.03208333333333333
arousal_primary_6s,classification,full,LSTM,20260907,test,fixation_mean_ms,P45,0.0013991473007866962,-0.005490502211813663,0.006889649512600359
arousal_primary_6s,classification,full,LSTM,20260907,test,fixation_mean_ms,P5,0.0,0.006837606837606869,-0.006837606837606869
arousal_primary_6s,classification,full,LSTM,20260907,test,fixation_median_ms,P10,7.214486689266497e-06,0.0051824062717937824,-0.005175191785104516
arousal_primary_6s,classification,full,LSTM,20260907,test,fixation_median_ms,P11,-0.009109730848861308,-0.004554865424430699,-0.004554865424430609
arousal_primary_6s,classification,full,LSTM,20260907,test,fixation_median_ms,P15,0.0060484361689180696,0.00846537665814776,-0.002416940489229691
arousal_primary_6s,classification,full,LSTM,20260907,test,fixation_median_ms,P16,-0.0036809815950920146,0.005316973415132886,-0.008997955010224901
arousal_primary_6s,classification,full,LSTM,20260907,test,fixation_median_ms,P37,-0.030540208717004302,-0.00018416206261510082,-0.0303560466543892
arousal_primary_6s,classification,full,LSTM,20260907,test,fixation_median_ms,P39,-0.004166666666666696,-0.014166666666666706,0.010000000000000009
arousal_primary_6s,classification,full,LSTM,20260907,test,fixation_median_ms,P45,-4.00328269175576e-06,-0.002564102564102555,0.0025600992814107993
arousal_primary_6s,classification,full,LSTM,20260907,test,fixation_median_ms,P5,-0.002564102564102555,-0.004273504273504247,0.001709401709401692
arousal_primary_6s,classification,full,LSTM,20260907,test,saccade_count,P10,0.0032032320900367782,-0.006776807830122878,0.009980039920159656
arousal_primary_6s,classification,full,LSTM,20260907,test,saccade_count,P11,-3.3306690738754695e-17,-0.014492753623188425,0.014492753623188392
arousal_primary_6s,classification,full,LSTM,20260907,test,saccade_count,P15,-0.0008007788730680532,0.016821224291103797,-0.01762200316417185
arousal_primary_6s,classification,full,LSTM,20260907,test,saccade_count,P16,0.001635991820040894,-0.012269938650306778,0.013905930470347673
arousal_primary_6s,classification,full,LSTM,20260907,test,saccade_count,P37,0.014640883977900554,-0.03815224063842848,0.05279312461632903
arousal_primary_6s,classification,full,LSTM,20260907,test,saccade_count,P39,-0.012916666666666698,-0.005416666666666681,-0.007500000000000017
arousal_primary_6s,classification,full,LSTM,20260907,test,saccade_count,P45,-0.014607978542404731,-0.0072719630096678926,-0.007336015532736839
arousal_primary_6s,classification,full,LSTM,20260907,test,saccade_count,P5,-0.007264957264957283,-0.006410256410256376,-0.0008547008547009072
arousal_primary_6s,classification,full,LSTM,20260907,test,saccade_mean_ms,P10,-0.00479522881946951,-0.007988841593920581,0.003193612774451071
arousal_primary_6s,classification,full,LSTM,20260907,test,saccade_mean_ms,P11,-0.0004140786749482706,-0.016563146997929636,0.016149068322981366
arousal_primary_6s,classification,full,LSTM,20260907,test,saccade_mean_ms,P15,0.019342825848849932,0.0209151758549349,-0.001572350006084966
arousal_primary_6s,classification,full,LSTM,20260907,test,saccade_mean_ms,P16,-0.024539877300613522,-0.021267893660531733,-0.003271983640081789
arousal_primary_6s,classification,full,LSTM,20260907,test,saccade_mean_ms,P37,0.022590546347452424,-0.027409453652547572,0.049999999999999996
arousal_primary_6s,classification,full,LSTM,20260907,test,saccade_mean_ms,P39,0.011666666666666626,-0.004166666666666674,0.0158333333333333
arousal_primary_6s,classification,full,LSTM,20260907,test,saccade_mean_ms,P45,-0.009884104966072126,-0.008402890370103454,-0.0014812145959686718
arousal_primary_6s,classification,full,LSTM,20260907,test,saccade_mean_ms,P5,-0.015384615384615396,0.005128205128205154,-0.02051282051282055
arousal_primary_6s,classification,full,LSTM,20260907,test,pupil_both_valid_fraction,P10,-0.011192073683957382,0.008020104369574121,-0.019212178053531502
arousal_primary_6s,classification,full,LSTM,20260907,test,pupil_both_valid_fraction,P11,-0.008695652173913071,0.0008281573498964412,-0.009523809523809513
arousal_primary_6s,classification,full,LSTM,20260907,test,pupil_both_valid_fraction,P15,0.009660460021905792,0.006070341973956439,0.0035901180479493535
arousal_primary_6s,classification,full,LSTM,20260907,test,pupil_both_valid_fraction,P16,0.02576687116564419,-0.011451942740286335,0.03721881390593053
arousal_primary_6s,classification,full,LSTM,20260907,test,pupil_both_valid_fraction,P37,-0.04668508287292816,0.0005524861878453025,-0.04723756906077346
arousal_primary_6s,classification,full,LSTM,20260907,test,pupil_both_valid_fraction,P39,0.002499999999999958,0.0033333333333332993,-0.0008333333333333413
arousal_primary_6s,classification,full,LSTM,20260907,test,pupil_both_valid_fraction,P45,-0.00621109309633896,-0.0014672031065473656,-0.0047438899897915944
arousal_primary_6s,classification,full,LSTM,20260907,test,pupil_both_valid_fraction,P5,0.008974358974358942,0.00982905982905985,-0.0008547008547009072
arousal_primary_6s,classification,full,LSTM,20260907,test,pupil_mean_z,P10,0.0008537142582305202,0.009633744559074642,-0.008780030300844122
arousal_primary_6s,classification,full,LSTM,20260907,test,pupil_mean_z,P11,0.005797101449275333,-0.03561076604554868,0.04140786749482401
arousal_primary_6s,classification,full,LSTM,20260907,test,pupil_mean_z,P15,0.012768650359011813,0.009541195083363763,0.00322745527564805
arousal_primary_6s,classification,full,LSTM,20260907,test,pupil_mean_z,P16,0.012269938650306756,0.010224948875255591,0.0020449897750511644
arousal_primary_6s,classification,full,LSTM,20260907,test,pupil_mean_z,P37,0.026979742173112338,0.0301718845917741,-0.0031921424186617635
arousal_primary_6s,classification,full,LSTM,20260907,test,pupil_mean_z,P39,-0.019583333333333362,-0.012083333333333368,-0.0074999999999999945
arousal_primary_6s,classification,full,LSTM,20260907,test,pupil_mean_z,P45,-0.0051282051282050874,-0.016791769250785616,0.011663564122580529
arousal_primary_6s,classification,full,LSTM,20260907,test,pupil_mean_z,P5,-0.0076923076923076875,-0.010683760683760646,0.0029914529914529583
arousal_primary_6s,classification,full,LSTM,20260907,test,pupil_std_z,P10,-0.013962436572637859,-0.02826635884856793,0.01430392227593007
arousal_primary_6s,classification,full,LSTM,20260907,test,pupil_std_z,P11,0.012836438923395399,-0.003726708074534191,0.01656314699792959
arousal_primary_6s,classification,full,LSTM,20260907,test,pupil_std_z,P15,0.006868686868686869,0.0006596081294876433,0.006209078739199225
arousal_primary_6s,classification,full,LSTM,20260907,test,pupil_std_z,P16,-0.007361963190184029,-0.0008179959100204859,-0.006543967280163543
arousal_primary_6s,classification,full,LSTM,20260907,test,pupil_std_z,P37,0.051995089011663595,-0.04567219152854511,0.0976672805402087
arousal_primary_6s,classification,full,LSTM,20260907,test,pupil_std_z,P39,-0.020416666666666684,-0.02250000000000004,0.002083333333333357
arousal_primary_6s,classification,full,LSTM,20260907,test,pupil_std_z,P45,-0.021201385135811303,-0.0011229207950519404,-0.020078464340759362
arousal_primary_6s,classification,full,LSTM,20260907,test,pupil_std_z,P5,-0.02051282051282054,0.006410256410256443,-0.026923076923076984
arousal_primary_6s,classification,full,LSTM,20260907,test,pupil_min_z,P10,0.006168386119327618,-0.007190438400307797,0.013358824519635415
arousal_primary_6s,classification,full,LSTM,20260907,test,pupil_min_z,P11,-0.0012422360248447672,-0.011180124223602516,0.009937888198757749
arousal_primary_6s,classification,full,LSTM,20260907,test,pupil_min_z,P15,0.010473408786661776,-0.008932700498965574,0.01940610928562735
arousal_primary_6s,classification,full,LSTM,20260907,test,pupil_min_z,P16,0.014314928425357875,-0.005725971370143179,0.020040899795501055
arousal_primary_6s,classification,full,LSTM,20260907,test,pupil_min_z,P37,0.05883977900552486,-0.000705954573357892,0.05954573357888275
arousal_primary_6s,classification,full,LSTM,20260907,test,pupil_min_z,P39,-0.005416666666666681,-0.03416666666666672,0.02875000000000004
arousal_primary_6s,classification,full,LSTM,20260907,test,pupil_min_z,P45,0.006169058628075064,0.0021797874256890616,0.003989271202386003
arousal_primary_6s,classification,full,LSTM,20260907,test,pupil_min_z,P5,0.005982905982905962,-0.001282051282051244,0.007264957264957206
arousal_primary_6s,classification,full,LSTM,20260907,test,pupil_max_z,P10,-0.003984801481374612,0.0012553206839333365,-0.005240122165307948
arousal_primary_6s,classification,full,LSTM,20260907,test,pupil_max_z,P11,-0.006211180124223614,-0.0074534161490683705,0.0012422360248447563
arousal_primary_6s,classification,full,LSTM,20260907,test,pupil_max_z,P15,-0.00489716441523671,0.011588170865279291,-0.016485335280516003
arousal_primary_6s,classification,full,LSTM,20260907,test,pupil_max_z,P16,0.01717791411042944,-0.009406952965235204,0.026584867075664643
arousal_primary_6s,classification,full,LSTM,20260907,test,pupil_max_z,P37,0.013873542050337629,-0.04422958870472683,0.05810313075506446
arousal_primary_6s,classification,full,LSTM,20260907,test,pupil_max_z,P39,-0.001666666666666694,0.004583333333333317,-0.006250000000000011
arousal_primary_6s,classification,full,LSTM,20260907,test,pupil_max_z,P45,0.00035429051822497557,0.003659000380311839,-0.003304709862086863
arousal_primary_6s,classification,full,LSTM,20260907,test,pupil_max_z,P5,-0.00982905982905985,-0.009401709401709368,-0.00042735042735048134
arousal_primary_6s,classification,full,LSTM,20260907,test,pupil_slope_z_s,P10,-0.001163937185869246,0.0020104369574104886,-0.0031743741432797346
arousal_primary_6s,classification,full,LSTM,20260907,test,pupil_slope_z_s,P11,0.01697722567287784,-0.004554865424430676,0.021532091097308515
arousal_primary_6s,classification,full,LSTM,20260907,test,pupil_slope_z_s,P15,0.011675794085432623,0.004802239260070595,0.0068735548253620275
arousal_primary_6s,classification,full,LSTM,20260907,test,pupil_slope_z_s,P16,0.007770961145194255,0.0016359918200408718,0.006134969325153383
arousal_primary_6s,classification,full,LSTM,20260907,test,pupil_slope_z_s,P37,0.011111111111111117,0.01850828729281768,-0.007397176181706565
arousal_primary_6s,classification,full,LSTM,20260907,test,pupil_slope_z_s,P39,-0.02250000000000003,-0.003750000000000009,-0.01875000000000002
arousal_primary_6s,classification,full,LSTM,20260907,test,pupil_slope_z_s,P45,-4.603775095572971e-05,-0.006213094737684888,0.006167056986729158
arousal_primary_6s,classification,full,LSTM,20260907,test,pupil_slope_z_s,P5,0.005982905982905973,0.015384615384615408,-0.009401709401709434
arousal_primary_6s,classification,full,LSTM,20260907,test,modalidad:EEG,P10,-0.015198518625399804,0.007113483875622273,-0.022312002501022075
arousal_primary_6s,classification,full,LSTM,20260907,test,modalidad:EEG,P11,0.012422360248447173,-0.002484472049689479,0.014906832298136653
arousal_primary_6s,classification,full,LSTM,20260907,test,modalidad:EEG,P15,0.018938785444809526,0.013647316538882792,0.0052914689059267335
arousal_primary_6s,classification,full,LSTM,20260907,test,modalidad:EEG,P16,0.00408997955010224,-0.009406952965235226,0.013496932515337467
arousal_primary_6s,classification,full,LSTM,20260907,test,modalidad:EEG,P37,0.012062615101289148,0.04333947206875385,-0.0312768569674647
arousal_primary_6s,classification,full,LSTM,20260907,test,modalidad:EEG,P39,-0.009166666666666679,-0.005416666666666703,-0.0037499999999999756
arousal_primary_6s,classification,full,LSTM,20260907,test,modalidad:EEG,P45,0.0003042494845774235,-0.013921415560759797,0.01422566504533722
arousal_primary_6s,classification,full,LSTM,20260907,test,modalidad:EEG,P5,-0.022222222222222244,0.020940170940170966,-0.04316239316239321
arousal_primary_6s,classification,full,LSTM,20260907,test,modalidad:Eye,P10,-0.004677392203544739,-0.009198470528821867,0.004521078325277128
arousal_primary_6s,classification,full,LSTM,20260907,test,modalidad:Eye,P11,-0.004554865424430654,-0.01573498964803316,0.011180124223602506
arousal_primary_6s,classification,full,LSTM,20260907,test,modalidad:Eye,P15,0.01805281732992573,0.017273944261896067,0.0007788730680296646
arousal_primary_6s,classification,full,LSTM,20260907,test,modalidad:Eye,P16,-0.0028629856850715617,-0.03762781186094074,0.03476482617586918
arousal_primary_6s,classification,full,LSTM,20260907,test,modalidad:Eye,P37,0.06022099447513811,0.02740945365254759,0.032811540822590524
arousal_primary_6s,classification,full,LSTM,20260907,test,modalidad:Eye,P39,-0.02416666666666668,-0.025833333333333364,0.0016666666666666843
arousal_primary_6s,classification,full,LSTM,20260907,test,modalidad:Eye,P45,-0.005842791088692701,-0.010640725394823724,0.0047979343061310235
arousal_primary_6s,classification,full,LSTM,20260907,test,modalidad:Eye,P5,-0.04786324786324788,0.00042735042735044806,-0.04829059829059833
arousal_primary_6s,classification,full,LSTM,20260907,test,modalidad:Pupil,P10,0.003359545968304356,0.004831301252915865,-0.0014717552846115088
arousal_primary_6s,classification,full,LSTM,20260907,test,modalidad:Pupil,P11,-0.0140786749482402,-0.021118012422360277,0.007039337474120078
arousal_primary_6s,classification,full,LSTM,20260907,test,modalidad:Pupil,P15,0.019615431422660312,0.020070585371790194,-0.00045515394912988213
arousal_primary_6s,classification,full,LSTM,20260907,test,modalidad:Pupil,P16,0.030265848670756657,0.0028629856850715175,0.027402862985685138
arousal_primary_6s,classification,full,LSTM,20260907,test,modalidad:Pupil,P37,0.11295273173726213,0.0488950276243094,0.06405770411295272
arousal_primary_6s,classification,full,LSTM,20260907,test,modalidad:Pupil,P39,-0.007083333333333386,-0.005416666666666703,-0.0016666666666666826
arousal_primary_6s,classification,full,LSTM,20260907,test,modalidad:Pupil,P45,-0.01101503232650768,-0.0113933425408835,0.00037831021437582067
arousal_primary_6s,classification,full,LSTM,20260907,test,modalidad:Pupil,P5,0.006837606837606836,0.0029914529914530142,0.0038461538461538216
arousal_primary_6s,regression,Eye_Pupil,BiLSTM,20260907,validation,gaze_dispersion_x_px,P23,0.004518593308512076,-1.1349218155931596e-06,0.004519728230327669
arousal_primary_6s,regression,Eye_Pupil,BiLSTM,20260907,validation,gaze_dispersion_x_px,P28,0.006867835517905663,5.9626115893407496e-05,0.006808209402012255
arousal_primary_6s,regression,Eye_Pupil,BiLSTM,20260907,validation,gaze_dispersion_x_px,P31,-9.11958213798414e-06,-4.072265236509942e-06,-5.047316901474197e-06
arousal_primary_6s,regression,Eye_Pupil,BiLSTM,20260907,validation,gaze_dispersion_x_px,P32,-0.0022278484684450594,-9.130958382783661e-05,-0.0021365388846172227
arousal_primary_6s,regression,Eye_Pupil,BiLSTM,20260907,validation,gaze_dispersion_x_px,P38,-0.00038785680818298474,-1.8662263187230187e-05,-0.00036919454499575457
arousal_primary_6s,regression,Eye_Pupil,BiLSTM,20260907,validation,gaze_dispersion_x_px,P41,-0.0012235433100279192,-5.1916060105838827e-05,-0.0011716272499220804
arousal_primary_6s,regression,Eye_Pupil,BiLSTM,20260907,validation,gaze_dispersion_x_px,P47,0.003395693431527369,4.400634104499979e-05,0.0033516870904823693
arousal_primary_6s,regression,Eye_Pupil,BiLSTM,20260907,validation,gaze_dispersion_x_px,P6,0.0014767152532812132,0.00010413598811451764,0.0013725792651666955
arousal_primary_6s,regression,Eye_Pupil,BiLSTM,20260907,validation,gaze_dispersion_y_px,P23,0.0012935373057554101,0.00040232277697642703,0.000891214528778983
arousal_primary_6s,regression,Eye_Pupil,BiLSTM,20260907,validation,gaze_dispersion_y_px,P28,-0.0008579727727577424,-0.0008292339319122988,-2.873884084544356e-05
arousal_primary_6s,regression,Eye_Pupil,BiLSTM,20260907,validation,gaze_dispersion_y_px,P31,-0.000512824727161787,0.002331297070206917,-0.002844121797368704
arousal_primary_6s,regression,Eye_Pupil,BiLSTM,20260907,validation,gaze_dispersion_y_px,P32,0.0023058056473790113,0.0007363129687821379,0.0015694926785968734
arousal_primary_6s,regression,Eye_Pupil,BiLSTM,20260907,validation,gaze_dispersion_y_px,P38,-0.0005015921242359945,4.581863832062716e-05,-0.0005474107625566216
arousal_primary_6s,regression,Eye_Pupil,BiLSTM,20260907,validation,gaze_dispersion_y_px,P41,-0.0011875668336048585,0.000807833050473028,-0.0019953998840778866
arousal_primary_6s,regression,Eye_Pupil,BiLSTM,20260907,validation,gaze_dispersion_y_px,P47,-0.0007028864157421876,-0.0011880699453950428,0.00048518352965285514
arousal_primary_6s,regression,Eye_Pupil,BiLSTM,20260907,validation,gaze_dispersion_y_px,P6,0.000625774102040122,3.158886953706919e-05,0.0005941852325030527
arousal_primary_6s,regression,Eye_Pupil,BiLSTM,20260907,validation,gaze_dispersion_2d_px,P23,0.0005397751530875627,-2.3375216413557e-05,0.0005631503695011197
arousal_primary_6s,regression,Eye_Pupil,BiLSTM,20260907,validation,gaze_dispersion_2d_px,P28,0.002650927761384425,0.0014394309812880257,0.0012114967800963994
arousal_primary_6s,regression,Eye_Pupil,BiLSTM,20260907,validation,gaze_dispersion_2d_px,P31,-0.0006354094691176648,-0.000676223171074275,4.081370195661014e-05
arousal_primary_6s,regression,Eye_Pupil,BiLSTM,20260907,validation,gaze_dispersion_2d_px,P32,0.00020096102562214835,-0.0008562174382328314,0.0010571784638549798
arousal_primary_6s,regression,Eye_Pupil,BiLSTM,20260907,validation,gaze_dispersion_2d_px,P38,0.00024537090286140816,0.0002118621351116623,3.350876774974585e-05
arousal_primary_6s,regression,Eye_Pupil,BiLSTM,20260907,validation,gaze_dispersion_2d_px,P41,-0.001716918642920362,-0.0007349564155312959,-0.000981962227389066
arousal_primary_6s,regression,Eye_Pupil,BiLSTM,20260907,validation,gaze_dispersion_2d_px,P47,0.0029733791857038173,0.0014564902865514817,0.0015168888991523356
arousal_primary_6s,regression,Eye_Pupil,BiLSTM,20260907,validation,gaze_dispersion_2d_px,P6,0.0007580469655043664,0.0013256826601305116,-0.0005676356946261452
arousal_primary_6s,regression,Eye_Pupil,BiLSTM,20260907,validation,gaze_path_length_px,P23,-0.0033174904905403533,0.000743584435919864,-0.004061074926460217
arousal_primary_6s,regression,Eye_Pupil,BiLSTM,20260907,validation,gaze_path_length_px,P28,-0.000288144295874293,0.0023638879316862926,-0.0026520322275605857
arousal_primary_6s,regression,Eye_Pupil,BiLSTM,20260907,validation,gaze_path_length_px,P31,0.00198754657064506,-0.0016693619079244382,0.003656908478569498
arousal_primary_6s,regression,Eye_Pupil,BiLSTM,20260907,validation,gaze_path_length_px,P32,0.00304569283368501,-6.707742445848375e-05,0.0031127702581434935
arousal_primary_6s,regression,Eye_Pupil,BiLSTM,20260907,validation,gaze_path_length_px,P38,-0.0018044420766367252,0.0017067774425358895,-0.003511219519172615
arousal_primary_6s,regression,Eye_Pupil,BiLSTM,20260907,validation,gaze_path_length_px,P41,6.432690695765687e-05,-0.0005677156590651489,0.0006320425660228058
arousal_primary_6s,regression,Eye_Pupil,BiLSTM,20260907,validation,gaze_path_length_px,P47,-0.006334025899446006,0.0006314193586528738,-0.00696544525809888
arousal_primary_6s,regression,Eye_Pupil,BiLSTM,20260907,validation,gaze_path_length_px,P6,0.005690595071941251,0.011862111450462853,-0.006171516378521601
arousal_primary_6s,regression,Eye_Pupil,BiLSTM,20260907,validation,fixation_count,P23,0.0003197619813488206,0.002176800174655269,-0.0018570381933064484
arousal_primary_6s,regression,Eye_Pupil,BiLSTM,20260907,validation,fixation_count,P28,0.0011326205132976773,0.004416704281922335,-0.0032840837686246576
arousal_primary_6s,regression,Eye_Pupil,BiLSTM,20260907,validation,fixation_count,P31,0.0012768692963837757,0.0006986851374677583,0.0005781841589160174
arousal_primary_6s,regression,Eye_Pupil,BiLSTM,20260907,validation,fixation_count,P32,0.002367682829391793,-0.0016642471028203599,0.004031929932212153
arousal_primary_6s,regression,Eye_Pupil,BiLSTM,20260907,validation,fixation_count,P38,0.000867580987722949,-0.001790287210159658,0.002657868197882607
arousal_primary_6s,regression,Eye_Pupil,BiLSTM,20260907,validation,fixation_count,P41,-0.0036784558828241833,0.0006452836548318964,-0.0043237395376560794
arousal_primary_6s,regression,Eye_Pupil,BiLSTM,20260907,validation,fixation_count,P47,0.000515640855217403,-0.0004501731077843463,0.0009658139630017494
arousal_primary_6s,regression,Eye_Pupil,BiLSTM,20260907,validation,fixation_count,P6,-0.00025869190614282724,-0.002307293184608872,0.0020486012784660446
arousal_primary_6s,regression,Eye_Pupil,BiLSTM,20260907,validation,fixation_total_ms,P23,-0.0022648521348498816,-0.00046832856156258095,-0.0017965235732873006
arousal_primary_6s,regression,Eye_Pupil,BiLSTM,20260907,validation,fixation_total_ms,P28,0.004843168894329475,-0.0010479087371084272,0.005891077631437903
arousal_primary_6s,regression,Eye_Pupil,BiLSTM,20260907,validation,fixation_total_ms,P31,0.003951213364905915,-0.0003022571857258072,0.004253470550631722
arousal_primary_6s,regression,Eye_Pupil,BiLSTM,20260907,validation,fixation_total_ms,P32,0.0017134719536086918,-0.00012078799540908847,0.0018342599490177804
arousal_primary_6s,regression,Eye_Pupil,BiLSTM,20260907,validation,fixation_total_ms,P38,-0.0005919066371149473,-3.163667721768348e-05,-0.0005602699598972638
arousal_primary_6s,regression,Eye_Pupil,BiLSTM,20260907,validation,fixation_total_ms,P41,-5.2596737015075945e-05,0.00015017695814023568,-0.00020277369515531163
arousal_primary_6s,regression,Eye_Pupil,BiLSTM,20260907,validation,fixation_total_ms,P47,0.0012610990485726115,-0.00047084932299621405,0.0017319483715688257
arousal_primary_6s,regression,Eye_Pupil,BiLSTM,20260907,validation,fixation_total_ms,P6,-0.0008202450934105876,0.00017859579654146973,-0.0009988408899520573
arousal_primary_6s,regression,Eye_Pupil,BiLSTM,20260907,validation,fixation_mean_ms,P23,5.4722749700775176e-05,-0.0010797753311347468,0.001134498080835522
arousal_primary_6s,regression,Eye_Pupil,BiLSTM,20260907,validation,fixation_mean_ms,P28,0.00036765544164027995,-0.004351359872309524,0.004719015313949804
arousal_primary_6s,regression,Eye_Pupil,BiLSTM,20260907,validation,fixation_mean_ms,P31,0.0028179719889075638,-0.001389397237636314,0.004207369226543878
arousal_primary_6s,regression,Eye_Pupil,BiLSTM,20260907,validation,fixation_mean_ms,P32,0.0022442265710870047,0.001202819469708305,0.0010414071013786998
arousal_primary_6s,regression,Eye_Pupil,BiLSTM,20260907,validation,fixation_mean_ms,P38,-0.0005410827461626244,0.0006213387742792786,-0.001162421520441903
arousal_primary_6s,regression,Eye_Pupil,BiLSTM,20260907,validation,fixation_mean_ms,P41,-0.0012270658933449142,0.0007998373949964721,-0.0020269032883413864
arousal_primary_6s,regression,Eye_Pupil,BiLSTM,20260907,validation,fixation_mean_ms,P47,0.00013482090312604277,-6.357868516317921e-05,0.00019839958828922198
arousal_primary_6s,regression,Eye_Pupil,BiLSTM,20260907,validation,fixation_mean_ms,P6,0.0007828834020722653,0.001004860335443003,-0.00022197693337073772
arousal_primary_6s,regression,Eye_Pupil,BiLSTM,20260907,validation,fixation_median_ms,P23,0.00020904085971946708,-1.5833678461585343e-05,0.00022487453818105242
arousal_primary_6s,regression,Eye_Pupil,BiLSTM,20260907,validation,fixation_median_ms,P28,0.005611771190862136,-0.0002579916755091727,0.005869762866371309
arousal_primary_6s,regression,Eye_Pupil,BiLSTM,20260907,validation,fixation_median_ms,P31,0.0012091340765198132,-6.176207450703242e-05,0.0012708961510268456
arousal_primary_6s,regression,Eye_Pupil,BiLSTM,20260907,validation,fixation_median_ms,P32,-0.0015278603221122288,8.811398471226805e-05,-0.0016159743068244969
arousal_primary_6s,regression,Eye_Pupil,BiLSTM,20260907,validation,fixation_median_ms,P38,-0.00013798220821135133,2.2442849214154847e-05,-0.00016042505742550617
arousal_primary_6s,regression,Eye_Pupil,BiLSTM,20260907,validation,fixation_median_ms,P41,-0.0011750324460878315,3.2259652591348775e-05,-0.0012072920986791803
arousal_primary_6s,regression,Eye_Pupil,BiLSTM,20260907,validation,fixation_median_ms,P47,0.002013949785193181,-4.00924717843143e-05,0.002054042256977495
arousal_primary_6s,regression,Eye_Pupil,BiLSTM,20260907,validation,fixation_median_ms,P6,0.0009941649682521981,5.4364281930774363e-05,0.0009398006863214237
arousal_primary_6s,regression,Eye_Pupil,BiLSTM,20260907,validation,saccade_count,P23,-0.00016655546545196742,-0.000925044309005818,0.0007584888435538506
arousal_primary_6s,regression,Eye_Pupil,BiLSTM,20260907,validation,saccade_count,P28,0.0011869940672033286,-0.0024631666502819673,0.003650160717485296
arousal_primary_6s,regression,Eye_Pupil,BiLSTM,20260907,validation,saccade_count,P31,-0.003492811776210103,-0.0006685958414064163,-0.0028242159348036864
arousal_primary_6s,regression,Eye_Pupil,BiLSTM,20260907,validation,saccade_count,P32,-0.0012615761370371238,0.0012830026846669894,-0.002544578821704113
arousal_primary_6s,regression,Eye_Pupil,BiLSTM,20260907,validation,saccade_count,P38,0.00174035350157693,0.0015004141779496384,0.00023993932362729163
arousal_primary_6s,regression,Eye_Pupil,BiLSTM,20260907,validation,saccade_count,P41,0.007400968954584641,0.0018770881817917972,0.005523880772792844
arousal_primary_6s,regression,Eye_Pupil,BiLSTM,20260907,validation,saccade_count,P47,1.9421506998296145e-05,-0.00022710529056069184,0.000246526797558988
arousal_primary_6s,regression,Eye_Pupil,BiLSTM,20260907,validation,saccade_count,P6,-0.0004915976268085043,0.004204897768869786,-0.004696495395678291
arousal_primary_6s,regression,Eye_Pupil,BiLSTM,20260907,validation,saccade_mean_ms,P23,0.003206068585110988,4.303949989676869e-05,0.0031630290852142193
arousal_primary_6s,regression,Eye_Pupil,BiLSTM,20260907,validation,saccade_mean_ms,P28,0.005538857450258705,0.00053409054861977,0.005004766901638934
arousal_primary_6s,regression,Eye_Pupil,BiLSTM,20260907,validation,saccade_mean_ms,P31,-0.00028793159949409565,-0.0015014563548792826,0.001213524755385187
arousal_primary_6s,regression,Eye_Pupil,BiLSTM,20260907,validation,saccade_mean_ms,P32,0.0019258685850483293,0.000171679078272291,0.0017541895067760382
arousal_primary_6s,regression,Eye_Pupil,BiLSTM,20260907,validation,saccade_mean_ms,P38,0.0016849735887500827,0.0004890807581226176,0.0011958928306274653
arousal_primary_6s,regression,Eye_Pupil,BiLSTM,20260907,validation,saccade_mean_ms,P41,-0.0017646852743546492,-0.0002116273750152331,-0.0015530578993394161
arousal_primary_6s,regression,Eye_Pupil,BiLSTM,20260907,validation,saccade_mean_ms,P47,0.0003168235342757786,0.0008177382456515669,-0.0005009147113757883
arousal_primary_6s,regression,Eye_Pupil,BiLSTM,20260907,validation,saccade_mean_ms,P6,0.0008442788268911538,-0.0005493322708035597,0.0013936110976947135
arousal_primary_6s,regression,Eye_Pupil,BiLSTM,20260907,validation,pupil_both_valid_fraction,P23,-0.002145595186889171,-0.0006094670222213106,-0.0015361281646678604
arousal_primary_6s,regression,Eye_Pupil,BiLSTM,20260907,validation,pupil_both_valid_fraction,P28,-0.0009549778664762698,0.0001596568501945228,-0.0011146347166707926
arousal_primary_6s,regression,Eye_Pupil,BiLSTM,20260907,validation,pupil_both_valid_fraction,P31,6.277094477149525e-05,0.00017746299639704867,-0.00011469205162555342
arousal_primary_6s,regression,Eye_Pupil,BiLSTM,20260907,validation,pupil_both_valid_fraction,P32,-0.0012216767515049077,-0.00032906388363662664,-0.000892612867868281
arousal_primary_6s,regression,Eye_Pupil,BiLSTM,20260907,validation,pupil_both_valid_fraction,P38,-0.0011118149407777001,-0.0003025408365488813,-0.0008092741042288188
arousal_primary_6s,regression,Eye_Pupil,BiLSTM,20260907,validation,pupil_both_valid_fraction,P41,0.0017908131160648821,-1.5665521880370293e-06,0.0017923796682529191
arousal_primary_6s,regression,Eye_Pupil,BiLSTM,20260907,validation,pupil_both_valid_fraction,P47,0.0010511236500278186,-0.0001284838424409962,0.001179607492468815
arousal_primary_6s,regression,Eye_Pupil,BiLSTM,20260907,validation,pupil_both_valid_fraction,P6,0.00012985669802469956,0.0004947077338343098,-0.0003648510358096102
arousal_primary_6s,regression,Eye_Pupil,BiLSTM,20260907,validation,pupil_mean_z,P23,0.0015741213076688743,-0.0002644699799337014,0.0018385912876025755
arousal_primary_6s,regression,Eye_Pupil,BiLSTM,20260907,validation,pupil_mean_z,P28,0.0008156763232669562,-0.005135858193736076,0.005951534517003032
arousal_primary_6s,regression,Eye_Pupil,BiLSTM,20260907,validation,pupil_mean_z,P31,-0.0029840011587149553,-0.0011536176275586784,-0.0018303835311562768
arousal_primary_6s,regression,Eye_Pupil,BiLSTM,20260907,validation,pupil_mean_z,P32,-0.0033578645992927703,-0.004225094342522518,0.0008672297432297475
arousal_primary_6s,regression,Eye_Pupil,BiLSTM,20260907,validation,pupil_mean_z,P38,-0.0005519239104623708,0.001697247529011836,-0.002249171439474207
arousal_primary_6s,regression,Eye_Pupil,BiLSTM,20260907,validation,pupil_mean_z,P41,0.00023351722744058279,1.1476419884060008e-05,0.00022204080755652277
arousal_primary_6s,regression,Eye_Pupil,BiLSTM,20260907,validation,pupil_mean_z,P47,0.0002056371447716865,0.004690990617046209,-0.0044853534722745225
arousal_primary_6s,regression,Eye_Pupil,BiLSTM,20260907,validation,pupil_mean_z,P6,0.0022734817358863956,0.0022176479602983522,5.5833775588043366e-05
arousal_primary_6s,regression,Eye_Pupil,BiLSTM,20260907,validation,pupil_std_z,P23,0.0035319534012683952,0.006485285755966475,-0.0029533323546980794
arousal_primary_6s,regression,Eye_Pupil,BiLSTM,20260907,validation,pupil_std_z,P28,0.002467092525225656,-0.005338250132736611,0.007805342657962267
arousal_primary_6s,regression,Eye_Pupil,BiLSTM,20260907,validation,pupil_std_z,P31,-0.0004996623266126932,-0.0011111679812390695,0.0006115056546263764
arousal_primary_6s,regression,Eye_Pupil,BiLSTM,20260907,validation,pupil_std_z,P32,0.0017958539304485433,0.01527247092447257,-0.013476616994024027
arousal_primary_6s,regression,Eye_Pupil,BiLSTM,20260907,validation,pupil_std_z,P38,0.0008220769879927481,0.011401207523670331,-0.010579130535677583
arousal_primary_6s,regression,Eye_Pupil,BiLSTM,20260907,validation,pupil_std_z,P41,0.0010863371595987825,0.008957477739888886,-0.007871140580290105
arousal_primary_6s,regression,Eye_Pupil,BiLSTM,20260907,validation,pupil_std_z,P47,-0.0018601682956390863,0.00047159054524370525,-0.0023317588408827915
arousal_primary_6s,regression,Eye_Pupil,BiLSTM,20260907,validation,pupil_std_z,P6,0.0012452785324238657,0.0032090538063901165,-0.001963775273966251
arousal_primary_6s,regression,Eye_Pupil,BiLSTM,20260907,validation,pupil_min_z,P23,0.008631622928568516,0.005415173704188691,0.0032164492243798243
arousal_primary_6s,regression,Eye_Pupil,BiLSTM,20260907,validation,pupil_min_z,P28,0.002634406833535663,0.008636964485492605,-0.006002557651956942
arousal_primary_6s,regression,Eye_Pupil,BiLSTM,20260907,validation,pupil_min_z,P31,-6.0537190182641255e-05,0.0013585470415529155,-0.0014190842317355567
arousal_primary_6s,regression,Eye_Pupil,BiLSTM,20260907,validation,pupil_min_z,P32,-0.004208426119734332,-0.002032473517140887,-0.0021759526025934453
arousal_primary_6s,regression,Eye_Pupil,BiLSTM,20260907,validation,pupil_min_z,P38,0.0006786161906856325,0.0008230242858427106,-0.00014440809515707813
arousal_primary_6s,regression,Eye_Pupil,BiLSTM,20260907,validation,pupil_min_z,P41,-0.0015404626591047688,-0.0016376353526664112,9.717269356164233e-05
arousal_primary_6s,regression,Eye_Pupil,BiLSTM,20260907,validation,pupil_min_z,P47,-0.0010919565497470307,0.005943900468633201,-0.007035857018380232
arousal_primary_6s,regression,Eye_Pupil,BiLSTM,20260907,validation,pupil_min_z,P6,-0.000608749040759804,0.0021201546226045755,-0.0027289036633643795
arousal_primary_6s,regression,Eye_Pupil,BiLSTM,20260907,validation,pupil_max_z,P23,-0.002027339067544687,0.009967897058818398,-0.011995236126363084
arousal_primary_6s,regression,Eye_Pupil,BiLSTM,20260907,validation,pupil_max_z,P28,-0.004402385602289538,0.022056734225447183,-0.026459119827736723
arousal_primary_6s,regression,Eye_Pupil,BiLSTM,20260907,validation,pupil_max_z,P31,-0.0013346091565499042,0.015543868371167413,-0.016878477527717317
arousal_primary_6s,regression,Eye_Pupil,BiLSTM,20260907,validation,pupil_max_z,P32,-0.0022035516217991267,0.015858804871225728,-0.018062356493024855
arousal_primary_6s,regression,Eye_Pupil,BiLSTM,20260907,validation,pupil_max_z,P38,0.0009677028866777349,0.025620378156046498,-0.024652675269368762
arousal_primary_6s,regression,Eye_Pupil,BiLSTM,20260907,validation,pupil_max_z,P41,-0.005761654812991379,0.01700211921985346,-0.02276377403284484
arousal_primary_6s,regression,Eye_Pupil,BiLSTM,20260907,validation,pupil_max_z,P47,0.0009598478095404151,0.0008492029165758197,0.00011064489296459541
arousal_primary_6s,regression,Eye_Pupil,BiLSTM,20260907,validation,pupil_max_z,P6,0.003076865949259977,0.00252876529678796,0.0005481006524720167
arousal_primary_6s,regression,Eye_Pupil,BiLSTM,20260907,validation,pupil_slope_z_s,P23,0.0023792677920656314,-8.042200827345081e-05,0.002459689800339082
arousal_primary_6s,regression,Eye_Pupil,BiLSTM,20260907,validation,pupil_slope_z_s,P28,0.0011675494223296612,-0.00015027405445244835,0.0013178234767821095
arousal_primary_6s,regression,Eye_Pupil,BiLSTM,20260907,validation,pupil_slope_z_s,P31,0.0015786317701564467,-0.00029819766838705685,0.0018768294385435036
arousal_primary_6s,regression,Eye_Pupil,BiLSTM,20260907,validation,pupil_slope_z_s,P32,0.004883947192077543,-0.0005497883351483823,0.005433735527225925
arousal_primary_6s,regression,Eye_Pupil,BiLSTM,20260907,validation,pupil_slope_z_s,P38,0.001433115364666726,-8.454166727460688e-05,0.001517657031941333
arousal_primary_6s,regression,Eye_Pupil,BiLSTM,20260907,validation,pupil_slope_z_s,P41,-0.0003263547847580206,0.0008456559968552879,-0.0011720107816133086
arousal_primary_6s,regression,Eye_Pupil,BiLSTM,20260907,validation,pupil_slope_z_s,P47,-0.0019413317438920607,-0.00015717845275324825,-0.0017841532911388124
arousal_primary_6s,regression,Eye_Pupil,BiLSTM,20260907,validation,pupil_slope_z_s,P6,-0.0022543348486066873,1.3364099136659036e-05,-0.0022676989477433463
arousal_primary_6s,regression,Eye_Pupil,BiLSTM,20260907,validation,modalidad:Eye,P23,0.003220240684308151,0.0002760704474201292,0.0029441702368880216
arousal_primary_6s,regression,Eye_Pupil,BiLSTM,20260907,validation,modalidad:Eye,P28,0.009715194850361097,-0.0016875596430891981,0.011402754493450296
arousal_primary_6s,regression,Eye_Pupil,BiLSTM,20260907,validation,modalidad:Eye,P31,0.003900957798330973,-0.004382344425439522,0.008283302223770495
arousal_primary_6s,regression,Eye_Pupil,BiLSTM,20260907,validation,modalidad:Eye,P32,0.003322217499303326,-0.0005352637514899561,0.003857481250793282
arousal_primary_6s,regression,Eye_Pupil,BiLSTM,20260907,validation,modalidad:Eye,P38,-0.0010577109853690647,0.001301150158778497,-0.0023588611441475614
arousal_primary_6s,regression,Eye_Pupil,BiLSTM,20260907,validation,modalidad:Eye,P41,-0.0015799415577955056,0.0016584680288706188,-0.0032384095866661244
arousal_primary_6s,regression,Eye_Pupil,BiLSTM,20260907,validation,modalidad:Eye,P47,0.006773708987298366,-0.002352666904558509,0.009126375891856876
arousal_primary_6s,regression,Eye_Pupil,BiLSTM,20260907,validation,modalidad:Eye,P6,0.013854370020975493,0.013477965263414604,0.00037640475756088934
arousal_primary_6s,regression,Eye_Pupil,BiLSTM,20260907,validation,modalidad:Pupil,P23,0.006131111015349822,0.0007388809679805374,0.005392230047369284
arousal_primary_6s,regression,Eye_Pupil,BiLSTM,20260907,validation,modalidad:Pupil,P28,0.004633582189254337,0.0022037811548411223,0.0024298010344132146
arousal_primary_6s,regression,Eye_Pupil,BiLSTM,20260907,validation,modalidad:Pupil,P31,-0.0020353475332580474,0.0036441815353302153,-0.005679529068588263
arousal_primary_6s,regression,Eye_Pupil,BiLSTM,20260907,validation,modalidad:Pupil,P32,-0.0061401728790190235,0.0013885050211191353,-0.007528677900138159
arousal_primary_6s,regression,Eye_Pupil,BiLSTM,20260907,validation,modalidad:Pupil,P38,0.000457554384526393,0.004541518823029178,-0.004083964438502785
arousal_primary_6s,regression,Eye_Pupil,BiLSTM,20260907,validation,modalidad:Pupil,P41,0.002451332016899821,0.009447811339030322,-0.006996479322130501
arousal_primary_6s,regression,Eye_Pupil,BiLSTM,20260907,validation,modalidad:Pupil,P47,0.0013844109728847088,-0.0006105668572716106,0.0019949778301563193
arousal_primary_6s,regression,Eye_Pupil,BiLSTM,20260907,validation,modalidad:Pupil,P6,0.0028724156227725394,-0.001623977886319583,0.004496393509092122
arousal_primary_6s,regression,Eye_Pupil,BiLSTM,20260907,test,gaze_dispersion_x_px,P10,-0.0014216034592123173,-2.1397224948405123e-05,-0.001400206234263912
arousal_primary_6s,regression,Eye_Pupil,BiLSTM,20260907,test,gaze_dispersion_x_px,P11,0.002233924282950328,5.326293403662419e-07,0.0022333916536099617
arousal_primary_6s,regression,Eye_Pupil,BiLSTM,20260907,test,gaze_dispersion_x_px,P15,-0.0008859845392615862,-0.000100372371389712,-0.0007856121678718742
arousal_primary_6s,regression,Eye_Pupil,BiLSTM,20260907,test,gaze_dispersion_x_px,P16,0.002870896470868134,-4.784073974823943e-05,0.0029187372106163735
arousal_primary_6s,regression,Eye_Pupil,BiLSTM,20260907,test,gaze_dispersion_x_px,P37,-0.0008431676625535456,-3.544215092552427e-05,-0.0008077255116280213
arousal_primary_6s,regression,Eye_Pupil,BiLSTM,20260907,test,gaze_dispersion_x_px,P39,0.0015831665878760948,-1.9821308986855967e-05,0.0016029878968629508
arousal_primary_6s,regression,Eye_Pupil,BiLSTM,20260907,test,gaze_dispersion_x_px,P45,0.003120837089622186,8.304894669022289e-05,0.003037788142931963
arousal_primary_6s,regression,Eye_Pupil,BiLSTM,20260907,test,gaze_dispersion_x_px,P5,0.0020782017018273315,3.2151132281232894e-05,0.0020460505695460984
arousal_primary_6s,regression,Eye_Pupil,BiLSTM,20260907,test,gaze_dispersion_y_px,P10,-0.004540172638023643,0.0030488734394341853,-0.007589046077457829
arousal_primary_6s,regression,Eye_Pupil,BiLSTM,20260907,test,gaze_dispersion_y_px,P11,-0.0015190753114055155,-0.001062335027890171,-0.0004567402835153444
arousal_primary_6s,regression,Eye_Pupil,BiLSTM,20260907,test,gaze_dispersion_y_px,P15,-0.0015691002854685276,0.00040075890047428506,-0.001969859185942813
arousal_primary_6s,regression,Eye_Pupil,BiLSTM,20260907,test,gaze_dispersion_y_px,P16,0.0009186191321740811,0.0021405933525765254,-0.0012219742204024444
arousal_primary_6s,regression,Eye_Pupil,BiLSTM,20260907,test,gaze_dispersion_y_px,P37,0.0009100149927803835,0.0010392228982197605,-0.000129207905439377
arousal_primary_6s,regression,Eye_Pupil,BiLSTM,20260907,test,gaze_dispersion_y_px,P39,8.091420781157766e-05,-0.0005916578560318353,0.000672572063843413
arousal_primary_6s,regression,Eye_Pupil,BiLSTM,20260907,test,gaze_dispersion_y_px,P45,-0.00040983456726304544,-0.0015526051277293894,0.001142770560466344
arousal_primary_6s,regression,Eye_Pupil,BiLSTM,20260907,test,gaze_dispersion_y_px,P5,0.00015922317426100285,-1.9368756906601447e-05,0.00017859193116760428
arousal_primary_6s,regression,Eye_Pupil,BiLSTM,20260907,test,gaze_dispersion_2d_px,P10,-0.0026700838026549436,-0.0009703992526996607,-0.0016996845499552828
arousal_primary_6s,regression,Eye_Pupil,BiLSTM,20260907,test,gaze_dispersion_2d_px,P11,0.000679819884826216,0.000539918781398363,0.00013990110342785298
arousal_primary_6s,regression,Eye_Pupil,BiLSTM,20260907,test,gaze_dispersion_2d_px,P15,-0.0013321211383392484,-0.0010869794297846181,-0.00024514170855463027
arousal_primary_6s,regression,Eye_Pupil,BiLSTM,20260907,test,gaze_dispersion_2d_px,P16,-0.0006048262309204855,-0.001315755282311626,0.0007109290513911405
arousal_primary_6s,regression,Eye_Pupil,BiLSTM,20260907,test,gaze_dispersion_2d_px,P37,-0.00020335292997666343,-0.0005472462253479415,0.00034389329537127806
arousal_primary_6s,regression,Eye_Pupil,BiLSTM,20260907,test,gaze_dispersion_2d_px,P39,-0.0009264883934713364,0.0002924048249446365,-0.0012188932184159728
arousal_primary_6s,regression,Eye_Pupil,BiLSTM,20260907,test,gaze_dispersion_2d_px,P45,0.000723062821791376,0.0018427818656880923,-0.0011197190438967165
arousal_primary_6s,regression,Eye_Pupil,BiLSTM,20260907,test,gaze_dispersion_2d_px,P5,0.00013810654052373028,0.0006297877487891235,-0.0004916812082653932
arousal_primary_6s,regression,Eye_Pupil,BiLSTM,20260907,test,gaze_path_length_px,P10,0.01014871505940813,-0.0018663685244234784,0.012015083583831609
arousal_primary_6s,regression,Eye_Pupil,BiLSTM,20260907,test,gaze_path_length_px,P11,-0.005882650554102487,0.0018776813167264983,-0.007760331870828985
arousal_primary_6s,regression,Eye_Pupil,BiLSTM,20260907,test,gaze_path_length_px,P15,0.00016082541557955744,0.0004064288992922993,-0.00024560348371274184
arousal_primary_6s,regression,Eye_Pupil,BiLSTM,20260907,test,gaze_path_length_px,P16,-0.001149862142045599,-0.0015956826016645166,0.00044582045961891756
arousal_primary_6s,regression,Eye_Pupil,BiLSTM,20260907,test,gaze_path_length_px,P37,-0.0003196671746885871,-0.00018208593176587405,-0.00013758124292271304
arousal_primary_6s,regression,Eye_Pupil,BiLSTM,20260907,test,gaze_path_length_px,P39,-4.6404628345664276e-05,0.0004689253640450808,-0.000515329992390745
arousal_primary_6s,regression,Eye_Pupil,BiLSTM,20260907,test,gaze_path_length_px,P45,-0.0017588287252577439,0.0025568702610143657,-0.00431569898627211
arousal_primary_6s,regression,Eye_Pupil,BiLSTM,20260907,test,gaze_path_length_px,P5,-0.0004014332077509009,0.0010926987479555005,-0.0014941319557064013
arousal_primary_6s,regression,Eye_Pupil,BiLSTM,20260907,test,fixation_count,P10,0.00012514779547077027,0.001657593491226228,-0.0015324456957554577
arousal_primary_6s,regression,Eye_Pupil,BiLSTM,20260907,test,fixation_count,P11,-0.0021529579544754983,0.003430777276172492,-0.00558373523064799
arousal_primary_6s,regression,Eye_Pupil,BiLSTM,20260907,test,fixation_count,P15,-0.00044488245239011627,-0.0008932499497519952,0.0004483674973618789
arousal_primary_6s,regression,Eye_Pupil,BiLSTM,20260907,test,fixation_count,P16,-0.0032167424392556044,-0.002734450799915189,-0.0004822916393404154
arousal_primary_6s,regression,Eye_Pupil,BiLSTM,20260907,test,fixation_count,P37,-0.001356826613994877,0.0010681058742239903,-0.0024249324882188675
arousal_primary_6s,regression,Eye_Pupil,BiLSTM,20260907,test,fixation_count,P39,0.0022628923369378386,-9.835504348369995e-05,0.0023612473804215384
arousal_primary_6s,regression,Eye_Pupil,BiLSTM,20260907,test,fixation_count,P45,-0.0022316857478966944,0.004074131667554992,-0.006305817415451687
arousal_primary_6s,regression,Eye_Pupil,BiLSTM,20260907,test,fixation_count,P5,-0.00041542877793834256,-0.0009780109276718463,0.0005625821497335038
arousal_primary_6s,regression,Eye_Pupil,BiLSTM,20260907,test,fixation_total_ms,P10,-2.5195261640220677e-05,0.0001395360750833685,-0.0001647313367235892
arousal_primary_6s,regression,Eye_Pupil,BiLSTM,20260907,test,fixation_total_ms,P11,-0.0018381564068242096,-0.00039483116264642514,-0.0014433252441777844
arousal_primary_6s,regression,Eye_Pupil,BiLSTM,20260907,test,fixation_total_ms,P15,0.0015306164920336762,-0.00013946069357824166,0.0016700771856119178
arousal_primary_6s,regression,Eye_Pupil,BiLSTM,20260907,test,fixation_total_ms,P16,-0.010825920076441387,0.0010616566467035015,-0.011887576723144888
arousal_primary_6s,regression,Eye_Pupil,BiLSTM,20260907,test,fixation_total_ms,P37,0.0018985818365722773,-0.00011703222494541254,0.00201561406151769
arousal_primary_6s,regression,Eye_Pupil,BiLSTM,20260907,test,fixation_total_ms,P39,0.00030011927690511977,-0.00015866462124156656,0.0004587838981466863
arousal_primary_6s,regression,Eye_Pupil,BiLSTM,20260907,test,fixation_total_ms,P45,0.001026704119798616,-0.00046391615592993317,0.0014906202757285492
arousal_primary_6s,regression,Eye_Pupil,BiLSTM,20260907,test,fixation_total_ms,P5,9.067679043541776e-05,-0.0005349268016840325,0.0006256035921194503
arousal_primary_6s,regression,Eye_Pupil,BiLSTM,20260907,test,fixation_mean_ms,P10,-0.001031518719047142,-0.00017284061986209132,-0.0008586780991850508
arousal_primary_6s,regression,Eye_Pupil,BiLSTM,20260907,test,fixation_mean_ms,P11,-0.0028676238150762146,-0.004371327503700085,0.00150370368862387
arousal_primary_6s,regression,Eye_Pupil,BiLSTM,20260907,test,fixation_mean_ms,P15,0.000881803086637456,0.00184222384501469,-0.000960420758377234
arousal_primary_6s,regression,Eye_Pupil,BiLSTM,20260907,test,fixation_mean_ms,P16,-0.00035317788766207057,0.01789466697158375,-0.018247844859245823
arousal_primary_6s,regression,Eye_Pupil,BiLSTM,20260907,test,fixation_mean_ms,P37,-0.0010763091426188476,9.114338948150724e-05,-0.001167452532100355
arousal_primary_6s,regression,Eye_Pupil,BiLSTM,20260907,test,fixation_mean_ms,P39,-0.0005392275463066643,0.0006479008762245275,-0.0011871284225311919
arousal_primary_6s,regression,Eye_Pupil,BiLSTM,20260907,test,fixation_mean_ms,P45,-0.002118420657953135,-0.001999083026571258,-0.00011933763138187708
arousal_primary_6s,regression,Eye_Pupil,BiLSTM,20260907,test,fixation_mean_ms,P5,0.00024256511873268493,-0.00034720950108235726,0.0005897746198150422
arousal_primary_6s,regression,Eye_Pupil,BiLSTM,20260907,test,fixation_median_ms,P10,0.00013256526203249132,-2.6640040913505913e-05,0.00015920530294599722
arousal_primary_6s,regression,Eye_Pupil,BiLSTM,20260907,test,fixation_median_ms,P11,0.000853809604323974,-0.00033652746862002927,0.0011903370729440033
arousal_primary_6s,regression,Eye_Pupil,BiLSTM,20260907,test,fixation_median_ms,P15,-0.00010434501542566643,0.00010424298353637341,-0.00020858799896203984
arousal_primary_6s,regression,Eye_Pupil,BiLSTM,20260907,test,fixation_median_ms,P16,-0.0024289219515257533,0.0004669357334927904,-0.0028958576850185436
arousal_primary_6s,regression,Eye_Pupil,BiLSTM,20260907,test,fixation_median_ms,P37,-0.000272748456866867,2.105801720782008e-05,-0.0002938064740746871
arousal_primary_6s,regression,Eye_Pupil,BiLSTM,20260907,test,fixation_median_ms,P39,-0.002027231720569711,5.8731940896583625e-05,-0.0020859636614662946
arousal_primary_6s,regression,Eye_Pupil,BiLSTM,20260907,test,fixation_median_ms,P45,-0.00013589228735773063,-0.00015143132845523154,1.5539041097500906e-05
arousal_primary_6s,regression,Eye_Pupil,BiLSTM,20260907,test,fixation_median_ms,P5,5.7687226418545735e-05,-1.3627533496207711e-05,7.131475991475344e-05
arousal_primary_6s,regression,Eye_Pupil,BiLSTM,20260907,test,saccade_count,P10,0.0013747347916837516,-0.00024010602234083577,0.0016148408140245873
arousal_primary_6s,regression,Eye_Pupil,BiLSTM,20260907,test,saccade_count,P11,-0.0035360427565352738,-0.0016479032836168139,-0.0018881394729184599
arousal_primary_6s,regression,Eye_Pupil,BiLSTM,20260907,test,saccade_count,P15,0.0007760726128325679,0.0003902649807014047,0.0003858076321311632
arousal_primary_6s,regression,Eye_Pupil,BiLSTM,20260907,test,saccade_count,P16,0.00361182028195306,0.001801938246967416,0.0018098820349856438
arousal_primary_6s,regression,Eye_Pupil,BiLSTM,20260907,test,saccade_count,P37,0.0005871895332292265,-0.0008486439857931626,0.0014358335190223892
arousal_primary_6s,regression,Eye_Pupil,BiLSTM,20260907,test,saccade_count,P39,0.0007107913717261383,0.00038442879662849985,0.0003263625750976384
arousal_primary_6s,regression,Eye_Pupil,BiLSTM,20260907,test,saccade_count,P45,0.0005350962789511194,-0.0023692298069897698,0.002904326085940889
arousal_primary_6s,regression,Eye_Pupil,BiLSTM,20260907,test,saccade_count,P5,0.002442088496776873,-0.00020024311765551862,0.0026423316144323916
arousal_primary_6s,regression,Eye_Pupil,BiLSTM,20260907,test,saccade_mean_ms,P10,-0.002179483207703914,-0.0004334538454622727,-0.001746029362241641
arousal_primary_6s,regression,Eye_Pupil,BiLSTM,20260907,test,saccade_mean_ms,P11,0.004346924047003009,0.006200337151899849,-0.0018534131048968394
arousal_primary_6s,regression,Eye_Pupil,BiLSTM,20260907,test,saccade_mean_ms,P15,-0.0033781211236978857,-0.00020944081921454584,-0.0031686803044833397
arousal_primary_6s,regression,Eye_Pupil,BiLSTM,20260907,test,saccade_mean_ms,P16,-0.0007993369127171857,0.01639869440759174,-0.017198031320308924
arousal_primary_6s,regression,Eye_Pupil,BiLSTM,20260907,test,saccade_mean_ms,P37,-0.0005429645402064587,0.0004479196149108189,-0.0009908841551172776
arousal_primary_6s,regression,Eye_Pupil,BiLSTM,20260907,test,saccade_mean_ms,P39,0.0038551903652296105,0.0004697427107065888,0.003385447654523022
arousal_primary_6s,regression,Eye_Pupil,BiLSTM,20260907,test,saccade_mean_ms,P45,-0.0019927314438506595,0.0001435067469718998,-0.0021362381908225595
arousal_primary_6s,regression,Eye_Pupil,BiLSTM,20260907,test,saccade_mean_ms,P5,0.0021558784620006265,0.0010382935852749852,0.0011175848767256413
arousal_primary_6s,regression,Eye_Pupil,BiLSTM,20260907,test,pupil_both_valid_fraction,P10,0.0018502977366678496,1.6100619584991092e-05,0.0018341971170828585
arousal_primary_6s,regression,Eye_Pupil,BiLSTM,20260907,test,pupil_both_valid_fraction,P11,-0.004008384898642614,-3.57817340526978e-05,-0.003972603164589916
arousal_primary_6s,regression,Eye_Pupil,BiLSTM,20260907,test,pupil_both_valid_fraction,P15,0.0009469997626933679,0.0004254757771102291,0.0005215239855831388
arousal_primary_6s,regression,Eye_Pupil,BiLSTM,20260907,test,pupil_both_valid_fraction,P16,0.0003913677686826489,0.00019065010031229512,0.00020071766837035377
arousal_primary_6s,regression,Eye_Pupil,BiLSTM,20260907,test,pupil_both_valid_fraction,P37,0.0016214935308808353,2.6895245169678005e-05,0.0015945982857111572
arousal_primary_6s,regression,Eye_Pupil,BiLSTM,20260907,test,pupil_both_valid_fraction,P39,-0.00157259914212311,0.0004999549553833304,-0.0020725540975064403
arousal_primary_6s,regression,Eye_Pupil,BiLSTM,20260907,test,pupil_both_valid_fraction,P45,0.001223727065104363,-6.417472905408949e-05,0.0012879017941584525
arousal_primary_6s,regression,Eye_Pupil,BiLSTM,20260907,test,pupil_both_valid_fraction,P5,0.00013597371799012326,-0.0003546422320051423,0.0004906159499952656
arousal_primary_6s,regression,Eye_Pupil,BiLSTM,20260907,test,pupil_mean_z,P10,0.0025823061097947075,-0.0009536033493716456,0.0035359094591663532
arousal_primary_6s,regression,Eye_Pupil,BiLSTM,20260907,test,pupil_mean_z,P11,-0.0016124017283463577,0.0011540770523997823,-0.0027664787807461398
arousal_primary_6s,regression,Eye_Pupil,BiLSTM,20260907,test,pupil_mean_z,P15,0.002275378167791953,-0.002824242310375302,0.005099620478167255
arousal_primary_6s,regression,Eye_Pupil,BiLSTM,20260907,test,pupil_mean_z,P16,-0.0013658931475047265,0.0012545964882451077,-0.002620489635749834
arousal_primary_6s,regression,Eye_Pupil,BiLSTM,20260907,test,pupil_mean_z,P37,0.0008464410643093112,0.003079593891576149,-0.002233152827266838
arousal_primary_6s,regression,Eye_Pupil,BiLSTM,20260907,test,pupil_mean_z,P39,-0.0015372108897295789,0.003597189823047442,-0.0051344007127770205
arousal_primary_6s,regression,Eye_Pupil,BiLSTM,20260907,test,pupil_mean_z,P45,0.0018956301538757049,7.570377156946861e-05,0.0018199263823062363
arousal_primary_6s,regression,Eye_Pupil,BiLSTM,20260907,test,pupil_mean_z,P5,-0.0009789150377967903,0.0013491637819051717,-0.002328078819701962
arousal_primary_6s,regression,Eye_Pupil,BiLSTM,20260907,test,pupil_std_z,P10,0.0009854749254605277,-0.0032791771682653126,0.00426465209372584
arousal_primary_6s,regression,Eye_Pupil,BiLSTM,20260907,test,pupil_std_z,P11,0.0003707367251581939,0.0018779767648779311,-0.0015072400397197372
arousal_primary_6s,regression,Eye_Pupil,BiLSTM,20260907,test,pupil_std_z,P15,-0.0012615284865461263,0.016451168237505476,-0.017712696724051603
arousal_primary_6s,regression,Eye_Pupil,BiLSTM,20260907,test,pupil_std_z,P16,0.002497082225799785,0.005607462442182487,-0.0031103802163827024
arousal_primary_6s,regression,Eye_Pupil,BiLSTM,20260907,test,pupil_std_z,P37,0.000652506515995821,0.0014639549455023326,-0.0008114484295065116
arousal_primary_6s,regression,Eye_Pupil,BiLSTM,20260907,test,pupil_std_z,P39,-0.005479093154743886,-0.002746123303384129,-0.002732969851359757
arousal_primary_6s,regression,Eye_Pupil,BiLSTM,20260907,test,pupil_std_z,P45,0.0011214739742575254,0.006873136521459111,-0.0057516625472015855
arousal_primary_6s,regression,Eye_Pupil,BiLSTM,20260907,test,pupil_std_z,P5,-0.0006137831159193086,0.00030761830815428937,-0.0009214014240735979
arousal_primary_6s,regression,Eye_Pupil,BiLSTM,20260907,test,pupil_min_z,P10,0.0005824100190976011,0.013107087635775594,-0.012524677616677993
arousal_primary_6s,regression,Eye_Pupil,BiLSTM,20260907,test,pupil_min_z,P11,0.0005266146646351278,0.005313185354853455,-0.004786570690218327
arousal_primary_6s,regression,Eye_Pupil,BiLSTM,20260907,test,pupil_min_z,P15,-0.002047682212137225,-0.004424459393951663,0.002376777181814438
arousal_primary_6s,regression,Eye_Pupil,BiLSTM,20260907,test,pupil_min_z,P16,0.000861413986855597,0.003084080507443354,-0.0022226665205877572
arousal_primary_6s,regression,Eye_Pupil,BiLSTM,20260907,test,pupil_min_z,P37,0.001619805559349885,0.0027326983249520652,-0.0011128927656021803
arousal_primary_6s,regression,Eye_Pupil,BiLSTM,20260907,test,pupil_min_z,P39,0.00027756226176651745,0.006648763465785556,-0.006371201204019039
arousal_primary_6s,regression,Eye_Pupil,BiLSTM,20260907,test,pupil_min_z,P45,2.0100846148052298e-05,0.00021990182117193058,-0.0001998009750238783
arousal_primary_6s,regression,Eye_Pupil,BiLSTM,20260907,test,pupil_min_z,P5,0.00243528585415409,0.002765362094794521,-0.0003300762406404311
arousal_primary_6s,regression,Eye_Pupil,BiLSTM,20260907,test,pupil_max_z,P10,0.0004361334280827744,0.014714622244269383,-0.014278488816186609
arousal_primary_6s,regression,Eye_Pupil,BiLSTM,20260907,test,pupil_max_z,P11,-0.0010957216460063535,0.009427026379888636,-0.01052274802589499
arousal_primary_6s,regression,Eye_Pupil,BiLSTM,20260907,test,pupil_max_z,P15,0.0015712328915265862,0.006353619931260379,-0.0047823870397337934
arousal_primary_6s,regression,Eye_Pupil,BiLSTM,20260907,test,pupil_max_z,P16,-0.0009238135841717731,0.0014617074200494518,-0.0023855210042212248
arousal_primary_6s,regression,Eye_Pupil,BiLSTM,20260907,test,pupil_max_z,P37,0.0021902713418516127,0.0038679442784793185,-0.0016776729366277058
arousal_primary_6s,regression,Eye_Pupil,BiLSTM,20260907,test,pupil_max_z,P39,0.0015038144919727436,0.00253515499816932,-0.0010313405061965766
arousal_primary_6s,regression,Eye_Pupil,BiLSTM,20260907,test,pupil_max_z,P45,0.002853469715849366,0.014586670529621504,-0.01173320081377214
arousal_primary_6s,regression,Eye_Pupil,BiLSTM,20260907,test,pupil_max_z,P5,-0.004493696774426037,0.004794077408895059,-0.009287774183321097
arousal_primary_6s,regression,Eye_Pupil,BiLSTM,20260907,test,pupil_slope_z_s,P10,-0.0002305518050406352,-0.0007026799495959413,0.00047212814455530603
arousal_primary_6s,regression,Eye_Pupil,BiLSTM,20260907,test,pupil_slope_z_s,P11,-0.003185971122723341,-0.00033067464843175023,-0.002855296474291591
arousal_primary_6s,regression,Eye_Pupil,BiLSTM,20260907,test,pupil_slope_z_s,P15,-0.0005530858196269417,0.0008391307646046009,-0.0013922165842315424
arousal_primary_6s,regression,Eye_Pupil,BiLSTM,20260907,test,pupil_slope_z_s,P16,-0.0006356726507388722,-0.0002516999511782414,-0.0003839726995606308
arousal_primary_6s,regression,Eye_Pupil,BiLSTM,20260907,test,pupil_slope_z_s,P37,0.001965129326644033,4.125289290983769e-05,0.0019238764337341952
arousal_primary_6s,regression,Eye_Pupil,BiLSTM,20260907,test,pupil_slope_z_s,P39,0.0013654245436391932,0.0006439959821207708,0.0007214285615184223
arousal_primary_6s,regression,Eye_Pupil,BiLSTM,20260907,test,pupil_slope_z_s,P45,-0.00011143650930338645,-0.001083523386802776,0.0009720868774993896
arousal_primary_6s,regression,Eye_Pupil,BiLSTM,20260907,test,pupil_slope_z_s,P5,-0.00036495971021799356,0.0004039305893244638,-0.0007688902995424574
arousal_primary_6s,regression,Eye_Pupil,BiLSTM,20260907,test,modalidad:Eye,P10,3.5346753320331106e-05,-0.000269731729587841,0.0003050784829081721
arousal_primary_6s,regression,Eye_Pupil,BiLSTM,20260907,test,modalidad:Eye,P11,-0.0034019520679775097,0.0021671724547620563,-0.005569124522739566
arousal_primary_6s,regression,Eye_Pupil,BiLSTM,20260907,test,modalidad:Eye,P15,-0.006872793815259603,-0.0009307544108729359,-0.005942039404386667
arousal_primary_6s,regression,Eye_Pupil,BiLSTM,20260907,test,modalidad:Eye,P16,-0.005523102225970788,0.022582000592077732,-0.02810510281804852
arousal_primary_6s,regression,Eye_Pupil,BiLSTM,20260907,test,modalidad:Eye,P37,-0.0008052599027294826,-0.0007437538110133035,-6.150609171617916e-05
arousal_primary_6s,regression,Eye_Pupil,BiLSTM,20260907,test,modalidad:Eye,P39,0.006553095836496459,0.0005114023743747253,0.006041693462121734
arousal_primary_6s,regression,Eye_Pupil,BiLSTM,20260907,test,modalidad:Eye,P45,0.0016655112474947887,0.000973659907126212,0.0006918513403685767
arousal_primary_6s,regression,Eye_Pupil,BiLSTM,20260907,test,modalidad:Eye,P5,0.0027989634989711077,-4.5067073639892816e-05,0.0028440305726110007
arousal_primary_6s,regression,Eye_Pupil,BiLSTM,20260907,test,modalidad:Pupil,P10,0.0032592017402939266,0.003873213496772987,-0.0006140117564790602
arousal_primary_6s,regression,Eye_Pupil,BiLSTM,20260907,test,modalidad:Pupil,P11,-0.006802251962711914,0.0003441689323547825,-0.007146420895066697
arousal_primary_6s,regression,Eye_Pupil,BiLSTM,20260907,test,modalidad:Pupil,P15,-0.0006364011352665066,-0.0028589304009329465,0.00222252926566644
arousal_primary_6s,regression,Eye_Pupil,BiLSTM,20260907,test,modalidad:Pupil,P16,-0.0005255964008331393,-0.002641191039227331,0.0021155946383941914
arousal_primary_6s,regression,Eye_Pupil,BiLSTM,20260907,test,modalidad:Pupil,P37,0.007587584550044002,-0.0004779266518884828,0.008065511201932486
arousal_primary_6s,regression,Eye_Pupil,BiLSTM,20260907,test,modalidad:Pupil,P39,-0.0009727786388219695,-0.0010132806515621429,4.050201274017338e-05
arousal_primary_6s,regression,Eye_Pupil,BiLSTM,20260907,test,modalidad:Pupil,P45,0.006795210086566516,0.005396849986169183,0.0013983601003973332
arousal_primary_6s,regression,Eye_Pupil,BiLSTM,20260907,test,modalidad:Pupil,P5,-0.002259198152874564,-0.0017081263296217842,-0.00055107182325278
arousal_primary_6s,regression,full,BiLSTM,20260907,validation,eeg_rms_uv,P23,0.0008874281475182543,0.00020832753769934876,0.0006791006098189056
arousal_primary_6s,regression,full,BiLSTM,20260907,validation,eeg_rms_uv,P28,0.0020764352974387947,0.003933818454479554,-0.0018573831570407595
arousal_primary_6s,regression,full,BiLSTM,20260907,validation,eeg_rms_uv,P31,0.0008820504886970059,-0.0011590550217166929,0.002041105510413699
arousal_primary_6s,regression,full,BiLSTM,20260907,validation,eeg_rms_uv,P32,-0.0016904526125486098,7.691843534323173e-05,-0.0017673710478918415
arousal_primary_6s,regression,full,BiLSTM,20260907,validation,eeg_rms_uv,P38,0.0028191246118395076,-0.0020868746861393726,0.004905999297978881
arousal_primary_6s,regression,full,BiLSTM,20260907,validation,eeg_rms_uv,P41,0.0024416962472087354,0.001342230483442819,0.0010994657637659164
arousal_primary_6s,regression,full,BiLSTM,20260907,validation,eeg_rms_uv,P47,-0.0008882659851690899,0.0006636239526644605,-0.0015518899378335503
arousal_primary_6s,regression,full,BiLSTM,20260907,validation,eeg_rms_uv,P6,0.00011837329557511378,-0.0004764389546959569,0.0005948122502710707
arousal_primary_6s,regression,full,BiLSTM,20260907,validation,eeg_std_uv,P23,-0.000652237330040073,0.0006972369191055483,-0.0013494742491456215
arousal_primary_6s,regression,full,BiLSTM,20260907,validation,eeg_std_uv,P28,-0.0009579090168290394,0.0003328183954175223,-0.0012907274122465617
arousal_primary_6s,regression,full,BiLSTM,20260907,validation,eeg_std_uv,P31,0.0002617082115745628,0.0019454632575029774,-0.0016837550459284146
arousal_primary_6s,regression,full,BiLSTM,20260907,validation,eeg_std_uv,P32,0.0009382334312683316,0.0012226834551887888,-0.0002844500239204572
arousal_primary_6s,regression,full,BiLSTM,20260907,validation,eeg_std_uv,P38,0.00031777154051497724,0.008830994988970265,-0.008513223448455287
arousal_primary_6s,regression,full,BiLSTM,20260907,validation,eeg_std_uv,P41,-0.0018555453910953368,0.005431657064480478,-0.0072872024555758145
arousal_primary_6s,regression,full,BiLSTM,20260907,validation,eeg_std_uv,P47,0.00029576423065580393,-0.0010362670088115422,0.0013320312394673461
arousal_primary_6s,regression,full,BiLSTM,20260907,validation,eeg_std_uv,P6,0.0008015709344766586,0.0028944383519379445,-0.002092867417461286
arousal_primary_6s,regression,full,BiLSTM,20260907,validation,eeg_peak_to_peak_uv,P23,-0.000627562737487719,0.0004674398890257336,-0.0010950026265134525
arousal_primary_6s,regression,full,BiLSTM,20260907,validation,eeg_peak_to_peak_uv,P28,0.0006114530714147693,0.001509996259859836,-0.0008985431884450666
arousal_primary_6s,regression,full,BiLSTM,20260907,validation,eeg_peak_to_peak_uv,P31,-0.00016243970084581783,-0.00042150118887047673,0.00025906148802465887
arousal_primary_6s,regression,full,BiLSTM,20260907,validation,eeg_peak_to_peak_uv,P32,-4.904138509416178e-05,2.241094456347792e-05,-7.145232965763971e-05
arousal_primary_6s,regression,full,BiLSTM,20260907,validation,eeg_peak_to_peak_uv,P38,-0.003083082483519739,-0.0014297862486511103,-0.0016532962348686287
arousal_primary_6s,regression,full,BiLSTM,20260907,validation,eeg_peak_to_peak_uv,P41,0.0021608751582064658,9.440181070288211e-05,0.0020664733475035837
arousal_primary_6s,regression,full,BiLSTM,20260907,validation,eeg_peak_to_peak_uv,P47,0.0009563599671174039,0.00043289302179720933,0.0005234669453201945
arousal_primary_6s,regression,full,BiLSTM,20260907,validation,eeg_peak_to_peak_uv,P6,-0.00044350958227679094,-0.0004081900593591259,-3.5319522917665025e-05
arousal_primary_6s,regression,full,BiLSTM,20260907,validation,eeg_delta_relative,P23,0.0032332716386613168,0.0050964690852744795,-0.0018631974466131627
arousal_primary_6s,regression,full,BiLSTM,20260907,validation,eeg_delta_relative,P28,-0.0008557352815573571,0.0017231247239486436,-0.0025788600055060007
arousal_primary_6s,regression,full,BiLSTM,20260907,validation,eeg_delta_relative,P31,-0.0012927635515663117,0.0011264703143102572,-0.002419233865876569
arousal_primary_6s,regression,full,BiLSTM,20260907,validation,eeg_delta_relative,P32,0.003188265900722231,0.005029406952157522,-0.001841141051435291
arousal_primary_6s,regression,full,BiLSTM,20260907,validation,eeg_delta_relative,P38,0.002592427830121924,0.0070263169583228095,-0.0044338891282008856
arousal_primary_6s,regression,full,BiLSTM,20260907,validation,eeg_delta_relative,P41,-0.0015349795552367595,0.0025710106461210636,-0.004105990201357823
arousal_primary_6s,regression,full,BiLSTM,20260907,validation,eeg_delta_relative,P47,-0.0004269044996821236,-0.002876539858356608,0.0024496353586744846
arousal_primary_6s,regression,full,BiLSTM,20260907,validation,eeg_delta_relative,P6,0.0023738757732800764,0.005875875646404327,-0.0035019998731242504
arousal_primary_6s,regression,full,BiLSTM,20260907,validation,eeg_theta_relative,P23,-0.004125193302661434,0.00016595469016496002,-0.004291147992826394
arousal_primary_6s,regression,full,BiLSTM,20260907,validation,eeg_theta_relative,P28,0.000664417786818472,-0.0001829675395579544,0.0008473853263764264
arousal_primary_6s,regression,full,BiLSTM,20260907,validation,eeg_theta_relative,P31,-0.001672445120776711,0.0008830982871221637,-0.002555543407898875
arousal_primary_6s,regression,full,BiLSTM,20260907,validation,eeg_theta_relative,P32,-0.004398669212827344,-0.0017985032119997024,-0.002600166000827642
arousal_primary_6s,regression,full,BiLSTM,20260907,validation,eeg_theta_relative,P38,-0.011473092531758055,0.0017783207162019865,-0.013251413247960041
arousal_primary_6s,regression,full,BiLSTM,20260907,validation,eeg_theta_relative,P41,-0.0019493271241385114,0.0007978516367187271,-0.0027471787608572386
arousal_primary_6s,regression,full,BiLSTM,20260907,validation,eeg_theta_relative,P47,0.0029188324033441403,0.005715515316725206,-0.0027966829133810656
arousal_primary_6s,regression,full,BiLSTM,20260907,validation,eeg_theta_relative,P6,-0.0010032903960483842,-0.0007190167582875162,-0.000284273637760868
arousal_primary_6s,regression,full,BiLSTM,20260907,validation,eeg_alpha_relative,P23,0.001685316590118613,0.0003571431576770534,0.0013281734324415595
arousal_primary_6s,regression,full,BiLSTM,20260907,validation,eeg_alpha_relative,P28,-0.0009772099288698267,8.777194549414169e-05,-0.0010649818743639684
arousal_primary_6s,regression,full,BiLSTM,20260907,validation,eeg_alpha_relative,P31,-0.00018435181481477603,0.0008856806366080549,-0.001070032451422831
arousal_primary_6s,regression,full,BiLSTM,20260907,validation,eeg_alpha_relative,P32,0.0027087023122774,-0.0013067991080040198,0.00401550142028142
arousal_primary_6s,regression,full,BiLSTM,20260907,validation,eeg_alpha_relative,P38,-0.0011559284597258746,-0.00028502291851595363,-0.000870905541209921
arousal_primary_6s,regression,full,BiLSTM,20260907,validation,eeg_alpha_relative,P41,-0.00042182781902702084,0.00044477204929678217,-0.0008665998683238031
arousal_primary_6s,regression,full,BiLSTM,20260907,validation,eeg_alpha_relative,P47,-0.0024489777270250814,0.0036178839284135567,-0.006066861655438638
arousal_primary_6s,regression,full,BiLSTM,20260907,validation,eeg_alpha_relative,P6,-0.0027098059827789455,-0.0010128048135990887,-0.0016970011691798568
arousal_primary_6s,regression,full,BiLSTM,20260907,validation,eeg_beta_relative,P23,-0.00248701959294535,0.008759659150935151,-0.011246678743880502
arousal_primary_6s,regression,full,BiLSTM,20260907,validation,eeg_beta_relative,P28,-0.00047232670422863164,0.000207120041831943,-0.0006794467460605746
arousal_primary_6s,regression,full,BiLSTM,20260907,validation,eeg_beta_relative,P31,0.0002747137736872407,0.0013624790596543646,-0.0010877652859671238
arousal_primary_6s,regression,full,BiLSTM,20260907,validation,eeg_beta_relative,P32,0.0005626962723118467,0.004126361588848626,-0.0035636653165367796
arousal_primary_6s,regression,full,BiLSTM,20260907,validation,eeg_beta_relative,P38,-0.002975345772851634,0.01053750090805694,-0.013512846680908575
arousal_primary_6s,regression,full,BiLSTM,20260907,validation,eeg_beta_relative,P41,-0.0025298924000927148,0.0036219678083288633,-0.006151860208421578
arousal_primary_6s,regression,full,BiLSTM,20260907,validation,eeg_beta_relative,P47,-0.0011137525210159315,-0.004561122685284169,0.003447370164268237
arousal_primary_6s,regression,full,BiLSTM,20260907,validation,eeg_beta_relative,P6,-0.0031359759065425984,0.007278178442083116,-0.010414154348625715
arousal_primary_6s,regression,full,BiLSTM,20260907,validation,eeg_gamma_relative,P23,0.004322167315094117,0.0007005230093821257,0.0036216443057119907
arousal_primary_6s,regression,full,BiLSTM,20260907,validation,eeg_gamma_relative,P28,0.0003595426773735699,0.0003447407888580001,1.4801888515569817e-05
arousal_primary_6s,regression,full,BiLSTM,20260907,validation,eeg_gamma_relative,P31,0.0010612455447937207,0.005833583824550015,-0.004772338279756294
arousal_primary_6s,regression,full,BiLSTM,20260907,validation,eeg_gamma_relative,P32,0.006815671777952259,-0.00022821682645755015,0.0070438886044098085
arousal_primary_6s,regression,full,BiLSTM,20260907,validation,eeg_gamma_relative,P38,0.000752142158421254,0.0014293454546473682,-0.0006772032962261142
arousal_primary_6s,regression,full,BiLSTM,20260907,validation,eeg_gamma_relative,P41,-0.0008554877923604654,0.0002470389692876385,-0.001102526761648104
arousal_primary_6s,regression,full,BiLSTM,20260907,validation,eeg_gamma_relative,P47,0.00027920527671305707,0.004806514268832318,-0.004527308992119261
arousal_primary_6s,regression,full,BiLSTM,20260907,validation,eeg_gamma_relative,P6,0.0008171591997385485,-0.0023520355613639186,0.0031691947611024673
arousal_primary_6s,regression,full,BiLSTM,20260907,validation,eeg_line_noise_ratio,P23,-0.006139842688157882,9.009332156895145e-05,-0.006229936009726833
arousal_primary_6s,regression,full,BiLSTM,20260907,validation,eeg_line_noise_ratio,P28,0.0001002329404148794,0.00026858565109786345,-0.00016835271068298406
arousal_primary_6s,regression,full,BiLSTM,20260907,validation,eeg_line_noise_ratio,P31,0.0011335081621796084,-0.00025076373298495993,0.0013842718951645682
arousal_primary_6s,regression,full,BiLSTM,20260907,validation,eeg_line_noise_ratio,P32,0.0024658614528010768,2.477932189861587e-05,0.002441082130902461
arousal_primary_6s,regression,full,BiLSTM,20260907,validation,eeg_line_noise_ratio,P38,0.00538684032189436,0.0011647673807399395,0.00422207294115442
arousal_primary_6s,regression,full,BiLSTM,20260907,validation,eeg_line_noise_ratio,P41,-0.001692952453073726,-1.5134943821593082e-05,-0.001677817509252133
arousal_primary_6s,regression,full,BiLSTM,20260907,validation,eeg_line_noise_ratio,P47,-0.0025010792600689722,-0.00042184216038627654,-0.0020792370996826955
arousal_primary_6s,regression,full,BiLSTM,20260907,validation,eeg_line_noise_ratio,P6,0.0019119628456642612,0.00021785104827753976,0.0016941117973867214
arousal_primary_6s,regression,full,BiLSTM,20260907,validation,gaze_dispersion_x_px,P23,0.0033645653841086975,-2.965721878855909e-06,0.0033675311059875534
arousal_primary_6s,regression,full,BiLSTM,20260907,validation,gaze_dispersion_x_px,P28,0.0068088391849129735,-4.425068608653327e-05,0.006853089870999507
arousal_primary_6s,regression,full,BiLSTM,20260907,validation,gaze_dispersion_x_px,P31,0.00021314511148391447,4.69634669357788e-06,0.0002084487647903366
arousal_primary_6s,regression,full,BiLSTM,20260907,validation,gaze_dispersion_x_px,P32,-0.0003366677127940365,7.660203705677216e-05,-0.00041326974985080863
arousal_primary_6s,regression,full,BiLSTM,20260907,validation,gaze_dispersion_x_px,P38,0.0015014983548234718,1.9198503183970315e-05,0.0014822998516395014
arousal_primary_6s,regression,full,BiLSTM,20260907,validation,gaze_dispersion_x_px,P41,0.0007825713556944613,3.6296744847241766e-05,0.0007462746108472196
arousal_primary_6s,regression,full,BiLSTM,20260907,validation,gaze_dispersion_x_px,P47,0.0031778042591145807,-3.584420248459175e-05,0.0032136484615991725
arousal_primary_6s,regression,full,BiLSTM,20260907,validation,gaze_dispersion_x_px,P6,-0.00012476851002223287,-8.175827888794452e-05,-4.3010231134288355e-05
arousal_primary_6s,regression,full,BiLSTM,20260907,validation,gaze_dispersion_y_px,P23,0.0008286214989345675,0.00022267767238866033,0.0006059438265459071
arousal_primary_6s,regression,full,BiLSTM,20260907,validation,gaze_dispersion_y_px,P28,0.002612920854734324,-0.0006395815926850679,0.003252502447419392
arousal_primary_6s,regression,full,BiLSTM,20260907,validation,gaze_dispersion_y_px,P31,-0.0009842558909780364,0.0016517248143071762,-0.0026359807052852126
arousal_primary_6s,regression,full,BiLSTM,20260907,validation,gaze_dispersion_y_px,P32,-0.0005527291442803284,0.0006640500937721061,-0.0012167792380524344
arousal_primary_6s,regression,full,BiLSTM,20260907,validation,gaze_dispersion_y_px,P38,0.001337362367313233,2.5391271528074633e-05,0.0013119710957851583
arousal_primary_6s,regression,full,BiLSTM,20260907,validation,gaze_dispersion_y_px,P41,-0.0022187279702119422,0.0005671612684418736,-0.002785889238653816
arousal_primary_6s,regression,full,BiLSTM,20260907,validation,gaze_dispersion_y_px,P47,-0.0018492675816304872,-0.000870303678289952,-0.0009789639033405352
arousal_primary_6s,regression,full,BiLSTM,20260907,validation,gaze_dispersion_y_px,P6,0.00036699156318389383,4.474565492369464e-05,0.0003222459082601992
arousal_primary_6s,regression,full,BiLSTM,20260907,validation,gaze_dispersion_2d_px,P23,5.906196316254331e-05,1.136850026433045e-05,4.769346289821286e-05
arousal_primary_6s,regression,full,BiLSTM,20260907,validation,gaze_dispersion_2d_px,P28,0.0030017907442119853,0.0009443353242480912,0.002057455419963894
arousal_primary_6s,regression,full,BiLSTM,20260907,validation,gaze_dispersion_2d_px,P31,0.0003610331136942868,-0.0005396031148535263,0.0009006362285478131
arousal_primary_6s,regression,full,BiLSTM,20260907,validation,gaze_dispersion_2d_px,P32,0.0015311473546510523,-0.0007618636898390596,0.002293011044490112
arousal_primary_6s,regression,full,BiLSTM,20260907,validation,gaze_dispersion_2d_px,P38,-0.0010577232827738482,2.6107008129550024e-05,-0.0010838302909033982
arousal_primary_6s,regression,full,BiLSTM,20260907,validation,gaze_dispersion_2d_px,P41,0.0005865926423215928,-0.00048739193651199387,0.0010739845788335866
arousal_primary_6s,regression,full,BiLSTM,20260907,validation,gaze_dispersion_2d_px,P47,-0.0014098306855748755,0.0009720983203049816,-0.002381929005879857
arousal_primary_6s,regression,full,BiLSTM,20260907,validation,gaze_dispersion_2d_px,P6,0.003155015299132624,0.0009016715075968573,0.002253343791535767
arousal_primary_6s,regression,full,BiLSTM,20260907,validation,gaze_path_length_px,P23,0.0008948381202442013,0.0008600552847558785,3.478283548832286e-05
arousal_primary_6s,regression,full,BiLSTM,20260907,validation,gaze_path_length_px,P28,0.0050943508524535774,0.002426288411204558,0.0026680624412490197
arousal_primary_6s,regression,full,BiLSTM,20260907,validation,gaze_path_length_px,P31,-0.0011783003642035661,-0.0017163232259210792,0.0005380228617175131
arousal_primary_6s,regression,full,BiLSTM,20260907,validation,gaze_path_length_px,P32,-0.0009377919001305468,-0.0003603996059081238,-0.000577392294222423
arousal_primary_6s,regression,full,BiLSTM,20260907,validation,gaze_path_length_px,P38,0.0018415255550438658,0.0017232522780219472,0.00011827327702191854
arousal_primary_6s,regression,full,BiLSTM,20260907,validation,gaze_path_length_px,P41,-0.00394978474040335,-0.0005100693138311296,-0.0034397154265722206
arousal_primary_6s,regression,full,BiLSTM,20260907,validation,gaze_path_length_px,P47,0.0005640048239855755,0.0006296179490911325,-6.561312510555695e-05
arousal_primary_6s,regression,full,BiLSTM,20260907,validation,gaze_path_length_px,P6,0.025027321699861015,0.012358368777739636,0.012668952922121378
arousal_primary_6s,regression,full,BiLSTM,20260907,validation,fixation_count,P23,-0.001799126191215117,0.0024010858338938458,-0.004200212025108963
arousal_primary_6s,regression,full,BiLSTM,20260907,validation,fixation_count,P28,-0.0019140407606866195,0.004812499700570938,-0.006726540461257557
arousal_primary_6s,regression,full,BiLSTM,20260907,validation,fixation_count,P31,0.0015134246741504765,0.0007426154326357626,0.000770809241514714
arousal_primary_6s,regression,full,BiLSTM,20260907,validation,fixation_count,P32,0.0009199663948987081,-0.0019296759194288526,0.002849642314327561
arousal_primary_6s,regression,full,BiLSTM,20260907,validation,fixation_count,P38,0.0025598759584165797,-0.0018226829857102445,0.004382558944126824
arousal_primary_6s,regression,full,BiLSTM,20260907,validation,fixation_count,P41,-0.0015648158204238705,0.0007031482315536409,-0.0022679640519775116
arousal_primary_6s,regression,full,BiLSTM,20260907,validation,fixation_count,P47,0.0006729962079491614,-0.0005357487675586636,0.001208744975507825
arousal_primary_6s,regression,full,BiLSTM,20260907,validation,fixation_count,P6,0.0009865746495771877,-0.002363801003201815,0.0033503756527790028
arousal_primary_6s,regression,full,BiLSTM,20260907,validation,fixation_total_ms,P23,-0.003491287723911096,-4.4737885770018695e-05,-0.0034465498381410775
arousal_primary_6s,regression,full,BiLSTM,20260907,validation,fixation_total_ms,P28,-0.0015272071541640342,-9.638365640087798e-05,-0.0014308234977631563
arousal_primary_6s,regression,full,BiLSTM,20260907,validation,fixation_total_ms,P31,-0.0001087027020441722,-2.8339517906439405e-05,-8.03631841377328e-05
arousal_primary_6s,regression,full,BiLSTM,20260907,validation,fixation_total_ms,P32,0.0005055446329691238,-8.579922301743537e-06,0.0005141245552708673
arousal_primary_6s,regression,full,BiLSTM,20260907,validation,fixation_total_ms,P38,-8.4385670724485e-05,-2.11173926911723e-06,-8.227393145536777e-05
arousal_primary_6s,regression,full,BiLSTM,20260907,validation,fixation_total_ms,P41,0.0016878141159994086,1.1245427377293282e-05,0.0016765686886221153
arousal_primary_6s,regression,full,BiLSTM,20260907,validation,fixation_total_ms,P47,-0.002758339754367456,-4.270251794369351e-05,-0.0027156372364237624
arousal_primary_6s,regression,full,BiLSTM,20260907,validation,fixation_total_ms,P6,0.0022303346972567307,1.6719395835251838e-05,0.002213615301421479
arousal_primary_6s,regression,full,BiLSTM,20260907,validation,fixation_mean_ms,P23,0.0004426411118817697,-0.0015282677018069624,0.0019709088136887322
arousal_primary_6s,regression,full,BiLSTM,20260907,validation,fixation_mean_ms,P28,0.0038395418310814833,-0.005731093211940786,0.009570635043022269
arousal_primary_6s,regression,full,BiLSTM,20260907,validation,fixation_mean_ms,P31,0.0017895839048888361,-0.0017709437190785993,0.0035605276239674354
arousal_primary_6s,regression,full,BiLSTM,20260907,validation,fixation_mean_ms,P32,0.008762570240194157,0.0025083233386012484,0.006254246901592909
arousal_primary_6s,regression,full,BiLSTM,20260907,validation,fixation_mean_ms,P38,-0.0003769431982801663,0.0009012057925014139,-0.0012781489907815803
arousal_primary_6s,regression,full,BiLSTM,20260907,validation,fixation_mean_ms,P41,-0.0008902019100690328,0.0012107824787342292,-0.002100984388803262
arousal_primary_6s,regression,full,BiLSTM,20260907,validation,fixation_mean_ms,P47,0.0009076589460109474,0.0007329801465904672,0.00017467879942048017
arousal_primary_6s,regression,full,BiLSTM,20260907,validation,fixation_mean_ms,P6,-0.0002460150778702097,0.0015173862282750195,-0.0017634013061452291
arousal_primary_6s,regression,full,BiLSTM,20260907,validation,fixation_median_ms,P23,-0.000651435254452859,7.373546769502415e-05,-0.0007251707221478831
arousal_primary_6s,regression,full,BiLSTM,20260907,validation,fixation_median_ms,P28,0.009989680278586733,0.001065754217679893,0.008923926060906839
arousal_primary_6s,regression,full,BiLSTM,20260907,validation,fixation_median_ms,P31,0.0005400023662209153,0.0002519097357937206,0.0002880926304271947
arousal_primary_6s,regression,full,BiLSTM,20260907,validation,fixation_median_ms,P32,-0.009315598138560888,-0.0003395238199060735,-0.008976074318654815
arousal_primary_6s,regression,full,BiLSTM,20260907,validation,fixation_median_ms,P38,0.0003673564083480407,-8.417590752283211e-05,0.0004515323158708728
arousal_primary_6s,regression,full,BiLSTM,20260907,validation,fixation_median_ms,P41,0.000657456020968894,-6.895157474433589e-05,0.0007264075957132299
arousal_primary_6s,regression,full,BiLSTM,20260907,validation,fixation_median_ms,P47,0.002102836514751338,0.00023892947902224294,0.0018639070357290952
arousal_primary_6s,regression,full,BiLSTM,20260907,validation,fixation_median_ms,P6,-0.0014432795475613825,-0.0002498796187198948,-0.0011933999288414876
arousal_primary_6s,regression,full,BiLSTM,20260907,validation,saccade_count,P23,-0.0004621081181003683,-0.0008355197698913131,0.00037341165179094476
arousal_primary_6s,regression,full,BiLSTM,20260907,validation,saccade_count,P28,-0.0005515371512058165,-0.0020691781472266246,0.0015176409960208082
arousal_primary_6s,regression,full,BiLSTM,20260907,validation,saccade_count,P31,0.0006820457602997543,-0.000532965521409512,0.0012150112817092664
arousal_primary_6s,regression,full,BiLSTM,20260907,validation,saccade_count,P32,0.0011738300932299772,0.0012110516728413678,-3.722157961139061e-05
arousal_primary_6s,regression,full,BiLSTM,20260907,validation,saccade_count,P38,-0.0006597182783755872,0.0012107971143043629,-0.00187051539267995
arousal_primary_6s,regression,full,BiLSTM,20260907,validation,saccade_count,P41,0.002945314354920159,0.001506773223525304,0.0014385411313948548
arousal_primary_6s,regression,full,BiLSTM,20260907,validation,saccade_count,P47,0.0033964724009927227,-0.00018181138188446688,0.0035782837828771895
arousal_primary_6s,regression,full,BiLSTM,20260907,validation,saccade_count,P6,-0.012643601195473453,0.003665805497592478,-0.01630940669306593
arousal_primary_6s,regression,full,BiLSTM,20260907,validation,saccade_mean_ms,P23,0.001824768262140286,6.688953403530818e-05,0.0017578787281049778
arousal_primary_6s,regression,full,BiLSTM,20260907,validation,saccade_mean_ms,P28,0.001154615245447621,0.0004437196827834056,0.0007108955626642156
arousal_primary_6s,regression,full,BiLSTM,20260907,validation,saccade_mean_ms,P31,0.0030011064306715075,-0.0015589567251368841,0.004560063155808392
arousal_primary_6s,regression,full,BiLSTM,20260907,validation,saccade_mean_ms,P32,-0.0008153247434328437,7.174538987226864e-05,-0.0008870701333051123
arousal_primary_6s,regression,full,BiLSTM,20260907,validation,saccade_mean_ms,P38,0.0004958871378485608,0.00047971378018367704,1.6173357664883735e-05
arousal_primary_6s,regression,full,BiLSTM,20260907,validation,saccade_mean_ms,P41,0.0018651800495049554,-0.00015876839749218163,0.002023948446997137
arousal_primary_6s,regression,full,BiLSTM,20260907,validation,saccade_mean_ms,P47,0.005069641310076589,0.0007084109093323576,0.004361230400744232
arousal_primary_6s,regression,full,BiLSTM,20260907,validation,saccade_mean_ms,P6,0.002097288295340727,-0.0003788521591930216,0.0024761404545337483
arousal_primary_6s,regression,full,BiLSTM,20260907,validation,pupil_both_valid_fraction,P23,-0.0015111997264503074,-0.0006311322397939856,-0.0008800674866563218
arousal_primary_6s,regression,full,BiLSTM,20260907,validation,pupil_both_valid_fraction,P28,0.0022129219553596925,0.0001504458900344785,0.002062476065325214
arousal_primary_6s,regression,full,BiLSTM,20260907,validation,pupil_both_valid_fraction,P31,-0.00013808764908460614,0.0001505677025932295,-0.00028865535167783564
arousal_primary_6s,regression,full,BiLSTM,20260907,validation,pupil_both_valid_fraction,P32,-0.0007220541293452287,-0.000310149854570585,-0.00041190427477464373
arousal_primary_6s,regression,full,BiLSTM,20260907,validation,pupil_both_valid_fraction,P38,-0.0023151248741365648,-0.00031291645525413083,-0.002002208418882434
arousal_primary_6s,regression,full,BiLSTM,20260907,validation,pupil_both_valid_fraction,P41,0.0008067199347868925,-3.676689285638801e-05,0.0008434868276432806
arousal_primary_6s,regression,full,BiLSTM,20260907,validation,pupil_both_valid_fraction,P47,-0.0008098590258873717,-0.0001162430221255395,-0.0006936160037618322
arousal_primary_6s,regression,full,BiLSTM,20260907,validation,pupil_both_valid_fraction,P6,0.0016286910746291295,0.000508402664521479,0.0011202884101076506
arousal_primary_6s,regression,full,BiLSTM,20260907,validation,pupil_mean_z,P23,-0.0013688235045224318,-0.0002822855747037112,-0.0010865379298187205
arousal_primary_6s,regression,full,BiLSTM,20260907,validation,pupil_mean_z,P28,0.005986001993250323,-0.005441502117451669,0.01142750411070199
arousal_primary_6s,regression,full,BiLSTM,20260907,validation,pupil_mean_z,P31,-0.0003556436908783489,-0.0009427182908867682,0.0005870746000084193
arousal_primary_6s,regression,full,BiLSTM,20260907,validation,pupil_mean_z,P32,0.0028120863274423424,-0.004635156870900481,0.007447243198342823
arousal_primary_6s,regression,full,BiLSTM,20260907,validation,pupil_mean_z,P38,0.0008672342299445912,0.001976791371007569,-0.0011095571410629779
arousal_primary_6s,regression,full,BiLSTM,20260907,validation,pupil_mean_z,P41,-0.001017574289095613,0.00011841766872424663,-0.0011359919578198595
arousal_primary_6s,regression,full,BiLSTM,20260907,validation,pupil_mean_z,P47,-2.507919278196269e-05,0.005305353960991255,-0.005330433153773218
arousal_primary_6s,regression,full,BiLSTM,20260907,validation,pupil_mean_z,P6,0.0005634001047658543,0.002427069764863643,-0.0018636696600977886
arousal_primary_6s,regression,full,BiLSTM,20260907,validation,pupil_std_z,P23,0.001209620551987345,0.00622653248780698,-0.005016911935819634
arousal_primary_6s,regression,full,BiLSTM,20260907,validation,pupil_std_z,P28,0.00576192509483564,-0.005156585923417056,0.010918511018252697
arousal_primary_6s,regression,full,BiLSTM,20260907,validation,pupil_std_z,P31,0.00016033410382245705,-0.0009604363395805615,0.0011207704434030186
arousal_primary_6s,regression,full,BiLSTM,20260907,validation,pupil_std_z,P32,-0.007268953303028347,0.013724181952562286,-0.020993135255590635
arousal_primary_6s,regression,full,BiLSTM,20260907,validation,pupil_std_z,P38,0.0011455614256149272,0.011182541768912601,-0.010036980343297674
arousal_primary_6s,regression,full,BiLSTM,20260907,validation,pupil_std_z,P41,-0.0014129383749477587,0.008137259575242561,-0.00955019795019032
arousal_primary_6s,regression,full,BiLSTM,20260907,validation,pupil_std_z,P47,0.0002348136315421634,0.0005953571611818198,-0.00036054352963965636
arousal_primary_6s,regression,full,BiLSTM,20260907,validation,pupil_std_z,P6,-0.001884105253126478,0.0027110077685315705,-0.004595113021658048
arousal_primary_6s,regression,full,BiLSTM,20260907,validation,pupil_min_z,P23,0.008133020200122031,0.0037142535740429805,0.004418766626079051
arousal_primary_6s,regression,full,BiLSTM,20260907,validation,pupil_min_z,P28,0.0012302686694480648,0.007130773456039163,-0.005900504786591099
arousal_primary_6s,regression,full,BiLSTM,20260907,validation,pupil_min_z,P31,-0.002067775473321887,0.0011371149821652437,-0.003204890455487131
arousal_primary_6s,regression,full,BiLSTM,20260907,validation,pupil_min_z,P32,-0.00687104240953571,-0.0019347972564403015,-0.0049362451530954084
arousal_primary_6s,regression,full,BiLSTM,20260907,validation,pupil_min_z,P38,0.0017569436811833762,0.0004036532051449715,0.0013532904760384047
arousal_primary_6s,regression,full,BiLSTM,20260907,validation,pupil_min_z,P41,-0.0006002471592769787,-0.001722072788340734,0.0011218256290637552
arousal_primary_6s,regression,full,BiLSTM,20260907,validation,pupil_min_z,P47,-0.0006921457654248897,0.005043847658928824,-0.005735993424353714
arousal_primary_6s,regression,full,BiLSTM,20260907,validation,pupil_min_z,P6,0.0014071767873214736,0.0018130056736421318,-0.00040582888632065815
arousal_primary_6s,regression,full,BiLSTM,20260907,validation,pupil_max_z,P23,0.0023776819903840174,0.00930442001658589,-0.006926738026201872
arousal_primary_6s,regression,full,BiLSTM,20260907,validation,pupil_max_z,P28,-0.002385131797455875,0.019725880325739985,-0.02211101212319586
arousal_primary_6s,regression,full,BiLSTM,20260907,validation,pupil_max_z,P31,8.858269232157046e-05,0.013595127066134482,-0.013506544373812912
arousal_primary_6s,regression,full,BiLSTM,20260907,validation,pupil_max_z,P32,-0.0006728313561192411,0.01495078934655345,-0.01562362070267269
arousal_primary_6s,regression,full,BiLSTM,20260907,validation,pupil_max_z,P38,-0.0023647182571149726,0.022369001019964595,-0.02473371927707957
arousal_primary_6s,regression,full,BiLSTM,20260907,validation,pupil_max_z,P41,0.00024498493033502377,0.015876168815200174,-0.01563118388486515
arousal_primary_6s,regression,full,BiLSTM,20260907,validation,pupil_max_z,P47,0.0008316494813025432,0.00017867230175401262,0.0006529771795485307
arousal_primary_6s,regression,full,BiLSTM,20260907,validation,pupil_max_z,P6,0.00158914870967668,0.0023893776521775266,-0.0008002289425008467
arousal_primary_6s,regression,full,BiLSTM,20260907,validation,pupil_slope_z_s,P23,-0.0007195664425010851,-9.902763183473606e-05,-0.0006205388106663491
arousal_primary_6s,regression,full,BiLSTM,20260907,validation,pupil_slope_z_s,P28,0.0004226599807419795,-0.0001314316757363043,0.0005540916564782839
arousal_primary_6s,regression,full,BiLSTM,20260907,validation,pupil_slope_z_s,P31,-0.001730113837209224,-0.0002765874396040369,-0.0014535263976051872
arousal_primary_6s,regression,full,BiLSTM,20260907,validation,pupil_slope_z_s,P32,0.0039390797656037035,-0.0005197331527911908,0.004458812918394894
arousal_primary_6s,regression,full,BiLSTM,20260907,validation,pupil_slope_z_s,P38,0.003154325092683852,9.64864275871502e-05,0.0030578386650967015
arousal_primary_6s,regression,full,BiLSTM,20260907,validation,pupil_slope_z_s,P41,0.002509290325038949,0.0008292342526516894,0.0016800560723872595
arousal_primary_6s,regression,full,BiLSTM,20260907,validation,pupil_slope_z_s,P47,-0.004911303683126889,-3.0731616503132386e-05,-0.0048805720666237565
arousal_primary_6s,regression,full,BiLSTM,20260907,validation,pupil_slope_z_s,P6,-0.0008844762701882613,3.0947859502861164e-05,-0.0009154241296911225
arousal_primary_6s,regression,full,BiLSTM,20260907,validation,modalidad:EEG,P23,-0.0034913703137504195,0.0012362439967938065,-0.0047276143105442255
arousal_primary_6s,regression,full,BiLSTM,20260907,validation,modalidad:EEG,P28,-0.0004997351711771181,-0.0013281416795211775,0.0008284065083440594
arousal_primary_6s,regression,full,BiLSTM,20260907,validation,modalidad:EEG,P31,-0.001887596864771579,-0.0020841762332723724,0.00019657936850079336
arousal_primary_6s,regression,full,BiLSTM,20260907,validation,modalidad:EEG,P32,0.003234686071844628,-0.0017821923951830687,0.005016878467027697
arousal_primary_6s,regression,full,BiLSTM,20260907,validation,modalidad:EEG,P38,-0.007496217857539467,0.006821520980178364,-0.01431773883771783
arousal_primary_6s,regression,full,BiLSTM,20260907,validation,modalidad:EEG,P41,-0.0029201087964367822,-0.004499931374279509,0.0015798225778427266
arousal_primary_6s,regression,full,BiLSTM,20260907,validation,modalidad:EEG,P47,-0.003977116655608337,-0.0020454635058558155,-0.0019316531497525213
arousal_primary_6s,regression,full,BiLSTM,20260907,validation,modalidad:EEG,P6,-0.0015143091270583664,1.662748239872336e-05,-0.0015309366094570897
arousal_primary_6s,regression,full,BiLSTM,20260907,validation,modalidad:Eye,P23,0.004637917919083833,0.0005994278345324622,0.004038490084551372
arousal_primary_6s,regression,full,BiLSTM,20260907,validation,modalidad:Eye,P28,0.01749068708661814,-0.0010310868286717901,0.018521773915289932
arousal_primary_6s,regression,full,BiLSTM,20260907,validation,modalidad:Eye,P31,0.006357844748623398,-0.004648032468702911,0.01100587721732631
arousal_primary_6s,regression,full,BiLSTM,20260907,validation,modalidad:Eye,P32,0.00221182716202728,-0.0007151839788139824,0.0029270111408412625
arousal_primary_6s,regression,full,BiLSTM,20260907,validation,modalidad:Eye,P38,0.004511486858183344,0.0012848021940212063,0.003226684664162138
arousal_primary_6s,regression,full,BiLSTM,20260907,validation,modalidad:Eye,P41,0.002286172139331866,0.0013364625449018507,0.0009497095944300152
arousal_primary_6s,regression,full,BiLSTM,20260907,validation,modalidad:Eye,P47,0.0008756732714050308,-0.0022120766214960507,0.0030877498929010815
arousal_primary_6s,regression,full,BiLSTM,20260907,validation,modalidad:Eye,P6,0.020021374913288613,0.01277071103255496,0.007250663880733654
arousal_primary_6s,regression,full,BiLSTM,20260907,validation,modalidad:Pupil,P23,0.007272893844083872,-2.914460706699984e-05,0.007302038451150872
arousal_primary_6s,regression,full,BiLSTM,20260907,validation,modalidad:Pupil,P28,0.010901382811703808,9.072265616014708e-05,0.010810660155543661
arousal_primary_6s,regression,full,BiLSTM,20260907,validation,modalidad:Pupil,P31,-0.002925046626934469,0.002755300096224067,-0.005680346723158536
arousal_primary_6s,regression,full,BiLSTM,20260907,validation,modalidad:Pupil,P32,-0.0039145309757330216,0.0008040022585519502,-0.004718533234284972
arousal_primary_6s,regression,full,BiLSTM,20260907,validation,modalidad:Pupil,P38,0.000682369099033453,0.003988029996127995,-0.003305660897094542
arousal_primary_6s,regression,full,BiLSTM,20260907,validation,modalidad:Pupil,P41,0.004384667821222399,0.008981327931911975,-0.004596660110689576
arousal_primary_6s,regression,full,BiLSTM,20260907,validation,modalidad:Pupil,P47,-0.006217462551628717,-0.0002390698153226012,-0.005978392736306116
arousal_primary_6s,regression,full,BiLSTM,20260907,validation,modalidad:Pupil,P6,0.003619299139870957,-0.0013808419916541358,0.0050001411315250925
arousal_primary_6s,regression,full,BiLSTM,20260907,test,eeg_rms_uv,P10,0.0008595045783282629,-0.00013840441353876187,0.0009979089918670248
arousal_primary_6s,regression,full,BiLSTM,20260907,test,eeg_rms_uv,P11,0.001031771409362836,0.00017914010303734517,0.0008526313063254909
arousal_primary_6s,regression,full,BiLSTM,20260907,test,eeg_rms_uv,P15,0.0015959191092719926,0.0009399489004629835,0.0006559702088090091
arousal_primary_6s,regression,full,BiLSTM,20260907,test,eeg_rms_uv,P16,0.0006500851171795663,-0.00020248918497132174,0.000852574302150888
arousal_primary_6s,regression,full,BiLSTM,20260907,test,eeg_rms_uv,P37,-0.001102700822080882,0.0012154449007144353,-0.0023181457227953173
arousal_primary_6s,regression,full,BiLSTM,20260907,test,eeg_rms_uv,P39,-0.00013937462213875484,0.00010911442565415541,-0.00024848904779291027
arousal_primary_6s,regression,full,BiLSTM,20260907,test,eeg_rms_uv,P45,0.0033634135070212956,-0.00020167414042431274,0.003565087647445608
arousal_primary_6s,regression,full,BiLSTM,20260907,test,eeg_rms_uv,P5,5.049678711905869e-05,3.123674339371441e-05,1.9260043725344284e-05
arousal_primary_6s,regression,full,BiLSTM,20260907,test,eeg_std_uv,P10,0.0002969929603443555,0.0044918588309028175,-0.004194865870558462
arousal_primary_6s,regression,full,BiLSTM,20260907,test,eeg_std_uv,P11,-0.000616072196912687,-0.00022425362532481065,-0.0003918185715878763
arousal_primary_6s,regression,full,BiLSTM,20260907,test,eeg_std_uv,P15,0.0006996748647029704,-0.0012801514151770555,0.001979826279880026
arousal_primary_6s,regression,full,BiLSTM,20260907,test,eeg_std_uv,P16,1.4314493301093024e-05,0.00010226737943315189,-8.795288613205887e-05
arousal_primary_6s,regression,full,BiLSTM,20260907,test,eeg_std_uv,P37,0.0007669359799446385,-0.0005890687258270245,0.001356004705771663
arousal_primary_6s,regression,full,BiLSTM,20260907,test,eeg_std_uv,P39,0.0015189699785104426,0.002373166537042648,-0.0008541965585322055
arousal_primary_6s,regression,full,BiLSTM,20260907,test,eeg_std_uv,P45,-0.002304884520285366,0.0037661613718712682,-0.006071045892156634
arousal_primary_6s,regression,full,BiLSTM,20260907,test,eeg_std_uv,P5,-2.9641911850664115e-05,-0.000127977919765776,9.833600791511189e-05
arousal_primary_6s,regression,full,BiLSTM,20260907,test,eeg_peak_to_peak_uv,P10,0.0001560073327228073,-0.00033609375857155397,0.0004921010912943613
arousal_primary_6s,regression,full,BiLSTM,20260907,test,eeg_peak_to_peak_uv,P11,0.0002949322100614715,8.323805221583935e-05,0.00021169415784563214
arousal_primary_6s,regression,full,BiLSTM,20260907,test,eeg_peak_to_peak_uv,P15,0.0010107721643541011,0.0005687124276447352,0.0004420597367093659
arousal_primary_6s,regression,full,BiLSTM,20260907,test,eeg_peak_to_peak_uv,P16,-2.2513426830750306e-05,4.5765945783049486e-05,-6.827937261379979e-05
arousal_primary_6s,regression,full,BiLSTM,20260907,test,eeg_peak_to_peak_uv,P37,0.0012555762490847667,0.0008179786400850375,0.0004375976089997292
arousal_primary_6s,regression,full,BiLSTM,20260907,test,eeg_peak_to_peak_uv,P39,-0.0013810906641744448,-0.0014974508037777668,0.00011636013960332199
arousal_primary_6s,regression,full,BiLSTM,20260907,test,eeg_peak_to_peak_uv,P45,0.000309293273141642,-0.0002030267587793677,0.0005123200319210097
arousal_primary_6s,regression,full,BiLSTM,20260907,test,eeg_peak_to_peak_uv,P5,6.084920207687361e-05,4.051907357718321e-05,2.0330128499690404e-05
arousal_primary_6s,regression,full,BiLSTM,20260907,test,eeg_delta_relative,P10,0.0029098686560054656,0.0002194476777739762,0.0026904209782314895
arousal_primary_6s,regression,full,BiLSTM,20260907,test,eeg_delta_relative,P11,0.0018888130633200717,0.006433661238315969,-0.004544848174995897
arousal_primary_6s,regression,full,BiLSTM,20260907,test,eeg_delta_relative,P15,-0.00141741479841051,-0.008394549841903975,0.006977135043493465
arousal_primary_6s,regression,full,BiLSTM,20260907,test,eeg_delta_relative,P16,-0.0008857866623154908,-0.0015367315260622848,0.000650944863746794
arousal_primary_6s,regression,full,BiLSTM,20260907,test,eeg_delta_relative,P37,-0.0023967209477115505,0.0013020850829591258,-0.0036988060306706763
arousal_primary_6s,regression,full,BiLSTM,20260907,test,eeg_delta_relative,P39,0.0018509039345940615,-0.001172615865761495,0.0030235198003555567
arousal_primary_6s,regression,full,BiLSTM,20260907,test,eeg_delta_relative,P45,0.00290561164618488,0.00812439530135305,-0.005218783655168169
arousal_primary_6s,regression,full,BiLSTM,20260907,test,eeg_delta_relative,P5,-7.359636245372059e-05,-0.001856135632357403,0.0017825392699036824
arousal_primary_6s,regression,full,BiLSTM,20260907,test,eeg_theta_relative,P10,0.00755122723680286,0.006834674987610834,0.000716552249192026
arousal_primary_6s,regression,full,BiLSTM,20260907,test,eeg_theta_relative,P11,8.321816613481303e-05,-0.004407655907458863,0.004490874073593676
arousal_primary_6s,regression,full,BiLSTM,20260907,test,eeg_theta_relative,P15,0.00045217006421345297,0.011295416435429617,-0.010843246371216165
arousal_primary_6s,regression,full,BiLSTM,20260907,test,eeg_theta_relative,P16,0.000567300446141461,0.005314889306501635,-0.004747588860360174
arousal_primary_6s,regression,full,BiLSTM,20260907,test,eeg_theta_relative,P37,0.0012466689238149753,0.002339626469109013,-0.0010929575452940377
arousal_primary_6s,regression,full,BiLSTM,20260907,test,eeg_theta_relative,P39,-6.114269083341561e-05,0.0019020856393148656,-0.001963228330148281
arousal_primary_6s,regression,full,BiLSTM,20260907,test,eeg_theta_relative,P45,0.000888467050276498,0.0019976816253792773,-0.0011092145751027793
arousal_primary_6s,regression,full,BiLSTM,20260907,test,eeg_theta_relative,P5,0.0020584892119140273,0.003679471677897439,-0.0016209824659834116
arousal_primary_6s,regression,full,BiLSTM,20260907,test,eeg_alpha_relative,P10,-0.0024205878440131333,0.002466906172656813,-0.004887494016669946
arousal_primary_6s,regression,full,BiLSTM,20260907,test,eeg_alpha_relative,P11,0.0024409358047756237,-0.0008658207423204889,0.0033067565470961124
arousal_primary_6s,regression,full,BiLSTM,20260907,test,eeg_alpha_relative,P15,-0.003739124672271954,0.008679880296980347,-0.0124190049692523
arousal_primary_6s,regression,full,BiLSTM,20260907,test,eeg_alpha_relative,P16,-0.0018929816450959259,0.004638878619501496,-0.006531860264597422
arousal_primary_6s,regression,full,BiLSTM,20260907,test,eeg_alpha_relative,P37,-0.002357809102830943,0.0030690071331036296,-0.005426816235934573
arousal_primary_6s,regression,full,BiLSTM,20260907,test,eeg_alpha_relative,P39,-0.0004010046553679203,0.0017897598711453355,-0.0021907645265132557
arousal_primary_6s,regression,full,BiLSTM,20260907,test,eeg_alpha_relative,P45,-0.000621753534013414,-0.002554367795688117,0.0019326142616747032
arousal_primary_6s,regression,full,BiLSTM,20260907,test,eeg_alpha_relative,P5,-0.0014071235296532424,0.0018647597122034565,-0.003271883241856699
arousal_primary_6s,regression,full,BiLSTM,20260907,test,eeg_beta_relative,P10,0.009488105492439858,0.0034087958266843187,0.006079309665755539
arousal_primary_6s,regression,full,BiLSTM,20260907,test,eeg_beta_relative,P11,-0.0006796775774863262,0.005867831956764236,-0.006547509534250562
arousal_primary_6s,regression,full,BiLSTM,20260907,test,eeg_beta_relative,P15,-0.0028746915873761212,-0.01058021884941902,0.007705527262042899
arousal_primary_6s,regression,full,BiLSTM,20260907,test,eeg_beta_relative,P16,-0.0020136588533582246,-0.0007029834592569229,-0.0013106753941013018
arousal_primary_6s,regression,full,BiLSTM,20260907,test,eeg_beta_relative,P37,0.00040980503801670844,0.00361201521829968,-0.0032022101802829717
arousal_primary_6s,regression,full,BiLSTM,20260907,test,eeg_beta_relative,P39,0.0018748967191497324,0.002357540624896659,-0.0004826439057469267
arousal_primary_6s,regression,full,BiLSTM,20260907,test,eeg_beta_relative,P45,-0.0014457959621802853,0.014048161940869663,-0.015493957903049948
arousal_primary_6s,regression,full,BiLSTM,20260907,test,eeg_beta_relative,P5,-0.0011829000449024019,-0.0025280252283953475,0.0013451251834929456
arousal_primary_6s,regression,full,BiLSTM,20260907,test,eeg_gamma_relative,P10,-0.004731265209511904,0.006558085584596318,-0.011289350794108222
arousal_primary_6s,regression,full,BiLSTM,20260907,test,eeg_gamma_relative,P11,0.0028430234801100295,-0.000905968928991352,0.0037489924091013817
arousal_primary_6s,regression,full,BiLSTM,20260907,test,eeg_gamma_relative,P15,-4.8996993643468656e-05,0.01445421448372084,-0.014503211477364308
arousal_primary_6s,regression,full,BiLSTM,20260907,test,eeg_gamma_relative,P16,0.0013931060365915738,0.007254336107198412,-0.005861230070606838
arousal_primary_6s,regression,full,BiLSTM,20260907,test,eeg_gamma_relative,P37,-0.0012155294282025775,0.0003628951663789959,-0.0015784245945815734
arousal_primary_6s,regression,full,BiLSTM,20260907,test,eeg_gamma_relative,P39,0.005625502949343786,0.0466683154149055,-0.04104281246556171
arousal_primary_6s,regression,full,BiLSTM,20260907,test,eeg_gamma_relative,P45,0.007200202650750609,-0.0019067976237796991,0.009107000274530309
arousal_primary_6s,regression,full,BiLSTM,20260907,test,eeg_gamma_relative,P5,-0.0010603216022021743,0.005009408177316543,-0.006069729779518718
arousal_primary_6s,regression,full,BiLSTM,20260907,test,eeg_line_noise_ratio,P10,0.0010989004359447385,-0.0002833773994825872,0.0013822778354273257
arousal_primary_6s,regression,full,BiLSTM,20260907,test,eeg_line_noise_ratio,P11,-0.004188074671723463,0.0004958853679633668,-0.00468396003968683
arousal_primary_6s,regression,full,BiLSTM,20260907,test,eeg_line_noise_ratio,P15,-0.002083818585476971,-0.0010730798550113274,-0.0010107387304656437
arousal_primary_6s,regression,full,BiLSTM,20260907,test,eeg_line_noise_ratio,P16,0.0012392241540106763,6.633249843830402e-05,0.0011728916555723723
arousal_primary_6s,regression,full,BiLSTM,20260907,test,eeg_line_noise_ratio,P37,0.00019510435152614303,-0.0007287811417416856,0.0009238854932678287
arousal_primary_6s,regression,full,BiLSTM,20260907,test,eeg_line_noise_ratio,P39,0.0028476443482546854,0.0008095192860775758,0.00203812506217711
arousal_primary_6s,regression,full,BiLSTM,20260907,test,eeg_line_noise_ratio,P45,-0.0017917832614550155,0.0004179126583769843,-0.002209695919832
arousal_primary_6s,regression,full,BiLSTM,20260907,test,eeg_line_noise_ratio,P5,-0.0013379334394063136,-0.0003377131817427825,-0.0010002202576635312
arousal_primary_6s,regression,full,BiLSTM,20260907,test,gaze_dispersion_x_px,P10,0.0007723716537586967,1.8521875852073323e-05,0.0007538497779066234
arousal_primary_6s,regression,full,BiLSTM,20260907,test,gaze_dispersion_x_px,P11,0.0021145987723439675,-1.1729349438605042e-06,0.002115771707287828
arousal_primary_6s,regression,full,BiLSTM,20260907,test,gaze_dispersion_x_px,P15,0.005135447575458985,7.465511656383761e-05,0.005060792458895147
arousal_primary_6s,regression,full,BiLSTM,20260907,test,gaze_dispersion_x_px,P16,0.002478250929838488,3.892608740190262e-05,0.0024393248424365854
arousal_primary_6s,regression,full,BiLSTM,20260907,test,gaze_dispersion_x_px,P37,0.0003886414556305118,2.653231339648787e-05,0.00036210914223402393
arousal_primary_6s,regression,full,BiLSTM,20260907,test,gaze_dispersion_x_px,P39,-0.0005299903416733142,1.5945616543966425e-05,-0.0005459359582172807
arousal_primary_6s,regression,full,BiLSTM,20260907,test,gaze_dispersion_x_px,P45,0.0027814586087068884,-6.628474725340893e-05,0.0028477433559602975
arousal_primary_6s,regression,full,BiLSTM,20260907,test,gaze_dispersion_x_px,P5,0.0017195384559707705,-2.9855636376319162e-05,0.0017493940923470896
arousal_primary_6s,regression,full,BiLSTM,20260907,test,gaze_dispersion_y_px,P10,0.006244872388777067,0.002158637272676067,0.004086235116101
arousal_primary_6s,regression,full,BiLSTM,20260907,test,gaze_dispersion_y_px,P11,-0.0003068840021700048,-0.0008260265612485939,0.0005191425590785892
arousal_primary_6s,regression,full,BiLSTM,20260907,test,gaze_dispersion_y_px,P15,0.001473093423456895,0.00014727744829965417,0.0013258159751572407
arousal_primary_6s,regression,full,BiLSTM,20260907,test,gaze_dispersion_y_px,P16,-0.00020419350442164587,0.001614018431099895,-0.0018182119355215408
arousal_primary_6s,regression,full,BiLSTM,20260907,test,gaze_dispersion_y_px,P37,0.001008835282629672,0.0007693627300002337,0.00023947255262943843
arousal_primary_6s,regression,full,BiLSTM,20260907,test,gaze_dispersion_y_px,P39,0.0016667868524902429,-0.0003835067606837939,0.0020502936131740366
arousal_primary_6s,regression,full,BiLSTM,20260907,test,gaze_dispersion_y_px,P45,-0.0013755526020956977,-0.0011764862877862603,-0.00019906631430943733
arousal_primary_6s,regression,full,BiLSTM,20260907,test,gaze_dispersion_y_px,P5,-7.708615181778455e-06,-0.00010620076447491744,9.849214929313899e-05
arousal_primary_6s,regression,full,BiLSTM,20260907,test,gaze_dispersion_2d_px,P10,0.0065017167452048105,-0.0007360060104494081,0.007237722755654218
arousal_primary_6s,regression,full,BiLSTM,20260907,test,gaze_dispersion_2d_px,P11,0.0013942340266841046,0.0003664866656978516,0.001027747360986253
arousal_primary_6s,regression,full,BiLSTM,20260907,test,gaze_dispersion_2d_px,P15,0.002426068518643509,-0.0006975767508855313,0.0031236452695290406
arousal_primary_6s,regression,full,BiLSTM,20260907,test,gaze_dispersion_2d_px,P16,-0.0009769671051274465,-0.000997426718690697,2.045961356325057e-05
arousal_primary_6s,regression,full,BiLSTM,20260907,test,gaze_dispersion_2d_px,P37,0.002949584902616542,-0.0004156355534254752,0.0033652204560420174
arousal_primary_6s,regression,full,BiLSTM,20260907,test,gaze_dispersion_2d_px,P39,0.003052382939229381,0.0001431275698989598,0.002909255369330421
arousal_primary_6s,regression,full,BiLSTM,20260907,test,gaze_dispersion_2d_px,P45,0.001684146140069731,0.0012612289679672984,0.00042291717210243265
arousal_primary_6s,regression,full,BiLSTM,20260907,test,gaze_dispersion_2d_px,P5,-0.0024028454772059503,0.0004956090620635179,-0.0028984545392694685
arousal_primary_6s,regression,full,BiLSTM,20260907,test,gaze_path_length_px,P10,-0.0002485258165569659,-0.0019371030064213811,0.0016885771898644151
arousal_primary_6s,regression,full,BiLSTM,20260907,test,gaze_path_length_px,P11,-0.003070280277112736,0.0019698289977295056,-0.005040109274842242
arousal_primary_6s,regression,full,BiLSTM,20260907,test,gaze_path_length_px,P15,0.0012240883049678519,0.0007098216984147588,0.0005142666065530931
arousal_primary_6s,regression,full,BiLSTM,20260907,test,gaze_path_length_px,P16,0.00182433183613524,-0.0015785427446342482,0.0034028745807694882
arousal_primary_6s,regression,full,BiLSTM,20260907,test,gaze_path_length_px,P37,-0.001743792456891602,-0.00020566819167373574,-0.0015381242652178662
arousal_primary_6s,regression,full,BiLSTM,20260907,test,gaze_path_length_px,P39,0.003688840372520219,0.00034783023004134603,0.003341010142478873
arousal_primary_6s,regression,full,BiLSTM,20260907,test,gaze_path_length_px,P45,0.0016800080721593336,0.0026281914854459298,-0.0009481834132865961
arousal_primary_6s,regression,full,BiLSTM,20260907,test,gaze_path_length_px,P5,2.010437868120718e-05,0.0012117413532773068,-0.0011916369745960996
arousal_primary_6s,regression,full,BiLSTM,20260907,test,fixation_count,P10,-0.0011718984688586565,0.0018085055930403993,-0.002980404061899056
arousal_primary_6s,regression,full,BiLSTM,20260907,test,fixation_count,P11,-0.0021739482657348484,0.0037531509527879204,-0.005927099218522769
arousal_primary_6s,regression,full,BiLSTM,20260907,test,fixation_count,P15,0.003039431175844687,-0.0010855212665229264,0.004124952442367613
arousal_primary_6s,regression,full,BiLSTM,20260907,test,fixation_count,P16,0.0030791356424840098,-0.0028533061200183285,0.005932441762502338
arousal_primary_6s,regression,full,BiLSTM,20260907,test,fixation_count,P37,0.0014571371682277512,0.001076647226861982,0.0003804899413657693
arousal_primary_6s,regression,full,BiLSTM,20260907,test,fixation_count,P39,0.002943360044341814,-6.10391365459595e-05,0.0030043991808877736
arousal_primary_6s,regression,full,BiLSTM,20260907,test,fixation_count,P45,-0.0015016446081474566,0.004384288728630103,-0.00588593333677756
arousal_primary_6s,regression,full,BiLSTM,20260907,test,fixation_count,P5,0.0004977451187516913,-0.001083705662473422,0.0015814507812251131
arousal_primary_6s,regression,full,BiLSTM,20260907,test,fixation_total_ms,P10,0.00717663362851535,1.0396295435688429e-05,0.007166237333079662
arousal_primary_6s,regression,full,BiLSTM,20260907,test,fixation_total_ms,P11,-0.0040763303356341485,-3.749284130338815e-05,-0.00403883749433076
arousal_primary_6s,regression,full,BiLSTM,20260907,test,fixation_total_ms,P15,0.0023460922902675207,-2.007938253472119e-05,0.0023661716728022417
arousal_primary_6s,regression,full,BiLSTM,20260907,test,fixation_total_ms,P16,0.02148812659703645,9.878335382915716e-05,0.021389343243207293
arousal_primary_6s,regression,full,BiLSTM,20260907,test,fixation_total_ms,P37,0.00018070612125697938,-1.2255143756978449e-05,0.00019296126501395784
arousal_primary_6s,regression,full,BiLSTM,20260907,test,fixation_total_ms,P39,0.004080044074238698,-1.6171935520947756e-05,0.004096216009759646
arousal_primary_6s,regression,full,BiLSTM,20260907,test,fixation_total_ms,P45,-0.0015219677298677237,-4.2369288115340356e-05,-0.0014795984417523833
arousal_primary_6s,regression,full,BiLSTM,20260907,test,fixation_total_ms,P5,-0.003225375439527234,-4.734307940594818e-05,-0.003178032360121286
arousal_primary_6s,regression,full,BiLSTM,20260907,test,fixation_mean_ms,P10,-0.0017143078679034529,-8.570820350888298e-05,-0.0016285996643945698
arousal_primary_6s,regression,full,BiLSTM,20260907,test,fixation_mean_ms,P11,-0.0013235289045741895,-0.005842126663987579,0.004518597759413389
arousal_primary_6s,regression,full,BiLSTM,20260907,test,fixation_mean_ms,P15,-0.00149187626077385,0.002795165086909446,-0.0042870413476832955
arousal_primary_6s,regression,full,BiLSTM,20260907,test,fixation_mean_ms,P16,-0.005404075170587053,0.029893473672369254,-0.03529754884295631
arousal_primary_6s,regression,full,BiLSTM,20260907,test,fixation_mean_ms,P37,0.0011130102390670249,0.00036865377155050896,0.0007443564675165159
arousal_primary_6s,regression,full,BiLSTM,20260907,test,fixation_mean_ms,P39,-0.001450239737711767,0.0010298262518156688,-0.0024800659895274357
arousal_primary_6s,regression,full,BiLSTM,20260907,test,fixation_mean_ms,P45,-0.0003544684448041124,-0.002643429847447254,0.0022889614026431414
arousal_primary_6s,regression,full,BiLSTM,20260907,test,fixation_mean_ms,P5,-0.0017517798461502033,-0.000370145655533638,-0.0013816341906165651
arousal_primary_6s,regression,full,BiLSTM,20260907,test,fixation_median_ms,P10,0.000864436136949176,0.00011278005715245065,0.0007516560797967253
arousal_primary_6s,regression,full,BiLSTM,20260907,test,fixation_median_ms,P11,0.007779728532298713,0.0014071511920689562,0.0063725773402297575
arousal_primary_6s,regression,full,BiLSTM,20260907,test,fixation_median_ms,P15,-0.0030769240110662286,-0.0003315042728294415,-0.002745419738236787
arousal_primary_6s,regression,full,BiLSTM,20260907,test,fixation_median_ms,P16,-0.005459833865524777,-0.0005320471667435766,-0.0049277866987812
arousal_primary_6s,regression,full,BiLSTM,20260907,test,fixation_median_ms,P37,0.002116937153159948,-3.463463832249491e-05,0.002151571791482443
arousal_primary_6s,regression,full,BiLSTM,20260907,test,fixation_median_ms,P39,-0.0008818000538798776,-0.00021789060172525688,-0.0006639094521546208
arousal_primary_6s,regression,full,BiLSTM,20260907,test,fixation_median_ms,P45,0.004796785118554437,0.0006250749301043079,0.004171710188450129
arousal_primary_6s,regression,full,BiLSTM,20260907,test,fixation_median_ms,P5,0.00026813608136007084,8.998316357906599e-05,0.00017815291778100484
arousal_primary_6s,regression,full,BiLSTM,20260907,test,saccade_count,P10,-0.0011637348993011499,-0.00019929630454340597,-0.0009644385947577439
arousal_primary_6s,regression,full,BiLSTM,20260907,test,saccade_count,P11,-0.0017792488809851292,-0.001417222194823431,-0.0003620266861616983
arousal_primary_6s,regression,full,BiLSTM,20260907,test,saccade_count,P15,0.0010509192871303251,0.00032703345493985126,0.0007238858321904739
arousal_primary_6s,regression,full,BiLSTM,20260907,test,saccade_count,P16,-0.004259123311586244,0.0014119569992989244,-0.0056710803108851685
arousal_primary_6s,regression,full,BiLSTM,20260907,test,saccade_count,P37,0.0009013996296344917,-0.0006728116057893585,0.0015742112354238502
arousal_primary_6s,regression,full,BiLSTM,20260907,test,saccade_count,P39,0.0011711948252030036,0.0003303012174991959,0.0008408936077038076
arousal_primary_6s,regression,full,BiLSTM,20260907,test,saccade_count,P45,0.0036738407052942625,-0.001958449209254964,0.005632289914549227
arousal_primary_6s,regression,full,BiLSTM,20260907,test,saccade_count,P5,-0.002085413857850149,-0.00016987135831405542,-0.0019155424995360936
arousal_primary_6s,regression,full,BiLSTM,20260907,test,saccade_mean_ms,P10,-0.0003294242615426102,-0.0004315002489313713,0.00010207598738876111
arousal_primary_6s,regression,full,BiLSTM,20260907,test,saccade_mean_ms,P11,0.01103873783976328,0.005608598965161105,0.005430138874602175
arousal_primary_6s,regression,full,BiLSTM,20260907,test,saccade_mean_ms,P15,-0.003668022973225904,-0.00020253233798741554,-0.0034654906352384884
arousal_primary_6s,regression,full,BiLSTM,20260907,test,saccade_mean_ms,P16,0.0051215136298922385,0.015517280699562774,-0.010395767069670535
arousal_primary_6s,regression,full,BiLSTM,20260907,test,saccade_mean_ms,P37,-0.001662386647463765,0.0003589956600599686,-0.0020213823075237334
arousal_primary_6s,regression,full,BiLSTM,20260907,test,saccade_mean_ms,P39,-0.006341980634810107,0.0004566062838516238,-0.006798586918661731
arousal_primary_6s,regression,full,BiLSTM,20260907,test,saccade_mean_ms,P45,0.0026945288486398544,0.0001365567842515958,0.0025579720643882586
arousal_primary_6s,regression,full,BiLSTM,20260907,test,saccade_mean_ms,P5,-0.005237742350266616,0.001099474505811826,-0.006337216856078442
arousal_primary_6s,regression,full,BiLSTM,20260907,test,pupil_both_valid_fraction,P10,0.0019142365277643014,4.137209153523003e-05,0.0018728644362290714
arousal_primary_6s,regression,full,BiLSTM,20260907,test,pupil_both_valid_fraction,P11,-0.0005007210107724313,-2.6335431192681114e-05,-0.0004743855795797502
arousal_primary_6s,regression,full,BiLSTM,20260907,test,pupil_both_valid_fraction,P15,0.0027152743960967562,0.00033724361475702126,0.002378030781339735
arousal_primary_6s,regression,full,BiLSTM,20260907,test,pupil_both_valid_fraction,P16,0.0008284755915542785,0.00017005109919614457,0.000658424492358134
arousal_primary_6s,regression,full,BiLSTM,20260907,test,pupil_both_valid_fraction,P37,0.0028007659953477315,2.7263015776135545e-05,0.002773502979571596
arousal_primary_6s,regression,full,BiLSTM,20260907,test,pupil_both_valid_fraction,P39,0.0010099702601284565,0.000509016384300498,0.0005009538758279585
arousal_primary_6s,regression,full,BiLSTM,20260907,test,pupil_both_valid_fraction,P45,0.0013651357405636722,-8.919521105519302e-05,0.0014543309516188653
arousal_primary_6s,regression,full,BiLSTM,20260907,test,pupil_both_valid_fraction,P5,-0.0004381760916906341,-0.0003784247137422758,-5.97513779483583e-05
arousal_primary_6s,regression,full,BiLSTM,20260907,test,pupil_mean_z,P10,-0.0007788545801232338,-0.0009607732248310796,0.0001819186447078458
arousal_primary_6s,regression,full,BiLSTM,20260907,test,pupil_mean_z,P11,0.0008136974434341138,0.0012367878482160365,-0.0004230904047819227
arousal_primary_6s,regression,full,BiLSTM,20260907,test,pupil_mean_z,P15,0.003665486111428251,-0.0028313230750267593,0.00649680918645501
arousal_primary_6s,regression,full,BiLSTM,20260907,test,pupil_mean_z,P16,-0.001823476361145726,0.001433060228214922,-0.003256536589360648
arousal_primary_6s,regression,full,BiLSTM,20260907,test,pupil_mean_z,P37,6.984148986080018e-05,0.0034037806181383967,-0.0033339391282775966
arousal_primary_6s,regression,full,BiLSTM,20260907,test,pupil_mean_z,P39,-0.0035777962757930436,0.003912802992921982,-0.0074905992687150265
arousal_primary_6s,regression,full,BiLSTM,20260907,test,pupil_mean_z,P45,0.0014387412474134108,0.00013335816754067586,0.001305383079872735
arousal_primary_6s,regression,full,BiLSTM,20260907,test,pupil_mean_z,P5,-0.0025945207792623217,0.0014927030192604328,-0.004087223798522754
arousal_primary_6s,regression,full,BiLSTM,20260907,test,pupil_std_z,P10,0.009147155762502223,-0.0033352610171020424,0.012482416779604266
arousal_primary_6s,regression,full,BiLSTM,20260907,test,pupil_std_z,P11,-0.0016250294633101347,0.0015089153587050986,-0.0031339448220152333
arousal_primary_6s,regression,full,BiLSTM,20260907,test,pupil_std_z,P15,-0.0030368852149330826,0.016447977283807758,-0.01948486249874084
arousal_primary_6s,regression,full,BiLSTM,20260907,test,pupil_std_z,P16,0.0003687257679092948,0.00603018122633836,-0.005661455458429066
arousal_primary_6s,regression,full,BiLSTM,20260907,test,pupil_std_z,P37,0.0033411366881445303,0.0009644603856947098,0.0023766763024498207
arousal_primary_6s,regression,full,BiLSTM,20260907,test,pupil_std_z,P39,-6.195842370433357e-05,-0.002759168723317007,0.0026972102996126734
arousal_primary_6s,regression,full,BiLSTM,20260907,test,pupil_std_z,P45,0.001262408815352911,0.006613712816373285,-0.005351304001020374
arousal_primary_6s,regression,full,BiLSTM,20260907,test,pupil_std_z,P5,0.0005140166449389306,0.00022854318490497238,0.00028547346003395815
arousal_primary_6s,regression,full,BiLSTM,20260907,test,pupil_min_z,P10,0.0034151515967073332,0.010860363117150485,-0.007445211520443152
arousal_primary_6s,regression,full,BiLSTM,20260907,test,pupil_min_z,P11,-0.00030084203137352715,0.00418711362891977,-0.004487955660293297
arousal_primary_6s,regression,full,BiLSTM,20260907,test,pupil_min_z,P15,-0.0018101579916469657,-0.00451463275406172,0.0027044747624147547
arousal_primary_6s,regression,full,BiLSTM,20260907,test,pupil_min_z,P16,-0.0004635581602647765,0.0016576372602248757,-0.002121195420489652
arousal_primary_6s,regression,full,BiLSTM,20260907,test,pupil_min_z,P37,0.0004978333198027762,0.0020519356058027903,-0.001554102286000014
arousal_primary_6s,regression,full,BiLSTM,20260907,test,pupil_min_z,P39,-0.0011458402190666738,0.005391035229932228,-0.0065368754489989024
arousal_primary_6s,regression,full,BiLSTM,20260907,test,pupil_min_z,P45,0.0019314207109666138,-0.0004733579170105084,0.0024047786279771223
arousal_primary_6s,regression,full,BiLSTM,20260907,test,pupil_min_z,P5,-0.0005624723316556502,0.0021589124954380255,-0.0027213848270936755
arousal_primary_6s,regression,full,BiLSTM,20260907,test,pupil_max_z,P10,-0.0033292575338547126,0.01348434788910402,-0.016813605422958733
arousal_primary_6s,regression,full,BiLSTM,20260907,test,pupil_max_z,P11,-0.0024902971598813606,0.008694314614983512,-0.011184611774864872
arousal_primary_6s,regression,full,BiLSTM,20260907,test,pupil_max_z,P15,0.0013932505307662879,0.004898663129036374,-0.0035054125982700857
arousal_primary_6s,regression,full,BiLSTM,20260907,test,pupil_max_z,P16,-0.00033389897492299705,0.0010455242722508863,-0.0013794232471738832
arousal_primary_6s,regression,full,BiLSTM,20260907,test,pupil_max_z,P37,0.0013796614053408485,0.0037371617492081956,-0.002357500343867347
arousal_primary_6s,regression,full,BiLSTM,20260907,test,pupil_max_z,P39,0.0021557987046982863,0.0023452153462479863,-0.00018941664154970006
arousal_primary_6s,regression,full,BiLSTM,20260907,test,pupil_max_z,P45,0.002539101825317802,0.013236241731084952,-0.01069713990576715
arousal_primary_6s,regression,full,BiLSTM,20260907,test,pupil_max_z,P5,0.00040317707824923945,0.004425987566716772,-0.004022810488467532
arousal_primary_6s,regression,full,BiLSTM,20260907,test,pupil_slope_z_s,P10,0.002234826389859834,-0.0007125021087005301,0.0029473284985603644
arousal_primary_6s,regression,full,BiLSTM,20260907,test,pupil_slope_z_s,P11,-0.0020672811107329105,-0.00033434885145255944,-0.001732932259280351
arousal_primary_6s,regression,full,BiLSTM,20260907,test,pupil_slope_z_s,P15,0.00020092648091778463,0.0007316023707807151,-0.0005306758898629305
arousal_primary_6s,regression,full,BiLSTM,20260907,test,pupil_slope_z_s,P16,0.000173605200197402,-0.0002048758315953858,0.00037848103179278776
arousal_primary_6s,regression,full,BiLSTM,20260907,test,pupil_slope_z_s,P37,0.0038013663516231365,-2.0878847626715215e-05,0.0038222451992498516
arousal_primary_6s,regression,full,BiLSTM,20260907,test,pupil_slope_z_s,P39,0.0008804167877183078,0.0006093659282336184,0.00027105085948468937
arousal_primary_6s,regression,full,BiLSTM,20260907,test,pupil_slope_z_s,P45,0.001882749791170668,-0.0011223375387991118,0.00300508732996978
arousal_primary_6s,regression,full,BiLSTM,20260907,test,pupil_slope_z_s,P5,-0.004281260515489294,0.00035484728554378007,-0.004636107801033074
arousal_primary_6s,regression,full,BiLSTM,20260907,test,modalidad:EEG,P10,0.006660842809293954,0.003670083197491891,0.002990759611802063
arousal_primary_6s,regression,full,BiLSTM,20260907,test,modalidad:EEG,P11,-0.0007723262167267153,-0.0026649209766833825,0.001892594759956667
arousal_primary_6s,regression,full,BiLSTM,20260907,test,modalidad:EEG,P15,-0.006603054772993522,-0.005328206052047113,-0.0012748487209464088
arousal_primary_6s,regression,full,BiLSTM,20260907,test,modalidad:EEG,P16,-0.0021449429442761845,0.0011936703070474896,-0.0033386132513236744
arousal_primary_6s,regression,full,BiLSTM,20260907,test,modalidad:EEG,P37,-0.003010335750350168,0.001353774562866028,-0.004364110313216196
arousal_primary_6s,regression,full,BiLSTM,20260907,test,modalidad:EEG,P39,0.012348161896599995,0.0076382577316846945,0.004709904164915301
arousal_primary_6s,regression,full,BiLSTM,20260907,test,modalidad:EEG,P45,0.005892227364104485,0.002894397942481186,0.0029978294216232992
arousal_primary_6s,regression,full,BiLSTM,20260907,test,modalidad:EEG,P5,-0.003257443678810823,-0.0004889607866794821,-0.002768482892131341
arousal_primary_6s,regression,full,BiLSTM,20260907,test,modalidad:Eye,P10,0.012383221594442051,-0.0007150183299498459,0.013098239924391897
arousal_primary_6s,regression,full,BiLSTM,20260907,test,modalidad:Eye,P11,0.00747596615050945,0.0023863631769030615,0.005089602973606389
arousal_primary_6s,regression,full,BiLSTM,20260907,test,modalidad:Eye,P15,0.002464384963645827,-0.0005778883287076653,0.0030422732923534924
arousal_primary_6s,regression,full,BiLSTM,20260907,test,modalidad:Eye,P16,0.005544689672549774,0.019184872867916637,-0.013640183195366862
arousal_primary_6s,regression,full,BiLSTM,20260907,test,modalidad:Eye,P37,0.0004432490825395208,-0.0006723672242283429,0.0011156163067678638
arousal_primary_6s,regression,full,BiLSTM,20260907,test,modalidad:Eye,P39,0.012060444409901127,0.0005734677344397365,0.011486976675461391
arousal_primary_6s,regression,full,BiLSTM,20260907,test,modalidad:Eye,P45,0.005546459017661531,0.0018100942382064833,0.003736364779455048
arousal_primary_6s,regression,full,BiLSTM,20260907,test,modalidad:Eye,P5,-0.009813085451543978,0.0001178774842160335,-0.009930962935760013
arousal_primary_6s,regression,full,BiLSTM,20260907,test,modalidad:Pupil,P10,0.013928310298789427,0.002465501491849853,0.011462808806939574
arousal_primary_6s,regression,full,BiLSTM,20260907,test,modalidad:Pupil,P11,-0.0055906823897244,-0.00010780907584069243,-0.005482873313883707
arousal_primary_6s,regression,full,BiLSTM,20260907,test,modalidad:Pupil,P15,0.002712310119496708,-0.002841778858725208,0.005554088978221915
arousal_primary_6s,regression,full,BiLSTM,20260907,test,modalidad:Pupil,P16,-0.0008032669215661148,-0.002239007962652262,0.0014357410410861472
arousal_primary_6s,regression,full,BiLSTM,20260907,test,modalidad:Pupil,P37,0.01129271225983237,-0.00041060492320370566,0.011703317183036077
arousal_primary_6s,regression,full,BiLSTM,20260907,test,modalidad:Pupil,P39,-0.00014718143487528755,-0.001069801914838564,0.0009226204799632765
arousal_primary_6s,regression,full,BiLSTM,20260907,test,modalidad:Pupil,P45,0.007051257832535551,0.004535553236941636,0.002515704595593915
arousal_primary_6s,regression,full,BiLSTM,20260907,test,modalidad:Pupil,P5,-0.0025074921075279198,-0.0017183137924632996,-0.0007891783150646202
attention_primary,classification,EEG,LSTM,20260907,validation,eeg_rms_uv,P23,-0.00917874396135263,-0.014492753623188415,0.005314009661835784
attention_primary,classification,EEG,LSTM,20260907,validation,eeg_rms_uv,P28,-0.007101396698712148,0.023375052905254167,-0.030476449603966317
attention_primary,classification,EEG,LSTM,20260907,validation,eeg_rms_uv,P31,0.0,0.002735042735042681,-0.002735042735042681
attention_primary,classification,EEG,LSTM,20260907,validation,eeg_rms_uv,P32,-0.0012275205940364576,-0.00039215686274509667,-0.0008353637312913609
attention_primary,classification,EEG,LSTM,20260907,validation,eeg_rms_uv,P38,0.002402911098563265,0.004494217537695721,-0.0020913064391324563
attention_primary,classification,EEG,LSTM,20260907,validation,eeg_rms_uv,P41,-0.004166392993979218,0.011100164203612484,-0.015266557197591702
attention_primary,classification,EEG,LSTM,20260907,validation,eeg_rms_uv,P47,-0.0010624169986719779,0.0007968127490039833,-0.001859229747675961
attention_primary,classification,EEG,LSTM,20260907,validation,eeg_rms_uv,P6,-0.01063782366437237,0.0015103244837758156,-0.012148148148148186
attention_primary,classification,EEG,LSTM,20260907,validation,eeg_std_uv,P23,0.0019323671497584848,0.008212560386473434,-0.006280193236714949
attention_primary,classification,EEG,LSTM,20260907,validation,eeg_std_uv,P28,-0.011657294878771374,-0.012053328496281546,0.00039603361751017196
attention_primary,classification,EEG,LSTM,20260907,validation,eeg_std_uv,P31,0.0027350427350427255,0.010598290598290561,-0.007863247863247835
attention_primary,classification,EEG,LSTM,20260907,validation,eeg_std_uv,P32,0.0039099663534052365,-0.0004223227752639724,0.0043322891286692086
attention_primary,classification,EEG,LSTM,20260907,validation,eeg_std_uv,P38,0.000545830980613593,0.009762218457870587,-0.009216387477256994
attention_primary,classification,EEG,LSTM,20260907,validation,eeg_std_uv,P41,-0.0015238095238095273,1.3136288998361057e-05,-0.0015369458128078883
attention_primary,classification,EEG,LSTM,20260907,validation,eeg_std_uv,P47,0.0013280212483399723,-0.010889774236387772,0.012217795484727744
attention_primary,classification,EEG,LSTM,20260907,validation,eeg_std_uv,P6,0.004444444444444395,0.0011392985906260144,0.0033051458538183804
attention_primary,classification,EEG,LSTM,20260907,validation,eeg_peak_to_peak_uv,P23,-0.009661835748792268,-0.025603864734299507,0.01594202898550724
attention_primary,classification,EEG,LSTM,20260907,validation,eeg_peak_to_peak_uv,P28,-0.012546103150130028,0.038097829372997105,-0.050643932523127135
attention_primary,classification,EEG,LSTM,20260907,validation,eeg_peak_to_peak_uv,P31,0.0017094017094017033,0.011623931623931572,-0.009914529914529869
attention_primary,classification,EEG,LSTM,20260907,validation,eeg_peak_to_peak_uv,P32,0.004682677804849766,0.007028657616892875,-0.0023459798120431087
attention_primary,classification,EEG,LSTM,20260907,validation,eeg_peak_to_peak_uv,P38,0.005028546332894135,0.008898508898508805,-0.00386996256561467
attention_primary,classification,EEG,LSTM,20260907,validation,eeg_peak_to_peak_uv,P41,-0.0026732348111658476,0.016893267651888356,-0.019566502463054202
attention_primary,classification,EEG,LSTM,20260907,validation,eeg_peak_to_peak_uv,P47,-0.0047808764940239,0.015405046480743678,-0.020185922974767578
attention_primary,classification,EEG,LSTM,20260907,validation,eeg_peak_to_peak_uv,P6,-0.012412979351032472,0.00518649623074402,-0.01759947558177649
attention_primary,classification,EEG,LSTM,20260907,validation,eeg_delta_relative,P23,0.010144927536231895,0.008695652173913049,0.0014492753623188467
attention_primary,classification,EEG,LSTM,20260907,validation,eeg_delta_relative,P28,-0.0040419614245117644,-0.006288167361992914,0.0022462059374811494
attention_primary,classification,EEG,LSTM,20260907,validation,eeg_delta_relative,P31,-0.0017094017094017033,-0.009572649572649593,0.00786324786324789
attention_primary,classification,EEG,LSTM,20260907,validation,eeg_delta_relative,P32,0.010530223923889092,0.003499245852187016,0.007030978071702076
attention_primary,classification,EEG,LSTM,20260907,validation,eeg_delta_relative,P38,0.0029288746680051214,0.0016186711838885315,0.00131020348411659
attention_primary,classification,EEG,LSTM,20260907,validation,eeg_delta_relative,P41,0.007645320197044314,0.006942528735632203,0.0007027914614121111
attention_primary,classification,EEG,LSTM,20260907,validation,eeg_delta_relative,P47,0.016733067729083652,0.005843293492695878,0.010889774236387774
attention_primary,classification,EEG,LSTM,20260907,validation,eeg_delta_relative,P6,-0.0020622746640446164,0.021881350376925603,-0.02394362504097022
attention_primary,classification,EEG,LSTM,20260907,validation,eeg_theta_relative,P23,0.018357487922705352,-0.00048309178743960457,0.018840579710144956
attention_primary,classification,EEG,LSTM,20260907,validation,eeg_theta_relative,P28,-0.0013604208235080684,0.019460064090936535,-0.020820484914444604
attention_primary,classification,EEG,LSTM,20260907,validation,eeg_theta_relative,P31,-0.0027350427350427255,-0.009572649572649583,0.0068376068376068576
attention_primary,classification,EEG,LSTM,20260907,validation,eeg_theta_relative,P32,-0.0023900684534168713,-0.008652975983292743,0.006262907529875871
attention_primary,classification,EEG,LSTM,20260907,validation,eeg_theta_relative,P38,0.01299328690633036,-0.005755275320492759,0.01874856222682312
attention_primary,classification,EEG,LSTM,20260907,validation,eeg_theta_relative,P41,0.0004072249589490706,0.00492829775588397,-0.004521072796934899
attention_primary,classification,EEG,LSTM,20260907,validation,eeg_theta_relative,P47,0.010358565737051784,-0.003452855245683928,0.013811420982735712
attention_primary,classification,EEG,LSTM,20260907,validation,eeg_theta_relative,P6,-0.0047381186496231135,-0.005923303834808246,0.001185185185185133
attention_primary,classification,EEG,LSTM,20260907,validation,eeg_alpha_relative,P23,0.0019323671497584627,-0.020772946859903375,0.022705314009661838
attention_primary,classification,EEG,LSTM,20260907,validation,eeg_alpha_relative,P28,0.00042021887659470235,-0.006336537880162097,0.006756756756756799
attention_primary,classification,EEG,LSTM,20260907,validation,eeg_alpha_relative,P31,0.006153846153846132,-0.017435897435897473,0.023589743589743604
attention_primary,classification,EEG,LSTM,20260907,validation,eeg_alpha_relative,P32,0.01450980392156862,0.003956375449588068,0.010553428471980552
attention_primary,classification,EEG,LSTM,20260907,validation,eeg_alpha_relative,P38,0.0028546332894158755,0.000490411359976528,0.0023642219294393472
attention_primary,classification,EEG,LSTM,20260907,validation,eeg_alpha_relative,P41,-0.014561576354679839,-0.010756431308155434,-0.003805145046524405
attention_primary,classification,EEG,LSTM,20260907,validation,eeg_alpha_relative,P47,0.013811420982735712,0.0007968127490039833,0.013014608233731729
attention_primary,classification,EEG,LSTM,20260907,validation,eeg_alpha_relative,P6,-0.005967879383808605,-0.003910848901999342,-0.002057030481809263
attention_primary,classification,EEG,LSTM,20260907,validation,eeg_beta_relative,P23,0.03671497584541065,0.017874396135265747,0.0188405797101449
attention_primary,classification,EEG,LSTM,20260907,validation,eeg_beta_relative,P28,-0.004948908640183836,-0.009912933067295538,0.004964024427111702
attention_primary,classification,EEG,LSTM,20260907,validation,eeg_beta_relative,P31,-0.0006837606837606814,0.002735042735042703,-0.003418803418803384
attention_primary,classification,EEG,LSTM,20260907,validation,eeg_beta_relative,P32,0.007044900800556886,-0.0012692887806010189,0.008314189581157904
attention_primary,classification,EEG,LSTM,20260907,validation,eeg_beta_relative,P38,0.012665997448606126,0.0068239329108893965,0.00584206453771673
attention_primary,classification,EEG,LSTM,20260907,validation,eeg_beta_relative,P41,0.006480569239189926,0.009635467980295565,-0.0031548987411056393
attention_primary,classification,EEG,LSTM,20260907,validation,eeg_beta_relative,P47,0.006640106241699861,-0.013811420982735712,0.02045152722443557
attention_primary,classification,EEG,LSTM,20260907,validation,eeg_beta_relative,P6,-0.0014827925270403442,0.01060635857096034,-0.012089151098000683
attention_primary,classification,EEG,LSTM,20260907,validation,eeg_gamma_relative,P23,-0.022222222222222164,-0.006280193236714948,-0.015942028985507214
attention_primary,classification,EEG,LSTM,20260907,validation,eeg_gamma_relative,P28,0.012134953745692002,-0.001777616542717253,0.013912570288409254
attention_primary,classification,EEG,LSTM,20260907,validation,eeg_gamma_relative,P31,0.014017094017094,0.0013675213675213294,0.012649572649572671
attention_primary,classification,EEG,LSTM,20260907,validation,eeg_gamma_relative,P32,0.02647638937231699,0.006801253045596911,0.019675136326720077
attention_primary,classification,EEG,LSTM,20260907,validation,eeg_gamma_relative,P38,0.007952192734801411,0.015205889118932581,-0.00725369638413117
attention_primary,classification,EEG,LSTM,20260907,validation,eeg_gamma_relative,P41,0.006620689655172418,0.0002058018609742862,0.006414887794198132
attention_primary,classification,EEG,LSTM,20260907,validation,eeg_gamma_relative,P47,0.0010624169986719779,-0.007968127490039834,0.009030544488711812
attention_primary,classification,EEG,LSTM,20260907,validation,eeg_gamma_relative,P6,-0.009980989839396926,0.0031242215666994365,-0.013105211406096363
attention_primary,classification,EEG,LSTM,20260907,validation,eeg_line_noise_ratio,P23,0.0009661835748792314,-0.017391304347826077,0.018357487922705307
attention_primary,classification,EEG,LSTM,20260907,validation,eeg_line_noise_ratio,P28,0.009012032166394601,0.02929137190882153,-0.020279339742426926
attention_primary,classification,EEG,LSTM,20260907,validation,eeg_line_noise_ratio,P31,-0.004102564102564088,-1.1102230246251566e-17,-0.0041025641025640765
attention_primary,classification,EEG,LSTM,20260907,validation,eeg_line_noise_ratio,P32,0.0234969253973779,0.012553660517461396,0.010943264879916504
attention_primary,classification,EEG,LSTM,20260907,validation,eeg_line_noise_ratio,P38,0.0013614404918752877,-0.0010832967354706957,0.0024447372273459834
attention_primary,classification,EEG,LSTM,20260907,validation,eeg_line_noise_ratio,P41,-0.0015281882868089848,-0.005363984674329481,0.003835796387520496
attention_primary,classification,EEG,LSTM,20260907,validation,eeg_line_noise_ratio,P47,0.0026560424966799445,-0.0015936254980079667,0.004249667994687911
attention_primary,classification,EEG,LSTM,20260907,validation,eeg_line_noise_ratio,P6,-0.005902327105866967,-0.005330711242215657,-0.0005716158636513095
attention_primary,classification,EEG,LSTM,20260907,validation,modalidad:EEG,P23,-0.029951690821256018,-0.005797101449275333,-0.024154589371980686
attention_primary,classification,EEG,LSTM,20260907,validation,modalidad:EEG,P28,0.017068746598947915,0.0337565753673136,-0.016687828768365685
attention_primary,classification,EEG,LSTM,20260907,validation,modalidad:EEG,P31,0.006495726495726484,-0.02358974358974362,0.030085470085470103
attention_primary,classification,EEG,LSTM,20260907,validation,modalidad:EEG,P32,0.026701473488803827,0.016892911010558054,0.009808562478245773
attention_primary,classification,EEG,LSTM,20260907,validation,modalidad:EEG,P38,-0.011907898864420629,-0.01138716356107664,-0.0005207353033439884
attention_primary,classification,EEG,LSTM,20260907,validation,modalidad:EEG,P41,0.008409414340448817,-0.0018741105637657073,0.010283524904214525
attention_primary,classification,EEG,LSTM,20260907,validation,modalidad:EEG,P47,0.019389110225763596,-0.005312084993359889,0.024701195219123485
attention_primary,classification,EEG,LSTM,20260907,validation,modalidad:EEG,P6,0.014214355948869195,0.017733202228777455,-0.0035188462799082606
attention_primary,classification,EEG,LSTM,20260907,test,eeg_rms_uv,P10,-0.0016016160450184058,-0.016343217180097635,0.014741601135079229
attention_primary,classification,EEG,LSTM,20260907,test,eeg_rms_uv,P11,0.0020703933747411975,-0.010351966873705997,0.012422360248447194
attention_primary,classification,EEG,LSTM,20260907,test,eeg_rms_uv,P15,0.0012169891687964119,-0.006467080442984052,0.007684069611780464
attention_primary,classification,EEG,LSTM,20260907,test,eeg_rms_uv,P16,-0.0016359918200408497,0.012678936605317026,-0.014314928425357875
attention_primary,classification,EEG,LSTM,20260907,test,eeg_rms_uv,P37,-0.002852049910873444,-0.008556149732620344,0.0057040998217468995
attention_primary,classification,EEG,LSTM,20260907,test,eeg_rms_uv,P39,0.0008333333333333415,0.005833333333333324,-0.004999999999999983
attention_primary,classification,EEG,LSTM,20260907,test,eeg_rms_uv,P45,0.006909665926059394,-0.015292539882703748,0.022202205808763142
attention_primary,classification,EEG,LSTM,20260907,test,eeg_rms_uv,P5,0.0,-0.00042735042735042583,0.00042735042735042583
attention_primary,classification,EEG,LSTM,20260907,test,eeg_std_uv,P10,-0.002820864295505365,-0.01150951109828533,0.008688646802779965
attention_primary,classification,EEG,LSTM,20260907,test,eeg_std_uv,P11,0.0020703933747411862,-0.021532091097308515,0.0236024844720497
attention_primary,classification,EEG,LSTM,20260907,test,eeg_std_uv,P15,-0.0012023852987708473,-0.009319703054642803,0.008117317755871956
attention_primary,classification,EEG,LSTM,20260907,test,eeg_std_uv,P16,0.0008179959100204637,0.017995910020449944,-0.01717791411042948
attention_primary,classification,EEG,LSTM,20260907,test,eeg_std_uv,P37,-0.006060606060606088,0.008912655971479489,-0.014973262032085578
attention_primary,classification,EEG,LSTM,20260907,test,eeg_std_uv,P39,0.0004166666666666874,2.2204460492503132e-17,0.0004166666666666652
attention_primary,classification,EEG,LSTM,20260907,test,eeg_std_uv,P45,0.00328269180728199,-0.020056446285954432,0.02333913809323642
attention_primary,classification,EEG,LSTM,20260907,test,eeg_std_uv,P5,-0.00042735042735042583,0.0029914529914529695,-0.0034188034188033954
attention_primary,classification,EEG,LSTM,20260907,test,eeg_peak_to_peak_uv,P10,-0.0008008080225092029,-0.02965875477959744,0.028857946757088238
attention_primary,classification,EEG,LSTM,20260907,test,eeg_peak_to_peak_uv,P11,-0.0008281573498964745,-0.018219461697722584,0.017391304347826108
attention_primary,classification,EEG,LSTM,20260907,test,eeg_peak_to_peak_uv,P15,-0.0020177680418644317,-0.004412802726055709,0.0023950346841912773
attention_primary,classification,EEG,LSTM,20260907,test,eeg_peak_to_peak_uv,P16,0.002453987730061391,0.04130879345603278,-0.038854805725971386
attention_primary,classification,EEG,LSTM,20260907,test,eeg_peak_to_peak_uv,P37,-0.011764705882352965,-0.014260249554367221,0.002495543672014256
attention_primary,classification,EEG,LSTM,20260907,test,eeg_peak_to_peak_uv,P39,0.005000000000000016,-0.007083333333333319,0.012083333333333335
attention_primary,classification,EEG,LSTM,20260907,test,eeg_peak_to_peak_uv,P45,-0.0018575231689985316,-0.02339918733361355,0.021541664164615018
attention_primary,classification,EEG,LSTM,20260907,test,eeg_peak_to_peak_uv,P5,-0.0012820512820512775,-0.016666666666666663,0.015384615384615385
attention_primary,classification,EEG,LSTM,20260907,test,eeg_delta_relative,P10,0.00848183151768751,0.002414448212009723,0.006067383305677786
attention_primary,classification,EEG,LSTM,20260907,test,eeg_delta_relative,P11,-1.1102230246251566e-17,-0.012422360248447218,0.012422360248447208
attention_primary,classification,EEG,LSTM,20260907,test,eeg_delta_relative,P15,0.004670804429840569,-0.012498478763538979,0.01716928319337955
attention_primary,classification,EEG,LSTM,20260907,test,eeg_delta_relative,P16,-0.022494887525562335,0.016768916155419276,-0.03926380368098161
attention_primary,classification,EEG,LSTM,20260907,test,eeg_delta_relative,P37,-0.01639928698752232,0.00855614973262031,-0.02495543672014263
attention_primary,classification,EEG,LSTM,20260907,test,eeg_delta_relative,P39,-0.011249999999999972,-0.005833333333333313,-0.005416666666666659
attention_primary,classification,EEG,LSTM,20260907,test,eeg_delta_relative,P45,0.0039872695610400745,-0.015442662983646572,0.019429932544686647
attention_primary,classification,EEG,LSTM,20260907,test,eeg_delta_relative,P5,-0.024358974358974318,0.0004273504273504036,-0.024786324786324723
attention_primary,classification,EEG,LSTM,20260907,test,eeg_theta_relative,P10,-0.0036793882115287446,-0.017187312122742472,0.013507923911213728
attention_primary,classification,EEG,LSTM,20260907,test,eeg_theta_relative,P11,0.01821946169772255,0.0012422360248447117,0.01697722567287784
attention_primary,classification,EEG,LSTM,20260907,test,eeg_theta_relative,P15,0.0032420591456736036,0.01336254107338447,-0.010120481927710867
attention_primary,classification,EEG,LSTM,20260907,test,eeg_theta_relative,P16,-0.023312883435582788,0.0004089979550102818,-0.02372188139059307
attention_primary,classification,EEG,LSTM,20260907,test,eeg_theta_relative,P37,-0.0074866310160428,-0.008199643493761177,0.0007130124777183777
attention_primary,classification,EEG,LSTM,20260907,test,eeg_theta_relative,P39,-0.009166666666666646,0.014583333333333347,-0.023749999999999993
attention_primary,classification,EEG,LSTM,20260907,test,eeg_theta_relative,P45,0.010230388918913513,0.00764827158269783,0.002582117336215683
attention_primary,classification,EEG,LSTM,20260907,test,eeg_theta_relative,P5,-0.03461538461538457,-0.008974358974358975,-0.02564102564102559
attention_primary,classification,EEG,LSTM,20260907,test,eeg_alpha_relative,P10,-0.01305100642089314,-0.018630209460596882,0.005579203039703742
attention_primary,classification,EEG,LSTM,20260907,test,eeg_alpha_relative,P11,-0.012008281573498958,-0.01200828157349899,3.2959746043559335e-17
attention_primary,classification,EEG,LSTM,20260907,test,eeg_alpha_relative,P15,0.0184154801022271,-0.004098819520506236,0.022514299622733335
attention_primary,classification,EEG,LSTM,20260907,test,eeg_alpha_relative,P16,0.01554192229038861,0.031901840490797584,-0.016359918200408975
attention_primary,classification,EEG,LSTM,20260907,test,eeg_alpha_relative,P37,-0.011408199643493776,0.005347593582887689,-0.016755793226381467
attention_primary,classification,EEG,LSTM,20260907,test,eeg_alpha_relative,P39,-0.0062499999999999665,-0.004166666666666629,-0.002083333333333337
attention_primary,classification,EEG,LSTM,20260907,test,eeg_alpha_relative,P45,0.01130326868031788,-0.00835685261914767,0.019660121299465552
attention_primary,classification,EEG,LSTM,20260907,test,eeg_alpha_relative,P5,-0.03675213675213669,-0.0051282051282051325,-0.03162393162393156
attention_primary,classification,EEG,LSTM,20260907,test,eeg_beta_relative,P10,-0.004001635283649563,0.0013755621287545484,-0.005377197412404111
attention_primary,classification,EEG,LSTM,20260907,test,eeg_beta_relative,P11,0.0024844720496894346,-0.024016563146997925,0.02650103519668736
attention_primary,classification,EEG,LSTM,20260907,test,eeg_beta_relative,P15,-0.006488986248022377,-0.010699768772057906,0.004210782524035528
attention_primary,classification,EEG,LSTM,20260907,test,eeg_beta_relative,P16,-0.026993865030674812,0.007770961145194322,-0.03476482617586914
attention_primary,classification,EEG,LSTM,20260907,test,eeg_beta_relative,P37,-0.009269162210338699,0.011408199643493756,-0.020677361853832454
attention_primary,classification,EEG,LSTM,20260907,test,eeg_beta_relative,P39,-0.016249999999999966,-0.015416666666666657,-0.0008333333333333092
attention_primary,classification,EEG,LSTM,20260907,test,eeg_beta_relative,P45,0.009167517364238698,-0.025719089653515846,0.03488660701775455
attention_primary,classification,EEG,LSTM,20260907,test,eeg_beta_relative,P5,-0.009829059829059794,-0.005555555555555547,-0.004273504273504247
attention_primary,classification,EEG,LSTM,20260907,test,eeg_gamma_relative,P10,-0.009443763076257106,-0.020445855277397007,0.011002092201139901
attention_primary,classification,EEG,LSTM,20260907,test,eeg_gamma_relative,P11,0.002898550724637661,-0.006625258799171851,0.009523809523809513
attention_primary,classification,EEG,LSTM,20260907,test,eeg_gamma_relative,P15,-0.0056176220031642025,0.0028380187416332304,-0.008455640744797432
attention_primary,classification,EEG,LSTM,20260907,test,eeg_gamma_relative,P16,0.02085889570552152,0.039672801635991885,-0.018813905930470366
attention_primary,classification,EEG,LSTM,20260907,test,eeg_gamma_relative,P37,-0.003208556149732633,-0.008199643493761167,0.004991087344028534
attention_primary,classification,EEG,LSTM,20260907,test,eeg_gamma_relative,P39,-0.010833333333333296,-0.006666666666666665,-0.00416666666666663
attention_primary,classification,EEG,LSTM,20260907,test,eeg_gamma_relative,P45,0.00427950919754202,-0.03456434276106405,0.03884385195860607
attention_primary,classification,EEG,LSTM,20260907,test,eeg_gamma_relative,P5,-0.01666666666666663,-0.014529914529914523,-0.002136752136752105
attention_primary,classification,EEG,LSTM,20260907,test,eeg_line_noise_ratio,P10,-0.025488781473198184,-0.03347762306711875,0.007988841593920569
attention_primary,classification,EEG,LSTM,20260907,test,eeg_line_noise_ratio,P11,-0.0049689440993788804,-0.004554865424430665,-0.0004140786749482154
attention_primary,classification,EEG,LSTM,20260907,test,eeg_line_noise_ratio,P15,0.006389193136181082,-0.007720579286844309,0.01410977242302539
attention_primary,classification,EEG,LSTM,20260907,test,eeg_line_noise_ratio,P16,0.0192229038854806,0.04621676891615548,-0.02699386503067488
attention_primary,classification,EEG,LSTM,20260907,test,eeg_line_noise_ratio,P37,-0.03743315508021391,-0.017112299465240656,-0.02032085561497325
attention_primary,classification,EEG,LSTM,20260907,test,eeg_line_noise_ratio,P39,-0.02374999999999996,-0.016666666666666642,-0.0070833333333333165
attention_primary,classification,EEG,LSTM,20260907,test,eeg_line_noise_ratio,P45,-1.0008206729505975e-05,-0.004375587982145346,0.0043655797754158406
attention_primary,classification,EEG,LSTM,20260907,test,eeg_line_noise_ratio,P5,-0.024358974358974318,-0.016666666666666663,-0.007692307692307655
attention_primary,classification,EEG,LSTM,20260907,test,modalidad:EEG,P10,-0.0031070389341798397,-0.015535194670899144,0.012428155736719303
attention_primary,classification,EEG,LSTM,20260907,test,modalidad:EEG,P11,0.0049689440993788804,-0.025672877846790933,0.030641821946169812
attention_primary,classification,EEG,LSTM,20260907,test,modalidad:EEG,P15,0.02612388949738348,0.006820007301935049,0.01930388219544843
attention_primary,classification,EEG,LSTM,20260907,test,modalidad:EEG,P16,0.04253578732106341,0.04989775051124749,-0.007361963190184083
attention_primary,classification,EEG,LSTM,20260907,test,modalidad:EEG,P37,-0.03458110516934049,0.007843137254901933,-0.04242424242424242
attention_primary,classification,EEG,LSTM,20260907,test,modalidad:EEG,P39,-0.042916666666666624,-0.04124999999999999,-0.0016666666666666358
attention_primary,classification,EEG,LSTM,20260907,test,modalidad:EEG,P45,-0.017852639164114538,-0.01789467363237852,4.2034468263982966e-05
attention_primary,classification,EEG,LSTM,20260907,test,modalidad:EEG,P5,-0.029059829059829,-0.014529914529914534,-0.014529914529914468
attention_primary,classification,full,TCN,20260907,validation,eeg_rms_uv,P23,0.0019323671497584627,-0.014492753623188415,0.016425120772946878
attention_primary,classification,full,TCN,20260907,validation,eeg_rms_uv,P28,0.007703005018441278,-0.00769091238889893,0.015393917407340207
attention_primary,classification,full,TCN,20260907,validation,eeg_rms_uv,P31,-0.0003418803418803407,0.004444444444444429,-0.00478632478632477
attention_primary,classification,full,TCN,20260907,validation,eeg_rms_uv,P32,0.00038519549831765864,-0.004710523262559452,0.00509571876087711
attention_primary,classification,full,TCN,20260907,validation,eeg_rms_uv,P38,0.005025409373235423,-0.0005311918355397127,0.005556601208775136
attention_primary,classification,full,TCN,20260907,validation,eeg_rms_uv,P41,0.0019003831417625072,0.008411603721948546,-0.006511220580186039
attention_primary,classification,full,TCN,20260907,validation,eeg_rms_uv,P47,0.0007968127490039833,0.0013280212483399723,-0.0005312084993359889
attention_primary,classification,full,TCN,20260907,validation,eeg_rms_uv,P6,-0.0017712225499836088,-0.004129793510324453,0.0023585709603408445
attention_primary,classification,full,TCN,20260907,validation,eeg_std_uv,P23,-0.0067632850241545975,0.02222222222222219,-0.028985507246376788
attention_primary,classification,full,TCN,20260907,validation,eeg_std_uv,P28,0.017123163431888255,-0.03818550093717875,0.05530866436906701
attention_primary,classification,full,TCN,20260907,validation,eeg_std_uv,P31,-0.0017094017094017033,0.007179487179487176,-0.00888888888888888
attention_primary,classification,full,TCN,20260907,validation,eeg_std_uv,P32,-6.961364427438e-06,-0.008673860076575024,0.008666898712147587
attention_primary,classification,full,TCN,20260907,validation,eeg_std_uv,P38,-0.003178785787481475,-0.009266578831796279,0.006087793044314804
attention_primary,classification,full,TCN,20260907,validation,eeg_std_uv,P41,0.003045429666119337,1.532567049807865e-05,0.0030301039956212583
attention_primary,classification,full,TCN,20260907,validation,eeg_std_uv,P47,0.0007968127490039611,0.01248339973439574,-0.01168658698539178
attention_primary,classification,full,TCN,20260907,validation,eeg_std_uv,P6,0.01477548344804983,-0.009793510324483745,0.024568993772533576
attention_primary,classification,full,TCN,20260907,validation,eeg_peak_to_peak_uv,P23,-0.01256038647342994,-0.014492753623188437,0.0019323671497584963
attention_primary,classification,full,TCN,20260907,validation,eeg_peak_to_peak_uv,P28,0.003153153153153143,0.014081867102001377,-0.010928713948848234
attention_primary,classification,full,TCN,20260907,validation,eeg_peak_to_peak_uv,P31,-0.001025641025641022,0.014700854700854703,-0.015726495726495725
attention_primary,classification,full,TCN,20260907,validation,eeg_peak_to_peak_uv,P32,-0.0011787910430444359,0.007803689523146551,-0.008982480566190987
attention_primary,classification,full,TCN,20260907,validation,eeg_peak_to_peak_uv,P38,0.002918418135809431,0.01280716063324755,-0.00988874249743812
attention_primary,classification,full,TCN,20260907,validation,eeg_peak_to_peak_uv,P41,0.0034395183360701243,0.0053968253968254,-0.0019573070607552755
attention_primary,classification,full,TCN,20260907,validation,eeg_peak_to_peak_uv,P47,0.005577689243027884,0.010358565737051784,-0.004780876494023901
attention_primary,classification,full,TCN,20260907,validation,eeg_peak_to_peak_uv,P6,0.014190757128810239,-0.010517207472959677,0.024707964601769918
attention_primary,classification,full,TCN,20260907,validation,eeg_delta_relative,P23,-0.025603864734299486,0.029468599033816413,-0.0550724637681159
attention_primary,classification,full,TCN,20260907,validation,eeg_delta_relative,P28,0.0031319910514541415,0.008074853376866854,-0.004942862325412712
attention_primary,classification,full,TCN,20260907,validation,eeg_delta_relative,P31,0.002051282051282044,0.00034188034188036286,0.001709401709401681
attention_primary,classification,full,TCN,20260907,validation,eeg_delta_relative,P32,0.001264647870982749,-0.0047662141779789,0.0060308620489616495
attention_primary,classification,full,TCN,20260907,validation,eeg_delta_relative,P38,-0.003696384131166741,-0.01451157538114064,0.0108151912499739
attention_primary,classification,full,TCN,20260907,validation,eeg_delta_relative,P41,0.008472906403940928,-0.00872030651340997,0.017193212917350896
attention_primary,classification,full,TCN,20260907,validation,eeg_delta_relative,P47,0.022841965471447522,0.0047808764940239,0.018061088977423624
attention_primary,classification,full,TCN,20260907,validation,eeg_delta_relative,P6,0.0011707636840380565,-0.009190429367420483,0.01036119305145854
attention_primary,classification,full,TCN,20260907,validation,eeg_theta_relative,P23,-0.01352657004830915,0.03671497584541061,-0.05024154589371976
attention_primary,classification,full,TCN,20260907,validation,eeg_theta_relative,P28,-0.0022280669931676765,0.006741640969828944,-0.00896970796299662
attention_primary,classification,full,TCN,20260907,validation,eeg_theta_relative,P31,0.008205128205128198,0.0,0.008205128205128198
attention_primary,classification,full,TCN,20260907,validation,eeg_theta_relative,P32,0.00940248288664578,-0.005109641489731987,0.014512124376377767
attention_primary,classification,full,TCN,20260907,validation,eeg_theta_relative,P38,-0.00578350795742103,-0.023195725369638466,0.017412217412217434
attention_primary,classification,full,TCN,20260907,validation,eeg_theta_relative,P41,0.011503010399562141,0.0007378215654077813,0.01076518883415436
attention_primary,classification,full,TCN,20260907,validation,eeg_theta_relative,P47,0.025232403718459473,0.008233731739707827,0.016998671978751646
attention_primary,classification,full,TCN,20260907,validation,eeg_theta_relative,P6,0.0014919698459521901,-0.010060963618485741,0.01155293346443793
attention_primary,classification,full,TCN,20260907,validation,eeg_alpha_relative,P23,0.033816425120772965,-0.0014492753623188582,0.03526570048309182
attention_primary,classification,full,TCN,20260907,validation,eeg_alpha_relative,P28,-0.011687526452627117,-0.008132293367192655,-0.0035552330854344612
attention_primary,classification,full,TCN,20260907,validation,eeg_alpha_relative,P31,0.013333333333333298,-0.0013675213675213627,0.01470085470085466
attention_primary,classification,full,TCN,20260907,validation,eeg_alpha_relative,P32,0.012507251421278575,0.0059287620373593254,0.0065784893839192496
attention_primary,classification,full,TCN,20260907,validation,eeg_alpha_relative,P38,-0.003413012108664304,-0.013503565677478735,0.010090553568814432
attention_primary,classification,full,TCN,20260907,validation,eeg_alpha_relative,P41,-0.001490968801313597,-0.0015632183908045882,7.224958949099132e-05
attention_primary,classification,full,TCN,20260907,validation,eeg_alpha_relative,P47,0.033200531208499307,0.003984063745019917,0.02921646746347939
attention_primary,classification,full,TCN,20260907,validation,eeg_alpha_relative,P6,0.004776138970829258,-0.014264175680104874,0.019040314650934132
attention_primary,classification,full,TCN,20260907,validation,eeg_beta_relative,P23,0.01400966183574881,0.035748792270531383,-0.021739130434782573
attention_primary,classification,full,TCN,20260907,validation,eeg_beta_relative,P28,-0.00045951992260715444,0.001324142934881245,-0.0017836628574883994
attention_primary,classification,full,TCN,20260907,validation,eeg_beta_relative,P31,0.0017094017094017033,0.00854700854700854,-0.006837606837606836
attention_primary,classification,full,TCN,20260907,validation,eeg_beta_relative,P32,-0.0008330432764821927,0.008128553196426514,-0.008961596472908707
attention_primary,classification,full,TCN,20260907,validation,eeg_beta_relative,P38,-0.011355793964489613,-0.015121191208147788,0.0037653972436581754
attention_primary,classification,full,TCN,20260907,validation,eeg_beta_relative,P41,0.0022397372742200437,0.0034854953475643158,-0.001245758073344272
attention_primary,classification,full,TCN,20260907,validation,eeg_beta_relative,P47,0.033466135458167255,-0.0010624169986719779,0.03452855245683923
attention_primary,classification,full,TCN,20260907,validation,eeg_beta_relative,P6,0.00919436250409703,-0.000940019665683367,0.010134382169780397
attention_primary,classification,full,TCN,20260907,validation,eeg_gamma_relative,P23,0.012077294685990347,0.002415458937198034,0.009661835748792313
attention_primary,classification,full,TCN,20260907,validation,eeg_gamma_relative,P28,-0.00945038998730271,-0.0018048249591873344,-0.0076455650281153755
attention_primary,classification,full,TCN,20260907,validation,eeg_gamma_relative,P31,0.0044444444444444176,0.016410256410256396,-0.011965811965811979
attention_primary,classification,full,TCN,20260907,validation,eeg_gamma_relative,P32,-0.0020211161387631905,0.004030630003480673,-0.006051746142243863
attention_primary,classification,full,TCN,20260907,validation,eeg_gamma_relative,P38,-0.0062969236882280625,-0.002796076709120199,-0.0035008469791078635
attention_primary,classification,full,TCN,20260907,validation,eeg_gamma_relative,P41,0.006160919540229926,-0.005876299945265462,0.012037219485495389
attention_primary,classification,full,TCN,20260907,validation,eeg_gamma_relative,P47,0.0037184594953519,0.006640106241699861,-0.0029216467463479613
attention_primary,classification,full,TCN,20260907,validation,eeg_gamma_relative,P6,0.007705014749262562,-0.014329727958046512,0.022034742707309075
attention_primary,classification,full,TCN,20260907,validation,eeg_line_noise_ratio,P23,-0.007729468599033795,0.017874396135265692,-0.025603864734299486
attention_primary,classification,full,TCN,20260907,validation,eeg_line_noise_ratio,P28,-0.002663401656690223,-0.004927746538484767,0.0022643448817945442
attention_primary,classification,full,TCN,20260907,validation,eeg_line_noise_ratio,P31,-0.004102564102564132,0.0027350427350427363,-0.006837606837606869
attention_primary,classification,full,TCN,20260907,validation,eeg_line_noise_ratio,P32,-0.0019770274973895164,0.01098503306648102,-0.012962060563870536
attention_primary,classification,full,TCN,20260907,validation,eeg_line_noise_ratio,P38,-0.004184704184704213,-0.016390614216701217,0.012205910031997004
attention_primary,classification,full,TCN,20260907,validation,eeg_line_noise_ratio,P41,1.7515051997851748e-05,-0.014957854406130256,0.014975369458128107
attention_primary,classification,full,TCN,20260907,validation,eeg_line_noise_ratio,P47,0.004780876494023878,0.0005312084993359889,0.004249667994687889
attention_primary,classification,full,TCN,20260907,validation,eeg_line_noise_ratio,P6,0.020152081284824652,-0.0068121927236971525,0.026964274008521805
attention_primary,classification,full,TCN,20260907,validation,gsr_mean_z,P23,0.012077294685990381,-0.0038647342995169033,0.015942028985507284
attention_primary,classification,full,TCN,20260907,validation,gsr_mean_z,P28,-0.012074490597980537,0.004519620291432436,-0.016594110889412973
attention_primary,classification,full,TCN,20260907,validation,gsr_mean_z,P31,0.0017094017094017033,0.001025641025641022,0.0006837606837606814
attention_primary,classification,full,TCN,20260907,validation,gsr_mean_z,P32,0.009792319294581731,-0.008669219166956732,0.018461538461538463
attention_primary,classification,full,TCN,20260907,validation,gsr_mean_z,P38,-0.005558692515214281,-0.0034412447455926197,-0.002117447769621661
attention_primary,classification,full,TCN,20260907,validation,gsr_mean_z,P41,0.002298850574712663,0.0,0.002298850574712663
attention_primary,classification,full,TCN,20260907,validation,gsr_mean_z,P47,0.005046480743691894,0.001859229747675961,0.0031872509960159333
attention_primary,classification,full,TCN,20260907,validation,gsr_mean_z,P6,0.006201245493280905,0.006511963290724376,-0.0003107177974434709
attention_primary,classification,full,TCN,20260907,validation,gsr_std_z,P23,0.0019323671497584738,0.024154589371980627,-0.022222222222222154
attention_primary,classification,full,TCN,20260907,validation,gsr_std_z,P28,-0.027005864925328017,-0.016672712981437764,-0.010333151943890253
attention_primary,classification,full,TCN,20260907,validation,gsr_std_z,P31,0.0017094017094017033,0.002051282051282044,-0.0003418803418803406
attention_primary,classification,full,TCN,20260907,validation,gsr_std_z,P32,-0.004309084580577804,-0.0007727114514444855,-0.0035363731291333184
attention_primary,classification,full,TCN,20260907,validation,gsr_std_z,P38,-9.410878976112703e-06,-0.009501850806198664,0.009492439927222552
attention_primary,classification,full,TCN,20260907,validation,gsr_std_z,P41,-0.004978653530377653,0.003432950191570894,-0.008411603721948546
attention_primary,classification,full,TCN,20260907,validation,gsr_std_z,P47,0.003718459495351922,-0.0007968127490039833,0.004515272244355905
attention_primary,classification,full,TCN,20260907,validation,gsr_std_z,P6,0.01685086856768272,0.0011904293674205313,0.015660439200262187
attention_primary,classification,full,TCN,20260907,validation,gsr_min_z,P23,-0.0004830917874396157,0.017391304347826077,-0.017874396135265692
attention_primary,classification,full,TCN,20260907,validation,gsr_min_z,P28,-0.013035854646592893,0.021975331035733757,-0.035011185682326654
attention_primary,classification,full,TCN,20260907,validation,gsr_min_z,P31,-0.0006837606837606814,-0.0013675213675213627,0.0006837606837606814
attention_primary,classification,full,TCN,20260907,validation,gsr_min_z,P32,0.008230653208028738,0.03329388560157791,-0.02506323239354917
attention_primary,classification,full,TCN,20260907,validation,gsr_min_z,P38,-0.008173871217349471,-0.004217119434510785,-0.003956751782838686
attention_primary,classification,full,TCN,20260907,validation,gsr_min_z,P41,0.0026885604816639596,-6.568144499186079e-06,0.002695128626163146
attention_primary,classification,full,TCN,20260907,validation,gsr_min_z,P47,0.0031872509960159333,0.00239043824701195,0.0007968127490039834
attention_primary,classification,full,TCN,20260907,validation,gsr_min_z,P6,0.008879711569977088,-0.014761061946902654,0.023640773516879744
attention_primary,classification,full,TCN,20260907,validation,gsr_max_z,P23,0.0038647342995169255,0.0009661835748792314,0.002898550724637694
attention_primary,classification,full,TCN,20260907,validation,gsr_max_z,P28,-0.0007950903924058284,-0.00405103089666844,0.0032559405042626114
attention_primary,classification,full,TCN,20260907,validation,gsr_max_z,P31,0.0,0.0006837606837606814,-0.0006837606837606814
attention_primary,classification,full,TCN,20260907,validation,gsr_max_z,P32,0.009451212437637746,-0.001965425223343775,0.011416637660981522
attention_primary,classification,full,TCN,20260907,validation,gsr_max_z,P38,-0.0021017629713282137,-0.001325888282410037,-0.0007758746889181766
attention_primary,classification,full,TCN,20260907,validation,gsr_max_z,P41,0.002298850574712663,0.0026819923371647738,-0.0003831417624521106
attention_primary,classification,full,TCN,20260907,validation,gsr_max_z,P47,0.0010624169986719779,-0.0005312084993359889,0.0015936254980079669
attention_primary,classification,full,TCN,20260907,validation,gsr_max_z,P6,0.005897082923631669,0.0014880367092756862,0.004409046214355982
attention_primary,classification,full,TCN,20260907,validation,gsr_tonic_mean_z,P23,2.2204460492503132e-17,-0.0014492753623188582,0.0014492753623188803
attention_primary,classification,full,TCN,20260907,validation,gsr_tonic_mean_z,P28,0.0013846060825926654,0.004970070741882859,-0.0035854646592901936
attention_primary,classification,full,TCN,20260907,validation,gsr_tonic_mean_z,P31,0.0003418803418803407,0.0003418803418803407,0.0
attention_primary,classification,full,TCN,20260907,validation,gsr_tonic_mean_z,P32,0.008639053254437845,-0.0059218006729319095,0.014560853927369754
attention_primary,classification,full,TCN,20260907,validation,gsr_tonic_mean_z,P38,-0.003690110211849329,-0.004229667273145587,0.0005395570612962584
attention_primary,classification,full,TCN,20260907,validation,gsr_tonic_mean_z,P41,-0.0034395183360700354,0.001904761904761909,-0.0053442802408319445
attention_primary,classification,full,TCN,20260907,validation,gsr_tonic_mean_z,P47,0.001859229747675961,0.0021248339973439557,-0.0002656042496679946
attention_primary,classification,full,TCN,20260907,validation,gsr_tonic_mean_z,P6,0.0017725335955424803,0.0023703703703704115,-0.0005978367748279312
attention_primary,classification,full,TCN,20260907,validation,gsr_phasic_mean_z,P23,-0.003864734299516914,0.004347826086956497,-0.008212560386473411
attention_primary,classification,full,TCN,20260907,validation,gsr_phasic_mean_z,P28,0.005928411633109631,0.010357337202974826,-0.004428925569865194
attention_primary,classification,full,TCN,20260907,validation,gsr_phasic_mean_z,P31,0.0,0.0006837606837606814,-0.0006837606837606814
attention_primary,classification,full,TCN,20260907,validation,gsr_phasic_mean_z,P32,0.005077155122403976,0.009831767026337168,-0.004754611903933193
attention_primary,classification,full,TCN,20260907,validation,gsr_phasic_mean_z,P38,0.0010592467114206028,-0.002385134993830662,0.0034443817052512648
attention_primary,classification,full,TCN,20260907,validation,gsr_phasic_mean_z,P41,0.0038226600985222124,0.0030410509031198684,0.000781609195402344
attention_primary,classification,full,TCN,20260907,validation,gsr_phasic_mean_z,P47,0.0047808764940239,0.0005312084993359889,0.0042496679946879105
attention_primary,classification,full,TCN,20260907,validation,gsr_phasic_mean_z,P6,0.0023834808259587392,-0.010344149459193697,0.012727630285152437
attention_primary,classification,full,TCN,20260907,validation,gsr_slope_z_s,P23,-0.008695652173913038,0.014975845410627986,-0.023671497584541026
attention_primary,classification,full,TCN,20260907,validation,gsr_slope_z_s,P28,-0.005396335933248686,0.0039875445915714455,-0.009383880524820132
attention_primary,classification,full,TCN,20260907,validation,gsr_slope_z_s,P31,-0.0017094017094017033,0.001025641025641022,-0.0027350427350427255
attention_primary,classification,full,TCN,20260907,validation,gsr_slope_z_s,P32,0.009010326023900683,-0.010959508063580458,0.01996983408748114
attention_primary,classification,full,TCN,20260907,validation,gsr_slope_z_s,P38,-0.0018539431582909826,-0.008468745425267177,0.006614802266976194
attention_primary,classification,full,TCN,20260907,validation,gsr_slope_z_s,P41,-1.0946907498610159e-05,0.0026732348111658476,-0.0026841817186644577
attention_primary,classification,full,TCN,20260907,validation,gsr_slope_z_s,P47,0.005312084993359889,0.0,0.005312084993359889
attention_primary,classification,full,TCN,20260907,validation,gsr_slope_z_s,P6,0.029591609308423517,0.007691904293674212,0.021899705014749304
attention_primary,classification,full,TCN,20260907,validation,gsr_scr_count,P23,0.004830917874396157,-0.0024154589371980784,0.007246376811594235
attention_primary,classification,full,TCN,20260907,validation,gsr_scr_count,P28,0.0045014813471189186,0.009081564786262809,-0.00458008343914389
attention_primary,classification,full,TCN,20260907,validation,gsr_scr_count,P31,0.0,0.0,0.0
attention_primary,classification,full,TCN,20260907,validation,gsr_scr_count,P32,0.01105000580113703,-0.018879220327184143,0.029929226128321173
attention_primary,classification,full,TCN,20260907,validation,gsr_scr_count,P38,-0.006082564778216948,-0.0007863312211138674,-0.005296233557103081
attention_primary,classification,full,TCN,20260907,validation,gsr_scr_count,P41,0.0,0.0,0.0
attention_primary,classification,full,TCN,20260907,validation,gsr_scr_count,P47,0.0,-0.0007968127490039833,0.0007968127490039833
attention_primary,classification,full,TCN,20260907,validation,gsr_scr_count,P6,-0.0041284824647656706,0.0008849557522124018,-0.005013438216978072
attention_primary,classification,full,TCN,20260907,validation,gsr_scr_mean_prominence_z,P23,-0.0004830917874396157,0.0,-0.0004830917874396157
attention_primary,classification,full,TCN,20260907,validation,gsr_scr_mean_prominence_z,P28,-4.534736078360968e-05,0.0009069472156720936,-0.0009522945764557033
attention_primary,classification,full,TCN,20260907,validation,gsr_scr_mean_prominence_z,P31,0.0,0.0,0.0
attention_primary,classification,full,TCN,20260907,validation,gsr_scr_mean_prominence_z,P32,0.0059055574892678655,0.00038519549831765864,0.005520361990950207
attention_primary,classification,full,TCN,20260907,validation,gsr_scr_mean_prominence_z,P38,-0.003430788213396918,-0.0018508061986323044,-0.0015799820147646135
attention_primary,classification,full,TCN,20260907,validation,gsr_scr_mean_prominence_z,P41,0.0,0.0,0.0
attention_primary,classification,full,TCN,20260907,validation,gsr_scr_mean_prominence_z,P47,0.0,0.0,0.0
attention_primary,classification,full,TCN,20260907,validation,gsr_scr_mean_prominence_z,P6,-0.0029498525073746173,0.0005899705014749346,-0.003539823008849552
attention_primary,classification,full,TCN,20260907,validation,modalidad:EEG,P23,-0.023188405797101453,-0.0019323671497584627,-0.02125603864734299
attention_primary,classification,full,TCN,20260907,validation,modalidad:EEG,P28,0.02121954168934035,0.013017715702279508,0.008201825987060842
attention_primary,classification,full,TCN,20260907,validation,modalidad:EEG,P31,0.01846153846153844,0.0006837606837606814,0.017777777777777757
attention_primary,classification,full,TCN,20260907,validation,modalidad:EEG,P32,0.0023320570831882994,0.025151409676296567,-0.02281935259310827
attention_primary,classification,full,TCN,20260907,validation,modalidad:EEG,P38,0.01005918397222746,-0.023793839011230354,0.03385302298345781
attention_primary,classification,full,TCN,20260907,validation,modalidad:EEG,P41,0.01186206896551728,-0.003829228243021332,0.015691297208538613
attention_primary,classification,full,TCN,20260907,validation,modalidad:EEG,P47,0.030278884462151368,-0.005046480743691894,0.035325365205843264
attention_primary,classification,full,TCN,20260907,validation,modalidad:EEG,P6,0.018914454277286174,0.005318911832186179,0.013595542445099994
attention_primary,classification,full,TCN,20260907,validation,modalidad:GSR,P23,-0.0014492753623188137,0.02318840579710142,-0.024637681159420232
attention_primary,classification,full,TCN,20260907,validation,modalidad:GSR,P28,-0.012990507285809316,-0.024756635830461293,0.011766128544651977
attention_primary,classification,full,TCN,20260907,validation,modalidad:GSR,P31,-0.0006837606837606814,0.0027350427350427255,-0.0034188034188034067
attention_primary,classification,full,TCN,20260907,validation,modalidad:GSR,P32,0.018041536141083635,-0.003928529991878404,0.02197006613296204
attention_primary,classification,full,TCN,20260907,validation,modalidad:GSR,P38,-0.010060229625447059,-0.015589643850513446,0.005529414225066387
attention_primary,classification,full,TCN,20260907,validation,modalidad:GSR,P41,0.005731800766283568,0.00495457033388067,0.0007772304324028985
attention_primary,classification,full,TCN,20260907,validation,modalidad:GSR,P47,0.0031872509960159333,0.002921646746347939,0.0002656042496679942
attention_primary,classification,full,TCN,20260907,validation,modalidad:GSR,P6,0.0195083579154376,0.0023677482792527128,0.017140609636184887
attention_primary,classification,full,TCN,20260907,test,eeg_rms_uv,P10,-0.000788783878027044,-0.017545631628309653,0.01675684775028261
attention_primary,classification,full,TCN,20260907,test,eeg_rms_uv,P11,-0.0066252587991718626,-0.0074534161490682925,0.0008281573498964299
attention_primary,classification,full,TCN,20260907,test,eeg_rms_uv,P15,-0.009290495314591751,-0.0008348545697943188,-0.008455640744797432
attention_primary,classification,full,TCN,20260907,test,eeg_rms_uv,P16,0.005316973415132919,0.018813905930470387,-0.013496932515337467
attention_primary,classification,full,TCN,20260907,test,eeg_rms_uv,P37,-0.0021390374331550443,-0.027450980392156887,0.025311942959001844
attention_primary,classification,full,TCN,20260907,test,eeg_rms_uv,P39,-0.0062500000000000775,0.002916666666666645,-0.009166666666666722
attention_primary,classification,full,TCN,20260907,test,eeg_rms_uv,P45,-0.002930402930402898,-0.013827338417502333,0.010896935487099435
attention_primary,classification,full,TCN,20260907,test,eeg_rms_uv,P5,0.0,-0.0017094017094017033,0.0017094017094017033
attention_primary,classification,full,TCN,20260907,test,eeg_std_uv,P10,-0.005605656157564398,-0.00594233220306376,0.00033667604549936225
attention_primary,classification,full,TCN,20260907,test,eeg_std_uv,P11,-0.001242236024844756,-0.01656314699792958,0.015320910973084825
attention_primary,classification,full,TCN,20260907,test,eeg_std_uv,P15,-0.0068638189120117325,-0.0004794937325057869,-0.006384325179505945
attention_primary,classification,full,TCN,20260907,test,eeg_std_uv,P16,0.008588957055214707,0.008997955010225,-0.00040899795501029255
attention_primary,classification,full,TCN,20260907,test,eeg_std_uv,P37,-0.0017825311942958554,-0.004278074866310178,0.0024955436720143225
attention_primary,classification,full,TCN,20260907,test,eeg_std_uv,P39,0.0029166666666666343,0.010416666666666663,-0.007500000000000028
attention_primary,classification,full,TCN,20260907,test,eeg_std_uv,P45,-0.0032886967313196626,-0.0112872555495506,0.007998558818230937
attention_primary,classification,full,TCN,20260907,test,eeg_std_uv,P5,0.0,0.005555555555555591,-0.005555555555555591
attention_primary,classification,full,TCN,20260907,test,eeg_peak_to_peak_uv,P10,-0.006014477069956448,-0.016025779765769677,0.01001130269581323
attention_primary,classification,full,TCN,20260907,test,eeg_peak_to_peak_uv,P11,-0.003726708074534191,-0.014078674948240133,0.010351966873705942
attention_primary,classification,full,TCN,20260907,test,eeg_peak_to_peak_uv,P15,-0.005247657295850106,-0.00041621029572836977,-0.004831447000121736
attention_primary,classification,full,TCN,20260907,test,eeg_peak_to_peak_uv,P16,0.004907975460122671,0.020858895705521484,-0.015950920245398813
attention_primary,classification,full,TCN,20260907,test,eeg_peak_to_peak_uv,P37,0.005347593582887733,-0.02887700534759362,0.034224598930481354
attention_primary,classification,full,TCN,20260907,test,eeg_peak_to_peak_uv,P39,-0.004166666666666752,-0.0054166666666666695,0.0012499999999999178
attention_primary,classification,full,TCN,20260907,test,eeg_peak_to_peak_uv,P45,-0.0018535198863067425,-0.025556956704497657,0.023703436818190916
attention_primary,classification,full,TCN,20260907,test,eeg_peak_to_peak_uv,P5,0.0,0.00470085470085474,-0.00470085470085474
attention_primary,classification,full,TCN,20260907,test,eeg_delta_relative,P10,-0.006870596157083397,-0.00278960151985187,-0.004080994637231527
attention_primary,classification,full,TCN,20260907,test,eeg_delta_relative,P11,-0.0033126293995859534,-0.009937888198757728,0.006625258799171774
attention_primary,classification,full,TCN,20260907,test,eeg_delta_relative,P15,0.009701837653644829,0.00443470853109409,0.005267129122550739
attention_primary,classification,full,TCN,20260907,test,eeg_delta_relative,P16,-0.014314928425357875,0.013087934560327242,-0.027402862985685117
attention_primary,classification,full,TCN,20260907,test,eeg_delta_relative,P37,-0.0021390374331550555,0.014616755793226365,-0.016755793226381422
attention_primary,classification,full,TCN,20260907,test,eeg_delta_relative,P39,-0.0025000000000000465,-0.012499999999999966,0.009999999999999919
attention_primary,classification,full,TCN,20260907,test,eeg_delta_relative,P45,-0.009844072139154104,0.006225104585760366,-0.01606917672491447
attention_primary,classification,full,TCN,20260907,test,eeg_delta_relative,P5,0.012393162393162372,0.01965811965811968,-0.007264957264957307
attention_primary,classification,full,TCN,20260907,test,eeg_theta_relative,P10,-0.0012288675660726556,-0.00687059615708342,0.005641728591010764
attention_primary,classification,full,TCN,20260907,test,eeg_theta_relative,P11,0.0049689440993788804,0.012422360248447228,-0.007453416149068348
attention_primary,classification,full,TCN,20260907,test,eeg_theta_relative,P15,-0.013318729463307833,0.006459778507971292,-0.019778507971279124
attention_primary,classification,full,TCN,20260907,test,eeg_theta_relative,P16,0.0012269938650306788,-0.004907975460122682,0.006134969325153361
attention_primary,classification,full,TCN,20260907,test,eeg_theta_relative,P37,0.011764705882352988,-0.004991087344028556,0.016755793226381543
attention_primary,classification,full,TCN,20260907,test,eeg_theta_relative,P39,0.00499999999999996,0.01499999999999998,-0.01000000000000002
attention_primary,classification,full,TCN,20260907,test,eeg_theta_relative,P45,0.00615704877999963,0.008773194019095687,-0.0026161452390960566
attention_primary,classification,full,TCN,20260907,test,eeg_theta_relative,P5,-0.0021367521367521734,-0.006837606837606813,0.00470085470085464
attention_primary,classification,full,TCN,20260907,test,eeg_alpha_relative,P10,-0.004824086766226565,-0.03350167135608303,0.02867758458985646
attention_primary,classification,full,TCN,20260907,test,eeg_alpha_relative,P11,-0.009937888198757771,-0.01697722567287783,0.007039337474120057
attention_primary,classification,full,TCN,20260907,test,eeg_alpha_relative,P15,-0.005237921382499733,0.005186807837410235,-0.010424729219909968
attention_primary,classification,full,TCN,20260907,test,eeg_alpha_relative,P16,0.020858895705521453,0.02044989775051128,0.00040899795501017286
attention_primary,classification,full,TCN,20260907,test,eeg_alpha_relative,P37,0.007130124777183644,0.01176470588235291,-0.004634581105169266
attention_primary,classification,full,TCN,20260907,test,eeg_alpha_relative,P39,-0.009166666666666734,-0.0008333333333333304,-0.008333333333333404
attention_primary,classification,full,TCN,20260907,test,eeg_alpha_relative,P45,0.0013911407354030513,0.0047779178926720236,-0.0033867771572689723
attention_primary,classification,full,TCN,20260907,test,eeg_alpha_relative,P5,0.014957264957264937,0.02564102564102566,-0.010683760683760724
attention_primary,classification,full,TCN,20260907,test,eeg_beta_relative,P10,-0.009987254406848944,0.007325108818507542,-0.017312363225356488
attention_primary,classification,full,TCN,20260907,test,eeg_beta_relative,P11,0.003312629399585887,-0.020703933747411973,0.02401656314699786
attention_primary,classification,full,TCN,20260907,test,eeg_beta_relative,P15,-0.0007959109163929168,0.015514177923816486,-0.016310088840209402
attention_primary,classification,full,TCN,20260907,test,eeg_beta_relative,P16,0.003271983640081788,-0.0012269938650306456,0.004498977505112434
attention_primary,classification,full,TCN,20260907,test,eeg_beta_relative,P37,-0.005347593582887655,0.007130124777183578,-0.012477718360071232
attention_primary,classification,full,TCN,20260907,test,eeg_beta_relative,P39,-0.00875000000000008,-0.019166666666666665,0.010416666666666585
attention_primary,classification,full,TCN,20260907,test,eeg_beta_relative,P45,0.009485778338237372,0.0050861706599411695,0.004399607678296203
attention_primary,classification,full,TCN,20260907,test,eeg_beta_relative,P5,0.0012820512820512664,0.019230769230769253,-0.017948717948717986
attention_primary,classification,full,TCN,20260907,test,eeg_gamma_relative,P10,0.0075247096169107856,-0.014440997523026255,0.021965707139937042
attention_primary,classification,full,TCN,20260907,test,eeg_gamma_relative,P11,-0.011180124223602494,0.005383022774327162,-0.016563146997929656
attention_primary,classification,full,TCN,20260907,test,eeg_gamma_relative,P15,-0.01810149689667768,0.015317025678471475,-0.03341852257514916
attention_primary,classification,full,TCN,20260907,test,eeg_gamma_relative,P16,0.016359918200409017,0.01758691206543972,-0.0012269938650307025
attention_primary,classification,full,TCN,20260907,test,eeg_gamma_relative,P37,-0.015329768270944687,-2.2204460492503132e-17,-0.015329768270944665
attention_primary,classification,full,TCN,20260907,test,eeg_gamma_relative,P39,-0.005416666666666759,-0.002083333333333337,-0.0033333333333334216
attention_primary,classification,full,TCN,20260907,test,eeg_gamma_relative,P45,0.009057427090213965,-0.006683480453972213,0.015740907544186177
attention_primary,classification,full,TCN,20260907,test,eeg_gamma_relative,P5,0.004273504273504247,0.021367521367521392,-0.017094017094017144
attention_primary,classification,full,TCN,20260907,test,eeg_line_noise_ratio,P10,-0.007204867373686352,-0.01750474953707043,0.010299882163384077
attention_primary,classification,full,TCN,20260907,test,eeg_line_noise_ratio,P11,0.0016563146997929379,-0.013664596273291908,0.015320910973084845
attention_primary,classification,full,TCN,20260907,test,eeg_line_noise_ratio,P15,-0.0024266764025800748,-0.0004673238408178015,-0.001959352561762273
attention_primary,classification,full,TCN,20260907,test,eeg_line_noise_ratio,P16,0.029038854805725968,0.03762781186094073,-0.008588957055214765
attention_primary,classification,full,TCN,20260907,test,eeg_line_noise_ratio,P37,-0.007130124777183578,-0.024242424242424267,0.01711229946524069
attention_primary,classification,full,TCN,20260907,test,eeg_line_noise_ratio,P39,-0.010416666666666718,-0.004583333333333317,-0.005833333333333401
attention_primary,classification,full,TCN,20260907,test,eeg_line_noise_ratio,P45,-0.004761904761904734,0.004757901479212989,-0.009519806241117722
attention_primary,classification,full,TCN,20260907,test,eeg_line_noise_ratio,P5,0.00042735042735039255,0.00341880341880344,-0.0029914529914530476
attention_primary,classification,full,TCN,20260907,test,gsr_mean_z,P10,0.00040160642570281625,0.001212033763797704,-0.0008104273380948879
attention_primary,classification,full,TCN,20260907,test,gsr_mean_z,P11,0.0024844720496894233,0.001242236024844745,0.0012422360248446783
attention_primary,classification,full,TCN,20260907,test,gsr_mean_z,P15,0.010860411342339005,-0.0004283801874163218,0.011288791529755326
attention_primary,classification,full,TCN,20260907,test,gsr_mean_z,P16,-0.002862985685071595,0.004498977505112478,-0.007361963190184073
attention_primary,classification,full,TCN,20260907,test,gsr_mean_z,P37,0.01639928698752232,-0.006417112299465266,0.022816399286987588
attention_primary,classification,full,TCN,20260907,test,gsr_mean_z,P39,0.005416666666666614,0.00041666666666665406,0.00499999999999996
attention_primary,classification,full,TCN,20260907,test,gsr_mean_z,P45,-0.00838287395664441,0.004721871934986732,-0.013104745891631141
attention_primary,classification,full,TCN,20260907,test,gsr_mean_z,P5,-0.011538461538461553,0.010256410256410275,-0.02179487179487183
attention_primary,classification,full,TCN,20260907,test,gsr_std_z,P10,-0.0012072241060048449,0.006803260947983536,-0.008010485053988381
attention_primary,classification,full,TCN,20260907,test,gsr_std_z,P11,-0.0070393374741201,-0.007453416149068271,0.00041407867494817115
attention_primary,classification,full,TCN,20260907,test,gsr_std_z,P15,-0.013384446878422862,-0.0016161616161615932,-0.011768285262261268
attention_primary,classification,full,TCN,20260907,test,gsr_std_z,P16,-0.005725971370143146,0.01104294478527611,-0.016768916155419256
attention_primary,classification,full,TCN,20260907,test,gsr_std_z,P37,0.010695187165775454,-0.009625668449197888,0.020320855614973342
attention_primary,classification,full,TCN,20260907,test,gsr_std_z,P39,-0.008333333333333404,0.010833333333333339,-0.01916666666666674
attention_primary,classification,full,TCN,20260907,test,gsr_std_z,P45,-0.013158790207970495,0.010272423387177532,-0.023431213595148027
attention_primary,classification,full,TCN,20260907,test,gsr_std_z,P5,-0.005128205128205154,-0.007692307692307665,0.0025641025641025108
attention_primary,classification,full,TCN,20260907,test,gsr_min_z,P10,0.001606425702811265,0.001202414448212008,0.00040401125459925695
attention_primary,classification,full,TCN,20260907,test,gsr_min_z,P11,0.00041407867494821506,-0.007039337474120033,0.007453416149068248
attention_primary,classification,full,TCN,20260907,test,gsr_min_z,P15,0.006011926493854136,0.01367409030059633,-0.007662163806742194
attention_primary,classification,full,TCN,20260907,test,gsr_min_z,P16,0.009406952965235148,0.0044989775051124895,0.004907975460122659
attention_primary,classification,full,TCN,20260907,test,gsr_min_z,P37,0.0003565062388592111,0.014260249554367176,-0.013903743315507965
attention_primary,classification,full,TCN,20260907,test,gsr_min_z,P39,0.0024999999999999467,0.0033333333333333435,-0.0008333333333333968
attention_primary,classification,full,TCN,20260907,test,gsr_min_z,P45,-0.0011329290017814242,-0.006587401669368853,0.005454472667587429
attention_primary,classification,full,TCN,20260907,test,gsr_min_z,P5,-0.007264957264957295,0.037606837606837626,-0.04487179487179492
attention_primary,classification,full,TCN,20260907,test,gsr_max_z,P10,-0.0031936127744510933,0.00039920159680638666,-0.00359281437125748
attention_primary,classification,full,TCN,20260907,test,gsr_max_z,P11,0.002484472049689401,0.0020703933747412196,0.00041407867494818156
attention_primary,classification,full,TCN,20260907,test,gsr_max_z,P15,0.0015966897894608366,0.0008105147864184037,0.0007861750030424329
attention_primary,classification,full,TCN,20260907,test,gsr_max_z,P16,0.01922290388548057,0.007361963190184085,0.011860940695296486
attention_primary,classification,full,TCN,20260907,test,gsr_max_z,P37,0.02745098039215692,0.0021390374331550443,0.02531194295900188
attention_primary,classification,full,TCN,20260907,test,gsr_max_z,P39,-0.00250000000000008,-0.004166666666666674,0.0016666666666665946
attention_primary,classification,full,TCN,20260907,test,gsr_max_z,P45,-0.0018254969074640859,-0.0036269741187773597,0.0018014772113132738
attention_primary,classification,full,TCN,20260907,test,gsr_max_z,P5,0.0008547008547008294,0.010256410256410275,-0.009401709401709446
attention_primary,classification,full,TCN,20260907,test,gsr_tonic_mean_z,P10,-0.00119760479041916,-0.0007959983647163549,-0.00040160642570280503
attention_primary,classification,full,TCN,20260907,test,gsr_tonic_mean_z,P11,-0.0008281573498964967,2.2204460492503132e-17,-0.0008281573498965189
attention_primary,classification,full,TCN,20260907,test,gsr_tonic_mean_z,P15,-0.0016210295728368296,-0.0008348545697943188,-0.0007861750030425108
attention_primary,classification,full,TCN,20260907,test,gsr_tonic_mean_z,P16,0.0028629856850715283,0.0032719836400818326,-0.00040899795501030426
attention_primary,classification,full,TCN,20260907,test,gsr_tonic_mean_z,P37,-0.0007130124777183333,0.0010695187165775,-0.0017825311942958333
attention_primary,classification,full,TCN,20260907,test,gsr_tonic_mean_z,P39,-0.005833333333333424,-0.0050000000000000044,-0.0008333333333334194
attention_primary,classification,full,TCN,20260907,test,gsr_tonic_mean_z,P45,-0.0022278268179907745,-0.001489221161352272,-0.0007386056566385025
attention_primary,classification,full,TCN,20260907,test,gsr_tonic_mean_z,P5,-0.009401709401709424,0.0068376068376068576,-0.016239316239316282
attention_primary,classification,full,TCN,20260907,test,gsr_phasic_mean_z,P10,-0.005997643267681496,-0.00239520958083832,-0.0036024336868431765
attention_primary,classification,full,TCN,20260907,test,gsr_phasic_mean_z,P11,0.0037267080745341354,-0.007453416149068315,0.01118012422360245
attention_primary,classification,full,TCN,20260907,test,gsr_phasic_mean_z,P15,-0.003636363636363682,0.006401363027869078,-0.01003772666423276
attention_primary,classification,full,TCN,20260907,test,gsr_phasic_mean_z,P16,0.007361963190184029,0.009406952965235216,-0.002044989775051187
attention_primary,classification,full,TCN,20260907,test,gsr_phasic_mean_z,P37,0.0206773618538325,0.0024955436720142444,0.018181818181818254
attention_primary,classification,full,TCN,20260907,test,gsr_phasic_mean_z,P39,-0.0070833333333334084,0.00041666666666665406,-0.007500000000000062
attention_primary,classification,full,TCN,20260907,test,gsr_phasic_mean_z,P45,-0.02158970355691663,0.019381893152384966,-0.040971596709301596
attention_primary,classification,full,TCN,20260907,test,gsr_phasic_mean_z,P5,-0.0008547008547008627,0.0017094017094017254,-0.002564102564102588
attention_primary,classification,full,TCN,20260907,test,gsr_slope_z_s,P10,-4.80965779283693e-06,0.003600028857946713,-0.00360483851573955
attention_primary,classification,full,TCN,20260907,test,gsr_slope_z_s,P11,0.0024844720496894346,-0.014078674948240133,0.016563146997929566
attention_primary,classification,full,TCN,20260907,test,gsr_slope_z_s,P15,-0.029090909090909167,-0.006484118291347207,-0.02260679079956196
attention_primary,classification,full,TCN,20260907,test,gsr_slope_z_s,P16,-0.0008179959100204637,0.012678936605316993,-0.013496932515337456
attention_primary,classification,full,TCN,20260907,test,gsr_slope_z_s,P37,0.0042780748663101996,-0.021033868092691643,0.025311942959001844
attention_primary,classification,full,TCN,20260907,test,gsr_slope_z_s,P39,-0.004166666666666719,0.017500000000000005,-0.021666666666666723
attention_primary,classification,full,TCN,20260907,test,gsr_slope_z_s,P45,0.0007045777537580955,0.002241838307412136,-0.0015372605536540405
attention_primary,classification,full,TCN,20260907,test,gsr_slope_z_s,P5,0.0012820512820512664,0.00042735042735044806,0.0008547008547008184
attention_primary,classification,full,TCN,20260907,test,gsr_scr_count,P10,0.0,0.0,0.0
attention_primary,classification,full,TCN,20260907,test,gsr_scr_count,P11,-0.007453416149068348,0.004968944099378925,-0.012422360248447274
attention_primary,classification,full,TCN,20260907,test,gsr_scr_count,P15,-0.0036607034197396193,-0.006420834854569813,0.0027601314348301934
attention_primary,classification,full,TCN,20260907,test,gsr_scr_count,P16,-0.005316973415132908,-0.00204498977505112,-0.003271983640081788
attention_primary,classification,full,TCN,20260907,test,gsr_scr_count,P37,0.008912655971479565,-0.003921568627451011,0.012834224598930577
attention_primary,classification,full,TCN,20260907,test,gsr_scr_count,P39,-0.0012500000000000733,0.0037500000000000424,-0.0050000000000001155
attention_primary,classification,full,TCN,20260907,test,gsr_scr_count,P45,0.003278688524590212,0.00840489201144944,-0.005126203486859228
attention_primary,classification,full,TCN,20260907,test,gsr_scr_count,P5,-0.004700854700854707,0.002564102564102577,-0.007264957264957284
attention_primary,classification,full,TCN,20260907,test,gsr_scr_mean_prominence_z,P10,0.0,0.0,0.0
attention_primary,classification,full,TCN,20260907,test,gsr_scr_mean_prominence_z,P11,-0.002898550724637694,0.001242236024844745,-0.004140786749482439
attention_primary,classification,full,TCN,20260907,test,gsr_scr_mean_prominence_z,P15,-0.00041377631739081266,0.0020153340635268415,-0.002429110380917654
attention_primary,classification,full,TCN,20260907,test,gsr_scr_mean_prominence_z,P16,0.002044989775051098,-0.0008179959100204747,0.0028629856850715726
attention_primary,classification,full,TCN,20260907,test,gsr_scr_mean_prominence_z,P37,0.005347593582887755,-0.0007130124777183888,0.006060606060606144
attention_primary,classification,full,TCN,20260907,test,gsr_scr_mean_prominence_z,P39,-0.0008333333333333526,0.0008333333333333526,-0.0016666666666667052
attention_primary,classification,full,TCN,20260907,test,gsr_scr_mean_prominence_z,P45,0.0021817890670350003,0.0018375067555395975,0.00034428231149540283
attention_primary,classification,full,TCN,20260907,test,gsr_scr_mean_prominence_z,P5,-0.00042735042735044806,0.0008547008547008739,-0.001282051282051322
attention_primary,classification,full,TCN,20260907,test,modalidad:EEG,P10,-0.029177789000312603,-0.01357285429141718,-0.015604934708895422
attention_primary,classification,full,TCN,20260907,test,modalidad:EEG,P11,-0.010351966873706042,-0.024430641821946163,0.014078674948240121
attention_primary,classification,full,TCN,20260907,test,modalidad:EEG,P15,-0.006488986248022443,0.012810027990750882,-0.019299014238773324
attention_primary,classification,full,TCN,20260907,test,modalidad:EEG,P16,0.03680981595092022,0.04498977505112476,-0.00817995910020454
attention_primary,classification,full,TCN,20260907,test,modalidad:EEG,P37,-0.0035650623885917555,0.009269162210338655,-0.01283422459893041
attention_primary,classification,full,TCN,20260907,test,modalidad:EEG,P39,-0.0070833333333334084,-0.03500000000000003,0.027916666666666624
attention_primary,classification,full,TCN,20260907,test,modalidad:EEG,P45,-0.01424968474148799,0.0036670069456954946,-0.017916691687183482
attention_primary,classification,full,TCN,20260907,test,modalidad:EEG,P5,0.027350427350427364,0.016239316239316258,0.011111111111111106
attention_primary,classification,full,TCN,20260907,test,modalidad:GSR,P10,-0.007991246422816988,0.002792006348748288,-0.010783252771565277
attention_primary,classification,full,TCN,20260907,test,modalidad:GSR,P11,-0.004968944099378902,0.0016563146997929934,-0.0066252587991718955
attention_primary,classification,full,TCN,20260907,test,modalidad:GSR,P15,-0.029117682852622662,0.0047584276499939016,-0.03387611050261656
attention_primary,classification,full,TCN,20260907,test,modalidad:GSR,P16,-0.0012269938650306899,0.0032719836400818105,-0.0044989775051125
attention_primary,classification,full,TCN,20260907,test,modalidad:GSR,P37,0.01319073083778971,-0.006060606060606088,0.0192513368983958
attention_primary,classification,full,TCN,20260907,test,modalidad:GSR,P39,-0.0075000000000000734,0.0033333333333333435,-0.010833333333333417
attention_primary,classification,full,TCN,20260907,test,modalidad:GSR,P45,-0.03104946055765726,0.019039612482235447,-0.05008907303989271
attention_primary,classification,full,TCN,20260907,test,modalidad:GSR,P5,-0.01923076923076923,0.0076923076923077205,-0.02692307692307695
attention_primary,regression,EEG,LSTM,20260907,validation,eeg_rms_uv,P23,-0.002892409224500092,0.0,-0.002892409224500092
attention_primary,regression,EEG,LSTM,20260907,validation,eeg_rms_uv,P28,0.003121900821236023,0.0,0.003121900821236023
attention_primary,regression,EEG,LSTM,20260907,validation,eeg_rms_uv,P31,-0.000661203342214245,0.0,-0.000661203342214245
attention_primary,regression,EEG,LSTM,20260907,validation,eeg_rms_uv,P32,-0.000597447466148604,0.0,-0.000597447466148604
attention_primary,regression,EEG,LSTM,20260907,validation,eeg_rms_uv,P38,0.0014767354368357744,0.0,0.0014767354368357744
attention_primary,regression,EEG,LSTM,20260907,validation,eeg_rms_uv,P41,0.0014323856549800062,0.0,0.0014323856549800062
attention_primary,regression,EEG,LSTM,20260907,validation,eeg_rms_uv,P47,-4.351056135885045e-05,0.0,-4.351056135885045e-05
attention_primary,regression,EEG,LSTM,20260907,validation,eeg_rms_uv,P6,0.0006099621432549274,0.0,0.0006099621432549274
attention_primary,regression,EEG,LSTM,20260907,validation,eeg_std_uv,P23,-0.001055843310849336,0.0,-0.001055843310849336
attention_primary,regression,EEG,LSTM,20260907,validation,eeg_std_uv,P28,0.0020957176683697567,0.0,0.0020957176683697567
attention_primary,regression,EEG,LSTM,20260907,validation,eeg_std_uv,P31,7.968778740274907e-05,0.0,7.968778740274907e-05
attention_primary,regression,EEG,LSTM,20260907,validation,eeg_std_uv,P32,-0.00011402754420659633,0.0,-0.00011402754420659633
attention_primary,regression,EEG,LSTM,20260907,validation,eeg_std_uv,P38,0.0026058440493716083,0.0,0.0026058440493716083
attention_primary,regression,EEG,LSTM,20260907,validation,eeg_std_uv,P41,0.0008463415341060543,0.0,0.0008463415341060543
attention_primary,regression,EEG,LSTM,20260907,validation,eeg_std_uv,P47,0.00024631239734760333,0.0,0.00024631239734760333
attention_primary,regression,EEG,LSTM,20260907,validation,eeg_std_uv,P6,-0.0003878238405722545,0.0,-0.0003878238405722545
attention_primary,regression,EEG,LSTM,20260907,validation,eeg_peak_to_peak_uv,P23,0.0007751914777284652,0.0,0.0007751914777284652
attention_primary,regression,EEG,LSTM,20260907,validation,eeg_peak_to_peak_uv,P28,0.002806660093403135,0.0,0.002806660093403135
attention_primary,regression,EEG,LSTM,20260907,validation,eeg_peak_to_peak_uv,P31,-0.0005149717200289228,0.0,-0.0005149717200289228
attention_primary,regression,EEG,LSTM,20260907,validation,eeg_peak_to_peak_uv,P32,-0.0005270465422744896,0.0,-0.0005270465422744896
attention_primary,regression,EEG,LSTM,20260907,validation,eeg_peak_to_peak_uv,P38,-0.001981364910770456,0.0,-0.001981364910770456
attention_primary,regression,EEG,LSTM,20260907,validation,eeg_peak_to_peak_uv,P41,-0.001007921244843102,0.0,-0.001007921244843102
attention_primary,regression,EEG,LSTM,20260907,validation,eeg_peak_to_peak_uv,P47,0.00025465987578385805,0.0,0.00025465987578385805
attention_primary,regression,EEG,LSTM,20260907,validation,eeg_peak_to_peak_uv,P6,0.0002642337758621549,0.0,0.0002642337758621549
attention_primary,regression,EEG,LSTM,20260907,validation,eeg_delta_relative,P23,0.0021503212274647686,0.0,0.0021503212274647686
attention_primary,regression,EEG,LSTM,20260907,validation,eeg_delta_relative,P28,-0.0010329871426781434,0.0,-0.0010329871426781434
attention_primary,regression,EEG,LSTM,20260907,validation,eeg_delta_relative,P31,-0.002000810553443877,0.0,-0.002000810553443877
attention_primary,regression,EEG,LSTM,20260907,validation,eeg_delta_relative,P32,0.00021934132848262512,0.0,0.00021934132848262512
attention_primary,regression,EEG,LSTM,20260907,validation,eeg_delta_relative,P38,-8.194747751710807e-05,0.0,-8.194747751710807e-05
attention_primary,regression,EEG,LSTM,20260907,validation,eeg_delta_relative,P41,0.0030520332605270097,0.0,0.0030520332605270097
attention_primary,regression,EEG,LSTM,20260907,validation,eeg_delta_relative,P47,0.0004660835023963195,0.0,0.0004660835023963195
attention_primary,regression,EEG,LSTM,20260907,validation,eeg_delta_relative,P6,0.0016556486605339815,0.0,0.0016556486605339815
attention_primary,regression,EEG,LSTM,20260907,validation,eeg_theta_relative,P23,-0.0010412170586641567,0.0,-0.0010412170586641567
attention_primary,regression,EEG,LSTM,20260907,validation,eeg_theta_relative,P28,-0.0008543780528961875,0.0,-0.0008543780528961875
attention_primary,regression,EEG,LSTM,20260907,validation,eeg_theta_relative,P31,-0.0011683473346948859,0.0,-0.0011683473346948859
attention_primary,regression,EEG,LSTM,20260907,validation,eeg_theta_relative,P32,0.00019827493092607895,0.0,0.00019827493092607895
attention_primary,regression,EEG,LSTM,20260907,validation,eeg_theta_relative,P38,-0.0004948271000065674,0.0,-0.0004948271000065674
attention_primary,regression,EEG,LSTM,20260907,validation,eeg_theta_relative,P41,-0.0008102669789875172,0.0,-0.0008102669789875172
attention_primary,regression,EEG,LSTM,20260907,validation,eeg_theta_relative,P47,0.00034631399260351967,0.0,0.00034631399260351967
attention_primary,regression,EEG,LSTM,20260907,validation,eeg_theta_relative,P6,0.0006103156404851928,0.0,0.0006103156404851928
attention_primary,regression,EEG,LSTM,20260907,validation,eeg_alpha_relative,P23,-0.0010549722087407343,0.0,-0.0010549722087407343
attention_primary,regression,EEG,LSTM,20260907,validation,eeg_alpha_relative,P28,-0.00032021286965600027,0.0,-0.00032021286965600027
attention_primary,regression,EEG,LSTM,20260907,validation,eeg_alpha_relative,P31,-0.0014463490218072027,0.0,-0.0014463490218072027
attention_primary,regression,EEG,LSTM,20260907,validation,eeg_alpha_relative,P32,-0.0008968284669292447,0.0,-0.0008968284669292447
attention_primary,regression,EEG,LSTM,20260907,validation,eeg_alpha_relative,P38,0.0027354986980392846,0.0,0.0027354986980392846
attention_primary,regression,EEG,LSTM,20260907,validation,eeg_alpha_relative,P41,0.001908481786528826,0.0,0.001908481786528826
attention_primary,regression,EEG,LSTM,20260907,validation,eeg_alpha_relative,P47,-0.0006115254640867817,0.0,-0.0006115254640867817
attention_primary,regression,EEG,LSTM,20260907,validation,eeg_alpha_relative,P6,0.0008050222518552807,0.0,0.0008050222518552807
attention_primary,regression,EEG,LSTM,20260907,validation,eeg_beta_relative,P23,-0.00022446645396405617,0.0,-0.00022446645396405617
attention_primary,regression,EEG,LSTM,20260907,validation,eeg_beta_relative,P28,0.00047902940284636484,0.0,0.00047902940284636484
attention_primary,regression,EEG,LSTM,20260907,validation,eeg_beta_relative,P31,-6.424696139468722e-05,0.0,-6.424696139468722e-05
attention_primary,regression,EEG,LSTM,20260907,validation,eeg_beta_relative,P32,0.00022487029980875484,0.0,0.00022487029980875484
attention_primary,regression,EEG,LSTM,20260907,validation,eeg_beta_relative,P38,0.00073404503936354,0.0,0.00073404503936354
attention_primary,regression,EEG,LSTM,20260907,validation,eeg_beta_relative,P41,-0.002257425537525659,0.0,-0.002257425537525659
attention_primary,regression,EEG,LSTM,20260907,validation,eeg_beta_relative,P47,0.000126860216891167,0.0,0.000126860216891167
attention_primary,regression,EEG,LSTM,20260907,validation,eeg_beta_relative,P6,0.00041595138495111874,0.0,0.00041595138495111874
attention_primary,regression,EEG,LSTM,20260907,validation,eeg_gamma_relative,P23,-0.001222812265844131,0.0,-0.001222812265844131
attention_primary,regression,EEG,LSTM,20260907,validation,eeg_gamma_relative,P28,0.0002484130053041156,0.0,0.0002484130053041156
attention_primary,regression,EEG,LSTM,20260907,validation,eeg_gamma_relative,P31,0.005677944567682713,0.0,0.005677944567682713
attention_primary,regression,EEG,LSTM,20260907,validation,eeg_gamma_relative,P32,0.00022763443810760453,0.0,0.00022763443810760453
attention_primary,regression,EEG,LSTM,20260907,validation,eeg_gamma_relative,P38,0.002210654193244954,0.0,0.002210654193244954
attention_primary,regression,EEG,LSTM,20260907,validation,eeg_gamma_relative,P41,0.0003168115706914776,0.0,0.0003168115706914776
attention_primary,regression,EEG,LSTM,20260907,validation,eeg_gamma_relative,P47,0.00019798253707672408,0.0,0.00019798253707672408
attention_primary,regression,EEG,LSTM,20260907,validation,eeg_gamma_relative,P6,0.0005521141251415118,0.0,0.0005521141251415118
attention_primary,regression,EEG,LSTM,20260907,validation,eeg_line_noise_ratio,P23,-0.003044861085703143,0.0,-0.003044861085703143
attention_primary,regression,EEG,LSTM,20260907,validation,eeg_line_noise_ratio,P28,0.00040970776169539923,0.0,0.00040970776169539923
attention_primary,regression,EEG,LSTM,20260907,validation,eeg_line_noise_ratio,P31,-0.0004470219154326216,0.0,-0.0004470219154326216
attention_primary,regression,EEG,LSTM,20260907,validation,eeg_line_noise_ratio,P32,0.001973829966388574,0.0,0.001973829966388574
attention_primary,regression,EEG,LSTM,20260907,validation,eeg_line_noise_ratio,P38,8.772151785447768e-05,0.0,8.772151785447768e-05
attention_primary,regression,EEG,LSTM,20260907,validation,eeg_line_noise_ratio,P41,-0.003177317967659099,0.0,-0.003177317967659099
attention_primary,regression,EEG,LSTM,20260907,validation,eeg_line_noise_ratio,P47,-0.0005754054554686139,0.0,-0.0005754054554686139
attention_primary,regression,EEG,LSTM,20260907,validation,eeg_line_noise_ratio,P6,-0.00015837170673902446,0.0,-0.00015837170673902446
attention_primary,regression,EEG,LSTM,20260907,validation,modalidad:EEG,P23,-0.0051035570236470425,0.0,-0.0051035570236470425
attention_primary,regression,EEG,LSTM,20260907,validation,modalidad:EEG,P28,0.00027553297282838506,0.0,0.00027553297282838506
attention_primary,regression,EEG,LSTM,20260907,validation,modalidad:EEG,P31,0.000445904204376868,0.0,0.000445904204376868
attention_primary,regression,EEG,LSTM,20260907,validation,modalidad:EEG,P32,0.0003840838899634491,0.0,0.0003840838899634491
attention_primary,regression,EEG,LSTM,20260907,validation,modalidad:EEG,P38,0.0036663266522737547,0.0,0.0036663266522737547
attention_primary,regression,EEG,LSTM,20260907,validation,modalidad:EEG,P41,-0.003145989175255437,0.0,-0.003145989175255437
attention_primary,regression,EEG,LSTM,20260907,validation,modalidad:EEG,P47,0.0003669104118574129,0.0,0.0003669104118574129
attention_primary,regression,EEG,LSTM,20260907,validation,modalidad:EEG,P6,0.003185437738606156,0.0,0.003185437738606156
attention_primary,regression,EEG,LSTM,20260907,test,eeg_rms_uv,P10,0.0010228810420503276,0.0,0.0010228810420503276
attention_primary,regression,EEG,LSTM,20260907,test,eeg_rms_uv,P11,-0.0003728491856023197,0.0,-0.0003728491856023197
attention_primary,regression,EEG,LSTM,20260907,test,eeg_rms_uv,P15,-0.0008651476691342363,0.0,-0.0008651476691342363
attention_primary,regression,EEG,LSTM,20260907,test,eeg_rms_uv,P16,0.0027396728068750376,0.0,0.0027396728068750376
attention_primary,regression,EEG,LSTM,20260907,test,eeg_rms_uv,P37,-0.0034784345995004795,0.0,-0.0034784345995004795
attention_primary,regression,EEG,LSTM,20260907,test,eeg_rms_uv,P39,-0.0006497031489313354,0.0,-0.0006497031489313354
attention_primary,regression,EEG,LSTM,20260907,test,eeg_rms_uv,P45,0.0012277636917390033,0.0,0.0012277636917390033
attention_primary,regression,EEG,LSTM,20260907,test,eeg_rms_uv,P5,-0.00011395897782069397,0.0,-0.00011395897782069397
attention_primary,regression,EEG,LSTM,20260907,test,eeg_std_uv,P10,0.0011400580821533612,0.0,0.0011400580821533612
attention_primary,regression,EEG,LSTM,20260907,test,eeg_std_uv,P11,-0.0004352997583519702,0.0,-0.0004352997583519702
attention_primary,regression,EEG,LSTM,20260907,test,eeg_std_uv,P15,-0.001131376301525977,0.0,-0.001131376301525977
attention_primary,regression,EEG,LSTM,20260907,test,eeg_std_uv,P16,0.00023629062222914056,0.0,0.00023629062222914056
attention_primary,regression,EEG,LSTM,20260907,test,eeg_std_uv,P37,-0.0025827350678970353,0.0,-0.0025827350678970353
attention_primary,regression,EEG,LSTM,20260907,test,eeg_std_uv,P39,-0.00038418231733319266,0.0,-0.00038418231733319266
attention_primary,regression,EEG,LSTM,20260907,test,eeg_std_uv,P45,-0.0010272923211011253,0.0,-0.0010272923211011253
attention_primary,regression,EEG,LSTM,20260907,test,eeg_std_uv,P5,-3.5144696894606754e-05,0.0,-3.5144696894606754e-05
attention_primary,regression,EEG,LSTM,20260907,test,eeg_peak_to_peak_uv,P10,0.0022219552062173963,0.0,0.0022219552062173963
attention_primary,regression,EEG,LSTM,20260907,test,eeg_peak_to_peak_uv,P11,0.0005016965429730069,0.0,0.0005016965429730069
attention_primary,regression,EEG,LSTM,20260907,test,eeg_peak_to_peak_uv,P15,0.001147074791491054,0.0,0.001147074791491054
attention_primary,regression,EEG,LSTM,20260907,test,eeg_peak_to_peak_uv,P16,-0.0004379982025256135,0.0,-0.0004379982025256135
attention_primary,regression,EEG,LSTM,20260907,test,eeg_peak_to_peak_uv,P37,0.002332746249483586,0.0,0.002332746249483586
attention_primary,regression,EEG,LSTM,20260907,test,eeg_peak_to_peak_uv,P39,0.00023657342601517416,0.0,0.00023657342601517416
attention_primary,regression,EEG,LSTM,20260907,test,eeg_peak_to_peak_uv,P45,0.00193874246375918,0.0,0.00193874246375918
attention_primary,regression,EEG,LSTM,20260907,test,eeg_peak_to_peak_uv,P5,5.955962825616723e-05,0.0,5.955962825616723e-05
attention_primary,regression,EEG,LSTM,20260907,test,eeg_delta_relative,P10,0.006708738702218664,0.0,0.006708738702218664
attention_primary,regression,EEG,LSTM,20260907,test,eeg_delta_relative,P11,0.003297775916750223,0.0,0.003297775916750223
attention_primary,regression,EEG,LSTM,20260907,test,eeg_delta_relative,P15,-0.004666766172319958,0.0,-0.004666766172319958
attention_primary,regression,EEG,LSTM,20260907,test,eeg_delta_relative,P16,-0.010852441908979982,0.0,-0.010852441908979982
attention_primary,regression,EEG,LSTM,20260907,test,eeg_delta_relative,P37,0.0017305345679805128,0.0,0.0017305345679805128
attention_primary,regression,EEG,LSTM,20260907,test,eeg_delta_relative,P39,0.0038018994948585405,0.0,0.0038018994948585405
attention_primary,regression,EEG,LSTM,20260907,test,eeg_delta_relative,P45,0.006664364666865108,0.0,0.006664364666865108
attention_primary,regression,EEG,LSTM,20260907,test,eeg_delta_relative,P5,0.0009688669784249093,0.0,0.0009688669784249093
attention_primary,regression,EEG,LSTM,20260907,test,eeg_theta_relative,P10,-0.0005829511769181561,0.0,-0.0005829511769181561
attention_primary,regression,EEG,LSTM,20260907,test,eeg_theta_relative,P11,0.0012022280873744905,0.0,0.0012022280873744905
attention_primary,regression,EEG,LSTM,20260907,test,eeg_theta_relative,P15,-0.0007719065245694878,0.0,-0.0007719065245694878
attention_primary,regression,EEG,LSTM,20260907,test,eeg_theta_relative,P16,-0.0013627132839814538,0.0,-0.0013627132839814538
attention_primary,regression,EEG,LSTM,20260907,test,eeg_theta_relative,P37,0.0002732734527901126,0.0,0.0002732734527901126
attention_primary,regression,EEG,LSTM,20260907,test,eeg_theta_relative,P39,0.00029133757540149573,0.0,0.00029133757540149573
attention_primary,regression,EEG,LSTM,20260907,test,eeg_theta_relative,P45,-0.0003288915451489682,0.0,-0.0003288915451489682
attention_primary,regression,EEG,LSTM,20260907,test,eeg_theta_relative,P5,0.00015614902157849996,0.0,0.00015614902157849996
attention_primary,regression,EEG,LSTM,20260907,test,eeg_alpha_relative,P10,-0.0012004375623927642,0.0,-0.0012004375623927642
attention_primary,regression,EEG,LSTM,20260907,test,eeg_alpha_relative,P11,-5.407580798333367e-05,0.0,-5.407580798333367e-05
attention_primary,regression,EEG,LSTM,20260907,test,eeg_alpha_relative,P15,0.0032915711476015908,0.0,0.0032915711476015908
attention_primary,regression,EEG,LSTM,20260907,test,eeg_alpha_relative,P16,0.004622406758975695,0.0,0.004622406758975695
attention_primary,regression,EEG,LSTM,20260907,test,eeg_alpha_relative,P37,-0.0016483081670224387,0.0,-0.0016483081670224387
attention_primary,regression,EEG,LSTM,20260907,test,eeg_alpha_relative,P39,0.0011745244205616067,0.0,0.0011745244205616067
attention_primary,regression,EEG,LSTM,20260907,test,eeg_alpha_relative,P45,-0.002928161886535774,0.0,-0.002928161886535774
attention_primary,regression,EEG,LSTM,20260907,test,eeg_alpha_relative,P5,0.0005348761305425497,0.0,0.0005348761305425497
attention_primary,regression,EEG,LSTM,20260907,test,eeg_beta_relative,P10,-0.00030428352894480427,0.0,-0.00030428352894480427
attention_primary,regression,EEG,LSTM,20260907,test,eeg_beta_relative,P11,1.3375235654411454e-05,0.0,1.3375235654411454e-05
attention_primary,regression,EEG,LSTM,20260907,test,eeg_beta_relative,P15,0.0011984682229773114,0.0,0.0011984682229773114
attention_primary,regression,EEG,LSTM,20260907,test,eeg_beta_relative,P16,0.0051869280065482085,0.0,0.0051869280065482085
attention_primary,regression,EEG,LSTM,20260907,test,eeg_beta_relative,P37,-0.0008646359750064114,0.0,-0.0008646359750064114
attention_primary,regression,EEG,LSTM,20260907,test,eeg_beta_relative,P39,0.00028183631782074947,0.0,0.00028183631782074947
attention_primary,regression,EEG,LSTM,20260907,test,eeg_beta_relative,P45,-0.001680792890168048,0.0,-0.001680792890168048
attention_primary,regression,EEG,LSTM,20260907,test,eeg_beta_relative,P5,-5.2405445866332553e-05,0.0,-5.2405445866332553e-05
attention_primary,regression,EEG,LSTM,20260907,test,eeg_gamma_relative,P10,-0.004173609640266851,0.0,-0.004173609640266851
attention_primary,regression,EEG,LSTM,20260907,test,eeg_gamma_relative,P11,-0.0014842037026309373,0.0,-0.0014842037026309373
attention_primary,regression,EEG,LSTM,20260907,test,eeg_gamma_relative,P15,0.005065452485689325,0.0,0.005065452485689325
attention_primary,regression,EEG,LSTM,20260907,test,eeg_gamma_relative,P16,0.012517516174351106,0.0,0.012517516174351106
attention_primary,regression,EEG,LSTM,20260907,test,eeg_gamma_relative,P37,-0.0013514327268935311,0.0,-0.0013514327268935311
attention_primary,regression,EEG,LSTM,20260907,test,eeg_gamma_relative,P39,0.005935919228157616,0.0,0.005935919228157616
attention_primary,regression,EEG,LSTM,20260907,test,eeg_gamma_relative,P45,-0.004614406920147163,0.0,-0.004614406920147163
attention_primary,regression,EEG,LSTM,20260907,test,eeg_gamma_relative,P5,8.882914413188558e-06,0.0,8.882914413188558e-06
attention_primary,regression,EEG,LSTM,20260907,test,eeg_line_noise_ratio,P10,-0.00542848040738626,0.0,-0.00542848040738626
attention_primary,regression,EEG,LSTM,20260907,test,eeg_line_noise_ratio,P11,0.00040702150830134175,0.0,0.00040702150830134175
attention_primary,regression,EEG,LSTM,20260907,test,eeg_line_noise_ratio,P15,0.0028531576788209277,0.0,0.0028531576788209277
attention_primary,regression,EEG,LSTM,20260907,test,eeg_line_noise_ratio,P16,0.014732999573988303,0.0,0.014732999573988303
attention_primary,regression,EEG,LSTM,20260907,test,eeg_line_noise_ratio,P37,-0.002104192629695989,0.0,-0.002104192629695989
attention_primary,regression,EEG,LSTM,20260907,test,eeg_line_noise_ratio,P39,-0.0026477892661090907,0.0,-0.0026477892661090907
attention_primary,regression,EEG,LSTM,20260907,test,eeg_line_noise_ratio,P45,0.0007618824680982961,0.0,0.0007618824680982961
attention_primary,regression,EEG,LSTM,20260907,test,eeg_line_noise_ratio,P5,-0.001961434714558008,0.0,-0.001961434714558008
attention_primary,regression,EEG,LSTM,20260907,test,modalidad:EEG,P10,-0.003881234949491952,0.0,-0.003881234949491952
attention_primary,regression,EEG,LSTM,20260907,test,modalidad:EEG,P11,0.002294713010682492,0.0,0.002294713010682492
attention_primary,regression,EEG,LSTM,20260907,test,modalidad:EEG,P15,-0.003973565326394502,0.0,-0.003973565326394502
attention_primary,regression,EEG,LSTM,20260907,test,modalidad:EEG,P16,0.010355052899943363,0.0,0.010355052899943363
attention_primary,regression,EEG,LSTM,20260907,test,modalidad:EEG,P37,-0.005983135572828013,0.0,-0.005983135572828013
attention_primary,regression,EEG,LSTM,20260907,test,modalidad:EEG,P39,-0.005462846853321568,0.0,-0.005462846853321568
attention_primary,regression,EEG,LSTM,20260907,test,modalidad:EEG,P45,-0.0007199220459842781,0.0,-0.0007199220459842781
attention_primary,regression,EEG,LSTM,20260907,test,modalidad:EEG,P5,-0.0007564918415797539,0.0,-0.0007564918415797539
attention_primary,regression,full,BiLSTM,20260907,validation,eeg_rms_uv,P23,-0.0006701433414493252,-0.005837193400426011,0.005167050058976686
attention_primary,regression,full,BiLSTM,20260907,validation,eeg_rms_uv,P28,-0.00019290195872443406,0.023207519266834332,-0.023400421225558767
attention_primary,regression,full,BiLSTM,20260907,validation,eeg_rms_uv,P31,-0.0005331464223099491,0.000246697665642559,-0.0007798440879525081
attention_primary,regression,full,BiLSTM,20260907,validation,eeg_rms_uv,P32,-0.0007363238350110545,0.0014379105096263612,-0.0021742343446374155
attention_primary,regression,full,BiLSTM,20260907,validation,eeg_rms_uv,P38,7.783914951242643e-05,0.008022898203055972,-0.007945059053543545
attention_primary,regression,full,BiLSTM,20260907,validation,eeg_rms_uv,P41,-0.001355870965054562,0.02958844620808021,-0.030944317173134773
attention_primary,regression,full,BiLSTM,20260907,validation,eeg_rms_uv,P47,-4.074821340953605e-05,0.0006333526449008531,-0.0006741008583103892
attention_primary,regression,full,BiLSTM,20260907,validation,eeg_rms_uv,P6,-0.00022299432261998486,0.0035235597305815157,-0.0037465540532015005
attention_primary,regression,full,BiLSTM,20260907,validation,eeg_std_uv,P23,0.0020518729897638366,0.021741704469817026,-0.01968983148005319
attention_primary,regression,full,BiLSTM,20260907,validation,eeg_std_uv,P28,0.0024968548918774757,0.016032404568214354,-0.013535549676336878
attention_primary,regression,full,BiLSTM,20260907,validation,eeg_std_uv,P31,0.0003626041352460252,0.0010354070302609486,-0.0006728028950149234
attention_primary,regression,full,BiLSTM,20260907,validation,eeg_std_uv,P32,-0.0005935372592905219,0.008245170950373115,-0.008838708209663636
attention_primary,regression,full,BiLSTM,20260907,validation,eeg_std_uv,P38,-0.0007795903350937605,0.006357181325610872,-0.007136771660704633
attention_primary,regression,full,BiLSTM,20260907,validation,eeg_std_uv,P41,-0.0009075981802575406,0.026110786963391374,-0.027018385143648915
attention_primary,regression,full,BiLSTM,20260907,validation,eeg_std_uv,P47,5.674583054604554e-05,0.002981060206575359,-0.0029243143760293135
attention_primary,regression,full,BiLSTM,20260907,validation,eeg_std_uv,P6,-0.0011253268217215728,0.0071580096427818155,-0.008283336464503388
attention_primary,regression,full,BiLSTM,20260907,validation,eeg_peak_to_peak_uv,P23,-2.013791436268342e-05,0.00616145719962633,-0.006181595113989013
attention_primary,regression,full,BiLSTM,20260907,validation,eeg_peak_to_peak_uv,P28,0.00355498491539854,0.032315022911934776,-0.028760037996536238
attention_primary,regression,full,BiLSTM,20260907,validation,eeg_peak_to_peak_uv,P31,0.0003695844737424903,0.0009804006104949803,-0.00061081613675249
attention_primary,regression,full,BiLSTM,20260907,validation,eeg_peak_to_peak_uv,P32,-0.0005306419331201795,0.0034080052533720373,-0.003938647186492217
attention_primary,regression,full,BiLSTM,20260907,validation,eeg_peak_to_peak_uv,P38,8.830700606812236e-05,0.012524102334996989,-0.012435795328928866
attention_primary,regression,full,BiLSTM,20260907,validation,eeg_peak_to_peak_uv,P41,0.0016114793798851501,0.01609987882794508,-0.014488399448059928
attention_primary,regression,full,BiLSTM,20260907,validation,eeg_peak_to_peak_uv,P47,7.532794753744021e-05,-0.0006316242046537024,0.0007069521521911427
attention_primary,regression,full,BiLSTM,20260907,validation,eeg_peak_to_peak_uv,P6,-0.001129565992969206,0.003738940292428117,-0.004868506285397323
attention_primary,regression,full,BiLSTM,20260907,validation,eeg_delta_relative,P23,0.0003047757545882934,0.10770040528369407,-0.10739562952910578
attention_primary,regression,full,BiLSTM,20260907,validation,eeg_delta_relative,P28,0.00011137833381935636,0.04483888384939647,-0.044727505515577116
attention_primary,regression,full,BiLSTM,20260907,validation,eeg_delta_relative,P31,-0.0017390790905750463,0.12308504677246539,-0.12482412586304044
attention_primary,regression,full,BiLSTM,20260907,validation,eeg_delta_relative,P32,0.00017880585357830104,0.08880794078329295,-0.08862913492971465
attention_primary,regression,full,BiLSTM,20260907,validation,eeg_delta_relative,P38,0.0025862091720309397,0.20150063453672393,-0.19891442536469298
attention_primary,regression,full,BiLSTM,20260907,validation,eeg_delta_relative,P41,0.0022243774376723645,0.12296548860651364,-0.12074111116884127
attention_primary,regression,full,BiLSTM,20260907,validation,eeg_delta_relative,P47,0.00035707110932046147,0.12692350932767912,-0.12656643821835867
attention_primary,regression,full,BiLSTM,20260907,validation,eeg_delta_relative,P6,0.0015718212933114595,0.1351212785542384,-0.13354945726092693
attention_primary,regression,full,BiLSTM,20260907,validation,eeg_theta_relative,P23,0.00046578529143066484,0.02720360084101192,-0.026737815549581257
attention_primary,regression,full,BiLSTM,20260907,validation,eeg_theta_relative,P28,0.00020849783053908944,0.021743783925772964,-0.021535286095233874
attention_primary,regression,full,BiLSTM,20260907,validation,eeg_theta_relative,P31,-0.0007511396955527605,0.013289222660421984,-0.014040362355974745
attention_primary,regression,full,BiLSTM,20260907,validation,eeg_theta_relative,P32,0.0009328136432345868,0.020691850130714506,-0.019759036487479918
attention_primary,regression,full,BiLSTM,20260907,validation,eeg_theta_relative,P38,0.0018795254846989185,0.04468269940370932,-0.0428031739190104
attention_primary,regression,full,BiLSTM,20260907,validation,eeg_theta_relative,P41,-0.0007680292294169888,0.005100736991222332,-0.005868766220639321
attention_primary,regression,full,BiLSTM,20260907,validation,eeg_theta_relative,P47,-0.0010552597483440174,0.014065933000713172,-0.01512119274905719
attention_primary,regression,full,BiLSTM,20260907,validation,eeg_theta_relative,P6,-0.0001096571994858353,0.0207249479483961,-0.020834605147881935
attention_primary,regression,full,BiLSTM,20260907,validation,eeg_alpha_relative,P23,0.0020289979971008787,0.008574952523159318,-0.0065459545260584395
attention_primary,regression,full,BiLSTM,20260907,validation,eeg_alpha_relative,P28,0.000288239122758549,0.001635219847844982,-0.001346980725086433
attention_primary,regression,full,BiLSTM,20260907,validation,eeg_alpha_relative,P31,0.0005924683915065288,0.004950468028174715,-0.004357999636668186
attention_primary,regression,full,BiLSTM,20260907,validation,eeg_alpha_relative,P32,0.0011990785912894043,0.008217730752993946,-0.007018652161704542
attention_primary,regression,full,BiLSTM,20260907,validation,eeg_alpha_relative,P38,-0.00129817078701,0.003270358568608511,-0.004568529355618511
attention_primary,regression,full,BiLSTM,20260907,validation,eeg_alpha_relative,P41,-0.0009911058924870985,0.007144829680761111,-0.00813593557324821
attention_primary,regression,full,BiLSTM,20260907,validation,eeg_alpha_relative,P47,0.0006144123217151076,0.0066219262950614425,-0.006007513973346335
attention_primary,regression,full,BiLSTM,20260907,validation,eeg_alpha_relative,P6,-0.0010935877135562766,0.005091336887228204,-0.006184924600784481
attention_primary,regression,full,BiLSTM,20260907,validation,eeg_beta_relative,P23,-0.0006372483929761863,0.039070136089035576,-0.03970738448201176
attention_primary,regression,full,BiLSTM,20260907,validation,eeg_beta_relative,P28,-0.0004069239927840584,0.0009953927343760993,-0.0014023167271601578
attention_primary,regression,full,BiLSTM,20260907,validation,eeg_beta_relative,P31,-0.0003047138222737278,0.03934200833281829,-0.03964672215509202
attention_primary,regression,full,BiLSTM,20260907,validation,eeg_beta_relative,P32,-0.00237979324433768,0.013922181228275089,-0.01630197447261277
attention_primary,regression,full,BiLSTM,20260907,validation,eeg_beta_relative,P38,0.003351600614097716,0.02667239102531811,-0.023320790411220392
attention_primary,regression,full,BiLSTM,20260907,validation,eeg_beta_relative,P41,0.0018315197585425658,0.04677954176940533,-0.044948022010862766
attention_primary,regression,full,BiLSTM,20260907,validation,eeg_beta_relative,P47,0.00019509265449739742,0.014621415951820094,-0.014426323297322696
attention_primary,regression,full,BiLSTM,20260907,validation,eeg_beta_relative,P6,0.0024585970578967498,0.009908851503916915,-0.007450254446020165
attention_primary,regression,full,BiLSTM,20260907,validation,eeg_gamma_relative,P23,-0.0009425049158914512,0.003233734113410858,-0.004176239029302309
attention_primary,regression,full,BiLSTM,20260907,validation,eeg_gamma_relative,P28,9.044837129916772e-05,1.6059862049977446e-05,7.438850924919028e-05
attention_primary,regression,full,BiLSTM,20260907,validation,eeg_gamma_relative,P31,0.00020729805922177215,-0.0036648301406205564,0.0038721281998423287
attention_primary,regression,full,BiLSTM,20260907,validation,eeg_gamma_relative,P32,-0.00016520632856038554,0.0007466701686595689,-0.0009118764972199545
attention_primary,regression,full,BiLSTM,20260907,validation,eeg_gamma_relative,P38,8.84944869561366e-07,9.07519386704081e-05,-8.986699380084673e-05
attention_primary,regression,full,BiLSTM,20260907,validation,eeg_gamma_relative,P41,0.0005578254794964099,0.004771948043160101,-0.004214122563663691
attention_primary,regression,full,BiLSTM,20260907,validation,eeg_gamma_relative,P47,0.0001022106796165545,-0.0006691339927095364,0.0007713446723260908
attention_primary,regression,full,BiLSTM,20260907,validation,eeg_gamma_relative,P6,-0.0005535634124954391,-0.000893133637133392,0.00033957022463795285
attention_primary,regression,full,BiLSTM,20260907,validation,eeg_line_noise_ratio,P23,-0.002876053573373838,-0.00409938810914825,0.0012233345357744122
attention_primary,regression,full,BiLSTM,20260907,validation,eeg_line_noise_ratio,P28,0.0020264004838018933,0.0009897661603186503,0.001036634323483243
attention_primary,regression,full,BiLSTM,20260907,validation,eeg_line_noise_ratio,P31,-0.0006036059875361044,0.00019897212679862442,-0.0008025781143347288
attention_primary,regression,full,BiLSTM,20260907,validation,eeg_line_noise_ratio,P32,0.0011157432495355168,0.0015173908626139986,-0.00040164761307848185
attention_primary,regression,full,BiLSTM,20260907,validation,eeg_line_noise_ratio,P38,0.0016434075786472269,0.0023766284045740214,-0.0007332208259267945
attention_primary,regression,full,BiLSTM,20260907,validation,eeg_line_noise_ratio,P41,-0.0024919135971746,-0.0010000596151673146,-0.0014918539820072852
attention_primary,regression,full,BiLSTM,20260907,validation,eeg_line_noise_ratio,P47,-0.0001697762047261797,0.00020082091402136016,-0.00037059711874753987
attention_primary,regression,full,BiLSTM,20260907,validation,eeg_line_noise_ratio,P6,0.0012126406346882,0.0011751208211879583,3.751981350024174e-05
attention_primary,regression,full,BiLSTM,20260907,validation,gsr_mean_z,P23,-0.0002581716879912932,-0.0005055760632447726,0.0002474043752534794
attention_primary,regression,full,BiLSTM,20260907,validation,gsr_mean_z,P28,0.0003575895437246235,-0.005761503802243273,0.006119093345967897
attention_primary,regression,full,BiLSTM,20260907,validation,gsr_mean_z,P31,0.00011349638369329007,-0.00022855404335317964,0.0003420504270464697
attention_primary,regression,full,BiLSTM,20260907,validation,gsr_mean_z,P32,0.0016092544514729524,-0.0045767985656319345,0.006186053017104887
attention_primary,regression,full,BiLSTM,20260907,validation,gsr_mean_z,P38,0.0001168324424001943,0.0017898822411161364,-0.0016730497987159421
attention_primary,regression,full,BiLSTM,20260907,validation,gsr_mean_z,P41,-2.596140348765097e-05,-0.0006298759255822795,0.0006039145220946285
attention_primary,regression,full,BiLSTM,20260907,validation,gsr_mean_z,P47,-0.00012704752516472516,6.77587718182604e-05,-0.00019480629698298557
attention_primary,regression,full,BiLSTM,20260907,validation,gsr_mean_z,P6,-0.00034529775193874456,-6.689014513354685e-05,-0.0002784076068051977
attention_primary,regression,full,BiLSTM,20260907,validation,gsr_std_z,P23,0.0012707993671702944,-0.00021024041213866252,0.001481039779308957
attention_primary,regression,full,BiLSTM,20260907,validation,gsr_std_z,P28,-0.006181097462636198,0.005718142425811612,-0.01189923988844781
attention_primary,regression,full,BiLSTM,20260907,validation,gsr_std_z,P31,1.626327439887554e-05,-6.121246776471522e-05,7.747574216359076e-05
attention_primary,regression,full,BiLSTM,20260907,validation,gsr_std_z,P32,0.0011202767322916695,-0.0010000018780508934,0.0021202786103425627
attention_primary,regression,full,BiLSTM,20260907,validation,gsr_std_z,P38,0.0006918013263816025,-3.760542471065165e-05,0.0007294067510922542
attention_primary,regression,full,BiLSTM,20260907,validation,gsr_std_z,P41,0.0001259820606460682,9.713615131614616e-05,2.8845909329922042e-05
attention_primary,regression,full,BiLSTM,20260907,validation,gsr_std_z,P47,-4.616558855885522e-05,0.0002995791842419937,-0.0003457447728008489
attention_primary,regression,full,BiLSTM,20260907,validation,gsr_std_z,P6,-0.0027406434350322863,0.0005858874418315007,-0.003326530876863787
attention_primary,regression,full,BiLSTM,20260907,validation,gsr_min_z,P23,1.5193058462870112e-06,0.0029628938277858952,-0.0029613745219396084
attention_primary,regression,full,BiLSTM,20260907,validation,gsr_min_z,P28,0.00017142125275038111,0.024152160413970704,-0.023980739161220323
attention_primary,regression,full,BiLSTM,20260907,validation,gsr_min_z,P31,-3.681055682629442e-05,0.0009473010550665073,-0.0009841116118928018
attention_primary,regression,full,BiLSTM,20260907,validation,gsr_min_z,P32,6.52285301553368e-05,0.023312312259963795,-0.02324708372980846
attention_primary,regression,full,BiLSTM,20260907,validation,gsr_min_z,P38,0.0004449829487816803,0.012362266376107867,-0.011917283427326187
attention_primary,regression,full,BiLSTM,20260907,validation,gsr_min_z,P41,-0.00022614397893128135,0.002300078631974012,-0.002526222610905293
attention_primary,regression,full,BiLSTM,20260907,validation,gsr_min_z,P47,-9.722289701965536e-05,-0.0003622720680521496,0.0002650491710324942
attention_primary,regression,full,BiLSTM,20260907,validation,gsr_min_z,P6,1.6876638657814526e-05,0.0031220640644300966,-0.003105187425772282
attention_primary,regression,full,BiLSTM,20260907,validation,gsr_max_z,P23,-0.0005101457331336157,-0.0006169294128141267,0.00010678367968051103
attention_primary,regression,full,BiLSTM,20260907,validation,gsr_max_z,P28,0.00115142968770936,-0.009523364045908766,0.010674793733618126
attention_primary,regression,full,BiLSTM,20260907,validation,gsr_max_z,P31,0.00010693803986860928,-0.00029283271913440603,0.0003997707590030153
attention_primary,regression,full,BiLSTM,20260907,validation,gsr_max_z,P32,0.0012408212290553778,-0.0054891270905405905,0.006729948319595968
attention_primary,regression,full,BiLSTM,20260907,validation,gsr_max_z,P38,-0.0007265876268446547,0.0034569626386576234,-0.0041835502655022784
attention_primary,regression,full,BiLSTM,20260907,validation,gsr_max_z,P41,-3.954752830561681e-05,-0.0009234946340859418,0.000883947105780325
attention_primary,regression,full,BiLSTM,20260907,validation,gsr_max_z,P47,-1.070062336214761e-05,-7.08221408771692e-05,6.0121517515021595e-05
attention_primary,regression,full,BiLSTM,20260907,validation,gsr_max_z,P6,-3.9577178955596534e-05,-0.0002757355916014781,0.00023615841264588153
attention_primary,regression,full,BiLSTM,20260907,validation,gsr_tonic_mean_z,P23,-0.0003715526175347872,-0.00043886046281855774,6.730784528377056e-05
attention_primary,regression,full,BiLSTM,20260907,validation,gsr_tonic_mean_z,P28,0.00033174169758427575,-0.003996907485455936,0.004328649183040212
attention_primary,regression,full,BiLSTM,20260907,validation,gsr_tonic_mean_z,P31,0.0001957250668243482,-0.0001864463442657005,0.00038217141109004866
attention_primary,regression,full,BiLSTM,20260907,validation,gsr_tonic_mean_z,P32,0.0006305060254343297,-0.004217851134857065,0.004848357160291394
attention_primary,regression,full,BiLSTM,20260907,validation,gsr_tonic_mean_z,P38,-3.6077563468683848e-06,0.001415943858308455,-0.0014195516146553234
attention_primary,regression,full,BiLSTM,20260907,validation,gsr_tonic_mean_z,P41,0.0006681117951340632,-0.0010018769768109115,0.0016699887719449748
attention_primary,regression,full,BiLSTM,20260907,validation,gsr_tonic_mean_z,P47,-0.000270470227535613,9.903101782167134e-05,-0.00036950124535728435
attention_primary,regression,full,BiLSTM,20260907,validation,gsr_tonic_mean_z,P6,-8.53774026205345e-05,-9.640351461945862e-05,1.1026111998924118e-05
attention_primary,regression,full,BiLSTM,20260907,validation,gsr_phasic_mean_z,P23,-0.0006453115176665136,-2.768965476391827e-05,-0.0006176218629025954
attention_primary,regression,full,BiLSTM,20260907,validation,gsr_phasic_mean_z,P28,-0.0033756220193676524,-0.0007004096526729509,-0.0026752123666947017
attention_primary,regression,full,BiLSTM,20260907,validation,gsr_phasic_mean_z,P31,-0.0008228804295418168,-1.3393032608188804e-05,-0.000809487396933628
attention_primary,regression,full,BiLSTM,20260907,validation,gsr_phasic_mean_z,P32,-0.0008695163340445955,-0.0001774104279578026,-0.0006921059060867929
attention_primary,regression,full,BiLSTM,20260907,validation,gsr_phasic_mean_z,P38,0.0006592596523512517,9.669739444253533e-05,0.0005625622579087164
attention_primary,regression,full,BiLSTM,20260907,validation,gsr_phasic_mean_z,P41,-0.001439366216007354,0.00011754564778541088,-0.001556911863792765
attention_primary,regression,full,BiLSTM,20260907,validation,gsr_phasic_mean_z,P47,0.0001213579525970676,-5.827353927179146e-06,0.00012718530652424675
attention_primary,regression,full,BiLSTM,20260907,validation,gsr_phasic_mean_z,P6,-0.0003082419928554625,-6.680541016379493e-06,-0.000301561451839083
attention_primary,regression,full,BiLSTM,20260907,validation,gsr_slope_z_s,P23,-0.001146514809198429,-0.0011005807968235137,-4.593401237491519e-05
attention_primary,regression,full,BiLSTM,20260907,validation,gsr_slope_z_s,P28,0.008594710138641038,0.00941883495177207,-0.000824124813131032
attention_primary,regression,full,BiLSTM,20260907,validation,gsr_slope_z_s,P31,1.4985464683370253e-05,3.619405679398113e-05,-2.120859211061088e-05
attention_primary,regression,full,BiLSTM,20260907,validation,gsr_slope_z_s,P32,-0.004486610674022051,-0.002237381869599475,-0.002249228804422576
attention_primary,regression,full,BiLSTM,20260907,validation,gsr_slope_z_s,P38,0.0010470179719249463,0.0001534976969108426,0.0008935202750141037
attention_primary,regression,full,BiLSTM,20260907,validation,gsr_slope_z_s,P41,-0.00019577307958118517,-0.00013671273928137496,-5.9060340299810216e-05
attention_primary,regression,full,BiLSTM,20260907,validation,gsr_slope_z_s,P47,0.0006360981437632862,0.00039727418465402843,0.00023882395910925777
attention_primary,regression,full,BiLSTM,20260907,validation,gsr_slope_z_s,P6,0.002799696583629374,0.001943632274857654,0.0008560643087717199
attention_primary,regression,full,BiLSTM,20260907,validation,gsr_scr_count,P23,-6.637366821422574e-05,0.00017109395153778185,-0.00023746761975200758
attention_primary,regression,full,BiLSTM,20260907,validation,gsr_scr_count,P28,0.0004854330728704337,0.0025406887246558706,-0.002055255651785437
attention_primary,regression,full,BiLSTM,20260907,validation,gsr_scr_count,P31,0.0,0.0,0.0
attention_primary,regression,full,BiLSTM,20260907,validation,gsr_scr_count,P32,-0.0012859460161958936,-0.0004760086553563969,-0.0008099373608394967
attention_primary,regression,full,BiLSTM,20260907,validation,gsr_scr_count,P38,-0.00029126231756897435,0.00032220798529949415,-0.0006134703028684684
attention_primary,regression,full,BiLSTM,20260907,validation,gsr_scr_count,P41,0.0,0.0,0.0
attention_primary,regression,full,BiLSTM,20260907,validation,gsr_scr_count,P47,-2.0367268614673863e-05,2.5300996103094775e-05,-4.566826471776864e-05
attention_primary,regression,full,BiLSTM,20260907,validation,gsr_scr_count,P6,-0.0005291824663922196,-0.0002769840079501318,-0.00025219845844208776
attention_primary,regression,full,BiLSTM,20260907,validation,gsr_scr_mean_prominence_z,P23,0.00010620805505130448,-4.6825256350180314e-05,0.0001530333114014848
attention_primary,regression,full,BiLSTM,20260907,validation,gsr_scr_mean_prominence_z,P28,-0.0006434986477732885,-0.0006524214879975121,8.922840224223605e-06
attention_primary,regression,full,BiLSTM,20260907,validation,gsr_scr_mean_prominence_z,P31,0.0,0.0,0.0
attention_primary,regression,full,BiLSTM,20260907,validation,gsr_scr_mean_prominence_z,P32,-0.00023383267559760058,0.0002909051230496118,-0.0005247377986472123
attention_primary,regression,full,BiLSTM,20260907,validation,gsr_scr_mean_prominence_z,P38,-0.00038455003331965275,-1.0409190022109272e-05,-0.00037414084329754347
attention_primary,regression,full,BiLSTM,20260907,validation,gsr_scr_mean_prominence_z,P41,0.0,0.0,0.0
attention_primary,regression,full,BiLSTM,20260907,validation,gsr_scr_mean_prominence_z,P47,7.827371692803453e-06,-3.992998570190309e-06,1.1820370262993763e-05
attention_primary,regression,full,BiLSTM,20260907,validation,gsr_scr_mean_prominence_z,P6,8.642857559510997e-05,6.479673908539318e-05,2.1631836509716784e-05
attention_primary,regression,full,BiLSTM,20260907,validation,modalidad:EEG,P23,-0.0004726837171593168,-0.00014476027823655534,-0.00032792343892276146
attention_primary,regression,full,BiLSTM,20260907,validation,modalidad:EEG,P28,0.004677902124607902,-0.0007705493801447138,0.005448451504752616
attention_primary,regression,full,BiLSTM,20260907,validation,modalidad:EEG,P31,-0.0007906155446069984,0.006764124721621379,-0.007554740266228377
attention_primary,regression,full,BiLSTM,20260907,validation,modalidad:EEG,P32,0.0009073729252108808,0.0003778240947095668,0.000529548830501314
attention_primary,regression,full,BiLSTM,20260907,validation,modalidad:EEG,P38,0.0070834288793913515,0.0016671384092624476,0.0054162904701289035
attention_primary,regression,full,BiLSTM,20260907,validation,modalidad:EEG,P41,-0.0032922431628723105,0.001304708725611592,-0.004596951888483903
attention_primary,regression,full,BiLSTM,20260907,validation,modalidad:EEG,P47,0.0004773694385099336,-0.0020782065107062043,0.002555575949216138
attention_primary,regression,full,BiLSTM,20260907,validation,modalidad:EEG,P6,0.0013430919501829397,0.0012191822457675362,0.00012390970441540357
attention_primary,regression,full,BiLSTM,20260907,validation,modalidad:GSR,P23,-0.00237589661306723,-0.000688566366613963,-0.001687330246453267
attention_primary,regression,full,BiLSTM,20260907,validation,modalidad:GSR,P28,-0.001994070632417988,0.0075236388450996335,-0.009517709477517622
attention_primary,regression,full,BiLSTM,20260907,validation,modalidad:GSR,P31,-0.0004606965960533671,9.02150209246777e-05,-0.0005509116169780448
attention_primary,regression,full,BiLSTM,20260907,validation,modalidad:GSR,P32,-0.004098253075146663,-0.0020157126168449226,-0.0020825404583017402
attention_primary,regression,full,BiLSTM,20260907,validation,modalidad:GSR,P38,0.00023814353156790258,0.00027954702877674986,-4.140349720884728e-05
attention_primary,regression,full,BiLSTM,20260907,validation,modalidad:GSR,P41,-0.0011568762147670774,-0.0005730262657765106,-0.0005838499489905668
attention_primary,regression,full,BiLSTM,20260907,validation,modalidad:GSR,P47,0.0002083663363386723,0.0002356929875603875,-2.7326651221715187e-05
attention_primary,regression,full,BiLSTM,20260907,validation,modalidad:GSR,P6,-0.0011441776012836914,0.0014417098450409504,-0.0025858874463246416
attention_primary,regression,full,BiLSTM,20260907,test,eeg_rms_uv,P10,-0.002449248186112962,0.006033803418563277,-0.008483051604676238
attention_primary,regression,full,BiLSTM,20260907,test,eeg_rms_uv,P11,-7.09800268487104e-05,-0.001754309988427627,0.0016833299615789167
attention_primary,regression,full,BiLSTM,20260907,test,eeg_rms_uv,P15,-0.00028121867910955165,-0.0021566130848738483,0.0018753944057642966
attention_primary,regression,full,BiLSTM,20260907,test,eeg_rms_uv,P16,0.0008435245474308628,0.0037063072213394666,-0.0028627826739086037
attention_primary,regression,full,BiLSTM,20260907,test,eeg_rms_uv,P37,-0.00046312663700351917,-0.006538588776634868,0.006075462139631349
attention_primary,regression,full,BiLSTM,20260907,test,eeg_rms_uv,P39,0.0005440063749190705,-0.0009310252890045945,0.001475031663923665
attention_primary,regression,full,BiLSTM,20260907,test,eeg_rms_uv,P45,0.00025325820795214505,-0.0013710692316591278,0.0016243274396112728
attention_primary,regression,full,BiLSTM,20260907,test,eeg_rms_uv,P5,-2.8748561635483227e-06,-0.00016635838418150862,0.0001634835280179603
attention_primary,regression,full,BiLSTM,20260907,test,eeg_std_uv,P10,0.0006717512805840542,0.02663889110282742,-0.025967139822243367
attention_primary,regression,full,BiLSTM,20260907,test,eeg_std_uv,P11,0.0010784306267009659,0.0066310040394840005,-0.005552573412783035
attention_primary,regression,full,BiLSTM,20260907,test,eeg_std_uv,P15,0.0008658280071297319,0.015360010338228713,-0.014494182331098981
attention_primary,regression,full,BiLSTM,20260907,test,eeg_std_uv,P16,0.0007361697279085089,-0.004733994036316247,0.005470163764224756
attention_primary,regression,full,BiLSTM,20260907,test,eeg_std_uv,P37,0.0015590895270032768,0.046304375315984636,-0.04474528578898136
attention_primary,regression,full,BiLSTM,20260907,test,eeg_std_uv,P39,-0.001503801134178606,0.0192147377390548,-0.020718538873233404
attention_primary,regression,full,BiLSTM,20260907,test,eeg_std_uv,P45,0.0008182912617854754,0.03505189234448362,-0.03423360108269815
attention_primary,regression,full,BiLSTM,20260907,test,eeg_std_uv,P5,-4.747450661137798e-05,0.00048341442272890054,-0.0005308889293402785
attention_primary,regression,full,BiLSTM,20260907,test,eeg_peak_to_peak_uv,P10,-0.0012317533039584827,0.0022239342512638594,-0.003455687555222342
attention_primary,regression,full,BiLSTM,20260907,test,eeg_peak_to_peak_uv,P11,-5.923520813593264e-05,-0.0022157863453497574,0.002156551137213825
attention_primary,regression,full,BiLSTM,20260907,test,eeg_peak_to_peak_uv,P15,-0.00029884408167109023,-0.0013499481485712117,0.0010511040669001215
attention_primary,regression,full,BiLSTM,20260907,test,eeg_peak_to_peak_uv,P16,0.000352918776305855,0.002944550987551753,-0.002591632211245898
attention_primary,regression,full,BiLSTM,20260907,test,eeg_peak_to_peak_uv,P37,0.0009358435402184728,-0.007283630957248222,0.008219474497466694
attention_primary,regression,full,BiLSTM,20260907,test,eeg_peak_to_peak_uv,P39,-0.0012021264164699952,0.0013650270740820148,-0.00256715349055201
attention_primary,regression,full,BiLSTM,20260907,test,eeg_peak_to_peak_uv,P45,0.00013164001108707525,-0.0014006843808887614,0.0015323243919758366
attention_primary,regression,full,BiLSTM,20260907,test,eeg_peak_to_peak_uv,P5,-4.02726036628831e-05,-0.0002978032916692186,0.0002575306880063355
attention_primary,regression,full,BiLSTM,20260907,test,eeg_delta_relative,P10,-0.0012408354019385116,0.15173299817461539,-0.1529738335765539
attention_primary,regression,full,BiLSTM,20260907,test,eeg_delta_relative,P11,-0.0032789094704086088,0.08002167302713428,-0.0833005824975429
attention_primary,regression,full,BiLSTM,20260907,test,eeg_delta_relative,P15,0.0008084723007105055,0.2330841730039392,-0.23227570070322867
attention_primary,regression,full,BiLSTM,20260907,test,eeg_delta_relative,P16,-0.0039319318194635635,0.2843329503762633,-0.2882648821957269
attention_primary,regression,full,BiLSTM,20260907,test,eeg_delta_relative,P37,-0.00012852805727825434,0.0909353200000766,-0.09106384805735486
attention_primary,regression,full,BiLSTM,20260907,test,eeg_delta_relative,P39,0.0025378526343569742,0.2590517322072378,-0.25651387957288085
attention_primary,regression,full,BiLSTM,20260907,test,eeg_delta_relative,P45,-0.002494845417581648,0.11141681008404607,-0.11391165550162771
attention_primary,regression,full,BiLSTM,20260907,test,eeg_delta_relative,P5,0.0006309870181170796,0.08563830858762618,-0.0850073215695091
attention_primary,regression,full,BiLSTM,20260907,test,eeg_theta_relative,P10,0.001695835439779403,0.03707847995192526,-0.03538264451214586
attention_primary,regression,full,BiLSTM,20260907,test,eeg_theta_relative,P11,0.0036406134654942248,0.05003797590954719,-0.046397362444052966
attention_primary,regression,full,BiLSTM,20260907,test,eeg_theta_relative,P15,-0.0009872157004530812,0.035731643707549485,-0.03671885940800257
attention_primary,regression,full,BiLSTM,20260907,test,eeg_theta_relative,P16,-0.006559347971867036,-0.018083466154943294,0.011524118183076259
attention_primary,regression,full,BiLSTM,20260907,test,eeg_theta_relative,P37,0.000995249782114449,0.019880316268932052,-0.018885066486817603
attention_primary,regression,full,BiLSTM,20260907,test,eeg_theta_relative,P39,-0.0002065034111612407,0.024928207469975972,-0.025134710881137213
attention_primary,regression,full,BiLSTM,20260907,test,eeg_theta_relative,P45,0.0020483015662413617,0.05061462710346824,-0.04856632553722688
attention_primary,regression,full,BiLSTM,20260907,test,eeg_theta_relative,P5,-0.00013735547669484481,0.015055620225569255,-0.0151929757022641
attention_primary,regression,full,BiLSTM,20260907,test,eeg_alpha_relative,P10,0.0022660864308040375,0.01057411498885914,-0.008308028558055102
attention_primary,regression,full,BiLSTM,20260907,test,eeg_alpha_relative,P11,0.0033399012352819833,0.01599124259317284,-0.012651341357890856
attention_primary,regression,full,BiLSTM,20260907,test,eeg_alpha_relative,P15,-0.005474472758112881,0.007173412991746541,-0.012647885749859422
attention_primary,regression,full,BiLSTM,20260907,test,eeg_alpha_relative,P16,-0.0005618774441801478,-0.01801717432413792,0.017455296879957772
attention_primary,regression,full,BiLSTM,20260907,test,eeg_alpha_relative,P37,0.003614579296160647,0.013796550659148999,-0.010181971362988353
attention_primary,regression,full,BiLSTM,20260907,test,eeg_alpha_relative,P39,-0.0023360902900298576,0.004465885758876675,-0.006801976048906533
attention_primary,regression,full,BiLSTM,20260907,test,eeg_alpha_relative,P45,-0.00019922393932727544,0.015849374065427392,-0.016048598004754666
attention_primary,regression,full,BiLSTM,20260907,test,eeg_alpha_relative,P5,-0.00035886358408194764,0.0005173520044039926,-0.0008762155884859402
attention_primary,regression,full,BiLSTM,20260907,test,eeg_beta_relative,P10,-0.0004029240412811941,0.059971967102143565,-0.06037489114342476
attention_primary,regression,full,BiLSTM,20260907,test,eeg_beta_relative,P11,-0.002943483863825236,0.024100643639403518,-0.027044127503228755
attention_primary,regression,full,BiLSTM,20260907,test,eeg_beta_relative,P15,-0.0012212616382903275,0.04664246747846708,-0.0478637291167574
attention_primary,regression,full,BiLSTM,20260907,test,eeg_beta_relative,P16,-0.004274300196298597,-0.02552700205447882,0.021252701858180224
attention_primary,regression,full,BiLSTM,20260907,test,eeg_beta_relative,P37,0.0004709934918686098,0.025981799410609872,-0.02551080591874126
attention_primary,regression,full,BiLSTM,20260907,test,eeg_beta_relative,P39,0.00655394013274615,0.0614981598346918,-0.05494421970194565
attention_primary,regression,full,BiLSTM,20260907,test,eeg_beta_relative,P45,-0.002128923999584709,0.07354701721617665,-0.07567594121576136
attention_primary,regression,full,BiLSTM,20260907,test,eeg_beta_relative,P5,0.0004662946074224905,0.009615139490651537,-0.009148844883229047
attention_primary,regression,full,BiLSTM,20260907,test,eeg_gamma_relative,P10,-0.001817990949026349,0.0052813255876341,-0.007099316536660449
attention_primary,regression,full,BiLSTM,20260907,test,eeg_gamma_relative,P11,-0.0010349620502134727,0.001639065710315446,-0.0026740277605289187
attention_primary,regression,full,BiLSTM,20260907,test,eeg_gamma_relative,P15,0.0030385874654199176,0.0033376444832859953,-0.0002990570178660777
attention_primary,regression,full,BiLSTM,20260907,test,eeg_gamma_relative,P16,0.0012465620278769851,-0.011395613882096933,0.012642175909973918
attention_primary,regression,full,BiLSTM,20260907,test,eeg_gamma_relative,P37,-0.0007894528493480824,0.0015337606283801542,-0.0023232134777282365
attention_primary,regression,full,BiLSTM,20260907,test,eeg_gamma_relative,P39,0.003335718595215065,0.00934292788019917,-0.006007209284984105
attention_primary,regression,full,BiLSTM,20260907,test,eeg_gamma_relative,P45,-0.0006801381169054376,0.008327895077222137,-0.009008033194127574
attention_primary,regression,full,BiLSTM,20260907,test,eeg_gamma_relative,P5,-0.0002307976914202703,-0.0016128430254455984,0.0013820453340253282
attention_primary,regression,full,BiLSTM,20260907,test,eeg_line_noise_ratio,P10,-0.0024622536551681673,-0.0028503131684961326,0.00038805951332796526
attention_primary,regression,full,BiLSTM,20260907,test,eeg_line_noise_ratio,P11,2.8445236007401674e-05,-0.0004701945420857001,0.0004986397780931018
attention_primary,regression,full,BiLSTM,20260907,test,eeg_line_noise_ratio,P15,0.0011782266116940221,0.0010965676679533854,8.165894374063671e-05
attention_primary,regression,full,BiLSTM,20260907,test,eeg_line_noise_ratio,P16,0.007972899860708238,0.009130268582342916,-0.001157368721634678
attention_primary,regression,full,BiLSTM,20260907,test,eeg_line_noise_ratio,P37,-0.002807046632324006,-0.002955626895250596,0.00014858026292658994
attention_primary,regression,full,BiLSTM,20260907,test,eeg_line_noise_ratio,P39,-0.002206473451889579,-0.00203559033905405,-0.00017088311283552926
attention_primary,regression,full,BiLSTM,20260907,test,eeg_line_noise_ratio,P45,0.0001830438252997002,-0.0010574435909827874,0.0012404874162824876
attention_primary,regression,full,BiLSTM,20260907,test,eeg_line_noise_ratio,P5,-0.002285105595719217,-0.0014070291974065618,-0.0008780763983126552
attention_primary,regression,full,BiLSTM,20260907,test,gsr_mean_z,P10,-5.3444678317760006e-05,9.813435751349076e-06,-6.325811406910908e-05
attention_primary,regression,full,BiLSTM,20260907,test,gsr_mean_z,P11,-0.00014295653796385642,-0.000164665011587517,2.1708473623660584e-05
attention_primary,regression,full,BiLSTM,20260907,test,gsr_mean_z,P15,0.00025752919917461093,-0.0016472979519963626,0.0019048271511709735
attention_primary,regression,full,BiLSTM,20260907,test,gsr_mean_z,P16,0.00020080033854532608,-0.002447176517225125,0.002647976855770451
attention_primary,regression,full,BiLSTM,20260907,test,gsr_mean_z,P37,-0.00012651517072930217,0.004050735525839589,-0.004177250696568891
attention_primary,regression,full,BiLSTM,20260907,test,gsr_mean_z,P39,-0.0006092535924643094,0.0016163201094743674,-0.0022255737019386767
attention_primary,regression,full,BiLSTM,20260907,test,gsr_mean_z,P45,-0.0015703539285162548,0.008960624329517808,-0.010530978258034063
attention_primary,regression,full,BiLSTM,20260907,test,gsr_mean_z,P5,0.00031980429320559444,0.0005616468061866887,-0.00024184251298109421
attention_primary,regression,full,BiLSTM,20260907,test,gsr_std_z,P10,0.00018271552660689138,-2.716628958574496e-05,0.00020988181619263635
attention_primary,regression,full,BiLSTM,20260907,test,gsr_std_z,P11,-0.0011392169394022656,0.0005996721763046109,-0.0017388891157068763
attention_primary,regression,full,BiLSTM,20260907,test,gsr_std_z,P15,-0.0004641384942072779,0.000904352788795082,-0.00136849128300236
attention_primary,regression,full,BiLSTM,20260907,test,gsr_std_z,P16,-0.001970205215833731,0.0015975524032364908,-0.0035677576190702217
attention_primary,regression,full,BiLSTM,20260907,test,gsr_std_z,P37,0.00567128628092739,-0.003594807469302719,0.009266093750230108
attention_primary,regression,full,BiLSTM,20260907,test,gsr_std_z,P39,0.001533723987793878,-0.0009588053466686563,0.0024925293344625343
attention_primary,regression,full,BiLSTM,20260907,test,gsr_std_z,P45,0.0018121630271287436,0.0014838840181845114,0.0003282790089442322
attention_primary,regression,full,BiLSTM,20260907,test,gsr_std_z,P5,-0.00011110814502350852,-0.0005902807826466017,0.0004791726376230932
attention_primary,regression,full,BiLSTM,20260907,test,gsr_min_z,P10,2.8646601558968142e-05,0.0002685287665751712,-0.00023988216501620306
attention_primary,regression,full,BiLSTM,20260907,test,gsr_min_z,P11,-0.00039097393579128336,0.0009042045523757869,-0.0012951784881670703
attention_primary,regression,full,BiLSTM,20260907,test,gsr_min_z,P15,-0.0016942999674410153,0.027243669572656247,-0.028937969540097263
attention_primary,regression,full,BiLSTM,20260907,test,gsr_min_z,P16,-0.0002912754460266065,0.011180153914550961,-0.011471429360577568
attention_primary,regression,full,BiLSTM,20260907,test,gsr_min_z,P37,-0.0011113005689973754,0.0007301185716412695,-0.0018414191406386448
attention_primary,regression,full,BiLSTM,20260907,test,gsr_min_z,P39,-0.0003454138161002263,-0.001756279856587728,0.0014108660404875016
attention_primary,regression,full,BiLSTM,20260907,test,gsr_min_z,P45,0.0005042029602536413,0.014190610552563588,-0.013686407592309947
attention_primary,regression,full,BiLSTM,20260907,test,gsr_min_z,P5,-0.00017181153814216366,0.006212832026943271,-0.006384643565085435
attention_primary,regression,full,BiLSTM,20260907,test,gsr_max_z,P10,-9.200638688002804e-05,3.183016967329699e-05,-0.00012383655655332502
attention_primary,regression,full,BiLSTM,20260907,test,gsr_max_z,P11,-0.00010402528086976837,-0.00033350152276709897,0.0002294762418973306
attention_primary,regression,full,BiLSTM,20260907,test,gsr_max_z,P15,0.0008664676926534387,-0.0009404073393325163,0.001806875031985955
attention_primary,regression,full,BiLSTM,20260907,test,gsr_max_z,P16,8.284581342974385e-05,-0.003894661939586652,0.003977507753016396
attention_primary,regression,full,BiLSTM,20260907,test,gsr_max_z,P37,0.0017562244787591385,0.008276553446164136,-0.006520328967404997
attention_primary,regression,full,BiLSTM,20260907,test,gsr_max_z,P39,5.2053125666673415e-05,0.0029498259235876123,-0.002897772797920939
attention_primary,regression,full,BiLSTM,20260907,test,gsr_max_z,P45,-0.0016451626151340992,0.014352646006163284,-0.015997808621297384
attention_primary,regression,full,BiLSTM,20260907,test,gsr_max_z,P5,0.0007302966030917179,0.0016225525436607934,-0.0008922559405690755
attention_primary,regression,full,BiLSTM,20260907,test,gsr_tonic_mean_z,P10,-9.299844461478912e-05,8.348808135569819e-05,-0.00017648652597048733
attention_primary,regression,full,BiLSTM,20260907,test,gsr_tonic_mean_z,P11,-0.0002423264127825675,-0.00034203255612659246,9.970614334402496e-05
attention_primary,regression,full,BiLSTM,20260907,test,gsr_tonic_mean_z,P15,-0.000629568892687482,-0.0017592231725679142,0.001129654279880432
attention_primary,regression,full,BiLSTM,20260907,test,gsr_tonic_mean_z,P16,0.00010906211752936823,-0.0023295620084971213,0.0024386241260264895
attention_primary,regression,full,BiLSTM,20260907,test,gsr_tonic_mean_z,P37,-0.0008006312231706225,0.0033838874337023483,-0.004184518656872971
attention_primary,regression,full,BiLSTM,20260907,test,gsr_tonic_mean_z,P39,-0.00017844751094979737,0.0010774863878472373,-0.0012559338987970347
attention_primary,regression,full,BiLSTM,20260907,test,gsr_tonic_mean_z,P45,-0.000726899693889571,0.005897202869295048,-0.006624102563184619
attention_primary,regression,full,BiLSTM,20260907,test,gsr_tonic_mean_z,P5,7.01947500844069e-05,0.0005047726303688104,-0.00043457788028440354
attention_primary,regression,full,BiLSTM,20260907,test,gsr_phasic_mean_z,P10,-0.00017757856625859602,-2.3397779962941455e-05,-0.00015418078629565455
attention_primary,regression,full,BiLSTM,20260907,test,gsr_phasic_mean_z,P11,-0.0007173029220005845,4.670913312907476e-05,-0.0007640120551296592
attention_primary,regression,full,BiLSTM,20260907,test,gsr_phasic_mean_z,P15,-0.0002834455250722012,-9.585977297108528e-05,-0.00018758575210111594
attention_primary,regression,full,BiLSTM,20260907,test,gsr_phasic_mean_z,P16,0.0010656095446637704,-6.597589739514298e-05,0.0011315854420589134
attention_primary,regression,full,BiLSTM,20260907,test,gsr_phasic_mean_z,P37,0.0003014954217902766,0.00012968704371356664,0.00017180837807670993
attention_primary,regression,full,BiLSTM,20260907,test,gsr_phasic_mean_z,P39,-0.0009434407925510202,0.00014944865134767227,-0.0010928894438986924
attention_primary,regression,full,BiLSTM,20260907,test,gsr_phasic_mean_z,P45,-0.0003162913003232681,0.000717276873551187,-0.001033568173874455
attention_primary,regression,full,BiLSTM,20260907,test,gsr_phasic_mean_z,P5,-0.00039207209089435756,-1.286708572534323e-06,-0.00039078538232182323
attention_primary,regression,full,BiLSTM,20260907,test,gsr_slope_z_s,P10,0.00034021736678639946,-0.0001304367083484692,0.00047065407513486863
attention_primary,regression,full,BiLSTM,20260907,test,gsr_slope_z_s,P11,-0.0006775207998336974,-0.001056641534272451,0.00037912073443875367
attention_primary,regression,full,BiLSTM,20260907,test,gsr_slope_z_s,P15,-0.0009256409976839075,-0.0018815249607429196,0.000955883963059012
attention_primary,regression,full,BiLSTM,20260907,test,gsr_slope_z_s,P16,0.0035630917851220854,0.0011573455577511104,0.0024057462273709748
attention_primary,regression,full,BiLSTM,20260907,test,gsr_slope_z_s,P37,-0.008710036085658767,-0.005271635481625436,-0.0034384006040333315
attention_primary,regression,full,BiLSTM,20260907,test,gsr_slope_z_s,P39,-0.00016581802317954252,0.0009941644917635273,-0.00115998251494307
attention_primary,regression,full,BiLSTM,20260907,test,gsr_slope_z_s,P45,0.0024398852265663075,0.003063545008541091,-0.0006236597819747835
attention_primary,regression,full,BiLSTM,20260907,test,gsr_slope_z_s,P5,-0.006819811024812461,-0.002240103955552253,-0.004579707069260208
attention_primary,regression,full,BiLSTM,20260907,test,gsr_scr_count,P10,0.0,0.0,0.0
attention_primary,regression,full,BiLSTM,20260907,test,gsr_scr_count,P11,-0.0002646651871410999,0.00024220003604731312,-0.0005068652231884131
attention_primary,regression,full,BiLSTM,20260907,test,gsr_scr_count,P15,0.00029913399266567886,-0.0006185012061894479,0.0009176351988551268
attention_primary,regression,full,BiLSTM,20260907,test,gsr_scr_count,P16,-0.0001265518591686776,-0.00015280348082244988,2.6251621653772272e-05
attention_primary,regression,full,BiLSTM,20260907,test,gsr_scr_count,P37,-0.0024513935583818204,-0.0008373865665992853,-0.0016140069917825353
attention_primary,regression,full,BiLSTM,20260907,test,gsr_scr_count,P39,-0.0008061700672143069,0.00012730421315225725,-0.0009334742803665641
attention_primary,regression,full,BiLSTM,20260907,test,gsr_scr_count,P45,0.0007187306478129152,0.0001237753104470496,0.0005949553373658656
attention_primary,regression,full,BiLSTM,20260907,test,gsr_scr_count,P5,-0.0023752683838842658,0.0006822646059862602,-0.0030575329898705258
attention_primary,regression,full,BiLSTM,20260907,test,gsr_scr_mean_prominence_z,P10,0.0,0.0,0.0
attention_primary,regression,full,BiLSTM,20260907,test,gsr_scr_mean_prominence_z,P11,0.00010229577039604365,-7.496071058581411e-05,0.00017725648098185776
attention_primary,regression,full,BiLSTM,20260907,test,gsr_scr_mean_prominence_z,P15,0.00018405517215658307,0.00020751691679437022,-2.3461744637787152e-05
attention_primary,regression,full,BiLSTM,20260907,test,gsr_scr_mean_prominence_z,P16,-0.0006397790166590589,7.774277186534118e-05,-0.0007175217885244001
attention_primary,regression,full,BiLSTM,20260907,test,gsr_scr_mean_prominence_z,P37,-0.0015507925737374695,0.001137914611908286,-0.0026887071856457555
attention_primary,regression,full,BiLSTM,20260907,test,gsr_scr_mean_prominence_z,P39,0.0006958710735131213,-2.557759610799515e-05,0.0007214486696211164
attention_primary,regression,full,BiLSTM,20260907,test,gsr_scr_mean_prominence_z,P45,-0.0004130600112012495,9.504159027162728e-06,-0.0004225641702284122
attention_primary,regression,full,BiLSTM,20260907,test,gsr_scr_mean_prominence_z,P5,-0.00037098470881062883,-0.0002005837121083598,-0.00017040099670226903
attention_primary,regression,full,BiLSTM,20260907,test,modalidad:EEG,P10,-0.003936758767280213,-0.0007858049250271115,-0.003150953842253101
attention_primary,regression,full,BiLSTM,20260907,test,modalidad:EEG,P11,0.0004236279779856744,0.0038956670630207802,-0.003472039085035106
attention_primary,regression,full,BiLSTM,20260907,test,modalidad:EEG,P15,-0.0006080635523492139,0.00022039954529544658,-0.0008284630976446606
attention_primary,regression,full,BiLSTM,20260907,test,modalidad:EEG,P16,-0.0054576518027082965,0.007621307758132812,-0.013078959560841107
attention_primary,regression,full,BiLSTM,20260907,test,modalidad:EEG,P37,4.493923057711235e-05,0.001996820646867503,-0.0019518814162903905
attention_primary,regression,full,BiLSTM,20260907,test,modalidad:EEG,P39,0.0011841805681006567,-0.005048016360537799,0.006232196928638456
attention_primary,regression,full,BiLSTM,20260907,test,modalidad:EEG,P45,-0.002756090007727252,0.00013874417974024666,-0.0028948341874674988
attention_primary,regression,full,BiLSTM,20260907,test,modalidad:EEG,P5,-0.0017036592805679484,-0.00044296482598373823,-0.0012606944545842103
attention_primary,regression,full,BiLSTM,20260907,test,modalidad:GSR,P10,-5.701833012148327e-05,-1.2047985009333572e-05,-4.49703451121497e-05
attention_primary,regression,full,BiLSTM,20260907,test,modalidad:GSR,P11,-0.0032672349319867065,-0.0017030284392991035,-0.001564206492687603
attention_primary,regression,full,BiLSTM,20260907,test,modalidad:GSR,P15,-0.0033733218966361944,-0.0033131779152942853,-6.0143981341909125e-05
attention_primary,regression,full,BiLSTM,20260907,test,modalidad:GSR,P16,0.0018472641779886168,-0.0002875952485896116,0.0021348594265782283
attention_primary,regression,full,BiLSTM,20260907,test,modalidad:GSR,P37,-0.006498912802019507,-0.0032634194939316075,-0.0032354933080878997
attention_primary,regression,full,BiLSTM,20260907,test,modalidad:GSR,P39,-0.0005409832284013038,0.0015091225414445297,-0.0020501057698458338
attention_primary,regression,full,BiLSTM,20260907,test,modalidad:GSR,P45,-0.002066544692990191,0.0004994611774623792,-0.00256600587045257
attention_primary,regression,full,BiLSTM,20260907,test,modalidad:GSR,P5,-0.007209031481321371,-0.001276631367087111,-0.00593240011423426
