session,participant,channel,n_sampled,mean_uv,sd_uv,min_uv,max_uv
OpenBCISession_P1_test,P1,0,9736,-10824.767561412806,28665.70065303365,-187500.02235174447,9066.046365028187
OpenBCISession_P1_test,P1,1,9736,14999.216953926092,28094.068291262647,-38559.03906333912,187500.0
OpenBCISession_P1_test,P1,2,9736,-22386.68217182746,114697.62649059785,-187500.02235174447,187500.0
OpenBCISession_P1_test,P1,3,9736,-3156.998453247473,100757.29191603152,-76076.46448331648,187500.0
OpenBCISession_P1_test,P1,4,9736,125293.74772148582,138917.59281807262,-187500.02235174447,187500.0
OpenBCISession_P1_test,P1,5,9736,44951.57591335609,97695.74540177325,-187500.02235174447,187500.0
OpenBCISession_P1_test,P1,6,9736,-171254.93938313684,48014.59353409704,-187500.02235174447,65825.17216505673
OpenBCISession_P1_test,P1,7,9736,-4059.190604236106,86038.3133703725,-187500.02235174447,187500.0
OpenBCISession_P1_test,P1,8,9736,-187490.39313942188,950.1256563675458,-187500.02235174447,-93750.01117587223
OpenBCISession_P1_test,P1,9,9736,16429.490108523685,49725.446454212004,-68063.90053795584,187500.0
OpenBCISession_P1_test,P1,10,9736,-187076.87531098703,5295.828348105034,-187500.02235174447,-78067.75904509533
OpenBCISession_P1_test,P1,11,9736,-186269.23895260872,11740.846978840083,-187500.02235174447,12844.273489031017
OpenBCISession_P1_test,P1,12,9736,-36151.22929179765,183409.69226011916,-187500.02235174447,187500.0
OpenBCISession_P1_test,P1,13,9736,40972.22479674774,117649.26469083496,-187500.02235174447,187500.0
OpenBCISession_P1_test,P1,14,9736,-103103.66331401111,71080.24670046619,-187500.02235174447,-26149.484652219377
OpenBCISession_P1_test,P1,15,9736,-187488.77836822323,954.4549260588857,-187500.02235174447,-93750.01117587223
OpenBCISession_P1,P1,0,10210,1130.5473246360552,4844.249363663237,-13442.584984610676,8301.16966976758
OpenBCISession_P1,P1,1,10210,25736.441175209915,2343.9713280125875,11038.61016495349,29960.591192315962
OpenBCISession_P1,P1,2,10210,-34529.07860926379,2906.4688730303105,-41907.82212112214,-19794.526075664293
OpenBCISession_P1,P1,3,10210,-41190.501159365645,3225.213918624816,-47723.67897315967,-23824.456193978334
OpenBCISession_P1,P1,4,10210,187490.81782456688,927.8087354126131,93749.98882412778,187500.0
OpenBCISession_P1,P1,5,10210,-6918.306648128858,3895.771290853054,-14740.953116530553,-1259.1631721452682
OpenBCISession_P1,P1,6,10210,-85173.57074268255,61080.85414417457,-187500.02235174447,22121.00739729493
OpenBCISession_P1,P1,7,10210,28351.774567682332,4441.168168678975,10661.715049948103,37430.70065149077
OpenBCISession_P1,P1,8,10210,-187490.84017631135,927.8087354126131,-187500.02235174447,-93750.01117587223
OpenBCISession_P1,P1,9,10210,-5405.665286862781,2891.1949402003397,-12107.850564462015,2561.778135511653
OpenBCISession_P1,P1,10,10210,-187490.84017631135,927.8087354126131,-187500.02235174447,-93750.01117587223
OpenBCISession_P1,P1,11,10210,-187490.84017631135,927.8087354126131,-187500.02235174447,-93750.01117587223
OpenBCISession_P1,P1,12,10210,-187490.84017631135,927.8087354126131,-187500.02235174447,-93750.01117587223
OpenBCISession_P1,P1,13,10210,-23824.611395209606,3762.574933530468,-29806.76648697454,-16103.80603120399
OpenBCISession_P1,P1,14,10210,-12718.97486369749,7394.144014196446,-24798.142885940422,31.203035259608658
OpenBCISession_P1,P1,15,10210,-187490.84017631135,927.8087354126131,-187500.02235174447,-93750.01117587223
OpenBCISession_P2_test,P2,0,8726,37562.52129906416,17069.691112705248,-187500.02235174447,49270.307930744646
OpenBCISession_P2_test,P2,1,8726,50111.79002769714,25824.81961263354,-187500.02235174447,187500.0
OpenBCISession_P2_test,P2,2,8726,54413.94330199558,97866.13481971477,-187500.02235174447,187500.0
OpenBCISession_P2_test,P2,3,8726,-123171.44197226356,84388.82064401341,-187500.02235174447,95495.70476957617
OpenBCISession_P2_test,P2,4,8726,187500.0,0.0,187500.0,187500.0
OpenBCISession_P2_test,P2,5,8726,-71573.06557953307,111201.2521789958,-187500.02235174447,137039.21580782125
OpenBCISession_P2_test,P2,6,8726,-18889.660299858104,100822.7672800336,-187500.02235174447,187500.0
OpenBCISession_P2_test,P2,7,8726,-3195.173619259375,112658.05366243888,-187500.02235174447,187500.0
OpenBCISession_P2_test,P2,8,8726,90868.79225967092,85556.41944506938,-645.2501589358043,187500.0
OpenBCISession_P2_test,P2,9,8726,3165.1052180778875,86087.2831625675,-187500.02235174447,187500.0
OpenBCISession_P2_test,P2,10,8726,79551.05563089017,84541.80283828305,-187500.02235174447,187500.0
OpenBCISession_P2_test,P2,11,8726,75526.86676280483,89565.55061155987,-187500.02235174447,187500.0
OpenBCISession_P2_test,P2,12,8726,44881.572797216286,128852.41167115708,-187500.02235174447,187500.0
OpenBCISession_P2_test,P2,13,8726,-59998.6916052122,92675.47461264265,-187500.02235174447,187500.0
OpenBCISession_P2_test,P2,14,8726,38844.11534329914,108167.98948259754,-187500.02235174447,187500.0
OpenBCISession_P2_test,P2,15,8726,28655.329419695994,108780.3491393221,-187500.02235174447,187500.0
OpenBCISession_P2,P2,0,11548,31609.48529195699,460.2862878933169,16221.68913146128,32481.823263385686
OpenBCISession_P2,P2,1,11548,66858.528023399,1747.4093483977545,34673.38945548409,71112.61142642635
OpenBCISession_P2,P2,2,11548,9243.181557173028,1627.2083429078336,2400.532651011068,26635.858611566855
OpenBCISession_P2,P2,3,11548,17079.994717206053,5946.1895893775045,8676.075479516445,39636.28138736265
OpenBCISession_P2,P2,4,11548,187491.88171015147,872.4045873731045,93749.98882412778,187500.0
OpenBCISession_P2,P2,5,11548,41411.17902557185,1513.6000813856083,20351.26332655708,72374.12153173942
OpenBCISession_P2,P2,6,11548,-15460.875308996687,2494.768140566094,-20546.639924840918,-9672.695061289676
OpenBCISession_P2,P2,7,11548,15932.571829277249,1013.4932458726811,9107.777071926246,18839.972476955947
OpenBCISession_P2,P2,8,11548,-2742.54779524301,1823.395864342686,-5228.385952518696,4658.550579375098
OpenBCISession_P2,P2,9,11548,41811.87849680041,1635.2295303867782,20750.733703462327,50242.586462806044
OpenBCISession_P2,P2,10,11548,18676.34528517602,4537.8742976170115,2589.22607770277,38547.05852831108
OpenBCISession_P2,P2,11,11548,-15358.65778149832,5732.531917917931,-20973.29002300382,9298.526859107837
OpenBCISession_P2,P2,12,11548,30221.70578077265,2322.2237938910903,16850.354296011246,58346.345525544355
OpenBCISession_P2,P2,13,11548,-16828.648475936985,1083.2803738067703,-17856.652183133625,-5149.059611446812
OpenBCISession_P2,P2,14,11548,-16641.992360040975,1139.2304996081018,-18585.475514587823,-9443.857901556243
OpenBCISession_P2,P2,15,11548,-22340.20504012394,4520.860836850906,-30476.111826433164,-12329.602221203117
OpenBCISession_P3_test,P3,0,9023,13139.769830423433,51086.3359260633,-187500.02235174447,187500.0
OpenBCISession_P3_test,P3,1,9023,-52592.226985970156,109841.33157803856,-187500.02235174447,135579.98217105653
OpenBCISession_P3_test,P3,2,9023,-8368.662185299809,29013.15751996666,-187500.02235174447,73915.4978293774
OpenBCISession_P3_test,P3,3,9023,-28840.502548497167,84184.49282560429,-187500.02235174447,106100.2440572076
OpenBCISession_P3_test,P3,4,9023,187500.0,0.0,187500.0,187500.0
OpenBCISession_P3_test,P3,5,9023,-16797.87191449953,100181.98550603952,-187500.02235174447,187500.0
OpenBCISession_P3_test,P3,6,9023,-7098.755877437449,62472.5664870821,-187500.02235174447,187500.0
OpenBCISession_P3_test,P3,7,9023,24274.01492028946,49243.783151138916,-187500.02235174447,116792.89392148185
OpenBCISession_P3_test,P3,8,9023,173711.72883880336,43463.34267695507,29612.32866195782,187500.0
OpenBCISession_P3_test,P3,9,9023,-25380.467184205336,110675.49730875157,-187500.02235174447,101226.46853047235
OpenBCISession_P3_test,P3,10,9023,63038.56315060991,109847.50101144137,-187500.02235174447,187500.0
OpenBCISession_P3_test,P3,11,9023,-24900.761022968178,91428.95990766694,-187500.02235174447,92997.87497495115
OpenBCISession_P3_test,P3,12,9023,27743.13745651813,13320.569172964562,-17879.9203491116,75885.80410311272
OpenBCISession_P3_test,P3,13,9023,119894.10985285765,83048.17684360698,-8406.446386152076,187500.0
OpenBCISession_P3_test,P3,14,9023,19323.532018988983,8056.234478184462,2458.53542787259,53017.60024042133
OpenBCISession_P3_test,P3,15,9023,13079.113460801922,130364.3243843831,-187500.02235174447,187500.0
OpenBCISession_P3,P3,0,9858,30126.08021604025,1798.4153917596595,12888.105259907874,32517.4742957919
OpenBCISession_P3,P3,1,9858,47236.61152928715,1059.4372197238788,22677.722296443262,49521.38507621111
OpenBCISession_P3,P3,2,9858,1049.9614099929902,1508.430282539581,-1219.2206048036344,4928.961983795403
OpenBCISession_P3,P3,3,9858,-14228.128905897433,1501.4903682631825,-16416.082252989087,-7327.058294660842
OpenBCISession_P3,P3,4,9858,187490.48995626174,944.228101034889,93749.98882412778,187500.0
OpenBCISession_P3,P3,5,9858,33100.6321022109,1605.9300736728505,17028.765920253507,35578.03160882373
OpenBCISession_P3,P3,6,9858,9165.062751859874,4695.696389629849,3058.4786007974867,23000.45913463344
OpenBCISession_P3,P3,7,9858,44998.724307991746,1857.0539086755816,24928.386500881494,55382.7724317041
OpenBCISession_P3,P3,8,9858,22295.23970560035,4431.871892209777,10081.977854010804,30225.0346809667
OpenBCISession_P3,P3,9,9858,34658.92921457031,3337.3420714459176,19563.319631018596,41077.2983523963
OpenBCISession_P3,P3,10,9858,55577.0036583995,3665.9596720613868,30448.06038714175,65417.47634619193
OpenBCISession_P3,P3,11,9858,17389.189091996956,2089.0136028457214,6042.212968136427,22776.114675535522
OpenBCISession_P3,P3,12,9858,40207.1385263584,6164.096152763624,14437.863461716588,50501.06203568722
OpenBCISession_P3,P3,13,9858,9370.809199148294,3079.797702547862,3105.1043397312574,14856.735152809044
OpenBCISession_P3,P3,14,9858,25849.481714816557,1182.3539454752233,12941.078894266951,27880.113170160435
OpenBCISession_P3,P3,15,9858,49812.034747251055,2945.7897035215365,27804.206645990213,55479.39902298439
OpenBCISession_P4,P4,0,8802,38641.51201554907,2852.740963593551,15136.891917811861,43863.62211270596
OpenBCISession_P4,P4,1,8802,15385.639397988514,796.487305613669,509.03862822516305,16817.586638639765
OpenBCISession_P4,P4,2,8802,-19323.729677305386,4707.940843665162,-25639.59665770491,-2829.4179236195
OpenBCISession_P4,P4,3,8802,-66553.1869179652,2065.1113979215565,-70828.94543754404,-35408.96301376379
OpenBCISession_P4,P4,4,8802,-32593.646371992723,4767.92086235463,-43956.51596266222,-21753.92469810542
OpenBCISession_P4,P4,5,8802,-9662.356851285153,2129.391639648401,-13415.025283697283,-5789.571200558091
OpenBCISession_P4,P4,6,8802,-29778.015233914462,625.937302756401,-30685.07828534583,-15213.714863504752
OpenBCISession_P4,P4,7,8802,-30787.792044869104,1085.3656459308897,-32354.06069207915,-16090.730260697635
OpenBCISession_P4,P4,8,8802,-57380.05227870629,1509.7489315385033,-60391.86541937178,-29584.679554066606
OpenBCISession_P4,P4,9,8802,15842.935995320764,1295.1068416419319,9725.333419481924,20126.203611636593
OpenBCISession_P4,P4,10,8802,-52712.66069815063,611.3002545007288,-54319.9693345987,-26743.549316352528
OpenBCISession_P4,P4,11,8802,-44902.386987892096,2294.657714608489,-49979.03704393352,-25799.25516834917
OpenBCISession_P4,P4,12,8802,-54425.840076144465,1020.4380016786748,-55670.39467935499,-24500.887036429292
OpenBCISession_P4,P4,13,8802,-45765.16339952748,784.5940329170737,-46967.94414138128,-20790.564512081684
OpenBCISession_P4,P4,14,8802,-52687.15731201814,1681.5006150988556,-55498.75563368269,-27813.616730405898
OpenBCISession_P4,P4,15,8802,-34394.07553052836,842.7795145498234,-35564.75467261728,-17396.29565433212
OpenBCISession_P5_test,P5,0,6295,60768.558392230814,40252.823082629744,-61004.9514180364,187500.0
OpenBCISession_P5_test,P5,1,6295,68174.23077604479,59303.306486485155,-187500.02235174447,187500.0
OpenBCISession_P5_test,P5,2,6295,29340.710657466207,83226.60422639121,-187500.02235174447,187500.0
OpenBCISession_P5_test,P5,3,6295,131139.3502384862,108341.26765595977,-187500.02235174447,187500.0
OpenBCISession_P5_test,P5,4,6295,33035.47629665862,71109.92938731115,-187500.02235174447,187500.0
OpenBCISession_P5_test,P5,5,6295,103942.39070478638,84032.21683736025,-145686.16696431243,187500.0
OpenBCISession_P5_test,P5,6,6295,28144.163438543,57485.856660050325,-187500.02235174447,187500.0
OpenBCISession_P5_test,P5,7,6295,6259.073250077184,72358.77455748405,-187500.02235174447,82549.84260199578
OpenBCISession_P5_test,P5,8,6295,36100.80594325429,65460.606163372264,-134503.36569587776,187500.0
OpenBCISession_P5_test,P5,9,6295,131914.8043544393,88847.2808476818,-129095.04820049384,187500.0
OpenBCISession_P5_test,P5,10,6295,24898.403430580565,49375.284625241446,-187500.02235174447,82603.50914043297
OpenBCISession_P5_test,P5,11,6295,-141132.32145057543,94955.71342992832,-187500.02235174447,187500.0
OpenBCISession_P5_test,P5,12,6295,-22492.540877390817,134012.95923439763,-187500.02235174447,187500.0
OpenBCISession_P5_test,P5,13,6295,112451.78782336786,101749.92220423812,-187500.02235174447,187500.0
OpenBCISession_P5_test,P5,14,6295,-59502.90116662066,132136.91878100525,-187500.02235174447,187500.0
OpenBCISession_P5_test,P5,15,6295,-142223.79835256634,94114.34680061726,-187500.02235174447,187500.0
OpenBCISession_P5,P5,0,9453,56733.0785553341,430.53950601668396,28434.704653585515,57353.413981606245
OpenBCISession_P5,P5,1,9453,57442.93098969053,1497.1352950800133,29851.179403207232,59941.321306386155
OpenBCISession_P5,P5,2,9453,-785.3170333508613,1437.0341645724532,-2685.830317238607,3296.435272268686
OpenBCISession_P5,P5,3,9453,103447.59008218789,2893.7995895983177,55133.304611838415,121285.125170365
OpenBCISession_P5,P5,4,9453,75535.66619211435,965.4438850299265,36980.42475943861,77098.0956671352
OpenBCISession_P5,P5,5,9453,61899.06706544255,1822.793099906178,29280.092332374137,64953.118855132925
OpenBCISession_P5,P5,6,9453,43340.95383855066,2416.6648571212304,19437.300495779575,47252.3030343417
OpenBCISession_P5,P5,7,9453,36455.6117085467,1902.4829731963514,16431.54966015216,39415.62496609986
OpenBCISession_P5,P5,8,9453,30623.041615649792,897.376778884105,14437.259964616296,33051.122194662355
OpenBCISession_P5,P5,9,9453,46132.20283755411,477.2547744134139,18767.306955731747,47625.84538767879
OpenBCISession_P5,P5,10,9453,-139178.95091022216,53576.15299756388,-187500.02235174447,16956.614489151776
OpenBCISession_P5,P5,11,9453,77503.0369863995,1127.520251551907,46091.509889544235,80294.46217947749
OpenBCISession_P5,P5,12,9453,73273.82857927181,1763.8831098937162,34026.30645350295,76337.15287889873
OpenBCISession_P5,P5,13,9453,64217.44654295441,1286.9743636601218,29233.287779484726,66544.54070860634
OpenBCISession_P5,P5,14,9453,57419.719699715824,1913.682668192769,35199.080133328454,61836.771587940646
OpenBCISession_P5,P5,15,9453,94640.04943995064,3016.068299281674,38624.66378505991,104984.42262225422
OpenBCISession_P6_test,P6,0,5760,-29985.69280669888,118983.05961897077,-187500.02235174447,183298.87787090277
OpenBCISession_P6_test,P6,1,5760,-23179.764669553184,116257.42920130644,-187500.02235174447,187500.0
OpenBCISession_P6_test,P6,2,5760,38051.263017637386,89315.26895900708,-110657.69769641134,187500.0
OpenBCISession_P6_test,P6,3,5760,-50575.744689313826,81627.25260549203,-187500.02235174447,140504.69732340545
OpenBCISession_P6_test,P6,4,5760,11697.960553230536,148285.78692833538,-187500.02235174447,187500.0
OpenBCISession_P6_test,P6,5,5760,76327.56813267451,54414.89672162326,-120159.26780215118,187500.0
OpenBCISession_P6_test,P6,6,5760,51385.90677165961,70530.93000088965,-187500.02235174447,187500.0
OpenBCISession_P6_test,P6,7,5760,25887.749248151787,82701.19078777793,-187500.02235174447,187500.0
OpenBCISession_P6_test,P6,8,5760,-85248.6085101542,91969.1176740745,-187500.02235174447,187500.0
OpenBCISession_P6_test,P6,9,5760,-52529.49328358152,119395.36472696005,-187500.02235174447,187500.0
OpenBCISession_P6_test,P6,10,5760,-105766.97499553906,93181.52889251329,-187500.02235174447,187500.0
OpenBCISession_P6_test,P6,11,5760,-105389.04913139087,96390.60044115265,-187500.02235174447,35315.95740508525
OpenBCISession_P6_test,P6,12,5760,73638.6638529744,65503.936804011486,-187500.02235174447,187500.0
OpenBCISession_P6_test,P6,13,5760,58870.60422491058,56704.37595597891,-182998.67159112354,187500.0
OpenBCISession_P6_test,P6,14,5760,-126175.03713543584,98630.8380147476,-187500.02235174447,187500.0
OpenBCISession_P6_test,P6,15,5760,-104023.21724528958,135668.81365489736,-187500.02235174447,187500.0
OpenBCISession_P6,P6,0,11831,65677.56940624386,3238.527748367421,37064.064987190366,75369.29999223948
OpenBCISession_P6,P6,1,11831,74312.5983111419,1468.0931158255635,35802.979565021946,76265.15791000819
OpenBCISession_P6,P6,2,11831,12026.059024915003,4057.1577204278833,3472.991701721156,21074.856349808735
OpenBCISession_P6,P6,3,11831,-918.2380898039991,2117.4800369039267,-4601.151299613869,6492.555915421953
OpenBCISession_P6,P6,4,11831,-158257.8947718883,56620.96713688082,-187500.02235174447,24817.074813494066
OpenBCISession_P6,P6,5,11831,76126.87154003006,8320.099310733007,31084.571013995534,89927.95228099255
OpenBCISession_P6,P6,6,11831,17255.83167542777,2556.127552056585,6261.014194609427,21275.127980128287
OpenBCISession_P6,P6,7,11831,32491.835516757295,3844.2154224335122,12426.586440394693,38979.60948701018
OpenBCISession_P6,P6,8,11831,2039.5108830409192,679.1905765914026,-249.9595582436989,11863.233073143134
OpenBCISession_P6,P6,9,11831,36452.43732319012,599.5018455007286,22833.268086107742,38720.30689958417
OpenBCISession_P6,P6,10,11831,6220.711887172408,5631.544749082352,-9932.914070238361,16190.039061312566
OpenBCISession_P6,P6,11,11831,44995.90378337747,3920.319007841569,17644.467073019394,63491.314767755845
OpenBCISession_P6,P6,12,11831,94629.64939753113,11890.208406061483,-13847.039800529457,108041.04602826192
OpenBCISession_P6,P6,13,11831,56634.075280686615,1382.5770625413434,27780.06676197848,61908.565391131095
OpenBCISession_P6,P6,14,11831,46376.27751469167,7258.643744158305,17588.587711881126,59804.2157058973
OpenBCISession_P6,P6,15,11831,55798.955403098444,6933.371745178927,12347.193044089443,68133.2803527451
OpenBCISession_2025-08-18_13-04-51,,0,12744,-62301.486638508184,99255.13026443166,-187500.02235174447,104250.4583895753
OpenBCISession_2025-08-18_13-04-51,,1,12744,-66423.75905152752,149291.24356949236,-187500.02235174447,187500.0
OpenBCISession_2025-08-18_13-04-51,,2,12744,-95855.53654813203,133162.32969922162,-187500.02235174447,187500.0
OpenBCISession_2025-08-18_13-04-51,,3,12744,-50515.418050413966,73945.24306093031,-187500.02235174447,187500.0
OpenBCISession_2025-08-18_13-04-51,,4,12744,-28467.68404041678,182974.66456890653,-187500.02235174447,187500.0
OpenBCISession_2025-08-18_13-04-51,,5,12744,-27671.71964482798,57669.72835411035,-187500.02235174447,187500.0
OpenBCISession_2025-08-18_13-04-51,,6,12744,-19764.736358535214,86238.27087848626,-187500.02235174447,187500.0
OpenBCISession_2025-08-18_13-04-51,,7,12744,-53346.445708294,41855.29856212516,-187500.02235174447,187500.0
OpenBCISession_2025-08-18_13-04-51,,8,12744,-6552.253282142293,136524.03517218007,-187500.02235174447,187500.0
OpenBCISession_2025-08-18_13-04-51,,9,12744,-1998.4499525584843,94263.34176116236,-187500.02235174447,187500.0
OpenBCISession_2025-08-18_13-04-51,,10,12744,-16663.33842877675,143000.39489639545,-187500.02235174447,187500.0
OpenBCISession_2025-08-18_13-04-51,,11,12744,99384.9942548347,101164.01019863866,-48383.65893169152,187500.0
OpenBCISession_2025-08-18_13-04-51,,12,12744,-55579.77603668854,69039.34173960927,-187500.02235174447,187500.0
OpenBCISession_2025-08-18_13-04-51,,13,12744,-28738.652156565433,89478.81931480658,-187500.02235174447,187500.0
OpenBCISession_2025-08-18_13-04-51,,14,12744,163086.72453366013,91398.8733090417,-187500.02235174447,187500.0
OpenBCISession_2025-08-18_13-04-51,,15,12744,96875.09560386934,108456.26889667226,-187500.02235174447,187500.0
OpenBCISession_2025-08-18_13-34-02,,0,84,38279.985250488295,86.83726051420679,38031.247321515955,38512.636841849904
OpenBCISession_2025-08-18_13-34-02,,1,84,34604.34145766311,313.17297307755763,33969.39891211974,35300.668811877826
OpenBCISession_2025-08-18_13-34-02,,2,84,-12487.149556365132,265.58073812256833,-12976.037022595052,-11929.729512897673
OpenBCISession_2025-08-18_13-34-02,,3,84,-26735.92870195424,95.60722297129095,-26956.203813100317,-26490.72873481855
OpenBCISession_2025-08-18_13-34-02,,4,84,-171303.3224705843,39393.92227750706,-187500.02235174447,-28895.284699831573
OpenBCISession_2025-08-18_13-34-02,,5,84,-7667.700476712897,79.40678015722882,-7890.970455523784,-7410.430301479138
OpenBCISession_2025-08-18_13-34-02,,6,84,-30713.06426595705,68.55154245045848,-30957.255477578103,-30484.158454437074
OpenBCISession_2025-08-18_13-34-02,,7,84,-10853.725049769464,199.58458428409122,-11360.765857787832,-10495.596885156261
OpenBCISession_2025-08-18_13-34-02,,8,84,-5150.049474415548,302.2407339670029,-5394.235896377075,-2580.4641938762898
OpenBCISession_2025-08-18_13-34-02,,9,84,-5027.781174769883,305.9454884173617,-5400.315570868918,-2392.4189677737913
OpenBCISession_2025-08-18_13-34-02,,10,84,7822.967933940472,620.5952733424839,3605.157566685387,8673.080345759434
OpenBCISession_2025-08-18_13-34-02,,11,84,1314.8025181228372,116.02012241378952,605.2181846163494,1549.601739597528
OpenBCISession_2025-08-18_13-34-02,,12,84,-11719.793946207548,644.1669542699266,-11994.840144495982,-5921.200623655394
OpenBCISession_2025-08-18_13-34-02,,13,84,-44880.66081131572,2465.429581705294,-45434.68152698059,-22564.577766010498
OpenBCISession_2025-08-18_13-34-02,,14,84,-185884.13065993637,10443.667236447744,-187500.02235174447,-93750.01117587223
OpenBCISession_2025-08-18_13-34-02,,15,84,-37740.470284790514,2066.9201113342197,-38156.819421865875,-19039.48414796402
OpenBCISession_P7,P7,0,10334,40857.18044076391,1017.2820950379597,19471.69983049629,42309.30415502837
OpenBCISession_P7,P7,1,10334,38923.597131478346,1913.4417101155793,19641.997771501276,41381.84087059985
OpenBCISession_P7,P7,2,10334,-5932.104580660867,2644.1902259443004,-14651.099103820217,-730.2985465882476
OpenBCISession_P7,P7,3,10334,-12023.313537311273,4043.3569605525877,-22476.757762045596,-6326.080122718826
OpenBCISession_P7,P7,4,10334,-184593.65502874643,7172.827880662539,-187500.02235174447,-93750.01117587223
OpenBCISession_P7,P7,5,10334,-1255.7349630655033,2353.5957215377434,-6296.061729915349,2939.3214511062447
OpenBCISession_P7,P7,6,10334,-24354.75210118445,2240.03068259249,-30198.234939364786,-14657.603461456712
OpenBCISession_P7,P7,7,10334,-3110.9441406829783,2793.7318707786535,-9597.213220264104,4119.694724046555
OpenBCISession_P7,P7,8,10334,6859.042700752513,3126.8215807724187,-2518.9968966241954,11869.066878445969
OpenBCISession_P7,P7,9,10334,-1176.596591642537,796.291214739974,-4847.154599088979,-77.24762883754121
OpenBCISession_P7,P7,10,10334,14774.334527628276,5828.697147691348,-63922.54697353208,40202.71929534904
OpenBCISession_P7,P7,11,10334,11128.65348616797,3442.5126486581435,646.904188025497,38036.6787954186
OpenBCISession_P7,P7,12,10334,-4920.049927565405,2685.589956316159,-9298.638617830113,121.59348983687042
OpenBCISession_P7,P7,13,10334,-34379.38034934188,3637.4117951013754,-40518.59414799144,-22610.488249121696
OpenBCISession_P7,P7,14,10334,-187490.95035530825,922.2254427845496,-187500.02235174447,-93750.01117587223
OpenBCISession_P7,P7,15,10334,-26598.712064905114,3253.6881394520155,-34322.66823323587,-19016.081871519313
OpenBCISession_P8_test,P8,0,751,87530.44619308892,164104.7483228014,-187500.02235174447,187500.0
OpenBCISession_P8_test,P8,1,751,-166424.76480151617,46612.092456012906,-187500.02235174447,27821.752765387628
OpenBCISession_P8_test,P8,2,751,-187500.02235174447,0.0,-187500.02235174447,-187500.02235174447
OpenBCISession_P8_test,P8,3,751,-55715.7705956457,127155.53916702578,-187500.02235174447,187500.0
OpenBCISession_P8_test,P8,4,751,-187500.02235174447,0.0,-187500.02235174447,-187500.02235174447
OpenBCISession_P8_test,P8,5,751,-187422.97788270388,2111.3558457772474,-187500.02235174447,-129639.62610240295
OpenBCISession_P8_test,P8,6,751,-18628.74179525878,34279.75950508724,-116684.91264401826,91481.82320378104
OpenBCISession_P8_test,P8,7,751,-187240.08629623725,2375.4348522521427,-187500.02235174447,-154842.6484874068
OpenBCISession_P8_test,P8,8,751,-185379.6992646637,12609.934782708622,-187500.02235174447,-86168.76884326564
OpenBCISession_P8_test,P8,9,751,-181912.43160362018,27643.733781237148,-187500.02235174447,18096.508752883525
OpenBCISession_P8_test,P8,10,751,187375.1664298589,3420.9864945422473,93749.98882412778,187500.0
OpenBCISession_P8_test,P8,11,751,-187375.18878160336,3420.9864945422473,-187500.02235174447,-93750.01117587223
OpenBCISession_P8_test,P8,12,751,-187375.18878160336,3420.9864945422473,-187500.02235174447,-93750.01117587223
OpenBCISession_P8_test,P8,13,751,-151313.7170659085,77916.15079767568,-187500.02235174447,108226.05141711849
OpenBCISession_P8_test,P8,14,751,-187375.18878160336,3420.9864945422473,-187500.02235174447,-93750.01117587223
OpenBCISession_P8_test,P8,15,751,-187375.18878160336,3420.9864945422473,-187500.02235174447,-93750.01117587223
OpenBCISession_testp8,,0,37,15007.194410356939,1247.458725964751,7665.7095749032,15371.026440981203
OpenBCISession_testp8,,1,37,43078.46936471838,3578.815419403627,21914.790202950266,43847.77472588715
OpenBCISession_testp8,,2,37,18482.934168443695,1538.092564090156,9383.396432804637,18797.995900868882
OpenBCISession_testp8,,3,37,24431.93492529068,2029.0966611650874,12431.146196263577,24873.602375221537
OpenBCISession_testp8,,4,37,21645.588209135356,1816.8853164252812,10913.999189615153,22249.954611057594
OpenBCISession_testp8,,5,37,47948.17747806397,3997.0696995149165,24310.71839460354,48981.32222668198
OpenBCISession_testp8,,6,37,26673.94960872591,2223.5711772808127,13534.718875255452,27194.406353760525
OpenBCISession_testp8,,7,37,6837.475953832223,583.8090981777935,3528.960469837245,7118.740036337381
OpenBCISession_testp8,,8,37,26584.653785525756,1458.647742763968,26224.675920567028,35208.40081076632
OpenBCISession_testp8,,9,37,39772.60165628957,1499.1150086600037,30913.110782278873,40141.69903298605
OpenBCISession_testp8,,10,37,40282.49206720883,1532.126945445771,31302.90285383497,40812.45253234536
OpenBCISession_testp8,,11,37,9669.104283747989,1351.5502840921242,1675.3973573919961,9949.879044279938
OpenBCISession_testp8,,12,37,54965.10531840744,4298.526234417434,29525.31332079331,55719.81438634567
OpenBCISession_testp8,,13,37,32156.44348243897,345.6097469976755,32029.692176543736,34190.72588571619
OpenBCISession_testp8,,14,37,-48124.96467417541,8158.347146255007,-51905.98093342554,-895.9026212576177
OpenBCISession_testp8,,15,37,36454.81805166124,2227.688743150509,27173.976859328373,39717.395867990956
OpenBCISession_P8,P8,0,11948,21201.062880142566,2627.1680745378485,7930.600098443044,33498.87233959107
OpenBCISession_P8,P8,1,11948,60079.84769248062,7564.450300401937,21847.444396906423,67926.37025432232
OpenBCISession_P8,P8,2,11948,26767.216193825527,4616.198707293798,9556.980080244552,37843.827944258206
OpenBCISession_P8,P8,3,11948,26061.664315260725,3114.1496417221097,11126.385465429481,46682.06532979791
OpenBCISession_P8,P8,4,11948,30399.508690354476,2826.605492952388,12300.701415622403,37137.043432836945
OpenBCISession_P8,P8,5,11948,-6760.171655013381,26114.508006633638,-47260.14849664551,44835.2300924337
OpenBCISession_P8,P8,6,11948,42154.2249028424,5470.114254912789,9991.83326862255,51277.047547942115
OpenBCISession_P8,P8,7,11948,19460.178334972657,8749.918824073586,3466.8896754848574,38032.96840583902
OpenBCISession_P8,P8,8,11948,30456.06186267629,2066.1075490803287,13116.316570796558,41279.60399146128
OpenBCISession_P8,P8,9,11948,46897.34044137199,2747.055619469418,19989.81326697031,67510.7395661759
OpenBCISession_P8,P8,10,11948,32658.73390475639,8177.321586492901,18677.56470174369,81762.97179019115
OpenBCISession_P8,P8,11,11948,18268.158772386807,3406.38612035791,4936.919204821492,23522.41707115377
OpenBCISession_P8,P8,12,11948,57516.36674240983,2062.759169178959,27861.158890862334,62501.98185467504
OpenBCISession_P8,P8,13,11948,42198.790386380264,3738.861450344339,16029.955867523655,59860.720915880316
OpenBCISession_P8,P8,14,11948,-122824.60565731705,58521.63888633605,-187500.02235174447,-25939.08768166157
OpenBCISession_P8,P8,15,11948,55313.13239905817,11089.3804975915,19879.060373194265,72017.87942861074
OpenBCISession_test_P9,P9,0,14992,-1399.735190954971,47182.78313913782,-187500.02235174447,187500.0
OpenBCISession_test_P9,P9,1,14992,32197.787714827813,38117.98134478278,-187500.02235174447,78089.82021687273
OpenBCISession_test_P9,P9,2,14992,-15485.618454104071,48396.7298956939,-170114.23201730635,187500.0
OpenBCISession_test_P9,P9,3,14992,-30213.39408865825,30729.45370278602,-104153.51887387263,187500.0
OpenBCISession_test_P9,P9,4,14992,90994.9213395254,155267.10035201913,-187500.02235174447,187500.0
OpenBCISession_test_P9,P9,5,14992,-28334.700193687684,97417.91619177705,-187500.02235174447,187500.0
OpenBCISession_test_P9,P9,6,14992,-10007.542439004275,89422.81482155014,-187500.02235174447,85815.72303959407
OpenBCISession_test_P9,P9,7,14992,-7417.958241389501,75925.32735378202,-187500.02235174447,95873.06927121512
OpenBCISession_test_P9,P9,8,14992,3548.2505262482287,71558.9971667616,-187500.02235174447,187500.0
OpenBCISession_test_P9,P9,9,14992,21756.34387636933,67610.67651996993,-187500.02235174447,187500.0
OpenBCISession_test_P9,P9,10,14992,7140.948127001834,56797.036203618925,-187500.02235174447,187500.0
OpenBCISession_test_P9,P9,11,14992,-44891.755228448324,83808.40986314876,-187500.02235174447,187500.0
OpenBCISession_test_P9,P9,12,14992,63443.673721106585,153901.87363162698,-187500.02235174447,187500.0
OpenBCISession_test_P9,P9,13,14992,1737.9969825079606,163983.9445918841,-187500.02235174447,187500.0
OpenBCISession_test_P9,P9,14,14992,-54359.40143324158,142933.60256762273,-187500.02235174447,187500.0
OpenBCISession_test_P9,P9,15,14992,-107577.79241847643,86063.50953542546,-187500.02235174447,56024.98275339398
OpenBCISession_P9,P9,0,9866,13195.179832477605,5854.65293416713,5630.650297480857,22042.731588212442
OpenBCISession_P9,P9,1,9866,48277.74910543037,2197.764861784848,24187.493227421433,59322.53561288543
OpenBCISession_P9,P9,2,9866,-3701.874156247505,19580.12852112116,-187500.02235174447,84301.07942832464
OpenBCISession_P9,P9,3,9866,-32177.00988263758,1209.6284367177109,-34055.25196257257,-16972.014841081484
OpenBCISession_P9,P9,4,9866,-187484.19602078557,968.3660593300307,-187500.02235174447,-93750.01117587223
OpenBCISession_P9,P9,5,9866,-9684.19942214855,265.6053291157407,-10056.720382776306,-4609.5108520401545
OpenBCISession_P9,P9,6,9866,16610.050446694713,4112.544375235062,11033.961002106787,30702.333832065327
OpenBCISession_P9,P9,7,9866,24660.527051265548,1090.9687678541336,11883.573160597463,32124.329462567504
OpenBCISession_P9,P9,8,9866,9944.55735582068,2007.2825721082722,6721.99657225568,13862.708373392627
OpenBCISession_P9,P9,9,9866,-5232.40995071149,1226.0314110721201,-7465.929682961665,-181.51851672154865
OpenBCISession_P9,P9,10,9866,-3484.971457405985,4078.5836914135866,-13814.49566060253,3644.854264838012
OpenBCISession_P9,P9,11,9866,-18853.94142688618,2199.3863838331,-28317.17918123951,-8320.146300810135
OpenBCISession_P9,P9,12,9866,69694.4919862404,10529.777354307666,-17074.452885920153,100135.03284871971
OpenBCISession_P9,P9,13,9866,-187469.88308598136,1746.5630641971782,-187500.02235174447,-16438.50105267776
OpenBCISession_P9,P9,14,9866,-24192.594373080323,3069.38276487021,-30473.228451398427,-4629.58271856102
OpenBCISession_P9,P9,15,9866,-25970.776195632563,1239.4910161862008,-27223.642435508067,-8425.221851494534
OpenBCISession_P10_test,P10,0,12151,1375.0310706881753,128417.68840686206,-187500.02235174447,187500.0
OpenBCISession_P10_test,P10,1,12151,49646.04636918765,166553.20371483747,-187500.02235174447,187500.0
OpenBCISession_P10_test,P10,2,12151,-11504.935768408484,35124.50271702148,-187500.02235174447,123154.78153881808
OpenBCISession_P10_test,P10,3,12151,134902.5604828194,111208.01178592452,-187500.02235174447,187500.0
OpenBCISession_P10_test,P10,4,12151,-26295.7448933462,113380.76044019822,-187500.02235174447,187500.0
OpenBCISession_P10_test,P10,5,12151,-45756.320754899905,120607.70924029408,-187500.02235174447,187500.0
OpenBCISession_P10_test,P10,6,12151,-182052.86158426906,22573.39443298929,-187500.02235174447,13835.372189923786
OpenBCISession_P10_test,P10,7,12151,-101702.17358885585,87935.39357064164,-187500.02235174447,187500.0
OpenBCISession_P10_test,P10,8,12151,-13616.59991715465,120664.7638724966,-187500.02235174447,187500.0
OpenBCISession_P10_test,P10,9,12151,-16489.2796081369,118383.80789573792,-187500.02235174447,187500.0
OpenBCISession_P10_test,P10,10,12151,49863.23441631094,119225.82017475262,-187500.02235174447,187500.0
OpenBCISession_P10_test,P10,11,12151,-65674.60533821883,102726.12713687368,-187500.02235174447,187500.0
OpenBCISession_P10_test,P10,12,12151,16930.44645887601,164236.71764427327,-187500.02235174447,187500.0
OpenBCISession_P10_test,P10,13,12151,146740.71639971386,64145.411628948066,-14437.483482060848,187500.0
OpenBCISession_P10_test,P10,14,12151,34790.50816323853,182068.57162031077,-187500.02235174447,187500.0
OpenBCISession_P10_test,P10,15,12151,-76802.78987534353,104990.76279634502,-187500.02235174447,187500.0
OpenBCISession_P10,P10,0,9307,-10655.305361207598,3145.702826968095,-17216.27470448908,-3355.2650636750536
OpenBCISession_P10,P10,1,9307,-185622.7030862516,16307.27842496895,-187500.02235174447,-3495.9022397878457
OpenBCISession_P10,P10,2,9307,-1893.8836805195097,2132.2401496875304,-5470.142420547298,3675.9902448642547
OpenBCISession_P10,P10,3,9307,-474.88975216598857,1203.542229583073,-3900.58057315118,4917.093207489635
OpenBCISession_P10,P10,4,9307,33395.05595799163,2898.886784610517,16357.90066217192,40548.36667160591
OpenBCISession_P10,P10,5,9307,33173.12688022614,10471.616693469863,13902.56153375644,57708.02440738969
OpenBCISession_P10,P10,6,9307,-187489.94928725838,971.7766760860386,-187500.02235174447,-93750.01117587223
OpenBCISession_P10,P10,7,9307,5480.223112533542,44782.16610086778,-176531.59666438063,38961.48222225693
OpenBCISession_P10,P10,8,9307,33868.63167398817,1486.3646673394373,22849.383693860018,40907.06746662468
OpenBCISession_P10,P10,9,9307,53799.67508162311,2245.231489451076,18168.190797351694,62228.41885428654
OpenBCISession_P10,P10,10,9307,3129.8493107062723,1245.813436230865,739.865093215119,5582.079956779476
OpenBCISession_P10,P10,11,9307,25766.190746960187,10191.57346600074,6244.675069412598,48493.8977353451
OpenBCISession_P10,P10,12,9307,81944.18771659976,1062.837702721846,37484.9483352838,83566.3775880787
OpenBCISession_P10,P10,13,9307,75592.63393009936,2556.9329902502664,31186.360858245,80491.87278650675
OpenBCISession_P10,P10,14,9307,-187489.94928725838,971.7766760860386,-187500.02235174447,-93750.01117587223
OpenBCISession_P10,P10,15,9307,-102957.3392383422,60380.15305984319,-187500.02235174447,-10261.46236198692
OpenBCISession_P11_test,P11,0,11909,-110732.08832410912,82509.73759567128,-187500.02235174447,87165.03079712759
OpenBCISession_P11_test,P11,1,11909,-87764.16361280314,114589.27839156457,-187500.02235174447,187500.0
OpenBCISession_P11_test,P11,2,11909,-75844.24006864413,89299.38858999826,-187500.02235174447,145651.41000168445
OpenBCISession_P11_test,P11,3,11909,100914.65311235623,115112.881640726,-187500.02235174447,187500.0
OpenBCISession_P11_test,P11,4,11909,3733.7854971617967,111796.93396412126,-187500.02235174447,187500.0
OpenBCISession_P11_test,P11,5,11909,-77213.20182825309,125545.64923824096,-187500.02235174447,187500.0
OpenBCISession_P11_test,P11,6,11909,-22854.312954526704,112721.6550047173,-187500.02235174447,187500.0
OpenBCISession_P11_test,P11,7,11909,20207.13742207657,148963.27097907767,-187500.02235174447,187500.0
OpenBCISession_P11_test,P11,8,11909,-35169.406804612256,88578.53931690581,-187500.02235174447,187500.0
OpenBCISession_P11_test,P11,9,11909,12946.978778826384,136419.6295562899,-187500.02235174447,187500.0
OpenBCISession_P11_test,P11,10,11909,55566.98031242043,90770.41018502045,-187500.02235174447,187500.0
OpenBCISession_P11_test,P11,11,11909,41267.062769051714,97053.18677452375,-187500.02235174447,187500.0
OpenBCISession_P11_test,P11,12,11909,23805.30358118984,185430.01735871352,-187500.02235174447,187500.0
OpenBCISession_P11_test,P11,13,11909,130719.8654164161,133826.61684469215,-187500.02235174447,187500.0
OpenBCISession_P11_test,P11,14,11909,-151922.97890999547,76263.08092964442,-187500.02235174447,157808.68027313714
OpenBCISession_P11_test,P11,15,11909,-131178.1554101702,84050.43375885967,-187500.02235174447,187500.0
OpenBCISession_P11,P11,0,9248,14396.826381557927,7546.940029146443,-8376.718566026517,21285.0745064109
OpenBCISession_P11,P11,1,9248,-187488.62168110107,978.879204038498,-187500.02235174447,-93750.01117587223
OpenBCISession_P11,P11,2,9248,-12121.08126243067,741.3908931471387,-13368.488951741332,-5867.645843940479
OpenBCISession_P11,P11,3,9248,22982.535334078126,6760.9926092231335,5733.870653375466,40589.6279918704
OpenBCISession_P11,P11,4,9248,58043.63224433043,4159.286805162566,23032.824460604723,84675.24763050648
OpenBCISession_P11,P11,5,9248,41141.15557753728,2128.2798119022923,19210.162068624744,47182.587943385595
OpenBCISession_P11,P11,6,9248,43920.050196119206,9008.987731858835,28900.872635945398,79966.09270168457
OpenBCISession_P11,P11,7,9248,58527.45813139636,4859.712579136854,21663.84716795053,66205.06241381913
OpenBCISession_P11,P11,8,9248,4508.942706577485,2260.230282061998,360.6677485308348,9273.001166939875
OpenBCISession_P11,P11,9,9248,3185.831947626922,842.629510915517,1972.6308551586694,7027.321401515174
OpenBCISession_P11,P11,10,9248,1082.215865111482,1766.141559926564,-492.3418751170487,5793.326293626582
OpenBCISession_P11,P11,11,9248,8950.431626046338,2718.81662862309,5755.954176897309,19318.724491444173
OpenBCISession_P11,P11,12,9248,187489.8626718023,974.8715976290295,93749.98882412778,187500.0
OpenBCISession_P11,P11,13,9248,187489.8626718023,974.8715976290295,93749.98882412778,187500.0
OpenBCISession_P11,P11,14,9248,69181.0617410156,6024.610925447026,21320.010282994543,78979.30788747167
OpenBCISession_P11,P11,15,9248,-4207.80379977745,3937.2169712687714,-10667.191227339654,2649.709898198831
OpenBCISession_P12_test,P12,0,6586,98371.71251525827,103950.92951899632,-187500.02235174447,187500.0
OpenBCISession_P12_test,P12,1,6586,136404.45219073535,70491.54849222745,18407.68973919031,187500.0
OpenBCISession_P12_test,P12,2,6586,88530.90537510316,106299.01441491656,-41624.37964968439,187500.0
OpenBCISession_P12_test,P12,3,6586,90828.73558518493,123694.5960586584,-187500.02235174447,187500.0
OpenBCISession_P12_test,P12,4,6586,-9824.361017775256,75475.3050516531,-187500.02235174447,51219.491805969694
OpenBCISession_P12_test,P12,5,6586,4155.400848446063,71238.84516027378,-187500.02235174447,187500.0
OpenBCISession_P12_test,P12,6,6586,1593.52738033467,34502.148383628686,-187500.02235174447,70179.20257797273
OpenBCISession_P12_test,P12,7,6586,72733.14942719597,79503.36344914368,-4019.8941850536094,187500.0
OpenBCISession_P12_test,P12,8,6586,139237.86755721268,68086.82009486729,11473.84333298723,187500.0
OpenBCISession_P12_test,P12,9,6586,92552.71503270755,92293.94567842109,-16860.881967649697,187500.0
OpenBCISession_P12_test,P12,10,6586,147261.07540939213,73887.00408685551,1049.079126009837,187500.0
OpenBCISession_P12_test,P12,11,6586,111079.9585276029,88669.44702643077,-54754.77781948779,187500.0
OpenBCISession_P12_test,P12,12,6586,-41711.36116457551,181252.46082281007,-187500.02235174447,187500.0
OpenBCISession_P12_test,P12,13,6586,185845.10177497548,15754.409685990247,15979.239759354563,187500.0
OpenBCISession_P12_test,P12,14,6586,40829.288859981796,80448.07814358964,-78846.51617366269,187500.0
OpenBCISession_P12_test,P12,15,6586,-45855.72983203414,154283.60432252745,-187500.02235174447,187500.0
OpenBCISession_P12,P12,0,9008,35677.79560291294,5297.076828306596,19800.985729811877,49403.412568976
OpenBCISession_P12,P12,1,9008,18409.53840066039,4097.22943243368,7993.721424784831,28600.822818377357
OpenBCISession_P12,P12,2,9008,-34360.91644008753,4464.010862551563,-58917.70081731091,-13671.176275155101
OpenBCISession_P12,P12,3,9008,-12714.146853512757,4099.885705798,-41838.442306332865,-4425.310125983969
OpenBCISession_P12,P12,4,9008,55909.63071525078,14970.195892706924,-69924.83972607132,123573.49676769934
OpenBCISession_P12,P12,5,9008,9376.711898966962,1528.1017549442404,6259.76249691993,14692.785107229365
OpenBCISession_P12,P12,6,9008,-21210.238027342646,10291.153140647977,-102272.86544714755,106976.07481194435
OpenBCISession_P12,P12,7,9008,7656.629853637699,8857.480491766282,-19319.037415866544,74459.40517895285
OpenBCISession_P12,P12,8,9008,38643.06477679897,8635.912405628907,15932.34579948733,61951.61485095201
OpenBCISession_P12,P12,9,9008,-21291.540919678446,1126.0655064955567,-27146.75243458181,-6242.439894967067
OpenBCISession_P12,P12,10,9008,4491.687030554526,1964.6088778000692,1965.4112416996054,30702.26677683196
OpenBCISession_P12,P12,11,9008,-390.4760701711991,1941.047901025976,-4417.308201468969,6441.929214230682
OpenBCISession_P12,P12,12,9008,-184814.64124799627,7454.994687697373,-187500.02235174447,-93750.01117587223
OpenBCISession_P12,P12,13,9008,-24544.145634436503,21453.55710595146,-84131.29557744213,24433.273009451987
OpenBCISession_P12,P12,14,9008,1520.9129679053153,21607.075277143136,-170797.34603134944,31712.923254123125
OpenBCISession_P12,P12,15,9008,-75166.94138440359,73031.00148254384,-187500.02235174447,93992.66171367904
OpenBCISession_test_p13,P13,0,8980,-111553.5881262608,66773.32948340915,-187500.02235174447,145395.32606546
OpenBCISession_test_p13,P13,1,8980,-71547.13981259504,121286.26597937832,-187500.02235174447,187500.0
OpenBCISession_test_p13,P13,2,8980,-130422.33584824674,60001.214059199374,-187500.02235174447,-56037.25386109995
OpenBCISession_test_p13,P13,3,8980,-90038.32580742097,52475.99391600046,-187500.02235174447,146430.4577029297
OpenBCISession_test_p13,P13,4,8980,-30650.42048182647,34977.71116772911,-187500.02235174447,12968.6609469248
OpenBCISession_test_p13,P13,5,8980,-30190.840250515786,65805.44687628983,-187500.02235174447,187500.0
OpenBCISession_test_p13,P13,6,8980,-59944.977207988166,91512.44093389984,-187500.02235174447,180946.98261582645
OpenBCISession_test_p13,P13,7,8980,-46298.93072532792,46063.03737989303,-187500.02235174447,39841.64921541801
OpenBCISession_test_p13,P13,8,8980,-118316.88012883798,53227.386100957,-187500.02235174447,-52926.963916655055
OpenBCISession_test_p13,P13,9,8980,149970.20466416553,106168.32596586845,-187500.02235174447,187500.0
OpenBCISession_test_p13,P13,10,8980,-129692.52368109343,60328.59352962997,-187500.02235174447,24445.052378779936
OpenBCISession_test_p13,P13,11,8980,-58178.62429513388,133608.98355692133,-187500.02235174447,187500.0
OpenBCISession_test_p13,P13,12,8980,-13552.660757427986,154953.4669732621,-187500.02235174447,187500.0
OpenBCISession_test_p13,P13,13,8980,-113266.68592709853,87947.35300435455,-187500.02235174447,187500.0
OpenBCISession_test_p13,P13,14,8980,-182604.06632777242,19457.41188357093,-187500.02235174447,61790.637587384896
OpenBCISession_test_p13,P13,15,8980,-135371.92298637633,67562.74553661938,-187500.02235174447,15438.394598769499
OpenBCISession_P13,P13,0,9940,-39843.395089039775,3830.5292372978333,-46371.46548884696,-14275.63450045997
OpenBCISession_P13,P13,1,9940,-22024.026717504337,3473.5407861202407,-31922.64967234727,-14356.816036321645
OpenBCISession_P13,P13,2,9940,-60230.014931164376,5415.4702553552925,-68668.8057981498,-28196.703278625406
OpenBCISession_P13,P13,3,9940,-53515.89256591551,2168.54297930726,-58020.74766406389,-28937.194220685273
OpenBCISession_P13,P13,4,9940,-558.9243353577378,6780.258140708736,-13272.242340116782,10251.717001404406
OpenBCISession_P13,P13,5,9940,-40813.22958826762,1335.3039854621202,-43790.64366705938,-21655.018228890687
OpenBCISession_P13,P13,6,9940,-7812.067439402011,7533.4194948877985,-22238.21994521856,13976.81402883697
OpenBCISession_P13,P13,7,9940,-21337.7370377674,14438.55254132919,-43148.902732003065,783.9650850254399
OpenBCISession_P13,P13,8,9940,-60118.67204577882,3504.067850541142,-67151.36821882347,-35523.51570409724
OpenBCISession_P13,P13,9,9940,-55267.18991510189,2200.222227918125,-58634.32540110653,-31651.433605126575
OpenBCISession_P13,P13,10,9940,-62834.11246770341,2543.810733133384,-66253.20807137586,-33868.726655093036
OpenBCISession_P13,P13,11,9940,-32673.765183331252,1363.3355405059856,-35849.582952211254,-24762.067170389557
OpenBCISession_P13,P13,12,9940,14196.388459266826,5811.342689774338,-9247.520178260826,26352.93023025158
OpenBCISession_P13,P13,13,9940,-569.932533523323,1765.1189138895309,-5443.677955112214,2561.778135511653
OpenBCISession_P13,P13,14,9940,-66873.34167175954,63094.22882107764,-187500.02235174447,17072.17300798571
OpenBCISession_P13,P13,15,9940,-58460.20276855786,3381.559382076655,-64769.96866106614,-32909.479190049075
OpenBCISession_P14_test,P14,0,12725,104249.35741026966,89947.06641701014,-34451.99542665427,187500.0
OpenBCISession_P14_test,P14,1,12725,-46785.08316044421,124932.09380137443,-187500.02235174447,187500.0
OpenBCISession_P14_test,P14,2,12725,62578.4571705811,88112.64118853447,-187500.02235174447,187500.0
OpenBCISession_P14_test,P14,3,12725,111479.68264908585,96057.64997161215,-16628.24501135886,187500.0
OpenBCISession_P14_test,P14,4,12725,-122904.35550449783,139026.06892263883,-187500.02235174447,187500.0
OpenBCISession_P14_test,P14,5,12725,98934.64280257585,79046.37667729825,-182268.14952709075,187500.0
OpenBCISession_P14_test,P14,6,12725,182904.52588714744,35570.43174843517,-97546.70084079515,187500.0
OpenBCISession_P14_test,P14,7,12725,-65690.9135391939,174095.01049782944,-187500.02235174447,187500.0
OpenBCISession_P14_test,P14,8,12725,145541.99861130572,79767.86598041622,-187500.02235174447,187500.0
OpenBCISession_P14_test,P14,9,12725,52142.602581308885,118688.88809686252,-187500.02235174447,187500.0
OpenBCISession_P14_test,P14,10,12725,33857.466884341084,80217.5359131466,-187500.02235174447,187500.0
OpenBCISession_P14_test,P14,11,12725,103776.82474364544,84686.41971471578,-187500.02235174447,187500.0
OpenBCISession_P14_test,P14,12,12725,-178587.80477772822,32148.688174712675,-187500.02235174447,168840.18258335383
OpenBCISession_P14_test,P14,13,12725,115387.00345796409,69596.9314839536,-83829.05528891746,187500.0
OpenBCISession_P14_test,P14,14,12725,-64224.45176281113,173941.45249734126,-187500.02235174447,187500.0
OpenBCISession_P14_test,P14,15,12725,178877.36844081583,51446.40151325118,-183487.43718712774,187500.0
OpenBCISession_P14,P14,0,9861,14424.03791156452,5566.08745957626,4421.9126608267625,62155.149835962045
OpenBCISession_P14,P14,1,9861,53578.736505477274,10246.541501293694,11451.491588531922,62446.4377697036
OpenBCISession_P14,P14,2,9861,9933.775780874124,682.7102675412738,4904.151547450012,12527.392807888129
OpenBCISession_P14,P14,3,9861,-3040.2656917573927,3612.0747524340895,-20560.475654658756,13952.450627380686
OpenBCISession_P14,P14,4,9861,-187490.5152012352,944.0844594274504,-187500.02235174447,-93750.01117587223
OpenBCISession_P14,P14,5,9861,46559.95624249554,3304.8110972379222,18108.444584422657,49444.76329621831
OpenBCISession_P14,P14,6,9861,187490.49284949072,944.0844594274504,93749.98882412778,187500.0
OpenBCISession_P14,P14,7,9861,-187490.5152012352,944.0844594274504,-187500.02235174447,-93750.01117587223
OpenBCISession_P14,P14,8,9861,52493.19579995639,6235.907385758588,26615.674986323713,104584.72872790441
OpenBCISession_P14,P14,9,9861,19915.379530318576,4139.280779110276,15136.400179433846,30108.403278398906
OpenBCISession_P14,P14,10,9861,-2086.1763524494677,1452.5245617479954,-4730.836120943561,2185.0394827174523
OpenBCISession_P14,P14,11,9861,5635.9971267031,8159.195087518836,-1836.5310831703048,45136.419848968966
OpenBCISession_P14,P14,12,9861,-187484.64717811087,1457.2409381349603,-187500.02235174447,-42856.40780406092
OpenBCISession_P14,P14,13,9861,63307.85648636459,696.2054225973308,32900.58319575586,65103.23317089477
OpenBCISession_P14,P14,14,9861,-187490.5152012352,944.0844594274504,-187500.02235174447,-93750.01117587223
OpenBCISession_P14,P14,15,9861,454.24456316759625,25085.529386170172,-70211.05381382153,29785.733495442095
OpenBCISession_P15_test,P15,0,12895,1190.2849256480108,116957.47206531087,-187500.02235174447,187500.0
OpenBCISession_P15_test,P15,1,12895,-105447.39543877808,104683.4076128857,-187500.02235174447,171705.519760313
OpenBCISession_P15_test,P15,2,12895,-60913.530146765785,63799.00522184284,-187500.02235174447,26340.480308589973
OpenBCISession_P15_test,P15,3,12895,-112499.71815481549,81578.5994846365,-187500.02235174447,187500.0
OpenBCISession_P15_test,P15,4,12895,-181172.86721671902,22666.650875130024,-187500.02235174447,63648.78280744348
OpenBCISession_P15_test,P15,5,12895,-10857.424941428926,85426.60451979938,-187500.02235174447,187500.0
OpenBCISession_P15_test,P15,6,12895,-181415.6812576664,30742.074653237687,-187500.02235174447,187500.0
OpenBCISession_P15_test,P15,7,12895,-147268.54989539727,77382.39940254534,-187500.02235174447,187500.0
OpenBCISession_P15_test,P15,8,12895,-11752.091368215462,133381.68924990235,-187500.02235174447,187500.0
OpenBCISession_P15_test,P15,9,12895,-117707.22185790824,109033.74672127768,-187500.02235174447,187500.0
OpenBCISession_P15_test,P15,10,12895,-39320.298908340446,88977.06915439047,-187500.02235174447,187500.0
OpenBCISession_P15_test,P15,11,12895,31359.34616187922,163826.72323620153,-187500.02235174447,187500.0
OpenBCISession_P15_test,P15,12,12895,-184597.9337605393,22103.07113003046,-187500.02235174447,187500.0
OpenBCISession_P15_test,P15,13,12895,-42814.58363584385,143453.96316259578,-187500.02235174447,187500.0
OpenBCISession_P15_test,P15,14,12895,-186796.94485503974,7688.523023853762,-187500.02235174447,-28359.8933648936
OpenBCISession_P15_test,P15,15,12895,-159146.67829411448,61968.60767275293,-187500.02235174447,20676.41415314843
OpenBCISession_P15,P15,0,9265,60636.778455515974,5286.848504268678,30792.970155831597,76202.55067378886
OpenBCISession_P15,P15,1,9265,100923.30928007016,3620.9083316458746,48840.9309197582,115047.62501092257
OpenBCISession_P15,P15,2,9265,-20443.09064487267,2282.586467336648,-24568.00932502858,-10520.384969757197
OpenBCISession_P15,P15,3,9265,-24261.844118427332,2165.1534319815637,-26921.066870816576,-12845.860462887344
OpenBCISession_P15,P15,4,9265,-122819.35252610387,45256.23008105235,-187500.02235174447,-39800.07497073114
OpenBCISession_P15,P15,5,9265,-7862.152227154179,11350.278125968418,-28093.12529481951,31533.461097891464
OpenBCISession_P15,P15,6,9265,-187489.75652723302,974.0781896080999,-187500.02235174447,-93750.01117587223
OpenBCISession_P15,P15,7,9265,-187489.90362414895,973.976809374744,-187500.02235174447,-93750.01117587223
OpenBCISession_P15,P15,8,9265,54674.56497662706,7637.850965767052,47249.084383140136,80139.02814853528
OpenBCISession_P15,P15,9,9265,41836.06700948886,3485.774698718831,22017.630579189132,49087.78358552261
OpenBCISession_P15,P15,10,9265,-14438.607385189378,2675.52918606907,-18789.77045890933,5529.0839706759425
OpenBCISession_P15,P15,11,9265,8085.345514719073,6512.417106485399,-1746.0288698707666,23822.645702677455
OpenBCISession_P15,P15,12,9265,-187489.90362414895,973.976809374744,-187500.02235174447,-93750.01117587223
OpenBCISession_P15,P15,13,9265,2567.3220363970563,14662.694575872782,-93750.01117587223,23898.77574429223
OpenBCISession_P15,P15,14,9265,-187489.90362414895,973.976809374744,-187500.02235174447,-93750.01117587223
OpenBCISession_P15,P15,15,9265,-14982.768036843721,3285.089840146489,-17785.886560188123,1126.2820513584675
OpenBCISession_test_P16,P16,0,12183,48220.71047653224,86650.255499286,-187500.02235174447,187500.0
OpenBCISession_test_P16,P16,1,12183,50336.8863022522,95251.13900455974,-187500.02235174447,187500.0
OpenBCISession_test_P16,P16,2,12183,25690.15220685211,109736.50004815687,-187500.02235174447,187500.0
OpenBCISession_test_P16,P16,3,12183,47466.340190956915,111803.87935351997,-187500.02235174447,187500.0
OpenBCISession_test_P16,P16,4,12183,3474.7048859692936,110107.81196240683,-182447.0752414555,187500.0
OpenBCISession_test_P16,P16,5,12183,-42428.34009929868,178537.8112074888,-187500.02235174447,187500.0
OpenBCISession_test_P16,P16,6,12183,-106455.1289106017,83318.02267537083,-187500.02235174447,187500.0
OpenBCISession_test_P16,P16,7,12183,152803.03867698536,106539.56288925024,-184937.84188483263,187500.0
OpenBCISession_test_P16,P16,8,12183,-147876.5703776775,79151.08159263796,-187500.02235174447,187500.0
OpenBCISession_test_P16,P16,9,12183,-24934.574321636886,149187.46048277966,-187500.02235174447,187500.0
OpenBCISession_test_P16,P16,10,12183,-103956.14671962213,119145.35602207099,-187500.02235174447,187500.0
OpenBCISession_test_P16,P16,11,12183,-53652.605969068936,55745.60748851148,-187500.02235174447,48834.11363769932
OpenBCISession_test_P16,P16,12,12183,-136471.3098252232,86750.62803902454,-187500.02235174447,53684.777460667785
OpenBCISession_test_P16,P16,13,12183,-184187.82686867955,27276.050596519875,-187500.02235174447,187500.0
OpenBCISession_test_P16,P16,14,12183,97290.57586858026,128834.34911958202,-187500.02235174447,187500.0
OpenBCISession_test_P16,P16,15,12183,159657.85836887444,85681.31520913704,-107516.67410334041,187500.0
OpenBCISession_P16,P16,0,8872,55684.65605975085,3259.3053596082877,28271.55927080623,68803.56446547084
OpenBCISession_P16,P16,1,8872,45866.18408254793,2700.4197291804926,19602.055204159642,49001.282334480566
OpenBCISession_P16,P16,2,8872,-28065.582100739914,2014.191536340376,-30758.436710648148,-14122.480347452207
OpenBCISession_P16,P16,3,8872,-37076.08562032066,3929.5879989921777,-42042.51373320982,-21035.182003400565
OpenBCISession_P16,P16,4,8872,-30223.885846146284,1275.9705149001452,-32002.266586097074,-14393.763469906267
OpenBCISession_P16,P16,5,8872,-187489.45539827592,995.3150284217041,-187500.02235174447,-93750.01117587223
OpenBCISession_P16,P16,6,8872,-36975.61793768566,39073.80001152842,-123298.16797949887,6460.816438295417
OpenBCISession_P16,P16,7,8872,187489.43304653146,995.3150284217041,93749.98882412778,187500.0
OpenBCISession_P16,P16,8,8872,3941.5210531703524,2201.3859748508094,-18.79781708691324,6861.516161145707
OpenBCISession_P16,P16,9,8872,14280.10340072017,635.353271215295,5850.256186754249,18050.642973261234
OpenBCISession_P16,P16,10,8872,-22940.23576537062,1280.7616352031484,-25901.000309109728,-15731.381265089663
OpenBCISession_P16,P16,11,8872,-20016.4856600625,3277.9139244788307,-25850.954753274294,-9742.991297601617
OpenBCISession_P16,P16,12,8872,52266.19144114798,3793.546066066882,22153.752702921953,59658.549387282066
OpenBCISession_P16,P16,13,8872,-187489.45539827592,995.3150284217041,-187500.02235174447,-93750.01117587223
OpenBCISession_P16,P16,14,8872,-26176.454616766136,1367.7913028842333,-31951.148146527787,-23890.639709310497
OpenBCISession_P16,P16,15,8872,187489.43304653146,995.3150284217041,93749.98882412778,187500.0
OpenBCISession_test_P17,P17,0,8590,-73246.18527334485,104063.8161603683,-187500.02235174447,55723.345961969615
OpenBCISession_test_P17,P17,1,8590,-75252.75488197683,88430.6818565934,-187500.02235174447,108491.16545810289
OpenBCISession_test_P17,P17,2,8590,-70368.59058187106,159078.73495057857,-187500.02235174447,187500.0
OpenBCISession_test_P17,P17,3,8590,-86322.36749154674,92678.04824705722,-187500.02235174447,187500.0
OpenBCISession_test_P17,P17,4,8590,-134954.31563743978,82917.80261407442,-187500.02235174447,38277.56354541344
OpenBCISession_test_P17,P17,5,8590,-78785.426345073,168801.88507071036,-187500.02235174447,187500.0
OpenBCISession_test_P17,P17,6,8590,-3080.3329681985297,186903.43877590777,-187500.02235174447,187500.0
OpenBCISession_test_P17,P17,7,8590,-181568.71519818433,28629.807245469146,-187500.02235174447,94423.290422355
OpenBCISession_test_P17,P17,8,8590,-186418.97876099573,10270.326188955052,-187500.02235174447,53160.58434970192
OpenBCISession_test_P17,P17,9,8590,-4316.534070967595,186227.87748835896,-187500.02235174447,187500.0
OpenBCISession_test_P17,P17,10,8590,-86991.11375741652,76860.59299810059,-187500.02235174447,8016.810776807163
OpenBCISession_test_P17,P17,11,8590,-43751.391016624264,106117.96842088368,-187500.02235174447,187500.0
OpenBCISession_test_P17,P17,12,8590,-89440.62597600298,163729.07085630577,-187500.02235174447,187500.0
OpenBCISession_test_P17,P17,13,8590,41648.18477794267,153891.5281080665,-187500.02235174447,187500.0
OpenBCISession_test_P17,P17,14,8590,-184407.00005882847,32843.78915408882,-187500.02235174447,187500.0
OpenBCISession_test_P17,P17,15,8590,-187489.10849712606,1011.5206337433264,-187500.02235174447,-93750.01117587223
OpenBCISession_P17,P17,0,10740,15293.405263297005,2205.5408316735734,-6183.610103560699,21536.375169321916
OpenBCISession_P17,P17,1,10740,-13785.931363240066,2951.8097372448133,-24182.84406457473,-9400.540220801857
OpenBCISession_P17,P17,2,10740,-187491.29330042508,904.6262536521175,-187500.02235174447,-93750.01117587223
OpenBCISession_P17,P17,3,10740,-26483.092400763595,1695.6136536147517,-29488.142369764137,-10544.055467135366
OpenBCISession_P17,P17,4,10740,-187491.29330042508,904.6262536521175,-187500.02235174447,-93750.01117587223
OpenBCISession_P17,P17,5,10740,187491.2709486806,904.6262536521175,93749.98882412778,187500.0
OpenBCISession_P17,P17,6,10740,-63255.16002982261,175936.54328182572,-187500.02235174447,187500.0
OpenBCISession_P17,P17,7,10740,-164698.7993206617,34385.57938732195,-187500.02235174447,-79726.30318716803
OpenBCISession_P17,P17,8,10740,-30644.004326394122,76339.93885083492,-187500.02235174447,26958.23782184575
OpenBCISession_P17,P17,9,10740,187491.2709486806,904.6262536521175,93749.98882412778,187500.0
OpenBCISession_P17,P17,10,10740,-18699.142222561975,6536.638466055051,-27806.64298613584,-3462.0169951936005
OpenBCISession_P17,P17,11,10740,-15930.13783839469,2097.588268588182,-18448.12404490996,-8627.169862648232
OpenBCISession_P17,P17,12,10740,187491.2709486806,904.6262536521175,93749.98882412778,187500.0
OpenBCISession_P17,P17,13,10740,-162970.1741662682,55132.61787342173,-187500.02235174447,18212.760175795578
OpenBCISession_P17,P17,14,10740,-187491.29330042508,904.6262536521175,-187500.02235174447,-93750.01117587223
OpenBCISession_P17,P17,15,10740,-187491.29330042508,904.6262536521175,-187500.02235174447,-93750.01117587223
OpenBCISession_test_P18,P18,0,4902,7194.750057018328,92074.609414437,-187500.02235174447,187500.0
OpenBCISession_test_P18,P18,1,4902,41852.533950401565,64223.38107321594,-187500.02235174447,187500.0
OpenBCISession_test_P18,P18,2,4902,-17793.990768328556,101088.82229324829,-187500.02235174447,187500.0
OpenBCISession_test_P18,P18,3,4902,-35629.645735488004,58626.4377632864,-187500.02235174447,187500.0
OpenBCISession_test_P18,P18,4,4902,-101720.19998919312,109390.2762666453,-187500.02235174447,175033.60510273042
OpenBCISession_test_P18,P18,5,4902,-89344.9925580917,102402.69565899906,-187500.02235174447,187500.0
OpenBCISession_test_P18,P18,6,4902,-118656.66786890382,81497.87512606656,-187500.02235174447,140951.7769160005
OpenBCISession_test_P18,P18,7,4902,-69609.53524872795,86603.94224551352,-187500.02235174447,187500.0
OpenBCISession_test_P18,P18,8,4902,-2428.579808725956,91435.47701263554,-187500.02235174447,187500.0
OpenBCISession_test_P18,P18,9,4902,-43657.2002234384,71124.9312713499,-187500.02235174447,187500.0
OpenBCISession_test_P18,P18,10,4902,71514.93441849909,110383.94721819434,-187500.02235174447,187500.0
OpenBCISession_test_P18,P18,11,4902,-120530.70102536572,84453.32578043769,-187500.02235174447,187500.0
OpenBCISession_test_P18,P18,12,4902,-44208.10671492095,77249.65463657414,-187500.02235174447,187500.0
OpenBCISession_test_P18,P18,13,4902,-29350.779596541903,88851.3938505019,-187500.02235174447,187500.0
OpenBCISession_test_P18,P18,14,4902,-141317.90449076885,77333.23933664546,-187500.02235174447,187500.0
OpenBCISession_test_P18,P18,15,4902,-135698.49251087254,74089.16071288854,-187500.02235174447,187500.0
OpenBCISession_P18,P18,0,8816,19047.006544400574,14869.101764394742,10785.476658997139,187500.0
OpenBCISession_P18,P18,1,8816,33845.213398281965,14020.275166665831,16575.00315606632,187500.0
OpenBCISession_P18,P18,2,8816,-34689.14204261173,16020.049993470639,-57462.24462535913,162257.25856509907
OpenBCISession_P18,P18,3,8816,-22527.92549664289,16747.78923484127,-61927.9667053183,176897.78529379194
OpenBCISession_P18,P18,4,8816,24628.377908286722,14656.761344088052,14002.473831471663,187500.0
OpenBCISession_P18,P18,5,8816,30410.72936608237,14469.299177947047,14268.392535256451,187500.0
OpenBCISession_P18,P18,6,8816,-15041.960679473614,15750.152947421424,-18312.761880488622,178831.14413394264
OpenBCISession_P18,P18,7,8816,-7596.861955250762,16493.796225695027,-14849.001449227508,187500.0
OpenBCISession_P18,P18,8,8816,9883.004232288671,15853.682979308745,2707.1538814489704,187500.0
OpenBCISession_P18,P18,9,8816,-24341.016564516907,16292.202766495871,-28903.644252257855,173752.17959310766
OpenBCISession_P18,P18,10,8816,-13290.05582856637,17566.237652515407,-181499.07070387254,180168.85133610386
OpenBCISession_P18,P18,11,8816,6738.179331585062,23720.408093365862,-187500.02235174447,187500.0
OpenBCISession_P18,P18,12,8816,7196.759459552573,15561.980227383134,246.8526657644112,187500.0
OpenBCISession_P18,P18,13,8816,15500.229749044696,15043.617518252055,9901.733386723208,187500.0
OpenBCISession_P18,P18,14,8816,-29839.780622021688,16629.46962962085,-39110.41189556264,168480.2747941345
OpenBCISession_P18,P18,15,8816,-187419.41719475994,1313.0451391757792,-187500.02235174447,-93750.01117587223
OpenBCISession_prueba_soldar,,0,571,-164457.5838225906,43921.27970909204,-187500.02235174447,-44581.51544112151
OpenBCISession_prueba_soldar,,1,571,-166642.86318532532,35154.59498160594,-187500.02235174447,-80397.99545979446
OpenBCISession_prueba_soldar,,2,571,-186749.8499727425,2128.9245192776966,-187500.02235174447,-177962.86826883178
OpenBCISession_prueba_soldar,,3,571,-186695.34424569292,2157.810148210351,-187500.02235174447,-176323.65838571292
OpenBCISession_prueba_soldar,,4,571,-186881.29020848268,1912.4051817944576,-187500.02235174447,-178296.04337168258
OpenBCISession_prueba_soldar,,5,571,-172038.30243542627,28299.77050603982,-187500.02235174447,-99218.74543651885
OpenBCISession_prueba_soldar,,6,571,-186790.130399815,2130.34632276881,-187500.02235174447,-177795.87838600617
OpenBCISession_prueba_soldar,,7,571,-180842.0546414582,14428.507291699763,-187500.02235174447,-141491.32567540713
OpenBCISession_prueba_soldar,,8,571,-161747.45512359357,54860.918192058576,-187500.02235174447,1581.3859202129747
OpenBCISession_prueba_soldar,,9,571,20312.570695383914,31215.291185462156,-10627.650991398215,187500.0
OpenBCISession_prueba_soldar,,10,571,126200.685502266,88611.56752040482,-64588.472496089045,187500.0
OpenBCISession_prueba_soldar,,11,571,187335.814341198,3923.31586130839,93749.98882412778,187500.0
OpenBCISession_prueba_soldar,,12,571,-160984.63181380942,58203.83008198637,-187500.02235174447,18413.657654959876
OpenBCISession_prueba_soldar,,13,571,-153866.82068622162,65735.65143183505,-187500.02235174447,12110.82334647457
OpenBCISession_prueba_soldar,,14,571,187335.814341198,3923.31586130839,93749.98882412778,187500.0
OpenBCISession_prueba_soldar,,15,571,-180553.9136845855,20566.372716463524,-187500.02235174447,-42042.737250654376
OpenBCISession_sold_t1,,0,543,-184716.0760267067,4096.451239915449,-187500.02235174447,-171108.86229382304
OpenBCISession_sold_t1,,1,543,-165884.32450489627,21193.681275056475,-187500.02235174447,-62400.32612089231
OpenBCISession_sold_t1,,2,543,-187007.43209646895,2168.6844855675236,-187500.02235174447,-175790.25635603146
OpenBCISession_sold_t1,,3,543,-171081.21771390943,6225.198811678081,-187500.02235174447,-148745.11495174348
OpenBCISession_sold_t1,,4,543,-175139.28806104127,16044.35896727884,-183746.85153327603,-27091.45421879938
OpenBCISession_sold_t1,,5,543,-178144.86329346077,4006.166208904986,-187500.02235174447,-170430.01746297092
OpenBCISession_sold_t1,,6,543,-27415.799024197047,153504.904826709,-187500.02235174447,153519.11229123024
OpenBCISession_sold_t1,,7,543,-184340.68230677937,3107.766162183129,-187500.02235174447,-164716.35278658304
OpenBCISession_sold_t1,,8,543,-175628.74330921235,9871.703557078696,-186196.13333894414,-76272.93631707864
OpenBCISession_sold_t1,,9,543,-153793.0350188651,10571.346094880557,-187500.02235174447,-76573.7684457026
OpenBCISession_sold_t1,,10,543,-164970.96130185618,14862.452812100892,-181325.97879481065,-76348.68637903767
OpenBCISession_sold_t1,,11,543,-174846.6105321077,8817.158100619774,-187500.02235174447,-77261.4869191035
OpenBCISession_sold_t1,,12,543,-187302.091315424,4032.4219046253647,-187500.02235174447,-93750.01117587223
OpenBCISession_sold_t1,,13,543,-163905.1473053988,22740.46791250587,-187500.02235174447,10957.965070958742
OpenBCISession_sold_t1,,14,543,-175111.36599842174,4652.464141654684,-178671.3738645761,-84800.68562038966
OpenBCISession_sold_t1,,15,543,-176924.09873058912,5288.327661983125,-185923.44205658938,-84645.31864468082
OpenBCISession_sold_test2,,0,1632,-159218.604961831,57625.43433810912,-187500.02235174447,187500.0
OpenBCISession_sold_test2,,1,1632,-143431.9643225932,91100.55481361788,-187500.02235174447,177894.24841335398
OpenBCISession_sold_test2,,2,1632,-148723.447921205,88892.09354382915,-187500.02235174447,160466.3250406176
OpenBCISession_sold_test2,,3,1632,-169932.54587619737,22164.711838596697,-187500.02235174447,-22501.25527396861
OpenBCISession_sold_test2,,4,1632,112127.18905819497,136709.87518367727,-187500.02235174447,187500.0
OpenBCISession_sold_test2,,5,1632,-141760.12697355918,76349.7839129904,-187500.02235174447,173597.01378309893
OpenBCISession_sold_test2,,6,1632,-20165.484994655144,154966.73804532015,-187500.02235174447,187500.0
OpenBCISession_sold_test2,,7,1632,-161659.12981420467,36792.734917851834,-187500.02235174447,39129.85791323875
OpenBCISession_sold_test2,,8,1632,-89822.68265909578,41765.77726735849,-187500.02235174447,69308.73624190525
OpenBCISession_sold_test2,,9,1632,-52883.80475250007,55941.49536797835,-187500.02235174447,108974.25371101544
OpenBCISession_sold_test2,,10,1632,-145127.86557066484,63315.28500100544,-187500.02235174447,149049.7915804138
OpenBCISession_sold_test2,,11,1632,-156540.19498548206,29062.336540404453,-187500.02235174447,-53130.02951503152
OpenBCISession_sold_test2,,12,1632,-141268.5711484847,56858.974518903306,-187500.02235174447,155970.3610504104
OpenBCISession_sold_test2,,13,1632,-66408.55465385705,71782.05256815102,-187500.02235174447,187500.0
OpenBCISession_sold_test2,,14,1632,-168556.53652203755,24863.753868268504,-187500.02235174447,-32246.548801249126
OpenBCISession_sold_test2,,15,1632,-168397.092996279,26822.649540491595,-187500.02235174447,-16894.297825610378
OpenBCISession_2025-08-20_10-45-28,,0,2073,187454.77568201858,2059.072683563377,93749.98882412778,187500.0
OpenBCISession_2025-08-20_10-45-28,,1,2073,187454.77568201858,2059.072683563377,93749.98882412778,187500.0
OpenBCISession_2025-08-20_10-45-28,,2,2073,-181053.98302585486,27537.298126147696,-187500.02235174447,47555.10211647775
OpenBCISession_2025-08-20_10-45-28,,3,2073,-184157.47716661784,11093.404936479172,-187500.02235174447,-80675.80529162947
OpenBCISession_2025-08-20_10-45-28,,4,2073,-23994.839358421814,168372.2597195042,-187500.02235174447,187500.0
OpenBCISession_2025-08-20_10-45-28,,5,2073,-185151.51131035687,6890.573114989723,-187500.02235174447,-80676.63230617432
OpenBCISession_2025-08-20_10-45-28,,6,2073,-105271.13574801167,132152.95863157953,-187500.02235174447,187500.0
OpenBCISession_2025-08-20_10-45-28,,7,2073,-185149.10415794537,6896.242905031982,-187500.02235174447,-80667.11046303636
OpenBCISession_2025-08-20_10-45-28,,8,2073,-165194.72147889732,69677.49653699607,-187500.02235174447,187500.0
OpenBCISession_2025-08-20_10-45-28,,9,2073,-171289.7612693556,38270.08722082668,-187500.02235174447,79937.2142478483
OpenBCISession_2025-08-20_10-45-28,,10,2073,-180380.14193436463,30356.29254992075,-187500.02235174447,65590.85882793175
OpenBCISession_2025-08-20_10-45-28,,11,2073,-184026.56250335622,10159.082750289675,-187500.02235174447,-64520.72435864501
OpenBCISession_2025-08-20_10-45-28,,12,2073,-162170.22892658145,89466.59997954307,-187500.02235174447,187500.0
OpenBCISession_2025-08-20_10-45-28,,13,2073,-181333.29512565912,21631.72579061887,-187500.02235174447,49627.37704841817
OpenBCISession_2025-08-20_10-45-28,,14,2073,-184784.341349871,7810.623628430472,-187500.02235174447,-64565.20433011107
OpenBCISession_2025-08-20_10-45-28,,15,2073,-185154.60209405355,6989.092972246467,-187500.02235174447,-64525.731149403
OpenBCISession_test_P19,P19,0,5711,12862.242471653324,130889.41331088809,-187500.02235174447,187500.0
OpenBCISession_test_P19,P19,1,5711,6308.328708556296,125687.88111584859,-187500.02235174447,187500.0
OpenBCISession_test_P19,P19,2,5711,31841.225918877084,129933.83753037428,-187500.02235174447,187500.0
OpenBCISession_test_P19,P19,3,5711,29606.370135408622,146444.7698357403,-187500.02235174447,187500.0
OpenBCISession_test_P19,P19,4,5711,-109283.69461930005,56025.88010052494,-187500.02235174447,187500.0
OpenBCISession_test_P19,P19,5,5711,-88673.13637246226,75554.57136346042,-187500.02235174447,187500.0
OpenBCISession_test_P19,P19,6,5711,-65297.69822425786,44163.806309877866,-187500.02235174447,187500.0
OpenBCISession_test_P19,P19,7,5711,-27852.18176337655,97845.33227655514,-187500.02235174447,187500.0
OpenBCISession_test_P19,P19,8,5711,-101188.01439518681,148924.67128045813,-187500.02235174447,187500.0
OpenBCISession_test_P19,P19,9,5711,-87223.26343571319,87581.57223836206,-187500.02235174447,187500.0
OpenBCISession_test_P19,P19,10,5711,-67431.4950784369,125833.69750257522,-187500.02235174447,187500.0
OpenBCISession_test_P19,P19,11,5711,-17043.56889236122,135946.25314973414,-187500.02235174447,187500.0
OpenBCISession_test_P19,P19,12,5711,28032.139454378117,155508.87125635426,-187500.02235174447,187500.0
OpenBCISession_test_P19,P19,13,5711,29730.165943291755,130822.30605692543,-187500.02235174447,187500.0
OpenBCISession_test_P19,P19,14,5711,-46046.169366132235,148948.1116653103,-187500.02235174447,187500.0
OpenBCISession_test_P19,P19,15,5711,116107.56959348693,128916.6556185368,-187500.02235174447,187500.0
OpenBCISession_P19,P19,0,9382,-12640.863566105094,3641.7427626182075,-17287.152086156857,5908.191908382405
OpenBCISession_P19,P19,1,9382,-61898.80643653301,10833.502682520244,-130839.31128255265,-25108.8768373581
OpenBCISession_P19,P19,2,9382,-82999.77727615717,33979.4081168015,-187500.02235174447,-35916.25820592144
OpenBCISession_P19,P19,3,9382,-84282.86692342372,7328.538211001004,-101437.49134987491,-50665.83909581174
OpenBCISession_P19,P19,4,9382,-67649.39316195676,5247.897646035261,-76165.53618497089,-37720.26750090927
OpenBCISession_P19,P19,5,9382,-27843.854888362614,19124.465300995245,-174759.5950674528,-9685.72612830712
OpenBCISession_P19,P19,6,9382,-45113.84418206006,5944.955386243044,-57246.84086404334,-20847.337942998165
OpenBCISession_P19,P19,7,9382,-63285.705761471116,4656.770300672598,-102862.43741064519,-25973.017629744725
OpenBCISession_P19,P19,8,9382,-187490.0298116494,967.8846757891118,-187500.02235174447,-93750.01117587223
OpenBCISession_P19,P19,9,9382,-86787.70286543938,5262.526633425888,-98435.7861799939,-52313.20736565678
OpenBCISession_P19,P19,10,9382,-73911.81456826857,7886.9407781917325,-118248.4618721559,-18982.107219947247
OpenBCISession_P19,P19,11,9382,-88757.55925254419,3931.641884117929,-99200.68522699896,-50528.28646043378
OpenBCISession_P19,P19,12,9382,-74872.0601070778,4383.4333153887355,-84757.97143673556,-43587.06397856045
OpenBCISession_P19,P19,13,9382,-85322.81243860972,5447.498819771701,-93310.33001069189,-41239.01322353044
OpenBCISession_P19,P19,14,9382,-42009.71808731849,48137.652344949565,-187500.02235174447,17337.979953048223
OpenBCISession_P19,P19,15,9382,-158314.9485548735,49832.93795038499,-187500.02235174447,-20041.49050015098
OpenBCISession_test_P20,P20,0,7557,-161430.49167592442,67056.19227494202,-187500.02235174447,144437.91144346137
OpenBCISession_test_P20,P20,1,7557,-60779.72185411177,101855.93385080816,-187500.02235174447,50357.85440896206
OpenBCISession_test_P20,P20,2,7557,-87340.63827568275,103338.75089165554,-187500.02235174447,187500.0
OpenBCISession_test_P20,P20,3,7557,-77349.1031456714,64518.0499929574,-187500.02235174447,77642.24888589965
OpenBCISession_test_P20,P20,4,7557,4351.487312651787,64453.520133304235,-187500.02235174447,91440.45012479427
OpenBCISession_test_P20,P20,5,7557,-46644.85965474076,85965.40222975578,-187500.02235174447,104022.13531996433
OpenBCISession_test_P20,P20,6,7557,-30940.065498341868,32954.359955556705,-187500.02235174447,-1660.5110955847617
OpenBCISession_test_P20,P20,7,7557,-47866.03400077048,91496.00376405215,-187500.02235174447,61211.81681297026
OpenBCISession_test_P20,P20,8,7557,42161.188828208426,149954.39059549686,-187500.02235174447,187500.0
OpenBCISession_test_P20,P20,9,7557,-15503.90874486943,99532.46836462832,-187500.02235174447,187500.0
OpenBCISession_test_P20,P20,10,7557,-138419.92716884785,78396.58280377203,-187500.02235174447,187500.0
OpenBCISession_test_P20,P20,11,7557,-132962.942315485,127138.46022597326,-187500.02235174447,187500.0
OpenBCISession_test_P20,P20,12,7557,-37859.61986728013,78845.8594701452,-187500.02235174447,51831.12494124472
OpenBCISession_test_P20,P20,13,7557,-16530.62070765411,88375.24891711063,-187500.02235174447,187500.0
OpenBCISession_test_P20,P20,14,7557,-145039.86030464023,69589.98822392007,-187500.02235174447,187500.0
OpenBCISession_test_P20,P20,15,7557,-169108.20702732573,70877.07445539224,-187500.02235174447,172768.12169171832
OpenBCISession_2025-08-20_13-10-26,,0,2162,30147.86497308096,6152.228089230933,20521.11423267296,44839.856903535954
OpenBCISession_2025-08-20_13-10-26,,1,2162,36654.39660103116,2162.7346288222566,18298.166191359305,44855.61488337695
OpenBCISession_2025-08-20_13-10-26,,2,2162,-138419.07875153303,124728.60856850457,-187500.02235174447,187500.0
OpenBCISession_2025-08-20_13-10-26,,3,2162,5334.763869671299,12338.289680131571,-39478.232202319174,42382.975504753056
OpenBCISession_2025-08-20_13-10-26,,4,2162,10337.146836773487,2884.879463172118,-8091.3985480545225,19010.963322039046
OpenBCISession_2025-08-20_13-10-26,,5,2162,32396.977116632832,14610.908044205355,-133181.41647355753,60388.110326303286
OpenBCISession_2025-08-20_13-10-26,,6,2162,-15216.12689793751,3081.6678969193813,-22390.010641814548,-6125.339105765714
OpenBCISession_2025-08-20_13-10-26,,7,2162,21301.139186923057,9017.295390112347,-6369.576617428854,48062.4420121243
OpenBCISession_2025-08-20_13-10-26,,8,2162,19344.56754323265,15143.02823376608,-187500.02235174447,65202.072584876136
OpenBCISession_2025-08-20_13-10-26,,9,2162,44037.20439546949,10627.296294721666,787.1613844825488,69670.52157765884
OpenBCISession_2025-08-20_13-10-26,,10,2162,-416.6924373618917,16239.562485323462,-187500.02235174447,66688.1953702206
OpenBCISession_2025-08-20_13-10-26,,11,2162,-187381.229374208,2318.4975641911406,-187500.02235174447,-93750.01117587223
OpenBCISession_2025-08-20_13-10-26,,12,2162,-3484.0099745073317,448.52964919103107,-6174.110612167194,3381.058976776478
OpenBCISession_2025-08-20_13-10-26,,13,2162,-20037.770475129204,101412.19031599554,-187500.02235174447,79574.89247022777
OpenBCISession_2025-08-20_13-10-26,,14,2162,-55614.54796706438,14825.525891718193,-121373.97335457485,-33994.03053450949
OpenBCISession_2025-08-20_13-10-26,,15,2162,-134778.56262739497,60381.4458821173,-187500.02235174447,-46710.80967316743
OpenBCISession_P20,P20,0,11503,30739.095083371827,3096.798600593625,13165.825684765065,36876.33268551024
OpenBCISession_P20,P20,1,11503,38951.234076641864,1844.4776104309917,20115.139498131215,41205.82088301431
OpenBCISession_P20,P20,2,11503,-26202.42582087842,2380.9692731798355,-32778.07328439633,-10952.98063194521
OpenBCISession_P20,P20,3,11503,20227.270163306584,6308.227301318396,-44543.9645104366,35657.693226062445
OpenBCISession_P20,P20,4,11503,8750.497465448258,1233.5102247317138,4807.837880592094,11799.374139234322
OpenBCISession_P20,P20,5,11503,1895.2422294263056,4622.741527476187,-4292.853688341819,18365.7355148477
OpenBCISession_P20,P20,6,11503,-15890.005437731974,2316.2372836247773,-19635.448710375873,-9656.132418648294
OpenBCISession_P20,P20,7,11503,17321.383980017185,2027.1975989788093,11316.352941555137,22682.460866267786
OpenBCISession_P20,P20,8,11503,22125.183386361437,4664.113782163028,5778.842363219544,40788.69262798937
OpenBCISession_P20,P20,9,11503,60906.46193136966,6931.411481937119,24822.640397863437,66228.50939375274
OpenBCISession_P20,P20,10,11503,12020.442360735986,4459.165118510066,-15.936793796633935,19798.839962344166
OpenBCISession_P20,P20,11,11503,-187491.87230295976,874.1093551118728,-187500.02235174447,-93750.01117587223
OpenBCISession_P20,P20,12,11503,-659.4672344248877,872.7901932747561,-2341.7475630936106,1434.0432207635906
OpenBCISession_P20,P20,13,11503,-123741.51992563826,81734.55535605198,-187500.02235174447,72133.23678174458
OpenBCISession_P20,P20,14,11503,-8325.4923025592,35838.06790061603,-136512.74281892096,20116.41354756517
OpenBCISession_P20,P20,15,11503,-19313.188306526587,8781.865092719345,-42880.05594969463,-3691.2341345827745
OpenBCISession_test_P21,P21,0,5154,104402.69589121146,94577.84526605064,-85378.14293839251,187500.0
OpenBCISession_test_P21,P21,1,5154,134847.38501166075,73727.48788547829,13270.185979626893,187500.0
OpenBCISession_test_P21,P21,2,5154,109719.9590539828,114761.73626840515,-105610.58439142519,187500.0
OpenBCISession_test_P21,P21,3,5154,43697.945553159254,133552.97777050317,-95155.3100532663,187500.0
OpenBCISession_test_P21,P21,4,5154,-18590.18087771712,105483.07380627502,-187500.02235174447,187500.0
OpenBCISession_test_P21,P21,5,5154,-115323.158529653,138651.3551978917,-187500.02235174447,187500.0
OpenBCISession_test_P21,P21,6,5154,18877.676001447733,107056.73833880271,-181740.9389306234,187500.0
OpenBCISession_test_P21,P21,7,5154,-92546.24237451123,37483.17503356724,-187500.02235174447,-57335.77845523101
OpenBCISession_test_P21,P21,8,5154,84637.60889311401,94456.62964511383,-97283.35258762272,187500.0
OpenBCISession_test_P21,P21,9,5154,152371.29668895865,83047.72664789739,-93935.88828276256,187500.0
OpenBCISession_test_P21,P21,10,5154,62940.492805853406,129783.6735120695,-187500.02235174447,187500.0
OpenBCISession_test_P21,P21,11,5154,23839.882440798705,154244.75540371815,-187500.02235174447,187500.0
OpenBCISession_test_P21,P21,12,5154,26558.907102144156,115226.88326598759,-187500.02235174447,187500.0
OpenBCISession_test_P21,P21,13,5154,-42983.493270165185,138105.70118866645,-187500.02235174447,187500.0
OpenBCISession_test_P21,P21,14,5154,105555.45893545903,109908.03089758639,-111862.36731557458,187500.0
OpenBCISession_test_P21,P21,15,5154,-107486.93233180587,71468.49189054464,-187500.02235174447,187500.0
OpenBCISession_P21,P21,0,9890,37862.43412621179,12210.932332117583,-171384.79457912382,56198.25347641152
OpenBCISession_P21,P21,1,9890,29050.56557725361,4864.995676456136,6786.660168964883,34790.71376213
OpenBCISession_P21,P21,2,9890,-62491.36064245525,2894.762916938058,-66588.97597658349,-32360.140366570995
OpenBCISession_P21,P21,3,9890,-72092.46952769425,2598.1514981814717,-75603.43451540882,-37813.36251656563
OpenBCISession_P21,P21,4,9890,-22011.852526685445,3773.099100115127,-26503.022194268968,-7747.114628209428
OpenBCISession_P21,P21,5,9890,6042.97980925393,7813.996520227205,-571.2882365331932,32202.113533271975
OpenBCISession_P21,P21,6,9890,-5695.296128056239,24100.295551904135,-96706.74463590917,12904.55614382698
OpenBCISession_P21,P21,7,9890,-30673.09900463709,10688.581930193068,-58796.487307129784,-8723.01414287259
OpenBCISession_P21,P21,8,9890,-21434.91687218179,1612.097687596239,-23440.6320381918,-2975.464221890476
OpenBCISession_P21,P21,9,9890,-1824.3772712719726,19738.541396957207,-56307.777024242525,16480.41057353146
OpenBCISession_P21,P21,10,9890,-24451.495606994504,8750.945587289647,-126356.17719366279,-16406.269837173204
OpenBCISession_P21,P21,11,9890,-65622.66053511715,3672.0598368494807,-75113.23840775948,-37484.009562016676
OpenBCISession_P21,P21,12,9890,-11265.27732738583,3980.7180941341203,-22263.20919551959,-7671.275159272571
OpenBCISession_P21,P21,13,9890,-19856.815051519017,5092.244707190298,-31401.272881182776,-9457.671279629621
OpenBCISession_P21,P21,14,9890,-22613.030919386005,2235.422847465115,-26848.915439714845,-10161.684174738428
OpenBCISession_P21,P21,15,9890,-42288.70033506961,6379.445829893698,-62419.92860077961,-31350.24384859131
OpenBCISession_2025-08-20_15-40-13,,0,64,-187500.02235174447,0.0,-187500.02235174447,-187500.02235174447
OpenBCISession_2025-08-20_15-40-13,,1,64,-161289.90614796808,2730.1515237865347,-166059.37970392464,-157181.15504755438
OpenBCISession_2025-08-20_15-40-13,,2,64,-187500.02235174447,0.0,-187500.02235174447,-187500.02235174447
OpenBCISession_2025-08-20_15-40-13,,3,64,-173907.55704619669,1655.9545900461046,-176849.08084262384,-171771.16683377826
OpenBCISession_2025-08-20_15-40-13,,4,64,-176142.2404518414,990.909343040531,-178363.0539015596,-174000.8203984285
OpenBCISession_2025-08-20_15-40-13,,5,64,-187500.02235174447,0.0,-187500.02235174447,-187500.02235174447
OpenBCISession_2025-08-20_15-40-13,,6,64,-178298.64525443563,886.091684840713,-180264.74031981712,-176526.9251497895
OpenBCISession_2025-08-20_15-40-13,,7,64,-187500.02235174447,0.0,-187500.02235174447,-187500.02235174447
OpenBCISession_2025-08-20_15-40-13,,8,64,-186035.17842712143,11718.751396984033,-187500.02235174447,-93750.01117587223
OpenBCISession_2025-08-20_15-40-13,,9,64,-138979.42720387754,8750.98823453955,-143675.98517846887,-71807.39305107511
OpenBCISession_2025-08-20_15-40-13,,10,64,-186035.17842712143,11718.751396984033,-187500.02235174447,-93750.01117587223
OpenBCISession_2025-08-20_15-40-13,,11,64,-186035.17842712143,11718.751396984033,-187500.02235174447,-93750.01117587223
OpenBCISession_2025-08-20_15-40-13,,12,64,-186035.17842712143,11718.751396984033,-187500.02235174447,-93750.01117587223
OpenBCISession_2025-08-20_15-40-13,,13,64,-168308.8477407885,10544.763263466177,-172591.229986099,-86257.30410305312
OpenBCISession_2025-08-20_15-40-13,,14,64,-186035.17842712143,11718.751396984033,-187500.02235174447,-93750.01117587223
OpenBCISession_2025-08-20_15-40-13,,15,64,-186035.17842712143,11718.751396984033,-187500.02235174447,-93750.01117587223
OpenBCISession_test_p22,P22,0,9894,-143250.5247673797,77466.51188475241,-187500.02235174447,-102.01336169402144
OpenBCISession_test_p22,P22,1,9894,85859.4282906513,93632.43313508824,-187500.02235174447,187500.0
OpenBCISession_test_p22,P22,2,9894,-111541.46011699626,113186.61403710936,-187500.02235174447,187500.0
OpenBCISession_test_p22,P22,3,9894,136.87091620849765,183243.10736627222,-187500.02235174447,187500.0
OpenBCISession_test_p22,P22,4,9894,-61414.71595478377,45196.40335603429,-187500.02235174447,187500.0
OpenBCISession_test_p22,P22,5,9894,-23003.20975241506,73425.45441183489,-187500.02235174447,187500.0
OpenBCISession_test_p22,P22,6,9894,-62856.699814624335,30001.913528163495,-187500.02235174447,187500.0
OpenBCISession_test_p22,P22,7,9894,-61518.743594059066,36014.17339011126,-187500.02235174447,-4525.490644632655
OpenBCISession_test_p22,P22,8,9894,-93801.47897045144,74566.13220848821,-187500.02235174447,78064.04865551575
OpenBCISession_test_p22,P22,9,9894,25396.650012373073,90042.74121088392,-119682.48274117503,187500.0
OpenBCISession_test_p22,P22,10,9894,-105255.86001331329,109682.9250890372,-187500.02235174447,187500.0
OpenBCISession_test_p22,P22,11,9894,-76474.40981791216,95188.76367929036,-187500.02235174447,187500.0
OpenBCISession_test_p22,P22,12,9894,-70940.63618738386,73209.83511036595,-187500.02235174447,187500.0
OpenBCISession_test_p22,P22,13,9894,14419.281239336462,84378.71972197377,-153201.62811298706,187500.0
OpenBCISession_test_p22,P22,14,9894,-79874.15718672541,51108.73364820627,-187500.02235174447,-15214.541878049598
OpenBCISession_test_p22,P22,15,9894,-117506.4163429997,68066.33024849795,-187500.02235174447,-21108.51807695843
OpenBCISession_P22,P22,0,9460,8649.16995462159,4661.9391571363685,-77567.86228035239,21619.45660346229
OpenBCISession_P22,P22,1,9460,17464.753651046438,5253.297318518924,727.0798953866835,39352.056604868965
OpenBCISession_P22,P22,2,9460,-18308.93349212784,3115.8807244734057,-35420.74238309174,-11753.933042756682
OpenBCISession_P22,P22,3,9460,-39870.7157310669,4183.678210481685,-43887.426720550866,16867.319270052823
OpenBCISession_P22,P22,4,9460,-28156.90306070741,3391.8354310595314,-35698.239290504374,-17743.70881840096
OpenBCISession_P22,P22,5,9460,-30413.666089837203,2771.86080014849,-38094.100426924284,-17279.731306997695
OpenBCISession_P22,P22,6,9460,-43238.130749377146,3274.1371241297047,-47068.281122241155,-23393.849837046844
OpenBCISession_P22,P22,7,9460,-45568.43163680906,2738.014546825842,-48836.013535978025,-23066.195615076496
OpenBCISession_P22,P22,8,9460,-12995.831500659353,3952.3535187892267,-20956.682676873526,-2906.1291105901137
OpenBCISession_P22,P22,9,9460,-22134.71374217342,2481.6140395545294,-35643.790441011246,-5896.792518710198
OpenBCISession_P22,P22,10,9460,-12590.41248577344,7894.3666695288475,-36383.29790631508,29744.785099599972
OpenBCISession_P22,P22,11,9460,5669.398301121637,7722.026573038717,-18271.366449757392,47961.233313230674
OpenBCISession_P22,P22,12,9460,-19924.110399203473,3984.4465780350133,-28021.130325928967,-169.85090611587836
OpenBCISession_P22,P22,13,9460,-8406.136058407015,3230.2639832670866,-26493.701516831105,16458.63997443199
OpenBCISession_P22,P22,14,9460,-38984.62745127773,2540.4443557567533,-47283.28255215676,-23188.325546780296
OpenBCISession_P22,P22,15,9460,-35640.003041874836,2593.382818163818,-46106.753779262755,-19431.26552477664
OpenBCISession_test_P23,P23,0,15749,-1125.19337990436,82067.95633071846,-187500.02235174447,187500.0
OpenBCISession_test_P23,P23,1,15749,-80318.08157113595,110815.03790384515,-187500.02235174447,187500.0
OpenBCISession_test_P23,P23,2,15749,-163613.870118816,58946.684620416774,-187500.02235174447,69101.02148068207
OpenBCISession_test_P23,P23,3,15749,-8431.432150778719,143109.48189336422,-187500.02235174447,187500.0
OpenBCISession_test_P23,P23,4,15749,-59050.33012509611,100855.22703811146,-187500.02235174447,187500.0
OpenBCISession_test_P23,P23,5,15749,-66844.730596066,94014.25597979834,-187500.02235174447,187500.0
OpenBCISession_test_P23,P23,6,15749,48352.79796937966,180603.59217165332,-187500.02235174447,187500.0
OpenBCISession_test_P23,P23,7,15749,-173079.72337308104,67555.87512103897,-187500.02235174447,187500.0
OpenBCISession_test_P23,P23,8,15749,-84070.71707036378,82064.92947981284,-187500.02235174447,187500.0
OpenBCISession_test_P23,P23,9,15749,-70828.02854057291,83276.33641591095,-187500.02235174447,187500.0
OpenBCISession_test_P23,P23,10,15749,-80401.14546194703,145078.75679099257,-187500.02235174447,187500.0
OpenBCISession_test_P23,P23,11,15749,-95309.38258636021,143585.23983271167,-187500.02235174447,187500.0
OpenBCISession_test_P23,P23,12,15749,-113545.59447386226,86525.33732776379,-187500.02235174447,187500.0
OpenBCISession_test_P23,P23,13,15749,-20850.971420663474,103531.52383304772,-187500.02235174447,187500.0
OpenBCISession_test_P23,P23,14,15749,-159258.6380551704,75985.81746351157,-187500.02235174447,187500.0
OpenBCISession_test_P23,P23,15,15749,-173985.69858253017,52295.55292263914,-187500.02235174447,187500.0
OpenBCISession_P23,P23,0,8172,35910.088383222865,8183.163069691989,0.0,40754.31564501711
OpenBCISession_P23,P23,1,8172,39916.96882851085,8047.599316304482,0.0,43188.13004352213
OpenBCISession_P23,P23,2,8172,-26498.731083283674,5414.313326554794,-29033.396128820914,0.0
OpenBCISession_P23,P23,3,8172,-8932.239706423528,3782.7646825938796,-13689.66116781964,4056.3275285157597
OpenBCISession_P23,P23,4,8172,22734.781116905535,11765.3706460401,-3758.110553993053,40020.463171060466
OpenBCISession_P23,P23,5,8172,-6830.776366610477,5532.636932416508,-14386.9461878474,4335.500816762545
OpenBCISession_P23,P23,6,8172,187465.58369633785,1796.034270743514,93749.98882412778,187500.0
OpenBCISession_P23,P23,7,8172,-187441.18677273477,1909.5931824744305,-187500.02235174447,-93750.01117587223
OpenBCISession_P23,P23,8,8172,-9477.659767469895,7047.546008306001,-43466.02928233496,10438.622288539684
OpenBCISession_P23,P23,9,8172,3115.8877107312014,3873.879773977384,-3857.4417063524374,10461.443419628551
OpenBCISession_P23,P23,10,8172,-24787.18998412487,1333.2129696973018,-26150.73634990887,-1911.0965026732092
OpenBCISession_P23,P23,11,8172,-14249.345878594553,3094.8347852293796,-93750.01117587223,-5696.722054090746
OpenBCISession_P23,P23,12,8172,-7636.650365146248,1600.328114885409,-10161.080677638136,-2588.0190835021835
OpenBCISession_P23,P23,13,8172,20482.35698610765,791.5078202227453,10019.437673024855,23053.81274864826
OpenBCISession_P23,P23,14,8172,34223.4804361912,2095.5678733004065,3714.144672649464,37110.86954007978
OpenBCISession_P23,P23,15,8172,16489.4532791831,2289.8312635024163,6186.225257661969,22560.956783408736
OpenBCISession_P24_test,P24,0,8149,-45761.96740460018,73007.95223953902,-187500.02235174447,17310.889638768393
OpenBCISession_P24_test,P24,1,8149,-39536.376616115376,75269.89669503551,-187500.02235174447,187500.0
OpenBCISession_P24_test,P24,2,8149,-126661.43588106883,69121.7467504168,-187500.02235174447,-35301.31701246703
OpenBCISession_P24_test,P24,3,8149,-128878.59988941334,68800.4913030336,-187500.02235174447,66417.71691056692
OpenBCISession_P24_test,P24,4,8149,-65942.96685674514,52364.07608684491,-187500.02235174447,187500.0
OpenBCISession_P24_test,P24,5,8149,-110285.2168054483,66684.87805247775,-187500.02235174447,10605.656874854192
OpenBCISession_P24_test,P24,6,8149,-18026.55161357289,85820.38351209562,-187500.02235174447,187500.0
OpenBCISession_P24_test,P24,7,8149,-59911.68285209499,53809.16204270705,-187500.02235174447,187500.0
OpenBCISession_P24_test,P24,8,8149,-61881.64215950095,77539.6620582962,-187500.02235174447,187500.0
OpenBCISession_P24_test,P24,9,8149,-51942.280234992875,80424.15625964584,-187500.02235174447,187500.0
OpenBCISession_P24_test,P24,10,8149,-128718.51449857577,73053.2796918586,-187500.02235174447,-3421.6273929628605
OpenBCISession_P24_test,P24,11,8149,-130561.75810766198,76533.84237160895,-187500.02235174447,29521.200599813536
OpenBCISession_P24_test,P24,12,8149,-84011.36323721646,69076.89513116742,-187500.02235174447,-13958.1950257057
OpenBCISession_P24_test,P24,13,8149,-84891.80337204093,73870.16022103732,-187500.02235174447,187500.0
OpenBCISession_P24_test,P24,14,8149,-87463.21554827414,104313.1324320326,-187500.02235174447,187500.0
OpenBCISession_P24_test,P24,15,8149,-174625.4565684695,48697.21872520721,-187500.02235174447,187500.0
OpenBCISession_P24,P24,0,9601,7659.757897381481,3140.8695446690035,-960.6779766890976,12868.234559087106
OpenBCISession_P24,P24,1,9601,13222.629701789116,3229.427104285353,5501.457214529182,22868.42738013594
OpenBCISession_P24,P24,2,9601,-46788.3157590371,4156.178561154946,-56067.27225390342,-28062.816329338115
OpenBCISession_P24,P24,3,9601,-54772.560051157285,4392.203448395975,-64637.691037379635,-32355.267686279738
OpenBCISession_P24,P24,4,9601,-39091.20376181528,4052.5879873384724,-50784.14687921368,-25420.683672509633
OpenBCISession_P24,P24,5,9601,-45218.88179919211,2906.3824294677656,-51378.88209568049,-25732.490507661165
OpenBCISession_P24,P24,6,9601,-41943.17562925106,4120.842985247299,-50785.89031528119,-25379.93644236761
OpenBCISession_P24,P24,7,9601,-58042.27519230754,2441.5929976627426,-66923.73805329061,-33496.905386079
OpenBCISession_P24,P24,8,9601,-17933.841773330565,2618.632467544884,-27037.69827338437,-11610.63600905371
OpenBCISession_P24,P24,9,9601,-7652.7577551913455,2739.33358251616,-15302.406585503411,-4037.3732492176596
OpenBCISession_P24,P24,10,9601,-26470.432396346925,3623.1223632523106,-36824.275472673835,-19680.576882431138
OpenBCISession_P24,P24,11,9601,-18176.438146395347,2140.9274398139287,-24899.686861000882,-12580.142924802652
OpenBCISession_P24,P24,12,9601,-31777.331338801483,2953.8427447915606,-38542.74464163121,-20392.23407414366
OpenBCISession_P24,P24,13,9601,-23752.606689523633,2783.393787122851,-29360.29039147978,-15801.677501401604
OpenBCISession_P24,P24,14,9601,-17280.4048765025,4571.213523744944,-27717.280711803523,-10439.49400657344
OpenBCISession_P24,P24,15,9601,5330.877922308596,3817.2710667538704,-9381.00479614792,10652.0143928545
OpenBCISession_P25_test,P25,0,10622,36673.09112869661,125194.73582841392,-187500.02235174447,187500.0
OpenBCISession_P25_test,P25,1,10622,33411.44513881123,134202.85180696743,-187500.02235174447,187500.0
OpenBCISession_P25_test,P25,2,10622,53165.57477120544,104363.11531031766,-187500.02235174447,187500.0
OpenBCISession_P25_test,P25,3,10622,37179.34745082776,121891.47290286237,-187500.02235174447,187500.0
OpenBCISession_P25_test,P25,4,10622,16132.64003827442,79217.34450208621,-187500.02235174447,187500.0
OpenBCISession_P25_test,P25,5,10622,8350.683512070744,67784.0975714223,-57499.23676243267,187500.0
OpenBCISession_P25_test,P25,6,10622,-9781.97110490015,187063.18558473987,-187500.02235174447,187500.0
OpenBCISession_P25_test,P25,7,10622,-132397.57146971213,110318.36615831677,-187500.02235174447,187500.0
OpenBCISession_P25_test,P25,8,10622,16043.84096603631,81263.41856097497,-89244.34652857143,187500.0
OpenBCISession_P25_test,P25,9,10622,28893.624002253957,123534.90655296715,-187500.02235174447,187500.0
OpenBCISession_P25_test,P25,10,10622,52398.44780954803,122298.0813138808,-187500.02235174447,187500.0
OpenBCISession_P25_test,P25,11,10622,14626.544643557729,155964.79381610424,-187500.02235174447,187500.0
OpenBCISession_P25_test,P25,12,10622,1810.75070484771,86121.38368466764,-187500.02235174447,187500.0
OpenBCISession_P25_test,P25,13,10622,13329.580069461388,86844.61542308748,-187500.02235174447,187500.0
OpenBCISession_P25_test,P25,14,10622,58959.759816244565,177541.63209661352,-187500.02235174447,187500.0
OpenBCISession_P25_test,P25,15,10622,87028.47366451015,112589.04547228686,-187500.02235174447,187500.0
OpenBCISession_P25,P25,0,650,47484.19058822187,950.4938623341325,23952.531689707244,47966.21775224421
OpenBCISession_P25,P25,1,650,-187355.79156531984,3677.1779721947255,-187500.02235174447,-93750.01117587223
OpenBCISession_P25,P25,2,650,-22127.93344638106,437.5549702701746,-22302.391803549745,-11065.074630388573
OpenBCISession_P25,P25,3,650,-25435.01096876899,498.69754399395345,-25643.239992051127,-12826.079169044397
OpenBCISession_P25,P25,4,650,-5196.448782809282,113.67184753784422,-5317.234136728542,-2639.964537616317
OpenBCISession_P25,P25,5,650,-13710.878131402593,279.8189008211006,-13868.117495550812,-6844.126503959478
OpenBCISession_P25,P25,6,650,-187355.79156531984,3677.1779721947255,-187500.02235174447,-93750.01117587223
OpenBCISession_P25,P25,7,650,-20527.794412570085,479.4598413328163,-20891.773210975316,-10077.395746397466
OpenBCISession_P25,P25,8,650,-23611.169177249747,648.3164105080779,-24405.802715516416,-10757.671088894736
OpenBCISession_P25,P25,9,650,24569.522950775776,1026.4478190901937,10178.090355168624,25696.370088621392
OpenBCISession_P25,P25,10,650,-13949.385481082574,483.0462884691784,-14541.821425178221,-4508.682132802264
OpenBCISession_P25,P25,11,650,-1687.086528834243,290.2528500366946,-7286.132250563175,-967.6517209591534
OpenBCISession_P25,P25,12,650,-13224.718439316199,282.91491679624863,-13340.97395431685,-6152.161199112082
OpenBCISession_P25,P25,13,650,-21093.205894063776,416.14145867695413,-21259.660572965215,-10609.747244089514
OpenBCISession_P25,P25,14,650,-187355.79156531984,3677.1779721947255,-187500.02235174447,-93750.01117587223
OpenBCISession_P25,P25,15,650,-21030.0640385044,531.5872459273535,-21499.11481131492,-9757.765800686575
OpenBCISession_P26_test,P26,0,4848,61715.496628904024,89077.22863746357,-27714.822019913438,187500.0
OpenBCISession_P26_test,P26,1,4848,17362.669916810548,55263.69411570182,-187500.02235174447,187500.0
OpenBCISession_P26_test,P26,2,4848,85248.91280078488,130821.51644587262,-187500.02235174447,187500.0
OpenBCISession_P26_test,P26,3,4848,49373.18876880477,126210.35041393453,-187500.02235174447,187500.0
OpenBCISession_P26_test,P26,4,4848,-27220.25922604268,81130.18585935468,-187500.02235174447,187500.0
OpenBCISession_P26_test,P26,5,4848,-21974.441679153748,87965.83686372369,-160325.844326716,187500.0
OpenBCISession_P26_test,P26,6,4848,-164185.8061599824,73217.1845803701,-187500.02235174447,187500.0
OpenBCISession_P26_test,P26,7,4848,-77560.61714772986,106952.66528060596,-187500.02235174447,187500.0
OpenBCISession_P26_test,P26,8,4848,66456.7406543111,117446.28302808385,-187500.02235174447,187500.0
OpenBCISession_P26_test,P26,9,4848,-5477.537883405227,104784.40521082931,-187500.02235174447,187500.0
OpenBCISession_P26_test,P26,10,4848,-3662.3637399151066,98558.9717287308,-172685.77786514498,187500.0
OpenBCISession_P26_test,P26,11,4848,104538.47483568972,112173.10075356117,-70815.53439087086,187500.0
OpenBCISession_P26_test,P26,12,4848,33504.2768327989,120317.58592271183,-187500.02235174447,187500.0
OpenBCISession_P26_test,P26,13,4848,-63949.146296336534,85889.77795135831,-187500.02235174447,187500.0
OpenBCISession_P26_test,P26,14,4848,140986.63150153228,102947.37776054036,-187500.02235174447,187500.0
OpenBCISession_P26_test,P26,15,4848,130707.96128392397,96085.51636581976,-52803.89521168414,187500.0
OpenBCISession_P26,P26,0,9567,10864.207867058329,4925.487514614324,-7023.365142746586,24447.041684036456
OpenBCISession_P26,P26,1,9567,30780.597749188062,2471.0879950813596,7208.951676959,32319.54959864016
OpenBCISession_P26,P26,2,9567,-33264.431174411875,2315.79436882738,-39110.63541300719,-18863.665326078575
OpenBCISession_P26,P26,3,9567,-32141.52016422941,3726.9311410764494,-40702.79487404763,-17044.255679161033
OpenBCISession_P26,P26,4,9567,-31003.983125233648,3395.8386992575056,-38530.78645834762,-19202.09308887638
OpenBCISession_P26,P26,5,9567,-34608.56787560759,2644.14554567726,-41978.900668490016,-20934.57680160723
OpenBCISession_P26,P26,6,9567,-79115.43849211048,61552.03360184628,-187500.02235174447,-15911.066938765878
OpenBCISession_P26,P26,7,9567,-24375.726774038463,5792.037365010354,-33831.82392499733,-3930.129579321096
OpenBCISession_P26,P26,8,9567,-32405.80718833255,1657.057864411204,-35845.58198995376,-19991.668461760102
OpenBCISession_P26,P26,9,9567,-31033.92969433818,2669.552277947817,-39054.82310710229,-21600.5470276531
OpenBCISession_P26,P26,10,9567,-34116.06024432733,6816.706749642695,-183634.15403773237,-14492.178200742985
OpenBCISession_P26,P26,11,9567,-35379.27554452979,3747.1406887208027,-43902.42474108037,-25992.66481312094
OpenBCISession_P26,P26,12,9567,-24051.271795310888,2299.2570589815787,-30606.936586730077,-17472.31393722462
OpenBCISession_P26,P26,13,9567,-20218.020428523014,3377.8766111313375,-27491.081057915817,-15345.27723136869
OpenBCISession_P26,P26,14,9567,-45630.32739054087,16058.931792048332,-76702.60390074301,-16540.357952160593
OpenBCISession_P26,P26,15,9567,-15872.311915612003,4758.340179063888,-31960.625286176837,-10210.790957306739
OpenBCISession_TEST,,0,776,-85047.79795236069,7178.000236196101,-100719.79918715944,-70358.105940593
OpenBCISession_TEST,,1,776,-30247.073472195814,18918.375670120742,-61017.06606353117,-9785.213742877691
OpenBCISession_TEST,,2,776,-138535.23030582778,54941.36282260793,-187500.02235174447,-62665.35075489888
OpenBCISession_TEST,,3,776,-36364.17218683267,16655.835102828936,-65846.47337752263,-11972.84602795196
OpenBCISession_TEST,,4,776,-173686.72092526135,2334.941690961951,-178905.46368425654,-170875.59948868747
OpenBCISession_TEST,,5,776,-187500.02235174447,0.0,-187500.02235174447,-187500.02235174447
OpenBCISession_TEST,,6,776,-167642.48414492316,2101.4714330995203,-172578.60125048176,-164503.6759380908
OpenBCISession_TEST,,7,776,-187500.02235174447,0.0,-187500.02235174447,-187500.02235174447
OpenBCISession_TEST,,8,776,-111113.91241240066,10992.029478076258,-132957.16142143743,-66345.6101829541
OpenBCISession_TEST,,9,776,-25110.6486451631,20194.840379640573,-53453.615719511,5965.434725932447
OpenBCISession_TEST,,10,776,-111578.47501527963,14069.376780660274,-139099.51020473364,-69585.56259698422
OpenBCISession_TEST,,11,776,-142523.2057101346,18141.99640424672,-165138.10785271024,-82442.35306291022
OpenBCISession_TEST,,12,776,-187379.21048167231,3365.4292697110836,-187500.02235174447,-93750.01117587223
OpenBCISession_TEST,,13,776,-159877.7919147688,4145.7805735662705,-165428.68053062924,-81756.31097034347
OpenBCISession_TEST,,14,776,-174746.71550839383,5602.319892493454,-181927.97832822544,-89374.59014351251
OpenBCISession_TEST,,15,776,-185741.61850768497,3591.015936000738,-187500.02235174447,-93750.01117587223
OpenBCISession_P27_test,P27,0,10663,104898.08479489194,80195.06033986033,-187500.02235174447,187500.0
OpenBCISession_P27_test,P27,1,10663,90506.82871781205,103825.49005097996,-187500.02235174447,187500.0
OpenBCISession_P27_test,P27,2,10663,-124454.99673438068,86681.44436199273,-187500.02235174447,183499.95416402273
OpenBCISession_P27_test,P27,3,10663,-125534.07189935347,99426.64669665096,-187500.02235174447,187500.0
OpenBCISession_P27_test,P27,4,10663,-15060.154159453085,108868.47528541132,-187500.02235174447,187500.0
OpenBCISession_P27_test,P27,5,10663,40360.99531821252,87532.21312330272,-187500.02235174447,187500.0
OpenBCISession_P27_test,P27,6,10663,-169107.67731255974,58841.02237683035,-187500.02235174447,187500.0
OpenBCISession_P27_test,P27,7,10663,-87821.22797393,111708.57904886057,-187500.02235174447,187500.0
OpenBCISession_P27_test,P27,8,10663,71080.35991345004,103181.32419661294,-187500.02235174447,187500.0
OpenBCISession_P27_test,P27,9,10663,-4330.865065381715,170828.71525484533,-187500.02235174447,187500.0
OpenBCISession_P27_test,P27,10,10663,24432.420129937003,153144.1622982255,-187500.02235174447,187500.0
OpenBCISession_P27_test,P27,11,10663,83388.55973458423,147396.62713059015,-187500.02235174447,187500.0
OpenBCISession_P27_test,P27,12,10663,-38997.103126028735,116651.64886629161,-187500.02235174447,187500.0
OpenBCISession_P27_test,P27,13,10663,-47222.80533467992,99905.52845501232,-187500.02235174447,187500.0
OpenBCISession_P27_test,P27,14,10663,-137831.98493118625,105977.26102791894,-187500.02235174447,187500.0
OpenBCISession_P27_test,P27,15,10663,-153064.21986992037,102904.33317069236,-187500.02235174447,187500.0
OpenBCISession_P27,P27,0,8961,29321.22652132397,941.717991725006,14613.570524879757,30686.06176210186
OpenBCISession_P27,P27,1,8961,28624.189879787184,1002.9672310355082,14677.183589599561,30281.249318271795
OpenBCISession_P27,P27,2,8961,-10822.737515871344,593.976711875387,-14970.01379370854,-5821.243622451261
OpenBCISession_P27,P27,3,8961,-30217.858698432057,2343.759039575168,-39865.2079540739,-17097.92221759823
OpenBCISession_P27,P27,4,8961,48182.75274230585,2157.0788715365798,22281.090591083837,52142.440038018234
OpenBCISession_P27,P27,5,8961,53874.86875064139,2957.5936445981074,24171.019991757872,58524.53363234206
OpenBCISession_P27,P27,6,8961,-187423.30727361,1939.781605249269,-187500.02235174447,-93750.01117587223
OpenBCISession_P27,P27,7,8961,-187489.56034848897,990.3599962438155,-187500.02235174447,-93750.01117587223
OpenBCISession_P27,P27,8,8961,-120861.71189962984,79879.61172443075,-187500.02235174447,29287.043724899737
OpenBCISession_P27,P27,9,8961,20401.766246326868,55067.03526970339,-150977.02604258372,87840.54521805588
OpenBCISession_P27,P27,10,8961,22414.52733019235,3439.859337178387,9315.715350593968,31133.275465163646
OpenBCISession_P27,P27,11,8961,-38183.849463011706,70525.01069386402,-187500.02235174447,32793.67480202613
OpenBCISession_P27,P27,12,8961,59147.12834645445,2569.2629651673046,26292.625223711162,63706.80793604946
OpenBCISession_P27,P27,13,8961,27345.186744523005,2033.239109863444,10397.316264786275,32420.288910900228
OpenBCISession_P27,P27,14,8961,20344.512887712946,4353.256232902113,5658.925254216821,29349.38274018559
OpenBCISession_P27,P27,15,8961,51463.172709059814,7575.0672249650315,-41697.514557542156,66990.10038257843
OpenBCISession_P28_test,P28,0,12781,79515.92130023394,122368.6606155622,-187500.02235174447,187500.0
OpenBCISession_P28_test,P28,1,12781,126857.97093089877,102468.3962531475,-156056.37056307442,187500.0
OpenBCISession_P28_test,P28,2,12781,96911.77797302083,132652.7980452533,-187500.02235174447,187500.0
OpenBCISession_P28_test,P28,3,12781,99398.9719171318,133244.00650107354,-187500.02235174447,187500.0
OpenBCISession_P28_test,P28,4,12781,-27047.16110413956,88271.1968248624,-187500.02235174447,187500.0
OpenBCISession_P28_test,P28,5,12781,-35501.31544644306,94415.68376317841,-187500.02235174447,187500.0
OpenBCISession_P28_test,P28,6,12781,-29863.439021126585,44794.43731990783,-187500.02235174447,52054.44122009769
OpenBCISession_P28_test,P28,7,12781,-30189.03013213908,74484.01028436408,-187500.02235174447,73670.54506189168
OpenBCISession_P28_test,P28,8,12781,4749.597076276905,156392.80400094038,-187500.02235174447,187500.0
OpenBCISession_P28_test,P28,9,12781,133871.80074531064,104457.88598670208,-187500.02235174447,187500.0
OpenBCISession_P28_test,P28,10,12781,28286.8589865469,157956.82587599623,-187500.02235174447,187500.0
OpenBCISession_P28_test,P28,11,12781,123661.96315697182,119639.94247282107,-141269.93164657732,187500.0
OpenBCISession_P28_test,P28,12,12781,-25855.70772293183,92461.25607914437,-187500.02235174447,187500.0
OpenBCISession_P28_test,P28,13,12781,11650.929392629676,100326.57870823017,-187500.02235174447,187500.0
OpenBCISession_P28_test,P28,14,12781,89779.51975518414,125130.17182444145,-187500.02235174447,187500.0
OpenBCISession_P28_test,P28,15,12781,82165.82868984967,115634.8526643895,-187500.02235174447,187500.0
OpenBCISession_P28,P28,0,8582,53732.80353040138,1138.4203204809405,25756.67509516181,55611.698998415355
OpenBCISession_P28,P28,1,8582,64320.47117593747,687.2834287358515,32795.86527298275,65970.50320750514
OpenBCISession_P28,P28,2,8582,22550.59376250213,4079.5796817072924,-291.4443959527488,35626.84781871412
OpenBCISession_P28,P28,3,8582,-35108.49690472227,2339.425385427066,-40241.94660686811,-20076.64979417918
OpenBCISession_P28,P28,4,8582,23968.73196686759,1932.5825710878732,11020.862879855977,31135.331825653535
OpenBCISession_P28,P28,5,8582,69894.60906722602,6839.154004113515,34745.652645308095,79472.67794283366
OpenBCISession_P28,P28,6,8582,2474.767149056616,3368.963281038627,-162.1172025343421,24816.53837162714
OpenBCISession_P28,P28,7,8582,30349.690753072173,9299.962551321014,11184.83527718011,55252.50646501857
OpenBCISession_P28,P28,8,8582,-100108.2861970683,33413.203557175184,-160607.18573417494,93749.98882412778
OpenBCISession_P28,P28,9,8582,45129.12326497803,2468.4637278808095,19805.54548568076,68494.2163222094
OpenBCISession_P28,P28,10,8582,33617.27126977112,17651.748300119183,-122254.83325181405,49669.59949369425
OpenBCISession_P28,P28,11,8582,41654.73174033293,2120.7583866361015,27368.906422723107,52033.96702217663
OpenBCISession_P28,P28,12,8582,29339.67140728214,1762.1662432753246,16264.850350004477,34891.363667412246
OpenBCISession_P28,P28,13,8582,54955.86364504584,4547.790891586322,26925.514867963182,63987.389384196926
OpenBCISession_P28,P28,14,8582,49067.41243690487,2906.0346605773493,11665.934224836139,60836.24045088774
OpenBCISession_P28,P28,15,8582,15494.382111409584,4866.409938873179,1716.4798637008505,34420.926501861395
OpenBCISession_P29test,P29,0,7257,17942.94227995314,84684.46253191946,-187500.02235174447,101437.17842545253
OpenBCISession_P29test,P29,1,7257,87053.19977741456,55065.98637918277,-164226.022568467,187500.0
OpenBCISession_P29test,P29,2,7257,-99002.47204850736,109690.73232101796,-187500.02235174447,187500.0
OpenBCISession_P29test,P29,3,7257,-29764.634822367887,129063.8803173219,-187500.02235174447,187500.0
OpenBCISession_P29test,P29,4,7257,-34153.88355183873,87471.53786367783,-187500.02235174447,187500.0
OpenBCISession_P29test,P29,5,7257,59340.121024167136,93868.15243213775,-187500.02235174447,187500.0
OpenBCISession_P29test,P29,6,7257,-11848.003077419242,106877.83559688971,-187500.02235174447,187500.0
OpenBCISession_P29test,P29,7,7257,-98658.78986706749,115732.34388570888,-187500.02235174447,187500.0
OpenBCISession_P29test,P29,8,7257,-51799.19205084195,68669.66607439687,-187500.02235174447,53446.172588607384
OpenBCISession_P29test,P29,9,7257,44894.17500287032,85006.56475410872,-164231.7222633031,187500.0
OpenBCISession_P29test,P29,10,7257,-62110.06393417614,98046.58473075544,-187500.02235174447,187500.0
OpenBCISession_P29test,P29,11,7257,123592.71819916143,116202.30207610106,-187500.02235174447,187500.0
OpenBCISession_P29test,P29,12,7257,-46660.2076398995,86076.67194591962,-187500.02235174447,77939.43768017742
OpenBCISession_P29test,P29,13,7257,-14495.306062035088,98615.69427397197,-187500.02235174447,75063.6175350687
OpenBCISession_P29test,P29,14,7257,-116902.64567147628,97170.64167210003,-187500.02235174447,44573.848792773344
OpenBCISession_P29test,P29,15,7257,-98103.32095832135,122948.64803808997,-187500.02235174447,185237.75759193394
OpenBCISession_P29,P29,0,12948,39295.731075429176,7965.2041684442165,-165077.2664043029,60598.28377941654
OpenBCISession_P29,P29,1,12948,55991.134228289855,8951.623205300326,-139766.4415557911,94506.88594661784
OpenBCISession_P29,P29,2,12948,-19675.607225467902,8373.329387535241,-187500.02235174447,10569.46940058105
OpenBCISession_P29,P29,3,12948,2996.1099903381096,7916.903695432214,-187500.02235174447,27038.190011762385
OpenBCISession_P29,P29,4,12948,3992.1905045876733,7588.600780680495,-187500.02235174447,28040.196363949344
OpenBCISession_P29,P29,5,12948,-14875.163598169545,7616.1916414714,-187500.02235174447,5403.8247947484015
OpenBCISession_P29,P29,6,12948,39302.74859618131,13864.607239013623,-152843.79903600205,70844.47989994049
OpenBCISession_P29,P29,7,12948,-1632.1320913747843,8915.70800279146,-187500.02235174447,22103.841257553253
OpenBCISession_P29,P29,8,12948,-30571.744251893386,8137.796120756091,-187500.02235174447,-9548.464065607079
OpenBCISession_P29,P29,9,12948,-19342.15595566264,7695.0156050899295,-187500.02235174447,6753.28901449311
OpenBCISession_P29,P29,10,12948,27227.457005484393,11053.551411419656,-164420.3039312725,74189.73138209956
OpenBCISession_P29,P29,11,12948,-1833.0059465336096,7917.292112923285,-187500.02235174447,27079.876015171532
OpenBCISession_P29,P29,12,12948,-1136.2359367302627,7839.584702807131,-187500.02235174447,22119.979217049982
OpenBCISession_P29,P29,13,12948,41085.01652990506,8992.586986225304,-167250.25829675893,61744.05655194003
OpenBCISession_P29,P29,14,12948,44741.2304474053,11284.0668249208,-175843.34174911282,63116.028978351234
OpenBCISession_P29,P29,15,12948,22379.38027782404,10229.24748012369,-177679.2916869273,43544.08157397289
OpenBCISession_P30,P30,0,11383,-9960.646073784885,4784.109520967698,-19660.482664165815,-2651.967424388817
OpenBCISession_P30,P30,1,11383,56581.734550691355,3311.0636644583046,29525.84976266024,67437.80582401823
OpenBCISession_P30,P30,2,11383,-18896.279869189704,1612.465369217299,-23063.781626675325,-10626.019314052977
OpenBCISession_P30,P30,3,11383,-34819.23160337167,1972.0105422928775,-38940.89626561359,-19070.262500078978
OpenBCISession_P30,P30,4,11383,47300.97085244762,3180.5983588512995,23741.665332515877,63473.58983440278
OpenBCISession_P30,P30,5,11383,13303.051994099285,2441.872223708586,4150.1377999946835,21623.926952353355
OpenBCISession_P30,P30,6,11383,27684.54393805111,3554.553218927944,15048.066085346472,39428.70073660621
OpenBCISession_P30,P30,7,11383,43100.05014235615,2920.2212207477155,16451.576823184114,45246.032803777794
OpenBCISession_P30,P30,8,11383,-9587.758689592101,2109.294877877318,-36981.229422239,16527.46099560988
OpenBCISession_P30,P30,9,11383,31425.425236065865,9150.778441289342,3861.3532616321163,85409.83771203014
OpenBCISession_P30,P30,10,11383,28250.262857397065,11252.74550935703,13472.133990780592,50581.081280837214
OpenBCISession_P30,P30,11,11383,41303.801776367916,2226.543566361772,20976.218101527465,55236.45791249966
OpenBCISession_P30,P30,12,11383,31206.35132734307,5285.8591419117965,1120.6047082668197,36595.99710655178
OpenBCISession_P30,P30,13,11383,45388.01583648783,2713.46256481234,21346.966486807643,51029.03259146602
OpenBCISession_P30,P30,14,11383,29585.821923979973,8546.873555312639,4377.9467794831735,36457.01395952868
OpenBCISession_P30,P30,15,11383,-16015.256941728747,209.64610596258862,-16550.907975543498,-10068.723269548807
OpenBCISession_P31 test,P31,0,12224,105942.33771926646,100914.75289337404,-187500.02235174447,187500.0
OpenBCISession_P31 test,P31,1,12224,49093.71085893083,59735.05686172316,-93230.44487600862,187500.0
OpenBCISession_P31 test,P31,2,12224,22309.77689378966,78272.94084449498,-187500.02235174447,187500.0
OpenBCISession_P31 test,P31,3,12224,-55296.258498094925,80308.77716101486,-187500.02235174447,187500.0
OpenBCISession_P31 test,P31,4,12224,-182178.82316841406,25540.98966487922,-187500.02235174447,45546.44024925712
OpenBCISession_P31 test,P31,5,12224,48411.091300436114,107682.20990923987,-187500.02235174447,187500.0
OpenBCISession_P31 test,P31,6,12224,-43378.62716675945,122419.04299595844,-187500.02235174447,187500.0
OpenBCISession_P31 test,P31,7,12224,-42840.15254361849,103852.27289776389,-187500.02235174447,187500.0
OpenBCISession_P31 test,P31,8,12224,64204.1999322002,139669.37735469925,-187500.02235174447,187500.0
OpenBCISession_P31 test,P31,9,12224,122077.73008413658,89071.51430600692,-131632.03825140456,187500.0
OpenBCISession_P31 test,P31,10,12224,118176.08977426194,107861.79484777211,-187207.21449937994,187500.0
OpenBCISession_P31 test,P31,11,12224,-149530.36245347868,88873.64871874951,-187500.02235174447,187500.0
OpenBCISession_P31 test,P31,12,12224,124029.14121086085,110755.63783335662,-187500.02235174447,187500.0
OpenBCISession_P31 test,P31,13,12224,141855.0206608995,89121.92490287454,-126780.21213772442,187500.0
OpenBCISession_P31 test,P31,14,12224,75049.59436802729,118777.83085260451,-187500.02235174447,187500.0
OpenBCISession_P31 test,P31,15,12224,158988.05105095563,97611.4599774482,-187500.02235174447,187500.0
OpenBCISession_P31,P31,0,11374,55140.333708806276,833.1818101027304,27352.56729752628,57509.22799220419
OpenBCISession_P31,P31,1,11374,56418.88831234271,3030.9421181160214,26081.580052564153,61057.500369250825
OpenBCISession_P31,P31,2,11374,21835.856819459168,4163.877740161735,5728.729752150745,29737.252561718535
OpenBCISession_P31,P31,3,11374,-18483.13010352186,1597.4397543619837,-23736.323265591058,-9389.498459040935
OpenBCISession_P31,P31,4,11374,-187491.77986790685,879.052303307218,-187500.02235174447,-93750.01117587223
OpenBCISession_P31,P31,5,11374,17561.83194862364,2424.0542942758034,6391.749547928518,22850.56833631615
OpenBCISession_P31,P31,6,11374,75532.16735775652,10515.045423516474,-69773.16078819762,87048.80172595999
OpenBCISession_P31,P31,7,11374,54946.841094925236,3791.030569650782,24289.23836818199,73365.6672675213
OpenBCISession_P31,P31,8,11374,-186147.9686094963,5196.8043694013495,-187500.02235174447,-47573.385843442185
OpenBCISession_P31,P31,9,11374,56956.62783815155,6246.654305301984,21513.464631255225,76949.14364208504
OpenBCISession_P31,P31,10,11374,30969.949625553705,2357.257513825159,11347.399514603558,38688.76858815773
OpenBCISession_P31,P31,11,11374,21124.92146882475,14217.421829039587,-11731.357780856823,39634.85087571751
OpenBCISession_P31,P31,12,11374,48259.68227111288,5820.634481004998,20803.394413399034,65405.786383841805
OpenBCISession_P31,P31,13,11374,29283.64912887803,3344.3407104017356,10560.014612676456,41911.53251070172
OpenBCISession_P31,P31,14,11374,46998.44275868291,4740.124900293475,12598.560762233827,75601.51226538567
OpenBCISession_P31,P31,15,11374,187491.75751616238,879.052303307218,93749.98882412778,187500.0
OpenBCISession_P32_test,P32,0,6961,-90216.93227269278,126435.86777787919,-187500.02235174447,115601.12125886933
OpenBCISession_P32_test,P32,1,6961,44684.77235099683,143246.0891308479,-187500.02235174447,187500.0
OpenBCISession_P32_test,P32,2,6961,-114366.72531269415,107885.20470469129,-187500.02235174447,62173.25474897084
OpenBCISession_P32_test,P32,3,6961,-71263.0969526129,113712.74038025277,-187500.02235174447,187500.0
OpenBCISession_P32_test,P32,4,6961,-57471.20476893423,126877.45724582933,-187500.02235174447,109889.49059122689
OpenBCISession_P32_test,P32,5,6961,-36549.271447838495,105964.56723864895,-187500.02235174447,187500.0
OpenBCISession_P32_test,P32,6,6961,-114128.06630002693,125883.19921760453,-187500.02235174447,187500.0
OpenBCISession_P32_test,P32,7,6961,-3104.3991343266734,147768.64836949355,-187500.02235174447,187500.0
OpenBCISession_P32_test,P32,8,6961,-34481.15849355951,110301.61041357594,-187500.02235174447,113655.53601450159
OpenBCISession_P32_test,P32,9,6961,16461.35193364625,112728.68671874418,-187500.02235174447,187500.0
OpenBCISession_P32_test,P32,10,6961,-90209.28335867684,123150.13089266683,-187500.02235174447,187500.0
OpenBCISession_P32_test,P32,11,6961,-76946.552718161,157186.92062472983,-187500.02235174447,187500.0
OpenBCISession_P32_test,P32,12,6961,-58283.075864022445,134373.35288007467,-187500.02235174447,187500.0
OpenBCISession_P32_test,P32,13,6961,-6534.737449395844,121276.49014171497,-187500.02235174447,107974.10255361827
OpenBCISession_P32_test,P32,14,6961,-112567.00333981455,120875.29715538787,-187500.02235174447,187500.0
OpenBCISession_P32_test,P32,15,6961,15513.224135552813,185174.36204004084,-187500.02235174447,187500.0
OpenBCISession_P32,P32,0,9478,45801.917356136706,2604.0377487104124,26692.09560061641,53450.91115843191
OpenBCISession_P32,P32,1,9478,110044.97849935306,2390.3372476942427,57466.737325994654,115126.45961361643
OpenBCISession_P32,P32,2,9478,39526.136513860954,3790.847480587516,17650.926727166978,52988.31945518487
OpenBCISession_P32,P32,3,9478,10496.478623506768,890.0101788808404,4371.665939291232,11469.060059673795
OpenBCISession_P32,P32,4,9478,39359.110047092465,3142.4602086411205,22698.710584486795,51294.57131559507
OpenBCISession_P32,P32,5,9478,15459.074249737345,2027.5115115238063,9293.65417881658,22838.94542919939
OpenBCISession_P32,P32,6,9478,69983.36045827102,2708.8835993165994,33467.24462118681,90761.69470091995
OpenBCISession_P32,P32,7,9478,22910.95680933588,2105.884444895301,13711.789394830394,36433.4999243617
OpenBCISession_P32,P32,8,9478,25025.96032928323,1649.9904444872452,18841.96178221247,32727.983025071982
OpenBCISession_P32,P32,9,9478,57817.78953234635,1641.9605993575044,31267.38593189549,73083.23062458404
OpenBCISession_P32,P32,10,9478,74771.64710903954,2452.108698011415,36270.19807937123,84316.92681514345
OpenBCISession_P32,P32,11,9478,52652.37485375402,28640.771819355017,-147210.51123267546,65556.79476938186
OpenBCISession_P32,P32,12,9478,44957.38890594958,1987.9725437242137,30053.440338783308,50152.03954601759
OpenBCISession_P32,P32,13,9478,50255.92987175145,4690.101211225746,29326.42749862999,63842.66183884881
OpenBCISession_P32,P32,14,9478,37779.28710998933,3103.2209751089667,33650.4395187425,49158.83978114602
OpenBCISession_P32,P32,15,9478,51893.78842235775,3894.0979325829157,6876.26831248621,61275.1616567566
OpenBCISession_P33_test,P33,0,5652,-91374.43100867837,122822.97949768456,-187500.02235174447,187500.0
OpenBCISession_P33_test,P33,1,5652,-51293.922177751425,136978.18375942603,-187500.02235174447,187500.0
OpenBCISession_P33_test,P33,2,5652,-39058.19460595476,82577.80750757507,-187500.02235174447,169330.1775253031
OpenBCISession_P33_test,P33,3,5652,-44725.219448996926,147653.51290109075,-187500.02235174447,187500.0
OpenBCISession_P33_test,P33,4,5652,-53207.942614463136,63883.27155673414,-187500.02235174447,187500.0
OpenBCISession_P33_test,P33,5,5652,-11974.510374752444,64132.50909179057,-187500.02235174447,187500.0
OpenBCISession_P33_test,P33,6,5652,-45434.757962670126,55617.44123063002,-187500.02235174447,29571.76024577144
OpenBCISession_P33_test,P33,7,5652,-46397.651376091155,44563.42703860182,-187500.02235174447,113346.67960961815
OpenBCISession_P33_test,P33,8,5652,-55962.66243970049,106992.18479321661,-187500.02235174447,187500.0
OpenBCISession_P33_test,P33,9,5652,-146984.74507291702,97737.31901836772,-187500.02235174447,187500.0
OpenBCISession_P33_test,P33,10,5652,-129623.60843974179,87181.08745167618,-187500.02235174447,183181.9782474015
OpenBCISession_P33_test,P33,11,5652,-18590.908657357428,157008.6734297924,-187500.02235174447,187500.0
OpenBCISession_P33_test,P33,12,5652,-32133.771694423172,114094.56983737762,-187500.02235174447,187500.0
OpenBCISession_P33_test,P33,13,5652,-140299.4391146008,99512.19779345991,-187500.02235174447,187500.0
OpenBCISession_P33_test,P33,14,5652,-105306.55589216057,96955.02313284329,-187500.02235174447,187500.0
OpenBCISession_P33_test,P33,15,5652,-164191.61713566343,70377.5544604317,-187500.02235174447,179210.47558909364
OpenBCISession_P33,P33,0,9289,51149.84338283924,7167.956682980897,25085.40750568003,65384.35106090916
OpenBCISession_P33,P33,1,9289,72120.06123328213,6455.863618628617,43186.38660745462,94117.58561343976
OpenBCISession_P33,P33,2,9289,19288.656799196047,15598.084248280718,6480.66478737173,75302.08829666238
OpenBCISession_P33,P33,3,9289,19151.786903856144,11356.456282224162,2745.576530167643,35667.39388315605
OpenBCISession_P33,P33,4,9289,-32938.29390929002,7255.746531888234,-58295.160030741696,-3142.074125060335
OpenBCISession_P33,P33,5,9289,-29467.433758855565,8330.63363423369,-49580.14781238411,33041.756813735585
OpenBCISession_P33,P33,6,9289,-8485.061809887306,11847.836796526011,-47555.415040900116,187500.0
OpenBCISession_P33,P33,7,9289,-55399.28480517854,11044.98366582299,-76840.31299833214,80497.48307436504
OpenBCISession_P33,P33,8,9289,22602.660265886967,10412.377662334238,190.74978718159048,43420.47642713504
OpenBCISession_P33,P33,9,9289,39104.96707654485,13968.801464745711,-1036.3833351592225,71784.46016126397
OpenBCISession_P33,P33,10,9289,1949.7683580628045,1795.41668572026,-207.82651994544506,10954.724068012723
OpenBCISession_P33,P33,11,9289,-10073.357927463276,2517.7446792709684,-18421.03373063013,-6425.165405889203
OpenBCISession_P33,P33,12,9289,62906.668162382375,2868.03332196689,39328.58727319089,71987.03402126241
OpenBCISession_P33,P33,13,9289,77372.581795292,2549.375707879078,34780.25314572491,81824.75201186562
OpenBCISession_P33,P33,14,9289,53549.845162474056,9871.794964805646,38711.43325703541,74865.89400361705
OpenBCISession_P33,P33,15,9289,26820.79539315262,16900.859805120792,-5038.396124648586,99774.0968792554
OpenBCISession_P34_test,P34,0,9353,99489.60920984896,83371.79811495027,-61245.88087152015,187500.0
OpenBCISession_P34_test,P34,1,9353,44275.8828780724,56239.15846658712,-125330.14271618638,187500.0
OpenBCISession_P34_test,P34,2,9353,-45030.20298996538,19269.209565349745,-187500.02235174447,21019.401671815118
OpenBCISession_P34_test,P34,3,9353,-101921.45275469801,73471.48894498883,-187500.02235174447,21023.939075939546
OpenBCISession_P34_test,P34,4,9353,17999.139088577183,135199.25712975903,-182797.3941323035,187500.0
OpenBCISession_P34_test,P34,5,9353,3641.988046135252,135914.95772878057,-187500.02235174447,187500.0
OpenBCISession_P34_test,P34,6,9353,-71439.9630407158,52724.189499893895,-179100.50500637354,187500.0
OpenBCISession_P34_test,P34,7,9353,-32271.933987861194,111101.81215693618,-187500.02235174447,187500.0
OpenBCISession_P34_test,P34,8,9353,55915.45495889887,121773.6439681458,-187500.02235174447,187500.0
OpenBCISession_P34_test,P34,9,9353,94613.49426823788,98761.07310745232,-187500.02235174447,187500.0
OpenBCISession_P34_test,P34,10,9353,87477.24135931926,113229.18447349842,-101720.62089689028,187500.0
OpenBCISession_P34_test,P34,11,9353,105242.82342803673,113644.58696724974,-74336.64939840429,187500.0
OpenBCISession_P34_test,P34,12,9353,128010.6690598184,113919.46150069164,-101834.97242152363,187500.0
OpenBCISession_P34_test,P34,13,9353,42904.44991422813,116850.2722738355,-187500.02235174447,187500.0
OpenBCISession_P34_test,P34,14,9353,3586.84905994564,101764.51461532243,-94196.19669868908,187500.0
OpenBCISession_P34_test,P34,15,9353,126977.03021202903,120288.11811847665,-121115.7436508827,187500.0
OpenBCISession_P34,P34,0,10219,70313.19156355297,5864.78279737983,43719.36395399141,88278.48294716871
OpenBCISession_P34,P34,1,10219,32432.176003431385,3791.2266281166726,7582.35991982936,36764.37279753361
OpenBCISession_P34,P34,2,10219,-40991.87493926191,2952.6636678576288,-47933.29363266154,-18574.90313946046
OpenBCISession_P34,P34,3,10219,-36235.51605709633,5305.496460155151,-89754.74861320837,-16785.914216746594
OpenBCISession_P34,P34,4,10219,-27238.02379592744,8562.425266926253,-187500.02235174447,-15831.60648722726
OpenBCISession_P34,P34,5,10219,-43777.10414433522,1636.1616459691347,-46425.22143426197,-22314.126469388782
OpenBCISession_P34,P34,6,10219,-43527.923075981045,6231.6842055257075,-187500.02235174447,-22263.388009475235
OpenBCISession_P34,P34,7,10219,-45230.77544483131,1984.300772546691,-48045.1417619159,-21061.624117091193
OpenBCISession_P34,P34,8,10219,-14213.396755921569,1830.241517056882,-33164.311428584035,-1782.0375301882661
OpenBCISession_P34,P34,9,10219,5430.90784290681,3603.9599317492994,-1120.8282257113726,18658.20809104539
OpenBCISession_P34,P34,10,10219,-33205.768614785695,3670.6145715511325,-36062.37155942578,-11429.855099899185
OpenBCISession_P34,P34,11,10219,-46761.10008548448,2914.5811565084373,-60223.69089409005,-24550.351446908888
OpenBCISession_P34,P34,12,10219,5088.341551493141,6134.174793166643,-39016.02047872788,21405.863333447378
OpenBCISession_P34,P34,13,10219,-33019.69691713841,4625.7954352660745,-41335.84098051083,-21848.47257715137
OpenBCISession_P34,P34,14,10219,-26515.178238282988,2223.9616973020893,-31490.18812062599,-16069.496103465093
OpenBCISession_P34,P34,15,10219,-28718.608764335346,2217.053749532226,-31424.518695416296,-18406.594503712
OpenBCISession_P35_test,P35,0,3080,73249.18366223514,116968.00860261825,-187500.02235174447,187500.0
OpenBCISession_P35_test,P35,1,3080,113934.17054587962,91305.9582609896,-73276.23793795562,187500.0
OpenBCISession_P35_test,P35,2,3080,67096.36473401429,82214.97384897542,-136759.17080154072,187500.0
OpenBCISession_P35_test,P35,3,3080,110458.05309058062,102475.13080620443,-109185.41064088471,187500.0
OpenBCISession_P35_test,P35,4,3080,14502.069348401572,74372.90485132147,-130078.16732861607,187500.0
OpenBCISession_P35_test,P35,5,3080,10935.33373375711,110987.0720226523,-182252.39154724975,187500.0
OpenBCISession_P35_test,P35,6,3080,-15446.996798250157,57615.59942028645,-146468.16509582583,187500.0
OpenBCISession_P35_test,P35,7,3080,-19389.7930821258,92332.89988792928,-187500.02235174447,111575.70619293526
OpenBCISession_P35_test,P35,8,3080,89959.38317341861,75273.8909497375,-68835.9968466755,187500.0
OpenBCISession_P35_test,P35,9,3080,134456.62586870565,92001.8834425068,-77061.28234401731,187500.0
OpenBCISession_P35_test,P35,10,3080,63190.9892109403,52286.554002998106,-53852.907282460605,187500.0
OpenBCISession_P35_test,P35,11,3080,146090.1129659913,91718.92644521897,-78335.15296401417,187500.0
OpenBCISession_P35_test,P35,12,3080,42177.70105328731,85752.52773961116,-187500.02235174447,187500.0
OpenBCISession_P35_test,P35,13,3080,95739.19503629673,94672.380988594,-82633.54988498091,187500.0
OpenBCISession_P35_test,P35,14,3080,73828.9625644955,119461.7426409933,-129149.89938138716,187500.0
OpenBCISession_P35_test,P35,15,3080,-21342.01655511389,163866.7368342729,-187500.02235174447,187500.0
OpenBCISession_P35,P35,0,9845,41223.943913536656,8718.216607570022,23130.792156552336,162898.57481701075
OpenBCISession_P35,P35,1,9845,48162.367028424924,9345.749888446104,24832.38575844595,171311.50320905488
OpenBCISession_P35,P35,2,9845,61760.53950476628,9914.22814238971,24498.070716627924,187500.0
OpenBCISession_P35,P35,3,9845,63730.66062114576,31914.460185126947,-187500.02235174447,187500.0
OpenBCISession_P35,P35,4,9845,80665.5389480957,25119.2014966526,-187500.02235174447,120230.03342509668
OpenBCISession_P35,P35,5,9845,-117004.44581768713,66690.95867707439,-187500.02235174447,-9378.121421113185
OpenBCISession_P35,P35,6,9845,-116448.76846858063,70494.5803497341,-187500.02235174447,73188.5743962019
OpenBCISession_P35,P35,7,9845,52255.27683862391,11339.547162908018,18560.128636375506,187500.0
OpenBCISession_P35,P35,8,9845,66124.98776267949,11070.99767137402,24521.897676217282,187500.0
OpenBCISession_P35,P35,9,9845,43509.94159441394,10890.958290378267,22974.106427920633,180838.55430347376
OpenBCISession_P35,P35,10,9845,35206.181964786636,82573.52877401242,-187500.02235174447,187500.0
OpenBCISession_P35,P35,11,9845,39735.3767464133,10085.976792509517,13534.897689211093,171797.2960230465
OpenBCISession_P35,P35,12,9845,55510.07921132328,8628.30019134591,27165.95258306892,187500.0
OpenBCISession_P35,P35,13,9845,81555.42694763295,10087.318676254397,27041.54277343068,187500.0
OpenBCISession_P35,P35,14,9845,-105845.9732050407,80237.05768809663,-187500.02235174447,18404.046404844095
OpenBCISession_P35,P35,15,9845,-186483.31751510646,9338.148412003105,-187500.02235174447,-932.7606478644191
OpenBCISession_P36_test,P36,0,5260,63568.55090201795,74458.70248161387,774.6667593320321,187500.0
OpenBCISession_P36_test,P36,1,5260,50813.73667094323,121156.46980528899,-187500.02235174447,187500.0
OpenBCISession_P36_test,P36,2,5260,18882.36634226469,91350.87180411395,-40209.491873918996,187500.0
OpenBCISession_P36_test,P36,3,5260,149794.66013712165,75012.75918441897,-20732.829956153626,187500.0
OpenBCISession_P36_test,P36,4,5260,-128726.05920770696,77295.24407181168,-187500.02235174447,40931.74379250334
OpenBCISession_P36_test,P36,5,5260,115842.78546858519,83265.38298548326,5263.791115735903,187500.0
OpenBCISession_P36_test,P36,6,5260,-99941.87577441102,143629.3249779315,-187500.02235174447,187500.0
OpenBCISession_P36_test,P36,7,5260,73551.15815666485,85205.7041509628,-111313.85550664134,187500.0
OpenBCISession_P36_test,P36,8,5260,91336.01498983323,91755.28764461707,-187500.02235174447,187500.0
OpenBCISession_P36_test,P36,9,5260,168850.4396161608,51178.011663677426,-187500.02235174447,187500.0
OpenBCISession_P36_test,P36,10,5260,56710.101897388755,145905.42866852533,-187500.02235174447,187500.0
OpenBCISession_P36_test,P36,11,5260,173433.79497101423,48324.46545560958,-112883.01502263726,187500.0
OpenBCISession_P36_test,P36,12,5260,35992.13583854985,108527.16696662575,-187500.02235174447,187500.0
OpenBCISession_P36_test,P36,13,5260,185985.05424498784,13317.329896895732,41270.35036925678,187500.0
OpenBCISession_P36_test,P36,14,5260,106583.98654058097,99692.35397142833,-23288.997803806997,187500.0
OpenBCISession_P36_test,P36,15,5260,70638.72209343566,96230.51335186887,-13705.307388938356,187500.0
OpenBCISession_P36,P36,0,9261,11268.269012560762,1133.990627483172,-1155.652243572741,13290.548418825678
OpenBCISession_P36,P36,1,9261,25985.085689193576,22611.24766590904,-176.75759515256826,75838.48546010083
OpenBCISession_P36,P36,2,9261,-16668.48488996705,2133.9940615212695,-21276.960823173624,-10618.598534893816
OpenBCISession_P36,P36,3,9261,11225.833797309902,2248.418222075608,5636.752323717156,20245.226650861103
OpenBCISession_P36,P36,4,9261,54173.7819145427,7207.451315980022,19304.06174708149,61601.96651243765
OpenBCISession_P36,P36,5,9261,21782.126162711054,1923.4195509612846,10852.978927252165,25321.508982361436
OpenBCISession_P36,P36,6,9261,67143.49240632144,3407.2306802592557,25427.07627142385,71262.03283811007
OpenBCISession_P36,P36,7,9261,44818.703129075155,3674.518202859855,17331.1403192449,48726.86996780276
OpenBCISession_P36,P36,8,9261,20631.81245264848,3360.8526813738267,10642.760770650002,27128.602818084102
OpenBCISession_P36,P36,9,9261,34829.04474238866,5296.167242010486,21297.323262372407,52489.24970498678
OpenBCISession_P36,P36,10,9261,24456.60312362406,2342.420936200055,10762.230844763619,28832.342187445425
OpenBCISession_P36,P36,11,9261,24952.833876449007,1825.883375493683,11596.308540857857,30358.38518838706
OpenBCISession_P36,P36,12,9261,42150.81121267588,3633.1456712214863,11834.220508840146,55475.375708982436
OpenBCISession_P36,P36,13,9261,38615.48021328545,3131.332658797165,29676.813444711384,49619.688048325545
OpenBCISession_P36,P36,14,9261,-6872.589301270721,1163.3419115124286,-8619.637324766794,-4369.855447990352
OpenBCISession_P36,P36,15,9261,-6511.890956361033,2024.5377307540555,-9631.299630558447,-857.9046556835957
OpenBCISession_P37_test,P37,0,7598,112076.50183140402,61707.31037625316,51695.36044542318,187500.0
OpenBCISession_P37_test,P37,1,7598,110819.70917972506,64756.78629806486,47933.91948150629,187500.0
OpenBCISession_P37_test,P37,2,7598,54083.17529802902,72444.1983891978,-14793.949102634086,187500.0
OpenBCISession_P37_test,P37,3,7598,71598.48542802618,168308.19592474634,-187500.02235174447,187500.0
OpenBCISession_P37_test,P37,4,7598,8432.910910423006,49988.41876221516,-36751.25232353834,187500.0
OpenBCISession_P37_test,P37,5,7598,17901.67634809163,44538.076346952315,-20100.476753768537,187500.0
OpenBCISession_P37_test,P37,6,7598,-15255.557705674626,39162.25392926552,-187500.02235174447,8245.267956884856
OpenBCISession_P37_test,P37,7,7598,12694.57428676067,31592.09420869616,-29831.152240175277,187500.0
OpenBCISession_P37_test,P37,8,7598,82807.4016709839,82827.86390233124,2630.912081111918,187500.0
OpenBCISession_P37_test,P37,9,7598,120672.05040052497,65509.527214737645,12856.790465925988,187500.0
OpenBCISession_P37_test,P37,10,7598,78580.12427656357,79438.74810154873,9962.150151985903,187500.0
OpenBCISession_P37_test,P37,11,7598,110236.82379147397,87475.45272627294,2095.476042685037,187500.0
OpenBCISession_P37_test,P37,12,7598,60584.58477531936,62859.49411054267,2844.795923804751,187500.0
OpenBCISession_P37_test,P37,13,7598,59014.14975076049,60025.927280639065,5082.160840292077,187500.0
OpenBCISession_P37_test,P37,14,7598,-45599.73931654294,112330.99796606165,-187500.02235174447,187500.0
OpenBCISession_P37_test,P37,15,7598,35528.182397089324,55283.68642277392,-29779.251489550054,187500.0
OpenBCISession_P37,P37,0,9818,46613.32004911559,3288.4941001934844,26281.806979394794,53972.891446696696
OpenBCISession_P37,P37,1,9818,43699.226088583586,3101.5666101095035,25310.66838630061,51029.278460655034
OpenBCISession_P37,P37,2,9818,-28737.883660738713,9208.81552941784,-148890.20012500288,-7483.989892481553
OpenBCISession_P37,P37,3,9818,8260.093392260203,2838.8642218949126,4109.211755897017,12106.420052816875
OpenBCISession_P37,P37,4,9818,8764.098290616354,5228.529992502745,1715.5857939226382,18091.68077608118
OpenBCISession_P37,P37,5,9818,30002.583757026096,8778.32390971543,6707.579697082007,43876.362607045485
OpenBCISession_P37,P37,6,9818,12705.345258363584,8000.9393718943,2333.231548456138,29669.43736904113
OpenBCISession_P37,P37,7,9818,33391.34829622375,10010.142309465278,6516.874613389327,45684.149346846265
OpenBCISession_P37,P37,8,9818,79.3388692496949,1215.1256424034873,-2814.50931006781,4571.825810888507
OpenBCISession_P37,P37,9,9818,41462.96963467119,3918.458229501167,21082.701812112547,61439.134054080736
OpenBCISession_P37,P37,10,9818,22719.914749675987,5987.087462098376,5471.0364903255095,47754.68084271918
OpenBCISession_P37,P37,11,9818,17048.128081323855,6815.634169194303,-897.5566503473104,33205.0363069816
OpenBCISession_P37,P37,12,9818,48566.85250426098,5556.697072897507,19470.85046420699,64113.07324326912
OpenBCISession_P37,P37,13,9818,45053.506530999744,7223.981660085712,15375.966176505826,55657.832998971106
OpenBCISession_P37,P37,14,9818,10739.701080889143,7852.956522996699,-7598.252010137083,23931.476346430343
OpenBCISession_P37,P37,15,9818,47897.45414941498,17426.123533770347,-8883.65613027288,90460.1026129845
OpenBCISession_P38_test,P38,0,11372,40386.1066022716,69246.36171410861,-63997.67118664637,187500.0
OpenBCISession_P38_test,P38,1,11372,121719.80165377639,73422.6789003462,-144579.64385505248,187500.0
OpenBCISession_P38_test,P38,2,11372,45052.076628192284,92514.47760856284,-66791.013394715,187500.0
OpenBCISession_P38_test,P38,3,11372,80196.74145536801,118658.592901914,-171930.24419906668,187500.0
OpenBCISession_P38_test,P38,4,11372,-76722.03138761986,92355.90811135793,-187500.02235174447,17003.910780419206
OpenBCISession_P38_test,P38,5,11372,-13250.287685054625,147156.8711523325,-187500.02235174447,187500.0
OpenBCISession_P38_test,P38,6,11372,68410.48558679523,117872.4575959663,-185044.34794716217,187500.0
OpenBCISession_P38_test,P38,7,11372,1858.1146760815145,169489.02337776634,-187500.02235174447,187500.0
OpenBCISession_P38_test,P38,8,11372,-39586.10734241044,136499.73044416058,-187500.02235174447,187500.0
OpenBCISession_P38_test,P38,9,11372,25382.810215901263,89639.29904173405,-187500.02235174447,187500.0
OpenBCISession_P38_test,P38,10,11372,176482.55308465165,43174.79714351765,-15378.603682351553,187500.0
OpenBCISession_P38_test,P38,11,11372,11290.506482592285,56362.235845894866,-187500.02235174447,187500.0
OpenBCISession_P38_test,P38,12,11372,-9084.123069081987,115129.55780302761,-187500.02235174447,187500.0
OpenBCISession_P38_test,P38,13,11372,9848.668981324505,101620.66070394329,-187500.02235174447,187500.0
OpenBCISession_P38_test,P38,14,11372,73750.55227224303,102378.90575913849,-187500.02235174447,187500.0
OpenBCISession_P38_test,P38,15,11372,102577.75042151447,148603.61285537516,-187500.02235174447,187500.0
OpenBCISession_P38,P38,0,12399,2923.7276526610453,1219.3486408496105,402.5325658956249,13071.367212696936
OpenBCISession_P38,P38,1,12399,37330.138887686975,3927.0299354642348,17758.93035637502,63073.404201674966
OpenBCISession_P38,P38,2,12399,-8263.391410718841,2889.6053426564463,-14142.686324439803,3026.9626411155036
OpenBCISession_P38,P38,3,12399,4976.083097164029,5233.129922425624,-6156.229216602947,12870.35797481036
OpenBCISession_P38,P38,4,12399,-4555.588679158718,10898.123152513654,-40964.44439464145,4369.564875312433
OpenBCISession_P38,P38,5,12399,-61075.34151581129,52498.45080021638,-187500.02235174447,-8822.83703360999
OpenBCISession_P38,P38,6,12399,-77526.23753287325,22277.166385444656,-116841.21839299423,-20558.240480213222
OpenBCISession_P38,P38,7,12399,-16920.32491685467,13657.066581970212,-113307.42994635463,-440.1952553028173
OpenBCISession_P38,P38,8,12399,3152.5406291013123,4141.263198606327,-6108.776463124331,12673.170885225642
OpenBCISession_P38,P38,9,12399,14272.392170722811,3956.299093622022,7536.516491951525,22523.607018423918
OpenBCISession_P38,P38,10,12399,-7730.379524346323,2719.609580613057,-11175.961634631352,9037.011448980744
OpenBCISession_P38,P38,11,12399,-4382.670161514565,2908.1454193561963,-13487.936674110493,-1147.4715051020987
OpenBCISession_P38,P38,12,12399,-43247.72963340617,28356.488744740378,-155714.92531477514,5052.276557955332
OpenBCISession_P38,P38,13,12399,11927.174909868596,2386.0567971693426,-1125.0303536689703,16010.152221936254
OpenBCISession_P38,P38,14,12399,-5233.23301816868,3496.7118868360403,-15847.744446723993,7653.997260808619
OpenBCISession_P38,P38,15,12399,-59754.629425320876,68120.80357717187,-187500.02235174447,2704.6281343255205
OpenBCISession_P39_test,P39,0,7315,-5863.222679688889,90130.78430922031,-161661.94220327644,187500.0
OpenBCISession_P39_test,P39,1,7315,-2302.7490888259877,64970.295678904826,-125264.29447702105,187500.0
OpenBCISession_P39_test,P39,2,7315,73762.7791977423,140894.40913048413,-187500.02235174447,187500.0
OpenBCISession_P39_test,P39,3,7315,13672.552635383247,98780.77734797672,-124349.7505008877,187500.0
OpenBCISession_P39_test,P39,4,7315,27563.71073690303,132932.6074546686,-187500.02235174447,187500.0
OpenBCISession_P39_test,P39,5,7315,44555.53729342259,109233.59900235843,-148148.45748525352,187500.0
OpenBCISession_P39_test,P39,6,7315,28919.379480070154,133392.52752380012,-187500.02235174447,187500.0
OpenBCISession_P39_test,P39,7,7315,12319.14279648367,110577.8845827765,-153494.95005547407,187500.0
OpenBCISession_P39_test,P39,8,7315,60109.05816526126,144729.10959021223,-187500.02235174447,187500.0
OpenBCISession_P39_test,P39,9,7315,32180.536207246925,107390.1575392576,-187500.02235174447,187500.0
OpenBCISession_P39_test,P39,10,7315,93223.48011521455,144536.4749882624,-187500.02235174447,187500.0
OpenBCISession_P39_test,P39,11,7315,115734.65791369531,123565.27524398701,-125642.88832460504,187500.0
OpenBCISession_P39_test,P39,12,7315,44052.4273011755,123521.14195195377,-133441.56842727287,187500.0
OpenBCISession_P39_test,P39,13,7315,3105.904550516394,98909.5233340482,-105353.40521972242,187500.0
OpenBCISession_P39_test,P39,14,7315,67675.24558198887,130461.5199084777,-187500.02235174447,187500.0
OpenBCISession_P39_test,P39,15,7315,39924.8926179683,122908.18236997645,-164422.67321618478,187500.0
OpenBCISession_P39_test2,P39,0,111,18155.28216151108,874.089288898042,9101.831507901134,18410.72957643623
OpenBCISession_P39_test2,P39,1,111,11067.296715974746,526.651298884315,5626.582279989992,11268.363746209592
OpenBCISession_P39_test2,P39,2,111,13646.607277923238,667.2834831671533,7008.747101872815,14013.24737229912
OpenBCISession_P39_test2,P39,3,111,-5645.57079168951,323.3903287831399,-5938.232652930338,-2738.3345649641237
OpenBCISession_P39_test2,P39,4,111,-16070.947355918159,770.1030287055268,-16247.348934095971,-8040.771846863252
OpenBCISession_P39_test2,P39,5,111,47451.228123083114,2253.934447922676,23979.443190031434,47984.32266525301
OpenBCISession_P39_test2,P39,6,111,-1288.4238206750042,66.53875588080396,-1352.9957953686471,-649.3405281711255
OpenBCISession_P39_test2,P39,7,111,-1765.4569658779058,135.7219552335119,-1950.0332415143541,-974.5584099958432
OpenBCISession_P39_test2,P39,8,111,19485.963263964793,977.3816188860307,9496.339797537303,20011.96384572552
OpenBCISession_P39_test2,P39,9,111,10152.176628662239,494.3844781803556,5088.352273506198,10360.212368990466
OpenBCISession_P39_test2,P39,10,111,-73944.58590633058,45051.99858673428,-134963.74457642372,-29010.68675645432
OpenBCISession_P39_test2,P39,11,111,12235.55614888854,747.2159109631802,4488.677321514764,12494.75926098338
OpenBCISession_P39_test2,P39,12,111,-12971.788781579073,611.3700377162381,-13132.923916926851,-6598.100852739913
OpenBCISession_P39_test2,P39,13,111,-24902.28308659782,1179.7872534872026,-25129.30633179025,-12598.20313432254
OpenBCISession_P39_test2,P39,14,111,24837.816628247394,1767.7252308151994,8990.989207147266,26657.78567287751
OpenBCISession_P39_test2,P39,15,111,19003.57637254717,922.1877898992254,9412.923087230098,19249.076455721435
OpenBCISession_P39,P39,0,9166,2196.8290720062537,6906.122601949359,0.0,24640.87601195288
OpenBCISession_P39,P39,1,9166,5757.1038968864705,6300.123289376826,0.0,24984.08704806412
OpenBCISession_P39,P39,2,9166,-947.3630064265384,2767.492141059292,-5245.775609704925,5761.8103339446
OpenBCISession_P39,P39,3,9166,-4570.823906014137,6035.107196127171,-18260.883481607852,5280.0855374438215
OpenBCISession_P39,P39,4,9166,-9783.19449467229,9581.393499694901,-20852.3223820117,0.0
OpenBCISession_P39,P39,5,9166,44100.33076869746,1652.8196508545038,21324.480631885606,46640.24521592203
OpenBCISession_P39,P39,6,9166,3024.547767520875,1174.8894085528304,-991.2551631039577,5669.721146788735
OpenBCISession_P39,P39,7,9166,3116.177946509722,631.8647797377008,1219.9805641151147,4920.982411024858
OpenBCISession_P39,P39,8,9166,17799.062352678193,1052.3932917370073,8805.447376423763,20484.032688621606
OpenBCISession_P39,P39,9,9166,6950.471821984964,820.4590189822333,2905.5926687231863,9672.62800605631
OpenBCISession_P39,P39,10,9166,-49251.00373910616,74362.35657586946,-187500.02235174447,9304.785347555322
OpenBCISession_P39,P39,11,9166,2389.937312063333,1651.3187086512992,400.43150191682605,7098.735225049881
OpenBCISession_P39,P39,12,9166,-13939.826493306302,689.2111836982408,-14703.022206189897,-6496.601581168364
OpenBCISession_P39,P39,13,9166,-23082.698274277984,646.6735904746309,-23823.58447594458,-11737.79508325995
OpenBCISession_P39,P39,14,9166,42971.46757368701,5792.2548272665335,13286.413346101446,55088.6011229278
OpenBCISession_P39,P39,15,9166,15322.701959714565,2635.963839030288,6480.217752482624,20865.666373451517
OpenBCISession_P40_test,P40,0,3921,-98796.33270693706,101101.30001148785,-187500.02235174447,35834.204952026004
OpenBCISession_P40_test,P40,1,3921,-42807.61059400839,74525.38004925723,-187500.02235174447,169681.0552097625
OpenBCISession_P40_test,P40,2,3921,-80580.20151070312,82281.16957794016,-187500.02235174447,70813.50038212542
OpenBCISession_P40_test,P40,3,3921,-104261.02121632938,96751.64735028298,-187500.02235174447,24243.305533326333
OpenBCISession_P40_test,P40,4,3921,-95823.06406367023,89872.73383157,-187500.02235174447,-1339.5847486954628
OpenBCISession_P40_test,P40,5,3921,-116104.2554808341,87099.62493962068,-187500.02235174447,21606.604350400492
OpenBCISession_P40_test,P40,6,3921,-113907.90018378844,89232.11015807379,-187500.02235174447,11230.969277735863
OpenBCISession_P40_test,P40,7,3921,-128219.54445046734,82383.17067463725,-187500.02235174447,25180.55888182627
OpenBCISession_P40_test,P40,8,3921,-87288.45931330975,88604.38840504423,-187500.02235174447,187500.0
OpenBCISession_P40_test,P40,9,3921,-98355.17524922446,81016.30186527125,-187500.02235174447,20539.91204975987
OpenBCISession_P40_test,P40,10,3921,-49056.866471315334,86428.45135053594,-187500.02235174447,187500.0
OpenBCISession_P40_test,P40,11,3921,-98805.24252499448,89665.1776595505,-187500.02235174447,13851.443094187152
OpenBCISession_P40_test,P40,12,3921,-89413.79382637047,84402.88898141157,-187500.02235174447,-9634.42887478219
OpenBCISession_P40_test,P40,13,3921,-113830.96616913671,79750.75540648449,-187500.02235174447,-23541.95249580771
OpenBCISession_P40_test,P40,14,3921,-124758.3282873239,131489.27760622388,-187500.02235174447,187500.0
OpenBCISession_P40_test,P40,15,3921,-131240.42941227363,83279.35205081012,-187500.02235174447,187500.0
OpenBCISession_P40,P40,0,8969,45337.459331115846,1063.8858346916393,22877.301022684696,46597.77690145694
OpenBCISession_P40,P40,1,8969,5653.19172398829,2263.57573161767,-6952.979499456823,7834.532300774134
OpenBCISession_P40,P40,2,8969,8220.003218654449,4159.434870656243,-638.4328768769357,26933.583847711547
OpenBCISession_P40,P40,3,8969,37117.10365318868,4917.815075541421,14985.01181423805,42200.58526999775
OpenBCISession_P40,P40,4,8969,8091.802118033925,1926.0011507697661,1771.688672505459,13815.412082125198
OpenBCISession_P40,P40,5,8969,572.6054219181766,1364.3366658746697,-1130.9982694385374,11929.058960564013
OpenBCISession_P40,P40,6,8969,5935.6282223831295,3973.2875847277833,2162.263055117495,18656.196434044414
OpenBCISession_P40,P40,7,8969,3915.1422524403233,2717.6297059375293,1160.6143308418193,17961.079533228818
OpenBCISession_P40,P40,8,8969,-5786.178841736493,2124.217683462435,-13894.1796295857,7594.9216002132425
OpenBCISession_P40,P40,9,8969,27843.446622417825,11247.503902413306,-187500.02235174447,43420.901110279694
OpenBCISession_P40,P40,10,8969,20487.739472116366,5996.115662229477,-2379.812583900998,68076.84219799546
OpenBCISession_P40,P40,11,8969,14774.218513283571,4361.469396659165,-2477.3779484484135,52549.39824931601
OpenBCISession_P40,P40,12,8969,3890.81396981365,1810.2512783546279,-5326.353648466307,7167.913874139056
OpenBCISession_P40,P40,13,8969,-9030.57512846934,2729.347672212542,-21187.57619709685,-4853.43543928092
OpenBCISession_P40,P40,14,8969,16983.13752418198,2753.3546563039195,-49284.59069545158,25420.08017540934
OpenBCISession_P40,P40,15,8969,41773.628163684014,4401.08251514687,-93750.01117587223,49744.969575997544
OpenBCISession_P41_test,P41,0,5186,29079.822206250254,55786.385099268824,-76523.45466893371,187500.0
OpenBCISession_P41_test,P41,1,5186,35600.10577961026,52457.45986282588,-72155.78969189999,187500.0
OpenBCISession_P41_test,P41,2,5186,40065.86899005481,102003.33920076312,-105572.47466712889,187500.0
OpenBCISession_P41_test,P41,3,5186,25571.371586788697,86365.71179244225,-85387.57537455266,187500.0
OpenBCISession_P41_test,P41,4,5186,-15131.678259202228,52780.46234810585,-187500.02235174447,174867.1740135162
OpenBCISession_P41_test,P41,5,5186,71881.02215402023,127926.76580253101,-187500.02235174447,187500.0
OpenBCISession_P41_test,P41,6,5186,-20419.679417394887,32961.77887384715,-187500.02235174447,24886.767552705714
OpenBCISession_P41_test,P41,7,5186,67246.7289583205,123798.86697815565,-148972.38748936506,187500.0
OpenBCISession_P41_test,P41,8,5186,21880.62489780779,81578.11921584647,-187500.02235174447,187500.0
OpenBCISession_P41_test,P41,9,5186,-85246.62389050204,128283.62535674607,-187500.02235174447,187500.0
OpenBCISession_P41_test,P41,10,5186,69727.64996858654,92977.38743861596,-47602.487814723,187500.0
OpenBCISession_P41_test,P41,11,5186,33755.52028023653,131771.67658982208,-187500.02235174447,187500.0
OpenBCISession_P41_test,P41,12,5186,1685.0495655925347,56372.18425511642,-187500.02235174447,187500.0
OpenBCISession_P41_test,P41,13,5186,93826.71571679796,124909.59558557469,-187500.02235174447,187500.0
OpenBCISession_P41_test,P41,14,5186,47399.59329382295,91913.34628435918,-63046.02331471722,187500.0
OpenBCISession_P41_test,P41,15,5186,77615.89542062383,128725.74142776601,-153265.66586085153,187500.0
OpenBCISession_P41,P41,0,9509,35331.28358420017,2501.591558518056,18328.810433007533,40108.79726514784
OpenBCISession_P41,P41,1,9509,35643.61043060626,5716.755096015242,18123.5767154189,55733.91833709698
OpenBCISession_P41,P41,2,9509,-35655.913586233466,1806.082327400564,-37679.7437882118,-16863.117142095227
OpenBCISession_P41,P41,3,9509,-35833.73964836422,2870.392424543532,-38474.72828325371,-17681.302747881742
OpenBCISession_P41,P41,4,9509,-5125.152715400034,1815.36371329705,-7892.266856702192,52.41484074769506
OpenBCISession_P41,P41,5,9509,31585.291528316244,10306.919125739025,-2640.009241105228,52761.24808326341
OpenBCISession_P41,P41,6,9509,-4648.800926618296,2781.2685560362515,-8189.388595746589,926.3456972057459
OpenBCISession_P41,P41,7,9509,-626.4239467418452,7936.735315354989,-11967.101629626946,9947.15213145639
OpenBCISession_P41,P41,8,9509,-36384.86100759641,1915.1719676605799,-38762.05995822668,-12918.03424573353
OpenBCISession_P41,P41,9,9509,-187490.16326969877,961.3995277723321,-187500.02235174447,-93750.01117587223
OpenBCISession_P41,P41,10,9509,4257.244740869111,6302.058695966696,-5791.918133725898,45411.54747146934
OpenBCISession_P41,P41,11,9509,-37589.36721620938,4780.019778427157,-122672.98968708393,-11720.561888284908
OpenBCISession_P41,P41,12,9509,-9224.230147110204,2399.7269031590426,-13442.741446821863,1436.412505675853
OpenBCISession_P41,P41,13,9509,30170.41458876285,59417.542294237894,-177376.60436351353,94019.97554540343
OpenBCISession_P41,P41,14,9509,7492.298655745752,9890.884106378051,-13120.07166386505,25143.007951141353
OpenBCISession_P41,P41,15,9509,-21458.271938084225,8262.44626943812,-30837.53953427548,7765.241892962682
OpenBCISession_P42_test,P42,0,5953,79148.57098738925,71342.34266560634,-108008.61364705727,187500.0
OpenBCISession_P42_test,P42,1,5953,2848.9265059046834,142194.47059334413,-187500.02235174447,187500.0
OpenBCISession_P42_test,P42,2,5953,67082.3164486436,118784.48642235955,-187500.02235174447,187500.0
OpenBCISession_P42_test,P42,3,5953,991.8326739075484,140311.73207401327,-187500.02235174447,187500.0
OpenBCISession_P42_test,P42,4,5953,-40145.12552199445,47251.43196952506,-187500.02235174447,119571.61808867671
OpenBCISession_P42_test,P42,5,5953,-21256.918472369765,54460.47910203362,-187500.02235174447,187500.0
OpenBCISession_P42_test,P42,6,5953,-16944.511685988946,54913.590181770625,-187500.02235174447,35450.693720661846
OpenBCISession_P42_test,P42,7,5953,-50426.23744032939,34386.59779794741,-187500.02235174447,99946.5405877281
OpenBCISession_P42_test,P42,8,5953,-26043.31145553758,136202.4761941394,-187500.02235174447,187500.0
OpenBCISession_P42_test,P42,9,5953,-54246.85133041194,168204.45425623172,-187500.02235174447,187500.0
OpenBCISession_P42_test,P42,10,5953,38710.82956844505,104099.28454899845,-160734.3895118701,187500.0
OpenBCISession_P42_test,P42,11,5953,69904.46388633922,134685.39411437797,-187500.02235174447,187500.0
OpenBCISession_P42_test,P42,12,5953,14095.161638369113,59660.615742203256,-64504.98873054847,187500.0
OpenBCISession_P42_test,P42,13,5953,-38016.146054174744,152132.35761014433,-187500.02235174447,187500.0
OpenBCISession_P42_test,P42,14,5953,59895.715705124174,112426.39750147439,-187500.02235174447,187500.0
OpenBCISession_P42_test,P42,15,5953,-78797.94199190069,125428.4997969345,-187500.02235174447,187500.0
OpenBCISession_P42,P42,0,9006,54034.833923272934,4255.557415688254,30398.68538363998,62048.241442232305
OpenBCISession_P42,P42,1,9006,69214.92261989819,6658.817818189251,27025.36011044504,76880.1438069515
OpenBCISession_P42,P42,2,9006,-40252.85476694636,1345.2889542867622,-42488.2298693931,-21242.9638198571
OpenBCISession_P42,P42,3,9006,-37280.184510630774,1342.2423958968807,-40759.65771194192,-20375.671431502276
OpenBCISession_P42,P42,4,9006,-11197.440601293307,1594.1852566951868,-15712.941075914036,-7858.046335941117
OpenBCISession_P42,P42,5,9006,-8403.532101876255,911.2100589904128,-10017.291905557146,-4992.195068859466
OpenBCISession_P42,P42,6,9006,5203.371761880102,2811.7819405478162,-1844.9800425744108,10077.239284186278
OpenBCISession_P42,P42,7,9006,-27184.122508729924,1413.1224629174517,-30057.37424580744,-15022.78626236752
OpenBCISession_P42,P42,8,9006,60397.771390083515,4326.828749324588,28656.56806904889,67781.17332234065
OpenBCISession_P42,P42,9,9006,-187489.61262365515,987.8826472549886,-187500.02235174447,-93750.01117587223
OpenBCISession_P42,P42,10,9006,-2147.073138681964,1930.566733997035,-7038.720791187381,164.41943221323876
OpenBCISession_P42,P42,11,9006,-10547.583719531933,2383.63841757882,-15091.137896911849,-2156.9209881926763
OpenBCISession_P42,P42,12,9006,5404.826205515696,1787.3053859222312,-356.80089674006666,8297.325169721267
OpenBCISession_P42,P42,13,9006,-2058.814979968065,3146.522698188169,-10143.86983440755,3422.0520761075113
OpenBCISession_P42,P42,14,9006,7561.327705123049,496.6145365625706,2522.081437359028,8394.644665079673
OpenBCISession_P42,P42,15,9006,-26454.814998681577,1826.013376863276,-29892.597185682916,-14841.580670068344
OpenBCISession_P43_test,P43,0,3087,129348.4552492273,63701.18051441115,49268.27392199921,187500.0
OpenBCISession_P43_test,P43,1,3087,13518.519710933337,36108.83308056146,-5059.138543503112,187500.0
OpenBCISession_P43_test,P43,2,3087,135753.67549192483,89791.34406547797,-27635.026292207993,187500.0
OpenBCISession_P43_test,P43,3,3087,17569.748232358943,83614.1241492655,-32421.22768416735,187500.0
OpenBCISession_P43_test,P43,4,3087,70695.28689310903,78795.6457795064,-187500.02235174447,187500.0
OpenBCISession_P43_test,P43,5,3087,30850.25843713397,94944.41462956449,-183114.14070297967,187500.0
OpenBCISession_P43_test,P43,6,3087,44533.85034245027,71877.28412354426,-187200.82190046573,187500.0
OpenBCISession_P43_test,P43,7,3087,-74023.79705624245,69568.32238730925,-187500.02235174447,103629.2587076734
OpenBCISession_P43_test,P43,8,3087,98563.574462685,79615.82875476257,12551.085657010753,187500.0
OpenBCISession_P43_test,P43,9,3087,-74338.16236604763,114898.29362061503,-187500.02235174447,187500.0
OpenBCISession_P43_test,P43,10,3087,129210.32127299695,89705.26642879912,-165845.78643390973,187500.0
OpenBCISession_P43_test,P43,11,3087,5690.221838079726,80180.29684985895,-37555.84806869603,187500.0
OpenBCISession_P43_test,P43,12,3087,69895.34919501893,88439.82416480215,-100193.7508814038,187500.0
OpenBCISession_P43_test,P43,13,3087,-11094.224346211922,86052.44391978337,-187500.02235174447,187500.0
OpenBCISession_P43_test,P43,14,3087,169133.23959938224,62891.735311446144,-187500.02235174447,187500.0
OpenBCISession_P43_test,P43,15,3087,30204.147319701908,89547.02141713139,-179309.67263098632,187500.0
OpenBCISession_P43,P43,0,11168,36151.46175410653,1706.812360470805,20274.59684307538,40602.033210043104
OpenBCISession_P43,P43,1,11168,4247.716307800134,2271.013920057867,-2042.1671321591298,7806.614971949455
OpenBCISession_P43,P43,2,11168,-23662.653775176157,2121.6423193284854,-29870.178385994244,-11277.080926547162
OpenBCISession_P43,P43,3,11168,-23649.50731087338,3210.1979892311033,-30040.118699087943,-1860.2686357818409
OpenBCISession_P43,P43,4,11168,23178.749577516184,1345.2103326888582,13311.715520824853,26952.985161898752
OpenBCISession_P43,P43,5,11168,-18378.004535083324,2428.3572986290196,-23086.80392346429,-11525.006476045428
OpenBCISession_P43,P43,6,11168,5641.388525434088,2723.676970973356,530.6751168579003,10329.61283083115
OpenBCISession_P43,P43,7,11168,-29427.29224924814,2355.7172097514413,-34453.358883066045,-17179.662547071286
OpenBCISession_P43,P43,8,11168,2164.077455171701,9482.772759494073,-14282.45178251884,26052.43337779443
OpenBCISession_P43,P43,9,11168,-21258.195935281914,1117.3356137909836,-25791.63322348991,-11591.81584022234
OpenBCISession_P43,P43,10,11168,-3119.788247000987,11823.258117861911,-164393.81711409296,4406.042922263494
OpenBCISession_P43,P43,11,11168,-29692.657563228022,953.8754763937213,-31994.219958093163,-15372.14402820397
OpenBCISession_P43,P43,12,11168,4097.9024937101585,2229.609665655082,-1806.8926700225677,7023.521604957772
OpenBCISession_P43,P43,13,11168,-9143.07959284276,3266.581698120751,-14469.178255698474,-3654.4431632093388
OpenBCISession_P43,P43,14,11168,3862.539877478289,4969.76693734536,-4189.2310010470155,11629.567936607355
OpenBCISession_P43,P43,15,11168,-16593.35277744643,1612.8121655542584,-20931.492260872397,-9909.087110649003
OpenBCISession_P44_test,P44,0,8318,-56182.27249774673,87715.15844354207,-187500.02235174447,24869.40024726394
OpenBCISession_P44_test,P44,1,8318,-35838.87751191981,56082.216198754424,-187500.02235174447,157571.8411888887
OpenBCISession_P44_test,P44,2,8318,20889.354487809065,161866.04784627288,-187500.02235174447,187500.0
OpenBCISession_P44_test,P44,3,8318,-27761.53188556824,104877.82619667542,-187500.02235174447,187500.0
OpenBCISession_P44_test,P44,4,8318,69212.01037910592,79271.29821866087,-29647.778528663937,187500.0
OpenBCISession_P44_test,P44,5,8318,-98605.87997524496,97804.3259241994,-187500.02235174447,187500.0
OpenBCISession_P44_test,P44,6,8318,-59113.2474909266,143312.30277386907,-187500.02235174447,187500.0
OpenBCISession_P44_test,P44,7,8318,-87810.70509909018,125394.04288097595,-187500.02235174447,187500.0
OpenBCISession_P44_test,P44,8,8318,-53547.76892823211,97646.04622283076,-187500.02235174447,187500.0
OpenBCISession_P44_test,P44,9,8318,27542.89982616899,124627.9787180786,-172441.40624301508,187500.0
OpenBCISession_P44_test,P44,10,8318,43991.624595781694,129618.76624941133,-187500.02235174447,187500.0
OpenBCISession_P44_test,P44,11,8318,-121755.56730715024,84169.52921617348,-187500.02235174447,125638.5520861807
OpenBCISession_P44_test,P44,12,8318,-75225.23971014882,100818.55251896079,-187500.02235174447,187500.0
OpenBCISession_P44_test,P44,13,8318,-29808.37992392045,141208.74298911876,-187500.02235174447,187500.0
OpenBCISession_P44_test,P44,14,8318,-167216.42891808928,73677.57005999472,-187500.02235174447,187500.0
OpenBCISession_P44_test,P44,15,8318,-154517.82290583645,88327.66688963844,-187500.02235174447,187500.0
OpenBCISession_P44,P44,0,10182,25032.465587879906,2304.3445668650343,9621.487214742567,27549.754387110996
OpenBCISession_P44,P44,1,10182,-4129.087788910609,1078.7324020076578,-18135.646657424768,-680.8341361086532
OpenBCISession_P44,P44,2,10182,-44846.023541724164,4002.1412780954065,-50580.947170370484,-25243.121414556674
OpenBCISession_P44,P44,3,10182,1378.7558383988476,2499.4180526184746,-1311.8238820819715,13325.864175065062
OpenBCISession_P44,P44,4,10182,17233.888577200298,630.7289925086372,8011.781634304719,19600.40117506995
OpenBCISession_P44,P44,5,10182,8361.180365167987,2412.285965790307,1179.4792031620984,12732.894746410222
OpenBCISession_P44,P44,6,10182,15279.656548855324,3305.6239866248684,4925.475111660375,20338.54518396201
OpenBCISession_P44,P44,7,10182,16602.35769817175,5449.130624182637,12531.930212012556,33049.15524115029
OpenBCISession_P44,P44,8,10182,-14596.902145008444,2419.637968569516,-18835.368017598157,-6171.4284028325565
OpenBCISession_P44,P44,9,10182,-18107.822061338284,3493.5879174006213,-26126.976445552882,-12854.041201357986
OpenBCISession_P44,P44,10,10182,8270.511253574648,3735.6839805327777,-50042.918329586784,17042.13226343778
OpenBCISession_P44,P44,11,10182,16597.234439941527,5106.314296561136,5746.99112737073,30061.33050457603
OpenBCISession_P44,P44,12,10182,13637.917838717405,1359.507561178609,6552.190369628713,16236.396579312872
OpenBCISession_P44,P44,13,10182,7838.049600873204,6991.37635198271,-15622.058882958758,18216.09058571942
OpenBCISession_P44,P44,14,10182,-22910.146559926314,2595.465847740975,-26657.271582755042,-8750.864416463903
OpenBCISession_P44,P44,15,10182,-36456.21057873758,2881.3353050758847,-41728.11409570147,-22103.975368019983
OpenBCISession_P45_test,P45,0,4346,-80740.41988525043,98338.74358057494,-187500.02235174447,187500.0
OpenBCISession_P45_test,P45,1,4346,7805.007410418748,84618.91526178281,-187500.02235174447,187500.0
OpenBCISession_P45_test,P45,2,4346,-41788.02584834485,138373.87653977645,-187500.02235174447,187500.0
OpenBCISession_P45_test,P45,3,4346,-2099.614386396236,110088.35099133894,-182913.08676160418,187500.0
OpenBCISession_P45_test,P45,4,4346,-61423.46426745511,72248.44903881985,-187500.02235174447,187500.0
OpenBCISession_P45_test,P45,5,4346,-93070.80958628634,72046.67128731827,-187500.02235174447,-1198.008799315548
OpenBCISession_P45_test,P45,6,4346,-71852.87066328835,63026.20825653872,-187500.02235174447,-10832.638839797835
OpenBCISession_P45_test,P45,7,4346,-99063.41259530827,74030.3901953078,-187500.02235174447,126970.35842780572
OpenBCISession_P45_test,P45,8,4346,-118001.82134738404,83918.01148124169,-187500.02235174447,187500.0
OpenBCISession_P45_test,P45,9,4346,54153.84952402737,128407.51799024723,-187500.02235174447,187500.0
OpenBCISession_P45_test,P45,10,4346,16154.719720359597,155605.83832519836,-187500.02235174447,187500.0
OpenBCISession_P45_test,P45,11,4346,-157133.50235242388,60888.375855561404,-187500.02235174447,187500.0
OpenBCISession_P45_test,P45,12,4346,-52460.5370274457,64291.703036421764,-187500.02235174447,187500.0
OpenBCISession_P45_test,P45,13,4346,118367.50333382611,119600.03307522625,-179460.77042350417,187500.0
OpenBCISession_P45_test,P45,14,4346,121730.82308982541,120217.20170057638,-180423.84003685,187500.0
OpenBCISession_P45_test,P45,15,4346,-157580.4530393306,93437.96002673931,-187500.02235174447,187500.0
OpenBCISession_P45,P45,0,10033,10968.481191336848,4001.5738050227333,-6873.74256536276,24628.67195948028
OpenBCISession_P45,P45,1,10033,-89.69567690031919,6040.53795412477,-16135.456101352705,6638.043420081547
OpenBCISession_P45,P45,2,10033,-32680.301157858208,4273.623380957409,-40694.88235651045,-20351.956230635195
OpenBCISession_P45,P45,3,10033,-31157.91664268469,4325.318966886368,-39087.45665400704,-19534.9105638159
OpenBCISession_P45,P45,4,10033,-13166.415273568664,2341.217535785242,-19531.870726569978,-9569.586464117345
OpenBCISession_P45,P45,5,10033,-25684.085235249786,3285.955389418825,-33222.090688001,-16590.224694040382
OpenBCISession_P45,P45,6,10033,-28744.351469887875,4646.981019450273,-38115.356935901276,-19057.499653994997
OpenBCISession_P45,P45,7,10033,-29860.307839602625,4268.848559512378,-37474.26420143416,-18732.393530892557
OpenBCISession_P45,P45,8,10033,-30503.225383586545,3840.179414005673,-42349.00085318099,-21001.721441950973
OpenBCISession_P45,P45,9,10033,-12715.876841530782,8592.419419320293,-107839.0980171082,1831.8148650902351
OpenBCISession_P45,P45,10,10033,-19401.191427496102,5424.261621429167,-78601.87633059935,-7370.353623670772
OpenBCISession_P45,P45,11,10033,-30213.028804456222,24187.393256868603,-187500.02235174447,-17081.85131333486
OpenBCISession_P45,P45,12,10033,-12342.072765818844,4699.4655564534505,-24034.4731848804,-8152.776438328796
OpenBCISession_P45,P45,13,10033,-23687.176455733585,4764.345307065942,-32379.45227378038,-16557.300574457717
OpenBCISession_P45,P45,14,10033,-28116.52988819971,3810.192713926006,-32833.438555412125,-13879.807457900937
OpenBCISession_P45,P45,15,10033,-20770.881066436526,3397.85779663577,-25459.26278343949,-12712.599362444802
OpenBCISession_P46_test,P46,0,5864,-32233.58108831492,141251.88653492444,-187500.02235174447,187500.0
OpenBCISession_P46_test,P46,1,5864,40340.26312572544,67123.90991387618,-187500.02235174447,187500.0
OpenBCISession_P46_test,P46,2,5864,91453.33019556286,103785.32235182986,-34055.69899746168,187500.0
OpenBCISession_P46_test,P46,3,5864,37825.974610348465,89064.70776149238,-119078.65036471491,187500.0
OpenBCISession_P46_test,P46,4,5864,81743.84031309345,136039.3371201687,-187500.02235174447,187500.0
OpenBCISession_P46_test,P46,5,5864,-95990.45384447668,72591.6687179497,-187500.02235174447,-3734.9764984818103
OpenBCISession_P46_test,P46,6,5864,-18960.69331870693,113562.38453128452,-187500.02235174447,187500.0
OpenBCISession_P46_test,P46,7,5864,-29966.105204532767,149187.84111118465,-187500.02235174447,187500.0
OpenBCISession_P46_test,P46,8,5864,-68324.9491610215,137252.089882633,-187500.02235174447,187500.0
OpenBCISession_P46_test,P46,9,5864,-30485.240268958292,121213.07435950366,-187500.02235174447,187500.0
OpenBCISession_P46_test,P46,10,5864,-74171.64129274944,145079.66516965657,-187500.02235174447,187500.0
OpenBCISession_P46_test,P46,11,5864,78523.96102725397,105940.09709150741,-48469.73549958891,187500.0
OpenBCISession_P46_test,P46,12,5864,129987.10103870406,115213.60818833446,-187500.02235174447,187500.0
OpenBCISession_P46_test,P46,13,5864,81702.91662080812,111290.04609825481,-57208.485270558034,187500.0
OpenBCISession_P46_test,P46,14,5864,37167.59988366356,125023.33790188198,-187500.02235174447,187500.0
OpenBCISession_P46_test,P46,15,5864,88495.88970532804,125035.54985149893,-127242.42386131572,187500.0
OpenBCISession_P46,P46,0,10994,28558.151687346544,4748.480969354794,-65607.42147057313,48613.16664375862
OpenBCISession_P46,P46,1,10994,33416.77405081375,6910.484974692881,-49071.48916381469,52396.33350328607
OpenBCISession_P46,P46,2,10994,-22376.024270509915,3326.497521432673,-29122.15490605294,-14383.302853501184
OpenBCISession_P46,P46,3,10994,-12515.982634729282,3409.1379718220037,-26864.7404747892,-7317.491748033971
OpenBCISession_P46,P46,4,10994,-23864.221386789075,2294.8846880179403,-30013.006033063655,-14922.918668141207
OpenBCISession_P46,P46,5,10994,-26222.403239756,2463.467026887315,-33710.56571132728,-16798.85587678622
OpenBCISession_P46,P46,6,10994,-60752.111146067255,52939.05429423362,-187500.02235174447,13421.328475633678
OpenBCISession_P46,P46,7,10994,-56501.20095550799,55016.51435891417,-187500.02235174447,-21224.25540974801
OpenBCISession_P46,P46,8,10994,-24761.605627400768,3796.406675403603,-33305.99913668622,-16222.247925072663
OpenBCISession_P46,P46,9,10994,-26183.788070017687,2815.2823885401085,-31426.03861403926,-16502.918780197953
OpenBCISession_P46,P46,10,10994,-9968.413405986297,2871.3294712436004,-15661.62147064465,-6018.028380635784
OpenBCISession_P46,P46,11,10994,-24457.441498979886,2801.320362031361,-32433.02940523975,-16220.169212838318
OpenBCISession_P46,P46,12,10994,-20484.919288842775,5618.973235287375,-27072.231718567815,-9502.17360284014
OpenBCISession_P46,P46,13,10994,-23579.312962955762,3009.0138861637806,-29646.63858969672,-14607.110870732175
OpenBCISession_P46,P46,14,10994,1066.2829123998704,4758.480191857395,-10543.206100846064,7944.4134765164235
OpenBCISession_P46,P46,15,10994,-22666.166334773206,3737.4584250443068,-33556.919819941504,-11811.757005662563
OpenBCISession_P47_test,P47,0,15690,-11584.92179295607,162869.50331617985,-187500.02235174447,187500.0
OpenBCISession_P47_test,P47,1,15690,-95760.96574799411,129994.07071308933,-187500.02235174447,187500.0
OpenBCISession_P47_test,P47,2,15690,8575.694521705978,100744.1931334673,-187500.02235174447,187500.0
OpenBCISession_P47_test,P47,3,15690,-100557.05681673241,93639.195239816,-187500.02235174447,187500.0
OpenBCISession_P47_test,P47,4,15690,-59077.63524592358,112411.79132567506,-187500.02235174447,187500.0
OpenBCISession_P47_test,P47,5,15690,4403.778754656521,98649.81902280716,-187500.02235174447,187500.0
OpenBCISession_P47_test,P47,6,15690,-40887.02198769846,77574.8025028327,-187500.02235174447,187500.0
OpenBCISession_P47_test,P47,7,15690,-46764.8945838362,74604.69836214914,-187500.02235174447,187500.0
OpenBCISession_P47_test,P47,8,15690,-68082.54427331332,103151.25141071698,-187500.02235174447,187500.0
OpenBCISession_P47_test,P47,9,15690,16550.18497282561,134313.79224858718,-187500.02235174447,187500.0
OpenBCISession_P47_test,P47,10,15690,-11762.58362515284,143478.46571859607,-187500.02235174447,187500.0
OpenBCISession_P47_test,P47,11,15690,-19026.954469465923,143482.83430982314,-187500.02235174447,187500.0
OpenBCISession_P47_test,P47,12,15690,42652.43530893963,92624.31293570518,-187500.02235174447,187500.0
OpenBCISession_P47_test,P47,13,15690,72499.86278450738,121987.43393606524,-187500.02235174447,187500.0
OpenBCISession_P47_test,P47,14,15690,19106.09273962634,92419.79398100932,-187500.02235174447,187500.0
OpenBCISession_P47_test,P47,15,15690,-10556.711772753186,123719.65274689121,-187500.02235174447,187500.0
OpenBCISession_P47,P47,0,12408,38534.89889290514,4220.8729363040575,18573.651441770966,50545.07262051971
OpenBCISession_P47,P47,1,12408,18908.371009091687,57604.36786280885,-187500.02235174447,47057.57463664706
OpenBCISession_P47,P47,2,12408,-63441.73838779035,3703.208553229605,-69291.9053783304,-28971.39238970189
OpenBCISession_P47,P47,3,12408,4250.2332007938,5280.8609210941995,-6353.461009676577,11498.273789676881
OpenBCISession_P47,P47,4,12408,-3273.796891189747,5401.951819158701,-16222.247925072663,5617.976858374698
OpenBCISession_P47,P47,5,12408,11267.150357046618,8826.238589739512,-22127.779975864887,18044.18331911365
OpenBCISession_P47,P47,6,12408,-73623.89108424512,1752.5567510606675,-78344.85362110777,-35190.072380312966
OpenBCISession_P47,P47,7,12408,-80099.2095083582,3559.8548295029473,-87506.56545240468,-35253.41722409931
OpenBCISession_P47,P47,8,12408,6354.451380382137,2257.169994354671,2800.964152927894,11704.334521810357
OpenBCISession_P47,P47,9,12408,29073.581924502345,1271.5951024881813,16707.21372451946,33290.77759871216
OpenBCISession_P47,P47,10,12408,-14888.428782559084,937.3221191449564,-16343.394380020427,-3141.9400145936033
OpenBCISession_P47,P47,11,12408,-10123.887949510401,3622.622901359999,-13420.859089000118,5618.535651986081
OpenBCISession_P47,P47,12,12408,-28286.878779603434,9227.611213124797,-52895.49266046198,-17468.625899389495
OpenBCISession_P47,P47,13,12408,35555.32147086325,1886.7050558124204,17394.328700820053,40525.970223661694
OpenBCISession_P47,P47,14,12408,-50755.674469458456,3788.1051933495523,-60181.96018719199,-26269.044133310814
OpenBCISession_P47,P47,15,12408,-58259.79133862539,5240.250741830423,-70215.83708713498,-23761.89366124793
OpenBCISession_P48_test,P48,0,5052,-7053.606898142846,46966.29032496596,-187500.02235174447,187500.0
OpenBCISession_P48_test,P48,1,5052,-911.2571768874748,38337.171048327335,-187500.02235174447,187500.0
OpenBCISession_P48_test,P48,2,5052,-113090.39061427786,74682.59855460828,-187500.02235174447,-33013.25833955507
OpenBCISession_P48_test,P48,3,5052,-38281.29865375729,118475.37567254323,-187500.02235174447,187500.0
OpenBCISession_P48_test,P48,4,5052,61337.971983262156,139715.01258154397,-172106.6665180524,187500.0
OpenBCISession_P48_test,P48,5,5052,22828.18850617714,65086.74908351383,-187500.02235174447,187500.0
OpenBCISession_P48_test,P48,6,5052,-34303.17933932146,152276.4201652108,-187500.02235174447,187500.0
OpenBCISession_P48_test,P48,7,5052,20965.840388326615,159008.70513062348,-187500.02235174447,187500.0
OpenBCISession_P48_test,P48,8,5052,9161.063312155462,78225.30788338392,-187500.02235174447,187500.0
OpenBCISession_P48_test,P48,9,5052,15003.211708887751,86650.0553949362,-187500.02235174447,187500.0
OpenBCISession_P48_test,P48,10,5052,24188.67462241508,103341.54890062661,-187500.02235174447,187500.0
OpenBCISession_P48_test,P48,11,5052,-49907.13543737702,55520.150516286136,-187500.02235174447,187500.0
OpenBCISession_P48_test,P48,12,5052,-81249.16330766337,106149.35703787657,-187500.02235174447,187500.0
OpenBCISession_P48_test,P48,13,5052,-3478.631610507608,68074.34795272474,-187500.02235174447,187500.0
OpenBCISession_P48_test,P48,14,5052,79305.78468750164,136452.04089817632,-187500.02235174447,187500.0
OpenBCISession_P48_test,P48,15,5052,91533.76859595458,107821.48042354138,-187500.02235174447,187500.0
OpenBCISession_P48,P48,0,166,3604.243972793042,157.90971686770337,1763.463230545906,3730.148521679464
OpenBCISession_P48,P48,1,166,4073.5091528996786,181.8791963958673,2004.5267944963928,4234.672097524654
OpenBCISession_P48,P48,2,166,-34958.588558597534,1365.8727864566054,-35176.72838887315,-17484.853265864047
OpenBCISession_P48,P48,3,166,-33009.496379384356,1282.330846820651,-33219.38612692191,-16595.611464454112
OpenBCISession_P48,P48,4,166,-85370.6241347155,3330.1117601469073,-86424.02576494524,-43060.16630651549
OpenBCISession_P48,P48,5,166,-21429.78656711677,1014.5760493224268,-22441.48670929512,-10423.333695332252
OpenBCISession_P48,P48,6,166,22246.013836931223,986.4106971737791,10663.793762182446,22936.510793746806
OpenBCISession_P48,P48,7,166,-66423.570509282,2671.2244626143774,-67973.08540023392,-34001.026630524
OpenBCISession_P48,P48,8,166,-891.5041749661893,221.5262229522624,-1248.3672795733548,694.3345897596586
OpenBCISession_P48,P48,9,166,-29702.688955144975,1203.6890226747685,-30015.21885576473,-14347.025972250221
OpenBCISession_P48,P48,10,166,-31888.519097160268,1124.688107558069,-32076.429674199782,-17492.028175834203
OpenBCISession_P48,P48,11,166,-36616.64984913034,1334.779526826382,-36854.33856896622,-19534.68704637135
OpenBCISession_P48,P48,12,166,-59619.478941921414,2466.312477011046,-59997.13361229106,-28055.999047279245
OpenBCISession_P48,P48,13,166,925.1563420324105,117.73127842093417,308.3199630165056,1094.8107951653953
OpenBCISession_P48,P48,14,166,-171421.46275055184,8911.495215804704,-173809.3777071688,-58401.39787213777
OpenBCISession_P48,P48,15,166,-30306.549338610188,1281.59772597033,-31013.693632327755,-14544.347172301672
