model_id,fold,scope,seed,target_class,base_id,input_class,coefficient
fold1_stack_global_C0.001_20260911,1,stack_global_C0.001,20260911,alto,b15_ctx1,bajo,0.015529456000198253
fold1_stack_global_C0.001_20260911,1,stack_global_C0.001,20260911,alto,b15_ctx1,medio,-0.01519938195249458
fold1_stack_global_C0.001_20260911,1,stack_global_C0.001,20260911,alto,b15_ctx1,alto,-0.004329403319214445
fold1_stack_global_C0.001_20260911,1,stack_global_C0.001,20260911,alto,b15_ctx8,bajo,0.007016120276400965
fold1_stack_global_C0.001_20260911,1,stack_global_C0.001,20260911,alto,b15_ctx8,medio,-0.007103074279574241
fold1_stack_global_C0.001_20260911,1,stack_global_C0.001,20260911,alto,b15_ctx8,alto,-0.0010564171155003214
fold1_stack_global_C0.001_20260911,1,stack_global_C0.001,20260911,alto,b16_ctx1,bajo,-0.0005289172430297903
fold1_stack_global_C0.001_20260911,1,stack_global_C0.001,20260911,alto,b16_ctx1,medio,-0.015826183978223347
fold1_stack_global_C0.001_20260911,1,stack_global_C0.001,20260911,alto,b16_ctx1,alto,0.017760692208047945
fold1_stack_global_C0.001_20260911,1,stack_global_C0.001,20260911,alto,b16_ctx8,bajo,0.006593616192559094
fold1_stack_global_C0.001_20260911,1,stack_global_C0.001,20260911,alto,b16_ctx8,medio,0.00805421098794289
fold1_stack_global_C0.001_20260911,1,stack_global_C0.001,20260911,alto,b16_ctx8,alto,-0.015038755317003629
fold1_stack_global_C0.001_20260911,1,stack_global_C0.001,20260911,alto,b17_ctx1,bajo,-0.017805253366755532
fold1_stack_global_C0.001_20260911,1,stack_global_C0.001,20260911,alto,b17_ctx1,medio,0.00021972564664615734
fold1_stack_global_C0.001_20260911,1,stack_global_C0.001,20260911,alto,b17_ctx1,alto,0.02345454487459277
fold1_stack_global_C0.001_20260911,1,stack_global_C0.001,20260911,alto,b17_ctx8,bajo,-0.004021173746324313
fold1_stack_global_C0.001_20260911,1,stack_global_C0.001,20260911,alto,b17_ctx8,medio,0.020449518454543944
fold1_stack_global_C0.001_20260911,1,stack_global_C0.001,20260911,alto,b17_ctx8,alto,-0.014442229547766163
fold1_stack_global_C0.001_20260911,1,stack_global_C0.001,20260911,alto,b18_ctx1,bajo,-0.021943545468998387
fold1_stack_global_C0.001_20260911,1,stack_global_C0.001,20260911,alto,b18_ctx1,medio,0.005857998157171901
fold1_stack_global_C0.001_20260911,1,stack_global_C0.001,20260911,alto,b18_ctx1,alto,0.02353009846021848
fold1_stack_global_C0.001_20260911,1,stack_global_C0.001,20260911,alto,b18_ctx8,bajo,-0.010681035661921185
fold1_stack_global_C0.001_20260911,1,stack_global_C0.001,20260911,alto,b18_ctx8,medio,0.02282796543025513
fold1_stack_global_C0.001_20260911,1,stack_global_C0.001,20260911,alto,b18_ctx8,alto,-0.008998365315758448
fold1_stack_global_C0.001_20260911,1,stack_global_C0.001,20260911,alto,b19_ctx1,bajo,0.0030890518501199738
fold1_stack_global_C0.001_20260911,1,stack_global_C0.001,20260911,alto,b19_ctx1,medio,-0.016914984095842495
fold1_stack_global_C0.001_20260911,1,stack_global_C0.001,20260911,alto,b19_ctx1,alto,0.014720963927979006
fold1_stack_global_C0.001_20260911,1,stack_global_C0.001,20260911,alto,b19_ctx8,bajo,-0.011094177227073789
fold1_stack_global_C0.001_20260911,1,stack_global_C0.001,20260911,alto,b19_ctx8,medio,0.015852378627377924
fold1_stack_global_C0.001_20260911,1,stack_global_C0.001,20260911,alto,b19_ctx8,alto,-0.002468941124932981
fold1_stack_global_C0.001_20260911,1,stack_global_C0.001,20260911,alto,b20_ctx1,bajo,0.014240399997115545
fold1_stack_global_C0.001_20260911,1,stack_global_C0.001,20260911,alto,b20_ctx1,medio,-0.006217438236138276
fold1_stack_global_C0.001_20260911,1,stack_global_C0.001,20260911,alto,b20_ctx1,alto,-0.014526105931316927
fold1_stack_global_C0.001_20260911,1,stack_global_C0.001,20260911,alto,b20_ctx8,bajo,-0.005459934626430347
fold1_stack_global_C0.001_20260911,1,stack_global_C0.001,20260911,alto,b20_ctx8,medio,0.0032477850691363785
fold1_stack_global_C0.001_20260911,1,stack_global_C0.001,20260911,alto,b20_ctx8,alto,0.002998213899991559
fold1_stack_global_C0.001_20260911,1,stack_global_C0.001,20260911,alto,b21_ctx1,bajo,0.013926014018058666
fold1_stack_global_C0.001_20260911,1,stack_global_C0.001,20260911,alto,b21_ctx1,medio,0.004008394704462437
fold1_stack_global_C0.001_20260911,1,stack_global_C0.001,20260911,alto,b21_ctx1,alto,-0.031293764563328816
fold1_stack_global_C0.001_20260911,1,stack_global_C0.001,20260911,alto,b21_ctx8,bajo,0.013264835369698524
fold1_stack_global_C0.001_20260911,1,stack_global_C0.001,20260911,alto,b21_ctx8,medio,-0.015320818076594422
fold1_stack_global_C0.001_20260911,1,stack_global_C0.001,20260911,alto,b21_ctx8,alto,0.0027528142413818938
fold1_stack_global_C0.001_20260911,1,stack_global_C0.001,20260911,bajo,b15_ctx1,bajo,-0.007901717385578873
fold1_stack_global_C0.001_20260911,1,stack_global_C0.001,20260911,bajo,b15_ctx1,medio,-0.00486916355876207
fold1_stack_global_C0.001_20260911,1,stack_global_C0.001,20260911,bajo,b15_ctx1,alto,0.018305907148329335
fold1_stack_global_C0.001_20260911,1,stack_global_C0.001,20260911,bajo,b15_ctx8,bajo,0.018328867727783398
fold1_stack_global_C0.001_20260911,1,stack_global_C0.001,20260911,bajo,b15_ctx8,medio,-0.013709305672855507
fold1_stack_global_C0.001_20260911,1,stack_global_C0.001,20260911,bajo,b15_ctx8,alto,-0.0075579958709071264
fold1_stack_global_C0.001_20260911,1,stack_global_C0.001,20260911,bajo,b16_ctx1,bajo,-0.001271167491055703
fold1_stack_global_C0.001_20260911,1,stack_global_C0.001,20260911,bajo,b16_ctx1,medio,0.013775322159353781
fold1_stack_global_C0.001_20260911,1,stack_global_C0.001,20260911,bajo,b16_ctx1,alto,-0.013072860901204556
fold1_stack_global_C0.001_20260911,1,stack_global_C0.001,20260911,bajo,b16_ctx8,bajo,0.015640806165471522
fold1_stack_global_C0.001_20260911,1,stack_global_C0.001,20260911,bajo,b16_ctx8,medio,-0.016933602552281195
fold1_stack_global_C0.001_20260911,1,stack_global_C0.001,20260911,bajo,b16_ctx8,alto,-0.0016974493255324649
fold1_stack_global_C0.001_20260911,1,stack_global_C0.001,20260911,bajo,b17_ctx1,bajo,0.009967296334968932
fold1_stack_global_C0.001_20260911,1,stack_global_C0.001,20260911,bajo,b17_ctx1,medio,0.018603626805850402
fold1_stack_global_C0.001_20260911,1,stack_global_C0.001,20260911,bajo,b17_ctx1,alto,-0.03157400944431004
fold1_stack_global_C0.001_20260911,1,stack_global_C0.001,20260911,bajo,b17_ctx8,bajo,0.008921961199467289
fold1_stack_global_C0.001_20260911,1,stack_global_C0.001,20260911,bajo,b17_ctx8,medio,-0.008645835596300814
fold1_stack_global_C0.001_20260911,1,stack_global_C0.001,20260911,bajo,b17_ctx8,alto,-0.001962780849719575
fold1_stack_global_C0.001_20260911,1,stack_global_C0.001,20260911,bajo,b18_ctx1,bajo,0.014547641432632001
fold1_stack_global_C0.001_20260911,1,stack_global_C0.001,20260911,bajo,b18_ctx1,medio,0.01875969093958331
fold1_stack_global_C0.001_20260911,1,stack_global_C0.001,20260911,bajo,b18_ctx1,alto,-0.03749618953811799
fold1_stack_global_C0.001_20260911,1,stack_global_C0.001,20260911,bajo,b18_ctx8,bajo,0.00998880628601331
fold1_stack_global_C0.001_20260911,1,stack_global_C0.001,20260911,bajo,b18_ctx8,medio,-0.010262266679714678
fold1_stack_global_C0.001_20260911,1,stack_global_C0.001,20260911,bajo,b18_ctx8,alto,-0.0017411133451317147
fold1_stack_global_C0.001_20260911,1,stack_global_C0.001,20260911,bajo,b19_ctx1,bajo,-0.0009271980788810524
fold1_stack_global_C0.001_20260911,1,stack_global_C0.001,20260911,bajo,b19_ctx1,medio,0.00041555340764750466
fold1_stack_global_C0.001_20260911,1,stack_global_C0.001,20260911,bajo,b19_ctx1,alto,0.000858592622914438
fold1_stack_global_C0.001_20260911,1,stack_global_C0.001,20260911,bajo,b19_ctx8,bajo,0.035040410592211337
fold1_stack_global_C0.001_20260911,1,stack_global_C0.001,20260911,bajo,b19_ctx8,medio,-0.03316582009819473
fold1_stack_global_C0.001_20260911,1,stack_global_C0.001,20260911,bajo,b19_ctx8,alto,-0.008541991999331483
fold1_stack_global_C0.001_20260911,1,stack_global_C0.001,20260911,bajo,b20_ctx1,bajo,-0.007151060948745948
fold1_stack_global_C0.001_20260911,1,stack_global_C0.001,20260911,bajo,b20_ctx1,medio,-0.014541090610728407
fold1_stack_global_C0.001_20260911,1,stack_global_C0.001,20260911,bajo,b20_ctx1,alto,0.03167467822849516
fold1_stack_global_C0.001_20260911,1,stack_global_C0.001,20260911,bajo,b20_ctx8,bajo,0.021077811738897567
fold1_stack_global_C0.001_20260911,1,stack_global_C0.001,20260911,bajo,b20_ctx8,medio,-0.02364486691904934
fold1_stack_global_C0.001_20260911,1,stack_global_C0.001,20260911,bajo,b20_ctx8,alto,-0.00011343956283797671
fold1_stack_global_C0.001_20260911,1,stack_global_C0.001,20260911,bajo,b21_ctx1,bajo,-0.031121330543092816
fold1_stack_global_C0.001_20260911,1,stack_global_C0.001,20260911,bajo,b21_ctx1,medio,-0.006649877241402939
fold1_stack_global_C0.001_20260911,1,stack_global_C0.001,20260911,bajo,b21_ctx1,alto,0.06622748648947731
fold1_stack_global_C0.001_20260911,1,stack_global_C0.001,20260911,bajo,b21_ctx8,bajo,-0.04184845694777517
fold1_stack_global_C0.001_20260911,1,stack_global_C0.001,20260911,bajo,b21_ctx8,medio,0.019120546037187984
fold1_stack_global_C0.001_20260911,1,stack_global_C0.001,20260911,bajo,b21_ctx8,alto,0.027619631305776337
fold1_stack_global_C0.001_20260911,1,stack_global_C0.001,20260911,medio,b15_ctx1,bajo,-0.007627738614619398
fold1_stack_global_C0.001_20260911,1,stack_global_C0.001,20260911,medio,b15_ctx1,medio,0.020068545511256662
fold1_stack_global_C0.001_20260911,1,stack_global_C0.001,20260911,medio,b15_ctx1,alto,-0.013976503829114912
fold1_stack_global_C0.001_20260911,1,stack_global_C0.001,20260911,medio,b15_ctx8,bajo,-0.02534498800418442
fold1_stack_global_C0.001_20260911,1,stack_global_C0.001,20260911,medio,b15_ctx8,medio,0.02081237995242979
fold1_stack_global_C0.001_20260911,1,stack_global_C0.001,20260911,medio,b15_ctx8,alto,0.008614412986407536
fold1_stack_global_C0.001_20260911,1,stack_global_C0.001,20260911,medio,b16_ctx1,bajo,0.0018000847340855798
fold1_stack_global_C0.001_20260911,1,stack_global_C0.001,20260911,medio,b16_ctx1,medio,0.0020508618188695687
fold1_stack_global_C0.001_20260911,1,stack_global_C0.001,20260911,medio,b16_ctx1,alto,-0.00468783130684339
fold1_stack_global_C0.001_20260911,1,stack_global_C0.001,20260911,medio,b16_ctx8,bajo,-0.022234422358030553
fold1_stack_global_C0.001_20260911,1,stack_global_C0.001,20260911,medio,b16_ctx8,medio,0.008879391564338361
fold1_stack_global_C0.001_20260911,1,stack_global_C0.001,20260911,medio,b16_ctx8,alto,0.01673620464253606
fold1_stack_global_C0.001_20260911,1,stack_global_C0.001,20260911,medio,b17_ctx1,bajo,0.007837957031786583
fold1_stack_global_C0.001_20260911,1,stack_global_C0.001,20260911,medio,b17_ctx1,medio,-0.01882335245249652
fold1_stack_global_C0.001_20260911,1,stack_global_C0.001,20260911,medio,b17_ctx1,alto,0.008119464569717209
fold1_stack_global_C0.001_20260911,1,stack_global_C0.001,20260911,medio,b17_ctx8,bajo,-0.004900787453143025
fold1_stack_global_C0.001_20260911,1,stack_global_C0.001,20260911,medio,b17_ctx8,medio,-0.011803682858243061
fold1_stack_global_C0.001_20260911,1,stack_global_C0.001,20260911,medio,b17_ctx8,alto,0.01640501039748576
fold1_stack_global_C0.001_20260911,1,stack_global_C0.001,20260911,medio,b18_ctx1,bajo,0.007395904036366368
fold1_stack_global_C0.001_20260911,1,stack_global_C0.001,20260911,medio,b18_ctx1,medio,-0.024617689096755227
fold1_stack_global_C0.001_20260911,1,stack_global_C0.001,20260911,medio,b18_ctx1,alto,0.013966091077899468
fold1_stack_global_C0.001_20260911,1,stack_global_C0.001,20260911,medio,b18_ctx8,bajo,0.000692229375907862
fold1_stack_global_C0.001_20260911,1,stack_global_C0.001,20260911,medio,b18_ctx8,medio,-0.012565698750540422
fold1_stack_global_C0.001_20260911,1,stack_global_C0.001,20260911,medio,b18_ctx8,alto,0.010739478660890221
fold1_stack_global_C0.001_20260911,1,stack_global_C0.001,20260911,medio,b19_ctx1,bajo,-0.0021618537712388844
fold1_stack_global_C0.001_20260911,1,stack_global_C0.001,20260911,medio,b19_ctx1,medio,0.016499430688195007
fold1_stack_global_C0.001_20260911,1,stack_global_C0.001,20260911,medio,b19_ctx1,alto,-0.015579556550893313
fold1_stack_global_C0.001_20260911,1,stack_global_C0.001,20260911,medio,b19_ctx8,bajo,-0.023946233365137487
fold1_stack_global_C0.001_20260911,1,stack_global_C0.001,20260911,medio,b19_ctx8,medio,0.01731344147081672
fold1_stack_global_C0.001_20260911,1,stack_global_C0.001,20260911,medio,b19_ctx8,alto,0.01101093312426449
fold1_stack_global_C0.001_20260911,1,stack_global_C0.001,20260911,medio,b20_ctx1,bajo,-0.007089339048369738
fold1_stack_global_C0.001_20260911,1,stack_global_C0.001,20260911,medio,b20_ctx1,medio,0.020758528846866672
fold1_stack_global_C0.001_20260911,1,stack_global_C0.001,20260911,medio,b20_ctx1,alto,-0.017148572297178286
fold1_stack_global_C0.001_20260911,1,stack_global_C0.001,20260911,medio,b20_ctx8,bajo,-0.015617877112467328
fold1_stack_global_C0.001_20260911,1,stack_global_C0.001,20260911,medio,b20_ctx8,medio,0.02039708184991289
fold1_stack_global_C0.001_20260911,1,stack_global_C0.001,20260911,medio,b20_ctx8,alto,-0.0028847743371535387
fold1_stack_global_C0.001_20260911,1,stack_global_C0.001,20260911,medio,b21_ctx1,bajo,0.017195316525034105
fold1_stack_global_C0.001_20260911,1,stack_global_C0.001,20260911,medio,b21_ctx1,medio,0.0026414825369405156
fold1_stack_global_C0.001_20260911,1,stack_global_C0.001,20260911,medio,b21_ctx1,alto,-0.0349337219261484
fold1_stack_global_C0.001_20260911,1,stack_global_C0.001,20260911,medio,b21_ctx8,bajo,0.02858362157807648
fold1_stack_global_C0.001_20260911,1,stack_global_C0.001,20260911,medio,b21_ctx8,medio,-0.003799727960593641
fold1_stack_global_C0.001_20260911,1,stack_global_C0.001,20260911,medio,b21_ctx8,alto,-0.030372445547158337
fold1_stack_global_C0.01_20260911,1,stack_global_C0.01,20260911,alto,b15_ctx1,bajo,0.04996093801158131
fold1_stack_global_C0.01_20260911,1,stack_global_C0.01,20260911,alto,b15_ctx1,medio,-0.05153080036822063
fold1_stack_global_C0.01_20260911,1,stack_global_C0.01,20260911,alto,b15_ctx1,alto,-0.010565775943332469
fold1_stack_global_C0.01_20260911,1,stack_global_C0.01,20260911,alto,b15_ctx8,bajo,0.053812820945547735
fold1_stack_global_C0.01_20260911,1,stack_global_C0.01,20260911,alto,b15_ctx8,medio,-0.070839258950175
fold1_stack_global_C0.01_20260911,1,stack_global_C0.01,20260911,alto,b15_ctx8,alto,0.008093204259384389
fold1_stack_global_C0.01_20260911,1,stack_global_C0.01,20260911,alto,b16_ctx1,bajo,0.036473430128036076
fold1_stack_global_C0.01_20260911,1,stack_global_C0.01,20260911,alto,b16_ctx1,medio,-0.0727334637342792
fold1_stack_global_C0.01_20260911,1,stack_global_C0.01,20260911,alto,b16_ctx1,alto,0.028009174639123585
fold1_stack_global_C0.01_20260911,1,stack_global_C0.01,20260911,alto,b16_ctx8,bajo,0.0928892034494575
fold1_stack_global_C0.01_20260911,1,stack_global_C0.01,20260911,alto,b16_ctx8,medio,-0.03797999887255636
fold1_stack_global_C0.01_20260911,1,stack_global_C0.01,20260911,alto,b16_ctx8,alto,-0.06908542713687306
fold1_stack_global_C0.01_20260911,1,stack_global_C0.01,20260911,alto,b17_ctx1,bajo,-0.04145630199678192
fold1_stack_global_C0.01_20260911,1,stack_global_C0.01,20260911,alto,b17_ctx1,medio,0.0325879832526907
fold1_stack_global_C0.01_20260911,1,stack_global_C0.01,20260911,alto,b17_ctx1,alto,0.023016910839936337
fold1_stack_global_C0.01_20260911,1,stack_global_C0.01,20260911,alto,b17_ctx8,bajo,0.010019827671669415
fold1_stack_global_C0.01_20260911,1,stack_global_C0.01,20260911,alto,b17_ctx8,medio,0.027656587413137226
fold1_stack_global_C0.01_20260911,1,stack_global_C0.01,20260911,alto,b17_ctx8,alto,-0.036803198065060785
fold1_stack_global_C0.01_20260911,1,stack_global_C0.01,20260911,alto,b18_ctx1,bajo,-0.057076367570179545
fold1_stack_global_C0.01_20260911,1,stack_global_C0.01,20260911,alto,b18_ctx1,medio,0.06444385539340682
fold1_stack_global_C0.01_20260911,1,stack_global_C0.01,20260911,alto,b18_ctx1,alto,0.013618583415399359
fold1_stack_global_C0.01_20260911,1,stack_global_C0.01,20260911,alto,b18_ctx8,bajo,-0.04341974328138896
fold1_stack_global_C0.01_20260911,1,stack_global_C0.01,20260911,alto,b18_ctx8,medio,0.03389627295164868
fold1_stack_global_C0.01_20260911,1,stack_global_C0.01,20260911,alto,b18_ctx8,alto,0.01738194373437306
fold1_stack_global_C0.01_20260911,1,stack_global_C0.01,20260911,alto,b19_ctx1,bajo,0.011431233531880873
fold1_stack_global_C0.01_20260911,1,stack_global_C0.01,20260911,alto,b19_ctx1,medio,-0.06262802782166352
fold1_stack_global_C0.01_20260911,1,stack_global_C0.01,20260911,alto,b19_ctx1,alto,0.054513280599942794
fold1_stack_global_C0.01_20260911,1,stack_global_C0.01,20260911,alto,b19_ctx8,bajo,-0.07611546216345885
fold1_stack_global_C0.01_20260911,1,stack_global_C0.01,20260911,alto,b19_ctx8,medio,0.07935229810152412
fold1_stack_global_C0.01_20260911,1,stack_global_C0.01,20260911,alto,b19_ctx8,alto,0.01148971199518547
fold1_stack_global_C0.01_20260911,1,stack_global_C0.01,20260911,alto,b20_ctx1,bajo,0.007556174947251894
fold1_stack_global_C0.01_20260911,1,stack_global_C0.01,20260911,alto,b20_ctx1,medio,0.015394926019710374
fold1_stack_global_C0.01_20260911,1,stack_global_C0.01,20260911,alto,b20_ctx1,alto,-0.03351058135021938
fold1_stack_global_C0.01_20260911,1,stack_global_C0.01,20260911,alto,b20_ctx8,bajo,-0.08110979502032084
fold1_stack_global_C0.01_20260911,1,stack_global_C0.01,20260911,alto,b20_ctx8,medio,0.07427864917373193
fold1_stack_global_C0.01_20260911,1,stack_global_C0.01,20260911,alto,b20_ctx8,alto,0.017678657479463657
fold1_stack_global_C0.01_20260911,1,stack_global_C0.01,20260911,alto,b21_ctx1,bajo,-0.004602079200501947
fold1_stack_global_C0.01_20260911,1,stack_global_C0.01,20260911,alto,b21_ctx1,medio,0.03699418425456657
fold1_stack_global_C0.01_20260911,1,stack_global_C0.01,20260911,alto,b21_ctx1,alto,-0.051200134320671976
fold1_stack_global_C0.01_20260911,1,stack_global_C0.01,20260911,alto,b21_ctx8,bajo,0.04472616027258876
fold1_stack_global_C0.01_20260911,1,stack_global_C0.01,20260911,alto,b21_ctx8,medio,-0.05457549856411669
fold1_stack_global_C0.01_20260911,1,stack_global_C0.01,20260911,alto,b21_ctx8,alto,0.012906844217646166
fold1_stack_global_C0.01_20260911,1,stack_global_C0.01,20260911,bajo,b15_ctx1,bajo,-0.012210558881440618
fold1_stack_global_C0.01_20260911,1,stack_global_C0.01,20260911,bajo,b15_ctx1,medio,-0.004645293759216942
fold1_stack_global_C0.01_20260911,1,stack_global_C0.01,20260911,bajo,b15_ctx1,alto,0.0246095853192716
fold1_stack_global_C0.01_20260911,1,stack_global_C0.01,20260911,bajo,b15_ctx8,bajo,0.007296746701781593
fold1_stack_global_C0.01_20260911,1,stack_global_C0.01,20260911,bajo,b15_ctx8,medio,0.02139907684445799
fold1_stack_global_C0.01_20260911,1,stack_global_C0.01,20260911,bajo,b15_ctx8,alto,-0.029596859771085775
fold1_stack_global_C0.01_20260911,1,stack_global_C0.01,20260911,bajo,b16_ctx1,bajo,-0.051912320837244764
fold1_stack_global_C0.01_20260911,1,stack_global_C0.01,20260911,bajo,b16_ctx1,medio,0.05960967839242817
fold1_stack_global_C0.01_20260911,1,stack_global_C0.01,20260911,bajo,b16_ctx1,alto,0.007391054878208604
fold1_stack_global_C0.01_20260911,1,stack_global_C0.01,20260911,bajo,b16_ctx8,bajo,-0.040631160221077114
fold1_stack_global_C0.01_20260911,1,stack_global_C0.01,20260911,bajo,b16_ctx8,medio,0.006236575034640589
fold1_stack_global_C0.01_20260911,1,stack_global_C0.01,20260911,bajo,b16_ctx8,alto,0.0400015216640548
fold1_stack_global_C0.01_20260911,1,stack_global_C0.01,20260911,bajo,b17_ctx1,bajo,0.0106581951429446
fold1_stack_global_C0.01_20260911,1,stack_global_C0.01,20260911,bajo,b17_ctx1,medio,0.03888165995680305
fold1_stack_global_C0.01_20260911,1,stack_global_C0.01,20260911,bajo,b17_ctx1,alto,-0.052464794975530075
fold1_stack_global_C0.01_20260911,1,stack_global_C0.01,20260911,bajo,b17_ctx8,bajo,-0.03322367064950898
fold1_stack_global_C0.01_20260911,1,stack_global_C0.01,20260911,bajo,b17_ctx8,medio,0.03177611126443737
fold1_stack_global_C0.01_20260911,1,stack_global_C0.01,20260911,bajo,b17_ctx8,alto,0.007697284045187076
fold1_stack_global_C0.01_20260911,1,stack_global_C0.01,20260911,bajo,b18_ctx1,bajo,0.051278638844370464
fold1_stack_global_C0.01_20260911,1,stack_global_C0.01,20260911,bajo,b18_ctx1,medio,0.01835759026332141
fold1_stack_global_C0.01_20260911,1,stack_global_C0.01,20260911,bajo,b18_ctx1,alto,-0.0859763769695045
fold1_stack_global_C0.01_20260911,1,stack_global_C0.01,20260911,bajo,b18_ctx8,bajo,0.020628052471232155
fold1_stack_global_C0.01_20260911,1,stack_global_C0.01,20260911,bajo,b18_ctx8,medio,-0.011971091992565972
fold1_stack_global_C0.01_20260911,1,stack_global_C0.01,20260911,bajo,b18_ctx8,alto,-0.012043757836879828
fold1_stack_global_C0.01_20260911,1,stack_global_C0.01,20260911,bajo,b19_ctx1,bajo,-0.020792642543134038
fold1_stack_global_C0.01_20260911,1,stack_global_C0.01,20260911,bajo,b19_ctx1,medio,-0.003741556550256748
fold1_stack_global_C0.01_20260911,1,stack_global_C0.01,20260911,bajo,b19_ctx1,alto,0.0340393211384237
fold1_stack_global_C0.01_20260911,1,stack_global_C0.01,20260911,bajo,b19_ctx8,bajo,0.11106851476414455
fold1_stack_global_C0.01_20260911,1,stack_global_C0.01,20260911,bajo,b19_ctx8,medio,-0.11776251508344411
fold1_stack_global_C0.01_20260911,1,stack_global_C0.01,20260911,bajo,b19_ctx8,alto,-0.01486079417459553
fold1_stack_global_C0.01_20260911,1,stack_global_C0.01,20260911,bajo,b20_ctx1,bajo,0.04992176885375142
fold1_stack_global_C0.01_20260911,1,stack_global_C0.01,20260911,bajo,b20_ctx1,medio,-0.06775537896459147
fold1_stack_global_C0.01_20260911,1,stack_global_C0.01,20260911,bajo,b20_ctx1,alto,0.012512945317718453
fold1_stack_global_C0.01_20260911,1,stack_global_C0.01,20260911,bajo,b20_ctx8,bajo,0.11600721626098255
fold1_stack_global_C0.01_20260911,1,stack_global_C0.01,20260911,bajo,b20_ctx8,medio,-0.11680652772037231
fold1_stack_global_C0.01_20260911,1,stack_global_C0.01,20260911,bajo,b20_ctx8,alto,-0.014378395823241073
fold1_stack_global_C0.01_20260911,1,stack_global_C0.01,20260911,bajo,b21_ctx1,bajo,-0.03141432735433279
fold1_stack_global_C0.01_20260911,1,stack_global_C0.01,20260911,bajo,b21_ctx1,medio,-0.025034191505314395
fold1_stack_global_C0.01_20260911,1,stack_global_C0.01,20260911,bajo,b21_ctx1,alto,0.0962764428305342
fold1_stack_global_C0.01_20260911,1,stack_global_C0.01,20260911,bajo,b21_ctx8,bajo,-0.14148576265044038
fold1_stack_global_C0.01_20260911,1,stack_global_C0.01,20260911,bajo,b21_ctx8,medio,0.10765418467355474
fold1_stack_global_C0.01_20260911,1,stack_global_C0.01,20260911,bajo,b21_ctx8,alto,0.03993191224601402
fold1_stack_global_C0.01_20260911,1,stack_global_C0.01,20260911,medio,b15_ctx1,bajo,-0.0377503791301409
fold1_stack_global_C0.01_20260911,1,stack_global_C0.01,20260911,medio,b15_ctx1,medio,0.05617609412743845
fold1_stack_global_C0.01_20260911,1,stack_global_C0.01,20260911,medio,b15_ctx1,alto,-0.01404380937593929
fold1_stack_global_C0.01_20260911,1,stack_global_C0.01,20260911,medio,b15_ctx8,bajo,-0.06110956764732974
fold1_stack_global_C0.01_20260911,1,stack_global_C0.01,20260911,medio,b15_ctx8,medio,0.049440182105717316
fold1_stack_global_C0.01_20260911,1,stack_global_C0.01,20260911,medio,b15_ctx8,alto,0.02150365551170117
fold1_stack_global_C0.01_20260911,1,stack_global_C0.01,20260911,medio,b16_ctx1,bajo,0.015438890709208475
fold1_stack_global_C0.01_20260911,1,stack_global_C0.01,20260911,medio,b16_ctx1,medio,0.01312378534185123
fold1_stack_global_C0.01_20260911,1,stack_global_C0.01,20260911,medio,b16_ctx1,alto,-0.03540022951733262
fold1_stack_global_C0.01_20260911,1,stack_global_C0.01,20260911,medio,b16_ctx8,bajo,-0.0522580432283805
fold1_stack_global_C0.01_20260911,1,stack_global_C0.01,20260911,medio,b16_ctx8,medio,0.03174342383791565
fold1_stack_global_C0.01_20260911,1,stack_global_C0.01,20260911,medio,b16_ctx8,alto,0.029083905472818628
fold1_stack_global_C0.01_20260911,1,stack_global_C0.01,20260911,medio,b17_ctx1,bajo,0.030798106853837347
fold1_stack_global_C0.01_20260911,1,stack_global_C0.01,20260911,medio,b17_ctx1,medio,-0.07146964320949448
fold1_stack_global_C0.01_20260911,1,stack_global_C0.01,20260911,medio,b17_ctx1,alto,0.029447884135594116
fold1_stack_global_C0.01_20260911,1,stack_global_C0.01,20260911,medio,b17_ctx8,bajo,0.023203842977838722
fold1_stack_global_C0.01_20260911,1,stack_global_C0.01,20260911,medio,b17_ctx8,medio,-0.05943269867757525
fold1_stack_global_C0.01_20260911,1,stack_global_C0.01,20260911,medio,b17_ctx8,alto,0.029105914019873825
fold1_stack_global_C0.01_20260911,1,stack_global_C0.01,20260911,medio,b18_ctx1,bajo,0.005797728725809041
fold1_stack_global_C0.01_20260911,1,stack_global_C0.01,20260911,medio,b18_ctx1,medio,-0.08280144565672803
fold1_stack_global_C0.01_20260911,1,stack_global_C0.01,20260911,medio,b18_ctx1,alto,0.07235779355410578
fold1_stack_global_C0.01_20260911,1,stack_global_C0.01,20260911,medio,b18_ctx8,bajo,0.022791690810157104
fold1_stack_global_C0.01_20260911,1,stack_global_C0.01,20260911,medio,b18_ctx8,medio,-0.021925180959083107
fold1_stack_global_C0.01_20260911,1,stack_global_C0.01,20260911,medio,b18_ctx8,alto,-0.0053381858974936
fold1_stack_global_C0.01_20260911,1,stack_global_C0.01,20260911,medio,b19_ctx1,bajo,0.009361409011252894
fold1_stack_global_C0.01_20260911,1,stack_global_C0.01,20260911,medio,b19_ctx1,medio,0.06636958437192036
fold1_stack_global_C0.01_20260911,1,stack_global_C0.01,20260911,medio,b19_ctx1,alto,-0.08855260173836584
fold1_stack_global_C0.01_20260911,1,stack_global_C0.01,20260911,medio,b19_ctx8,bajo,-0.03495305260068509
fold1_stack_global_C0.01_20260911,1,stack_global_C0.01,20260911,medio,b19_ctx8,medio,0.03841021698191977
fold1_stack_global_C0.01_20260911,1,stack_global_C0.01,20260911,medio,b19_ctx8,alto,0.0033710821794108517
fold1_stack_global_C0.01_20260911,1,stack_global_C0.01,20260911,medio,b20_ctx1,bajo,-0.05747794380100427
fold1_stack_global_C0.01_20260911,1,stack_global_C0.01,20260911,medio,b20_ctx1,medio,0.05236045294488079
fold1_stack_global_C0.01_20260911,1,stack_global_C0.01,20260911,medio,b20_ctx1,alto,0.020997636032501196
fold1_stack_global_C0.01_20260911,1,stack_global_C0.01,20260911,medio,b20_ctx8,bajo,-0.03489742124066276
fold1_stack_global_C0.01_20260911,1,stack_global_C0.01,20260911,medio,b20_ctx8,medio,0.04252787854663982
fold1_stack_global_C0.01_20260911,1,stack_global_C0.01,20260911,medio,b20_ctx8,alto,-0.003300261656222817
fold1_stack_global_C0.01_20260911,1,stack_global_C0.01,20260911,medio,b21_ctx1,bajo,0.036016406554833784
fold1_stack_global_C0.01_20260911,1,stack_global_C0.01,20260911,medio,b21_ctx1,medio,-0.011959992749252338
fold1_stack_global_C0.01_20260911,1,stack_global_C0.01,20260911,medio,b21_ctx1,alto,-0.045076308509861565
fold1_stack_global_C0.01_20260911,1,stack_global_C0.01,20260911,medio,b21_ctx8,bajo,0.09675960237785175
fold1_stack_global_C0.01_20260911,1,stack_global_C0.01,20260911,medio,b21_ctx8,medio,-0.05307868610943858
fold1_stack_global_C0.01_20260911,1,stack_global_C0.01,20260911,medio,b21_ctx8,alto,-0.05283875646366004
fold1_stack_global_C0.1_20260911,1,stack_global_C0.1,20260911,alto,b15_ctx1,bajo,0.136294736162571
fold1_stack_global_C0.1_20260911,1,stack_global_C0.1,20260911,alto,b15_ctx1,medio,-0.13189620527871465
fold1_stack_global_C0.1_20260911,1,stack_global_C0.1,20260911,alto,b15_ctx1,alto,-0.039915795273830504
fold1_stack_global_C0.1_20260911,1,stack_global_C0.1,20260911,alto,b15_ctx8,bajo,0.3220286628878142
fold1_stack_global_C0.1_20260911,1,stack_global_C0.1,20260911,alto,b15_ctx8,medio,-0.47735607207201414
fold1_stack_global_C0.1_20260911,1,stack_global_C0.1,20260911,alto,b15_ctx8,alto,0.10133407238338092
fold1_stack_global_C0.1_20260911,1,stack_global_C0.1,20260911,alto,b16_ctx1,bajo,0.12772832898896952
fold1_stack_global_C0.1_20260911,1,stack_global_C0.1,20260911,alto,b16_ctx1,medio,-0.2139292322234591
fold1_stack_global_C0.1_20260911,1,stack_global_C0.1,20260911,alto,b16_ctx1,alto,0.05420024661449932
fold1_stack_global_C0.1_20260911,1,stack_global_C0.1,20260911,alto,b16_ctx8,bajo,0.38350610675717384
fold1_stack_global_C0.1_20260911,1,stack_global_C0.1,20260911,alto,b16_ctx8,medio,-0.2284964119887187
fold1_stack_global_C0.1_20260911,1,stack_global_C0.1,20260911,alto,b16_ctx8,alto,-0.21764187388729522
fold1_stack_global_C0.1_20260911,1,stack_global_C0.1,20260911,alto,b17_ctx1,bajo,-0.07983659735516802
fold1_stack_global_C0.1_20260911,1,stack_global_C0.1,20260911,alto,b17_ctx1,medio,0.11619244610977593
fold1_stack_global_C0.1_20260911,1,stack_global_C0.1,20260911,alto,b17_ctx1,alto,-0.008302783380295073
fold1_stack_global_C0.1_20260911,1,stack_global_C0.1,20260911,alto,b17_ctx8,bajo,0.05651344181202545
fold1_stack_global_C0.1_20260911,1,stack_global_C0.1,20260911,alto,b17_ctx8,medio,0.083404214638151
fold1_stack_global_C0.1_20260911,1,stack_global_C0.1,20260911,alto,b17_ctx8,alto,-0.1403682334146134
fold1_stack_global_C0.1_20260911,1,stack_global_C0.1,20260911,alto,b18_ctx1,bajo,-0.11748480978778696
fold1_stack_global_C0.1_20260911,1,stack_global_C0.1,20260911,alto,b18_ctx1,medio,0.19274575404989822
fold1_stack_global_C0.1_20260911,1,stack_global_C0.1,20260911,alto,b18_ctx1,alto,-0.030082249243243157
fold1_stack_global_C0.1_20260911,1,stack_global_C0.1,20260911,alto,b18_ctx8,bajo,-0.16430502733896682
fold1_stack_global_C0.1_20260911,1,stack_global_C0.1,20260911,alto,b18_ctx8,medio,0.030207572613674863
fold1_stack_global_C0.1_20260911,1,stack_global_C0.1,20260911,alto,b18_ctx8,alto,0.1556093442796788
fold1_stack_global_C0.1_20260911,1,stack_global_C0.1,20260911,alto,b19_ctx1,bajo,0.017581173502610712
fold1_stack_global_C0.1_20260911,1,stack_global_C0.1,20260911,alto,b19_ctx1,medio,-0.19068861994178787
fold1_stack_global_C0.1_20260911,1,stack_global_C0.1,20260911,alto,b19_ctx1,alto,0.19067006488925037
fold1_stack_global_C0.1_20260911,1,stack_global_C0.1,20260911,alto,b19_ctx8,bajo,-0.3360948594208933
fold1_stack_global_C0.1_20260911,1,stack_global_C0.1,20260911,alto,b19_ctx8,medio,0.3136781100290568
fold1_stack_global_C0.1_20260911,1,stack_global_C0.1,20260911,alto,b19_ctx8,alto,0.08622024321818335
fold1_stack_global_C0.1_20260911,1,stack_global_C0.1,20260911,alto,b20_ctx1,bajo,-0.06332814085174793
fold1_stack_global_C0.1_20260911,1,stack_global_C0.1,20260911,alto,b20_ctx1,medio,0.1689769058457635
fold1_stack_global_C0.1_20260911,1,stack_global_C0.1,20260911,alto,b20_ctx1,alto,-0.1304717471394721
fold1_stack_global_C0.1_20260911,1,stack_global_C0.1,20260911,alto,b20_ctx8,bajo,-0.4126531339244462
fold1_stack_global_C0.1_20260911,1,stack_global_C0.1,20260911,alto,b20_ctx8,medio,0.5287424452542568
fold1_stack_global_C0.1_20260911,1,stack_global_C0.1,20260911,alto,b20_ctx8,alto,-0.06571025092914407
fold1_stack_global_C0.1_20260911,1,stack_global_C0.1,20260911,alto,b21_ctx1,bajo,-0.033214765227164426
fold1_stack_global_C0.1_20260911,1,stack_global_C0.1,20260911,alto,b21_ctx1,medio,0.04378384804640795
fold1_stack_global_C0.1_20260911,1,stack_global_C0.1,20260911,alto,b21_ctx1,alto,-0.011034727739654165
fold1_stack_global_C0.1_20260911,1,stack_global_C0.1,20260911,alto,b21_ctx8,bajo,0.17974181859684327
fold1_stack_global_C0.1_20260911,1,stack_global_C0.1,20260911,alto,b21_ctx8,medio,-0.20530854445589045
fold1_stack_global_C0.1_20260911,1,stack_global_C0.1,20260911,alto,b21_ctx8,alto,0.034452626598758994
fold1_stack_global_C0.1_20260911,1,stack_global_C0.1,20260911,bajo,b15_ctx1,bajo,-0.1676207922567401
fold1_stack_global_C0.1_20260911,1,stack_global_C0.1,20260911,bajo,b15_ctx1,medio,0.10541309171416023
fold1_stack_global_C0.1_20260911,1,stack_global_C0.1,20260911,bajo,b15_ctx1,alto,0.12166225323702956
fold1_stack_global_C0.1_20260911,1,stack_global_C0.1,20260911,bajo,b15_ctx8,bajo,-0.2788955579462614
fold1_stack_global_C0.1_20260911,1,stack_global_C0.1,20260911,bajo,b15_ctx8,medio,0.4506324898470915
fold1_stack_global_C0.1_20260911,1,stack_global_C0.1,20260911,bajo,b15_ctx8,alto,-0.12460315330095297
fold1_stack_global_C0.1_20260911,1,stack_global_C0.1,20260911,bajo,b16_ctx1,bajo,-0.12410374028852739
fold1_stack_global_C0.1_20260911,1,stack_global_C0.1,20260911,bajo,b16_ctx1,medio,0.17790584459735737
fold1_stack_global_C0.1_20260911,1,stack_global_C0.1,20260911,bajo,b16_ctx1,alto,-0.020427831750099438
fold1_stack_global_C0.1_20260911,1,stack_global_C0.1,20260911,bajo,b16_ctx8,bajo,-0.20683153338011856
fold1_stack_global_C0.1_20260911,1,stack_global_C0.1,20260911,bajo,b16_ctx8,medio,0.08780516179401238
fold1_stack_global_C0.1_20260911,1,stack_global_C0.1,20260911,bajo,b16_ctx8,alto,0.15077711966799812
fold1_stack_global_C0.1_20260911,1,stack_global_C0.1,20260911,bajo,b17_ctx1,bajo,0.006029137605764371
fold1_stack_global_C0.1_20260911,1,stack_global_C0.1,20260911,bajo,b17_ctx1,medio,0.0588247625089658
fold1_stack_global_C0.1_20260911,1,stack_global_C0.1,20260911,bajo,b17_ctx1,alto,-0.06595315475141669
fold1_stack_global_C0.1_20260911,1,stack_global_C0.1,20260911,bajo,b17_ctx8,bajo,-0.14933562833089203
fold1_stack_global_C0.1_20260911,1,stack_global_C0.1,20260911,bajo,b17_ctx8,medio,0.17194824496483355
fold1_stack_global_C0.1_20260911,1,stack_global_C0.1,20260911,bajo,b17_ctx8,alto,0.007635619644269302
fold1_stack_global_C0.1_20260911,1,stack_global_C0.1,20260911,bajo,b18_ctx1,bajo,0.136200098629422
fold1_stack_global_C0.1_20260911,1,stack_global_C0.1,20260911,bajo,b18_ctx1,medio,-0.08316382312013328
fold1_stack_global_C0.1_20260911,1,stack_global_C0.1,20260911,bajo,b18_ctx1,alto,-0.1007865863932652
fold1_stack_global_C0.1_20260911,1,stack_global_C0.1,20260911,bajo,b18_ctx8,bajo,0.14166630727375268
fold1_stack_global_C0.1_20260911,1,stack_global_C0.1,20260911,bajo,b18_ctx8,medio,-0.11404797075668713
fold1_stack_global_C0.1_20260911,1,stack_global_C0.1,20260911,bajo,b18_ctx8,alto,-0.05354803835559508
fold1_stack_global_C0.1_20260911,1,stack_global_C0.1,20260911,bajo,b19_ctx1,bajo,-0.03355686880072337
fold1_stack_global_C0.1_20260911,1,stack_global_C0.1,20260911,bajo,b19_ctx1,medio,-0.03059353915133609
fold1_stack_global_C0.1_20260911,1,stack_global_C0.1,20260911,bajo,b19_ctx1,alto,0.08273323906960449
fold1_stack_global_C0.1_20260911,1,stack_global_C0.1,20260911,bajo,b19_ctx8,bajo,0.326351524259571
fold1_stack_global_C0.1_20260911,1,stack_global_C0.1,20260911,bajo,b19_ctx8,medio,-0.34992225392570453
fold1_stack_global_C0.1_20260911,1,stack_global_C0.1,20260911,bajo,b19_ctx8,alto,-0.03989349666511678
fold1_stack_global_C0.1_20260911,1,stack_global_C0.1,20260911,bajo,b20_ctx1,bajo,0.22655886681850113
fold1_stack_global_C0.1_20260911,1,stack_global_C0.1,20260911,bajo,b20_ctx1,medio,-0.185491036583489
fold1_stack_global_C0.1_20260911,1,stack_global_C0.1,20260911,bajo,b20_ctx1,alto,-0.11160838395706452
fold1_stack_global_C0.1_20260911,1,stack_global_C0.1,20260911,bajo,b20_ctx8,bajo,0.4713160584262652
fold1_stack_global_C0.1_20260911,1,stack_global_C0.1,20260911,bajo,b20_ctx8,medio,-0.5965663571753229
fold1_stack_global_C0.1_20260911,1,stack_global_C0.1,20260911,bajo,b20_ctx8,alto,0.06747527329975435
fold1_stack_global_C0.1_20260911,1,stack_global_C0.1,20260911,bajo,b21_ctx1,bajo,-0.02565063596501183
fold1_stack_global_C0.1_20260911,1,stack_global_C0.1,20260911,bajo,b21_ctx1,medio,-0.050126375024897495
fold1_stack_global_C0.1_20260911,1,stack_global_C0.1,20260911,bajo,b21_ctx1,alto,0.12628812904075779
fold1_stack_global_C0.1_20260911,1,stack_global_C0.1,20260911,bajo,b21_ctx8,bajo,-0.30284672389526524
fold1_stack_global_C0.1_20260911,1,stack_global_C0.1,20260911,bajo,b21_ctx8,medio,0.28289349330802926
fold1_stack_global_C0.1_20260911,1,stack_global_C0.1,20260911,bajo,b21_ctx8,alto,0.020278530314924183
fold1_stack_global_C0.1_20260911,1,stack_global_C0.1,20260911,medio,b15_ctx1,bajo,0.031326056094167554
fold1_stack_global_C0.1_20260911,1,stack_global_C0.1,20260911,medio,b15_ctx1,medio,0.026483113564550465
fold1_stack_global_C0.1_20260911,1,stack_global_C0.1,20260911,medio,b15_ctx1,alto,-0.08174645796320015
fold1_stack_global_C0.1_20260911,1,stack_global_C0.1,20260911,medio,b15_ctx8,bajo,-0.0431331049415548
fold1_stack_global_C0.1_20260911,1,stack_global_C0.1,20260911,medio,b15_ctx8,medio,0.02672358222492342
fold1_stack_global_C0.1_20260911,1,stack_global_C0.1,20260911,medio,b15_ctx8,alto,0.023269080917576186
fold1_stack_global_C0.1_20260911,1,stack_global_C0.1,20260911,medio,b16_ctx1,bajo,-0.003624588700443284
fold1_stack_global_C0.1_20260911,1,stack_global_C0.1,20260911,medio,b16_ctx1,medio,0.0360233876260966
fold1_stack_global_C0.1_20260911,1,stack_global_C0.1,20260911,medio,b16_ctx1,alto,-0.03377241486440177
fold1_stack_global_C0.1_20260911,1,stack_global_C0.1,20260911,medio,b16_ctx8,bajo,-0.1766745733770573
fold1_stack_global_C0.1_20260911,1,stack_global_C0.1,20260911,medio,b16_ctx8,medio,0.1406912501947033
fold1_stack_global_C0.1_20260911,1,stack_global_C0.1,20260911,medio,b16_ctx8,alto,0.066864754219299
fold1_stack_global_C0.1_20260911,1,stack_global_C0.1,20260911,medio,b17_ctx1,bajo,0.07380745974940414
fold1_stack_global_C0.1_20260911,1,stack_global_C0.1,20260911,medio,b17_ctx1,medio,-0.17501720861873907
fold1_stack_global_C0.1_20260911,1,stack_global_C0.1,20260911,medio,b17_ctx1,alto,0.07425593813171107
fold1_stack_global_C0.1_20260911,1,stack_global_C0.1,20260911,medio,b17_ctx8,bajo,0.09282218651886529
fold1_stack_global_C0.1_20260911,1,stack_global_C0.1,20260911,medio,b17_ctx8,medio,-0.25535245960297975
fold1_stack_global_C0.1_20260911,1,stack_global_C0.1,20260911,medio,b17_ctx8,alto,0.13273261377033777
fold1_stack_global_C0.1_20260911,1,stack_global_C0.1,20260911,medio,b18_ctx1,bajo,-0.01871528884163945
fold1_stack_global_C0.1_20260911,1,stack_global_C0.1,20260911,medio,b18_ctx1,medio,-0.10958193092976594
fold1_stack_global_C0.1_20260911,1,stack_global_C0.1,20260911,medio,b18_ctx1,alto,0.13086883563650323
fold1_stack_global_C0.1_20260911,1,stack_global_C0.1,20260911,medio,b18_ctx8,bajo,0.022638720065216503
fold1_stack_global_C0.1_20260911,1,stack_global_C0.1,20260911,medio,b18_ctx8,medio,0.08384039814301042
fold1_stack_global_C0.1_20260911,1,stack_global_C0.1,20260911,medio,b18_ctx8,alto,-0.10206130592409128
fold1_stack_global_C0.1_20260911,1,stack_global_C0.1,20260911,medio,b19_ctx1,bajo,0.015975695298113057
fold1_stack_global_C0.1_20260911,1,stack_global_C0.1,20260911,medio,b19_ctx1,medio,0.22128215909311913
fold1_stack_global_C0.1_20260911,1,stack_global_C0.1,20260911,medio,b19_ctx1,alto,-0.27340330395884943
fold1_stack_global_C0.1_20260911,1,stack_global_C0.1,20260911,medio,b19_ctx8,bajo,0.009743335161329327
fold1_stack_global_C0.1_20260911,1,stack_global_C0.1,20260911,medio,b19_ctx8,medio,0.036244143896655465
fold1_stack_global_C0.1_20260911,1,stack_global_C0.1,20260911,medio,b19_ctx8,alto,-0.0463267465530626
fold1_stack_global_C0.1_20260911,1,stack_global_C0.1,20260911,medio,b20_ctx1,bajo,-0.16323072596675128
fold1_stack_global_C0.1_20260911,1,stack_global_C0.1,20260911,medio,b20_ctx1,medio,0.01651413073773037
fold1_stack_global_C0.1_20260911,1,stack_global_C0.1,20260911,medio,b20_ctx1,alto,0.24208013109653886
fold1_stack_global_C0.1_20260911,1,stack_global_C0.1,20260911,medio,b20_ctx8,bajo,-0.05866292450182251
fold1_stack_global_C0.1_20260911,1,stack_global_C0.1,20260911,medio,b20_ctx8,medio,0.06782391192106996
fold1_stack_global_C0.1_20260911,1,stack_global_C0.1,20260911,medio,b20_ctx8,alto,-0.001765022370607361
fold1_stack_global_C0.1_20260911,1,stack_global_C0.1,20260911,medio,b21_ctx1,bajo,0.05886540119217494
fold1_stack_global_C0.1_20260911,1,stack_global_C0.1,20260911,medio,b21_ctx1,medio,0.006342526978490328
fold1_stack_global_C0.1_20260911,1,stack_global_C0.1,20260911,medio,b21_ctx1,alto,-0.11525340130110602
fold1_stack_global_C0.1_20260911,1,stack_global_C0.1,20260911,medio,b21_ctx8,bajo,0.1231049052984241
fold1_stack_global_C0.1_20260911,1,stack_global_C0.1,20260911,medio,b21_ctx8,medio,-0.07758494885213522
fold1_stack_global_C0.1_20260911,1,stack_global_C0.1,20260911,medio,b21_ctx8,alto,-0.054731156913681044
fold1_stack_participant_C0.001_20260911,1,stack_participant_C0.001,20260911,alto,b15_ctx1,bajo,0.011362581431856707
fold1_stack_participant_C0.001_20260911,1,stack_participant_C0.001,20260911,alto,b15_ctx1,medio,-0.017723599863371766
fold1_stack_participant_C0.001_20260911,1,stack_participant_C0.001,20260911,alto,b15_ctx1,alto,0.0052684436976404925
fold1_stack_participant_C0.001_20260911,1,stack_participant_C0.001,20260911,alto,b15_ctx8,bajo,0.006064064360327454
fold1_stack_participant_C0.001_20260911,1,stack_participant_C0.001,20260911,alto,b15_ctx8,medio,-0.0017617765456963501
fold1_stack_participant_C0.001_20260911,1,stack_participant_C0.001,20260911,alto,b15_ctx8,alto,-0.005246703147306678
fold1_stack_participant_C0.001_20260911,1,stack_participant_C0.001,20260911,alto,b16_ctx1,bajo,0.002302609577251782
fold1_stack_participant_C0.001_20260911,1,stack_participant_C0.001,20260911,alto,b16_ctx1,medio,-0.016447827524281207
fold1_stack_participant_C0.001_20260911,1,stack_participant_C0.001,20260911,alto,b16_ctx1,alto,0.014527494834043147
fold1_stack_participant_C0.001_20260911,1,stack_participant_C0.001,20260911,alto,b16_ctx8,bajo,0.0057231590601180505
fold1_stack_participant_C0.001_20260911,1,stack_participant_C0.001,20260911,alto,b16_ctx8,medio,0.017872261899017854
fold1_stack_participant_C0.001_20260911,1,stack_participant_C0.001,20260911,alto,b16_ctx8,alto,-0.023311880912598053
fold1_stack_participant_C0.001_20260911,1,stack_participant_C0.001,20260911,alto,b17_ctx1,bajo,-0.01311084976728675
fold1_stack_participant_C0.001_20260911,1,stack_participant_C0.001,20260911,alto,b17_ctx1,medio,0.00016499908310448335
fold1_stack_participant_C0.001_20260911,1,stack_participant_C0.001,20260911,alto,b17_ctx1,alto,0.017267533783689407
fold1_stack_participant_C0.001_20260911,1,stack_participant_C0.001,20260911,alto,b17_ctx8,bajo,-0.004844565687633611
fold1_stack_participant_C0.001_20260911,1,stack_participant_C0.001,20260911,alto,b17_ctx8,medio,0.024741368005768087
fold1_stack_participant_C0.001_20260911,1,stack_participant_C0.001,20260911,alto,b17_ctx8,alto,-0.017496260966534657
fold1_stack_participant_C0.001_20260911,1,stack_participant_C0.001,20260911,alto,b18_ctx1,bajo,-0.01643549187112069
fold1_stack_participant_C0.001_20260911,1,stack_participant_C0.001,20260911,alto,b18_ctx1,medio,0.005351649055401138
fold1_stack_participant_C0.001_20260911,1,stack_participant_C0.001,20260911,alto,b18_ctx1,alto,0.01669152172729502
fold1_stack_participant_C0.001_20260911,1,stack_participant_C0.001,20260911,alto,b18_ctx8,bajo,-0.012930439393740811
fold1_stack_participant_C0.001_20260911,1,stack_participant_C0.001,20260911,alto,b18_ctx8,medio,0.026307311637027774
fold1_stack_participant_C0.001_20260911,1,stack_participant_C0.001,20260911,alto,b18_ctx8,alto,-0.0096766366188459
fold1_stack_participant_C0.001_20260911,1,stack_participant_C0.001,20260911,alto,b19_ctx1,bajo,0.004450344255702925
fold1_stack_participant_C0.001_20260911,1,stack_participant_C0.001,20260911,alto,b19_ctx1,medio,-0.019631629412759855
fold1_stack_participant_C0.001_20260911,1,stack_participant_C0.001,20260911,alto,b19_ctx1,alto,0.01584511956310288
fold1_stack_participant_C0.001_20260911,1,stack_participant_C0.001,20260911,alto,b19_ctx8,bajo,-0.00893097663512552
fold1_stack_participant_C0.001_20260911,1,stack_participant_C0.001,20260911,alto,b19_ctx8,medio,0.024660967188154685
fold1_stack_participant_C0.001_20260911,1,stack_participant_C0.001,20260911,alto,b19_ctx8,alto,-0.013490677918558
fold1_stack_participant_C0.001_20260911,1,stack_participant_C0.001,20260911,alto,b20_ctx1,bajo,0.00807266781428963
fold1_stack_participant_C0.001_20260911,1,stack_participant_C0.001,20260911,alto,b20_ctx1,medio,-0.00917263416922136
fold1_stack_participant_C0.001_20260911,1,stack_participant_C0.001,20260911,alto,b20_ctx1,alto,-0.0004387650678073448
fold1_stack_participant_C0.001_20260911,1,stack_participant_C0.001,20260911,alto,b20_ctx8,bajo,-0.003247471271759458
fold1_stack_participant_C0.001_20260911,1,stack_participant_C0.001,20260911,alto,b20_ctx8,medio,0.0017674106439060876
fold1_stack_participant_C0.001_20260911,1,stack_participant_C0.001,20260911,alto,b20_ctx8,alto,0.0019528356196011432
fold1_stack_participant_C0.001_20260911,1,stack_participant_C0.001,20260911,alto,b21_ctx1,bajo,0.0006891937634521754
fold1_stack_participant_C0.001_20260911,1,stack_participant_C0.001,20260911,alto,b21_ctx1,medio,-0.001492710682115175
fold1_stack_participant_C0.001_20260911,1,stack_participant_C0.001,20260911,alto,b21_ctx1,alto,0.0011672366268146118
fold1_stack_participant_C0.001_20260911,1,stack_participant_C0.001,20260911,alto,b21_ctx8,bajo,0.006824190947270256
fold1_stack_participant_C0.001_20260911,1,stack_participant_C0.001,20260911,alto,b21_ctx8,medio,-0.024961030429219606
fold1_stack_participant_C0.001_20260911,1,stack_participant_C0.001,20260911,alto,b21_ctx8,alto,0.02264033044688406
fold1_stack_participant_C0.001_20260911,1,stack_participant_C0.001,20260911,bajo,b15_ctx1,bajo,-0.004821583279367545
fold1_stack_participant_C0.001_20260911,1,stack_participant_C0.001,20260911,bajo,b15_ctx1,medio,-0.0028256877387708365
fold1_stack_participant_C0.001_20260911,1,stack_participant_C0.001,20260911,bajo,b15_ctx1,alto,0.010984318850067941
fold1_stack_participant_C0.001_20260911,1,stack_participant_C0.001,20260911,bajo,b15_ctx8,bajo,0.017965766910114634
fold1_stack_participant_C0.001_20260911,1,stack_participant_C0.001,20260911,bajo,b15_ctx8,medio,-0.016110168941193735
fold1_stack_participant_C0.001_20260911,1,stack_participant_C0.001,20260911,bajo,b15_ctx8,alto,-0.004762563904366428
fold1_stack_participant_C0.001_20260911,1,stack_participant_C0.001,20260911,bajo,b16_ctx1,bajo,-0.004609501658367321
fold1_stack_participant_C0.001_20260911,1,stack_participant_C0.001,20260911,bajo,b16_ctx1,medio,0.013304123348031523
fold1_stack_participant_C0.001_20260911,1,stack_participant_C0.001,20260911,bajo,b16_ctx1,alto,-0.00796512795672196
fold1_stack_participant_C0.001_20260911,1,stack_participant_C0.001,20260911,bajo,b16_ctx8,bajo,0.014106554224362168
fold1_stack_participant_C0.001_20260911,1,stack_participant_C0.001,20260911,bajo,b16_ctx8,medio,-0.021792223088818685
fold1_stack_participant_C0.001_20260911,1,stack_participant_C0.001,20260911,bajo,b16_ctx8,alto,0.004615550656534786
fold1_stack_participant_C0.001_20260911,1,stack_participant_C0.001,20260911,bajo,b17_ctx1,bajo,0.004994578987462511
fold1_stack_participant_C0.001_20260911,1,stack_participant_C0.001,20260911,bajo,b17_ctx1,medio,0.01521529915429722
fold1_stack_participant_C0.001_20260911,1,stack_participant_C0.001,20260911,bajo,b17_ctx1,alto,-0.02162585828026752
fold1_stack_participant_C0.001_20260911,1,stack_participant_C0.001,20260911,bajo,b17_ctx8,bajo,0.009783515564196047
fold1_stack_participant_C0.001_20260911,1,stack_participant_C0.001,20260911,bajo,b17_ctx8,medio,-0.011281398844775725
fold1_stack_participant_C0.001_20260911,1,stack_participant_C0.001,20260911,bajo,b17_ctx8,alto,-0.00048500602255276305
fold1_stack_participant_C0.001_20260911,1,stack_participant_C0.001,20260911,bajo,b18_ctx1,bajo,0.008343296287052998
fold1_stack_participant_C0.001_20260911,1,stack_participant_C0.001,20260911,bajo,b18_ctx1,medio,0.014925641574973779
fold1_stack_participant_C0.001_20260911,1,stack_participant_C0.001,20260911,bajo,b18_ctx1,alto,-0.025533933951778325
fold1_stack_participant_C0.001_20260911,1,stack_participant_C0.001,20260911,bajo,b18_ctx8,bajo,0.01283179771104877
fold1_stack_participant_C0.001_20260911,1,stack_participant_C0.001,20260911,bajo,b18_ctx8,medio,-0.012024625415457745
fold1_stack_participant_C0.001_20260911,1,stack_participant_C0.001,20260911,bajo,b18_ctx8,alto,-0.0032979552385625265
fold1_stack_participant_C0.001_20260911,1,stack_participant_C0.001,20260911,bajo,b19_ctx1,bajo,-0.0022220979414768957
fold1_stack_participant_C0.001_20260911,1,stack_participant_C0.001,20260911,bajo,b19_ctx1,medio,0.002209129123196682
fold1_stack_participant_C0.001_20260911,1,stack_participant_C0.001,20260911,bajo,b19_ctx1,alto,0.0006842394365293068
fold1_stack_participant_C0.001_20260911,1,stack_participant_C0.001,20260911,bajo,b19_ctx8,bajo,0.0276828260346195
fold1_stack_participant_C0.001_20260911,1,stack_participant_C0.001,20260911,bajo,b19_ctx8,medio,-0.036331432293641434
fold1_stack_participant_C0.001_20260911,1,stack_participant_C0.001,20260911,bajo,b19_ctx8,alto,0.003043728882610431
fold1_stack_participant_C0.001_20260911,1,stack_participant_C0.001,20260911,bajo,b20_ctx1,bajo,-0.0019528898760555135
fold1_stack_participant_C0.001_20260911,1,stack_participant_C0.001,20260911,bajo,b20_ctx1,medio,-0.011417339986645968
fold1_stack_participant_C0.001_20260911,1,stack_participant_C0.001,20260911,bajo,b20_ctx1,alto,0.018927990590239162
fold1_stack_participant_C0.001_20260911,1,stack_participant_C0.001,20260911,bajo,b20_ctx8,bajo,0.019093434837452093
fold1_stack_participant_C0.001_20260911,1,stack_participant_C0.001,20260911,bajo,b20_ctx8,medio,-0.019935721557992576
fold1_stack_participant_C0.001_20260911,1,stack_participant_C0.001,20260911,bajo,b20_ctx8,alto,-0.0016331301902224977
fold1_stack_participant_C0.001_20260911,1,stack_participant_C0.001,20260911,bajo,b21_ctx1,bajo,-0.018158416439121215
fold1_stack_participant_C0.001_20260911,1,stack_participant_C0.001,20260911,bajo,b21_ctx1,medio,0.001534425253867657
fold1_stack_participant_C0.001_20260911,1,stack_participant_C0.001,20260911,bajo,b21_ctx1,alto,0.02994604252938945
fold1_stack_participant_C0.001_20260911,1,stack_participant_C0.001,20260911,bajo,b21_ctx8,bajo,-0.028855511608559082
fold1_stack_participant_C0.001_20260911,1,stack_participant_C0.001,20260911,bajo,b21_ctx8,medio,0.025521442155270555
fold1_stack_participant_C0.001_20260911,1,stack_participant_C0.001,20260911,bajo,b21_ctx8,alto,0.0037128223491924993
fold1_stack_participant_C0.001_20260911,1,stack_participant_C0.001,20260911,medio,b15_ctx1,bajo,-0.00654099815248923
fold1_stack_participant_C0.001_20260911,1,stack_participant_C0.001,20260911,medio,b15_ctx1,medio,0.02054928760214247
fold1_stack_participant_C0.001_20260911,1,stack_participant_C0.001,20260911,medio,b15_ctx1,alto,-0.016252762547708497
fold1_stack_participant_C0.001_20260911,1,stack_participant_C0.001,20260911,medio,b15_ctx8,bajo,-0.02402983127044225
fold1_stack_participant_C0.001_20260911,1,stack_participant_C0.001,20260911,medio,b15_ctx8,medio,0.017871945486890056
fold1_stack_participant_C0.001_20260911,1,stack_participant_C0.001,20260911,medio,b15_ctx8,alto,0.010009267051673112
fold1_stack_participant_C0.001_20260911,1,stack_participant_C0.001,20260911,medio,b16_ctx1,bajo,0.002306892081115517
fold1_stack_participant_C0.001_20260911,1,stack_participant_C0.001,20260911,medio,b16_ctx1,medio,0.003143704176249724
fold1_stack_participant_C0.001_20260911,1,stack_participant_C0.001,20260911,medio,b16_ctx1,alto,-0.006562366877320987
fold1_stack_participant_C0.001_20260911,1,stack_participant_C0.001,20260911,medio,b16_ctx8,bajo,-0.019829713284480088
fold1_stack_participant_C0.001_20260911,1,stack_participant_C0.001,20260911,medio,b16_ctx8,medio,0.003919961189800841
fold1_stack_participant_C0.001_20260911,1,stack_participant_C0.001,20260911,medio,b16_ctx8,alto,0.01869633025606331
fold1_stack_participant_C0.001_20260911,1,stack_participant_C0.001,20260911,medio,b17_ctx1,bajo,0.00811627077982423
fold1_stack_participant_C0.001_20260911,1,stack_participant_C0.001,20260911,medio,b17_ctx1,medio,-0.015380298237401674
fold1_stack_participant_C0.001_20260911,1,stack_participant_C0.001,20260911,medio,b17_ctx1,alto,0.004358324496578073
fold1_stack_participant_C0.001_20260911,1,stack_participant_C0.001,20260911,medio,b17_ctx8,bajo,-0.004938949876562498
fold1_stack_participant_C0.001_20260911,1,stack_participant_C0.001,20260911,medio,b17_ctx8,medio,-0.013459969160992442
fold1_stack_participant_C0.001_20260911,1,stack_participant_C0.001,20260911,medio,b17_ctx8,alto,0.017981266989087488
fold1_stack_participant_C0.001_20260911,1,stack_participant_C0.001,20260911,medio,b18_ctx1,bajo,0.008092195584067633
fold1_stack_participant_C0.001_20260911,1,stack_participant_C0.001,20260911,medio,b18_ctx1,medio,-0.020277290630374947
fold1_stack_participant_C0.001_20260911,1,stack_participant_C0.001,20260911,medio,b18_ctx1,alto,0.008842412224483308
fold1_stack_participant_C0.001_20260911,1,stack_participant_C0.001,20260911,medio,b18_ctx8,bajo,9.864168269194882e-05
fold1_stack_participant_C0.001_20260911,1,stack_participant_C0.001,20260911,medio,b18_ctx8,medio,-0.014282686221570064
fold1_stack_participant_C0.001_20260911,1,stack_participant_C0.001,20260911,medio,b18_ctx8,alto,0.012974591857408381
fold1_stack_participant_C0.001_20260911,1,stack_participant_C0.001,20260911,medio,b19_ctx1,bajo,-0.0022282463142260117
fold1_stack_participant_C0.001_20260911,1,stack_participant_C0.001,20260911,medio,b19_ctx1,medio,0.01742250028956318
fold1_stack_participant_C0.001_20260911,1,stack_participant_C0.001,20260911,medio,b19_ctx1,alto,-0.016529358999632236
fold1_stack_participant_C0.001_20260911,1,stack_participant_C0.001,20260911,medio,b19_ctx8,bajo,-0.018751849399493987
fold1_stack_participant_C0.001_20260911,1,stack_participant_C0.001,20260911,medio,b19_ctx8,medio,0.011670465105486914
fold1_stack_participant_C0.001_20260911,1,stack_participant_C0.001,20260911,medio,b19_ctx8,alto,0.010446949035947641
fold1_stack_participant_C0.001_20260911,1,stack_participant_C0.001,20260911,medio,b20_ctx1,bajo,-0.006119777938234182
fold1_stack_participant_C0.001_20260911,1,stack_participant_C0.001,20260911,medio,b20_ctx1,medio,0.02058997415586742
fold1_stack_participant_C0.001_20260911,1,stack_participant_C0.001,20260911,medio,b20_ctx1,alto,-0.01848922552243174
fold1_stack_participant_C0.001_20260911,1,stack_participant_C0.001,20260911,medio,b20_ctx8,bajo,-0.01584596356569264
fold1_stack_participant_C0.001_20260911,1,stack_participant_C0.001,20260911,medio,b20_ctx8,medio,0.018168310914086612
fold1_stack_participant_C0.001_20260911,1,stack_participant_C0.001,20260911,medio,b20_ctx8,alto,-0.0003197054293786018
fold1_stack_participant_C0.001_20260911,1,stack_participant_C0.001,20260911,medio,b21_ctx1,bajo,0.017469222675669114
fold1_stack_participant_C0.001_20260911,1,stack_participant_C0.001,20260911,medio,b21_ctx1,medio,-4.1714571752438865e-05
fold1_stack_participant_C0.001_20260911,1,stack_participant_C0.001,20260911,medio,b21_ctx1,alto,-0.031113279156204
fold1_stack_participant_C0.001_20260911,1,stack_participant_C0.001,20260911,medio,b21_ctx8,bajo,0.02203132066128888
fold1_stack_participant_C0.001_20260911,1,stack_participant_C0.001,20260911,medio,b21_ctx8,medio,-0.0005604117260509181
fold1_stack_participant_C0.001_20260911,1,stack_participant_C0.001,20260911,medio,b21_ctx8,alto,-0.026353152796076508
fold1_stack_participant_C0.01_20260911,1,stack_participant_C0.01,20260911,alto,b15_ctx1,bajo,0.04023217950789747
fold1_stack_participant_C0.01_20260911,1,stack_participant_C0.01,20260911,alto,b15_ctx1,medio,-0.05200964991530392
fold1_stack_participant_C0.01_20260911,1,stack_participant_C0.01,20260911,alto,b15_ctx1,alto,0.004924723454661805
fold1_stack_participant_C0.01_20260911,1,stack_participant_C0.01,20260911,alto,b15_ctx8,bajo,0.04273603823216747
fold1_stack_participant_C0.01_20260911,1,stack_participant_C0.01,20260911,alto,b15_ctx8,medio,-0.05579578012693719
fold1_stack_participant_C0.01_20260911,1,stack_participant_C0.01,20260911,alto,b15_ctx8,alto,0.005969940128352483
fold1_stack_participant_C0.01_20260911,1,stack_participant_C0.01,20260911,alto,b16_ctx1,bajo,0.037832652169950826
fold1_stack_participant_C0.01_20260911,1,stack_participant_C0.01,20260911,alto,b16_ctx1,medio,-0.07404949809529449
fold1_stack_participant_C0.01_20260911,1,stack_participant_C0.01,20260911,alto,b16_ctx1,alto,0.027552283863605073
fold1_stack_participant_C0.01_20260911,1,stack_participant_C0.01,20260911,alto,b16_ctx8,bajo,0.08134347914291601
fold1_stack_participant_C0.01_20260911,1,stack_participant_C0.01,20260911,alto,b16_ctx8,medio,-0.01091129298463583
fold1_stack_participant_C0.01_20260911,1,stack_participant_C0.01,20260911,alto,b16_ctx8,alto,-0.0815671431266804
fold1_stack_participant_C0.01_20260911,1,stack_participant_C0.01,20260911,alto,b17_ctx1,bajo,-0.03809707590849644
fold1_stack_participant_C0.01_20260911,1,stack_participant_C0.01,20260911,alto,b17_ctx1,medio,0.035556181820985765
fold1_stack_participant_C0.01_20260911,1,stack_participant_C0.01,20260911,alto,b17_ctx1,alto,0.01562758853150486
fold1_stack_participant_C0.01_20260911,1,stack_participant_C0.01,20260911,alto,b17_ctx8,bajo,0.01126287295113814
fold1_stack_participant_C0.01_20260911,1,stack_participant_C0.01,20260911,alto,b17_ctx8,medio,0.01847156710839181
fold1_stack_participant_C0.01_20260911,1,stack_participant_C0.01,20260911,alto,b17_ctx8,alto,-0.029687261698775096
fold1_stack_participant_C0.01_20260911,1,stack_participant_C0.01,20260911,alto,b18_ctx1,bajo,-0.04795195896129737
fold1_stack_participant_C0.01_20260911,1,stack_participant_C0.01,20260911,alto,b18_ctx1,medio,0.06523269945562296
fold1_stack_participant_C0.01_20260911,1,stack_participant_C0.01,20260911,alto,b18_ctx1,alto,0.0007161103201516764
fold1_stack_participant_C0.01_20260911,1,stack_participant_C0.01,20260911,alto,b18_ctx8,bajo,-0.0484130036355985
fold1_stack_participant_C0.01_20260911,1,stack_participant_C0.01,20260911,alto,b18_ctx8,medio,0.026619000452745522
fold1_stack_participant_C0.01_20260911,1,stack_participant_C0.01,20260911,alto,b18_ctx8,alto,0.029618790596912012
fold1_stack_participant_C0.01_20260911,1,stack_participant_C0.01,20260911,alto,b19_ctx1,bajo,0.01859904400918191
fold1_stack_participant_C0.01_20260911,1,stack_participant_C0.01,20260911,alto,b19_ctx1,medio,-0.07512123592075606
fold1_stack_participant_C0.01_20260911,1,stack_participant_C0.01,20260911,alto,b19_ctx1,alto,0.058382147137642476
fold1_stack_participant_C0.01_20260911,1,stack_participant_C0.01,20260911,alto,b19_ctx8,bajo,-0.06853980659523885
fold1_stack_participant_C0.01_20260911,1,stack_participant_C0.01,20260911,alto,b19_ctx8,medio,0.10413101932789448
fold1_stack_participant_C0.01_20260911,1,stack_participant_C0.01,20260911,alto,b19_ctx8,alto,-0.021241783865011615
fold1_stack_participant_C0.01_20260911,1,stack_participant_C0.01,20260911,alto,b20_ctx1,bajo,0.0055847739994118895
fold1_stack_participant_C0.01_20260911,1,stack_participant_C0.01,20260911,alto,b20_ctx1,medio,0.020986253925048996
fold1_stack_participant_C0.01_20260911,1,stack_participant_C0.01,20260911,alto,b20_ctx1,alto,-0.038029149698075825
fold1_stack_participant_C0.01_20260911,1,stack_participant_C0.01,20260911,alto,b20_ctx8,bajo,-0.055724775226905846
fold1_stack_participant_C0.01_20260911,1,stack_participant_C0.01,20260911,alto,b20_ctx8,medio,0.061679307524362105
fold1_stack_participant_C0.01_20260911,1,stack_participant_C0.01,20260911,alto,b20_ctx8,alto,0.0011585927545433937
fold1_stack_participant_C0.01_20260911,1,stack_participant_C0.01,20260911,alto,b21_ctx1,bajo,-0.023994860251709278
fold1_stack_participant_C0.01_20260911,1,stack_participant_C0.01,20260911,alto,b21_ctx1,medio,0.0276325246375574
fold1_stack_participant_C0.01_20260911,1,stack_participant_C0.01,20260911,alto,b21_ctx1,alto,-0.0015513340564105632
fold1_stack_participant_C0.01_20260911,1,stack_participant_C0.01,20260911,alto,b21_ctx8,bajo,0.03044160741120751
fold1_stack_participant_C0.01_20260911,1,stack_participant_C0.01,20260911,alto,b21_ctx8,medio,-0.0728022241283505
fold1_stack_participant_C0.01_20260911,1,stack_participant_C0.01,20260911,alto,b21_ctx8,alto,0.05309534786390473
fold1_stack_participant_C0.01_20260911,1,stack_participant_C0.01,20260911,bajo,b15_ctx1,bajo,-0.006468148098087434
fold1_stack_participant_C0.01_20260911,1,stack_participant_C0.01,20260911,bajo,b15_ctx1,medio,-0.007745940568936154
fold1_stack_participant_C0.01_20260911,1,stack_participant_C0.01,20260911,bajo,b15_ctx1,alto,0.01978919449179426
fold1_stack_participant_C0.01_20260911,1,stack_participant_C0.01,20260911,bajo,b15_ctx8,bajo,0.01750209386578295
fold1_stack_participant_C0.01_20260911,1,stack_participant_C0.01,20260911,bajo,b15_ctx8,medio,0.008448261612697862
fold1_stack_participant_C0.01_20260911,1,stack_participant_C0.01,20260911,bajo,b15_ctx8,alto,-0.028540698679180743
fold1_stack_participant_C0.01_20260911,1,stack_participant_C0.01,20260911,bajo,b16_ctx1,bajo,-0.05268851201043452
fold1_stack_participant_C0.01_20260911,1,stack_participant_C0.01,20260911,bajo,b16_ctx1,medio,0.06675551784187815
fold1_stack_participant_C0.01_20260911,1,stack_participant_C0.01,20260911,bajo,b16_ctx1,alto,0.0007705532668554292
fold1_stack_participant_C0.01_20260911,1,stack_participant_C0.01,20260911,bajo,b16_ctx8,bajo,-0.03175985844066745
fold1_stack_participant_C0.01_20260911,1,stack_participant_C0.01,20260911,bajo,b16_ctx8,medio,-0.00903383315633697
fold1_stack_participant_C0.01_20260911,1,stack_participant_C0.01,20260911,bajo,b16_ctx8,alto,0.044380272437651955
fold1_stack_participant_C0.01_20260911,1,stack_participant_C0.01,20260911,bajo,b17_ctx1,bajo,0.008487436039913135
fold1_stack_participant_C0.01_20260911,1,stack_participant_C0.01,20260911,bajo,b17_ctx1,medio,0.02972862247162955
fold1_stack_participant_C0.01_20260911,1,stack_participant_C0.01,20260911,bajo,b17_ctx1,alto,-0.040563880902652394
fold1_stack_participant_C0.01_20260911,1,stack_participant_C0.01,20260911,bajo,b17_ctx8,bajo,-0.026390067990743678
fold1_stack_participant_C0.01_20260911,1,stack_participant_C0.01,20260911,bajo,b17_ctx8,medio,0.032644825877304905
fold1_stack_participant_C0.01_20260911,1,stack_participant_C0.01,20260911,bajo,b17_ctx8,alto,-0.0007421095784172747
fold1_stack_participant_C0.01_20260911,1,stack_participant_C0.01,20260911,bajo,b18_ctx1,bajo,0.0365775591613199
fold1_stack_participant_C0.01_20260911,1,stack_participant_C0.01,20260911,bajo,b18_ctx1,medio,0.007184755061252038
fold1_stack_participant_C0.01_20260911,1,stack_participant_C0.01,20260911,bajo,b18_ctx1,alto,-0.0556127562579402
fold1_stack_participant_C0.01_20260911,1,stack_participant_C0.01,20260911,bajo,b18_ctx8,bajo,0.02906210842966283
fold1_stack_participant_C0.01_20260911,1,stack_participant_C0.01,20260911,bajo,b18_ctx8,medio,-0.006613159636042115
fold1_stack_participant_C0.01_20260911,1,stack_participant_C0.01,20260911,bajo,b18_ctx8,alto,-0.026360486522977178
fold1_stack_participant_C0.01_20260911,1,stack_participant_C0.01,20260911,bajo,b19_ctx1,bajo,-0.01737539305275855
fold1_stack_participant_C0.01_20260911,1,stack_participant_C0.01,20260911,bajo,b19_ctx1,medio,0.007053645278628006
fold1_stack_participant_C0.01_20260911,1,stack_participant_C0.01,20260911,bajo,b19_ctx1,alto,0.016920330025534325
fold1_stack_participant_C0.01_20260911,1,stack_participant_C0.01,20260911,bajo,b19_ctx8,bajo,0.07930989364315728
fold1_stack_participant_C0.01_20260911,1,stack_participant_C0.01,20260911,bajo,b19_ctx8,medio,-0.12400682058498312
fold1_stack_participant_C0.01_20260911,1,stack_participant_C0.01,20260911,bajo,b19_ctx8,alto,0.027975648675619743
fold1_stack_participant_C0.01_20260911,1,stack_participant_C0.01,20260911,bajo,b20_ctx1,bajo,0.047066751101927394
fold1_stack_participant_C0.01_20260911,1,stack_participant_C0.01,20260911,bajo,b20_ctx1,medio,-0.07656070498329627
fold1_stack_participant_C0.01_20260911,1,stack_participant_C0.01,20260911,bajo,b20_ctx1,alto,0.029299525693344115
fold1_stack_participant_C0.01_20260911,1,stack_participant_C0.01,20260911,bajo,b20_ctx8,bajo,0.09159845643679872
fold1_stack_participant_C0.01_20260911,1,stack_participant_C0.01,20260911,bajo,b20_ctx8,medio,-0.09692515808063355
fold1_stack_participant_C0.01_20260911,1,stack_participant_C0.01,20260911,bajo,b20_ctx8,alto,-0.006507820090306393
fold1_stack_participant_C0.01_20260911,1,stack_participant_C0.01,20260911,bajo,b21_ctx1,bajo,-0.018899003175815998
fold1_stack_participant_C0.01_20260911,1,stack_participant_C0.01,20260911,bajo,b21_ctx1,medio,-0.0015256387981558716
fold1_stack_participant_C0.01_20260911,1,stack_participant_C0.01,20260911,bajo,b21_ctx1,alto,0.03618248667357119
fold1_stack_participant_C0.01_20260911,1,stack_participant_C0.01,20260911,bajo,b21_ctx8,bajo,-0.10750224336180943
fold1_stack_participant_C0.01_20260911,1,stack_participant_C0.01,20260911,bajo,b21_ctx8,medio,0.10994873351875832
fold1_stack_participant_C0.01_20260911,1,stack_participant_C0.01,20260911,bajo,b21_ctx8,alto,-0.004643730667174275
fold1_stack_participant_C0.01_20260911,1,stack_participant_C0.01,20260911,medio,b15_ctx1,bajo,-0.033764031409810116
fold1_stack_participant_C0.01_20260911,1,stack_participant_C0.01,20260911,medio,b15_ctx1,medio,0.05975559048423998
fold1_stack_participant_C0.01_20260911,1,stack_participant_C0.01,20260911,medio,b15_ctx1,alto,-0.024713917946456318
fold1_stack_participant_C0.01_20260911,1,stack_participant_C0.01,20260911,medio,b15_ctx8,bajo,-0.06023813209795051
fold1_stack_participant_C0.01_20260911,1,stack_participant_C0.01,20260911,medio,b15_ctx8,medio,0.047347518514239496
fold1_stack_participant_C0.01_20260911,1,stack_participant_C0.01,20260911,medio,b15_ctx8,alto,0.022570758550828098
fold1_stack_participant_C0.01_20260911,1,stack_participant_C0.01,20260911,medio,b16_ctx1,bajo,0.014855859840483371
fold1_stack_participant_C0.01_20260911,1,stack_participant_C0.01,20260911,medio,b16_ctx1,medio,0.007293980253416836
fold1_stack_participant_C0.01_20260911,1,stack_participant_C0.01,20260911,medio,b16_ctx1,alto,-0.028322837130460722
fold1_stack_participant_C0.01_20260911,1,stack_participant_C0.01,20260911,medio,b16_ctx8,bajo,-0.0495836207022482
fold1_stack_participant_C0.01_20260911,1,stack_participant_C0.01,20260911,medio,b16_ctx8,medio,0.019945126140972318
fold1_stack_participant_C0.01_20260911,1,stack_participant_C0.01,20260911,medio,b16_ctx8,alto,0.037186870689028415
fold1_stack_participant_C0.01_20260911,1,stack_participant_C0.01,20260911,medio,b17_ctx1,bajo,0.029609639868583556
fold1_stack_participant_C0.01_20260911,1,stack_participant_C0.01,20260911,medio,b17_ctx1,medio,-0.0652848042926159
fold1_stack_participant_C0.01_20260911,1,stack_participant_C0.01,20260911,medio,b17_ctx1,alto,0.02493629237114794
fold1_stack_participant_C0.01_20260911,1,stack_participant_C0.01,20260911,medio,b17_ctx8,bajo,0.015127195039605832
fold1_stack_participant_C0.01_20260911,1,stack_participant_C0.01,20260911,medio,b17_ctx8,medio,-0.051116392985696424
fold1_stack_participant_C0.01_20260911,1,stack_participant_C0.01,20260911,medio,b17_ctx8,alto,0.03042937127719243
fold1_stack_participant_C0.01_20260911,1,stack_participant_C0.01,20260911,medio,b18_ctx1,bajo,0.011374399799977775
fold1_stack_participant_C0.01_20260911,1,stack_participant_C0.01,20260911,medio,b18_ctx1,medio,-0.07241745451687481
fold1_stack_participant_C0.01_20260911,1,stack_participant_C0.01,20260911,medio,b18_ctx1,alto,0.05489664593778851
fold1_stack_participant_C0.01_20260911,1,stack_participant_C0.01,20260911,medio,b18_ctx8,bajo,0.01935089520593606
fold1_stack_participant_C0.01_20260911,1,stack_participant_C0.01,20260911,medio,b18_ctx8,medio,-0.020005840816703275
fold1_stack_participant_C0.01_20260911,1,stack_participant_C0.01,20260911,medio,b18_ctx8,alto,-0.003258304073934371
fold1_stack_participant_C0.01_20260911,1,stack_participant_C0.01,20260911,medio,b19_ctx1,bajo,-0.0012236509564232145
fold1_stack_participant_C0.01_20260911,1,stack_participant_C0.01,20260911,medio,b19_ctx1,medio,0.0680675906421285
fold1_stack_participant_C0.01_20260911,1,stack_participant_C0.01,20260911,medio,b19_ctx1,alto,-0.07530247716317733
fold1_stack_participant_C0.01_20260911,1,stack_participant_C0.01,20260911,medio,b19_ctx8,bajo,-0.010770087047918169
fold1_stack_participant_C0.01_20260911,1,stack_participant_C0.01,20260911,medio,b19_ctx8,medio,0.019875801257088863
fold1_stack_participant_C0.01_20260911,1,stack_participant_C0.01,20260911,medio,b19_ctx8,alto,-0.00673386481060789
fold1_stack_participant_C0.01_20260911,1,stack_participant_C0.01,20260911,medio,b20_ctx1,bajo,-0.05265152510133908
fold1_stack_participant_C0.01_20260911,1,stack_participant_C0.01,20260911,medio,b20_ctx1,medio,0.055574451058247154
fold1_stack_participant_C0.01_20260911,1,stack_participant_C0.01,20260911,medio,b20_ctx1,alto,0.008729624004731316
fold1_stack_participant_C0.01_20260911,1,stack_participant_C0.01,20260911,medio,b20_ctx8,bajo,-0.035873681209893225
fold1_stack_participant_C0.01_20260911,1,stack_participant_C0.01,20260911,medio,b20_ctx8,medio,0.03524585055627186
fold1_stack_participant_C0.01_20260911,1,stack_participant_C0.01,20260911,medio,b20_ctx8,alto,0.005349227335762425
fold1_stack_participant_C0.01_20260911,1,stack_participant_C0.01,20260911,medio,b21_ctx1,bajo,0.042893863427525075
fold1_stack_participant_C0.01_20260911,1,stack_participant_C0.01,20260911,medio,b21_ctx1,medio,-0.0261068858394017
fold1_stack_participant_C0.01_20260911,1,stack_participant_C0.01,20260911,medio,b21_ctx1,alto,-0.03463115261716081
fold1_stack_participant_C0.01_20260911,1,stack_participant_C0.01,20260911,medio,b21_ctx8,bajo,0.07706063595060134
fold1_stack_participant_C0.01_20260911,1,stack_participant_C0.01,20260911,medio,b21_ctx8,medio,-0.03714650939040827
fold1_stack_participant_C0.01_20260911,1,stack_participant_C0.01,20260911,medio,b21_ctx8,alto,-0.04845161719673096
fold1_stack_participant_C0.1_20260911,1,stack_participant_C0.1,20260911,alto,b15_ctx1,bajo,0.07765239989430618
fold1_stack_participant_C0.1_20260911,1,stack_participant_C0.1,20260911,alto,b15_ctx1,medio,-0.13901025925677718
fold1_stack_participant_C0.1_20260911,1,stack_participant_C0.1,20260911,alto,b15_ctx1,alto,0.058858550697525096
fold1_stack_participant_C0.1_20260911,1,stack_participant_C0.1,20260911,alto,b15_ctx8,bajo,0.21935344362659373
fold1_stack_participant_C0.1_20260911,1,stack_participant_C0.1,20260911,alto,b15_ctx8,medio,-0.42701387589704515
fold1_stack_participant_C0.1_20260911,1,stack_participant_C0.1,20260911,alto,b15_ctx8,alto,0.1698629672603954
fold1_stack_participant_C0.1_20260911,1,stack_participant_C0.1,20260911,alto,b16_ctx1,bajo,0.13747464357794661
fold1_stack_participant_C0.1_20260911,1,stack_participant_C0.1,20260911,alto,b16_ctx1,medio,-0.20634829714587857
fold1_stack_participant_C0.1_20260911,1,stack_participant_C0.1,20260911,alto,b16_ctx1,alto,0.03261018384680711
fold1_stack_participant_C0.1_20260911,1,stack_participant_C0.1,20260911,alto,b16_ctx8,bajo,0.3484175166202996
fold1_stack_participant_C0.1_20260911,1,stack_participant_C0.1,20260911,alto,b16_ctx8,medio,-0.15406399278230204
fold1_stack_participant_C0.1_20260911,1,stack_participant_C0.1,20260911,alto,b16_ctx8,alto,-0.2481913128937608
fold1_stack_participant_C0.1_20260911,1,stack_participant_C0.1,20260911,alto,b17_ctx1,bajo,-0.10010291619814676
fold1_stack_participant_C0.1_20260911,1,stack_participant_C0.1,20260911,alto,b17_ctx1,medio,0.14731111472282638
fold1_stack_participant_C0.1_20260911,1,stack_participant_C0.1,20260911,alto,b17_ctx1,alto,-0.012009453864743136
fold1_stack_participant_C0.1_20260911,1,stack_participant_C0.1,20260911,alto,b17_ctx8,bajo,0.09119348166727269
fold1_stack_participant_C0.1_20260911,1,stack_participant_C0.1,20260911,alto,b17_ctx8,medio,0.0024974843139638062
fold1_stack_participant_C0.1_20260911,1,stack_participant_C0.1,20260911,alto,b17_ctx8,alto,-0.10420076959467528
fold1_stack_participant_C0.1_20260911,1,stack_participant_C0.1,20260911,alto,b18_ctx1,bajo,-0.08562525163980476
fold1_stack_participant_C0.1_20260911,1,stack_participant_C0.1,20260911,alto,b18_ctx1,medio,0.17630305614072656
fold1_stack_participant_C0.1_20260911,1,stack_participant_C0.1,20260911,alto,b18_ctx1,alto,-0.05656946609450518
fold1_stack_participant_C0.1_20260911,1,stack_participant_C0.1,20260911,alto,b18_ctx8,bajo,-0.18057446297630012
fold1_stack_participant_C0.1_20260911,1,stack_participant_C0.1,20260911,alto,b18_ctx8,medio,0.04255187039642735
fold1_stack_participant_C0.1_20260911,1,stack_participant_C0.1,20260911,alto,b18_ctx8,alto,0.16244914351324097
fold1_stack_participant_C0.1_20260911,1,stack_participant_C0.1,20260911,alto,b19_ctx1,bajo,0.03168481541746858
fold1_stack_participant_C0.1_20260911,1,stack_participant_C0.1,20260911,alto,b19_ctx1,medio,-0.2461564745513622
fold1_stack_participant_C0.1_20260911,1,stack_participant_C0.1,20260911,alto,b19_ctx1,alto,0.2332470528642504
fold1_stack_participant_C0.1_20260911,1,stack_participant_C0.1,20260911,alto,b19_ctx8,bajo,-0.33144324198099234
fold1_stack_participant_C0.1_20260911,1,stack_participant_C0.1,20260911,alto,b19_ctx8,medio,0.36625338576232586
fold1_stack_participant_C0.1_20260911,1,stack_participant_C0.1,20260911,alto,b19_ctx8,alto,0.030006428295167368
fold1_stack_participant_C0.1_20260911,1,stack_participant_C0.1,20260911,alto,b20_ctx1,bajo,-0.03348894185999428
fold1_stack_participant_C0.1_20260911,1,stack_participant_C0.1,20260911,alto,b20_ctx1,medio,0.22842945983455662
fold1_stack_participant_C0.1_20260911,1,stack_participant_C0.1,20260911,alto,b20_ctx1,alto,-0.2609524744586208
fold1_stack_participant_C0.1_20260911,1,stack_participant_C0.1,20260911,alto,b20_ctx8,bajo,-0.25348381708216516
fold1_stack_participant_C0.1_20260911,1,stack_participant_C0.1,20260911,alto,b20_ctx8,medio,0.4341613340590164
fold1_stack_participant_C0.1_20260911,1,stack_participant_C0.1,20260911,alto,b20_ctx8,alto,-0.1532171507580047
fold1_stack_participant_C0.1_20260911,1,stack_participant_C0.1,20260911,alto,b21_ctx1,bajo,-0.048094236426985994
fold1_stack_participant_C0.1_20260911,1,stack_participant_C0.1,20260911,alto,b21_ctx1,medio,0.008932992755124963
fold1_stack_participant_C0.1_20260911,1,stack_participant_C0.1,20260911,alto,b21_ctx1,alto,0.07149514452772199
fold1_stack_participant_C0.1_20260911,1,stack_participant_C0.1,20260911,alto,b21_ctx8,bajo,0.121217109693462
fold1_stack_participant_C0.1_20260911,1,stack_participant_C0.1,20260911,alto,b21_ctx8,medio,-0.20029816035801085
fold1_stack_participant_C0.1_20260911,1,stack_participant_C0.1,20260911,alto,b21_ctx8,alto,0.1000816084241909
fold1_stack_participant_C0.1_20260911,1,stack_participant_C0.1,20260911,bajo,b15_ctx1,bajo,-0.11669841199671249
fold1_stack_participant_C0.1_20260911,1,stack_participant_C0.1,20260911,bajo,b15_ctx1,medio,0.10167256953922077
fold1_stack_participant_C0.1_20260911,1,stack_participant_C0.1,20260911,bajo,b15_ctx1,alto,0.04856351741861766
fold1_stack_participant_C0.1_20260911,1,stack_participant_C0.1,20260911,bajo,b15_ctx8,bajo,-0.1558005087605975
fold1_stack_participant_C0.1_20260911,1,stack_participant_C0.1,20260911,bajo,b15_ctx8,medio,0.35325421420497793
fold1_stack_participant_C0.1_20260911,1,stack_participant_C0.1,20260911,bajo,b15_ctx8,alto,-0.17010730320301884
fold1_stack_participant_C0.1_20260911,1,stack_participant_C0.1,20260911,bajo,b16_ctx1,bajo,-0.16721642011217033
fold1_stack_participant_C0.1_20260911,1,stack_participant_C0.1,20260911,bajo,b16_ctx1,medio,0.220646292389594
fold1_stack_participant_C0.1_20260911,1,stack_participant_C0.1,20260911,bajo,b16_ctx1,alto,-0.0070094947192789305
fold1_stack_participant_C0.1_20260911,1,stack_participant_C0.1,20260911,bajo,b16_ctx8,bajo,-0.1571553984042834
fold1_stack_participant_C0.1_20260911,1,stack_participant_C0.1,20260911,bajo,b16_ctx8,medio,0.03181606236078855
fold1_stack_participant_C0.1_20260911,1,stack_participant_C0.1,20260911,bajo,b16_ctx8,alto,0.14746655580270832
fold1_stack_participant_C0.1_20260911,1,stack_participant_C0.1,20260911,bajo,b17_ctx1,bajo,0.03018303818770561
fold1_stack_participant_C0.1_20260911,1,stack_participant_C0.1,20260911,bajo,b17_ctx1,medio,0.019899579095909555
fold1_stack_participant_C0.1_20260911,1,stack_participant_C0.1,20260911,bajo,b17_ctx1,alto,-0.05972597062390773
fold1_stack_participant_C0.1_20260911,1,stack_participant_C0.1,20260911,bajo,b17_ctx8,bajo,-0.15606120401555204
fold1_stack_participant_C0.1_20260911,1,stack_participant_C0.1,20260911,bajo,b17_ctx8,medio,0.20970138763722346
fold1_stack_participant_C0.1_20260911,1,stack_participant_C0.1,20260911,bajo,b17_ctx8,alto,-0.019807133052277118
fold1_stack_participant_C0.1_20260911,1,stack_participant_C0.1,20260911,bajo,b18_ctx1,bajo,0.10048312731578737
fold1_stack_participant_C0.1_20260911,1,stack_participant_C0.1,20260911,bajo,b18_ctx1,medio,-0.09484743207709949
fold1_stack_participant_C0.1_20260911,1,stack_participant_C0.1,20260911,bajo,b18_ctx1,alto,-0.04196828208737595
fold1_stack_participant_C0.1_20260911,1,stack_participant_C0.1,20260911,bajo,b18_ctx8,bajo,0.15325920272001614
fold1_stack_participant_C0.1_20260911,1,stack_participant_C0.1,20260911,bajo,b18_ctx8,medio,-0.11825997008863277
fold1_stack_participant_C0.1_20260911,1,stack_participant_C0.1,20260911,bajo,b18_ctx8,alto,-0.0626212801971594
fold1_stack_participant_C0.1_20260911,1,stack_participant_C0.1,20260911,bajo,b19_ctx1,bajo,0.002091428415884837
fold1_stack_participant_C0.1_20260911,1,stack_participant_C0.1,20260911,bajo,b19_ctx1,medio,0.004406282496462372
fold1_stack_participant_C0.1_20260911,1,stack_participant_C0.1,20260911,bajo,b19_ctx1,alto,-0.00798596747147255
fold1_stack_participant_C0.1_20260911,1,stack_participant_C0.1,20260911,bajo,b19_ctx8,bajo,0.2411646828256718
fold1_stack_participant_C0.1_20260911,1,stack_participant_C0.1,20260911,bajo,b19_ctx8,medio,-0.3422942694730695
fold1_stack_participant_C0.1_20260911,1,stack_participant_C0.1,20260911,bajo,b19_ctx8,alto,0.051442513192644576
fold1_stack_participant_C0.1_20260911,1,stack_participant_C0.1,20260911,bajo,b20_ctx1,bajo,0.18888768425337796
fold1_stack_participant_C0.1_20260911,1,stack_participant_C0.1,20260911,bajo,b20_ctx1,medio,-0.2615087527914965
fold1_stack_participant_C0.1_20260911,1,stack_participant_C0.1,20260911,bajo,b20_ctx1,alto,0.054445723612071895
fold1_stack_participant_C0.1_20260911,1,stack_participant_C0.1,20260911,bajo,b20_ctx8,bajo,0.3186748184963314
fold1_stack_participant_C0.1_20260911,1,stack_participant_C0.1,20260911,bajo,b20_ctx8,medio,-0.4568688157566522
fold1_stack_participant_C0.1_20260911,1,stack_participant_C0.1,20260911,bajo,b20_ctx8,alto,0.10083580841304171
fold1_stack_participant_C0.1_20260911,1,stack_participant_C0.1,20260911,bajo,b21_ctx1,bajo,-0.024511962008342183
fold1_stack_participant_C0.1_20260911,1,stack_participant_C0.1,20260911,bajo,b21_ctx1,medio,0.015768422617504455
fold1_stack_participant_C0.1_20260911,1,stack_participant_C0.1,20260911,bajo,b21_ctx1,alto,0.018425880385724517
fold1_stack_participant_C0.1_20260911,1,stack_participant_C0.1,20260911,bajo,b21_ctx8,bajo,-0.22030748004963924
fold1_stack_participant_C0.1_20260911,1,stack_participant_C0.1,20260911,bajo,b21_ctx8,medio,0.24682390079420266
fold1_stack_participant_C0.1_20260911,1,stack_participant_C0.1,20260911,bajo,b21_ctx8,alto,-0.03623787982640242
fold1_stack_participant_C0.1_20260911,1,stack_participant_C0.1,20260911,medio,b15_ctx1,bajo,0.03904601210240978
fold1_stack_participant_C0.1_20260911,1,stack_participant_C0.1,20260911,medio,b15_ctx1,medio,0.037337689717552205
fold1_stack_participant_C0.1_20260911,1,stack_participant_C0.1,20260911,medio,b15_ctx1,alto,-0.10742206811613995
fold1_stack_participant_C0.1_20260911,1,stack_participant_C0.1,20260911,medio,b15_ctx8,bajo,-0.06355293486599452
fold1_stack_participant_C0.1_20260911,1,stack_participant_C0.1,20260911,medio,b15_ctx8,medio,0.0737596616920675
fold1_stack_participant_C0.1_20260911,1,stack_participant_C0.1,20260911,medio,b15_ctx8,alto,0.00024433594261948175
fold1_stack_participant_C0.1_20260911,1,stack_participant_C0.1,20260911,medio,b16_ctx1,bajo,0.02974177653422623
fold1_stack_participant_C0.1_20260911,1,stack_participant_C0.1,20260911,medio,b16_ctx1,medio,-0.0142979952437149
fold1_stack_participant_C0.1_20260911,1,stack_participant_C0.1,20260911,medio,b16_ctx1,alto,-0.02560068912752554
fold1_stack_participant_C0.1_20260911,1,stack_participant_C0.1,20260911,medio,b16_ctx8,bajo,-0.19126211821602102
fold1_stack_participant_C0.1_20260911,1,stack_participant_C0.1,20260911,medio,b16_ctx8,medio,0.12224793042151257
fold1_stack_participant_C0.1_20260911,1,stack_participant_C0.1,20260911,medio,b16_ctx8,alto,0.10072475709105626
fold1_stack_participant_C0.1_20260911,1,stack_participant_C0.1,20260911,medio,b17_ctx1,bajo,0.06991987801044218
fold1_stack_participant_C0.1_20260911,1,stack_participant_C0.1,20260911,medio,b17_ctx1,medio,-0.16721069381873738
fold1_stack_participant_C0.1_20260911,1,stack_participant_C0.1,20260911,medio,b17_ctx1,alto,0.07173542448865243
fold1_stack_participant_C0.1_20260911,1,stack_participant_C0.1,20260911,medio,b17_ctx8,bajo,0.06486772234828041
fold1_stack_participant_C0.1_20260911,1,stack_participant_C0.1,20260911,medio,b17_ctx8,medio,-0.21219887195118883
fold1_stack_participant_C0.1_20260911,1,stack_participant_C0.1,20260911,medio,b17_ctx8,alto,0.12400790264694733
fold1_stack_participant_C0.1_20260911,1,stack_participant_C0.1,20260911,medio,b18_ctx1,bajo,-0.014857875675979125
fold1_stack_participant_C0.1_20260911,1,stack_participant_C0.1,20260911,medio,b18_ctx1,medio,-0.08145562406363041
fold1_stack_participant_C0.1_20260911,1,stack_participant_C0.1,20260911,medio,b18_ctx1,alto,0.09853774818188006
fold1_stack_participant_C0.1_20260911,1,stack_participant_C0.1,20260911,medio,b18_ctx8,bajo,0.02731526025628137
fold1_stack_participant_C0.1_20260911,1,stack_participant_C0.1,20260911,medio,b18_ctx8,medio,0.0757080996922099
fold1_stack_participant_C0.1_20260911,1,stack_participant_C0.1,20260911,medio,b18_ctx8,alto,-0.09982786331607824
fold1_stack_participant_C0.1_20260911,1,stack_participant_C0.1,20260911,medio,b19_ctx1,bajo,-0.033776243833355625
fold1_stack_participant_C0.1_20260911,1,stack_participant_C0.1,20260911,medio,b19_ctx1,medio,0.24175019205489914
fold1_stack_participant_C0.1_20260911,1,stack_participant_C0.1,20260911,medio,b19_ctx1,alto,-0.2252610853927737
fold1_stack_participant_C0.1_20260911,1,stack_participant_C0.1,20260911,medio,b19_ctx8,bajo,0.0902785591553197
fold1_stack_participant_C0.1_20260911,1,stack_participant_C0.1,20260911,medio,b19_ctx8,medio,-0.0239591162892537
fold1_stack_participant_C0.1_20260911,1,stack_participant_C0.1,20260911,medio,b19_ctx8,alto,-0.08144894148781466
fold1_stack_participant_C0.1_20260911,1,stack_participant_C0.1,20260911,medio,b20_ctx1,bajo,-0.15539874239338045
fold1_stack_participant_C0.1_20260911,1,stack_participant_C0.1,20260911,medio,b20_ctx1,medio,0.033079292956946865
fold1_stack_participant_C0.1_20260911,1,stack_participant_C0.1,20260911,medio,b20_ctx1,alto,0.2065067508465475
fold1_stack_participant_C0.1_20260911,1,stack_participant_C0.1,20260911,medio,b20_ctx8,bajo,-0.06519100141415801
fold1_stack_participant_C0.1_20260911,1,stack_participant_C0.1,20260911,medio,b20_ctx8,medio,0.02270748169763372
fold1_stack_participant_C0.1_20260911,1,stack_participant_C0.1,20260911,medio,b20_ctx8,alto,0.0523813423449637
fold1_stack_participant_C0.1_20260911,1,stack_participant_C0.1,20260911,medio,b21_ctx1,bajo,0.07260619843532738
fold1_stack_participant_C0.1_20260911,1,stack_participant_C0.1,20260911,medio,b21_ctx1,medio,-0.024701415372627395
fold1_stack_participant_C0.1_20260911,1,stack_participant_C0.1,20260911,medio,b21_ctx1,alto,-0.08992102491344778
fold1_stack_participant_C0.1_20260911,1,stack_participant_C0.1,20260911,medio,b21_ctx8,bajo,0.0990903703561775
fold1_stack_participant_C0.1_20260911,1,stack_participant_C0.1,20260911,medio,b21_ctx8,medio,-0.046525740436188116
fold1_stack_participant_C0.1_20260911,1,stack_participant_C0.1,20260911,medio,b21_ctx8,alto,-0.06384372859778745
fold1_stack_global_C0.001_20260912,1,stack_global_C0.001,20260912,alto,b15_ctx1,bajo,0.015529456000198253
fold1_stack_global_C0.001_20260912,1,stack_global_C0.001,20260912,alto,b15_ctx1,medio,-0.01519938195249458
fold1_stack_global_C0.001_20260912,1,stack_global_C0.001,20260912,alto,b15_ctx1,alto,-0.004329403319214445
fold1_stack_global_C0.001_20260912,1,stack_global_C0.001,20260912,alto,b15_ctx8,bajo,0.007016120276400965
fold1_stack_global_C0.001_20260912,1,stack_global_C0.001,20260912,alto,b15_ctx8,medio,-0.007103074279574241
fold1_stack_global_C0.001_20260912,1,stack_global_C0.001,20260912,alto,b15_ctx8,alto,-0.0010564171155003214
fold1_stack_global_C0.001_20260912,1,stack_global_C0.001,20260912,alto,b16_ctx1,bajo,-0.0005289172430297903
fold1_stack_global_C0.001_20260912,1,stack_global_C0.001,20260912,alto,b16_ctx1,medio,-0.015826183978223347
fold1_stack_global_C0.001_20260912,1,stack_global_C0.001,20260912,alto,b16_ctx1,alto,0.017760692208047945
fold1_stack_global_C0.001_20260912,1,stack_global_C0.001,20260912,alto,b16_ctx8,bajo,0.006593616192559094
fold1_stack_global_C0.001_20260912,1,stack_global_C0.001,20260912,alto,b16_ctx8,medio,0.00805421098794289
fold1_stack_global_C0.001_20260912,1,stack_global_C0.001,20260912,alto,b16_ctx8,alto,-0.015038755317003629
fold1_stack_global_C0.001_20260912,1,stack_global_C0.001,20260912,alto,b17_ctx1,bajo,-0.017805253366755532
fold1_stack_global_C0.001_20260912,1,stack_global_C0.001,20260912,alto,b17_ctx1,medio,0.00021972564664615734
fold1_stack_global_C0.001_20260912,1,stack_global_C0.001,20260912,alto,b17_ctx1,alto,0.02345454487459277
fold1_stack_global_C0.001_20260912,1,stack_global_C0.001,20260912,alto,b17_ctx8,bajo,-0.004021173746324313
fold1_stack_global_C0.001_20260912,1,stack_global_C0.001,20260912,alto,b17_ctx8,medio,0.020449518454543944
fold1_stack_global_C0.001_20260912,1,stack_global_C0.001,20260912,alto,b17_ctx8,alto,-0.014442229547766163
fold1_stack_global_C0.001_20260912,1,stack_global_C0.001,20260912,alto,b18_ctx1,bajo,-0.021943545468998387
fold1_stack_global_C0.001_20260912,1,stack_global_C0.001,20260912,alto,b18_ctx1,medio,0.005857998157171901
fold1_stack_global_C0.001_20260912,1,stack_global_C0.001,20260912,alto,b18_ctx1,alto,0.02353009846021848
fold1_stack_global_C0.001_20260912,1,stack_global_C0.001,20260912,alto,b18_ctx8,bajo,-0.010681035661921185
fold1_stack_global_C0.001_20260912,1,stack_global_C0.001,20260912,alto,b18_ctx8,medio,0.02282796543025513
fold1_stack_global_C0.001_20260912,1,stack_global_C0.001,20260912,alto,b18_ctx8,alto,-0.008998365315758448
fold1_stack_global_C0.001_20260912,1,stack_global_C0.001,20260912,alto,b19_ctx1,bajo,0.0030890518501199738
fold1_stack_global_C0.001_20260912,1,stack_global_C0.001,20260912,alto,b19_ctx1,medio,-0.016914984095842495
fold1_stack_global_C0.001_20260912,1,stack_global_C0.001,20260912,alto,b19_ctx1,alto,0.014720963927979006
fold1_stack_global_C0.001_20260912,1,stack_global_C0.001,20260912,alto,b19_ctx8,bajo,-0.011094177227073789
fold1_stack_global_C0.001_20260912,1,stack_global_C0.001,20260912,alto,b19_ctx8,medio,0.015852378627377924
fold1_stack_global_C0.001_20260912,1,stack_global_C0.001,20260912,alto,b19_ctx8,alto,-0.002468941124932981
fold1_stack_global_C0.001_20260912,1,stack_global_C0.001,20260912,alto,b20_ctx1,bajo,0.014240399997115545
fold1_stack_global_C0.001_20260912,1,stack_global_C0.001,20260912,alto,b20_ctx1,medio,-0.006217438236138276
fold1_stack_global_C0.001_20260912,1,stack_global_C0.001,20260912,alto,b20_ctx1,alto,-0.014526105931316927
fold1_stack_global_C0.001_20260912,1,stack_global_C0.001,20260912,alto,b20_ctx8,bajo,-0.005459934626430347
fold1_stack_global_C0.001_20260912,1,stack_global_C0.001,20260912,alto,b20_ctx8,medio,0.0032477850691363785
fold1_stack_global_C0.001_20260912,1,stack_global_C0.001,20260912,alto,b20_ctx8,alto,0.002998213899991559
fold1_stack_global_C0.001_20260912,1,stack_global_C0.001,20260912,alto,b21_ctx1,bajo,0.013926014018058666
fold1_stack_global_C0.001_20260912,1,stack_global_C0.001,20260912,alto,b21_ctx1,medio,0.004008394704462437
fold1_stack_global_C0.001_20260912,1,stack_global_C0.001,20260912,alto,b21_ctx1,alto,-0.031293764563328816
fold1_stack_global_C0.001_20260912,1,stack_global_C0.001,20260912,alto,b21_ctx8,bajo,0.013264835369698524
fold1_stack_global_C0.001_20260912,1,stack_global_C0.001,20260912,alto,b21_ctx8,medio,-0.015320818076594422
fold1_stack_global_C0.001_20260912,1,stack_global_C0.001,20260912,alto,b21_ctx8,alto,0.0027528142413818938
fold1_stack_global_C0.001_20260912,1,stack_global_C0.001,20260912,bajo,b15_ctx1,bajo,-0.007901717385578873
fold1_stack_global_C0.001_20260912,1,stack_global_C0.001,20260912,bajo,b15_ctx1,medio,-0.00486916355876207
fold1_stack_global_C0.001_20260912,1,stack_global_C0.001,20260912,bajo,b15_ctx1,alto,0.018305907148329335
fold1_stack_global_C0.001_20260912,1,stack_global_C0.001,20260912,bajo,b15_ctx8,bajo,0.018328867727783398
fold1_stack_global_C0.001_20260912,1,stack_global_C0.001,20260912,bajo,b15_ctx8,medio,-0.013709305672855507
fold1_stack_global_C0.001_20260912,1,stack_global_C0.001,20260912,bajo,b15_ctx8,alto,-0.0075579958709071264
fold1_stack_global_C0.001_20260912,1,stack_global_C0.001,20260912,bajo,b16_ctx1,bajo,-0.001271167491055703
fold1_stack_global_C0.001_20260912,1,stack_global_C0.001,20260912,bajo,b16_ctx1,medio,0.013775322159353781
fold1_stack_global_C0.001_20260912,1,stack_global_C0.001,20260912,bajo,b16_ctx1,alto,-0.013072860901204556
fold1_stack_global_C0.001_20260912,1,stack_global_C0.001,20260912,bajo,b16_ctx8,bajo,0.015640806165471522
fold1_stack_global_C0.001_20260912,1,stack_global_C0.001,20260912,bajo,b16_ctx8,medio,-0.016933602552281195
fold1_stack_global_C0.001_20260912,1,stack_global_C0.001,20260912,bajo,b16_ctx8,alto,-0.0016974493255324649
fold1_stack_global_C0.001_20260912,1,stack_global_C0.001,20260912,bajo,b17_ctx1,bajo,0.009967296334968932
fold1_stack_global_C0.001_20260912,1,stack_global_C0.001,20260912,bajo,b17_ctx1,medio,0.018603626805850402
fold1_stack_global_C0.001_20260912,1,stack_global_C0.001,20260912,bajo,b17_ctx1,alto,-0.03157400944431004
fold1_stack_global_C0.001_20260912,1,stack_global_C0.001,20260912,bajo,b17_ctx8,bajo,0.008921961199467289
fold1_stack_global_C0.001_20260912,1,stack_global_C0.001,20260912,bajo,b17_ctx8,medio,-0.008645835596300814
fold1_stack_global_C0.001_20260912,1,stack_global_C0.001,20260912,bajo,b17_ctx8,alto,-0.001962780849719575
fold1_stack_global_C0.001_20260912,1,stack_global_C0.001,20260912,bajo,b18_ctx1,bajo,0.014547641432632001
fold1_stack_global_C0.001_20260912,1,stack_global_C0.001,20260912,bajo,b18_ctx1,medio,0.01875969093958331
fold1_stack_global_C0.001_20260912,1,stack_global_C0.001,20260912,bajo,b18_ctx1,alto,-0.03749618953811799
fold1_stack_global_C0.001_20260912,1,stack_global_C0.001,20260912,bajo,b18_ctx8,bajo,0.00998880628601331
fold1_stack_global_C0.001_20260912,1,stack_global_C0.001,20260912,bajo,b18_ctx8,medio,-0.010262266679714678
fold1_stack_global_C0.001_20260912,1,stack_global_C0.001,20260912,bajo,b18_ctx8,alto,-0.0017411133451317147
fold1_stack_global_C0.001_20260912,1,stack_global_C0.001,20260912,bajo,b19_ctx1,bajo,-0.0009271980788810524
fold1_stack_global_C0.001_20260912,1,stack_global_C0.001,20260912,bajo,b19_ctx1,medio,0.00041555340764750466
fold1_stack_global_C0.001_20260912,1,stack_global_C0.001,20260912,bajo,b19_ctx1,alto,0.000858592622914438
fold1_stack_global_C0.001_20260912,1,stack_global_C0.001,20260912,bajo,b19_ctx8,bajo,0.035040410592211337
fold1_stack_global_C0.001_20260912,1,stack_global_C0.001,20260912,bajo,b19_ctx8,medio,-0.03316582009819473
fold1_stack_global_C0.001_20260912,1,stack_global_C0.001,20260912,bajo,b19_ctx8,alto,-0.008541991999331483
fold1_stack_global_C0.001_20260912,1,stack_global_C0.001,20260912,bajo,b20_ctx1,bajo,-0.007151060948745948
fold1_stack_global_C0.001_20260912,1,stack_global_C0.001,20260912,bajo,b20_ctx1,medio,-0.014541090610728407
fold1_stack_global_C0.001_20260912,1,stack_global_C0.001,20260912,bajo,b20_ctx1,alto,0.03167467822849516
fold1_stack_global_C0.001_20260912,1,stack_global_C0.001,20260912,bajo,b20_ctx8,bajo,0.021077811738897567
fold1_stack_global_C0.001_20260912,1,stack_global_C0.001,20260912,bajo,b20_ctx8,medio,-0.02364486691904934
fold1_stack_global_C0.001_20260912,1,stack_global_C0.001,20260912,bajo,b20_ctx8,alto,-0.00011343956283797671
fold1_stack_global_C0.001_20260912,1,stack_global_C0.001,20260912,bajo,b21_ctx1,bajo,-0.031121330543092816
fold1_stack_global_C0.001_20260912,1,stack_global_C0.001,20260912,bajo,b21_ctx1,medio,-0.006649877241402939
fold1_stack_global_C0.001_20260912,1,stack_global_C0.001,20260912,bajo,b21_ctx1,alto,0.06622748648947731
fold1_stack_global_C0.001_20260912,1,stack_global_C0.001,20260912,bajo,b21_ctx8,bajo,-0.04184845694777517
fold1_stack_global_C0.001_20260912,1,stack_global_C0.001,20260912,bajo,b21_ctx8,medio,0.019120546037187984
fold1_stack_global_C0.001_20260912,1,stack_global_C0.001,20260912,bajo,b21_ctx8,alto,0.027619631305776337
fold1_stack_global_C0.001_20260912,1,stack_global_C0.001,20260912,medio,b15_ctx1,bajo,-0.007627738614619398
fold1_stack_global_C0.001_20260912,1,stack_global_C0.001,20260912,medio,b15_ctx1,medio,0.020068545511256662
fold1_stack_global_C0.001_20260912,1,stack_global_C0.001,20260912,medio,b15_ctx1,alto,-0.013976503829114912
fold1_stack_global_C0.001_20260912,1,stack_global_C0.001,20260912,medio,b15_ctx8,bajo,-0.02534498800418442
fold1_stack_global_C0.001_20260912,1,stack_global_C0.001,20260912,medio,b15_ctx8,medio,0.02081237995242979
fold1_stack_global_C0.001_20260912,1,stack_global_C0.001,20260912,medio,b15_ctx8,alto,0.008614412986407536
fold1_stack_global_C0.001_20260912,1,stack_global_C0.001,20260912,medio,b16_ctx1,bajo,0.0018000847340855798
fold1_stack_global_C0.001_20260912,1,stack_global_C0.001,20260912,medio,b16_ctx1,medio,0.0020508618188695687
fold1_stack_global_C0.001_20260912,1,stack_global_C0.001,20260912,medio,b16_ctx1,alto,-0.00468783130684339
fold1_stack_global_C0.001_20260912,1,stack_global_C0.001,20260912,medio,b16_ctx8,bajo,-0.022234422358030553
fold1_stack_global_C0.001_20260912,1,stack_global_C0.001,20260912,medio,b16_ctx8,medio,0.008879391564338361
fold1_stack_global_C0.001_20260912,1,stack_global_C0.001,20260912,medio,b16_ctx8,alto,0.01673620464253606
fold1_stack_global_C0.001_20260912,1,stack_global_C0.001,20260912,medio,b17_ctx1,bajo,0.007837957031786583
fold1_stack_global_C0.001_20260912,1,stack_global_C0.001,20260912,medio,b17_ctx1,medio,-0.01882335245249652
fold1_stack_global_C0.001_20260912,1,stack_global_C0.001,20260912,medio,b17_ctx1,alto,0.008119464569717209
fold1_stack_global_C0.001_20260912,1,stack_global_C0.001,20260912,medio,b17_ctx8,bajo,-0.004900787453143025
fold1_stack_global_C0.001_20260912,1,stack_global_C0.001,20260912,medio,b17_ctx8,medio,-0.011803682858243061
fold1_stack_global_C0.001_20260912,1,stack_global_C0.001,20260912,medio,b17_ctx8,alto,0.01640501039748576
fold1_stack_global_C0.001_20260912,1,stack_global_C0.001,20260912,medio,b18_ctx1,bajo,0.007395904036366368
fold1_stack_global_C0.001_20260912,1,stack_global_C0.001,20260912,medio,b18_ctx1,medio,-0.024617689096755227
fold1_stack_global_C0.001_20260912,1,stack_global_C0.001,20260912,medio,b18_ctx1,alto,0.013966091077899468
fold1_stack_global_C0.001_20260912,1,stack_global_C0.001,20260912,medio,b18_ctx8,bajo,0.000692229375907862
fold1_stack_global_C0.001_20260912,1,stack_global_C0.001,20260912,medio,b18_ctx8,medio,-0.012565698750540422
fold1_stack_global_C0.001_20260912,1,stack_global_C0.001,20260912,medio,b18_ctx8,alto,0.010739478660890221
fold1_stack_global_C0.001_20260912,1,stack_global_C0.001,20260912,medio,b19_ctx1,bajo,-0.0021618537712388844
fold1_stack_global_C0.001_20260912,1,stack_global_C0.001,20260912,medio,b19_ctx1,medio,0.016499430688195007
fold1_stack_global_C0.001_20260912,1,stack_global_C0.001,20260912,medio,b19_ctx1,alto,-0.015579556550893313
fold1_stack_global_C0.001_20260912,1,stack_global_C0.001,20260912,medio,b19_ctx8,bajo,-0.023946233365137487
fold1_stack_global_C0.001_20260912,1,stack_global_C0.001,20260912,medio,b19_ctx8,medio,0.01731344147081672
fold1_stack_global_C0.001_20260912,1,stack_global_C0.001,20260912,medio,b19_ctx8,alto,0.01101093312426449
fold1_stack_global_C0.001_20260912,1,stack_global_C0.001,20260912,medio,b20_ctx1,bajo,-0.007089339048369738
fold1_stack_global_C0.001_20260912,1,stack_global_C0.001,20260912,medio,b20_ctx1,medio,0.020758528846866672
fold1_stack_global_C0.001_20260912,1,stack_global_C0.001,20260912,medio,b20_ctx1,alto,-0.017148572297178286
fold1_stack_global_C0.001_20260912,1,stack_global_C0.001,20260912,medio,b20_ctx8,bajo,-0.015617877112467328
fold1_stack_global_C0.001_20260912,1,stack_global_C0.001,20260912,medio,b20_ctx8,medio,0.02039708184991289
fold1_stack_global_C0.001_20260912,1,stack_global_C0.001,20260912,medio,b20_ctx8,alto,-0.0028847743371535387
fold1_stack_global_C0.001_20260912,1,stack_global_C0.001,20260912,medio,b21_ctx1,bajo,0.017195316525034105
fold1_stack_global_C0.001_20260912,1,stack_global_C0.001,20260912,medio,b21_ctx1,medio,0.0026414825369405156
fold1_stack_global_C0.001_20260912,1,stack_global_C0.001,20260912,medio,b21_ctx1,alto,-0.0349337219261484
fold1_stack_global_C0.001_20260912,1,stack_global_C0.001,20260912,medio,b21_ctx8,bajo,0.02858362157807648
fold1_stack_global_C0.001_20260912,1,stack_global_C0.001,20260912,medio,b21_ctx8,medio,-0.003799727960593641
fold1_stack_global_C0.001_20260912,1,stack_global_C0.001,20260912,medio,b21_ctx8,alto,-0.030372445547158337
fold1_stack_global_C0.01_20260912,1,stack_global_C0.01,20260912,alto,b15_ctx1,bajo,0.04996093801158131
fold1_stack_global_C0.01_20260912,1,stack_global_C0.01,20260912,alto,b15_ctx1,medio,-0.05153080036822063
fold1_stack_global_C0.01_20260912,1,stack_global_C0.01,20260912,alto,b15_ctx1,alto,-0.010565775943332469
fold1_stack_global_C0.01_20260912,1,stack_global_C0.01,20260912,alto,b15_ctx8,bajo,0.053812820945547735
fold1_stack_global_C0.01_20260912,1,stack_global_C0.01,20260912,alto,b15_ctx8,medio,-0.070839258950175
fold1_stack_global_C0.01_20260912,1,stack_global_C0.01,20260912,alto,b15_ctx8,alto,0.008093204259384389
fold1_stack_global_C0.01_20260912,1,stack_global_C0.01,20260912,alto,b16_ctx1,bajo,0.036473430128036076
fold1_stack_global_C0.01_20260912,1,stack_global_C0.01,20260912,alto,b16_ctx1,medio,-0.0727334637342792
fold1_stack_global_C0.01_20260912,1,stack_global_C0.01,20260912,alto,b16_ctx1,alto,0.028009174639123585
fold1_stack_global_C0.01_20260912,1,stack_global_C0.01,20260912,alto,b16_ctx8,bajo,0.0928892034494575
fold1_stack_global_C0.01_20260912,1,stack_global_C0.01,20260912,alto,b16_ctx8,medio,-0.03797999887255636
fold1_stack_global_C0.01_20260912,1,stack_global_C0.01,20260912,alto,b16_ctx8,alto,-0.06908542713687306
fold1_stack_global_C0.01_20260912,1,stack_global_C0.01,20260912,alto,b17_ctx1,bajo,-0.04145630199678192
fold1_stack_global_C0.01_20260912,1,stack_global_C0.01,20260912,alto,b17_ctx1,medio,0.0325879832526907
fold1_stack_global_C0.01_20260912,1,stack_global_C0.01,20260912,alto,b17_ctx1,alto,0.023016910839936337
fold1_stack_global_C0.01_20260912,1,stack_global_C0.01,20260912,alto,b17_ctx8,bajo,0.010019827671669415
fold1_stack_global_C0.01_20260912,1,stack_global_C0.01,20260912,alto,b17_ctx8,medio,0.027656587413137226
fold1_stack_global_C0.01_20260912,1,stack_global_C0.01,20260912,alto,b17_ctx8,alto,-0.036803198065060785
fold1_stack_global_C0.01_20260912,1,stack_global_C0.01,20260912,alto,b18_ctx1,bajo,-0.057076367570179545
fold1_stack_global_C0.01_20260912,1,stack_global_C0.01,20260912,alto,b18_ctx1,medio,0.06444385539340682
fold1_stack_global_C0.01_20260912,1,stack_global_C0.01,20260912,alto,b18_ctx1,alto,0.013618583415399359
fold1_stack_global_C0.01_20260912,1,stack_global_C0.01,20260912,alto,b18_ctx8,bajo,-0.04341974328138896
fold1_stack_global_C0.01_20260912,1,stack_global_C0.01,20260912,alto,b18_ctx8,medio,0.03389627295164868
fold1_stack_global_C0.01_20260912,1,stack_global_C0.01,20260912,alto,b18_ctx8,alto,0.01738194373437306
fold1_stack_global_C0.01_20260912,1,stack_global_C0.01,20260912,alto,b19_ctx1,bajo,0.011431233531880873
fold1_stack_global_C0.01_20260912,1,stack_global_C0.01,20260912,alto,b19_ctx1,medio,-0.06262802782166352
fold1_stack_global_C0.01_20260912,1,stack_global_C0.01,20260912,alto,b19_ctx1,alto,0.054513280599942794
fold1_stack_global_C0.01_20260912,1,stack_global_C0.01,20260912,alto,b19_ctx8,bajo,-0.07611546216345885
fold1_stack_global_C0.01_20260912,1,stack_global_C0.01,20260912,alto,b19_ctx8,medio,0.07935229810152412
fold1_stack_global_C0.01_20260912,1,stack_global_C0.01,20260912,alto,b19_ctx8,alto,0.01148971199518547
fold1_stack_global_C0.01_20260912,1,stack_global_C0.01,20260912,alto,b20_ctx1,bajo,0.007556174947251894
fold1_stack_global_C0.01_20260912,1,stack_global_C0.01,20260912,alto,b20_ctx1,medio,0.015394926019710374
fold1_stack_global_C0.01_20260912,1,stack_global_C0.01,20260912,alto,b20_ctx1,alto,-0.03351058135021938
fold1_stack_global_C0.01_20260912,1,stack_global_C0.01,20260912,alto,b20_ctx8,bajo,-0.08110979502032084
fold1_stack_global_C0.01_20260912,1,stack_global_C0.01,20260912,alto,b20_ctx8,medio,0.07427864917373193
fold1_stack_global_C0.01_20260912,1,stack_global_C0.01,20260912,alto,b20_ctx8,alto,0.017678657479463657
fold1_stack_global_C0.01_20260912,1,stack_global_C0.01,20260912,alto,b21_ctx1,bajo,-0.004602079200501947
fold1_stack_global_C0.01_20260912,1,stack_global_C0.01,20260912,alto,b21_ctx1,medio,0.03699418425456657
fold1_stack_global_C0.01_20260912,1,stack_global_C0.01,20260912,alto,b21_ctx1,alto,-0.051200134320671976
fold1_stack_global_C0.01_20260912,1,stack_global_C0.01,20260912,alto,b21_ctx8,bajo,0.04472616027258876
fold1_stack_global_C0.01_20260912,1,stack_global_C0.01,20260912,alto,b21_ctx8,medio,-0.05457549856411669
fold1_stack_global_C0.01_20260912,1,stack_global_C0.01,20260912,alto,b21_ctx8,alto,0.012906844217646166
fold1_stack_global_C0.01_20260912,1,stack_global_C0.01,20260912,bajo,b15_ctx1,bajo,-0.012210558881440618
fold1_stack_global_C0.01_20260912,1,stack_global_C0.01,20260912,bajo,b15_ctx1,medio,-0.004645293759216942
fold1_stack_global_C0.01_20260912,1,stack_global_C0.01,20260912,bajo,b15_ctx1,alto,0.0246095853192716
fold1_stack_global_C0.01_20260912,1,stack_global_C0.01,20260912,bajo,b15_ctx8,bajo,0.007296746701781593
fold1_stack_global_C0.01_20260912,1,stack_global_C0.01,20260912,bajo,b15_ctx8,medio,0.02139907684445799
fold1_stack_global_C0.01_20260912,1,stack_global_C0.01,20260912,bajo,b15_ctx8,alto,-0.029596859771085775
fold1_stack_global_C0.01_20260912,1,stack_global_C0.01,20260912,bajo,b16_ctx1,bajo,-0.051912320837244764
fold1_stack_global_C0.01_20260912,1,stack_global_C0.01,20260912,bajo,b16_ctx1,medio,0.05960967839242817
fold1_stack_global_C0.01_20260912,1,stack_global_C0.01,20260912,bajo,b16_ctx1,alto,0.007391054878208604
fold1_stack_global_C0.01_20260912,1,stack_global_C0.01,20260912,bajo,b16_ctx8,bajo,-0.040631160221077114
fold1_stack_global_C0.01_20260912,1,stack_global_C0.01,20260912,bajo,b16_ctx8,medio,0.006236575034640589
fold1_stack_global_C0.01_20260912,1,stack_global_C0.01,20260912,bajo,b16_ctx8,alto,0.0400015216640548
fold1_stack_global_C0.01_20260912,1,stack_global_C0.01,20260912,bajo,b17_ctx1,bajo,0.0106581951429446
fold1_stack_global_C0.01_20260912,1,stack_global_C0.01,20260912,bajo,b17_ctx1,medio,0.03888165995680305
fold1_stack_global_C0.01_20260912,1,stack_global_C0.01,20260912,bajo,b17_ctx1,alto,-0.052464794975530075
fold1_stack_global_C0.01_20260912,1,stack_global_C0.01,20260912,bajo,b17_ctx8,bajo,-0.03322367064950898
fold1_stack_global_C0.01_20260912,1,stack_global_C0.01,20260912,bajo,b17_ctx8,medio,0.03177611126443737
fold1_stack_global_C0.01_20260912,1,stack_global_C0.01,20260912,bajo,b17_ctx8,alto,0.007697284045187076
fold1_stack_global_C0.01_20260912,1,stack_global_C0.01,20260912,bajo,b18_ctx1,bajo,0.051278638844370464
fold1_stack_global_C0.01_20260912,1,stack_global_C0.01,20260912,bajo,b18_ctx1,medio,0.01835759026332141
fold1_stack_global_C0.01_20260912,1,stack_global_C0.01,20260912,bajo,b18_ctx1,alto,-0.0859763769695045
fold1_stack_global_C0.01_20260912,1,stack_global_C0.01,20260912,bajo,b18_ctx8,bajo,0.020628052471232155
fold1_stack_global_C0.01_20260912,1,stack_global_C0.01,20260912,bajo,b18_ctx8,medio,-0.011971091992565972
fold1_stack_global_C0.01_20260912,1,stack_global_C0.01,20260912,bajo,b18_ctx8,alto,-0.012043757836879828
fold1_stack_global_C0.01_20260912,1,stack_global_C0.01,20260912,bajo,b19_ctx1,bajo,-0.020792642543134038
fold1_stack_global_C0.01_20260912,1,stack_global_C0.01,20260912,bajo,b19_ctx1,medio,-0.003741556550256748
fold1_stack_global_C0.01_20260912,1,stack_global_C0.01,20260912,bajo,b19_ctx1,alto,0.0340393211384237
fold1_stack_global_C0.01_20260912,1,stack_global_C0.01,20260912,bajo,b19_ctx8,bajo,0.11106851476414455
fold1_stack_global_C0.01_20260912,1,stack_global_C0.01,20260912,bajo,b19_ctx8,medio,-0.11776251508344411
fold1_stack_global_C0.01_20260912,1,stack_global_C0.01,20260912,bajo,b19_ctx8,alto,-0.01486079417459553
fold1_stack_global_C0.01_20260912,1,stack_global_C0.01,20260912,bajo,b20_ctx1,bajo,0.04992176885375142
fold1_stack_global_C0.01_20260912,1,stack_global_C0.01,20260912,bajo,b20_ctx1,medio,-0.06775537896459147
fold1_stack_global_C0.01_20260912,1,stack_global_C0.01,20260912,bajo,b20_ctx1,alto,0.012512945317718453
fold1_stack_global_C0.01_20260912,1,stack_global_C0.01,20260912,bajo,b20_ctx8,bajo,0.11600721626098255
fold1_stack_global_C0.01_20260912,1,stack_global_C0.01,20260912,bajo,b20_ctx8,medio,-0.11680652772037231
fold1_stack_global_C0.01_20260912,1,stack_global_C0.01,20260912,bajo,b20_ctx8,alto,-0.014378395823241073
fold1_stack_global_C0.01_20260912,1,stack_global_C0.01,20260912,bajo,b21_ctx1,bajo,-0.03141432735433279
fold1_stack_global_C0.01_20260912,1,stack_global_C0.01,20260912,bajo,b21_ctx1,medio,-0.025034191505314395
fold1_stack_global_C0.01_20260912,1,stack_global_C0.01,20260912,bajo,b21_ctx1,alto,0.0962764428305342
fold1_stack_global_C0.01_20260912,1,stack_global_C0.01,20260912,bajo,b21_ctx8,bajo,-0.14148576265044038
fold1_stack_global_C0.01_20260912,1,stack_global_C0.01,20260912,bajo,b21_ctx8,medio,0.10765418467355474
fold1_stack_global_C0.01_20260912,1,stack_global_C0.01,20260912,bajo,b21_ctx8,alto,0.03993191224601402
fold1_stack_global_C0.01_20260912,1,stack_global_C0.01,20260912,medio,b15_ctx1,bajo,-0.0377503791301409
fold1_stack_global_C0.01_20260912,1,stack_global_C0.01,20260912,medio,b15_ctx1,medio,0.05617609412743845
fold1_stack_global_C0.01_20260912,1,stack_global_C0.01,20260912,medio,b15_ctx1,alto,-0.01404380937593929
fold1_stack_global_C0.01_20260912,1,stack_global_C0.01,20260912,medio,b15_ctx8,bajo,-0.06110956764732974
fold1_stack_global_C0.01_20260912,1,stack_global_C0.01,20260912,medio,b15_ctx8,medio,0.049440182105717316
fold1_stack_global_C0.01_20260912,1,stack_global_C0.01,20260912,medio,b15_ctx8,alto,0.02150365551170117
fold1_stack_global_C0.01_20260912,1,stack_global_C0.01,20260912,medio,b16_ctx1,bajo,0.015438890709208475
fold1_stack_global_C0.01_20260912,1,stack_global_C0.01,20260912,medio,b16_ctx1,medio,0.01312378534185123
fold1_stack_global_C0.01_20260912,1,stack_global_C0.01,20260912,medio,b16_ctx1,alto,-0.03540022951733262
fold1_stack_global_C0.01_20260912,1,stack_global_C0.01,20260912,medio,b16_ctx8,bajo,-0.0522580432283805
fold1_stack_global_C0.01_20260912,1,stack_global_C0.01,20260912,medio,b16_ctx8,medio,0.03174342383791565
fold1_stack_global_C0.01_20260912,1,stack_global_C0.01,20260912,medio,b16_ctx8,alto,0.029083905472818628
fold1_stack_global_C0.01_20260912,1,stack_global_C0.01,20260912,medio,b17_ctx1,bajo,0.030798106853837347
fold1_stack_global_C0.01_20260912,1,stack_global_C0.01,20260912,medio,b17_ctx1,medio,-0.07146964320949448
fold1_stack_global_C0.01_20260912,1,stack_global_C0.01,20260912,medio,b17_ctx1,alto,0.029447884135594116
fold1_stack_global_C0.01_20260912,1,stack_global_C0.01,20260912,medio,b17_ctx8,bajo,0.023203842977838722
fold1_stack_global_C0.01_20260912,1,stack_global_C0.01,20260912,medio,b17_ctx8,medio,-0.05943269867757525
fold1_stack_global_C0.01_20260912,1,stack_global_C0.01,20260912,medio,b17_ctx8,alto,0.029105914019873825
fold1_stack_global_C0.01_20260912,1,stack_global_C0.01,20260912,medio,b18_ctx1,bajo,0.005797728725809041
fold1_stack_global_C0.01_20260912,1,stack_global_C0.01,20260912,medio,b18_ctx1,medio,-0.08280144565672803
fold1_stack_global_C0.01_20260912,1,stack_global_C0.01,20260912,medio,b18_ctx1,alto,0.07235779355410578
fold1_stack_global_C0.01_20260912,1,stack_global_C0.01,20260912,medio,b18_ctx8,bajo,0.022791690810157104
fold1_stack_global_C0.01_20260912,1,stack_global_C0.01,20260912,medio,b18_ctx8,medio,-0.021925180959083107
fold1_stack_global_C0.01_20260912,1,stack_global_C0.01,20260912,medio,b18_ctx8,alto,-0.0053381858974936
fold1_stack_global_C0.01_20260912,1,stack_global_C0.01,20260912,medio,b19_ctx1,bajo,0.009361409011252894
fold1_stack_global_C0.01_20260912,1,stack_global_C0.01,20260912,medio,b19_ctx1,medio,0.06636958437192036
fold1_stack_global_C0.01_20260912,1,stack_global_C0.01,20260912,medio,b19_ctx1,alto,-0.08855260173836584
fold1_stack_global_C0.01_20260912,1,stack_global_C0.01,20260912,medio,b19_ctx8,bajo,-0.03495305260068509
fold1_stack_global_C0.01_20260912,1,stack_global_C0.01,20260912,medio,b19_ctx8,medio,0.03841021698191977
fold1_stack_global_C0.01_20260912,1,stack_global_C0.01,20260912,medio,b19_ctx8,alto,0.0033710821794108517
fold1_stack_global_C0.01_20260912,1,stack_global_C0.01,20260912,medio,b20_ctx1,bajo,-0.05747794380100427
fold1_stack_global_C0.01_20260912,1,stack_global_C0.01,20260912,medio,b20_ctx1,medio,0.05236045294488079
fold1_stack_global_C0.01_20260912,1,stack_global_C0.01,20260912,medio,b20_ctx1,alto,0.020997636032501196
fold1_stack_global_C0.01_20260912,1,stack_global_C0.01,20260912,medio,b20_ctx8,bajo,-0.03489742124066276
fold1_stack_global_C0.01_20260912,1,stack_global_C0.01,20260912,medio,b20_ctx8,medio,0.04252787854663982
fold1_stack_global_C0.01_20260912,1,stack_global_C0.01,20260912,medio,b20_ctx8,alto,-0.003300261656222817
fold1_stack_global_C0.01_20260912,1,stack_global_C0.01,20260912,medio,b21_ctx1,bajo,0.036016406554833784
fold1_stack_global_C0.01_20260912,1,stack_global_C0.01,20260912,medio,b21_ctx1,medio,-0.011959992749252338
fold1_stack_global_C0.01_20260912,1,stack_global_C0.01,20260912,medio,b21_ctx1,alto,-0.045076308509861565
fold1_stack_global_C0.01_20260912,1,stack_global_C0.01,20260912,medio,b21_ctx8,bajo,0.09675960237785175
fold1_stack_global_C0.01_20260912,1,stack_global_C0.01,20260912,medio,b21_ctx8,medio,-0.05307868610943858
fold1_stack_global_C0.01_20260912,1,stack_global_C0.01,20260912,medio,b21_ctx8,alto,-0.05283875646366004
fold1_stack_global_C0.1_20260912,1,stack_global_C0.1,20260912,alto,b15_ctx1,bajo,0.136294736162571
fold1_stack_global_C0.1_20260912,1,stack_global_C0.1,20260912,alto,b15_ctx1,medio,-0.13189620527871465
fold1_stack_global_C0.1_20260912,1,stack_global_C0.1,20260912,alto,b15_ctx1,alto,-0.039915795273830504
fold1_stack_global_C0.1_20260912,1,stack_global_C0.1,20260912,alto,b15_ctx8,bajo,0.3220286628878142
fold1_stack_global_C0.1_20260912,1,stack_global_C0.1,20260912,alto,b15_ctx8,medio,-0.47735607207201414
fold1_stack_global_C0.1_20260912,1,stack_global_C0.1,20260912,alto,b15_ctx8,alto,0.10133407238338092
fold1_stack_global_C0.1_20260912,1,stack_global_C0.1,20260912,alto,b16_ctx1,bajo,0.12772832898896952
fold1_stack_global_C0.1_20260912,1,stack_global_C0.1,20260912,alto,b16_ctx1,medio,-0.2139292322234591
fold1_stack_global_C0.1_20260912,1,stack_global_C0.1,20260912,alto,b16_ctx1,alto,0.05420024661449932
fold1_stack_global_C0.1_20260912,1,stack_global_C0.1,20260912,alto,b16_ctx8,bajo,0.38350610675717384
fold1_stack_global_C0.1_20260912,1,stack_global_C0.1,20260912,alto,b16_ctx8,medio,-0.2284964119887187
fold1_stack_global_C0.1_20260912,1,stack_global_C0.1,20260912,alto,b16_ctx8,alto,-0.21764187388729522
fold1_stack_global_C0.1_20260912,1,stack_global_C0.1,20260912,alto,b17_ctx1,bajo,-0.07983659735516802
fold1_stack_global_C0.1_20260912,1,stack_global_C0.1,20260912,alto,b17_ctx1,medio,0.11619244610977593
fold1_stack_global_C0.1_20260912,1,stack_global_C0.1,20260912,alto,b17_ctx1,alto,-0.008302783380295073
fold1_stack_global_C0.1_20260912,1,stack_global_C0.1,20260912,alto,b17_ctx8,bajo,0.05651344181202545
fold1_stack_global_C0.1_20260912,1,stack_global_C0.1,20260912,alto,b17_ctx8,medio,0.083404214638151
fold1_stack_global_C0.1_20260912,1,stack_global_C0.1,20260912,alto,b17_ctx8,alto,-0.1403682334146134
fold1_stack_global_C0.1_20260912,1,stack_global_C0.1,20260912,alto,b18_ctx1,bajo,-0.11748480978778696
fold1_stack_global_C0.1_20260912,1,stack_global_C0.1,20260912,alto,b18_ctx1,medio,0.19274575404989822
fold1_stack_global_C0.1_20260912,1,stack_global_C0.1,20260912,alto,b18_ctx1,alto,-0.030082249243243157
fold1_stack_global_C0.1_20260912,1,stack_global_C0.1,20260912,alto,b18_ctx8,bajo,-0.16430502733896682
fold1_stack_global_C0.1_20260912,1,stack_global_C0.1,20260912,alto,b18_ctx8,medio,0.030207572613674863
fold1_stack_global_C0.1_20260912,1,stack_global_C0.1,20260912,alto,b18_ctx8,alto,0.1556093442796788
fold1_stack_global_C0.1_20260912,1,stack_global_C0.1,20260912,alto,b19_ctx1,bajo,0.017581173502610712
fold1_stack_global_C0.1_20260912,1,stack_global_C0.1,20260912,alto,b19_ctx1,medio,-0.19068861994178787
fold1_stack_global_C0.1_20260912,1,stack_global_C0.1,20260912,alto,b19_ctx1,alto,0.19067006488925037
fold1_stack_global_C0.1_20260912,1,stack_global_C0.1,20260912,alto,b19_ctx8,bajo,-0.3360948594208933
fold1_stack_global_C0.1_20260912,1,stack_global_C0.1,20260912,alto,b19_ctx8,medio,0.3136781100290568
fold1_stack_global_C0.1_20260912,1,stack_global_C0.1,20260912,alto,b19_ctx8,alto,0.08622024321818335
fold1_stack_global_C0.1_20260912,1,stack_global_C0.1,20260912,alto,b20_ctx1,bajo,-0.06332814085174793
fold1_stack_global_C0.1_20260912,1,stack_global_C0.1,20260912,alto,b20_ctx1,medio,0.1689769058457635
fold1_stack_global_C0.1_20260912,1,stack_global_C0.1,20260912,alto,b20_ctx1,alto,-0.1304717471394721
fold1_stack_global_C0.1_20260912,1,stack_global_C0.1,20260912,alto,b20_ctx8,bajo,-0.4126531339244462
fold1_stack_global_C0.1_20260912,1,stack_global_C0.1,20260912,alto,b20_ctx8,medio,0.5287424452542568
fold1_stack_global_C0.1_20260912,1,stack_global_C0.1,20260912,alto,b20_ctx8,alto,-0.06571025092914407
fold1_stack_global_C0.1_20260912,1,stack_global_C0.1,20260912,alto,b21_ctx1,bajo,-0.033214765227164426
fold1_stack_global_C0.1_20260912,1,stack_global_C0.1,20260912,alto,b21_ctx1,medio,0.04378384804640795
fold1_stack_global_C0.1_20260912,1,stack_global_C0.1,20260912,alto,b21_ctx1,alto,-0.011034727739654165
fold1_stack_global_C0.1_20260912,1,stack_global_C0.1,20260912,alto,b21_ctx8,bajo,0.17974181859684327
fold1_stack_global_C0.1_20260912,1,stack_global_C0.1,20260912,alto,b21_ctx8,medio,-0.20530854445589045
fold1_stack_global_C0.1_20260912,1,stack_global_C0.1,20260912,alto,b21_ctx8,alto,0.034452626598758994
fold1_stack_global_C0.1_20260912,1,stack_global_C0.1,20260912,bajo,b15_ctx1,bajo,-0.1676207922567401
fold1_stack_global_C0.1_20260912,1,stack_global_C0.1,20260912,bajo,b15_ctx1,medio,0.10541309171416023
fold1_stack_global_C0.1_20260912,1,stack_global_C0.1,20260912,bajo,b15_ctx1,alto,0.12166225323702956
fold1_stack_global_C0.1_20260912,1,stack_global_C0.1,20260912,bajo,b15_ctx8,bajo,-0.2788955579462614
fold1_stack_global_C0.1_20260912,1,stack_global_C0.1,20260912,bajo,b15_ctx8,medio,0.4506324898470915
fold1_stack_global_C0.1_20260912,1,stack_global_C0.1,20260912,bajo,b15_ctx8,alto,-0.12460315330095297
fold1_stack_global_C0.1_20260912,1,stack_global_C0.1,20260912,bajo,b16_ctx1,bajo,-0.12410374028852739
fold1_stack_global_C0.1_20260912,1,stack_global_C0.1,20260912,bajo,b16_ctx1,medio,0.17790584459735737
fold1_stack_global_C0.1_20260912,1,stack_global_C0.1,20260912,bajo,b16_ctx1,alto,-0.020427831750099438
fold1_stack_global_C0.1_20260912,1,stack_global_C0.1,20260912,bajo,b16_ctx8,bajo,-0.20683153338011856
fold1_stack_global_C0.1_20260912,1,stack_global_C0.1,20260912,bajo,b16_ctx8,medio,0.08780516179401238
fold1_stack_global_C0.1_20260912,1,stack_global_C0.1,20260912,bajo,b16_ctx8,alto,0.15077711966799812
fold1_stack_global_C0.1_20260912,1,stack_global_C0.1,20260912,bajo,b17_ctx1,bajo,0.006029137605764371
fold1_stack_global_C0.1_20260912,1,stack_global_C0.1,20260912,bajo,b17_ctx1,medio,0.0588247625089658
fold1_stack_global_C0.1_20260912,1,stack_global_C0.1,20260912,bajo,b17_ctx1,alto,-0.06595315475141669
fold1_stack_global_C0.1_20260912,1,stack_global_C0.1,20260912,bajo,b17_ctx8,bajo,-0.14933562833089203
fold1_stack_global_C0.1_20260912,1,stack_global_C0.1,20260912,bajo,b17_ctx8,medio,0.17194824496483355
fold1_stack_global_C0.1_20260912,1,stack_global_C0.1,20260912,bajo,b17_ctx8,alto,0.007635619644269302
fold1_stack_global_C0.1_20260912,1,stack_global_C0.1,20260912,bajo,b18_ctx1,bajo,0.136200098629422
fold1_stack_global_C0.1_20260912,1,stack_global_C0.1,20260912,bajo,b18_ctx1,medio,-0.08316382312013328
fold1_stack_global_C0.1_20260912,1,stack_global_C0.1,20260912,bajo,b18_ctx1,alto,-0.1007865863932652
fold1_stack_global_C0.1_20260912,1,stack_global_C0.1,20260912,bajo,b18_ctx8,bajo,0.14166630727375268
fold1_stack_global_C0.1_20260912,1,stack_global_C0.1,20260912,bajo,b18_ctx8,medio,-0.11404797075668713
fold1_stack_global_C0.1_20260912,1,stack_global_C0.1,20260912,bajo,b18_ctx8,alto,-0.05354803835559508
fold1_stack_global_C0.1_20260912,1,stack_global_C0.1,20260912,bajo,b19_ctx1,bajo,-0.03355686880072337
fold1_stack_global_C0.1_20260912,1,stack_global_C0.1,20260912,bajo,b19_ctx1,medio,-0.03059353915133609
fold1_stack_global_C0.1_20260912,1,stack_global_C0.1,20260912,bajo,b19_ctx1,alto,0.08273323906960449
fold1_stack_global_C0.1_20260912,1,stack_global_C0.1,20260912,bajo,b19_ctx8,bajo,0.326351524259571
fold1_stack_global_C0.1_20260912,1,stack_global_C0.1,20260912,bajo,b19_ctx8,medio,-0.34992225392570453
fold1_stack_global_C0.1_20260912,1,stack_global_C0.1,20260912,bajo,b19_ctx8,alto,-0.03989349666511678
fold1_stack_global_C0.1_20260912,1,stack_global_C0.1,20260912,bajo,b20_ctx1,bajo,0.22655886681850113
fold1_stack_global_C0.1_20260912,1,stack_global_C0.1,20260912,bajo,b20_ctx1,medio,-0.185491036583489
fold1_stack_global_C0.1_20260912,1,stack_global_C0.1,20260912,bajo,b20_ctx1,alto,-0.11160838395706452
fold1_stack_global_C0.1_20260912,1,stack_global_C0.1,20260912,bajo,b20_ctx8,bajo,0.4713160584262652
fold1_stack_global_C0.1_20260912,1,stack_global_C0.1,20260912,bajo,b20_ctx8,medio,-0.5965663571753229
fold1_stack_global_C0.1_20260912,1,stack_global_C0.1,20260912,bajo,b20_ctx8,alto,0.06747527329975435
fold1_stack_global_C0.1_20260912,1,stack_global_C0.1,20260912,bajo,b21_ctx1,bajo,-0.02565063596501183
fold1_stack_global_C0.1_20260912,1,stack_global_C0.1,20260912,bajo,b21_ctx1,medio,-0.050126375024897495
fold1_stack_global_C0.1_20260912,1,stack_global_C0.1,20260912,bajo,b21_ctx1,alto,0.12628812904075779
fold1_stack_global_C0.1_20260912,1,stack_global_C0.1,20260912,bajo,b21_ctx8,bajo,-0.30284672389526524
fold1_stack_global_C0.1_20260912,1,stack_global_C0.1,20260912,bajo,b21_ctx8,medio,0.28289349330802926
fold1_stack_global_C0.1_20260912,1,stack_global_C0.1,20260912,bajo,b21_ctx8,alto,0.020278530314924183
fold1_stack_global_C0.1_20260912,1,stack_global_C0.1,20260912,medio,b15_ctx1,bajo,0.031326056094167554
fold1_stack_global_C0.1_20260912,1,stack_global_C0.1,20260912,medio,b15_ctx1,medio,0.026483113564550465
fold1_stack_global_C0.1_20260912,1,stack_global_C0.1,20260912,medio,b15_ctx1,alto,-0.08174645796320015
fold1_stack_global_C0.1_20260912,1,stack_global_C0.1,20260912,medio,b15_ctx8,bajo,-0.0431331049415548
fold1_stack_global_C0.1_20260912,1,stack_global_C0.1,20260912,medio,b15_ctx8,medio,0.02672358222492342
fold1_stack_global_C0.1_20260912,1,stack_global_C0.1,20260912,medio,b15_ctx8,alto,0.023269080917576186
fold1_stack_global_C0.1_20260912,1,stack_global_C0.1,20260912,medio,b16_ctx1,bajo,-0.003624588700443284
fold1_stack_global_C0.1_20260912,1,stack_global_C0.1,20260912,medio,b16_ctx1,medio,0.0360233876260966
fold1_stack_global_C0.1_20260912,1,stack_global_C0.1,20260912,medio,b16_ctx1,alto,-0.03377241486440177
fold1_stack_global_C0.1_20260912,1,stack_global_C0.1,20260912,medio,b16_ctx8,bajo,-0.1766745733770573
fold1_stack_global_C0.1_20260912,1,stack_global_C0.1,20260912,medio,b16_ctx8,medio,0.1406912501947033
fold1_stack_global_C0.1_20260912,1,stack_global_C0.1,20260912,medio,b16_ctx8,alto,0.066864754219299
fold1_stack_global_C0.1_20260912,1,stack_global_C0.1,20260912,medio,b17_ctx1,bajo,0.07380745974940414
fold1_stack_global_C0.1_20260912,1,stack_global_C0.1,20260912,medio,b17_ctx1,medio,-0.17501720861873907
fold1_stack_global_C0.1_20260912,1,stack_global_C0.1,20260912,medio,b17_ctx1,alto,0.07425593813171107
fold1_stack_global_C0.1_20260912,1,stack_global_C0.1,20260912,medio,b17_ctx8,bajo,0.09282218651886529
fold1_stack_global_C0.1_20260912,1,stack_global_C0.1,20260912,medio,b17_ctx8,medio,-0.25535245960297975
fold1_stack_global_C0.1_20260912,1,stack_global_C0.1,20260912,medio,b17_ctx8,alto,0.13273261377033777
fold1_stack_global_C0.1_20260912,1,stack_global_C0.1,20260912,medio,b18_ctx1,bajo,-0.01871528884163945
fold1_stack_global_C0.1_20260912,1,stack_global_C0.1,20260912,medio,b18_ctx1,medio,-0.10958193092976594
fold1_stack_global_C0.1_20260912,1,stack_global_C0.1,20260912,medio,b18_ctx1,alto,0.13086883563650323
fold1_stack_global_C0.1_20260912,1,stack_global_C0.1,20260912,medio,b18_ctx8,bajo,0.022638720065216503
fold1_stack_global_C0.1_20260912,1,stack_global_C0.1,20260912,medio,b18_ctx8,medio,0.08384039814301042
fold1_stack_global_C0.1_20260912,1,stack_global_C0.1,20260912,medio,b18_ctx8,alto,-0.10206130592409128
fold1_stack_global_C0.1_20260912,1,stack_global_C0.1,20260912,medio,b19_ctx1,bajo,0.015975695298113057
fold1_stack_global_C0.1_20260912,1,stack_global_C0.1,20260912,medio,b19_ctx1,medio,0.22128215909311913
fold1_stack_global_C0.1_20260912,1,stack_global_C0.1,20260912,medio,b19_ctx1,alto,-0.27340330395884943
fold1_stack_global_C0.1_20260912,1,stack_global_C0.1,20260912,medio,b19_ctx8,bajo,0.009743335161329327
fold1_stack_global_C0.1_20260912,1,stack_global_C0.1,20260912,medio,b19_ctx8,medio,0.036244143896655465
fold1_stack_global_C0.1_20260912,1,stack_global_C0.1,20260912,medio,b19_ctx8,alto,-0.0463267465530626
fold1_stack_global_C0.1_20260912,1,stack_global_C0.1,20260912,medio,b20_ctx1,bajo,-0.16323072596675128
fold1_stack_global_C0.1_20260912,1,stack_global_C0.1,20260912,medio,b20_ctx1,medio,0.01651413073773037
fold1_stack_global_C0.1_20260912,1,stack_global_C0.1,20260912,medio,b20_ctx1,alto,0.24208013109653886
fold1_stack_global_C0.1_20260912,1,stack_global_C0.1,20260912,medio,b20_ctx8,bajo,-0.05866292450182251
fold1_stack_global_C0.1_20260912,1,stack_global_C0.1,20260912,medio,b20_ctx8,medio,0.06782391192106996
fold1_stack_global_C0.1_20260912,1,stack_global_C0.1,20260912,medio,b20_ctx8,alto,-0.001765022370607361
fold1_stack_global_C0.1_20260912,1,stack_global_C0.1,20260912,medio,b21_ctx1,bajo,0.05886540119217494
fold1_stack_global_C0.1_20260912,1,stack_global_C0.1,20260912,medio,b21_ctx1,medio,0.006342526978490328
fold1_stack_global_C0.1_20260912,1,stack_global_C0.1,20260912,medio,b21_ctx1,alto,-0.11525340130110602
fold1_stack_global_C0.1_20260912,1,stack_global_C0.1,20260912,medio,b21_ctx8,bajo,0.1231049052984241
fold1_stack_global_C0.1_20260912,1,stack_global_C0.1,20260912,medio,b21_ctx8,medio,-0.07758494885213522
fold1_stack_global_C0.1_20260912,1,stack_global_C0.1,20260912,medio,b21_ctx8,alto,-0.054731156913681044
fold1_stack_participant_C0.001_20260912,1,stack_participant_C0.001,20260912,alto,b15_ctx1,bajo,0.011362581431856707
fold1_stack_participant_C0.001_20260912,1,stack_participant_C0.001,20260912,alto,b15_ctx1,medio,-0.017723599863371766
fold1_stack_participant_C0.001_20260912,1,stack_participant_C0.001,20260912,alto,b15_ctx1,alto,0.0052684436976404925
fold1_stack_participant_C0.001_20260912,1,stack_participant_C0.001,20260912,alto,b15_ctx8,bajo,0.006064064360327454
fold1_stack_participant_C0.001_20260912,1,stack_participant_C0.001,20260912,alto,b15_ctx8,medio,-0.0017617765456963501
fold1_stack_participant_C0.001_20260912,1,stack_participant_C0.001,20260912,alto,b15_ctx8,alto,-0.005246703147306678
fold1_stack_participant_C0.001_20260912,1,stack_participant_C0.001,20260912,alto,b16_ctx1,bajo,0.002302609577251782
fold1_stack_participant_C0.001_20260912,1,stack_participant_C0.001,20260912,alto,b16_ctx1,medio,-0.016447827524281207
fold1_stack_participant_C0.001_20260912,1,stack_participant_C0.001,20260912,alto,b16_ctx1,alto,0.014527494834043147
fold1_stack_participant_C0.001_20260912,1,stack_participant_C0.001,20260912,alto,b16_ctx8,bajo,0.0057231590601180505
fold1_stack_participant_C0.001_20260912,1,stack_participant_C0.001,20260912,alto,b16_ctx8,medio,0.017872261899017854
fold1_stack_participant_C0.001_20260912,1,stack_participant_C0.001,20260912,alto,b16_ctx8,alto,-0.023311880912598053
fold1_stack_participant_C0.001_20260912,1,stack_participant_C0.001,20260912,alto,b17_ctx1,bajo,-0.01311084976728675
fold1_stack_participant_C0.001_20260912,1,stack_participant_C0.001,20260912,alto,b17_ctx1,medio,0.00016499908310448335
fold1_stack_participant_C0.001_20260912,1,stack_participant_C0.001,20260912,alto,b17_ctx1,alto,0.017267533783689407
fold1_stack_participant_C0.001_20260912,1,stack_participant_C0.001,20260912,alto,b17_ctx8,bajo,-0.004844565687633611
fold1_stack_participant_C0.001_20260912,1,stack_participant_C0.001,20260912,alto,b17_ctx8,medio,0.024741368005768087
fold1_stack_participant_C0.001_20260912,1,stack_participant_C0.001,20260912,alto,b17_ctx8,alto,-0.017496260966534657
fold1_stack_participant_C0.001_20260912,1,stack_participant_C0.001,20260912,alto,b18_ctx1,bajo,-0.01643549187112069
fold1_stack_participant_C0.001_20260912,1,stack_participant_C0.001,20260912,alto,b18_ctx1,medio,0.005351649055401138
fold1_stack_participant_C0.001_20260912,1,stack_participant_C0.001,20260912,alto,b18_ctx1,alto,0.01669152172729502
fold1_stack_participant_C0.001_20260912,1,stack_participant_C0.001,20260912,alto,b18_ctx8,bajo,-0.012930439393740811
fold1_stack_participant_C0.001_20260912,1,stack_participant_C0.001,20260912,alto,b18_ctx8,medio,0.026307311637027774
fold1_stack_participant_C0.001_20260912,1,stack_participant_C0.001,20260912,alto,b18_ctx8,alto,-0.0096766366188459
fold1_stack_participant_C0.001_20260912,1,stack_participant_C0.001,20260912,alto,b19_ctx1,bajo,0.004450344255702925
fold1_stack_participant_C0.001_20260912,1,stack_participant_C0.001,20260912,alto,b19_ctx1,medio,-0.019631629412759855
fold1_stack_participant_C0.001_20260912,1,stack_participant_C0.001,20260912,alto,b19_ctx1,alto,0.01584511956310288
fold1_stack_participant_C0.001_20260912,1,stack_participant_C0.001,20260912,alto,b19_ctx8,bajo,-0.00893097663512552
fold1_stack_participant_C0.001_20260912,1,stack_participant_C0.001,20260912,alto,b19_ctx8,medio,0.024660967188154685
fold1_stack_participant_C0.001_20260912,1,stack_participant_C0.001,20260912,alto,b19_ctx8,alto,-0.013490677918558
fold1_stack_participant_C0.001_20260912,1,stack_participant_C0.001,20260912,alto,b20_ctx1,bajo,0.00807266781428963
fold1_stack_participant_C0.001_20260912,1,stack_participant_C0.001,20260912,alto,b20_ctx1,medio,-0.00917263416922136
fold1_stack_participant_C0.001_20260912,1,stack_participant_C0.001,20260912,alto,b20_ctx1,alto,-0.0004387650678073448
fold1_stack_participant_C0.001_20260912,1,stack_participant_C0.001,20260912,alto,b20_ctx8,bajo,-0.003247471271759458
fold1_stack_participant_C0.001_20260912,1,stack_participant_C0.001,20260912,alto,b20_ctx8,medio,0.0017674106439060876
fold1_stack_participant_C0.001_20260912,1,stack_participant_C0.001,20260912,alto,b20_ctx8,alto,0.0019528356196011432
fold1_stack_participant_C0.001_20260912,1,stack_participant_C0.001,20260912,alto,b21_ctx1,bajo,0.0006891937634521754
fold1_stack_participant_C0.001_20260912,1,stack_participant_C0.001,20260912,alto,b21_ctx1,medio,-0.001492710682115175
fold1_stack_participant_C0.001_20260912,1,stack_participant_C0.001,20260912,alto,b21_ctx1,alto,0.0011672366268146118
fold1_stack_participant_C0.001_20260912,1,stack_participant_C0.001,20260912,alto,b21_ctx8,bajo,0.006824190947270256
fold1_stack_participant_C0.001_20260912,1,stack_participant_C0.001,20260912,alto,b21_ctx8,medio,-0.024961030429219606
fold1_stack_participant_C0.001_20260912,1,stack_participant_C0.001,20260912,alto,b21_ctx8,alto,0.02264033044688406
fold1_stack_participant_C0.001_20260912,1,stack_participant_C0.001,20260912,bajo,b15_ctx1,bajo,-0.004821583279367545
fold1_stack_participant_C0.001_20260912,1,stack_participant_C0.001,20260912,bajo,b15_ctx1,medio,-0.0028256877387708365
fold1_stack_participant_C0.001_20260912,1,stack_participant_C0.001,20260912,bajo,b15_ctx1,alto,0.010984318850067941
fold1_stack_participant_C0.001_20260912,1,stack_participant_C0.001,20260912,bajo,b15_ctx8,bajo,0.017965766910114634
fold1_stack_participant_C0.001_20260912,1,stack_participant_C0.001,20260912,bajo,b15_ctx8,medio,-0.016110168941193735
fold1_stack_participant_C0.001_20260912,1,stack_participant_C0.001,20260912,bajo,b15_ctx8,alto,-0.004762563904366428
fold1_stack_participant_C0.001_20260912,1,stack_participant_C0.001,20260912,bajo,b16_ctx1,bajo,-0.004609501658367321
fold1_stack_participant_C0.001_20260912,1,stack_participant_C0.001,20260912,bajo,b16_ctx1,medio,0.013304123348031523
fold1_stack_participant_C0.001_20260912,1,stack_participant_C0.001,20260912,bajo,b16_ctx1,alto,-0.00796512795672196
fold1_stack_participant_C0.001_20260912,1,stack_participant_C0.001,20260912,bajo,b16_ctx8,bajo,0.014106554224362168
fold1_stack_participant_C0.001_20260912,1,stack_participant_C0.001,20260912,bajo,b16_ctx8,medio,-0.021792223088818685
fold1_stack_participant_C0.001_20260912,1,stack_participant_C0.001,20260912,bajo,b16_ctx8,alto,0.004615550656534786
fold1_stack_participant_C0.001_20260912,1,stack_participant_C0.001,20260912,bajo,b17_ctx1,bajo,0.004994578987462511
fold1_stack_participant_C0.001_20260912,1,stack_participant_C0.001,20260912,bajo,b17_ctx1,medio,0.01521529915429722
fold1_stack_participant_C0.001_20260912,1,stack_participant_C0.001,20260912,bajo,b17_ctx1,alto,-0.02162585828026752
fold1_stack_participant_C0.001_20260912,1,stack_participant_C0.001,20260912,bajo,b17_ctx8,bajo,0.009783515564196047
fold1_stack_participant_C0.001_20260912,1,stack_participant_C0.001,20260912,bajo,b17_ctx8,medio,-0.011281398844775725
fold1_stack_participant_C0.001_20260912,1,stack_participant_C0.001,20260912,bajo,b17_ctx8,alto,-0.00048500602255276305
fold1_stack_participant_C0.001_20260912,1,stack_participant_C0.001,20260912,bajo,b18_ctx1,bajo,0.008343296287052998
fold1_stack_participant_C0.001_20260912,1,stack_participant_C0.001,20260912,bajo,b18_ctx1,medio,0.014925641574973779
fold1_stack_participant_C0.001_20260912,1,stack_participant_C0.001,20260912,bajo,b18_ctx1,alto,-0.025533933951778325
fold1_stack_participant_C0.001_20260912,1,stack_participant_C0.001,20260912,bajo,b18_ctx8,bajo,0.01283179771104877
fold1_stack_participant_C0.001_20260912,1,stack_participant_C0.001,20260912,bajo,b18_ctx8,medio,-0.012024625415457745
fold1_stack_participant_C0.001_20260912,1,stack_participant_C0.001,20260912,bajo,b18_ctx8,alto,-0.0032979552385625265
fold1_stack_participant_C0.001_20260912,1,stack_participant_C0.001,20260912,bajo,b19_ctx1,bajo,-0.0022220979414768957
fold1_stack_participant_C0.001_20260912,1,stack_participant_C0.001,20260912,bajo,b19_ctx1,medio,0.002209129123196682
fold1_stack_participant_C0.001_20260912,1,stack_participant_C0.001,20260912,bajo,b19_ctx1,alto,0.0006842394365293068
fold1_stack_participant_C0.001_20260912,1,stack_participant_C0.001,20260912,bajo,b19_ctx8,bajo,0.0276828260346195
fold1_stack_participant_C0.001_20260912,1,stack_participant_C0.001,20260912,bajo,b19_ctx8,medio,-0.036331432293641434
fold1_stack_participant_C0.001_20260912,1,stack_participant_C0.001,20260912,bajo,b19_ctx8,alto,0.003043728882610431
fold1_stack_participant_C0.001_20260912,1,stack_participant_C0.001,20260912,bajo,b20_ctx1,bajo,-0.0019528898760555135
fold1_stack_participant_C0.001_20260912,1,stack_participant_C0.001,20260912,bajo,b20_ctx1,medio,-0.011417339986645968
fold1_stack_participant_C0.001_20260912,1,stack_participant_C0.001,20260912,bajo,b20_ctx1,alto,0.018927990590239162
fold1_stack_participant_C0.001_20260912,1,stack_participant_C0.001,20260912,bajo,b20_ctx8,bajo,0.019093434837452093
fold1_stack_participant_C0.001_20260912,1,stack_participant_C0.001,20260912,bajo,b20_ctx8,medio,-0.019935721557992576
fold1_stack_participant_C0.001_20260912,1,stack_participant_C0.001,20260912,bajo,b20_ctx8,alto,-0.0016331301902224977
fold1_stack_participant_C0.001_20260912,1,stack_participant_C0.001,20260912,bajo,b21_ctx1,bajo,-0.018158416439121215
fold1_stack_participant_C0.001_20260912,1,stack_participant_C0.001,20260912,bajo,b21_ctx1,medio,0.001534425253867657
fold1_stack_participant_C0.001_20260912,1,stack_participant_C0.001,20260912,bajo,b21_ctx1,alto,0.02994604252938945
fold1_stack_participant_C0.001_20260912,1,stack_participant_C0.001,20260912,bajo,b21_ctx8,bajo,-0.028855511608559082
fold1_stack_participant_C0.001_20260912,1,stack_participant_C0.001,20260912,bajo,b21_ctx8,medio,0.025521442155270555
fold1_stack_participant_C0.001_20260912,1,stack_participant_C0.001,20260912,bajo,b21_ctx8,alto,0.0037128223491924993
fold1_stack_participant_C0.001_20260912,1,stack_participant_C0.001,20260912,medio,b15_ctx1,bajo,-0.00654099815248923
fold1_stack_participant_C0.001_20260912,1,stack_participant_C0.001,20260912,medio,b15_ctx1,medio,0.02054928760214247
fold1_stack_participant_C0.001_20260912,1,stack_participant_C0.001,20260912,medio,b15_ctx1,alto,-0.016252762547708497
fold1_stack_participant_C0.001_20260912,1,stack_participant_C0.001,20260912,medio,b15_ctx8,bajo,-0.02402983127044225
fold1_stack_participant_C0.001_20260912,1,stack_participant_C0.001,20260912,medio,b15_ctx8,medio,0.017871945486890056
fold1_stack_participant_C0.001_20260912,1,stack_participant_C0.001,20260912,medio,b15_ctx8,alto,0.010009267051673112
fold1_stack_participant_C0.001_20260912,1,stack_participant_C0.001,20260912,medio,b16_ctx1,bajo,0.002306892081115517
fold1_stack_participant_C0.001_20260912,1,stack_participant_C0.001,20260912,medio,b16_ctx1,medio,0.003143704176249724
fold1_stack_participant_C0.001_20260912,1,stack_participant_C0.001,20260912,medio,b16_ctx1,alto,-0.006562366877320987
fold1_stack_participant_C0.001_20260912,1,stack_participant_C0.001,20260912,medio,b16_ctx8,bajo,-0.019829713284480088
fold1_stack_participant_C0.001_20260912,1,stack_participant_C0.001,20260912,medio,b16_ctx8,medio,0.003919961189800841
fold1_stack_participant_C0.001_20260912,1,stack_participant_C0.001,20260912,medio,b16_ctx8,alto,0.01869633025606331
fold1_stack_participant_C0.001_20260912,1,stack_participant_C0.001,20260912,medio,b17_ctx1,bajo,0.00811627077982423
fold1_stack_participant_C0.001_20260912,1,stack_participant_C0.001,20260912,medio,b17_ctx1,medio,-0.015380298237401674
fold1_stack_participant_C0.001_20260912,1,stack_participant_C0.001,20260912,medio,b17_ctx1,alto,0.004358324496578073
fold1_stack_participant_C0.001_20260912,1,stack_participant_C0.001,20260912,medio,b17_ctx8,bajo,-0.004938949876562498
fold1_stack_participant_C0.001_20260912,1,stack_participant_C0.001,20260912,medio,b17_ctx8,medio,-0.013459969160992442
fold1_stack_participant_C0.001_20260912,1,stack_participant_C0.001,20260912,medio,b17_ctx8,alto,0.017981266989087488
fold1_stack_participant_C0.001_20260912,1,stack_participant_C0.001,20260912,medio,b18_ctx1,bajo,0.008092195584067633
fold1_stack_participant_C0.001_20260912,1,stack_participant_C0.001,20260912,medio,b18_ctx1,medio,-0.020277290630374947
fold1_stack_participant_C0.001_20260912,1,stack_participant_C0.001,20260912,medio,b18_ctx1,alto,0.008842412224483308
fold1_stack_participant_C0.001_20260912,1,stack_participant_C0.001,20260912,medio,b18_ctx8,bajo,9.864168269194882e-05
fold1_stack_participant_C0.001_20260912,1,stack_participant_C0.001,20260912,medio,b18_ctx8,medio,-0.014282686221570064
fold1_stack_participant_C0.001_20260912,1,stack_participant_C0.001,20260912,medio,b18_ctx8,alto,0.012974591857408381
fold1_stack_participant_C0.001_20260912,1,stack_participant_C0.001,20260912,medio,b19_ctx1,bajo,-0.0022282463142260117
fold1_stack_participant_C0.001_20260912,1,stack_participant_C0.001,20260912,medio,b19_ctx1,medio,0.01742250028956318
fold1_stack_participant_C0.001_20260912,1,stack_participant_C0.001,20260912,medio,b19_ctx1,alto,-0.016529358999632236
fold1_stack_participant_C0.001_20260912,1,stack_participant_C0.001,20260912,medio,b19_ctx8,bajo,-0.018751849399493987
fold1_stack_participant_C0.001_20260912,1,stack_participant_C0.001,20260912,medio,b19_ctx8,medio,0.011670465105486914
fold1_stack_participant_C0.001_20260912,1,stack_participant_C0.001,20260912,medio,b19_ctx8,alto,0.010446949035947641
fold1_stack_participant_C0.001_20260912,1,stack_participant_C0.001,20260912,medio,b20_ctx1,bajo,-0.006119777938234182
fold1_stack_participant_C0.001_20260912,1,stack_participant_C0.001,20260912,medio,b20_ctx1,medio,0.02058997415586742
fold1_stack_participant_C0.001_20260912,1,stack_participant_C0.001,20260912,medio,b20_ctx1,alto,-0.01848922552243174
fold1_stack_participant_C0.001_20260912,1,stack_participant_C0.001,20260912,medio,b20_ctx8,bajo,-0.01584596356569264
fold1_stack_participant_C0.001_20260912,1,stack_participant_C0.001,20260912,medio,b20_ctx8,medio,0.018168310914086612
fold1_stack_participant_C0.001_20260912,1,stack_participant_C0.001,20260912,medio,b20_ctx8,alto,-0.0003197054293786018
fold1_stack_participant_C0.001_20260912,1,stack_participant_C0.001,20260912,medio,b21_ctx1,bajo,0.017469222675669114
fold1_stack_participant_C0.001_20260912,1,stack_participant_C0.001,20260912,medio,b21_ctx1,medio,-4.1714571752438865e-05
fold1_stack_participant_C0.001_20260912,1,stack_participant_C0.001,20260912,medio,b21_ctx1,alto,-0.031113279156204
fold1_stack_participant_C0.001_20260912,1,stack_participant_C0.001,20260912,medio,b21_ctx8,bajo,0.02203132066128888
fold1_stack_participant_C0.001_20260912,1,stack_participant_C0.001,20260912,medio,b21_ctx8,medio,-0.0005604117260509181
fold1_stack_participant_C0.001_20260912,1,stack_participant_C0.001,20260912,medio,b21_ctx8,alto,-0.026353152796076508
fold1_stack_participant_C0.01_20260912,1,stack_participant_C0.01,20260912,alto,b15_ctx1,bajo,0.04023217950789747
fold1_stack_participant_C0.01_20260912,1,stack_participant_C0.01,20260912,alto,b15_ctx1,medio,-0.05200964991530392
fold1_stack_participant_C0.01_20260912,1,stack_participant_C0.01,20260912,alto,b15_ctx1,alto,0.004924723454661805
fold1_stack_participant_C0.01_20260912,1,stack_participant_C0.01,20260912,alto,b15_ctx8,bajo,0.04273603823216747
fold1_stack_participant_C0.01_20260912,1,stack_participant_C0.01,20260912,alto,b15_ctx8,medio,-0.05579578012693719
fold1_stack_participant_C0.01_20260912,1,stack_participant_C0.01,20260912,alto,b15_ctx8,alto,0.005969940128352483
fold1_stack_participant_C0.01_20260912,1,stack_participant_C0.01,20260912,alto,b16_ctx1,bajo,0.037832652169950826
fold1_stack_participant_C0.01_20260912,1,stack_participant_C0.01,20260912,alto,b16_ctx1,medio,-0.07404949809529449
fold1_stack_participant_C0.01_20260912,1,stack_participant_C0.01,20260912,alto,b16_ctx1,alto,0.027552283863605073
fold1_stack_participant_C0.01_20260912,1,stack_participant_C0.01,20260912,alto,b16_ctx8,bajo,0.08134347914291601
fold1_stack_participant_C0.01_20260912,1,stack_participant_C0.01,20260912,alto,b16_ctx8,medio,-0.01091129298463583
fold1_stack_participant_C0.01_20260912,1,stack_participant_C0.01,20260912,alto,b16_ctx8,alto,-0.0815671431266804
fold1_stack_participant_C0.01_20260912,1,stack_participant_C0.01,20260912,alto,b17_ctx1,bajo,-0.03809707590849644
fold1_stack_participant_C0.01_20260912,1,stack_participant_C0.01,20260912,alto,b17_ctx1,medio,0.035556181820985765
fold1_stack_participant_C0.01_20260912,1,stack_participant_C0.01,20260912,alto,b17_ctx1,alto,0.01562758853150486
fold1_stack_participant_C0.01_20260912,1,stack_participant_C0.01,20260912,alto,b17_ctx8,bajo,0.01126287295113814
fold1_stack_participant_C0.01_20260912,1,stack_participant_C0.01,20260912,alto,b17_ctx8,medio,0.01847156710839181
fold1_stack_participant_C0.01_20260912,1,stack_participant_C0.01,20260912,alto,b17_ctx8,alto,-0.029687261698775096
fold1_stack_participant_C0.01_20260912,1,stack_participant_C0.01,20260912,alto,b18_ctx1,bajo,-0.04795195896129737
fold1_stack_participant_C0.01_20260912,1,stack_participant_C0.01,20260912,alto,b18_ctx1,medio,0.06523269945562296
fold1_stack_participant_C0.01_20260912,1,stack_participant_C0.01,20260912,alto,b18_ctx1,alto,0.0007161103201516764
fold1_stack_participant_C0.01_20260912,1,stack_participant_C0.01,20260912,alto,b18_ctx8,bajo,-0.0484130036355985
fold1_stack_participant_C0.01_20260912,1,stack_participant_C0.01,20260912,alto,b18_ctx8,medio,0.026619000452745522
fold1_stack_participant_C0.01_20260912,1,stack_participant_C0.01,20260912,alto,b18_ctx8,alto,0.029618790596912012
fold1_stack_participant_C0.01_20260912,1,stack_participant_C0.01,20260912,alto,b19_ctx1,bajo,0.01859904400918191
fold1_stack_participant_C0.01_20260912,1,stack_participant_C0.01,20260912,alto,b19_ctx1,medio,-0.07512123592075606
fold1_stack_participant_C0.01_20260912,1,stack_participant_C0.01,20260912,alto,b19_ctx1,alto,0.058382147137642476
fold1_stack_participant_C0.01_20260912,1,stack_participant_C0.01,20260912,alto,b19_ctx8,bajo,-0.06853980659523885
fold1_stack_participant_C0.01_20260912,1,stack_participant_C0.01,20260912,alto,b19_ctx8,medio,0.10413101932789448
fold1_stack_participant_C0.01_20260912,1,stack_participant_C0.01,20260912,alto,b19_ctx8,alto,-0.021241783865011615
fold1_stack_participant_C0.01_20260912,1,stack_participant_C0.01,20260912,alto,b20_ctx1,bajo,0.0055847739994118895
fold1_stack_participant_C0.01_20260912,1,stack_participant_C0.01,20260912,alto,b20_ctx1,medio,0.020986253925048996
fold1_stack_participant_C0.01_20260912,1,stack_participant_C0.01,20260912,alto,b20_ctx1,alto,-0.038029149698075825
fold1_stack_participant_C0.01_20260912,1,stack_participant_C0.01,20260912,alto,b20_ctx8,bajo,-0.055724775226905846
fold1_stack_participant_C0.01_20260912,1,stack_participant_C0.01,20260912,alto,b20_ctx8,medio,0.061679307524362105
fold1_stack_participant_C0.01_20260912,1,stack_participant_C0.01,20260912,alto,b20_ctx8,alto,0.0011585927545433937
fold1_stack_participant_C0.01_20260912,1,stack_participant_C0.01,20260912,alto,b21_ctx1,bajo,-0.023994860251709278
fold1_stack_participant_C0.01_20260912,1,stack_participant_C0.01,20260912,alto,b21_ctx1,medio,0.0276325246375574
fold1_stack_participant_C0.01_20260912,1,stack_participant_C0.01,20260912,alto,b21_ctx1,alto,-0.0015513340564105632
fold1_stack_participant_C0.01_20260912,1,stack_participant_C0.01,20260912,alto,b21_ctx8,bajo,0.03044160741120751
fold1_stack_participant_C0.01_20260912,1,stack_participant_C0.01,20260912,alto,b21_ctx8,medio,-0.0728022241283505
fold1_stack_participant_C0.01_20260912,1,stack_participant_C0.01,20260912,alto,b21_ctx8,alto,0.05309534786390473
fold1_stack_participant_C0.01_20260912,1,stack_participant_C0.01,20260912,bajo,b15_ctx1,bajo,-0.006468148098087434
fold1_stack_participant_C0.01_20260912,1,stack_participant_C0.01,20260912,bajo,b15_ctx1,medio,-0.007745940568936154
fold1_stack_participant_C0.01_20260912,1,stack_participant_C0.01,20260912,bajo,b15_ctx1,alto,0.01978919449179426
fold1_stack_participant_C0.01_20260912,1,stack_participant_C0.01,20260912,bajo,b15_ctx8,bajo,0.01750209386578295
fold1_stack_participant_C0.01_20260912,1,stack_participant_C0.01,20260912,bajo,b15_ctx8,medio,0.008448261612697862
fold1_stack_participant_C0.01_20260912,1,stack_participant_C0.01,20260912,bajo,b15_ctx8,alto,-0.028540698679180743
fold1_stack_participant_C0.01_20260912,1,stack_participant_C0.01,20260912,bajo,b16_ctx1,bajo,-0.05268851201043452
fold1_stack_participant_C0.01_20260912,1,stack_participant_C0.01,20260912,bajo,b16_ctx1,medio,0.06675551784187815
fold1_stack_participant_C0.01_20260912,1,stack_participant_C0.01,20260912,bajo,b16_ctx1,alto,0.0007705532668554292
fold1_stack_participant_C0.01_20260912,1,stack_participant_C0.01,20260912,bajo,b16_ctx8,bajo,-0.03175985844066745
fold1_stack_participant_C0.01_20260912,1,stack_participant_C0.01,20260912,bajo,b16_ctx8,medio,-0.00903383315633697
fold1_stack_participant_C0.01_20260912,1,stack_participant_C0.01,20260912,bajo,b16_ctx8,alto,0.044380272437651955
fold1_stack_participant_C0.01_20260912,1,stack_participant_C0.01,20260912,bajo,b17_ctx1,bajo,0.008487436039913135
fold1_stack_participant_C0.01_20260912,1,stack_participant_C0.01,20260912,bajo,b17_ctx1,medio,0.02972862247162955
fold1_stack_participant_C0.01_20260912,1,stack_participant_C0.01,20260912,bajo,b17_ctx1,alto,-0.040563880902652394
fold1_stack_participant_C0.01_20260912,1,stack_participant_C0.01,20260912,bajo,b17_ctx8,bajo,-0.026390067990743678
fold1_stack_participant_C0.01_20260912,1,stack_participant_C0.01,20260912,bajo,b17_ctx8,medio,0.032644825877304905
fold1_stack_participant_C0.01_20260912,1,stack_participant_C0.01,20260912,bajo,b17_ctx8,alto,-0.0007421095784172747
fold1_stack_participant_C0.01_20260912,1,stack_participant_C0.01,20260912,bajo,b18_ctx1,bajo,0.0365775591613199
fold1_stack_participant_C0.01_20260912,1,stack_participant_C0.01,20260912,bajo,b18_ctx1,medio,0.007184755061252038
fold1_stack_participant_C0.01_20260912,1,stack_participant_C0.01,20260912,bajo,b18_ctx1,alto,-0.0556127562579402
fold1_stack_participant_C0.01_20260912,1,stack_participant_C0.01,20260912,bajo,b18_ctx8,bajo,0.02906210842966283
fold1_stack_participant_C0.01_20260912,1,stack_participant_C0.01,20260912,bajo,b18_ctx8,medio,-0.006613159636042115
fold1_stack_participant_C0.01_20260912,1,stack_participant_C0.01,20260912,bajo,b18_ctx8,alto,-0.026360486522977178
fold1_stack_participant_C0.01_20260912,1,stack_participant_C0.01,20260912,bajo,b19_ctx1,bajo,-0.01737539305275855
fold1_stack_participant_C0.01_20260912,1,stack_participant_C0.01,20260912,bajo,b19_ctx1,medio,0.007053645278628006
fold1_stack_participant_C0.01_20260912,1,stack_participant_C0.01,20260912,bajo,b19_ctx1,alto,0.016920330025534325
fold1_stack_participant_C0.01_20260912,1,stack_participant_C0.01,20260912,bajo,b19_ctx8,bajo,0.07930989364315728
fold1_stack_participant_C0.01_20260912,1,stack_participant_C0.01,20260912,bajo,b19_ctx8,medio,-0.12400682058498312
fold1_stack_participant_C0.01_20260912,1,stack_participant_C0.01,20260912,bajo,b19_ctx8,alto,0.027975648675619743
fold1_stack_participant_C0.01_20260912,1,stack_participant_C0.01,20260912,bajo,b20_ctx1,bajo,0.047066751101927394
fold1_stack_participant_C0.01_20260912,1,stack_participant_C0.01,20260912,bajo,b20_ctx1,medio,-0.07656070498329627
fold1_stack_participant_C0.01_20260912,1,stack_participant_C0.01,20260912,bajo,b20_ctx1,alto,0.029299525693344115
fold1_stack_participant_C0.01_20260912,1,stack_participant_C0.01,20260912,bajo,b20_ctx8,bajo,0.09159845643679872
fold1_stack_participant_C0.01_20260912,1,stack_participant_C0.01,20260912,bajo,b20_ctx8,medio,-0.09692515808063355
fold1_stack_participant_C0.01_20260912,1,stack_participant_C0.01,20260912,bajo,b20_ctx8,alto,-0.006507820090306393
fold1_stack_participant_C0.01_20260912,1,stack_participant_C0.01,20260912,bajo,b21_ctx1,bajo,-0.018899003175815998
fold1_stack_participant_C0.01_20260912,1,stack_participant_C0.01,20260912,bajo,b21_ctx1,medio,-0.0015256387981558716
fold1_stack_participant_C0.01_20260912,1,stack_participant_C0.01,20260912,bajo,b21_ctx1,alto,0.03618248667357119
fold1_stack_participant_C0.01_20260912,1,stack_participant_C0.01,20260912,bajo,b21_ctx8,bajo,-0.10750224336180943
fold1_stack_participant_C0.01_20260912,1,stack_participant_C0.01,20260912,bajo,b21_ctx8,medio,0.10994873351875832
fold1_stack_participant_C0.01_20260912,1,stack_participant_C0.01,20260912,bajo,b21_ctx8,alto,-0.004643730667174275
fold1_stack_participant_C0.01_20260912,1,stack_participant_C0.01,20260912,medio,b15_ctx1,bajo,-0.033764031409810116
fold1_stack_participant_C0.01_20260912,1,stack_participant_C0.01,20260912,medio,b15_ctx1,medio,0.05975559048423998
fold1_stack_participant_C0.01_20260912,1,stack_participant_C0.01,20260912,medio,b15_ctx1,alto,-0.024713917946456318
fold1_stack_participant_C0.01_20260912,1,stack_participant_C0.01,20260912,medio,b15_ctx8,bajo,-0.06023813209795051
fold1_stack_participant_C0.01_20260912,1,stack_participant_C0.01,20260912,medio,b15_ctx8,medio,0.047347518514239496
fold1_stack_participant_C0.01_20260912,1,stack_participant_C0.01,20260912,medio,b15_ctx8,alto,0.022570758550828098
fold1_stack_participant_C0.01_20260912,1,stack_participant_C0.01,20260912,medio,b16_ctx1,bajo,0.014855859840483371
fold1_stack_participant_C0.01_20260912,1,stack_participant_C0.01,20260912,medio,b16_ctx1,medio,0.007293980253416836
fold1_stack_participant_C0.01_20260912,1,stack_participant_C0.01,20260912,medio,b16_ctx1,alto,-0.028322837130460722
fold1_stack_participant_C0.01_20260912,1,stack_participant_C0.01,20260912,medio,b16_ctx8,bajo,-0.0495836207022482
fold1_stack_participant_C0.01_20260912,1,stack_participant_C0.01,20260912,medio,b16_ctx8,medio,0.019945126140972318
fold1_stack_participant_C0.01_20260912,1,stack_participant_C0.01,20260912,medio,b16_ctx8,alto,0.037186870689028415
fold1_stack_participant_C0.01_20260912,1,stack_participant_C0.01,20260912,medio,b17_ctx1,bajo,0.029609639868583556
fold1_stack_participant_C0.01_20260912,1,stack_participant_C0.01,20260912,medio,b17_ctx1,medio,-0.0652848042926159
fold1_stack_participant_C0.01_20260912,1,stack_participant_C0.01,20260912,medio,b17_ctx1,alto,0.02493629237114794
fold1_stack_participant_C0.01_20260912,1,stack_participant_C0.01,20260912,medio,b17_ctx8,bajo,0.015127195039605832
fold1_stack_participant_C0.01_20260912,1,stack_participant_C0.01,20260912,medio,b17_ctx8,medio,-0.051116392985696424
fold1_stack_participant_C0.01_20260912,1,stack_participant_C0.01,20260912,medio,b17_ctx8,alto,0.03042937127719243
fold1_stack_participant_C0.01_20260912,1,stack_participant_C0.01,20260912,medio,b18_ctx1,bajo,0.011374399799977775
fold1_stack_participant_C0.01_20260912,1,stack_participant_C0.01,20260912,medio,b18_ctx1,medio,-0.07241745451687481
fold1_stack_participant_C0.01_20260912,1,stack_participant_C0.01,20260912,medio,b18_ctx1,alto,0.05489664593778851
fold1_stack_participant_C0.01_20260912,1,stack_participant_C0.01,20260912,medio,b18_ctx8,bajo,0.01935089520593606
fold1_stack_participant_C0.01_20260912,1,stack_participant_C0.01,20260912,medio,b18_ctx8,medio,-0.020005840816703275
fold1_stack_participant_C0.01_20260912,1,stack_participant_C0.01,20260912,medio,b18_ctx8,alto,-0.003258304073934371
fold1_stack_participant_C0.01_20260912,1,stack_participant_C0.01,20260912,medio,b19_ctx1,bajo,-0.0012236509564232145
fold1_stack_participant_C0.01_20260912,1,stack_participant_C0.01,20260912,medio,b19_ctx1,medio,0.0680675906421285
fold1_stack_participant_C0.01_20260912,1,stack_participant_C0.01,20260912,medio,b19_ctx1,alto,-0.07530247716317733
fold1_stack_participant_C0.01_20260912,1,stack_participant_C0.01,20260912,medio,b19_ctx8,bajo,-0.010770087047918169
fold1_stack_participant_C0.01_20260912,1,stack_participant_C0.01,20260912,medio,b19_ctx8,medio,0.019875801257088863
fold1_stack_participant_C0.01_20260912,1,stack_participant_C0.01,20260912,medio,b19_ctx8,alto,-0.00673386481060789
fold1_stack_participant_C0.01_20260912,1,stack_participant_C0.01,20260912,medio,b20_ctx1,bajo,-0.05265152510133908
fold1_stack_participant_C0.01_20260912,1,stack_participant_C0.01,20260912,medio,b20_ctx1,medio,0.055574451058247154
fold1_stack_participant_C0.01_20260912,1,stack_participant_C0.01,20260912,medio,b20_ctx1,alto,0.008729624004731316
fold1_stack_participant_C0.01_20260912,1,stack_participant_C0.01,20260912,medio,b20_ctx8,bajo,-0.035873681209893225
fold1_stack_participant_C0.01_20260912,1,stack_participant_C0.01,20260912,medio,b20_ctx8,medio,0.03524585055627186
fold1_stack_participant_C0.01_20260912,1,stack_participant_C0.01,20260912,medio,b20_ctx8,alto,0.005349227335762425
fold1_stack_participant_C0.01_20260912,1,stack_participant_C0.01,20260912,medio,b21_ctx1,bajo,0.042893863427525075
fold1_stack_participant_C0.01_20260912,1,stack_participant_C0.01,20260912,medio,b21_ctx1,medio,-0.0261068858394017
fold1_stack_participant_C0.01_20260912,1,stack_participant_C0.01,20260912,medio,b21_ctx1,alto,-0.03463115261716081
fold1_stack_participant_C0.01_20260912,1,stack_participant_C0.01,20260912,medio,b21_ctx8,bajo,0.07706063595060134
fold1_stack_participant_C0.01_20260912,1,stack_participant_C0.01,20260912,medio,b21_ctx8,medio,-0.03714650939040827
fold1_stack_participant_C0.01_20260912,1,stack_participant_C0.01,20260912,medio,b21_ctx8,alto,-0.04845161719673096
fold1_stack_participant_C0.1_20260912,1,stack_participant_C0.1,20260912,alto,b15_ctx1,bajo,0.07765239989430618
fold1_stack_participant_C0.1_20260912,1,stack_participant_C0.1,20260912,alto,b15_ctx1,medio,-0.13901025925677718
fold1_stack_participant_C0.1_20260912,1,stack_participant_C0.1,20260912,alto,b15_ctx1,alto,0.058858550697525096
fold1_stack_participant_C0.1_20260912,1,stack_participant_C0.1,20260912,alto,b15_ctx8,bajo,0.21935344362659373
fold1_stack_participant_C0.1_20260912,1,stack_participant_C0.1,20260912,alto,b15_ctx8,medio,-0.42701387589704515
fold1_stack_participant_C0.1_20260912,1,stack_participant_C0.1,20260912,alto,b15_ctx8,alto,0.1698629672603954
fold1_stack_participant_C0.1_20260912,1,stack_participant_C0.1,20260912,alto,b16_ctx1,bajo,0.13747464357794661
fold1_stack_participant_C0.1_20260912,1,stack_participant_C0.1,20260912,alto,b16_ctx1,medio,-0.20634829714587857
fold1_stack_participant_C0.1_20260912,1,stack_participant_C0.1,20260912,alto,b16_ctx1,alto,0.03261018384680711
fold1_stack_participant_C0.1_20260912,1,stack_participant_C0.1,20260912,alto,b16_ctx8,bajo,0.3484175166202996
fold1_stack_participant_C0.1_20260912,1,stack_participant_C0.1,20260912,alto,b16_ctx8,medio,-0.15406399278230204
fold1_stack_participant_C0.1_20260912,1,stack_participant_C0.1,20260912,alto,b16_ctx8,alto,-0.2481913128937608
fold1_stack_participant_C0.1_20260912,1,stack_participant_C0.1,20260912,alto,b17_ctx1,bajo,-0.10010291619814676
fold1_stack_participant_C0.1_20260912,1,stack_participant_C0.1,20260912,alto,b17_ctx1,medio,0.14731111472282638
fold1_stack_participant_C0.1_20260912,1,stack_participant_C0.1,20260912,alto,b17_ctx1,alto,-0.012009453864743136
fold1_stack_participant_C0.1_20260912,1,stack_participant_C0.1,20260912,alto,b17_ctx8,bajo,0.09119348166727269
fold1_stack_participant_C0.1_20260912,1,stack_participant_C0.1,20260912,alto,b17_ctx8,medio,0.0024974843139638062
fold1_stack_participant_C0.1_20260912,1,stack_participant_C0.1,20260912,alto,b17_ctx8,alto,-0.10420076959467528
fold1_stack_participant_C0.1_20260912,1,stack_participant_C0.1,20260912,alto,b18_ctx1,bajo,-0.08562525163980476
fold1_stack_participant_C0.1_20260912,1,stack_participant_C0.1,20260912,alto,b18_ctx1,medio,0.17630305614072656
fold1_stack_participant_C0.1_20260912,1,stack_participant_C0.1,20260912,alto,b18_ctx1,alto,-0.05656946609450518
fold1_stack_participant_C0.1_20260912,1,stack_participant_C0.1,20260912,alto,b18_ctx8,bajo,-0.18057446297630012
fold1_stack_participant_C0.1_20260912,1,stack_participant_C0.1,20260912,alto,b18_ctx8,medio,0.04255187039642735
fold1_stack_participant_C0.1_20260912,1,stack_participant_C0.1,20260912,alto,b18_ctx8,alto,0.16244914351324097
fold1_stack_participant_C0.1_20260912,1,stack_participant_C0.1,20260912,alto,b19_ctx1,bajo,0.03168481541746858
fold1_stack_participant_C0.1_20260912,1,stack_participant_C0.1,20260912,alto,b19_ctx1,medio,-0.2461564745513622
fold1_stack_participant_C0.1_20260912,1,stack_participant_C0.1,20260912,alto,b19_ctx1,alto,0.2332470528642504
fold1_stack_participant_C0.1_20260912,1,stack_participant_C0.1,20260912,alto,b19_ctx8,bajo,-0.33144324198099234
fold1_stack_participant_C0.1_20260912,1,stack_participant_C0.1,20260912,alto,b19_ctx8,medio,0.36625338576232586
fold1_stack_participant_C0.1_20260912,1,stack_participant_C0.1,20260912,alto,b19_ctx8,alto,0.030006428295167368
fold1_stack_participant_C0.1_20260912,1,stack_participant_C0.1,20260912,alto,b20_ctx1,bajo,-0.03348894185999428
fold1_stack_participant_C0.1_20260912,1,stack_participant_C0.1,20260912,alto,b20_ctx1,medio,0.22842945983455662
fold1_stack_participant_C0.1_20260912,1,stack_participant_C0.1,20260912,alto,b20_ctx1,alto,-0.2609524744586208
fold1_stack_participant_C0.1_20260912,1,stack_participant_C0.1,20260912,alto,b20_ctx8,bajo,-0.25348381708216516
fold1_stack_participant_C0.1_20260912,1,stack_participant_C0.1,20260912,alto,b20_ctx8,medio,0.4341613340590164
fold1_stack_participant_C0.1_20260912,1,stack_participant_C0.1,20260912,alto,b20_ctx8,alto,-0.1532171507580047
fold1_stack_participant_C0.1_20260912,1,stack_participant_C0.1,20260912,alto,b21_ctx1,bajo,-0.048094236426985994
fold1_stack_participant_C0.1_20260912,1,stack_participant_C0.1,20260912,alto,b21_ctx1,medio,0.008932992755124963
fold1_stack_participant_C0.1_20260912,1,stack_participant_C0.1,20260912,alto,b21_ctx1,alto,0.07149514452772199
fold1_stack_participant_C0.1_20260912,1,stack_participant_C0.1,20260912,alto,b21_ctx8,bajo,0.121217109693462
fold1_stack_participant_C0.1_20260912,1,stack_participant_C0.1,20260912,alto,b21_ctx8,medio,-0.20029816035801085
fold1_stack_participant_C0.1_20260912,1,stack_participant_C0.1,20260912,alto,b21_ctx8,alto,0.1000816084241909
fold1_stack_participant_C0.1_20260912,1,stack_participant_C0.1,20260912,bajo,b15_ctx1,bajo,-0.11669841199671249
fold1_stack_participant_C0.1_20260912,1,stack_participant_C0.1,20260912,bajo,b15_ctx1,medio,0.10167256953922077
fold1_stack_participant_C0.1_20260912,1,stack_participant_C0.1,20260912,bajo,b15_ctx1,alto,0.04856351741861766
fold1_stack_participant_C0.1_20260912,1,stack_participant_C0.1,20260912,bajo,b15_ctx8,bajo,-0.1558005087605975
fold1_stack_participant_C0.1_20260912,1,stack_participant_C0.1,20260912,bajo,b15_ctx8,medio,0.35325421420497793
fold1_stack_participant_C0.1_20260912,1,stack_participant_C0.1,20260912,bajo,b15_ctx8,alto,-0.17010730320301884
fold1_stack_participant_C0.1_20260912,1,stack_participant_C0.1,20260912,bajo,b16_ctx1,bajo,-0.16721642011217033
fold1_stack_participant_C0.1_20260912,1,stack_participant_C0.1,20260912,bajo,b16_ctx1,medio,0.220646292389594
fold1_stack_participant_C0.1_20260912,1,stack_participant_C0.1,20260912,bajo,b16_ctx1,alto,-0.0070094947192789305
fold1_stack_participant_C0.1_20260912,1,stack_participant_C0.1,20260912,bajo,b16_ctx8,bajo,-0.1571553984042834
fold1_stack_participant_C0.1_20260912,1,stack_participant_C0.1,20260912,bajo,b16_ctx8,medio,0.03181606236078855
fold1_stack_participant_C0.1_20260912,1,stack_participant_C0.1,20260912,bajo,b16_ctx8,alto,0.14746655580270832
fold1_stack_participant_C0.1_20260912,1,stack_participant_C0.1,20260912,bajo,b17_ctx1,bajo,0.03018303818770561
fold1_stack_participant_C0.1_20260912,1,stack_participant_C0.1,20260912,bajo,b17_ctx1,medio,0.019899579095909555
fold1_stack_participant_C0.1_20260912,1,stack_participant_C0.1,20260912,bajo,b17_ctx1,alto,-0.05972597062390773
fold1_stack_participant_C0.1_20260912,1,stack_participant_C0.1,20260912,bajo,b17_ctx8,bajo,-0.15606120401555204
fold1_stack_participant_C0.1_20260912,1,stack_participant_C0.1,20260912,bajo,b17_ctx8,medio,0.20970138763722346
fold1_stack_participant_C0.1_20260912,1,stack_participant_C0.1,20260912,bajo,b17_ctx8,alto,-0.019807133052277118
fold1_stack_participant_C0.1_20260912,1,stack_participant_C0.1,20260912,bajo,b18_ctx1,bajo,0.10048312731578737
fold1_stack_participant_C0.1_20260912,1,stack_participant_C0.1,20260912,bajo,b18_ctx1,medio,-0.09484743207709949
fold1_stack_participant_C0.1_20260912,1,stack_participant_C0.1,20260912,bajo,b18_ctx1,alto,-0.04196828208737595
fold1_stack_participant_C0.1_20260912,1,stack_participant_C0.1,20260912,bajo,b18_ctx8,bajo,0.15325920272001614
fold1_stack_participant_C0.1_20260912,1,stack_participant_C0.1,20260912,bajo,b18_ctx8,medio,-0.11825997008863277
fold1_stack_participant_C0.1_20260912,1,stack_participant_C0.1,20260912,bajo,b18_ctx8,alto,-0.0626212801971594
fold1_stack_participant_C0.1_20260912,1,stack_participant_C0.1,20260912,bajo,b19_ctx1,bajo,0.002091428415884837
fold1_stack_participant_C0.1_20260912,1,stack_participant_C0.1,20260912,bajo,b19_ctx1,medio,0.004406282496462372
fold1_stack_participant_C0.1_20260912,1,stack_participant_C0.1,20260912,bajo,b19_ctx1,alto,-0.00798596747147255
fold1_stack_participant_C0.1_20260912,1,stack_participant_C0.1,20260912,bajo,b19_ctx8,bajo,0.2411646828256718
fold1_stack_participant_C0.1_20260912,1,stack_participant_C0.1,20260912,bajo,b19_ctx8,medio,-0.3422942694730695
fold1_stack_participant_C0.1_20260912,1,stack_participant_C0.1,20260912,bajo,b19_ctx8,alto,0.051442513192644576
fold1_stack_participant_C0.1_20260912,1,stack_participant_C0.1,20260912,bajo,b20_ctx1,bajo,0.18888768425337796
fold1_stack_participant_C0.1_20260912,1,stack_participant_C0.1,20260912,bajo,b20_ctx1,medio,-0.2615087527914965
fold1_stack_participant_C0.1_20260912,1,stack_participant_C0.1,20260912,bajo,b20_ctx1,alto,0.054445723612071895
fold1_stack_participant_C0.1_20260912,1,stack_participant_C0.1,20260912,bajo,b20_ctx8,bajo,0.3186748184963314
fold1_stack_participant_C0.1_20260912,1,stack_participant_C0.1,20260912,bajo,b20_ctx8,medio,-0.4568688157566522
fold1_stack_participant_C0.1_20260912,1,stack_participant_C0.1,20260912,bajo,b20_ctx8,alto,0.10083580841304171
fold1_stack_participant_C0.1_20260912,1,stack_participant_C0.1,20260912,bajo,b21_ctx1,bajo,-0.024511962008342183
fold1_stack_participant_C0.1_20260912,1,stack_participant_C0.1,20260912,bajo,b21_ctx1,medio,0.015768422617504455
fold1_stack_participant_C0.1_20260912,1,stack_participant_C0.1,20260912,bajo,b21_ctx1,alto,0.018425880385724517
fold1_stack_participant_C0.1_20260912,1,stack_participant_C0.1,20260912,bajo,b21_ctx8,bajo,-0.22030748004963924
fold1_stack_participant_C0.1_20260912,1,stack_participant_C0.1,20260912,bajo,b21_ctx8,medio,0.24682390079420266
fold1_stack_participant_C0.1_20260912,1,stack_participant_C0.1,20260912,bajo,b21_ctx8,alto,-0.03623787982640242
fold1_stack_participant_C0.1_20260912,1,stack_participant_C0.1,20260912,medio,b15_ctx1,bajo,0.03904601210240978
fold1_stack_participant_C0.1_20260912,1,stack_participant_C0.1,20260912,medio,b15_ctx1,medio,0.037337689717552205
fold1_stack_participant_C0.1_20260912,1,stack_participant_C0.1,20260912,medio,b15_ctx1,alto,-0.10742206811613995
fold1_stack_participant_C0.1_20260912,1,stack_participant_C0.1,20260912,medio,b15_ctx8,bajo,-0.06355293486599452
fold1_stack_participant_C0.1_20260912,1,stack_participant_C0.1,20260912,medio,b15_ctx8,medio,0.0737596616920675
fold1_stack_participant_C0.1_20260912,1,stack_participant_C0.1,20260912,medio,b15_ctx8,alto,0.00024433594261948175
fold1_stack_participant_C0.1_20260912,1,stack_participant_C0.1,20260912,medio,b16_ctx1,bajo,0.02974177653422623
fold1_stack_participant_C0.1_20260912,1,stack_participant_C0.1,20260912,medio,b16_ctx1,medio,-0.0142979952437149
fold1_stack_participant_C0.1_20260912,1,stack_participant_C0.1,20260912,medio,b16_ctx1,alto,-0.02560068912752554
fold1_stack_participant_C0.1_20260912,1,stack_participant_C0.1,20260912,medio,b16_ctx8,bajo,-0.19126211821602102
fold1_stack_participant_C0.1_20260912,1,stack_participant_C0.1,20260912,medio,b16_ctx8,medio,0.12224793042151257
fold1_stack_participant_C0.1_20260912,1,stack_participant_C0.1,20260912,medio,b16_ctx8,alto,0.10072475709105626
fold1_stack_participant_C0.1_20260912,1,stack_participant_C0.1,20260912,medio,b17_ctx1,bajo,0.06991987801044218
fold1_stack_participant_C0.1_20260912,1,stack_participant_C0.1,20260912,medio,b17_ctx1,medio,-0.16721069381873738
fold1_stack_participant_C0.1_20260912,1,stack_participant_C0.1,20260912,medio,b17_ctx1,alto,0.07173542448865243
fold1_stack_participant_C0.1_20260912,1,stack_participant_C0.1,20260912,medio,b17_ctx8,bajo,0.06486772234828041
fold1_stack_participant_C0.1_20260912,1,stack_participant_C0.1,20260912,medio,b17_ctx8,medio,-0.21219887195118883
fold1_stack_participant_C0.1_20260912,1,stack_participant_C0.1,20260912,medio,b17_ctx8,alto,0.12400790264694733
fold1_stack_participant_C0.1_20260912,1,stack_participant_C0.1,20260912,medio,b18_ctx1,bajo,-0.014857875675979125
fold1_stack_participant_C0.1_20260912,1,stack_participant_C0.1,20260912,medio,b18_ctx1,medio,-0.08145562406363041
fold1_stack_participant_C0.1_20260912,1,stack_participant_C0.1,20260912,medio,b18_ctx1,alto,0.09853774818188006
fold1_stack_participant_C0.1_20260912,1,stack_participant_C0.1,20260912,medio,b18_ctx8,bajo,0.02731526025628137
fold1_stack_participant_C0.1_20260912,1,stack_participant_C0.1,20260912,medio,b18_ctx8,medio,0.0757080996922099
fold1_stack_participant_C0.1_20260912,1,stack_participant_C0.1,20260912,medio,b18_ctx8,alto,-0.09982786331607824
fold1_stack_participant_C0.1_20260912,1,stack_participant_C0.1,20260912,medio,b19_ctx1,bajo,-0.033776243833355625
fold1_stack_participant_C0.1_20260912,1,stack_participant_C0.1,20260912,medio,b19_ctx1,medio,0.24175019205489914
fold1_stack_participant_C0.1_20260912,1,stack_participant_C0.1,20260912,medio,b19_ctx1,alto,-0.2252610853927737
fold1_stack_participant_C0.1_20260912,1,stack_participant_C0.1,20260912,medio,b19_ctx8,bajo,0.0902785591553197
fold1_stack_participant_C0.1_20260912,1,stack_participant_C0.1,20260912,medio,b19_ctx8,medio,-0.0239591162892537
fold1_stack_participant_C0.1_20260912,1,stack_participant_C0.1,20260912,medio,b19_ctx8,alto,-0.08144894148781466
fold1_stack_participant_C0.1_20260912,1,stack_participant_C0.1,20260912,medio,b20_ctx1,bajo,-0.15539874239338045
fold1_stack_participant_C0.1_20260912,1,stack_participant_C0.1,20260912,medio,b20_ctx1,medio,0.033079292956946865
fold1_stack_participant_C0.1_20260912,1,stack_participant_C0.1,20260912,medio,b20_ctx1,alto,0.2065067508465475
fold1_stack_participant_C0.1_20260912,1,stack_participant_C0.1,20260912,medio,b20_ctx8,bajo,-0.06519100141415801
fold1_stack_participant_C0.1_20260912,1,stack_participant_C0.1,20260912,medio,b20_ctx8,medio,0.02270748169763372
fold1_stack_participant_C0.1_20260912,1,stack_participant_C0.1,20260912,medio,b20_ctx8,alto,0.0523813423449637
fold1_stack_participant_C0.1_20260912,1,stack_participant_C0.1,20260912,medio,b21_ctx1,bajo,0.07260619843532738
fold1_stack_participant_C0.1_20260912,1,stack_participant_C0.1,20260912,medio,b21_ctx1,medio,-0.024701415372627395
fold1_stack_participant_C0.1_20260912,1,stack_participant_C0.1,20260912,medio,b21_ctx1,alto,-0.08992102491344778
fold1_stack_participant_C0.1_20260912,1,stack_participant_C0.1,20260912,medio,b21_ctx8,bajo,0.0990903703561775
fold1_stack_participant_C0.1_20260912,1,stack_participant_C0.1,20260912,medio,b21_ctx8,medio,-0.046525740436188116
fold1_stack_participant_C0.1_20260912,1,stack_participant_C0.1,20260912,medio,b21_ctx8,alto,-0.06384372859778745
fold2_stack_global_C0.001_20260911,2,stack_global_C0.001,20260911,alto,b15_ctx1,bajo,0.0003817090430095479
fold2_stack_global_C0.001_20260911,2,stack_global_C0.001,20260911,alto,b15_ctx1,medio,-0.006556823158248873
fold2_stack_global_C0.001_20260911,2,stack_global_C0.001,20260911,alto,b15_ctx1,alto,0.006595002643275742
fold2_stack_global_C0.001_20260911,2,stack_global_C0.001,20260911,alto,b15_ctx8,bajo,-0.030321517116608878
fold2_stack_global_C0.001_20260911,2,stack_global_C0.001,20260911,alto,b15_ctx8,medio,0.02687688140243001
fold2_stack_global_C0.001_20260911,2,stack_global_C0.001,20260911,alto,b15_ctx8,alto,0.015027563257983313
fold2_stack_global_C0.001_20260911,2,stack_global_C0.001,20260911,alto,b16_ctx1,bajo,-0.007469423552748894
fold2_stack_global_C0.001_20260911,2,stack_global_C0.001,20260911,alto,b16_ctx1,medio,-0.0023088548297180303
fold2_stack_global_C0.001_20260911,2,stack_global_C0.001,20260911,alto,b16_ctx1,alto,0.012547096240775567
fold2_stack_global_C0.001_20260911,2,stack_global_C0.001,20260911,alto,b16_ctx8,bajo,-0.019560378652753056
fold2_stack_global_C0.001_20260911,2,stack_global_C0.001,20260911,alto,b16_ctx8,medio,0.01590533063467504
fold2_stack_global_C0.001_20260911,2,stack_global_C0.001,20260911,alto,b16_ctx8,alto,0.011784457675918812
fold2_stack_global_C0.001_20260911,2,stack_global_C0.001,20260911,alto,b17_ctx1,bajo,0.0031917495748589567
fold2_stack_global_C0.001_20260911,2,stack_global_C0.001,20260911,alto,b17_ctx1,medio,-0.010612109424674257
fold2_stack_global_C0.001_20260911,2,stack_global_C0.001,20260911,alto,b17_ctx1,alto,0.007560282056681084
fold2_stack_global_C0.001_20260911,2,stack_global_C0.001,20260911,alto,b17_ctx8,bajo,0.0015963574688539475
fold2_stack_global_C0.001_20260911,2,stack_global_C0.001,20260911,alto,b17_ctx8,medio,0.003791777878111144
fold2_stack_global_C0.001_20260911,2,stack_global_C0.001,20260911,alto,b17_ctx8,alto,-0.0059155518424083495
fold2_stack_global_C0.001_20260911,2,stack_global_C0.001,20260911,alto,b18_ctx1,bajo,0.007500386590876463
fold2_stack_global_C0.001_20260911,2,stack_global_C0.001,20260911,alto,b18_ctx1,medio,-0.017052374648173458
fold2_stack_global_C0.001_20260911,2,stack_global_C0.001,20260911,alto,b18_ctx1,alto,0.010152939734807416
fold2_stack_global_C0.001_20260911,2,stack_global_C0.001,20260911,alto,b18_ctx8,bajo,0.028384147907769205
fold2_stack_global_C0.001_20260911,2,stack_global_C0.001,20260911,alto,b18_ctx8,medio,-0.017612873224534822
fold2_stack_global_C0.001_20260911,2,stack_global_C0.001,20260911,alto,b18_ctx8,alto,-0.021374849824297666
fold2_stack_global_C0.001_20260911,2,stack_global_C0.001,20260911,alto,b19_ctx1,bajo,-0.0018449007664268595
fold2_stack_global_C0.001_20260911,2,stack_global_C0.001,20260911,alto,b19_ctx1,medio,0.0007959806592105981
fold2_stack_global_C0.001_20260911,2,stack_global_C0.001,20260911,alto,b19_ctx1,alto,0.0017348836972404145
fold2_stack_global_C0.001_20260911,2,stack_global_C0.001,20260911,alto,b19_ctx8,bajo,-0.027041578415767254
fold2_stack_global_C0.001_20260911,2,stack_global_C0.001,20260911,alto,b19_ctx8,medio,0.02527580067438426
fold2_stack_global_C0.001_20260911,2,stack_global_C0.001,20260911,alto,b19_ctx8,alto,0.01331232578511318
fold2_stack_global_C0.001_20260911,2,stack_global_C0.001,20260911,alto,b20_ctx1,bajo,0.019861942374482758
fold2_stack_global_C0.001_20260911,2,stack_global_C0.001,20260911,alto,b20_ctx1,medio,-0.014269695587708974
fold2_stack_global_C0.001_20260911,2,stack_global_C0.001,20260911,alto,b20_ctx1,alto,-0.009727781602691464
fold2_stack_global_C0.001_20260911,2,stack_global_C0.001,20260911,alto,b20_ctx8,bajo,-0.026083580726541922
fold2_stack_global_C0.001_20260911,2,stack_global_C0.001,20260911,alto,b20_ctx8,medio,0.02506286210482909
fold2_stack_global_C0.001_20260911,2,stack_global_C0.001,20260911,alto,b20_ctx8,alto,0.009076568939838133
fold2_stack_global_C0.001_20260911,2,stack_global_C0.001,20260911,alto,b21_ctx1,bajo,0.0522763417675731
fold2_stack_global_C0.001_20260911,2,stack_global_C0.001,20260911,alto,b21_ctx1,medio,-0.011753488489069316
fold2_stack_global_C0.001_20260911,2,stack_global_C0.001,20260911,alto,b21_ctx1,alto,-0.04992927744073962
fold2_stack_global_C0.001_20260911,2,stack_global_C0.001,20260911,alto,b21_ctx8,bajo,0.02340330791077407
fold2_stack_global_C0.001_20260911,2,stack_global_C0.001,20260911,alto,b21_ctx8,medio,0.01439630541711042
fold2_stack_global_C0.001_20260911,2,stack_global_C0.001,20260911,alto,b21_ctx8,alto,-0.04076592403974864
fold2_stack_global_C0.001_20260911,2,stack_global_C0.001,20260911,bajo,b15_ctx1,bajo,-0.01855108933812496
fold2_stack_global_C0.001_20260911,2,stack_global_C0.001,20260911,bajo,b15_ctx1,medio,0.010295541354406815
fold2_stack_global_C0.001_20260911,2,stack_global_C0.001,20260911,bajo,b15_ctx1,alto,0.012986380169629995
fold2_stack_global_C0.001_20260911,2,stack_global_C0.001,20260911,bajo,b15_ctx8,bajo,0.03199560664385163
fold2_stack_global_C0.001_20260911,2,stack_global_C0.001,20260911,bajo,b15_ctx8,medio,-0.024422996550112968
fold2_stack_global_C0.001_20260911,2,stack_global_C0.001,20260911,bajo,b15_ctx8,alto,-0.019568809547345203
fold2_stack_global_C0.001_20260911,2,stack_global_C0.001,20260911,bajo,b16_ctx1,bajo,0.007077247928918541
fold2_stack_global_C0.001_20260911,2,stack_global_C0.001,20260911,bajo,b16_ctx1,medio,-0.006051595792015489
fold2_stack_global_C0.001_20260911,2,stack_global_C0.001,20260911,bajo,b16_ctx1,alto,-0.0030044752546294715
fold2_stack_global_C0.001_20260911,2,stack_global_C0.001,20260911,bajo,b16_ctx8,bajo,0.023522492885877797
fold2_stack_global_C0.001_20260911,2,stack_global_C0.001,20260911,bajo,b16_ctx8,medio,-0.020947736059633314
fold2_stack_global_C0.001_20260911,2,stack_global_C0.001,20260911,bajo,b16_ctx8,alto,-0.012411762362841574
fold2_stack_global_C0.001_20260911,2,stack_global_C0.001,20260911,bajo,b17_ctx1,bajo,-0.002647923867516372
fold2_stack_global_C0.001_20260911,2,stack_global_C0.001,20260911,bajo,b17_ctx1,medio,-0.0039786090451113905
fold2_stack_global_C0.001_20260911,2,stack_global_C0.001,20260911,bajo,b17_ctx1,alto,0.00798991644677234
fold2_stack_global_C0.001_20260911,2,stack_global_C0.001,20260911,bajo,b17_ctx8,bajo,-0.0018171662747029753
fold2_stack_global_C0.001_20260911,2,stack_global_C0.001,20260911,bajo,b17_ctx8,medio,-0.0012253526029217796
fold2_stack_global_C0.001_20260911,2,stack_global_C0.001,20260911,bajo,b17_ctx8,alto,0.0037027595415164887
fold2_stack_global_C0.001_20260911,2,stack_global_C0.001,20260911,bajo,b18_ctx1,bajo,-0.010081775990315513
fold2_stack_global_C0.001_20260911,2,stack_global_C0.001,20260911,bajo,b18_ctx1,medio,-0.0021376149259729675
fold2_stack_global_C0.001_20260911,2,stack_global_C0.001,20260911,bajo,b18_ctx1,alto,0.016188201965841177
fold2_stack_global_C0.001_20260911,2,stack_global_C0.001,20260911,bajo,b18_ctx8,bajo,-0.03402261972852135
fold2_stack_global_C0.001_20260911,2,stack_global_C0.001,20260911,bajo,b18_ctx8,medio,0.020334538531937625
fold2_stack_global_C0.001_20260911,2,stack_global_C0.001,20260911,bajo,b18_ctx8,alto,0.02636819798017035
fold2_stack_global_C0.001_20260911,2,stack_global_C0.001,20260911,bajo,b19_ctx1,bajo,0.004949496583900577
fold2_stack_global_C0.001_20260911,2,stack_global_C0.001,20260911,bajo,b19_ctx1,medio,0.0031802503405763917
fold2_stack_global_C0.001_20260911,2,stack_global_C0.001,20260911,bajo,b19_ctx1,alto,-0.010553640795644064
fold2_stack_global_C0.001_20260911,2,stack_global_C0.001,20260911,bajo,b19_ctx8,bajo,0.04833860215364823
fold2_stack_global_C0.001_20260911,2,stack_global_C0.001,20260911,bajo,b19_ctx8,medio,-0.034899771545606674
fold2_stack_global_C0.001_20260911,2,stack_global_C0.001,20260911,bajo,b19_ctx8,alto,-0.03380614628088831
fold2_stack_global_C0.001_20260911,2,stack_global_C0.001,20260911,bajo,b20_ctx1,bajo,-0.030663149448231494
fold2_stack_global_C0.001_20260911,2,stack_global_C0.001,20260911,bajo,b20_ctx1,medio,0.01395034900691386
fold2_stack_global_C0.001_20260911,2,stack_global_C0.001,20260911,bajo,b20_ctx1,alto,0.024172931593790595
fold2_stack_global_C0.001_20260911,2,stack_global_C0.001,20260911,bajo,b20_ctx8,bajo,0.035964145952799766
fold2_stack_global_C0.001_20260911,2,stack_global_C0.001,20260911,bajo,b20_ctx8,medio,-0.027282877419698728
fold2_stack_global_C0.001_20260911,2,stack_global_C0.001,20260911,bajo,b20_ctx8,alto,-0.01964250034074222
fold2_stack_global_C0.001_20260911,2,stack_global_C0.001,20260911,bajo,b21_ctx1,bajo,-0.027817772522830433
fold2_stack_global_C0.001_20260911,2,stack_global_C0.001,20260911,bajo,b21_ctx1,medio,-0.011440522851287244
fold2_stack_global_C0.001_20260911,2,stack_global_C0.001,20260911,bajo,b21_ctx1,alto,0.04742068155838315
fold2_stack_global_C0.001_20260911,2,stack_global_C0.001,20260911,bajo,b21_ctx8,bajo,-0.00774161328667361
fold2_stack_global_C0.001_20260911,2,stack_global_C0.001,20260911,bajo,b21_ctx8,medio,0.002813882702914414
fold2_stack_global_C0.001_20260911,2,stack_global_C0.001,20260911,bajo,b21_ctx8,alto,0.005508241490991472
fold2_stack_global_C0.001_20260911,2,stack_global_C0.001,20260911,medio,b15_ctx1,bajo,0.0181693802951155
fold2_stack_global_C0.001_20260911,2,stack_global_C0.001,20260911,medio,b15_ctx1,medio,-0.0037387181961579855
fold2_stack_global_C0.001_20260911,2,stack_global_C0.001,20260911,medio,b15_ctx1,alto,-0.019581382812905754
fold2_stack_global_C0.001_20260911,2,stack_global_C0.001,20260911,medio,b15_ctx8,bajo,-0.0016740895272426815
fold2_stack_global_C0.001_20260911,2,stack_global_C0.001,20260911,medio,b15_ctx8,medio,-0.0024538848523170806
fold2_stack_global_C0.001_20260911,2,stack_global_C0.001,20260911,medio,b15_ctx8,alto,0.004541246289361845
fold2_stack_global_C0.001_20260911,2,stack_global_C0.001,20260911,medio,b16_ctx1,bajo,0.0003921756238303753
fold2_stack_global_C0.001_20260911,2,stack_global_C0.001,20260911,medio,b16_ctx1,medio,0.00836045062173344
fold2_stack_global_C0.001_20260911,2,stack_global_C0.001,20260911,medio,b16_ctx1,alto,-0.009542620986146185
fold2_stack_global_C0.001_20260911,2,stack_global_C0.001,20260911,medio,b16_ctx8,bajo,-0.0039621142331248095
fold2_stack_global_C0.001_20260911,2,stack_global_C0.001,20260911,medio,b16_ctx8,medio,0.00504240542495828
fold2_stack_global_C0.001_20260911,2,stack_global_C0.001,20260911,medio,b16_ctx8,alto,0.0006273046869228616
fold2_stack_global_C0.001_20260911,2,stack_global_C0.001,20260911,medio,b17_ctx1,bajo,-0.0005438257073425536
fold2_stack_global_C0.001_20260911,2,stack_global_C0.001,20260911,medio,b17_ctx1,medio,0.014590718469785671
fold2_stack_global_C0.001_20260911,2,stack_global_C0.001,20260911,medio,b17_ctx1,alto,-0.015550198503453398
fold2_stack_global_C0.001_20260911,2,stack_global_C0.001,20260911,medio,b17_ctx8,bajo,0.00022080880584901235
fold2_stack_global_C0.001_20260911,2,stack_global_C0.001,20260911,medio,b17_ctx8,medio,-0.002566425275189328
fold2_stack_global_C0.001_20260911,2,stack_global_C0.001,20260911,medio,b17_ctx8,alto,0.0022127923008919085
fold2_stack_global_C0.001_20260911,2,stack_global_C0.001,20260911,medio,b18_ctx1,bajo,0.002581389399439094
fold2_stack_global_C0.001_20260911,2,stack_global_C0.001,20260911,medio,b18_ctx1,medio,0.01918998957414639
fold2_stack_global_C0.001_20260911,2,stack_global_C0.001,20260911,medio,b18_ctx1,alto,-0.026341141700648597
fold2_stack_global_C0.001_20260911,2,stack_global_C0.001,20260911,medio,b18_ctx8,bajo,0.00563847182075202
fold2_stack_global_C0.001_20260911,2,stack_global_C0.001,20260911,medio,b18_ctx8,medio,-0.0027216653074027793
fold2_stack_global_C0.001_20260911,2,stack_global_C0.001,20260911,medio,b18_ctx8,alto,-0.004993348155872643
fold2_stack_global_C0.001_20260911,2,stack_global_C0.001,20260911,medio,b19_ctx1,bajo,-0.0031045958174736104
fold2_stack_global_C0.001_20260911,2,stack_global_C0.001,20260911,medio,b19_ctx1,medio,-0.003976230999786948
fold2_stack_global_C0.001_20260911,2,stack_global_C0.001,20260911,medio,b19_ctx1,alto,0.008818757098403629
fold2_stack_global_C0.001_20260911,2,stack_global_C0.001,20260911,medio,b19_ctx8,bajo,-0.021297023737881015
fold2_stack_global_C0.001_20260911,2,stack_global_C0.001,20260911,medio,b19_ctx8,medio,0.009623970871222465
fold2_stack_global_C0.001_20260911,2,stack_global_C0.001,20260911,medio,b19_ctx8,alto,0.020493820495775247
fold2_stack_global_C0.001_20260911,2,stack_global_C0.001,20260911,medio,b20_ctx1,bajo,0.010801207073748664
fold2_stack_global_C0.001_20260911,2,stack_global_C0.001,20260911,medio,b20_ctx1,medio,0.0003193465807952151
fold2_stack_global_C0.001_20260911,2,stack_global_C0.001,20260911,medio,b20_ctx1,alto,-0.014445149991099129
fold2_stack_global_C0.001_20260911,2,stack_global_C0.001,20260911,medio,b20_ctx8,bajo,-0.009880565226257892
fold2_stack_global_C0.001_20260911,2,stack_global_C0.001,20260911,medio,b20_ctx8,medio,0.002220015314869647
fold2_stack_global_C0.001_20260911,2,stack_global_C0.001,20260911,medio,b20_ctx8,alto,0.010565931400904081
fold2_stack_global_C0.001_20260911,2,stack_global_C0.001,20260911,medio,b21_ctx1,bajo,-0.024458569244742673
fold2_stack_global_C0.001_20260911,2,stack_global_C0.001,20260911,medio,b21_ctx1,medio,0.023194011340356428
fold2_stack_global_C0.001_20260911,2,stack_global_C0.001,20260911,medio,b21_ctx1,alto,0.002508595882356517
fold2_stack_global_C0.001_20260911,2,stack_global_C0.001,20260911,medio,b21_ctx8,bajo,-0.015661694624100525
fold2_stack_global_C0.001_20260911,2,stack_global_C0.001,20260911,medio,b21_ctx8,medio,-0.017210188120024842
fold2_stack_global_C0.001_20260911,2,stack_global_C0.001,20260911,medio,b21_ctx8,alto,0.03525768254875717
fold2_stack_global_C0.01_20260911,2,stack_global_C0.01,20260911,alto,b15_ctx1,bajo,-0.032571387472139356
fold2_stack_global_C0.01_20260911,2,stack_global_C0.01,20260911,alto,b15_ctx1,medio,-0.01010126306479991
fold2_stack_global_C0.01_20260911,2,stack_global_C0.01,20260911,alto,b15_ctx1,alto,0.0532758913162801
fold2_stack_global_C0.01_20260911,2,stack_global_C0.01,20260911,alto,b15_ctx8,bajo,-0.04749942658481489
fold2_stack_global_C0.01_20260911,2,stack_global_C0.01,20260911,alto,b15_ctx8,medio,0.0339392942107755
fold2_stack_global_C0.01_20260911,2,stack_global_C0.01,20260911,alto,b15_ctx8,alto,0.03123603841311097
fold2_stack_global_C0.01_20260911,2,stack_global_C0.01,20260911,alto,b16_ctx1,bajo,-0.030572240983153903
fold2_stack_global_C0.01_20260911,2,stack_global_C0.01,20260911,alto,b16_ctx1,medio,0.02319713747781823
fold2_stack_global_C0.01_20260911,2,stack_global_C0.01,20260911,alto,b16_ctx1,alto,0.01615357999447004
fold2_stack_global_C0.01_20260911,2,stack_global_C0.01,20260911,alto,b16_ctx8,bajo,-0.022635139547580608
fold2_stack_global_C0.01_20260911,2,stack_global_C0.01,20260911,alto,b16_ctx8,medio,0.020352848381695997
fold2_stack_global_C0.01_20260911,2,stack_global_C0.01,20260911,alto,b16_ctx8,alto,0.011754745163550781
fold2_stack_global_C0.01_20260911,2,stack_global_C0.01,20260911,alto,b17_ctx1,bajo,0.016198558444263683
fold2_stack_global_C0.01_20260911,2,stack_global_C0.01,20260911,alto,b17_ctx1,medio,-0.008382251975709588
fold2_stack_global_C0.01_20260911,2,stack_global_C0.01,20260911,alto,b17_ctx1,alto,-0.012369566729742683
fold2_stack_global_C0.01_20260911,2,stack_global_C0.01,20260911,alto,b17_ctx8,bajo,-0.010329097866498256
fold2_stack_global_C0.01_20260911,2,stack_global_C0.01,20260911,alto,b17_ctx8,medio,0.04001576323985964
fold2_stack_global_C0.01_20260911,2,stack_global_C0.01,20260911,alto,b17_ctx8,alto,-0.025023706489677618
fold2_stack_global_C0.01_20260911,2,stack_global_C0.01,20260911,alto,b18_ctx1,bajo,0.01250467902335416
fold2_stack_global_C0.01_20260911,2,stack_global_C0.01,20260911,alto,b18_ctx1,medio,-0.033897813719296906
fold2_stack_global_C0.01_20260911,2,stack_global_C0.01,20260911,alto,b18_ctx1,alto,0.023437329060581567
fold2_stack_global_C0.01_20260911,2,stack_global_C0.01,20260911,alto,b18_ctx8,bajo,0.08414660522823239
fold2_stack_global_C0.01_20260911,2,stack_global_C0.01,20260911,alto,b18_ctx8,medio,-0.07927072804397989
fold2_stack_global_C0.01_20260911,2,stack_global_C0.01,20260911,alto,b18_ctx8,alto,-0.03734991192395631
fold2_stack_global_C0.01_20260911,2,stack_global_C0.01,20260911,alto,b19_ctx1,bajo,0.008234965040774195
fold2_stack_global_C0.01_20260911,2,stack_global_C0.01,20260911,alto,b19_ctx1,medio,0.013490010090361415
fold2_stack_global_C0.01_20260911,2,stack_global_C0.01,20260911,alto,b19_ctx1,alto,-0.02665795305031413
fold2_stack_global_C0.01_20260911,2,stack_global_C0.01,20260911,alto,b19_ctx8,bajo,-0.04011919971961573
fold2_stack_global_C0.01_20260911,2,stack_global_C0.01,20260911,alto,b19_ctx8,medio,0.03817926877670032
fold2_stack_global_C0.01_20260911,2,stack_global_C0.01,20260911,alto,b19_ctx8,alto,0.019088565827639965
fold2_stack_global_C0.01_20260911,2,stack_global_C0.01,20260911,alto,b20_ctx1,bajo,0.024067230145198265
fold2_stack_global_C0.01_20260911,2,stack_global_C0.01,20260911,alto,b20_ctx1,medio,-0.05943533970287219
fold2_stack_global_C0.01_20260911,2,stack_global_C0.01,20260911,alto,b20_ctx1,alto,0.03596776954974111
fold2_stack_global_C0.01_20260911,2,stack_global_C0.01,20260911,alto,b20_ctx8,bajo,-0.07429569196156852
fold2_stack_global_C0.01_20260911,2,stack_global_C0.01,20260911,alto,b20_ctx8,medio,0.03125352280872696
fold2_stack_global_C0.01_20260911,2,stack_global_C0.01,20260911,alto,b20_ctx8,alto,0.06518149420618462
fold2_stack_global_C0.01_20260911,2,stack_global_C0.01,20260911,alto,b21_ctx1,bajo,0.0796152701267496
fold2_stack_global_C0.01_20260911,2,stack_global_C0.01,20260911,alto,b21_ctx1,medio,0.006519888785952687
fold2_stack_global_C0.01_20260911,2,stack_global_C0.01,20260911,alto,b21_ctx1,alto,-0.1048176516930552
fold2_stack_global_C0.01_20260911,2,stack_global_C0.01,20260911,alto,b21_ctx8,bajo,0.07920355335755946
fold2_stack_global_C0.01_20260911,2,stack_global_C0.01,20260911,alto,b21_ctx8,medio,0.011585291916904912
fold2_stack_global_C0.01_20260911,2,stack_global_C0.01,20260911,alto,b21_ctx8,alto,-0.09886347069353768
fold2_stack_global_C0.01_20260911,2,stack_global_C0.01,20260911,bajo,b15_ctx1,bajo,-0.056851066710584465
fold2_stack_global_C0.01_20260911,2,stack_global_C0.01,20260911,bajo,b15_ctx1,medio,0.057269349013559824
fold2_stack_global_C0.01_20260911,2,stack_global_C0.01,20260911,bajo,b15_ctx1,alto,0.011983193610759137
fold2_stack_global_C0.01_20260911,2,stack_global_C0.01,20260911,bajo,b15_ctx8,bajo,0.02923144759640084
fold2_stack_global_C0.01_20260911,2,stack_global_C0.01,20260911,bajo,b15_ctx8,medio,-0.02300029345873939
fold2_stack_global_C0.01_20260911,2,stack_global_C0.01,20260911,bajo,b15_ctx8,alto,-0.017230463905095073
fold2_stack_global_C0.01_20260911,2,stack_global_C0.01,20260911,bajo,b16_ctx1,bajo,0.06255491130338675
fold2_stack_global_C0.01_20260911,2,stack_global_C0.01,20260911,bajo,b16_ctx1,medio,-0.050157764732387866
fold2_stack_global_C0.01_20260911,2,stack_global_C0.01,20260911,bajo,b16_ctx1,alto,-0.03014836974860635
fold2_stack_global_C0.01_20260911,2,stack_global_C0.01,20260911,bajo,b16_ctx8,bajo,0.0082852483370552
fold2_stack_global_C0.01_20260911,2,stack_global_C0.01,20260911,bajo,b16_ctx8,medio,-0.034188221032045364
fold2_stack_global_C0.01_20260911,2,stack_global_C0.01,20260911,bajo,b16_ctx8,alto,0.021541078780309107
fold2_stack_global_C0.01_20260911,2,stack_global_C0.01,20260911,bajo,b17_ctx1,bajo,-0.006069259055691191
fold2_stack_global_C0.01_20260911,2,stack_global_C0.01,20260911,bajo,b17_ctx1,medio,-0.0126364427410362
fold2_stack_global_C0.01_20260911,2,stack_global_C0.01,20260911,bajo,b17_ctx1,alto,0.022237765798708613
fold2_stack_global_C0.01_20260911,2,stack_global_C0.01,20260911,bajo,b17_ctx8,bajo,0.00012267897846398947
fold2_stack_global_C0.01_20260911,2,stack_global_C0.01,20260911,bajo,b17_ctx8,medio,-0.007737309287877005
fold2_stack_global_C0.01_20260911,2,stack_global_C0.01,20260911,bajo,b17_ctx8,alto,0.007418580447607723
fold2_stack_global_C0.01_20260911,2,stack_global_C0.01,20260911,bajo,b18_ctx1,bajo,-0.04501910547188161
fold2_stack_global_C0.01_20260911,2,stack_global_C0.01,20260911,bajo,b18_ctx1,medio,0.008918711367955507
fold2_stack_global_C0.01_20260911,2,stack_global_C0.01,20260911,bajo,b18_ctx1,alto,0.05030318743971855
fold2_stack_global_C0.01_20260911,2,stack_global_C0.01,20260911,bajo,b18_ctx8,bajo,-0.09639760918502681
fold2_stack_global_C0.01_20260911,2,stack_global_C0.01,20260911,bajo,b18_ctx8,medio,0.093152237393678
fold2_stack_global_C0.01_20260911,2,stack_global_C0.01,20260911,bajo,b18_ctx8,alto,0.040537219728556076
fold2_stack_global_C0.01_20260911,2,stack_global_C0.01,20260911,bajo,b19_ctx1,bajo,0.048930556862715635
fold2_stack_global_C0.01_20260911,2,stack_global_C0.01,20260911,bajo,b19_ctx1,medio,0.012211949009256085
fold2_stack_global_C0.01_20260911,2,stack_global_C0.01,20260911,bajo,b19_ctx1,alto,-0.08299407838900906
fold2_stack_global_C0.01_20260911,2,stack_global_C0.01,20260911,bajo,b19_ctx8,bajo,0.11624606494946903
fold2_stack_global_C0.01_20260911,2,stack_global_C0.01,20260911,bajo,b19_ctx8,medio,-0.08174238954393555
fold2_stack_global_C0.01_20260911,2,stack_global_C0.01,20260911,bajo,b19_ctx8,alto,-0.08342557718260944
fold2_stack_global_C0.01_20260911,2,stack_global_C0.01,20260911,bajo,b20_ctx1,bajo,-0.10486550383879482
fold2_stack_global_C0.01_20260911,2,stack_global_C0.01,20260911,bajo,b20_ctx1,medio,0.08357571295508084
fold2_stack_global_C0.01_20260911,2,stack_global_C0.01,20260911,bajo,b20_ctx1,alto,0.0420278166362867
fold2_stack_global_C0.01_20260911,2,stack_global_C0.01,20260911,bajo,b20_ctx8,bajo,0.08607597300994212
fold2_stack_global_C0.01_20260911,2,stack_global_C0.01,20260911,bajo,b20_ctx8,medio,-0.08360117139355351
fold2_stack_global_C0.01_20260911,2,stack_global_C0.01,20260911,bajo,b20_ctx8,alto,-0.02907711711525058
fold2_stack_global_C0.01_20260911,2,stack_global_C0.01,20260911,bajo,b21_ctx1,bajo,0.024275894152127764
fold2_stack_global_C0.01_20260911,2,stack_global_C0.01,20260911,bajo,b21_ctx1,medio,-0.09327644088521647
fold2_stack_global_C0.01_20260911,2,stack_global_C0.01,20260911,bajo,b21_ctx1,alto,0.08030013463824666
fold2_stack_global_C0.01_20260911,2,stack_global_C0.01,20260911,bajo,b21_ctx8,bajo,-0.06639688937823815
fold2_stack_global_C0.01_20260911,2,stack_global_C0.01,20260911,bajo,b21_ctx8,medio,0.05223977093998599
fold2_stack_global_C0.01_20260911,2,stack_global_C0.01,20260911,bajo,b21_ctx8,alto,0.017649326015662842
fold2_stack_global_C0.01_20260911,2,stack_global_C0.01,20260911,medio,b15_ctx1,bajo,0.08942245418272338
fold2_stack_global_C0.01_20260911,2,stack_global_C0.01,20260911,medio,b15_ctx1,medio,-0.047168085948760596
fold2_stack_global_C0.01_20260911,2,stack_global_C0.01,20260911,medio,b15_ctx1,alto,-0.0652590849270395
fold2_stack_global_C0.01_20260911,2,stack_global_C0.01,20260911,medio,b15_ctx8,bajo,0.018267978988413282
fold2_stack_global_C0.01_20260911,2,stack_global_C0.01,20260911,medio,b15_ctx8,medio,-0.01093900075203572
fold2_stack_global_C0.01_20260911,2,stack_global_C0.01,20260911,medio,b15_ctx8,alto,-0.014005574508015131
fold2_stack_global_C0.01_20260911,2,stack_global_C0.01,20260911,medio,b16_ctx1,bajo,-0.03198267032023296
fold2_stack_global_C0.01_20260911,2,stack_global_C0.01,20260911,medio,b16_ctx1,medio,0.026960627254569144
fold2_stack_global_C0.01_20260911,2,stack_global_C0.01,20260911,medio,b16_ctx1,alto,0.013994789754136235
fold2_stack_global_C0.01_20260911,2,stack_global_C0.01,20260911,medio,b16_ctx8,bajo,0.014349891210525474
fold2_stack_global_C0.01_20260911,2,stack_global_C0.01,20260911,medio,b16_ctx8,medio,0.01383537265034937
fold2_stack_global_C0.01_20260911,2,stack_global_C0.01,20260911,medio,b16_ctx8,alto,-0.03329582394386001
fold2_stack_global_C0.01_20260911,2,stack_global_C0.01,20260911,medio,b17_ctx1,bajo,-0.01012929938857262
fold2_stack_global_C0.01_20260911,2,stack_global_C0.01,20260911,medio,b17_ctx1,medio,0.0210186947167456
fold2_stack_global_C0.01_20260911,2,stack_global_C0.01,20260911,medio,b17_ctx1,alto,-0.009868199068966547
fold2_stack_global_C0.01_20260911,2,stack_global_C0.01,20260911,medio,b17_ctx8,bajo,0.010206418888034273
fold2_stack_global_C0.01_20260911,2,stack_global_C0.01,20260911,medio,b17_ctx8,medio,-0.03227845395198273
fold2_stack_global_C0.01_20260911,2,stack_global_C0.01,20260911,medio,b17_ctx8,alto,0.017605126042069836
fold2_stack_global_C0.01_20260911,2,stack_global_C0.01,20260911,medio,b18_ctx1,bajo,0.03251442644852796
fold2_stack_global_C0.01_20260911,2,stack_global_C0.01,20260911,medio,b18_ctx1,medio,0.02497910235134148
fold2_stack_global_C0.01_20260911,2,stack_global_C0.01,20260911,medio,b18_ctx1,alto,-0.0737405165002996
fold2_stack_global_C0.01_20260911,2,stack_global_C0.01,20260911,medio,b18_ctx8,bajo,0.012251003956794177
fold2_stack_global_C0.01_20260911,2,stack_global_C0.01,20260911,medio,b18_ctx8,medio,-0.013881509349698246
fold2_stack_global_C0.01_20260911,2,stack_global_C0.01,20260911,medio,b18_ctx8,alto,-0.0031873078045996247
fold2_stack_global_C0.01_20260911,2,stack_global_C0.01,20260911,medio,b19_ctx1,bajo,-0.057165521903490495
fold2_stack_global_C0.01_20260911,2,stack_global_C0.01,20260911,medio,b19_ctx1,medio,-0.025701959099617543
fold2_stack_global_C0.01_20260911,2,stack_global_C0.01,20260911,medio,b19_ctx1,alto,0.10965203143932405
fold2_stack_global_C0.01_20260911,2,stack_global_C0.01,20260911,medio,b19_ctx8,bajo,-0.07612686522985278
fold2_stack_global_C0.01_20260911,2,stack_global_C0.01,20260911,medio,b19_ctx8,medio,0.04356312076723493
fold2_stack_global_C0.01_20260911,2,stack_global_C0.01,20260911,medio,b19_ctx8,alto,0.06433701135496805
fold2_stack_global_C0.01_20260911,2,stack_global_C0.01,20260911,medio,b20_ctx1,bajo,0.0807982736935963
fold2_stack_global_C0.01_20260911,2,stack_global_C0.01,20260911,medio,b20_ctx1,medio,-0.024140373252208795
fold2_stack_global_C0.01_20260911,2,stack_global_C0.01,20260911,medio,b20_ctx1,alto,-0.07799558618602719
fold2_stack_global_C0.01_20260911,2,stack_global_C0.01,20260911,medio,b20_ctx8,bajo,-0.011780281048372115
fold2_stack_global_C0.01_20260911,2,stack_global_C0.01,20260911,medio,b20_ctx8,medio,0.05234764858482661
fold2_stack_global_C0.01_20260911,2,stack_global_C0.01,20260911,medio,b20_ctx8,alto,-0.03610437709093392
fold2_stack_global_C0.01_20260911,2,stack_global_C0.01,20260911,medio,b21_ctx1,bajo,-0.10389116427887686
fold2_stack_global_C0.01_20260911,2,stack_global_C0.01,20260911,medio,b21_ctx1,medio,0.08675655209926403
fold2_stack_global_C0.01_20260911,2,stack_global_C0.01,20260911,medio,b21_ctx1,alto,0.024517517054808292
fold2_stack_global_C0.01_20260911,2,stack_global_C0.01,20260911,medio,b21_ctx8,bajo,-0.012806663979321488
fold2_stack_global_C0.01_20260911,2,stack_global_C0.01,20260911,medio,b21_ctx8,medio,-0.06382506285689078
fold2_stack_global_C0.01_20260911,2,stack_global_C0.01,20260911,medio,b21_ctx8,alto,0.08121414467787526
fold2_stack_global_C0.1_20260911,2,stack_global_C0.1,20260911,alto,b15_ctx1,bajo,-0.05738142617972597
fold2_stack_global_C0.1_20260911,2,stack_global_C0.1,20260911,alto,b15_ctx1,medio,0.05492233323029757
fold2_stack_global_C0.1_20260911,2,stack_global_C0.1,20260911,alto,b15_ctx1,alto,0.015211137494827968
fold2_stack_global_C0.1_20260911,2,stack_global_C0.1,20260911,alto,b15_ctx8,bajo,0.05475033124252676
fold2_stack_global_C0.1_20260911,2,stack_global_C0.1,20260911,alto,b15_ctx8,medio,0.03823510924298557
fold2_stack_global_C0.1_20260911,2,stack_global_C0.1,20260911,alto,b15_ctx8,alto,-0.10891535519471181
fold2_stack_global_C0.1_20260911,2,stack_global_C0.1,20260911,alto,b16_ctx1,bajo,-0.16472674086089
fold2_stack_global_C0.1_20260911,2,stack_global_C0.1,20260911,alto,b16_ctx1,medio,0.1567283082802796
fold2_stack_global_C0.1_20260911,2,stack_global_C0.1,20260911,alto,b16_ctx1,alto,0.05281463887828453
fold2_stack_global_C0.1_20260911,2,stack_global_C0.1,20260911,alto,b16_ctx8,bajo,0.04715139784599266
fold2_stack_global_C0.1_20260911,2,stack_global_C0.1,20260911,alto,b16_ctx8,medio,-0.07430399460592402
fold2_stack_global_C0.1_20260911,2,stack_global_C0.1,20260911,alto,b16_ctx8,alto,0.006352889936029159
fold2_stack_global_C0.1_20260911,2,stack_global_C0.1,20260911,alto,b17_ctx1,bajo,0.0463303674069416
fold2_stack_global_C0.1_20260911,2,stack_global_C0.1,20260911,alto,b17_ctx1,medio,0.00514836334748011
fold2_stack_global_C0.1_20260911,2,stack_global_C0.1,20260911,alto,b17_ctx1,alto,-0.06787246094483547
fold2_stack_global_C0.1_20260911,2,stack_global_C0.1,20260911,alto,b17_ctx8,bajo,-0.1802088203597694
fold2_stack_global_C0.1_20260911,2,stack_global_C0.1,20260911,alto,b17_ctx8,medio,0.3207482832858693
fold2_stack_global_C0.1_20260911,2,stack_global_C0.1,20260911,alto,b17_ctx8,alto,-0.06649640411260108
fold2_stack_global_C0.1_20260911,2,stack_global_C0.1,20260911,alto,b18_ctx1,bajo,0.05507057297486542
fold2_stack_global_C0.1_20260911,2,stack_global_C0.1,20260911,alto,b18_ctx1,medio,-0.11748159094141082
fold2_stack_global_C0.1_20260911,2,stack_global_C0.1,20260911,alto,b18_ctx1,alto,0.06535127531029877
fold2_stack_global_C0.1_20260911,2,stack_global_C0.1,20260911,alto,b18_ctx8,bajo,0.18193809416071552
fold2_stack_global_C0.1_20260911,2,stack_global_C0.1,20260911,alto,b18_ctx8,medio,-0.25610631281130053
fold2_stack_global_C0.1_20260911,2,stack_global_C0.1,20260911,alto,b18_ctx8,alto,0.0007010723882881659
fold2_stack_global_C0.1_20260911,2,stack_global_C0.1,20260911,alto,b19_ctx1,bajo,0.07856865423454694
fold2_stack_global_C0.1_20260911,2,stack_global_C0.1,20260911,alto,b19_ctx1,medio,-0.0028036611011163105
fold2_stack_global_C0.1_20260911,2,stack_global_C0.1,20260911,alto,b19_ctx1,alto,-0.1083918490332766
fold2_stack_global_C0.1_20260911,2,stack_global_C0.1,20260911,alto,b19_ctx8,bajo,-0.014145310195185825
fold2_stack_global_C0.1_20260911,2,stack_global_C0.1,20260911,alto,b19_ctx8,medio,-0.019634777870354978
fold2_stack_global_C0.1_20260911,2,stack_global_C0.1,20260911,alto,b19_ctx8,alto,0.03894800317877221
fold2_stack_global_C0.1_20260911,2,stack_global_C0.1,20260911,alto,b20_ctx1,bajo,0.08044815667892888
fold2_stack_global_C0.1_20260911,2,stack_global_C0.1,20260911,alto,b20_ctx1,medio,-0.26440784797888967
fold2_stack_global_C0.1_20260911,2,stack_global_C0.1,20260911,alto,b20_ctx1,alto,0.19471584823704938
fold2_stack_global_C0.1_20260911,2,stack_global_C0.1,20260911,alto,b20_ctx8,bajo,-0.27544679764742735
fold2_stack_global_C0.1_20260911,2,stack_global_C0.1,20260911,alto,b20_ctx8,medio,0.09987981596360647
fold2_stack_global_C0.1_20260911,2,stack_global_C0.1,20260911,alto,b20_ctx8,alto,0.2573257768311525
fold2_stack_global_C0.1_20260911,2,stack_global_C0.1,20260911,alto,b21_ctx1,bajo,0.0410897045731563
fold2_stack_global_C0.1_20260911,2,stack_global_C0.1,20260911,alto,b21_ctx1,medio,0.09557579444308997
fold2_stack_global_C0.1_20260911,2,stack_global_C0.1,20260911,alto,b21_ctx1,alto,-0.16275896373270451
fold2_stack_global_C0.1_20260911,2,stack_global_C0.1,20260911,alto,b21_ctx8,bajo,0.1709401586762934
fold2_stack_global_C0.1_20260911,2,stack_global_C0.1,20260911,alto,b21_ctx8,medio,-0.014838756126087338
fold2_stack_global_C0.1_20260911,2,stack_global_C0.1,20260911,alto,b21_ctx8,alto,-0.1714209826839571
fold2_stack_global_C0.1_20260911,2,stack_global_C0.1,20260911,bajo,b15_ctx1,bajo,-0.10544933009042094
fold2_stack_global_C0.1_20260911,2,stack_global_C0.1,20260911,bajo,b15_ctx1,medio,0.09203138173969981
fold2_stack_global_C0.1_20260911,2,stack_global_C0.1,20260911,bajo,b15_ctx1,alto,0.0375776865181066
fold2_stack_global_C0.1_20260911,2,stack_global_C0.1,20260911,bajo,b15_ctx8,bajo,-0.051723175105892215
fold2_stack_global_C0.1_20260911,2,stack_global_C0.1,20260911,bajo,b15_ctx8,medio,0.1162935577463265
fold2_stack_global_C0.1_20260911,2,stack_global_C0.1,20260911,bajo,b15_ctx8,alto,-0.040764623045537636
fold2_stack_global_C0.1_20260911,2,stack_global_C0.1,20260911,bajo,b16_ctx1,bajo,0.22274098271686332
fold2_stack_global_C0.1_20260911,2,stack_global_C0.1,20260911,bajo,b16_ctx1,medio,-0.2912699044962014
fold2_stack_global_C0.1_20260911,2,stack_global_C0.1,20260911,bajo,b16_ctx1,alto,0.014136867828022148
fold2_stack_global_C0.1_20260911,2,stack_global_C0.1,20260911,bajo,b16_ctx8,bajo,-0.14825521984739795
fold2_stack_global_C0.1_20260911,2,stack_global_C0.1,20260911,bajo,b16_ctx8,medio,-0.013000465184750813
fold2_stack_global_C0.1_20260911,2,stack_global_C0.1,20260911,bajo,b16_ctx8,alto,0.21840285870548745
fold2_stack_global_C0.1_20260911,2,stack_global_C0.1,20260911,bajo,b17_ctx1,bajo,-0.059069151601717794
fold2_stack_global_C0.1_20260911,2,stack_global_C0.1,20260911,bajo,b17_ctx1,medio,0.015182716226107286
fold2_stack_global_C0.1_20260911,2,stack_global_C0.1,20260911,bajo,b17_ctx1,alto,0.06227073615365944
fold2_stack_global_C0.1_20260911,2,stack_global_C0.1,20260911,bajo,b17_ctx8,bajo,0.2228316510032048
fold2_stack_global_C0.1_20260911,2,stack_global_C0.1,20260911,bajo,b17_ctx8,medio,-0.22974746634331047
fold2_stack_global_C0.1_20260911,2,stack_global_C0.1,20260911,bajo,b17_ctx8,alto,-0.0814076412968738
fold2_stack_global_C0.1_20260911,2,stack_global_C0.1,20260911,bajo,b18_ctx1,bajo,-0.14557150093902502
fold2_stack_global_C0.1_20260911,2,stack_global_C0.1,20260911,bajo,b18_ctx1,medio,0.12010950751440064
fold2_stack_global_C0.1_20260911,2,stack_global_C0.1,20260911,bajo,b18_ctx1,alto,0.053989933175858755
fold2_stack_global_C0.1_20260911,2,stack_global_C0.1,20260911,bajo,b18_ctx8,bajo,-0.21071708499719244
fold2_stack_global_C0.1_20260911,2,stack_global_C0.1,20260911,bajo,b18_ctx8,medio,0.2576271533536055
fold2_stack_global_C0.1_20260911,2,stack_global_C0.1,20260911,bajo,b18_ctx8,alto,0.03668075073167628
fold2_stack_global_C0.1_20260911,2,stack_global_C0.1,20260911,bajo,b19_ctx1,bajo,0.17014146487079237
fold2_stack_global_C0.1_20260911,2,stack_global_C0.1,20260911,bajo,b19_ctx1,medio,0.007293244214160116
fold2_stack_global_C0.1_20260911,2,stack_global_C0.1,20260911,bajo,b19_ctx1,alto,-0.24955585081381146
fold2_stack_global_C0.1_20260911,2,stack_global_C0.1,20260911,bajo,b19_ctx8,bajo,0.11432022646032676
fold2_stack_global_C0.1_20260911,2,stack_global_C0.1,20260911,bajo,b19_ctx8,medio,0.004512618304117862
fold2_stack_global_C0.1_20260911,2,stack_global_C0.1,20260911,bajo,b19_ctx8,alto,-0.16469095527158867
fold2_stack_global_C0.1_20260911,2,stack_global_C0.1,20260911,bajo,b20_ctx1,bajo,-0.3714800656199535
fold2_stack_global_C0.1_20260911,2,stack_global_C0.1,20260911,bajo,b20_ctx1,medio,0.32655233605632067
fold2_stack_global_C0.1_20260911,2,stack_global_C0.1,20260911,bajo,b20_ctx1,alto,0.11433176846158699
fold2_stack_global_C0.1_20260911,2,stack_global_C0.1,20260911,bajo,b20_ctx8,bajo,0.3279284261919426
fold2_stack_global_C0.1_20260911,2,stack_global_C0.1,20260911,bajo,b20_ctx8,medio,-0.3923704795432919
fold2_stack_global_C0.1_20260911,2,stack_global_C0.1,20260911,bajo,b20_ctx8,alto,-0.038391081614101166
fold2_stack_global_C0.1_20260911,2,stack_global_C0.1,20260911,bajo,b21_ctx1,bajo,0.21267534317601022
fold2_stack_global_C0.1_20260911,2,stack_global_C0.1,20260911,bajo,b21_ctx1,medio,-0.2663569358871808
fold2_stack_global_C0.1_20260911,2,stack_global_C0.1,20260911,bajo,b21_ctx1,alto,0.05440337626839856
fold2_stack_global_C0.1_20260911,2,stack_global_C0.1,20260911,bajo,b21_ctx8,bajo,-0.205431925432062
fold2_stack_global_C0.1_20260911,2,stack_global_C0.1,20260911,bajo,b21_ctx8,medio,0.18084350378640093
fold2_stack_global_C0.1_20260911,2,stack_global_C0.1,20260911,bajo,b21_ctx8,alto,0.03437704240769563
fold2_stack_global_C0.1_20260911,2,stack_global_C0.1,20260911,medio,b15_ctx1,bajo,0.16283075627014917
fold2_stack_global_C0.1_20260911,2,stack_global_C0.1,20260911,medio,b15_ctx1,medio,-0.14695371497000226
fold2_stack_global_C0.1_20260911,2,stack_global_C0.1,20260911,medio,b15_ctx1,alto,-0.05278882401293118
fold2_stack_global_C0.1_20260911,2,stack_global_C0.1,20260911,medio,b15_ctx8,bajo,-0.0030271561366385685
fold2_stack_global_C0.1_20260911,2,stack_global_C0.1,20260911,medio,b15_ctx8,medio,-0.15452866698930867
fold2_stack_global_C0.1_20260911,2,stack_global_C0.1,20260911,medio,b15_ctx8,alto,0.14967997824024915
fold2_stack_global_C0.1_20260911,2,stack_global_C0.1,20260911,medio,b16_ctx1,bajo,-0.05801424185597633
fold2_stack_global_C0.1_20260911,2,stack_global_C0.1,20260911,medio,b16_ctx1,medio,0.13454159621592232
fold2_stack_global_C0.1_20260911,2,stack_global_C0.1,20260911,medio,b16_ctx1,alto,-0.06695150670630765
fold2_stack_global_C0.1_20260911,2,stack_global_C0.1,20260911,medio,b16_ctx8,bajo,0.10110382200140239
fold2_stack_global_C0.1_20260911,2,stack_global_C0.1,20260911,medio,b16_ctx8,medio,0.08730445979067418
fold2_stack_global_C0.1_20260911,2,stack_global_C0.1,20260911,medio,b16_ctx8,alto,-0.22475574864151587
fold2_stack_global_C0.1_20260911,2,stack_global_C0.1,20260911,medio,b17_ctx1,bajo,0.012738784194776528
fold2_stack_global_C0.1_20260911,2,stack_global_C0.1,20260911,medio,b17_ctx1,medio,-0.0203310795735855
fold2_stack_global_C0.1_20260911,2,stack_global_C0.1,20260911,medio,b17_ctx1,alto,0.005601724791176679
fold2_stack_global_C0.1_20260911,2,stack_global_C0.1,20260911,medio,b17_ctx8,bajo,-0.04262283064343628
fold2_stack_global_C0.1_20260911,2,stack_global_C0.1,20260911,medio,b17_ctx8,medio,-0.09100081694255559
fold2_stack_global_C0.1_20260911,2,stack_global_C0.1,20260911,medio,b17_ctx8,alto,0.14790404540947288
fold2_stack_global_C0.1_20260911,2,stack_global_C0.1,20260911,medio,b18_ctx1,bajo,0.09050092796415792
fold2_stack_global_C0.1_20260911,2,stack_global_C0.1,20260911,medio,b18_ctx1,medio,-0.002627916572990112
fold2_stack_global_C0.1_20260911,2,stack_global_C0.1,20260911,medio,b18_ctx1,alto,-0.11934120848616299
fold2_stack_global_C0.1_20260911,2,stack_global_C0.1,20260911,medio,b18_ctx8,bajo,0.0287789908364731
fold2_stack_global_C0.1_20260911,2,stack_global_C0.1,20260911,medio,b18_ctx8,medio,-0.0015208405423029945
fold2_stack_global_C0.1_20260911,2,stack_global_C0.1,20260911,medio,b18_ctx8,alto,-0.037381823119964165
fold2_stack_global_C0.1_20260911,2,stack_global_C0.1,20260911,medio,b19_ctx1,bajo,-0.24871011910533894
fold2_stack_global_C0.1_20260911,2,stack_global_C0.1,20260911,medio,b19_ctx1,medio,-0.004489583113045365
fold2_stack_global_C0.1_20260911,2,stack_global_C0.1,20260911,medio,b19_ctx1,alto,0.3579476998470952
fold2_stack_global_C0.1_20260911,2,stack_global_C0.1,20260911,medio,b19_ctx8,bajo,-0.10017491626514446
fold2_stack_global_C0.1_20260911,2,stack_global_C0.1,20260911,medio,b19_ctx8,medio,0.015122159566235173
fold2_stack_global_C0.1_20260911,2,stack_global_C0.1,20260911,medio,b19_ctx8,alto,0.12574295209281272
fold2_stack_global_C0.1_20260911,2,stack_global_C0.1,20260911,medio,b20_ctx1,bajo,0.29103190894102243
fold2_stack_global_C0.1_20260911,2,stack_global_C0.1,20260911,medio,b20_ctx1,medio,-0.06214448807742758
fold2_stack_global_C0.1_20260911,2,stack_global_C0.1,20260911,medio,b20_ctx1,alto,-0.3090476166986382
fold2_stack_global_C0.1_20260911,2,stack_global_C0.1,20260911,medio,b20_ctx8,bajo,-0.05248162854451609
fold2_stack_global_C0.1_20260911,2,stack_global_C0.1,20260911,medio,b20_ctx8,medio,0.2924906635796798
fold2_stack_global_C0.1_20260911,2,stack_global_C0.1,20260911,medio,b20_ctx8,alto,-0.21893469521705478
fold2_stack_global_C0.1_20260911,2,stack_global_C0.1,20260911,medio,b21_ctx1,bajo,-0.2537650477491679
fold2_stack_global_C0.1_20260911,2,stack_global_C0.1,20260911,medio,b21_ctx1,medio,0.17078114144408862
fold2_stack_global_C0.1_20260911,2,stack_global_C0.1,20260911,medio,b21_ctx1,alto,0.10835558746430096
fold2_stack_global_C0.1_20260911,2,stack_global_C0.1,20260911,medio,b21_ctx8,bajo,0.03449176675576919
fold2_stack_global_C0.1_20260911,2,stack_global_C0.1,20260911,medio,b21_ctx8,medio,-0.16600474766031362
fold2_stack_global_C0.1_20260911,2,stack_global_C0.1,20260911,medio,b21_ctx8,alto,0.13704394027626404
fold2_stack_participant_C0.001_20260911,2,stack_participant_C0.001,20260911,alto,b15_ctx1,bajo,-0.004891104345477814
fold2_stack_participant_C0.001_20260911,2,stack_participant_C0.001,20260911,alto,b15_ctx1,medio,-0.001489920246144994
fold2_stack_participant_C0.001_20260911,2,stack_participant_C0.001,20260911,alto,b15_ctx1,alto,0.007971071068311054
fold2_stack_participant_C0.001_20260911,2,stack_participant_C0.001,20260911,alto,b15_ctx8,bajo,-0.0359935273859889
fold2_stack_participant_C0.001_20260911,2,stack_participant_C0.001,20260911,alto,b15_ctx8,medio,0.03477009465945209
fold2_stack_participant_C0.001_20260911,2,stack_participant_C0.001,20260911,alto,b15_ctx8,alto,0.015137722425244674
fold2_stack_participant_C0.001_20260911,2,stack_participant_C0.001,20260911,alto,b16_ctx1,bajo,-0.008931624242151489
fold2_stack_participant_C0.001_20260911,2,stack_participant_C0.001,20260911,alto,b16_ctx1,medio,-0.004824731066965376
fold2_stack_participant_C0.001_20260911,2,stack_participant_C0.001,20260911,alto,b16_ctx1,alto,0.01722866716239198
fold2_stack_participant_C0.001_20260911,2,stack_participant_C0.001,20260911,alto,b16_ctx8,bajo,-0.026417699964491136
fold2_stack_participant_C0.001_20260911,2,stack_participant_C0.001,20260911,alto,b16_ctx8,medio,0.02111333068853831
fold2_stack_participant_C0.001_20260911,2,stack_participant_C0.001,20260911,alto,b16_ctx8,alto,0.016271410642435345
fold2_stack_participant_C0.001_20260911,2,stack_participant_C0.001,20260911,alto,b17_ctx1,bajo,0.00345246318016213
fold2_stack_participant_C0.001_20260911,2,stack_participant_C0.001,20260911,alto,b17_ctx1,medio,-0.015625902070167487
fold2_stack_participant_C0.001_20260911,2,stack_participant_C0.001,20260911,alto,b17_ctx1,alto,0.012804762456318763
fold2_stack_participant_C0.001_20260911,2,stack_participant_C0.001,20260911,alto,b17_ctx8,bajo,-0.00433876498970435
fold2_stack_participant_C0.001_20260911,2,stack_participant_C0.001,20260911,alto,b17_ctx8,medio,0.008018403771293483
fold2_stack_participant_C0.001_20260911,2,stack_participant_C0.001,20260911,alto,b17_ctx8,alto,-0.0018912215586086609
fold2_stack_participant_C0.001_20260911,2,stack_participant_C0.001,20260911,alto,b18_ctx1,bajo,0.008917126559854365
fold2_stack_participant_C0.001_20260911,2,stack_participant_C0.001,20260911,alto,b18_ctx1,medio,-0.02142129384073092
fold2_stack_participant_C0.001_20260911,2,stack_participant_C0.001,20260911,alto,b18_ctx1,alto,0.013437441588519696
fold2_stack_participant_C0.001_20260911,2,stack_participant_C0.001,20260911,alto,b18_ctx8,bajo,0.025739490928248152
fold2_stack_participant_C0.001_20260911,2,stack_participant_C0.001,20260911,alto,b18_ctx8,medio,-0.01650656730026618
fold2_stack_participant_C0.001_20260911,2,stack_participant_C0.001,20260911,alto,b18_ctx8,alto,-0.018869060611987423
fold2_stack_participant_C0.001_20260911,2,stack_participant_C0.001,20260911,alto,b19_ctx1,bajo,-0.0045146497343698
fold2_stack_participant_C0.001_20260911,2,stack_participant_C0.001,20260911,alto,b19_ctx1,medio,-0.001922504293910578
fold2_stack_participant_C0.001_20260911,2,stack_participant_C0.001,20260911,alto,b19_ctx1,alto,0.008540684061101339
fold2_stack_participant_C0.001_20260911,2,stack_participant_C0.001,20260911,alto,b19_ctx8,bajo,-0.029368942554416872
fold2_stack_participant_C0.001_20260911,2,stack_participant_C0.001,20260911,alto,b19_ctx8,medio,0.027272382767753234
fold2_stack_participant_C0.001_20260911,2,stack_participant_C0.001,20260911,alto,b19_ctx8,alto,0.014632128935717718
fold2_stack_participant_C0.001_20260911,2,stack_participant_C0.001,20260911,alto,b20_ctx1,bajo,0.017721723471857253
fold2_stack_participant_C0.001_20260911,2,stack_participant_C0.001,20260911,alto,b20_ctx1,medio,-0.012336457298310807
fold2_stack_participant_C0.001_20260911,2,stack_participant_C0.001,20260911,alto,b20_ctx1,alto,-0.00912784611920768
fold2_stack_participant_C0.001_20260911,2,stack_participant_C0.001,20260911,alto,b20_ctx8,bajo,-0.023512421092385518
fold2_stack_participant_C0.001_20260911,2,stack_participant_C0.001,20260911,alto,b20_ctx8,medio,0.026914896700885215
fold2_stack_participant_C0.001_20260911,2,stack_participant_C0.001,20260911,alto,b20_ctx8,alto,0.003946163124639279
fold2_stack_participant_C0.001_20260911,2,stack_participant_C0.001,20260911,alto,b21_ctx1,bajo,0.05768750163197395
fold2_stack_participant_C0.001_20260911,2,stack_participant_C0.001,20260911,alto,b21_ctx1,medio,-0.021234863951166607
fold2_stack_participant_C0.001_20260911,2,stack_participant_C0.001,20260911,alto,b21_ctx1,alto,-0.04535820811256076
fold2_stack_participant_C0.001_20260911,2,stack_participant_C0.001,20260911,alto,b21_ctx8,bajo,0.035624542101660786
fold2_stack_participant_C0.001_20260911,2,stack_participant_C0.001,20260911,alto,b21_ctx8,medio,0.009324784972708182
fold2_stack_participant_C0.001_20260911,2,stack_participant_C0.001,20260911,alto,b21_ctx8,alto,-0.04879876539822837
fold2_stack_participant_C0.001_20260911,2,stack_participant_C0.001,20260911,bajo,b15_ctx1,bajo,-0.010607865208395718
fold2_stack_participant_C0.001_20260911,2,stack_participant_C0.001,20260911,bajo,b15_ctx1,medio,0.0027436043019383196
fold2_stack_participant_C0.001_20260911,2,stack_participant_C0.001,20260911,bajo,b15_ctx1,alto,0.010825699311187124
fold2_stack_participant_C0.001_20260911,2,stack_participant_C0.001,20260911,bajo,b15_ctx8,bajo,0.038541181373286985
fold2_stack_participant_C0.001_20260911,2,stack_participant_C0.001,20260911,bajo,b15_ctx8,medio,-0.034147295678732384
fold2_stack_participant_C0.001_20260911,2,stack_participant_C0.001,20260911,bajo,b15_ctx8,alto,-0.019115865705408016
fold2_stack_participant_C0.001_20260911,2,stack_participant_C0.001,20260911,bajo,b16_ctx1,bajo,0.006016338025928186
fold2_stack_participant_C0.001_20260911,2,stack_participant_C0.001,20260911,bajo,b16_ctx1,medio,-0.0036890337510957424
fold2_stack_participant_C0.001_20260911,2,stack_participant_C0.001,20260911,bajo,b16_ctx1,alto,-0.004123360983043888
fold2_stack_participant_C0.001_20260911,2,stack_participant_C0.001,20260911,bajo,b16_ctx8,bajo,0.027867629066231595
fold2_stack_participant_C0.001_20260911,2,stack_participant_C0.001,20260911,bajo,b16_ctx8,medio,-0.02557858283989179
fold2_stack_participant_C0.001_20260911,2,stack_participant_C0.001,20260911,bajo,b16_ctx8,alto,-0.013968642482043749
fold2_stack_participant_C0.001_20260911,2,stack_participant_C0.001,20260911,bajo,b17_ctx1,bajo,-0.004010113952753935
fold2_stack_participant_C0.001_20260911,2,stack_participant_C0.001,20260911,bajo,b17_ctx1,medio,0.0010889014707769983
fold2_stack_participant_C0.001_20260911,2,stack_participant_C0.001,20260911,bajo,b17_ctx1,alto,0.004162561755048475
fold2_stack_participant_C0.001_20260911,2,stack_participant_C0.001,20260911,bajo,b17_ctx8,bajo,0.0021521651726293905
fold2_stack_participant_C0.001_20260911,2,stack_participant_C0.001,20260911,bajo,b17_ctx8,medio,-0.0035277556954536283
fold2_stack_participant_C0.001_20260911,2,stack_participant_C0.001,20260911,bajo,b17_ctx8,alto,0.0004971882090177746
fold2_stack_participant_C0.001_20260911,2,stack_participant_C0.001,20260911,bajo,b18_ctx1,bajo,-0.010785418424688916
fold2_stack_participant_C0.001_20260911,2,stack_participant_C0.001,20260911,bajo,b18_ctx1,medio,0.0018317814812348228
fold2_stack_participant_C0.001_20260911,2,stack_participant_C0.001,20260911,bajo,b18_ctx1,alto,0.01241438127084494
fold2_stack_participant_C0.001_20260911,2,stack_participant_C0.001,20260911,bajo,b18_ctx8,bajo,-0.03297514401545325
fold2_stack_participant_C0.001_20260911,2,stack_participant_C0.001,20260911,bajo,b18_ctx8,medio,0.021189660447894672
fold2_stack_participant_C0.001_20260911,2,stack_participant_C0.001,20260911,bajo,b18_ctx8,alto,0.02413209244493412
fold2_stack_participant_C0.001_20260911,2,stack_participant_C0.001,20260911,bajo,b19_ctx1,bajo,0.0058219321424415795
fold2_stack_participant_C0.001_20260911,2,stack_participant_C0.001,20260911,bajo,b19_ctx1,medio,0.004587080970846024
fold2_stack_participant_C0.001_20260911,2,stack_participant_C0.001,20260911,bajo,b19_ctx1,alto,-0.013353068108610236
fold2_stack_participant_C0.001_20260911,2,stack_participant_C0.001,20260911,bajo,b19_ctx8,bajo,0.045790854917826106
fold2_stack_participant_C0.001_20260911,2,stack_participant_C0.001,20260911,bajo,b19_ctx8,medio,-0.034218330422385694
fold2_stack_participant_C0.001_20260911,2,stack_participant_C0.001,20260911,bajo,b19_ctx8,alto,-0.030897088744482413
fold2_stack_participant_C0.001_20260911,2,stack_participant_C0.001,20260911,bajo,b20_ctx1,bajo,-0.024897653927893976
fold2_stack_participant_C0.001_20260911,2,stack_participant_C0.001,20260911,bajo,b20_ctx1,medio,0.010213431672385398
fold2_stack_participant_C0.001_20260911,2,stack_participant_C0.001,20260911,bajo,b20_ctx1,alto,0.020889941872907606
fold2_stack_participant_C0.001_20260911,2,stack_participant_C0.001,20260911,bajo,b20_ctx8,bajo,0.03505376124818685
fold2_stack_participant_C0.001_20260911,2,stack_participant_C0.001,20260911,bajo,b20_ctx8,medio,-0.029863147860423427
fold2_stack_participant_C0.001_20260911,2,stack_participant_C0.001,20260911,bajo,b20_ctx8,alto,-0.015940121974304125
fold2_stack_participant_C0.001_20260911,2,stack_participant_C0.001,20260911,bajo,b21_ctx1,bajo,-0.033316275814672155
fold2_stack_participant_C0.001_20260911,2,stack_participant_C0.001,20260911,bajo,b21_ctx1,medio,0.0006579154260701447
fold2_stack_participant_C0.001_20260911,2,stack_participant_C0.001,20260911,bajo,b21_ctx1,alto,0.03987220169185042
fold2_stack_participant_C0.001_20260911,2,stack_participant_C0.001,20260911,bajo,b21_ctx8,bajo,-0.022620349020750802
fold2_stack_participant_C0.001_20260911,2,stack_participant_C0.001,20260911,bajo,b21_ctx8,medio,0.009794479988622599
fold2_stack_participant_C0.001_20260911,2,stack_participant_C0.001,20260911,bajo,b21_ctx8,alto,0.014438896937362024
fold2_stack_participant_C0.001_20260911,2,stack_participant_C0.001,20260911,medio,b15_ctx1,bajo,0.015498969553873511
fold2_stack_participant_C0.001_20260911,2,stack_participant_C0.001,20260911,medio,b15_ctx1,medio,-0.0012536840557934078
fold2_stack_participant_C0.001_20260911,2,stack_participant_C0.001,20260911,medio,b15_ctx1,alto,-0.018796770379498198
fold2_stack_participant_C0.001_20260911,2,stack_participant_C0.001,20260911,medio,b15_ctx8,bajo,-0.002547653987298237
fold2_stack_participant_C0.001_20260911,2,stack_participant_C0.001,20260911,medio,b15_ctx8,medio,-0.000622798980719755
fold2_stack_participant_C0.001_20260911,2,stack_participant_C0.001,20260911,medio,b15_ctx8,alto,0.003978143280163375
fold2_stack_participant_C0.001_20260911,2,stack_participant_C0.001,20260911,medio,b16_ctx1,bajo,0.0029152862162233175
fold2_stack_participant_C0.001_20260911,2,stack_participant_C0.001,20260911,medio,b16_ctx1,medio,0.008513764818061093
fold2_stack_participant_C0.001_20260911,2,stack_participant_C0.001,20260911,medio,b16_ctx1,alto,-0.01310530617934814
fold2_stack_participant_C0.001_20260911,2,stack_participant_C0.001,20260911,medio,b16_ctx8,bajo,-0.001449929101740549
fold2_stack_participant_C0.001_20260911,2,stack_participant_C0.001,20260911,medio,b16_ctx8,medio,0.004465252151353403
fold2_stack_participant_C0.001_20260911,2,stack_participant_C0.001,20260911,medio,b16_ctx8,alto,-0.002302768160391697
fold2_stack_participant_C0.001_20260911,2,stack_participant_C0.001,20260911,medio,b17_ctx1,bajo,0.0005576507725917053
fold2_stack_participant_C0.001_20260911,2,stack_participant_C0.001,20260911,medio,b17_ctx1,medio,0.01453700059939052
fold2_stack_participant_C0.001_20260911,2,stack_participant_C0.001,20260911,medio,b17_ctx1,alto,-0.01696732421136721
fold2_stack_participant_C0.001_20260911,2,stack_participant_C0.001,20260911,medio,b17_ctx8,bajo,0.0021865998170751515
fold2_stack_participant_C0.001_20260911,2,stack_participant_C0.001,20260911,medio,b17_ctx8,medio,-0.004490648075839703
fold2_stack_participant_C0.001_20260911,2,stack_participant_C0.001,20260911,medio,b17_ctx8,alto,0.0013940333495909047
fold2_stack_participant_C0.001_20260911,2,stack_participant_C0.001,20260911,medio,b18_ctx1,bajo,0.0018682918648345885
fold2_stack_participant_C0.001_20260911,2,stack_participant_C0.001,20260911,medio,b18_ctx1,medio,0.019589512359496106
fold2_stack_participant_C0.001_20260911,2,stack_participant_C0.001,20260911,medio,b18_ctx1,alto,-0.025851822859364534
fold2_stack_participant_C0.001_20260911,2,stack_participant_C0.001,20260911,medio,b18_ctx8,bajo,0.0072356530872051215
fold2_stack_participant_C0.001_20260911,2,stack_participant_C0.001,20260911,medio,b18_ctx8,medio,-0.004683093147628348
fold2_stack_participant_C0.001_20260911,2,stack_participant_C0.001,20260911,medio,b18_ctx8,alto,-0.005263031832946682
fold2_stack_participant_C0.001_20260911,2,stack_participant_C0.001,20260911,medio,b19_ctx1,bajo,-0.0013072824080717386
fold2_stack_participant_C0.001_20260911,2,stack_participant_C0.001,20260911,medio,b19_ctx1,medio,-0.002664576676935395
fold2_stack_participant_C0.001_20260911,2,stack_participant_C0.001,20260911,medio,b19_ctx1,alto,0.004812384047509003
fold2_stack_participant_C0.001_20260911,2,stack_participant_C0.001,20260911,medio,b19_ctx8,bajo,-0.016421912363409254
fold2_stack_participant_C0.001_20260911,2,stack_participant_C0.001,20260911,medio,b19_ctx8,medio,0.006945947654632402
fold2_stack_participant_C0.001_20260911,2,stack_participant_C0.001,20260911,medio,b19_ctx8,alto,0.016264959808764717
fold2_stack_participant_C0.001_20260911,2,stack_participant_C0.001,20260911,medio,b20_ctx1,bajo,0.0071759304560367965
fold2_stack_participant_C0.001_20260911,2,stack_participant_C0.001,20260911,medio,b20_ctx1,medio,0.00212302562592537
fold2_stack_participant_C0.001_20260911,2,stack_participant_C0.001,20260911,medio,b20_ctx1,alto,-0.01176209575369993
fold2_stack_participant_C0.001_20260911,2,stack_participant_C0.001,20260911,medio,b20_ctx8,bajo,-0.011541340155801284
fold2_stack_participant_C0.001_20260911,2,stack_participant_C0.001,20260911,medio,b20_ctx8,medio,0.002948251159538198
fold2_stack_participant_C0.001_20260911,2,stack_participant_C0.001,20260911,medio,b20_ctx8,alto,0.011993958849664813
fold2_stack_participant_C0.001_20260911,2,stack_participant_C0.001,20260911,medio,b21_ctx1,bajo,-0.024371225817301903
fold2_stack_participant_C0.001_20260911,2,stack_participant_C0.001,20260911,medio,b21_ctx1,medio,0.02057694852509648
fold2_stack_participant_C0.001_20260911,2,stack_participant_C0.001,20260911,medio,b21_ctx1,alto,0.005486006420710149
fold2_stack_participant_C0.001_20260911,2,stack_participant_C0.001,20260911,medio,b21_ctx8,bajo,-0.013004193080910022
fold2_stack_participant_C0.001_20260911,2,stack_participant_C0.001,20260911,medio,b21_ctx8,medio,-0.01911926496133069
fold2_stack_participant_C0.001_20260911,2,stack_participant_C0.001,20260911,medio,b21_ctx8,alto,0.034359868460866326
fold2_stack_participant_C0.01_20260911,2,stack_participant_C0.01,20260911,alto,b15_ctx1,bajo,-0.05909742950124877
fold2_stack_participant_C0.01_20260911,2,stack_participant_C0.01,20260911,alto,b15_ctx1,medio,0.03259987125251708
fold2_stack_participant_C0.01_20260911,2,stack_participant_C0.01,20260911,alto,b15_ctx1,alto,0.041584529730958386
fold2_stack_participant_C0.01_20260911,2,stack_participant_C0.01,20260911,alto,b15_ctx8,bajo,-0.07927890812409136
fold2_stack_participant_C0.01_20260911,2,stack_participant_C0.01,20260911,alto,b15_ctx8,medio,0.0651597630480752
fold2_stack_participant_C0.01_20260911,2,stack_participant_C0.01,20260911,alto,b15_ctx8,alto,0.044110228596727016
fold2_stack_participant_C0.01_20260911,2,stack_participant_C0.01,20260911,alto,b16_ctx1,bajo,-0.025113308435655218
fold2_stack_participant_C0.01_20260911,2,stack_participant_C0.01,20260911,alto,b16_ctx1,medio,0.0094411391261393
fold2_stack_participant_C0.01_20260911,2,stack_participant_C0.01,20260911,alto,b16_ctx1,alto,0.023635350666788082
fold2_stack_participant_C0.01_20260911,2,stack_participant_C0.01,20260911,alto,b16_ctx8,bajo,-0.038907402213365576
fold2_stack_participant_C0.01_20260911,2,stack_participant_C0.01,20260911,alto,b16_ctx8,medio,0.02629097111639102
fold2_stack_participant_C0.01_20260911,2,stack_participant_C0.01,20260911,alto,b16_ctx8,alto,0.02860769874712178
fold2_stack_participant_C0.01_20260911,2,stack_participant_C0.01,20260911,alto,b17_ctx1,bajo,0.02256844897116016
fold2_stack_participant_C0.01_20260911,2,stack_participant_C0.01,20260911,alto,b17_ctx1,medio,-0.028023969597731905
fold2_stack_participant_C0.01_20260911,2,stack_participant_C0.01,20260911,alto,b17_ctx1,alto,0.0010035851825257994
fold2_stack_participant_C0.01_20260911,2,stack_participant_C0.01,20260911,alto,b17_ctx8,bajo,-0.020578590364754297
fold2_stack_participant_C0.01_20260911,2,stack_participant_C0.01,20260911,alto,b17_ctx8,medio,0.05211296963288192
fold2_stack_participant_C0.01_20260911,2,stack_participant_C0.01,20260911,alto,b17_ctx8,alto,-0.022779215009343972
fold2_stack_participant_C0.01_20260911,2,stack_participant_C0.01,20260911,alto,b18_ctx1,bajo,0.018098012538810066
fold2_stack_participant_C0.01_20260911,2,stack_participant_C0.01,20260911,alto,b18_ctx1,medio,-0.04094098044778976
fold2_stack_participant_C0.01_20260911,2,stack_participant_C0.01,20260911,alto,b18_ctx1,alto,0.024253869958529763
fold2_stack_participant_C0.01_20260911,2,stack_participant_C0.01,20260911,alto,b18_ctx8,bajo,0.08624569160228868
fold2_stack_participant_C0.01_20260911,2,stack_participant_C0.01,20260911,alto,b18_ctx8,medio,-0.08032788402464626
fold2_stack_participant_C0.01_20260911,2,stack_participant_C0.01,20260911,alto,b18_ctx8,alto,-0.03916658312173375
fold2_stack_participant_C0.01_20260911,2,stack_participant_C0.01,20260911,alto,b19_ctx1,bajo,0.008309143312994495
fold2_stack_participant_C0.01_20260911,2,stack_participant_C0.01,20260911,alto,b19_ctx1,medio,-0.004534507076014152
fold2_stack_participant_C0.01_20260911,2,stack_participant_C0.01,20260911,alto,b19_ctx1,alto,-0.006759862514904272
fold2_stack_participant_C0.01_20260911,2,stack_participant_C0.01,20260911,alto,b19_ctx8,bajo,-0.026639842476553457
fold2_stack_participant_C0.01_20260911,2,stack_participant_C0.01,20260911,alto,b19_ctx8,medio,0.02168076189581202
fold2_stack_participant_C0.01_20260911,2,stack_participant_C0.01,20260911,alto,b19_ctx8,alto,0.016248642466871275
fold2_stack_participant_C0.01_20260911,2,stack_participant_C0.01,20260911,alto,b20_ctx1,bajo,0.013529635599451618
fold2_stack_participant_C0.01_20260911,2,stack_participant_C0.01,20260911,alto,b20_ctx1,medio,-0.02994454158666313
fold2_stack_participant_C0.01_20260911,2,stack_participant_C0.01,20260911,alto,b20_ctx1,alto,0.016290355617398354
fold2_stack_participant_C0.01_20260911,2,stack_participant_C0.01,20260911,alto,b20_ctx8,bajo,-0.05805567958756004
fold2_stack_participant_C0.01_20260911,2,stack_participant_C0.01,20260911,alto,b20_ctx8,medio,0.02810688052790221
fold2_stack_participant_C0.01_20260911,2,stack_participant_C0.01,20260911,alto,b20_ctx8,alto,0.04732284161635479
fold2_stack_participant_C0.01_20260911,2,stack_participant_C0.01,20260911,alto,b21_ctx1,bajo,0.09339090942876449
fold2_stack_participant_C0.01_20260911,2,stack_participant_C0.01,20260911,alto,b21_ctx1,medio,-0.027721824248035987
fold2_stack_participant_C0.01_20260911,2,stack_participant_C0.01,20260911,alto,b21_ctx1,alto,-0.08127382168958286
fold2_stack_participant_C0.01_20260911,2,stack_participant_C0.01,20260911,alto,b21_ctx8,bajo,0.10352179326711627
fold2_stack_participant_C0.01_20260911,2,stack_participant_C0.01,20260911,alto,b21_ctx8,medio,-0.0006912334595475876
fold2_stack_participant_C0.01_20260911,2,stack_participant_C0.01,20260911,alto,b21_ctx8,alto,-0.11254689069710985
fold2_stack_participant_C0.01_20260911,2,stack_participant_C0.01,20260911,bajo,b15_ctx1,bajo,-0.02219283503566808
fold2_stack_participant_C0.01_20260911,2,stack_participant_C0.01,20260911,bajo,b15_ctx1,medio,0.0054226581220272645
fold2_stack_participant_C0.01_20260911,2,stack_participant_C0.01,20260911,bajo,b15_ctx1,alto,0.022991698802527633
fold2_stack_participant_C0.01_20260911,2,stack_participant_C0.01,20260911,bajo,b15_ctx8,bajo,0.06769595667001313
fold2_stack_participant_C0.01_20260911,2,stack_participant_C0.01,20260911,bajo,b15_ctx8,medio,-0.06657968301390933
fold2_stack_participant_C0.01_20260911,2,stack_participant_C0.01,20260911,bajo,b15_ctx8,alto,-0.02735407697472678
fold2_stack_participant_C0.01_20260911,2,stack_participant_C0.01,20260911,bajo,b16_ctx1,bajo,0.04295383034580393
fold2_stack_participant_C0.01_20260911,2,stack_participant_C0.01,20260911,bajo,b16_ctx1,medio,-0.03096249216756454
fold2_stack_participant_C0.01_20260911,2,stack_participant_C0.01,20260911,bajo,b16_ctx1,alto,-0.024452527031534353
fold2_stack_participant_C0.01_20260911,2,stack_participant_C0.01,20260911,bajo,b16_ctx8,bajo,0.018356858403195748
fold2_stack_participant_C0.01_20260911,2,stack_participant_C0.01,20260911,bajo,b16_ctx8,medio,-0.0436550634085907
fold2_stack_participant_C0.01_20260911,2,stack_participant_C0.01,20260911,bajo,b16_ctx8,alto,0.01670775552087702
fold2_stack_participant_C0.01_20260911,2,stack_participant_C0.01,20260911,bajo,b17_ctx1,bajo,-0.012531588447934785
fold2_stack_participant_C0.01_20260911,2,stack_participant_C0.01,20260911,bajo,b17_ctx1,medio,0.008671565621154939
fold2_stack_participant_C0.01_20260911,2,stack_participant_C0.01,20260911,bajo,b17_ctx1,alto,0.00712942430324592
fold2_stack_participant_C0.01_20260911,2,stack_participant_C0.01,20260911,bajo,b17_ctx8,bajo,0.008507160862098039
fold2_stack_participant_C0.01_20260911,2,stack_participant_C0.01,20260911,bajo,b17_ctx8,medio,-0.015892211918572947
fold2_stack_participant_C0.01_20260911,2,stack_participant_C0.01,20260911,bajo,b17_ctx8,alto,0.0038751439073509103
fold2_stack_participant_C0.01_20260911,2,stack_participant_C0.01,20260911,bajo,b18_ctx1,bajo,-0.04040271406441007
fold2_stack_participant_C0.01_20260911,2,stack_participant_C0.01,20260911,bajo,b18_ctx1,medio,0.012585208378573394
fold2_stack_participant_C0.01_20260911,2,stack_participant_C0.01,20260911,bajo,b18_ctx1,alto,0.03969068720303131
fold2_stack_participant_C0.01_20260911,2,stack_participant_C0.01,20260911,bajo,b18_ctx8,bajo,-0.09658185128627697
fold2_stack_participant_C0.01_20260911,2,stack_participant_C0.01,20260911,bajo,b18_ctx8,medio,0.09557496824183702
fold2_stack_participant_C0.01_20260911,2,stack_participant_C0.01,20260911,bajo,b18_ctx8,alto,0.03845621067360263
fold2_stack_participant_C0.01_20260911,2,stack_participant_C0.01,20260911,bajo,b19_ctx1,bajo,0.036739057264218174
fold2_stack_participant_C0.01_20260911,2,stack_participant_C0.01,20260911,bajo,b19_ctx1,medio,0.03114656287322
fold2_stack_participant_C0.01_20260911,2,stack_participant_C0.01,20260911,bajo,b19_ctx1,alto,-0.08670548300433828
fold2_stack_participant_C0.01_20260911,2,stack_participant_C0.01,20260911,bajo,b19_ctx8,bajo,0.08444270542657428
fold2_stack_participant_C0.01_20260911,2,stack_participant_C0.01,20260911,bajo,b19_ctx8,medio,-0.05168298379794556
fold2_stack_participant_C0.01_20260911,2,stack_participant_C0.01,20260911,bajo,b19_ctx8,alto,-0.06809299944341356
fold2_stack_participant_C0.01_20260911,2,stack_participant_C0.01,20260911,bajo,b20_ctx1,bajo,-0.07759836402886841
fold2_stack_participant_C0.01_20260911,2,stack_participant_C0.01,20260911,bajo,b20_ctx1,medio,0.045882469874732656
fold2_stack_participant_C0.01_20260911,2,stack_participant_C0.01,20260911,bajo,b20_ctx1,alto,0.04918666380589063
fold2_stack_participant_C0.01_20260911,2,stack_participant_C0.01,20260911,bajo,b20_ctx8,bajo,0.08741568442365664
fold2_stack_participant_C0.01_20260911,2,stack_participant_C0.01,20260911,bajo,b20_ctx8,medio,-0.08477639334435191
fold2_stack_participant_C0.01_20260911,2,stack_participant_C0.01,20260911,bajo,b20_ctx8,alto,-0.029653120689320047
fold2_stack_participant_C0.01_20260911,2,stack_participant_C0.01,20260911,bajo,b21_ctx1,bajo,0.005470824892743107
fold2_stack_participant_C0.01_20260911,2,stack_participant_C0.01,20260911,bajo,b21_ctx1,medio,-0.05140565268752084
fold2_stack_participant_C0.01_20260911,2,stack_participant_C0.01,20260911,bajo,b21_ctx1,alto,0.05390227581397088
fold2_stack_participant_C0.01_20260911,2,stack_participant_C0.01,20260911,bajo,b21_ctx8,bajo,-0.10343298060224966
fold2_stack_participant_C0.01_20260911,2,stack_participant_C0.01,20260911,bajo,b21_ctx8,medio,0.0733790265654856
fold2_stack_participant_C0.01_20260911,2,stack_participant_C0.01,20260911,bajo,b21_ctx8,alto,0.03591725362247902
fold2_stack_participant_C0.01_20260911,2,stack_participant_C0.01,20260911,medio,b15_ctx1,bajo,0.08129026453691608
fold2_stack_participant_C0.01_20260911,2,stack_participant_C0.01,20260911,medio,b15_ctx1,medio,-0.0380225293745447
fold2_stack_participant_C0.01_20260911,2,stack_participant_C0.01,20260911,medio,b15_ctx1,alto,-0.0645762285334851
fold2_stack_participant_C0.01_20260911,2,stack_participant_C0.01,20260911,medio,b15_ctx8,bajo,0.011582951454077877
fold2_stack_participant_C0.01_20260911,2,stack_participant_C0.01,20260911,medio,b15_ctx8,medio,0.0014199199658331977
fold2_stack_participant_C0.01_20260911,2,stack_participant_C0.01,20260911,medio,b15_ctx8,alto,-0.016756151622000448
fold2_stack_participant_C0.01_20260911,2,stack_participant_C0.01,20260911,medio,b16_ctx1,bajo,-0.017840521910148725
fold2_stack_participant_C0.01_20260911,2,stack_participant_C0.01,20260911,medio,b16_ctx1,medio,0.02152135304142448
fold2_stack_participant_C0.01_20260911,2,stack_participant_C0.01,20260911,medio,b16_ctx1,alto,0.0008171763647464131
fold2_stack_participant_C0.01_20260911,2,stack_participant_C0.01,20260911,medio,b16_ctx8,bajo,0.020550543810171417
fold2_stack_participant_C0.01_20260911,2,stack_participant_C0.01,20260911,medio,b16_ctx8,medio,0.01736409229219959
fold2_stack_participant_C0.01_20260911,2,stack_participant_C0.01,20260911,medio,b16_ctx8,alto,-0.045315454267997976
fold2_stack_participant_C0.01_20260911,2,stack_participant_C0.01,20260911,medio,b17_ctx1,bajo,-0.010036860523225031
fold2_stack_participant_C0.01_20260911,2,stack_participant_C0.01,20260911,medio,b17_ctx1,medio,0.019352403976576785
fold2_stack_participant_C0.01_20260911,2,stack_participant_C0.01,20260911,medio,b17_ctx1,alto,-0.008133009485772587
fold2_stack_participant_C0.01_20260911,2,stack_participant_C0.01,20260911,medio,b17_ctx8,bajo,0.01207142950265711
fold2_stack_participant_C0.01_20260911,2,stack_participant_C0.01,20260911,medio,b17_ctx8,medio,-0.036220757714309666
fold2_stack_participant_C0.01_20260911,2,stack_participant_C0.01,20260911,medio,b17_ctx8,alto,0.01890407110199248
fold2_stack_participant_C0.01_20260911,2,stack_participant_C0.01,20260911,medio,b18_ctx1,bajo,0.022304701525600344
fold2_stack_participant_C0.01_20260911,2,stack_participant_C0.01,20260911,medio,b18_ctx1,medio,0.028355772069216037
fold2_stack_participant_C0.01_20260911,2,stack_participant_C0.01,20260911,medio,b18_ctx1,alto,-0.06394455716156121
fold2_stack_participant_C0.01_20260911,2,stack_participant_C0.01,20260911,medio,b18_ctx8,bajo,0.010336159683988579
fold2_stack_participant_C0.01_20260911,2,stack_participant_C0.01,20260911,medio,b18_ctx8,medio,-0.015247084217191268
fold2_stack_participant_C0.01_20260911,2,stack_participant_C0.01,20260911,medio,b18_ctx8,alto,0.0007103724481327212
fold2_stack_participant_C0.01_20260911,2,stack_participant_C0.01,20260911,medio,b19_ctx1,bajo,-0.045048200577211844
fold2_stack_participant_C0.01_20260911,2,stack_participant_C0.01,20260911,medio,b19_ctx1,medio,-0.02661205579720629
fold2_stack_participant_C0.01_20260911,2,stack_participant_C0.01,20260911,medio,b19_ctx1,alto,0.09346534551924267
fold2_stack_participant_C0.01_20260911,2,stack_participant_C0.01,20260911,medio,b19_ctx8,bajo,-0.05780286295002143
fold2_stack_participant_C0.01_20260911,2,stack_participant_C0.01,20260911,medio,b19_ctx8,medio,0.030002221902133492
fold2_stack_participant_C0.01_20260911,2,stack_participant_C0.01,20260911,medio,b19_ctx8,alto,0.05184435697654197
fold2_stack_participant_C0.01_20260911,2,stack_participant_C0.01,20260911,medio,b20_ctx1,bajo,0.0640687284294165
fold2_stack_participant_C0.01_20260911,2,stack_participant_C0.01,20260911,medio,b20_ctx1,medio,-0.0159379282880694
fold2_stack_participant_C0.01_20260911,2,stack_participant_C0.01,20260911,medio,b20_ctx1,alto,-0.06547701942328894
fold2_stack_participant_C0.01_20260911,2,stack_participant_C0.01,20260911,medio,b20_ctx8,bajo,-0.029360004836096684
fold2_stack_participant_C0.01_20260911,2,stack_participant_C0.01,20260911,medio,b20_ctx8,medio,0.05666951281645024
fold2_stack_participant_C0.01_20260911,2,stack_participant_C0.01,20260911,medio,b20_ctx8,alto,-0.017669720927033478
fold2_stack_participant_C0.01_20260911,2,stack_participant_C0.01,20260911,medio,b21_ctx1,bajo,-0.0988617343215071
fold2_stack_participant_C0.01_20260911,2,stack_participant_C0.01,20260911,medio,b21_ctx1,medio,0.07912747693555704
fold2_stack_participant_C0.01_20260911,2,stack_participant_C0.01,20260911,medio,b21_ctx1,alto,0.027371545875612226
fold2_stack_participant_C0.01_20260911,2,stack_participant_C0.01,20260911,medio,b21_ctx8,bajo,-8.881266486699038e-05
fold2_stack_participant_C0.01_20260911,2,stack_participant_C0.01,20260911,medio,b21_ctx8,medio,-0.07268779310593744
fold2_stack_participant_C0.01_20260911,2,stack_participant_C0.01,20260911,medio,b21_ctx8,alto,0.07662963707463001
fold2_stack_participant_C0.1_20260911,2,stack_participant_C0.1,20260911,alto,b15_ctx1,bajo,-0.16343275038862096
fold2_stack_participant_C0.1_20260911,2,stack_participant_C0.1,20260911,alto,b15_ctx1,medio,0.19459252247403236
fold2_stack_participant_C0.1_20260911,2,stack_participant_C0.1,20260911,alto,b15_ctx1,alto,0.0020493403783095583
fold2_stack_participant_C0.1_20260911,2,stack_participant_C0.1,20260911,alto,b15_ctx8,bajo,-0.04542028826191388
fold2_stack_participant_C0.1_20260911,2,stack_participant_C0.1,20260911,alto,b15_ctx8,medio,0.1269897493969248
fold2_stack_participant_C0.1_20260911,2,stack_participant_C0.1,20260911,alto,b15_ctx8,alto,-0.05923592383787593
fold2_stack_participant_C0.1_20260911,2,stack_participant_C0.1,20260911,alto,b16_ctx1,bajo,-0.12857784183707893
fold2_stack_participant_C0.1_20260911,2,stack_participant_C0.1,20260911,alto,b16_ctx1,medio,0.10931788281811895
fold2_stack_participant_C0.1_20260911,2,stack_participant_C0.1,20260911,alto,b16_ctx1,alto,0.055259758597968174
fold2_stack_participant_C0.1_20260911,2,stack_participant_C0.1,20260911,alto,b16_ctx8,bajo,0.03409251961319059
fold2_stack_participant_C0.1_20260911,2,stack_participant_C0.1,20260911,alto,b16_ctx8,medio,-0.11626951931860391
fold2_stack_participant_C0.1_20260911,2,stack_participant_C0.1,20260911,alto,b16_ctx8,alto,0.06504521070290564
fold2_stack_participant_C0.1_20260911,2,stack_participant_C0.1,20260911,alto,b17_ctx1,bajo,0.06729000838248768
fold2_stack_participant_C0.1_20260911,2,stack_participant_C0.1,20260911,alto,b17_ctx1,medio,-0.043420093170693924
fold2_stack_participant_C0.1_20260911,2,stack_participant_C0.1,20260911,alto,b17_ctx1,alto,-0.04178917049890022
fold2_stack_participant_C0.1_20260911,2,stack_participant_C0.1,20260911,alto,b17_ctx8,bajo,-0.20176103094431244
fold2_stack_participant_C0.1_20260911,2,stack_participant_C0.1,20260911,alto,b17_ctx8,medio,0.37758213567310034
fold2_stack_participant_C0.1_20260911,2,stack_participant_C0.1,20260911,alto,b17_ctx8,alto,-0.09256496902084672
fold2_stack_participant_C0.1_20260911,2,stack_participant_C0.1,20260911,alto,b18_ctx1,bajo,0.042048118022885266
fold2_stack_participant_C0.1_20260911,2,stack_participant_C0.1,20260911,alto,b18_ctx1,medio,-0.09480347484776053
fold2_stack_participant_C0.1_20260911,2,stack_participant_C0.1,20260911,alto,b18_ctx1,alto,0.05597296292695244
fold2_stack_participant_C0.1_20260911,2,stack_participant_C0.1,20260911,alto,b18_ctx8,bajo,0.19323122298073697
fold2_stack_participant_C0.1_20260911,2,stack_participant_C0.1,20260911,alto,b18_ctx8,medio,-0.27635471109825727
fold2_stack_participant_C0.1_20260911,2,stack_participant_C0.1,20260911,alto,b18_ctx8,alto,0.004929026239120143
fold2_stack_participant_C0.1_20260911,2,stack_participant_C0.1,20260911,alto,b19_ctx1,bajo,0.09002281517860321
fold2_stack_participant_C0.1_20260911,2,stack_participant_C0.1,20260911,alto,b19_ctx1,medio,-0.08147592175801292
fold2_stack_participant_C0.1_20260911,2,stack_participant_C0.1,20260911,alto,b19_ctx1,alto,-0.037338000876200775
fold2_stack_participant_C0.1_20260911,2,stack_participant_C0.1,20260911,alto,b19_ctx8,bajo,0.005146606506602857
fold2_stack_participant_C0.1_20260911,2,stack_participant_C0.1,20260911,alto,b19_ctx8,medio,-0.01748522588685847
fold2_stack_participant_C0.1_20260911,2,stack_participant_C0.1,20260911,alto,b19_ctx8,alto,0.009804665552854093
fold2_stack_participant_C0.1_20260911,2,stack_participant_C0.1,20260911,alto,b20_ctx1,bajo,0.09431990302532474
fold2_stack_participant_C0.1_20260911,2,stack_participant_C0.1,20260911,alto,b20_ctx1,medio,-0.18214118139505756
fold2_stack_participant_C0.1_20260911,2,stack_participant_C0.1,20260911,alto,b20_ctx1,alto,0.08340995032388664
fold2_stack_participant_C0.1_20260911,2,stack_participant_C0.1,20260911,alto,b20_ctx8,bajo,-0.17128655684015384
fold2_stack_participant_C0.1_20260911,2,stack_participant_C0.1,20260911,alto,b20_ctx8,medio,0.020054934087772827
fold2_stack_participant_C0.1_20260911,2,stack_participant_C0.1,20260911,alto,b20_ctx8,alto,0.2012279979220044
fold2_stack_participant_C0.1_20260911,2,stack_participant_C0.1,20260911,alto,b21_ctx1,bajo,0.07492422562024456
fold2_stack_participant_C0.1_20260911,2,stack_participant_C0.1,20260911,alto,b21_ctx1,medio,0.0022071147141106418
fold2_stack_participant_C0.1_20260911,2,stack_participant_C0.1,20260911,alto,b21_ctx1,alto,-0.09401212908964705
fold2_stack_participant_C0.1_20260911,2,stack_participant_C0.1,20260911,alto,b21_ctx8,bajo,0.16463069232731356
fold2_stack_participant_C0.1_20260911,2,stack_participant_C0.1,20260911,alto,b21_ctx8,medio,-0.003813902872003376
fold2_stack_participant_C0.1_20260911,2,stack_participant_C0.1,20260911,alto,b21_ctx8,alto,-0.17612508427686832
fold2_stack_participant_C0.1_20260911,2,stack_participant_C0.1,20260911,bajo,b15_ctx1,bajo,0.006284952310549563
fold2_stack_participant_C0.1_20260911,2,stack_participant_C0.1,20260911,bajo,b15_ctx1,medio,-0.048828493201224246
fold2_stack_participant_C0.1_20260911,2,stack_participant_C0.1,20260911,bajo,b15_ctx1,alto,0.04463684085772856
fold2_stack_participant_C0.1_20260911,2,stack_participant_C0.1,20260911,bajo,b15_ctx8,bajo,0.03902942598175863
fold2_stack_participant_C0.1_20260911,2,stack_participant_C0.1,20260911,bajo,b15_ctx8,medio,0.018472201539493915
fold2_stack_participant_C0.1_20260911,2,stack_participant_C0.1,20260911,bajo,b15_ctx8,alto,-0.06936212912008703
fold2_stack_participant_C0.1_20260911,2,stack_participant_C0.1,20260911,bajo,b16_ctx1,bajo,0.15739618734471342
fold2_stack_participant_C0.1_20260911,2,stack_participant_C0.1,20260911,bajo,b16_ctx1,medio,-0.22372076008079383
fold2_stack_participant_C0.1_20260911,2,stack_participant_C0.1,20260911,bajo,b16_ctx1,alto,0.02928977889982285
fold2_stack_participant_C0.1_20260911,2,stack_participant_C0.1,20260911,bajo,b16_ctx8,bajo,-0.13089194724357034
fold2_stack_participant_C0.1_20260911,2,stack_participant_C0.1,20260911,bajo,b16_ctx8,medio,-0.018638426222914072
fold2_stack_participant_C0.1_20260911,2,stack_participant_C0.1,20260911,bajo,b16_ctx8,alto,0.19974502965180418
fold2_stack_participant_C0.1_20260911,2,stack_participant_C0.1,20260911,bajo,b17_ctx1,bajo,-0.07200558936918683
fold2_stack_participant_C0.1_20260911,2,stack_participant_C0.1,20260911,bajo,b17_ctx1,medio,0.07351561897391864
fold2_stack_participant_C0.1_20260911,2,stack_participant_C0.1,20260911,bajo,b17_ctx1,alto,0.014533878148652814
fold2_stack_participant_C0.1_20260911,2,stack_participant_C0.1,20260911,bajo,b17_ctx8,bajo,0.23069546606305227
fold2_stack_participant_C0.1_20260911,2,stack_participant_C0.1,20260911,bajo,b17_ctx8,medio,-0.2564331215110455
fold2_stack_participant_C0.1_20260911,2,stack_participant_C0.1,20260911,bajo,b17_ctx8,alto,-0.06606262687827281
fold2_stack_participant_C0.1_20260911,2,stack_participant_C0.1,20260911,bajo,b18_ctx1,bajo,-0.11376152138462263
fold2_stack_participant_C0.1_20260911,2,stack_participant_C0.1,20260911,bajo,b18_ctx1,medio,0.08238065778136082
fold2_stack_participant_C0.1_20260911,2,stack_participant_C0.1,20260911,bajo,b18_ctx1,alto,0.055863724207670065
fold2_stack_participant_C0.1_20260911,2,stack_participant_C0.1,20260911,bajo,b18_ctx8,bajo,-0.212700248464389
fold2_stack_participant_C0.1_20260911,2,stack_participant_C0.1,20260911,bajo,b18_ctx8,medio,0.2702906431026567
fold2_stack_participant_C0.1_20260911,2,stack_participant_C0.1,20260911,bajo,b18_ctx8,alto,0.027180349920919833
fold2_stack_participant_C0.1_20260911,2,stack_participant_C0.1,20260911,bajo,b19_ctx1,bajo,0.13381225332589414
fold2_stack_participant_C0.1_20260911,2,stack_participant_C0.1,20260911,bajo,b19_ctx1,medio,0.08044923532530562
fold2_stack_participant_C0.1_20260911,2,stack_participant_C0.1,20260911,bajo,b19_ctx1,alto,-0.279185564512243
fold2_stack_participant_C0.1_20260911,2,stack_participant_C0.1,20260911,bajo,b19_ctx8,bajo,0.05418694564338778
fold2_stack_participant_C0.1_20260911,2,stack_participant_C0.1,20260911,bajo,b19_ctx8,medio,0.05468175861324076
fold2_stack_participant_C0.1_20260911,2,stack_participant_C0.1,20260911,bajo,b19_ctx8,alto,-0.12921060040230753
fold2_stack_participant_C0.1_20260911,2,stack_participant_C0.1,20260911,bajo,b20_ctx1,bajo,-0.3514785172474969
fold2_stack_participant_C0.1_20260911,2,stack_participant_C0.1,20260911,bajo,b20_ctx1,medio,0.22691417484686915
fold2_stack_participant_C0.1_20260911,2,stack_participant_C0.1,20260911,bajo,b20_ctx1,alto,0.20115575895419516
fold2_stack_participant_C0.1_20260911,2,stack_participant_C0.1,20260911,bajo,b20_ctx8,bajo,0.29810697810890474
fold2_stack_participant_C0.1_20260911,2,stack_participant_C0.1,20260911,bajo,b20_ctx8,medio,-0.349260267368091
fold2_stack_participant_C0.1_20260911,2,stack_participant_C0.1,20260911,bajo,b20_ctx8,alto,-0.042179000206350695
fold2_stack_participant_C0.1_20260911,2,stack_participant_C0.1,20260911,bajo,b21_ctx1,bajo,0.17635220929416714
fold2_stack_participant_C0.1_20260911,2,stack_participant_C0.1,20260911,bajo,b21_ctx1,medio,-0.16905917278649707
fold2_stack_participant_C0.1_20260911,2,stack_participant_C0.1,20260911,bajo,b21_ctx1,alto,-0.015937300625533123
fold2_stack_participant_C0.1_20260911,2,stack_participant_C0.1,20260911,bajo,b21_ctx8,bajo,-0.24186388358380745
fold2_stack_participant_C0.1_20260911,2,stack_participant_C0.1,20260911,bajo,b21_ctx8,medio,0.19626035964763708
fold2_stack_participant_C0.1_20260911,2,stack_participant_C0.1,20260911,bajo,b21_ctx8,alto,0.0580089947262577
fold2_stack_participant_C0.1_20260911,2,stack_participant_C0.1,20260911,medio,b15_ctx1,bajo,0.15714779807807253
fold2_stack_participant_C0.1_20260911,2,stack_participant_C0.1,20260911,medio,b15_ctx1,medio,-0.1457640292728049
fold2_stack_participant_C0.1_20260911,2,stack_participant_C0.1,20260911,medio,b15_ctx1,alto,-0.04668618123604044
fold2_stack_participant_C0.1_20260911,2,stack_participant_C0.1,20260911,medio,b15_ctx8,bajo,0.006390862280156796
fold2_stack_participant_C0.1_20260911,2,stack_participant_C0.1,20260911,medio,b15_ctx8,medio,-0.14546195093641714
fold2_stack_participant_C0.1_20260911,2,stack_participant_C0.1,20260911,medio,b15_ctx8,alto,0.12859805295796367
fold2_stack_participant_C0.1_20260911,2,stack_participant_C0.1,20260911,medio,b16_ctx1,bajo,-0.02881834550763443
fold2_stack_participant_C0.1_20260911,2,stack_participant_C0.1,20260911,medio,b16_ctx1,medio,0.1144028772626721
fold2_stack_participant_C0.1_20260911,2,stack_participant_C0.1,20260911,medio,b16_ctx1,alto,-0.08454953749778692
fold2_stack_participant_C0.1_20260911,2,stack_participant_C0.1,20260911,medio,b16_ctx8,bajo,0.09679942763037785
fold2_stack_participant_C0.1_20260911,2,stack_participant_C0.1,20260911,medio,b16_ctx8,medio,0.13490794554151808
fold2_stack_participant_C0.1_20260911,2,stack_participant_C0.1,20260911,medio,b16_ctx8,alto,-0.26479024035470955
fold2_stack_participant_C0.1_20260911,2,stack_participant_C0.1,20260911,medio,b17_ctx1,bajo,0.004715580986695821
fold2_stack_participant_C0.1_20260911,2,stack_participant_C0.1,20260911,medio,b17_ctx1,medio,-0.030095525803227528
fold2_stack_participant_C0.1_20260911,2,stack_participant_C0.1,20260911,medio,b17_ctx1,alto,0.027255292350249895
fold2_stack_participant_C0.1_20260911,2,stack_participant_C0.1,20260911,medio,b17_ctx8,bajo,-0.028934435118742708
fold2_stack_participant_C0.1_20260911,2,stack_participant_C0.1,20260911,medio,b17_ctx8,medio,-0.12114901416205985
fold2_stack_participant_C0.1_20260911,2,stack_participant_C0.1,20260911,medio,b17_ctx8,alto,0.1586275958991205
fold2_stack_participant_C0.1_20260911,2,stack_participant_C0.1,20260911,medio,b18_ctx1,bajo,0.07171340336173664
fold2_stack_participant_C0.1_20260911,2,stack_participant_C0.1,20260911,medio,b18_ctx1,medio,0.012422817066399609
fold2_stack_participant_C0.1_20260911,2,stack_participant_C0.1,20260911,medio,b18_ctx1,alto,-0.11183668713462243
fold2_stack_participant_C0.1_20260911,2,stack_participant_C0.1,20260911,medio,b18_ctx8,bajo,0.0194690254836543
fold2_stack_participant_C0.1_20260911,2,stack_participant_C0.1,20260911,medio,b18_ctx8,medio,0.006064067995601153
fold2_stack_participant_C0.1_20260911,2,stack_participant_C0.1,20260911,medio,b18_ctx8,alto,-0.03210937616003396
fold2_stack_participant_C0.1_20260911,2,stack_participant_C0.1,20260911,medio,b19_ctx1,bajo,-0.2238350685045016
fold2_stack_participant_C0.1_20260911,2,stack_participant_C0.1,20260911,medio,b19_ctx1,medio,0.0010266864327052273
fold2_stack_participant_C0.1_20260911,2,stack_participant_C0.1,20260911,medio,b19_ctx1,alto,0.3165235653884418
fold2_stack_participant_C0.1_20260911,2,stack_participant_C0.1,20260911,medio,b19_ctx8,bajo,-0.059333552149995514
fold2_stack_participant_C0.1_20260911,2,stack_participant_C0.1,20260911,medio,b19_ctx8,medio,-0.037196532726380696
fold2_stack_participant_C0.1_20260911,2,stack_participant_C0.1,20260911,medio,b19_ctx8,alto,0.11940593484945286
fold2_stack_participant_C0.1_20260911,2,stack_participant_C0.1,20260911,medio,b20_ctx1,bajo,0.2571586142221734
fold2_stack_participant_C0.1_20260911,2,stack_participant_C0.1,20260911,medio,b20_ctx1,medio,-0.04477299345180723
fold2_stack_participant_C0.1_20260911,2,stack_participant_C0.1,20260911,medio,b20_ctx1,alto,-0.2845657092780772
fold2_stack_participant_C0.1_20260911,2,stack_participant_C0.1,20260911,medio,b20_ctx8,bajo,-0.12682042126875098
fold2_stack_participant_C0.1_20260911,2,stack_participant_C0.1,20260911,medio,b20_ctx8,medio,0.32920533328031404
fold2_stack_participant_C0.1_20260911,2,stack_participant_C0.1,20260911,medio,b20_ctx8,alto,-0.15904899771565245
fold2_stack_participant_C0.1_20260911,2,stack_participant_C0.1,20260911,medio,b21_ctx1,bajo,-0.2512764349144092
fold2_stack_participant_C0.1_20260911,2,stack_participant_C0.1,20260911,medio,b21_ctx1,medio,0.16685205807238454
fold2_stack_participant_C0.1_20260911,2,stack_participant_C0.1,20260911,medio,b21_ctx1,alto,0.10994942971517649
fold2_stack_participant_C0.1_20260911,2,stack_participant_C0.1,20260911,medio,b21_ctx8,bajo,0.07723319125649056
fold2_stack_participant_C0.1_20260911,2,stack_participant_C0.1,20260911,medio,b21_ctx8,medio,-0.19244645677562927
fold2_stack_participant_C0.1_20260911,2,stack_participant_C0.1,20260911,medio,b21_ctx8,alto,0.11811608955061159
fold2_stack_global_C0.001_20260912,2,stack_global_C0.001,20260912,alto,b15_ctx1,bajo,0.0003817090430095479
fold2_stack_global_C0.001_20260912,2,stack_global_C0.001,20260912,alto,b15_ctx1,medio,-0.006556823158248873
fold2_stack_global_C0.001_20260912,2,stack_global_C0.001,20260912,alto,b15_ctx1,alto,0.006595002643275742
fold2_stack_global_C0.001_20260912,2,stack_global_C0.001,20260912,alto,b15_ctx8,bajo,-0.030321517116608878
fold2_stack_global_C0.001_20260912,2,stack_global_C0.001,20260912,alto,b15_ctx8,medio,0.02687688140243001
fold2_stack_global_C0.001_20260912,2,stack_global_C0.001,20260912,alto,b15_ctx8,alto,0.015027563257983313
fold2_stack_global_C0.001_20260912,2,stack_global_C0.001,20260912,alto,b16_ctx1,bajo,-0.007469423552748894
fold2_stack_global_C0.001_20260912,2,stack_global_C0.001,20260912,alto,b16_ctx1,medio,-0.0023088548297180303
fold2_stack_global_C0.001_20260912,2,stack_global_C0.001,20260912,alto,b16_ctx1,alto,0.012547096240775567
fold2_stack_global_C0.001_20260912,2,stack_global_C0.001,20260912,alto,b16_ctx8,bajo,-0.019560378652753056
fold2_stack_global_C0.001_20260912,2,stack_global_C0.001,20260912,alto,b16_ctx8,medio,0.01590533063467504
fold2_stack_global_C0.001_20260912,2,stack_global_C0.001,20260912,alto,b16_ctx8,alto,0.011784457675918812
fold2_stack_global_C0.001_20260912,2,stack_global_C0.001,20260912,alto,b17_ctx1,bajo,0.0031917495748589567
fold2_stack_global_C0.001_20260912,2,stack_global_C0.001,20260912,alto,b17_ctx1,medio,-0.010612109424674257
fold2_stack_global_C0.001_20260912,2,stack_global_C0.001,20260912,alto,b17_ctx1,alto,0.007560282056681084
fold2_stack_global_C0.001_20260912,2,stack_global_C0.001,20260912,alto,b17_ctx8,bajo,0.0015963574688539475
fold2_stack_global_C0.001_20260912,2,stack_global_C0.001,20260912,alto,b17_ctx8,medio,0.003791777878111144
fold2_stack_global_C0.001_20260912,2,stack_global_C0.001,20260912,alto,b17_ctx8,alto,-0.0059155518424083495
fold2_stack_global_C0.001_20260912,2,stack_global_C0.001,20260912,alto,b18_ctx1,bajo,0.007500386590876463
fold2_stack_global_C0.001_20260912,2,stack_global_C0.001,20260912,alto,b18_ctx1,medio,-0.017052374648173458
fold2_stack_global_C0.001_20260912,2,stack_global_C0.001,20260912,alto,b18_ctx1,alto,0.010152939734807416
fold2_stack_global_C0.001_20260912,2,stack_global_C0.001,20260912,alto,b18_ctx8,bajo,0.028384147907769205
fold2_stack_global_C0.001_20260912,2,stack_global_C0.001,20260912,alto,b18_ctx8,medio,-0.017612873224534822
fold2_stack_global_C0.001_20260912,2,stack_global_C0.001,20260912,alto,b18_ctx8,alto,-0.021374849824297666
fold2_stack_global_C0.001_20260912,2,stack_global_C0.001,20260912,alto,b19_ctx1,bajo,-0.0018449007664268595
fold2_stack_global_C0.001_20260912,2,stack_global_C0.001,20260912,alto,b19_ctx1,medio,0.0007959806592105981
fold2_stack_global_C0.001_20260912,2,stack_global_C0.001,20260912,alto,b19_ctx1,alto,0.0017348836972404145
fold2_stack_global_C0.001_20260912,2,stack_global_C0.001,20260912,alto,b19_ctx8,bajo,-0.027041578415767254
fold2_stack_global_C0.001_20260912,2,stack_global_C0.001,20260912,alto,b19_ctx8,medio,0.02527580067438426
fold2_stack_global_C0.001_20260912,2,stack_global_C0.001,20260912,alto,b19_ctx8,alto,0.01331232578511318
fold2_stack_global_C0.001_20260912,2,stack_global_C0.001,20260912,alto,b20_ctx1,bajo,0.019861942374482758
fold2_stack_global_C0.001_20260912,2,stack_global_C0.001,20260912,alto,b20_ctx1,medio,-0.014269695587708974
fold2_stack_global_C0.001_20260912,2,stack_global_C0.001,20260912,alto,b20_ctx1,alto,-0.009727781602691464
fold2_stack_global_C0.001_20260912,2,stack_global_C0.001,20260912,alto,b20_ctx8,bajo,-0.026083580726541922
fold2_stack_global_C0.001_20260912,2,stack_global_C0.001,20260912,alto,b20_ctx8,medio,0.02506286210482909
fold2_stack_global_C0.001_20260912,2,stack_global_C0.001,20260912,alto,b20_ctx8,alto,0.009076568939838133
fold2_stack_global_C0.001_20260912,2,stack_global_C0.001,20260912,alto,b21_ctx1,bajo,0.0522763417675731
fold2_stack_global_C0.001_20260912,2,stack_global_C0.001,20260912,alto,b21_ctx1,medio,-0.011753488489069316
fold2_stack_global_C0.001_20260912,2,stack_global_C0.001,20260912,alto,b21_ctx1,alto,-0.04992927744073962
fold2_stack_global_C0.001_20260912,2,stack_global_C0.001,20260912,alto,b21_ctx8,bajo,0.02340330791077407
fold2_stack_global_C0.001_20260912,2,stack_global_C0.001,20260912,alto,b21_ctx8,medio,0.01439630541711042
fold2_stack_global_C0.001_20260912,2,stack_global_C0.001,20260912,alto,b21_ctx8,alto,-0.04076592403974864
fold2_stack_global_C0.001_20260912,2,stack_global_C0.001,20260912,bajo,b15_ctx1,bajo,-0.01855108933812496
fold2_stack_global_C0.001_20260912,2,stack_global_C0.001,20260912,bajo,b15_ctx1,medio,0.010295541354406815
fold2_stack_global_C0.001_20260912,2,stack_global_C0.001,20260912,bajo,b15_ctx1,alto,0.012986380169629995
fold2_stack_global_C0.001_20260912,2,stack_global_C0.001,20260912,bajo,b15_ctx8,bajo,0.03199560664385163
fold2_stack_global_C0.001_20260912,2,stack_global_C0.001,20260912,bajo,b15_ctx8,medio,-0.024422996550112968
fold2_stack_global_C0.001_20260912,2,stack_global_C0.001,20260912,bajo,b15_ctx8,alto,-0.019568809547345203
fold2_stack_global_C0.001_20260912,2,stack_global_C0.001,20260912,bajo,b16_ctx1,bajo,0.007077247928918541
fold2_stack_global_C0.001_20260912,2,stack_global_C0.001,20260912,bajo,b16_ctx1,medio,-0.006051595792015489
fold2_stack_global_C0.001_20260912,2,stack_global_C0.001,20260912,bajo,b16_ctx1,alto,-0.0030044752546294715
fold2_stack_global_C0.001_20260912,2,stack_global_C0.001,20260912,bajo,b16_ctx8,bajo,0.023522492885877797
fold2_stack_global_C0.001_20260912,2,stack_global_C0.001,20260912,bajo,b16_ctx8,medio,-0.020947736059633314
fold2_stack_global_C0.001_20260912,2,stack_global_C0.001,20260912,bajo,b16_ctx8,alto,-0.012411762362841574
fold2_stack_global_C0.001_20260912,2,stack_global_C0.001,20260912,bajo,b17_ctx1,bajo,-0.002647923867516372
fold2_stack_global_C0.001_20260912,2,stack_global_C0.001,20260912,bajo,b17_ctx1,medio,-0.0039786090451113905
fold2_stack_global_C0.001_20260912,2,stack_global_C0.001,20260912,bajo,b17_ctx1,alto,0.00798991644677234
fold2_stack_global_C0.001_20260912,2,stack_global_C0.001,20260912,bajo,b17_ctx8,bajo,-0.0018171662747029753
fold2_stack_global_C0.001_20260912,2,stack_global_C0.001,20260912,bajo,b17_ctx8,medio,-0.0012253526029217796
fold2_stack_global_C0.001_20260912,2,stack_global_C0.001,20260912,bajo,b17_ctx8,alto,0.0037027595415164887
fold2_stack_global_C0.001_20260912,2,stack_global_C0.001,20260912,bajo,b18_ctx1,bajo,-0.010081775990315513
fold2_stack_global_C0.001_20260912,2,stack_global_C0.001,20260912,bajo,b18_ctx1,medio,-0.0021376149259729675
fold2_stack_global_C0.001_20260912,2,stack_global_C0.001,20260912,bajo,b18_ctx1,alto,0.016188201965841177
fold2_stack_global_C0.001_20260912,2,stack_global_C0.001,20260912,bajo,b18_ctx8,bajo,-0.03402261972852135
fold2_stack_global_C0.001_20260912,2,stack_global_C0.001,20260912,bajo,b18_ctx8,medio,0.020334538531937625
fold2_stack_global_C0.001_20260912,2,stack_global_C0.001,20260912,bajo,b18_ctx8,alto,0.02636819798017035
fold2_stack_global_C0.001_20260912,2,stack_global_C0.001,20260912,bajo,b19_ctx1,bajo,0.004949496583900577
fold2_stack_global_C0.001_20260912,2,stack_global_C0.001,20260912,bajo,b19_ctx1,medio,0.0031802503405763917
fold2_stack_global_C0.001_20260912,2,stack_global_C0.001,20260912,bajo,b19_ctx1,alto,-0.010553640795644064
fold2_stack_global_C0.001_20260912,2,stack_global_C0.001,20260912,bajo,b19_ctx8,bajo,0.04833860215364823
fold2_stack_global_C0.001_20260912,2,stack_global_C0.001,20260912,bajo,b19_ctx8,medio,-0.034899771545606674
fold2_stack_global_C0.001_20260912,2,stack_global_C0.001,20260912,bajo,b19_ctx8,alto,-0.03380614628088831
fold2_stack_global_C0.001_20260912,2,stack_global_C0.001,20260912,bajo,b20_ctx1,bajo,-0.030663149448231494
fold2_stack_global_C0.001_20260912,2,stack_global_C0.001,20260912,bajo,b20_ctx1,medio,0.01395034900691386
fold2_stack_global_C0.001_20260912,2,stack_global_C0.001,20260912,bajo,b20_ctx1,alto,0.024172931593790595
fold2_stack_global_C0.001_20260912,2,stack_global_C0.001,20260912,bajo,b20_ctx8,bajo,0.035964145952799766
fold2_stack_global_C0.001_20260912,2,stack_global_C0.001,20260912,bajo,b20_ctx8,medio,-0.027282877419698728
fold2_stack_global_C0.001_20260912,2,stack_global_C0.001,20260912,bajo,b20_ctx8,alto,-0.01964250034074222
fold2_stack_global_C0.001_20260912,2,stack_global_C0.001,20260912,bajo,b21_ctx1,bajo,-0.027817772522830433
fold2_stack_global_C0.001_20260912,2,stack_global_C0.001,20260912,bajo,b21_ctx1,medio,-0.011440522851287244
fold2_stack_global_C0.001_20260912,2,stack_global_C0.001,20260912,bajo,b21_ctx1,alto,0.04742068155838315
fold2_stack_global_C0.001_20260912,2,stack_global_C0.001,20260912,bajo,b21_ctx8,bajo,-0.00774161328667361
fold2_stack_global_C0.001_20260912,2,stack_global_C0.001,20260912,bajo,b21_ctx8,medio,0.002813882702914414
fold2_stack_global_C0.001_20260912,2,stack_global_C0.001,20260912,bajo,b21_ctx8,alto,0.005508241490991472
fold2_stack_global_C0.001_20260912,2,stack_global_C0.001,20260912,medio,b15_ctx1,bajo,0.0181693802951155
fold2_stack_global_C0.001_20260912,2,stack_global_C0.001,20260912,medio,b15_ctx1,medio,-0.0037387181961579855
fold2_stack_global_C0.001_20260912,2,stack_global_C0.001,20260912,medio,b15_ctx1,alto,-0.019581382812905754
fold2_stack_global_C0.001_20260912,2,stack_global_C0.001,20260912,medio,b15_ctx8,bajo,-0.0016740895272426815
fold2_stack_global_C0.001_20260912,2,stack_global_C0.001,20260912,medio,b15_ctx8,medio,-0.0024538848523170806
fold2_stack_global_C0.001_20260912,2,stack_global_C0.001,20260912,medio,b15_ctx8,alto,0.004541246289361845
fold2_stack_global_C0.001_20260912,2,stack_global_C0.001,20260912,medio,b16_ctx1,bajo,0.0003921756238303753
fold2_stack_global_C0.001_20260912,2,stack_global_C0.001,20260912,medio,b16_ctx1,medio,0.00836045062173344
fold2_stack_global_C0.001_20260912,2,stack_global_C0.001,20260912,medio,b16_ctx1,alto,-0.009542620986146185
fold2_stack_global_C0.001_20260912,2,stack_global_C0.001,20260912,medio,b16_ctx8,bajo,-0.0039621142331248095
fold2_stack_global_C0.001_20260912,2,stack_global_C0.001,20260912,medio,b16_ctx8,medio,0.00504240542495828
fold2_stack_global_C0.001_20260912,2,stack_global_C0.001,20260912,medio,b16_ctx8,alto,0.0006273046869228616
fold2_stack_global_C0.001_20260912,2,stack_global_C0.001,20260912,medio,b17_ctx1,bajo,-0.0005438257073425536
fold2_stack_global_C0.001_20260912,2,stack_global_C0.001,20260912,medio,b17_ctx1,medio,0.014590718469785671
fold2_stack_global_C0.001_20260912,2,stack_global_C0.001,20260912,medio,b17_ctx1,alto,-0.015550198503453398
fold2_stack_global_C0.001_20260912,2,stack_global_C0.001,20260912,medio,b17_ctx8,bajo,0.00022080880584901235
fold2_stack_global_C0.001_20260912,2,stack_global_C0.001,20260912,medio,b17_ctx8,medio,-0.002566425275189328
fold2_stack_global_C0.001_20260912,2,stack_global_C0.001,20260912,medio,b17_ctx8,alto,0.0022127923008919085
fold2_stack_global_C0.001_20260912,2,stack_global_C0.001,20260912,medio,b18_ctx1,bajo,0.002581389399439094
fold2_stack_global_C0.001_20260912,2,stack_global_C0.001,20260912,medio,b18_ctx1,medio,0.01918998957414639
fold2_stack_global_C0.001_20260912,2,stack_global_C0.001,20260912,medio,b18_ctx1,alto,-0.026341141700648597
fold2_stack_global_C0.001_20260912,2,stack_global_C0.001,20260912,medio,b18_ctx8,bajo,0.00563847182075202
fold2_stack_global_C0.001_20260912,2,stack_global_C0.001,20260912,medio,b18_ctx8,medio,-0.0027216653074027793
fold2_stack_global_C0.001_20260912,2,stack_global_C0.001,20260912,medio,b18_ctx8,alto,-0.004993348155872643
fold2_stack_global_C0.001_20260912,2,stack_global_C0.001,20260912,medio,b19_ctx1,bajo,-0.0031045958174736104
fold2_stack_global_C0.001_20260912,2,stack_global_C0.001,20260912,medio,b19_ctx1,medio,-0.003976230999786948
fold2_stack_global_C0.001_20260912,2,stack_global_C0.001,20260912,medio,b19_ctx1,alto,0.008818757098403629
fold2_stack_global_C0.001_20260912,2,stack_global_C0.001,20260912,medio,b19_ctx8,bajo,-0.021297023737881015
fold2_stack_global_C0.001_20260912,2,stack_global_C0.001,20260912,medio,b19_ctx8,medio,0.009623970871222465
fold2_stack_global_C0.001_20260912,2,stack_global_C0.001,20260912,medio,b19_ctx8,alto,0.020493820495775247
fold2_stack_global_C0.001_20260912,2,stack_global_C0.001,20260912,medio,b20_ctx1,bajo,0.010801207073748664
fold2_stack_global_C0.001_20260912,2,stack_global_C0.001,20260912,medio,b20_ctx1,medio,0.0003193465807952151
fold2_stack_global_C0.001_20260912,2,stack_global_C0.001,20260912,medio,b20_ctx1,alto,-0.014445149991099129
fold2_stack_global_C0.001_20260912,2,stack_global_C0.001,20260912,medio,b20_ctx8,bajo,-0.009880565226257892
fold2_stack_global_C0.001_20260912,2,stack_global_C0.001,20260912,medio,b20_ctx8,medio,0.002220015314869647
fold2_stack_global_C0.001_20260912,2,stack_global_C0.001,20260912,medio,b20_ctx8,alto,0.010565931400904081
fold2_stack_global_C0.001_20260912,2,stack_global_C0.001,20260912,medio,b21_ctx1,bajo,-0.024458569244742673
fold2_stack_global_C0.001_20260912,2,stack_global_C0.001,20260912,medio,b21_ctx1,medio,0.023194011340356428
fold2_stack_global_C0.001_20260912,2,stack_global_C0.001,20260912,medio,b21_ctx1,alto,0.002508595882356517
fold2_stack_global_C0.001_20260912,2,stack_global_C0.001,20260912,medio,b21_ctx8,bajo,-0.015661694624100525
fold2_stack_global_C0.001_20260912,2,stack_global_C0.001,20260912,medio,b21_ctx8,medio,-0.017210188120024842
fold2_stack_global_C0.001_20260912,2,stack_global_C0.001,20260912,medio,b21_ctx8,alto,0.03525768254875717
fold2_stack_global_C0.01_20260912,2,stack_global_C0.01,20260912,alto,b15_ctx1,bajo,-0.032571387472139356
fold2_stack_global_C0.01_20260912,2,stack_global_C0.01,20260912,alto,b15_ctx1,medio,-0.01010126306479991
fold2_stack_global_C0.01_20260912,2,stack_global_C0.01,20260912,alto,b15_ctx1,alto,0.0532758913162801
fold2_stack_global_C0.01_20260912,2,stack_global_C0.01,20260912,alto,b15_ctx8,bajo,-0.04749942658481489
fold2_stack_global_C0.01_20260912,2,stack_global_C0.01,20260912,alto,b15_ctx8,medio,0.0339392942107755
fold2_stack_global_C0.01_20260912,2,stack_global_C0.01,20260912,alto,b15_ctx8,alto,0.03123603841311097
fold2_stack_global_C0.01_20260912,2,stack_global_C0.01,20260912,alto,b16_ctx1,bajo,-0.030572240983153903
fold2_stack_global_C0.01_20260912,2,stack_global_C0.01,20260912,alto,b16_ctx1,medio,0.02319713747781823
fold2_stack_global_C0.01_20260912,2,stack_global_C0.01,20260912,alto,b16_ctx1,alto,0.01615357999447004
fold2_stack_global_C0.01_20260912,2,stack_global_C0.01,20260912,alto,b16_ctx8,bajo,-0.022635139547580608
fold2_stack_global_C0.01_20260912,2,stack_global_C0.01,20260912,alto,b16_ctx8,medio,0.020352848381695997
fold2_stack_global_C0.01_20260912,2,stack_global_C0.01,20260912,alto,b16_ctx8,alto,0.011754745163550781
fold2_stack_global_C0.01_20260912,2,stack_global_C0.01,20260912,alto,b17_ctx1,bajo,0.016198558444263683
fold2_stack_global_C0.01_20260912,2,stack_global_C0.01,20260912,alto,b17_ctx1,medio,-0.008382251975709588
fold2_stack_global_C0.01_20260912,2,stack_global_C0.01,20260912,alto,b17_ctx1,alto,-0.012369566729742683
fold2_stack_global_C0.01_20260912,2,stack_global_C0.01,20260912,alto,b17_ctx8,bajo,-0.010329097866498256
fold2_stack_global_C0.01_20260912,2,stack_global_C0.01,20260912,alto,b17_ctx8,medio,0.04001576323985964
fold2_stack_global_C0.01_20260912,2,stack_global_C0.01,20260912,alto,b17_ctx8,alto,-0.025023706489677618
fold2_stack_global_C0.01_20260912,2,stack_global_C0.01,20260912,alto,b18_ctx1,bajo,0.01250467902335416
fold2_stack_global_C0.01_20260912,2,stack_global_C0.01,20260912,alto,b18_ctx1,medio,-0.033897813719296906
fold2_stack_global_C0.01_20260912,2,stack_global_C0.01,20260912,alto,b18_ctx1,alto,0.023437329060581567
fold2_stack_global_C0.01_20260912,2,stack_global_C0.01,20260912,alto,b18_ctx8,bajo,0.08414660522823239
fold2_stack_global_C0.01_20260912,2,stack_global_C0.01,20260912,alto,b18_ctx8,medio,-0.07927072804397989
fold2_stack_global_C0.01_20260912,2,stack_global_C0.01,20260912,alto,b18_ctx8,alto,-0.03734991192395631
fold2_stack_global_C0.01_20260912,2,stack_global_C0.01,20260912,alto,b19_ctx1,bajo,0.008234965040774195
fold2_stack_global_C0.01_20260912,2,stack_global_C0.01,20260912,alto,b19_ctx1,medio,0.013490010090361415
fold2_stack_global_C0.01_20260912,2,stack_global_C0.01,20260912,alto,b19_ctx1,alto,-0.02665795305031413
fold2_stack_global_C0.01_20260912,2,stack_global_C0.01,20260912,alto,b19_ctx8,bajo,-0.04011919971961573
fold2_stack_global_C0.01_20260912,2,stack_global_C0.01,20260912,alto,b19_ctx8,medio,0.03817926877670032
fold2_stack_global_C0.01_20260912,2,stack_global_C0.01,20260912,alto,b19_ctx8,alto,0.019088565827639965
fold2_stack_global_C0.01_20260912,2,stack_global_C0.01,20260912,alto,b20_ctx1,bajo,0.024067230145198265
fold2_stack_global_C0.01_20260912,2,stack_global_C0.01,20260912,alto,b20_ctx1,medio,-0.05943533970287219
fold2_stack_global_C0.01_20260912,2,stack_global_C0.01,20260912,alto,b20_ctx1,alto,0.03596776954974111
fold2_stack_global_C0.01_20260912,2,stack_global_C0.01,20260912,alto,b20_ctx8,bajo,-0.07429569196156852
fold2_stack_global_C0.01_20260912,2,stack_global_C0.01,20260912,alto,b20_ctx8,medio,0.03125352280872696
fold2_stack_global_C0.01_20260912,2,stack_global_C0.01,20260912,alto,b20_ctx8,alto,0.06518149420618462
fold2_stack_global_C0.01_20260912,2,stack_global_C0.01,20260912,alto,b21_ctx1,bajo,0.0796152701267496
fold2_stack_global_C0.01_20260912,2,stack_global_C0.01,20260912,alto,b21_ctx1,medio,0.006519888785952687
fold2_stack_global_C0.01_20260912,2,stack_global_C0.01,20260912,alto,b21_ctx1,alto,-0.1048176516930552
fold2_stack_global_C0.01_20260912,2,stack_global_C0.01,20260912,alto,b21_ctx8,bajo,0.07920355335755946
fold2_stack_global_C0.01_20260912,2,stack_global_C0.01,20260912,alto,b21_ctx8,medio,0.011585291916904912
fold2_stack_global_C0.01_20260912,2,stack_global_C0.01,20260912,alto,b21_ctx8,alto,-0.09886347069353768
fold2_stack_global_C0.01_20260912,2,stack_global_C0.01,20260912,bajo,b15_ctx1,bajo,-0.056851066710584465
fold2_stack_global_C0.01_20260912,2,stack_global_C0.01,20260912,bajo,b15_ctx1,medio,0.057269349013559824
fold2_stack_global_C0.01_20260912,2,stack_global_C0.01,20260912,bajo,b15_ctx1,alto,0.011983193610759137
fold2_stack_global_C0.01_20260912,2,stack_global_C0.01,20260912,bajo,b15_ctx8,bajo,0.02923144759640084
fold2_stack_global_C0.01_20260912,2,stack_global_C0.01,20260912,bajo,b15_ctx8,medio,-0.02300029345873939
fold2_stack_global_C0.01_20260912,2,stack_global_C0.01,20260912,bajo,b15_ctx8,alto,-0.017230463905095073
fold2_stack_global_C0.01_20260912,2,stack_global_C0.01,20260912,bajo,b16_ctx1,bajo,0.06255491130338675
fold2_stack_global_C0.01_20260912,2,stack_global_C0.01,20260912,bajo,b16_ctx1,medio,-0.050157764732387866
fold2_stack_global_C0.01_20260912,2,stack_global_C0.01,20260912,bajo,b16_ctx1,alto,-0.03014836974860635
fold2_stack_global_C0.01_20260912,2,stack_global_C0.01,20260912,bajo,b16_ctx8,bajo,0.0082852483370552
fold2_stack_global_C0.01_20260912,2,stack_global_C0.01,20260912,bajo,b16_ctx8,medio,-0.034188221032045364
fold2_stack_global_C0.01_20260912,2,stack_global_C0.01,20260912,bajo,b16_ctx8,alto,0.021541078780309107
fold2_stack_global_C0.01_20260912,2,stack_global_C0.01,20260912,bajo,b17_ctx1,bajo,-0.006069259055691191
fold2_stack_global_C0.01_20260912,2,stack_global_C0.01,20260912,bajo,b17_ctx1,medio,-0.0126364427410362
fold2_stack_global_C0.01_20260912,2,stack_global_C0.01,20260912,bajo,b17_ctx1,alto,0.022237765798708613
fold2_stack_global_C0.01_20260912,2,stack_global_C0.01,20260912,bajo,b17_ctx8,bajo,0.00012267897846398947
fold2_stack_global_C0.01_20260912,2,stack_global_C0.01,20260912,bajo,b17_ctx8,medio,-0.007737309287877005
fold2_stack_global_C0.01_20260912,2,stack_global_C0.01,20260912,bajo,b17_ctx8,alto,0.007418580447607723
fold2_stack_global_C0.01_20260912,2,stack_global_C0.01,20260912,bajo,b18_ctx1,bajo,-0.04501910547188161
fold2_stack_global_C0.01_20260912,2,stack_global_C0.01,20260912,bajo,b18_ctx1,medio,0.008918711367955507
fold2_stack_global_C0.01_20260912,2,stack_global_C0.01,20260912,bajo,b18_ctx1,alto,0.05030318743971855
fold2_stack_global_C0.01_20260912,2,stack_global_C0.01,20260912,bajo,b18_ctx8,bajo,-0.09639760918502681
fold2_stack_global_C0.01_20260912,2,stack_global_C0.01,20260912,bajo,b18_ctx8,medio,0.093152237393678
fold2_stack_global_C0.01_20260912,2,stack_global_C0.01,20260912,bajo,b18_ctx8,alto,0.040537219728556076
fold2_stack_global_C0.01_20260912,2,stack_global_C0.01,20260912,bajo,b19_ctx1,bajo,0.048930556862715635
fold2_stack_global_C0.01_20260912,2,stack_global_C0.01,20260912,bajo,b19_ctx1,medio,0.012211949009256085
fold2_stack_global_C0.01_20260912,2,stack_global_C0.01,20260912,bajo,b19_ctx1,alto,-0.08299407838900906
fold2_stack_global_C0.01_20260912,2,stack_global_C0.01,20260912,bajo,b19_ctx8,bajo,0.11624606494946903
fold2_stack_global_C0.01_20260912,2,stack_global_C0.01,20260912,bajo,b19_ctx8,medio,-0.08174238954393555
fold2_stack_global_C0.01_20260912,2,stack_global_C0.01,20260912,bajo,b19_ctx8,alto,-0.08342557718260944
fold2_stack_global_C0.01_20260912,2,stack_global_C0.01,20260912,bajo,b20_ctx1,bajo,-0.10486550383879482
fold2_stack_global_C0.01_20260912,2,stack_global_C0.01,20260912,bajo,b20_ctx1,medio,0.08357571295508084
fold2_stack_global_C0.01_20260912,2,stack_global_C0.01,20260912,bajo,b20_ctx1,alto,0.0420278166362867
fold2_stack_global_C0.01_20260912,2,stack_global_C0.01,20260912,bajo,b20_ctx8,bajo,0.08607597300994212
fold2_stack_global_C0.01_20260912,2,stack_global_C0.01,20260912,bajo,b20_ctx8,medio,-0.08360117139355351
fold2_stack_global_C0.01_20260912,2,stack_global_C0.01,20260912,bajo,b20_ctx8,alto,-0.02907711711525058
fold2_stack_global_C0.01_20260912,2,stack_global_C0.01,20260912,bajo,b21_ctx1,bajo,0.024275894152127764
fold2_stack_global_C0.01_20260912,2,stack_global_C0.01,20260912,bajo,b21_ctx1,medio,-0.09327644088521647
fold2_stack_global_C0.01_20260912,2,stack_global_C0.01,20260912,bajo,b21_ctx1,alto,0.08030013463824666
fold2_stack_global_C0.01_20260912,2,stack_global_C0.01,20260912,bajo,b21_ctx8,bajo,-0.06639688937823815
fold2_stack_global_C0.01_20260912,2,stack_global_C0.01,20260912,bajo,b21_ctx8,medio,0.05223977093998599
fold2_stack_global_C0.01_20260912,2,stack_global_C0.01,20260912,bajo,b21_ctx8,alto,0.017649326015662842
fold2_stack_global_C0.01_20260912,2,stack_global_C0.01,20260912,medio,b15_ctx1,bajo,0.08942245418272338
fold2_stack_global_C0.01_20260912,2,stack_global_C0.01,20260912,medio,b15_ctx1,medio,-0.047168085948760596
fold2_stack_global_C0.01_20260912,2,stack_global_C0.01,20260912,medio,b15_ctx1,alto,-0.0652590849270395
fold2_stack_global_C0.01_20260912,2,stack_global_C0.01,20260912,medio,b15_ctx8,bajo,0.018267978988413282
fold2_stack_global_C0.01_20260912,2,stack_global_C0.01,20260912,medio,b15_ctx8,medio,-0.01093900075203572
fold2_stack_global_C0.01_20260912,2,stack_global_C0.01,20260912,medio,b15_ctx8,alto,-0.014005574508015131
fold2_stack_global_C0.01_20260912,2,stack_global_C0.01,20260912,medio,b16_ctx1,bajo,-0.03198267032023296
fold2_stack_global_C0.01_20260912,2,stack_global_C0.01,20260912,medio,b16_ctx1,medio,0.026960627254569144
fold2_stack_global_C0.01_20260912,2,stack_global_C0.01,20260912,medio,b16_ctx1,alto,0.013994789754136235
fold2_stack_global_C0.01_20260912,2,stack_global_C0.01,20260912,medio,b16_ctx8,bajo,0.014349891210525474
fold2_stack_global_C0.01_20260912,2,stack_global_C0.01,20260912,medio,b16_ctx8,medio,0.01383537265034937
fold2_stack_global_C0.01_20260912,2,stack_global_C0.01,20260912,medio,b16_ctx8,alto,-0.03329582394386001
fold2_stack_global_C0.01_20260912,2,stack_global_C0.01,20260912,medio,b17_ctx1,bajo,-0.01012929938857262
fold2_stack_global_C0.01_20260912,2,stack_global_C0.01,20260912,medio,b17_ctx1,medio,0.0210186947167456
fold2_stack_global_C0.01_20260912,2,stack_global_C0.01,20260912,medio,b17_ctx1,alto,-0.009868199068966547
fold2_stack_global_C0.01_20260912,2,stack_global_C0.01,20260912,medio,b17_ctx8,bajo,0.010206418888034273
fold2_stack_global_C0.01_20260912,2,stack_global_C0.01,20260912,medio,b17_ctx8,medio,-0.03227845395198273
fold2_stack_global_C0.01_20260912,2,stack_global_C0.01,20260912,medio,b17_ctx8,alto,0.017605126042069836
fold2_stack_global_C0.01_20260912,2,stack_global_C0.01,20260912,medio,b18_ctx1,bajo,0.03251442644852796
fold2_stack_global_C0.01_20260912,2,stack_global_C0.01,20260912,medio,b18_ctx1,medio,0.02497910235134148
fold2_stack_global_C0.01_20260912,2,stack_global_C0.01,20260912,medio,b18_ctx1,alto,-0.0737405165002996
fold2_stack_global_C0.01_20260912,2,stack_global_C0.01,20260912,medio,b18_ctx8,bajo,0.012251003956794177
fold2_stack_global_C0.01_20260912,2,stack_global_C0.01,20260912,medio,b18_ctx8,medio,-0.013881509349698246
fold2_stack_global_C0.01_20260912,2,stack_global_C0.01,20260912,medio,b18_ctx8,alto,-0.0031873078045996247
fold2_stack_global_C0.01_20260912,2,stack_global_C0.01,20260912,medio,b19_ctx1,bajo,-0.057165521903490495
fold2_stack_global_C0.01_20260912,2,stack_global_C0.01,20260912,medio,b19_ctx1,medio,-0.025701959099617543
fold2_stack_global_C0.01_20260912,2,stack_global_C0.01,20260912,medio,b19_ctx1,alto,0.10965203143932405
fold2_stack_global_C0.01_20260912,2,stack_global_C0.01,20260912,medio,b19_ctx8,bajo,-0.07612686522985278
fold2_stack_global_C0.01_20260912,2,stack_global_C0.01,20260912,medio,b19_ctx8,medio,0.04356312076723493
fold2_stack_global_C0.01_20260912,2,stack_global_C0.01,20260912,medio,b19_ctx8,alto,0.06433701135496805
fold2_stack_global_C0.01_20260912,2,stack_global_C0.01,20260912,medio,b20_ctx1,bajo,0.0807982736935963
fold2_stack_global_C0.01_20260912,2,stack_global_C0.01,20260912,medio,b20_ctx1,medio,-0.024140373252208795
fold2_stack_global_C0.01_20260912,2,stack_global_C0.01,20260912,medio,b20_ctx1,alto,-0.07799558618602719
fold2_stack_global_C0.01_20260912,2,stack_global_C0.01,20260912,medio,b20_ctx8,bajo,-0.011780281048372115
fold2_stack_global_C0.01_20260912,2,stack_global_C0.01,20260912,medio,b20_ctx8,medio,0.05234764858482661
fold2_stack_global_C0.01_20260912,2,stack_global_C0.01,20260912,medio,b20_ctx8,alto,-0.03610437709093392
fold2_stack_global_C0.01_20260912,2,stack_global_C0.01,20260912,medio,b21_ctx1,bajo,-0.10389116427887686
fold2_stack_global_C0.01_20260912,2,stack_global_C0.01,20260912,medio,b21_ctx1,medio,0.08675655209926403
fold2_stack_global_C0.01_20260912,2,stack_global_C0.01,20260912,medio,b21_ctx1,alto,0.024517517054808292
fold2_stack_global_C0.01_20260912,2,stack_global_C0.01,20260912,medio,b21_ctx8,bajo,-0.012806663979321488
fold2_stack_global_C0.01_20260912,2,stack_global_C0.01,20260912,medio,b21_ctx8,medio,-0.06382506285689078
fold2_stack_global_C0.01_20260912,2,stack_global_C0.01,20260912,medio,b21_ctx8,alto,0.08121414467787526
fold2_stack_global_C0.1_20260912,2,stack_global_C0.1,20260912,alto,b15_ctx1,bajo,-0.05738142617972597
fold2_stack_global_C0.1_20260912,2,stack_global_C0.1,20260912,alto,b15_ctx1,medio,0.05492233323029757
fold2_stack_global_C0.1_20260912,2,stack_global_C0.1,20260912,alto,b15_ctx1,alto,0.015211137494827968
fold2_stack_global_C0.1_20260912,2,stack_global_C0.1,20260912,alto,b15_ctx8,bajo,0.05475033124252676
fold2_stack_global_C0.1_20260912,2,stack_global_C0.1,20260912,alto,b15_ctx8,medio,0.03823510924298557
fold2_stack_global_C0.1_20260912,2,stack_global_C0.1,20260912,alto,b15_ctx8,alto,-0.10891535519471181
fold2_stack_global_C0.1_20260912,2,stack_global_C0.1,20260912,alto,b16_ctx1,bajo,-0.16472674086089
fold2_stack_global_C0.1_20260912,2,stack_global_C0.1,20260912,alto,b16_ctx1,medio,0.1567283082802796
fold2_stack_global_C0.1_20260912,2,stack_global_C0.1,20260912,alto,b16_ctx1,alto,0.05281463887828453
fold2_stack_global_C0.1_20260912,2,stack_global_C0.1,20260912,alto,b16_ctx8,bajo,0.04715139784599266
fold2_stack_global_C0.1_20260912,2,stack_global_C0.1,20260912,alto,b16_ctx8,medio,-0.07430399460592402
fold2_stack_global_C0.1_20260912,2,stack_global_C0.1,20260912,alto,b16_ctx8,alto,0.006352889936029159
fold2_stack_global_C0.1_20260912,2,stack_global_C0.1,20260912,alto,b17_ctx1,bajo,0.0463303674069416
fold2_stack_global_C0.1_20260912,2,stack_global_C0.1,20260912,alto,b17_ctx1,medio,0.00514836334748011
fold2_stack_global_C0.1_20260912,2,stack_global_C0.1,20260912,alto,b17_ctx1,alto,-0.06787246094483547
fold2_stack_global_C0.1_20260912,2,stack_global_C0.1,20260912,alto,b17_ctx8,bajo,-0.1802088203597694
fold2_stack_global_C0.1_20260912,2,stack_global_C0.1,20260912,alto,b17_ctx8,medio,0.3207482832858693
fold2_stack_global_C0.1_20260912,2,stack_global_C0.1,20260912,alto,b17_ctx8,alto,-0.06649640411260108
fold2_stack_global_C0.1_20260912,2,stack_global_C0.1,20260912,alto,b18_ctx1,bajo,0.05507057297486542
fold2_stack_global_C0.1_20260912,2,stack_global_C0.1,20260912,alto,b18_ctx1,medio,-0.11748159094141082
fold2_stack_global_C0.1_20260912,2,stack_global_C0.1,20260912,alto,b18_ctx1,alto,0.06535127531029877
fold2_stack_global_C0.1_20260912,2,stack_global_C0.1,20260912,alto,b18_ctx8,bajo,0.18193809416071552
fold2_stack_global_C0.1_20260912,2,stack_global_C0.1,20260912,alto,b18_ctx8,medio,-0.25610631281130053
fold2_stack_global_C0.1_20260912,2,stack_global_C0.1,20260912,alto,b18_ctx8,alto,0.0007010723882881659
fold2_stack_global_C0.1_20260912,2,stack_global_C0.1,20260912,alto,b19_ctx1,bajo,0.07856865423454694
fold2_stack_global_C0.1_20260912,2,stack_global_C0.1,20260912,alto,b19_ctx1,medio,-0.0028036611011163105
fold2_stack_global_C0.1_20260912,2,stack_global_C0.1,20260912,alto,b19_ctx1,alto,-0.1083918490332766
fold2_stack_global_C0.1_20260912,2,stack_global_C0.1,20260912,alto,b19_ctx8,bajo,-0.014145310195185825
fold2_stack_global_C0.1_20260912,2,stack_global_C0.1,20260912,alto,b19_ctx8,medio,-0.019634777870354978
fold2_stack_global_C0.1_20260912,2,stack_global_C0.1,20260912,alto,b19_ctx8,alto,0.03894800317877221
fold2_stack_global_C0.1_20260912,2,stack_global_C0.1,20260912,alto,b20_ctx1,bajo,0.08044815667892888
fold2_stack_global_C0.1_20260912,2,stack_global_C0.1,20260912,alto,b20_ctx1,medio,-0.26440784797888967
fold2_stack_global_C0.1_20260912,2,stack_global_C0.1,20260912,alto,b20_ctx1,alto,0.19471584823704938
fold2_stack_global_C0.1_20260912,2,stack_global_C0.1,20260912,alto,b20_ctx8,bajo,-0.27544679764742735
fold2_stack_global_C0.1_20260912,2,stack_global_C0.1,20260912,alto,b20_ctx8,medio,0.09987981596360647
fold2_stack_global_C0.1_20260912,2,stack_global_C0.1,20260912,alto,b20_ctx8,alto,0.2573257768311525
fold2_stack_global_C0.1_20260912,2,stack_global_C0.1,20260912,alto,b21_ctx1,bajo,0.0410897045731563
fold2_stack_global_C0.1_20260912,2,stack_global_C0.1,20260912,alto,b21_ctx1,medio,0.09557579444308997
fold2_stack_global_C0.1_20260912,2,stack_global_C0.1,20260912,alto,b21_ctx1,alto,-0.16275896373270451
fold2_stack_global_C0.1_20260912,2,stack_global_C0.1,20260912,alto,b21_ctx8,bajo,0.1709401586762934
fold2_stack_global_C0.1_20260912,2,stack_global_C0.1,20260912,alto,b21_ctx8,medio,-0.014838756126087338
fold2_stack_global_C0.1_20260912,2,stack_global_C0.1,20260912,alto,b21_ctx8,alto,-0.1714209826839571
fold2_stack_global_C0.1_20260912,2,stack_global_C0.1,20260912,bajo,b15_ctx1,bajo,-0.10544933009042094
fold2_stack_global_C0.1_20260912,2,stack_global_C0.1,20260912,bajo,b15_ctx1,medio,0.09203138173969981
fold2_stack_global_C0.1_20260912,2,stack_global_C0.1,20260912,bajo,b15_ctx1,alto,0.0375776865181066
fold2_stack_global_C0.1_20260912,2,stack_global_C0.1,20260912,bajo,b15_ctx8,bajo,-0.051723175105892215
fold2_stack_global_C0.1_20260912,2,stack_global_C0.1,20260912,bajo,b15_ctx8,medio,0.1162935577463265
fold2_stack_global_C0.1_20260912,2,stack_global_C0.1,20260912,bajo,b15_ctx8,alto,-0.040764623045537636
fold2_stack_global_C0.1_20260912,2,stack_global_C0.1,20260912,bajo,b16_ctx1,bajo,0.22274098271686332
fold2_stack_global_C0.1_20260912,2,stack_global_C0.1,20260912,bajo,b16_ctx1,medio,-0.2912699044962014
fold2_stack_global_C0.1_20260912,2,stack_global_C0.1,20260912,bajo,b16_ctx1,alto,0.014136867828022148
fold2_stack_global_C0.1_20260912,2,stack_global_C0.1,20260912,bajo,b16_ctx8,bajo,-0.14825521984739795
fold2_stack_global_C0.1_20260912,2,stack_global_C0.1,20260912,bajo,b16_ctx8,medio,-0.013000465184750813
fold2_stack_global_C0.1_20260912,2,stack_global_C0.1,20260912,bajo,b16_ctx8,alto,0.21840285870548745
fold2_stack_global_C0.1_20260912,2,stack_global_C0.1,20260912,bajo,b17_ctx1,bajo,-0.059069151601717794
fold2_stack_global_C0.1_20260912,2,stack_global_C0.1,20260912,bajo,b17_ctx1,medio,0.015182716226107286
fold2_stack_global_C0.1_20260912,2,stack_global_C0.1,20260912,bajo,b17_ctx1,alto,0.06227073615365944
fold2_stack_global_C0.1_20260912,2,stack_global_C0.1,20260912,bajo,b17_ctx8,bajo,0.2228316510032048
fold2_stack_global_C0.1_20260912,2,stack_global_C0.1,20260912,bajo,b17_ctx8,medio,-0.22974746634331047
fold2_stack_global_C0.1_20260912,2,stack_global_C0.1,20260912,bajo,b17_ctx8,alto,-0.0814076412968738
fold2_stack_global_C0.1_20260912,2,stack_global_C0.1,20260912,bajo,b18_ctx1,bajo,-0.14557150093902502
fold2_stack_global_C0.1_20260912,2,stack_global_C0.1,20260912,bajo,b18_ctx1,medio,0.12010950751440064
fold2_stack_global_C0.1_20260912,2,stack_global_C0.1,20260912,bajo,b18_ctx1,alto,0.053989933175858755
fold2_stack_global_C0.1_20260912,2,stack_global_C0.1,20260912,bajo,b18_ctx8,bajo,-0.21071708499719244
fold2_stack_global_C0.1_20260912,2,stack_global_C0.1,20260912,bajo,b18_ctx8,medio,0.2576271533536055
fold2_stack_global_C0.1_20260912,2,stack_global_C0.1,20260912,bajo,b18_ctx8,alto,0.03668075073167628
fold2_stack_global_C0.1_20260912,2,stack_global_C0.1,20260912,bajo,b19_ctx1,bajo,0.17014146487079237
fold2_stack_global_C0.1_20260912,2,stack_global_C0.1,20260912,bajo,b19_ctx1,medio,0.007293244214160116
fold2_stack_global_C0.1_20260912,2,stack_global_C0.1,20260912,bajo,b19_ctx1,alto,-0.24955585081381146
fold2_stack_global_C0.1_20260912,2,stack_global_C0.1,20260912,bajo,b19_ctx8,bajo,0.11432022646032676
fold2_stack_global_C0.1_20260912,2,stack_global_C0.1,20260912,bajo,b19_ctx8,medio,0.004512618304117862
fold2_stack_global_C0.1_20260912,2,stack_global_C0.1,20260912,bajo,b19_ctx8,alto,-0.16469095527158867
fold2_stack_global_C0.1_20260912,2,stack_global_C0.1,20260912,bajo,b20_ctx1,bajo,-0.3714800656199535
fold2_stack_global_C0.1_20260912,2,stack_global_C0.1,20260912,bajo,b20_ctx1,medio,0.32655233605632067
fold2_stack_global_C0.1_20260912,2,stack_global_C0.1,20260912,bajo,b20_ctx1,alto,0.11433176846158699
fold2_stack_global_C0.1_20260912,2,stack_global_C0.1,20260912,bajo,b20_ctx8,bajo,0.3279284261919426
fold2_stack_global_C0.1_20260912,2,stack_global_C0.1,20260912,bajo,b20_ctx8,medio,-0.3923704795432919
fold2_stack_global_C0.1_20260912,2,stack_global_C0.1,20260912,bajo,b20_ctx8,alto,-0.038391081614101166
fold2_stack_global_C0.1_20260912,2,stack_global_C0.1,20260912,bajo,b21_ctx1,bajo,0.21267534317601022
fold2_stack_global_C0.1_20260912,2,stack_global_C0.1,20260912,bajo,b21_ctx1,medio,-0.2663569358871808
fold2_stack_global_C0.1_20260912,2,stack_global_C0.1,20260912,bajo,b21_ctx1,alto,0.05440337626839856
fold2_stack_global_C0.1_20260912,2,stack_global_C0.1,20260912,bajo,b21_ctx8,bajo,-0.205431925432062
fold2_stack_global_C0.1_20260912,2,stack_global_C0.1,20260912,bajo,b21_ctx8,medio,0.18084350378640093
fold2_stack_global_C0.1_20260912,2,stack_global_C0.1,20260912,bajo,b21_ctx8,alto,0.03437704240769563
fold2_stack_global_C0.1_20260912,2,stack_global_C0.1,20260912,medio,b15_ctx1,bajo,0.16283075627014917
fold2_stack_global_C0.1_20260912,2,stack_global_C0.1,20260912,medio,b15_ctx1,medio,-0.14695371497000226
fold2_stack_global_C0.1_20260912,2,stack_global_C0.1,20260912,medio,b15_ctx1,alto,-0.05278882401293118
fold2_stack_global_C0.1_20260912,2,stack_global_C0.1,20260912,medio,b15_ctx8,bajo,-0.0030271561366385685
fold2_stack_global_C0.1_20260912,2,stack_global_C0.1,20260912,medio,b15_ctx8,medio,-0.15452866698930867
fold2_stack_global_C0.1_20260912,2,stack_global_C0.1,20260912,medio,b15_ctx8,alto,0.14967997824024915
fold2_stack_global_C0.1_20260912,2,stack_global_C0.1,20260912,medio,b16_ctx1,bajo,-0.05801424185597633
fold2_stack_global_C0.1_20260912,2,stack_global_C0.1,20260912,medio,b16_ctx1,medio,0.13454159621592232
fold2_stack_global_C0.1_20260912,2,stack_global_C0.1,20260912,medio,b16_ctx1,alto,-0.06695150670630765
fold2_stack_global_C0.1_20260912,2,stack_global_C0.1,20260912,medio,b16_ctx8,bajo,0.10110382200140239
fold2_stack_global_C0.1_20260912,2,stack_global_C0.1,20260912,medio,b16_ctx8,medio,0.08730445979067418
fold2_stack_global_C0.1_20260912,2,stack_global_C0.1,20260912,medio,b16_ctx8,alto,-0.22475574864151587
fold2_stack_global_C0.1_20260912,2,stack_global_C0.1,20260912,medio,b17_ctx1,bajo,0.012738784194776528
fold2_stack_global_C0.1_20260912,2,stack_global_C0.1,20260912,medio,b17_ctx1,medio,-0.0203310795735855
fold2_stack_global_C0.1_20260912,2,stack_global_C0.1,20260912,medio,b17_ctx1,alto,0.005601724791176679
fold2_stack_global_C0.1_20260912,2,stack_global_C0.1,20260912,medio,b17_ctx8,bajo,-0.04262283064343628
fold2_stack_global_C0.1_20260912,2,stack_global_C0.1,20260912,medio,b17_ctx8,medio,-0.09100081694255559
fold2_stack_global_C0.1_20260912,2,stack_global_C0.1,20260912,medio,b17_ctx8,alto,0.14790404540947288
fold2_stack_global_C0.1_20260912,2,stack_global_C0.1,20260912,medio,b18_ctx1,bajo,0.09050092796415792
fold2_stack_global_C0.1_20260912,2,stack_global_C0.1,20260912,medio,b18_ctx1,medio,-0.002627916572990112
fold2_stack_global_C0.1_20260912,2,stack_global_C0.1,20260912,medio,b18_ctx1,alto,-0.11934120848616299
fold2_stack_global_C0.1_20260912,2,stack_global_C0.1,20260912,medio,b18_ctx8,bajo,0.0287789908364731
fold2_stack_global_C0.1_20260912,2,stack_global_C0.1,20260912,medio,b18_ctx8,medio,-0.0015208405423029945
fold2_stack_global_C0.1_20260912,2,stack_global_C0.1,20260912,medio,b18_ctx8,alto,-0.037381823119964165
fold2_stack_global_C0.1_20260912,2,stack_global_C0.1,20260912,medio,b19_ctx1,bajo,-0.24871011910533894
fold2_stack_global_C0.1_20260912,2,stack_global_C0.1,20260912,medio,b19_ctx1,medio,-0.004489583113045365
fold2_stack_global_C0.1_20260912,2,stack_global_C0.1,20260912,medio,b19_ctx1,alto,0.3579476998470952
fold2_stack_global_C0.1_20260912,2,stack_global_C0.1,20260912,medio,b19_ctx8,bajo,-0.10017491626514446
fold2_stack_global_C0.1_20260912,2,stack_global_C0.1,20260912,medio,b19_ctx8,medio,0.015122159566235173
fold2_stack_global_C0.1_20260912,2,stack_global_C0.1,20260912,medio,b19_ctx8,alto,0.12574295209281272
fold2_stack_global_C0.1_20260912,2,stack_global_C0.1,20260912,medio,b20_ctx1,bajo,0.29103190894102243
fold2_stack_global_C0.1_20260912,2,stack_global_C0.1,20260912,medio,b20_ctx1,medio,-0.06214448807742758
fold2_stack_global_C0.1_20260912,2,stack_global_C0.1,20260912,medio,b20_ctx1,alto,-0.3090476166986382
fold2_stack_global_C0.1_20260912,2,stack_global_C0.1,20260912,medio,b20_ctx8,bajo,-0.05248162854451609
fold2_stack_global_C0.1_20260912,2,stack_global_C0.1,20260912,medio,b20_ctx8,medio,0.2924906635796798
fold2_stack_global_C0.1_20260912,2,stack_global_C0.1,20260912,medio,b20_ctx8,alto,-0.21893469521705478
fold2_stack_global_C0.1_20260912,2,stack_global_C0.1,20260912,medio,b21_ctx1,bajo,-0.2537650477491679
fold2_stack_global_C0.1_20260912,2,stack_global_C0.1,20260912,medio,b21_ctx1,medio,0.17078114144408862
fold2_stack_global_C0.1_20260912,2,stack_global_C0.1,20260912,medio,b21_ctx1,alto,0.10835558746430096
fold2_stack_global_C0.1_20260912,2,stack_global_C0.1,20260912,medio,b21_ctx8,bajo,0.03449176675576919
fold2_stack_global_C0.1_20260912,2,stack_global_C0.1,20260912,medio,b21_ctx8,medio,-0.16600474766031362
fold2_stack_global_C0.1_20260912,2,stack_global_C0.1,20260912,medio,b21_ctx8,alto,0.13704394027626404
fold2_stack_participant_C0.001_20260912,2,stack_participant_C0.001,20260912,alto,b15_ctx1,bajo,-0.004891104345477814
fold2_stack_participant_C0.001_20260912,2,stack_participant_C0.001,20260912,alto,b15_ctx1,medio,-0.001489920246144994
fold2_stack_participant_C0.001_20260912,2,stack_participant_C0.001,20260912,alto,b15_ctx1,alto,0.007971071068311054
fold2_stack_participant_C0.001_20260912,2,stack_participant_C0.001,20260912,alto,b15_ctx8,bajo,-0.0359935273859889
fold2_stack_participant_C0.001_20260912,2,stack_participant_C0.001,20260912,alto,b15_ctx8,medio,0.03477009465945209
fold2_stack_participant_C0.001_20260912,2,stack_participant_C0.001,20260912,alto,b15_ctx8,alto,0.015137722425244674
fold2_stack_participant_C0.001_20260912,2,stack_participant_C0.001,20260912,alto,b16_ctx1,bajo,-0.008931624242151489
fold2_stack_participant_C0.001_20260912,2,stack_participant_C0.001,20260912,alto,b16_ctx1,medio,-0.004824731066965376
fold2_stack_participant_C0.001_20260912,2,stack_participant_C0.001,20260912,alto,b16_ctx1,alto,0.01722866716239198
fold2_stack_participant_C0.001_20260912,2,stack_participant_C0.001,20260912,alto,b16_ctx8,bajo,-0.026417699964491136
fold2_stack_participant_C0.001_20260912,2,stack_participant_C0.001,20260912,alto,b16_ctx8,medio,0.02111333068853831
fold2_stack_participant_C0.001_20260912,2,stack_participant_C0.001,20260912,alto,b16_ctx8,alto,0.016271410642435345
fold2_stack_participant_C0.001_20260912,2,stack_participant_C0.001,20260912,alto,b17_ctx1,bajo,0.00345246318016213
fold2_stack_participant_C0.001_20260912,2,stack_participant_C0.001,20260912,alto,b17_ctx1,medio,-0.015625902070167487
fold2_stack_participant_C0.001_20260912,2,stack_participant_C0.001,20260912,alto,b17_ctx1,alto,0.012804762456318763
fold2_stack_participant_C0.001_20260912,2,stack_participant_C0.001,20260912,alto,b17_ctx8,bajo,-0.00433876498970435
fold2_stack_participant_C0.001_20260912,2,stack_participant_C0.001,20260912,alto,b17_ctx8,medio,0.008018403771293483
fold2_stack_participant_C0.001_20260912,2,stack_participant_C0.001,20260912,alto,b17_ctx8,alto,-0.0018912215586086609
fold2_stack_participant_C0.001_20260912,2,stack_participant_C0.001,20260912,alto,b18_ctx1,bajo,0.008917126559854365
fold2_stack_participant_C0.001_20260912,2,stack_participant_C0.001,20260912,alto,b18_ctx1,medio,-0.02142129384073092
fold2_stack_participant_C0.001_20260912,2,stack_participant_C0.001,20260912,alto,b18_ctx1,alto,0.013437441588519696
fold2_stack_participant_C0.001_20260912,2,stack_participant_C0.001,20260912,alto,b18_ctx8,bajo,0.025739490928248152
fold2_stack_participant_C0.001_20260912,2,stack_participant_C0.001,20260912,alto,b18_ctx8,medio,-0.01650656730026618
fold2_stack_participant_C0.001_20260912,2,stack_participant_C0.001,20260912,alto,b18_ctx8,alto,-0.018869060611987423
fold2_stack_participant_C0.001_20260912,2,stack_participant_C0.001,20260912,alto,b19_ctx1,bajo,-0.0045146497343698
fold2_stack_participant_C0.001_20260912,2,stack_participant_C0.001,20260912,alto,b19_ctx1,medio,-0.001922504293910578
fold2_stack_participant_C0.001_20260912,2,stack_participant_C0.001,20260912,alto,b19_ctx1,alto,0.008540684061101339
fold2_stack_participant_C0.001_20260912,2,stack_participant_C0.001,20260912,alto,b19_ctx8,bajo,-0.029368942554416872
fold2_stack_participant_C0.001_20260912,2,stack_participant_C0.001,20260912,alto,b19_ctx8,medio,0.027272382767753234
fold2_stack_participant_C0.001_20260912,2,stack_participant_C0.001,20260912,alto,b19_ctx8,alto,0.014632128935717718
fold2_stack_participant_C0.001_20260912,2,stack_participant_C0.001,20260912,alto,b20_ctx1,bajo,0.017721723471857253
fold2_stack_participant_C0.001_20260912,2,stack_participant_C0.001,20260912,alto,b20_ctx1,medio,-0.012336457298310807
fold2_stack_participant_C0.001_20260912,2,stack_participant_C0.001,20260912,alto,b20_ctx1,alto,-0.00912784611920768
fold2_stack_participant_C0.001_20260912,2,stack_participant_C0.001,20260912,alto,b20_ctx8,bajo,-0.023512421092385518
fold2_stack_participant_C0.001_20260912,2,stack_participant_C0.001,20260912,alto,b20_ctx8,medio,0.026914896700885215
fold2_stack_participant_C0.001_20260912,2,stack_participant_C0.001,20260912,alto,b20_ctx8,alto,0.003946163124639279
fold2_stack_participant_C0.001_20260912,2,stack_participant_C0.001,20260912,alto,b21_ctx1,bajo,0.05768750163197395
fold2_stack_participant_C0.001_20260912,2,stack_participant_C0.001,20260912,alto,b21_ctx1,medio,-0.021234863951166607
fold2_stack_participant_C0.001_20260912,2,stack_participant_C0.001,20260912,alto,b21_ctx1,alto,-0.04535820811256076
fold2_stack_participant_C0.001_20260912,2,stack_participant_C0.001,20260912,alto,b21_ctx8,bajo,0.035624542101660786
fold2_stack_participant_C0.001_20260912,2,stack_participant_C0.001,20260912,alto,b21_ctx8,medio,0.009324784972708182
fold2_stack_participant_C0.001_20260912,2,stack_participant_C0.001,20260912,alto,b21_ctx8,alto,-0.04879876539822837
fold2_stack_participant_C0.001_20260912,2,stack_participant_C0.001,20260912,bajo,b15_ctx1,bajo,-0.010607865208395718
fold2_stack_participant_C0.001_20260912,2,stack_participant_C0.001,20260912,bajo,b15_ctx1,medio,0.0027436043019383196
fold2_stack_participant_C0.001_20260912,2,stack_participant_C0.001,20260912,bajo,b15_ctx1,alto,0.010825699311187124
fold2_stack_participant_C0.001_20260912,2,stack_participant_C0.001,20260912,bajo,b15_ctx8,bajo,0.038541181373286985
fold2_stack_participant_C0.001_20260912,2,stack_participant_C0.001,20260912,bajo,b15_ctx8,medio,-0.034147295678732384
fold2_stack_participant_C0.001_20260912,2,stack_participant_C0.001,20260912,bajo,b15_ctx8,alto,-0.019115865705408016
fold2_stack_participant_C0.001_20260912,2,stack_participant_C0.001,20260912,bajo,b16_ctx1,bajo,0.006016338025928186
fold2_stack_participant_C0.001_20260912,2,stack_participant_C0.001,20260912,bajo,b16_ctx1,medio,-0.0036890337510957424
fold2_stack_participant_C0.001_20260912,2,stack_participant_C0.001,20260912,bajo,b16_ctx1,alto,-0.004123360983043888
fold2_stack_participant_C0.001_20260912,2,stack_participant_C0.001,20260912,bajo,b16_ctx8,bajo,0.027867629066231595
fold2_stack_participant_C0.001_20260912,2,stack_participant_C0.001,20260912,bajo,b16_ctx8,medio,-0.02557858283989179
fold2_stack_participant_C0.001_20260912,2,stack_participant_C0.001,20260912,bajo,b16_ctx8,alto,-0.013968642482043749
fold2_stack_participant_C0.001_20260912,2,stack_participant_C0.001,20260912,bajo,b17_ctx1,bajo,-0.004010113952753935
fold2_stack_participant_C0.001_20260912,2,stack_participant_C0.001,20260912,bajo,b17_ctx1,medio,0.0010889014707769983
fold2_stack_participant_C0.001_20260912,2,stack_participant_C0.001,20260912,bajo,b17_ctx1,alto,0.004162561755048475
fold2_stack_participant_C0.001_20260912,2,stack_participant_C0.001,20260912,bajo,b17_ctx8,bajo,0.0021521651726293905
fold2_stack_participant_C0.001_20260912,2,stack_participant_C0.001,20260912,bajo,b17_ctx8,medio,-0.0035277556954536283
fold2_stack_participant_C0.001_20260912,2,stack_participant_C0.001,20260912,bajo,b17_ctx8,alto,0.0004971882090177746
fold2_stack_participant_C0.001_20260912,2,stack_participant_C0.001,20260912,bajo,b18_ctx1,bajo,-0.010785418424688916
fold2_stack_participant_C0.001_20260912,2,stack_participant_C0.001,20260912,bajo,b18_ctx1,medio,0.0018317814812348228
fold2_stack_participant_C0.001_20260912,2,stack_participant_C0.001,20260912,bajo,b18_ctx1,alto,0.01241438127084494
fold2_stack_participant_C0.001_20260912,2,stack_participant_C0.001,20260912,bajo,b18_ctx8,bajo,-0.03297514401545325
fold2_stack_participant_C0.001_20260912,2,stack_participant_C0.001,20260912,bajo,b18_ctx8,medio,0.021189660447894672
fold2_stack_participant_C0.001_20260912,2,stack_participant_C0.001,20260912,bajo,b18_ctx8,alto,0.02413209244493412
fold2_stack_participant_C0.001_20260912,2,stack_participant_C0.001,20260912,bajo,b19_ctx1,bajo,0.0058219321424415795
fold2_stack_participant_C0.001_20260912,2,stack_participant_C0.001,20260912,bajo,b19_ctx1,medio,0.004587080970846024
fold2_stack_participant_C0.001_20260912,2,stack_participant_C0.001,20260912,bajo,b19_ctx1,alto,-0.013353068108610236
fold2_stack_participant_C0.001_20260912,2,stack_participant_C0.001,20260912,bajo,b19_ctx8,bajo,0.045790854917826106
fold2_stack_participant_C0.001_20260912,2,stack_participant_C0.001,20260912,bajo,b19_ctx8,medio,-0.034218330422385694
fold2_stack_participant_C0.001_20260912,2,stack_participant_C0.001,20260912,bajo,b19_ctx8,alto,-0.030897088744482413
fold2_stack_participant_C0.001_20260912,2,stack_participant_C0.001,20260912,bajo,b20_ctx1,bajo,-0.024897653927893976
fold2_stack_participant_C0.001_20260912,2,stack_participant_C0.001,20260912,bajo,b20_ctx1,medio,0.010213431672385398
fold2_stack_participant_C0.001_20260912,2,stack_participant_C0.001,20260912,bajo,b20_ctx1,alto,0.020889941872907606
fold2_stack_participant_C0.001_20260912,2,stack_participant_C0.001,20260912,bajo,b20_ctx8,bajo,0.03505376124818685
fold2_stack_participant_C0.001_20260912,2,stack_participant_C0.001,20260912,bajo,b20_ctx8,medio,-0.029863147860423427
fold2_stack_participant_C0.001_20260912,2,stack_participant_C0.001,20260912,bajo,b20_ctx8,alto,-0.015940121974304125
fold2_stack_participant_C0.001_20260912,2,stack_participant_C0.001,20260912,bajo,b21_ctx1,bajo,-0.033316275814672155
fold2_stack_participant_C0.001_20260912,2,stack_participant_C0.001,20260912,bajo,b21_ctx1,medio,0.0006579154260701447
fold2_stack_participant_C0.001_20260912,2,stack_participant_C0.001,20260912,bajo,b21_ctx1,alto,0.03987220169185042
fold2_stack_participant_C0.001_20260912,2,stack_participant_C0.001,20260912,bajo,b21_ctx8,bajo,-0.022620349020750802
fold2_stack_participant_C0.001_20260912,2,stack_participant_C0.001,20260912,bajo,b21_ctx8,medio,0.009794479988622599
fold2_stack_participant_C0.001_20260912,2,stack_participant_C0.001,20260912,bajo,b21_ctx8,alto,0.014438896937362024
fold2_stack_participant_C0.001_20260912,2,stack_participant_C0.001,20260912,medio,b15_ctx1,bajo,0.015498969553873511
fold2_stack_participant_C0.001_20260912,2,stack_participant_C0.001,20260912,medio,b15_ctx1,medio,-0.0012536840557934078
fold2_stack_participant_C0.001_20260912,2,stack_participant_C0.001,20260912,medio,b15_ctx1,alto,-0.018796770379498198
fold2_stack_participant_C0.001_20260912,2,stack_participant_C0.001,20260912,medio,b15_ctx8,bajo,-0.002547653987298237
fold2_stack_participant_C0.001_20260912,2,stack_participant_C0.001,20260912,medio,b15_ctx8,medio,-0.000622798980719755
fold2_stack_participant_C0.001_20260912,2,stack_participant_C0.001,20260912,medio,b15_ctx8,alto,0.003978143280163375
fold2_stack_participant_C0.001_20260912,2,stack_participant_C0.001,20260912,medio,b16_ctx1,bajo,0.0029152862162233175
fold2_stack_participant_C0.001_20260912,2,stack_participant_C0.001,20260912,medio,b16_ctx1,medio,0.008513764818061093
fold2_stack_participant_C0.001_20260912,2,stack_participant_C0.001,20260912,medio,b16_ctx1,alto,-0.01310530617934814
fold2_stack_participant_C0.001_20260912,2,stack_participant_C0.001,20260912,medio,b16_ctx8,bajo,-0.001449929101740549
fold2_stack_participant_C0.001_20260912,2,stack_participant_C0.001,20260912,medio,b16_ctx8,medio,0.004465252151353403
fold2_stack_participant_C0.001_20260912,2,stack_participant_C0.001,20260912,medio,b16_ctx8,alto,-0.002302768160391697
fold2_stack_participant_C0.001_20260912,2,stack_participant_C0.001,20260912,medio,b17_ctx1,bajo,0.0005576507725917053
fold2_stack_participant_C0.001_20260912,2,stack_participant_C0.001,20260912,medio,b17_ctx1,medio,0.01453700059939052
fold2_stack_participant_C0.001_20260912,2,stack_participant_C0.001,20260912,medio,b17_ctx1,alto,-0.01696732421136721
fold2_stack_participant_C0.001_20260912,2,stack_participant_C0.001,20260912,medio,b17_ctx8,bajo,0.0021865998170751515
fold2_stack_participant_C0.001_20260912,2,stack_participant_C0.001,20260912,medio,b17_ctx8,medio,-0.004490648075839703
fold2_stack_participant_C0.001_20260912,2,stack_participant_C0.001,20260912,medio,b17_ctx8,alto,0.0013940333495909047
fold2_stack_participant_C0.001_20260912,2,stack_participant_C0.001,20260912,medio,b18_ctx1,bajo,0.0018682918648345885
fold2_stack_participant_C0.001_20260912,2,stack_participant_C0.001,20260912,medio,b18_ctx1,medio,0.019589512359496106
fold2_stack_participant_C0.001_20260912,2,stack_participant_C0.001,20260912,medio,b18_ctx1,alto,-0.025851822859364534
fold2_stack_participant_C0.001_20260912,2,stack_participant_C0.001,20260912,medio,b18_ctx8,bajo,0.0072356530872051215
fold2_stack_participant_C0.001_20260912,2,stack_participant_C0.001,20260912,medio,b18_ctx8,medio,-0.004683093147628348
fold2_stack_participant_C0.001_20260912,2,stack_participant_C0.001,20260912,medio,b18_ctx8,alto,-0.005263031832946682
fold2_stack_participant_C0.001_20260912,2,stack_participant_C0.001,20260912,medio,b19_ctx1,bajo,-0.0013072824080717386
fold2_stack_participant_C0.001_20260912,2,stack_participant_C0.001,20260912,medio,b19_ctx1,medio,-0.002664576676935395
fold2_stack_participant_C0.001_20260912,2,stack_participant_C0.001,20260912,medio,b19_ctx1,alto,0.004812384047509003
fold2_stack_participant_C0.001_20260912,2,stack_participant_C0.001,20260912,medio,b19_ctx8,bajo,-0.016421912363409254
fold2_stack_participant_C0.001_20260912,2,stack_participant_C0.001,20260912,medio,b19_ctx8,medio,0.006945947654632402
fold2_stack_participant_C0.001_20260912,2,stack_participant_C0.001,20260912,medio,b19_ctx8,alto,0.016264959808764717
fold2_stack_participant_C0.001_20260912,2,stack_participant_C0.001,20260912,medio,b20_ctx1,bajo,0.0071759304560367965
fold2_stack_participant_C0.001_20260912,2,stack_participant_C0.001,20260912,medio,b20_ctx1,medio,0.00212302562592537
fold2_stack_participant_C0.001_20260912,2,stack_participant_C0.001,20260912,medio,b20_ctx1,alto,-0.01176209575369993
fold2_stack_participant_C0.001_20260912,2,stack_participant_C0.001,20260912,medio,b20_ctx8,bajo,-0.011541340155801284
fold2_stack_participant_C0.001_20260912,2,stack_participant_C0.001,20260912,medio,b20_ctx8,medio,0.002948251159538198
fold2_stack_participant_C0.001_20260912,2,stack_participant_C0.001,20260912,medio,b20_ctx8,alto,0.011993958849664813
fold2_stack_participant_C0.001_20260912,2,stack_participant_C0.001,20260912,medio,b21_ctx1,bajo,-0.024371225817301903
fold2_stack_participant_C0.001_20260912,2,stack_participant_C0.001,20260912,medio,b21_ctx1,medio,0.02057694852509648
fold2_stack_participant_C0.001_20260912,2,stack_participant_C0.001,20260912,medio,b21_ctx1,alto,0.005486006420710149
fold2_stack_participant_C0.001_20260912,2,stack_participant_C0.001,20260912,medio,b21_ctx8,bajo,-0.013004193080910022
fold2_stack_participant_C0.001_20260912,2,stack_participant_C0.001,20260912,medio,b21_ctx8,medio,-0.01911926496133069
fold2_stack_participant_C0.001_20260912,2,stack_participant_C0.001,20260912,medio,b21_ctx8,alto,0.034359868460866326
fold2_stack_participant_C0.01_20260912,2,stack_participant_C0.01,20260912,alto,b15_ctx1,bajo,-0.05909742950124877
fold2_stack_participant_C0.01_20260912,2,stack_participant_C0.01,20260912,alto,b15_ctx1,medio,0.03259987125251708
fold2_stack_participant_C0.01_20260912,2,stack_participant_C0.01,20260912,alto,b15_ctx1,alto,0.041584529730958386
fold2_stack_participant_C0.01_20260912,2,stack_participant_C0.01,20260912,alto,b15_ctx8,bajo,-0.07927890812409136
fold2_stack_participant_C0.01_20260912,2,stack_participant_C0.01,20260912,alto,b15_ctx8,medio,0.0651597630480752
fold2_stack_participant_C0.01_20260912,2,stack_participant_C0.01,20260912,alto,b15_ctx8,alto,0.044110228596727016
fold2_stack_participant_C0.01_20260912,2,stack_participant_C0.01,20260912,alto,b16_ctx1,bajo,-0.025113308435655218
fold2_stack_participant_C0.01_20260912,2,stack_participant_C0.01,20260912,alto,b16_ctx1,medio,0.0094411391261393
fold2_stack_participant_C0.01_20260912,2,stack_participant_C0.01,20260912,alto,b16_ctx1,alto,0.023635350666788082
fold2_stack_participant_C0.01_20260912,2,stack_participant_C0.01,20260912,alto,b16_ctx8,bajo,-0.038907402213365576
fold2_stack_participant_C0.01_20260912,2,stack_participant_C0.01,20260912,alto,b16_ctx8,medio,0.02629097111639102
fold2_stack_participant_C0.01_20260912,2,stack_participant_C0.01,20260912,alto,b16_ctx8,alto,0.02860769874712178
fold2_stack_participant_C0.01_20260912,2,stack_participant_C0.01,20260912,alto,b17_ctx1,bajo,0.02256844897116016
fold2_stack_participant_C0.01_20260912,2,stack_participant_C0.01,20260912,alto,b17_ctx1,medio,-0.028023969597731905
fold2_stack_participant_C0.01_20260912,2,stack_participant_C0.01,20260912,alto,b17_ctx1,alto,0.0010035851825257994
fold2_stack_participant_C0.01_20260912,2,stack_participant_C0.01,20260912,alto,b17_ctx8,bajo,-0.020578590364754297
fold2_stack_participant_C0.01_20260912,2,stack_participant_C0.01,20260912,alto,b17_ctx8,medio,0.05211296963288192
fold2_stack_participant_C0.01_20260912,2,stack_participant_C0.01,20260912,alto,b17_ctx8,alto,-0.022779215009343972
fold2_stack_participant_C0.01_20260912,2,stack_participant_C0.01,20260912,alto,b18_ctx1,bajo,0.018098012538810066
fold2_stack_participant_C0.01_20260912,2,stack_participant_C0.01,20260912,alto,b18_ctx1,medio,-0.04094098044778976
fold2_stack_participant_C0.01_20260912,2,stack_participant_C0.01,20260912,alto,b18_ctx1,alto,0.024253869958529763
fold2_stack_participant_C0.01_20260912,2,stack_participant_C0.01,20260912,alto,b18_ctx8,bajo,0.08624569160228868
fold2_stack_participant_C0.01_20260912,2,stack_participant_C0.01,20260912,alto,b18_ctx8,medio,-0.08032788402464626
fold2_stack_participant_C0.01_20260912,2,stack_participant_C0.01,20260912,alto,b18_ctx8,alto,-0.03916658312173375
fold2_stack_participant_C0.01_20260912,2,stack_participant_C0.01,20260912,alto,b19_ctx1,bajo,0.008309143312994495
fold2_stack_participant_C0.01_20260912,2,stack_participant_C0.01,20260912,alto,b19_ctx1,medio,-0.004534507076014152
fold2_stack_participant_C0.01_20260912,2,stack_participant_C0.01,20260912,alto,b19_ctx1,alto,-0.006759862514904272
fold2_stack_participant_C0.01_20260912,2,stack_participant_C0.01,20260912,alto,b19_ctx8,bajo,-0.026639842476553457
fold2_stack_participant_C0.01_20260912,2,stack_participant_C0.01,20260912,alto,b19_ctx8,medio,0.02168076189581202
fold2_stack_participant_C0.01_20260912,2,stack_participant_C0.01,20260912,alto,b19_ctx8,alto,0.016248642466871275
fold2_stack_participant_C0.01_20260912,2,stack_participant_C0.01,20260912,alto,b20_ctx1,bajo,0.013529635599451618
fold2_stack_participant_C0.01_20260912,2,stack_participant_C0.01,20260912,alto,b20_ctx1,medio,-0.02994454158666313
fold2_stack_participant_C0.01_20260912,2,stack_participant_C0.01,20260912,alto,b20_ctx1,alto,0.016290355617398354
fold2_stack_participant_C0.01_20260912,2,stack_participant_C0.01,20260912,alto,b20_ctx8,bajo,-0.05805567958756004
fold2_stack_participant_C0.01_20260912,2,stack_participant_C0.01,20260912,alto,b20_ctx8,medio,0.02810688052790221
fold2_stack_participant_C0.01_20260912,2,stack_participant_C0.01,20260912,alto,b20_ctx8,alto,0.04732284161635479
fold2_stack_participant_C0.01_20260912,2,stack_participant_C0.01,20260912,alto,b21_ctx1,bajo,0.09339090942876449
fold2_stack_participant_C0.01_20260912,2,stack_participant_C0.01,20260912,alto,b21_ctx1,medio,-0.027721824248035987
fold2_stack_participant_C0.01_20260912,2,stack_participant_C0.01,20260912,alto,b21_ctx1,alto,-0.08127382168958286
fold2_stack_participant_C0.01_20260912,2,stack_participant_C0.01,20260912,alto,b21_ctx8,bajo,0.10352179326711627
fold2_stack_participant_C0.01_20260912,2,stack_participant_C0.01,20260912,alto,b21_ctx8,medio,-0.0006912334595475876
fold2_stack_participant_C0.01_20260912,2,stack_participant_C0.01,20260912,alto,b21_ctx8,alto,-0.11254689069710985
fold2_stack_participant_C0.01_20260912,2,stack_participant_C0.01,20260912,bajo,b15_ctx1,bajo,-0.02219283503566808
fold2_stack_participant_C0.01_20260912,2,stack_participant_C0.01,20260912,bajo,b15_ctx1,medio,0.0054226581220272645
fold2_stack_participant_C0.01_20260912,2,stack_participant_C0.01,20260912,bajo,b15_ctx1,alto,0.022991698802527633
fold2_stack_participant_C0.01_20260912,2,stack_participant_C0.01,20260912,bajo,b15_ctx8,bajo,0.06769595667001313
fold2_stack_participant_C0.01_20260912,2,stack_participant_C0.01,20260912,bajo,b15_ctx8,medio,-0.06657968301390933
fold2_stack_participant_C0.01_20260912,2,stack_participant_C0.01,20260912,bajo,b15_ctx8,alto,-0.02735407697472678
fold2_stack_participant_C0.01_20260912,2,stack_participant_C0.01,20260912,bajo,b16_ctx1,bajo,0.04295383034580393
fold2_stack_participant_C0.01_20260912,2,stack_participant_C0.01,20260912,bajo,b16_ctx1,medio,-0.03096249216756454
fold2_stack_participant_C0.01_20260912,2,stack_participant_C0.01,20260912,bajo,b16_ctx1,alto,-0.024452527031534353
fold2_stack_participant_C0.01_20260912,2,stack_participant_C0.01,20260912,bajo,b16_ctx8,bajo,0.018356858403195748
fold2_stack_participant_C0.01_20260912,2,stack_participant_C0.01,20260912,bajo,b16_ctx8,medio,-0.0436550634085907
fold2_stack_participant_C0.01_20260912,2,stack_participant_C0.01,20260912,bajo,b16_ctx8,alto,0.01670775552087702
fold2_stack_participant_C0.01_20260912,2,stack_participant_C0.01,20260912,bajo,b17_ctx1,bajo,-0.012531588447934785
fold2_stack_participant_C0.01_20260912,2,stack_participant_C0.01,20260912,bajo,b17_ctx1,medio,0.008671565621154939
fold2_stack_participant_C0.01_20260912,2,stack_participant_C0.01,20260912,bajo,b17_ctx1,alto,0.00712942430324592
fold2_stack_participant_C0.01_20260912,2,stack_participant_C0.01,20260912,bajo,b17_ctx8,bajo,0.008507160862098039
fold2_stack_participant_C0.01_20260912,2,stack_participant_C0.01,20260912,bajo,b17_ctx8,medio,-0.015892211918572947
fold2_stack_participant_C0.01_20260912,2,stack_participant_C0.01,20260912,bajo,b17_ctx8,alto,0.0038751439073509103
fold2_stack_participant_C0.01_20260912,2,stack_participant_C0.01,20260912,bajo,b18_ctx1,bajo,-0.04040271406441007
fold2_stack_participant_C0.01_20260912,2,stack_participant_C0.01,20260912,bajo,b18_ctx1,medio,0.012585208378573394
fold2_stack_participant_C0.01_20260912,2,stack_participant_C0.01,20260912,bajo,b18_ctx1,alto,0.03969068720303131
fold2_stack_participant_C0.01_20260912,2,stack_participant_C0.01,20260912,bajo,b18_ctx8,bajo,-0.09658185128627697
fold2_stack_participant_C0.01_20260912,2,stack_participant_C0.01,20260912,bajo,b18_ctx8,medio,0.09557496824183702
fold2_stack_participant_C0.01_20260912,2,stack_participant_C0.01,20260912,bajo,b18_ctx8,alto,0.03845621067360263
fold2_stack_participant_C0.01_20260912,2,stack_participant_C0.01,20260912,bajo,b19_ctx1,bajo,0.036739057264218174
fold2_stack_participant_C0.01_20260912,2,stack_participant_C0.01,20260912,bajo,b19_ctx1,medio,0.03114656287322
fold2_stack_participant_C0.01_20260912,2,stack_participant_C0.01,20260912,bajo,b19_ctx1,alto,-0.08670548300433828
fold2_stack_participant_C0.01_20260912,2,stack_participant_C0.01,20260912,bajo,b19_ctx8,bajo,0.08444270542657428
fold2_stack_participant_C0.01_20260912,2,stack_participant_C0.01,20260912,bajo,b19_ctx8,medio,-0.05168298379794556
fold2_stack_participant_C0.01_20260912,2,stack_participant_C0.01,20260912,bajo,b19_ctx8,alto,-0.06809299944341356
fold2_stack_participant_C0.01_20260912,2,stack_participant_C0.01,20260912,bajo,b20_ctx1,bajo,-0.07759836402886841
fold2_stack_participant_C0.01_20260912,2,stack_participant_C0.01,20260912,bajo,b20_ctx1,medio,0.045882469874732656
fold2_stack_participant_C0.01_20260912,2,stack_participant_C0.01,20260912,bajo,b20_ctx1,alto,0.04918666380589063
fold2_stack_participant_C0.01_20260912,2,stack_participant_C0.01,20260912,bajo,b20_ctx8,bajo,0.08741568442365664
fold2_stack_participant_C0.01_20260912,2,stack_participant_C0.01,20260912,bajo,b20_ctx8,medio,-0.08477639334435191
fold2_stack_participant_C0.01_20260912,2,stack_participant_C0.01,20260912,bajo,b20_ctx8,alto,-0.029653120689320047
fold2_stack_participant_C0.01_20260912,2,stack_participant_C0.01,20260912,bajo,b21_ctx1,bajo,0.005470824892743107
fold2_stack_participant_C0.01_20260912,2,stack_participant_C0.01,20260912,bajo,b21_ctx1,medio,-0.05140565268752084
fold2_stack_participant_C0.01_20260912,2,stack_participant_C0.01,20260912,bajo,b21_ctx1,alto,0.05390227581397088
fold2_stack_participant_C0.01_20260912,2,stack_participant_C0.01,20260912,bajo,b21_ctx8,bajo,-0.10343298060224966
fold2_stack_participant_C0.01_20260912,2,stack_participant_C0.01,20260912,bajo,b21_ctx8,medio,0.0733790265654856
fold2_stack_participant_C0.01_20260912,2,stack_participant_C0.01,20260912,bajo,b21_ctx8,alto,0.03591725362247902
fold2_stack_participant_C0.01_20260912,2,stack_participant_C0.01,20260912,medio,b15_ctx1,bajo,0.08129026453691608
fold2_stack_participant_C0.01_20260912,2,stack_participant_C0.01,20260912,medio,b15_ctx1,medio,-0.0380225293745447
fold2_stack_participant_C0.01_20260912,2,stack_participant_C0.01,20260912,medio,b15_ctx1,alto,-0.0645762285334851
fold2_stack_participant_C0.01_20260912,2,stack_participant_C0.01,20260912,medio,b15_ctx8,bajo,0.011582951454077877
fold2_stack_participant_C0.01_20260912,2,stack_participant_C0.01,20260912,medio,b15_ctx8,medio,0.0014199199658331977
fold2_stack_participant_C0.01_20260912,2,stack_participant_C0.01,20260912,medio,b15_ctx8,alto,-0.016756151622000448
fold2_stack_participant_C0.01_20260912,2,stack_participant_C0.01,20260912,medio,b16_ctx1,bajo,-0.017840521910148725
fold2_stack_participant_C0.01_20260912,2,stack_participant_C0.01,20260912,medio,b16_ctx1,medio,0.02152135304142448
fold2_stack_participant_C0.01_20260912,2,stack_participant_C0.01,20260912,medio,b16_ctx1,alto,0.0008171763647464131
fold2_stack_participant_C0.01_20260912,2,stack_participant_C0.01,20260912,medio,b16_ctx8,bajo,0.020550543810171417
fold2_stack_participant_C0.01_20260912,2,stack_participant_C0.01,20260912,medio,b16_ctx8,medio,0.01736409229219959
fold2_stack_participant_C0.01_20260912,2,stack_participant_C0.01,20260912,medio,b16_ctx8,alto,-0.045315454267997976
fold2_stack_participant_C0.01_20260912,2,stack_participant_C0.01,20260912,medio,b17_ctx1,bajo,-0.010036860523225031
fold2_stack_participant_C0.01_20260912,2,stack_participant_C0.01,20260912,medio,b17_ctx1,medio,0.019352403976576785
fold2_stack_participant_C0.01_20260912,2,stack_participant_C0.01,20260912,medio,b17_ctx1,alto,-0.008133009485772587
fold2_stack_participant_C0.01_20260912,2,stack_participant_C0.01,20260912,medio,b17_ctx8,bajo,0.01207142950265711
fold2_stack_participant_C0.01_20260912,2,stack_participant_C0.01,20260912,medio,b17_ctx8,medio,-0.036220757714309666
fold2_stack_participant_C0.01_20260912,2,stack_participant_C0.01,20260912,medio,b17_ctx8,alto,0.01890407110199248
fold2_stack_participant_C0.01_20260912,2,stack_participant_C0.01,20260912,medio,b18_ctx1,bajo,0.022304701525600344
fold2_stack_participant_C0.01_20260912,2,stack_participant_C0.01,20260912,medio,b18_ctx1,medio,0.028355772069216037
fold2_stack_participant_C0.01_20260912,2,stack_participant_C0.01,20260912,medio,b18_ctx1,alto,-0.06394455716156121
fold2_stack_participant_C0.01_20260912,2,stack_participant_C0.01,20260912,medio,b18_ctx8,bajo,0.010336159683988579
fold2_stack_participant_C0.01_20260912,2,stack_participant_C0.01,20260912,medio,b18_ctx8,medio,-0.015247084217191268
fold2_stack_participant_C0.01_20260912,2,stack_participant_C0.01,20260912,medio,b18_ctx8,alto,0.0007103724481327212
fold2_stack_participant_C0.01_20260912,2,stack_participant_C0.01,20260912,medio,b19_ctx1,bajo,-0.045048200577211844
fold2_stack_participant_C0.01_20260912,2,stack_participant_C0.01,20260912,medio,b19_ctx1,medio,-0.02661205579720629
fold2_stack_participant_C0.01_20260912,2,stack_participant_C0.01,20260912,medio,b19_ctx1,alto,0.09346534551924267
fold2_stack_participant_C0.01_20260912,2,stack_participant_C0.01,20260912,medio,b19_ctx8,bajo,-0.05780286295002143
fold2_stack_participant_C0.01_20260912,2,stack_participant_C0.01,20260912,medio,b19_ctx8,medio,0.030002221902133492
fold2_stack_participant_C0.01_20260912,2,stack_participant_C0.01,20260912,medio,b19_ctx8,alto,0.05184435697654197
fold2_stack_participant_C0.01_20260912,2,stack_participant_C0.01,20260912,medio,b20_ctx1,bajo,0.0640687284294165
fold2_stack_participant_C0.01_20260912,2,stack_participant_C0.01,20260912,medio,b20_ctx1,medio,-0.0159379282880694
fold2_stack_participant_C0.01_20260912,2,stack_participant_C0.01,20260912,medio,b20_ctx1,alto,-0.06547701942328894
fold2_stack_participant_C0.01_20260912,2,stack_participant_C0.01,20260912,medio,b20_ctx8,bajo,-0.029360004836096684
fold2_stack_participant_C0.01_20260912,2,stack_participant_C0.01,20260912,medio,b20_ctx8,medio,0.05666951281645024
fold2_stack_participant_C0.01_20260912,2,stack_participant_C0.01,20260912,medio,b20_ctx8,alto,-0.017669720927033478
fold2_stack_participant_C0.01_20260912,2,stack_participant_C0.01,20260912,medio,b21_ctx1,bajo,-0.0988617343215071
fold2_stack_participant_C0.01_20260912,2,stack_participant_C0.01,20260912,medio,b21_ctx1,medio,0.07912747693555704
fold2_stack_participant_C0.01_20260912,2,stack_participant_C0.01,20260912,medio,b21_ctx1,alto,0.027371545875612226
fold2_stack_participant_C0.01_20260912,2,stack_participant_C0.01,20260912,medio,b21_ctx8,bajo,-8.881266486699038e-05
fold2_stack_participant_C0.01_20260912,2,stack_participant_C0.01,20260912,medio,b21_ctx8,medio,-0.07268779310593744
fold2_stack_participant_C0.01_20260912,2,stack_participant_C0.01,20260912,medio,b21_ctx8,alto,0.07662963707463001
fold2_stack_participant_C0.1_20260912,2,stack_participant_C0.1,20260912,alto,b15_ctx1,bajo,-0.16343275038862096
fold2_stack_participant_C0.1_20260912,2,stack_participant_C0.1,20260912,alto,b15_ctx1,medio,0.19459252247403236
fold2_stack_participant_C0.1_20260912,2,stack_participant_C0.1,20260912,alto,b15_ctx1,alto,0.0020493403783095583
fold2_stack_participant_C0.1_20260912,2,stack_participant_C0.1,20260912,alto,b15_ctx8,bajo,-0.04542028826191388
fold2_stack_participant_C0.1_20260912,2,stack_participant_C0.1,20260912,alto,b15_ctx8,medio,0.1269897493969248
fold2_stack_participant_C0.1_20260912,2,stack_participant_C0.1,20260912,alto,b15_ctx8,alto,-0.05923592383787593
fold2_stack_participant_C0.1_20260912,2,stack_participant_C0.1,20260912,alto,b16_ctx1,bajo,-0.12857784183707893
fold2_stack_participant_C0.1_20260912,2,stack_participant_C0.1,20260912,alto,b16_ctx1,medio,0.10931788281811895
fold2_stack_participant_C0.1_20260912,2,stack_participant_C0.1,20260912,alto,b16_ctx1,alto,0.055259758597968174
fold2_stack_participant_C0.1_20260912,2,stack_participant_C0.1,20260912,alto,b16_ctx8,bajo,0.03409251961319059
fold2_stack_participant_C0.1_20260912,2,stack_participant_C0.1,20260912,alto,b16_ctx8,medio,-0.11626951931860391
fold2_stack_participant_C0.1_20260912,2,stack_participant_C0.1,20260912,alto,b16_ctx8,alto,0.06504521070290564
fold2_stack_participant_C0.1_20260912,2,stack_participant_C0.1,20260912,alto,b17_ctx1,bajo,0.06729000838248768
fold2_stack_participant_C0.1_20260912,2,stack_participant_C0.1,20260912,alto,b17_ctx1,medio,-0.043420093170693924
fold2_stack_participant_C0.1_20260912,2,stack_participant_C0.1,20260912,alto,b17_ctx1,alto,-0.04178917049890022
fold2_stack_participant_C0.1_20260912,2,stack_participant_C0.1,20260912,alto,b17_ctx8,bajo,-0.20176103094431244
fold2_stack_participant_C0.1_20260912,2,stack_participant_C0.1,20260912,alto,b17_ctx8,medio,0.37758213567310034
fold2_stack_participant_C0.1_20260912,2,stack_participant_C0.1,20260912,alto,b17_ctx8,alto,-0.09256496902084672
fold2_stack_participant_C0.1_20260912,2,stack_participant_C0.1,20260912,alto,b18_ctx1,bajo,0.042048118022885266
fold2_stack_participant_C0.1_20260912,2,stack_participant_C0.1,20260912,alto,b18_ctx1,medio,-0.09480347484776053
fold2_stack_participant_C0.1_20260912,2,stack_participant_C0.1,20260912,alto,b18_ctx1,alto,0.05597296292695244
fold2_stack_participant_C0.1_20260912,2,stack_participant_C0.1,20260912,alto,b18_ctx8,bajo,0.19323122298073697
fold2_stack_participant_C0.1_20260912,2,stack_participant_C0.1,20260912,alto,b18_ctx8,medio,-0.27635471109825727
fold2_stack_participant_C0.1_20260912,2,stack_participant_C0.1,20260912,alto,b18_ctx8,alto,0.004929026239120143
fold2_stack_participant_C0.1_20260912,2,stack_participant_C0.1,20260912,alto,b19_ctx1,bajo,0.09002281517860321
fold2_stack_participant_C0.1_20260912,2,stack_participant_C0.1,20260912,alto,b19_ctx1,medio,-0.08147592175801292
fold2_stack_participant_C0.1_20260912,2,stack_participant_C0.1,20260912,alto,b19_ctx1,alto,-0.037338000876200775
fold2_stack_participant_C0.1_20260912,2,stack_participant_C0.1,20260912,alto,b19_ctx8,bajo,0.005146606506602857
fold2_stack_participant_C0.1_20260912,2,stack_participant_C0.1,20260912,alto,b19_ctx8,medio,-0.01748522588685847
fold2_stack_participant_C0.1_20260912,2,stack_participant_C0.1,20260912,alto,b19_ctx8,alto,0.009804665552854093
fold2_stack_participant_C0.1_20260912,2,stack_participant_C0.1,20260912,alto,b20_ctx1,bajo,0.09431990302532474
fold2_stack_participant_C0.1_20260912,2,stack_participant_C0.1,20260912,alto,b20_ctx1,medio,-0.18214118139505756
fold2_stack_participant_C0.1_20260912,2,stack_participant_C0.1,20260912,alto,b20_ctx1,alto,0.08340995032388664
fold2_stack_participant_C0.1_20260912,2,stack_participant_C0.1,20260912,alto,b20_ctx8,bajo,-0.17128655684015384
fold2_stack_participant_C0.1_20260912,2,stack_participant_C0.1,20260912,alto,b20_ctx8,medio,0.020054934087772827
fold2_stack_participant_C0.1_20260912,2,stack_participant_C0.1,20260912,alto,b20_ctx8,alto,0.2012279979220044
fold2_stack_participant_C0.1_20260912,2,stack_participant_C0.1,20260912,alto,b21_ctx1,bajo,0.07492422562024456
fold2_stack_participant_C0.1_20260912,2,stack_participant_C0.1,20260912,alto,b21_ctx1,medio,0.0022071147141106418
fold2_stack_participant_C0.1_20260912,2,stack_participant_C0.1,20260912,alto,b21_ctx1,alto,-0.09401212908964705
fold2_stack_participant_C0.1_20260912,2,stack_participant_C0.1,20260912,alto,b21_ctx8,bajo,0.16463069232731356
fold2_stack_participant_C0.1_20260912,2,stack_participant_C0.1,20260912,alto,b21_ctx8,medio,-0.003813902872003376
fold2_stack_participant_C0.1_20260912,2,stack_participant_C0.1,20260912,alto,b21_ctx8,alto,-0.17612508427686832
fold2_stack_participant_C0.1_20260912,2,stack_participant_C0.1,20260912,bajo,b15_ctx1,bajo,0.006284952310549563
fold2_stack_participant_C0.1_20260912,2,stack_participant_C0.1,20260912,bajo,b15_ctx1,medio,-0.048828493201224246
fold2_stack_participant_C0.1_20260912,2,stack_participant_C0.1,20260912,bajo,b15_ctx1,alto,0.04463684085772856
fold2_stack_participant_C0.1_20260912,2,stack_participant_C0.1,20260912,bajo,b15_ctx8,bajo,0.03902942598175863
fold2_stack_participant_C0.1_20260912,2,stack_participant_C0.1,20260912,bajo,b15_ctx8,medio,0.018472201539493915
fold2_stack_participant_C0.1_20260912,2,stack_participant_C0.1,20260912,bajo,b15_ctx8,alto,-0.06936212912008703
fold2_stack_participant_C0.1_20260912,2,stack_participant_C0.1,20260912,bajo,b16_ctx1,bajo,0.15739618734471342
fold2_stack_participant_C0.1_20260912,2,stack_participant_C0.1,20260912,bajo,b16_ctx1,medio,-0.22372076008079383
fold2_stack_participant_C0.1_20260912,2,stack_participant_C0.1,20260912,bajo,b16_ctx1,alto,0.02928977889982285
fold2_stack_participant_C0.1_20260912,2,stack_participant_C0.1,20260912,bajo,b16_ctx8,bajo,-0.13089194724357034
fold2_stack_participant_C0.1_20260912,2,stack_participant_C0.1,20260912,bajo,b16_ctx8,medio,-0.018638426222914072
fold2_stack_participant_C0.1_20260912,2,stack_participant_C0.1,20260912,bajo,b16_ctx8,alto,0.19974502965180418
fold2_stack_participant_C0.1_20260912,2,stack_participant_C0.1,20260912,bajo,b17_ctx1,bajo,-0.07200558936918683
fold2_stack_participant_C0.1_20260912,2,stack_participant_C0.1,20260912,bajo,b17_ctx1,medio,0.07351561897391864
fold2_stack_participant_C0.1_20260912,2,stack_participant_C0.1,20260912,bajo,b17_ctx1,alto,0.014533878148652814
fold2_stack_participant_C0.1_20260912,2,stack_participant_C0.1,20260912,bajo,b17_ctx8,bajo,0.23069546606305227
fold2_stack_participant_C0.1_20260912,2,stack_participant_C0.1,20260912,bajo,b17_ctx8,medio,-0.2564331215110455
fold2_stack_participant_C0.1_20260912,2,stack_participant_C0.1,20260912,bajo,b17_ctx8,alto,-0.06606262687827281
fold2_stack_participant_C0.1_20260912,2,stack_participant_C0.1,20260912,bajo,b18_ctx1,bajo,-0.11376152138462263
fold2_stack_participant_C0.1_20260912,2,stack_participant_C0.1,20260912,bajo,b18_ctx1,medio,0.08238065778136082
fold2_stack_participant_C0.1_20260912,2,stack_participant_C0.1,20260912,bajo,b18_ctx1,alto,0.055863724207670065
fold2_stack_participant_C0.1_20260912,2,stack_participant_C0.1,20260912,bajo,b18_ctx8,bajo,-0.212700248464389
fold2_stack_participant_C0.1_20260912,2,stack_participant_C0.1,20260912,bajo,b18_ctx8,medio,0.2702906431026567
fold2_stack_participant_C0.1_20260912,2,stack_participant_C0.1,20260912,bajo,b18_ctx8,alto,0.027180349920919833
fold2_stack_participant_C0.1_20260912,2,stack_participant_C0.1,20260912,bajo,b19_ctx1,bajo,0.13381225332589414
fold2_stack_participant_C0.1_20260912,2,stack_participant_C0.1,20260912,bajo,b19_ctx1,medio,0.08044923532530562
fold2_stack_participant_C0.1_20260912,2,stack_participant_C0.1,20260912,bajo,b19_ctx1,alto,-0.279185564512243
fold2_stack_participant_C0.1_20260912,2,stack_participant_C0.1,20260912,bajo,b19_ctx8,bajo,0.05418694564338778
fold2_stack_participant_C0.1_20260912,2,stack_participant_C0.1,20260912,bajo,b19_ctx8,medio,0.05468175861324076
fold2_stack_participant_C0.1_20260912,2,stack_participant_C0.1,20260912,bajo,b19_ctx8,alto,-0.12921060040230753
fold2_stack_participant_C0.1_20260912,2,stack_participant_C0.1,20260912,bajo,b20_ctx1,bajo,-0.3514785172474969
fold2_stack_participant_C0.1_20260912,2,stack_participant_C0.1,20260912,bajo,b20_ctx1,medio,0.22691417484686915
fold2_stack_participant_C0.1_20260912,2,stack_participant_C0.1,20260912,bajo,b20_ctx1,alto,0.20115575895419516
fold2_stack_participant_C0.1_20260912,2,stack_participant_C0.1,20260912,bajo,b20_ctx8,bajo,0.29810697810890474
fold2_stack_participant_C0.1_20260912,2,stack_participant_C0.1,20260912,bajo,b20_ctx8,medio,-0.349260267368091
fold2_stack_participant_C0.1_20260912,2,stack_participant_C0.1,20260912,bajo,b20_ctx8,alto,-0.042179000206350695
fold2_stack_participant_C0.1_20260912,2,stack_participant_C0.1,20260912,bajo,b21_ctx1,bajo,0.17635220929416714
fold2_stack_participant_C0.1_20260912,2,stack_participant_C0.1,20260912,bajo,b21_ctx1,medio,-0.16905917278649707
fold2_stack_participant_C0.1_20260912,2,stack_participant_C0.1,20260912,bajo,b21_ctx1,alto,-0.015937300625533123
fold2_stack_participant_C0.1_20260912,2,stack_participant_C0.1,20260912,bajo,b21_ctx8,bajo,-0.24186388358380745
fold2_stack_participant_C0.1_20260912,2,stack_participant_C0.1,20260912,bajo,b21_ctx8,medio,0.19626035964763708
fold2_stack_participant_C0.1_20260912,2,stack_participant_C0.1,20260912,bajo,b21_ctx8,alto,0.0580089947262577
fold2_stack_participant_C0.1_20260912,2,stack_participant_C0.1,20260912,medio,b15_ctx1,bajo,0.15714779807807253
fold2_stack_participant_C0.1_20260912,2,stack_participant_C0.1,20260912,medio,b15_ctx1,medio,-0.1457640292728049
fold2_stack_participant_C0.1_20260912,2,stack_participant_C0.1,20260912,medio,b15_ctx1,alto,-0.04668618123604044
fold2_stack_participant_C0.1_20260912,2,stack_participant_C0.1,20260912,medio,b15_ctx8,bajo,0.006390862280156796
fold2_stack_participant_C0.1_20260912,2,stack_participant_C0.1,20260912,medio,b15_ctx8,medio,-0.14546195093641714
fold2_stack_participant_C0.1_20260912,2,stack_participant_C0.1,20260912,medio,b15_ctx8,alto,0.12859805295796367
fold2_stack_participant_C0.1_20260912,2,stack_participant_C0.1,20260912,medio,b16_ctx1,bajo,-0.02881834550763443
fold2_stack_participant_C0.1_20260912,2,stack_participant_C0.1,20260912,medio,b16_ctx1,medio,0.1144028772626721
fold2_stack_participant_C0.1_20260912,2,stack_participant_C0.1,20260912,medio,b16_ctx1,alto,-0.08454953749778692
fold2_stack_participant_C0.1_20260912,2,stack_participant_C0.1,20260912,medio,b16_ctx8,bajo,0.09679942763037785
fold2_stack_participant_C0.1_20260912,2,stack_participant_C0.1,20260912,medio,b16_ctx8,medio,0.13490794554151808
fold2_stack_participant_C0.1_20260912,2,stack_participant_C0.1,20260912,medio,b16_ctx8,alto,-0.26479024035470955
fold2_stack_participant_C0.1_20260912,2,stack_participant_C0.1,20260912,medio,b17_ctx1,bajo,0.004715580986695821
fold2_stack_participant_C0.1_20260912,2,stack_participant_C0.1,20260912,medio,b17_ctx1,medio,-0.030095525803227528
fold2_stack_participant_C0.1_20260912,2,stack_participant_C0.1,20260912,medio,b17_ctx1,alto,0.027255292350249895
fold2_stack_participant_C0.1_20260912,2,stack_participant_C0.1,20260912,medio,b17_ctx8,bajo,-0.028934435118742708
fold2_stack_participant_C0.1_20260912,2,stack_participant_C0.1,20260912,medio,b17_ctx8,medio,-0.12114901416205985
fold2_stack_participant_C0.1_20260912,2,stack_participant_C0.1,20260912,medio,b17_ctx8,alto,0.1586275958991205
fold2_stack_participant_C0.1_20260912,2,stack_participant_C0.1,20260912,medio,b18_ctx1,bajo,0.07171340336173664
fold2_stack_participant_C0.1_20260912,2,stack_participant_C0.1,20260912,medio,b18_ctx1,medio,0.012422817066399609
fold2_stack_participant_C0.1_20260912,2,stack_participant_C0.1,20260912,medio,b18_ctx1,alto,-0.11183668713462243
fold2_stack_participant_C0.1_20260912,2,stack_participant_C0.1,20260912,medio,b18_ctx8,bajo,0.0194690254836543
fold2_stack_participant_C0.1_20260912,2,stack_participant_C0.1,20260912,medio,b18_ctx8,medio,0.006064067995601153
fold2_stack_participant_C0.1_20260912,2,stack_participant_C0.1,20260912,medio,b18_ctx8,alto,-0.03210937616003396
fold2_stack_participant_C0.1_20260912,2,stack_participant_C0.1,20260912,medio,b19_ctx1,bajo,-0.2238350685045016
fold2_stack_participant_C0.1_20260912,2,stack_participant_C0.1,20260912,medio,b19_ctx1,medio,0.0010266864327052273
fold2_stack_participant_C0.1_20260912,2,stack_participant_C0.1,20260912,medio,b19_ctx1,alto,0.3165235653884418
fold2_stack_participant_C0.1_20260912,2,stack_participant_C0.1,20260912,medio,b19_ctx8,bajo,-0.059333552149995514
fold2_stack_participant_C0.1_20260912,2,stack_participant_C0.1,20260912,medio,b19_ctx8,medio,-0.037196532726380696
fold2_stack_participant_C0.1_20260912,2,stack_participant_C0.1,20260912,medio,b19_ctx8,alto,0.11940593484945286
fold2_stack_participant_C0.1_20260912,2,stack_participant_C0.1,20260912,medio,b20_ctx1,bajo,0.2571586142221734
fold2_stack_participant_C0.1_20260912,2,stack_participant_C0.1,20260912,medio,b20_ctx1,medio,-0.04477299345180723
fold2_stack_participant_C0.1_20260912,2,stack_participant_C0.1,20260912,medio,b20_ctx1,alto,-0.2845657092780772
fold2_stack_participant_C0.1_20260912,2,stack_participant_C0.1,20260912,medio,b20_ctx8,bajo,-0.12682042126875098
fold2_stack_participant_C0.1_20260912,2,stack_participant_C0.1,20260912,medio,b20_ctx8,medio,0.32920533328031404
fold2_stack_participant_C0.1_20260912,2,stack_participant_C0.1,20260912,medio,b20_ctx8,alto,-0.15904899771565245
fold2_stack_participant_C0.1_20260912,2,stack_participant_C0.1,20260912,medio,b21_ctx1,bajo,-0.2512764349144092
fold2_stack_participant_C0.1_20260912,2,stack_participant_C0.1,20260912,medio,b21_ctx1,medio,0.16685205807238454
fold2_stack_participant_C0.1_20260912,2,stack_participant_C0.1,20260912,medio,b21_ctx1,alto,0.10994942971517649
fold2_stack_participant_C0.1_20260912,2,stack_participant_C0.1,20260912,medio,b21_ctx8,bajo,0.07723319125649056
fold2_stack_participant_C0.1_20260912,2,stack_participant_C0.1,20260912,medio,b21_ctx8,medio,-0.19244645677562927
fold2_stack_participant_C0.1_20260912,2,stack_participant_C0.1,20260912,medio,b21_ctx8,alto,0.11811608955061159
fold3_stack_global_C0.001_20260911,3,stack_global_C0.001,20260911,alto,b15_ctx1,bajo,-0.005532435475585816
fold3_stack_global_C0.001_20260911,3,stack_global_C0.001,20260911,alto,b15_ctx1,medio,0.003658470510995604
fold3_stack_global_C0.001_20260911,3,stack_global_C0.001,20260911,alto,b15_ctx1,alto,0.0022805711085541486
fold3_stack_global_C0.001_20260911,3,stack_global_C0.001,20260911,alto,b15_ctx8,bajo,-0.014793196249449388
fold3_stack_global_C0.001_20260911,3,stack_global_C0.001,20260911,alto,b15_ctx8,medio,0.012835512985184908
fold3_stack_global_C0.001_20260911,3,stack_global_C0.001,20260911,alto,b15_ctx8,alto,0.003274126591500307
fold3_stack_global_C0.001_20260911,3,stack_global_C0.001,20260911,alto,b16_ctx1,bajo,-0.010956898057896403
fold3_stack_global_C0.001_20260911,3,stack_global_C0.001,20260911,alto,b16_ctx1,medio,-0.0019346598875092504
fold3_stack_global_C0.001_20260911,3,stack_global_C0.001,20260911,alto,b16_ctx1,alto,0.016788307272254666
fold3_stack_global_C0.001_20260911,3,stack_global_C0.001,20260911,alto,b16_ctx8,bajo,-0.012941877214955983
fold3_stack_global_C0.001_20260911,3,stack_global_C0.001,20260911,alto,b16_ctx8,medio,0.011139979896863059
fold3_stack_global_C0.001_20260911,3,stack_global_C0.001,20260911,alto,b16_ctx8,alto,0.0034240187924503653
fold3_stack_global_C0.001_20260911,3,stack_global_C0.001,20260911,alto,b17_ctx1,bajo,0.0031191118307537296
fold3_stack_global_C0.001_20260911,3,stack_global_C0.001,20260911,alto,b17_ctx1,medio,-0.010397344357606406
fold3_stack_global_C0.001_20260911,3,stack_global_C0.001,20260911,alto,b17_ctx1,alto,0.009112888990976903
fold3_stack_global_C0.001_20260911,3,stack_global_C0.001,20260911,alto,b17_ctx8,bajo,-0.003578637137060717
fold3_stack_global_C0.001_20260911,3,stack_global_C0.001,20260911,alto,b17_ctx8,medio,0.0004440556270056063
fold3_stack_global_C0.001_20260911,3,stack_global_C0.001,20260911,alto,b17_ctx8,alto,0.0039029911074650305
fold3_stack_global_C0.001_20260911,3,stack_global_C0.001,20260911,alto,b18_ctx1,bajo,0.016196320149181286
fold3_stack_global_C0.001_20260911,3,stack_global_C0.001,20260911,alto,b18_ctx1,medio,-0.01928283350143514
fold3_stack_global_C0.001_20260911,3,stack_global_C0.001,20260911,alto,b18_ctx1,alto,0.004306008887644137
fold3_stack_global_C0.001_20260911,3,stack_global_C0.001,20260911,alto,b18_ctx8,bajo,0.008071957554352364
fold3_stack_global_C0.001_20260911,3,stack_global_C0.001,20260911,alto,b18_ctx8,medio,-0.02943100863791116
fold3_stack_global_C0.001_20260911,3,stack_global_C0.001,20260911,alto,b18_ctx8,alto,0.023970273978601603
fold3_stack_global_C0.001_20260911,3,stack_global_C0.001,20260911,alto,b19_ctx1,bajo,-0.00843822766467755
fold3_stack_global_C0.001_20260911,3,stack_global_C0.001,20260911,alto,b19_ctx1,medio,0.012116397559218096
fold3_stack_global_C0.001_20260911,3,stack_global_C0.001,20260911,alto,b19_ctx1,alto,-0.004120835686733443
fold3_stack_global_C0.001_20260911,3,stack_global_C0.001,20260911,alto,b19_ctx8,bajo,-0.01255645805379373
fold3_stack_global_C0.001_20260911,3,stack_global_C0.001,20260911,alto,b19_ctx8,medio,0.02352372320591453
fold3_stack_global_C0.001_20260911,3,stack_global_C0.001,20260911,alto,b19_ctx8,alto,-0.011227078085146617
fold3_stack_global_C0.001_20260911,3,stack_global_C0.001,20260911,alto,b20_ctx1,bajo,0.008452648010370217
fold3_stack_global_C0.001_20260911,3,stack_global_C0.001,20260911,alto,b20_ctx1,medio,0.004617862018656684
fold3_stack_global_C0.001_20260911,3,stack_global_C0.001,20260911,alto,b20_ctx1,alto,-0.01788384027404385
fold3_stack_global_C0.001_20260911,3,stack_global_C0.001,20260911,alto,b20_ctx8,bajo,-0.0011933764166916078
fold3_stack_global_C0.001_20260911,3,stack_global_C0.001,20260911,alto,b20_ctx8,medio,0.01044718951088547
fold3_stack_global_C0.001_20260911,3,stack_global_C0.001,20260911,alto,b20_ctx8,alto,-0.010950483439340943
fold3_stack_global_C0.001_20260911,3,stack_global_C0.001,20260911,alto,b21_ctx1,bajo,0.028471634286902556
fold3_stack_global_C0.001_20260911,3,stack_global_C0.001,20260911,alto,b21_ctx1,medio,-0.0075270729500364255
fold3_stack_global_C0.001_20260911,3,stack_global_C0.001,20260911,alto,b21_ctx1,alto,-0.026626718974076657
fold3_stack_global_C0.001_20260911,3,stack_global_C0.001,20260911,alto,b21_ctx8,bajo,0.04240288783201494
fold3_stack_global_C0.001_20260911,3,stack_global_C0.001,20260911,alto,b21_ctx8,medio,-0.027314932120702774
fold3_stack_global_C0.001_20260911,3,stack_global_C0.001,20260911,alto,b21_ctx8,alto,-0.01527109822814926
fold3_stack_global_C0.001_20260911,3,stack_global_C0.001,20260911,bajo,b15_ctx1,bajo,0.004372939460415033
fold3_stack_global_C0.001_20260911,3,stack_global_C0.001,20260911,bajo,b15_ctx1,medio,-0.008491137671263362
fold3_stack_global_C0.001_20260911,3,stack_global_C0.001,20260911,bajo,b15_ctx1,alto,0.005471610001369402
fold3_stack_global_C0.001_20260911,3,stack_global_C0.001,20260911,bajo,b15_ctx8,bajo,0.021498009489383508
fold3_stack_global_C0.001_20260911,3,stack_global_C0.001,20260911,bajo,b15_ctx8,medio,-0.013150990871683296
fold3_stack_global_C0.001_20260911,3,stack_global_C0.001,20260911,bajo,b15_ctx8,alto,-0.011074736870943387
fold3_stack_global_C0.001_20260911,3,stack_global_C0.001,20260911,bajo,b16_ctx1,bajo,0.007436718258169738
fold3_stack_global_C0.001_20260911,3,stack_global_C0.001,20260911,bajo,b16_ctx1,medio,-0.0016364308266051248
fold3_stack_global_C0.001_20260911,3,stack_global_C0.001,20260911,bajo,b16_ctx1,alto,-0.007618705151190812
fold3_stack_global_C0.001_20260911,3,stack_global_C0.001,20260911,bajo,b16_ctx8,bajo,0.018429247976922223
fold3_stack_global_C0.001_20260911,3,stack_global_C0.001,20260911,bajo,b16_ctx8,medio,-0.015029840432884889
fold3_stack_global_C0.001_20260911,3,stack_global_C0.001,20260911,bajo,b16_ctx8,alto,-0.00581144667646794
fold3_stack_global_C0.001_20260911,3,stack_global_C0.001,20260911,bajo,b17_ctx1,bajo,-0.015172335374103944
fold3_stack_global_C0.001_20260911,3,stack_global_C0.001,20260911,bajo,b17_ctx1,medio,0.006193142729222677
fold3_stack_global_C0.001_20260911,3,stack_global_C0.001,20260911,bajo,b17_ctx1,alto,0.011879096327891308
fold3_stack_global_C0.001_20260911,3,stack_global_C0.001,20260911,bajo,b17_ctx8,bajo,-0.00241717571617422
fold3_stack_global_C0.001_20260911,3,stack_global_C0.001,20260911,bajo,b17_ctx8,medio,-0.0025591433487381675
fold3_stack_global_C0.001_20260911,3,stack_global_C0.001,20260911,bajo,b17_ctx8,alto,0.00586468594602637
fold3_stack_global_C0.001_20260911,3,stack_global_C0.001,20260911,bajo,b18_ctx1,bajo,-0.02512113447395141
fold3_stack_global_C0.001_20260911,3,stack_global_C0.001,20260911,bajo,b18_ctx1,medio,0.008882652388761618
fold3_stack_global_C0.001_20260911,3,stack_global_C0.001,20260911,bajo,b18_ctx1,alto,0.021368402921755
fold3_stack_global_C0.001_20260911,3,stack_global_C0.001,20260911,bajo,b18_ctx8,bajo,-0.021494622373729552
fold3_stack_global_C0.001_20260911,3,stack_global_C0.001,20260911,bajo,b18_ctx8,medio,0.023412370132812374
fold3_stack_global_C0.001_20260911,3,stack_global_C0.001,20260911,bajo,b18_ctx8,alto,-0.0006085871524409382
fold3_stack_global_C0.001_20260911,3,stack_global_C0.001,20260911,bajo,b19_ctx1,bajo,0.019711089289224673
fold3_stack_global_C0.001_20260911,3,stack_global_C0.001,20260911,bajo,b19_ctx1,medio,-0.009590794162159494
fold3_stack_global_C0.001_20260911,3,stack_global_C0.001,20260911,bajo,b19_ctx1,alto,-0.01582203611589134
fold3_stack_global_C0.001_20260911,3,stack_global_C0.001,20260911,bajo,b19_ctx8,bajo,0.04184471264138308
fold3_stack_global_C0.001_20260911,3,stack_global_C0.001,20260911,bajo,b19_ctx8,medio,-0.026974808136646152
fold3_stack_global_C0.001_20260911,3,stack_global_C0.001,20260911,bajo,b19_ctx8,alto,-0.021784122696288613
fold3_stack_global_C0.001_20260911,3,stack_global_C0.001,20260911,bajo,b20_ctx1,bajo,-0.0021933140456104495
fold3_stack_global_C0.001_20260911,3,stack_global_C0.001,20260911,bajo,b20_ctx1,medio,-0.010219010889415825
fold3_stack_global_C0.001_20260911,3,stack_global_C0.001,20260911,bajo,b20_ctx1,alto,0.017191057407504793
fold3_stack_global_C0.001_20260911,3,stack_global_C0.001,20260911,bajo,b20_ctx8,bajo,0.023235006521744393
fold3_stack_global_C0.001_20260911,3,stack_global_C0.001,20260911,bajo,b20_ctx8,medio,-0.02050068577106374
fold3_stack_global_C0.001_20260911,3,stack_global_C0.001,20260911,bajo,b20_ctx8,alto,-0.003969126153076993
fold3_stack_global_C0.001_20260911,3,stack_global_C0.001,20260911,bajo,b21_ctx1,bajo,-0.04153534063563696
fold3_stack_global_C0.001_20260911,3,stack_global_C0.001,20260911,bajo,b21_ctx1,medio,0.010479568003498245
fold3_stack_global_C0.001_20260911,3,stack_global_C0.001,20260911,bajo,b21_ctx1,alto,0.039539453421241
fold3_stack_global_C0.001_20260911,3,stack_global_C0.001,20260911,bajo,b21_ctx8,bajo,-0.0508172674681738
fold3_stack_global_C0.001_20260911,3,stack_global_C0.001,20260911,bajo,b21_ctx8,medio,0.016255280144199854
fold3_stack_global_C0.001_20260911,3,stack_global_C0.001,20260911,bajo,b21_ctx8,alto,0.03861390178937541
fold3_stack_global_C0.001_20260911,3,stack_global_C0.001,20260911,medio,b15_ctx1,bajo,0.0011594960151707241
fold3_stack_global_C0.001_20260911,3,stack_global_C0.001,20260911,medio,b15_ctx1,medio,0.004832667160267782
fold3_stack_global_C0.001_20260911,3,stack_global_C0.001,20260911,medio,b15_ctx1,alto,-0.007752181109923529
fold3_stack_global_C0.001_20260911,3,stack_global_C0.001,20260911,medio,b15_ctx8,bajo,-0.006704813239934117
fold3_stack_global_C0.001_20260911,3,stack_global_C0.001,20260911,medio,b15_ctx8,medio,0.0003154778864983146
fold3_stack_global_C0.001_20260911,3,stack_global_C0.001,20260911,medio,b15_ctx8,alto,0.0078006102794431105
fold3_stack_global_C0.001_20260911,3,stack_global_C0.001,20260911,medio,b16_ctx1,bajo,0.003520179799726662
fold3_stack_global_C0.001_20260911,3,stack_global_C0.001,20260911,medio,b16_ctx1,medio,0.00357109071411436
fold3_stack_global_C0.001_20260911,3,stack_global_C0.001,20260911,medio,b16_ctx1,alto,-0.009169602121063844
fold3_stack_global_C0.001_20260911,3,stack_global_C0.001,20260911,medio,b16_ctx8,bajo,-0.005487370761966254
fold3_stack_global_C0.001_20260911,3,stack_global_C0.001,20260911,medio,b16_ctx8,medio,0.003889860536021763
fold3_stack_global_C0.001_20260911,3,stack_global_C0.001,20260911,medio,b16_ctx8,alto,0.002387427884017558
fold3_stack_global_C0.001_20260911,3,stack_global_C0.001,20260911,medio,b17_ctx1,bajo,0.012053223543350217
fold3_stack_global_C0.001_20260911,3,stack_global_C0.001,20260911,medio,b17_ctx1,medio,0.004204201628383737
fold3_stack_global_C0.001_20260911,3,stack_global_C0.001,20260911,medio,b17_ctx1,alto,-0.020991985318868214
fold3_stack_global_C0.001_20260911,3,stack_global_C0.001,20260911,medio,b17_ctx8,bajo,0.0059958128532349156
fold3_stack_global_C0.001_20260911,3,stack_global_C0.001,20260911,medio,b17_ctx8,medio,0.0021150877217325373
fold3_stack_global_C0.001_20260911,3,stack_global_C0.001,20260911,medio,b17_ctx8,alto,-0.009767677053491375
fold3_stack_global_C0.001_20260911,3,stack_global_C0.001,20260911,medio,b18_ctx1,bajo,0.008924814324770085
fold3_stack_global_C0.001_20260911,3,stack_global_C0.001,20260911,medio,b18_ctx1,medio,0.010400181112673518
fold3_stack_global_C0.001_20260911,3,stack_global_C0.001,20260911,medio,b18_ctx1,alto,-0.025674411809399195
fold3_stack_global_C0.001_20260911,3,stack_global_C0.001,20260911,medio,b18_ctx8,bajo,0.01342266481937728
fold3_stack_global_C0.001_20260911,3,stack_global_C0.001,20260911,medio,b18_ctx8,medio,0.006018638505098752
fold3_stack_global_C0.001_20260911,3,stack_global_C0.001,20260911,medio,b18_ctx8,alto,-0.023361686826160667
fold3_stack_global_C0.001_20260911,3,stack_global_C0.001,20260911,medio,b19_ctx1,bajo,-0.011272861624547123
fold3_stack_global_C0.001_20260911,3,stack_global_C0.001,20260911,medio,b19_ctx1,medio,-0.002525603397058546
fold3_stack_global_C0.001_20260911,3,stack_global_C0.001,20260911,medio,b19_ctx1,alto,0.019942871802624763
fold3_stack_global_C0.001_20260911,3,stack_global_C0.001,20260911,medio,b19_ctx8,bajo,-0.02928825458758948
fold3_stack_global_C0.001_20260911,3,stack_global_C0.001,20260911,medio,b19_ctx8,medio,0.0034510849307316737
fold3_stack_global_C0.001_20260911,3,stack_global_C0.001,20260911,medio,b19_ctx8,alto,0.03301120078143519
fold3_stack_global_C0.001_20260911,3,stack_global_C0.001,20260911,medio,b20_ctx1,bajo,-0.006259333964759726
fold3_stack_global_C0.001_20260911,3,stack_global_C0.001,20260911,medio,b20_ctx1,medio,0.005601148870759173
fold3_stack_global_C0.001_20260911,3,stack_global_C0.001,20260911,medio,b20_ctx1,alto,0.0006927828665390644
fold3_stack_global_C0.001_20260911,3,stack_global_C0.001,20260911,medio,b20_ctx8,bajo,-0.02204163010505275
fold3_stack_global_C0.001_20260911,3,stack_global_C0.001,20260911,medio,b20_ctx8,medio,0.010053496260178214
fold3_stack_global_C0.001_20260911,3,stack_global_C0.001,20260911,medio,b20_ctx8,alto,0.014919609592417947
fold3_stack_global_C0.001_20260911,3,stack_global_C0.001,20260911,medio,b21_ctx1,bajo,0.013063706348734355
fold3_stack_global_C0.001_20260911,3,stack_global_C0.001,20260911,medio,b21_ctx1,medio,-0.002952495053461831
fold3_stack_global_C0.001_20260911,3,stack_global_C0.001,20260911,medio,b21_ctx1,alto,-0.012912734447164332
fold3_stack_global_C0.001_20260911,3,stack_global_C0.001,20260911,medio,b21_ctx8,bajo,0.008414379636158818
fold3_stack_global_C0.001_20260911,3,stack_global_C0.001,20260911,medio,b21_ctx8,medio,0.011059651976502948
fold3_stack_global_C0.001_20260911,3,stack_global_C0.001,20260911,medio,b21_ctx8,alto,-0.023342803561226123
fold3_stack_global_C0.01_20260911,3,stack_global_C0.01,20260911,alto,b15_ctx1,bajo,-0.023071299496969226
fold3_stack_global_C0.01_20260911,3,stack_global_C0.01,20260911,alto,b15_ctx1,medio,0.004026733141011059
fold3_stack_global_C0.01_20260911,3,stack_global_C0.01,20260911,alto,b15_ctx1,alto,0.02409904933771746
fold3_stack_global_C0.01_20260911,3,stack_global_C0.01,20260911,alto,b15_ctx8,bajo,-0.03862517038810106
fold3_stack_global_C0.01_20260911,3,stack_global_C0.01,20260911,alto,b15_ctx8,medio,0.00928042725143269
fold3_stack_global_C0.01_20260911,3,stack_global_C0.01,20260911,alto,b15_ctx8,alto,0.036369882054268235
fold3_stack_global_C0.01_20260911,3,stack_global_C0.01,20260911,alto,b16_ctx1,bajo,-0.044793582396551034
fold3_stack_global_C0.01_20260911,3,stack_global_C0.01,20260911,alto,b16_ctx1,medio,-0.013947555203434455
fold3_stack_global_C0.01_20260911,3,stack_global_C0.01,20260911,alto,b16_ctx1,alto,0.07636351348829212
fold3_stack_global_C0.01_20260911,3,stack_global_C0.01,20260911,alto,b16_ctx8,bajo,-0.014290660840444686
fold3_stack_global_C0.01_20260911,3,stack_global_C0.01,20260911,alto,b16_ctx8,medio,0.001254766036357804
fold3_stack_global_C0.01_20260911,3,stack_global_C0.01,20260911,alto,b16_ctx8,alto,0.016180657005528655
fold3_stack_global_C0.01_20260911,3,stack_global_C0.01,20260911,alto,b17_ctx1,bajo,0.011387705103396255
fold3_stack_global_C0.01_20260911,3,stack_global_C0.01,20260911,alto,b17_ctx1,medio,-0.019621566579960992
fold3_stack_global_C0.01_20260911,3,stack_global_C0.01,20260911,alto,b17_ctx1,alto,0.010046420432669062
fold3_stack_global_C0.01_20260911,3,stack_global_C0.01,20260911,alto,b17_ctx8,bajo,-0.01781271851407148
fold3_stack_global_C0.01_20260911,3,stack_global_C0.01,20260911,alto,b17_ctx8,medio,0.054225363387351816
fold3_stack_global_C0.01_20260911,3,stack_global_C0.01,20260911,alto,b17_ctx8,alto,-0.03930739944832054
fold3_stack_global_C0.01_20260911,3,stack_global_C0.01,20260911,alto,b18_ctx1,bajo,0.07476606748079334
fold3_stack_global_C0.01_20260911,3,stack_global_C0.01,20260911,alto,b18_ctx1,medio,-0.05262987722670397
fold3_stack_global_C0.01_20260911,3,stack_global_C0.01,20260911,alto,b18_ctx1,alto,-0.028656968062417836
fold3_stack_global_C0.01_20260911,3,stack_global_C0.01,20260911,alto,b18_ctx8,bajo,0.03525642530150794
fold3_stack_global_C0.01_20260911,3,stack_global_C0.01,20260911,alto,b18_ctx8,medio,-0.10259387088392226
fold3_stack_global_C0.01_20260911,3,stack_global_C0.01,20260911,alto,b18_ctx8,alto,0.0748407365732733
fold3_stack_global_C0.01_20260911,3,stack_global_C0.01,20260911,alto,b19_ctx1,bajo,-0.03485865622578799
fold3_stack_global_C0.01_20260911,3,stack_global_C0.01,20260911,alto,b19_ctx1,medio,0.05411571592429228
fold3_stack_global_C0.01_20260911,3,stack_global_C0.01,20260911,alto,b19_ctx1,alto,-0.022548054830479503
fold3_stack_global_C0.01_20260911,3,stack_global_C0.01,20260911,alto,b19_ctx8,bajo,-0.013385869983503596
fold3_stack_global_C0.01_20260911,3,stack_global_C0.01,20260911,alto,b19_ctx8,medio,0.05558972335972512
fold3_stack_global_C0.01_20260911,3,stack_global_C0.01,20260911,alto,b19_ctx8,alto,-0.04709756469644253
fold3_stack_global_C0.01_20260911,3,stack_global_C0.01,20260911,alto,b20_ctx1,bajo,0.006757710635912197
fold3_stack_global_C0.01_20260911,3,stack_global_C0.01,20260911,alto,b20_ctx1,medio,0.028623043453193685
fold3_stack_global_C0.01_20260911,3,stack_global_C0.01,20260911,alto,b20_ctx1,alto,-0.04898429383200451
fold3_stack_global_C0.01_20260911,3,stack_global_C0.01,20260911,alto,b20_ctx8,bajo,-0.023921138208225192
fold3_stack_global_C0.01_20260911,3,stack_global_C0.01,20260911,alto,b20_ctx8,medio,0.05908992352778772
fold3_stack_global_C0.01_20260911,3,stack_global_C0.01,20260911,alto,b20_ctx8,alto,-0.04101410764253044
fold3_stack_global_C0.01_20260911,3,stack_global_C0.01,20260911,alto,b21_ctx1,bajo,0.04774957214848524
fold3_stack_global_C0.01_20260911,3,stack_global_C0.01,20260911,alto,b21_ctx1,medio,-0.01645284545406961
fold3_stack_global_C0.01_20260911,3,stack_global_C0.01,20260911,alto,b21_ctx1,alto,-0.03934115878903589
fold3_stack_global_C0.01_20260911,3,stack_global_C0.01,20260911,alto,b21_ctx8,bajo,0.09550267464620966
fold3_stack_global_C0.01_20260911,3,stack_global_C0.01,20260911,alto,b21_ctx8,medio,-0.08952933758863528
fold3_stack_global_C0.01_20260911,3,stack_global_C0.01,20260911,alto,b21_ctx8,alto,0.00012763089910252198
fold3_stack_global_C0.01_20260911,3,stack_global_C0.01,20260911,bajo,b15_ctx1,bajo,0.006142025302690035
fold3_stack_global_C0.01_20260911,3,stack_global_C0.01,20260911,bajo,b15_ctx1,medio,-0.02326008602134505
fold3_stack_global_C0.01_20260911,3,stack_global_C0.01,20260911,bajo,b15_ctx1,alto,0.022408980849384377
fold3_stack_global_C0.01_20260911,3,stack_global_C0.01,20260911,bajo,b15_ctx8,bajo,-0.007846480244674705
fold3_stack_global_C0.01_20260911,3,stack_global_C0.01,20260911,bajo,b15_ctx8,medio,0.029346369784405777
fold3_stack_global_C0.01_20260911,3,stack_global_C0.01,20260911,bajo,b15_ctx8,alto,-0.02413857780277138
fold3_stack_global_C0.01_20260911,3,stack_global_C0.01,20260911,bajo,b16_ctx1,bajo,0.017262969288774813
fold3_stack_global_C0.01_20260911,3,stack_global_C0.01,20260911,bajo,b16_ctx1,medio,0.017857722024101987
fold3_stack_global_C0.01_20260911,3,stack_global_C0.01,20260911,bajo,b16_ctx1,alto,-0.04540952033565617
fold3_stack_global_C0.01_20260911,3,stack_global_C0.01,20260911,bajo,b16_ctx8,bajo,0.010548093688632425
fold3_stack_global_C0.01_20260911,3,stack_global_C0.01,20260911,bajo,b16_ctx8,medio,-0.032612000385678803
fold3_stack_global_C0.01_20260911,3,stack_global_C0.01,20260911,bajo,b16_ctx8,alto,0.023625459030786906
fold3_stack_global_C0.01_20260911,3,stack_global_C0.01,20260911,bajo,b17_ctx1,bajo,-0.050296481935149094
fold3_stack_global_C0.01_20260911,3,stack_global_C0.01,20260911,bajo,b17_ctx1,medio,0.03495014435640532
fold3_stack_global_C0.01_20260911,3,stack_global_C0.01,20260911,bajo,b17_ctx1,alto,0.02111790236917018
fold3_stack_global_C0.01_20260911,3,stack_global_C0.01,20260911,bajo,b17_ctx8,bajo,0.0020895155644098653
fold3_stack_global_C0.01_20260911,3,stack_global_C0.01,20260911,bajo,b17_ctx8,medio,-0.04775015187874377
fold3_stack_global_C0.01_20260911,3,stack_global_C0.01,20260911,bajo,b17_ctx8,alto,0.05134704279874357
fold3_stack_global_C0.01_20260911,3,stack_global_C0.01,20260911,bajo,b18_ctx1,bajo,-0.07987953317220342
fold3_stack_global_C0.01_20260911,3,stack_global_C0.01,20260911,bajo,b18_ctx1,medio,0.03076383133063326
fold3_stack_global_C0.01_20260911,3,stack_global_C0.01,20260911,bajo,b18_ctx1,alto,0.06458648875775792
fold3_stack_global_C0.01_20260911,3,stack_global_C0.01,20260911,bajo,b18_ctx8,bajo,-0.08000238785669482
fold3_stack_global_C0.01_20260911,3,stack_global_C0.01,20260911,bajo,b18_ctx8,medio,0.10331433880689112
fold3_stack_global_C0.01_20260911,3,stack_global_C0.01,20260911,bajo,b18_ctx8,alto,-0.020870919798054183
fold3_stack_global_C0.01_20260911,3,stack_global_C0.01,20260911,bajo,b19_ctx1,bajo,0.08105063528796251
fold3_stack_global_C0.01_20260911,3,stack_global_C0.01,20260911,bajo,b19_ctx1,medio,-0.029660990223326047
fold3_stack_global_C0.01_20260911,3,stack_global_C0.01,20260911,bajo,b19_ctx1,alto,-0.07835373047063862
fold3_stack_global_C0.01_20260911,3,stack_global_C0.01,20260911,bajo,b19_ctx8,bajo,0.118381567950935
fold3_stack_global_C0.01_20260911,3,stack_global_C0.01,20260911,bajo,b19_ctx8,medio,-0.06354865609106239
fold3_stack_global_C0.01_20260911,3,stack_global_C0.01,20260911,bajo,b19_ctx8,alto,-0.07632514810608725
fold3_stack_global_C0.01_20260911,3,stack_global_C0.01,20260911,bajo,b20_ctx1,bajo,0.03476861070776191
fold3_stack_global_C0.01_20260911,3,stack_global_C0.01,20260911,bajo,b20_ctx1,medio,-0.06094134422682615
fold3_stack_global_C0.01_20260911,3,stack_global_C0.01,20260911,bajo,b20_ctx1,alto,0.037652327733639974
fold3_stack_global_C0.01_20260911,3,stack_global_C0.01,20260911,bajo,b20_ctx8,bajo,0.09089488809604149
fold3_stack_global_C0.01_20260911,3,stack_global_C0.01,20260911,bajo,b20_ctx8,medio,-0.07366913838332768
fold3_stack_global_C0.01_20260911,3,stack_global_C0.01,20260911,bajo,b20_ctx8,alto,-0.023279573182233657
fold3_stack_global_C0.01_20260911,3,stack_global_C0.01,20260911,bajo,b21_ctx1,bajo,-0.07846428551809775
fold3_stack_global_C0.01_20260911,3,stack_global_C0.01,20260911,bajo,b21_ctx1,medio,0.0323499743222337
fold3_stack_global_C0.01_20260911,3,stack_global_C0.01,20260911,bajo,b21_ctx1,alto,0.057272430994315254
fold3_stack_global_C0.01_20260911,3,stack_global_C0.01,20260911,bajo,b21_ctx8,bajo,-0.12692860954885382
fold3_stack_global_C0.01_20260911,3,stack_global_C0.01,20260911,bajo,b21_ctx8,medio,0.053820071025037615
fold3_stack_global_C0.01_20260911,3,stack_global_C0.01,20260911,bajo,b21_ctx8,alto,0.0801552193534052
fold3_stack_global_C0.01_20260911,3,stack_global_C0.01,20260911,medio,b15_ctx1,bajo,0.0169292741942796
fold3_stack_global_C0.01_20260911,3,stack_global_C0.01,20260911,medio,b15_ctx1,medio,0.019233352880333714
fold3_stack_global_C0.01_20260911,3,stack_global_C0.01,20260911,medio,b15_ctx1,alto,-0.04650803018710183
fold3_stack_global_C0.01_20260911,3,stack_global_C0.01,20260911,medio,b15_ctx8,bajo,0.04647165063277583
fold3_stack_global_C0.01_20260911,3,stack_global_C0.01,20260911,medio,b15_ctx8,medio,-0.038626797035838434
fold3_stack_global_C0.01_20260911,3,stack_global_C0.01,20260911,medio,b15_ctx8,alto,-0.01223130425149669
fold3_stack_global_C0.01_20260911,3,stack_global_C0.01,20260911,medio,b16_ctx1,bajo,0.027530613107776023
fold3_stack_global_C0.01_20260911,3,stack_global_C0.01,20260911,medio,b16_ctx1,medio,-0.003910166820667044
fold3_stack_global_C0.01_20260911,3,stack_global_C0.01,20260911,medio,b16_ctx1,alto,-0.03095399315263612
fold3_stack_global_C0.01_20260911,3,stack_global_C0.01,20260911,medio,b16_ctx8,bajo,0.0037425671518123292
fold3_stack_global_C0.01_20260911,3,stack_global_C0.01,20260911,medio,b16_ctx8,medio,0.03135723434932063
fold3_stack_global_C0.01_20260911,3,stack_global_C0.01,20260911,medio,b16_ctx8,alto,-0.03980611603631548
fold3_stack_global_C0.01_20260911,3,stack_global_C0.01,20260911,medio,b17_ctx1,bajo,0.038908776831752714
fold3_stack_global_C0.01_20260911,3,stack_global_C0.01,20260911,medio,b17_ctx1,medio,-0.015328577776444233
fold3_stack_global_C0.01_20260911,3,stack_global_C0.01,20260911,medio,b17_ctx1,alto,-0.031164322801839447
fold3_stack_global_C0.01_20260911,3,stack_global_C0.01,20260911,medio,b17_ctx8,bajo,0.015723202949661754
fold3_stack_global_C0.01_20260911,3,stack_global_C0.01,20260911,medio,b17_ctx8,medio,-0.006475211508608078
fold3_stack_global_C0.01_20260911,3,stack_global_C0.01,20260911,medio,b17_ctx8,alto,-0.012039643350424001
fold3_stack_global_C0.01_20260911,3,stack_global_C0.01,20260911,medio,b18_ctx1,bajo,0.005113465691410291
fold3_stack_global_C0.01_20260911,3,stack_global_C0.01,20260911,medio,b18_ctx1,medio,0.021866045896070583
fold3_stack_global_C0.01_20260911,3,stack_global_C0.01,20260911,medio,b18_ctx1,alto,-0.0359295206953402
fold3_stack_global_C0.01_20260911,3,stack_global_C0.01,20260911,medio,b18_ctx8,bajo,0.04474596255518617
fold3_stack_global_C0.01_20260911,3,stack_global_C0.01,20260911,medio,b18_ctx8,medio,-0.000720467922968154
fold3_stack_global_C0.01_20260911,3,stack_global_C0.01,20260911,medio,b18_ctx8,alto,-0.053969816775218844
fold3_stack_global_C0.01_20260911,3,stack_global_C0.01,20260911,medio,b19_ctx1,bajo,-0.046191979062174704
fold3_stack_global_C0.01_20260911,3,stack_global_C0.01,20260911,medio,b19_ctx1,medio,-0.024454725700966632
fold3_stack_global_C0.01_20260911,3,stack_global_C0.01,20260911,medio,b19_ctx1,alto,0.10090178530111793
fold3_stack_global_C0.01_20260911,3,stack_global_C0.01,20260911,medio,b19_ctx8,bajo,-0.1049956979674311
fold3_stack_global_C0.01_20260911,3,stack_global_C0.01,20260911,medio,b19_ctx8,medio,0.007958932731337036
fold3_stack_global_C0.01_20260911,3,stack_global_C0.01,20260911,medio,b19_ctx8,alto,0.12342271280253013
fold3_stack_global_C0.01_20260911,3,stack_global_C0.01,20260911,medio,b20_ctx1,bajo,-0.041526321343674163
fold3_stack_global_C0.01_20260911,3,stack_global_C0.01,20260911,medio,b20_ctx1,medio,0.032318300773631674
fold3_stack_global_C0.01_20260911,3,stack_global_C0.01,20260911,medio,b20_ctx1,alto,0.011331966098364683
fold3_stack_global_C0.01_20260911,3,stack_global_C0.01,20260911,medio,b20_ctx8,bajo,-0.06697374988781692
fold3_stack_global_C0.01_20260911,3,stack_global_C0.01,20260911,medio,b20_ctx8,medio,0.014579214855540087
fold3_stack_global_C0.01_20260911,3,stack_global_C0.01,20260911,medio,b20_ctx8,alto,0.06429368082476392
fold3_stack_global_C0.01_20260911,3,stack_global_C0.01,20260911,medio,b21_ctx1,bajo,0.0307147133696124
fold3_stack_global_C0.01_20260911,3,stack_global_C0.01,20260911,medio,b21_ctx1,medio,-0.015897128868164443
fold3_stack_global_C0.01_20260911,3,stack_global_C0.01,20260911,medio,b21_ctx1,alto,-0.017931272205279795
fold3_stack_global_C0.01_20260911,3,stack_global_C0.01,20260911,medio,b21_ctx8,bajo,0.03142593490264405
fold3_stack_global_C0.01_20260911,3,stack_global_C0.01,20260911,medio,b21_ctx8,medio,0.03570926656359857
fold3_stack_global_C0.01_20260911,3,stack_global_C0.01,20260911,medio,b21_ctx8,alto,-0.080282850252508
fold3_stack_global_C0.1_20260911,3,stack_global_C0.1,20260911,alto,b15_ctx1,bajo,0.062345360186906305
fold3_stack_global_C0.1_20260911,3,stack_global_C0.1,20260911,alto,b15_ctx1,medio,-0.0883265755926616
fold3_stack_global_C0.1_20260911,3,stack_global_C0.1,20260911,alto,b15_ctx1,alto,0.03548660256682842
fold3_stack_global_C0.1_20260911,3,stack_global_C0.1,20260911,alto,b15_ctx8,bajo,-0.012026899265728258
fold3_stack_global_C0.1_20260911,3,stack_global_C0.1,20260911,alto,b15_ctx8,medio,-0.07651822089046906
fold3_stack_global_C0.1_20260911,3,stack_global_C0.1,20260911,alto,b15_ctx8,alto,0.1024894555512027
fold3_stack_global_C0.1_20260911,3,stack_global_C0.1,20260911,alto,b16_ctx1,bajo,-0.07895711547583681
fold3_stack_global_C0.1_20260911,3,stack_global_C0.1,20260911,alto,b16_ctx1,medio,-0.09835037832961252
fold3_stack_global_C0.1_20260911,3,stack_global_C0.1,20260911,alto,b16_ctx1,alto,0.2290378425226564
fold3_stack_global_C0.1_20260911,3,stack_global_C0.1,20260911,alto,b16_ctx8,bajo,0.07206295334912653
fold3_stack_global_C0.1_20260911,3,stack_global_C0.1,20260911,alto,b16_ctx8,medio,-0.16484267170723818
fold3_stack_global_C0.1_20260911,3,stack_global_C0.1,20260911,alto,b16_ctx8,alto,0.09634597867991805
fold3_stack_global_C0.1_20260911,3,stack_global_C0.1,20260911,alto,b17_ctx1,bajo,-0.035520723634198406
fold3_stack_global_C0.1_20260911,3,stack_global_C0.1,20260911,alto,b17_ctx1,medio,0.020232373451810275
fold3_stack_global_C0.1_20260911,3,stack_global_C0.1,20260911,alto,b17_ctx1,alto,0.020550025830047974
fold3_stack_global_C0.1_20260911,3,stack_global_C0.1,20260911,alto,b17_ctx8,bajo,-0.15510097965966313
fold3_stack_global_C0.1_20260911,3,stack_global_C0.1,20260911,alto,b17_ctx8,medio,0.36747020485142556
fold3_stack_global_C0.1_20260911,3,stack_global_C0.1,20260911,alto,b17_ctx8,alto,-0.22405083864920516
fold3_stack_global_C0.1_20260911,3,stack_global_C0.1,20260911,alto,b18_ctx1,bajo,0.15887890914496094
fold3_stack_global_C0.1_20260911,3,stack_global_C0.1,20260911,alto,b18_ctx1,medio,-0.05356375435751947
fold3_stack_global_C0.1_20260911,3,stack_global_C0.1,20260911,alto,b18_ctx1,alto,-0.13863255390330276
fold3_stack_global_C0.1_20260911,3,stack_global_C0.1,20260911,alto,b18_ctx8,bajo,0.10267733399493242
fold3_stack_global_C0.1_20260911,3,stack_global_C0.1,20260911,alto,b18_ctx8,medio,-0.2861263665607943
fold3_stack_global_C0.1_20260911,3,stack_global_C0.1,20260911,alto,b18_ctx8,alto,0.203397882772459
fold3_stack_global_C0.1_20260911,3,stack_global_C0.1,20260911,alto,b19_ctx1,bajo,-0.08521496699168367
fold3_stack_global_C0.1_20260911,3,stack_global_C0.1,20260911,alto,b19_ctx1,medio,0.13021147560925272
fold3_stack_global_C0.1_20260911,3,stack_global_C0.1,20260911,alto,b19_ctx1,alto,-0.05229324990981116
fold3_stack_global_C0.1_20260911,3,stack_global_C0.1,20260911,alto,b19_ctx8,bajo,0.018542120692723905
fold3_stack_global_C0.1_20260911,3,stack_global_C0.1,20260911,alto,b19_ctx8,medio,0.02225612310074655
fold3_stack_global_C0.1_20260911,3,stack_global_C0.1,20260911,alto,b19_ctx8,alto,-0.04903817401553493
fold3_stack_global_C0.1_20260911,3,stack_global_C0.1,20260911,alto,b20_ctx1,bajo,-0.011860291247106127
fold3_stack_global_C0.1_20260911,3,stack_global_C0.1,20260911,alto,b20_ctx1,medio,0.08697093969025727
fold3_stack_global_C0.1_20260911,3,stack_global_C0.1,20260911,alto,b20_ctx1,alto,-0.10492334917476262
fold3_stack_global_C0.1_20260911,3,stack_global_C0.1,20260911,alto,b20_ctx8,bajo,-0.15413236324160307
fold3_stack_global_C0.1_20260911,3,stack_global_C0.1,20260911,alto,b20_ctx8,medio,0.32280224413603736
fold3_stack_global_C0.1_20260911,3,stack_global_C0.1,20260911,alto,b20_ctx8,alto,-0.19547874590511807
fold3_stack_global_C0.1_20260911,3,stack_global_C0.1,20260911,alto,b21_ctx1,bajo,0.03540147887372068
fold3_stack_global_C0.1_20260911,3,stack_global_C0.1,20260911,alto,b21_ctx1,medio,-0.011156333339283923
fold3_stack_global_C0.1_20260911,3,stack_global_C0.1,20260911,alto,b21_ctx1,alto,-0.030613308680567008
fold3_stack_global_C0.1_20260911,3,stack_global_C0.1,20260911,alto,b21_ctx8,bajo,0.15908861792516585
fold3_stack_global_C0.1_20260911,3,stack_global_C0.1,20260911,alto,b21_ctx8,medio,-0.20868188413835276
fold3_stack_global_C0.1_20260911,3,stack_global_C0.1,20260911,alto,b21_ctx8,alto,0.07360317862790086
fold3_stack_global_C0.1_20260911,3,stack_global_C0.1,20260911,bajo,b15_ctx1,bajo,-0.13132202308615412
fold3_stack_global_C0.1_20260911,3,stack_global_C0.1,20260911,bajo,b15_ctx1,medio,0.0493185328239491
fold3_stack_global_C0.1_20260911,3,stack_global_C0.1,20260911,bajo,b15_ctx1,alto,0.1028778314519696
fold3_stack_global_C0.1_20260911,3,stack_global_C0.1,20260911,bajo,b15_ctx8,bajo,-0.2183014846826172
fold3_stack_global_C0.1_20260911,3,stack_global_C0.1,20260911,bajo,b15_ctx8,medio,0.25805017401162833
fold3_stack_global_C0.1_20260911,3,stack_global_C0.1,20260911,bajo,b15_ctx8,alto,-0.03048441283329579
fold3_stack_global_C0.1_20260911,3,stack_global_C0.1,20260911,bajo,b16_ctx1,bajo,-0.0048283493295872915
fold3_stack_global_C0.1_20260911,3,stack_global_C0.1,20260911,bajo,b16_ctx1,medio,0.09577555333436906
fold3_stack_global_C0.1_20260911,3,stack_global_C0.1,20260911,bajo,b16_ctx1,alto,-0.11630337870073895
fold3_stack_global_C0.1_20260911,3,stack_global_C0.1,20260911,bajo,b16_ctx8,bajo,-0.08407961214209343
fold3_stack_global_C0.1_20260911,3,stack_global_C0.1,20260911,bajo,b16_ctx8,medio,-0.03154513311037453
fold3_stack_global_C0.1_20260911,3,stack_global_C0.1,20260911,bajo,b16_ctx8,alto,0.13889719473795276
fold3_stack_global_C0.1_20260911,3,stack_global_C0.1,20260911,bajo,b17_ctx1,bajo,-0.068309518450923
fold3_stack_global_C0.1_20260911,3,stack_global_C0.1,20260911,bajo,b17_ctx1,medio,0.08087939512476
fold3_stack_global_C0.1_20260911,3,stack_global_C0.1,20260911,bajo,b17_ctx1,alto,-0.013632843957083142
fold3_stack_global_C0.1_20260911,3,stack_global_C0.1,20260911,bajo,b17_ctx8,bajo,0.1630942619974035
fold3_stack_global_C0.1_20260911,3,stack_global_C0.1,20260911,bajo,b17_ctx8,medio,-0.29453865143683
fold3_stack_global_C0.1_20260911,3,stack_global_C0.1,20260911,bajo,b17_ctx8,alto,0.13185994051320962
fold3_stack_global_C0.1_20260911,3,stack_global_C0.1,20260911,bajo,b18_ctx1,bajo,-0.10951338490116846
fold3_stack_global_C0.1_20260911,3,stack_global_C0.1,20260911,bajo,b18_ctx1,medio,-0.004697985561893752
fold3_stack_global_C0.1_20260911,3,stack_global_C0.1,20260911,bajo,b18_ctx1,alto,0.15107497796370503
fold3_stack_global_C0.1_20260911,3,stack_global_C0.1,20260911,bajo,b18_ctx8,bajo,-0.18458852398938316
fold3_stack_global_C0.1_20260911,3,stack_global_C0.1,20260911,bajo,b18_ctx8,medio,0.29602176895681287
fold3_stack_global_C0.1_20260911,3,stack_global_C0.1,20260911,bajo,b18_ctx8,alto,-0.1144675886480903
fold3_stack_global_C0.1_20260911,3,stack_global_C0.1,20260911,bajo,b19_ctx1,bajo,0.2032944876862218
fold3_stack_global_C0.1_20260911,3,stack_global_C0.1,20260911,bajo,b19_ctx1,medio,-0.11029795053028596
fold3_stack_global_C0.1_20260911,3,stack_global_C0.1,20260911,bajo,b19_ctx1,alto,-0.14770577448307215
fold3_stack_global_C0.1_20260911,3,stack_global_C0.1,20260911,bajo,b19_ctx8,bajo,0.18742484882016142
fold3_stack_global_C0.1_20260911,3,stack_global_C0.1,20260911,bajo,b19_ctx8,medio,-0.03560976224058081
fold3_stack_global_C0.1_20260911,3,stack_global_C0.1,20260911,bajo,b19_ctx8,alto,-0.19567752289624546
fold3_stack_global_C0.1_20260911,3,stack_global_C0.1,20260911,bajo,b20_ctx1,bajo,0.10677769814019604
fold3_stack_global_C0.1_20260911,3,stack_global_C0.1,20260911,bajo,b20_ctx1,medio,-0.16676686039052288
fold3_stack_global_C0.1_20260911,3,stack_global_C0.1,20260911,bajo,b20_ctx1,alto,0.08726570766003565
fold3_stack_global_C0.1_20260911,3,stack_global_C0.1,20260911,bajo,b20_ctx8,bajo,0.3378047626274451
fold3_stack_global_C0.1_20260911,3,stack_global_C0.1,20260911,bajo,b20_ctx8,medio,-0.3436000427945882
fold3_stack_global_C0.1_20260911,3,stack_global_C0.1,20260911,bajo,b20_ctx8,alto,-0.0036231835829058762
fold3_stack_global_C0.1_20260911,3,stack_global_C0.1,20260911,bajo,b21_ctx1,bajo,-0.08127878234524609
fold3_stack_global_C0.1_20260911,3,stack_global_C0.1,20260911,bajo,b21_ctx1,medio,0.06483741501317633
fold3_stack_global_C0.1_20260911,3,stack_global_C0.1,20260911,bajo,b21_ctx1,alto,0.01585034298061829
fold3_stack_global_C0.1_20260911,3,stack_global_C0.1,20260911,bajo,b21_ctx8,bajo,-0.2092105806655353
fold3_stack_global_C0.1_20260911,3,stack_global_C0.1,20260911,bajo,b21_ctx8,medio,0.12378084082469963
fold3_stack_global_C0.1_20260911,3,stack_global_C0.1,20260911,bajo,b21_ctx8,alto,0.08888852244338613
fold3_stack_global_C0.1_20260911,3,stack_global_C0.1,20260911,medio,b15_ctx1,bajo,0.06897666289924916
fold3_stack_global_C0.1_20260911,3,stack_global_C0.1,20260911,medio,b15_ctx1,medio,0.03900804276871242
fold3_stack_global_C0.1_20260911,3,stack_global_C0.1,20260911,medio,b15_ctx1,alto,-0.1383644340188007
fold3_stack_global_C0.1_20260911,3,stack_global_C0.1,20260911,medio,b15_ctx8,bajo,0.23032838394834218
fold3_stack_global_C0.1_20260911,3,stack_global_C0.1,20260911,medio,b15_ctx8,medio,-0.18153195312116105
fold3_stack_global_C0.1_20260911,3,stack_global_C0.1,20260911,medio,b15_ctx8,alto,-0.0720050427179086
fold3_stack_global_C0.1_20260911,3,stack_global_C0.1,20260911,medio,b16_ctx1,bajo,0.08378546480542474
fold3_stack_global_C0.1_20260911,3,stack_global_C0.1,20260911,medio,b16_ctx1,medio,0.002574824995243912
fold3_stack_global_C0.1_20260911,3,stack_global_C0.1,20260911,medio,b16_ctx1,alto,-0.11273446382191667
fold3_stack_global_C0.1_20260911,3,stack_global_C0.1,20260911,medio,b16_ctx8,bajo,0.012016658792964385
fold3_stack_global_C0.1_20260911,3,stack_global_C0.1,20260911,medio,b16_ctx8,medio,0.1963878048176089
fold3_stack_global_C0.1_20260911,3,stack_global_C0.1,20260911,medio,b16_ctx8,alto,-0.23524317341787065
fold3_stack_global_C0.1_20260911,3,stack_global_C0.1,20260911,medio,b17_ctx1,bajo,0.10383024208511996
fold3_stack_global_C0.1_20260911,3,stack_global_C0.1,20260911,medio,b17_ctx1,medio,-0.10111176857657181
fold3_stack_global_C0.1_20260911,3,stack_global_C0.1,20260911,medio,b17_ctx1,alto,-0.006917181872966799
fold3_stack_global_C0.1_20260911,3,stack_global_C0.1,20260911,medio,b17_ctx8,bajo,-0.00799328233774115
fold3_stack_global_C0.1_20260911,3,stack_global_C0.1,20260911,medio,b17_ctx8,medio,-0.07293155341459552
fold3_stack_global_C0.1_20260911,3,stack_global_C0.1,20260911,medio,b17_ctx8,alto,0.09219089813599442
fold3_stack_global_C0.1_20260911,3,stack_global_C0.1,20260911,medio,b18_ctx1,bajo,-0.04936552424379098
fold3_stack_global_C0.1_20260911,3,stack_global_C0.1,20260911,medio,b18_ctx1,medio,0.0582617399194128
fold3_stack_global_C0.1_20260911,3,stack_global_C0.1,20260911,medio,b18_ctx1,alto,-0.012442424060402735
fold3_stack_global_C0.1_20260911,3,stack_global_C0.1,20260911,medio,b18_ctx8,bajo,0.08191118999445147
fold3_stack_global_C0.1_20260911,3,stack_global_C0.1,20260911,medio,b18_ctx8,medio,-0.009895402396011126
fold3_stack_global_C0.1_20260911,3,stack_global_C0.1,20260911,medio,b18_ctx8,alto,-0.08893029412436995
fold3_stack_global_C0.1_20260911,3,stack_global_C0.1,20260911,medio,b19_ctx1,bajo,-0.11807952069454404
fold3_stack_global_C0.1_20260911,3,stack_global_C0.1,20260911,medio,b19_ctx1,medio,-0.019913525078968344
fold3_stack_global_C0.1_20260911,3,stack_global_C0.1,20260911,medio,b19_ctx1,alto,0.1999990243928838
fold3_stack_global_C0.1_20260911,3,stack_global_C0.1,20260911,medio,b19_ctx8,bajo,-0.20596696951288865
fold3_stack_global_C0.1_20260911,3,stack_global_C0.1,20260911,medio,b19_ctx8,medio,0.013353639139834051
fold3_stack_global_C0.1_20260911,3,stack_global_C0.1,20260911,medio,b19_ctx8,alto,0.2447156969117824
fold3_stack_global_C0.1_20260911,3,stack_global_C0.1,20260911,medio,b20_ctx1,bajo,-0.09491740689308782
fold3_stack_global_C0.1_20260911,3,stack_global_C0.1,20260911,medio,b20_ctx1,medio,0.0797959207002623
fold3_stack_global_C0.1_20260911,3,stack_global_C0.1,20260911,medio,b20_ctx1,alto,0.01765764151472527
fold3_stack_global_C0.1_20260911,3,stack_global_C0.1,20260911,medio,b20_ctx8,bajo,-0.18367239938583932
fold3_stack_global_C0.1_20260911,3,stack_global_C0.1,20260911,medio,b20_ctx8,medio,0.020797798658550224
fold3_stack_global_C0.1_20260911,3,stack_global_C0.1,20260911,medio,b20_ctx8,alto,0.1991019294880239
fold3_stack_global_C0.1_20260911,3,stack_global_C0.1,20260911,medio,b21_ctx1,bajo,0.04587730347152361
fold3_stack_global_C0.1_20260911,3,stack_global_C0.1,20260911,medio,b21_ctx1,medio,-0.053681081673891344
fold3_stack_global_C0.1_20260911,3,stack_global_C0.1,20260911,medio,b21_ctx1,alto,0.014762965699947362
fold3_stack_global_C0.1_20260911,3,stack_global_C0.1,20260911,medio,b21_ctx8,bajo,0.05012196274036944
fold3_stack_global_C0.1_20260911,3,stack_global_C0.1,20260911,medio,b21_ctx8,medio,0.08490104331365043
fold3_stack_global_C0.1_20260911,3,stack_global_C0.1,20260911,medio,b21_ctx8,alto,-0.16249170107128383
fold3_stack_participant_C0.001_20260911,3,stack_participant_C0.001,20260911,alto,b15_ctx1,bajo,-0.004805719735920287
fold3_stack_participant_C0.001_20260911,3,stack_participant_C0.001,20260911,alto,b15_ctx1,medio,0.0023864357353214328
fold3_stack_participant_C0.001_20260911,3,stack_participant_C0.001,20260911,alto,b15_ctx1,alto,0.003009212493256414
fold3_stack_participant_C0.001_20260911,3,stack_participant_C0.001,20260911,alto,b15_ctx8,bajo,-0.019361794586450876
fold3_stack_participant_C0.001_20260911,3,stack_participant_C0.001,20260911,alto,b15_ctx8,medio,0.017576831308870392
fold3_stack_participant_C0.001_20260911,3,stack_participant_C0.001,20260911,alto,b15_ctx8,alto,0.0033928786117738475
fold3_stack_participant_C0.001_20260911,3,stack_participant_C0.001,20260911,alto,b16_ctx1,bajo,-0.010371711688941708
fold3_stack_participant_C0.001_20260911,3,stack_participant_C0.001,20260911,alto,b16_ctx1,medio,-0.0015585164494297163
fold3_stack_participant_C0.001_20260911,3,stack_participant_C0.001,20260911,alto,b16_ctx1,alto,0.015542421623606747
fold3_stack_participant_C0.001_20260911,3,stack_participant_C0.001,20260911,alto,b16_ctx8,bajo,-0.017901730428937886
fold3_stack_participant_C0.001_20260911,3,stack_participant_C0.001,20260911,alto,b16_ctx8,medio,0.015247009552344128
fold3_stack_participant_C0.001_20260911,3,stack_participant_C0.001,20260911,alto,b16_ctx8,alto,0.0049183887118792865
fold3_stack_participant_C0.001_20260911,3,stack_participant_C0.001,20260911,alto,b17_ctx1,bajo,0.0017043868568682617
fold3_stack_participant_C0.001_20260911,3,stack_participant_C0.001,20260911,alto,b17_ctx1,medio,-0.010275375365818157
fold3_stack_participant_C0.001_20260911,3,stack_participant_C0.001,20260911,alto,b17_ctx1,alto,0.0107973955713505
fold3_stack_participant_C0.001_20260911,3,stack_participant_C0.001,20260911,alto,b17_ctx8,bajo,-0.007163929426678899
fold3_stack_participant_C0.001_20260911,3,stack_participant_C0.001,20260911,alto,b17_ctx8,medio,0.003704419114301578
fold3_stack_participant_C0.001_20260911,3,stack_participant_C0.001,20260911,alto,b17_ctx8,alto,0.004634042749179698
fold3_stack_participant_C0.001_20260911,3,stack_participant_C0.001,20260911,alto,b18_ctx1,bajo,0.014969713742789652
fold3_stack_participant_C0.001_20260911,3,stack_participant_C0.001,20260911,alto,b18_ctx1,medio,-0.01970606417380391
fold3_stack_participant_C0.001_20260911,3,stack_participant_C0.001,20260911,alto,b18_ctx1,alto,0.006492500140897926
fold3_stack_participant_C0.001_20260911,3,stack_participant_C0.001,20260911,alto,b18_ctx8,bajo,0.0023885280476423094
fold3_stack_participant_C0.001_20260911,3,stack_participant_C0.001,20260911,alto,b18_ctx8,medio,-0.025892466045514692
fold3_stack_participant_C0.001_20260911,3,stack_participant_C0.001,20260911,alto,b18_ctx8,alto,0.02686001536213274
fold3_stack_participant_C0.001_20260911,3,stack_participant_C0.001,20260911,alto,b19_ctx1,bajo,-0.004960796655537967
fold3_stack_participant_C0.001_20260911,3,stack_participant_C0.001,20260911,alto,b19_ctx1,medio,0.008372812421044358
fold3_stack_participant_C0.001_20260911,3,stack_participant_C0.001,20260911,alto,b19_ctx1,alto,-0.004122084041702029
fold3_stack_participant_C0.001_20260911,3,stack_participant_C0.001,20260911,alto,b19_ctx8,bajo,-0.010394635539012246
fold3_stack_participant_C0.001_20260911,3,stack_participant_C0.001,20260911,alto,b19_ctx8,medio,0.023377279304670488
fold3_stack_participant_C0.001_20260911,3,stack_participant_C0.001,20260911,alto,b19_ctx8,alto,-0.013788370515541177
fold3_stack_participant_C0.001_20260911,3,stack_participant_C0.001,20260911,alto,b20_ctx1,bajo,0.009197891033808643
fold3_stack_participant_C0.001_20260911,3,stack_participant_C0.001,20260911,alto,b20_ctx1,medio,0.002025770304183839
fold3_stack_participant_C0.001_20260911,3,stack_participant_C0.001,20260911,alto,b20_ctx1,alto,-0.015287788771419624
fold3_stack_participant_C0.001_20260911,3,stack_participant_C0.001,20260911,alto,b20_ctx8,bajo,0.0036320757772048398
fold3_stack_participant_C0.001_20260911,3,stack_participant_C0.001,20260911,alto,b20_ctx8,medio,0.010205853568377582
fold3_stack_participant_C0.001_20260911,3,stack_participant_C0.001,20260911,alto,b20_ctx8,alto,-0.016543522711697515
fold3_stack_participant_C0.001_20260911,3,stack_participant_C0.001,20260911,alto,b21_ctx1,bajo,0.02522103057405404
fold3_stack_participant_C0.001_20260911,3,stack_participant_C0.001,20260911,alto,b21_ctx1,medio,-0.006270654790238063
fold3_stack_participant_C0.001_20260911,3,stack_participant_C0.001,20260911,alto,b21_ctx1,alto,-0.02413778871017181
fold3_stack_participant_C0.001_20260911,3,stack_participant_C0.001,20260911,alto,b21_ctx8,bajo,0.049350470124620655
fold3_stack_participant_C0.001_20260911,3,stack_participant_C0.001,20260911,alto,b21_ctx8,medio,-0.027311534929817985
fold3_stack_participant_C0.001_20260911,3,stack_participant_C0.001,20260911,alto,b21_ctx8,alto,-0.023293646745589904
fold3_stack_participant_C0.001_20260911,3,stack_participant_C0.001,20260911,bajo,b15_ctx1,bajo,0.004385892153640835
fold3_stack_participant_C0.001_20260911,3,stack_participant_C0.001,20260911,bajo,b15_ctx1,medio,-0.0075835928039241695
fold3_stack_participant_C0.001_20260911,3,stack_participant_C0.001,20260911,bajo,b15_ctx1,alto,0.004276149335849371
fold3_stack_participant_C0.001_20260911,3,stack_participant_C0.001,20260911,bajo,b15_ctx8,bajo,0.022509345402459913
fold3_stack_participant_C0.001_20260911,3,stack_participant_C0.001,20260911,bajo,b15_ctx8,medio,-0.014997114434879241
fold3_stack_participant_C0.001_20260911,3,stack_participant_C0.001,20260911,bajo,b15_ctx8,alto,-0.01018653628579645
fold3_stack_participant_C0.001_20260911,3,stack_participant_C0.001,20260911,bajo,b16_ctx1,bajo,0.005852999339133321
fold3_stack_participant_C0.001_20260911,3,stack_participant_C0.001,20260911,bajo,b16_ctx1,medio,-0.002651578095193903
fold3_stack_participant_C0.001_20260911,3,stack_participant_C0.001,20260911,bajo,b16_ctx1,alto,-0.004250523824755741
fold3_stack_participant_C0.001_20260911,3,stack_participant_C0.001,20260911,bajo,b16_ctx8,bajo,0.020914204880253792
fold3_stack_participant_C0.001_20260911,3,stack_participant_C0.001,20260911,bajo,b16_ctx8,medio,-0.01886428454007209
fold3_stack_participant_C0.001_20260911,3,stack_participant_C0.001,20260911,bajo,b16_ctx8,alto,-0.004565661321321917
fold3_stack_participant_C0.001_20260911,3,stack_participant_C0.001,20260911,bajo,b17_ctx1,bajo,-0.014263222955710746
fold3_stack_participant_C0.001_20260911,3,stack_participant_C0.001,20260911,bajo,b17_ctx1,medio,0.005267976691441348
fold3_stack_participant_C0.001_20260911,3,stack_participant_C0.001,20260911,bajo,b17_ctx1,alto,0.011869005292986571
fold3_stack_participant_C0.001_20260911,3,stack_participant_C0.001,20260911,bajo,b17_ctx8,bajo,0.0021710046760728525
fold3_stack_participant_C0.001_20260911,3,stack_participant_C0.001,20260911,bajo,b17_ctx8,medio,-0.0064802676216329375
fold3_stack_participant_C0.001_20260911,3,stack_participant_C0.001,20260911,bajo,b17_ctx8,alto,0.004645449269549737
fold3_stack_participant_C0.001_20260911,3,stack_participant_C0.001,20260911,bajo,b18_ctx1,bajo,-0.023576866831013395
fold3_stack_participant_C0.001_20260911,3,stack_participant_C0.001,20260911,bajo,b18_ctx1,medio,0.008450971205970345
fold3_stack_participant_C0.001_20260911,3,stack_participant_C0.001,20260911,bajo,b18_ctx1,alto,0.019902275696571117
fold3_stack_participant_C0.001_20260911,3,stack_participant_C0.001,20260911,bajo,b18_ctx8,bajo,-0.013346715198123596
fold3_stack_participant_C0.001_20260911,3,stack_participant_C0.001,20260911,bajo,b18_ctx8,medio,0.019485178078164064
fold3_stack_participant_C0.001_20260911,3,stack_participant_C0.001,20260911,bajo,b18_ctx8,alto,-0.006069397098571226
fold3_stack_participant_C0.001_20260911,3,stack_participant_C0.001,20260911,bajo,b19_ctx1,bajo,0.016216595477064555
fold3_stack_participant_C0.001_20260911,3,stack_participant_C0.001,20260911,bajo,b19_ctx1,medio,-0.006944687250933064
fold3_stack_participant_C0.001_20260911,3,stack_participant_C0.001,20260911,bajo,b19_ctx1,alto,-0.01430326719437792
fold3_stack_participant_C0.001_20260911,3,stack_participant_C0.001,20260911,bajo,b19_ctx8,bajo,0.0349937696288183
fold3_stack_participant_C0.001_20260911,3,stack_participant_C0.001,20260911,bajo,b19_ctx8,medio,-0.023175672317036284
fold3_stack_participant_C0.001_20260911,3,stack_participant_C0.001,20260911,bajo,b19_ctx8,alto,-0.017506902097266262
fold3_stack_participant_C0.001_20260911,3,stack_participant_C0.001,20260911,bajo,b20_ctx1,bajo,-0.0020320686864794013
fold3_stack_participant_C0.001_20260911,3,stack_participant_C0.001,20260911,bajo,b20_ctx1,medio,-0.007481956186657914
fold3_stack_participant_C0.001_20260911,3,stack_participant_C0.001,20260911,bajo,b20_ctx1,alto,0.013164416484878616
fold3_stack_participant_C0.001_20260911,3,stack_participant_C0.001,20260911,bajo,b20_ctx8,bajo,0.01683691600767926
fold3_stack_participant_C0.001_20260911,3,stack_participant_C0.001,20260911,bajo,b20_ctx8,medio,-0.016651590125528904
fold3_stack_participant_C0.001_20260911,3,stack_participant_C0.001,20260911,bajo,b20_ctx8,alto,-0.0007436030419358014
fold3_stack_participant_C0.001_20260911,3,stack_participant_C0.001,20260911,bajo,b21_ctx1,bajo,-0.038501265159281234
fold3_stack_participant_C0.001_20260911,3,stack_participant_C0.001,20260911,bajo,b21_ctx1,medio,0.010160841877059056
fold3_stack_participant_C0.001_20260911,3,stack_participant_C0.001,20260911,bajo,b21_ctx1,alto,0.036031113494276706
fold3_stack_participant_C0.001_20260911,3,stack_participant_C0.001,20260911,bajo,b21_ctx8,bajo,-0.05583010596289069
fold3_stack_participant_C0.001_20260911,3,stack_participant_C0.001,20260911,bajo,b21_ctx8,medio,0.015784414664794865
fold3_stack_participant_C0.001_20260911,3,stack_participant_C0.001,20260911,bajo,b21_ctx8,alto,0.04497969710672216
fold3_stack_participant_C0.001_20260911,3,stack_participant_C0.001,20260911,medio,b15_ctx1,bajo,0.0004198275822794179
fold3_stack_participant_C0.001_20260911,3,stack_participant_C0.001,20260911,medio,b15_ctx1,medio,0.005197157068602765
fold3_stack_participant_C0.001_20260911,3,stack_participant_C0.001,20260911,medio,b15_ctx1,alto,-0.007285361829105785
fold3_stack_participant_C0.001_20260911,3,stack_participant_C0.001,20260911,medio,b15_ctx8,bajo,-0.003147550816009114
fold3_stack_participant_C0.001_20260911,3,stack_participant_C0.001,20260911,medio,b15_ctx8,medio,-0.0025797168739911864
fold3_stack_participant_C0.001_20260911,3,stack_participant_C0.001,20260911,medio,b15_ctx8,alto,0.0067936576740225685
fold3_stack_participant_C0.001_20260911,3,stack_participant_C0.001,20260911,medio,b16_ctx1,bajo,0.004518712349808377
fold3_stack_participant_C0.001_20260911,3,stack_participant_C0.001,20260911,medio,b16_ctx1,medio,0.004210094544623629
fold3_stack_participant_C0.001_20260911,3,stack_participant_C0.001,20260911,medio,b16_ctx1,alto,-0.011291897798851024
fold3_stack_participant_C0.001_20260911,3,stack_participant_C0.001,20260911,medio,b16_ctx8,bajo,-0.0030124744513158673
fold3_stack_participant_C0.001_20260911,3,stack_participant_C0.001,20260911,medio,b16_ctx8,medio,0.0036172749877279703
fold3_stack_participant_C0.001_20260911,3,stack_participant_C0.001,20260911,medio,b16_ctx8,alto,-0.00035272739055730736
fold3_stack_participant_C0.001_20260911,3,stack_participant_C0.001,20260911,medio,b17_ctx1,bajo,0.012558836098842459
fold3_stack_participant_C0.001_20260911,3,stack_participant_C0.001,20260911,medio,b17_ctx1,medio,0.005007398674376825
fold3_stack_participant_C0.001_20260911,3,stack_participant_C0.001,20260911,medio,b17_ctx1,alto,-0.0226664008643371
fold3_stack_participant_C0.001_20260911,3,stack_participant_C0.001,20260911,medio,b17_ctx8,bajo,0.004992924750606081
fold3_stack_participant_C0.001_20260911,3,stack_participant_C0.001,20260911,medio,b17_ctx8,medio,0.0027758485073313926
fold3_stack_participant_C0.001_20260911,3,stack_participant_C0.001,20260911,medio,b17_ctx8,alto,-0.009279492018729404
fold3_stack_participant_C0.001_20260911,3,stack_participant_C0.001,20260911,medio,b18_ctx1,bajo,0.008607153088223659
fold3_stack_participant_C0.001_20260911,3,stack_participant_C0.001,20260911,medio,b18_ctx1,medio,0.01125509296783354
fold3_stack_participant_C0.001_20260911,3,stack_participant_C0.001,20260911,medio,b18_ctx1,alto,-0.026394775837469034
fold3_stack_participant_C0.001_20260911,3,stack_participant_C0.001,20260911,medio,b18_ctx8,bajo,0.01095818715048124
fold3_stack_participant_C0.001_20260911,3,stack_participant_C0.001,20260911,medio,b18_ctx8,medio,0.006407287967350723
fold3_stack_participant_C0.001_20260911,3,stack_participant_C0.001,20260911,medio,b18_ctx8,alto,-0.02079061826356142
fold3_stack_participant_C0.001_20260911,3,stack_participant_C0.001,20260911,medio,b19_ctx1,bajo,-0.01125579882152663
fold3_stack_participant_C0.001_20260911,3,stack_participant_C0.001,20260911,medio,b19_ctx1,medio,-0.001428125170111189
fold3_stack_participant_C0.001_20260911,3,stack_participant_C0.001,20260911,medio,b19_ctx1,alto,0.018425351236079933
fold3_stack_participant_C0.001_20260911,3,stack_participant_C0.001,20260911,medio,b19_ctx8,bajo,-0.024599134089806098
fold3_stack_participant_C0.001_20260911,3,stack_participant_C0.001,20260911,medio,b19_ctx8,medio,-0.00020160698763421552
fold3_stack_participant_C0.001_20260911,3,stack_participant_C0.001,20260911,medio,b19_ctx8,alto,0.031295272612807394
fold3_stack_participant_C0.001_20260911,3,stack_participant_C0.001,20260911,medio,b20_ctx1,bajo,-0.007165822347329307
fold3_stack_participant_C0.001_20260911,3,stack_participant_C0.001,20260911,medio,b20_ctx1,medio,0.005456185882474127
fold3_stack_participant_C0.001_20260911,3,stack_participant_C0.001,20260911,medio,b20_ctx1,alto,0.0021233722865409356
fold3_stack_participant_C0.001_20260911,3,stack_participant_C0.001,20260911,medio,b20_ctx8,bajo,-0.020468991784884094
fold3_stack_participant_C0.001_20260911,3,stack_participant_C0.001,20260911,medio,b20_ctx8,medio,0.006445736557151261
fold3_stack_participant_C0.001_20260911,3,stack_participant_C0.001,20260911,medio,b20_ctx8,alto,0.017287125753633316
fold3_stack_participant_C0.001_20260911,3,stack_participant_C0.001,20260911,medio,b21_ctx1,bajo,0.013280234585227228
fold3_stack_participant_C0.001_20260911,3,stack_participant_C0.001,20260911,medio,b21_ctx1,medio,-0.0038901870868209816
fold3_stack_participant_C0.001_20260911,3,stack_participant_C0.001,20260911,medio,b21_ctx1,alto,-0.011893324784104849
fold3_stack_participant_C0.001_20260911,3,stack_participant_C0.001,20260911,medio,b21_ctx8,bajo,0.006479635838270022
fold3_stack_participant_C0.001_20260911,3,stack_participant_C0.001,20260911,medio,b21_ctx8,medio,0.011527120265023094
fold3_stack_participant_C0.001_20260911,3,stack_participant_C0.001,20260911,medio,b21_ctx8,alto,-0.021686050361132237
fold3_stack_participant_C0.01_20260911,3,stack_participant_C0.01,20260911,alto,b15_ctx1,bajo,-0.02149866881721493
fold3_stack_participant_C0.01_20260911,3,stack_participant_C0.01,20260911,alto,b15_ctx1,medio,0.004182382307321448
fold3_stack_participant_C0.01_20260911,3,stack_participant_C0.01,20260911,alto,b15_ctx1,alto,0.021897583764247282
fold3_stack_participant_C0.01_20260911,3,stack_participant_C0.01,20260911,alto,b15_ctx8,bajo,-0.07927990405369785
fold3_stack_participant_C0.01_20260911,3,stack_participant_C0.01,20260911,alto,b15_ctx8,medio,0.036093433380446384
fold3_stack_participant_C0.01_20260911,3,stack_participant_C0.01,20260911,alto,b15_ctx8,alto,0.05508226528046207
fold3_stack_participant_C0.01_20260911,3,stack_participant_C0.01,20260911,alto,b16_ctx1,bajo,-0.046968776005842934
fold3_stack_participant_C0.01_20260911,3,stack_participant_C0.01,20260911,alto,b16_ctx1,medio,0.0010849671059688466
fold3_stack_participant_C0.01_20260911,3,stack_participant_C0.01,20260911,alto,b16_ctx1,alto,0.05996034253765199
fold3_stack_participant_C0.01_20260911,3,stack_participant_C0.01,20260911,alto,b16_ctx8,bajo,-0.03411813887371343
fold3_stack_participant_C0.01_20260911,3,stack_participant_C0.01,20260911,alto,b16_ctx8,medio,0.013773750440922376
fold3_stack_participant_C0.01_20260911,3,stack_participant_C0.01,20260911,alto,b16_ctx8,alto,0.026531600777491345
fold3_stack_participant_C0.01_20260911,3,stack_participant_C0.01,20260911,alto,b17_ctx1,bajo,0.002201357658387893
fold3_stack_participant_C0.01_20260911,3,stack_participant_C0.01,20260911,alto,b17_ctx1,medio,-0.013633422144607617
fold3_stack_participant_C0.01_20260911,3,stack_participant_C0.01,20260911,alto,b17_ctx1,alto,0.014404075319958767
fold3_stack_participant_C0.01_20260911,3,stack_participant_C0.01,20260911,alto,b17_ctx8,bajo,-0.012096981848316595
fold3_stack_participant_C0.01_20260911,3,stack_participant_C0.01,20260911,alto,b17_ctx8,medio,0.05358753044540471
fold3_stack_participant_C0.01_20260911,3,stack_participant_C0.01,20260911,alto,b17_ctx8,alto,-0.045621817935434905
fold3_stack_participant_C0.01_20260911,3,stack_participant_C0.01,20260911,alto,b18_ctx1,bajo,0.07133072371821705
fold3_stack_participant_C0.01_20260911,3,stack_participant_C0.01,20260911,alto,b18_ctx1,medio,-0.05361036608200956
fold3_stack_participant_C0.01_20260911,3,stack_participant_C0.01,20260911,alto,b18_ctx1,alto,-0.022806541471820173
fold3_stack_participant_C0.01_20260911,3,stack_participant_C0.01,20260911,alto,b18_ctx8,bajo,0.02432701120898611
fold3_stack_participant_C0.01_20260911,3,stack_participant_C0.01,20260911,alto,b18_ctx8,medio,-0.09549505505329722
fold3_stack_participant_C0.01_20260911,3,stack_participant_C0.01,20260911,alto,b18_ctx8,alto,0.08005950030854689
fold3_stack_participant_C0.01_20260911,3,stack_participant_C0.01,20260911,alto,b19_ctx1,bajo,-0.01577174932497297
fold3_stack_participant_C0.01_20260911,3,stack_participant_C0.01,20260911,alto,b19_ctx1,medio,0.03293351884584813
fold3_stack_participant_C0.01_20260911,3,stack_participant_C0.01,20260911,alto,b19_ctx1,alto,-0.021692110559793067
fold3_stack_participant_C0.01_20260911,3,stack_participant_C0.01,20260911,alto,b19_ctx8,bajo,0.012771662462962345
fold3_stack_participant_C0.01_20260911,3,stack_participant_C0.01,20260911,alto,b19_ctx8,medio,0.03705725102821571
fold3_stack_participant_C0.01_20260911,3,stack_participant_C0.01,20260911,alto,b19_ctx8,alto,-0.058792045155629566
fold3_stack_participant_C0.01_20260911,3,stack_participant_C0.01,20260911,alto,b20_ctx1,bajo,0.011562900001573595
fold3_stack_participant_C0.01_20260911,3,stack_participant_C0.01,20260911,alto,b20_ctx1,medio,0.01487910876604352
fold3_stack_participant_C0.01_20260911,3,stack_participant_C0.01,20260911,alto,b20_ctx1,alto,-0.03637672978823765
fold3_stack_participant_C0.01_20260911,3,stack_participant_C0.01,20260911,alto,b20_ctx8,bajo,-0.00021798026132374858
fold3_stack_participant_C0.01_20260911,3,stack_participant_C0.01,20260911,alto,b20_ctx8,medio,0.04856647674390263
fold3_stack_participant_C0.01_20260911,3,stack_participant_C0.01,20260911,alto,b20_ctx8,alto,-0.05740021279836586
fold3_stack_participant_C0.01_20260911,3,stack_participant_C0.01,20260911,alto,b21_ctx1,bajo,0.03095982972417675
fold3_stack_participant_C0.01_20260911,3,stack_participant_C0.01,20260911,alto,b21_ctx1,medio,-0.005298011892126503
fold3_stack_participant_C0.01_20260911,3,stack_participant_C0.01,20260911,alto,b21_ctx1,alto,-0.03296014762282609
fold3_stack_participant_C0.01_20260911,3,stack_participant_C0.01,20260911,alto,b21_ctx8,bajo,0.1086214668917582
fold3_stack_participant_C0.01_20260911,3,stack_participant_C0.01,20260911,alto,b21_ctx8,medio,-0.0913536254014713
fold3_stack_participant_C0.01_20260911,3,stack_participant_C0.01,20260911,alto,b21_ctx8,alto,-0.012764536243810604
fold3_stack_participant_C0.01_20260911,3,stack_participant_C0.01,20260911,bajo,b15_ctx1,bajo,0.010979495552504557
fold3_stack_participant_C0.01_20260911,3,stack_participant_C0.01,20260911,bajo,b15_ctx1,medio,-0.02582666636974625
fold3_stack_participant_C0.01_20260911,3,stack_participant_C0.01,20260911,bajo,b15_ctx1,alto,0.019593430790570306
fold3_stack_participant_C0.01_20260911,3,stack_participant_C0.01,20260911,bajo,b15_ctx8,bajo,0.024465777552576312
fold3_stack_participant_C0.01_20260911,3,stack_participant_C0.01,20260911,bajo,b15_ctx8,medio,0.008223616888546354
fold3_stack_participant_C0.01_20260911,3,stack_participant_C0.01,20260911,bajo,b15_ctx8,alto,-0.03922712067713588
fold3_stack_participant_C0.01_20260911,3,stack_participant_C0.01,20260911,bajo,b16_ctx1,bajo,0.013756996729478726
fold3_stack_participant_C0.01_20260911,3,stack_participant_C0.01,20260911,bajo,b16_ctx1,medio,0.0037933392143926674
fold3_stack_participant_C0.01_20260911,3,stack_participant_C0.01,20260911,bajo,b16_ctx1,alto,-0.022825163305396527
fold3_stack_participant_C0.01_20260911,3,stack_participant_C0.01,20260911,bajo,b16_ctx8,bajo,0.02472721689568035
fold3_stack_participant_C0.01_20260911,3,stack_participant_C0.01,20260911,bajo,b16_ctx8,medio,-0.052075866470972426
fold3_stack_participant_C0.01_20260911,3,stack_participant_C0.01,20260911,bajo,b16_ctx8,alto,0.02802250027652549
fold3_stack_participant_C0.01_20260911,3,stack_participant_C0.01,20260911,bajo,b17_ctx1,bajo,-0.04188273854456539
fold3_stack_participant_C0.01_20260911,3,stack_participant_C0.01,20260911,bajo,b17_ctx1,medio,0.02784455396040654
fold3_stack_participant_C0.01_20260911,3,stack_participant_C0.01,20260911,bajo,b17_ctx1,alto,0.019179688993781287
fold3_stack_participant_C0.01_20260911,3,stack_participant_C0.01,20260911,bajo,b17_ctx8,bajo,0.001212186307157035
fold3_stack_participant_C0.01_20260911,3,stack_participant_C0.01,20260911,bajo,b17_ctx8,medio,-0.052566833982711156
fold3_stack_participant_C0.01_20260911,3,stack_participant_C0.01,20260911,bajo,b17_ctx8,alto,0.05786573804018538
fold3_stack_participant_C0.01_20260911,3,stack_participant_C0.01,20260911,bajo,b18_ctx1,bajo,-0.07439666011622513
fold3_stack_participant_C0.01_20260911,3,stack_participant_C0.01,20260911,bajo,b18_ctx1,medio,0.032920910826690075
fold3_stack_participant_C0.01_20260911,3,stack_participant_C0.01,20260911,bajo,b18_ctx1,alto,0.05445913619419064
fold3_stack_participant_C0.01_20260911,3,stack_participant_C0.01,20260911,bajo,b18_ctx8,bajo,-0.05976914487922438
fold3_stack_participant_C0.01_20260911,3,stack_participant_C0.01,20260911,bajo,b18_ctx8,medio,0.09701199519635793
fold3_stack_participant_C0.01_20260911,3,stack_participant_C0.01,20260911,bajo,b18_ctx8,alto,-0.03839992682283951
fold3_stack_participant_C0.01_20260911,3,stack_participant_C0.01,20260911,bajo,b19_ctx1,bajo,0.06260911540631789
fold3_stack_participant_C0.01_20260911,3,stack_participant_C0.01,20260911,bajo,b19_ctx1,medio,-0.015547382129175696
fold3_stack_participant_C0.01_20260911,3,stack_participant_C0.01,20260911,bajo,b19_ctx1,alto,-0.07054174469032161
fold3_stack_participant_C0.01_20260911,3,stack_participant_C0.01,20260911,bajo,b19_ctx8,bajo,0.07800157778593503
fold3_stack_participant_C0.01_20260911,3,stack_participant_C0.01,20260911,bajo,b19_ctx8,medio,-0.033818282110481254
fold3_stack_participant_C0.01_20260911,3,stack_participant_C0.01,20260911,bajo,b19_ctx8,alto,-0.05956314507595061
fold3_stack_participant_C0.01_20260911,3,stack_participant_C0.01,20260911,bajo,b20_ctx1,bajo,0.03489840797863337
fold3_stack_participant_C0.01_20260911,3,stack_participant_C0.01,20260911,bajo,b20_ctx1,medio,-0.04809552384326148
fold3_stack_participant_C0.01_20260911,3,stack_participant_C0.01,20260911,bajo,b20_ctx1,alto,0.019604066719084753
fold3_stack_participant_C0.01_20260911,3,stack_participant_C0.01,20260911,bajo,b20_ctx8,bajo,0.06978313830948313
fold3_stack_participant_C0.01_20260911,3,stack_participant_C0.01,20260911,bajo,b20_ctx8,medio,-0.05097944627479801
fold3_stack_participant_C0.01_20260911,3,stack_participant_C0.01,20260911,bajo,b20_ctx8,alto,-0.024496672641666297
fold3_stack_participant_C0.01_20260911,3,stack_participant_C0.01,20260911,bajo,b21_ctx1,bajo,-0.06948101544806044
fold3_stack_participant_C0.01_20260911,3,stack_participant_C0.01,20260911,bajo,b21_ctx1,medio,0.02869638267991152
fold3_stack_participant_C0.01_20260911,3,stack_participant_C0.01,20260911,bajo,b21_ctx1,alto,0.05064583939078089
fold3_stack_participant_C0.01_20260911,3,stack_participant_C0.01,20260911,bajo,b21_ctx8,bajo,-0.1333776737875743
fold3_stack_participant_C0.01_20260911,3,stack_participant_C0.01,20260911,bajo,b21_ctx8,medio,0.04626297762166185
fold3_stack_participant_C0.01_20260911,3,stack_participant_C0.01,20260911,bajo,b21_ctx8,alto,0.09691272817759475
fold3_stack_participant_C0.01_20260911,3,stack_participant_C0.01,20260911,medio,b15_ctx1,bajo,0.010519173264710384
fold3_stack_participant_C0.01_20260911,3,stack_participant_C0.01,20260911,medio,b15_ctx1,medio,0.021644284062424614
fold3_stack_participant_C0.01_20260911,3,stack_participant_C0.01,20260911,medio,b15_ctx1,alto,-0.04149101455481751
fold3_stack_participant_C0.01_20260911,3,stack_participant_C0.01,20260911,medio,b15_ctx8,bajo,0.05481412650112229
fold3_stack_participant_C0.01_20260911,3,stack_participant_C0.01,20260911,medio,b15_ctx8,medio,-0.04431705026899228
fold3_stack_participant_C0.01_20260911,3,stack_participant_C0.01,20260911,medio,b15_ctx8,alto,-0.01585514460332623
fold3_stack_participant_C0.01_20260911,3,stack_participant_C0.01,20260911,medio,b16_ctx1,bajo,0.03321177927636398
fold3_stack_participant_C0.01_20260911,3,stack_participant_C0.01,20260911,medio,b16_ctx1,medio,-0.004878306320361325
fold3_stack_participant_C0.01_20260911,3,stack_participant_C0.01,20260911,medio,b16_ctx1,alto,-0.0371351792322557
fold3_stack_participant_C0.01_20260911,3,stack_participant_C0.01,20260911,medio,b16_ctx8,bajo,0.009390921978032743
fold3_stack_participant_C0.01_20260911,3,stack_participant_C0.01,20260911,medio,b16_ctx8,medio,0.03830211603005003
fold3_stack_participant_C0.01_20260911,3,stack_participant_C0.01,20260911,medio,b16_ctx8,alto,-0.05455410105401762
fold3_stack_participant_C0.01_20260911,3,stack_participant_C0.01,20260911,medio,b17_ctx1,bajo,0.03968138088617763
fold3_stack_participant_C0.01_20260911,3,stack_participant_C0.01,20260911,medio,b17_ctx1,medio,-0.014211131815799234
fold3_stack_participant_C0.01_20260911,3,stack_participant_C0.01,20260911,medio,b17_ctx1,alto,-0.03358376431374022
fold3_stack_participant_C0.01_20260911,3,stack_participant_C0.01,20260911,medio,b17_ctx8,bajo,0.010884795541159582
fold3_stack_participant_C0.01_20260911,3,stack_participant_C0.01,20260911,medio,b17_ctx8,medio,-0.0010206964626932173
fold3_stack_participant_C0.01_20260911,3,stack_participant_C0.01,20260911,medio,b17_ctx8,alto,-0.012243920104750021
fold3_stack_participant_C0.01_20260911,3,stack_participant_C0.01,20260911,medio,b18_ctx1,bajo,0.0030659363980085467
fold3_stack_participant_C0.01_20260911,3,stack_participant_C0.01,20260911,medio,b18_ctx1,medio,0.020689455255319438
fold3_stack_participant_C0.01_20260911,3,stack_participant_C0.01,20260911,medio,b18_ctx1,alto,-0.03165259472237061
fold3_stack_participant_C0.01_20260911,3,stack_participant_C0.01,20260911,medio,b18_ctx8,bajo,0.0354421336702389
fold3_stack_participant_C0.01_20260911,3,stack_participant_C0.01,20260911,medio,b18_ctx8,medio,-0.0015169401430607263
fold3_stack_participant_C0.01_20260911,3,stack_participant_C0.01,20260911,medio,b18_ctx8,alto,-0.0416595734857071
fold3_stack_participant_C0.01_20260911,3,stack_participant_C0.01,20260911,medio,b19_ctx1,bajo,-0.046837366081345096
fold3_stack_participant_C0.01_20260911,3,stack_participant_C0.01,20260911,medio,b19_ctx1,medio,-0.017386136716672298
fold3_stack_participant_C0.01_20260911,3,stack_participant_C0.01,20260911,medio,b19_ctx1,alto,0.0922338552501145
fold3_stack_participant_C0.01_20260911,3,stack_participant_C0.01,20260911,medio,b19_ctx8,bajo,-0.0907732402488973
fold3_stack_participant_C0.01_20260911,3,stack_participant_C0.01,20260911,medio,b19_ctx8,medio,-0.003238968917733978
fold3_stack_participant_C0.01_20260911,3,stack_participant_C0.01,20260911,medio,b19_ctx8,alto,0.11835519023158005
fold3_stack_participant_C0.01_20260911,3,stack_participant_C0.01,20260911,medio,b20_ctx1,bajo,-0.04646130798020682
fold3_stack_participant_C0.01_20260911,3,stack_participant_C0.01,20260911,medio,b20_ctx1,medio,0.0332164150772183
fold3_stack_participant_C0.01_20260911,3,stack_participant_C0.01,20260911,medio,b20_ctx1,alto,0.01677266306915282
fold3_stack_participant_C0.01_20260911,3,stack_participant_C0.01,20260911,medio,b20_ctx8,bajo,-0.06956515804815916
fold3_stack_participant_C0.01_20260911,3,stack_participant_C0.01,20260911,medio,b20_ctx8,medio,0.002412969530895552
fold3_stack_participant_C0.01_20260911,3,stack_participant_C0.01,20260911,medio,b20_ctx8,alto,0.08189688544003235
fold3_stack_participant_C0.01_20260911,3,stack_participant_C0.01,20260911,medio,b21_ctx1,bajo,0.038521185723883085
fold3_stack_participant_C0.01_20260911,3,stack_participant_C0.01,20260911,medio,b21_ctx1,medio,-0.023398370787785235
fold3_stack_participant_C0.01_20260911,3,stack_participant_C0.01,20260911,medio,b21_ctx1,alto,-0.01768569176795471
fold3_stack_participant_C0.01_20260911,3,stack_participant_C0.01,20260911,medio,b21_ctx8,bajo,0.024756206895816004
fold3_stack_participant_C0.01_20260911,3,stack_participant_C0.01,20260911,medio,b21_ctx8,medio,0.04509064777980953
fold3_stack_participant_C0.01_20260911,3,stack_participant_C0.01,20260911,medio,b21_ctx8,alto,-0.08414819193378388
fold3_stack_participant_C0.1_20260911,3,stack_participant_C0.1,20260911,alto,b15_ctx1,bajo,0.06725272216435237
fold3_stack_participant_C0.1_20260911,3,stack_participant_C0.1,20260911,alto,b15_ctx1,medio,-0.07614341801301878
fold3_stack_participant_C0.1_20260911,3,stack_participant_C0.1,20260911,alto,b15_ctx1,alto,0.013420773949672338
fold3_stack_participant_C0.1_20260911,3,stack_participant_C0.1,20260911,alto,b15_ctx8,bajo,-0.18857772139388113
fold3_stack_participant_C0.1_20260911,3,stack_participant_C0.1,20260911,alto,b15_ctx8,medio,0.021000936296302494
fold3_stack_participant_C0.1_20260911,3,stack_participant_C0.1,20260911,alto,b15_ctx8,alto,0.20547429547000995
fold3_stack_participant_C0.1_20260911,3,stack_participant_C0.1,20260911,alto,b16_ctx1,bajo,-0.11416316516323922
fold3_stack_participant_C0.1_20260911,3,stack_participant_C0.1,20260911,alto,b16_ctx1,medio,0.010322954881763411
fold3_stack_participant_C0.1_20260911,3,stack_participant_C0.1,20260911,alto,b16_ctx1,alto,0.1359014719397849
fold3_stack_participant_C0.1_20260911,3,stack_participant_C0.1,20260911,alto,b16_ctx8,bajo,-0.009734248472897231
fold3_stack_participant_C0.1_20260911,3,stack_participant_C0.1,20260911,alto,b16_ctx8,medio,-0.11371114045756275
fold3_stack_participant_C0.1_20260911,3,stack_participant_C0.1,20260911,alto,b16_ctx8,alto,0.139626206294996
fold3_stack_participant_C0.1_20260911,3,stack_participant_C0.1,20260911,alto,b17_ctx1,bajo,-0.07965313173715617
fold3_stack_participant_C0.1_20260911,3,stack_participant_C0.1,20260911,alto,b17_ctx1,medio,0.039389059274919425
fold3_stack_participant_C0.1_20260911,3,stack_participant_C0.1,20260911,alto,b17_ctx1,alto,0.05365645843259321
fold3_stack_participant_C0.1_20260911,3,stack_participant_C0.1,20260911,alto,b17_ctx8,bajo,-0.09330844861654541
fold3_stack_participant_C0.1_20260911,3,stack_participant_C0.1,20260911,alto,b17_ctx8,medio,0.3430958301540118
fold3_stack_participant_C0.1_20260911,3,stack_participant_C0.1,20260911,alto,b17_ctx8,alto,-0.2725789075639413
fold3_stack_participant_C0.1_20260911,3,stack_participant_C0.1,20260911,alto,b18_ctx1,bajo,0.18416439446429797
fold3_stack_participant_C0.1_20260911,3,stack_participant_C0.1,20260911,alto,b18_ctx1,medio,-0.08634974428663965
fold3_stack_participant_C0.1_20260911,3,stack_participant_C0.1,20260911,alto,b18_ctx1,alto,-0.12833259458349755
fold3_stack_participant_C0.1_20260911,3,stack_participant_C0.1,20260911,alto,b18_ctx8,bajo,0.06637226318023942
fold3_stack_participant_C0.1_20260911,3,stack_participant_C0.1,20260911,alto,b18_ctx8,medio,-0.26651136389668856
fold3_stack_participant_C0.1_20260911,3,stack_participant_C0.1,20260911,alto,b18_ctx8,alto,0.22529532794691381
fold3_stack_participant_C0.1_20260911,3,stack_participant_C0.1,20260911,alto,b19_ctx1,bajo,-0.019359061436902487
fold3_stack_participant_C0.1_20260911,3,stack_participant_C0.1,20260911,alto,b19_ctx1,medio,0.034986125482140085
fold3_stack_participant_C0.1_20260911,3,stack_participant_C0.1,20260911,alto,b19_ctx1,alto,-0.019230276767033965
fold3_stack_participant_C0.1_20260911,3,stack_participant_C0.1,20260911,alto,b19_ctx8,bajo,0.12228089711651545
fold3_stack_participant_C0.1_20260911,3,stack_participant_C0.1,20260911,alto,b19_ctx8,medio,-0.056728025387645875
fold3_stack_participant_C0.1_20260911,3,stack_participant_C0.1,20260911,alto,b19_ctx8,alto,-0.08910176942531103
fold3_stack_participant_C0.1_20260911,3,stack_participant_C0.1,20260911,alto,b20_ctx1,bajo,-0.010277364453867156
fold3_stack_participant_C0.1_20260911,3,stack_participant_C0.1,20260911,alto,b20_ctx1,medio,0.03962225050944146
fold3_stack_participant_C0.1_20260911,3,stack_participant_C0.1,20260911,alto,b20_ctx1,alto,-0.0411933901391118
fold3_stack_participant_C0.1_20260911,3,stack_participant_C0.1,20260911,alto,b20_ctx8,bajo,-0.029870351604667923
fold3_stack_participant_C0.1_20260911,3,stack_participant_C0.1,20260911,alto,b20_ctx8,medio,0.2690071501272427
fold3_stack_participant_C0.1_20260911,3,stack_participant_C0.1,20260911,alto,b20_ctx8,alto,-0.2830122367231946
fold3_stack_participant_C0.1_20260911,3,stack_participant_C0.1,20260911,alto,b21_ctx1,bajo,0.007844084659107563
fold3_stack_participant_C0.1_20260911,3,stack_participant_C0.1,20260911,alto,b21_ctx1,medio,0.025781214666309345
fold3_stack_participant_C0.1_20260911,3,stack_participant_C0.1,20260911,alto,b21_ctx1,alto,-0.04599358667345377
fold3_stack_participant_C0.1_20260911,3,stack_participant_C0.1,20260911,alto,b21_ctx8,bajo,0.16002430424929165
fold3_stack_participant_C0.1_20260911,3,stack_participant_C0.1,20260911,alto,b21_ctx8,medio,-0.207343952980886
fold3_stack_participant_C0.1_20260911,3,stack_participant_C0.1,20260911,alto,b21_ctx8,alto,0.0708742143800265
fold3_stack_participant_C0.1_20260911,3,stack_participant_C0.1,20260911,bajo,b15_ctx1,bajo,-0.10816424503580284
fold3_stack_participant_C0.1_20260911,3,stack_participant_C0.1,20260911,bajo,b15_ctx1,medio,0.028575375860059083
fold3_stack_participant_C0.1_20260911,3,stack_participant_C0.1,20260911,bajo,b15_ctx1,alto,0.1003851967393904
fold3_stack_participant_C0.1_20260911,3,stack_participant_C0.1,20260911,bajo,b15_ctx8,bajo,-0.08649638710105013
fold3_stack_participant_C0.1_20260911,3,stack_participant_C0.1,20260911,bajo,b15_ctx8,medio,0.17439746656745814
fold3_stack_participant_C0.1_20260911,3,stack_participant_C0.1,20260911,bajo,b15_ctx8,alto,-0.09491289653778066
fold3_stack_participant_C0.1_20260911,3,stack_participant_C0.1,20260911,bajo,b16_ctx1,bajo,0.005404873381324365
fold3_stack_participant_C0.1_20260911,3,stack_participant_C0.1,20260911,bajo,b16_ctx1,medio,0.019458566010897946
fold3_stack_participant_C0.1_20260911,3,stack_participant_C0.1,20260911,bajo,b16_ctx1,alto,-0.031970178225434805
fold3_stack_participant_C0.1_20260911,3,stack_participant_C0.1,20260911,bajo,b16_ctx8,bajo,0.0034252097321617234
fold3_stack_participant_C0.1_20260911,3,stack_participant_C0.1,20260911,bajo,b16_ctx8,medio,-0.12514160549258788
fold3_stack_participant_C0.1_20260911,3,stack_participant_C0.1,20260911,bajo,b16_ctx8,alto,0.13626046599650138
fold3_stack_participant_C0.1_20260911,3,stack_participant_C0.1,20260911,bajo,b17_ctx1,bajo,-0.026786640901666374
fold3_stack_participant_C0.1_20260911,3,stack_participant_C0.1,20260911,bajo,b17_ctx1,medio,0.05877169299413212
fold3_stack_participant_C0.1_20260911,3,stack_participant_C0.1,20260911,bajo,b17_ctx1,alto,-0.03960999339535491
fold3_stack_participant_C0.1_20260911,3,stack_participant_C0.1,20260911,bajo,b17_ctx8,bajo,0.10426470400904805
fold3_stack_participant_C0.1_20260911,3,stack_participant_C0.1,20260911,bajo,b17_ctx8,medio,-0.2657857172083807
fold3_stack_participant_C0.1_20260911,3,stack_participant_C0.1,20260911,bajo,b17_ctx8,alto,0.17179712680771428
fold3_stack_participant_C0.1_20260911,3,stack_participant_C0.1,20260911,bajo,b18_ctx1,bajo,-0.121104632528025
fold3_stack_participant_C0.1_20260911,3,stack_participant_C0.1,20260911,bajo,b18_ctx1,medio,0.02545740766416356
fold3_stack_participant_C0.1_20260911,3,stack_participant_C0.1,20260911,bajo,b18_ctx1,alto,0.12617637009656787
fold3_stack_participant_C0.1_20260911,3,stack_participant_C0.1,20260911,bajo,b18_ctx8,bajo,-0.1381274919893007
fold3_stack_participant_C0.1_20260911,3,stack_participant_C0.1,20260911,bajo,b18_ctx8,medio,0.27916062675511716
fold3_stack_participant_C0.1_20260911,3,stack_participant_C0.1,20260911,bajo,b18_ctx8,alto,-0.15197051247981092
fold3_stack_participant_C0.1_20260911,3,stack_participant_C0.1,20260911,bajo,b19_ctx1,bajo,0.13630856162114663
fold3_stack_participant_C0.1_20260911,3,stack_participant_C0.1,20260911,bajo,b19_ctx1,medio,-0.04365201937078442
fold3_stack_participant_C0.1_20260911,3,stack_participant_C0.1,20260911,bajo,b19_ctx1,alto,-0.14024687908399308
fold3_stack_participant_C0.1_20260911,3,stack_participant_C0.1,20260911,bajo,b19_ctx8,bajo,0.06614792549843224
fold3_stack_participant_C0.1_20260911,3,stack_participant_C0.1,20260911,bajo,b19_ctx8,medio,0.0703748647446874
fold3_stack_participant_C0.1_20260911,3,stack_participant_C0.1,20260911,bajo,b19_ctx8,alto,-0.16455307226596858
fold3_stack_participant_C0.1_20260911,3,stack_participant_C0.1,20260911,bajo,b20_ctx1,bajo,0.11704728146454835
fold3_stack_participant_C0.1_20260911,3,stack_participant_C0.1,20260911,bajo,b20_ctx1,medio,-0.1369077011405159
fold3_stack_participant_C0.1_20260911,3,stack_participant_C0.1,20260911,bajo,b20_ctx1,alto,0.03180065747243663
fold3_stack_participant_C0.1_20260911,3,stack_participant_C0.1,20260911,bajo,b20_ctx8,bajo,0.2470416524432154
fold3_stack_participant_C0.1_20260911,3,stack_participant_C0.1,20260911,bajo,b20_ctx8,medio,-0.2677971945230914
fold3_stack_participant_C0.1_20260911,3,stack_participant_C0.1,20260911,bajo,b20_ctx8,alto,0.01696234602240605
fold3_stack_participant_C0.1_20260911,3,stack_participant_C0.1,20260911,bajo,b21_ctx1,bajo,-0.07825105428117901
fold3_stack_participant_C0.1_20260911,3,stack_participant_C0.1,20260911,bajo,b21_ctx1,medio,0.05696163341329651
fold3_stack_participant_C0.1_20260911,3,stack_participant_C0.1,20260911,bajo,b21_ctx1,alto,0.02283813099286428
fold3_stack_participant_C0.1_20260911,3,stack_participant_C0.1,20260911,bajo,b21_ctx8,bajo,-0.20392475768268797
fold3_stack_participant_C0.1_20260911,3,stack_participant_C0.1,20260911,bajo,b21_ctx8,medio,0.1008937929154062
fold3_stack_participant_C0.1_20260911,3,stack_participant_C0.1,20260911,bajo,b21_ctx8,alto,0.11099747488110813
fold3_stack_participant_C0.1_20260911,3,stack_participant_C0.1,20260911,medio,b15_ctx1,bajo,0.040911522871448905
fold3_stack_participant_C0.1_20260911,3,stack_participant_C0.1,20260911,medio,b15_ctx1,medio,0.04756804215295652
fold3_stack_participant_C0.1_20260911,3,stack_participant_C0.1,20260911,medio,b15_ctx1,alto,-0.11380597068905822
fold3_stack_participant_C0.1_20260911,3,stack_participant_C0.1,20260911,medio,b15_ctx8,bajo,0.2750741084949346
fold3_stack_participant_C0.1_20260911,3,stack_participant_C0.1,20260911,medio,b15_ctx8,medio,-0.19539840286376206
fold3_stack_participant_C0.1_20260911,3,stack_participant_C0.1,20260911,medio,b15_ctx8,alto,-0.1105613989322231
fold3_stack_participant_C0.1_20260911,3,stack_participant_C0.1,20260911,medio,b16_ctx1,bajo,0.10875829178191417
fold3_stack_participant_C0.1_20260911,3,stack_participant_C0.1,20260911,medio,b16_ctx1,medio,-0.029781520892662224
fold3_stack_participant_C0.1_20260911,3,stack_participant_C0.1,20260911,medio,b16_ctx1,alto,-0.10393129371434795
fold3_stack_participant_C0.1_20260911,3,stack_participant_C0.1,20260911,medio,b16_ctx8,bajo,0.006309038740736595
fold3_stack_participant_C0.1_20260911,3,stack_participant_C0.1,20260911,medio,b16_ctx8,medio,0.23885274595014155
fold3_stack_participant_C0.1_20260911,3,stack_participant_C0.1,20260911,medio,b16_ctx8,alto,-0.27588667229150055
fold3_stack_participant_C0.1_20260911,3,stack_participant_C0.1,20260911,medio,b17_ctx1,bajo,0.10643977263882055
fold3_stack_participant_C0.1_20260911,3,stack_participant_C0.1,20260911,medio,b17_ctx1,medio,-0.09816075226905227
fold3_stack_participant_C0.1_20260911,3,stack_participant_C0.1,20260911,medio,b17_ctx1,alto,-0.014046465037236618
fold3_stack_participant_C0.1_20260911,3,stack_participant_C0.1,20260911,medio,b17_ctx8,bajo,-0.010956255392498183
fold3_stack_participant_C0.1_20260911,3,stack_participant_C0.1,20260911,medio,b17_ctx8,medio,-0.07731011294562969
fold3_stack_participant_C0.1_20260911,3,stack_participant_C0.1,20260911,medio,b17_ctx8,alto,0.10078178075622864
fold3_stack_participant_C0.1_20260911,3,stack_participant_C0.1,20260911,medio,b18_ctx1,bajo,-0.0630597619362738
fold3_stack_participant_C0.1_20260911,3,stack_participant_C0.1,20260911,medio,b18_ctx1,medio,0.060892336622473835
fold3_stack_participant_C0.1_20260911,3,stack_participant_C0.1,20260911,medio,b18_ctx1,alto,0.0021562244869329427
fold3_stack_participant_C0.1_20260911,3,stack_participant_C0.1,20260911,medio,b18_ctx8,bajo,0.07175522880906454
fold3_stack_participant_C0.1_20260911,3,stack_participant_C0.1,20260911,medio,b18_ctx8,medio,-0.012649262858435595
fold3_stack_participant_C0.1_20260911,3,stack_participant_C0.1,20260911,medio,b18_ctx8,alto,-0.07332481546710386
fold3_stack_participant_C0.1_20260911,3,stack_participant_C0.1,20260911,medio,b19_ctx1,bajo,-0.11694950018424015
fold3_stack_participant_C0.1_20260911,3,stack_participant_C0.1,20260911,medio,b19_ctx1,medio,0.00866589388864426
fold3_stack_participant_C0.1_20260911,3,stack_participant_C0.1,20260911,medio,b19_ctx1,alto,0.15947715585103056
fold3_stack_participant_C0.1_20260911,3,stack_participant_C0.1,20260911,medio,b19_ctx8,bajo,-0.18842882261495073
fold3_stack_participant_C0.1_20260911,3,stack_participant_C0.1,20260911,medio,b19_ctx8,medio,-0.013646839357039154
fold3_stack_participant_C0.1_20260911,3,stack_participant_C0.1,20260911,medio,b19_ctx8,alto,0.25365484169127095
fold3_stack_participant_C0.1_20260911,3,stack_participant_C0.1,20260911,medio,b20_ctx1,bajo,-0.10676991701068005
fold3_stack_participant_C0.1_20260911,3,stack_participant_C0.1,20260911,medio,b20_ctx1,medio,0.09728545063107776
fold3_stack_participant_C0.1_20260911,3,stack_participant_C0.1,20260911,medio,b20_ctx1,alto,0.00939273266667781
fold3_stack_participant_C0.1_20260911,3,stack_participant_C0.1,20260911,medio,b20_ctx8,bajo,-0.21717130083855082
fold3_stack_participant_C0.1_20260911,3,stack_participant_C0.1,20260911,medio,b20_ctx8,medio,-0.0012099556041548236
fold3_stack_participant_C0.1_20260911,3,stack_participant_C0.1,20260911,medio,b20_ctx8,alto,0.26604989070079166
fold3_stack_participant_C0.1_20260911,3,stack_participant_C0.1,20260911,medio,b21_ctx1,bajo,0.07040696962206369
fold3_stack_participant_C0.1_20260911,3,stack_participant_C0.1,20260911,medio,b21_ctx1,medio,-0.08274284807960698
fold3_stack_participant_C0.1_20260911,3,stack_participant_C0.1,20260911,medio,b21_ctx1,alto,0.02315545568058401
fold3_stack_participant_C0.1_20260911,3,stack_participant_C0.1,20260911,medio,b21_ctx8,bajo,0.04390045343340247
fold3_stack_participant_C0.1_20260911,3,stack_participant_C0.1,20260911,medio,b21_ctx8,medio,0.10645016006547757
fold3_stack_participant_C0.1_20260911,3,stack_participant_C0.1,20260911,medio,b21_ctx8,alto,-0.18187168926113736
fold3_stack_global_C0.001_20260912,3,stack_global_C0.001,20260912,alto,b15_ctx1,bajo,-0.005532435475585816
fold3_stack_global_C0.001_20260912,3,stack_global_C0.001,20260912,alto,b15_ctx1,medio,0.003658470510995604
fold3_stack_global_C0.001_20260912,3,stack_global_C0.001,20260912,alto,b15_ctx1,alto,0.0022805711085541486
fold3_stack_global_C0.001_20260912,3,stack_global_C0.001,20260912,alto,b15_ctx8,bajo,-0.014793196249449388
fold3_stack_global_C0.001_20260912,3,stack_global_C0.001,20260912,alto,b15_ctx8,medio,0.012835512985184908
fold3_stack_global_C0.001_20260912,3,stack_global_C0.001,20260912,alto,b15_ctx8,alto,0.003274126591500307
fold3_stack_global_C0.001_20260912,3,stack_global_C0.001,20260912,alto,b16_ctx1,bajo,-0.010956898057896403
fold3_stack_global_C0.001_20260912,3,stack_global_C0.001,20260912,alto,b16_ctx1,medio,-0.0019346598875092504
fold3_stack_global_C0.001_20260912,3,stack_global_C0.001,20260912,alto,b16_ctx1,alto,0.016788307272254666
fold3_stack_global_C0.001_20260912,3,stack_global_C0.001,20260912,alto,b16_ctx8,bajo,-0.012941877214955983
fold3_stack_global_C0.001_20260912,3,stack_global_C0.001,20260912,alto,b16_ctx8,medio,0.011139979896863059
fold3_stack_global_C0.001_20260912,3,stack_global_C0.001,20260912,alto,b16_ctx8,alto,0.0034240187924503653
fold3_stack_global_C0.001_20260912,3,stack_global_C0.001,20260912,alto,b17_ctx1,bajo,0.0031191118307537296
fold3_stack_global_C0.001_20260912,3,stack_global_C0.001,20260912,alto,b17_ctx1,medio,-0.010397344357606406
fold3_stack_global_C0.001_20260912,3,stack_global_C0.001,20260912,alto,b17_ctx1,alto,0.009112888990976903
fold3_stack_global_C0.001_20260912,3,stack_global_C0.001,20260912,alto,b17_ctx8,bajo,-0.003578637137060717
fold3_stack_global_C0.001_20260912,3,stack_global_C0.001,20260912,alto,b17_ctx8,medio,0.0004440556270056063
fold3_stack_global_C0.001_20260912,3,stack_global_C0.001,20260912,alto,b17_ctx8,alto,0.0039029911074650305
fold3_stack_global_C0.001_20260912,3,stack_global_C0.001,20260912,alto,b18_ctx1,bajo,0.016196320149181286
fold3_stack_global_C0.001_20260912,3,stack_global_C0.001,20260912,alto,b18_ctx1,medio,-0.01928283350143514
fold3_stack_global_C0.001_20260912,3,stack_global_C0.001,20260912,alto,b18_ctx1,alto,0.004306008887644137
fold3_stack_global_C0.001_20260912,3,stack_global_C0.001,20260912,alto,b18_ctx8,bajo,0.008071957554352364
fold3_stack_global_C0.001_20260912,3,stack_global_C0.001,20260912,alto,b18_ctx8,medio,-0.02943100863791116
fold3_stack_global_C0.001_20260912,3,stack_global_C0.001,20260912,alto,b18_ctx8,alto,0.023970273978601603
fold3_stack_global_C0.001_20260912,3,stack_global_C0.001,20260912,alto,b19_ctx1,bajo,-0.00843822766467755
fold3_stack_global_C0.001_20260912,3,stack_global_C0.001,20260912,alto,b19_ctx1,medio,0.012116397559218096
fold3_stack_global_C0.001_20260912,3,stack_global_C0.001,20260912,alto,b19_ctx1,alto,-0.004120835686733443
fold3_stack_global_C0.001_20260912,3,stack_global_C0.001,20260912,alto,b19_ctx8,bajo,-0.01255645805379373
fold3_stack_global_C0.001_20260912,3,stack_global_C0.001,20260912,alto,b19_ctx8,medio,0.02352372320591453
fold3_stack_global_C0.001_20260912,3,stack_global_C0.001,20260912,alto,b19_ctx8,alto,-0.011227078085146617
fold3_stack_global_C0.001_20260912,3,stack_global_C0.001,20260912,alto,b20_ctx1,bajo,0.008452648010370217
fold3_stack_global_C0.001_20260912,3,stack_global_C0.001,20260912,alto,b20_ctx1,medio,0.004617862018656684
fold3_stack_global_C0.001_20260912,3,stack_global_C0.001,20260912,alto,b20_ctx1,alto,-0.01788384027404385
fold3_stack_global_C0.001_20260912,3,stack_global_C0.001,20260912,alto,b20_ctx8,bajo,-0.0011933764166916078
fold3_stack_global_C0.001_20260912,3,stack_global_C0.001,20260912,alto,b20_ctx8,medio,0.01044718951088547
fold3_stack_global_C0.001_20260912,3,stack_global_C0.001,20260912,alto,b20_ctx8,alto,-0.010950483439340943
fold3_stack_global_C0.001_20260912,3,stack_global_C0.001,20260912,alto,b21_ctx1,bajo,0.028471634286902556
fold3_stack_global_C0.001_20260912,3,stack_global_C0.001,20260912,alto,b21_ctx1,medio,-0.0075270729500364255
fold3_stack_global_C0.001_20260912,3,stack_global_C0.001,20260912,alto,b21_ctx1,alto,-0.026626718974076657
fold3_stack_global_C0.001_20260912,3,stack_global_C0.001,20260912,alto,b21_ctx8,bajo,0.04240288783201494
fold3_stack_global_C0.001_20260912,3,stack_global_C0.001,20260912,alto,b21_ctx8,medio,-0.027314932120702774
fold3_stack_global_C0.001_20260912,3,stack_global_C0.001,20260912,alto,b21_ctx8,alto,-0.01527109822814926
fold3_stack_global_C0.001_20260912,3,stack_global_C0.001,20260912,bajo,b15_ctx1,bajo,0.004372939460415033
fold3_stack_global_C0.001_20260912,3,stack_global_C0.001,20260912,bajo,b15_ctx1,medio,-0.008491137671263362
fold3_stack_global_C0.001_20260912,3,stack_global_C0.001,20260912,bajo,b15_ctx1,alto,0.005471610001369402
fold3_stack_global_C0.001_20260912,3,stack_global_C0.001,20260912,bajo,b15_ctx8,bajo,0.021498009489383508
fold3_stack_global_C0.001_20260912,3,stack_global_C0.001,20260912,bajo,b15_ctx8,medio,-0.013150990871683296
fold3_stack_global_C0.001_20260912,3,stack_global_C0.001,20260912,bajo,b15_ctx8,alto,-0.011074736870943387
fold3_stack_global_C0.001_20260912,3,stack_global_C0.001,20260912,bajo,b16_ctx1,bajo,0.007436718258169738
fold3_stack_global_C0.001_20260912,3,stack_global_C0.001,20260912,bajo,b16_ctx1,medio,-0.0016364308266051248
fold3_stack_global_C0.001_20260912,3,stack_global_C0.001,20260912,bajo,b16_ctx1,alto,-0.007618705151190812
fold3_stack_global_C0.001_20260912,3,stack_global_C0.001,20260912,bajo,b16_ctx8,bajo,0.018429247976922223
fold3_stack_global_C0.001_20260912,3,stack_global_C0.001,20260912,bajo,b16_ctx8,medio,-0.015029840432884889
fold3_stack_global_C0.001_20260912,3,stack_global_C0.001,20260912,bajo,b16_ctx8,alto,-0.00581144667646794
fold3_stack_global_C0.001_20260912,3,stack_global_C0.001,20260912,bajo,b17_ctx1,bajo,-0.015172335374103944
fold3_stack_global_C0.001_20260912,3,stack_global_C0.001,20260912,bajo,b17_ctx1,medio,0.006193142729222677
fold3_stack_global_C0.001_20260912,3,stack_global_C0.001,20260912,bajo,b17_ctx1,alto,0.011879096327891308
fold3_stack_global_C0.001_20260912,3,stack_global_C0.001,20260912,bajo,b17_ctx8,bajo,-0.00241717571617422
fold3_stack_global_C0.001_20260912,3,stack_global_C0.001,20260912,bajo,b17_ctx8,medio,-0.0025591433487381675
fold3_stack_global_C0.001_20260912,3,stack_global_C0.001,20260912,bajo,b17_ctx8,alto,0.00586468594602637
fold3_stack_global_C0.001_20260912,3,stack_global_C0.001,20260912,bajo,b18_ctx1,bajo,-0.02512113447395141
fold3_stack_global_C0.001_20260912,3,stack_global_C0.001,20260912,bajo,b18_ctx1,medio,0.008882652388761618
fold3_stack_global_C0.001_20260912,3,stack_global_C0.001,20260912,bajo,b18_ctx1,alto,0.021368402921755
fold3_stack_global_C0.001_20260912,3,stack_global_C0.001,20260912,bajo,b18_ctx8,bajo,-0.021494622373729552
fold3_stack_global_C0.001_20260912,3,stack_global_C0.001,20260912,bajo,b18_ctx8,medio,0.023412370132812374
fold3_stack_global_C0.001_20260912,3,stack_global_C0.001,20260912,bajo,b18_ctx8,alto,-0.0006085871524409382
fold3_stack_global_C0.001_20260912,3,stack_global_C0.001,20260912,bajo,b19_ctx1,bajo,0.019711089289224673
fold3_stack_global_C0.001_20260912,3,stack_global_C0.001,20260912,bajo,b19_ctx1,medio,-0.009590794162159494
fold3_stack_global_C0.001_20260912,3,stack_global_C0.001,20260912,bajo,b19_ctx1,alto,-0.01582203611589134
fold3_stack_global_C0.001_20260912,3,stack_global_C0.001,20260912,bajo,b19_ctx8,bajo,0.04184471264138308
fold3_stack_global_C0.001_20260912,3,stack_global_C0.001,20260912,bajo,b19_ctx8,medio,-0.026974808136646152
fold3_stack_global_C0.001_20260912,3,stack_global_C0.001,20260912,bajo,b19_ctx8,alto,-0.021784122696288613
fold3_stack_global_C0.001_20260912,3,stack_global_C0.001,20260912,bajo,b20_ctx1,bajo,-0.0021933140456104495
fold3_stack_global_C0.001_20260912,3,stack_global_C0.001,20260912,bajo,b20_ctx1,medio,-0.010219010889415825
fold3_stack_global_C0.001_20260912,3,stack_global_C0.001,20260912,bajo,b20_ctx1,alto,0.017191057407504793
fold3_stack_global_C0.001_20260912,3,stack_global_C0.001,20260912,bajo,b20_ctx8,bajo,0.023235006521744393
fold3_stack_global_C0.001_20260912,3,stack_global_C0.001,20260912,bajo,b20_ctx8,medio,-0.02050068577106374
fold3_stack_global_C0.001_20260912,3,stack_global_C0.001,20260912,bajo,b20_ctx8,alto,-0.003969126153076993
fold3_stack_global_C0.001_20260912,3,stack_global_C0.001,20260912,bajo,b21_ctx1,bajo,-0.04153534063563696
fold3_stack_global_C0.001_20260912,3,stack_global_C0.001,20260912,bajo,b21_ctx1,medio,0.010479568003498245
fold3_stack_global_C0.001_20260912,3,stack_global_C0.001,20260912,bajo,b21_ctx1,alto,0.039539453421241
fold3_stack_global_C0.001_20260912,3,stack_global_C0.001,20260912,bajo,b21_ctx8,bajo,-0.0508172674681738
fold3_stack_global_C0.001_20260912,3,stack_global_C0.001,20260912,bajo,b21_ctx8,medio,0.016255280144199854
fold3_stack_global_C0.001_20260912,3,stack_global_C0.001,20260912,bajo,b21_ctx8,alto,0.03861390178937541
fold3_stack_global_C0.001_20260912,3,stack_global_C0.001,20260912,medio,b15_ctx1,bajo,0.0011594960151707241
fold3_stack_global_C0.001_20260912,3,stack_global_C0.001,20260912,medio,b15_ctx1,medio,0.004832667160267782
fold3_stack_global_C0.001_20260912,3,stack_global_C0.001,20260912,medio,b15_ctx1,alto,-0.007752181109923529
fold3_stack_global_C0.001_20260912,3,stack_global_C0.001,20260912,medio,b15_ctx8,bajo,-0.006704813239934117
fold3_stack_global_C0.001_20260912,3,stack_global_C0.001,20260912,medio,b15_ctx8,medio,0.0003154778864983146
fold3_stack_global_C0.001_20260912,3,stack_global_C0.001,20260912,medio,b15_ctx8,alto,0.0078006102794431105
fold3_stack_global_C0.001_20260912,3,stack_global_C0.001,20260912,medio,b16_ctx1,bajo,0.003520179799726662
fold3_stack_global_C0.001_20260912,3,stack_global_C0.001,20260912,medio,b16_ctx1,medio,0.00357109071411436
fold3_stack_global_C0.001_20260912,3,stack_global_C0.001,20260912,medio,b16_ctx1,alto,-0.009169602121063844
fold3_stack_global_C0.001_20260912,3,stack_global_C0.001,20260912,medio,b16_ctx8,bajo,-0.005487370761966254
fold3_stack_global_C0.001_20260912,3,stack_global_C0.001,20260912,medio,b16_ctx8,medio,0.003889860536021763
fold3_stack_global_C0.001_20260912,3,stack_global_C0.001,20260912,medio,b16_ctx8,alto,0.002387427884017558
fold3_stack_global_C0.001_20260912,3,stack_global_C0.001,20260912,medio,b17_ctx1,bajo,0.012053223543350217
fold3_stack_global_C0.001_20260912,3,stack_global_C0.001,20260912,medio,b17_ctx1,medio,0.004204201628383737
fold3_stack_global_C0.001_20260912,3,stack_global_C0.001,20260912,medio,b17_ctx1,alto,-0.020991985318868214
fold3_stack_global_C0.001_20260912,3,stack_global_C0.001,20260912,medio,b17_ctx8,bajo,0.0059958128532349156
fold3_stack_global_C0.001_20260912,3,stack_global_C0.001,20260912,medio,b17_ctx8,medio,0.0021150877217325373
fold3_stack_global_C0.001_20260912,3,stack_global_C0.001,20260912,medio,b17_ctx8,alto,-0.009767677053491375
fold3_stack_global_C0.001_20260912,3,stack_global_C0.001,20260912,medio,b18_ctx1,bajo,0.008924814324770085
fold3_stack_global_C0.001_20260912,3,stack_global_C0.001,20260912,medio,b18_ctx1,medio,0.010400181112673518
fold3_stack_global_C0.001_20260912,3,stack_global_C0.001,20260912,medio,b18_ctx1,alto,-0.025674411809399195
fold3_stack_global_C0.001_20260912,3,stack_global_C0.001,20260912,medio,b18_ctx8,bajo,0.01342266481937728
fold3_stack_global_C0.001_20260912,3,stack_global_C0.001,20260912,medio,b18_ctx8,medio,0.006018638505098752
fold3_stack_global_C0.001_20260912,3,stack_global_C0.001,20260912,medio,b18_ctx8,alto,-0.023361686826160667
fold3_stack_global_C0.001_20260912,3,stack_global_C0.001,20260912,medio,b19_ctx1,bajo,-0.011272861624547123
fold3_stack_global_C0.001_20260912,3,stack_global_C0.001,20260912,medio,b19_ctx1,medio,-0.002525603397058546
fold3_stack_global_C0.001_20260912,3,stack_global_C0.001,20260912,medio,b19_ctx1,alto,0.019942871802624763
fold3_stack_global_C0.001_20260912,3,stack_global_C0.001,20260912,medio,b19_ctx8,bajo,-0.02928825458758948
fold3_stack_global_C0.001_20260912,3,stack_global_C0.001,20260912,medio,b19_ctx8,medio,0.0034510849307316737
fold3_stack_global_C0.001_20260912,3,stack_global_C0.001,20260912,medio,b19_ctx8,alto,0.03301120078143519
fold3_stack_global_C0.001_20260912,3,stack_global_C0.001,20260912,medio,b20_ctx1,bajo,-0.006259333964759726
fold3_stack_global_C0.001_20260912,3,stack_global_C0.001,20260912,medio,b20_ctx1,medio,0.005601148870759173
fold3_stack_global_C0.001_20260912,3,stack_global_C0.001,20260912,medio,b20_ctx1,alto,0.0006927828665390644
fold3_stack_global_C0.001_20260912,3,stack_global_C0.001,20260912,medio,b20_ctx8,bajo,-0.02204163010505275
fold3_stack_global_C0.001_20260912,3,stack_global_C0.001,20260912,medio,b20_ctx8,medio,0.010053496260178214
fold3_stack_global_C0.001_20260912,3,stack_global_C0.001,20260912,medio,b20_ctx8,alto,0.014919609592417947
fold3_stack_global_C0.001_20260912,3,stack_global_C0.001,20260912,medio,b21_ctx1,bajo,0.013063706348734355
fold3_stack_global_C0.001_20260912,3,stack_global_C0.001,20260912,medio,b21_ctx1,medio,-0.002952495053461831
fold3_stack_global_C0.001_20260912,3,stack_global_C0.001,20260912,medio,b21_ctx1,alto,-0.012912734447164332
fold3_stack_global_C0.001_20260912,3,stack_global_C0.001,20260912,medio,b21_ctx8,bajo,0.008414379636158818
fold3_stack_global_C0.001_20260912,3,stack_global_C0.001,20260912,medio,b21_ctx8,medio,0.011059651976502948
fold3_stack_global_C0.001_20260912,3,stack_global_C0.001,20260912,medio,b21_ctx8,alto,-0.023342803561226123
fold3_stack_global_C0.01_20260912,3,stack_global_C0.01,20260912,alto,b15_ctx1,bajo,-0.023071299496969226
fold3_stack_global_C0.01_20260912,3,stack_global_C0.01,20260912,alto,b15_ctx1,medio,0.004026733141011059
fold3_stack_global_C0.01_20260912,3,stack_global_C0.01,20260912,alto,b15_ctx1,alto,0.02409904933771746
fold3_stack_global_C0.01_20260912,3,stack_global_C0.01,20260912,alto,b15_ctx8,bajo,-0.03862517038810106
fold3_stack_global_C0.01_20260912,3,stack_global_C0.01,20260912,alto,b15_ctx8,medio,0.00928042725143269
fold3_stack_global_C0.01_20260912,3,stack_global_C0.01,20260912,alto,b15_ctx8,alto,0.036369882054268235
fold3_stack_global_C0.01_20260912,3,stack_global_C0.01,20260912,alto,b16_ctx1,bajo,-0.044793582396551034
fold3_stack_global_C0.01_20260912,3,stack_global_C0.01,20260912,alto,b16_ctx1,medio,-0.013947555203434455
fold3_stack_global_C0.01_20260912,3,stack_global_C0.01,20260912,alto,b16_ctx1,alto,0.07636351348829212
fold3_stack_global_C0.01_20260912,3,stack_global_C0.01,20260912,alto,b16_ctx8,bajo,-0.014290660840444686
fold3_stack_global_C0.01_20260912,3,stack_global_C0.01,20260912,alto,b16_ctx8,medio,0.001254766036357804
fold3_stack_global_C0.01_20260912,3,stack_global_C0.01,20260912,alto,b16_ctx8,alto,0.016180657005528655
fold3_stack_global_C0.01_20260912,3,stack_global_C0.01,20260912,alto,b17_ctx1,bajo,0.011387705103396255
fold3_stack_global_C0.01_20260912,3,stack_global_C0.01,20260912,alto,b17_ctx1,medio,-0.019621566579960992
fold3_stack_global_C0.01_20260912,3,stack_global_C0.01,20260912,alto,b17_ctx1,alto,0.010046420432669062
fold3_stack_global_C0.01_20260912,3,stack_global_C0.01,20260912,alto,b17_ctx8,bajo,-0.01781271851407148
fold3_stack_global_C0.01_20260912,3,stack_global_C0.01,20260912,alto,b17_ctx8,medio,0.054225363387351816
fold3_stack_global_C0.01_20260912,3,stack_global_C0.01,20260912,alto,b17_ctx8,alto,-0.03930739944832054
fold3_stack_global_C0.01_20260912,3,stack_global_C0.01,20260912,alto,b18_ctx1,bajo,0.07476606748079334
fold3_stack_global_C0.01_20260912,3,stack_global_C0.01,20260912,alto,b18_ctx1,medio,-0.05262987722670397
fold3_stack_global_C0.01_20260912,3,stack_global_C0.01,20260912,alto,b18_ctx1,alto,-0.028656968062417836
fold3_stack_global_C0.01_20260912,3,stack_global_C0.01,20260912,alto,b18_ctx8,bajo,0.03525642530150794
fold3_stack_global_C0.01_20260912,3,stack_global_C0.01,20260912,alto,b18_ctx8,medio,-0.10259387088392226
fold3_stack_global_C0.01_20260912,3,stack_global_C0.01,20260912,alto,b18_ctx8,alto,0.0748407365732733
fold3_stack_global_C0.01_20260912,3,stack_global_C0.01,20260912,alto,b19_ctx1,bajo,-0.03485865622578799
fold3_stack_global_C0.01_20260912,3,stack_global_C0.01,20260912,alto,b19_ctx1,medio,0.05411571592429228
fold3_stack_global_C0.01_20260912,3,stack_global_C0.01,20260912,alto,b19_ctx1,alto,-0.022548054830479503
fold3_stack_global_C0.01_20260912,3,stack_global_C0.01,20260912,alto,b19_ctx8,bajo,-0.013385869983503596
fold3_stack_global_C0.01_20260912,3,stack_global_C0.01,20260912,alto,b19_ctx8,medio,0.05558972335972512
fold3_stack_global_C0.01_20260912,3,stack_global_C0.01,20260912,alto,b19_ctx8,alto,-0.04709756469644253
fold3_stack_global_C0.01_20260912,3,stack_global_C0.01,20260912,alto,b20_ctx1,bajo,0.006757710635912197
fold3_stack_global_C0.01_20260912,3,stack_global_C0.01,20260912,alto,b20_ctx1,medio,0.028623043453193685
fold3_stack_global_C0.01_20260912,3,stack_global_C0.01,20260912,alto,b20_ctx1,alto,-0.04898429383200451
fold3_stack_global_C0.01_20260912,3,stack_global_C0.01,20260912,alto,b20_ctx8,bajo,-0.023921138208225192
fold3_stack_global_C0.01_20260912,3,stack_global_C0.01,20260912,alto,b20_ctx8,medio,0.05908992352778772
fold3_stack_global_C0.01_20260912,3,stack_global_C0.01,20260912,alto,b20_ctx8,alto,-0.04101410764253044
fold3_stack_global_C0.01_20260912,3,stack_global_C0.01,20260912,alto,b21_ctx1,bajo,0.04774957214848524
fold3_stack_global_C0.01_20260912,3,stack_global_C0.01,20260912,alto,b21_ctx1,medio,-0.01645284545406961
fold3_stack_global_C0.01_20260912,3,stack_global_C0.01,20260912,alto,b21_ctx1,alto,-0.03934115878903589
fold3_stack_global_C0.01_20260912,3,stack_global_C0.01,20260912,alto,b21_ctx8,bajo,0.09550267464620966
fold3_stack_global_C0.01_20260912,3,stack_global_C0.01,20260912,alto,b21_ctx8,medio,-0.08952933758863528
fold3_stack_global_C0.01_20260912,3,stack_global_C0.01,20260912,alto,b21_ctx8,alto,0.00012763089910252198
fold3_stack_global_C0.01_20260912,3,stack_global_C0.01,20260912,bajo,b15_ctx1,bajo,0.006142025302690035
fold3_stack_global_C0.01_20260912,3,stack_global_C0.01,20260912,bajo,b15_ctx1,medio,-0.02326008602134505
fold3_stack_global_C0.01_20260912,3,stack_global_C0.01,20260912,bajo,b15_ctx1,alto,0.022408980849384377
fold3_stack_global_C0.01_20260912,3,stack_global_C0.01,20260912,bajo,b15_ctx8,bajo,-0.007846480244674705
fold3_stack_global_C0.01_20260912,3,stack_global_C0.01,20260912,bajo,b15_ctx8,medio,0.029346369784405777
fold3_stack_global_C0.01_20260912,3,stack_global_C0.01,20260912,bajo,b15_ctx8,alto,-0.02413857780277138
fold3_stack_global_C0.01_20260912,3,stack_global_C0.01,20260912,bajo,b16_ctx1,bajo,0.017262969288774813
fold3_stack_global_C0.01_20260912,3,stack_global_C0.01,20260912,bajo,b16_ctx1,medio,0.017857722024101987
fold3_stack_global_C0.01_20260912,3,stack_global_C0.01,20260912,bajo,b16_ctx1,alto,-0.04540952033565617
fold3_stack_global_C0.01_20260912,3,stack_global_C0.01,20260912,bajo,b16_ctx8,bajo,0.010548093688632425
fold3_stack_global_C0.01_20260912,3,stack_global_C0.01,20260912,bajo,b16_ctx8,medio,-0.032612000385678803
fold3_stack_global_C0.01_20260912,3,stack_global_C0.01,20260912,bajo,b16_ctx8,alto,0.023625459030786906
fold3_stack_global_C0.01_20260912,3,stack_global_C0.01,20260912,bajo,b17_ctx1,bajo,-0.050296481935149094
fold3_stack_global_C0.01_20260912,3,stack_global_C0.01,20260912,bajo,b17_ctx1,medio,0.03495014435640532
fold3_stack_global_C0.01_20260912,3,stack_global_C0.01,20260912,bajo,b17_ctx1,alto,0.02111790236917018
fold3_stack_global_C0.01_20260912,3,stack_global_C0.01,20260912,bajo,b17_ctx8,bajo,0.0020895155644098653
fold3_stack_global_C0.01_20260912,3,stack_global_C0.01,20260912,bajo,b17_ctx8,medio,-0.04775015187874377
fold3_stack_global_C0.01_20260912,3,stack_global_C0.01,20260912,bajo,b17_ctx8,alto,0.05134704279874357
fold3_stack_global_C0.01_20260912,3,stack_global_C0.01,20260912,bajo,b18_ctx1,bajo,-0.07987953317220342
fold3_stack_global_C0.01_20260912,3,stack_global_C0.01,20260912,bajo,b18_ctx1,medio,0.03076383133063326
fold3_stack_global_C0.01_20260912,3,stack_global_C0.01,20260912,bajo,b18_ctx1,alto,0.06458648875775792
fold3_stack_global_C0.01_20260912,3,stack_global_C0.01,20260912,bajo,b18_ctx8,bajo,-0.08000238785669482
fold3_stack_global_C0.01_20260912,3,stack_global_C0.01,20260912,bajo,b18_ctx8,medio,0.10331433880689112
fold3_stack_global_C0.01_20260912,3,stack_global_C0.01,20260912,bajo,b18_ctx8,alto,-0.020870919798054183
fold3_stack_global_C0.01_20260912,3,stack_global_C0.01,20260912,bajo,b19_ctx1,bajo,0.08105063528796251
fold3_stack_global_C0.01_20260912,3,stack_global_C0.01,20260912,bajo,b19_ctx1,medio,-0.029660990223326047
fold3_stack_global_C0.01_20260912,3,stack_global_C0.01,20260912,bajo,b19_ctx1,alto,-0.07835373047063862
fold3_stack_global_C0.01_20260912,3,stack_global_C0.01,20260912,bajo,b19_ctx8,bajo,0.118381567950935
fold3_stack_global_C0.01_20260912,3,stack_global_C0.01,20260912,bajo,b19_ctx8,medio,-0.06354865609106239
fold3_stack_global_C0.01_20260912,3,stack_global_C0.01,20260912,bajo,b19_ctx8,alto,-0.07632514810608725
fold3_stack_global_C0.01_20260912,3,stack_global_C0.01,20260912,bajo,b20_ctx1,bajo,0.03476861070776191
fold3_stack_global_C0.01_20260912,3,stack_global_C0.01,20260912,bajo,b20_ctx1,medio,-0.06094134422682615
fold3_stack_global_C0.01_20260912,3,stack_global_C0.01,20260912,bajo,b20_ctx1,alto,0.037652327733639974
fold3_stack_global_C0.01_20260912,3,stack_global_C0.01,20260912,bajo,b20_ctx8,bajo,0.09089488809604149
fold3_stack_global_C0.01_20260912,3,stack_global_C0.01,20260912,bajo,b20_ctx8,medio,-0.07366913838332768
fold3_stack_global_C0.01_20260912,3,stack_global_C0.01,20260912,bajo,b20_ctx8,alto,-0.023279573182233657
fold3_stack_global_C0.01_20260912,3,stack_global_C0.01,20260912,bajo,b21_ctx1,bajo,-0.07846428551809775
fold3_stack_global_C0.01_20260912,3,stack_global_C0.01,20260912,bajo,b21_ctx1,medio,0.0323499743222337
fold3_stack_global_C0.01_20260912,3,stack_global_C0.01,20260912,bajo,b21_ctx1,alto,0.057272430994315254
fold3_stack_global_C0.01_20260912,3,stack_global_C0.01,20260912,bajo,b21_ctx8,bajo,-0.12692860954885382
fold3_stack_global_C0.01_20260912,3,stack_global_C0.01,20260912,bajo,b21_ctx8,medio,0.053820071025037615
fold3_stack_global_C0.01_20260912,3,stack_global_C0.01,20260912,bajo,b21_ctx8,alto,0.0801552193534052
fold3_stack_global_C0.01_20260912,3,stack_global_C0.01,20260912,medio,b15_ctx1,bajo,0.0169292741942796
fold3_stack_global_C0.01_20260912,3,stack_global_C0.01,20260912,medio,b15_ctx1,medio,0.019233352880333714
fold3_stack_global_C0.01_20260912,3,stack_global_C0.01,20260912,medio,b15_ctx1,alto,-0.04650803018710183
fold3_stack_global_C0.01_20260912,3,stack_global_C0.01,20260912,medio,b15_ctx8,bajo,0.04647165063277583
fold3_stack_global_C0.01_20260912,3,stack_global_C0.01,20260912,medio,b15_ctx8,medio,-0.038626797035838434
fold3_stack_global_C0.01_20260912,3,stack_global_C0.01,20260912,medio,b15_ctx8,alto,-0.01223130425149669
fold3_stack_global_C0.01_20260912,3,stack_global_C0.01,20260912,medio,b16_ctx1,bajo,0.027530613107776023
fold3_stack_global_C0.01_20260912,3,stack_global_C0.01,20260912,medio,b16_ctx1,medio,-0.003910166820667044
fold3_stack_global_C0.01_20260912,3,stack_global_C0.01,20260912,medio,b16_ctx1,alto,-0.03095399315263612
fold3_stack_global_C0.01_20260912,3,stack_global_C0.01,20260912,medio,b16_ctx8,bajo,0.0037425671518123292
fold3_stack_global_C0.01_20260912,3,stack_global_C0.01,20260912,medio,b16_ctx8,medio,0.03135723434932063
fold3_stack_global_C0.01_20260912,3,stack_global_C0.01,20260912,medio,b16_ctx8,alto,-0.03980611603631548
fold3_stack_global_C0.01_20260912,3,stack_global_C0.01,20260912,medio,b17_ctx1,bajo,0.038908776831752714
fold3_stack_global_C0.01_20260912,3,stack_global_C0.01,20260912,medio,b17_ctx1,medio,-0.015328577776444233
fold3_stack_global_C0.01_20260912,3,stack_global_C0.01,20260912,medio,b17_ctx1,alto,-0.031164322801839447
fold3_stack_global_C0.01_20260912,3,stack_global_C0.01,20260912,medio,b17_ctx8,bajo,0.015723202949661754
fold3_stack_global_C0.01_20260912,3,stack_global_C0.01,20260912,medio,b17_ctx8,medio,-0.006475211508608078
fold3_stack_global_C0.01_20260912,3,stack_global_C0.01,20260912,medio,b17_ctx8,alto,-0.012039643350424001
fold3_stack_global_C0.01_20260912,3,stack_global_C0.01,20260912,medio,b18_ctx1,bajo,0.005113465691410291
fold3_stack_global_C0.01_20260912,3,stack_global_C0.01,20260912,medio,b18_ctx1,medio,0.021866045896070583
fold3_stack_global_C0.01_20260912,3,stack_global_C0.01,20260912,medio,b18_ctx1,alto,-0.0359295206953402
fold3_stack_global_C0.01_20260912,3,stack_global_C0.01,20260912,medio,b18_ctx8,bajo,0.04474596255518617
fold3_stack_global_C0.01_20260912,3,stack_global_C0.01,20260912,medio,b18_ctx8,medio,-0.000720467922968154
fold3_stack_global_C0.01_20260912,3,stack_global_C0.01,20260912,medio,b18_ctx8,alto,-0.053969816775218844
fold3_stack_global_C0.01_20260912,3,stack_global_C0.01,20260912,medio,b19_ctx1,bajo,-0.046191979062174704
fold3_stack_global_C0.01_20260912,3,stack_global_C0.01,20260912,medio,b19_ctx1,medio,-0.024454725700966632
fold3_stack_global_C0.01_20260912,3,stack_global_C0.01,20260912,medio,b19_ctx1,alto,0.10090178530111793
fold3_stack_global_C0.01_20260912,3,stack_global_C0.01,20260912,medio,b19_ctx8,bajo,-0.1049956979674311
fold3_stack_global_C0.01_20260912,3,stack_global_C0.01,20260912,medio,b19_ctx8,medio,0.007958932731337036
fold3_stack_global_C0.01_20260912,3,stack_global_C0.01,20260912,medio,b19_ctx8,alto,0.12342271280253013
fold3_stack_global_C0.01_20260912,3,stack_global_C0.01,20260912,medio,b20_ctx1,bajo,-0.041526321343674163
fold3_stack_global_C0.01_20260912,3,stack_global_C0.01,20260912,medio,b20_ctx1,medio,0.032318300773631674
fold3_stack_global_C0.01_20260912,3,stack_global_C0.01,20260912,medio,b20_ctx1,alto,0.011331966098364683
fold3_stack_global_C0.01_20260912,3,stack_global_C0.01,20260912,medio,b20_ctx8,bajo,-0.06697374988781692
fold3_stack_global_C0.01_20260912,3,stack_global_C0.01,20260912,medio,b20_ctx8,medio,0.014579214855540087
fold3_stack_global_C0.01_20260912,3,stack_global_C0.01,20260912,medio,b20_ctx8,alto,0.06429368082476392
fold3_stack_global_C0.01_20260912,3,stack_global_C0.01,20260912,medio,b21_ctx1,bajo,0.0307147133696124
fold3_stack_global_C0.01_20260912,3,stack_global_C0.01,20260912,medio,b21_ctx1,medio,-0.015897128868164443
fold3_stack_global_C0.01_20260912,3,stack_global_C0.01,20260912,medio,b21_ctx1,alto,-0.017931272205279795
fold3_stack_global_C0.01_20260912,3,stack_global_C0.01,20260912,medio,b21_ctx8,bajo,0.03142593490264405
fold3_stack_global_C0.01_20260912,3,stack_global_C0.01,20260912,medio,b21_ctx8,medio,0.03570926656359857
fold3_stack_global_C0.01_20260912,3,stack_global_C0.01,20260912,medio,b21_ctx8,alto,-0.080282850252508
fold3_stack_global_C0.1_20260912,3,stack_global_C0.1,20260912,alto,b15_ctx1,bajo,0.062345360186906305
fold3_stack_global_C0.1_20260912,3,stack_global_C0.1,20260912,alto,b15_ctx1,medio,-0.0883265755926616
fold3_stack_global_C0.1_20260912,3,stack_global_C0.1,20260912,alto,b15_ctx1,alto,0.03548660256682842
fold3_stack_global_C0.1_20260912,3,stack_global_C0.1,20260912,alto,b15_ctx8,bajo,-0.012026899265728258
fold3_stack_global_C0.1_20260912,3,stack_global_C0.1,20260912,alto,b15_ctx8,medio,-0.07651822089046906
fold3_stack_global_C0.1_20260912,3,stack_global_C0.1,20260912,alto,b15_ctx8,alto,0.1024894555512027
fold3_stack_global_C0.1_20260912,3,stack_global_C0.1,20260912,alto,b16_ctx1,bajo,-0.07895711547583681
fold3_stack_global_C0.1_20260912,3,stack_global_C0.1,20260912,alto,b16_ctx1,medio,-0.09835037832961252
fold3_stack_global_C0.1_20260912,3,stack_global_C0.1,20260912,alto,b16_ctx1,alto,0.2290378425226564
fold3_stack_global_C0.1_20260912,3,stack_global_C0.1,20260912,alto,b16_ctx8,bajo,0.07206295334912653
fold3_stack_global_C0.1_20260912,3,stack_global_C0.1,20260912,alto,b16_ctx8,medio,-0.16484267170723818
fold3_stack_global_C0.1_20260912,3,stack_global_C0.1,20260912,alto,b16_ctx8,alto,0.09634597867991805
fold3_stack_global_C0.1_20260912,3,stack_global_C0.1,20260912,alto,b17_ctx1,bajo,-0.035520723634198406
fold3_stack_global_C0.1_20260912,3,stack_global_C0.1,20260912,alto,b17_ctx1,medio,0.020232373451810275
fold3_stack_global_C0.1_20260912,3,stack_global_C0.1,20260912,alto,b17_ctx1,alto,0.020550025830047974
fold3_stack_global_C0.1_20260912,3,stack_global_C0.1,20260912,alto,b17_ctx8,bajo,-0.15510097965966313
fold3_stack_global_C0.1_20260912,3,stack_global_C0.1,20260912,alto,b17_ctx8,medio,0.36747020485142556
fold3_stack_global_C0.1_20260912,3,stack_global_C0.1,20260912,alto,b17_ctx8,alto,-0.22405083864920516
fold3_stack_global_C0.1_20260912,3,stack_global_C0.1,20260912,alto,b18_ctx1,bajo,0.15887890914496094
fold3_stack_global_C0.1_20260912,3,stack_global_C0.1,20260912,alto,b18_ctx1,medio,-0.05356375435751947
fold3_stack_global_C0.1_20260912,3,stack_global_C0.1,20260912,alto,b18_ctx1,alto,-0.13863255390330276
fold3_stack_global_C0.1_20260912,3,stack_global_C0.1,20260912,alto,b18_ctx8,bajo,0.10267733399493242
fold3_stack_global_C0.1_20260912,3,stack_global_C0.1,20260912,alto,b18_ctx8,medio,-0.2861263665607943
fold3_stack_global_C0.1_20260912,3,stack_global_C0.1,20260912,alto,b18_ctx8,alto,0.203397882772459
fold3_stack_global_C0.1_20260912,3,stack_global_C0.1,20260912,alto,b19_ctx1,bajo,-0.08521496699168367
fold3_stack_global_C0.1_20260912,3,stack_global_C0.1,20260912,alto,b19_ctx1,medio,0.13021147560925272
fold3_stack_global_C0.1_20260912,3,stack_global_C0.1,20260912,alto,b19_ctx1,alto,-0.05229324990981116
fold3_stack_global_C0.1_20260912,3,stack_global_C0.1,20260912,alto,b19_ctx8,bajo,0.018542120692723905
fold3_stack_global_C0.1_20260912,3,stack_global_C0.1,20260912,alto,b19_ctx8,medio,0.02225612310074655
fold3_stack_global_C0.1_20260912,3,stack_global_C0.1,20260912,alto,b19_ctx8,alto,-0.04903817401553493
fold3_stack_global_C0.1_20260912,3,stack_global_C0.1,20260912,alto,b20_ctx1,bajo,-0.011860291247106127
fold3_stack_global_C0.1_20260912,3,stack_global_C0.1,20260912,alto,b20_ctx1,medio,0.08697093969025727
fold3_stack_global_C0.1_20260912,3,stack_global_C0.1,20260912,alto,b20_ctx1,alto,-0.10492334917476262
fold3_stack_global_C0.1_20260912,3,stack_global_C0.1,20260912,alto,b20_ctx8,bajo,-0.15413236324160307
fold3_stack_global_C0.1_20260912,3,stack_global_C0.1,20260912,alto,b20_ctx8,medio,0.32280224413603736
fold3_stack_global_C0.1_20260912,3,stack_global_C0.1,20260912,alto,b20_ctx8,alto,-0.19547874590511807
fold3_stack_global_C0.1_20260912,3,stack_global_C0.1,20260912,alto,b21_ctx1,bajo,0.03540147887372068
fold3_stack_global_C0.1_20260912,3,stack_global_C0.1,20260912,alto,b21_ctx1,medio,-0.011156333339283923
fold3_stack_global_C0.1_20260912,3,stack_global_C0.1,20260912,alto,b21_ctx1,alto,-0.030613308680567008
fold3_stack_global_C0.1_20260912,3,stack_global_C0.1,20260912,alto,b21_ctx8,bajo,0.15908861792516585
fold3_stack_global_C0.1_20260912,3,stack_global_C0.1,20260912,alto,b21_ctx8,medio,-0.20868188413835276
fold3_stack_global_C0.1_20260912,3,stack_global_C0.1,20260912,alto,b21_ctx8,alto,0.07360317862790086
fold3_stack_global_C0.1_20260912,3,stack_global_C0.1,20260912,bajo,b15_ctx1,bajo,-0.13132202308615412
fold3_stack_global_C0.1_20260912,3,stack_global_C0.1,20260912,bajo,b15_ctx1,medio,0.0493185328239491
fold3_stack_global_C0.1_20260912,3,stack_global_C0.1,20260912,bajo,b15_ctx1,alto,0.1028778314519696
fold3_stack_global_C0.1_20260912,3,stack_global_C0.1,20260912,bajo,b15_ctx8,bajo,-0.2183014846826172
fold3_stack_global_C0.1_20260912,3,stack_global_C0.1,20260912,bajo,b15_ctx8,medio,0.25805017401162833
fold3_stack_global_C0.1_20260912,3,stack_global_C0.1,20260912,bajo,b15_ctx8,alto,-0.03048441283329579
fold3_stack_global_C0.1_20260912,3,stack_global_C0.1,20260912,bajo,b16_ctx1,bajo,-0.0048283493295872915
fold3_stack_global_C0.1_20260912,3,stack_global_C0.1,20260912,bajo,b16_ctx1,medio,0.09577555333436906
fold3_stack_global_C0.1_20260912,3,stack_global_C0.1,20260912,bajo,b16_ctx1,alto,-0.11630337870073895
fold3_stack_global_C0.1_20260912,3,stack_global_C0.1,20260912,bajo,b16_ctx8,bajo,-0.08407961214209343
fold3_stack_global_C0.1_20260912,3,stack_global_C0.1,20260912,bajo,b16_ctx8,medio,-0.03154513311037453
fold3_stack_global_C0.1_20260912,3,stack_global_C0.1,20260912,bajo,b16_ctx8,alto,0.13889719473795276
fold3_stack_global_C0.1_20260912,3,stack_global_C0.1,20260912,bajo,b17_ctx1,bajo,-0.068309518450923
fold3_stack_global_C0.1_20260912,3,stack_global_C0.1,20260912,bajo,b17_ctx1,medio,0.08087939512476
fold3_stack_global_C0.1_20260912,3,stack_global_C0.1,20260912,bajo,b17_ctx1,alto,-0.013632843957083142
fold3_stack_global_C0.1_20260912,3,stack_global_C0.1,20260912,bajo,b17_ctx8,bajo,0.1630942619974035
fold3_stack_global_C0.1_20260912,3,stack_global_C0.1,20260912,bajo,b17_ctx8,medio,-0.29453865143683
fold3_stack_global_C0.1_20260912,3,stack_global_C0.1,20260912,bajo,b17_ctx8,alto,0.13185994051320962
fold3_stack_global_C0.1_20260912,3,stack_global_C0.1,20260912,bajo,b18_ctx1,bajo,-0.10951338490116846
fold3_stack_global_C0.1_20260912,3,stack_global_C0.1,20260912,bajo,b18_ctx1,medio,-0.004697985561893752
fold3_stack_global_C0.1_20260912,3,stack_global_C0.1,20260912,bajo,b18_ctx1,alto,0.15107497796370503
fold3_stack_global_C0.1_20260912,3,stack_global_C0.1,20260912,bajo,b18_ctx8,bajo,-0.18458852398938316
fold3_stack_global_C0.1_20260912,3,stack_global_C0.1,20260912,bajo,b18_ctx8,medio,0.29602176895681287
fold3_stack_global_C0.1_20260912,3,stack_global_C0.1,20260912,bajo,b18_ctx8,alto,-0.1144675886480903
fold3_stack_global_C0.1_20260912,3,stack_global_C0.1,20260912,bajo,b19_ctx1,bajo,0.2032944876862218
fold3_stack_global_C0.1_20260912,3,stack_global_C0.1,20260912,bajo,b19_ctx1,medio,-0.11029795053028596
fold3_stack_global_C0.1_20260912,3,stack_global_C0.1,20260912,bajo,b19_ctx1,alto,-0.14770577448307215
fold3_stack_global_C0.1_20260912,3,stack_global_C0.1,20260912,bajo,b19_ctx8,bajo,0.18742484882016142
fold3_stack_global_C0.1_20260912,3,stack_global_C0.1,20260912,bajo,b19_ctx8,medio,-0.03560976224058081
fold3_stack_global_C0.1_20260912,3,stack_global_C0.1,20260912,bajo,b19_ctx8,alto,-0.19567752289624546
fold3_stack_global_C0.1_20260912,3,stack_global_C0.1,20260912,bajo,b20_ctx1,bajo,0.10677769814019604
fold3_stack_global_C0.1_20260912,3,stack_global_C0.1,20260912,bajo,b20_ctx1,medio,-0.16676686039052288
fold3_stack_global_C0.1_20260912,3,stack_global_C0.1,20260912,bajo,b20_ctx1,alto,0.08726570766003565
fold3_stack_global_C0.1_20260912,3,stack_global_C0.1,20260912,bajo,b20_ctx8,bajo,0.3378047626274451
fold3_stack_global_C0.1_20260912,3,stack_global_C0.1,20260912,bajo,b20_ctx8,medio,-0.3436000427945882
fold3_stack_global_C0.1_20260912,3,stack_global_C0.1,20260912,bajo,b20_ctx8,alto,-0.0036231835829058762
fold3_stack_global_C0.1_20260912,3,stack_global_C0.1,20260912,bajo,b21_ctx1,bajo,-0.08127878234524609
fold3_stack_global_C0.1_20260912,3,stack_global_C0.1,20260912,bajo,b21_ctx1,medio,0.06483741501317633
fold3_stack_global_C0.1_20260912,3,stack_global_C0.1,20260912,bajo,b21_ctx1,alto,0.01585034298061829
fold3_stack_global_C0.1_20260912,3,stack_global_C0.1,20260912,bajo,b21_ctx8,bajo,-0.2092105806655353
fold3_stack_global_C0.1_20260912,3,stack_global_C0.1,20260912,bajo,b21_ctx8,medio,0.12378084082469963
fold3_stack_global_C0.1_20260912,3,stack_global_C0.1,20260912,bajo,b21_ctx8,alto,0.08888852244338613
fold3_stack_global_C0.1_20260912,3,stack_global_C0.1,20260912,medio,b15_ctx1,bajo,0.06897666289924916
fold3_stack_global_C0.1_20260912,3,stack_global_C0.1,20260912,medio,b15_ctx1,medio,0.03900804276871242
fold3_stack_global_C0.1_20260912,3,stack_global_C0.1,20260912,medio,b15_ctx1,alto,-0.1383644340188007
fold3_stack_global_C0.1_20260912,3,stack_global_C0.1,20260912,medio,b15_ctx8,bajo,0.23032838394834218
fold3_stack_global_C0.1_20260912,3,stack_global_C0.1,20260912,medio,b15_ctx8,medio,-0.18153195312116105
fold3_stack_global_C0.1_20260912,3,stack_global_C0.1,20260912,medio,b15_ctx8,alto,-0.0720050427179086
fold3_stack_global_C0.1_20260912,3,stack_global_C0.1,20260912,medio,b16_ctx1,bajo,0.08378546480542474
fold3_stack_global_C0.1_20260912,3,stack_global_C0.1,20260912,medio,b16_ctx1,medio,0.002574824995243912
fold3_stack_global_C0.1_20260912,3,stack_global_C0.1,20260912,medio,b16_ctx1,alto,-0.11273446382191667
fold3_stack_global_C0.1_20260912,3,stack_global_C0.1,20260912,medio,b16_ctx8,bajo,0.012016658792964385
fold3_stack_global_C0.1_20260912,3,stack_global_C0.1,20260912,medio,b16_ctx8,medio,0.1963878048176089
fold3_stack_global_C0.1_20260912,3,stack_global_C0.1,20260912,medio,b16_ctx8,alto,-0.23524317341787065
fold3_stack_global_C0.1_20260912,3,stack_global_C0.1,20260912,medio,b17_ctx1,bajo,0.10383024208511996
fold3_stack_global_C0.1_20260912,3,stack_global_C0.1,20260912,medio,b17_ctx1,medio,-0.10111176857657181
fold3_stack_global_C0.1_20260912,3,stack_global_C0.1,20260912,medio,b17_ctx1,alto,-0.006917181872966799
fold3_stack_global_C0.1_20260912,3,stack_global_C0.1,20260912,medio,b17_ctx8,bajo,-0.00799328233774115
fold3_stack_global_C0.1_20260912,3,stack_global_C0.1,20260912,medio,b17_ctx8,medio,-0.07293155341459552
fold3_stack_global_C0.1_20260912,3,stack_global_C0.1,20260912,medio,b17_ctx8,alto,0.09219089813599442
fold3_stack_global_C0.1_20260912,3,stack_global_C0.1,20260912,medio,b18_ctx1,bajo,-0.04936552424379098
fold3_stack_global_C0.1_20260912,3,stack_global_C0.1,20260912,medio,b18_ctx1,medio,0.0582617399194128
fold3_stack_global_C0.1_20260912,3,stack_global_C0.1,20260912,medio,b18_ctx1,alto,-0.012442424060402735
fold3_stack_global_C0.1_20260912,3,stack_global_C0.1,20260912,medio,b18_ctx8,bajo,0.08191118999445147
fold3_stack_global_C0.1_20260912,3,stack_global_C0.1,20260912,medio,b18_ctx8,medio,-0.009895402396011126
fold3_stack_global_C0.1_20260912,3,stack_global_C0.1,20260912,medio,b18_ctx8,alto,-0.08893029412436995
fold3_stack_global_C0.1_20260912,3,stack_global_C0.1,20260912,medio,b19_ctx1,bajo,-0.11807952069454404
fold3_stack_global_C0.1_20260912,3,stack_global_C0.1,20260912,medio,b19_ctx1,medio,-0.019913525078968344
fold3_stack_global_C0.1_20260912,3,stack_global_C0.1,20260912,medio,b19_ctx1,alto,0.1999990243928838
fold3_stack_global_C0.1_20260912,3,stack_global_C0.1,20260912,medio,b19_ctx8,bajo,-0.20596696951288865
fold3_stack_global_C0.1_20260912,3,stack_global_C0.1,20260912,medio,b19_ctx8,medio,0.013353639139834051
fold3_stack_global_C0.1_20260912,3,stack_global_C0.1,20260912,medio,b19_ctx8,alto,0.2447156969117824
fold3_stack_global_C0.1_20260912,3,stack_global_C0.1,20260912,medio,b20_ctx1,bajo,-0.09491740689308782
fold3_stack_global_C0.1_20260912,3,stack_global_C0.1,20260912,medio,b20_ctx1,medio,0.0797959207002623
fold3_stack_global_C0.1_20260912,3,stack_global_C0.1,20260912,medio,b20_ctx1,alto,0.01765764151472527
fold3_stack_global_C0.1_20260912,3,stack_global_C0.1,20260912,medio,b20_ctx8,bajo,-0.18367239938583932
fold3_stack_global_C0.1_20260912,3,stack_global_C0.1,20260912,medio,b20_ctx8,medio,0.020797798658550224
fold3_stack_global_C0.1_20260912,3,stack_global_C0.1,20260912,medio,b20_ctx8,alto,0.1991019294880239
fold3_stack_global_C0.1_20260912,3,stack_global_C0.1,20260912,medio,b21_ctx1,bajo,0.04587730347152361
fold3_stack_global_C0.1_20260912,3,stack_global_C0.1,20260912,medio,b21_ctx1,medio,-0.053681081673891344
fold3_stack_global_C0.1_20260912,3,stack_global_C0.1,20260912,medio,b21_ctx1,alto,0.014762965699947362
fold3_stack_global_C0.1_20260912,3,stack_global_C0.1,20260912,medio,b21_ctx8,bajo,0.05012196274036944
fold3_stack_global_C0.1_20260912,3,stack_global_C0.1,20260912,medio,b21_ctx8,medio,0.08490104331365043
fold3_stack_global_C0.1_20260912,3,stack_global_C0.1,20260912,medio,b21_ctx8,alto,-0.16249170107128383
fold3_stack_participant_C0.001_20260912,3,stack_participant_C0.001,20260912,alto,b15_ctx1,bajo,-0.004805719735920287
fold3_stack_participant_C0.001_20260912,3,stack_participant_C0.001,20260912,alto,b15_ctx1,medio,0.0023864357353214328
fold3_stack_participant_C0.001_20260912,3,stack_participant_C0.001,20260912,alto,b15_ctx1,alto,0.003009212493256414
fold3_stack_participant_C0.001_20260912,3,stack_participant_C0.001,20260912,alto,b15_ctx8,bajo,-0.019361794586450876
fold3_stack_participant_C0.001_20260912,3,stack_participant_C0.001,20260912,alto,b15_ctx8,medio,0.017576831308870392
fold3_stack_participant_C0.001_20260912,3,stack_participant_C0.001,20260912,alto,b15_ctx8,alto,0.0033928786117738475
fold3_stack_participant_C0.001_20260912,3,stack_participant_C0.001,20260912,alto,b16_ctx1,bajo,-0.010371711688941708
fold3_stack_participant_C0.001_20260912,3,stack_participant_C0.001,20260912,alto,b16_ctx1,medio,-0.0015585164494297163
fold3_stack_participant_C0.001_20260912,3,stack_participant_C0.001,20260912,alto,b16_ctx1,alto,0.015542421623606747
fold3_stack_participant_C0.001_20260912,3,stack_participant_C0.001,20260912,alto,b16_ctx8,bajo,-0.017901730428937886
fold3_stack_participant_C0.001_20260912,3,stack_participant_C0.001,20260912,alto,b16_ctx8,medio,0.015247009552344128
fold3_stack_participant_C0.001_20260912,3,stack_participant_C0.001,20260912,alto,b16_ctx8,alto,0.0049183887118792865
fold3_stack_participant_C0.001_20260912,3,stack_participant_C0.001,20260912,alto,b17_ctx1,bajo,0.0017043868568682617
fold3_stack_participant_C0.001_20260912,3,stack_participant_C0.001,20260912,alto,b17_ctx1,medio,-0.010275375365818157
fold3_stack_participant_C0.001_20260912,3,stack_participant_C0.001,20260912,alto,b17_ctx1,alto,0.0107973955713505
fold3_stack_participant_C0.001_20260912,3,stack_participant_C0.001,20260912,alto,b17_ctx8,bajo,-0.007163929426678899
fold3_stack_participant_C0.001_20260912,3,stack_participant_C0.001,20260912,alto,b17_ctx8,medio,0.003704419114301578
fold3_stack_participant_C0.001_20260912,3,stack_participant_C0.001,20260912,alto,b17_ctx8,alto,0.004634042749179698
fold3_stack_participant_C0.001_20260912,3,stack_participant_C0.001,20260912,alto,b18_ctx1,bajo,0.014969713742789652
fold3_stack_participant_C0.001_20260912,3,stack_participant_C0.001,20260912,alto,b18_ctx1,medio,-0.01970606417380391
fold3_stack_participant_C0.001_20260912,3,stack_participant_C0.001,20260912,alto,b18_ctx1,alto,0.006492500140897926
fold3_stack_participant_C0.001_20260912,3,stack_participant_C0.001,20260912,alto,b18_ctx8,bajo,0.0023885280476423094
fold3_stack_participant_C0.001_20260912,3,stack_participant_C0.001,20260912,alto,b18_ctx8,medio,-0.025892466045514692
fold3_stack_participant_C0.001_20260912,3,stack_participant_C0.001,20260912,alto,b18_ctx8,alto,0.02686001536213274
fold3_stack_participant_C0.001_20260912,3,stack_participant_C0.001,20260912,alto,b19_ctx1,bajo,-0.004960796655537967
fold3_stack_participant_C0.001_20260912,3,stack_participant_C0.001,20260912,alto,b19_ctx1,medio,0.008372812421044358
fold3_stack_participant_C0.001_20260912,3,stack_participant_C0.001,20260912,alto,b19_ctx1,alto,-0.004122084041702029
fold3_stack_participant_C0.001_20260912,3,stack_participant_C0.001,20260912,alto,b19_ctx8,bajo,-0.010394635539012246
fold3_stack_participant_C0.001_20260912,3,stack_participant_C0.001,20260912,alto,b19_ctx8,medio,0.023377279304670488
fold3_stack_participant_C0.001_20260912,3,stack_participant_C0.001,20260912,alto,b19_ctx8,alto,-0.013788370515541177
fold3_stack_participant_C0.001_20260912,3,stack_participant_C0.001,20260912,alto,b20_ctx1,bajo,0.009197891033808643
fold3_stack_participant_C0.001_20260912,3,stack_participant_C0.001,20260912,alto,b20_ctx1,medio,0.002025770304183839
fold3_stack_participant_C0.001_20260912,3,stack_participant_C0.001,20260912,alto,b20_ctx1,alto,-0.015287788771419624
fold3_stack_participant_C0.001_20260912,3,stack_participant_C0.001,20260912,alto,b20_ctx8,bajo,0.0036320757772048398
fold3_stack_participant_C0.001_20260912,3,stack_participant_C0.001,20260912,alto,b20_ctx8,medio,0.010205853568377582
fold3_stack_participant_C0.001_20260912,3,stack_participant_C0.001,20260912,alto,b20_ctx8,alto,-0.016543522711697515
fold3_stack_participant_C0.001_20260912,3,stack_participant_C0.001,20260912,alto,b21_ctx1,bajo,0.02522103057405404
fold3_stack_participant_C0.001_20260912,3,stack_participant_C0.001,20260912,alto,b21_ctx1,medio,-0.006270654790238063
fold3_stack_participant_C0.001_20260912,3,stack_participant_C0.001,20260912,alto,b21_ctx1,alto,-0.02413778871017181
fold3_stack_participant_C0.001_20260912,3,stack_participant_C0.001,20260912,alto,b21_ctx8,bajo,0.049350470124620655
fold3_stack_participant_C0.001_20260912,3,stack_participant_C0.001,20260912,alto,b21_ctx8,medio,-0.027311534929817985
fold3_stack_participant_C0.001_20260912,3,stack_participant_C0.001,20260912,alto,b21_ctx8,alto,-0.023293646745589904
fold3_stack_participant_C0.001_20260912,3,stack_participant_C0.001,20260912,bajo,b15_ctx1,bajo,0.004385892153640835
fold3_stack_participant_C0.001_20260912,3,stack_participant_C0.001,20260912,bajo,b15_ctx1,medio,-0.0075835928039241695
fold3_stack_participant_C0.001_20260912,3,stack_participant_C0.001,20260912,bajo,b15_ctx1,alto,0.004276149335849371
fold3_stack_participant_C0.001_20260912,3,stack_participant_C0.001,20260912,bajo,b15_ctx8,bajo,0.022509345402459913
fold3_stack_participant_C0.001_20260912,3,stack_participant_C0.001,20260912,bajo,b15_ctx8,medio,-0.014997114434879241
fold3_stack_participant_C0.001_20260912,3,stack_participant_C0.001,20260912,bajo,b15_ctx8,alto,-0.01018653628579645
fold3_stack_participant_C0.001_20260912,3,stack_participant_C0.001,20260912,bajo,b16_ctx1,bajo,0.005852999339133321
fold3_stack_participant_C0.001_20260912,3,stack_participant_C0.001,20260912,bajo,b16_ctx1,medio,-0.002651578095193903
fold3_stack_participant_C0.001_20260912,3,stack_participant_C0.001,20260912,bajo,b16_ctx1,alto,-0.004250523824755741
fold3_stack_participant_C0.001_20260912,3,stack_participant_C0.001,20260912,bajo,b16_ctx8,bajo,0.020914204880253792
fold3_stack_participant_C0.001_20260912,3,stack_participant_C0.001,20260912,bajo,b16_ctx8,medio,-0.01886428454007209
fold3_stack_participant_C0.001_20260912,3,stack_participant_C0.001,20260912,bajo,b16_ctx8,alto,-0.004565661321321917
fold3_stack_participant_C0.001_20260912,3,stack_participant_C0.001,20260912,bajo,b17_ctx1,bajo,-0.014263222955710746
fold3_stack_participant_C0.001_20260912,3,stack_participant_C0.001,20260912,bajo,b17_ctx1,medio,0.005267976691441348
fold3_stack_participant_C0.001_20260912,3,stack_participant_C0.001,20260912,bajo,b17_ctx1,alto,0.011869005292986571
fold3_stack_participant_C0.001_20260912,3,stack_participant_C0.001,20260912,bajo,b17_ctx8,bajo,0.0021710046760728525
fold3_stack_participant_C0.001_20260912,3,stack_participant_C0.001,20260912,bajo,b17_ctx8,medio,-0.0064802676216329375
fold3_stack_participant_C0.001_20260912,3,stack_participant_C0.001,20260912,bajo,b17_ctx8,alto,0.004645449269549737
fold3_stack_participant_C0.001_20260912,3,stack_participant_C0.001,20260912,bajo,b18_ctx1,bajo,-0.023576866831013395
fold3_stack_participant_C0.001_20260912,3,stack_participant_C0.001,20260912,bajo,b18_ctx1,medio,0.008450971205970345
fold3_stack_participant_C0.001_20260912,3,stack_participant_C0.001,20260912,bajo,b18_ctx1,alto,0.019902275696571117
fold3_stack_participant_C0.001_20260912,3,stack_participant_C0.001,20260912,bajo,b18_ctx8,bajo,-0.013346715198123596
fold3_stack_participant_C0.001_20260912,3,stack_participant_C0.001,20260912,bajo,b18_ctx8,medio,0.019485178078164064
fold3_stack_participant_C0.001_20260912,3,stack_participant_C0.001,20260912,bajo,b18_ctx8,alto,-0.006069397098571226
fold3_stack_participant_C0.001_20260912,3,stack_participant_C0.001,20260912,bajo,b19_ctx1,bajo,0.016216595477064555
fold3_stack_participant_C0.001_20260912,3,stack_participant_C0.001,20260912,bajo,b19_ctx1,medio,-0.006944687250933064
fold3_stack_participant_C0.001_20260912,3,stack_participant_C0.001,20260912,bajo,b19_ctx1,alto,-0.01430326719437792
fold3_stack_participant_C0.001_20260912,3,stack_participant_C0.001,20260912,bajo,b19_ctx8,bajo,0.0349937696288183
fold3_stack_participant_C0.001_20260912,3,stack_participant_C0.001,20260912,bajo,b19_ctx8,medio,-0.023175672317036284
fold3_stack_participant_C0.001_20260912,3,stack_participant_C0.001,20260912,bajo,b19_ctx8,alto,-0.017506902097266262
fold3_stack_participant_C0.001_20260912,3,stack_participant_C0.001,20260912,bajo,b20_ctx1,bajo,-0.0020320686864794013
fold3_stack_participant_C0.001_20260912,3,stack_participant_C0.001,20260912,bajo,b20_ctx1,medio,-0.007481956186657914
fold3_stack_participant_C0.001_20260912,3,stack_participant_C0.001,20260912,bajo,b20_ctx1,alto,0.013164416484878616
fold3_stack_participant_C0.001_20260912,3,stack_participant_C0.001,20260912,bajo,b20_ctx8,bajo,0.01683691600767926
fold3_stack_participant_C0.001_20260912,3,stack_participant_C0.001,20260912,bajo,b20_ctx8,medio,-0.016651590125528904
fold3_stack_participant_C0.001_20260912,3,stack_participant_C0.001,20260912,bajo,b20_ctx8,alto,-0.0007436030419358014
fold3_stack_participant_C0.001_20260912,3,stack_participant_C0.001,20260912,bajo,b21_ctx1,bajo,-0.038501265159281234
fold3_stack_participant_C0.001_20260912,3,stack_participant_C0.001,20260912,bajo,b21_ctx1,medio,0.010160841877059056
fold3_stack_participant_C0.001_20260912,3,stack_participant_C0.001,20260912,bajo,b21_ctx1,alto,0.036031113494276706
fold3_stack_participant_C0.001_20260912,3,stack_participant_C0.001,20260912,bajo,b21_ctx8,bajo,-0.05583010596289069
fold3_stack_participant_C0.001_20260912,3,stack_participant_C0.001,20260912,bajo,b21_ctx8,medio,0.015784414664794865
fold3_stack_participant_C0.001_20260912,3,stack_participant_C0.001,20260912,bajo,b21_ctx8,alto,0.04497969710672216
fold3_stack_participant_C0.001_20260912,3,stack_participant_C0.001,20260912,medio,b15_ctx1,bajo,0.0004198275822794179
fold3_stack_participant_C0.001_20260912,3,stack_participant_C0.001,20260912,medio,b15_ctx1,medio,0.005197157068602765
fold3_stack_participant_C0.001_20260912,3,stack_participant_C0.001,20260912,medio,b15_ctx1,alto,-0.007285361829105785
fold3_stack_participant_C0.001_20260912,3,stack_participant_C0.001,20260912,medio,b15_ctx8,bajo,-0.003147550816009114
fold3_stack_participant_C0.001_20260912,3,stack_participant_C0.001,20260912,medio,b15_ctx8,medio,-0.0025797168739911864
fold3_stack_participant_C0.001_20260912,3,stack_participant_C0.001,20260912,medio,b15_ctx8,alto,0.0067936576740225685
fold3_stack_participant_C0.001_20260912,3,stack_participant_C0.001,20260912,medio,b16_ctx1,bajo,0.004518712349808377
fold3_stack_participant_C0.001_20260912,3,stack_participant_C0.001,20260912,medio,b16_ctx1,medio,0.004210094544623629
fold3_stack_participant_C0.001_20260912,3,stack_participant_C0.001,20260912,medio,b16_ctx1,alto,-0.011291897798851024
fold3_stack_participant_C0.001_20260912,3,stack_participant_C0.001,20260912,medio,b16_ctx8,bajo,-0.0030124744513158673
fold3_stack_participant_C0.001_20260912,3,stack_participant_C0.001,20260912,medio,b16_ctx8,medio,0.0036172749877279703
fold3_stack_participant_C0.001_20260912,3,stack_participant_C0.001,20260912,medio,b16_ctx8,alto,-0.00035272739055730736
fold3_stack_participant_C0.001_20260912,3,stack_participant_C0.001,20260912,medio,b17_ctx1,bajo,0.012558836098842459
fold3_stack_participant_C0.001_20260912,3,stack_participant_C0.001,20260912,medio,b17_ctx1,medio,0.005007398674376825
fold3_stack_participant_C0.001_20260912,3,stack_participant_C0.001,20260912,medio,b17_ctx1,alto,-0.0226664008643371
fold3_stack_participant_C0.001_20260912,3,stack_participant_C0.001,20260912,medio,b17_ctx8,bajo,0.004992924750606081
fold3_stack_participant_C0.001_20260912,3,stack_participant_C0.001,20260912,medio,b17_ctx8,medio,0.0027758485073313926
fold3_stack_participant_C0.001_20260912,3,stack_participant_C0.001,20260912,medio,b17_ctx8,alto,-0.009279492018729404
fold3_stack_participant_C0.001_20260912,3,stack_participant_C0.001,20260912,medio,b18_ctx1,bajo,0.008607153088223659
fold3_stack_participant_C0.001_20260912,3,stack_participant_C0.001,20260912,medio,b18_ctx1,medio,0.01125509296783354
fold3_stack_participant_C0.001_20260912,3,stack_participant_C0.001,20260912,medio,b18_ctx1,alto,-0.026394775837469034
fold3_stack_participant_C0.001_20260912,3,stack_participant_C0.001,20260912,medio,b18_ctx8,bajo,0.01095818715048124
fold3_stack_participant_C0.001_20260912,3,stack_participant_C0.001,20260912,medio,b18_ctx8,medio,0.006407287967350723
fold3_stack_participant_C0.001_20260912,3,stack_participant_C0.001,20260912,medio,b18_ctx8,alto,-0.02079061826356142
fold3_stack_participant_C0.001_20260912,3,stack_participant_C0.001,20260912,medio,b19_ctx1,bajo,-0.01125579882152663
fold3_stack_participant_C0.001_20260912,3,stack_participant_C0.001,20260912,medio,b19_ctx1,medio,-0.001428125170111189
fold3_stack_participant_C0.001_20260912,3,stack_participant_C0.001,20260912,medio,b19_ctx1,alto,0.018425351236079933
fold3_stack_participant_C0.001_20260912,3,stack_participant_C0.001,20260912,medio,b19_ctx8,bajo,-0.024599134089806098
fold3_stack_participant_C0.001_20260912,3,stack_participant_C0.001,20260912,medio,b19_ctx8,medio,-0.00020160698763421552
fold3_stack_participant_C0.001_20260912,3,stack_participant_C0.001,20260912,medio,b19_ctx8,alto,0.031295272612807394
fold3_stack_participant_C0.001_20260912,3,stack_participant_C0.001,20260912,medio,b20_ctx1,bajo,-0.007165822347329307
fold3_stack_participant_C0.001_20260912,3,stack_participant_C0.001,20260912,medio,b20_ctx1,medio,0.005456185882474127
fold3_stack_participant_C0.001_20260912,3,stack_participant_C0.001,20260912,medio,b20_ctx1,alto,0.0021233722865409356
fold3_stack_participant_C0.001_20260912,3,stack_participant_C0.001,20260912,medio,b20_ctx8,bajo,-0.020468991784884094
fold3_stack_participant_C0.001_20260912,3,stack_participant_C0.001,20260912,medio,b20_ctx8,medio,0.006445736557151261
fold3_stack_participant_C0.001_20260912,3,stack_participant_C0.001,20260912,medio,b20_ctx8,alto,0.017287125753633316
fold3_stack_participant_C0.001_20260912,3,stack_participant_C0.001,20260912,medio,b21_ctx1,bajo,0.013280234585227228
fold3_stack_participant_C0.001_20260912,3,stack_participant_C0.001,20260912,medio,b21_ctx1,medio,-0.0038901870868209816
fold3_stack_participant_C0.001_20260912,3,stack_participant_C0.001,20260912,medio,b21_ctx1,alto,-0.011893324784104849
fold3_stack_participant_C0.001_20260912,3,stack_participant_C0.001,20260912,medio,b21_ctx8,bajo,0.006479635838270022
fold3_stack_participant_C0.001_20260912,3,stack_participant_C0.001,20260912,medio,b21_ctx8,medio,0.011527120265023094
fold3_stack_participant_C0.001_20260912,3,stack_participant_C0.001,20260912,medio,b21_ctx8,alto,-0.021686050361132237
fold3_stack_participant_C0.01_20260912,3,stack_participant_C0.01,20260912,alto,b15_ctx1,bajo,-0.02149866881721493
fold3_stack_participant_C0.01_20260912,3,stack_participant_C0.01,20260912,alto,b15_ctx1,medio,0.004182382307321448
fold3_stack_participant_C0.01_20260912,3,stack_participant_C0.01,20260912,alto,b15_ctx1,alto,0.021897583764247282
fold3_stack_participant_C0.01_20260912,3,stack_participant_C0.01,20260912,alto,b15_ctx8,bajo,-0.07927990405369785
fold3_stack_participant_C0.01_20260912,3,stack_participant_C0.01,20260912,alto,b15_ctx8,medio,0.036093433380446384
fold3_stack_participant_C0.01_20260912,3,stack_participant_C0.01,20260912,alto,b15_ctx8,alto,0.05508226528046207
fold3_stack_participant_C0.01_20260912,3,stack_participant_C0.01,20260912,alto,b16_ctx1,bajo,-0.046968776005842934
fold3_stack_participant_C0.01_20260912,3,stack_participant_C0.01,20260912,alto,b16_ctx1,medio,0.0010849671059688466
fold3_stack_participant_C0.01_20260912,3,stack_participant_C0.01,20260912,alto,b16_ctx1,alto,0.05996034253765199
fold3_stack_participant_C0.01_20260912,3,stack_participant_C0.01,20260912,alto,b16_ctx8,bajo,-0.03411813887371343
fold3_stack_participant_C0.01_20260912,3,stack_participant_C0.01,20260912,alto,b16_ctx8,medio,0.013773750440922376
fold3_stack_participant_C0.01_20260912,3,stack_participant_C0.01,20260912,alto,b16_ctx8,alto,0.026531600777491345
fold3_stack_participant_C0.01_20260912,3,stack_participant_C0.01,20260912,alto,b17_ctx1,bajo,0.002201357658387893
fold3_stack_participant_C0.01_20260912,3,stack_participant_C0.01,20260912,alto,b17_ctx1,medio,-0.013633422144607617
fold3_stack_participant_C0.01_20260912,3,stack_participant_C0.01,20260912,alto,b17_ctx1,alto,0.014404075319958767
fold3_stack_participant_C0.01_20260912,3,stack_participant_C0.01,20260912,alto,b17_ctx8,bajo,-0.012096981848316595
fold3_stack_participant_C0.01_20260912,3,stack_participant_C0.01,20260912,alto,b17_ctx8,medio,0.05358753044540471
fold3_stack_participant_C0.01_20260912,3,stack_participant_C0.01,20260912,alto,b17_ctx8,alto,-0.045621817935434905
fold3_stack_participant_C0.01_20260912,3,stack_participant_C0.01,20260912,alto,b18_ctx1,bajo,0.07133072371821705
fold3_stack_participant_C0.01_20260912,3,stack_participant_C0.01,20260912,alto,b18_ctx1,medio,-0.05361036608200956
fold3_stack_participant_C0.01_20260912,3,stack_participant_C0.01,20260912,alto,b18_ctx1,alto,-0.022806541471820173
fold3_stack_participant_C0.01_20260912,3,stack_participant_C0.01,20260912,alto,b18_ctx8,bajo,0.02432701120898611
fold3_stack_participant_C0.01_20260912,3,stack_participant_C0.01,20260912,alto,b18_ctx8,medio,-0.09549505505329722
fold3_stack_participant_C0.01_20260912,3,stack_participant_C0.01,20260912,alto,b18_ctx8,alto,0.08005950030854689
fold3_stack_participant_C0.01_20260912,3,stack_participant_C0.01,20260912,alto,b19_ctx1,bajo,-0.01577174932497297
fold3_stack_participant_C0.01_20260912,3,stack_participant_C0.01,20260912,alto,b19_ctx1,medio,0.03293351884584813
fold3_stack_participant_C0.01_20260912,3,stack_participant_C0.01,20260912,alto,b19_ctx1,alto,-0.021692110559793067
fold3_stack_participant_C0.01_20260912,3,stack_participant_C0.01,20260912,alto,b19_ctx8,bajo,0.012771662462962345
fold3_stack_participant_C0.01_20260912,3,stack_participant_C0.01,20260912,alto,b19_ctx8,medio,0.03705725102821571
fold3_stack_participant_C0.01_20260912,3,stack_participant_C0.01,20260912,alto,b19_ctx8,alto,-0.058792045155629566
fold3_stack_participant_C0.01_20260912,3,stack_participant_C0.01,20260912,alto,b20_ctx1,bajo,0.011562900001573595
fold3_stack_participant_C0.01_20260912,3,stack_participant_C0.01,20260912,alto,b20_ctx1,medio,0.01487910876604352
fold3_stack_participant_C0.01_20260912,3,stack_participant_C0.01,20260912,alto,b20_ctx1,alto,-0.03637672978823765
fold3_stack_participant_C0.01_20260912,3,stack_participant_C0.01,20260912,alto,b20_ctx8,bajo,-0.00021798026132374858
fold3_stack_participant_C0.01_20260912,3,stack_participant_C0.01,20260912,alto,b20_ctx8,medio,0.04856647674390263
fold3_stack_participant_C0.01_20260912,3,stack_participant_C0.01,20260912,alto,b20_ctx8,alto,-0.05740021279836586
fold3_stack_participant_C0.01_20260912,3,stack_participant_C0.01,20260912,alto,b21_ctx1,bajo,0.03095982972417675
fold3_stack_participant_C0.01_20260912,3,stack_participant_C0.01,20260912,alto,b21_ctx1,medio,-0.005298011892126503
fold3_stack_participant_C0.01_20260912,3,stack_participant_C0.01,20260912,alto,b21_ctx1,alto,-0.03296014762282609
fold3_stack_participant_C0.01_20260912,3,stack_participant_C0.01,20260912,alto,b21_ctx8,bajo,0.1086214668917582
fold3_stack_participant_C0.01_20260912,3,stack_participant_C0.01,20260912,alto,b21_ctx8,medio,-0.0913536254014713
fold3_stack_participant_C0.01_20260912,3,stack_participant_C0.01,20260912,alto,b21_ctx8,alto,-0.012764536243810604
fold3_stack_participant_C0.01_20260912,3,stack_participant_C0.01,20260912,bajo,b15_ctx1,bajo,0.010979495552504557
fold3_stack_participant_C0.01_20260912,3,stack_participant_C0.01,20260912,bajo,b15_ctx1,medio,-0.02582666636974625
fold3_stack_participant_C0.01_20260912,3,stack_participant_C0.01,20260912,bajo,b15_ctx1,alto,0.019593430790570306
fold3_stack_participant_C0.01_20260912,3,stack_participant_C0.01,20260912,bajo,b15_ctx8,bajo,0.024465777552576312
fold3_stack_participant_C0.01_20260912,3,stack_participant_C0.01,20260912,bajo,b15_ctx8,medio,0.008223616888546354
fold3_stack_participant_C0.01_20260912,3,stack_participant_C0.01,20260912,bajo,b15_ctx8,alto,-0.03922712067713588
fold3_stack_participant_C0.01_20260912,3,stack_participant_C0.01,20260912,bajo,b16_ctx1,bajo,0.013756996729478726
fold3_stack_participant_C0.01_20260912,3,stack_participant_C0.01,20260912,bajo,b16_ctx1,medio,0.0037933392143926674
fold3_stack_participant_C0.01_20260912,3,stack_participant_C0.01,20260912,bajo,b16_ctx1,alto,-0.022825163305396527
fold3_stack_participant_C0.01_20260912,3,stack_participant_C0.01,20260912,bajo,b16_ctx8,bajo,0.02472721689568035
fold3_stack_participant_C0.01_20260912,3,stack_participant_C0.01,20260912,bajo,b16_ctx8,medio,-0.052075866470972426
fold3_stack_participant_C0.01_20260912,3,stack_participant_C0.01,20260912,bajo,b16_ctx8,alto,0.02802250027652549
fold3_stack_participant_C0.01_20260912,3,stack_participant_C0.01,20260912,bajo,b17_ctx1,bajo,-0.04188273854456539
fold3_stack_participant_C0.01_20260912,3,stack_participant_C0.01,20260912,bajo,b17_ctx1,medio,0.02784455396040654
fold3_stack_participant_C0.01_20260912,3,stack_participant_C0.01,20260912,bajo,b17_ctx1,alto,0.019179688993781287
fold3_stack_participant_C0.01_20260912,3,stack_participant_C0.01,20260912,bajo,b17_ctx8,bajo,0.001212186307157035
fold3_stack_participant_C0.01_20260912,3,stack_participant_C0.01,20260912,bajo,b17_ctx8,medio,-0.052566833982711156
fold3_stack_participant_C0.01_20260912,3,stack_participant_C0.01,20260912,bajo,b17_ctx8,alto,0.05786573804018538
fold3_stack_participant_C0.01_20260912,3,stack_participant_C0.01,20260912,bajo,b18_ctx1,bajo,-0.07439666011622513
fold3_stack_participant_C0.01_20260912,3,stack_participant_C0.01,20260912,bajo,b18_ctx1,medio,0.032920910826690075
fold3_stack_participant_C0.01_20260912,3,stack_participant_C0.01,20260912,bajo,b18_ctx1,alto,0.05445913619419064
fold3_stack_participant_C0.01_20260912,3,stack_participant_C0.01,20260912,bajo,b18_ctx8,bajo,-0.05976914487922438
fold3_stack_participant_C0.01_20260912,3,stack_participant_C0.01,20260912,bajo,b18_ctx8,medio,0.09701199519635793
fold3_stack_participant_C0.01_20260912,3,stack_participant_C0.01,20260912,bajo,b18_ctx8,alto,-0.03839992682283951
fold3_stack_participant_C0.01_20260912,3,stack_participant_C0.01,20260912,bajo,b19_ctx1,bajo,0.06260911540631789
fold3_stack_participant_C0.01_20260912,3,stack_participant_C0.01,20260912,bajo,b19_ctx1,medio,-0.015547382129175696
fold3_stack_participant_C0.01_20260912,3,stack_participant_C0.01,20260912,bajo,b19_ctx1,alto,-0.07054174469032161
fold3_stack_participant_C0.01_20260912,3,stack_participant_C0.01,20260912,bajo,b19_ctx8,bajo,0.07800157778593503
fold3_stack_participant_C0.01_20260912,3,stack_participant_C0.01,20260912,bajo,b19_ctx8,medio,-0.033818282110481254
fold3_stack_participant_C0.01_20260912,3,stack_participant_C0.01,20260912,bajo,b19_ctx8,alto,-0.05956314507595061
fold3_stack_participant_C0.01_20260912,3,stack_participant_C0.01,20260912,bajo,b20_ctx1,bajo,0.03489840797863337
fold3_stack_participant_C0.01_20260912,3,stack_participant_C0.01,20260912,bajo,b20_ctx1,medio,-0.04809552384326148
fold3_stack_participant_C0.01_20260912,3,stack_participant_C0.01,20260912,bajo,b20_ctx1,alto,0.019604066719084753
fold3_stack_participant_C0.01_20260912,3,stack_participant_C0.01,20260912,bajo,b20_ctx8,bajo,0.06978313830948313
fold3_stack_participant_C0.01_20260912,3,stack_participant_C0.01,20260912,bajo,b20_ctx8,medio,-0.05097944627479801
fold3_stack_participant_C0.01_20260912,3,stack_participant_C0.01,20260912,bajo,b20_ctx8,alto,-0.024496672641666297
fold3_stack_participant_C0.01_20260912,3,stack_participant_C0.01,20260912,bajo,b21_ctx1,bajo,-0.06948101544806044
fold3_stack_participant_C0.01_20260912,3,stack_participant_C0.01,20260912,bajo,b21_ctx1,medio,0.02869638267991152
fold3_stack_participant_C0.01_20260912,3,stack_participant_C0.01,20260912,bajo,b21_ctx1,alto,0.05064583939078089
fold3_stack_participant_C0.01_20260912,3,stack_participant_C0.01,20260912,bajo,b21_ctx8,bajo,-0.1333776737875743
fold3_stack_participant_C0.01_20260912,3,stack_participant_C0.01,20260912,bajo,b21_ctx8,medio,0.04626297762166185
fold3_stack_participant_C0.01_20260912,3,stack_participant_C0.01,20260912,bajo,b21_ctx8,alto,0.09691272817759475
fold3_stack_participant_C0.01_20260912,3,stack_participant_C0.01,20260912,medio,b15_ctx1,bajo,0.010519173264710384
fold3_stack_participant_C0.01_20260912,3,stack_participant_C0.01,20260912,medio,b15_ctx1,medio,0.021644284062424614
fold3_stack_participant_C0.01_20260912,3,stack_participant_C0.01,20260912,medio,b15_ctx1,alto,-0.04149101455481751
fold3_stack_participant_C0.01_20260912,3,stack_participant_C0.01,20260912,medio,b15_ctx8,bajo,0.05481412650112229
fold3_stack_participant_C0.01_20260912,3,stack_participant_C0.01,20260912,medio,b15_ctx8,medio,-0.04431705026899228
fold3_stack_participant_C0.01_20260912,3,stack_participant_C0.01,20260912,medio,b15_ctx8,alto,-0.01585514460332623
fold3_stack_participant_C0.01_20260912,3,stack_participant_C0.01,20260912,medio,b16_ctx1,bajo,0.03321177927636398
fold3_stack_participant_C0.01_20260912,3,stack_participant_C0.01,20260912,medio,b16_ctx1,medio,-0.004878306320361325
fold3_stack_participant_C0.01_20260912,3,stack_participant_C0.01,20260912,medio,b16_ctx1,alto,-0.0371351792322557
fold3_stack_participant_C0.01_20260912,3,stack_participant_C0.01,20260912,medio,b16_ctx8,bajo,0.009390921978032743
fold3_stack_participant_C0.01_20260912,3,stack_participant_C0.01,20260912,medio,b16_ctx8,medio,0.03830211603005003
fold3_stack_participant_C0.01_20260912,3,stack_participant_C0.01,20260912,medio,b16_ctx8,alto,-0.05455410105401762
fold3_stack_participant_C0.01_20260912,3,stack_participant_C0.01,20260912,medio,b17_ctx1,bajo,0.03968138088617763
fold3_stack_participant_C0.01_20260912,3,stack_participant_C0.01,20260912,medio,b17_ctx1,medio,-0.014211131815799234
fold3_stack_participant_C0.01_20260912,3,stack_participant_C0.01,20260912,medio,b17_ctx1,alto,-0.03358376431374022
fold3_stack_participant_C0.01_20260912,3,stack_participant_C0.01,20260912,medio,b17_ctx8,bajo,0.010884795541159582
fold3_stack_participant_C0.01_20260912,3,stack_participant_C0.01,20260912,medio,b17_ctx8,medio,-0.0010206964626932173
fold3_stack_participant_C0.01_20260912,3,stack_participant_C0.01,20260912,medio,b17_ctx8,alto,-0.012243920104750021
fold3_stack_participant_C0.01_20260912,3,stack_participant_C0.01,20260912,medio,b18_ctx1,bajo,0.0030659363980085467
fold3_stack_participant_C0.01_20260912,3,stack_participant_C0.01,20260912,medio,b18_ctx1,medio,0.020689455255319438
fold3_stack_participant_C0.01_20260912,3,stack_participant_C0.01,20260912,medio,b18_ctx1,alto,-0.03165259472237061
fold3_stack_participant_C0.01_20260912,3,stack_participant_C0.01,20260912,medio,b18_ctx8,bajo,0.0354421336702389
fold3_stack_participant_C0.01_20260912,3,stack_participant_C0.01,20260912,medio,b18_ctx8,medio,-0.0015169401430607263
fold3_stack_participant_C0.01_20260912,3,stack_participant_C0.01,20260912,medio,b18_ctx8,alto,-0.0416595734857071
fold3_stack_participant_C0.01_20260912,3,stack_participant_C0.01,20260912,medio,b19_ctx1,bajo,-0.046837366081345096
fold3_stack_participant_C0.01_20260912,3,stack_participant_C0.01,20260912,medio,b19_ctx1,medio,-0.017386136716672298
fold3_stack_participant_C0.01_20260912,3,stack_participant_C0.01,20260912,medio,b19_ctx1,alto,0.0922338552501145
fold3_stack_participant_C0.01_20260912,3,stack_participant_C0.01,20260912,medio,b19_ctx8,bajo,-0.0907732402488973
fold3_stack_participant_C0.01_20260912,3,stack_participant_C0.01,20260912,medio,b19_ctx8,medio,-0.003238968917733978
fold3_stack_participant_C0.01_20260912,3,stack_participant_C0.01,20260912,medio,b19_ctx8,alto,0.11835519023158005
fold3_stack_participant_C0.01_20260912,3,stack_participant_C0.01,20260912,medio,b20_ctx1,bajo,-0.04646130798020682
fold3_stack_participant_C0.01_20260912,3,stack_participant_C0.01,20260912,medio,b20_ctx1,medio,0.0332164150772183
fold3_stack_participant_C0.01_20260912,3,stack_participant_C0.01,20260912,medio,b20_ctx1,alto,0.01677266306915282
fold3_stack_participant_C0.01_20260912,3,stack_participant_C0.01,20260912,medio,b20_ctx8,bajo,-0.06956515804815916
fold3_stack_participant_C0.01_20260912,3,stack_participant_C0.01,20260912,medio,b20_ctx8,medio,0.002412969530895552
fold3_stack_participant_C0.01_20260912,3,stack_participant_C0.01,20260912,medio,b20_ctx8,alto,0.08189688544003235
fold3_stack_participant_C0.01_20260912,3,stack_participant_C0.01,20260912,medio,b21_ctx1,bajo,0.038521185723883085
fold3_stack_participant_C0.01_20260912,3,stack_participant_C0.01,20260912,medio,b21_ctx1,medio,-0.023398370787785235
fold3_stack_participant_C0.01_20260912,3,stack_participant_C0.01,20260912,medio,b21_ctx1,alto,-0.01768569176795471
fold3_stack_participant_C0.01_20260912,3,stack_participant_C0.01,20260912,medio,b21_ctx8,bajo,0.024756206895816004
fold3_stack_participant_C0.01_20260912,3,stack_participant_C0.01,20260912,medio,b21_ctx8,medio,0.04509064777980953
fold3_stack_participant_C0.01_20260912,3,stack_participant_C0.01,20260912,medio,b21_ctx8,alto,-0.08414819193378388
fold3_stack_participant_C0.1_20260912,3,stack_participant_C0.1,20260912,alto,b15_ctx1,bajo,0.06725272216435237
fold3_stack_participant_C0.1_20260912,3,stack_participant_C0.1,20260912,alto,b15_ctx1,medio,-0.07614341801301878
fold3_stack_participant_C0.1_20260912,3,stack_participant_C0.1,20260912,alto,b15_ctx1,alto,0.013420773949672338
fold3_stack_participant_C0.1_20260912,3,stack_participant_C0.1,20260912,alto,b15_ctx8,bajo,-0.18857772139388113
fold3_stack_participant_C0.1_20260912,3,stack_participant_C0.1,20260912,alto,b15_ctx8,medio,0.021000936296302494
fold3_stack_participant_C0.1_20260912,3,stack_participant_C0.1,20260912,alto,b15_ctx8,alto,0.20547429547000995
fold3_stack_participant_C0.1_20260912,3,stack_participant_C0.1,20260912,alto,b16_ctx1,bajo,-0.11416316516323922
fold3_stack_participant_C0.1_20260912,3,stack_participant_C0.1,20260912,alto,b16_ctx1,medio,0.010322954881763411
fold3_stack_participant_C0.1_20260912,3,stack_participant_C0.1,20260912,alto,b16_ctx1,alto,0.1359014719397849
fold3_stack_participant_C0.1_20260912,3,stack_participant_C0.1,20260912,alto,b16_ctx8,bajo,-0.009734248472897231
fold3_stack_participant_C0.1_20260912,3,stack_participant_C0.1,20260912,alto,b16_ctx8,medio,-0.11371114045756275
fold3_stack_participant_C0.1_20260912,3,stack_participant_C0.1,20260912,alto,b16_ctx8,alto,0.139626206294996
fold3_stack_participant_C0.1_20260912,3,stack_participant_C0.1,20260912,alto,b17_ctx1,bajo,-0.07965313173715617
fold3_stack_participant_C0.1_20260912,3,stack_participant_C0.1,20260912,alto,b17_ctx1,medio,0.039389059274919425
fold3_stack_participant_C0.1_20260912,3,stack_participant_C0.1,20260912,alto,b17_ctx1,alto,0.05365645843259321
fold3_stack_participant_C0.1_20260912,3,stack_participant_C0.1,20260912,alto,b17_ctx8,bajo,-0.09330844861654541
fold3_stack_participant_C0.1_20260912,3,stack_participant_C0.1,20260912,alto,b17_ctx8,medio,0.3430958301540118
fold3_stack_participant_C0.1_20260912,3,stack_participant_C0.1,20260912,alto,b17_ctx8,alto,-0.2725789075639413
fold3_stack_participant_C0.1_20260912,3,stack_participant_C0.1,20260912,alto,b18_ctx1,bajo,0.18416439446429797
fold3_stack_participant_C0.1_20260912,3,stack_participant_C0.1,20260912,alto,b18_ctx1,medio,-0.08634974428663965
fold3_stack_participant_C0.1_20260912,3,stack_participant_C0.1,20260912,alto,b18_ctx1,alto,-0.12833259458349755
fold3_stack_participant_C0.1_20260912,3,stack_participant_C0.1,20260912,alto,b18_ctx8,bajo,0.06637226318023942
fold3_stack_participant_C0.1_20260912,3,stack_participant_C0.1,20260912,alto,b18_ctx8,medio,-0.26651136389668856
fold3_stack_participant_C0.1_20260912,3,stack_participant_C0.1,20260912,alto,b18_ctx8,alto,0.22529532794691381
fold3_stack_participant_C0.1_20260912,3,stack_participant_C0.1,20260912,alto,b19_ctx1,bajo,-0.019359061436902487
fold3_stack_participant_C0.1_20260912,3,stack_participant_C0.1,20260912,alto,b19_ctx1,medio,0.034986125482140085
fold3_stack_participant_C0.1_20260912,3,stack_participant_C0.1,20260912,alto,b19_ctx1,alto,-0.019230276767033965
fold3_stack_participant_C0.1_20260912,3,stack_participant_C0.1,20260912,alto,b19_ctx8,bajo,0.12228089711651545
fold3_stack_participant_C0.1_20260912,3,stack_participant_C0.1,20260912,alto,b19_ctx8,medio,-0.056728025387645875
fold3_stack_participant_C0.1_20260912,3,stack_participant_C0.1,20260912,alto,b19_ctx8,alto,-0.08910176942531103
fold3_stack_participant_C0.1_20260912,3,stack_participant_C0.1,20260912,alto,b20_ctx1,bajo,-0.010277364453867156
fold3_stack_participant_C0.1_20260912,3,stack_participant_C0.1,20260912,alto,b20_ctx1,medio,0.03962225050944146
fold3_stack_participant_C0.1_20260912,3,stack_participant_C0.1,20260912,alto,b20_ctx1,alto,-0.0411933901391118
fold3_stack_participant_C0.1_20260912,3,stack_participant_C0.1,20260912,alto,b20_ctx8,bajo,-0.029870351604667923
fold3_stack_participant_C0.1_20260912,3,stack_participant_C0.1,20260912,alto,b20_ctx8,medio,0.2690071501272427
fold3_stack_participant_C0.1_20260912,3,stack_participant_C0.1,20260912,alto,b20_ctx8,alto,-0.2830122367231946
fold3_stack_participant_C0.1_20260912,3,stack_participant_C0.1,20260912,alto,b21_ctx1,bajo,0.007844084659107563
fold3_stack_participant_C0.1_20260912,3,stack_participant_C0.1,20260912,alto,b21_ctx1,medio,0.025781214666309345
fold3_stack_participant_C0.1_20260912,3,stack_participant_C0.1,20260912,alto,b21_ctx1,alto,-0.04599358667345377
fold3_stack_participant_C0.1_20260912,3,stack_participant_C0.1,20260912,alto,b21_ctx8,bajo,0.16002430424929165
fold3_stack_participant_C0.1_20260912,3,stack_participant_C0.1,20260912,alto,b21_ctx8,medio,-0.207343952980886
fold3_stack_participant_C0.1_20260912,3,stack_participant_C0.1,20260912,alto,b21_ctx8,alto,0.0708742143800265
fold3_stack_participant_C0.1_20260912,3,stack_participant_C0.1,20260912,bajo,b15_ctx1,bajo,-0.10816424503580284
fold3_stack_participant_C0.1_20260912,3,stack_participant_C0.1,20260912,bajo,b15_ctx1,medio,0.028575375860059083
fold3_stack_participant_C0.1_20260912,3,stack_participant_C0.1,20260912,bajo,b15_ctx1,alto,0.1003851967393904
fold3_stack_participant_C0.1_20260912,3,stack_participant_C0.1,20260912,bajo,b15_ctx8,bajo,-0.08649638710105013
fold3_stack_participant_C0.1_20260912,3,stack_participant_C0.1,20260912,bajo,b15_ctx8,medio,0.17439746656745814
fold3_stack_participant_C0.1_20260912,3,stack_participant_C0.1,20260912,bajo,b15_ctx8,alto,-0.09491289653778066
fold3_stack_participant_C0.1_20260912,3,stack_participant_C0.1,20260912,bajo,b16_ctx1,bajo,0.005404873381324365
fold3_stack_participant_C0.1_20260912,3,stack_participant_C0.1,20260912,bajo,b16_ctx1,medio,0.019458566010897946
fold3_stack_participant_C0.1_20260912,3,stack_participant_C0.1,20260912,bajo,b16_ctx1,alto,-0.031970178225434805
fold3_stack_participant_C0.1_20260912,3,stack_participant_C0.1,20260912,bajo,b16_ctx8,bajo,0.0034252097321617234
fold3_stack_participant_C0.1_20260912,3,stack_participant_C0.1,20260912,bajo,b16_ctx8,medio,-0.12514160549258788
fold3_stack_participant_C0.1_20260912,3,stack_participant_C0.1,20260912,bajo,b16_ctx8,alto,0.13626046599650138
fold3_stack_participant_C0.1_20260912,3,stack_participant_C0.1,20260912,bajo,b17_ctx1,bajo,-0.026786640901666374
fold3_stack_participant_C0.1_20260912,3,stack_participant_C0.1,20260912,bajo,b17_ctx1,medio,0.05877169299413212
fold3_stack_participant_C0.1_20260912,3,stack_participant_C0.1,20260912,bajo,b17_ctx1,alto,-0.03960999339535491
fold3_stack_participant_C0.1_20260912,3,stack_participant_C0.1,20260912,bajo,b17_ctx8,bajo,0.10426470400904805
fold3_stack_participant_C0.1_20260912,3,stack_participant_C0.1,20260912,bajo,b17_ctx8,medio,-0.2657857172083807
fold3_stack_participant_C0.1_20260912,3,stack_participant_C0.1,20260912,bajo,b17_ctx8,alto,0.17179712680771428
fold3_stack_participant_C0.1_20260912,3,stack_participant_C0.1,20260912,bajo,b18_ctx1,bajo,-0.121104632528025
fold3_stack_participant_C0.1_20260912,3,stack_participant_C0.1,20260912,bajo,b18_ctx1,medio,0.02545740766416356
fold3_stack_participant_C0.1_20260912,3,stack_participant_C0.1,20260912,bajo,b18_ctx1,alto,0.12617637009656787
fold3_stack_participant_C0.1_20260912,3,stack_participant_C0.1,20260912,bajo,b18_ctx8,bajo,-0.1381274919893007
fold3_stack_participant_C0.1_20260912,3,stack_participant_C0.1,20260912,bajo,b18_ctx8,medio,0.27916062675511716
fold3_stack_participant_C0.1_20260912,3,stack_participant_C0.1,20260912,bajo,b18_ctx8,alto,-0.15197051247981092
fold3_stack_participant_C0.1_20260912,3,stack_participant_C0.1,20260912,bajo,b19_ctx1,bajo,0.13630856162114663
fold3_stack_participant_C0.1_20260912,3,stack_participant_C0.1,20260912,bajo,b19_ctx1,medio,-0.04365201937078442
fold3_stack_participant_C0.1_20260912,3,stack_participant_C0.1,20260912,bajo,b19_ctx1,alto,-0.14024687908399308
fold3_stack_participant_C0.1_20260912,3,stack_participant_C0.1,20260912,bajo,b19_ctx8,bajo,0.06614792549843224
fold3_stack_participant_C0.1_20260912,3,stack_participant_C0.1,20260912,bajo,b19_ctx8,medio,0.0703748647446874
fold3_stack_participant_C0.1_20260912,3,stack_participant_C0.1,20260912,bajo,b19_ctx8,alto,-0.16455307226596858
fold3_stack_participant_C0.1_20260912,3,stack_participant_C0.1,20260912,bajo,b20_ctx1,bajo,0.11704728146454835
fold3_stack_participant_C0.1_20260912,3,stack_participant_C0.1,20260912,bajo,b20_ctx1,medio,-0.1369077011405159
fold3_stack_participant_C0.1_20260912,3,stack_participant_C0.1,20260912,bajo,b20_ctx1,alto,0.03180065747243663
fold3_stack_participant_C0.1_20260912,3,stack_participant_C0.1,20260912,bajo,b20_ctx8,bajo,0.2470416524432154
fold3_stack_participant_C0.1_20260912,3,stack_participant_C0.1,20260912,bajo,b20_ctx8,medio,-0.2677971945230914
fold3_stack_participant_C0.1_20260912,3,stack_participant_C0.1,20260912,bajo,b20_ctx8,alto,0.01696234602240605
fold3_stack_participant_C0.1_20260912,3,stack_participant_C0.1,20260912,bajo,b21_ctx1,bajo,-0.07825105428117901
fold3_stack_participant_C0.1_20260912,3,stack_participant_C0.1,20260912,bajo,b21_ctx1,medio,0.05696163341329651
fold3_stack_participant_C0.1_20260912,3,stack_participant_C0.1,20260912,bajo,b21_ctx1,alto,0.02283813099286428
fold3_stack_participant_C0.1_20260912,3,stack_participant_C0.1,20260912,bajo,b21_ctx8,bajo,-0.20392475768268797
fold3_stack_participant_C0.1_20260912,3,stack_participant_C0.1,20260912,bajo,b21_ctx8,medio,0.1008937929154062
fold3_stack_participant_C0.1_20260912,3,stack_participant_C0.1,20260912,bajo,b21_ctx8,alto,0.11099747488110813
fold3_stack_participant_C0.1_20260912,3,stack_participant_C0.1,20260912,medio,b15_ctx1,bajo,0.040911522871448905
fold3_stack_participant_C0.1_20260912,3,stack_participant_C0.1,20260912,medio,b15_ctx1,medio,0.04756804215295652
fold3_stack_participant_C0.1_20260912,3,stack_participant_C0.1,20260912,medio,b15_ctx1,alto,-0.11380597068905822
fold3_stack_participant_C0.1_20260912,3,stack_participant_C0.1,20260912,medio,b15_ctx8,bajo,0.2750741084949346
fold3_stack_participant_C0.1_20260912,3,stack_participant_C0.1,20260912,medio,b15_ctx8,medio,-0.19539840286376206
fold3_stack_participant_C0.1_20260912,3,stack_participant_C0.1,20260912,medio,b15_ctx8,alto,-0.1105613989322231
fold3_stack_participant_C0.1_20260912,3,stack_participant_C0.1,20260912,medio,b16_ctx1,bajo,0.10875829178191417
fold3_stack_participant_C0.1_20260912,3,stack_participant_C0.1,20260912,medio,b16_ctx1,medio,-0.029781520892662224
fold3_stack_participant_C0.1_20260912,3,stack_participant_C0.1,20260912,medio,b16_ctx1,alto,-0.10393129371434795
fold3_stack_participant_C0.1_20260912,3,stack_participant_C0.1,20260912,medio,b16_ctx8,bajo,0.006309038740736595
fold3_stack_participant_C0.1_20260912,3,stack_participant_C0.1,20260912,medio,b16_ctx8,medio,0.23885274595014155
fold3_stack_participant_C0.1_20260912,3,stack_participant_C0.1,20260912,medio,b16_ctx8,alto,-0.27588667229150055
fold3_stack_participant_C0.1_20260912,3,stack_participant_C0.1,20260912,medio,b17_ctx1,bajo,0.10643977263882055
fold3_stack_participant_C0.1_20260912,3,stack_participant_C0.1,20260912,medio,b17_ctx1,medio,-0.09816075226905227
fold3_stack_participant_C0.1_20260912,3,stack_participant_C0.1,20260912,medio,b17_ctx1,alto,-0.014046465037236618
fold3_stack_participant_C0.1_20260912,3,stack_participant_C0.1,20260912,medio,b17_ctx8,bajo,-0.010956255392498183
fold3_stack_participant_C0.1_20260912,3,stack_participant_C0.1,20260912,medio,b17_ctx8,medio,-0.07731011294562969
fold3_stack_participant_C0.1_20260912,3,stack_participant_C0.1,20260912,medio,b17_ctx8,alto,0.10078178075622864
fold3_stack_participant_C0.1_20260912,3,stack_participant_C0.1,20260912,medio,b18_ctx1,bajo,-0.0630597619362738
fold3_stack_participant_C0.1_20260912,3,stack_participant_C0.1,20260912,medio,b18_ctx1,medio,0.060892336622473835
fold3_stack_participant_C0.1_20260912,3,stack_participant_C0.1,20260912,medio,b18_ctx1,alto,0.0021562244869329427
fold3_stack_participant_C0.1_20260912,3,stack_participant_C0.1,20260912,medio,b18_ctx8,bajo,0.07175522880906454
fold3_stack_participant_C0.1_20260912,3,stack_participant_C0.1,20260912,medio,b18_ctx8,medio,-0.012649262858435595
fold3_stack_participant_C0.1_20260912,3,stack_participant_C0.1,20260912,medio,b18_ctx8,alto,-0.07332481546710386
fold3_stack_participant_C0.1_20260912,3,stack_participant_C0.1,20260912,medio,b19_ctx1,bajo,-0.11694950018424015
fold3_stack_participant_C0.1_20260912,3,stack_participant_C0.1,20260912,medio,b19_ctx1,medio,0.00866589388864426
fold3_stack_participant_C0.1_20260912,3,stack_participant_C0.1,20260912,medio,b19_ctx1,alto,0.15947715585103056
fold3_stack_participant_C0.1_20260912,3,stack_participant_C0.1,20260912,medio,b19_ctx8,bajo,-0.18842882261495073
fold3_stack_participant_C0.1_20260912,3,stack_participant_C0.1,20260912,medio,b19_ctx8,medio,-0.013646839357039154
fold3_stack_participant_C0.1_20260912,3,stack_participant_C0.1,20260912,medio,b19_ctx8,alto,0.25365484169127095
fold3_stack_participant_C0.1_20260912,3,stack_participant_C0.1,20260912,medio,b20_ctx1,bajo,-0.10676991701068005
fold3_stack_participant_C0.1_20260912,3,stack_participant_C0.1,20260912,medio,b20_ctx1,medio,0.09728545063107776
fold3_stack_participant_C0.1_20260912,3,stack_participant_C0.1,20260912,medio,b20_ctx1,alto,0.00939273266667781
fold3_stack_participant_C0.1_20260912,3,stack_participant_C0.1,20260912,medio,b20_ctx8,bajo,-0.21717130083855082
fold3_stack_participant_C0.1_20260912,3,stack_participant_C0.1,20260912,medio,b20_ctx8,medio,-0.0012099556041548236
fold3_stack_participant_C0.1_20260912,3,stack_participant_C0.1,20260912,medio,b20_ctx8,alto,0.26604989070079166
fold3_stack_participant_C0.1_20260912,3,stack_participant_C0.1,20260912,medio,b21_ctx1,bajo,0.07040696962206369
fold3_stack_participant_C0.1_20260912,3,stack_participant_C0.1,20260912,medio,b21_ctx1,medio,-0.08274284807960698
fold3_stack_participant_C0.1_20260912,3,stack_participant_C0.1,20260912,medio,b21_ctx1,alto,0.02315545568058401
fold3_stack_participant_C0.1_20260912,3,stack_participant_C0.1,20260912,medio,b21_ctx8,bajo,0.04390045343340247
fold3_stack_participant_C0.1_20260912,3,stack_participant_C0.1,20260912,medio,b21_ctx8,medio,0.10645016006547757
fold3_stack_participant_C0.1_20260912,3,stack_participant_C0.1,20260912,medio,b21_ctx8,alto,-0.18187168926113736
fold4_stack_global_C0.001_20260911,4,stack_global_C0.001,20260911,alto,b15_ctx1,bajo,0.010807469841536015
fold4_stack_global_C0.001_20260911,4,stack_global_C0.001,20260911,alto,b15_ctx1,medio,-0.01076118348170407
fold4_stack_global_C0.001_20260911,4,stack_global_C0.001,20260911,alto,b15_ctx1,alto,-0.0017618102912394353
fold4_stack_global_C0.001_20260911,4,stack_global_C0.001,20260911,alto,b15_ctx8,bajo,-0.003103319068180883
fold4_stack_global_C0.001_20260911,4,stack_global_C0.001,20260911,alto,b15_ctx8,medio,0.01723003512053328
fold4_stack_global_C0.001_20260911,4,stack_global_C0.001,20260911,alto,b15_ctx8,alto,-0.012050611508505801
fold4_stack_global_C0.001_20260911,4,stack_global_C0.001,20260911,alto,b16_ctx1,bajo,-0.008655382606833507
fold4_stack_global_C0.001_20260911,4,stack_global_C0.001,20260911,alto,b16_ctx1,medio,0.006631834805853411
fold4_stack_global_C0.001_20260911,4,stack_global_C0.001,20260911,alto,b16_ctx1,alto,0.0037464555645169667
fold4_stack_global_C0.001_20260911,4,stack_global_C0.001,20260911,alto,b16_ctx8,bajo,0.0036618944255378365
fold4_stack_global_C0.001_20260911,4,stack_global_C0.001,20260911,alto,b16_ctx8,medio,0.01630110172243728
fold4_stack_global_C0.001_20260911,4,stack_global_C0.001,20260911,alto,b16_ctx8,alto,-0.01921480061124093
fold4_stack_global_C0.001_20260911,4,stack_global_C0.001,20260911,alto,b17_ctx1,bajo,-0.0083850018772835
fold4_stack_global_C0.001_20260911,4,stack_global_C0.001,20260911,alto,b17_ctx1,medio,0.006578820285430603
fold4_stack_global_C0.001_20260911,4,stack_global_C0.001,20260911,alto,b17_ctx1,alto,0.0028276205919098864
fold4_stack_global_C0.001_20260911,4,stack_global_C0.001,20260911,alto,b17_ctx8,bajo,0.005578432630621708
fold4_stack_global_C0.001_20260911,4,stack_global_C0.001,20260911,alto,b17_ctx8,medio,0.00788739705472851
fold4_stack_global_C0.001_20260911,4,stack_global_C0.001,20260911,alto,b17_ctx8,alto,-0.014039499591792173
fold4_stack_global_C0.001_20260911,4,stack_global_C0.001,20260911,alto,b18_ctx1,bajo,-0.001235381161364538
fold4_stack_global_C0.001_20260911,4,stack_global_C0.001,20260911,alto,b18_ctx1,medio,-0.004705796053640692
fold4_stack_global_C0.001_20260911,4,stack_global_C0.001,20260911,alto,b18_ctx1,alto,0.008230752168355232
fold4_stack_global_C0.001_20260911,4,stack_global_C0.001,20260911,alto,b18_ctx8,bajo,0.006115792740799701
fold4_stack_global_C0.001_20260911,4,stack_global_C0.001,20260911,alto,b18_ctx8,medio,-0.003777778336204585
fold4_stack_global_C0.001_20260911,4,stack_global_C0.001,20260911,alto,b18_ctx8,alto,-0.0035453509250174056
fold4_stack_global_C0.001_20260911,4,stack_global_C0.001,20260911,alto,b19_ctx1,bajo,2.3026779417023343e-05
fold4_stack_global_C0.001_20260911,4,stack_global_C0.001,20260911,alto,b19_ctx1,medio,0.0034957522101923726
fold4_stack_global_C0.001_20260911,4,stack_global_C0.001,20260911,alto,b19_ctx1,alto,-0.004667466287781319
fold4_stack_global_C0.001_20260911,4,stack_global_C0.001,20260911,alto,b19_ctx8,bajo,-0.009871671189902013
fold4_stack_global_C0.001_20260911,4,stack_global_C0.001,20260911,alto,b19_ctx8,medio,0.03269775054084813
fold4_stack_global_C0.001_20260911,4,stack_global_C0.001,20260911,alto,b19_ctx8,alto,-0.017317112002579026
fold4_stack_global_C0.001_20260911,4,stack_global_C0.001,20260911,alto,b20_ctx1,bajo,0.018924071122605537
fold4_stack_global_C0.001_20260911,4,stack_global_C0.001,20260911,alto,b20_ctx1,medio,-0.018673340555122816
fold4_stack_global_C0.001_20260911,4,stack_global_C0.001,20260911,alto,b20_ctx1,alto,-0.0035924556538310935
fold4_stack_global_C0.001_20260911,4,stack_global_C0.001,20260911,alto,b20_ctx8,bajo,-0.013123938417484974
fold4_stack_global_C0.001_20260911,4,stack_global_C0.001,20260911,alto,b20_ctx8,medio,0.017575396331617747
fold4_stack_global_C0.001_20260911,4,stack_global_C0.001,20260911,alto,b20_ctx8,alto,-0.0003473809405375801
fold4_stack_global_C0.001_20260911,4,stack_global_C0.001,20260911,alto,b21_ctx1,bajo,0.02270460823181532
fold4_stack_global_C0.001_20260911,4,stack_global_C0.001,20260911,alto,b21_ctx1,medio,-0.022951620594427125
fold4_stack_global_C0.001_20260911,4,stack_global_C0.001,20260911,alto,b21_ctx1,alto,-0.0012410362414181292
fold4_stack_global_C0.001_20260911,4,stack_global_C0.001,20260911,alto,b21_ctx8,bajo,0.0013279394738149406
fold4_stack_global_C0.001_20260911,4,stack_global_C0.001,20260911,alto,b21_ctx8,medio,-0.005508788390012282
fold4_stack_global_C0.001_20260911,4,stack_global_C0.001,20260911,alto,b21_ctx8,alto,0.0046356164621704
fold4_stack_global_C0.001_20260911,4,stack_global_C0.001,20260911,bajo,b15_ctx1,bajo,-0.019009226075064885
fold4_stack_global_C0.001_20260911,4,stack_global_C0.001,20260911,bajo,b15_ctx1,medio,0.006985716264091761
fold4_stack_global_C0.001_20260911,4,stack_global_C0.001,20260911,bajo,b15_ctx1,alto,0.02011068860635434
fold4_stack_global_C0.001_20260911,4,stack_global_C0.001,20260911,bajo,b15_ctx8,bajo,0.015623313535197176
fold4_stack_global_C0.001_20260911,4,stack_global_C0.001,20260911,bajo,b15_ctx8,medio,-0.028782463359280978
fold4_stack_global_C0.001_20260911,4,stack_global_C0.001,20260911,bajo,b15_ctx8,alto,0.007233479736547117
fold4_stack_global_C0.001_20260911,4,stack_global_C0.001,20260911,bajo,b16_ctx1,bajo,0.009064624886104489
fold4_stack_global_C0.001_20260911,4,stack_global_C0.001,20260911,bajo,b16_ctx1,medio,0.000477701586873972
fold4_stack_global_C0.001_20260911,4,stack_global_C0.001,20260911,bajo,b16_ctx1,alto,-0.01355581709657783
fold4_stack_global_C0.001_20260911,4,stack_global_C0.001,20260911,bajo,b16_ctx8,bajo,0.01097690707624492
fold4_stack_global_C0.001_20260911,4,stack_global_C0.001,20260911,bajo,b16_ctx8,medio,-0.019485565037945227
fold4_stack_global_C0.001_20260911,4,stack_global_C0.001,20260911,bajo,b16_ctx8,alto,0.0044464277895288
fold4_stack_global_C0.001_20260911,4,stack_global_C0.001,20260911,bajo,b17_ctx1,bajo,0.020047848868298388
fold4_stack_global_C0.001_20260911,4,stack_global_C0.001,20260911,bajo,b17_ctx1,medio,-0.0029351133206338763
fold4_stack_global_C0.001_20260911,4,stack_global_C0.001,20260911,bajo,b17_ctx1,alto,-0.02374924893159808
fold4_stack_global_C0.001_20260911,4,stack_global_C0.001,20260911,bajo,b17_ctx8,bajo,-0.0024694179941178378
fold4_stack_global_C0.001_20260911,4,stack_global_C0.001,20260911,bajo,b17_ctx8,medio,0.003516820091134616
fold4_stack_global_C0.001_20260911,4,stack_global_C0.001,20260911,bajo,b17_ctx8,alto,-0.0003613945278276742
fold4_stack_global_C0.001_20260911,4,stack_global_C0.001,20260911,bajo,b18_ctx1,bajo,0.022930762490195787
fold4_stack_global_C0.001_20260911,4,stack_global_C0.001,20260911,bajo,b18_ctx1,medio,-0.004676563496175623
fold4_stack_global_C0.001_20260911,4,stack_global_C0.001,20260911,bajo,b18_ctx1,alto,-0.025002524632503517
fold4_stack_global_C0.001_20260911,4,stack_global_C0.001,20260911,bajo,b18_ctx8,bajo,-0.012428215811505064
fold4_stack_global_C0.001_20260911,4,stack_global_C0.001,20260911,bajo,b18_ctx8,medio,0.009363419387067856
fold4_stack_global_C0.001_20260911,4,stack_global_C0.001,20260911,bajo,b18_ctx8,alto,0.005555070834983432
fold4_stack_global_C0.001_20260911,4,stack_global_C0.001,20260911,bajo,b19_ctx1,bajo,0.0045052358897659725
fold4_stack_global_C0.001_20260911,4,stack_global_C0.001,20260911,bajo,b19_ctx1,medio,-0.009924306152168612
fold4_stack_global_C0.001_20260911,4,stack_global_C0.001,20260911,bajo,b19_ctx1,alto,0.00617955943633289
fold4_stack_global_C0.001_20260911,4,stack_global_C0.001,20260911,bajo,b19_ctx8,bajo,0.04285402936028212
fold4_stack_global_C0.001_20260911,4,stack_global_C0.001,20260911,bajo,b19_ctx8,medio,-0.05173325147726406
fold4_stack_global_C0.001_20260911,4,stack_global_C0.001,20260911,bajo,b19_ctx8,alto,-0.006392159273644249
fold4_stack_global_C0.001_20260911,4,stack_global_C0.001,20260911,bajo,b20_ctx1,bajo,-0.025568018403945694
fold4_stack_global_C0.001_20260911,4,stack_global_C0.001,20260911,bajo,b20_ctx1,medio,0.004625298777154035
fold4_stack_global_C0.001_20260911,4,stack_global_C0.001,20260911,bajo,b20_ctx1,alto,0.03650493216229552
fold4_stack_global_C0.001_20260911,4,stack_global_C0.001,20260911,bajo,b20_ctx8,bajo,0.029289016644088606
fold4_stack_global_C0.001_20260911,4,stack_global_C0.001,20260911,bajo,b20_ctx8,medio,-0.04283003618469647
fold4_stack_global_C0.001_20260911,4,stack_global_C0.001,20260911,bajo,b20_ctx8,alto,0.004274100010290677
fold4_stack_global_C0.001_20260911,4,stack_global_C0.001,20260911,bajo,b21_ctx1,bajo,-0.058564937088977705
fold4_stack_global_C0.001_20260911,4,stack_global_C0.001,20260911,bajo,b21_ctx1,medio,0.03205135020018001
fold4_stack_global_C0.001_20260911,4,stack_global_C0.001,20260911,bajo,b21_ctx1,alto,0.04943822151866013
fold4_stack_global_C0.001_20260911,4,stack_global_C0.001,20260911,bajo,b21_ctx8,bajo,-0.03277285166500336
fold4_stack_global_C0.001_20260911,4,stack_global_C0.001,20260911,bajo,b21_ctx8,medio,0.028732009645889976
fold4_stack_global_C0.001_20260911,4,stack_global_C0.001,20260911,bajo,b21_ctx8,alto,0.010767980008875432
fold4_stack_global_C0.001_20260911,4,stack_global_C0.001,20260911,medio,b15_ctx1,bajo,0.008201756233528805
fold4_stack_global_C0.001_20260911,4,stack_global_C0.001,20260911,medio,b15_ctx1,medio,0.0037754672176123103
fold4_stack_global_C0.001_20260911,4,stack_global_C0.001,20260911,medio,b15_ctx1,alto,-0.018348878315114853
fold4_stack_global_C0.001_20260911,4,stack_global_C0.001,20260911,medio,b15_ctx8,bajo,-0.012519994467016345
fold4_stack_global_C0.001_20260911,4,stack_global_C0.001,20260911,medio,b15_ctx8,medio,0.011552428238747647
fold4_stack_global_C0.001_20260911,4,stack_global_C0.001,20260911,medio,b15_ctx8,alto,0.004817131771958684
fold4_stack_global_C0.001_20260911,4,stack_global_C0.001,20260911,medio,b16_ctx1,bajo,-0.0004092422792710466
fold4_stack_global_C0.001_20260911,4,stack_global_C0.001,20260911,medio,b16_ctx1,medio,-0.007109536392727428
fold4_stack_global_C0.001_20260911,4,stack_global_C0.001,20260911,medio,b16_ctx1,alto,0.009809361532060879
fold4_stack_global_C0.001_20260911,4,stack_global_C0.001,20260911,medio,b16_ctx8,bajo,-0.01463880150178273
fold4_stack_global_C0.001_20260911,4,stack_global_C0.001,20260911,medio,b16_ctx8,medio,0.003184463315507981
fold4_stack_global_C0.001_20260911,4,stack_global_C0.001,20260911,medio,b16_ctx8,alto,0.014768372821712228
fold4_stack_global_C0.001_20260911,4,stack_global_C0.001,20260911,medio,b17_ctx1,bajo,-0.01166284699101488
fold4_stack_global_C0.001_20260911,4,stack_global_C0.001,20260911,medio,b17_ctx1,medio,-0.003643706964796746
fold4_stack_global_C0.001_20260911,4,stack_global_C0.001,20260911,medio,b17_ctx1,alto,0.020921628339688178
fold4_stack_global_C0.001_20260911,4,stack_global_C0.001,20260911,medio,b17_ctx8,bajo,-0.003109014636504027
fold4_stack_global_C0.001_20260911,4,stack_global_C0.001,20260911,medio,b17_ctx8,medio,-0.011404217145863172
fold4_stack_global_C0.001_20260911,4,stack_global_C0.001,20260911,medio,b17_ctx8,alto,0.014400894119619857
fold4_stack_global_C0.001_20260911,4,stack_global_C0.001,20260911,medio,b18_ctx1,bajo,-0.021695381328831205
fold4_stack_global_C0.001_20260911,4,stack_global_C0.001,20260911,medio,b18_ctx1,medio,0.009382359549816345
fold4_stack_global_C0.001_20260911,4,stack_global_C0.001,20260911,medio,b18_ctx1,alto,0.016771772464148245
fold4_stack_global_C0.001_20260911,4,stack_global_C0.001,20260911,medio,b18_ctx8,bajo,0.006312423070705362
fold4_stack_global_C0.001_20260911,4,stack_global_C0.001,20260911,medio,b18_ctx8,medio,-0.005585641050863213
fold4_stack_global_C0.001_20260911,4,stack_global_C0.001,20260911,medio,b18_ctx8,alto,-0.0020097199099663246
fold4_stack_global_C0.001_20260911,4,stack_global_C0.001,20260911,medio,b19_ctx1,bajo,-0.004528262669182962
fold4_stack_global_C0.001_20260911,4,stack_global_C0.001,20260911,medio,b19_ctx1,medio,0.006428553941976329
fold4_stack_global_C0.001_20260911,4,stack_global_C0.001,20260911,medio,b19_ctx1,alto,-0.0015120931485516507
fold4_stack_global_C0.001_20260911,4,stack_global_C0.001,20260911,medio,b19_ctx8,bajo,-0.032982358170380206
fold4_stack_global_C0.001_20260911,4,stack_global_C0.001,20260911,medio,b19_ctx8,medio,0.01903550093641584
fold4_stack_global_C0.001_20260911,4,stack_global_C0.001,20260911,medio,b19_ctx8,alto,0.02370927127622323
fold4_stack_global_C0.001_20260911,4,stack_global_C0.001,20260911,medio,b20_ctx1,bajo,0.006643947281340124
fold4_stack_global_C0.001_20260911,4,stack_global_C0.001,20260911,medio,b20_ctx1,medio,0.014048041777968782
fold4_stack_global_C0.001_20260911,4,stack_global_C0.001,20260911,medio,b20_ctx1,alto,-0.03291247650846448
fold4_stack_global_C0.001_20260911,4,stack_global_C0.001,20260911,medio,b20_ctx8,bajo,-0.01616507822660374
fold4_stack_global_C0.001_20260911,4,stack_global_C0.001,20260911,medio,b20_ctx8,medio,0.02525463985307871
fold4_stack_global_C0.001_20260911,4,stack_global_C0.001,20260911,medio,b20_ctx8,alto,-0.003926719069753064
fold4_stack_global_C0.001_20260911,4,stack_global_C0.001,20260911,medio,b21_ctx1,bajo,0.03586032885716234
fold4_stack_global_C0.001_20260911,4,stack_global_C0.001,20260911,medio,b21_ctx1,medio,-0.009099729605752864
fold4_stack_global_C0.001_20260911,4,stack_global_C0.001,20260911,medio,b21_ctx1,alto,-0.04819718527724201
fold4_stack_global_C0.001_20260911,4,stack_global_C0.001,20260911,medio,b21_ctx8,bajo,0.03144491219118857
fold4_stack_global_C0.001_20260911,4,stack_global_C0.001,20260911,medio,b21_ctx8,medio,-0.023223221255877773
fold4_stack_global_C0.001_20260911,4,stack_global_C0.001,20260911,medio,b21_ctx8,alto,-0.015403596471045855
fold4_stack_global_C0.01_20260911,4,stack_global_C0.01,20260911,alto,b15_ctx1,bajo,0.030146082142121687
fold4_stack_global_C0.01_20260911,4,stack_global_C0.01,20260911,alto,b15_ctx1,medio,-0.028511816269947976
fold4_stack_global_C0.01_20260911,4,stack_global_C0.01,20260911,alto,b15_ctx1,alto,-0.007058484907103858
fold4_stack_global_C0.01_20260911,4,stack_global_C0.01,20260911,alto,b15_ctx8,bajo,0.041489111705719395
fold4_stack_global_C0.01_20260911,4,stack_global_C0.01,20260911,alto,b15_ctx8,medio,-0.012756723230524847
fold4_stack_global_C0.01_20260911,4,stack_global_C0.01,20260911,alto,b15_ctx8,alto,-0.03949580078844905
fold4_stack_global_C0.01_20260911,4,stack_global_C0.01,20260911,alto,b16_ctx1,bajo,-0.04744435972485876
fold4_stack_global_C0.01_20260911,4,stack_global_C0.01,20260911,alto,b16_ctx1,medio,0.03344013758016785
fold4_stack_global_C0.01_20260911,4,stack_global_C0.01,20260911,alto,b16_ctx1,alto,0.024314982015760222
fold4_stack_global_C0.01_20260911,4,stack_global_C0.01,20260911,alto,b16_ctx8,bajo,0.05141499579282549
fold4_stack_global_C0.01_20260911,4,stack_global_C0.01,20260911,alto,b16_ctx8,medio,-0.008243601963498477
fold4_stack_global_C0.01_20260911,4,stack_global_C0.01,20260911,alto,b16_ctx8,alto,-0.05453978478496513
fold4_stack_global_C0.01_20260911,4,stack_global_C0.01,20260911,alto,b17_ctx1,bajo,-0.03157568633000405
fold4_stack_global_C0.01_20260911,4,stack_global_C0.01,20260911,alto,b17_ctx1,medio,0.04239808237553062
fold4_stack_global_C0.01_20260911,4,stack_global_C0.01,20260911,alto,b17_ctx1,alto,-0.012753575574994026
fold4_stack_global_C0.01_20260911,4,stack_global_C0.01,20260911,alto,b17_ctx8,bajo,0.017100221986166193
fold4_stack_global_C0.01_20260911,4,stack_global_C0.01,20260911,alto,b17_ctx8,medio,0.009580243506400363
fold4_stack_global_C0.01_20260911,4,stack_global_C0.01,20260911,alto,b17_ctx8,alto,-0.02933895371412366
fold4_stack_global_C0.01_20260911,4,stack_global_C0.01,20260911,alto,b18_ctx1,bajo,0.023969336610777443
fold4_stack_global_C0.01_20260911,4,stack_global_C0.01,20260911,alto,b18_ctx1,medio,-0.04100543057432755
fold4_stack_global_C0.01_20260911,4,stack_global_C0.01,20260911,alto,b18_ctx1,alto,0.024013089781486162
fold4_stack_global_C0.01_20260911,4,stack_global_C0.01,20260911,alto,b18_ctx8,bajo,-0.0044576595091900175
fold4_stack_global_C0.01_20260911,4,stack_global_C0.01,20260911,alto,b18_ctx8,medio,-0.03049786578200861
fold4_stack_global_C0.01_20260911,4,stack_global_C0.01,20260911,alto,b18_ctx8,alto,0.03511024155752421
fold4_stack_global_C0.01_20260911,4,stack_global_C0.01,20260911,alto,b19_ctx1,bajo,-0.00425218269321599
fold4_stack_global_C0.01_20260911,4,stack_global_C0.01,20260911,alto,b19_ctx1,medio,0.01976698722034833
fold4_stack_global_C0.01_20260911,4,stack_global_C0.01,20260911,alto,b19_ctx1,alto,-0.019612526064964976
fold4_stack_global_C0.01_20260911,4,stack_global_C0.01,20260911,alto,b19_ctx8,bajo,-0.05812248351497753
fold4_stack_global_C0.01_20260911,4,stack_global_C0.01,20260911,alto,b19_ctx8,medio,0.10592409600563145
fold4_stack_global_C0.01_20260911,4,stack_global_C0.01,20260911,alto,b19_ctx8,alto,-0.02366293790350346
fold4_stack_global_C0.01_20260911,4,stack_global_C0.01,20260911,alto,b20_ctx1,bajo,0.05199513192686453
fold4_stack_global_C0.01_20260911,4,stack_global_C0.01,20260911,alto,b20_ctx1,medio,-0.049168423257887305
fold4_stack_global_C0.01_20260911,4,stack_global_C0.01,20260911,alto,b20_ctx1,alto,-0.013154551501330032
fold4_stack_global_C0.01_20260911,4,stack_global_C0.01,20260911,alto,b20_ctx8,bajo,-0.0664625528506562
fold4_stack_global_C0.01_20260911,4,stack_global_C0.01,20260911,alto,b20_ctx8,medio,0.04509460982207045
fold4_stack_global_C0.01_20260911,4,stack_global_C0.01,20260911,alto,b20_ctx8,alto,0.04084002419486108
fold4_stack_global_C0.01_20260911,4,stack_global_C0.01,20260911,alto,b21_ctx1,bajo,0.013149672225254913
fold4_stack_global_C0.01_20260911,4,stack_global_C0.01,20260911,alto,b21_ctx1,medio,-0.015195181546228726
fold4_stack_global_C0.01_20260911,4,stack_global_C0.01,20260911,alto,b21_ctx1,alto,0.002521062380678374
fold4_stack_global_C0.01_20260911,4,stack_global_C0.01,20260911,alto,b21_ctx8,bajo,0.012172334733185011
fold4_stack_global_C0.01_20260911,4,stack_global_C0.01,20260911,alto,b21_ctx8,medio,-0.024336593255858286
fold4_stack_global_C0.01_20260911,4,stack_global_C0.01,20260911,alto,b21_ctx8,alto,0.011953436981937017
fold4_stack_global_C0.01_20260911,4,stack_global_C0.01,20260911,bajo,b15_ctx1,bajo,-0.055311177887905356
fold4_stack_global_C0.01_20260911,4,stack_global_C0.01,20260911,bajo,b15_ctx1,medio,0.044027544260768554
fold4_stack_global_C0.01_20260911,4,stack_global_C0.01,20260911,bajo,b15_ctx1,alto,0.024753102448367346
fold4_stack_global_C0.01_20260911,4,stack_global_C0.01,20260911,bajo,b15_ctx8,bajo,-0.06333845634447749
fold4_stack_global_C0.01_20260911,4,stack_global_C0.01,20260911,bajo,b15_ctx8,medio,0.020550783334126955
fold4_stack_global_C0.01_20260911,4,stack_global_C0.01,20260911,bajo,b15_ctx8,alto,0.05930343183293664
fold4_stack_global_C0.01_20260911,4,stack_global_C0.01,20260911,bajo,b16_ctx1,bajo,-0.013730442910917103
fold4_stack_global_C0.01_20260911,4,stack_global_C0.01,20260911,bajo,b16_ctx1,medio,0.04629341205591428
fold4_stack_global_C0.01_20260911,4,stack_global_C0.01,20260911,bajo,b16_ctx1,alto,-0.04047591636912498
fold4_stack_global_C0.01_20260911,4,stack_global_C0.01,20260911,bajo,b16_ctx8,bajo,-0.05275876363575951
fold4_stack_global_C0.01_20260911,4,stack_global_C0.01,20260911,bajo,b16_ctx8,medio,0.019004133550042622
fold4_stack_global_C0.01_20260911,4,stack_global_C0.01,20260911,bajo,b16_ctx8,alto,0.046392887755055005
fold4_stack_global_C0.01_20260911,4,stack_global_C0.01,20260911,bajo,b17_ctx1,bajo,0.03059481923747043
fold4_stack_global_C0.01_20260911,4,stack_global_C0.01,20260911,bajo,b17_ctx1,medio,-0.0009405556854529865
fold4_stack_global_C0.01_20260911,4,stack_global_C0.01,20260911,bajo,b17_ctx1,alto,-0.04094226304672128
fold4_stack_global_C0.01_20260911,4,stack_global_C0.01,20260911,bajo,b17_ctx8,bajo,-0.02561032725331618
fold4_stack_global_C0.01_20260911,4,stack_global_C0.01,20260911,bajo,b17_ctx8,medio,0.057167979352318925
fold4_stack_global_C0.01_20260911,4,stack_global_C0.01,20260911,bajo,b17_ctx8,alto,-0.023167235136455466
fold4_stack_global_C0.01_20260911,4,stack_global_C0.01,20260911,bajo,b18_ctx1,bajo,0.05298083191105493
fold4_stack_global_C0.01_20260911,4,stack_global_C0.01,20260911,bajo,b18_ctx1,medio,-0.023234963120604874
fold4_stack_global_C0.01_20260911,4,stack_global_C0.01,20260911,bajo,b18_ctx1,alto,-0.040508828840999385
fold4_stack_global_C0.01_20260911,4,stack_global_C0.01,20260911,bajo,b18_ctx8,bajo,-0.04272087350360324
fold4_stack_global_C0.01_20260911,4,stack_global_C0.01,20260911,bajo,b18_ctx8,medio,0.029326627224912305
fold4_stack_global_C0.01_20260911,4,stack_global_C0.01,20260911,bajo,b18_ctx8,alto,0.021891973443827772
fold4_stack_global_C0.01_20260911,4,stack_global_C0.01,20260911,bajo,b19_ctx1,bajo,0.01724803158625293
fold4_stack_global_C0.01_20260911,4,stack_global_C0.01,20260911,bajo,b19_ctx1,medio,-0.0437754537155003
fold4_stack_global_C0.01_20260911,4,stack_global_C0.01,20260911,bajo,b19_ctx1,alto,0.03131762995922823
fold4_stack_global_C0.01_20260911,4,stack_global_C0.01,20260911,bajo,b19_ctx8,bajo,0.17942246443418441
fold4_stack_global_C0.01_20260911,4,stack_global_C0.01,20260911,bajo,b19_ctx8,medio,-0.1760707319345172
fold4_stack_global_C0.01_20260911,4,stack_global_C0.01,20260911,bajo,b19_ctx8,alto,-0.06340721323770401
fold4_stack_global_C0.01_20260911,4,stack_global_C0.01,20260911,bajo,b20_ctx1,bajo,-0.001067855609753687
fold4_stack_global_C0.01_20260911,4,stack_global_C0.01,20260911,bajo,b20_ctx1,medio,-0.04071979168412259
fold4_stack_global_C0.01_20260911,4,stack_global_C0.01,20260911,bajo,b20_ctx1,alto,0.0643739808366945
fold4_stack_global_C0.01_20260911,4,stack_global_C0.01,20260911,bajo,b20_ctx8,bajo,0.12884783419418544
fold4_stack_global_C0.01_20260911,4,stack_global_C0.01,20260911,bajo,b20_ctx8,medio,-0.17004669652183746
fold4_stack_global_C0.01_20260911,4,stack_global_C0.01,20260911,bajo,b20_ctx8,alto,0.0009807956828347824
fold4_stack_global_C0.01_20260911,4,stack_global_C0.01,20260911,bajo,b21_ctx1,bajo,-0.06983090677195154
fold4_stack_global_C0.01_20260911,4,stack_global_C0.01,20260911,bajo,b21_ctx1,medio,0.03536643119725616
fold4_stack_global_C0.01_20260911,4,stack_global_C0.01,20260911,bajo,b21_ctx1,alto,0.06380292201372621
fold4_stack_global_C0.01_20260911,4,stack_global_C0.01,20260911,bajo,b21_ctx8,bajo,-0.09380928913347777
fold4_stack_global_C0.01_20260911,4,stack_global_C0.01,20260911,bajo,b21_ctx8,medio,0.12798402077363374
fold4_stack_global_C0.01_20260911,4,stack_global_C0.01,20260911,bajo,b21_ctx8,alto,-0.022576685901968478
fold4_stack_global_C0.01_20260911,4,stack_global_C0.01,20260911,medio,b15_ctx1,bajo,0.02516509574578381
fold4_stack_global_C0.01_20260911,4,stack_global_C0.01,20260911,medio,b15_ctx1,medio,-0.015515727990821024
fold4_stack_global_C0.01_20260911,4,stack_global_C0.01,20260911,medio,b15_ctx1,alto,-0.01769461754126336
fold4_stack_global_C0.01_20260911,4,stack_global_C0.01,20260911,medio,b15_ctx8,bajo,0.02184934463875785
fold4_stack_global_C0.01_20260911,4,stack_global_C0.01,20260911,medio,b15_ctx8,medio,-0.007794060103602192
fold4_stack_global_C0.01_20260911,4,stack_global_C0.01,20260911,medio,b15_ctx8,alto,-0.0198076310444879
fold4_stack_global_C0.01_20260911,4,stack_global_C0.01,20260911,medio,b16_ctx1,bajo,0.06117480263577577
fold4_stack_global_C0.01_20260911,4,stack_global_C0.01,20260911,medio,b16_ctx1,medio,-0.07973354963608228
fold4_stack_global_C0.01_20260911,4,stack_global_C0.01,20260911,medio,b16_ctx1,alto,0.016160934353365384
fold4_stack_global_C0.01_20260911,4,stack_global_C0.01,20260911,medio,b16_ctx8,bajo,0.0013437678429333438
fold4_stack_global_C0.01_20260911,4,stack_global_C0.01,20260911,medio,b16_ctx8,medio,-0.010760531586545058
fold4_stack_global_C0.01_20260911,4,stack_global_C0.01,20260911,medio,b16_ctx8,alto,0.008146897029910366
fold4_stack_global_C0.01_20260911,4,stack_global_C0.01,20260911,medio,b17_ctx1,bajo,0.0009808670925330685
fold4_stack_global_C0.01_20260911,4,stack_global_C0.01,20260911,medio,b17_ctx1,medio,-0.041457526690078475
fold4_stack_global_C0.01_20260911,4,stack_global_C0.01,20260911,medio,b17_ctx1,alto,0.053695838621714786
fold4_stack_global_C0.01_20260911,4,stack_global_C0.01,20260911,medio,b17_ctx8,bajo,0.008510105267148816
fold4_stack_global_C0.01_20260911,4,stack_global_C0.01,20260911,medio,b17_ctx8,medio,-0.0667482228587194
fold4_stack_global_C0.01_20260911,4,stack_global_C0.01,20260911,medio,b17_ctx8,alto,0.05250618885057973
fold4_stack_global_C0.01_20260911,4,stack_global_C0.01,20260911,medio,b18_ctx1,bajo,-0.07695016852183194
fold4_stack_global_C0.01_20260911,4,stack_global_C0.01,20260911,medio,b18_ctx1,medio,0.0642403936949318
fold4_stack_global_C0.01_20260911,4,stack_global_C0.01,20260911,medio,b18_ctx1,alto,0.016495739059513775
fold4_stack_global_C0.01_20260911,4,stack_global_C0.01,20260911,medio,b18_ctx8,bajo,0.04717853301279241
fold4_stack_global_C0.01_20260911,4,stack_global_C0.01,20260911,medio,b18_ctx8,medio,0.0011712385570965401
fold4_stack_global_C0.01_20260911,4,stack_global_C0.01,20260911,medio,b18_ctx8,alto,-0.057002215001351476
fold4_stack_global_C0.01_20260911,4,stack_global_C0.01,20260911,medio,b19_ctx1,bajo,-0.012995848893037691
fold4_stack_global_C0.01_20260911,4,stack_global_C0.01,20260911,medio,b19_ctx1,medio,0.02400846649515174
fold4_stack_global_C0.01_20260911,4,stack_global_C0.01,20260911,medio,b19_ctx1,alto,-0.011705103894262771
fold4_stack_global_C0.01_20260911,4,stack_global_C0.01,20260911,medio,b19_ctx8,bajo,-0.12129998091920631
fold4_stack_global_C0.01_20260911,4,stack_global_C0.01,20260911,medio,b19_ctx8,medio,0.07014663592888516
fold4_stack_global_C0.01_20260911,4,stack_global_C0.01,20260911,medio,b19_ctx8,alto,0.08707015114120792
fold4_stack_global_C0.01_20260911,4,stack_global_C0.01,20260911,medio,b20_ctx1,bajo,-0.05092727631711015
fold4_stack_global_C0.01_20260911,4,stack_global_C0.01,20260911,medio,b20_ctx1,medio,0.08988821494200902
fold4_stack_global_C0.01_20260911,4,stack_global_C0.01,20260911,medio,b20_ctx1,alto,-0.05121942933536548
fold4_stack_global_C0.01_20260911,4,stack_global_C0.01,20260911,medio,b20_ctx8,bajo,-0.06238528134352787
fold4_stack_global_C0.01_20260911,4,stack_global_C0.01,20260911,medio,b20_ctx8,medio,0.12495208669976708
fold4_stack_global_C0.01_20260911,4,stack_global_C0.01,20260911,medio,b20_ctx8,alto,-0.04182081987769555
fold4_stack_global_C0.01_20260911,4,stack_global_C0.01,20260911,medio,b21_ctx1,bajo,0.056681234546696595
fold4_stack_global_C0.01_20260911,4,stack_global_C0.01,20260911,medio,b21_ctx1,medio,-0.02017124965102681
fold4_stack_global_C0.01_20260911,4,stack_global_C0.01,20260911,medio,b21_ctx1,alto,-0.06632398439440496
fold4_stack_global_C0.01_20260911,4,stack_global_C0.01,20260911,medio,b21_ctx8,bajo,0.08163695440029235
fold4_stack_global_C0.01_20260911,4,stack_global_C0.01,20260911,medio,b21_ctx8,medio,-0.10364742751777573
fold4_stack_global_C0.01_20260911,4,stack_global_C0.01,20260911,medio,b21_ctx8,alto,0.010623248920032118
fold4_stack_global_C0.1_20260911,4,stack_global_C0.1,20260911,alto,b15_ctx1,bajo,0.05771218327565625
fold4_stack_global_C0.1_20260911,4,stack_global_C0.1,20260911,alto,b15_ctx1,medio,-0.025704541949388676
fold4_stack_global_C0.1_20260911,4,stack_global_C0.1,20260911,alto,b15_ctx1,alto,-0.0546517802196479
fold4_stack_global_C0.1_20260911,4,stack_global_C0.1,20260911,alto,b15_ctx8,bajo,0.406546052096814
fold4_stack_global_C0.1_20260911,4,stack_global_C0.1,20260911,alto,b15_ctx8,medio,-0.2571580520617396
fold4_stack_global_C0.1_20260911,4,stack_global_C0.1,20260911,alto,b15_ctx8,alto,-0.2651776028031879
fold4_stack_global_C0.1_20260911,4,stack_global_C0.1,20260911,alto,b16_ctx1,bajo,-0.16980298692118218
fold4_stack_global_C0.1_20260911,4,stack_global_C0.1,20260911,alto,b16_ctx1,medio,0.03704123560819473
fold4_stack_global_C0.1_20260911,4,stack_global_C0.1,20260911,alto,b16_ctx1,alto,0.19425782890876975
fold4_stack_global_C0.1_20260911,4,stack_global_C0.1,20260911,alto,b16_ctx8,bajo,0.2507721701480937
fold4_stack_global_C0.1_20260911,4,stack_global_C0.1,20260911,alto,b16_ctx8,medio,-0.20811928726463025
fold4_stack_global_C0.1_20260911,4,stack_global_C0.1,20260911,alto,b16_ctx8,alto,-0.11359048437276102
fold4_stack_global_C0.1_20260911,4,stack_global_C0.1,20260911,alto,b17_ctx1,bajo,-0.12138370043254242
fold4_stack_global_C0.1_20260911,4,stack_global_C0.1,20260911,alto,b17_ctx1,medio,0.24568489355677509
fold4_stack_global_C0.1_20260911,4,stack_global_C0.1,20260911,alto,b17_ctx1,alto,-0.15883568176248333
fold4_stack_global_C0.1_20260911,4,stack_global_C0.1,20260911,alto,b17_ctx8,bajo,0.01961993242480007
fold4_stack_global_C0.1_20260911,4,stack_global_C0.1,20260911,alto,b17_ctx8,medio,0.10120713525595659
fold4_stack_global_C0.1_20260911,4,stack_global_C0.1,20260911,alto,b17_ctx8,alto,-0.11831557998105073
fold4_stack_global_C0.1_20260911,4,stack_global_C0.1,20260911,alto,b18_ctx1,bajo,0.1399118098664085
fold4_stack_global_C0.1_20260911,4,stack_global_C0.1,20260911,alto,b18_ctx1,medio,-0.18129981960738079
fold4_stack_global_C0.1_20260911,4,stack_global_C0.1,20260911,alto,b18_ctx1,alto,0.05956052487423649
fold4_stack_global_C0.1_20260911,4,stack_global_C0.1,20260911,alto,b18_ctx8,bajo,-0.059967598656118726
fold4_stack_global_C0.1_20260911,4,stack_global_C0.1,20260911,alto,b18_ctx8,medio,-0.06707791536387235
fold4_stack_global_C0.1_20260911,4,stack_global_C0.1,20260911,alto,b18_ctx8,alto,0.13661280648356586
fold4_stack_global_C0.1_20260911,4,stack_global_C0.1,20260911,alto,b19_ctx1,bajo,0.05444498395473297
fold4_stack_global_C0.1_20260911,4,stack_global_C0.1,20260911,alto,b19_ctx1,medio,-0.03679092166315134
fold4_stack_global_C0.1_20260911,4,stack_global_C0.1,20260911,alto,b19_ctx1,alto,-0.03548430321179819
fold4_stack_global_C0.1_20260911,4,stack_global_C0.1,20260911,alto,b19_ctx8,bajo,-0.31792168140693133
fold4_stack_global_C0.1_20260911,4,stack_global_C0.1,20260911,alto,b19_ctx8,medio,0.34302086103766777
fold4_stack_global_C0.1_20260911,4,stack_global_C0.1,20260911,alto,b19_ctx8,alto,0.08428808027724724
fold4_stack_global_C0.1_20260911,4,stack_global_C0.1,20260911,alto,b20_ctx1,bajo,0.1094603791530661
fold4_stack_global_C0.1_20260911,4,stack_global_C0.1,20260911,alto,b20_ctx1,medio,-0.08103323188595055
fold4_stack_global_C0.1_20260911,4,stack_global_C0.1,20260911,alto,b20_ctx1,alto,-0.06222054733032639
fold4_stack_global_C0.1_20260911,4,stack_global_C0.1,20260911,alto,b20_ctx8,bajo,-0.3959788129560634
fold4_stack_global_C0.1_20260911,4,stack_global_C0.1,20260911,alto,b20_ctx8,medio,0.26819121507126026
fold4_stack_global_C0.1_20260911,4,stack_global_C0.1,20260911,alto,b20_ctx8,alto,0.24378645876464236
fold4_stack_global_C0.1_20260911,4,stack_global_C0.1,20260911,alto,b21_ctx1,bajo,-0.0557630923978713
fold4_stack_global_C0.1_20260911,4,stack_global_C0.1,20260911,alto,b21_ctx1,medio,0.026848303415949768
fold4_stack_global_C0.1_20260911,4,stack_global_C0.1,20260911,alto,b21_ctx1,alto,0.053322351275277236
fold4_stack_global_C0.1_20260911,4,stack_global_C0.1,20260911,alto,b21_ctx8,bajo,0.11754801671671912
fold4_stack_global_C0.1_20260911,4,stack_global_C0.1,20260911,alto,b21_ctx8,medio,-0.11115337712218822
fold4_stack_global_C0.1_20260911,4,stack_global_C0.1,20260911,alto,b21_ctx8,alto,-0.02916733174412443
fold4_stack_global_C0.1_20260911,4,stack_global_C0.1,20260911,bajo,b15_ctx1,bajo,-0.21523372652767855
fold4_stack_global_C0.1_20260911,4,stack_global_C0.1,20260911,bajo,b15_ctx1,medio,0.2462123502711629
fold4_stack_global_C0.1_20260911,4,stack_global_C0.1,20260911,bajo,b15_ctx1,alto,-0.010356104629905799
fold4_stack_global_C0.1_20260911,4,stack_global_C0.1,20260911,bajo,b15_ctx8,bajo,-0.6110152132141545
fold4_stack_global_C0.1_20260911,4,stack_global_C0.1,20260911,bajo,b15_ctx8,medio,0.5492313296774033
fold4_stack_global_C0.1_20260911,4,stack_global_C0.1,20260911,bajo,b15_ctx8,alto,0.24851751726438684
fold4_stack_global_C0.1_20260911,4,stack_global_C0.1,20260911,bajo,b16_ctx1,bajo,-0.07284889023503825
fold4_stack_global_C0.1_20260911,4,stack_global_C0.1,20260911,bajo,b16_ctx1,medio,0.2390143268227164
fold4_stack_global_C0.1_20260911,4,stack_global_C0.1,20260911,bajo,b16_ctx1,alto,-0.20618392575994007
fold4_stack_global_C0.1_20260911,4,stack_global_C0.1,20260911,bajo,b16_ctx8,bajo,-0.36578919116556363
fold4_stack_global_C0.1_20260911,4,stack_global_C0.1,20260911,bajo,b16_ctx8,medio,0.19066658030935438
fold4_stack_global_C0.1_20260911,4,stack_global_C0.1,20260911,bajo,b16_ctx8,alto,0.2681805888790194
fold4_stack_global_C0.1_20260911,4,stack_global_C0.1,20260911,bajo,b17_ctx1,bajo,0.031070777620372112
fold4_stack_global_C0.1_20260911,4,stack_global_C0.1,20260911,bajo,b17_ctx1,medio,-0.02004171338406141
fold4_stack_global_C0.1_20260911,4,stack_global_C0.1,20260911,bajo,b17_ctx1,alto,-0.016235563137333372
fold4_stack_global_C0.1_20260911,4,stack_global_C0.1,20260911,bajo,b17_ctx8,bajo,0.04891588776549043
fold4_stack_global_C0.1_20260911,4,stack_global_C0.1,20260911,bajo,b17_ctx8,medio,0.09972139628835099
fold4_stack_global_C0.1_20260911,4,stack_global_C0.1,20260911,bajo,b17_ctx8,alto,-0.15178372698829473
fold4_stack_global_C0.1_20260911,4,stack_global_C0.1,20260911,bajo,b18_ctx1,bajo,0.1303007570155411
fold4_stack_global_C0.1_20260911,4,stack_global_C0.1,20260911,bajo,b18_ctx1,medio,-0.13839209433917016
fold4_stack_global_C0.1_20260911,4,stack_global_C0.1,20260911,bajo,b18_ctx1,alto,0.013184732291540966
fold4_stack_global_C0.1_20260911,4,stack_global_C0.1,20260911,bajo,b18_ctx8,bajo,-0.05558448484118343
fold4_stack_global_C0.1_20260911,4,stack_global_C0.1,20260911,bajo,b18_ctx8,medio,0.00837649009280802
fold4_stack_global_C0.1_20260911,4,stack_global_C0.1,20260911,bajo,b18_ctx8,alto,0.05761487997836687
fold4_stack_global_C0.1_20260911,4,stack_global_C0.1,20260911,bajo,b19_ctx1,bajo,0.05606420105582812
fold4_stack_global_C0.1_20260911,4,stack_global_C0.1,20260911,bajo,b19_ctx1,medio,-0.1558697129298504
fold4_stack_global_C0.1_20260911,4,stack_global_C0.1,20260911,bajo,b19_ctx1,alto,0.11978897300249476
fold4_stack_global_C0.1_20260911,4,stack_global_C0.1,20260911,bajo,b19_ctx8,bajo,0.6472262484441964
fold4_stack_global_C0.1_20260911,4,stack_global_C0.1,20260911,bajo,b19_ctx8,medio,-0.5492697415043007
fold4_stack_global_C0.1_20260911,4,stack_global_C0.1,20260911,bajo,b19_ctx8,alto,-0.3063658680613611
fold4_stack_global_C0.1_20260911,4,stack_global_C0.1,20260911,bajo,b20_ctx1,bajo,0.1152396078020909
fold4_stack_global_C0.1_20260911,4,stack_global_C0.1,20260911,bajo,b20_ctx1,medio,-0.21975401942375533
fold4_stack_global_C0.1_20260911,4,stack_global_C0.1,20260911,bajo,b20_ctx1,alto,0.14102102902021926
fold4_stack_global_C0.1_20260911,4,stack_global_C0.1,20260911,bajo,b20_ctx8,bajo,0.5531241218801396
fold4_stack_global_C0.1_20260911,4,stack_global_C0.1,20260911,bajo,b20_ctx8,medio,-0.6854455169973658
fold4_stack_global_C0.1_20260911,4,stack_global_C0.1,20260911,bajo,b20_ctx8,alto,-0.03899799740885836
fold4_stack_global_C0.1_20260911,4,stack_global_C0.1,20260911,bajo,b21_ctx1,bajo,-0.04439863401637342
fold4_stack_global_C0.1_20260911,4,stack_global_C0.1,20260911,bajo,b21_ctx1,medio,0.028157263524225106
fold4_stack_global_C0.1_20260911,4,stack_global_C0.1,20260911,bajo,b21_ctx1,alto,0.03090808755396327
fold4_stack_global_C0.1_20260911,4,stack_global_C0.1,20260911,bajo,b21_ctx8,bajo,-0.23025321250157257
fold4_stack_global_C0.1_20260911,4,stack_global_C0.1,20260911,bajo,b21_ctx8,medio,0.3192139572784215
fold4_stack_global_C0.1_20260911,4,stack_global_C0.1,20260911,bajo,b21_ctx8,alto,-0.06134393101381062
fold4_stack_global_C0.1_20260911,4,stack_global_C0.1,20260911,medio,b15_ctx1,bajo,0.1575215432520189
fold4_stack_global_C0.1_20260911,4,stack_global_C0.1,20260911,medio,b15_ctx1,medio,-0.22050780832176942
fold4_stack_global_C0.1_20260911,4,stack_global_C0.1,20260911,medio,b15_ctx1,alto,0.06500788484955426
fold4_stack_global_C0.1_20260911,4,stack_global_C0.1,20260911,medio,b15_ctx8,bajo,0.20446916111734564
fold4_stack_global_C0.1_20260911,4,stack_global_C0.1,20260911,medio,b15_ctx8,medio,-0.2920732776156606
fold4_stack_global_C0.1_20260911,4,stack_global_C0.1,20260911,medio,b15_ctx8,alto,0.016660085538805047
fold4_stack_global_C0.1_20260911,4,stack_global_C0.1,20260911,medio,b16_ctx1,bajo,0.24265187715622116
fold4_stack_global_C0.1_20260911,4,stack_global_C0.1,20260911,medio,b16_ctx1,medio,-0.27605556243091334
fold4_stack_global_C0.1_20260911,4,stack_global_C0.1,20260911,medio,b16_ctx1,alto,0.011926096851169361
fold4_stack_global_C0.1_20260911,4,stack_global_C0.1,20260911,medio,b16_ctx8,bajo,0.11501702101747502
fold4_stack_global_C0.1_20260911,4,stack_global_C0.1,20260911,medio,b16_ctx8,medio,0.017452706955266552
fold4_stack_global_C0.1_20260911,4,stack_global_C0.1,20260911,medio,b16_ctx8,alto,-0.15459010450625313
fold4_stack_global_C0.1_20260911,4,stack_global_C0.1,20260911,medio,b17_ctx1,bajo,0.09031292281217192
fold4_stack_global_C0.1_20260911,4,stack_global_C0.1,20260911,medio,b17_ctx1,medio,-0.22564318017271806
fold4_stack_global_C0.1_20260911,4,stack_global_C0.1,20260911,medio,b17_ctx1,alto,0.17507124489981818
fold4_stack_global_C0.1_20260911,4,stack_global_C0.1,20260911,medio,b17_ctx8,bajo,-0.06853582019028637
fold4_stack_global_C0.1_20260911,4,stack_global_C0.1,20260911,medio,b17_ctx8,medio,-0.2009285315443064
fold4_stack_global_C0.1_20260911,4,stack_global_C0.1,20260911,medio,b17_ctx8,alto,0.2700993069693382
fold4_stack_global_C0.1_20260911,4,stack_global_C0.1,20260911,medio,b18_ctx1,bajo,-0.27021256688194567
fold4_stack_global_C0.1_20260911,4,stack_global_C0.1,20260911,medio,b18_ctx1,medio,0.31969191394654867
fold4_stack_global_C0.1_20260911,4,stack_global_C0.1,20260911,medio,b18_ctx1,alto,-0.07274525716577289
fold4_stack_global_C0.1_20260911,4,stack_global_C0.1,20260911,medio,b18_ctx8,bajo,0.11555208349729937
fold4_stack_global_C0.1_20260911,4,stack_global_C0.1,20260911,medio,b18_ctx8,medio,0.05870142527106484
fold4_stack_global_C0.1_20260911,4,stack_global_C0.1,20260911,medio,b18_ctx8,alto,-0.19422768646193606
fold4_stack_global_C0.1_20260911,4,stack_global_C0.1,20260911,medio,b19_ctx1,bajo,-0.11050918501055831
fold4_stack_global_C0.1_20260911,4,stack_global_C0.1,20260911,medio,b19_ctx1,medio,0.19266063459300628
fold4_stack_global_C0.1_20260911,4,stack_global_C0.1,20260911,medio,b19_ctx1,alto,-0.08430466979069533
fold4_stack_global_C0.1_20260911,4,stack_global_C0.1,20260911,medio,b19_ctx8,bajo,-0.32930456703726124
fold4_stack_global_C0.1_20260911,4,stack_global_C0.1,20260911,medio,b19_ctx8,medio,0.20624888046663034
fold4_stack_global_C0.1_20260911,4,stack_global_C0.1,20260911,medio,b19_ctx8,alto,0.22207778778411838
fold4_stack_global_C0.1_20260911,4,stack_global_C0.1,20260911,medio,b20_ctx1,bajo,-0.22469998695515672
fold4_stack_global_C0.1_20260911,4,stack_global_C0.1,20260911,medio,b20_ctx1,medio,0.3007872513096995
fold4_stack_global_C0.1_20260911,4,stack_global_C0.1,20260911,medio,b20_ctx1,alto,-0.07880048168988865
fold4_stack_global_C0.1_20260911,4,stack_global_C0.1,20260911,medio,b20_ctx8,bajo,-0.1571453089240643
fold4_stack_global_C0.1_20260911,4,stack_global_C0.1,20260911,medio,b20_ctx8,medio,0.4172543019261006
fold4_stack_global_C0.1_20260911,4,stack_global_C0.1,20260911,medio,b20_ctx8,alto,-0.20478846135578488
fold4_stack_global_C0.1_20260911,4,stack_global_C0.1,20260911,medio,b21_ctx1,bajo,0.10016172641424156
fold4_stack_global_C0.1_20260911,4,stack_global_C0.1,20260911,medio,b21_ctx1,medio,-0.05500556694017322
fold4_stack_global_C0.1_20260911,4,stack_global_C0.1,20260911,medio,b21_ctx1,alto,-0.08423043882923807
fold4_stack_global_C0.1_20260911,4,stack_global_C0.1,20260911,medio,b21_ctx8,bajo,0.1127051957848543
fold4_stack_global_C0.1_20260911,4,stack_global_C0.1,20260911,medio,b21_ctx8,medio,-0.20806058015624235
fold4_stack_global_C0.1_20260911,4,stack_global_C0.1,20260911,medio,b21_ctx8,alto,0.0905112627579391
fold4_stack_participant_C0.001_20260911,4,stack_participant_C0.001,20260911,alto,b15_ctx1,bajo,0.00821309760840073
fold4_stack_participant_C0.001_20260911,4,stack_participant_C0.001,20260911,alto,b15_ctx1,medio,-0.013821150784388947
fold4_stack_participant_C0.001_20260911,4,stack_participant_C0.001,20260911,alto,b15_ctx1,alto,0.006700052774253313
fold4_stack_participant_C0.001_20260911,4,stack_participant_C0.001,20260911,alto,b15_ctx8,bajo,-0.005802505035587355
fold4_stack_participant_C0.001_20260911,4,stack_participant_C0.001,20260911,alto,b15_ctx8,medio,0.01975100706735636
fold4_stack_participant_C0.001_20260911,4,stack_participant_C0.001,20260911,alto,b15_ctx8,alto,-0.011040096815974058
fold4_stack_participant_C0.001_20260911,4,stack_participant_C0.001,20260911,alto,b16_ctx1,bajo,-0.0051823413420855665
fold4_stack_participant_C0.001_20260911,4,stack_participant_C0.001,20260911,alto,b16_ctx1,medio,0.0071788239916533375
fold4_stack_participant_C0.001_20260911,4,stack_participant_C0.001,20260911,alto,b16_ctx1,alto,-0.001919628147289603
fold4_stack_participant_C0.001_20260911,4,stack_participant_C0.001,20260911,alto,b16_ctx8,bajo,0.0019079948060386949
fold4_stack_participant_C0.001_20260911,4,stack_participant_C0.001,20260911,alto,b16_ctx8,medio,0.025452582395644237
fold4_stack_participant_C0.001_20260911,4,stack_participant_C0.001,20260911,alto,b16_ctx8,alto,-0.0254063256761768
fold4_stack_participant_C0.001_20260911,4,stack_participant_C0.001,20260911,alto,b17_ctx1,bajo,-0.005332026761408453
fold4_stack_participant_C0.001_20260911,4,stack_participant_C0.001,20260911,alto,b17_ctx1,medio,0.008689254787564866
fold4_stack_participant_C0.001_20260911,4,stack_participant_C0.001,20260911,alto,b17_ctx1,alto,-0.004184817261589313
fold4_stack_participant_C0.001_20260911,4,stack_participant_C0.001,20260911,alto,b17_ctx8,bajo,0.006448501308409031
fold4_stack_participant_C0.001_20260911,4,stack_participant_C0.001,20260911,alto,b17_ctx8,medio,0.012467497873291879
fold4_stack_participant_C0.001_20260911,4,stack_participant_C0.001,20260911,alto,b17_ctx8,alto,-0.019372625421131398
fold4_stack_participant_C0.001_20260911,4,stack_participant_C0.001,20260911,alto,b18_ctx1,bajo,0.0017341058824415123
fold4_stack_participant_C0.001_20260911,4,stack_participant_C0.001,20260911,alto,b18_ctx1,medio,-0.0027980663253398584
fold4_stack_participant_C0.001_20260911,4,stack_participant_C0.001,20260911,alto,b18_ctx1,alto,0.0015032458772324148
fold4_stack_participant_C0.001_20260911,4,stack_participant_C0.001,20260911,alto,b18_ctx8,bajo,0.009479358308443413
fold4_stack_participant_C0.001_20260911,4,stack_participant_C0.001,20260911,alto,b18_ctx8,medio,-0.003766326932620213
fold4_stack_participant_C0.001_20260911,4,stack_participant_C0.001,20260911,alto,b18_ctx8,alto,-0.007538810318254348
fold4_stack_participant_C0.001_20260911,4,stack_participant_C0.001,20260911,alto,b19_ctx1,bajo,0.0038103077223728614
fold4_stack_participant_C0.001_20260911,4,stack_participant_C0.001,20260911,alto,b19_ctx1,medio,-0.0013915568188792354
fold4_stack_participant_C0.001_20260911,4,stack_participant_C0.001,20260911,alto,b19_ctx1,alto,-0.004051134854336056
fold4_stack_participant_C0.001_20260911,4,stack_participant_C0.001,20260911,alto,b19_ctx8,bajo,-0.011345995806853363
fold4_stack_participant_C0.001_20260911,4,stack_participant_C0.001,20260911,alto,b19_ctx8,medio,0.03925940711876299
fold4_stack_participant_C0.001_20260911,4,stack_participant_C0.001,20260911,alto,b19_ctx8,alto,-0.021420879519276174
fold4_stack_participant_C0.001_20260911,4,stack_participant_C0.001,20260911,alto,b20_ctx1,bajo,0.013412971003528925
fold4_stack_participant_C0.001_20260911,4,stack_participant_C0.001,20260911,alto,b20_ctx1,medio,-0.021116245805444335
fold4_stack_participant_C0.001_20260911,4,stack_participant_C0.001,20260911,alto,b20_ctx1,alto,0.00956029435560165
fold4_stack_participant_C0.001_20260911,4,stack_participant_C0.001,20260911,alto,b20_ctx8,bajo,-0.012783827965975908
fold4_stack_participant_C0.001_20260911,4,stack_participant_C0.001,20260911,alto,b20_ctx8,medio,0.015930906695542927
fold4_stack_participant_C0.001_20260911,4,stack_participant_C0.001,20260911,alto,b20_ctx8,alto,0.0008151170723920128
fold4_stack_participant_C0.001_20260911,4,stack_participant_C0.001,20260911,alto,b21_ctx1,bajo,0.004462741482198338
fold4_stack_participant_C0.001_20260911,4,stack_participant_C0.001,20260911,alto,b21_ctx1,medio,-0.019122601225370538
fold4_stack_participant_C0.001_20260911,4,stack_participant_C0.001,20260911,alto,b21_ctx1,alto,0.02463877317866054
fold4_stack_participant_C0.001_20260911,4,stack_participant_C0.001,20260911,alto,b21_ctx8,bajo,-0.0022750453489207936
fold4_stack_participant_C0.001_20260911,4,stack_participant_C0.001,20260911,alto,b21_ctx8,medio,-0.012083739058453315
fold4_stack_participant_C0.001_20260911,4,stack_participant_C0.001,20260911,alto,b21_ctx8,alto,0.017182686072084032
fold4_stack_participant_C0.001_20260911,4,stack_participant_C0.001,20260911,bajo,b15_ctx1,bajo,-0.014695065203820154
fold4_stack_participant_C0.001_20260911,4,stack_participant_C0.001,20260911,bajo,b15_ctx1,medio,0.009048415051681918
fold4_stack_participant_C0.001_20260911,4,stack_participant_C0.001,20260911,bajo,b15_ctx1,alto,0.010349711920515996
fold4_stack_participant_C0.001_20260911,4,stack_participant_C0.001,20260911,bajo,b15_ctx8,bajo,0.01725449455307142
fold4_stack_participant_C0.001_20260911,4,stack_participant_C0.001,20260911,bajo,b15_ctx8,medio,-0.029836532391893898
fold4_stack_participant_C0.001_20260911,4,stack_participant_C0.001,20260911,bajo,b15_ctx8,alto,0.006190046590338957
fold4_stack_participant_C0.001_20260911,4,stack_participant_C0.001,20260911,bajo,b16_ctx1,bajo,0.005587219484934707
fold4_stack_participant_C0.001_20260911,4,stack_participant_C0.001,20260911,bajo,b16_ctx1,medio,-0.001056673417692505
fold4_stack_participant_C0.001_20260911,4,stack_participant_C0.001,20260911,bajo,b16_ctx1,alto,-0.006602272827989402
fold4_stack_participant_C0.001_20260911,4,stack_participant_C0.001,20260911,bajo,b16_ctx8,bajo,0.010263915497535534
fold4_stack_participant_C0.001_20260911,4,stack_participant_C0.001,20260911,bajo,b16_ctx8,medio,-0.024905639667525875
fold4_stack_participant_C0.001_20260911,4,stack_participant_C0.001,20260911,bajo,b16_ctx8,alto,0.01022661610365835
fold4_stack_participant_C0.001_20260911,4,stack_participant_C0.001,20260911,bajo,b17_ctx1,bajo,0.0152895427594424
fold4_stack_participant_C0.001_20260911,4,stack_participant_C0.001,20260911,bajo,b17_ctx1,medio,-0.0060724208034355735
fold4_stack_participant_C0.001_20260911,4,stack_participant_C0.001,20260911,bajo,b17_ctx1,alto,-0.01302159809912447
fold4_stack_participant_C0.001_20260911,4,stack_participant_C0.001,20260911,bajo,b17_ctx8,bajo,-0.005678205128410213
fold4_stack_participant_C0.001_20260911,4,stack_participant_C0.001,20260911,bajo,b17_ctx8,medio,0.00026221299375219967
fold4_stack_participant_C0.001_20260911,4,stack_participant_C0.001,20260911,bajo,b17_ctx8,alto,0.006511036583401342
fold4_stack_participant_C0.001_20260911,4,stack_participant_C0.001,20260911,bajo,b18_ctx1,bajo,0.017780027064699278
fold4_stack_participant_C0.001_20260911,4,stack_participant_C0.001,20260911,bajo,b18_ctx1,medio,-0.007597447119412258
fold4_stack_participant_C0.001_20260911,4,stack_participant_C0.001,20260911,bajo,b18_ctx1,alto,-0.013872279683790458
fold4_stack_participant_C0.001_20260911,4,stack_participant_C0.001,20260911,bajo,b18_ctx8,bajo,-0.01763521294633797
fold4_stack_participant_C0.001_20260911,4,stack_participant_C0.001,20260911,bajo,b18_ctx8,medio,0.010887348165642175
fold4_stack_participant_C0.001_20260911,4,stack_participant_C0.001,20260911,bajo,b18_ctx8,alto,0.010229151179347001
fold4_stack_participant_C0.001_20260911,4,stack_participant_C0.001,20260911,bajo,b19_ctx1,bajo,0.0020457030755703415
fold4_stack_participant_C0.001_20260911,4,stack_participant_C0.001,20260911,bajo,b19_ctx1,medio,-0.005144216942383662
fold4_stack_participant_C0.001_20260911,4,stack_participant_C0.001,20260911,bajo,b19_ctx1,alto,0.0036511312282427014
fold4_stack_participant_C0.001_20260911,4,stack_participant_C0.001,20260911,bajo,b19_ctx8,bajo,0.04138037564895681
fold4_stack_participant_C0.001_20260911,4,stack_participant_C0.001,20260911,bajo,b19_ctx8,medio,-0.05278057467973243
fold4_stack_participant_C0.001_20260911,4,stack_participant_C0.001,20260911,bajo,b19_ctx8,alto,-0.0036168390701029583
fold4_stack_participant_C0.001_20260911,4,stack_participant_C0.001,20260911,bajo,b20_ctx1,bajo,-0.018379328563836343
fold4_stack_participant_C0.001_20260911,4,stack_participant_C0.001,20260911,bajo,b20_ctx1,medio,0.006691462673012274
fold4_stack_participant_C0.001_20260911,4,stack_participant_C0.001,20260911,bajo,b20_ctx1,alto,0.02106953443665974
fold4_stack_participant_C0.001_20260911,4,stack_participant_C0.001,20260911,bajo,b20_ctx8,bajo,0.02838471302471274
fold4_stack_participant_C0.001_20260911,4,stack_participant_C0.001,20260911,bajo,b20_ctx8,medio,-0.040676480690452696
fold4_stack_participant_C0.001_20260911,4,stack_participant_C0.001,20260911,bajo,b20_ctx8,alto,0.0033357978264078867
fold4_stack_participant_C0.001_20260911,4,stack_participant_C0.001,20260911,bajo,b21_ctx1,bajo,-0.04086351635124276
fold4_stack_participant_C0.001_20260911,4,stack_participant_C0.001,20260911,bajo,b21_ctx1,medio,0.029858444579723347
fold4_stack_participant_C0.001_20260911,4,stack_participant_C0.001,20260911,bajo,b21_ctx1,alto,0.021732070063922228
fold4_stack_participant_C0.001_20260911,4,stack_participant_C0.001,20260911,bajo,b21_ctx8,bajo,-0.029096039585285262
fold4_stack_participant_C0.001_20260911,4,stack_participant_C0.001,20260911,bajo,b21_ctx8,medio,0.03177481321606483
fold4_stack_participant_C0.001_20260911,4,stack_participant_C0.001,20260911,bajo,b21_ctx8,alto,0.0022445743126935378
fold4_stack_participant_C0.001_20260911,4,stack_participant_C0.001,20260911,medio,b15_ctx1,bajo,0.006481967595419415
fold4_stack_participant_C0.001_20260911,4,stack_participant_C0.001,20260911,medio,b15_ctx1,medio,0.004772735732706913
fold4_stack_participant_C0.001_20260911,4,stack_participant_C0.001,20260911,medio,b15_ctx1,alto,-0.017049764694769477
fold4_stack_participant_C0.001_20260911,4,stack_participant_C0.001,20260911,medio,b15_ctx8,bajo,-0.01145198951748395
fold4_stack_participant_C0.001_20260911,4,stack_participant_C0.001,20260911,medio,b15_ctx8,medio,0.010085525324537464
fold4_stack_participant_C0.001_20260911,4,stack_participant_C0.001,20260911,medio,b15_ctx8,alto,0.004850050225635081
fold4_stack_participant_C0.001_20260911,4,stack_participant_C0.001,20260911,medio,b16_ctx1,bajo,-0.00040487814284920237
fold4_stack_participant_C0.001_20260911,4,stack_participant_C0.001,20260911,medio,b16_ctx1,medio,-0.006122150573960866
fold4_stack_participant_C0.001_20260911,4,stack_participant_C0.001,20260911,medio,b16_ctx1,alto,0.008521900975279044
fold4_stack_participant_C0.001_20260911,4,stack_participant_C0.001,20260911,medio,b16_ctx8,bajo,-0.012171910303574054
fold4_stack_participant_C0.001_20260911,4,stack_participant_C0.001,20260911,medio,b16_ctx8,medio,-0.0005469427281183803
fold4_stack_participant_C0.001_20260911,4,stack_participant_C0.001,20260911,medio,b16_ctx8,alto,0.015179709572518333
fold4_stack_participant_C0.001_20260911,4,stack_participant_C0.001,20260911,medio,b17_ctx1,bajo,-0.009957515998033968
fold4_stack_participant_C0.001_20260911,4,stack_participant_C0.001,20260911,medio,b17_ctx1,medio,-0.002616833984129295
fold4_stack_participant_C0.001_20260911,4,stack_participant_C0.001,20260911,medio,b17_ctx1,alto,0.01720641536071383
fold4_stack_participant_C0.001_20260911,4,stack_participant_C0.001,20260911,medio,b17_ctx8,bajo,-0.0007702961799988353
fold4_stack_participant_C0.001_20260911,4,stack_participant_C0.001,20260911,medio,b17_ctx8,medio,-0.012729710867044065
fold4_stack_participant_C0.001_20260911,4,stack_participant_C0.001,20260911,medio,b17_ctx8,alto,0.012861588837730004
fold4_stack_participant_C0.001_20260911,4,stack_participant_C0.001,20260911,medio,b18_ctx1,bajo,-0.01951413294714078
fold4_stack_participant_C0.001_20260911,4,stack_participant_C0.001,20260911,medio,b18_ctx1,medio,0.010395513444752074
fold4_stack_participant_C0.001_20260911,4,stack_participant_C0.001,20260911,medio,b18_ctx1,alto,0.012369033806558018
fold4_stack_participant_C0.001_20260911,4,stack_participant_C0.001,20260911,medio,b18_ctx8,bajo,0.00815585463789461
fold4_stack_participant_C0.001_20260911,4,stack_participant_C0.001,20260911,medio,b18_ctx8,medio,-0.00712102123302205
fold4_stack_participant_C0.001_20260911,4,stack_participant_C0.001,20260911,medio,b18_ctx8,alto,-0.0026903408610926163
fold4_stack_participant_C0.001_20260911,4,stack_participant_C0.001,20260911,medio,b19_ctx1,bajo,-0.005856010797943139
fold4_stack_participant_C0.001_20260911,4,stack_participant_C0.001,20260911,medio,b19_ctx1,medio,0.0065357737612629935
fold4_stack_participant_C0.001_20260911,4,stack_participant_C0.001,20260911,medio,b19_ctx1,alto,0.0004000036260933765
fold4_stack_participant_C0.001_20260911,4,stack_participant_C0.001,20260911,medio,b19_ctx8,bajo,-0.03003437984210341
fold4_stack_participant_C0.001_20260911,4,stack_participant_C0.001,20260911,medio,b19_ctx8,medio,0.013521167560969383
fold4_stack_participant_C0.001_20260911,4,stack_participant_C0.001,20260911,medio,b19_ctx8,alto,0.0250377185893792
fold4_stack_participant_C0.001_20260911,4,stack_participant_C0.001,20260911,medio,b20_ctx1,bajo,0.00496635756030732
fold4_stack_participant_C0.001_20260911,4,stack_participant_C0.001,20260911,medio,b20_ctx1,medio,0.014424783132432128
fold4_stack_participant_C0.001_20260911,4,stack_participant_C0.001,20260911,medio,b20_ctx1,alto,-0.030629828792261383
fold4_stack_participant_C0.001_20260911,4,stack_participant_C0.001,20260911,medio,b20_ctx8,bajo,-0.015600885058736826
fold4_stack_participant_C0.001_20260911,4,stack_participant_C0.001,20260911,medio,b20_ctx8,medio,0.024745573994909686
fold4_stack_participant_C0.001_20260911,4,stack_participant_C0.001,20260911,medio,b20_ctx8,alto,-0.004150914898799735
fold4_stack_participant_C0.001_20260911,4,stack_participant_C0.001,20260911,medio,b21_ctx1,bajo,0.0364007748690445
fold4_stack_participant_C0.001_20260911,4,stack_participant_C0.001,20260911,medio,b21_ctx1,medio,-0.010735843354352598
fold4_stack_participant_C0.001_20260911,4,stack_participant_C0.001,20260911,medio,b21_ctx1,alto,-0.04637084324258283
fold4_stack_participant_C0.001_20260911,4,stack_participant_C0.001,20260911,medio,b21_ctx8,bajo,0.031371084934206164
fold4_stack_participant_C0.001_20260911,4,stack_participant_C0.001,20260911,medio,b21_ctx8,medio,-0.01969107415761157
fold4_stack_participant_C0.001_20260911,4,stack_participant_C0.001,20260911,medio,b21_ctx8,alto,-0.01942726038477754
fold4_stack_participant_C0.01_20260911,4,stack_participant_C0.01,20260911,alto,b15_ctx1,bajo,0.02551866451487065
fold4_stack_participant_C0.01_20260911,4,stack_participant_C0.01,20260911,alto,b15_ctx1,medio,-0.03791806656448638
fold4_stack_participant_C0.01_20260911,4,stack_participant_C0.01,20260911,alto,b15_ctx1,alto,0.013658981231796008
fold4_stack_participant_C0.01_20260911,4,stack_participant_C0.01,20260911,alto,b15_ctx8,bajo,0.02611884553206011
fold4_stack_participant_C0.01_20260911,4,stack_participant_C0.01,20260911,alto,b15_ctx8,medio,-0.01150562625518748
fold4_stack_participant_C0.01_20260911,4,stack_participant_C0.01,20260911,alto,b15_ctx8,alto,-0.021660520315532915
fold4_stack_participant_C0.01_20260911,4,stack_participant_C0.01,20260911,alto,b16_ctx1,bajo,-0.04165811788649415
fold4_stack_participant_C0.01_20260911,4,stack_participant_C0.01,20260911,alto,b16_ctx1,medio,0.043408098879249166
fold4_stack_participant_C0.01_20260911,4,stack_participant_C0.01,20260911,alto,b16_ctx1,alto,0.003123113919568079
fold4_stack_participant_C0.01_20260911,4,stack_participant_C0.01,20260911,alto,b16_ctx8,bajo,0.04300920957171151
fold4_stack_participant_C0.01_20260911,4,stack_participant_C0.01,20260911,alto,b16_ctx8,medio,0.019754594688630986
fold4_stack_participant_C0.01_20260911,4,stack_participant_C0.01,20260911,alto,b16_ctx8,alto,-0.06981517934487942
fold4_stack_participant_C0.01_20260911,4,stack_participant_C0.01,20260911,alto,b17_ctx1,bajo,-0.035564305615830544
fold4_stack_participant_C0.01_20260911,4,stack_participant_C0.01,20260911,alto,b17_ctx1,medio,0.0533530808165332
fold4_stack_participant_C0.01_20260911,4,stack_participant_C0.01,20260911,alto,b17_ctx1,alto,-0.021799510314811855
fold4_stack_participant_C0.01_20260911,4,stack_participant_C0.01,20260911,alto,b17_ctx8,bajo,0.017625844424663886
fold4_stack_participant_C0.01_20260911,4,stack_participant_C0.01,20260911,alto,b17_ctx8,medio,0.014996342673929802
fold4_stack_participant_C0.01_20260911,4,stack_participant_C0.01,20260911,alto,b17_ctx8,alto,-0.035046646962157896
fold4_stack_participant_C0.01_20260911,4,stack_participant_C0.01,20260911,alto,b18_ctx1,bajo,0.02094808560652651
fold4_stack_participant_C0.01_20260911,4,stack_participant_C0.01,20260911,alto,b18_ctx1,medio,-0.035557713790438185
fold4_stack_participant_C0.01_20260911,4,stack_participant_C0.01,20260911,alto,b18_ctx1,alto,0.020598761696124828
fold4_stack_participant_C0.01_20260911,4,stack_participant_C0.01,20260911,alto,b18_ctx8,bajo,0.006102875484275088
fold4_stack_participant_C0.01_20260911,4,stack_participant_C0.01,20260911,alto,b18_ctx8,medio,-0.04383269593620697
fold4_stack_participant_C0.01_20260911,4,stack_participant_C0.01,20260911,alto,b18_ctx8,alto,0.03565117751737123
fold4_stack_participant_C0.01_20260911,4,stack_participant_C0.01,20260911,alto,b19_ctx1,bajo,0.01997649709804741
fold4_stack_participant_C0.01_20260911,4,stack_participant_C0.01,20260911,alto,b19_ctx1,medio,-0.008010244770875584
fold4_stack_participant_C0.01_20260911,4,stack_participant_C0.01,20260911,alto,b19_ctx1,alto,-0.020292178309210995
fold4_stack_participant_C0.01_20260911,4,stack_participant_C0.01,20260911,alto,b19_ctx8,bajo,-0.06194609702384541
fold4_stack_participant_C0.01_20260911,4,stack_participant_C0.01,20260911,alto,b19_ctx8,medio,0.1187373875993083
fold4_stack_participant_C0.01_20260911,4,stack_participant_C0.01,20260911,alto,b19_ctx8,alto,-0.030504597130608675
fold4_stack_participant_C0.01_20260911,4,stack_participant_C0.01,20260911,alto,b20_ctx1,bajo,0.05518808830113352
fold4_stack_participant_C0.01_20260911,4,stack_participant_C0.01,20260911,alto,b20_ctx1,medio,-0.05793014263050407
fold4_stack_participant_C0.01_20260911,4,stack_participant_C0.01,20260911,alto,b20_ctx1,alto,-0.0051411245490099455
fold4_stack_participant_C0.01_20260911,4,stack_participant_C0.01,20260911,alto,b20_ctx8,bajo,-0.05361544111060318
fold4_stack_participant_C0.01_20260911,4,stack_participant_C0.01,20260911,alto,b20_ctx8,medio,0.03639959697337657
fold4_stack_participant_C0.01_20260911,4,stack_participant_C0.01,20260911,alto,b20_ctx8,alto,0.03292464976283665
fold4_stack_participant_C0.01_20260911,4,stack_participant_C0.01,20260911,alto,b21_ctx1,bajo,-0.03037684055403748
fold4_stack_participant_C0.01_20260911,4,stack_participant_C0.01,20260911,alto,b21_ctx1,medio,0.007335446068554104
fold4_stack_participant_C0.01_20260911,4,stack_participant_C0.01,20260911,alto,b21_ctx1,alto,0.0414621461594877
fold4_stack_participant_C0.01_20260911,4,stack_participant_C0.01,20260911,alto,b21_ctx8,bajo,0.015940456994422397
fold4_stack_participant_C0.01_20260911,4,stack_participant_C0.01,20260911,alto,b21_ctx8,medio,-0.03919605089221294
fold4_stack_participant_C0.01_20260911,4,stack_participant_C0.01,20260911,alto,b21_ctx8,alto,0.024205943159947573
fold4_stack_participant_C0.01_20260911,4,stack_participant_C0.01,20260911,bajo,b15_ctx1,bajo,-0.0468634632293145
fold4_stack_participant_C0.01_20260911,4,stack_participant_C0.01,20260911,bajo,b15_ctx1,medio,0.04803417588534871
fold4_stack_participant_C0.01_20260911,4,stack_participant_C0.01,20260911,bajo,b15_ctx1,alto,0.005685954501409223
fold4_stack_participant_C0.01_20260911,4,stack_participant_C0.01,20260911,bajo,b15_ctx8,bajo,-0.04605063273727852
fold4_stack_participant_C0.01_20260911,4,stack_participant_C0.01,20260911,bajo,b15_ctx8,medio,0.015323145509364217
fold4_stack_participant_C0.01_20260911,4,stack_participant_C0.01,20260911,bajo,b15_ctx8,alto,0.04276517344954547
fold4_stack_participant_C0.01_20260911,4,stack_participant_C0.01,20260911,bajo,b16_ctx1,bajo,-0.017444502042607436
fold4_stack_participant_C0.01_20260911,4,stack_participant_C0.01,20260911,bajo,b16_ctx1,medio,0.033334508646328885
fold4_stack_participant_C0.01_20260911,4,stack_participant_C0.01,20260911,bajo,b16_ctx1,alto,-0.018360171469668354
fold4_stack_participant_C0.01_20260911,4,stack_participant_C0.01,20260911,bajo,b16_ctx8,bajo,-0.04624493508654042
fold4_stack_participant_C0.01_20260911,4,stack_participant_C0.01,20260911,bajo,b16_ctx8,medio,-0.002909010484741567
fold4_stack_participant_C0.01_20260911,4,stack_participant_C0.01,20260911,bajo,b16_ctx8,alto,0.05842686054525197
fold4_stack_participant_C0.01_20260911,4,stack_participant_C0.01,20260911,bajo,b17_ctx1,bajo,0.029374525875458787
fold4_stack_participant_C0.01_20260911,4,stack_participant_C0.01,20260911,bajo,b17_ctx1,medio,-0.012890892163555465
fold4_stack_participant_C0.01_20260911,4,stack_participant_C0.01,20260911,bajo,b17_ctx1,alto,-0.023391445708837562
fold4_stack_participant_C0.01_20260911,4,stack_participant_C0.01,20260911,bajo,b17_ctx8,bajo,-0.02835894509113737
fold4_stack_participant_C0.01_20260911,4,stack_participant_C0.01,20260911,bajo,b17_ctx8,medio,0.04421786918889467
fold4_stack_participant_C0.01_20260911,4,stack_participant_C0.01,20260911,bajo,b17_ctx8,alto,-0.0077446246316178816
fold4_stack_participant_C0.01_20260911,4,stack_participant_C0.01,20260911,bajo,b18_ctx1,bajo,0.04664845160262026
fold4_stack_participant_C0.01_20260911,4,stack_participant_C0.01,20260911,bajo,b18_ctx1,medio,-0.028186450186531025
fold4_stack_participant_C0.01_20260911,4,stack_participant_C0.01,20260911,bajo,b18_ctx1,alto,-0.024936106612434124
fold4_stack_participant_C0.01_20260911,4,stack_participant_C0.01,20260911,bajo,b18_ctx8,bajo,-0.05394021560600123
fold4_stack_participant_C0.01_20260911,4,stack_participant_C0.01,20260911,bajo,b18_ctx8,medio,0.04405994818358811
fold4_stack_participant_C0.01_20260911,4,stack_participant_C0.01,20260911,bajo,b18_ctx8,alto,0.02076303840675553
fold4_stack_participant_C0.01_20260911,4,stack_participant_C0.01,20260911,bajo,b19_ctx1,bajo,0.0005797906707061285
fold4_stack_participant_C0.01_20260911,4,stack_participant_C0.01,20260911,bajo,b19_ctx1,medio,-0.012520061419661069
fold4_stack_participant_C0.01_20260911,4,stack_participant_C0.01,20260911,bajo,b19_ctx1,alto,0.015691977868996856
fold4_stack_participant_C0.01_20260911,4,stack_participant_C0.01,20260911,bajo,b19_ctx8,bajo,0.1742944976226936
fold4_stack_participant_C0.01_20260911,4,stack_participant_C0.01,20260911,bajo,b19_ctx8,medio,-0.1657639781945452
fold4_stack_participant_C0.01_20260911,4,stack_participant_C0.01,20260911,bajo,b19_ctx8,alto,-0.06636420254926649
fold4_stack_participant_C0.01_20260911,4,stack_participant_C0.01,20260911,bajo,b20_ctx1,bajo,0.00045871527607244393
fold4_stack_participant_C0.01_20260911,4,stack_participant_C0.01,20260911,bajo,b20_ctx1,medio,-0.03441236602639401
fold4_stack_participant_C0.01_20260911,4,stack_participant_C0.01,20260911,bajo,b20_ctx1,alto,0.05208089118524011
fold4_stack_participant_C0.01_20260911,4,stack_participant_C0.01,20260911,bajo,b20_ctx8,bajo,0.1172605797235595
fold4_stack_participant_C0.01_20260911,4,stack_participant_C0.01,20260911,bajo,b20_ctx8,medio,-0.1602614069631203
fold4_stack_participant_C0.01_20260911,4,stack_participant_C0.01,20260911,bajo,b20_ctx8,alto,0.006235036395020678
fold4_stack_participant_C0.01_20260911,4,stack_participant_C0.01,20260911,bajo,b21_ctx1,bajo,-0.03313239577218716
fold4_stack_participant_C0.01_20260911,4,stack_participant_C0.01,20260911,bajo,b21_ctx1,medio,0.021223631289889414
fold4_stack_participant_C0.01_20260911,4,stack_participant_C0.01,20260911,bajo,b21_ctx1,alto,0.022705216095628998
fold4_stack_participant_C0.01_20260911,4,stack_participant_C0.01,20260911,bajo,b21_ctx8,bajo,-0.09636097807633279
fold4_stack_participant_C0.01_20260911,4,stack_participant_C0.01,20260911,bajo,b21_ctx8,medio,0.1310426310849096
fold4_stack_participant_C0.01_20260911,4,stack_participant_C0.01,20260911,bajo,b21_ctx8,alto,-0.02269737155475567
fold4_stack_participant_C0.01_20260911,4,stack_participant_C0.01,20260911,medio,b15_ctx1,bajo,0.021344798714443364
fold4_stack_participant_C0.01_20260911,4,stack_participant_C0.01,20260911,medio,b15_ctx1,medio,-0.010116109320862656
fold4_stack_participant_C0.01_20260911,4,stack_participant_C0.01,20260911,medio,b15_ctx1,alto,-0.019344935733205303
fold4_stack_participant_C0.01_20260911,4,stack_participant_C0.01,20260911,medio,b15_ctx8,bajo,0.019931787205218845
fold4_stack_participant_C0.01_20260911,4,stack_participant_C0.01,20260911,medio,b15_ctx8,medio,-0.0038175192541766347
fold4_stack_participant_C0.01_20260911,4,stack_participant_C0.01,20260911,medio,b15_ctx8,alto,-0.0211046531340125
fold4_stack_participant_C0.01_20260911,4,stack_participant_C0.01,20260911,medio,b16_ctx1,bajo,0.05910261992910188
fold4_stack_participant_C0.01_20260911,4,stack_participant_C0.01,20260911,medio,b16_ctx1,medio,-0.07674260752557849
fold4_stack_participant_C0.01_20260911,4,stack_participant_C0.01,20260911,medio,b16_ctx1,alto,0.01523705755009994
fold4_stack_participant_C0.01_20260911,4,stack_participant_C0.01,20260911,medio,b16_ctx8,bajo,0.003235725514827784
fold4_stack_participant_C0.01_20260911,4,stack_participant_C0.01,20260911,medio,b16_ctx8,medio,-0.01684558420388932
fold4_stack_participant_C0.01_20260911,4,stack_participant_C0.01,20260911,medio,b16_ctx8,alto,0.0113883187996267
fold4_stack_participant_C0.01_20260911,4,stack_participant_C0.01,20260911,medio,b17_ctx1,bajo,0.00618977974037133
fold4_stack_participant_C0.01_20260911,4,stack_participant_C0.01,20260911,medio,b17_ctx1,medio,-0.04046218865297777
fold4_stack_participant_C0.01_20260911,4,stack_participant_C0.01,20260911,medio,b17_ctx1,alto,0.04519095602364931
fold4_stack_participant_C0.01_20260911,4,stack_participant_C0.01,20260911,medio,b17_ctx8,bajo,0.01073310066647398
fold4_stack_participant_C0.01_20260911,4,stack_participant_C0.01,20260911,medio,b17_ctx8,medio,-0.05921421186282481
fold4_stack_participant_C0.01_20260911,4,stack_participant_C0.01,20260911,medio,b17_ctx8,alto,0.04279127159377547
fold4_stack_participant_C0.01_20260911,4,stack_participant_C0.01,20260911,medio,b18_ctx1,bajo,-0.06759653720914664
fold4_stack_participant_C0.01_20260911,4,stack_participant_C0.01,20260911,medio,b18_ctx1,medio,0.06374416397696898
fold4_stack_participant_C0.01_20260911,4,stack_participant_C0.01,20260911,medio,b18_ctx1,alto,0.004337344916309248
fold4_stack_participant_C0.01_20260911,4,stack_participant_C0.01,20260911,medio,b18_ctx8,bajo,0.04783734012172646
fold4_stack_participant_C0.01_20260911,4,stack_participant_C0.01,20260911,medio,b18_ctx8,medio,-0.00022725224738175072
fold4_stack_participant_C0.01_20260911,4,stack_participant_C0.01,20260911,medio,b18_ctx8,alto,-0.05641421592412744
fold4_stack_participant_C0.01_20260911,4,stack_participant_C0.01,20260911,medio,b19_ctx1,bajo,-0.02055628776875349
fold4_stack_participant_C0.01_20260911,4,stack_participant_C0.01,20260911,medio,b19_ctx1,medio,0.020530306190537057
fold4_stack_participant_C0.01_20260911,4,stack_participant_C0.01,20260911,medio,b19_ctx1,alto,0.004600200440214139
fold4_stack_participant_C0.01_20260911,4,stack_participant_C0.01,20260911,medio,b19_ctx8,bajo,-0.11234840059884788
fold4_stack_participant_C0.01_20260911,4,stack_participant_C0.01,20260911,medio,b19_ctx8,medio,0.0470265905952369
fold4_stack_participant_C0.01_20260911,4,stack_participant_C0.01,20260911,medio,b19_ctx8,alto,0.09686879967987556
fold4_stack_participant_C0.01_20260911,4,stack_participant_C0.01,20260911,medio,b20_ctx1,bajo,-0.05564680357720612
fold4_stack_participant_C0.01_20260911,4,stack_participant_C0.01,20260911,medio,b20_ctx1,medio,0.09234250865689832
fold4_stack_participant_C0.01_20260911,4,stack_participant_C0.01,20260911,medio,b20_ctx1,alto,-0.04693976663623004
fold4_stack_participant_C0.01_20260911,4,stack_participant_C0.01,20260911,medio,b20_ctx8,bajo,-0.06364513861295604
fold4_stack_participant_C0.01_20260911,4,stack_participant_C0.01,20260911,medio,b20_ctx8,medio,0.1238618099897438
fold4_stack_participant_C0.01_20260911,4,stack_participant_C0.01,20260911,medio,b20_ctx8,alto,-0.039159686157857566
fold4_stack_participant_C0.01_20260911,4,stack_participant_C0.01,20260911,medio,b21_ctx1,bajo,0.06350923632622459
fold4_stack_participant_C0.01_20260911,4,stack_participant_C0.01,20260911,medio,b21_ctx1,medio,-0.028559077358443347
fold4_stack_participant_C0.01_20260911,4,stack_participant_C0.01,20260911,medio,b21_ctx1,alto,-0.064167362255116
fold4_stack_participant_C0.01_20260911,4,stack_participant_C0.01,20260911,medio,b21_ctx8,bajo,0.08042052108191042
fold4_stack_participant_C0.01_20260911,4,stack_participant_C0.01,20260911,medio,b21_ctx8,medio,-0.09184658019269734
fold4_stack_participant_C0.01_20260911,4,stack_participant_C0.01,20260911,medio,b21_ctx8,alto,-0.0015085716051917815
fold4_stack_participant_C0.1_20260911,4,stack_participant_C0.1,20260911,alto,b15_ctx1,bajo,-0.03328761741139582
fold4_stack_participant_C0.1_20260911,4,stack_participant_C0.1,20260911,alto,b15_ctx1,medio,0.0002359696862526696
fold4_stack_participant_C0.1_20260911,4,stack_participant_C0.1,20260911,alto,b15_ctx1,alto,0.052306370202653586
fold4_stack_participant_C0.1_20260911,4,stack_participant_C0.1,20260911,alto,b15_ctx8,bajo,0.32134556344443954
fold4_stack_participant_C0.1_20260911,4,stack_participant_C0.1,20260911,alto,b15_ctx8,medio,-0.2616399784611129
fold4_stack_participant_C0.1_20260911,4,stack_participant_C0.1,20260911,alto,b15_ctx8,alto,-0.1557876130553028
fold4_stack_participant_C0.1_20260911,4,stack_participant_C0.1,20260911,alto,b16_ctx1,bajo,-0.1791746582941077
fold4_stack_participant_C0.1_20260911,4,stack_participant_C0.1,20260911,alto,b16_ctx1,medio,0.13843635088300882
fold4_stack_participant_C0.1_20260911,4,stack_participant_C0.1,20260911,alto,b16_ctx1,alto,0.0760615822460145
fold4_stack_participant_C0.1_20260911,4,stack_participant_C0.1,20260911,alto,b16_ctx8,bajo,0.23963790275178012
fold4_stack_participant_C0.1_20260911,4,stack_participant_C0.1,20260911,alto,b16_ctx8,medio,-0.1274841465735209
fold4_stack_participant_C0.1_20260911,4,stack_participant_C0.1,20260911,alto,b16_ctx8,alto,-0.17335583231018994
fold4_stack_participant_C0.1_20260911,4,stack_participant_C0.1,20260911,alto,b17_ctx1,bajo,-0.15089612420486637
fold4_stack_participant_C0.1_20260911,4,stack_participant_C0.1,20260911,alto,b17_ctx1,medio,0.27909537194506423
fold4_stack_participant_C0.1_20260911,4,stack_participant_C0.1,20260911,alto,b17_ctx1,alto,-0.1625005611095728
fold4_stack_participant_C0.1_20260911,4,stack_participant_C0.1,20260911,alto,b17_ctx8,bajo,0.014783012734510808
fold4_stack_participant_C0.1_20260911,4,stack_participant_C0.1,20260911,alto,b17_ctx8,medio,0.09578135731199686
fold4_stack_participant_C0.1_20260911,4,stack_participant_C0.1,20260911,alto,b17_ctx8,alto,-0.1074683455503221
fold4_stack_participant_C0.1_20260911,4,stack_participant_C0.1,20260911,alto,b18_ctx1,bajo,0.13607511910311956
fold4_stack_participant_C0.1_20260911,4,stack_participant_C0.1,20260911,alto,b18_ctx1,medio,-0.2044905712081192
fold4_stack_participant_C0.1_20260911,4,stack_participant_C0.1,20260911,alto,b18_ctx1,alto,0.09703032724021693
fold4_stack_participant_C0.1_20260911,4,stack_participant_C0.1,20260911,alto,b18_ctx8,bajo,-0.04077730297457045
fold4_stack_participant_C0.1_20260911,4,stack_participant_C0.1,20260911,alto,b18_ctx8,medio,-0.08855373752395133
fold4_stack_participant_C0.1_20260911,4,stack_participant_C0.1,20260911,alto,b18_ctx8,alto,0.1349000485966431
fold4_stack_participant_C0.1_20260911,4,stack_participant_C0.1,20260911,alto,b19_ctx1,bajo,0.16731920521405205
fold4_stack_participant_C0.1_20260911,4,stack_participant_C0.1,20260911,alto,b19_ctx1,medio,-0.18302216669697124
fold4_stack_participant_C0.1_20260911,4,stack_participant_C0.1,20260911,alto,b19_ctx1,alto,-0.01635712672978761
fold4_stack_participant_C0.1_20260911,4,stack_participant_C0.1,20260911,alto,b19_ctx8,bajo,-0.3023500367422977
fold4_stack_participant_C0.1_20260911,4,stack_participant_C0.1,20260911,alto,b19_ctx8,medio,0.3233072628221412
fold4_stack_participant_C0.1_20260911,4,stack_participant_C0.1,20260911,alto,b19_ctx8,alto,0.08279322706003472
fold4_stack_participant_C0.1_20260911,4,stack_participant_C0.1,20260911,alto,b20_ctx1,bajo,0.15954606775450492
fold4_stack_participant_C0.1_20260911,4,stack_participant_C0.1,20260911,alto,b20_ctx1,medio,-0.1012919575420661
fold4_stack_participant_C0.1_20260911,4,stack_participant_C0.1,20260911,alto,b20_ctx1,alto,-0.11652850721406627
fold4_stack_participant_C0.1_20260911,4,stack_participant_C0.1,20260911,alto,b20_ctx8,bajo,-0.32488128439074865
fold4_stack_participant_C0.1_20260911,4,stack_participant_C0.1,20260911,alto,b20_ctx8,medio,0.260906112228807
fold4_stack_participant_C0.1_20260911,4,stack_participant_C0.1,20260911,alto,b20_ctx8,alto,0.16036754863794728
fold4_stack_participant_C0.1_20260911,4,stack_participant_C0.1,20260911,alto,b21_ctx1,bajo,-0.112794178654963
fold4_stack_participant_C0.1_20260911,4,stack_participant_C0.1,20260911,alto,b21_ctx1,medio,0.057942724549838655
fold4_stack_participant_C0.1_20260911,4,stack_participant_C0.1,20260911,alto,b21_ctx1,alto,0.1016658302211732
fold4_stack_participant_C0.1_20260911,4,stack_participant_C0.1,20260911,alto,b21_ctx8,bajo,0.11175100531942672
fold4_stack_participant_C0.1_20260911,4,stack_participant_C0.1,20260911,alto,b21_ctx8,medio,-0.12295675558350679
fold4_stack_participant_C0.1_20260911,4,stack_participant_C0.1,20260911,alto,b21_ctx8,alto,-0.007550109184567199
fold4_stack_participant_C0.1_20260911,4,stack_participant_C0.1,20260911,bajo,b15_ctx1,bajo,-0.13210459735416757
fold4_stack_participant_C0.1_20260911,4,stack_participant_C0.1,20260911,bajo,b15_ctx1,medio,0.2129670645960624
fold4_stack_participant_C0.1_20260911,4,stack_participant_C0.1,20260911,bajo,b15_ctx1,alto,-0.0944613740647842
fold4_stack_participant_C0.1_20260911,4,stack_participant_C0.1,20260911,bajo,b15_ctx8,bajo,-0.49861065711085795
fold4_stack_participant_C0.1_20260911,4,stack_participant_C0.1,20260911,bajo,b15_ctx8,medio,0.5010998758545643
fold4_stack_participant_C0.1_20260911,4,stack_participant_C0.1,20260911,bajo,b15_ctx8,alto,0.15402386188143632
fold4_stack_participant_C0.1_20260911,4,stack_participant_C0.1,20260911,bajo,b16_ctx1,bajo,-0.051636361751485005
fold4_stack_participant_C0.1_20260911,4,stack_participant_C0.1,20260911,bajo,b16_ctx1,medio,0.11472839868672344
fold4_stack_participant_C0.1_20260911,4,stack_participant_C0.1,20260911,bajo,b16_ctx1,alto,-0.0751824016538407
fold4_stack_participant_C0.1_20260911,4,stack_participant_C0.1,20260911,bajo,b16_ctx8,bajo,-0.33744829029004153
fold4_stack_participant_C0.1_20260911,4,stack_participant_C0.1,20260911,bajo,b16_ctx8,medio,0.10978098235486702
fold4_stack_participant_C0.1_20260911,4,stack_participant_C0.1,20260911,bajo,b16_ctx8,alto,0.30741658206706163
fold4_stack_participant_C0.1_20260911,4,stack_participant_C0.1,20260911,bajo,b17_ctx1,bajo,0.05869266698176646
fold4_stack_participant_C0.1_20260911,4,stack_participant_C0.1,20260911,bajo,b17_ctx1,medio,-0.06045664431921801
fold4_stack_participant_C0.1_20260911,4,stack_participant_C0.1,20260911,bajo,b17_ctx1,alto,-0.0006628696281152597
fold4_stack_participant_C0.1_20260911,4,stack_participant_C0.1,20260911,bajo,b17_ctx8,bajo,0.04872785444504863
fold4_stack_participant_C0.1_20260911,4,stack_participant_C0.1,20260911,bajo,b17_ctx8,medio,0.0568428777788065
fold4_stack_participant_C0.1_20260911,4,stack_participant_C0.1,20260911,bajo,b17_ctx8,alto,-0.11132487700561078
fold4_stack_participant_C0.1_20260911,4,stack_participant_C0.1,20260911,bajo,b18_ctx1,bajo,0.09918120671318514
fold4_stack_participant_C0.1_20260911,4,stack_participant_C0.1,20260911,bajo,b18_ctx1,medio,-0.0907255091690282
fold4_stack_participant_C0.1_20260911,4,stack_participant_C0.1,20260911,bajo,b18_ctx1,alto,-0.010256312891324325
fold4_stack_participant_C0.1_20260911,4,stack_participant_C0.1,20260911,bajo,b18_ctx8,bajo,-0.07266755206742156
fold4_stack_participant_C0.1_20260911,4,stack_participant_C0.1,20260911,bajo,b18_ctx8,medio,0.05524518848735932
fold4_stack_participant_C0.1_20260911,4,stack_participant_C0.1,20260911,bajo,b18_ctx8,alto,0.03199380315416861
fold4_stack_participant_C0.1_20260911,4,stack_participant_C0.1,20260911,bajo,b19_ctx1,bajo,-0.029118635659586615
fold4_stack_participant_C0.1_20260911,4,stack_participant_C0.1,20260911,bajo,b19_ctx1,medio,-0.0024916969821462778
fold4_stack_participant_C0.1_20260911,4,stack_participant_C0.1,20260911,bajo,b19_ctx1,alto,0.04835098357215217
fold4_stack_participant_C0.1_20260911,4,stack_participant_C0.1,20260911,bajo,b19_ctx8,bajo,0.5830051403031238
fold4_stack_participant_C0.1_20260911,4,stack_participant_C0.1,20260911,bajo,b19_ctx8,medio,-0.44954675453437704
fold4_stack_participant_C0.1_20260911,4,stack_participant_C0.1,20260911,bajo,b19_ctx8,alto,-0.31685535965536976
fold4_stack_participant_C0.1_20260911,4,stack_participant_C0.1,20260911,bajo,b20_ctx1,bajo,0.07466205500073485
fold4_stack_participant_C0.1_20260911,4,stack_participant_C0.1,20260911,bajo,b20_ctx1,medio,-0.20433231219315195
fold4_stack_participant_C0.1_20260911,4,stack_participant_C0.1,20260911,bajo,b20_ctx1,alto,0.18654189249138675
fold4_stack_participant_C0.1_20260911,4,stack_participant_C0.1,20260911,bajo,b20_ctx8,bajo,0.48030042251747146
fold4_stack_participant_C0.1_20260911,4,stack_participant_C0.1,20260911,bajo,b20_ctx8,medio,-0.6588527514834598
fold4_stack_participant_C0.1_20260911,4,stack_participant_C0.1,20260911,bajo,b20_ctx8,alto,0.02788699289145818
fold4_stack_participant_C0.1_20260911,4,stack_participant_C0.1,20260911,bajo,b21_ctx1,bajo,-0.002134305181093179
fold4_stack_participant_C0.1_20260911,4,stack_participant_C0.1,20260911,bajo,b21_ctx1,medio,0.012861780713636748
fold4_stack_participant_C0.1_20260911,4,stack_participant_C0.1,20260911,bajo,b21_ctx1,alto,-0.018112429415032633
fold4_stack_participant_C0.1_20260911,4,stack_participant_C0.1,20260911,bajo,b21_ctx8,bajo,-0.2221939670868854
fold4_stack_participant_C0.1_20260911,4,stack_participant_C0.1,20260911,bajo,b21_ctx8,medio,0.31385073558266663
fold4_stack_participant_C0.1_20260911,4,stack_participant_C0.1,20260911,bajo,b21_ctx8,alto,-0.06597923594898895
fold4_stack_participant_C0.1_20260911,4,stack_participant_C0.1,20260911,medio,b15_ctx1,bajo,0.16539221476556282
fold4_stack_participant_C0.1_20260911,4,stack_participant_C0.1,20260911,medio,b15_ctx1,medio,-0.21320303428231804
fold4_stack_participant_C0.1_20260911,4,stack_participant_C0.1,20260911,medio,b15_ctx1,alto,0.04215500386213265
fold4_stack_participant_C0.1_20260911,4,stack_participant_C0.1,20260911,medio,b15_ctx8,bajo,0.177265093666419
fold4_stack_participant_C0.1_20260911,4,stack_participant_C0.1,20260911,medio,b15_ctx8,medio,-0.2394598973934571
fold4_stack_participant_C0.1_20260911,4,stack_participant_C0.1,20260911,medio,b15_ctx8,alto,0.0017637511738698107
fold4_stack_participant_C0.1_20260911,4,stack_participant_C0.1,20260911,medio,b16_ctx1,bajo,0.23081102004558837
fold4_stack_participant_C0.1_20260911,4,stack_participant_C0.1,20260911,medio,b16_ctx1,medio,-0.25316474956973894
fold4_stack_participant_C0.1_20260911,4,stack_participant_C0.1,20260911,medio,b16_ctx1,alto,-0.000879180592176129
fold4_stack_participant_C0.1_20260911,4,stack_participant_C0.1,20260911,medio,b16_ctx8,bajo,0.09781038753826066
fold4_stack_participant_C0.1_20260911,4,stack_participant_C0.1,20260911,medio,b16_ctx8,medio,0.01770316421866042
fold4_stack_participant_C0.1_20260911,4,stack_participant_C0.1,20260911,medio,b16_ctx8,alto,-0.13406074975687324
fold4_stack_participant_C0.1_20260911,4,stack_participant_C0.1,20260911,medio,b17_ctx1,bajo,0.09220345722310117
fold4_stack_participant_C0.1_20260911,4,stack_participant_C0.1,20260911,medio,b17_ctx1,medio,-0.21863872762584716
fold4_stack_participant_C0.1_20260911,4,stack_participant_C0.1,20260911,medio,b17_ctx1,alto,0.16316343073768816
fold4_stack_participant_C0.1_20260911,4,stack_participant_C0.1,20260911,medio,b17_ctx8,bajo,-0.06351086717956053
fold4_stack_participant_C0.1_20260911,4,stack_participant_C0.1,20260911,medio,b17_ctx8,medio,-0.15262423509080036
fold4_stack_participant_C0.1_20260911,4,stack_participant_C0.1,20260911,medio,b17_ctx8,alto,0.21879322255593062
fold4_stack_participant_C0.1_20260911,4,stack_participant_C0.1,20260911,medio,b18_ctx1,bajo,-0.23525632581630554
fold4_stack_participant_C0.1_20260911,4,stack_participant_C0.1,20260911,medio,b18_ctx1,medio,0.2952160803771445
fold4_stack_participant_C0.1_20260911,4,stack_participant_C0.1,20260911,medio,b18_ctx1,alto,-0.08677401434889193
fold4_stack_participant_C0.1_20260911,4,stack_participant_C0.1,20260911,medio,b18_ctx8,bajo,0.11344485504199575
fold4_stack_participant_C0.1_20260911,4,stack_participant_C0.1,20260911,medio,b18_ctx8,medio,0.03330854903658809
fold4_stack_participant_C0.1_20260911,4,stack_participant_C0.1,20260911,medio,b18_ctx8,alto,-0.16689385175081617
fold4_stack_participant_C0.1_20260911,4,stack_participant_C0.1,20260911,medio,b19_ctx1,bajo,-0.13820056955446586
fold4_stack_participant_C0.1_20260911,4,stack_participant_C0.1,20260911,medio,b19_ctx1,medio,0.185513863679121
fold4_stack_participant_C0.1_20260911,4,stack_participant_C0.1,20260911,medio,b19_ctx1,alto,-0.03199385684236342
fold4_stack_participant_C0.1_20260911,4,stack_participant_C0.1,20260911,medio,b19_ctx8,bajo,-0.2806551035608291
fold4_stack_participant_C0.1_20260911,4,stack_participant_C0.1,20260911,medio,b19_ctx8,medio,0.12623949171223567
fold4_stack_participant_C0.1_20260911,4,stack_participant_C0.1,20260911,medio,b19_ctx8,alto,0.234062132595335
fold4_stack_participant_C0.1_20260911,4,stack_participant_C0.1,20260911,medio,b20_ctx1,bajo,-0.2342081227552422
fold4_stack_participant_C0.1_20260911,4,stack_participant_C0.1,20260911,medio,b20_ctx1,medio,0.3056242697352101
fold4_stack_participant_C0.1_20260911,4,stack_participant_C0.1,20260911,medio,b20_ctx1,alto,-0.07001338527731635
fold4_stack_participant_C0.1_20260911,4,stack_participant_C0.1,20260911,medio,b20_ctx8,bajo,-0.15541913812672986
fold4_stack_participant_C0.1_20260911,4,stack_participant_C0.1,20260911,medio,b20_ctx8,medio,0.39794663925464213
fold4_stack_participant_C0.1_20260911,4,stack_participant_C0.1,20260911,medio,b20_ctx8,alto,-0.18825454152941165
fold4_stack_participant_C0.1_20260911,4,stack_participant_C0.1,20260911,medio,b21_ctx1,bajo,0.11492848383605887
fold4_stack_participant_C0.1_20260911,4,stack_participant_C0.1,20260911,medio,b21_ctx1,medio,-0.07080450526347892
fold4_stack_participant_C0.1_20260911,4,stack_participant_C0.1,20260911,medio,b21_ctx1,alto,-0.08355340080614079
fold4_stack_participant_C0.1_20260911,4,stack_participant_C0.1,20260911,medio,b21_ctx8,bajo,0.11044296176746078
fold4_stack_participant_C0.1_20260911,4,stack_participant_C0.1,20260911,medio,b21_ctx8,medio,-0.19089397999915744
fold4_stack_participant_C0.1_20260911,4,stack_participant_C0.1,20260911,medio,b21_ctx8,alto,0.07352934513355892
fold4_stack_global_C0.001_20260912,4,stack_global_C0.001,20260912,alto,b15_ctx1,bajo,0.010807469841536015
fold4_stack_global_C0.001_20260912,4,stack_global_C0.001,20260912,alto,b15_ctx1,medio,-0.01076118348170407
fold4_stack_global_C0.001_20260912,4,stack_global_C0.001,20260912,alto,b15_ctx1,alto,-0.0017618102912394353
fold4_stack_global_C0.001_20260912,4,stack_global_C0.001,20260912,alto,b15_ctx8,bajo,-0.003103319068180883
fold4_stack_global_C0.001_20260912,4,stack_global_C0.001,20260912,alto,b15_ctx8,medio,0.01723003512053328
fold4_stack_global_C0.001_20260912,4,stack_global_C0.001,20260912,alto,b15_ctx8,alto,-0.012050611508505801
fold4_stack_global_C0.001_20260912,4,stack_global_C0.001,20260912,alto,b16_ctx1,bajo,-0.008655382606833507
fold4_stack_global_C0.001_20260912,4,stack_global_C0.001,20260912,alto,b16_ctx1,medio,0.006631834805853411
fold4_stack_global_C0.001_20260912,4,stack_global_C0.001,20260912,alto,b16_ctx1,alto,0.0037464555645169667
fold4_stack_global_C0.001_20260912,4,stack_global_C0.001,20260912,alto,b16_ctx8,bajo,0.0036618944255378365
fold4_stack_global_C0.001_20260912,4,stack_global_C0.001,20260912,alto,b16_ctx8,medio,0.01630110172243728
fold4_stack_global_C0.001_20260912,4,stack_global_C0.001,20260912,alto,b16_ctx8,alto,-0.01921480061124093
fold4_stack_global_C0.001_20260912,4,stack_global_C0.001,20260912,alto,b17_ctx1,bajo,-0.0083850018772835
fold4_stack_global_C0.001_20260912,4,stack_global_C0.001,20260912,alto,b17_ctx1,medio,0.006578820285430603
fold4_stack_global_C0.001_20260912,4,stack_global_C0.001,20260912,alto,b17_ctx1,alto,0.0028276205919098864
fold4_stack_global_C0.001_20260912,4,stack_global_C0.001,20260912,alto,b17_ctx8,bajo,0.005578432630621708
fold4_stack_global_C0.001_20260912,4,stack_global_C0.001,20260912,alto,b17_ctx8,medio,0.00788739705472851
fold4_stack_global_C0.001_20260912,4,stack_global_C0.001,20260912,alto,b17_ctx8,alto,-0.014039499591792173
fold4_stack_global_C0.001_20260912,4,stack_global_C0.001,20260912,alto,b18_ctx1,bajo,-0.001235381161364538
fold4_stack_global_C0.001_20260912,4,stack_global_C0.001,20260912,alto,b18_ctx1,medio,-0.004705796053640692
fold4_stack_global_C0.001_20260912,4,stack_global_C0.001,20260912,alto,b18_ctx1,alto,0.008230752168355232
fold4_stack_global_C0.001_20260912,4,stack_global_C0.001,20260912,alto,b18_ctx8,bajo,0.006115792740799701
fold4_stack_global_C0.001_20260912,4,stack_global_C0.001,20260912,alto,b18_ctx8,medio,-0.003777778336204585
fold4_stack_global_C0.001_20260912,4,stack_global_C0.001,20260912,alto,b18_ctx8,alto,-0.0035453509250174056
fold4_stack_global_C0.001_20260912,4,stack_global_C0.001,20260912,alto,b19_ctx1,bajo,2.3026779417023343e-05
fold4_stack_global_C0.001_20260912,4,stack_global_C0.001,20260912,alto,b19_ctx1,medio,0.0034957522101923726
fold4_stack_global_C0.001_20260912,4,stack_global_C0.001,20260912,alto,b19_ctx1,alto,-0.004667466287781319
fold4_stack_global_C0.001_20260912,4,stack_global_C0.001,20260912,alto,b19_ctx8,bajo,-0.009871671189902013
fold4_stack_global_C0.001_20260912,4,stack_global_C0.001,20260912,alto,b19_ctx8,medio,0.03269775054084813
fold4_stack_global_C0.001_20260912,4,stack_global_C0.001,20260912,alto,b19_ctx8,alto,-0.017317112002579026
fold4_stack_global_C0.001_20260912,4,stack_global_C0.001,20260912,alto,b20_ctx1,bajo,0.018924071122605537
fold4_stack_global_C0.001_20260912,4,stack_global_C0.001,20260912,alto,b20_ctx1,medio,-0.018673340555122816
fold4_stack_global_C0.001_20260912,4,stack_global_C0.001,20260912,alto,b20_ctx1,alto,-0.0035924556538310935
fold4_stack_global_C0.001_20260912,4,stack_global_C0.001,20260912,alto,b20_ctx8,bajo,-0.013123938417484974
fold4_stack_global_C0.001_20260912,4,stack_global_C0.001,20260912,alto,b20_ctx8,medio,0.017575396331617747
fold4_stack_global_C0.001_20260912,4,stack_global_C0.001,20260912,alto,b20_ctx8,alto,-0.0003473809405375801
fold4_stack_global_C0.001_20260912,4,stack_global_C0.001,20260912,alto,b21_ctx1,bajo,0.02270460823181532
fold4_stack_global_C0.001_20260912,4,stack_global_C0.001,20260912,alto,b21_ctx1,medio,-0.022951620594427125
fold4_stack_global_C0.001_20260912,4,stack_global_C0.001,20260912,alto,b21_ctx1,alto,-0.0012410362414181292
fold4_stack_global_C0.001_20260912,4,stack_global_C0.001,20260912,alto,b21_ctx8,bajo,0.0013279394738149406
fold4_stack_global_C0.001_20260912,4,stack_global_C0.001,20260912,alto,b21_ctx8,medio,-0.005508788390012282
fold4_stack_global_C0.001_20260912,4,stack_global_C0.001,20260912,alto,b21_ctx8,alto,0.0046356164621704
fold4_stack_global_C0.001_20260912,4,stack_global_C0.001,20260912,bajo,b15_ctx1,bajo,-0.019009226075064885
fold4_stack_global_C0.001_20260912,4,stack_global_C0.001,20260912,bajo,b15_ctx1,medio,0.006985716264091761
fold4_stack_global_C0.001_20260912,4,stack_global_C0.001,20260912,bajo,b15_ctx1,alto,0.02011068860635434
fold4_stack_global_C0.001_20260912,4,stack_global_C0.001,20260912,bajo,b15_ctx8,bajo,0.015623313535197176
fold4_stack_global_C0.001_20260912,4,stack_global_C0.001,20260912,bajo,b15_ctx8,medio,-0.028782463359280978
fold4_stack_global_C0.001_20260912,4,stack_global_C0.001,20260912,bajo,b15_ctx8,alto,0.007233479736547117
fold4_stack_global_C0.001_20260912,4,stack_global_C0.001,20260912,bajo,b16_ctx1,bajo,0.009064624886104489
fold4_stack_global_C0.001_20260912,4,stack_global_C0.001,20260912,bajo,b16_ctx1,medio,0.000477701586873972
fold4_stack_global_C0.001_20260912,4,stack_global_C0.001,20260912,bajo,b16_ctx1,alto,-0.01355581709657783
fold4_stack_global_C0.001_20260912,4,stack_global_C0.001,20260912,bajo,b16_ctx8,bajo,0.01097690707624492
fold4_stack_global_C0.001_20260912,4,stack_global_C0.001,20260912,bajo,b16_ctx8,medio,-0.019485565037945227
fold4_stack_global_C0.001_20260912,4,stack_global_C0.001,20260912,bajo,b16_ctx8,alto,0.0044464277895288
fold4_stack_global_C0.001_20260912,4,stack_global_C0.001,20260912,bajo,b17_ctx1,bajo,0.020047848868298388
fold4_stack_global_C0.001_20260912,4,stack_global_C0.001,20260912,bajo,b17_ctx1,medio,-0.0029351133206338763
fold4_stack_global_C0.001_20260912,4,stack_global_C0.001,20260912,bajo,b17_ctx1,alto,-0.02374924893159808
fold4_stack_global_C0.001_20260912,4,stack_global_C0.001,20260912,bajo,b17_ctx8,bajo,-0.0024694179941178378
fold4_stack_global_C0.001_20260912,4,stack_global_C0.001,20260912,bajo,b17_ctx8,medio,0.003516820091134616
fold4_stack_global_C0.001_20260912,4,stack_global_C0.001,20260912,bajo,b17_ctx8,alto,-0.0003613945278276742
fold4_stack_global_C0.001_20260912,4,stack_global_C0.001,20260912,bajo,b18_ctx1,bajo,0.022930762490195787
fold4_stack_global_C0.001_20260912,4,stack_global_C0.001,20260912,bajo,b18_ctx1,medio,-0.004676563496175623
fold4_stack_global_C0.001_20260912,4,stack_global_C0.001,20260912,bajo,b18_ctx1,alto,-0.025002524632503517
fold4_stack_global_C0.001_20260912,4,stack_global_C0.001,20260912,bajo,b18_ctx8,bajo,-0.012428215811505064
fold4_stack_global_C0.001_20260912,4,stack_global_C0.001,20260912,bajo,b18_ctx8,medio,0.009363419387067856
fold4_stack_global_C0.001_20260912,4,stack_global_C0.001,20260912,bajo,b18_ctx8,alto,0.005555070834983432
fold4_stack_global_C0.001_20260912,4,stack_global_C0.001,20260912,bajo,b19_ctx1,bajo,0.0045052358897659725
fold4_stack_global_C0.001_20260912,4,stack_global_C0.001,20260912,bajo,b19_ctx1,medio,-0.009924306152168612
fold4_stack_global_C0.001_20260912,4,stack_global_C0.001,20260912,bajo,b19_ctx1,alto,0.00617955943633289
fold4_stack_global_C0.001_20260912,4,stack_global_C0.001,20260912,bajo,b19_ctx8,bajo,0.04285402936028212
fold4_stack_global_C0.001_20260912,4,stack_global_C0.001,20260912,bajo,b19_ctx8,medio,-0.05173325147726406
fold4_stack_global_C0.001_20260912,4,stack_global_C0.001,20260912,bajo,b19_ctx8,alto,-0.006392159273644249
fold4_stack_global_C0.001_20260912,4,stack_global_C0.001,20260912,bajo,b20_ctx1,bajo,-0.025568018403945694
fold4_stack_global_C0.001_20260912,4,stack_global_C0.001,20260912,bajo,b20_ctx1,medio,0.004625298777154035
fold4_stack_global_C0.001_20260912,4,stack_global_C0.001,20260912,bajo,b20_ctx1,alto,0.03650493216229552
fold4_stack_global_C0.001_20260912,4,stack_global_C0.001,20260912,bajo,b20_ctx8,bajo,0.029289016644088606
fold4_stack_global_C0.001_20260912,4,stack_global_C0.001,20260912,bajo,b20_ctx8,medio,-0.04283003618469647
fold4_stack_global_C0.001_20260912,4,stack_global_C0.001,20260912,bajo,b20_ctx8,alto,0.004274100010290677
fold4_stack_global_C0.001_20260912,4,stack_global_C0.001,20260912,bajo,b21_ctx1,bajo,-0.058564937088977705
fold4_stack_global_C0.001_20260912,4,stack_global_C0.001,20260912,bajo,b21_ctx1,medio,0.03205135020018001
fold4_stack_global_C0.001_20260912,4,stack_global_C0.001,20260912,bajo,b21_ctx1,alto,0.04943822151866013
fold4_stack_global_C0.001_20260912,4,stack_global_C0.001,20260912,bajo,b21_ctx8,bajo,-0.03277285166500336
fold4_stack_global_C0.001_20260912,4,stack_global_C0.001,20260912,bajo,b21_ctx8,medio,0.028732009645889976
fold4_stack_global_C0.001_20260912,4,stack_global_C0.001,20260912,bajo,b21_ctx8,alto,0.010767980008875432
fold4_stack_global_C0.001_20260912,4,stack_global_C0.001,20260912,medio,b15_ctx1,bajo,0.008201756233528805
fold4_stack_global_C0.001_20260912,4,stack_global_C0.001,20260912,medio,b15_ctx1,medio,0.0037754672176123103
fold4_stack_global_C0.001_20260912,4,stack_global_C0.001,20260912,medio,b15_ctx1,alto,-0.018348878315114853
fold4_stack_global_C0.001_20260912,4,stack_global_C0.001,20260912,medio,b15_ctx8,bajo,-0.012519994467016345
fold4_stack_global_C0.001_20260912,4,stack_global_C0.001,20260912,medio,b15_ctx8,medio,0.011552428238747647
fold4_stack_global_C0.001_20260912,4,stack_global_C0.001,20260912,medio,b15_ctx8,alto,0.004817131771958684
fold4_stack_global_C0.001_20260912,4,stack_global_C0.001,20260912,medio,b16_ctx1,bajo,-0.0004092422792710466
fold4_stack_global_C0.001_20260912,4,stack_global_C0.001,20260912,medio,b16_ctx1,medio,-0.007109536392727428
fold4_stack_global_C0.001_20260912,4,stack_global_C0.001,20260912,medio,b16_ctx1,alto,0.009809361532060879
fold4_stack_global_C0.001_20260912,4,stack_global_C0.001,20260912,medio,b16_ctx8,bajo,-0.01463880150178273
fold4_stack_global_C0.001_20260912,4,stack_global_C0.001,20260912,medio,b16_ctx8,medio,0.003184463315507981
fold4_stack_global_C0.001_20260912,4,stack_global_C0.001,20260912,medio,b16_ctx8,alto,0.014768372821712228
fold4_stack_global_C0.001_20260912,4,stack_global_C0.001,20260912,medio,b17_ctx1,bajo,-0.01166284699101488
fold4_stack_global_C0.001_20260912,4,stack_global_C0.001,20260912,medio,b17_ctx1,medio,-0.003643706964796746
fold4_stack_global_C0.001_20260912,4,stack_global_C0.001,20260912,medio,b17_ctx1,alto,0.020921628339688178
fold4_stack_global_C0.001_20260912,4,stack_global_C0.001,20260912,medio,b17_ctx8,bajo,-0.003109014636504027
fold4_stack_global_C0.001_20260912,4,stack_global_C0.001,20260912,medio,b17_ctx8,medio,-0.011404217145863172
fold4_stack_global_C0.001_20260912,4,stack_global_C0.001,20260912,medio,b17_ctx8,alto,0.014400894119619857
fold4_stack_global_C0.001_20260912,4,stack_global_C0.001,20260912,medio,b18_ctx1,bajo,-0.021695381328831205
fold4_stack_global_C0.001_20260912,4,stack_global_C0.001,20260912,medio,b18_ctx1,medio,0.009382359549816345
fold4_stack_global_C0.001_20260912,4,stack_global_C0.001,20260912,medio,b18_ctx1,alto,0.016771772464148245
fold4_stack_global_C0.001_20260912,4,stack_global_C0.001,20260912,medio,b18_ctx8,bajo,0.006312423070705362
fold4_stack_global_C0.001_20260912,4,stack_global_C0.001,20260912,medio,b18_ctx8,medio,-0.005585641050863213
fold4_stack_global_C0.001_20260912,4,stack_global_C0.001,20260912,medio,b18_ctx8,alto,-0.0020097199099663246
fold4_stack_global_C0.001_20260912,4,stack_global_C0.001,20260912,medio,b19_ctx1,bajo,-0.004528262669182962
fold4_stack_global_C0.001_20260912,4,stack_global_C0.001,20260912,medio,b19_ctx1,medio,0.006428553941976329
fold4_stack_global_C0.001_20260912,4,stack_global_C0.001,20260912,medio,b19_ctx1,alto,-0.0015120931485516507
fold4_stack_global_C0.001_20260912,4,stack_global_C0.001,20260912,medio,b19_ctx8,bajo,-0.032982358170380206
fold4_stack_global_C0.001_20260912,4,stack_global_C0.001,20260912,medio,b19_ctx8,medio,0.01903550093641584
fold4_stack_global_C0.001_20260912,4,stack_global_C0.001,20260912,medio,b19_ctx8,alto,0.02370927127622323
fold4_stack_global_C0.001_20260912,4,stack_global_C0.001,20260912,medio,b20_ctx1,bajo,0.006643947281340124
fold4_stack_global_C0.001_20260912,4,stack_global_C0.001,20260912,medio,b20_ctx1,medio,0.014048041777968782
fold4_stack_global_C0.001_20260912,4,stack_global_C0.001,20260912,medio,b20_ctx1,alto,-0.03291247650846448
fold4_stack_global_C0.001_20260912,4,stack_global_C0.001,20260912,medio,b20_ctx8,bajo,-0.01616507822660374
fold4_stack_global_C0.001_20260912,4,stack_global_C0.001,20260912,medio,b20_ctx8,medio,0.02525463985307871
fold4_stack_global_C0.001_20260912,4,stack_global_C0.001,20260912,medio,b20_ctx8,alto,-0.003926719069753064
fold4_stack_global_C0.001_20260912,4,stack_global_C0.001,20260912,medio,b21_ctx1,bajo,0.03586032885716234
fold4_stack_global_C0.001_20260912,4,stack_global_C0.001,20260912,medio,b21_ctx1,medio,-0.009099729605752864
fold4_stack_global_C0.001_20260912,4,stack_global_C0.001,20260912,medio,b21_ctx1,alto,-0.04819718527724201
fold4_stack_global_C0.001_20260912,4,stack_global_C0.001,20260912,medio,b21_ctx8,bajo,0.03144491219118857
fold4_stack_global_C0.001_20260912,4,stack_global_C0.001,20260912,medio,b21_ctx8,medio,-0.023223221255877773
fold4_stack_global_C0.001_20260912,4,stack_global_C0.001,20260912,medio,b21_ctx8,alto,-0.015403596471045855
fold4_stack_global_C0.01_20260912,4,stack_global_C0.01,20260912,alto,b15_ctx1,bajo,0.030146082142121687
fold4_stack_global_C0.01_20260912,4,stack_global_C0.01,20260912,alto,b15_ctx1,medio,-0.028511816269947976
fold4_stack_global_C0.01_20260912,4,stack_global_C0.01,20260912,alto,b15_ctx1,alto,-0.007058484907103858
fold4_stack_global_C0.01_20260912,4,stack_global_C0.01,20260912,alto,b15_ctx8,bajo,0.041489111705719395
fold4_stack_global_C0.01_20260912,4,stack_global_C0.01,20260912,alto,b15_ctx8,medio,-0.012756723230524847
fold4_stack_global_C0.01_20260912,4,stack_global_C0.01,20260912,alto,b15_ctx8,alto,-0.03949580078844905
fold4_stack_global_C0.01_20260912,4,stack_global_C0.01,20260912,alto,b16_ctx1,bajo,-0.04744435972485876
fold4_stack_global_C0.01_20260912,4,stack_global_C0.01,20260912,alto,b16_ctx1,medio,0.03344013758016785
fold4_stack_global_C0.01_20260912,4,stack_global_C0.01,20260912,alto,b16_ctx1,alto,0.024314982015760222
fold4_stack_global_C0.01_20260912,4,stack_global_C0.01,20260912,alto,b16_ctx8,bajo,0.05141499579282549
fold4_stack_global_C0.01_20260912,4,stack_global_C0.01,20260912,alto,b16_ctx8,medio,-0.008243601963498477
fold4_stack_global_C0.01_20260912,4,stack_global_C0.01,20260912,alto,b16_ctx8,alto,-0.05453978478496513
fold4_stack_global_C0.01_20260912,4,stack_global_C0.01,20260912,alto,b17_ctx1,bajo,-0.03157568633000405
fold4_stack_global_C0.01_20260912,4,stack_global_C0.01,20260912,alto,b17_ctx1,medio,0.04239808237553062
fold4_stack_global_C0.01_20260912,4,stack_global_C0.01,20260912,alto,b17_ctx1,alto,-0.012753575574994026
fold4_stack_global_C0.01_20260912,4,stack_global_C0.01,20260912,alto,b17_ctx8,bajo,0.017100221986166193
fold4_stack_global_C0.01_20260912,4,stack_global_C0.01,20260912,alto,b17_ctx8,medio,0.009580243506400363
fold4_stack_global_C0.01_20260912,4,stack_global_C0.01,20260912,alto,b17_ctx8,alto,-0.02933895371412366
fold4_stack_global_C0.01_20260912,4,stack_global_C0.01,20260912,alto,b18_ctx1,bajo,0.023969336610777443
fold4_stack_global_C0.01_20260912,4,stack_global_C0.01,20260912,alto,b18_ctx1,medio,-0.04100543057432755
fold4_stack_global_C0.01_20260912,4,stack_global_C0.01,20260912,alto,b18_ctx1,alto,0.024013089781486162
fold4_stack_global_C0.01_20260912,4,stack_global_C0.01,20260912,alto,b18_ctx8,bajo,-0.0044576595091900175
fold4_stack_global_C0.01_20260912,4,stack_global_C0.01,20260912,alto,b18_ctx8,medio,-0.03049786578200861
fold4_stack_global_C0.01_20260912,4,stack_global_C0.01,20260912,alto,b18_ctx8,alto,0.03511024155752421
fold4_stack_global_C0.01_20260912,4,stack_global_C0.01,20260912,alto,b19_ctx1,bajo,-0.00425218269321599
fold4_stack_global_C0.01_20260912,4,stack_global_C0.01,20260912,alto,b19_ctx1,medio,0.01976698722034833
fold4_stack_global_C0.01_20260912,4,stack_global_C0.01,20260912,alto,b19_ctx1,alto,-0.019612526064964976
fold4_stack_global_C0.01_20260912,4,stack_global_C0.01,20260912,alto,b19_ctx8,bajo,-0.05812248351497753
fold4_stack_global_C0.01_20260912,4,stack_global_C0.01,20260912,alto,b19_ctx8,medio,0.10592409600563145
fold4_stack_global_C0.01_20260912,4,stack_global_C0.01,20260912,alto,b19_ctx8,alto,-0.02366293790350346
fold4_stack_global_C0.01_20260912,4,stack_global_C0.01,20260912,alto,b20_ctx1,bajo,0.05199513192686453
fold4_stack_global_C0.01_20260912,4,stack_global_C0.01,20260912,alto,b20_ctx1,medio,-0.049168423257887305
fold4_stack_global_C0.01_20260912,4,stack_global_C0.01,20260912,alto,b20_ctx1,alto,-0.013154551501330032
fold4_stack_global_C0.01_20260912,4,stack_global_C0.01,20260912,alto,b20_ctx8,bajo,-0.0664625528506562
fold4_stack_global_C0.01_20260912,4,stack_global_C0.01,20260912,alto,b20_ctx8,medio,0.04509460982207045
fold4_stack_global_C0.01_20260912,4,stack_global_C0.01,20260912,alto,b20_ctx8,alto,0.04084002419486108
fold4_stack_global_C0.01_20260912,4,stack_global_C0.01,20260912,alto,b21_ctx1,bajo,0.013149672225254913
fold4_stack_global_C0.01_20260912,4,stack_global_C0.01,20260912,alto,b21_ctx1,medio,-0.015195181546228726
fold4_stack_global_C0.01_20260912,4,stack_global_C0.01,20260912,alto,b21_ctx1,alto,0.002521062380678374
fold4_stack_global_C0.01_20260912,4,stack_global_C0.01,20260912,alto,b21_ctx8,bajo,0.012172334733185011
fold4_stack_global_C0.01_20260912,4,stack_global_C0.01,20260912,alto,b21_ctx8,medio,-0.024336593255858286
fold4_stack_global_C0.01_20260912,4,stack_global_C0.01,20260912,alto,b21_ctx8,alto,0.011953436981937017
fold4_stack_global_C0.01_20260912,4,stack_global_C0.01,20260912,bajo,b15_ctx1,bajo,-0.055311177887905356
fold4_stack_global_C0.01_20260912,4,stack_global_C0.01,20260912,bajo,b15_ctx1,medio,0.044027544260768554
fold4_stack_global_C0.01_20260912,4,stack_global_C0.01,20260912,bajo,b15_ctx1,alto,0.024753102448367346
fold4_stack_global_C0.01_20260912,4,stack_global_C0.01,20260912,bajo,b15_ctx8,bajo,-0.06333845634447749
fold4_stack_global_C0.01_20260912,4,stack_global_C0.01,20260912,bajo,b15_ctx8,medio,0.020550783334126955
fold4_stack_global_C0.01_20260912,4,stack_global_C0.01,20260912,bajo,b15_ctx8,alto,0.05930343183293664
fold4_stack_global_C0.01_20260912,4,stack_global_C0.01,20260912,bajo,b16_ctx1,bajo,-0.013730442910917103
fold4_stack_global_C0.01_20260912,4,stack_global_C0.01,20260912,bajo,b16_ctx1,medio,0.04629341205591428
fold4_stack_global_C0.01_20260912,4,stack_global_C0.01,20260912,bajo,b16_ctx1,alto,-0.04047591636912498
fold4_stack_global_C0.01_20260912,4,stack_global_C0.01,20260912,bajo,b16_ctx8,bajo,-0.05275876363575951
fold4_stack_global_C0.01_20260912,4,stack_global_C0.01,20260912,bajo,b16_ctx8,medio,0.019004133550042622
fold4_stack_global_C0.01_20260912,4,stack_global_C0.01,20260912,bajo,b16_ctx8,alto,0.046392887755055005
fold4_stack_global_C0.01_20260912,4,stack_global_C0.01,20260912,bajo,b17_ctx1,bajo,0.03059481923747043
fold4_stack_global_C0.01_20260912,4,stack_global_C0.01,20260912,bajo,b17_ctx1,medio,-0.0009405556854529865
fold4_stack_global_C0.01_20260912,4,stack_global_C0.01,20260912,bajo,b17_ctx1,alto,-0.04094226304672128
fold4_stack_global_C0.01_20260912,4,stack_global_C0.01,20260912,bajo,b17_ctx8,bajo,-0.02561032725331618
fold4_stack_global_C0.01_20260912,4,stack_global_C0.01,20260912,bajo,b17_ctx8,medio,0.057167979352318925
fold4_stack_global_C0.01_20260912,4,stack_global_C0.01,20260912,bajo,b17_ctx8,alto,-0.023167235136455466
fold4_stack_global_C0.01_20260912,4,stack_global_C0.01,20260912,bajo,b18_ctx1,bajo,0.05298083191105493
fold4_stack_global_C0.01_20260912,4,stack_global_C0.01,20260912,bajo,b18_ctx1,medio,-0.023234963120604874
fold4_stack_global_C0.01_20260912,4,stack_global_C0.01,20260912,bajo,b18_ctx1,alto,-0.040508828840999385
fold4_stack_global_C0.01_20260912,4,stack_global_C0.01,20260912,bajo,b18_ctx8,bajo,-0.04272087350360324
fold4_stack_global_C0.01_20260912,4,stack_global_C0.01,20260912,bajo,b18_ctx8,medio,0.029326627224912305
fold4_stack_global_C0.01_20260912,4,stack_global_C0.01,20260912,bajo,b18_ctx8,alto,0.021891973443827772
fold4_stack_global_C0.01_20260912,4,stack_global_C0.01,20260912,bajo,b19_ctx1,bajo,0.01724803158625293
fold4_stack_global_C0.01_20260912,4,stack_global_C0.01,20260912,bajo,b19_ctx1,medio,-0.0437754537155003
fold4_stack_global_C0.01_20260912,4,stack_global_C0.01,20260912,bajo,b19_ctx1,alto,0.03131762995922823
fold4_stack_global_C0.01_20260912,4,stack_global_C0.01,20260912,bajo,b19_ctx8,bajo,0.17942246443418441
fold4_stack_global_C0.01_20260912,4,stack_global_C0.01,20260912,bajo,b19_ctx8,medio,-0.1760707319345172
fold4_stack_global_C0.01_20260912,4,stack_global_C0.01,20260912,bajo,b19_ctx8,alto,-0.06340721323770401
fold4_stack_global_C0.01_20260912,4,stack_global_C0.01,20260912,bajo,b20_ctx1,bajo,-0.001067855609753687
fold4_stack_global_C0.01_20260912,4,stack_global_C0.01,20260912,bajo,b20_ctx1,medio,-0.04071979168412259
fold4_stack_global_C0.01_20260912,4,stack_global_C0.01,20260912,bajo,b20_ctx1,alto,0.0643739808366945
fold4_stack_global_C0.01_20260912,4,stack_global_C0.01,20260912,bajo,b20_ctx8,bajo,0.12884783419418544
fold4_stack_global_C0.01_20260912,4,stack_global_C0.01,20260912,bajo,b20_ctx8,medio,-0.17004669652183746
fold4_stack_global_C0.01_20260912,4,stack_global_C0.01,20260912,bajo,b20_ctx8,alto,0.0009807956828347824
fold4_stack_global_C0.01_20260912,4,stack_global_C0.01,20260912,bajo,b21_ctx1,bajo,-0.06983090677195154
fold4_stack_global_C0.01_20260912,4,stack_global_C0.01,20260912,bajo,b21_ctx1,medio,0.03536643119725616
fold4_stack_global_C0.01_20260912,4,stack_global_C0.01,20260912,bajo,b21_ctx1,alto,0.06380292201372621
fold4_stack_global_C0.01_20260912,4,stack_global_C0.01,20260912,bajo,b21_ctx8,bajo,-0.09380928913347777
fold4_stack_global_C0.01_20260912,4,stack_global_C0.01,20260912,bajo,b21_ctx8,medio,0.12798402077363374
fold4_stack_global_C0.01_20260912,4,stack_global_C0.01,20260912,bajo,b21_ctx8,alto,-0.022576685901968478
fold4_stack_global_C0.01_20260912,4,stack_global_C0.01,20260912,medio,b15_ctx1,bajo,0.02516509574578381
fold4_stack_global_C0.01_20260912,4,stack_global_C0.01,20260912,medio,b15_ctx1,medio,-0.015515727990821024
fold4_stack_global_C0.01_20260912,4,stack_global_C0.01,20260912,medio,b15_ctx1,alto,-0.01769461754126336
fold4_stack_global_C0.01_20260912,4,stack_global_C0.01,20260912,medio,b15_ctx8,bajo,0.02184934463875785
fold4_stack_global_C0.01_20260912,4,stack_global_C0.01,20260912,medio,b15_ctx8,medio,-0.007794060103602192
fold4_stack_global_C0.01_20260912,4,stack_global_C0.01,20260912,medio,b15_ctx8,alto,-0.0198076310444879
fold4_stack_global_C0.01_20260912,4,stack_global_C0.01,20260912,medio,b16_ctx1,bajo,0.06117480263577577
fold4_stack_global_C0.01_20260912,4,stack_global_C0.01,20260912,medio,b16_ctx1,medio,-0.07973354963608228
fold4_stack_global_C0.01_20260912,4,stack_global_C0.01,20260912,medio,b16_ctx1,alto,0.016160934353365384
fold4_stack_global_C0.01_20260912,4,stack_global_C0.01,20260912,medio,b16_ctx8,bajo,0.0013437678429333438
fold4_stack_global_C0.01_20260912,4,stack_global_C0.01,20260912,medio,b16_ctx8,medio,-0.010760531586545058
fold4_stack_global_C0.01_20260912,4,stack_global_C0.01,20260912,medio,b16_ctx8,alto,0.008146897029910366
fold4_stack_global_C0.01_20260912,4,stack_global_C0.01,20260912,medio,b17_ctx1,bajo,0.0009808670925330685
fold4_stack_global_C0.01_20260912,4,stack_global_C0.01,20260912,medio,b17_ctx1,medio,-0.041457526690078475
fold4_stack_global_C0.01_20260912,4,stack_global_C0.01,20260912,medio,b17_ctx1,alto,0.053695838621714786
fold4_stack_global_C0.01_20260912,4,stack_global_C0.01,20260912,medio,b17_ctx8,bajo,0.008510105267148816
fold4_stack_global_C0.01_20260912,4,stack_global_C0.01,20260912,medio,b17_ctx8,medio,-0.0667482228587194
fold4_stack_global_C0.01_20260912,4,stack_global_C0.01,20260912,medio,b17_ctx8,alto,0.05250618885057973
fold4_stack_global_C0.01_20260912,4,stack_global_C0.01,20260912,medio,b18_ctx1,bajo,-0.07695016852183194
fold4_stack_global_C0.01_20260912,4,stack_global_C0.01,20260912,medio,b18_ctx1,medio,0.0642403936949318
fold4_stack_global_C0.01_20260912,4,stack_global_C0.01,20260912,medio,b18_ctx1,alto,0.016495739059513775
fold4_stack_global_C0.01_20260912,4,stack_global_C0.01,20260912,medio,b18_ctx8,bajo,0.04717853301279241
fold4_stack_global_C0.01_20260912,4,stack_global_C0.01,20260912,medio,b18_ctx8,medio,0.0011712385570965401
fold4_stack_global_C0.01_20260912,4,stack_global_C0.01,20260912,medio,b18_ctx8,alto,-0.057002215001351476
fold4_stack_global_C0.01_20260912,4,stack_global_C0.01,20260912,medio,b19_ctx1,bajo,-0.012995848893037691
fold4_stack_global_C0.01_20260912,4,stack_global_C0.01,20260912,medio,b19_ctx1,medio,0.02400846649515174
fold4_stack_global_C0.01_20260912,4,stack_global_C0.01,20260912,medio,b19_ctx1,alto,-0.011705103894262771
fold4_stack_global_C0.01_20260912,4,stack_global_C0.01,20260912,medio,b19_ctx8,bajo,-0.12129998091920631
fold4_stack_global_C0.01_20260912,4,stack_global_C0.01,20260912,medio,b19_ctx8,medio,0.07014663592888516
fold4_stack_global_C0.01_20260912,4,stack_global_C0.01,20260912,medio,b19_ctx8,alto,0.08707015114120792
fold4_stack_global_C0.01_20260912,4,stack_global_C0.01,20260912,medio,b20_ctx1,bajo,-0.05092727631711015
fold4_stack_global_C0.01_20260912,4,stack_global_C0.01,20260912,medio,b20_ctx1,medio,0.08988821494200902
fold4_stack_global_C0.01_20260912,4,stack_global_C0.01,20260912,medio,b20_ctx1,alto,-0.05121942933536548
fold4_stack_global_C0.01_20260912,4,stack_global_C0.01,20260912,medio,b20_ctx8,bajo,-0.06238528134352787
fold4_stack_global_C0.01_20260912,4,stack_global_C0.01,20260912,medio,b20_ctx8,medio,0.12495208669976708
fold4_stack_global_C0.01_20260912,4,stack_global_C0.01,20260912,medio,b20_ctx8,alto,-0.04182081987769555
fold4_stack_global_C0.01_20260912,4,stack_global_C0.01,20260912,medio,b21_ctx1,bajo,0.056681234546696595
fold4_stack_global_C0.01_20260912,4,stack_global_C0.01,20260912,medio,b21_ctx1,medio,-0.02017124965102681
fold4_stack_global_C0.01_20260912,4,stack_global_C0.01,20260912,medio,b21_ctx1,alto,-0.06632398439440496
fold4_stack_global_C0.01_20260912,4,stack_global_C0.01,20260912,medio,b21_ctx8,bajo,0.08163695440029235
fold4_stack_global_C0.01_20260912,4,stack_global_C0.01,20260912,medio,b21_ctx8,medio,-0.10364742751777573
fold4_stack_global_C0.01_20260912,4,stack_global_C0.01,20260912,medio,b21_ctx8,alto,0.010623248920032118
fold4_stack_global_C0.1_20260912,4,stack_global_C0.1,20260912,alto,b15_ctx1,bajo,0.05771218327565625
fold4_stack_global_C0.1_20260912,4,stack_global_C0.1,20260912,alto,b15_ctx1,medio,-0.025704541949388676
fold4_stack_global_C0.1_20260912,4,stack_global_C0.1,20260912,alto,b15_ctx1,alto,-0.0546517802196479
fold4_stack_global_C0.1_20260912,4,stack_global_C0.1,20260912,alto,b15_ctx8,bajo,0.406546052096814
fold4_stack_global_C0.1_20260912,4,stack_global_C0.1,20260912,alto,b15_ctx8,medio,-0.2571580520617396
fold4_stack_global_C0.1_20260912,4,stack_global_C0.1,20260912,alto,b15_ctx8,alto,-0.2651776028031879
fold4_stack_global_C0.1_20260912,4,stack_global_C0.1,20260912,alto,b16_ctx1,bajo,-0.16980298692118218
fold4_stack_global_C0.1_20260912,4,stack_global_C0.1,20260912,alto,b16_ctx1,medio,0.03704123560819473
fold4_stack_global_C0.1_20260912,4,stack_global_C0.1,20260912,alto,b16_ctx1,alto,0.19425782890876975
fold4_stack_global_C0.1_20260912,4,stack_global_C0.1,20260912,alto,b16_ctx8,bajo,0.2507721701480937
fold4_stack_global_C0.1_20260912,4,stack_global_C0.1,20260912,alto,b16_ctx8,medio,-0.20811928726463025
fold4_stack_global_C0.1_20260912,4,stack_global_C0.1,20260912,alto,b16_ctx8,alto,-0.11359048437276102
fold4_stack_global_C0.1_20260912,4,stack_global_C0.1,20260912,alto,b17_ctx1,bajo,-0.12138370043254242
fold4_stack_global_C0.1_20260912,4,stack_global_C0.1,20260912,alto,b17_ctx1,medio,0.24568489355677509
fold4_stack_global_C0.1_20260912,4,stack_global_C0.1,20260912,alto,b17_ctx1,alto,-0.15883568176248333
fold4_stack_global_C0.1_20260912,4,stack_global_C0.1,20260912,alto,b17_ctx8,bajo,0.01961993242480007
fold4_stack_global_C0.1_20260912,4,stack_global_C0.1,20260912,alto,b17_ctx8,medio,0.10120713525595659
fold4_stack_global_C0.1_20260912,4,stack_global_C0.1,20260912,alto,b17_ctx8,alto,-0.11831557998105073
fold4_stack_global_C0.1_20260912,4,stack_global_C0.1,20260912,alto,b18_ctx1,bajo,0.1399118098664085
fold4_stack_global_C0.1_20260912,4,stack_global_C0.1,20260912,alto,b18_ctx1,medio,-0.18129981960738079
fold4_stack_global_C0.1_20260912,4,stack_global_C0.1,20260912,alto,b18_ctx1,alto,0.05956052487423649
fold4_stack_global_C0.1_20260912,4,stack_global_C0.1,20260912,alto,b18_ctx8,bajo,-0.059967598656118726
fold4_stack_global_C0.1_20260912,4,stack_global_C0.1,20260912,alto,b18_ctx8,medio,-0.06707791536387235
fold4_stack_global_C0.1_20260912,4,stack_global_C0.1,20260912,alto,b18_ctx8,alto,0.13661280648356586
fold4_stack_global_C0.1_20260912,4,stack_global_C0.1,20260912,alto,b19_ctx1,bajo,0.05444498395473297
fold4_stack_global_C0.1_20260912,4,stack_global_C0.1,20260912,alto,b19_ctx1,medio,-0.03679092166315134
fold4_stack_global_C0.1_20260912,4,stack_global_C0.1,20260912,alto,b19_ctx1,alto,-0.03548430321179819
fold4_stack_global_C0.1_20260912,4,stack_global_C0.1,20260912,alto,b19_ctx8,bajo,-0.31792168140693133
fold4_stack_global_C0.1_20260912,4,stack_global_C0.1,20260912,alto,b19_ctx8,medio,0.34302086103766777
fold4_stack_global_C0.1_20260912,4,stack_global_C0.1,20260912,alto,b19_ctx8,alto,0.08428808027724724
fold4_stack_global_C0.1_20260912,4,stack_global_C0.1,20260912,alto,b20_ctx1,bajo,0.1094603791530661
fold4_stack_global_C0.1_20260912,4,stack_global_C0.1,20260912,alto,b20_ctx1,medio,-0.08103323188595055
fold4_stack_global_C0.1_20260912,4,stack_global_C0.1,20260912,alto,b20_ctx1,alto,-0.06222054733032639
fold4_stack_global_C0.1_20260912,4,stack_global_C0.1,20260912,alto,b20_ctx8,bajo,-0.3959788129560634
fold4_stack_global_C0.1_20260912,4,stack_global_C0.1,20260912,alto,b20_ctx8,medio,0.26819121507126026
fold4_stack_global_C0.1_20260912,4,stack_global_C0.1,20260912,alto,b20_ctx8,alto,0.24378645876464236
fold4_stack_global_C0.1_20260912,4,stack_global_C0.1,20260912,alto,b21_ctx1,bajo,-0.0557630923978713
fold4_stack_global_C0.1_20260912,4,stack_global_C0.1,20260912,alto,b21_ctx1,medio,0.026848303415949768
fold4_stack_global_C0.1_20260912,4,stack_global_C0.1,20260912,alto,b21_ctx1,alto,0.053322351275277236
fold4_stack_global_C0.1_20260912,4,stack_global_C0.1,20260912,alto,b21_ctx8,bajo,0.11754801671671912
fold4_stack_global_C0.1_20260912,4,stack_global_C0.1,20260912,alto,b21_ctx8,medio,-0.11115337712218822
fold4_stack_global_C0.1_20260912,4,stack_global_C0.1,20260912,alto,b21_ctx8,alto,-0.02916733174412443
fold4_stack_global_C0.1_20260912,4,stack_global_C0.1,20260912,bajo,b15_ctx1,bajo,-0.21523372652767855
fold4_stack_global_C0.1_20260912,4,stack_global_C0.1,20260912,bajo,b15_ctx1,medio,0.2462123502711629
fold4_stack_global_C0.1_20260912,4,stack_global_C0.1,20260912,bajo,b15_ctx1,alto,-0.010356104629905799
fold4_stack_global_C0.1_20260912,4,stack_global_C0.1,20260912,bajo,b15_ctx8,bajo,-0.6110152132141545
fold4_stack_global_C0.1_20260912,4,stack_global_C0.1,20260912,bajo,b15_ctx8,medio,0.5492313296774033
fold4_stack_global_C0.1_20260912,4,stack_global_C0.1,20260912,bajo,b15_ctx8,alto,0.24851751726438684
fold4_stack_global_C0.1_20260912,4,stack_global_C0.1,20260912,bajo,b16_ctx1,bajo,-0.07284889023503825
fold4_stack_global_C0.1_20260912,4,stack_global_C0.1,20260912,bajo,b16_ctx1,medio,0.2390143268227164
fold4_stack_global_C0.1_20260912,4,stack_global_C0.1,20260912,bajo,b16_ctx1,alto,-0.20618392575994007
fold4_stack_global_C0.1_20260912,4,stack_global_C0.1,20260912,bajo,b16_ctx8,bajo,-0.36578919116556363
fold4_stack_global_C0.1_20260912,4,stack_global_C0.1,20260912,bajo,b16_ctx8,medio,0.19066658030935438
fold4_stack_global_C0.1_20260912,4,stack_global_C0.1,20260912,bajo,b16_ctx8,alto,0.2681805888790194
fold4_stack_global_C0.1_20260912,4,stack_global_C0.1,20260912,bajo,b17_ctx1,bajo,0.031070777620372112
fold4_stack_global_C0.1_20260912,4,stack_global_C0.1,20260912,bajo,b17_ctx1,medio,-0.02004171338406141
fold4_stack_global_C0.1_20260912,4,stack_global_C0.1,20260912,bajo,b17_ctx1,alto,-0.016235563137333372
fold4_stack_global_C0.1_20260912,4,stack_global_C0.1,20260912,bajo,b17_ctx8,bajo,0.04891588776549043
fold4_stack_global_C0.1_20260912,4,stack_global_C0.1,20260912,bajo,b17_ctx8,medio,0.09972139628835099
fold4_stack_global_C0.1_20260912,4,stack_global_C0.1,20260912,bajo,b17_ctx8,alto,-0.15178372698829473
fold4_stack_global_C0.1_20260912,4,stack_global_C0.1,20260912,bajo,b18_ctx1,bajo,0.1303007570155411
fold4_stack_global_C0.1_20260912,4,stack_global_C0.1,20260912,bajo,b18_ctx1,medio,-0.13839209433917016
fold4_stack_global_C0.1_20260912,4,stack_global_C0.1,20260912,bajo,b18_ctx1,alto,0.013184732291540966
fold4_stack_global_C0.1_20260912,4,stack_global_C0.1,20260912,bajo,b18_ctx8,bajo,-0.05558448484118343
fold4_stack_global_C0.1_20260912,4,stack_global_C0.1,20260912,bajo,b18_ctx8,medio,0.00837649009280802
fold4_stack_global_C0.1_20260912,4,stack_global_C0.1,20260912,bajo,b18_ctx8,alto,0.05761487997836687
fold4_stack_global_C0.1_20260912,4,stack_global_C0.1,20260912,bajo,b19_ctx1,bajo,0.05606420105582812
fold4_stack_global_C0.1_20260912,4,stack_global_C0.1,20260912,bajo,b19_ctx1,medio,-0.1558697129298504
fold4_stack_global_C0.1_20260912,4,stack_global_C0.1,20260912,bajo,b19_ctx1,alto,0.11978897300249476
fold4_stack_global_C0.1_20260912,4,stack_global_C0.1,20260912,bajo,b19_ctx8,bajo,0.6472262484441964
fold4_stack_global_C0.1_20260912,4,stack_global_C0.1,20260912,bajo,b19_ctx8,medio,-0.5492697415043007
fold4_stack_global_C0.1_20260912,4,stack_global_C0.1,20260912,bajo,b19_ctx8,alto,-0.3063658680613611
fold4_stack_global_C0.1_20260912,4,stack_global_C0.1,20260912,bajo,b20_ctx1,bajo,0.1152396078020909
fold4_stack_global_C0.1_20260912,4,stack_global_C0.1,20260912,bajo,b20_ctx1,medio,-0.21975401942375533
fold4_stack_global_C0.1_20260912,4,stack_global_C0.1,20260912,bajo,b20_ctx1,alto,0.14102102902021926
fold4_stack_global_C0.1_20260912,4,stack_global_C0.1,20260912,bajo,b20_ctx8,bajo,0.5531241218801396
fold4_stack_global_C0.1_20260912,4,stack_global_C0.1,20260912,bajo,b20_ctx8,medio,-0.6854455169973658
fold4_stack_global_C0.1_20260912,4,stack_global_C0.1,20260912,bajo,b20_ctx8,alto,-0.03899799740885836
fold4_stack_global_C0.1_20260912,4,stack_global_C0.1,20260912,bajo,b21_ctx1,bajo,-0.04439863401637342
fold4_stack_global_C0.1_20260912,4,stack_global_C0.1,20260912,bajo,b21_ctx1,medio,0.028157263524225106
fold4_stack_global_C0.1_20260912,4,stack_global_C0.1,20260912,bajo,b21_ctx1,alto,0.03090808755396327
fold4_stack_global_C0.1_20260912,4,stack_global_C0.1,20260912,bajo,b21_ctx8,bajo,-0.23025321250157257
fold4_stack_global_C0.1_20260912,4,stack_global_C0.1,20260912,bajo,b21_ctx8,medio,0.3192139572784215
fold4_stack_global_C0.1_20260912,4,stack_global_C0.1,20260912,bajo,b21_ctx8,alto,-0.06134393101381062
fold4_stack_global_C0.1_20260912,4,stack_global_C0.1,20260912,medio,b15_ctx1,bajo,0.1575215432520189
fold4_stack_global_C0.1_20260912,4,stack_global_C0.1,20260912,medio,b15_ctx1,medio,-0.22050780832176942
fold4_stack_global_C0.1_20260912,4,stack_global_C0.1,20260912,medio,b15_ctx1,alto,0.06500788484955426
fold4_stack_global_C0.1_20260912,4,stack_global_C0.1,20260912,medio,b15_ctx8,bajo,0.20446916111734564
fold4_stack_global_C0.1_20260912,4,stack_global_C0.1,20260912,medio,b15_ctx8,medio,-0.2920732776156606
fold4_stack_global_C0.1_20260912,4,stack_global_C0.1,20260912,medio,b15_ctx8,alto,0.016660085538805047
fold4_stack_global_C0.1_20260912,4,stack_global_C0.1,20260912,medio,b16_ctx1,bajo,0.24265187715622116
fold4_stack_global_C0.1_20260912,4,stack_global_C0.1,20260912,medio,b16_ctx1,medio,-0.27605556243091334
fold4_stack_global_C0.1_20260912,4,stack_global_C0.1,20260912,medio,b16_ctx1,alto,0.011926096851169361
fold4_stack_global_C0.1_20260912,4,stack_global_C0.1,20260912,medio,b16_ctx8,bajo,0.11501702101747502
fold4_stack_global_C0.1_20260912,4,stack_global_C0.1,20260912,medio,b16_ctx8,medio,0.017452706955266552
fold4_stack_global_C0.1_20260912,4,stack_global_C0.1,20260912,medio,b16_ctx8,alto,-0.15459010450625313
fold4_stack_global_C0.1_20260912,4,stack_global_C0.1,20260912,medio,b17_ctx1,bajo,0.09031292281217192
fold4_stack_global_C0.1_20260912,4,stack_global_C0.1,20260912,medio,b17_ctx1,medio,-0.22564318017271806
fold4_stack_global_C0.1_20260912,4,stack_global_C0.1,20260912,medio,b17_ctx1,alto,0.17507124489981818
fold4_stack_global_C0.1_20260912,4,stack_global_C0.1,20260912,medio,b17_ctx8,bajo,-0.06853582019028637
fold4_stack_global_C0.1_20260912,4,stack_global_C0.1,20260912,medio,b17_ctx8,medio,-0.2009285315443064
fold4_stack_global_C0.1_20260912,4,stack_global_C0.1,20260912,medio,b17_ctx8,alto,0.2700993069693382
fold4_stack_global_C0.1_20260912,4,stack_global_C0.1,20260912,medio,b18_ctx1,bajo,-0.27021256688194567
fold4_stack_global_C0.1_20260912,4,stack_global_C0.1,20260912,medio,b18_ctx1,medio,0.31969191394654867
fold4_stack_global_C0.1_20260912,4,stack_global_C0.1,20260912,medio,b18_ctx1,alto,-0.07274525716577289
fold4_stack_global_C0.1_20260912,4,stack_global_C0.1,20260912,medio,b18_ctx8,bajo,0.11555208349729937
fold4_stack_global_C0.1_20260912,4,stack_global_C0.1,20260912,medio,b18_ctx8,medio,0.05870142527106484
fold4_stack_global_C0.1_20260912,4,stack_global_C0.1,20260912,medio,b18_ctx8,alto,-0.19422768646193606
fold4_stack_global_C0.1_20260912,4,stack_global_C0.1,20260912,medio,b19_ctx1,bajo,-0.11050918501055831
fold4_stack_global_C0.1_20260912,4,stack_global_C0.1,20260912,medio,b19_ctx1,medio,0.19266063459300628
fold4_stack_global_C0.1_20260912,4,stack_global_C0.1,20260912,medio,b19_ctx1,alto,-0.08430466979069533
fold4_stack_global_C0.1_20260912,4,stack_global_C0.1,20260912,medio,b19_ctx8,bajo,-0.32930456703726124
fold4_stack_global_C0.1_20260912,4,stack_global_C0.1,20260912,medio,b19_ctx8,medio,0.20624888046663034
fold4_stack_global_C0.1_20260912,4,stack_global_C0.1,20260912,medio,b19_ctx8,alto,0.22207778778411838
fold4_stack_global_C0.1_20260912,4,stack_global_C0.1,20260912,medio,b20_ctx1,bajo,-0.22469998695515672
fold4_stack_global_C0.1_20260912,4,stack_global_C0.1,20260912,medio,b20_ctx1,medio,0.3007872513096995
fold4_stack_global_C0.1_20260912,4,stack_global_C0.1,20260912,medio,b20_ctx1,alto,-0.07880048168988865
fold4_stack_global_C0.1_20260912,4,stack_global_C0.1,20260912,medio,b20_ctx8,bajo,-0.1571453089240643
fold4_stack_global_C0.1_20260912,4,stack_global_C0.1,20260912,medio,b20_ctx8,medio,0.4172543019261006
fold4_stack_global_C0.1_20260912,4,stack_global_C0.1,20260912,medio,b20_ctx8,alto,-0.20478846135578488
fold4_stack_global_C0.1_20260912,4,stack_global_C0.1,20260912,medio,b21_ctx1,bajo,0.10016172641424156
fold4_stack_global_C0.1_20260912,4,stack_global_C0.1,20260912,medio,b21_ctx1,medio,-0.05500556694017322
fold4_stack_global_C0.1_20260912,4,stack_global_C0.1,20260912,medio,b21_ctx1,alto,-0.08423043882923807
fold4_stack_global_C0.1_20260912,4,stack_global_C0.1,20260912,medio,b21_ctx8,bajo,0.1127051957848543
fold4_stack_global_C0.1_20260912,4,stack_global_C0.1,20260912,medio,b21_ctx8,medio,-0.20806058015624235
fold4_stack_global_C0.1_20260912,4,stack_global_C0.1,20260912,medio,b21_ctx8,alto,0.0905112627579391
fold4_stack_participant_C0.001_20260912,4,stack_participant_C0.001,20260912,alto,b15_ctx1,bajo,0.00821309760840073
fold4_stack_participant_C0.001_20260912,4,stack_participant_C0.001,20260912,alto,b15_ctx1,medio,-0.013821150784388947
fold4_stack_participant_C0.001_20260912,4,stack_participant_C0.001,20260912,alto,b15_ctx1,alto,0.006700052774253313
fold4_stack_participant_C0.001_20260912,4,stack_participant_C0.001,20260912,alto,b15_ctx8,bajo,-0.005802505035587355
fold4_stack_participant_C0.001_20260912,4,stack_participant_C0.001,20260912,alto,b15_ctx8,medio,0.01975100706735636
fold4_stack_participant_C0.001_20260912,4,stack_participant_C0.001,20260912,alto,b15_ctx8,alto,-0.011040096815974058
fold4_stack_participant_C0.001_20260912,4,stack_participant_C0.001,20260912,alto,b16_ctx1,bajo,-0.0051823413420855665
fold4_stack_participant_C0.001_20260912,4,stack_participant_C0.001,20260912,alto,b16_ctx1,medio,0.0071788239916533375
fold4_stack_participant_C0.001_20260912,4,stack_participant_C0.001,20260912,alto,b16_ctx1,alto,-0.001919628147289603
fold4_stack_participant_C0.001_20260912,4,stack_participant_C0.001,20260912,alto,b16_ctx8,bajo,0.0019079948060386949
fold4_stack_participant_C0.001_20260912,4,stack_participant_C0.001,20260912,alto,b16_ctx8,medio,0.025452582395644237
fold4_stack_participant_C0.001_20260912,4,stack_participant_C0.001,20260912,alto,b16_ctx8,alto,-0.0254063256761768
fold4_stack_participant_C0.001_20260912,4,stack_participant_C0.001,20260912,alto,b17_ctx1,bajo,-0.005332026761408453
fold4_stack_participant_C0.001_20260912,4,stack_participant_C0.001,20260912,alto,b17_ctx1,medio,0.008689254787564866
fold4_stack_participant_C0.001_20260912,4,stack_participant_C0.001,20260912,alto,b17_ctx1,alto,-0.004184817261589313
fold4_stack_participant_C0.001_20260912,4,stack_participant_C0.001,20260912,alto,b17_ctx8,bajo,0.006448501308409031
fold4_stack_participant_C0.001_20260912,4,stack_participant_C0.001,20260912,alto,b17_ctx8,medio,0.012467497873291879
fold4_stack_participant_C0.001_20260912,4,stack_participant_C0.001,20260912,alto,b17_ctx8,alto,-0.019372625421131398
fold4_stack_participant_C0.001_20260912,4,stack_participant_C0.001,20260912,alto,b18_ctx1,bajo,0.0017341058824415123
fold4_stack_participant_C0.001_20260912,4,stack_participant_C0.001,20260912,alto,b18_ctx1,medio,-0.0027980663253398584
fold4_stack_participant_C0.001_20260912,4,stack_participant_C0.001,20260912,alto,b18_ctx1,alto,0.0015032458772324148
fold4_stack_participant_C0.001_20260912,4,stack_participant_C0.001,20260912,alto,b18_ctx8,bajo,0.009479358308443413
fold4_stack_participant_C0.001_20260912,4,stack_participant_C0.001,20260912,alto,b18_ctx8,medio,-0.003766326932620213
fold4_stack_participant_C0.001_20260912,4,stack_participant_C0.001,20260912,alto,b18_ctx8,alto,-0.007538810318254348
fold4_stack_participant_C0.001_20260912,4,stack_participant_C0.001,20260912,alto,b19_ctx1,bajo,0.0038103077223728614
fold4_stack_participant_C0.001_20260912,4,stack_participant_C0.001,20260912,alto,b19_ctx1,medio,-0.0013915568188792354
fold4_stack_participant_C0.001_20260912,4,stack_participant_C0.001,20260912,alto,b19_ctx1,alto,-0.004051134854336056
fold4_stack_participant_C0.001_20260912,4,stack_participant_C0.001,20260912,alto,b19_ctx8,bajo,-0.011345995806853363
fold4_stack_participant_C0.001_20260912,4,stack_participant_C0.001,20260912,alto,b19_ctx8,medio,0.03925940711876299
fold4_stack_participant_C0.001_20260912,4,stack_participant_C0.001,20260912,alto,b19_ctx8,alto,-0.021420879519276174
fold4_stack_participant_C0.001_20260912,4,stack_participant_C0.001,20260912,alto,b20_ctx1,bajo,0.013412971003528925
fold4_stack_participant_C0.001_20260912,4,stack_participant_C0.001,20260912,alto,b20_ctx1,medio,-0.021116245805444335
fold4_stack_participant_C0.001_20260912,4,stack_participant_C0.001,20260912,alto,b20_ctx1,alto,0.00956029435560165
fold4_stack_participant_C0.001_20260912,4,stack_participant_C0.001,20260912,alto,b20_ctx8,bajo,-0.012783827965975908
fold4_stack_participant_C0.001_20260912,4,stack_participant_C0.001,20260912,alto,b20_ctx8,medio,0.015930906695542927
fold4_stack_participant_C0.001_20260912,4,stack_participant_C0.001,20260912,alto,b20_ctx8,alto,0.0008151170723920128
fold4_stack_participant_C0.001_20260912,4,stack_participant_C0.001,20260912,alto,b21_ctx1,bajo,0.004462741482198338
fold4_stack_participant_C0.001_20260912,4,stack_participant_C0.001,20260912,alto,b21_ctx1,medio,-0.019122601225370538
fold4_stack_participant_C0.001_20260912,4,stack_participant_C0.001,20260912,alto,b21_ctx1,alto,0.02463877317866054
fold4_stack_participant_C0.001_20260912,4,stack_participant_C0.001,20260912,alto,b21_ctx8,bajo,-0.0022750453489207936
fold4_stack_participant_C0.001_20260912,4,stack_participant_C0.001,20260912,alto,b21_ctx8,medio,-0.012083739058453315
fold4_stack_participant_C0.001_20260912,4,stack_participant_C0.001,20260912,alto,b21_ctx8,alto,0.017182686072084032
fold4_stack_participant_C0.001_20260912,4,stack_participant_C0.001,20260912,bajo,b15_ctx1,bajo,-0.014695065203820154
fold4_stack_participant_C0.001_20260912,4,stack_participant_C0.001,20260912,bajo,b15_ctx1,medio,0.009048415051681918
fold4_stack_participant_C0.001_20260912,4,stack_participant_C0.001,20260912,bajo,b15_ctx1,alto,0.010349711920515996
fold4_stack_participant_C0.001_20260912,4,stack_participant_C0.001,20260912,bajo,b15_ctx8,bajo,0.01725449455307142
fold4_stack_participant_C0.001_20260912,4,stack_participant_C0.001,20260912,bajo,b15_ctx8,medio,-0.029836532391893898
fold4_stack_participant_C0.001_20260912,4,stack_participant_C0.001,20260912,bajo,b15_ctx8,alto,0.006190046590338957
fold4_stack_participant_C0.001_20260912,4,stack_participant_C0.001,20260912,bajo,b16_ctx1,bajo,0.005587219484934707
fold4_stack_participant_C0.001_20260912,4,stack_participant_C0.001,20260912,bajo,b16_ctx1,medio,-0.001056673417692505
fold4_stack_participant_C0.001_20260912,4,stack_participant_C0.001,20260912,bajo,b16_ctx1,alto,-0.006602272827989402
fold4_stack_participant_C0.001_20260912,4,stack_participant_C0.001,20260912,bajo,b16_ctx8,bajo,0.010263915497535534
fold4_stack_participant_C0.001_20260912,4,stack_participant_C0.001,20260912,bajo,b16_ctx8,medio,-0.024905639667525875
fold4_stack_participant_C0.001_20260912,4,stack_participant_C0.001,20260912,bajo,b16_ctx8,alto,0.01022661610365835
fold4_stack_participant_C0.001_20260912,4,stack_participant_C0.001,20260912,bajo,b17_ctx1,bajo,0.0152895427594424
fold4_stack_participant_C0.001_20260912,4,stack_participant_C0.001,20260912,bajo,b17_ctx1,medio,-0.0060724208034355735
fold4_stack_participant_C0.001_20260912,4,stack_participant_C0.001,20260912,bajo,b17_ctx1,alto,-0.01302159809912447
fold4_stack_participant_C0.001_20260912,4,stack_participant_C0.001,20260912,bajo,b17_ctx8,bajo,-0.005678205128410213
fold4_stack_participant_C0.001_20260912,4,stack_participant_C0.001,20260912,bajo,b17_ctx8,medio,0.00026221299375219967
fold4_stack_participant_C0.001_20260912,4,stack_participant_C0.001,20260912,bajo,b17_ctx8,alto,0.006511036583401342
fold4_stack_participant_C0.001_20260912,4,stack_participant_C0.001,20260912,bajo,b18_ctx1,bajo,0.017780027064699278
fold4_stack_participant_C0.001_20260912,4,stack_participant_C0.001,20260912,bajo,b18_ctx1,medio,-0.007597447119412258
fold4_stack_participant_C0.001_20260912,4,stack_participant_C0.001,20260912,bajo,b18_ctx1,alto,-0.013872279683790458
fold4_stack_participant_C0.001_20260912,4,stack_participant_C0.001,20260912,bajo,b18_ctx8,bajo,-0.01763521294633797
fold4_stack_participant_C0.001_20260912,4,stack_participant_C0.001,20260912,bajo,b18_ctx8,medio,0.010887348165642175
fold4_stack_participant_C0.001_20260912,4,stack_participant_C0.001,20260912,bajo,b18_ctx8,alto,0.010229151179347001
fold4_stack_participant_C0.001_20260912,4,stack_participant_C0.001,20260912,bajo,b19_ctx1,bajo,0.0020457030755703415
fold4_stack_participant_C0.001_20260912,4,stack_participant_C0.001,20260912,bajo,b19_ctx1,medio,-0.005144216942383662
fold4_stack_participant_C0.001_20260912,4,stack_participant_C0.001,20260912,bajo,b19_ctx1,alto,0.0036511312282427014
fold4_stack_participant_C0.001_20260912,4,stack_participant_C0.001,20260912,bajo,b19_ctx8,bajo,0.04138037564895681
fold4_stack_participant_C0.001_20260912,4,stack_participant_C0.001,20260912,bajo,b19_ctx8,medio,-0.05278057467973243
fold4_stack_participant_C0.001_20260912,4,stack_participant_C0.001,20260912,bajo,b19_ctx8,alto,-0.0036168390701029583
fold4_stack_participant_C0.001_20260912,4,stack_participant_C0.001,20260912,bajo,b20_ctx1,bajo,-0.018379328563836343
fold4_stack_participant_C0.001_20260912,4,stack_participant_C0.001,20260912,bajo,b20_ctx1,medio,0.006691462673012274
fold4_stack_participant_C0.001_20260912,4,stack_participant_C0.001,20260912,bajo,b20_ctx1,alto,0.02106953443665974
fold4_stack_participant_C0.001_20260912,4,stack_participant_C0.001,20260912,bajo,b20_ctx8,bajo,0.02838471302471274
fold4_stack_participant_C0.001_20260912,4,stack_participant_C0.001,20260912,bajo,b20_ctx8,medio,-0.040676480690452696
fold4_stack_participant_C0.001_20260912,4,stack_participant_C0.001,20260912,bajo,b20_ctx8,alto,0.0033357978264078867
fold4_stack_participant_C0.001_20260912,4,stack_participant_C0.001,20260912,bajo,b21_ctx1,bajo,-0.04086351635124276
fold4_stack_participant_C0.001_20260912,4,stack_participant_C0.001,20260912,bajo,b21_ctx1,medio,0.029858444579723347
fold4_stack_participant_C0.001_20260912,4,stack_participant_C0.001,20260912,bajo,b21_ctx1,alto,0.021732070063922228
fold4_stack_participant_C0.001_20260912,4,stack_participant_C0.001,20260912,bajo,b21_ctx8,bajo,-0.029096039585285262
fold4_stack_participant_C0.001_20260912,4,stack_participant_C0.001,20260912,bajo,b21_ctx8,medio,0.03177481321606483
fold4_stack_participant_C0.001_20260912,4,stack_participant_C0.001,20260912,bajo,b21_ctx8,alto,0.0022445743126935378
fold4_stack_participant_C0.001_20260912,4,stack_participant_C0.001,20260912,medio,b15_ctx1,bajo,0.006481967595419415
fold4_stack_participant_C0.001_20260912,4,stack_participant_C0.001,20260912,medio,b15_ctx1,medio,0.004772735732706913
fold4_stack_participant_C0.001_20260912,4,stack_participant_C0.001,20260912,medio,b15_ctx1,alto,-0.017049764694769477
fold4_stack_participant_C0.001_20260912,4,stack_participant_C0.001,20260912,medio,b15_ctx8,bajo,-0.01145198951748395
fold4_stack_participant_C0.001_20260912,4,stack_participant_C0.001,20260912,medio,b15_ctx8,medio,0.010085525324537464
fold4_stack_participant_C0.001_20260912,4,stack_participant_C0.001,20260912,medio,b15_ctx8,alto,0.004850050225635081
fold4_stack_participant_C0.001_20260912,4,stack_participant_C0.001,20260912,medio,b16_ctx1,bajo,-0.00040487814284920237
fold4_stack_participant_C0.001_20260912,4,stack_participant_C0.001,20260912,medio,b16_ctx1,medio,-0.006122150573960866
fold4_stack_participant_C0.001_20260912,4,stack_participant_C0.001,20260912,medio,b16_ctx1,alto,0.008521900975279044
fold4_stack_participant_C0.001_20260912,4,stack_participant_C0.001,20260912,medio,b16_ctx8,bajo,-0.012171910303574054
fold4_stack_participant_C0.001_20260912,4,stack_participant_C0.001,20260912,medio,b16_ctx8,medio,-0.0005469427281183803
fold4_stack_participant_C0.001_20260912,4,stack_participant_C0.001,20260912,medio,b16_ctx8,alto,0.015179709572518333
fold4_stack_participant_C0.001_20260912,4,stack_participant_C0.001,20260912,medio,b17_ctx1,bajo,-0.009957515998033968
fold4_stack_participant_C0.001_20260912,4,stack_participant_C0.001,20260912,medio,b17_ctx1,medio,-0.002616833984129295
fold4_stack_participant_C0.001_20260912,4,stack_participant_C0.001,20260912,medio,b17_ctx1,alto,0.01720641536071383
fold4_stack_participant_C0.001_20260912,4,stack_participant_C0.001,20260912,medio,b17_ctx8,bajo,-0.0007702961799988353
fold4_stack_participant_C0.001_20260912,4,stack_participant_C0.001,20260912,medio,b17_ctx8,medio,-0.012729710867044065
fold4_stack_participant_C0.001_20260912,4,stack_participant_C0.001,20260912,medio,b17_ctx8,alto,0.012861588837730004
fold4_stack_participant_C0.001_20260912,4,stack_participant_C0.001,20260912,medio,b18_ctx1,bajo,-0.01951413294714078
fold4_stack_participant_C0.001_20260912,4,stack_participant_C0.001,20260912,medio,b18_ctx1,medio,0.010395513444752074
fold4_stack_participant_C0.001_20260912,4,stack_participant_C0.001,20260912,medio,b18_ctx1,alto,0.012369033806558018
fold4_stack_participant_C0.001_20260912,4,stack_participant_C0.001,20260912,medio,b18_ctx8,bajo,0.00815585463789461
fold4_stack_participant_C0.001_20260912,4,stack_participant_C0.001,20260912,medio,b18_ctx8,medio,-0.00712102123302205
fold4_stack_participant_C0.001_20260912,4,stack_participant_C0.001,20260912,medio,b18_ctx8,alto,-0.0026903408610926163
fold4_stack_participant_C0.001_20260912,4,stack_participant_C0.001,20260912,medio,b19_ctx1,bajo,-0.005856010797943139
fold4_stack_participant_C0.001_20260912,4,stack_participant_C0.001,20260912,medio,b19_ctx1,medio,0.0065357737612629935
fold4_stack_participant_C0.001_20260912,4,stack_participant_C0.001,20260912,medio,b19_ctx1,alto,0.0004000036260933765
fold4_stack_participant_C0.001_20260912,4,stack_participant_C0.001,20260912,medio,b19_ctx8,bajo,-0.03003437984210341
fold4_stack_participant_C0.001_20260912,4,stack_participant_C0.001,20260912,medio,b19_ctx8,medio,0.013521167560969383
fold4_stack_participant_C0.001_20260912,4,stack_participant_C0.001,20260912,medio,b19_ctx8,alto,0.0250377185893792
fold4_stack_participant_C0.001_20260912,4,stack_participant_C0.001,20260912,medio,b20_ctx1,bajo,0.00496635756030732
fold4_stack_participant_C0.001_20260912,4,stack_participant_C0.001,20260912,medio,b20_ctx1,medio,0.014424783132432128
fold4_stack_participant_C0.001_20260912,4,stack_participant_C0.001,20260912,medio,b20_ctx1,alto,-0.030629828792261383
fold4_stack_participant_C0.001_20260912,4,stack_participant_C0.001,20260912,medio,b20_ctx8,bajo,-0.015600885058736826
fold4_stack_participant_C0.001_20260912,4,stack_participant_C0.001,20260912,medio,b20_ctx8,medio,0.024745573994909686
fold4_stack_participant_C0.001_20260912,4,stack_participant_C0.001,20260912,medio,b20_ctx8,alto,-0.004150914898799735
fold4_stack_participant_C0.001_20260912,4,stack_participant_C0.001,20260912,medio,b21_ctx1,bajo,0.0364007748690445
fold4_stack_participant_C0.001_20260912,4,stack_participant_C0.001,20260912,medio,b21_ctx1,medio,-0.010735843354352598
fold4_stack_participant_C0.001_20260912,4,stack_participant_C0.001,20260912,medio,b21_ctx1,alto,-0.04637084324258283
fold4_stack_participant_C0.001_20260912,4,stack_participant_C0.001,20260912,medio,b21_ctx8,bajo,0.031371084934206164
fold4_stack_participant_C0.001_20260912,4,stack_participant_C0.001,20260912,medio,b21_ctx8,medio,-0.01969107415761157
fold4_stack_participant_C0.001_20260912,4,stack_participant_C0.001,20260912,medio,b21_ctx8,alto,-0.01942726038477754
fold4_stack_participant_C0.01_20260912,4,stack_participant_C0.01,20260912,alto,b15_ctx1,bajo,0.02551866451487065
fold4_stack_participant_C0.01_20260912,4,stack_participant_C0.01,20260912,alto,b15_ctx1,medio,-0.03791806656448638
fold4_stack_participant_C0.01_20260912,4,stack_participant_C0.01,20260912,alto,b15_ctx1,alto,0.013658981231796008
fold4_stack_participant_C0.01_20260912,4,stack_participant_C0.01,20260912,alto,b15_ctx8,bajo,0.02611884553206011
fold4_stack_participant_C0.01_20260912,4,stack_participant_C0.01,20260912,alto,b15_ctx8,medio,-0.01150562625518748
fold4_stack_participant_C0.01_20260912,4,stack_participant_C0.01,20260912,alto,b15_ctx8,alto,-0.021660520315532915
fold4_stack_participant_C0.01_20260912,4,stack_participant_C0.01,20260912,alto,b16_ctx1,bajo,-0.04165811788649415
fold4_stack_participant_C0.01_20260912,4,stack_participant_C0.01,20260912,alto,b16_ctx1,medio,0.043408098879249166
fold4_stack_participant_C0.01_20260912,4,stack_participant_C0.01,20260912,alto,b16_ctx1,alto,0.003123113919568079
fold4_stack_participant_C0.01_20260912,4,stack_participant_C0.01,20260912,alto,b16_ctx8,bajo,0.04300920957171151
fold4_stack_participant_C0.01_20260912,4,stack_participant_C0.01,20260912,alto,b16_ctx8,medio,0.019754594688630986
fold4_stack_participant_C0.01_20260912,4,stack_participant_C0.01,20260912,alto,b16_ctx8,alto,-0.06981517934487942
fold4_stack_participant_C0.01_20260912,4,stack_participant_C0.01,20260912,alto,b17_ctx1,bajo,-0.035564305615830544
fold4_stack_participant_C0.01_20260912,4,stack_participant_C0.01,20260912,alto,b17_ctx1,medio,0.0533530808165332
fold4_stack_participant_C0.01_20260912,4,stack_participant_C0.01,20260912,alto,b17_ctx1,alto,-0.021799510314811855
fold4_stack_participant_C0.01_20260912,4,stack_participant_C0.01,20260912,alto,b17_ctx8,bajo,0.017625844424663886
fold4_stack_participant_C0.01_20260912,4,stack_participant_C0.01,20260912,alto,b17_ctx8,medio,0.014996342673929802
fold4_stack_participant_C0.01_20260912,4,stack_participant_C0.01,20260912,alto,b17_ctx8,alto,-0.035046646962157896
fold4_stack_participant_C0.01_20260912,4,stack_participant_C0.01,20260912,alto,b18_ctx1,bajo,0.02094808560652651
fold4_stack_participant_C0.01_20260912,4,stack_participant_C0.01,20260912,alto,b18_ctx1,medio,-0.035557713790438185
fold4_stack_participant_C0.01_20260912,4,stack_participant_C0.01,20260912,alto,b18_ctx1,alto,0.020598761696124828
fold4_stack_participant_C0.01_20260912,4,stack_participant_C0.01,20260912,alto,b18_ctx8,bajo,0.006102875484275088
fold4_stack_participant_C0.01_20260912,4,stack_participant_C0.01,20260912,alto,b18_ctx8,medio,-0.04383269593620697
fold4_stack_participant_C0.01_20260912,4,stack_participant_C0.01,20260912,alto,b18_ctx8,alto,0.03565117751737123
fold4_stack_participant_C0.01_20260912,4,stack_participant_C0.01,20260912,alto,b19_ctx1,bajo,0.01997649709804741
fold4_stack_participant_C0.01_20260912,4,stack_participant_C0.01,20260912,alto,b19_ctx1,medio,-0.008010244770875584
fold4_stack_participant_C0.01_20260912,4,stack_participant_C0.01,20260912,alto,b19_ctx1,alto,-0.020292178309210995
fold4_stack_participant_C0.01_20260912,4,stack_participant_C0.01,20260912,alto,b19_ctx8,bajo,-0.06194609702384541
fold4_stack_participant_C0.01_20260912,4,stack_participant_C0.01,20260912,alto,b19_ctx8,medio,0.1187373875993083
fold4_stack_participant_C0.01_20260912,4,stack_participant_C0.01,20260912,alto,b19_ctx8,alto,-0.030504597130608675
fold4_stack_participant_C0.01_20260912,4,stack_participant_C0.01,20260912,alto,b20_ctx1,bajo,0.05518808830113352
fold4_stack_participant_C0.01_20260912,4,stack_participant_C0.01,20260912,alto,b20_ctx1,medio,-0.05793014263050407
fold4_stack_participant_C0.01_20260912,4,stack_participant_C0.01,20260912,alto,b20_ctx1,alto,-0.0051411245490099455
fold4_stack_participant_C0.01_20260912,4,stack_participant_C0.01,20260912,alto,b20_ctx8,bajo,-0.05361544111060318
fold4_stack_participant_C0.01_20260912,4,stack_participant_C0.01,20260912,alto,b20_ctx8,medio,0.03639959697337657
fold4_stack_participant_C0.01_20260912,4,stack_participant_C0.01,20260912,alto,b20_ctx8,alto,0.03292464976283665
fold4_stack_participant_C0.01_20260912,4,stack_participant_C0.01,20260912,alto,b21_ctx1,bajo,-0.03037684055403748
fold4_stack_participant_C0.01_20260912,4,stack_participant_C0.01,20260912,alto,b21_ctx1,medio,0.007335446068554104
fold4_stack_participant_C0.01_20260912,4,stack_participant_C0.01,20260912,alto,b21_ctx1,alto,0.0414621461594877
fold4_stack_participant_C0.01_20260912,4,stack_participant_C0.01,20260912,alto,b21_ctx8,bajo,0.015940456994422397
fold4_stack_participant_C0.01_20260912,4,stack_participant_C0.01,20260912,alto,b21_ctx8,medio,-0.03919605089221294
fold4_stack_participant_C0.01_20260912,4,stack_participant_C0.01,20260912,alto,b21_ctx8,alto,0.024205943159947573
fold4_stack_participant_C0.01_20260912,4,stack_participant_C0.01,20260912,bajo,b15_ctx1,bajo,-0.0468634632293145
fold4_stack_participant_C0.01_20260912,4,stack_participant_C0.01,20260912,bajo,b15_ctx1,medio,0.04803417588534871
fold4_stack_participant_C0.01_20260912,4,stack_participant_C0.01,20260912,bajo,b15_ctx1,alto,0.005685954501409223
fold4_stack_participant_C0.01_20260912,4,stack_participant_C0.01,20260912,bajo,b15_ctx8,bajo,-0.04605063273727852
fold4_stack_participant_C0.01_20260912,4,stack_participant_C0.01,20260912,bajo,b15_ctx8,medio,0.015323145509364217
fold4_stack_participant_C0.01_20260912,4,stack_participant_C0.01,20260912,bajo,b15_ctx8,alto,0.04276517344954547
fold4_stack_participant_C0.01_20260912,4,stack_participant_C0.01,20260912,bajo,b16_ctx1,bajo,-0.017444502042607436
fold4_stack_participant_C0.01_20260912,4,stack_participant_C0.01,20260912,bajo,b16_ctx1,medio,0.033334508646328885
fold4_stack_participant_C0.01_20260912,4,stack_participant_C0.01,20260912,bajo,b16_ctx1,alto,-0.018360171469668354
fold4_stack_participant_C0.01_20260912,4,stack_participant_C0.01,20260912,bajo,b16_ctx8,bajo,-0.04624493508654042
fold4_stack_participant_C0.01_20260912,4,stack_participant_C0.01,20260912,bajo,b16_ctx8,medio,-0.002909010484741567
fold4_stack_participant_C0.01_20260912,4,stack_participant_C0.01,20260912,bajo,b16_ctx8,alto,0.05842686054525197
fold4_stack_participant_C0.01_20260912,4,stack_participant_C0.01,20260912,bajo,b17_ctx1,bajo,0.029374525875458787
fold4_stack_participant_C0.01_20260912,4,stack_participant_C0.01,20260912,bajo,b17_ctx1,medio,-0.012890892163555465
fold4_stack_participant_C0.01_20260912,4,stack_participant_C0.01,20260912,bajo,b17_ctx1,alto,-0.023391445708837562
fold4_stack_participant_C0.01_20260912,4,stack_participant_C0.01,20260912,bajo,b17_ctx8,bajo,-0.02835894509113737
fold4_stack_participant_C0.01_20260912,4,stack_participant_C0.01,20260912,bajo,b17_ctx8,medio,0.04421786918889467
fold4_stack_participant_C0.01_20260912,4,stack_participant_C0.01,20260912,bajo,b17_ctx8,alto,-0.0077446246316178816
fold4_stack_participant_C0.01_20260912,4,stack_participant_C0.01,20260912,bajo,b18_ctx1,bajo,0.04664845160262026
fold4_stack_participant_C0.01_20260912,4,stack_participant_C0.01,20260912,bajo,b18_ctx1,medio,-0.028186450186531025
fold4_stack_participant_C0.01_20260912,4,stack_participant_C0.01,20260912,bajo,b18_ctx1,alto,-0.024936106612434124
fold4_stack_participant_C0.01_20260912,4,stack_participant_C0.01,20260912,bajo,b18_ctx8,bajo,-0.05394021560600123
fold4_stack_participant_C0.01_20260912,4,stack_participant_C0.01,20260912,bajo,b18_ctx8,medio,0.04405994818358811
fold4_stack_participant_C0.01_20260912,4,stack_participant_C0.01,20260912,bajo,b18_ctx8,alto,0.02076303840675553
fold4_stack_participant_C0.01_20260912,4,stack_participant_C0.01,20260912,bajo,b19_ctx1,bajo,0.0005797906707061285
fold4_stack_participant_C0.01_20260912,4,stack_participant_C0.01,20260912,bajo,b19_ctx1,medio,-0.012520061419661069
fold4_stack_participant_C0.01_20260912,4,stack_participant_C0.01,20260912,bajo,b19_ctx1,alto,0.015691977868996856
fold4_stack_participant_C0.01_20260912,4,stack_participant_C0.01,20260912,bajo,b19_ctx8,bajo,0.1742944976226936
fold4_stack_participant_C0.01_20260912,4,stack_participant_C0.01,20260912,bajo,b19_ctx8,medio,-0.1657639781945452
fold4_stack_participant_C0.01_20260912,4,stack_participant_C0.01,20260912,bajo,b19_ctx8,alto,-0.06636420254926649
fold4_stack_participant_C0.01_20260912,4,stack_participant_C0.01,20260912,bajo,b20_ctx1,bajo,0.00045871527607244393
fold4_stack_participant_C0.01_20260912,4,stack_participant_C0.01,20260912,bajo,b20_ctx1,medio,-0.03441236602639401
fold4_stack_participant_C0.01_20260912,4,stack_participant_C0.01,20260912,bajo,b20_ctx1,alto,0.05208089118524011
fold4_stack_participant_C0.01_20260912,4,stack_participant_C0.01,20260912,bajo,b20_ctx8,bajo,0.1172605797235595
fold4_stack_participant_C0.01_20260912,4,stack_participant_C0.01,20260912,bajo,b20_ctx8,medio,-0.1602614069631203
fold4_stack_participant_C0.01_20260912,4,stack_participant_C0.01,20260912,bajo,b20_ctx8,alto,0.006235036395020678
fold4_stack_participant_C0.01_20260912,4,stack_participant_C0.01,20260912,bajo,b21_ctx1,bajo,-0.03313239577218716
fold4_stack_participant_C0.01_20260912,4,stack_participant_C0.01,20260912,bajo,b21_ctx1,medio,0.021223631289889414
fold4_stack_participant_C0.01_20260912,4,stack_participant_C0.01,20260912,bajo,b21_ctx1,alto,0.022705216095628998
fold4_stack_participant_C0.01_20260912,4,stack_participant_C0.01,20260912,bajo,b21_ctx8,bajo,-0.09636097807633279
fold4_stack_participant_C0.01_20260912,4,stack_participant_C0.01,20260912,bajo,b21_ctx8,medio,0.1310426310849096
fold4_stack_participant_C0.01_20260912,4,stack_participant_C0.01,20260912,bajo,b21_ctx8,alto,-0.02269737155475567
fold4_stack_participant_C0.01_20260912,4,stack_participant_C0.01,20260912,medio,b15_ctx1,bajo,0.021344798714443364
fold4_stack_participant_C0.01_20260912,4,stack_participant_C0.01,20260912,medio,b15_ctx1,medio,-0.010116109320862656
fold4_stack_participant_C0.01_20260912,4,stack_participant_C0.01,20260912,medio,b15_ctx1,alto,-0.019344935733205303
fold4_stack_participant_C0.01_20260912,4,stack_participant_C0.01,20260912,medio,b15_ctx8,bajo,0.019931787205218845
fold4_stack_participant_C0.01_20260912,4,stack_participant_C0.01,20260912,medio,b15_ctx8,medio,-0.0038175192541766347
fold4_stack_participant_C0.01_20260912,4,stack_participant_C0.01,20260912,medio,b15_ctx8,alto,-0.0211046531340125
fold4_stack_participant_C0.01_20260912,4,stack_participant_C0.01,20260912,medio,b16_ctx1,bajo,0.05910261992910188
fold4_stack_participant_C0.01_20260912,4,stack_participant_C0.01,20260912,medio,b16_ctx1,medio,-0.07674260752557849
fold4_stack_participant_C0.01_20260912,4,stack_participant_C0.01,20260912,medio,b16_ctx1,alto,0.01523705755009994
fold4_stack_participant_C0.01_20260912,4,stack_participant_C0.01,20260912,medio,b16_ctx8,bajo,0.003235725514827784
fold4_stack_participant_C0.01_20260912,4,stack_participant_C0.01,20260912,medio,b16_ctx8,medio,-0.01684558420388932
fold4_stack_participant_C0.01_20260912,4,stack_participant_C0.01,20260912,medio,b16_ctx8,alto,0.0113883187996267
fold4_stack_participant_C0.01_20260912,4,stack_participant_C0.01,20260912,medio,b17_ctx1,bajo,0.00618977974037133
fold4_stack_participant_C0.01_20260912,4,stack_participant_C0.01,20260912,medio,b17_ctx1,medio,-0.04046218865297777
fold4_stack_participant_C0.01_20260912,4,stack_participant_C0.01,20260912,medio,b17_ctx1,alto,0.04519095602364931
fold4_stack_participant_C0.01_20260912,4,stack_participant_C0.01,20260912,medio,b17_ctx8,bajo,0.01073310066647398
fold4_stack_participant_C0.01_20260912,4,stack_participant_C0.01,20260912,medio,b17_ctx8,medio,-0.05921421186282481
fold4_stack_participant_C0.01_20260912,4,stack_participant_C0.01,20260912,medio,b17_ctx8,alto,0.04279127159377547
fold4_stack_participant_C0.01_20260912,4,stack_participant_C0.01,20260912,medio,b18_ctx1,bajo,-0.06759653720914664
fold4_stack_participant_C0.01_20260912,4,stack_participant_C0.01,20260912,medio,b18_ctx1,medio,0.06374416397696898
fold4_stack_participant_C0.01_20260912,4,stack_participant_C0.01,20260912,medio,b18_ctx1,alto,0.004337344916309248
fold4_stack_participant_C0.01_20260912,4,stack_participant_C0.01,20260912,medio,b18_ctx8,bajo,0.04783734012172646
fold4_stack_participant_C0.01_20260912,4,stack_participant_C0.01,20260912,medio,b18_ctx8,medio,-0.00022725224738175072
fold4_stack_participant_C0.01_20260912,4,stack_participant_C0.01,20260912,medio,b18_ctx8,alto,-0.05641421592412744
fold4_stack_participant_C0.01_20260912,4,stack_participant_C0.01,20260912,medio,b19_ctx1,bajo,-0.02055628776875349
fold4_stack_participant_C0.01_20260912,4,stack_participant_C0.01,20260912,medio,b19_ctx1,medio,0.020530306190537057
fold4_stack_participant_C0.01_20260912,4,stack_participant_C0.01,20260912,medio,b19_ctx1,alto,0.004600200440214139
fold4_stack_participant_C0.01_20260912,4,stack_participant_C0.01,20260912,medio,b19_ctx8,bajo,-0.11234840059884788
fold4_stack_participant_C0.01_20260912,4,stack_participant_C0.01,20260912,medio,b19_ctx8,medio,0.0470265905952369
fold4_stack_participant_C0.01_20260912,4,stack_participant_C0.01,20260912,medio,b19_ctx8,alto,0.09686879967987556
fold4_stack_participant_C0.01_20260912,4,stack_participant_C0.01,20260912,medio,b20_ctx1,bajo,-0.05564680357720612
fold4_stack_participant_C0.01_20260912,4,stack_participant_C0.01,20260912,medio,b20_ctx1,medio,0.09234250865689832
fold4_stack_participant_C0.01_20260912,4,stack_participant_C0.01,20260912,medio,b20_ctx1,alto,-0.04693976663623004
fold4_stack_participant_C0.01_20260912,4,stack_participant_C0.01,20260912,medio,b20_ctx8,bajo,-0.06364513861295604
fold4_stack_participant_C0.01_20260912,4,stack_participant_C0.01,20260912,medio,b20_ctx8,medio,0.1238618099897438
fold4_stack_participant_C0.01_20260912,4,stack_participant_C0.01,20260912,medio,b20_ctx8,alto,-0.039159686157857566
fold4_stack_participant_C0.01_20260912,4,stack_participant_C0.01,20260912,medio,b21_ctx1,bajo,0.06350923632622459
fold4_stack_participant_C0.01_20260912,4,stack_participant_C0.01,20260912,medio,b21_ctx1,medio,-0.028559077358443347
fold4_stack_participant_C0.01_20260912,4,stack_participant_C0.01,20260912,medio,b21_ctx1,alto,-0.064167362255116
fold4_stack_participant_C0.01_20260912,4,stack_participant_C0.01,20260912,medio,b21_ctx8,bajo,0.08042052108191042
fold4_stack_participant_C0.01_20260912,4,stack_participant_C0.01,20260912,medio,b21_ctx8,medio,-0.09184658019269734
fold4_stack_participant_C0.01_20260912,4,stack_participant_C0.01,20260912,medio,b21_ctx8,alto,-0.0015085716051917815
fold4_stack_participant_C0.1_20260912,4,stack_participant_C0.1,20260912,alto,b15_ctx1,bajo,-0.03328761741139582
fold4_stack_participant_C0.1_20260912,4,stack_participant_C0.1,20260912,alto,b15_ctx1,medio,0.0002359696862526696
fold4_stack_participant_C0.1_20260912,4,stack_participant_C0.1,20260912,alto,b15_ctx1,alto,0.052306370202653586
fold4_stack_participant_C0.1_20260912,4,stack_participant_C0.1,20260912,alto,b15_ctx8,bajo,0.32134556344443954
fold4_stack_participant_C0.1_20260912,4,stack_participant_C0.1,20260912,alto,b15_ctx8,medio,-0.2616399784611129
fold4_stack_participant_C0.1_20260912,4,stack_participant_C0.1,20260912,alto,b15_ctx8,alto,-0.1557876130553028
fold4_stack_participant_C0.1_20260912,4,stack_participant_C0.1,20260912,alto,b16_ctx1,bajo,-0.1791746582941077
fold4_stack_participant_C0.1_20260912,4,stack_participant_C0.1,20260912,alto,b16_ctx1,medio,0.13843635088300882
fold4_stack_participant_C0.1_20260912,4,stack_participant_C0.1,20260912,alto,b16_ctx1,alto,0.0760615822460145
fold4_stack_participant_C0.1_20260912,4,stack_participant_C0.1,20260912,alto,b16_ctx8,bajo,0.23963790275178012
fold4_stack_participant_C0.1_20260912,4,stack_participant_C0.1,20260912,alto,b16_ctx8,medio,-0.1274841465735209
fold4_stack_participant_C0.1_20260912,4,stack_participant_C0.1,20260912,alto,b16_ctx8,alto,-0.17335583231018994
fold4_stack_participant_C0.1_20260912,4,stack_participant_C0.1,20260912,alto,b17_ctx1,bajo,-0.15089612420486637
fold4_stack_participant_C0.1_20260912,4,stack_participant_C0.1,20260912,alto,b17_ctx1,medio,0.27909537194506423
fold4_stack_participant_C0.1_20260912,4,stack_participant_C0.1,20260912,alto,b17_ctx1,alto,-0.1625005611095728
fold4_stack_participant_C0.1_20260912,4,stack_participant_C0.1,20260912,alto,b17_ctx8,bajo,0.014783012734510808
fold4_stack_participant_C0.1_20260912,4,stack_participant_C0.1,20260912,alto,b17_ctx8,medio,0.09578135731199686
fold4_stack_participant_C0.1_20260912,4,stack_participant_C0.1,20260912,alto,b17_ctx8,alto,-0.1074683455503221
fold4_stack_participant_C0.1_20260912,4,stack_participant_C0.1,20260912,alto,b18_ctx1,bajo,0.13607511910311956
fold4_stack_participant_C0.1_20260912,4,stack_participant_C0.1,20260912,alto,b18_ctx1,medio,-0.2044905712081192
fold4_stack_participant_C0.1_20260912,4,stack_participant_C0.1,20260912,alto,b18_ctx1,alto,0.09703032724021693
fold4_stack_participant_C0.1_20260912,4,stack_participant_C0.1,20260912,alto,b18_ctx8,bajo,-0.04077730297457045
fold4_stack_participant_C0.1_20260912,4,stack_participant_C0.1,20260912,alto,b18_ctx8,medio,-0.08855373752395133
fold4_stack_participant_C0.1_20260912,4,stack_participant_C0.1,20260912,alto,b18_ctx8,alto,0.1349000485966431
fold4_stack_participant_C0.1_20260912,4,stack_participant_C0.1,20260912,alto,b19_ctx1,bajo,0.16731920521405205
fold4_stack_participant_C0.1_20260912,4,stack_participant_C0.1,20260912,alto,b19_ctx1,medio,-0.18302216669697124
fold4_stack_participant_C0.1_20260912,4,stack_participant_C0.1,20260912,alto,b19_ctx1,alto,-0.01635712672978761
fold4_stack_participant_C0.1_20260912,4,stack_participant_C0.1,20260912,alto,b19_ctx8,bajo,-0.3023500367422977
fold4_stack_participant_C0.1_20260912,4,stack_participant_C0.1,20260912,alto,b19_ctx8,medio,0.3233072628221412
fold4_stack_participant_C0.1_20260912,4,stack_participant_C0.1,20260912,alto,b19_ctx8,alto,0.08279322706003472
fold4_stack_participant_C0.1_20260912,4,stack_participant_C0.1,20260912,alto,b20_ctx1,bajo,0.15954606775450492
fold4_stack_participant_C0.1_20260912,4,stack_participant_C0.1,20260912,alto,b20_ctx1,medio,-0.1012919575420661
fold4_stack_participant_C0.1_20260912,4,stack_participant_C0.1,20260912,alto,b20_ctx1,alto,-0.11652850721406627
fold4_stack_participant_C0.1_20260912,4,stack_participant_C0.1,20260912,alto,b20_ctx8,bajo,-0.32488128439074865
fold4_stack_participant_C0.1_20260912,4,stack_participant_C0.1,20260912,alto,b20_ctx8,medio,0.260906112228807
fold4_stack_participant_C0.1_20260912,4,stack_participant_C0.1,20260912,alto,b20_ctx8,alto,0.16036754863794728
fold4_stack_participant_C0.1_20260912,4,stack_participant_C0.1,20260912,alto,b21_ctx1,bajo,-0.112794178654963
fold4_stack_participant_C0.1_20260912,4,stack_participant_C0.1,20260912,alto,b21_ctx1,medio,0.057942724549838655
fold4_stack_participant_C0.1_20260912,4,stack_participant_C0.1,20260912,alto,b21_ctx1,alto,0.1016658302211732
fold4_stack_participant_C0.1_20260912,4,stack_participant_C0.1,20260912,alto,b21_ctx8,bajo,0.11175100531942672
fold4_stack_participant_C0.1_20260912,4,stack_participant_C0.1,20260912,alto,b21_ctx8,medio,-0.12295675558350679
fold4_stack_participant_C0.1_20260912,4,stack_participant_C0.1,20260912,alto,b21_ctx8,alto,-0.007550109184567199
fold4_stack_participant_C0.1_20260912,4,stack_participant_C0.1,20260912,bajo,b15_ctx1,bajo,-0.13210459735416757
fold4_stack_participant_C0.1_20260912,4,stack_participant_C0.1,20260912,bajo,b15_ctx1,medio,0.2129670645960624
fold4_stack_participant_C0.1_20260912,4,stack_participant_C0.1,20260912,bajo,b15_ctx1,alto,-0.0944613740647842
fold4_stack_participant_C0.1_20260912,4,stack_participant_C0.1,20260912,bajo,b15_ctx8,bajo,-0.49861065711085795
fold4_stack_participant_C0.1_20260912,4,stack_participant_C0.1,20260912,bajo,b15_ctx8,medio,0.5010998758545643
fold4_stack_participant_C0.1_20260912,4,stack_participant_C0.1,20260912,bajo,b15_ctx8,alto,0.15402386188143632
fold4_stack_participant_C0.1_20260912,4,stack_participant_C0.1,20260912,bajo,b16_ctx1,bajo,-0.051636361751485005
fold4_stack_participant_C0.1_20260912,4,stack_participant_C0.1,20260912,bajo,b16_ctx1,medio,0.11472839868672344
fold4_stack_participant_C0.1_20260912,4,stack_participant_C0.1,20260912,bajo,b16_ctx1,alto,-0.0751824016538407
fold4_stack_participant_C0.1_20260912,4,stack_participant_C0.1,20260912,bajo,b16_ctx8,bajo,-0.33744829029004153
fold4_stack_participant_C0.1_20260912,4,stack_participant_C0.1,20260912,bajo,b16_ctx8,medio,0.10978098235486702
fold4_stack_participant_C0.1_20260912,4,stack_participant_C0.1,20260912,bajo,b16_ctx8,alto,0.30741658206706163
fold4_stack_participant_C0.1_20260912,4,stack_participant_C0.1,20260912,bajo,b17_ctx1,bajo,0.05869266698176646
fold4_stack_participant_C0.1_20260912,4,stack_participant_C0.1,20260912,bajo,b17_ctx1,medio,-0.06045664431921801
fold4_stack_participant_C0.1_20260912,4,stack_participant_C0.1,20260912,bajo,b17_ctx1,alto,-0.0006628696281152597
fold4_stack_participant_C0.1_20260912,4,stack_participant_C0.1,20260912,bajo,b17_ctx8,bajo,0.04872785444504863
fold4_stack_participant_C0.1_20260912,4,stack_participant_C0.1,20260912,bajo,b17_ctx8,medio,0.0568428777788065
fold4_stack_participant_C0.1_20260912,4,stack_participant_C0.1,20260912,bajo,b17_ctx8,alto,-0.11132487700561078
fold4_stack_participant_C0.1_20260912,4,stack_participant_C0.1,20260912,bajo,b18_ctx1,bajo,0.09918120671318514
fold4_stack_participant_C0.1_20260912,4,stack_participant_C0.1,20260912,bajo,b18_ctx1,medio,-0.0907255091690282
fold4_stack_participant_C0.1_20260912,4,stack_participant_C0.1,20260912,bajo,b18_ctx1,alto,-0.010256312891324325
fold4_stack_participant_C0.1_20260912,4,stack_participant_C0.1,20260912,bajo,b18_ctx8,bajo,-0.07266755206742156
fold4_stack_participant_C0.1_20260912,4,stack_participant_C0.1,20260912,bajo,b18_ctx8,medio,0.05524518848735932
fold4_stack_participant_C0.1_20260912,4,stack_participant_C0.1,20260912,bajo,b18_ctx8,alto,0.03199380315416861
fold4_stack_participant_C0.1_20260912,4,stack_participant_C0.1,20260912,bajo,b19_ctx1,bajo,-0.029118635659586615
fold4_stack_participant_C0.1_20260912,4,stack_participant_C0.1,20260912,bajo,b19_ctx1,medio,-0.0024916969821462778
fold4_stack_participant_C0.1_20260912,4,stack_participant_C0.1,20260912,bajo,b19_ctx1,alto,0.04835098357215217
fold4_stack_participant_C0.1_20260912,4,stack_participant_C0.1,20260912,bajo,b19_ctx8,bajo,0.5830051403031238
fold4_stack_participant_C0.1_20260912,4,stack_participant_C0.1,20260912,bajo,b19_ctx8,medio,-0.44954675453437704
fold4_stack_participant_C0.1_20260912,4,stack_participant_C0.1,20260912,bajo,b19_ctx8,alto,-0.31685535965536976
fold4_stack_participant_C0.1_20260912,4,stack_participant_C0.1,20260912,bajo,b20_ctx1,bajo,0.07466205500073485
fold4_stack_participant_C0.1_20260912,4,stack_participant_C0.1,20260912,bajo,b20_ctx1,medio,-0.20433231219315195
fold4_stack_participant_C0.1_20260912,4,stack_participant_C0.1,20260912,bajo,b20_ctx1,alto,0.18654189249138675
fold4_stack_participant_C0.1_20260912,4,stack_participant_C0.1,20260912,bajo,b20_ctx8,bajo,0.48030042251747146
fold4_stack_participant_C0.1_20260912,4,stack_participant_C0.1,20260912,bajo,b20_ctx8,medio,-0.6588527514834598
fold4_stack_participant_C0.1_20260912,4,stack_participant_C0.1,20260912,bajo,b20_ctx8,alto,0.02788699289145818
fold4_stack_participant_C0.1_20260912,4,stack_participant_C0.1,20260912,bajo,b21_ctx1,bajo,-0.002134305181093179
fold4_stack_participant_C0.1_20260912,4,stack_participant_C0.1,20260912,bajo,b21_ctx1,medio,0.012861780713636748
fold4_stack_participant_C0.1_20260912,4,stack_participant_C0.1,20260912,bajo,b21_ctx1,alto,-0.018112429415032633
fold4_stack_participant_C0.1_20260912,4,stack_participant_C0.1,20260912,bajo,b21_ctx8,bajo,-0.2221939670868854
fold4_stack_participant_C0.1_20260912,4,stack_participant_C0.1,20260912,bajo,b21_ctx8,medio,0.31385073558266663
fold4_stack_participant_C0.1_20260912,4,stack_participant_C0.1,20260912,bajo,b21_ctx8,alto,-0.06597923594898895
fold4_stack_participant_C0.1_20260912,4,stack_participant_C0.1,20260912,medio,b15_ctx1,bajo,0.16539221476556282
fold4_stack_participant_C0.1_20260912,4,stack_participant_C0.1,20260912,medio,b15_ctx1,medio,-0.21320303428231804
fold4_stack_participant_C0.1_20260912,4,stack_participant_C0.1,20260912,medio,b15_ctx1,alto,0.04215500386213265
fold4_stack_participant_C0.1_20260912,4,stack_participant_C0.1,20260912,medio,b15_ctx8,bajo,0.177265093666419
fold4_stack_participant_C0.1_20260912,4,stack_participant_C0.1,20260912,medio,b15_ctx8,medio,-0.2394598973934571
fold4_stack_participant_C0.1_20260912,4,stack_participant_C0.1,20260912,medio,b15_ctx8,alto,0.0017637511738698107
fold4_stack_participant_C0.1_20260912,4,stack_participant_C0.1,20260912,medio,b16_ctx1,bajo,0.23081102004558837
fold4_stack_participant_C0.1_20260912,4,stack_participant_C0.1,20260912,medio,b16_ctx1,medio,-0.25316474956973894
fold4_stack_participant_C0.1_20260912,4,stack_participant_C0.1,20260912,medio,b16_ctx1,alto,-0.000879180592176129
fold4_stack_participant_C0.1_20260912,4,stack_participant_C0.1,20260912,medio,b16_ctx8,bajo,0.09781038753826066
fold4_stack_participant_C0.1_20260912,4,stack_participant_C0.1,20260912,medio,b16_ctx8,medio,0.01770316421866042
fold4_stack_participant_C0.1_20260912,4,stack_participant_C0.1,20260912,medio,b16_ctx8,alto,-0.13406074975687324
fold4_stack_participant_C0.1_20260912,4,stack_participant_C0.1,20260912,medio,b17_ctx1,bajo,0.09220345722310117
fold4_stack_participant_C0.1_20260912,4,stack_participant_C0.1,20260912,medio,b17_ctx1,medio,-0.21863872762584716
fold4_stack_participant_C0.1_20260912,4,stack_participant_C0.1,20260912,medio,b17_ctx1,alto,0.16316343073768816
fold4_stack_participant_C0.1_20260912,4,stack_participant_C0.1,20260912,medio,b17_ctx8,bajo,-0.06351086717956053
fold4_stack_participant_C0.1_20260912,4,stack_participant_C0.1,20260912,medio,b17_ctx8,medio,-0.15262423509080036
fold4_stack_participant_C0.1_20260912,4,stack_participant_C0.1,20260912,medio,b17_ctx8,alto,0.21879322255593062
fold4_stack_participant_C0.1_20260912,4,stack_participant_C0.1,20260912,medio,b18_ctx1,bajo,-0.23525632581630554
fold4_stack_participant_C0.1_20260912,4,stack_participant_C0.1,20260912,medio,b18_ctx1,medio,0.2952160803771445
fold4_stack_participant_C0.1_20260912,4,stack_participant_C0.1,20260912,medio,b18_ctx1,alto,-0.08677401434889193
fold4_stack_participant_C0.1_20260912,4,stack_participant_C0.1,20260912,medio,b18_ctx8,bajo,0.11344485504199575
fold4_stack_participant_C0.1_20260912,4,stack_participant_C0.1,20260912,medio,b18_ctx8,medio,0.03330854903658809
fold4_stack_participant_C0.1_20260912,4,stack_participant_C0.1,20260912,medio,b18_ctx8,alto,-0.16689385175081617
fold4_stack_participant_C0.1_20260912,4,stack_participant_C0.1,20260912,medio,b19_ctx1,bajo,-0.13820056955446586
fold4_stack_participant_C0.1_20260912,4,stack_participant_C0.1,20260912,medio,b19_ctx1,medio,0.185513863679121
fold4_stack_participant_C0.1_20260912,4,stack_participant_C0.1,20260912,medio,b19_ctx1,alto,-0.03199385684236342
fold4_stack_participant_C0.1_20260912,4,stack_participant_C0.1,20260912,medio,b19_ctx8,bajo,-0.2806551035608291
fold4_stack_participant_C0.1_20260912,4,stack_participant_C0.1,20260912,medio,b19_ctx8,medio,0.12623949171223567
fold4_stack_participant_C0.1_20260912,4,stack_participant_C0.1,20260912,medio,b19_ctx8,alto,0.234062132595335
fold4_stack_participant_C0.1_20260912,4,stack_participant_C0.1,20260912,medio,b20_ctx1,bajo,-0.2342081227552422
fold4_stack_participant_C0.1_20260912,4,stack_participant_C0.1,20260912,medio,b20_ctx1,medio,0.3056242697352101
fold4_stack_participant_C0.1_20260912,4,stack_participant_C0.1,20260912,medio,b20_ctx1,alto,-0.07001338527731635
fold4_stack_participant_C0.1_20260912,4,stack_participant_C0.1,20260912,medio,b20_ctx8,bajo,-0.15541913812672986
fold4_stack_participant_C0.1_20260912,4,stack_participant_C0.1,20260912,medio,b20_ctx8,medio,0.39794663925464213
fold4_stack_participant_C0.1_20260912,4,stack_participant_C0.1,20260912,medio,b20_ctx8,alto,-0.18825454152941165
fold4_stack_participant_C0.1_20260912,4,stack_participant_C0.1,20260912,medio,b21_ctx1,bajo,0.11492848383605887
fold4_stack_participant_C0.1_20260912,4,stack_participant_C0.1,20260912,medio,b21_ctx1,medio,-0.07080450526347892
fold4_stack_participant_C0.1_20260912,4,stack_participant_C0.1,20260912,medio,b21_ctx1,alto,-0.08355340080614079
fold4_stack_participant_C0.1_20260912,4,stack_participant_C0.1,20260912,medio,b21_ctx8,bajo,0.11044296176746078
fold4_stack_participant_C0.1_20260912,4,stack_participant_C0.1,20260912,medio,b21_ctx8,medio,-0.19089397999915744
fold4_stack_participant_C0.1_20260912,4,stack_participant_C0.1,20260912,medio,b21_ctx8,alto,0.07352934513355892
fold5_stack_global_C0.001_20260911,5,stack_global_C0.001,20260911,alto,b15_ctx1,bajo,-0.003271859525528397
fold5_stack_global_C0.001_20260911,5,stack_global_C0.001,20260911,alto,b15_ctx1,medio,0.0029678226607601664
fold5_stack_global_C0.001_20260911,5,stack_global_C0.001,20260911,alto,b15_ctx1,alto,0.0007623062167482879
fold5_stack_global_C0.001_20260911,5,stack_global_C0.001,20260911,alto,b15_ctx8,bajo,0.001167065473965024
fold5_stack_global_C0.001_20260911,5,stack_global_C0.001,20260911,alto,b15_ctx8,medio,0.01731538001082021
fold5_stack_global_C0.001_20260911,5,stack_global_C0.001,20260911,alto,b15_ctx8,alto,-0.01938898120963939
fold5_stack_global_C0.001_20260911,5,stack_global_C0.001,20260911,alto,b16_ctx1,bajo,-0.02050649038746297
fold5_stack_global_C0.001_20260911,5,stack_global_C0.001,20260911,alto,b16_ctx1,medio,0.011890919137302922
fold5_stack_global_C0.001_20260911,5,stack_global_C0.001,20260911,alto,b16_ctx1,alto,0.012784575896164198
fold5_stack_global_C0.001_20260911,5,stack_global_C0.001,20260911,alto,b16_ctx8,bajo,-0.009515975740086991
fold5_stack_global_C0.001_20260911,5,stack_global_C0.001,20260911,alto,b16_ctx8,medio,0.009652186704260442
fold5_stack_global_C0.001_20260911,5,stack_global_C0.001,20260911,alto,b16_ctx8,alto,0.0021165130658658423
fold5_stack_global_C0.001_20260911,5,stack_global_C0.001,20260911,alto,b17_ctx1,bajo,-0.014495164065488467
fold5_stack_global_C0.001_20260911,5,stack_global_C0.001,20260911,alto,b17_ctx1,medio,0.0155972168639584
fold5_stack_global_C0.001_20260911,5,stack_global_C0.001,20260911,alto,b17_ctx1,alto,0.001103089631608674
fold5_stack_global_C0.001_20260911,5,stack_global_C0.001,20260911,alto,b17_ctx8,bajo,-0.0021695122329954764
fold5_stack_global_C0.001_20260911,5,stack_global_C0.001,20260911,alto,b17_ctx8,medio,0.0015683262523388428
fold5_stack_global_C0.001_20260911,5,stack_global_C0.001,20260911,alto,b17_ctx8,alto,0.0011586959477320664
fold5_stack_global_C0.001_20260911,5,stack_global_C0.001,20260911,alto,b18_ctx1,bajo,-0.008961212336583344
fold5_stack_global_C0.001_20260911,5,stack_global_C0.001,20260911,alto,b18_ctx1,medio,0.017165331199183315
fold5_stack_global_C0.001_20260911,5,stack_global_C0.001,20260911,alto,b18_ctx1,alto,-0.007870772781845779
fold5_stack_global_C0.001_20260911,5,stack_global_C0.001,20260911,alto,b18_ctx8,bajo,0.005780907555536833
fold5_stack_global_C0.001_20260911,5,stack_global_C0.001,20260911,alto,b18_ctx8,medio,-0.003036756171731871
fold5_stack_global_C0.001_20260911,5,stack_global_C0.001,20260911,alto,b18_ctx8,alto,-0.004337815274696754
fold5_stack_global_C0.001_20260911,5,stack_global_C0.001,20260911,alto,b19_ctx1,bajo,-0.008926061439404038
fold5_stack_global_C0.001_20260911,5,stack_global_C0.001,20260911,alto,b19_ctx1,medio,-0.0057524040629442505
fold5_stack_global_C0.001_20260911,5,stack_global_C0.001,20260911,alto,b19_ctx1,alto,0.01718045798102379
fold5_stack_global_C0.001_20260911,5,stack_global_C0.001,20260911,alto,b19_ctx8,bajo,-0.015278585437639323
fold5_stack_global_C0.001_20260911,5,stack_global_C0.001,20260911,alto,b19_ctx8,medio,0.017074144213222016
fold5_stack_global_C0.001_20260911,5,stack_global_C0.001,20260911,alto,b19_ctx8,alto,0.0021015910038525293
fold5_stack_global_C0.001_20260911,5,stack_global_C0.001,20260911,alto,b20_ctx1,bajo,0.011487425787745798
fold5_stack_global_C0.001_20260911,5,stack_global_C0.001,20260911,alto,b20_ctx1,medio,-0.01333485202950769
fold5_stack_global_C0.001_20260911,5,stack_global_C0.001,20260911,alto,b20_ctx1,alto,0.0007078064369562128
fold5_stack_global_C0.001_20260911,5,stack_global_C0.001,20260911,alto,b20_ctx8,bajo,0.0006520174337138935
fold5_stack_global_C0.001_20260911,5,stack_global_C0.001,20260911,alto,b20_ctx8,medio,0.020379616083828853
fold5_stack_global_C0.001_20260911,5,stack_global_C0.001,20260911,alto,b20_ctx8,alto,-0.020893780156510545
fold5_stack_global_C0.001_20260911,5,stack_global_C0.001,20260911,alto,b21_ctx1,bajo,0.03118896267356646
fold5_stack_global_C0.001_20260911,5,stack_global_C0.001,20260911,alto,b21_ctx1,medio,-0.028014494393396507
fold5_stack_global_C0.001_20260911,5,stack_global_C0.001,20260911,alto,b21_ctx1,alto,-0.0063692104394623235
fold5_stack_global_C0.001_20260911,5,stack_global_C0.001,20260911,alto,b21_ctx8,bajo,0.04321466166816704
fold5_stack_global_C0.001_20260911,5,stack_global_C0.001,20260911,alto,b21_ctx8,medio,-0.022981562456684732
fold5_stack_global_C0.001_20260911,5,stack_global_C0.001,20260911,alto,b21_ctx8,alto,-0.02306411872474487
fold5_stack_global_C0.001_20260911,5,stack_global_C0.001,20260911,bajo,b15_ctx1,bajo,-0.007395997154724531
fold5_stack_global_C0.001_20260911,5,stack_global_C0.001,20260911,bajo,b15_ctx1,medio,0.007114343428466563
fold5_stack_global_C0.001_20260911,5,stack_global_C0.001,20260911,bajo,b15_ctx1,alto,0.0012625908029892169
fold5_stack_global_C0.001_20260911,5,stack_global_C0.001,20260911,bajo,b15_ctx8,bajo,0.016998667140075766
fold5_stack_global_C0.001_20260911,5,stack_global_C0.001,20260911,bajo,b15_ctx8,medio,-0.017513811709402558
fold5_stack_global_C0.001_20260911,5,stack_global_C0.001,20260911,bajo,b15_ctx8,alto,-0.0033360413420216685
fold5_stack_global_C0.001_20260911,5,stack_global_C0.001,20260911,bajo,b16_ctx1,bajo,0.007966416707205009
fold5_stack_global_C0.001_20260911,5,stack_global_C0.001,20260911,bajo,b16_ctx1,medio,0.005613856553235061
fold5_stack_global_C0.001_20260911,5,stack_global_C0.001,20260911,bajo,b16_ctx1,alto,-0.016164468355436536
fold5_stack_global_C0.001_20260911,5,stack_global_C0.001,20260911,bajo,b16_ctx8,bajo,0.010625343346042053
fold5_stack_global_C0.001_20260911,5,stack_global_C0.001,20260911,bajo,b16_ctx8,medio,-0.0031179592232683778
fold5_stack_global_C0.001_20260911,5,stack_global_C0.001,20260911,bajo,b16_ctx8,alto,-0.010494747964272579
fold5_stack_global_C0.001_20260911,5,stack_global_C0.001,20260911,bajo,b17_ctx1,bajo,0.0024989857347727062
fold5_stack_global_C0.001_20260911,5,stack_global_C0.001,20260911,bajo,b17_ctx1,medio,0.010222013236991557
fold5_stack_global_C0.001_20260911,5,stack_global_C0.001,20260911,bajo,b17_ctx1,alto,-0.014148763175460684
fold5_stack_global_C0.001_20260911,5,stack_global_C0.001,20260911,bajo,b17_ctx8,bajo,-0.008858151037109204
fold5_stack_global_C0.001_20260911,5,stack_global_C0.001,20260911,bajo,b17_ctx8,medio,0.016018195322035987
fold5_stack_global_C0.001_20260911,5,stack_global_C0.001,20260911,bajo,b17_ctx8,alto,-0.005314416619933666
fold5_stack_global_C0.001_20260911,5,stack_global_C0.001,20260911,bajo,b18_ctx1,bajo,-0.005977838006492677
fold5_stack_global_C0.001_20260911,5,stack_global_C0.001,20260911,bajo,b18_ctx1,medio,0.015741276751072498
fold5_stack_global_C0.001_20260911,5,stack_global_C0.001,20260911,bajo,b18_ctx1,alto,-0.010013616674889932
fold5_stack_global_C0.001_20260911,5,stack_global_C0.001,20260911,bajo,b18_ctx8,bajo,-0.02637687137794725
fold5_stack_global_C0.001_20260911,5,stack_global_C0.001,20260911,bajo,b18_ctx8,medio,0.033516180920132435
fold5_stack_global_C0.001_20260911,5,stack_global_C0.001,20260911,bajo,b18_ctx8,alto,-0.0007444454702688127
fold5_stack_global_C0.001_20260911,5,stack_global_C0.001,20260911,bajo,b19_ctx1,bajo,0.014833506975263524
fold5_stack_global_C0.001_20260911,5,stack_global_C0.001,20260911,bajo,b19_ctx1,medio,-0.006451790698912732
fold5_stack_global_C0.001_20260911,5,stack_global_C0.001,20260911,bajo,b19_ctx1,alto,-0.01170336432637422
fold5_stack_global_C0.001_20260911,5,stack_global_C0.001,20260911,bajo,b19_ctx8,bajo,0.04760620453357277
fold5_stack_global_C0.001_20260911,5,stack_global_C0.001,20260911,bajo,b19_ctx8,medio,-0.055901627636052977
fold5_stack_global_C0.001_20260911,5,stack_global_C0.001,20260911,bajo,b19_ctx8,alto,-0.003799734667875934
fold5_stack_global_C0.001_20260911,5,stack_global_C0.001,20260911,bajo,b20_ctx1,bajo,-0.007920347374694969
fold5_stack_global_C0.001_20260911,5,stack_global_C0.001,20260911,bajo,b20_ctx1,medio,0.0014694390762028313
fold5_stack_global_C0.001_20260911,5,stack_global_C0.001,20260911,bajo,b20_ctx1,alto,0.008112345533364195
fold5_stack_global_C0.001_20260911,5,stack_global_C0.001,20260911,bajo,b20_ctx8,bajo,0.01731759705601989
fold5_stack_global_C0.001_20260911,5,stack_global_C0.001,20260911,bajo,b20_ctx8,medio,-0.036418158734750496
fold5_stack_global_C0.001_20260911,5,stack_global_C0.001,20260911,bajo,b20_ctx8,alto,0.015196947073085353
fold5_stack_global_C0.001_20260911,5,stack_global_C0.001,20260911,bajo,b21_ctx1,bajo,-0.015717320251312495
fold5_stack_global_C0.001_20260911,5,stack_global_C0.001,20260911,bajo,b21_ctx1,medio,-0.00991383795723964
fold5_stack_global_C0.001_20260911,5,stack_global_C0.001,20260911,bajo,b21_ctx1,alto,0.028934610188099095
fold5_stack_global_C0.001_20260911,5,stack_global_C0.001,20260911,bajo,b21_ctx8,bajo,-0.04392076156841641
fold5_stack_global_C0.001_20260911,5,stack_global_C0.001,20260911,bajo,b21_ctx8,medio,0.011825093229726066
fold5_stack_global_C0.001_20260911,5,stack_global_C0.001,20260911,bajo,b21_ctx8,alto,0.034822298091385845
fold5_stack_global_C0.001_20260911,5,stack_global_C0.001,20260911,medio,b15_ctx1,bajo,0.010667856680252863
fold5_stack_global_C0.001_20260911,5,stack_global_C0.001,20260911,medio,b15_ctx1,medio,-0.010082166089226682
fold5_stack_global_C0.001_20260911,5,stack_global_C0.001,20260911,medio,b15_ctx1,alto,-0.0020248970197375695
fold5_stack_global_C0.001_20260911,5,stack_global_C0.001,20260911,medio,b15_ctx8,bajo,-0.018165732614040773
fold5_stack_global_C0.001_20260911,5,stack_global_C0.001,20260911,medio,b15_ctx8,medio,0.00019843169858232954
fold5_stack_global_C0.001_20260911,5,stack_global_C0.001,20260911,medio,b15_ctx8,alto,0.022725022551661075
fold5_stack_global_C0.001_20260911,5,stack_global_C0.001,20260911,medio,b16_ctx1,bajo,0.012540073680258014
fold5_stack_global_C0.001_20260911,5,stack_global_C0.001,20260911,medio,b16_ctx1,medio,-0.017504775690538103
fold5_stack_global_C0.001_20260911,5,stack_global_C0.001,20260911,medio,b16_ctx1,alto,0.003379892459272481
fold5_stack_global_C0.001_20260911,5,stack_global_C0.001,20260911,medio,b16_ctx8,bajo,-0.0011093676059550043
fold5_stack_global_C0.001_20260911,5,stack_global_C0.001,20260911,medio,b16_ctx8,medio,-0.006534227480991898
fold5_stack_global_C0.001_20260911,5,stack_global_C0.001,20260911,medio,b16_ctx8,alto,0.008378234898406757
fold5_stack_global_C0.001_20260911,5,stack_global_C0.001,20260911,medio,b17_ctx1,bajo,0.011996178330715748
fold5_stack_global_C0.001_20260911,5,stack_global_C0.001,20260911,medio,b17_ctx1,medio,-0.02581923010095001
fold5_stack_global_C0.001_20260911,5,stack_global_C0.001,20260911,medio,b17_ctx1,alto,0.013045673543852023
fold5_stack_global_C0.001_20260911,5,stack_global_C0.001,20260911,medio,b17_ctx8,bajo,0.011027663270104663
fold5_stack_global_C0.001_20260911,5,stack_global_C0.001,20260911,medio,b17_ctx8,medio,-0.01758652157437485
fold5_stack_global_C0.001_20260911,5,stack_global_C0.001,20260911,medio,b17_ctx8,alto,0.004155720672201654
fold5_stack_global_C0.001_20260911,5,stack_global_C0.001,20260911,medio,b18_ctx1,bajo,0.014939050343075985
fold5_stack_global_C0.001_20260911,5,stack_global_C0.001,20260911,medio,b18_ctx1,medio,-0.032906607950255976
fold5_stack_global_C0.001_20260911,5,stack_global_C0.001,20260911,medio,b18_ctx1,alto,0.017884389456735716
fold5_stack_global_C0.001_20260911,5,stack_global_C0.001,20260911,medio,b18_ctx8,bajo,0.020595963822410305
fold5_stack_global_C0.001_20260911,5,stack_global_C0.001,20260911,medio,b18_ctx8,medio,-0.030479424748400583
fold5_stack_global_C0.001_20260911,5,stack_global_C0.001,20260911,medio,b18_ctx8,alto,0.005082260744965514
fold5_stack_global_C0.001_20260911,5,stack_global_C0.001,20260911,medio,b19_ctx1,bajo,-0.005907445535859601
fold5_stack_global_C0.001_20260911,5,stack_global_C0.001,20260911,medio,b19_ctx1,medio,0.012204194761857036
fold5_stack_global_C0.001_20260911,5,stack_global_C0.001,20260911,medio,b19_ctx1,alto,-0.005477093654649542
fold5_stack_global_C0.001_20260911,5,stack_global_C0.001,20260911,medio,b19_ctx8,bajo,-0.032327619095933444
fold5_stack_global_C0.001_20260911,5,stack_global_C0.001,20260911,medio,b19_ctx8,medio,0.03882748342283108
fold5_stack_global_C0.001_20260911,5,stack_global_C0.001,20260911,medio,b19_ctx8,alto,0.0016981436640233617
fold5_stack_global_C0.001_20260911,5,stack_global_C0.001,20260911,medio,b20_ctx1,bajo,-0.003567078413050818
fold5_stack_global_C0.001_20260911,5,stack_global_C0.001,20260911,medio,b20_ctx1,medio,0.011865412953304968
fold5_stack_global_C0.001_20260911,5,stack_global_C0.001,20260911,medio,b20_ctx1,alto,-0.008820151970320433
fold5_stack_global_C0.001_20260911,5,stack_global_C0.001,20260911,medio,b20_ctx8,bajo,-0.01796961448973377
fold5_stack_global_C0.001_20260911,5,stack_global_C0.001,20260911,medio,b20_ctx8,medio,0.016038542650921597
fold5_stack_global_C0.001_20260911,5,stack_global_C0.001,20260911,medio,b20_ctx8,alto,0.005696833083425122
fold5_stack_global_C0.001_20260911,5,stack_global_C0.001,20260911,medio,b21_ctx1,bajo,-0.015471642422254104
fold5_stack_global_C0.001_20260911,5,stack_global_C0.001,20260911,medio,b21_ctx1,medio,0.03792833235063634
fold5_stack_global_C0.001_20260911,5,stack_global_C0.001,20260911,medio,b21_ctx1,alto,-0.022565399748636583
fold5_stack_global_C0.001_20260911,5,stack_global_C0.001,20260911,medio,b21_ctx8,bajo,0.0007060999002492582
fold5_stack_global_C0.001_20260911,5,stack_global_C0.001,20260911,medio,b21_ctx8,medio,0.011156469226958576
fold5_stack_global_C0.001_20260911,5,stack_global_C0.001,20260911,medio,b21_ctx8,alto,-0.01175817936664102
fold5_stack_global_C0.01_20260911,5,stack_global_C0.01,20260911,alto,b15_ctx1,bajo,-0.017941979084864855
fold5_stack_global_C0.01_20260911,5,stack_global_C0.01,20260911,alto,b15_ctx1,medio,0.03842632518409126
fold5_stack_global_C0.01_20260911,5,stack_global_C0.01,20260911,alto,b15_ctx1,alto,-0.020973618419394855
fold5_stack_global_C0.01_20260911,5,stack_global_C0.01,20260911,alto,b15_ctx8,bajo,0.04283706486102134
fold5_stack_global_C0.01_20260911,5,stack_global_C0.01,20260911,alto,b15_ctx8,medio,0.019607290337388287
fold5_stack_global_C0.01_20260911,5,stack_global_C0.01,20260911,alto,b15_ctx8,alto,-0.07435978908306148
fold5_stack_global_C0.01_20260911,5,stack_global_C0.01,20260911,alto,b16_ctx1,bajo,-0.06661993185150662
fold5_stack_global_C0.01_20260911,5,stack_global_C0.01,20260911,alto,b16_ctx1,medio,0.024459831591630697
fold5_stack_global_C0.01_20260911,5,stack_global_C0.01,20260911,alto,b16_ctx1,alto,0.05703978509885188
fold5_stack_global_C0.01_20260911,5,stack_global_C0.01,20260911,alto,b16_ctx8,bajo,-0.010812575475247341
fold5_stack_global_C0.01_20260911,5,stack_global_C0.01,20260911,alto,b16_ctx8,medio,-0.02105531233837445
fold5_stack_global_C0.01_20260911,5,stack_global_C0.01,20260911,alto,b16_ctx8,alto,0.0364009668723375
fold5_stack_global_C0.01_20260911,5,stack_global_C0.01,20260911,alto,b17_ctx1,bajo,-0.02085970101764281
fold5_stack_global_C0.01_20260911,5,stack_global_C0.01,20260911,alto,b17_ctx1,medio,0.026733599534372408
fold5_stack_global_C0.01_20260911,5,stack_global_C0.01,20260911,alto,b17_ctx1,alto,-0.003048445752490287
fold5_stack_global_C0.01_20260911,5,stack_global_C0.01,20260911,alto,b17_ctx8,bajo,-0.00017396043088136108
fold5_stack_global_C0.01_20260911,5,stack_global_C0.01,20260911,alto,b17_ctx8,medio,-0.02019236695753946
fold5_stack_global_C0.01_20260911,5,stack_global_C0.01,20260911,alto,b17_ctx8,alto,0.021321188736063982
fold5_stack_global_C0.01_20260911,5,stack_global_C0.01,20260911,alto,b18_ctx1,bajo,0.020135397967104462
fold5_stack_global_C0.01_20260911,5,stack_global_C0.01,20260911,alto,b18_ctx1,medio,0.029977620891312926
fold5_stack_global_C0.01_20260911,5,stack_global_C0.01,20260911,alto,b18_ctx1,alto,-0.05841142480752195
fold5_stack_global_C0.01_20260911,5,stack_global_C0.01,20260911,alto,b18_ctx8,bajo,0.04160080388477531
fold5_stack_global_C0.01_20260911,5,stack_global_C0.01,20260911,alto,b18_ctx8,medio,-0.007779964841936996
fold5_stack_global_C0.01_20260911,5,stack_global_C0.01,20260911,alto,b18_ctx8,alto,-0.04591674611760513
fold5_stack_global_C0.01_20260911,5,stack_global_C0.01,20260911,alto,b19_ctx1,bajo,0.00513647464933418
fold5_stack_global_C0.01_20260911,5,stack_global_C0.01,20260911,alto,b19_ctx1,medio,-0.061365824921628495
fold5_stack_global_C0.01_20260911,5,stack_global_C0.01,20260911,alto,b19_ctx1,alto,0.05816739458282327
fold5_stack_global_C0.01_20260911,5,stack_global_C0.01,20260911,alto,b19_ctx8,bajo,-0.07587110635947314
fold5_stack_global_C0.01_20260911,5,stack_global_C0.01,20260911,alto,b19_ctx8,medio,0.04689447836003968
fold5_stack_global_C0.01_20260911,5,stack_global_C0.01,20260911,alto,b19_ctx8,alto,0.04900113979900632
fold5_stack_global_C0.01_20260911,5,stack_global_C0.01,20260911,alto,b20_ctx1,bajo,0.02600477126147618
fold5_stack_global_C0.01_20260911,5,stack_global_C0.01,20260911,alto,b20_ctx1,medio,-0.02384887627256641
fold5_stack_global_C0.01_20260911,5,stack_global_C0.01,20260911,alto,b20_ctx1,alto,-0.0054542182202438885
fold5_stack_global_C0.01_20260911,5,stack_global_C0.01,20260911,alto,b20_ctx8,bajo,-0.04952816003104337
fold5_stack_global_C0.01_20260911,5,stack_global_C0.01,20260911,alto,b20_ctx8,medio,0.1137402030673679
fold5_stack_global_C0.01_20260911,5,stack_global_C0.01,20260911,alto,b20_ctx8,alto,-0.05292223232097986
fold5_stack_global_C0.01_20260911,5,stack_global_C0.01,20260911,alto,b21_ctx1,bajo,0.0226240199513192
fold5_stack_global_C0.01_20260911,5,stack_global_C0.01,20260911,alto,b21_ctx1,medio,-0.021209378122746928
fold5_stack_global_C0.01_20260911,5,stack_global_C0.01,20260911,alto,b21_ctx1,alto,-0.003669478797623078
fold5_stack_global_C0.01_20260911,5,stack_global_C0.01,20260911,alto,b21_ctx8,bajo,0.10246758933828967
fold5_stack_global_C0.01_20260911,5,stack_global_C0.01,20260911,alto,b21_ctx8,medio,-0.10119676854377292
fold5_stack_global_C0.01_20260911,5,stack_global_C0.01,20260911,alto,b21_ctx8,alto,-0.008593656226288706
fold5_stack_global_C0.01_20260911,5,stack_global_C0.01,20260911,bajo,b15_ctx1,bajo,-0.05309757336489082
fold5_stack_global_C0.01_20260911,5,stack_global_C0.01,20260911,bajo,b15_ctx1,medio,0.04005784038711502
fold5_stack_global_C0.01_20260911,5,stack_global_C0.01,20260911,bajo,b15_ctx1,alto,0.021575376954884665
fold5_stack_global_C0.01_20260911,5,stack_global_C0.01,20260911,bajo,b15_ctx8,bajo,-0.009602923890247823
fold5_stack_global_C0.01_20260911,5,stack_global_C0.01,20260911,bajo,b15_ctx8,medio,0.0395073278949208
fold5_stack_global_C0.01_20260911,5,stack_global_C0.01,20260911,bajo,b15_ctx8,alto,-0.028755663735665144
fold5_stack_global_C0.01_20260911,5,stack_global_C0.01,20260911,bajo,b16_ctx1,bajo,0.025419704424442448
fold5_stack_global_C0.01_20260911,5,stack_global_C0.01,20260911,bajo,b16_ctx1,medio,0.011339839110311981
fold5_stack_global_C0.01_20260911,5,stack_global_C0.01,20260911,bajo,b16_ctx1,alto,-0.04438574192244978
fold5_stack_global_C0.01_20260911,5,stack_global_C0.01,20260911,bajo,b16_ctx8,bajo,-0.034532559312018346
fold5_stack_global_C0.01_20260911,5,stack_global_C0.01,20260911,bajo,b16_ctx8,medio,0.08030559783787815
fold5_stack_global_C0.01_20260911,5,stack_global_C0.01,20260911,bajo,b16_ctx8,alto,-0.04038844186292377
fold5_stack_global_C0.01_20260911,5,stack_global_C0.01,20260911,bajo,b17_ctx1,bajo,0.01649493785337197
fold5_stack_global_C0.01_20260911,5,stack_global_C0.01,20260911,bajo,b17_ctx1,medio,-0.005035199512130035
fold5_stack_global_C0.01_20260911,5,stack_global_C0.01,20260911,bajo,b17_ctx1,alto,-0.015000702391810094
fold5_stack_global_C0.01_20260911,5,stack_global_C0.01,20260911,bajo,b17_ctx8,bajo,-0.026692535072069187
fold5_stack_global_C0.01_20260911,5,stack_global_C0.01,20260911,bajo,b17_ctx8,medio,0.053902647775023314
fold5_stack_global_C0.01_20260911,5,stack_global_C0.01,20260911,bajo,b17_ctx8,alto,-0.02190102798233583
fold5_stack_global_C0.01_20260911,5,stack_global_C0.01,20260911,bajo,b18_ctx1,bajo,-0.025048484794211057
fold5_stack_global_C0.01_20260911,5,stack_global_C0.01,20260911,bajo,b18_ctx1,medio,0.0054420464875861675
fold5_stack_global_C0.01_20260911,5,stack_global_C0.01,20260911,bajo,b18_ctx1,alto,0.025223172668017498
fold5_stack_global_C0.01_20260911,5,stack_global_C0.01,20260911,bajo,b18_ctx8,bajo,-0.07136770177519025
fold5_stack_global_C0.01_20260911,5,stack_global_C0.01,20260911,bajo,b18_ctx8,medio,0.07488510932305108
fold5_stack_global_C0.01_20260911,5,stack_global_C0.01,20260911,bajo,b18_ctx8,alto,0.014489611414308637
fold5_stack_global_C0.01_20260911,5,stack_global_C0.01,20260911,bajo,b19_ctx1,bajo,0.042771020236610606
fold5_stack_global_C0.01_20260911,5,stack_global_C0.01,20260911,bajo,b19_ctx1,medio,-0.006361734555535831
fold5_stack_global_C0.01_20260911,5,stack_global_C0.01,20260911,bajo,b19_ctx1,alto,-0.046626271320478446
fold5_stack_global_C0.01_20260911,5,stack_global_C0.01,20260911,bajo,b19_ctx8,bajo,0.18588348599079899
fold5_stack_global_C0.01_20260911,5,stack_global_C0.01,20260911,bajo,b19_ctx8,medio,-0.2553616882419798
fold5_stack_global_C0.01_20260911,5,stack_global_C0.01,20260911,bajo,b19_ctx8,alto,0.0229089605781138
fold5_stack_global_C0.01_20260911,5,stack_global_C0.01,20260911,bajo,b20_ctx1,bajo,-0.021732457762389096
fold5_stack_global_C0.01_20260911,5,stack_global_C0.01,20260911,bajo,b20_ctx1,medio,0.02622317301606346
fold5_stack_global_C0.01_20260911,5,stack_global_C0.01,20260911,bajo,b20_ctx1,alto,-0.0024476001917953676
fold5_stack_global_C0.01_20260911,5,stack_global_C0.01,20260911,bajo,b20_ctx8,bajo,0.07603871979662566
fold5_stack_global_C0.01_20260911,5,stack_global_C0.01,20260911,bajo,b20_ctx8,medio,-0.14245966194034387
fold5_stack_global_C0.01_20260911,5,stack_global_C0.01,20260911,bajo,b20_ctx8,alto,0.049509274436233305
fold5_stack_global_C0.01_20260911,5,stack_global_C0.01,20260911,bajo,b21_ctx1,bajo,0.034780418240230385
fold5_stack_global_C0.01_20260911,5,stack_global_C0.01,20260911,bajo,b21_ctx1,medio,-0.07651949973883747
fold5_stack_global_C0.01_20260911,5,stack_global_C0.01,20260911,bajo,b21_ctx1,alto,0.04136728539487972
fold5_stack_global_C0.01_20260911,5,stack_global_C0.01,20260911,bajo,b21_ctx8,bajo,-0.14953365856674453
fold5_stack_global_C0.01_20260911,5,stack_global_C0.01,20260911,bajo,b21_ctx8,medio,0.1207868531305673
fold5_stack_global_C0.01_20260911,5,stack_global_C0.01,20260911,bajo,b21_ctx8,alto,0.03908190807249945
fold5_stack_global_C0.01_20260911,5,stack_global_C0.01,20260911,medio,b15_ctx1,bajo,0.07103955244975427
fold5_stack_global_C0.01_20260911,5,stack_global_C0.01,20260911,medio,b15_ctx1,medio,-0.07848416557120651
fold5_stack_global_C0.01_20260911,5,stack_global_C0.01,20260911,medio,b15_ctx1,alto,-0.000601758535490845
fold5_stack_global_C0.01_20260911,5,stack_global_C0.01,20260911,medio,b15_ctx8,bajo,-0.033234140970773825
fold5_stack_global_C0.01_20260911,5,stack_global_C0.01,20260911,medio,b15_ctx8,medio,-0.059114618232310547
fold5_stack_global_C0.01_20260911,5,stack_global_C0.01,20260911,medio,b15_ctx8,alto,0.10311545281872597
fold5_stack_global_C0.01_20260911,5,stack_global_C0.01,20260911,medio,b16_ctx1,bajo,0.041200227427064647
fold5_stack_global_C0.01_20260911,5,stack_global_C0.01,20260911,medio,b16_ctx1,medio,-0.03579967070194303
fold5_stack_global_C0.01_20260911,5,stack_global_C0.01,20260911,medio,b16_ctx1,alto,-0.012654043176401742
fold5_stack_global_C0.01_20260911,5,stack_global_C0.01,20260911,medio,b16_ctx8,bajo,0.04534513478726559
fold5_stack_global_C0.01_20260911,5,stack_global_C0.01,20260911,medio,b16_ctx8,medio,-0.05925028549950298
fold5_stack_global_C0.01_20260911,5,stack_global_C0.01,20260911,medio,b16_ctx8,alto,0.003987474990587393
fold5_stack_global_C0.01_20260911,5,stack_global_C0.01,20260911,medio,b17_ctx1,bajo,0.004364763164270639
fold5_stack_global_C0.01_20260911,5,stack_global_C0.01,20260911,medio,b17_ctx1,medio,-0.021698400022242777
fold5_stack_global_C0.01_20260911,5,stack_global_C0.01,20260911,medio,b17_ctx1,alto,0.018049148144300142
fold5_stack_global_C0.01_20260911,5,stack_global_C0.01,20260911,medio,b17_ctx8,bajo,0.026866495502951414
fold5_stack_global_C0.01_20260911,5,stack_global_C0.01,20260911,medio,b17_ctx8,medio,-0.033710280817484915
fold5_stack_global_C0.01_20260911,5,stack_global_C0.01,20260911,medio,b17_ctx8,alto,0.0005798392462720112
fold5_stack_global_C0.01_20260911,5,stack_global_C0.01,20260911,medio,b18_ctx1,bajo,0.004913086827106868
fold5_stack_global_C0.01_20260911,5,stack_global_C0.01,20260911,medio,b18_ctx1,medio,-0.03541966737889988
fold5_stack_global_C0.01_20260911,5,stack_global_C0.01,20260911,medio,b18_ctx1,alto,0.033188252139504125
fold5_stack_global_C0.01_20260911,5,stack_global_C0.01,20260911,medio,b18_ctx8,bajo,0.029766897890414482
fold5_stack_global_C0.01_20260911,5,stack_global_C0.01,20260911,medio,b18_ctx8,medio,-0.06710514448111363
fold5_stack_global_C0.01_20260911,5,stack_global_C0.01,20260911,medio,b18_ctx8,alto,0.03142713470329704
fold5_stack_global_C0.01_20260911,5,stack_global_C0.01,20260911,medio,b19_ctx1,bajo,-0.0479074948859447
fold5_stack_global_C0.01_20260911,5,stack_global_C0.01,20260911,medio,b19_ctx1,medio,0.06772755947716545
fold5_stack_global_C0.01_20260911,5,stack_global_C0.01,20260911,medio,b19_ctx1,alto,-0.011541123262344619
fold5_stack_global_C0.01_20260911,5,stack_global_C0.01,20260911,medio,b19_ctx8,bajo,-0.11001237963132503
fold5_stack_global_C0.01_20260911,5,stack_global_C0.01,20260911,medio,b19_ctx8,medio,0.20846720988193967
fold5_stack_global_C0.01_20260911,5,stack_global_C0.01,20260911,medio,b19_ctx8,alto,-0.07191010037712037
fold5_stack_global_C0.01_20260911,5,stack_global_C0.01,20260911,medio,b20_ctx1,bajo,-0.0042723134990871854
fold5_stack_global_C0.01_20260911,5,stack_global_C0.01,20260911,medio,b20_ctx1,medio,-0.002374296743497304
fold5_stack_global_C0.01_20260911,5,stack_global_C0.01,20260911,medio,b20_ctx1,alto,0.007901818412039142
fold5_stack_global_C0.01_20260911,5,stack_global_C0.01,20260911,medio,b20_ctx8,bajo,-0.026510559765583093
fold5_stack_global_C0.01_20260911,5,stack_global_C0.01,20260911,medio,b20_ctx8,medio,0.028719458872975813
fold5_stack_global_C0.01_20260911,5,stack_global_C0.01,20260911,medio,b20_ctx8,alto,0.003412957884746524
fold5_stack_global_C0.01_20260911,5,stack_global_C0.01,20260911,medio,b21_ctx1,bajo,-0.05740443819154877
fold5_stack_global_C0.01_20260911,5,stack_global_C0.01,20260911,medio,b21_ctx1,medio,0.09772887786158428
fold5_stack_global_C0.01_20260911,5,stack_global_C0.01,20260911,medio,b21_ctx1,alto,-0.03769780659725731
fold5_stack_global_C0.01_20260911,5,stack_global_C0.01,20260911,medio,b21_ctx8,bajo,0.04706606922845516
fold5_stack_global_C0.01_20260911,5,stack_global_C0.01,20260911,medio,b21_ctx8,medio,-0.019590084586794763
fold5_stack_global_C0.01_20260911,5,stack_global_C0.01,20260911,medio,b21_ctx8,alto,-0.030488251846210807
fold5_stack_global_C0.1_20260911,5,stack_global_C0.1,20260911,alto,b15_ctx1,bajo,-0.12443087478716497
fold5_stack_global_C0.1_20260911,5,stack_global_C0.1,20260911,alto,b15_ctx1,medio,0.2077655518605101
fold5_stack_global_C0.1_20260911,5,stack_global_C0.1,20260911,alto,b15_ctx1,alto,-0.07876823066763305
fold5_stack_global_C0.1_20260911,5,stack_global_C0.1,20260911,alto,b15_ctx8,bajo,0.37185425848454906
fold5_stack_global_C0.1_20260911,5,stack_global_C0.1,20260911,alto,b15_ctx8,medio,-0.23746628478869652
fold5_stack_global_C0.1_20260911,5,stack_global_C0.1,20260911,alto,b15_ctx8,alto,-0.22368540514676014
fold5_stack_global_C0.1_20260911,5,stack_global_C0.1,20260911,alto,b16_ctx1,bajo,-0.2736880334333619
fold5_stack_global_C0.1_20260911,5,stack_global_C0.1,20260911,alto,b16_ctx1,medio,0.12020516182761638
fold5_stack_global_C0.1_20260911,5,stack_global_C0.1,20260911,alto,b16_ctx1,alto,0.21275282122032482
fold5_stack_global_C0.1_20260911,5,stack_global_C0.1,20260911,alto,b16_ctx8,bajo,0.04752538422199855
fold5_stack_global_C0.1_20260911,5,stack_global_C0.1,20260911,alto,b16_ctx8,medio,-0.11389985560735928
fold5_stack_global_C0.1_20260911,5,stack_global_C0.1,20260911,alto,b16_ctx8,alto,0.0591721847134667
fold5_stack_global_C0.1_20260911,5,stack_global_C0.1,20260911,alto,b17_ctx1,bajo,-0.07636113226296849
fold5_stack_global_C0.1_20260911,5,stack_global_C0.1,20260911,alto,b17_ctx1,medio,0.05479862075035934
fold5_stack_global_C0.1_20260911,5,stack_global_C0.1,20260911,alto,b17_ctx1,alto,0.03539994059989026
fold5_stack_global_C0.1_20260911,5,stack_global_C0.1,20260911,alto,b17_ctx8,bajo,-0.08532578255263555
fold5_stack_global_C0.1_20260911,5,stack_global_C0.1,20260911,alto,b17_ctx8,medio,-0.02698964229536392
fold5_stack_global_C0.1_20260911,5,stack_global_C0.1,20260911,alto,b17_ctx8,alto,0.13821405554206886
fold5_stack_global_C0.1_20260911,5,stack_global_C0.1,20260911,alto,b18_ctx1,bajo,0.1299442755752452
fold5_stack_global_C0.1_20260911,5,stack_global_C0.1,20260911,alto,b18_ctx1,medio,0.025261522789278464
fold5_stack_global_C0.1_20260911,5,stack_global_C0.1,20260911,alto,b18_ctx1,alto,-0.19023522391174136
fold5_stack_global_C0.1_20260911,5,stack_global_C0.1,20260911,alto,b18_ctx8,bajo,0.10624176371438757
fold5_stack_global_C0.1_20260911,5,stack_global_C0.1,20260911,alto,b18_ctx8,medio,0.025602975478064633
fold5_stack_global_C0.1_20260911,5,stack_global_C0.1,20260911,alto,b18_ctx8,alto,-0.1647632966776436
fold5_stack_global_C0.1_20260911,5,stack_global_C0.1,20260911,alto,b19_ctx1,bajo,0.20061994496922717
fold5_stack_global_C0.1_20260911,5,stack_global_C0.1,20260911,alto,b19_ctx1,medio,-0.26812861481935374
fold5_stack_global_C0.1_20260911,5,stack_global_C0.1,20260911,alto,b19_ctx1,alto,0.032030304239034454
fold5_stack_global_C0.1_20260911,5,stack_global_C0.1,20260911,alto,b19_ctx8,bajo,-0.1954354065455833
fold5_stack_global_C0.1_20260911,5,stack_global_C0.1,20260911,alto,b19_ctx8,medio,0.13010393102349554
fold5_stack_global_C0.1_20260911,5,stack_global_C0.1,20260911,alto,b19_ctx8,alto,0.11674730332718249
fold5_stack_global_C0.1_20260911,5,stack_global_C0.1,20260911,alto,b20_ctx1,bajo,0.13151729425164962
fold5_stack_global_C0.1_20260911,5,stack_global_C0.1,20260911,alto,b20_ctx1,medio,-0.15280554562453402
fold5_stack_global_C0.1_20260911,5,stack_global_C0.1,20260911,alto,b20_ctx1,alto,0.008256546195659513
fold5_stack_global_C0.1_20260911,5,stack_global_C0.1,20260911,alto,b20_ctx8,bajo,-0.3871079759803412
fold5_stack_global_C0.1_20260911,5,stack_global_C0.1,20260911,alto,b20_ctx8,medio,0.5161460140834955
fold5_stack_global_C0.1_20260911,5,stack_global_C0.1,20260911,alto,b20_ctx8,alto,-0.04568013385922921
fold5_stack_global_C0.1_20260911,5,stack_global_C0.1,20260911,alto,b21_ctx1,bajo,-0.052209331902559906
fold5_stack_global_C0.1_20260911,5,stack_global_C0.1,20260911,alto,b21_ctx1,medio,0.058327666352783844
fold5_stack_global_C0.1_20260911,5,stack_global_C0.1,20260911,alto,b21_ctx1,alto,-0.0015760732816511925
fold5_stack_global_C0.1_20260911,5,stack_global_C0.1,20260911,alto,b21_ctx8,bajo,0.2260010596062386
fold5_stack_global_C0.1_20260911,5,stack_global_C0.1,20260911,alto,b21_ctx8,medio,-0.28161808411726513
fold5_stack_global_C0.1_20260911,5,stack_global_C0.1,20260911,alto,b21_ctx8,alto,0.038702719658719735
fold5_stack_global_C0.1_20260911,5,stack_global_C0.1,20260911,bajo,b15_ctx1,bajo,-0.16234189231485235
fold5_stack_global_C0.1_20260911,5,stack_global_C0.1,20260911,bajo,b15_ctx1,medio,-0.007071896494818427
fold5_stack_global_C0.1_20260911,5,stack_global_C0.1,20260911,bajo,b15_ctx1,alto,0.2130687470133324
fold5_stack_global_C0.1_20260911,5,stack_global_C0.1,20260911,bajo,b15_ctx8,bajo,-0.24464454984582298
fold5_stack_global_C0.1_20260911,5,stack_global_C0.1,20260911,bajo,b15_ctx8,medio,0.3941866445090833
fold5_stack_global_C0.1_20260911,5,stack_global_C0.1,20260911,bajo,b15_ctx8,alto,-0.09904435288691135
fold5_stack_global_C0.1_20260911,5,stack_global_C0.1,20260911,bajo,b16_ctx1,bajo,0.12819382893922043
fold5_stack_global_C0.1_20260911,5,stack_global_C0.1,20260911,bajo,b16_ctx1,medio,0.013604676922502286
fold5_stack_global_C0.1_20260911,5,stack_global_C0.1,20260911,bajo,b16_ctx1,alto,-0.17614986764792787
fold5_stack_global_C0.1_20260911,5,stack_global_C0.1,20260911,bajo,b16_ctx8,bajo,-0.3262358116332466
fold5_stack_global_C0.1_20260911,5,stack_global_C0.1,20260911,bajo,b16_ctx8,medio,0.5027599775966908
fold5_stack_global_C0.1_20260911,5,stack_global_C0.1,20260911,bajo,b16_ctx8,alto,-0.10988472314035214
fold5_stack_global_C0.1_20260911,5,stack_global_C0.1,20260911,bajo,b17_ctx1,bajo,0.09331416134335352
fold5_stack_global_C0.1_20260911,5,stack_global_C0.1,20260911,bajo,b17_ctx1,medio,-0.04490632498296251
fold5_stack_global_C0.1_20260911,5,stack_global_C0.1,20260911,bajo,b17_ctx1,alto,-0.06710712709866878
fold5_stack_global_C0.1_20260911,5,stack_global_C0.1,20260911,bajo,b17_ctx8,bajo,0.11350499704425782
fold5_stack_global_C0.1_20260911,5,stack_global_C0.1,20260911,bajo,b17_ctx8,medio,-0.0232783976747961
fold5_stack_global_C0.1_20260911,5,stack_global_C0.1,20260911,bajo,b17_ctx8,alto,-0.12202730962629935
fold5_stack_global_C0.1_20260911,5,stack_global_C0.1,20260911,bajo,b18_ctx1,bajo,-0.11550199458042816
fold5_stack_global_C0.1_20260911,5,stack_global_C0.1,20260911,bajo,b18_ctx1,medio,-0.03720169407674399
fold5_stack_global_C0.1_20260911,5,stack_global_C0.1,20260911,bajo,b18_ctx1,alto,0.1854641050751316
fold5_stack_global_C0.1_20260911,5,stack_global_C0.1,20260911,bajo,b18_ctx8,bajo,-0.11668718807803555
fold5_stack_global_C0.1_20260911,5,stack_global_C0.1,20260911,bajo,b18_ctx8,medio,0.05930554757419554
fold5_stack_global_C0.1_20260911,5,stack_global_C0.1,20260911,bajo,b18_ctx8,alto,0.08963841139406177
fold5_stack_global_C0.1_20260911,5,stack_global_C0.1,20260911,bajo,b19_ctx1,bajo,0.034134846597953725
fold5_stack_global_C0.1_20260911,5,stack_global_C0.1,20260911,bajo,b19_ctx1,medio,0.08861252716992744
fold5_stack_global_C0.1_20260911,5,stack_global_C0.1,20260911,bajo,b19_ctx1,alto,-0.13579447611842776
fold5_stack_global_C0.1_20260911,5,stack_global_C0.1,20260911,bajo,b19_ctx8,bajo,0.4352108737008961
fold5_stack_global_C0.1_20260911,5,stack_global_C0.1,20260911,bajo,b19_ctx8,medio,-0.7105001089454425
fold5_stack_global_C0.1_20260911,5,stack_global_C0.1,20260911,bajo,b19_ctx8,alto,0.1682530015762092
fold5_stack_global_C0.1_20260911,5,stack_global_C0.1,20260911,bajo,b20_ctx1,bajo,-0.08462161053873946
fold5_stack_global_C0.1_20260911,5,stack_global_C0.1,20260911,bajo,b20_ctx1,medio,0.15859069659606478
fold5_stack_global_C0.1_20260911,5,stack_global_C0.1,20260911,bajo,b20_ctx1,alto,-0.07241673420490068
fold5_stack_global_C0.1_20260911,5,stack_global_C0.1,20260911,bajo,b20_ctx8,bajo,0.3825378882254901
fold5_stack_global_C0.1_20260911,5,stack_global_C0.1,20260911,bajo,b20_ctx8,medio,-0.5597558532353561
fold5_stack_global_C0.1_20260911,5,stack_global_C0.1,20260911,bajo,b20_ctx8,alto,0.09419329533380975
fold5_stack_global_C0.1_20260911,5,stack_global_C0.1,20260911,bajo,b21_ctx1,bajo,0.17698037522355575
fold5_stack_global_C0.1_20260911,5,stack_global_C0.1,20260911,bajo,b21_ctx1,medio,-0.2226970179730498
fold5_stack_global_C0.1_20260911,5,stack_global_C0.1,20260911,bajo,b21_ctx1,alto,0.03207928637415247
fold5_stack_global_C0.1_20260911,5,stack_global_C0.1,20260911,bajo,b21_ctx8,bajo,-0.33011794445886594
fold5_stack_global_C0.1_20260911,5,stack_global_C0.1,20260911,bajo,b21_ctx8,medio,0.33314591230170953
fold5_stack_global_C0.1_20260911,5,stack_global_C0.1,20260911,bajo,b21_ctx8,alto,0.02065691561617122
fold5_stack_global_C0.1_20260911,5,stack_global_C0.1,20260911,medio,b15_ctx1,bajo,0.28677276710201943
fold5_stack_global_C0.1_20260911,5,stack_global_C0.1,20260911,medio,b15_ctx1,medio,-0.20069365536569503
fold5_stack_global_C0.1_20260911,5,stack_global_C0.1,20260911,medio,b15_ctx1,alto,-0.1343005163456983
fold5_stack_global_C0.1_20260911,5,stack_global_C0.1,20260911,medio,b15_ctx8,bajo,-0.12720970863872794
fold5_stack_global_C0.1_20260911,5,stack_global_C0.1,20260911,medio,b15_ctx8,medio,-0.15672035972038742
fold5_stack_global_C0.1_20260911,5,stack_global_C0.1,20260911,medio,b15_ctx8,alto,0.32272975803366516
fold5_stack_global_C0.1_20260911,5,stack_global_C0.1,20260911,medio,b16_ctx1,bajo,0.14549420449414646
fold5_stack_global_C0.1_20260911,5,stack_global_C0.1,20260911,medio,b16_ctx1,medio,-0.13380983875011696
fold5_stack_global_C0.1_20260911,5,stack_global_C0.1,20260911,medio,b16_ctx1,alto,-0.03660295357238753
fold5_stack_global_C0.1_20260911,5,stack_global_C0.1,20260911,medio,b16_ctx8,bajo,0.2787104274112358
fold5_stack_global_C0.1_20260911,5,stack_global_C0.1,20260911,medio,b16_ctx8,medio,-0.3888601219893306
fold5_stack_global_C0.1_20260911,5,stack_global_C0.1,20260911,medio,b16_ctx8,alto,0.0507125384268874
fold5_stack_global_C0.1_20260911,5,stack_global_C0.1,20260911,medio,b17_ctx1,bajo,-0.016953029080380908
fold5_stack_global_C0.1_20260911,5,stack_global_C0.1,20260911,medio,b17_ctx1,medio,-0.009892295767393826
fold5_stack_global_C0.1_20260911,5,stack_global_C0.1,20260911,medio,b17_ctx1,alto,0.031707186498775186
fold5_stack_global_C0.1_20260911,5,stack_global_C0.1,20260911,medio,b17_ctx8,bajo,-0.02817921449162132
fold5_stack_global_C0.1_20260911,5,stack_global_C0.1,20260911,medio,b17_ctx8,medio,0.05026803997016578
fold5_stack_global_C0.1_20260911,5,stack_global_C0.1,20260911,medio,b17_ctx8,alto,-0.01618674591577439
fold5_stack_global_C0.1_20260911,5,stack_global_C0.1,20260911,medio,b18_ctx1,bajo,-0.014442280994821095
fold5_stack_global_C0.1_20260911,5,stack_global_C0.1,20260911,medio,b18_ctx1,medio,0.011940171287468493
fold5_stack_global_C0.1_20260911,5,stack_global_C0.1,20260911,medio,b18_ctx1,alto,0.004771118836609542
fold5_stack_global_C0.1_20260911,5,stack_global_C0.1,20260911,medio,b18_ctx8,bajo,0.010445424363649487
fold5_stack_global_C0.1_20260911,5,stack_global_C0.1,20260911,medio,b18_ctx8,medio,-0.08490852305226149
fold5_stack_global_C0.1_20260911,5,stack_global_C0.1,20260911,medio,b18_ctx8,alto,0.07512488528358188
fold5_stack_global_C0.1_20260911,5,stack_global_C0.1,20260911,medio,b19_ctx1,bajo,-0.23475479156717097
fold5_stack_global_C0.1_20260911,5,stack_global_C0.1,20260911,medio,b19_ctx1,medio,0.1795160876494313
fold5_stack_global_C0.1_20260911,5,stack_global_C0.1,20260911,medio,b19_ctx1,alto,0.10376417187939664
fold5_stack_global_C0.1_20260911,5,stack_global_C0.1,20260911,medio,b19_ctx8,bajo,-0.23977546715531065
fold5_stack_global_C0.1_20260911,5,stack_global_C0.1,20260911,medio,b19_ctx8,medio,0.5803961779219408
fold5_stack_global_C0.1_20260911,5,stack_global_C0.1,20260911,medio,b19_ctx8,alto,-0.2850003049033971
fold5_stack_global_C0.1_20260911,5,stack_global_C0.1,20260911,medio,b20_ctx1,bajo,-0.0468956837129144
fold5_stack_global_C0.1_20260911,5,stack_global_C0.1,20260911,medio,b20_ctx1,medio,-0.005785150971545722
fold5_stack_global_C0.1_20260911,5,stack_global_C0.1,20260911,medio,b20_ctx1,alto,0.06416018800924779
fold5_stack_global_C0.1_20260911,5,stack_global_C0.1,20260911,medio,b20_ctx8,bajo,0.0045700877548555605
fold5_stack_global_C0.1_20260911,5,stack_global_C0.1,20260911,medio,b20_ctx8,medio,0.04360983915186113
fold5_stack_global_C0.1_20260911,5,stack_global_C0.1,20260911,medio,b20_ctx8,alto,-0.04851316147458788
fold5_stack_global_C0.1_20260911,5,stack_global_C0.1,20260911,medio,b21_ctx1,bajo,-0.12477104332099653
fold5_stack_global_C0.1_20260911,5,stack_global_C0.1,20260911,medio,b21_ctx1,medio,0.16436935162025645
fold5_stack_global_C0.1_20260911,5,stack_global_C0.1,20260911,medio,b21_ctx1,alto,-0.030503213092499447
fold5_stack_global_C0.1_20260911,5,stack_global_C0.1,20260911,medio,b21_ctx8,bajo,0.10411688485261741
fold5_stack_global_C0.1_20260911,5,stack_global_C0.1,20260911,medio,b21_ctx8,medio,-0.051527828184453235
fold5_stack_global_C0.1_20260911,5,stack_global_C0.1,20260911,medio,b21_ctx8,alto,-0.059359635274885136
fold5_stack_participant_C0.001_20260911,5,stack_participant_C0.001,20260911,alto,b15_ctx1,bajo,-0.004827596968450755
fold5_stack_participant_C0.001_20260911,5,stack_participant_C0.001,20260911,alto,b15_ctx1,medio,0.0051501766994695155
fold5_stack_participant_C0.001_20260911,5,stack_participant_C0.001,20260911,alto,b15_ctx1,alto,0.000249070690388178
fold5_stack_participant_C0.001_20260911,5,stack_participant_C0.001,20260911,alto,b15_ctx8,bajo,0.004947884761362963
fold5_stack_participant_C0.001_20260911,5,stack_participant_C0.001,20260911,alto,b15_ctx8,medio,0.015620783348135986
fold5_stack_participant_C0.001_20260911,5,stack_participant_C0.001,20260911,alto,b15_ctx8,alto,-0.022408094522638332
fold5_stack_participant_C0.001_20260911,5,stack_participant_C0.001,20260911,alto,b16_ctx1,bajo,-0.020800285437318093
fold5_stack_participant_C0.001_20260911,5,stack_participant_C0.001,20260911,alto,b16_ctx1,medio,0.016104226756781897
fold5_stack_participant_C0.001_20260911,5,stack_participant_C0.001,20260911,alto,b16_ctx1,alto,0.008543696009109569
fold5_stack_participant_C0.001_20260911,5,stack_participant_C0.001,20260911,alto,b16_ctx8,bajo,-0.007691059373386661
fold5_stack_participant_C0.001_20260911,5,stack_participant_C0.001,20260911,alto,b16_ctx8,medio,0.010329459565710956
fold5_stack_participant_C0.001_20260911,5,stack_participant_C0.001,20260911,alto,b16_ctx8,alto,-0.0009734982172434974
fold5_stack_participant_C0.001_20260911,5,stack_participant_C0.001,20260911,alto,b17_ctx1,bajo,-0.015992898931348136
fold5_stack_participant_C0.001_20260911,5,stack_participant_C0.001,20260911,alto,b17_ctx1,medio,0.020410011282741333
fold5_stack_participant_C0.001_20260911,5,stack_participant_C0.001,20260911,alto,b17_ctx1,alto,-0.002243863802350309
fold5_stack_participant_C0.001_20260911,5,stack_participant_C0.001,20260911,alto,b17_ctx8,bajo,-0.0015630687912098578
fold5_stack_participant_C0.001_20260911,5,stack_participant_C0.001,20260911,alto,b17_ctx8,medio,0.003953465811478921
fold5_stack_participant_C0.001_20260911,5,stack_participant_C0.001,20260911,alto,b17_ctx8,alto,-0.002115208981119804
fold5_stack_participant_C0.001_20260911,5,stack_participant_C0.001,20260911,alto,b18_ctx1,bajo,-0.010798046862695808
fold5_stack_participant_C0.001_20260911,5,stack_participant_C0.001,20260911,alto,b18_ctx1,medio,0.021481566752317813
fold5_stack_participant_C0.001_20260911,5,stack_participant_C0.001,20260911,alto,b18_ctx1,alto,-0.010369705614917245
fold5_stack_participant_C0.001_20260911,5,stack_participant_C0.001,20260911,alto,b18_ctx8,bajo,0.007411417528226886
fold5_stack_participant_C0.001_20260911,5,stack_participant_C0.001,20260911,alto,b18_ctx8,medio,-0.002298766187087116
fold5_stack_participant_C0.001_20260911,5,stack_participant_C0.001,20260911,alto,b18_ctx8,alto,-0.0072269076553276215
fold5_stack_participant_C0.001_20260911,5,stack_participant_C0.001,20260911,alto,b19_ctx1,bajo,-0.00957705830691125
fold5_stack_participant_C0.001_20260911,5,stack_participant_C0.001,20260911,alto,b19_ctx1,medio,-0.0035143648132905823
fold5_stack_participant_C0.001_20260911,5,stack_participant_C0.001,20260911,alto,b19_ctx1,alto,0.015637095251002885
fold5_stack_participant_C0.001_20260911,5,stack_participant_C0.001,20260911,alto,b19_ctx8,bajo,-0.013908734066996591
fold5_stack_participant_C0.001_20260911,5,stack_participant_C0.001,20260911,alto,b19_ctx8,medio,0.01836141899944721
fold5_stack_participant_C0.001_20260911,5,stack_participant_C0.001,20260911,alto,b19_ctx8,alto,-0.0009549134850162294
fold5_stack_participant_C0.001_20260911,5,stack_participant_C0.001,20260911,alto,b20_ctx1,bajo,0.008968307715361659
fold5_stack_participant_C0.001_20260911,5,stack_participant_C0.001,20260911,alto,b20_ctx1,medio,-0.013355405111159808
fold5_stack_participant_C0.001_20260911,5,stack_participant_C0.001,20260911,alto,b20_ctx1,alto,0.0038312203806190825
fold5_stack_participant_C0.001_20260911,5,stack_participant_C0.001,20260911,alto,b20_ctx8,bajo,0.0029000615756545438
fold5_stack_participant_C0.001_20260911,5,stack_participant_C0.001,20260911,alto,b20_ctx8,medio,0.019546237451699207
fold5_stack_participant_C0.001_20260911,5,stack_participant_C0.001,20260911,alto,b20_ctx8,alto,-0.022764190365260308
fold5_stack_participant_C0.001_20260911,5,stack_participant_C0.001,20260911,alto,b21_ctx1,bajo,0.026310927071880215
fold5_stack_participant_C0.001_20260911,5,stack_participant_C0.001,20260911,alto,b21_ctx1,medio,-0.0347947560106541
fold5_stack_participant_C0.001_20260911,5,stack_participant_C0.001,20260911,alto,b21_ctx1,alto,0.0065753268971388956
fold5_stack_participant_C0.001_20260911,5,stack_participant_C0.001,20260911,alto,b21_ctx8,bajo,0.0449133675050406
fold5_stack_participant_C0.001_20260911,5,stack_participant_C0.001,20260911,alto,b21_ctx8,medio,-0.0327589617051109
fold5_stack_participant_C0.001_20260911,5,stack_participant_C0.001,20260911,alto,b21_ctx8,alto,-0.015212633583929856
fold5_stack_participant_C0.001_20260911,5,stack_participant_C0.001,20260911,bajo,b15_ctx1,bajo,-0.005133997460362969
fold5_stack_participant_C0.001_20260911,5,stack_participant_C0.001,20260911,bajo,b15_ctx1,medio,0.004112789034495968
fold5_stack_participant_C0.001_20260911,5,stack_participant_C0.001,20260911,bajo,b15_ctx1,alto,0.001814044554432776
fold5_stack_participant_C0.001_20260911,5,stack_participant_C0.001,20260911,bajo,b15_ctx8,bajo,0.013247209873487546
fold5_stack_participant_C0.001_20260911,5,stack_participant_C0.001,20260911,bajo,b15_ctx8,medio,-0.01821772169609493
fold5_stack_participant_C0.001_20260911,5,stack_participant_C0.001,20260911,bajo,b15_ctx8,alto,0.0021276864954923253
fold5_stack_participant_C0.001_20260911,5,stack_participant_C0.001,20260911,bajo,b16_ctx1,bajo,0.007136806846767226
fold5_stack_participant_C0.001_20260911,5,stack_participant_C0.001,20260911,bajo,b16_ctx1,medio,0.0018130501332418159
fold5_stack_participant_C0.001_20260911,5,stack_participant_C0.001,20260911,bajo,b16_ctx1,alto,-0.010961773742759171
fold5_stack_participant_C0.001_20260911,5,stack_participant_C0.001,20260911,bajo,b16_ctx8,bajo,0.007756425596395838
fold5_stack_participant_C0.001_20260911,5,stack_participant_C0.001,20260911,bajo,b16_ctx8,medio,-0.004540067532056013
fold5_stack_participant_C0.001_20260911,5,stack_participant_C0.001,20260911,bajo,b16_ctx8,alto,-0.005257593875179081
fold5_stack_participant_C0.001_20260911,5,stack_participant_C0.001,20260911,bajo,b17_ctx1,bajo,0.002387288939779473
fold5_stack_participant_C0.001_20260911,5,stack_participant_C0.001,20260911,bajo,b17_ctx1,medio,0.006868907023802219
fold5_stack_participant_C0.001_20260911,5,stack_participant_C0.001,20260911,bajo,b17_ctx1,alto,-0.010385145526544997
fold5_stack_participant_C0.001_20260911,5,stack_participant_C0.001,20260911,bajo,b17_ctx8,bajo,-0.008822761470438223
fold5_stack_participant_C0.001_20260911,5,stack_participant_C0.001,20260911,bajo,b17_ctx8,medio,0.01312093912679159
fold5_stack_participant_C0.001_20260911,5,stack_participant_C0.001,20260911,bajo,b17_ctx8,alto,-0.002333006533266784
fold5_stack_participant_C0.001_20260911,5,stack_participant_C0.001,20260911,bajo,b18_ctx1,bajo,-0.005356230934397103
fold5_stack_participant_C0.001_20260911,5,stack_participant_C0.001,20260911,bajo,b18_ctx1,medio,0.01284043954565757
fold5_stack_participant_C0.001_20260911,5,stack_participant_C0.001,20260911,bajo,b18_ctx1,alto,-0.007569164777563909
fold5_stack_participant_C0.001_20260911,5,stack_participant_C0.001,20260911,bajo,b18_ctx8,bajo,-0.026546357586204123
fold5_stack_participant_C0.001_20260911,5,stack_participant_C0.001,20260911,bajo,b18_ctx8,medio,0.032459439662843564
fold5_stack_participant_C0.001_20260911,5,stack_participant_C0.001,20260911,bajo,b18_ctx8,alto,0.0005795947640318626
fold5_stack_participant_C0.001_20260911,5,stack_participant_C0.001,20260911,bajo,b19_ctx1,bajo,0.015126528506432424
fold5_stack_participant_C0.001_20260911,5,stack_participant_C0.001,20260911,bajo,b19_ctx1,medio,-0.009327849494458485
fold5_stack_participant_C0.001_20260911,5,stack_participant_C0.001,20260911,bajo,b19_ctx1,alto,-0.009042392479555026
fold5_stack_participant_C0.001_20260911,5,stack_participant_C0.001,20260911,bajo,b19_ctx8,bajo,0.04369666996362962
fold5_stack_participant_C0.001_20260911,5,stack_participant_C0.001,20260911,bajo,b19_ctx8,medio,-0.05442314415746553
fold5_stack_participant_C0.001_20260911,5,stack_participant_C0.001,20260911,bajo,b19_ctx8,alto,-0.0003202178923758048
fold5_stack_participant_C0.001_20260911,5,stack_participant_C0.001,20260911,bajo,b20_ctx1,bajo,-0.004207094130344298
fold5_stack_participant_C0.001_20260911,5,stack_participant_C0.001,20260911,bajo,b20_ctx1,medio,0.0008454053840515764
fold5_stack_participant_C0.001_20260911,5,stack_participant_C0.001,20260911,bajo,b20_ctx1,alto,0.0042368489515022855
fold5_stack_participant_C0.001_20260911,5,stack_participant_C0.001,20260911,bajo,b20_ctx8,bajo,0.014495429949716563
fold5_stack_participant_C0.001_20260911,5,stack_participant_C0.001,20260911,bajo,b20_ctx8,medio,-0.035371211086919103
fold5_stack_participant_C0.001_20260911,5,stack_participant_C0.001,20260911,bajo,b20_ctx8,alto,0.01754431246543407
fold5_stack_participant_C0.001_20260911,5,stack_participant_C0.001,20260911,bajo,b21_ctx1,bajo,-0.009142992154098889
fold5_stack_participant_C0.001_20260911,5,stack_participant_C0.001,20260911,bajo,b21_ctx1,medio,0.0007754494914560747
fold5_stack_participant_C0.001_20260911,5,stack_participant_C0.001,20260911,bajo,b21_ctx1,alto,0.009828159270547233
fold5_stack_participant_C0.001_20260911,5,stack_participant_C0.001,20260911,bajo,b21_ctx8,bajo,-0.04374453497958503
fold5_stack_participant_C0.001_20260911,5,stack_participant_C0.001,20260911,bajo,b21_ctx8,medio,0.022150319561884124
fold5_stack_participant_C0.001_20260911,5,stack_participant_C0.001,20260911,bajo,b21_ctx8,alto,0.024445407309627302
fold5_stack_participant_C0.001_20260911,5,stack_participant_C0.001,20260911,medio,b15_ctx1,bajo,0.009961594428813643
fold5_stack_participant_C0.001_20260911,5,stack_participant_C0.001,20260911,medio,b15_ctx1,medio,-0.009262965733965458
fold5_stack_participant_C0.001_20260911,5,stack_participant_C0.001,20260911,medio,b15_ctx1,alto,-0.0020631152448210804
fold5_stack_participant_C0.001_20260911,5,stack_participant_C0.001,20260911,medio,b15_ctx8,bajo,-0.018195094634850514
fold5_stack_participant_C0.001_20260911,5,stack_participant_C0.001,20260911,medio,b15_ctx8,medio,0.002596938347958912
fold5_stack_participant_C0.001_20260911,5,stack_participant_C0.001,20260911,medio,b15_ctx8,alto,0.020280408027146087
fold5_stack_participant_C0.001_20260911,5,stack_participant_C0.001,20260911,medio,b16_ctx1,bajo,0.013663478590550917
fold5_stack_participant_C0.001_20260911,5,stack_participant_C0.001,20260911,medio,b16_ctx1,medio,-0.017917276890023707
fold5_stack_participant_C0.001_20260911,5,stack_participant_C0.001,20260911,medio,b16_ctx1,alto,0.0024180777336496404
fold5_stack_participant_C0.001_20260911,5,stack_participant_C0.001,20260911,medio,b16_ctx8,bajo,-6.536622300917077e-05
fold5_stack_participant_C0.001_20260911,5,stack_participant_C0.001,20260911,medio,b16_ctx8,medio,-0.005789392033655032
fold5_stack_participant_C0.001_20260911,5,stack_participant_C0.001,20260911,medio,b16_ctx8,alto,0.006231092092422669
fold5_stack_participant_C0.001_20260911,5,stack_participant_C0.001,20260911,medio,b17_ctx1,bajo,0.01360560999156883
fold5_stack_participant_C0.001_20260911,5,stack_participant_C0.001,20260911,medio,b17_ctx1,medio,-0.02727891830654348
fold5_stack_participant_C0.001_20260911,5,stack_participant_C0.001,20260911,medio,b17_ctx1,alto,0.012629009328895218
fold5_stack_participant_C0.001_20260911,5,stack_participant_C0.001,20260911,medio,b17_ctx8,bajo,0.010385830261648339
fold5_stack_participant_C0.001_20260911,5,stack_participant_C0.001,20260911,medio,b17_ctx8,medio,-0.01707440493827047
fold5_stack_participant_C0.001_20260911,5,stack_participant_C0.001,20260911,medio,b17_ctx8,alto,0.0044482155143865726
fold5_stack_participant_C0.001_20260911,5,stack_participant_C0.001,20260911,medio,b18_ctx1,bajo,0.016154277797093
fold5_stack_participant_C0.001_20260911,5,stack_participant_C0.001,20260911,medio,b18_ctx1,medio,-0.0343220062979754
fold5_stack_participant_C0.001_20260911,5,stack_participant_C0.001,20260911,medio,b18_ctx1,alto,0.01793887039248104
fold5_stack_participant_C0.001_20260911,5,stack_participant_C0.001,20260911,medio,b18_ctx8,bajo,0.019134940057977022
fold5_stack_participant_C0.001_20260911,5,stack_participant_C0.001,20260911,medio,b18_ctx8,medio,-0.030160673475756444
fold5_stack_participant_C0.001_20260911,5,stack_participant_C0.001,20260911,medio,b18_ctx8,alto,0.006647312891295718
fold5_stack_participant_C0.001_20260911,5,stack_participant_C0.001,20260911,medio,b19_ctx1,bajo,-0.0055494701995210385
fold5_stack_participant_C0.001_20260911,5,stack_participant_C0.001,20260911,medio,b19_ctx1,medio,0.012842214307748958
fold5_stack_participant_C0.001_20260911,5,stack_participant_C0.001,20260911,medio,b19_ctx1,alto,-0.006594702771447767
fold5_stack_participant_C0.001_20260911,5,stack_participant_C0.001,20260911,medio,b19_ctx8,bajo,-0.02978793589663306
fold5_stack_participant_C0.001_20260911,5,stack_participant_C0.001,20260911,medio,b19_ctx8,medio,0.036061725158018254
fold5_stack_participant_C0.001_20260911,5,stack_participant_C0.001,20260911,medio,b19_ctx8,alto,0.001275131377392025
fold5_stack_participant_C0.001_20260911,5,stack_participant_C0.001,20260911,medio,b20_ctx1,bajo,-0.004761213585017423
fold5_stack_participant_C0.001_20260911,5,stack_participant_C0.001,20260911,medio,b20_ctx1,medio,0.012509999727108418
fold5_stack_participant_C0.001_20260911,5,stack_participant_C0.001,20260911,medio,b20_ctx1,alto,-0.00806806933212138
fold5_stack_participant_C0.001_20260911,5,stack_participant_C0.001,20260911,medio,b20_ctx8,bajo,-0.0173954915253712
fold5_stack_participant_C0.001_20260911,5,stack_participant_C0.001,20260911,medio,b20_ctx8,medio,0.01582497363521973
fold5_stack_participant_C0.001_20260911,5,stack_participant_C0.001,20260911,medio,b20_ctx8,alto,0.005219877899826293
fold5_stack_participant_C0.001_20260911,5,stack_participant_C0.001,20260911,medio,b21_ctx1,bajo,-0.017167934917781354
fold5_stack_participant_C0.001_20260911,5,stack_participant_C0.001,20260911,medio,b21_ctx1,medio,0.03401930651919795
fold5_stack_participant_C0.001_20260911,5,stack_participant_C0.001,20260911,medio,b21_ctx1,alto,-0.016403486167685867
fold5_stack_participant_C0.001_20260911,5,stack_participant_C0.001,20260911,medio,b21_ctx8,bajo,-0.0011688325254556298
fold5_stack_participant_C0.001_20260911,5,stack_participant_C0.001,20260911,medio,b21_ctx8,medio,0.010608642143226684
fold5_stack_participant_C0.001_20260911,5,stack_participant_C0.001,20260911,medio,b21_ctx8,alto,-0.009232773725697358
fold5_stack_participant_C0.01_20260911,5,stack_participant_C0.01,20260911,alto,b15_ctx1,bajo,-0.02180934713865155
fold5_stack_participant_C0.01_20260911,5,stack_participant_C0.01,20260911,alto,b15_ctx1,medio,0.05082695906627264
fold5_stack_participant_C0.01_20260911,5,stack_participant_C0.01,20260911,alto,b15_ctx1,alto,-0.03017046096934447
fold5_stack_participant_C0.01_20260911,5,stack_participant_C0.01,20260911,alto,b15_ctx8,bajo,0.055617742310521814
fold5_stack_participant_C0.01_20260911,5,stack_participant_C0.01,20260911,alto,b15_ctx8,medio,0.00966463138316048
fold5_stack_participant_C0.01_20260911,5,stack_participant_C0.01,20260911,alto,b15_ctx8,alto,-0.0802052161722811
fold5_stack_participant_C0.01_20260911,5,stack_participant_C0.01,20260911,alto,b16_ctx1,bajo,-0.06275241668266328
fold5_stack_participant_C0.01_20260911,5,stack_participant_C0.01,20260911,alto,b16_ctx1,medio,0.030551749394440476
fold5_stack_participant_C0.01_20260911,5,stack_participant_C0.01,20260911,alto,b16_ctx1,alto,0.045508449131605115
fold5_stack_participant_C0.01_20260911,5,stack_participant_C0.01,20260911,alto,b16_ctx8,bajo,-0.005962552086007719
fold5_stack_participant_C0.01_20260911,5,stack_participant_C0.01,20260911,alto,b16_ctx8,medio,-0.028183390651250858
fold5_stack_participant_C0.01_20260911,5,stack_participant_C0.01,20260911,alto,b16_ctx8,alto,0.03766698003863833
fold5_stack_participant_C0.01_20260911,5,stack_participant_C0.01,20260911,alto,b17_ctx1,bajo,-0.024607473692507792
fold5_stack_participant_C0.01_20260911,5,stack_participant_C0.01,20260911,alto,b17_ctx1,medio,0.034300355747542983
fold5_stack_participant_C0.01_20260911,5,stack_participant_C0.01,20260911,alto,b17_ctx1,alto,-0.006584033825262611
fold5_stack_participant_C0.01_20260911,5,stack_participant_C0.01,20260911,alto,b17_ctx8,bajo,-0.004637754425599141
fold5_stack_participant_C0.01_20260911,5,stack_participant_C0.01,20260911,alto,b17_ctx8,medio,-0.010411036139389226
fold5_stack_participant_C0.01_20260911,5,stack_participant_C0.01,20260911,alto,b17_ctx8,alto,0.01685712393194682
fold5_stack_participant_C0.01_20260911,5,stack_participant_C0.01,20260911,alto,b18_ctx1,bajo,0.013890693106802555
fold5_stack_participant_C0.01_20260911,5,stack_participant_C0.01,20260911,alto,b18_ctx1,medio,0.03494797762414906
fold5_stack_participant_C0.01_20260911,5,stack_participant_C0.01,20260911,alto,b18_ctx1,alto,-0.056134782342809136
fold5_stack_participant_C0.01_20260911,5,stack_participant_C0.01,20260911,alto,b18_ctx8,bajo,0.04385898829106945
fold5_stack_participant_C0.01_20260911,5,stack_participant_C0.01,20260911,alto,b18_ctx8,medio,-0.0068627129821431975
fold5_stack_participant_C0.01_20260911,5,stack_participant_C0.01,20260911,alto,b18_ctx8,alto,-0.0498085055536395
fold5_stack_participant_C0.01_20260911,5,stack_participant_C0.01,20260911,alto,b19_ctx1,bajo,0.008818972404845835
fold5_stack_participant_C0.01_20260911,5,stack_participant_C0.01,20260911,alto,b19_ctx1,medio,-0.07031155753142489
fold5_stack_participant_C0.01_20260911,5,stack_participant_C0.01,20260911,alto,b19_ctx1,alto,0.06298956666398878
fold5_stack_participant_C0.01_20260911,5,stack_participant_C0.01,20260911,alto,b19_ctx8,bajo,-0.07667163823520129
fold5_stack_participant_C0.01_20260911,5,stack_participant_C0.01,20260911,alto,b19_ctx8,medio,0.04831558955673639
fold5_stack_participant_C0.01_20260911,5,stack_participant_C0.01,20260911,alto,b19_ctx8,alto,0.04857541916465197
fold5_stack_participant_C0.01_20260911,5,stack_participant_C0.01,20260911,alto,b20_ctx1,bajo,0.022574480394194338
fold5_stack_participant_C0.01_20260911,5,stack_participant_C0.01,20260911,alto,b20_ctx1,medio,-0.015412465694903857
fold5_stack_participant_C0.01_20260911,5,stack_participant_C0.01,20260911,alto,b20_ctx1,alto,-0.010625003703534114
fold5_stack_participant_C0.01_20260911,5,stack_participant_C0.01,20260911,alto,b20_ctx8,bajo,-0.05317877556594826
fold5_stack_participant_C0.01_20260911,5,stack_participant_C0.01,20260911,alto,b20_ctx8,medio,0.1311270138810799
fold5_stack_participant_C0.01_20260911,5,stack_participant_C0.01,20260911,alto,b20_ctx8,alto,-0.06570838181634633
fold5_stack_participant_C0.01_20260911,5,stack_participant_C0.01,20260911,alto,b21_ctx1,bajo,0.01577426131427591
fold5_stack_participant_C0.01_20260911,5,stack_participant_C0.01,20260911,alto,b21_ctx1,medio,-0.037470570172645594
fold5_stack_participant_C0.01_20260911,5,stack_participant_C0.01,20260911,alto,b21_ctx1,alto,0.021722607251853477
fold5_stack_participant_C0.01_20260911,5,stack_participant_C0.01,20260911,alto,b21_ctx8,bajo,0.10630133098344904
fold5_stack_participant_C0.01_20260911,5,stack_participant_C0.01,20260911,alto,b21_ctx8,medio,-0.1236818804641474
fold5_stack_participant_C0.01_20260911,5,stack_participant_C0.01,20260911,alto,b21_ctx8,alto,0.009539464631035211
fold5_stack_participant_C0.01_20260911,5,stack_participant_C0.01,20260911,bajo,b15_ctx1,bajo,-0.04434567549256532
fold5_stack_participant_C0.01_20260911,5,stack_participant_C0.01,20260911,bajo,b15_ctx1,medio,0.02213390379066617
fold5_stack_participant_C0.01_20260911,5,stack_participant_C0.01,20260911,bajo,b15_ctx1,alto,0.030874939714187286
fold5_stack_participant_C0.01_20260911,5,stack_participant_C0.01,20260911,bajo,b15_ctx8,bajo,-0.014671619196709633
fold5_stack_participant_C0.01_20260911,5,stack_participant_C0.01,20260911,bajo,b15_ctx8,medio,0.03228022696388246
fold5_stack_participant_C0.01_20260911,5,stack_participant_C0.01,20260911,bajo,b15_ctx8,alto,-0.014879815358685817
fold5_stack_participant_C0.01_20260911,5,stack_participant_C0.01,20260911,bajo,b16_ctx1,bajo,0.018755777784659294
fold5_stack_participant_C0.01_20260911,5,stack_participant_C0.01,20260911,bajo,b16_ctx1,medio,0.006157066486762113
fold5_stack_participant_C0.01_20260911,5,stack_participant_C0.01,20260911,bajo,b16_ctx1,alto,-0.03033147352829075
fold5_stack_participant_C0.01_20260911,5,stack_participant_C0.01,20260911,bajo,b16_ctx8,bajo,-0.04251888078848718
fold5_stack_participant_C0.01_20260911,5,stack_participant_C0.01,20260911,bajo,b16_ctx8,medio,0.08132973951986387
fold5_stack_participant_C0.01_20260911,5,stack_participant_C0.01,20260911,bajo,b16_ctx8,alto,-0.03109956217693993
fold5_stack_participant_C0.01_20260911,5,stack_participant_C0.01,20260911,bajo,b17_ctx1,bajo,0.0151982739838507
fold5_stack_participant_C0.01_20260911,5,stack_participant_C0.01,20260911,bajo,b17_ctx1,medio,-0.0068533953486092395
fold5_stack_participant_C0.01_20260911,5,stack_participant_C0.01,20260911,bajo,b17_ctx1,alto,-0.011427843844211432
fold5_stack_participant_C0.01_20260911,5,stack_participant_C0.01,20260911,bajo,b17_ctx8,bajo,-0.018928874048936804
fold5_stack_participant_C0.01_20260911,5,stack_participant_C0.01,20260911,bajo,b17_ctx8,medio,0.040523202568353976
fold5_stack_participant_C0.01_20260911,5,stack_participant_C0.01,20260911,bajo,b17_ctx8,alto,-0.01793237682909029
fold5_stack_participant_C0.01_20260911,5,stack_participant_C0.01,20260911,bajo,b18_ctx1,bajo,-0.020114888745361076
fold5_stack_participant_C0.01_20260911,5,stack_participant_C0.01,20260911,bajo,b18_ctx1,medio,0.004773262228764802
fold5_stack_participant_C0.01_20260911,5,stack_participant_C0.01,20260911,bajo,b18_ctx1,alto,0.01980768434078139
fold5_stack_participant_C0.01_20260911,5,stack_participant_C0.01,20260911,bajo,b18_ctx8,bajo,-0.06787477145907932
fold5_stack_participant_C0.01_20260911,5,stack_participant_C0.01,20260911,bajo,b18_ctx8,medio,0.07253654198814036
fold5_stack_participant_C0.01_20260911,5,stack_participant_C0.01,20260911,bajo,b18_ctx8,alto,0.012405233203887301
fold5_stack_participant_C0.01_20260911,5,stack_participant_C0.01,20260911,bajo,b19_ctx1,bajo,0.039483049505107136
fold5_stack_participant_C0.01_20260911,5,stack_participant_C0.01,20260911,bajo,b19_ctx1,medio,-0.002142552589496691
fold5_stack_participant_C0.01_20260911,5,stack_participant_C0.01,20260911,bajo,b19_ctx1,alto,-0.04696687609882044
fold5_stack_participant_C0.01_20260911,5,stack_participant_C0.01,20260911,bajo,b19_ctx8,bajo,0.1740250503060558
fold5_stack_participant_C0.01_20260911,5,stack_participant_C0.01,20260911,bajo,b19_ctx8,medio,-0.23364826833572014
fold5_stack_participant_C0.01_20260911,5,stack_participant_C0.01,20260911,bajo,b19_ctx8,alto,0.015928714761714105
fold5_stack_participant_C0.01_20260911,5,stack_participant_C0.01,20260911,bajo,b20_ctx1,bajo,-0.015139187407239255
fold5_stack_participant_C0.01_20260911,5,stack_participant_C0.01,20260911,bajo,b20_ctx1,medio,0.009517616933981142
fold5_stack_participant_C0.01_20260911,5,stack_participant_C0.01,20260911,bajo,b20_ctx1,alto,0.008036750904895359
fold5_stack_participant_C0.01_20260911,5,stack_participant_C0.01,20260911,bajo,b20_ctx8,bajo,0.07618254353214791
fold5_stack_participant_C0.01_20260911,5,stack_participant_C0.01,20260911,bajo,b20_ctx8,medio,-0.15411847537413265
fold5_stack_participant_C0.01_20260911,5,stack_participant_C0.01,20260911,bajo,b20_ctx8,alto,0.06084313274618278
fold5_stack_participant_C0.01_20260911,5,stack_participant_C0.01,20260911,bajo,b21_ctx1,bajo,0.04084042148778361
fold5_stack_participant_C0.01_20260911,5,stack_participant_C0.01,20260911,bajo,b21_ctx1,medio,-0.045647334639857325
fold5_stack_participant_C0.01_20260911,5,stack_participant_C0.01,20260911,bajo,b21_ctx1,alto,0.0012552296585297993
fold5_stack_participant_C0.01_20260911,5,stack_participant_C0.01,20260911,bajo,b21_ctx8,bajo,-0.1491052147560274
fold5_stack_participant_C0.01_20260911,5,stack_participant_C0.01,20260911,bajo,b21_ctx8,medio,0.14143013329030354
fold5_stack_participant_C0.01_20260911,5,stack_participant_C0.01,20260911,bajo,b21_ctx8,alto,0.01825476440526574
fold5_stack_participant_C0.01_20260911,5,stack_participant_C0.01,20260911,medio,b15_ctx1,bajo,0.06615502263121598
fold5_stack_participant_C0.01_20260911,5,stack_participant_C0.01,20260911,medio,b15_ctx1,medio,-0.07296086285693888
fold5_stack_participant_C0.01_20260911,5,stack_participant_C0.01,20260911,medio,b15_ctx1,alto,-0.0007044787448429825
fold5_stack_participant_C0.01_20260911,5,stack_participant_C0.01,20260911,medio,b15_ctx8,bajo,-0.040946123113812474
fold5_stack_participant_C0.01_20260911,5,stack_participant_C0.01,20260911,medio,b15_ctx8,medio,-0.041944858347043486
fold5_stack_participant_C0.01_20260911,5,stack_participant_C0.01,20260911,medio,b15_ctx8,alto,0.0950850315309666
fold5_stack_participant_C0.01_20260911,5,stack_participant_C0.01,20260911,medio,b16_ctx1,bajo,0.04399663889800399
fold5_stack_participant_C0.01_20260911,5,stack_participant_C0.01,20260911,medio,b16_ctx1,medio,-0.0367088158812029
fold5_stack_participant_C0.01_20260911,5,stack_participant_C0.01,20260911,medio,b16_ctx1,alto,-0.015176975603314127
fold5_stack_participant_C0.01_20260911,5,stack_participant_C0.01,20260911,medio,b16_ctx8,bajo,0.048481432874494766
fold5_stack_participant_C0.01_20260911,5,stack_participant_C0.01,20260911,medio,b16_ctx8,medio,-0.053146348868612796
fold5_stack_participant_C0.01_20260911,5,stack_participant_C0.01,20260911,medio,b16_ctx8,alto,-0.006567417861698061
fold5_stack_participant_C0.01_20260911,5,stack_participant_C0.01,20260911,medio,b17_ctx1,bajo,0.009409199708657294
fold5_stack_participant_C0.01_20260911,5,stack_participant_C0.01,20260911,medio,b17_ctx1,medio,-0.02744696039893414
fold5_stack_participant_C0.01_20260911,5,stack_participant_C0.01,20260911,medio,b17_ctx1,alto,0.01801187766947452
fold5_stack_participant_C0.01_20260911,5,stack_participant_C0.01,20260911,medio,b17_ctx8,bajo,0.02356662847453621
fold5_stack_participant_C0.01_20260911,5,stack_participant_C0.01,20260911,medio,b17_ctx8,medio,-0.030112166428964703
fold5_stack_participant_C0.01_20260911,5,stack_participant_C0.01,20260911,medio,b17_ctx8,alto,0.001075252897143759
fold5_stack_participant_C0.01_20260911,5,stack_participant_C0.01,20260911,medio,b18_ctx1,bajo,0.0062241956385584146
fold5_stack_participant_C0.01_20260911,5,stack_participant_C0.01,20260911,medio,b18_ctx1,medio,-0.03972123985291335
fold5_stack_participant_C0.01_20260911,5,stack_participant_C0.01,20260911,medio,b18_ctx1,alto,0.03632709800202704
fold5_stack_participant_C0.01_20260911,5,stack_participant_C0.01,20260911,medio,b18_ctx8,bajo,0.02401578316800963
fold5_stack_participant_C0.01_20260911,5,stack_participant_C0.01,20260911,medio,b18_ctx8,medio,-0.06567382900599666
fold5_stack_participant_C0.01_20260911,5,stack_participant_C0.01,20260911,medio,b18_ctx8,alto,0.03740327234975198
fold5_stack_participant_C0.01_20260911,5,stack_participant_C0.01,20260911,medio,b19_ctx1,bajo,-0.04830202190995317
fold5_stack_participant_C0.01_20260911,5,stack_participant_C0.01,20260911,medio,b19_ctx1,medio,0.07245411012092229
fold5_stack_participant_C0.01_20260911,5,stack_participant_C0.01,20260911,medio,b19_ctx1,alto,-0.016022690565168664
fold5_stack_participant_C0.01_20260911,5,stack_participant_C0.01,20260911,medio,b19_ctx8,bajo,-0.09735341207085538
fold5_stack_participant_C0.01_20260911,5,stack_participant_C0.01,20260911,medio,b19_ctx8,medio,0.18533267877898435
fold5_stack_participant_C0.01_20260911,5,stack_participant_C0.01,20260911,medio,b19_ctx8,alto,-0.06450413392636542
fold5_stack_participant_C0.01_20260911,5,stack_participant_C0.01,20260911,medio,b20_ctx1,bajo,-0.0074352929869555065
fold5_stack_participant_C0.01_20260911,5,stack_participant_C0.01,20260911,medio,b20_ctx1,medio,0.005894848760922813
fold5_stack_participant_C0.01_20260911,5,stack_participant_C0.01,20260911,medio,b20_ctx1,alto,0.002588252798639092
fold5_stack_participant_C0.01_20260911,5,stack_participant_C0.01,20260911,medio,b20_ctx8,bajo,-0.023003767966200732
fold5_stack_participant_C0.01_20260911,5,stack_participant_C0.01,20260911,medio,b20_ctx8,medio,0.022991461493053113
fold5_stack_participant_C0.01_20260911,5,stack_participant_C0.01,20260911,medio,b20_ctx8,alto,0.004865249070163973
fold5_stack_participant_C0.01_20260911,5,stack_participant_C0.01,20260911,medio,b21_ctx1,bajo,-0.056614682802059384
fold5_stack_participant_C0.01_20260911,5,stack_participant_C0.01,20260911,medio,b21_ctx1,medio,0.08311790481250281
fold5_stack_participant_C0.01_20260911,5,stack_participant_C0.01,20260911,medio,b21_ctx1,alto,-0.022977836910382694
fold5_stack_participant_C0.01_20260911,5,stack_participant_C0.01,20260911,medio,b21_ctx8,bajo,0.042803883772577836
fold5_stack_participant_C0.01_20260911,5,stack_participant_C0.01,20260911,medio,b21_ctx8,medio,-0.017748252826157506
fold5_stack_participant_C0.01_20260911,5,stack_participant_C0.01,20260911,medio,b21_ctx8,alto,-0.027794229036301396
fold5_stack_participant_C0.1_20260911,5,stack_participant_C0.1,20260911,alto,b15_ctx1,bajo,-0.17186052249122105
fold5_stack_participant_C0.1_20260911,5,stack_participant_C0.1,20260911,alto,b15_ctx1,medio,0.26374609263884424
fold5_stack_participant_C0.1_20260911,5,stack_participant_C0.1,20260911,alto,b15_ctx1,alto,-0.08243223135111313
fold5_stack_participant_C0.1_20260911,5,stack_participant_C0.1,20260911,alto,b15_ctx8,bajo,0.41675746077762793
fold5_stack_participant_C0.1_20260911,5,stack_participant_C0.1,20260911,alto,b15_ctx8,medio,-0.29880066793057214
fold5_stack_participant_C0.1_20260911,5,stack_participant_C0.1,20260911,alto,b15_ctx8,alto,-0.21690482499353841
fold5_stack_participant_C0.1_20260911,5,stack_participant_C0.1,20260911,alto,b16_ctx1,bajo,-0.268176066105949
fold5_stack_participant_C0.1_20260911,5,stack_participant_C0.1,20260911,alto,b16_ctx1,medio,0.1606010116031283
fold5_stack_participant_C0.1_20260911,5,stack_participant_C0.1,20260911,alto,b16_ctx1,alto,0.16161533950072293
fold5_stack_participant_C0.1_20260911,5,stack_participant_C0.1,20260911,alto,b16_ctx8,bajo,0.051386124928427944
fold5_stack_participant_C0.1_20260911,5,stack_participant_C0.1,20260911,alto,b16_ctx8,medio,-0.12747065008424502
fold5_stack_participant_C0.1_20260911,5,stack_participant_C0.1,20260911,alto,b16_ctx8,alto,0.06856326310876633
fold5_stack_participant_C0.1_20260911,5,stack_participant_C0.1,20260911,alto,b17_ctx1,bajo,-0.08161327885689564
fold5_stack_participant_C0.1_20260911,5,stack_participant_C0.1,20260911,alto,b17_ctx1,medio,0.07944677754385816
fold5_stack_participant_C0.1_20260911,5,stack_participant_C0.1,20260911,alto,b17_ctx1,alto,0.01526155014723082
fold5_stack_participant_C0.1_20260911,5,stack_participant_C0.1,20260911,alto,b17_ctx8,bajo,-0.11167064397648088
fold5_stack_participant_C0.1_20260911,5,stack_participant_C0.1,20260911,alto,b17_ctx8,medio,0.02192158570104843
fold5_stack_participant_C0.1_20260911,5,stack_participant_C0.1,20260911,alto,b17_ctx8,alto,0.12107976438193631
fold5_stack_participant_C0.1_20260911,5,stack_participant_C0.1,20260911,alto,b18_ctx1,bajo,0.11396562781598017
fold5_stack_participant_C0.1_20260911,5,stack_participant_C0.1,20260911,alto,b18_ctx1,medio,0.025638778757679136
fold5_stack_participant_C0.1_20260911,5,stack_participant_C0.1,20260911,alto,b18_ctx1,alto,-0.17071008299506585
fold5_stack_participant_C0.1_20260911,5,stack_participant_C0.1,20260911,alto,b18_ctx8,bajo,0.12355460901550706
fold5_stack_participant_C0.1_20260911,5,stack_participant_C0.1,20260911,alto,b18_ctx8,medio,0.004544766613230295
fold5_stack_participant_C0.1_20260911,5,stack_participant_C0.1,20260911,alto,b18_ctx8,alto,-0.1652572376037128
fold5_stack_participant_C0.1_20260911,5,stack_participant_C0.1,20260911,alto,b19_ctx1,bajo,0.23845335975745474
fold5_stack_participant_C0.1_20260911,5,stack_participant_C0.1,20260911,alto,b19_ctx1,medio,-0.3684726950079223
fold5_stack_participant_C0.1_20260911,5,stack_participant_C0.1,20260911,alto,b19_ctx1,alto,0.09045019440876752
fold5_stack_participant_C0.1_20260911,5,stack_participant_C0.1,20260911,alto,b19_ctx8,bajo,-0.19544594990567796
fold5_stack_participant_C0.1_20260911,5,stack_participant_C0.1,20260911,alto,b19_ctx8,medio,0.12009507986910618
fold5_stack_participant_C0.1_20260911,5,stack_participant_C0.1,20260911,alto,b19_ctx8,alto,0.12694705842847215
fold5_stack_participant_C0.1_20260911,5,stack_participant_C0.1,20260911,alto,b20_ctx1,bajo,0.13798595296270183
fold5_stack_participant_C0.1_20260911,5,stack_participant_C0.1,20260911,alto,b20_ctx1,medio,-0.12275128304811733
fold5_stack_participant_C0.1_20260911,5,stack_participant_C0.1,20260911,alto,b20_ctx1,alto,-0.033166386025891566
fold5_stack_participant_C0.1_20260911,5,stack_participant_C0.1,20260911,alto,b20_ctx8,bajo,-0.42298961979357325
fold5_stack_participant_C0.1_20260911,5,stack_participant_C0.1,20260911,alto,b20_ctx8,medio,0.611165028854578
fold5_stack_participant_C0.1_20260911,5,stack_participant_C0.1,20260911,alto,b20_ctx8,alto,-0.09647315180999773
fold5_stack_participant_C0.1_20260911,5,stack_participant_C0.1,20260911,alto,b21_ctx1,bajo,-0.055719546453097034
fold5_stack_participant_C0.1_20260911,5,stack_participant_C0.1,20260911,alto,b21_ctx1,medio,0.02801211519821342
fold5_stack_participant_C0.1_20260911,5,stack_participant_C0.1,20260911,alto,b21_ctx1,alto,0.03496778016784027
fold5_stack_participant_C0.1_20260911,5,stack_participant_C0.1,20260911,alto,b21_ctx8,bajo,0.23982680633724657
fold5_stack_participant_C0.1_20260911,5,stack_participant_C0.1,20260911,alto,b21_ctx8,medio,-0.3328251358618178
fold5_stack_participant_C0.1_20260911,5,stack_participant_C0.1,20260911,alto,b21_ctx8,alto,0.07460540214353417
fold5_stack_participant_C0.1_20260911,5,stack_participant_C0.1,20260911,bajo,b15_ctx1,bajo,-0.10534417578673262
fold5_stack_participant_C0.1_20260911,5,stack_participant_C0.1,20260911,bajo,b15_ctx1,medio,-0.04126894464508238
fold5_stack_participant_C0.1_20260911,5,stack_participant_C0.1,20260911,bajo,b15_ctx1,alto,0.17991234684637092
fold5_stack_participant_C0.1_20260911,5,stack_participant_C0.1,20260911,bajo,b15_ctx8,bajo,-0.2405972504192163
fold5_stack_participant_C0.1_20260911,5,stack_participant_C0.1,20260911,bajo,b15_ctx8,medio,0.3872505770544276
fold5_stack_participant_C0.1_20260911,5,stack_participant_C0.1,20260911,bajo,b15_ctx8,alto,-0.09697661500011331
fold5_stack_participant_C0.1_20260911,5,stack_participant_C0.1,20260911,bajo,b16_ctx1,bajo,0.10861792434749767
fold5_stack_participant_C0.1_20260911,5,stack_participant_C0.1,20260911,bajo,b16_ctx1,medio,-0.022689765885897262
fold5_stack_participant_C0.1_20260911,5,stack_participant_C0.1,20260911,bajo,b16_ctx1,alto,-0.11180852076649035
fold5_stack_participant_C0.1_20260911,5,stack_participant_C0.1,20260911,bajo,b16_ctx8,bajo,-0.3377521597290557
fold5_stack_participant_C0.1_20260911,5,stack_participant_C0.1,20260911,bajo,b16_ctx8,medio,0.48343446376825194
fold5_stack_participant_C0.1_20260911,5,stack_participant_C0.1,20260911,bajo,b16_ctx8,alto,-0.07440578602550375
fold5_stack_participant_C0.1_20260911,5,stack_participant_C0.1,20260911,bajo,b17_ctx1,bajo,0.08139688177608588
fold5_stack_participant_C0.1_20260911,5,stack_participant_C0.1,20260911,bajo,b17_ctx1,medio,-0.0558452098215049
fold5_stack_participant_C0.1_20260911,5,stack_participant_C0.1,20260911,bajo,b17_ctx1,alto,-0.0405099320580253
fold5_stack_participant_C0.1_20260911,5,stack_participant_C0.1,20260911,bajo,b17_ctx8,bajo,0.15056679275861548
fold5_stack_participant_C0.1_20260911,5,stack_participant_C0.1,20260911,bajo,b17_ctx8,medio,-0.07811540669707308
fold5_stack_participant_C0.1_20260911,5,stack_participant_C0.1,20260911,bajo,b17_ctx8,alto,-0.11251974498602683
fold5_stack_participant_C0.1_20260911,5,stack_participant_C0.1,20260911,bajo,b18_ctx1,bajo,-0.0881661778604977
fold5_stack_participant_C0.1_20260911,5,stack_participant_C0.1,20260911,bajo,b18_ctx1,medio,-0.032299912200499103
fold5_stack_participant_C0.1_20260911,5,stack_participant_C0.1,20260911,bajo,b18_ctx1,alto,0.14590293397302467
fold5_stack_participant_C0.1_20260911,5,stack_participant_C0.1,20260911,bajo,b18_ctx8,bajo,-0.1321443376252706
fold5_stack_participant_C0.1_20260911,5,stack_participant_C0.1,20260911,bajo,b18_ctx8,medio,0.08738523287075825
fold5_stack_participant_C0.1_20260911,5,stack_participant_C0.1,20260911,bajo,b18_ctx8,alto,0.08038705803276673
fold5_stack_participant_C0.1_20260911,5,stack_participant_C0.1,20260911,bajo,b19_ctx1,bajo,0.006496506712562723
fold5_stack_participant_C0.1_20260911,5,stack_participant_C0.1,20260911,bajo,b19_ctx1,medio,0.15867100823988647
fold5_stack_participant_C0.1_20260911,5,stack_participant_C0.1,20260911,bajo,b19_ctx1,alto,-0.17505668785295714
fold5_stack_participant_C0.1_20260911,5,stack_participant_C0.1,20260911,bajo,b19_ctx8,bajo,0.4089670128661688
fold5_stack_participant_C0.1_20260911,5,stack_participant_C0.1,20260911,bajo,b19_ctx8,medio,-0.6353575644877695
fold5_stack_participant_C0.1_20260911,5,stack_participant_C0.1,20260911,bajo,b19_ctx8,alto,0.1252360945365209
fold5_stack_participant_C0.1_20260911,5,stack_participant_C0.1,20260911,bajo,b20_ctx1,bajo,-0.09100773855786455
fold5_stack_participant_C0.1_20260911,5,stack_participant_C0.1,20260911,bajo,b20_ctx1,medio,0.09936796047104925
fold5_stack_participant_C0.1_20260911,5,stack_participant_C0.1,20260911,bajo,b20_ctx1,alto,0.0013797205446774775
fold5_stack_participant_C0.1_20260911,5,stack_participant_C0.1,20260911,bajo,b20_ctx8,bajo,0.3806422147140114
fold5_stack_participant_C0.1_20260911,5,stack_participant_C0.1,20260911,bajo,b20_ctx8,medio,-0.6040396703851829
fold5_stack_participant_C0.1_20260911,5,stack_participant_C0.1,20260911,bajo,b20_ctx8,alto,0.14016799525903756
fold5_stack_participant_C0.1_20260911,5,stack_participant_C0.1,20260911,bajo,b21_ctx1,bajo,0.1755972193340153
fold5_stack_participant_C0.1_20260911,5,stack_participant_C0.1,20260911,bajo,b21_ctx1,medio,-0.16737361499380915
fold5_stack_participant_C0.1_20260911,5,stack_participant_C0.1,20260911,bajo,b21_ctx1,alto,-0.02553038058990236
fold5_stack_participant_C0.1_20260911,5,stack_participant_C0.1,20260911,bajo,b21_ctx8,bajo,-0.328822160619926
fold5_stack_participant_C0.1_20260911,5,stack_participant_C0.1,20260911,bajo,b21_ctx8,medio,0.3670432081864662
fold5_stack_participant_C0.1_20260911,5,stack_participant_C0.1,20260911,bajo,b21_ctx8,alto,-0.014169235737104052
fold5_stack_participant_C0.1_20260911,5,stack_participant_C0.1,20260911,medio,b15_ctx1,bajo,0.2772046982779518
fold5_stack_participant_C0.1_20260911,5,stack_participant_C0.1,20260911,medio,b15_ctx1,medio,-0.22247714799376236
fold5_stack_participant_C0.1_20260911,5,stack_participant_C0.1,20260911,medio,b15_ctx1,alto,-0.09748011549525915
fold5_stack_participant_C0.1_20260911,5,stack_participant_C0.1,20260911,medio,b15_ctx8,bajo,-0.17616021035841253
fold5_stack_participant_C0.1_20260911,5,stack_participant_C0.1,20260911,medio,b15_ctx8,medio,-0.08844990912385077
fold5_stack_participant_C0.1_20260911,5,stack_participant_C0.1,20260911,medio,b15_ctx8,alto,0.3138814399936459
fold5_stack_participant_C0.1_20260911,5,stack_participant_C0.1,20260911,medio,b16_ctx1,bajo,0.1595581417584492
fold5_stack_participant_C0.1_20260911,5,stack_participant_C0.1,20260911,medio,b16_ctx1,medio,-0.13791124571722904
fold5_stack_participant_C0.1_20260911,5,stack_participant_C0.1,20260911,medio,b16_ctx1,alto,-0.04980681873423169
fold5_stack_participant_C0.1_20260911,5,stack_participant_C0.1,20260911,medio,b16_ctx8,bajo,0.28636603480061995
fold5_stack_participant_C0.1_20260911,5,stack_participant_C0.1,20260911,medio,b16_ctx8,medio,-0.35596381368400254
fold5_stack_participant_C0.1_20260911,5,stack_participant_C0.1,20260911,medio,b16_ctx8,alto,0.005842522916737379
fold5_stack_participant_C0.1_20260911,5,stack_participant_C0.1,20260911,medio,b17_ctx1,bajo,0.00021639708081227477
fold5_stack_participant_C0.1_20260911,5,stack_participant_C0.1,20260911,medio,b17_ctx1,medio,-0.02360156772236237
fold5_stack_participant_C0.1_20260911,5,stack_participant_C0.1,20260911,medio,b17_ctx1,alto,0.025248381910790832
fold5_stack_participant_C0.1_20260911,5,stack_participant_C0.1,20260911,medio,b17_ctx8,bajo,-0.03889614878213093
fold5_stack_participant_C0.1_20260911,5,stack_participant_C0.1,20260911,medio,b17_ctx8,medio,0.05619382099602331
fold5_stack_participant_C0.1_20260911,5,stack_participant_C0.1,20260911,medio,b17_ctx8,alto,-0.008560019395908761
fold5_stack_participant_C0.1_20260911,5,stack_participant_C0.1,20260911,medio,b18_ctx1,bajo,-0.025799449955475267
fold5_stack_participant_C0.1_20260911,5,stack_participant_C0.1,20260911,medio,b18_ctx1,medio,0.006661133442819085
fold5_stack_participant_C0.1_20260911,5,stack_participant_C0.1,20260911,medio,b18_ctx1,alto,0.024807149022045005
fold5_stack_participant_C0.1_20260911,5,stack_participant_C0.1,20260911,medio,b18_ctx8,bajo,0.008589728609758629
fold5_stack_participant_C0.1_20260911,5,stack_participant_C0.1,20260911,medio,b18_ctx8,medio,-0.09192999948398783
fold5_stack_participant_C0.1_20260911,5,stack_participant_C0.1,20260911,medio,b18_ctx8,alto,0.08487017957095042
fold5_stack_participant_C0.1_20260911,5,stack_participant_C0.1,20260911,medio,b19_ctx1,bajo,-0.24494986647000935
fold5_stack_participant_C0.1_20260911,5,stack_participant_C0.1,20260911,medio,b19_ctx1,medio,0.20980168676804561
fold5_stack_participant_C0.1_20260911,5,stack_participant_C0.1,20260911,medio,b19_ctx1,alto,0.08460649344418342
fold5_stack_participant_C0.1_20260911,5,stack_participant_C0.1,20260911,medio,b19_ctx8,bajo,-0.21352106296049406
fold5_stack_participant_C0.1_20260911,5,stack_participant_C0.1,20260911,medio,b19_ctx8,medio,0.5152624846186635
fold5_stack_participant_C0.1_20260911,5,stack_participant_C0.1,20260911,medio,b19_ctx8,alto,-0.2521831529649864
fold5_stack_participant_C0.1_20260911,5,stack_participant_C0.1,20260911,medio,b20_ctx1,bajo,-0.04697821440483927
fold5_stack_participant_C0.1_20260911,5,stack_participant_C0.1,20260911,medio,b20_ctx1,medio,0.023383322577063843
fold5_stack_participant_C0.1_20260911,5,stack_participant_C0.1,20260911,medio,b20_ctx1,alto,0.0317866654812109
fold5_stack_participant_C0.1_20260911,5,stack_participant_C0.1,20260911,medio,b20_ctx8,bajo,0.04234740507955916
fold5_stack_participant_C0.1_20260911,5,stack_participant_C0.1,20260911,medio,b20_ctx8,medio,-0.007125358469400669
fold5_stack_participant_C0.1_20260911,5,stack_participant_C0.1,20260911,medio,b20_ctx8,alto,-0.0436948434490458
fold5_stack_participant_C0.1_20260911,5,stack_participant_C0.1,20260911,medio,b21_ctx1,bajo,-0.11987767288091411
fold5_stack_participant_C0.1_20260911,5,stack_participant_C0.1,20260911,medio,b21_ctx1,medio,0.139361499795597
fold5_stack_participant_C0.1_20260911,5,stack_participant_C0.1,20260911,medio,b21_ctx1,alto,-0.00943739957793849
fold5_stack_participant_C0.1_20260911,5,stack_participant_C0.1,20260911,medio,b21_ctx8,bajo,0.08899535428267441
fold5_stack_participant_C0.1_20260911,5,stack_participant_C0.1,20260911,medio,b21_ctx8,medio,-0.034218072324651023
fold5_stack_participant_C0.1_20260911,5,stack_participant_C0.1,20260911,medio,b21_ctx8,alto,-0.06043616640643609
fold5_stack_global_C0.001_20260912,5,stack_global_C0.001,20260912,alto,b15_ctx1,bajo,-0.003271859525528397
fold5_stack_global_C0.001_20260912,5,stack_global_C0.001,20260912,alto,b15_ctx1,medio,0.0029678226607601664
fold5_stack_global_C0.001_20260912,5,stack_global_C0.001,20260912,alto,b15_ctx1,alto,0.0007623062167482879
fold5_stack_global_C0.001_20260912,5,stack_global_C0.001,20260912,alto,b15_ctx8,bajo,0.001167065473965024
fold5_stack_global_C0.001_20260912,5,stack_global_C0.001,20260912,alto,b15_ctx8,medio,0.01731538001082021
fold5_stack_global_C0.001_20260912,5,stack_global_C0.001,20260912,alto,b15_ctx8,alto,-0.01938898120963939
fold5_stack_global_C0.001_20260912,5,stack_global_C0.001,20260912,alto,b16_ctx1,bajo,-0.02050649038746297
fold5_stack_global_C0.001_20260912,5,stack_global_C0.001,20260912,alto,b16_ctx1,medio,0.011890919137302922
fold5_stack_global_C0.001_20260912,5,stack_global_C0.001,20260912,alto,b16_ctx1,alto,0.012784575896164198
fold5_stack_global_C0.001_20260912,5,stack_global_C0.001,20260912,alto,b16_ctx8,bajo,-0.009515975740086991
fold5_stack_global_C0.001_20260912,5,stack_global_C0.001,20260912,alto,b16_ctx8,medio,0.009652186704260442
fold5_stack_global_C0.001_20260912,5,stack_global_C0.001,20260912,alto,b16_ctx8,alto,0.0021165130658658423
fold5_stack_global_C0.001_20260912,5,stack_global_C0.001,20260912,alto,b17_ctx1,bajo,-0.014495164065488467
fold5_stack_global_C0.001_20260912,5,stack_global_C0.001,20260912,alto,b17_ctx1,medio,0.0155972168639584
fold5_stack_global_C0.001_20260912,5,stack_global_C0.001,20260912,alto,b17_ctx1,alto,0.001103089631608674
fold5_stack_global_C0.001_20260912,5,stack_global_C0.001,20260912,alto,b17_ctx8,bajo,-0.0021695122329954764
fold5_stack_global_C0.001_20260912,5,stack_global_C0.001,20260912,alto,b17_ctx8,medio,0.0015683262523388428
fold5_stack_global_C0.001_20260912,5,stack_global_C0.001,20260912,alto,b17_ctx8,alto,0.0011586959477320664
fold5_stack_global_C0.001_20260912,5,stack_global_C0.001,20260912,alto,b18_ctx1,bajo,-0.008961212336583344
fold5_stack_global_C0.001_20260912,5,stack_global_C0.001,20260912,alto,b18_ctx1,medio,0.017165331199183315
fold5_stack_global_C0.001_20260912,5,stack_global_C0.001,20260912,alto,b18_ctx1,alto,-0.007870772781845779
fold5_stack_global_C0.001_20260912,5,stack_global_C0.001,20260912,alto,b18_ctx8,bajo,0.005780907555536833
fold5_stack_global_C0.001_20260912,5,stack_global_C0.001,20260912,alto,b18_ctx8,medio,-0.003036756171731871
fold5_stack_global_C0.001_20260912,5,stack_global_C0.001,20260912,alto,b18_ctx8,alto,-0.004337815274696754
fold5_stack_global_C0.001_20260912,5,stack_global_C0.001,20260912,alto,b19_ctx1,bajo,-0.008926061439404038
fold5_stack_global_C0.001_20260912,5,stack_global_C0.001,20260912,alto,b19_ctx1,medio,-0.0057524040629442505
fold5_stack_global_C0.001_20260912,5,stack_global_C0.001,20260912,alto,b19_ctx1,alto,0.01718045798102379
fold5_stack_global_C0.001_20260912,5,stack_global_C0.001,20260912,alto,b19_ctx8,bajo,-0.015278585437639323
fold5_stack_global_C0.001_20260912,5,stack_global_C0.001,20260912,alto,b19_ctx8,medio,0.017074144213222016
fold5_stack_global_C0.001_20260912,5,stack_global_C0.001,20260912,alto,b19_ctx8,alto,0.0021015910038525293
fold5_stack_global_C0.001_20260912,5,stack_global_C0.001,20260912,alto,b20_ctx1,bajo,0.011487425787745798
fold5_stack_global_C0.001_20260912,5,stack_global_C0.001,20260912,alto,b20_ctx1,medio,-0.01333485202950769
fold5_stack_global_C0.001_20260912,5,stack_global_C0.001,20260912,alto,b20_ctx1,alto,0.0007078064369562128
fold5_stack_global_C0.001_20260912,5,stack_global_C0.001,20260912,alto,b20_ctx8,bajo,0.0006520174337138935
fold5_stack_global_C0.001_20260912,5,stack_global_C0.001,20260912,alto,b20_ctx8,medio,0.020379616083828853
fold5_stack_global_C0.001_20260912,5,stack_global_C0.001,20260912,alto,b20_ctx8,alto,-0.020893780156510545
fold5_stack_global_C0.001_20260912,5,stack_global_C0.001,20260912,alto,b21_ctx1,bajo,0.03118896267356646
fold5_stack_global_C0.001_20260912,5,stack_global_C0.001,20260912,alto,b21_ctx1,medio,-0.028014494393396507
fold5_stack_global_C0.001_20260912,5,stack_global_C0.001,20260912,alto,b21_ctx1,alto,-0.0063692104394623235
fold5_stack_global_C0.001_20260912,5,stack_global_C0.001,20260912,alto,b21_ctx8,bajo,0.04321466166816704
fold5_stack_global_C0.001_20260912,5,stack_global_C0.001,20260912,alto,b21_ctx8,medio,-0.022981562456684732
fold5_stack_global_C0.001_20260912,5,stack_global_C0.001,20260912,alto,b21_ctx8,alto,-0.02306411872474487
fold5_stack_global_C0.001_20260912,5,stack_global_C0.001,20260912,bajo,b15_ctx1,bajo,-0.007395997154724531
fold5_stack_global_C0.001_20260912,5,stack_global_C0.001,20260912,bajo,b15_ctx1,medio,0.007114343428466563
fold5_stack_global_C0.001_20260912,5,stack_global_C0.001,20260912,bajo,b15_ctx1,alto,0.0012625908029892169
fold5_stack_global_C0.001_20260912,5,stack_global_C0.001,20260912,bajo,b15_ctx8,bajo,0.016998667140075766
fold5_stack_global_C0.001_20260912,5,stack_global_C0.001,20260912,bajo,b15_ctx8,medio,-0.017513811709402558
fold5_stack_global_C0.001_20260912,5,stack_global_C0.001,20260912,bajo,b15_ctx8,alto,-0.0033360413420216685
fold5_stack_global_C0.001_20260912,5,stack_global_C0.001,20260912,bajo,b16_ctx1,bajo,0.007966416707205009
fold5_stack_global_C0.001_20260912,5,stack_global_C0.001,20260912,bajo,b16_ctx1,medio,0.005613856553235061
fold5_stack_global_C0.001_20260912,5,stack_global_C0.001,20260912,bajo,b16_ctx1,alto,-0.016164468355436536
fold5_stack_global_C0.001_20260912,5,stack_global_C0.001,20260912,bajo,b16_ctx8,bajo,0.010625343346042053
fold5_stack_global_C0.001_20260912,5,stack_global_C0.001,20260912,bajo,b16_ctx8,medio,-0.0031179592232683778
fold5_stack_global_C0.001_20260912,5,stack_global_C0.001,20260912,bajo,b16_ctx8,alto,-0.010494747964272579
fold5_stack_global_C0.001_20260912,5,stack_global_C0.001,20260912,bajo,b17_ctx1,bajo,0.0024989857347727062
fold5_stack_global_C0.001_20260912,5,stack_global_C0.001,20260912,bajo,b17_ctx1,medio,0.010222013236991557
fold5_stack_global_C0.001_20260912,5,stack_global_C0.001,20260912,bajo,b17_ctx1,alto,-0.014148763175460684
fold5_stack_global_C0.001_20260912,5,stack_global_C0.001,20260912,bajo,b17_ctx8,bajo,-0.008858151037109204
fold5_stack_global_C0.001_20260912,5,stack_global_C0.001,20260912,bajo,b17_ctx8,medio,0.016018195322035987
fold5_stack_global_C0.001_20260912,5,stack_global_C0.001,20260912,bajo,b17_ctx8,alto,-0.005314416619933666
fold5_stack_global_C0.001_20260912,5,stack_global_C0.001,20260912,bajo,b18_ctx1,bajo,-0.005977838006492677
fold5_stack_global_C0.001_20260912,5,stack_global_C0.001,20260912,bajo,b18_ctx1,medio,0.015741276751072498
fold5_stack_global_C0.001_20260912,5,stack_global_C0.001,20260912,bajo,b18_ctx1,alto,-0.010013616674889932
fold5_stack_global_C0.001_20260912,5,stack_global_C0.001,20260912,bajo,b18_ctx8,bajo,-0.02637687137794725
fold5_stack_global_C0.001_20260912,5,stack_global_C0.001,20260912,bajo,b18_ctx8,medio,0.033516180920132435
fold5_stack_global_C0.001_20260912,5,stack_global_C0.001,20260912,bajo,b18_ctx8,alto,-0.0007444454702688127
fold5_stack_global_C0.001_20260912,5,stack_global_C0.001,20260912,bajo,b19_ctx1,bajo,0.014833506975263524
fold5_stack_global_C0.001_20260912,5,stack_global_C0.001,20260912,bajo,b19_ctx1,medio,-0.006451790698912732
fold5_stack_global_C0.001_20260912,5,stack_global_C0.001,20260912,bajo,b19_ctx1,alto,-0.01170336432637422
fold5_stack_global_C0.001_20260912,5,stack_global_C0.001,20260912,bajo,b19_ctx8,bajo,0.04760620453357277
fold5_stack_global_C0.001_20260912,5,stack_global_C0.001,20260912,bajo,b19_ctx8,medio,-0.055901627636052977
fold5_stack_global_C0.001_20260912,5,stack_global_C0.001,20260912,bajo,b19_ctx8,alto,-0.003799734667875934
fold5_stack_global_C0.001_20260912,5,stack_global_C0.001,20260912,bajo,b20_ctx1,bajo,-0.007920347374694969
fold5_stack_global_C0.001_20260912,5,stack_global_C0.001,20260912,bajo,b20_ctx1,medio,0.0014694390762028313
fold5_stack_global_C0.001_20260912,5,stack_global_C0.001,20260912,bajo,b20_ctx1,alto,0.008112345533364195
fold5_stack_global_C0.001_20260912,5,stack_global_C0.001,20260912,bajo,b20_ctx8,bajo,0.01731759705601989
fold5_stack_global_C0.001_20260912,5,stack_global_C0.001,20260912,bajo,b20_ctx8,medio,-0.036418158734750496
fold5_stack_global_C0.001_20260912,5,stack_global_C0.001,20260912,bajo,b20_ctx8,alto,0.015196947073085353
fold5_stack_global_C0.001_20260912,5,stack_global_C0.001,20260912,bajo,b21_ctx1,bajo,-0.015717320251312495
fold5_stack_global_C0.001_20260912,5,stack_global_C0.001,20260912,bajo,b21_ctx1,medio,-0.00991383795723964
fold5_stack_global_C0.001_20260912,5,stack_global_C0.001,20260912,bajo,b21_ctx1,alto,0.028934610188099095
fold5_stack_global_C0.001_20260912,5,stack_global_C0.001,20260912,bajo,b21_ctx8,bajo,-0.04392076156841641
fold5_stack_global_C0.001_20260912,5,stack_global_C0.001,20260912,bajo,b21_ctx8,medio,0.011825093229726066
fold5_stack_global_C0.001_20260912,5,stack_global_C0.001,20260912,bajo,b21_ctx8,alto,0.034822298091385845
fold5_stack_global_C0.001_20260912,5,stack_global_C0.001,20260912,medio,b15_ctx1,bajo,0.010667856680252863
fold5_stack_global_C0.001_20260912,5,stack_global_C0.001,20260912,medio,b15_ctx1,medio,-0.010082166089226682
fold5_stack_global_C0.001_20260912,5,stack_global_C0.001,20260912,medio,b15_ctx1,alto,-0.0020248970197375695
fold5_stack_global_C0.001_20260912,5,stack_global_C0.001,20260912,medio,b15_ctx8,bajo,-0.018165732614040773
fold5_stack_global_C0.001_20260912,5,stack_global_C0.001,20260912,medio,b15_ctx8,medio,0.00019843169858232954
fold5_stack_global_C0.001_20260912,5,stack_global_C0.001,20260912,medio,b15_ctx8,alto,0.022725022551661075
fold5_stack_global_C0.001_20260912,5,stack_global_C0.001,20260912,medio,b16_ctx1,bajo,0.012540073680258014
fold5_stack_global_C0.001_20260912,5,stack_global_C0.001,20260912,medio,b16_ctx1,medio,-0.017504775690538103
fold5_stack_global_C0.001_20260912,5,stack_global_C0.001,20260912,medio,b16_ctx1,alto,0.003379892459272481
fold5_stack_global_C0.001_20260912,5,stack_global_C0.001,20260912,medio,b16_ctx8,bajo,-0.0011093676059550043
fold5_stack_global_C0.001_20260912,5,stack_global_C0.001,20260912,medio,b16_ctx8,medio,-0.006534227480991898
fold5_stack_global_C0.001_20260912,5,stack_global_C0.001,20260912,medio,b16_ctx8,alto,0.008378234898406757
fold5_stack_global_C0.001_20260912,5,stack_global_C0.001,20260912,medio,b17_ctx1,bajo,0.011996178330715748
fold5_stack_global_C0.001_20260912,5,stack_global_C0.001,20260912,medio,b17_ctx1,medio,-0.02581923010095001
fold5_stack_global_C0.001_20260912,5,stack_global_C0.001,20260912,medio,b17_ctx1,alto,0.013045673543852023
fold5_stack_global_C0.001_20260912,5,stack_global_C0.001,20260912,medio,b17_ctx8,bajo,0.011027663270104663
fold5_stack_global_C0.001_20260912,5,stack_global_C0.001,20260912,medio,b17_ctx8,medio,-0.01758652157437485
fold5_stack_global_C0.001_20260912,5,stack_global_C0.001,20260912,medio,b17_ctx8,alto,0.004155720672201654
fold5_stack_global_C0.001_20260912,5,stack_global_C0.001,20260912,medio,b18_ctx1,bajo,0.014939050343075985
fold5_stack_global_C0.001_20260912,5,stack_global_C0.001,20260912,medio,b18_ctx1,medio,-0.032906607950255976
fold5_stack_global_C0.001_20260912,5,stack_global_C0.001,20260912,medio,b18_ctx1,alto,0.017884389456735716
fold5_stack_global_C0.001_20260912,5,stack_global_C0.001,20260912,medio,b18_ctx8,bajo,0.020595963822410305
fold5_stack_global_C0.001_20260912,5,stack_global_C0.001,20260912,medio,b18_ctx8,medio,-0.030479424748400583
fold5_stack_global_C0.001_20260912,5,stack_global_C0.001,20260912,medio,b18_ctx8,alto,0.005082260744965514
fold5_stack_global_C0.001_20260912,5,stack_global_C0.001,20260912,medio,b19_ctx1,bajo,-0.005907445535859601
fold5_stack_global_C0.001_20260912,5,stack_global_C0.001,20260912,medio,b19_ctx1,medio,0.012204194761857036
fold5_stack_global_C0.001_20260912,5,stack_global_C0.001,20260912,medio,b19_ctx1,alto,-0.005477093654649542
fold5_stack_global_C0.001_20260912,5,stack_global_C0.001,20260912,medio,b19_ctx8,bajo,-0.032327619095933444
fold5_stack_global_C0.001_20260912,5,stack_global_C0.001,20260912,medio,b19_ctx8,medio,0.03882748342283108
fold5_stack_global_C0.001_20260912,5,stack_global_C0.001,20260912,medio,b19_ctx8,alto,0.0016981436640233617
fold5_stack_global_C0.001_20260912,5,stack_global_C0.001,20260912,medio,b20_ctx1,bajo,-0.003567078413050818
fold5_stack_global_C0.001_20260912,5,stack_global_C0.001,20260912,medio,b20_ctx1,medio,0.011865412953304968
fold5_stack_global_C0.001_20260912,5,stack_global_C0.001,20260912,medio,b20_ctx1,alto,-0.008820151970320433
fold5_stack_global_C0.001_20260912,5,stack_global_C0.001,20260912,medio,b20_ctx8,bajo,-0.01796961448973377
fold5_stack_global_C0.001_20260912,5,stack_global_C0.001,20260912,medio,b20_ctx8,medio,0.016038542650921597
fold5_stack_global_C0.001_20260912,5,stack_global_C0.001,20260912,medio,b20_ctx8,alto,0.005696833083425122
fold5_stack_global_C0.001_20260912,5,stack_global_C0.001,20260912,medio,b21_ctx1,bajo,-0.015471642422254104
fold5_stack_global_C0.001_20260912,5,stack_global_C0.001,20260912,medio,b21_ctx1,medio,0.03792833235063634
fold5_stack_global_C0.001_20260912,5,stack_global_C0.001,20260912,medio,b21_ctx1,alto,-0.022565399748636583
fold5_stack_global_C0.001_20260912,5,stack_global_C0.001,20260912,medio,b21_ctx8,bajo,0.0007060999002492582
fold5_stack_global_C0.001_20260912,5,stack_global_C0.001,20260912,medio,b21_ctx8,medio,0.011156469226958576
fold5_stack_global_C0.001_20260912,5,stack_global_C0.001,20260912,medio,b21_ctx8,alto,-0.01175817936664102
fold5_stack_global_C0.01_20260912,5,stack_global_C0.01,20260912,alto,b15_ctx1,bajo,-0.017941979084864855
fold5_stack_global_C0.01_20260912,5,stack_global_C0.01,20260912,alto,b15_ctx1,medio,0.03842632518409126
fold5_stack_global_C0.01_20260912,5,stack_global_C0.01,20260912,alto,b15_ctx1,alto,-0.020973618419394855
fold5_stack_global_C0.01_20260912,5,stack_global_C0.01,20260912,alto,b15_ctx8,bajo,0.04283706486102134
fold5_stack_global_C0.01_20260912,5,stack_global_C0.01,20260912,alto,b15_ctx8,medio,0.019607290337388287
fold5_stack_global_C0.01_20260912,5,stack_global_C0.01,20260912,alto,b15_ctx8,alto,-0.07435978908306148
fold5_stack_global_C0.01_20260912,5,stack_global_C0.01,20260912,alto,b16_ctx1,bajo,-0.06661993185150662
fold5_stack_global_C0.01_20260912,5,stack_global_C0.01,20260912,alto,b16_ctx1,medio,0.024459831591630697
fold5_stack_global_C0.01_20260912,5,stack_global_C0.01,20260912,alto,b16_ctx1,alto,0.05703978509885188
fold5_stack_global_C0.01_20260912,5,stack_global_C0.01,20260912,alto,b16_ctx8,bajo,-0.010812575475247341
fold5_stack_global_C0.01_20260912,5,stack_global_C0.01,20260912,alto,b16_ctx8,medio,-0.02105531233837445
fold5_stack_global_C0.01_20260912,5,stack_global_C0.01,20260912,alto,b16_ctx8,alto,0.0364009668723375
fold5_stack_global_C0.01_20260912,5,stack_global_C0.01,20260912,alto,b17_ctx1,bajo,-0.02085970101764281
fold5_stack_global_C0.01_20260912,5,stack_global_C0.01,20260912,alto,b17_ctx1,medio,0.026733599534372408
fold5_stack_global_C0.01_20260912,5,stack_global_C0.01,20260912,alto,b17_ctx1,alto,-0.003048445752490287
fold5_stack_global_C0.01_20260912,5,stack_global_C0.01,20260912,alto,b17_ctx8,bajo,-0.00017396043088136108
fold5_stack_global_C0.01_20260912,5,stack_global_C0.01,20260912,alto,b17_ctx8,medio,-0.02019236695753946
fold5_stack_global_C0.01_20260912,5,stack_global_C0.01,20260912,alto,b17_ctx8,alto,0.021321188736063982
fold5_stack_global_C0.01_20260912,5,stack_global_C0.01,20260912,alto,b18_ctx1,bajo,0.020135397967104462
fold5_stack_global_C0.01_20260912,5,stack_global_C0.01,20260912,alto,b18_ctx1,medio,0.029977620891312926
fold5_stack_global_C0.01_20260912,5,stack_global_C0.01,20260912,alto,b18_ctx1,alto,-0.05841142480752195
fold5_stack_global_C0.01_20260912,5,stack_global_C0.01,20260912,alto,b18_ctx8,bajo,0.04160080388477531
fold5_stack_global_C0.01_20260912,5,stack_global_C0.01,20260912,alto,b18_ctx8,medio,-0.007779964841936996
fold5_stack_global_C0.01_20260912,5,stack_global_C0.01,20260912,alto,b18_ctx8,alto,-0.04591674611760513
fold5_stack_global_C0.01_20260912,5,stack_global_C0.01,20260912,alto,b19_ctx1,bajo,0.00513647464933418
fold5_stack_global_C0.01_20260912,5,stack_global_C0.01,20260912,alto,b19_ctx1,medio,-0.061365824921628495
fold5_stack_global_C0.01_20260912,5,stack_global_C0.01,20260912,alto,b19_ctx1,alto,0.05816739458282327
fold5_stack_global_C0.01_20260912,5,stack_global_C0.01,20260912,alto,b19_ctx8,bajo,-0.07587110635947314
fold5_stack_global_C0.01_20260912,5,stack_global_C0.01,20260912,alto,b19_ctx8,medio,0.04689447836003968
fold5_stack_global_C0.01_20260912,5,stack_global_C0.01,20260912,alto,b19_ctx8,alto,0.04900113979900632
fold5_stack_global_C0.01_20260912,5,stack_global_C0.01,20260912,alto,b20_ctx1,bajo,0.02600477126147618
fold5_stack_global_C0.01_20260912,5,stack_global_C0.01,20260912,alto,b20_ctx1,medio,-0.02384887627256641
fold5_stack_global_C0.01_20260912,5,stack_global_C0.01,20260912,alto,b20_ctx1,alto,-0.0054542182202438885
fold5_stack_global_C0.01_20260912,5,stack_global_C0.01,20260912,alto,b20_ctx8,bajo,-0.04952816003104337
fold5_stack_global_C0.01_20260912,5,stack_global_C0.01,20260912,alto,b20_ctx8,medio,0.1137402030673679
fold5_stack_global_C0.01_20260912,5,stack_global_C0.01,20260912,alto,b20_ctx8,alto,-0.05292223232097986
fold5_stack_global_C0.01_20260912,5,stack_global_C0.01,20260912,alto,b21_ctx1,bajo,0.0226240199513192
fold5_stack_global_C0.01_20260912,5,stack_global_C0.01,20260912,alto,b21_ctx1,medio,-0.021209378122746928
fold5_stack_global_C0.01_20260912,5,stack_global_C0.01,20260912,alto,b21_ctx1,alto,-0.003669478797623078
fold5_stack_global_C0.01_20260912,5,stack_global_C0.01,20260912,alto,b21_ctx8,bajo,0.10246758933828967
fold5_stack_global_C0.01_20260912,5,stack_global_C0.01,20260912,alto,b21_ctx8,medio,-0.10119676854377292
fold5_stack_global_C0.01_20260912,5,stack_global_C0.01,20260912,alto,b21_ctx8,alto,-0.008593656226288706
fold5_stack_global_C0.01_20260912,5,stack_global_C0.01,20260912,bajo,b15_ctx1,bajo,-0.05309757336489082
fold5_stack_global_C0.01_20260912,5,stack_global_C0.01,20260912,bajo,b15_ctx1,medio,0.04005784038711502
fold5_stack_global_C0.01_20260912,5,stack_global_C0.01,20260912,bajo,b15_ctx1,alto,0.021575376954884665
fold5_stack_global_C0.01_20260912,5,stack_global_C0.01,20260912,bajo,b15_ctx8,bajo,-0.009602923890247823
fold5_stack_global_C0.01_20260912,5,stack_global_C0.01,20260912,bajo,b15_ctx8,medio,0.0395073278949208
fold5_stack_global_C0.01_20260912,5,stack_global_C0.01,20260912,bajo,b15_ctx8,alto,-0.028755663735665144
fold5_stack_global_C0.01_20260912,5,stack_global_C0.01,20260912,bajo,b16_ctx1,bajo,0.025419704424442448
fold5_stack_global_C0.01_20260912,5,stack_global_C0.01,20260912,bajo,b16_ctx1,medio,0.011339839110311981
fold5_stack_global_C0.01_20260912,5,stack_global_C0.01,20260912,bajo,b16_ctx1,alto,-0.04438574192244978
fold5_stack_global_C0.01_20260912,5,stack_global_C0.01,20260912,bajo,b16_ctx8,bajo,-0.034532559312018346
fold5_stack_global_C0.01_20260912,5,stack_global_C0.01,20260912,bajo,b16_ctx8,medio,0.08030559783787815
fold5_stack_global_C0.01_20260912,5,stack_global_C0.01,20260912,bajo,b16_ctx8,alto,-0.04038844186292377
fold5_stack_global_C0.01_20260912,5,stack_global_C0.01,20260912,bajo,b17_ctx1,bajo,0.01649493785337197
fold5_stack_global_C0.01_20260912,5,stack_global_C0.01,20260912,bajo,b17_ctx1,medio,-0.005035199512130035
fold5_stack_global_C0.01_20260912,5,stack_global_C0.01,20260912,bajo,b17_ctx1,alto,-0.015000702391810094
fold5_stack_global_C0.01_20260912,5,stack_global_C0.01,20260912,bajo,b17_ctx8,bajo,-0.026692535072069187
fold5_stack_global_C0.01_20260912,5,stack_global_C0.01,20260912,bajo,b17_ctx8,medio,0.053902647775023314
fold5_stack_global_C0.01_20260912,5,stack_global_C0.01,20260912,bajo,b17_ctx8,alto,-0.02190102798233583
fold5_stack_global_C0.01_20260912,5,stack_global_C0.01,20260912,bajo,b18_ctx1,bajo,-0.025048484794211057
fold5_stack_global_C0.01_20260912,5,stack_global_C0.01,20260912,bajo,b18_ctx1,medio,0.0054420464875861675
fold5_stack_global_C0.01_20260912,5,stack_global_C0.01,20260912,bajo,b18_ctx1,alto,0.025223172668017498
fold5_stack_global_C0.01_20260912,5,stack_global_C0.01,20260912,bajo,b18_ctx8,bajo,-0.07136770177519025
fold5_stack_global_C0.01_20260912,5,stack_global_C0.01,20260912,bajo,b18_ctx8,medio,0.07488510932305108
fold5_stack_global_C0.01_20260912,5,stack_global_C0.01,20260912,bajo,b18_ctx8,alto,0.014489611414308637
fold5_stack_global_C0.01_20260912,5,stack_global_C0.01,20260912,bajo,b19_ctx1,bajo,0.042771020236610606
fold5_stack_global_C0.01_20260912,5,stack_global_C0.01,20260912,bajo,b19_ctx1,medio,-0.006361734555535831
fold5_stack_global_C0.01_20260912,5,stack_global_C0.01,20260912,bajo,b19_ctx1,alto,-0.046626271320478446
fold5_stack_global_C0.01_20260912,5,stack_global_C0.01,20260912,bajo,b19_ctx8,bajo,0.18588348599079899
fold5_stack_global_C0.01_20260912,5,stack_global_C0.01,20260912,bajo,b19_ctx8,medio,-0.2553616882419798
fold5_stack_global_C0.01_20260912,5,stack_global_C0.01,20260912,bajo,b19_ctx8,alto,0.0229089605781138
fold5_stack_global_C0.01_20260912,5,stack_global_C0.01,20260912,bajo,b20_ctx1,bajo,-0.021732457762389096
fold5_stack_global_C0.01_20260912,5,stack_global_C0.01,20260912,bajo,b20_ctx1,medio,0.02622317301606346
fold5_stack_global_C0.01_20260912,5,stack_global_C0.01,20260912,bajo,b20_ctx1,alto,-0.0024476001917953676
fold5_stack_global_C0.01_20260912,5,stack_global_C0.01,20260912,bajo,b20_ctx8,bajo,0.07603871979662566
fold5_stack_global_C0.01_20260912,5,stack_global_C0.01,20260912,bajo,b20_ctx8,medio,-0.14245966194034387
fold5_stack_global_C0.01_20260912,5,stack_global_C0.01,20260912,bajo,b20_ctx8,alto,0.049509274436233305
fold5_stack_global_C0.01_20260912,5,stack_global_C0.01,20260912,bajo,b21_ctx1,bajo,0.034780418240230385
fold5_stack_global_C0.01_20260912,5,stack_global_C0.01,20260912,bajo,b21_ctx1,medio,-0.07651949973883747
fold5_stack_global_C0.01_20260912,5,stack_global_C0.01,20260912,bajo,b21_ctx1,alto,0.04136728539487972
fold5_stack_global_C0.01_20260912,5,stack_global_C0.01,20260912,bajo,b21_ctx8,bajo,-0.14953365856674453
fold5_stack_global_C0.01_20260912,5,stack_global_C0.01,20260912,bajo,b21_ctx8,medio,0.1207868531305673
fold5_stack_global_C0.01_20260912,5,stack_global_C0.01,20260912,bajo,b21_ctx8,alto,0.03908190807249945
fold5_stack_global_C0.01_20260912,5,stack_global_C0.01,20260912,medio,b15_ctx1,bajo,0.07103955244975427
fold5_stack_global_C0.01_20260912,5,stack_global_C0.01,20260912,medio,b15_ctx1,medio,-0.07848416557120651
fold5_stack_global_C0.01_20260912,5,stack_global_C0.01,20260912,medio,b15_ctx1,alto,-0.000601758535490845
fold5_stack_global_C0.01_20260912,5,stack_global_C0.01,20260912,medio,b15_ctx8,bajo,-0.033234140970773825
fold5_stack_global_C0.01_20260912,5,stack_global_C0.01,20260912,medio,b15_ctx8,medio,-0.059114618232310547
fold5_stack_global_C0.01_20260912,5,stack_global_C0.01,20260912,medio,b15_ctx8,alto,0.10311545281872597
fold5_stack_global_C0.01_20260912,5,stack_global_C0.01,20260912,medio,b16_ctx1,bajo,0.041200227427064647
fold5_stack_global_C0.01_20260912,5,stack_global_C0.01,20260912,medio,b16_ctx1,medio,-0.03579967070194303
fold5_stack_global_C0.01_20260912,5,stack_global_C0.01,20260912,medio,b16_ctx1,alto,-0.012654043176401742
fold5_stack_global_C0.01_20260912,5,stack_global_C0.01,20260912,medio,b16_ctx8,bajo,0.04534513478726559
fold5_stack_global_C0.01_20260912,5,stack_global_C0.01,20260912,medio,b16_ctx8,medio,-0.05925028549950298
fold5_stack_global_C0.01_20260912,5,stack_global_C0.01,20260912,medio,b16_ctx8,alto,0.003987474990587393
fold5_stack_global_C0.01_20260912,5,stack_global_C0.01,20260912,medio,b17_ctx1,bajo,0.004364763164270639
fold5_stack_global_C0.01_20260912,5,stack_global_C0.01,20260912,medio,b17_ctx1,medio,-0.021698400022242777
fold5_stack_global_C0.01_20260912,5,stack_global_C0.01,20260912,medio,b17_ctx1,alto,0.018049148144300142
fold5_stack_global_C0.01_20260912,5,stack_global_C0.01,20260912,medio,b17_ctx8,bajo,0.026866495502951414
fold5_stack_global_C0.01_20260912,5,stack_global_C0.01,20260912,medio,b17_ctx8,medio,-0.033710280817484915
fold5_stack_global_C0.01_20260912,5,stack_global_C0.01,20260912,medio,b17_ctx8,alto,0.0005798392462720112
fold5_stack_global_C0.01_20260912,5,stack_global_C0.01,20260912,medio,b18_ctx1,bajo,0.004913086827106868
fold5_stack_global_C0.01_20260912,5,stack_global_C0.01,20260912,medio,b18_ctx1,medio,-0.03541966737889988
fold5_stack_global_C0.01_20260912,5,stack_global_C0.01,20260912,medio,b18_ctx1,alto,0.033188252139504125
fold5_stack_global_C0.01_20260912,5,stack_global_C0.01,20260912,medio,b18_ctx8,bajo,0.029766897890414482
fold5_stack_global_C0.01_20260912,5,stack_global_C0.01,20260912,medio,b18_ctx8,medio,-0.06710514448111363
fold5_stack_global_C0.01_20260912,5,stack_global_C0.01,20260912,medio,b18_ctx8,alto,0.03142713470329704
fold5_stack_global_C0.01_20260912,5,stack_global_C0.01,20260912,medio,b19_ctx1,bajo,-0.0479074948859447
fold5_stack_global_C0.01_20260912,5,stack_global_C0.01,20260912,medio,b19_ctx1,medio,0.06772755947716545
fold5_stack_global_C0.01_20260912,5,stack_global_C0.01,20260912,medio,b19_ctx1,alto,-0.011541123262344619
fold5_stack_global_C0.01_20260912,5,stack_global_C0.01,20260912,medio,b19_ctx8,bajo,-0.11001237963132503
fold5_stack_global_C0.01_20260912,5,stack_global_C0.01,20260912,medio,b19_ctx8,medio,0.20846720988193967
fold5_stack_global_C0.01_20260912,5,stack_global_C0.01,20260912,medio,b19_ctx8,alto,-0.07191010037712037
fold5_stack_global_C0.01_20260912,5,stack_global_C0.01,20260912,medio,b20_ctx1,bajo,-0.0042723134990871854
fold5_stack_global_C0.01_20260912,5,stack_global_C0.01,20260912,medio,b20_ctx1,medio,-0.002374296743497304
fold5_stack_global_C0.01_20260912,5,stack_global_C0.01,20260912,medio,b20_ctx1,alto,0.007901818412039142
fold5_stack_global_C0.01_20260912,5,stack_global_C0.01,20260912,medio,b20_ctx8,bajo,-0.026510559765583093
fold5_stack_global_C0.01_20260912,5,stack_global_C0.01,20260912,medio,b20_ctx8,medio,0.028719458872975813
fold5_stack_global_C0.01_20260912,5,stack_global_C0.01,20260912,medio,b20_ctx8,alto,0.003412957884746524
fold5_stack_global_C0.01_20260912,5,stack_global_C0.01,20260912,medio,b21_ctx1,bajo,-0.05740443819154877
fold5_stack_global_C0.01_20260912,5,stack_global_C0.01,20260912,medio,b21_ctx1,medio,0.09772887786158428
fold5_stack_global_C0.01_20260912,5,stack_global_C0.01,20260912,medio,b21_ctx1,alto,-0.03769780659725731
fold5_stack_global_C0.01_20260912,5,stack_global_C0.01,20260912,medio,b21_ctx8,bajo,0.04706606922845516
fold5_stack_global_C0.01_20260912,5,stack_global_C0.01,20260912,medio,b21_ctx8,medio,-0.019590084586794763
fold5_stack_global_C0.01_20260912,5,stack_global_C0.01,20260912,medio,b21_ctx8,alto,-0.030488251846210807
fold5_stack_global_C0.1_20260912,5,stack_global_C0.1,20260912,alto,b15_ctx1,bajo,-0.12443087478716497
fold5_stack_global_C0.1_20260912,5,stack_global_C0.1,20260912,alto,b15_ctx1,medio,0.2077655518605101
fold5_stack_global_C0.1_20260912,5,stack_global_C0.1,20260912,alto,b15_ctx1,alto,-0.07876823066763305
fold5_stack_global_C0.1_20260912,5,stack_global_C0.1,20260912,alto,b15_ctx8,bajo,0.37185425848454906
fold5_stack_global_C0.1_20260912,5,stack_global_C0.1,20260912,alto,b15_ctx8,medio,-0.23746628478869652
fold5_stack_global_C0.1_20260912,5,stack_global_C0.1,20260912,alto,b15_ctx8,alto,-0.22368540514676014
fold5_stack_global_C0.1_20260912,5,stack_global_C0.1,20260912,alto,b16_ctx1,bajo,-0.2736880334333619
fold5_stack_global_C0.1_20260912,5,stack_global_C0.1,20260912,alto,b16_ctx1,medio,0.12020516182761638
fold5_stack_global_C0.1_20260912,5,stack_global_C0.1,20260912,alto,b16_ctx1,alto,0.21275282122032482
fold5_stack_global_C0.1_20260912,5,stack_global_C0.1,20260912,alto,b16_ctx8,bajo,0.04752538422199855
fold5_stack_global_C0.1_20260912,5,stack_global_C0.1,20260912,alto,b16_ctx8,medio,-0.11389985560735928
fold5_stack_global_C0.1_20260912,5,stack_global_C0.1,20260912,alto,b16_ctx8,alto,0.0591721847134667
fold5_stack_global_C0.1_20260912,5,stack_global_C0.1,20260912,alto,b17_ctx1,bajo,-0.07636113226296849
fold5_stack_global_C0.1_20260912,5,stack_global_C0.1,20260912,alto,b17_ctx1,medio,0.05479862075035934
fold5_stack_global_C0.1_20260912,5,stack_global_C0.1,20260912,alto,b17_ctx1,alto,0.03539994059989026
fold5_stack_global_C0.1_20260912,5,stack_global_C0.1,20260912,alto,b17_ctx8,bajo,-0.08532578255263555
fold5_stack_global_C0.1_20260912,5,stack_global_C0.1,20260912,alto,b17_ctx8,medio,-0.02698964229536392
fold5_stack_global_C0.1_20260912,5,stack_global_C0.1,20260912,alto,b17_ctx8,alto,0.13821405554206886
fold5_stack_global_C0.1_20260912,5,stack_global_C0.1,20260912,alto,b18_ctx1,bajo,0.1299442755752452
fold5_stack_global_C0.1_20260912,5,stack_global_C0.1,20260912,alto,b18_ctx1,medio,0.025261522789278464
fold5_stack_global_C0.1_20260912,5,stack_global_C0.1,20260912,alto,b18_ctx1,alto,-0.19023522391174136
fold5_stack_global_C0.1_20260912,5,stack_global_C0.1,20260912,alto,b18_ctx8,bajo,0.10624176371438757
fold5_stack_global_C0.1_20260912,5,stack_global_C0.1,20260912,alto,b18_ctx8,medio,0.025602975478064633
fold5_stack_global_C0.1_20260912,5,stack_global_C0.1,20260912,alto,b18_ctx8,alto,-0.1647632966776436
fold5_stack_global_C0.1_20260912,5,stack_global_C0.1,20260912,alto,b19_ctx1,bajo,0.20061994496922717
fold5_stack_global_C0.1_20260912,5,stack_global_C0.1,20260912,alto,b19_ctx1,medio,-0.26812861481935374
fold5_stack_global_C0.1_20260912,5,stack_global_C0.1,20260912,alto,b19_ctx1,alto,0.032030304239034454
fold5_stack_global_C0.1_20260912,5,stack_global_C0.1,20260912,alto,b19_ctx8,bajo,-0.1954354065455833
fold5_stack_global_C0.1_20260912,5,stack_global_C0.1,20260912,alto,b19_ctx8,medio,0.13010393102349554
fold5_stack_global_C0.1_20260912,5,stack_global_C0.1,20260912,alto,b19_ctx8,alto,0.11674730332718249
fold5_stack_global_C0.1_20260912,5,stack_global_C0.1,20260912,alto,b20_ctx1,bajo,0.13151729425164962
fold5_stack_global_C0.1_20260912,5,stack_global_C0.1,20260912,alto,b20_ctx1,medio,-0.15280554562453402
fold5_stack_global_C0.1_20260912,5,stack_global_C0.1,20260912,alto,b20_ctx1,alto,0.008256546195659513
fold5_stack_global_C0.1_20260912,5,stack_global_C0.1,20260912,alto,b20_ctx8,bajo,-0.3871079759803412
fold5_stack_global_C0.1_20260912,5,stack_global_C0.1,20260912,alto,b20_ctx8,medio,0.5161460140834955
fold5_stack_global_C0.1_20260912,5,stack_global_C0.1,20260912,alto,b20_ctx8,alto,-0.04568013385922921
fold5_stack_global_C0.1_20260912,5,stack_global_C0.1,20260912,alto,b21_ctx1,bajo,-0.052209331902559906
fold5_stack_global_C0.1_20260912,5,stack_global_C0.1,20260912,alto,b21_ctx1,medio,0.058327666352783844
fold5_stack_global_C0.1_20260912,5,stack_global_C0.1,20260912,alto,b21_ctx1,alto,-0.0015760732816511925
fold5_stack_global_C0.1_20260912,5,stack_global_C0.1,20260912,alto,b21_ctx8,bajo,0.2260010596062386
fold5_stack_global_C0.1_20260912,5,stack_global_C0.1,20260912,alto,b21_ctx8,medio,-0.28161808411726513
fold5_stack_global_C0.1_20260912,5,stack_global_C0.1,20260912,alto,b21_ctx8,alto,0.038702719658719735
fold5_stack_global_C0.1_20260912,5,stack_global_C0.1,20260912,bajo,b15_ctx1,bajo,-0.16234189231485235
fold5_stack_global_C0.1_20260912,5,stack_global_C0.1,20260912,bajo,b15_ctx1,medio,-0.007071896494818427
fold5_stack_global_C0.1_20260912,5,stack_global_C0.1,20260912,bajo,b15_ctx1,alto,0.2130687470133324
fold5_stack_global_C0.1_20260912,5,stack_global_C0.1,20260912,bajo,b15_ctx8,bajo,-0.24464454984582298
fold5_stack_global_C0.1_20260912,5,stack_global_C0.1,20260912,bajo,b15_ctx8,medio,0.3941866445090833
fold5_stack_global_C0.1_20260912,5,stack_global_C0.1,20260912,bajo,b15_ctx8,alto,-0.09904435288691135
fold5_stack_global_C0.1_20260912,5,stack_global_C0.1,20260912,bajo,b16_ctx1,bajo,0.12819382893922043
fold5_stack_global_C0.1_20260912,5,stack_global_C0.1,20260912,bajo,b16_ctx1,medio,0.013604676922502286
fold5_stack_global_C0.1_20260912,5,stack_global_C0.1,20260912,bajo,b16_ctx1,alto,-0.17614986764792787
fold5_stack_global_C0.1_20260912,5,stack_global_C0.1,20260912,bajo,b16_ctx8,bajo,-0.3262358116332466
fold5_stack_global_C0.1_20260912,5,stack_global_C0.1,20260912,bajo,b16_ctx8,medio,0.5027599775966908
fold5_stack_global_C0.1_20260912,5,stack_global_C0.1,20260912,bajo,b16_ctx8,alto,-0.10988472314035214
fold5_stack_global_C0.1_20260912,5,stack_global_C0.1,20260912,bajo,b17_ctx1,bajo,0.09331416134335352
fold5_stack_global_C0.1_20260912,5,stack_global_C0.1,20260912,bajo,b17_ctx1,medio,-0.04490632498296251
fold5_stack_global_C0.1_20260912,5,stack_global_C0.1,20260912,bajo,b17_ctx1,alto,-0.06710712709866878
fold5_stack_global_C0.1_20260912,5,stack_global_C0.1,20260912,bajo,b17_ctx8,bajo,0.11350499704425782
fold5_stack_global_C0.1_20260912,5,stack_global_C0.1,20260912,bajo,b17_ctx8,medio,-0.0232783976747961
fold5_stack_global_C0.1_20260912,5,stack_global_C0.1,20260912,bajo,b17_ctx8,alto,-0.12202730962629935
fold5_stack_global_C0.1_20260912,5,stack_global_C0.1,20260912,bajo,b18_ctx1,bajo,-0.11550199458042816
fold5_stack_global_C0.1_20260912,5,stack_global_C0.1,20260912,bajo,b18_ctx1,medio,-0.03720169407674399
fold5_stack_global_C0.1_20260912,5,stack_global_C0.1,20260912,bajo,b18_ctx1,alto,0.1854641050751316
fold5_stack_global_C0.1_20260912,5,stack_global_C0.1,20260912,bajo,b18_ctx8,bajo,-0.11668718807803555
fold5_stack_global_C0.1_20260912,5,stack_global_C0.1,20260912,bajo,b18_ctx8,medio,0.05930554757419554
fold5_stack_global_C0.1_20260912,5,stack_global_C0.1,20260912,bajo,b18_ctx8,alto,0.08963841139406177
fold5_stack_global_C0.1_20260912,5,stack_global_C0.1,20260912,bajo,b19_ctx1,bajo,0.034134846597953725
fold5_stack_global_C0.1_20260912,5,stack_global_C0.1,20260912,bajo,b19_ctx1,medio,0.08861252716992744
fold5_stack_global_C0.1_20260912,5,stack_global_C0.1,20260912,bajo,b19_ctx1,alto,-0.13579447611842776
fold5_stack_global_C0.1_20260912,5,stack_global_C0.1,20260912,bajo,b19_ctx8,bajo,0.4352108737008961
fold5_stack_global_C0.1_20260912,5,stack_global_C0.1,20260912,bajo,b19_ctx8,medio,-0.7105001089454425
fold5_stack_global_C0.1_20260912,5,stack_global_C0.1,20260912,bajo,b19_ctx8,alto,0.1682530015762092
fold5_stack_global_C0.1_20260912,5,stack_global_C0.1,20260912,bajo,b20_ctx1,bajo,-0.08462161053873946
fold5_stack_global_C0.1_20260912,5,stack_global_C0.1,20260912,bajo,b20_ctx1,medio,0.15859069659606478
fold5_stack_global_C0.1_20260912,5,stack_global_C0.1,20260912,bajo,b20_ctx1,alto,-0.07241673420490068
fold5_stack_global_C0.1_20260912,5,stack_global_C0.1,20260912,bajo,b20_ctx8,bajo,0.3825378882254901
fold5_stack_global_C0.1_20260912,5,stack_global_C0.1,20260912,bajo,b20_ctx8,medio,-0.5597558532353561
fold5_stack_global_C0.1_20260912,5,stack_global_C0.1,20260912,bajo,b20_ctx8,alto,0.09419329533380975
fold5_stack_global_C0.1_20260912,5,stack_global_C0.1,20260912,bajo,b21_ctx1,bajo,0.17698037522355575
fold5_stack_global_C0.1_20260912,5,stack_global_C0.1,20260912,bajo,b21_ctx1,medio,-0.2226970179730498
fold5_stack_global_C0.1_20260912,5,stack_global_C0.1,20260912,bajo,b21_ctx1,alto,0.03207928637415247
fold5_stack_global_C0.1_20260912,5,stack_global_C0.1,20260912,bajo,b21_ctx8,bajo,-0.33011794445886594
fold5_stack_global_C0.1_20260912,5,stack_global_C0.1,20260912,bajo,b21_ctx8,medio,0.33314591230170953
fold5_stack_global_C0.1_20260912,5,stack_global_C0.1,20260912,bajo,b21_ctx8,alto,0.02065691561617122
fold5_stack_global_C0.1_20260912,5,stack_global_C0.1,20260912,medio,b15_ctx1,bajo,0.28677276710201943
fold5_stack_global_C0.1_20260912,5,stack_global_C0.1,20260912,medio,b15_ctx1,medio,-0.20069365536569503
fold5_stack_global_C0.1_20260912,5,stack_global_C0.1,20260912,medio,b15_ctx1,alto,-0.1343005163456983
fold5_stack_global_C0.1_20260912,5,stack_global_C0.1,20260912,medio,b15_ctx8,bajo,-0.12720970863872794
fold5_stack_global_C0.1_20260912,5,stack_global_C0.1,20260912,medio,b15_ctx8,medio,-0.15672035972038742
fold5_stack_global_C0.1_20260912,5,stack_global_C0.1,20260912,medio,b15_ctx8,alto,0.32272975803366516
fold5_stack_global_C0.1_20260912,5,stack_global_C0.1,20260912,medio,b16_ctx1,bajo,0.14549420449414646
fold5_stack_global_C0.1_20260912,5,stack_global_C0.1,20260912,medio,b16_ctx1,medio,-0.13380983875011696
fold5_stack_global_C0.1_20260912,5,stack_global_C0.1,20260912,medio,b16_ctx1,alto,-0.03660295357238753
fold5_stack_global_C0.1_20260912,5,stack_global_C0.1,20260912,medio,b16_ctx8,bajo,0.2787104274112358
fold5_stack_global_C0.1_20260912,5,stack_global_C0.1,20260912,medio,b16_ctx8,medio,-0.3888601219893306
fold5_stack_global_C0.1_20260912,5,stack_global_C0.1,20260912,medio,b16_ctx8,alto,0.0507125384268874
fold5_stack_global_C0.1_20260912,5,stack_global_C0.1,20260912,medio,b17_ctx1,bajo,-0.016953029080380908
fold5_stack_global_C0.1_20260912,5,stack_global_C0.1,20260912,medio,b17_ctx1,medio,-0.009892295767393826
fold5_stack_global_C0.1_20260912,5,stack_global_C0.1,20260912,medio,b17_ctx1,alto,0.031707186498775186
fold5_stack_global_C0.1_20260912,5,stack_global_C0.1,20260912,medio,b17_ctx8,bajo,-0.02817921449162132
fold5_stack_global_C0.1_20260912,5,stack_global_C0.1,20260912,medio,b17_ctx8,medio,0.05026803997016578
fold5_stack_global_C0.1_20260912,5,stack_global_C0.1,20260912,medio,b17_ctx8,alto,-0.01618674591577439
fold5_stack_global_C0.1_20260912,5,stack_global_C0.1,20260912,medio,b18_ctx1,bajo,-0.014442280994821095
fold5_stack_global_C0.1_20260912,5,stack_global_C0.1,20260912,medio,b18_ctx1,medio,0.011940171287468493
fold5_stack_global_C0.1_20260912,5,stack_global_C0.1,20260912,medio,b18_ctx1,alto,0.004771118836609542
fold5_stack_global_C0.1_20260912,5,stack_global_C0.1,20260912,medio,b18_ctx8,bajo,0.010445424363649487
fold5_stack_global_C0.1_20260912,5,stack_global_C0.1,20260912,medio,b18_ctx8,medio,-0.08490852305226149
fold5_stack_global_C0.1_20260912,5,stack_global_C0.1,20260912,medio,b18_ctx8,alto,0.07512488528358188
fold5_stack_global_C0.1_20260912,5,stack_global_C0.1,20260912,medio,b19_ctx1,bajo,-0.23475479156717097
fold5_stack_global_C0.1_20260912,5,stack_global_C0.1,20260912,medio,b19_ctx1,medio,0.1795160876494313
fold5_stack_global_C0.1_20260912,5,stack_global_C0.1,20260912,medio,b19_ctx1,alto,0.10376417187939664
fold5_stack_global_C0.1_20260912,5,stack_global_C0.1,20260912,medio,b19_ctx8,bajo,-0.23977546715531065
fold5_stack_global_C0.1_20260912,5,stack_global_C0.1,20260912,medio,b19_ctx8,medio,0.5803961779219408
fold5_stack_global_C0.1_20260912,5,stack_global_C0.1,20260912,medio,b19_ctx8,alto,-0.2850003049033971
fold5_stack_global_C0.1_20260912,5,stack_global_C0.1,20260912,medio,b20_ctx1,bajo,-0.0468956837129144
fold5_stack_global_C0.1_20260912,5,stack_global_C0.1,20260912,medio,b20_ctx1,medio,-0.005785150971545722
fold5_stack_global_C0.1_20260912,5,stack_global_C0.1,20260912,medio,b20_ctx1,alto,0.06416018800924779
fold5_stack_global_C0.1_20260912,5,stack_global_C0.1,20260912,medio,b20_ctx8,bajo,0.0045700877548555605
fold5_stack_global_C0.1_20260912,5,stack_global_C0.1,20260912,medio,b20_ctx8,medio,0.04360983915186113
fold5_stack_global_C0.1_20260912,5,stack_global_C0.1,20260912,medio,b20_ctx8,alto,-0.04851316147458788
fold5_stack_global_C0.1_20260912,5,stack_global_C0.1,20260912,medio,b21_ctx1,bajo,-0.12477104332099653
fold5_stack_global_C0.1_20260912,5,stack_global_C0.1,20260912,medio,b21_ctx1,medio,0.16436935162025645
fold5_stack_global_C0.1_20260912,5,stack_global_C0.1,20260912,medio,b21_ctx1,alto,-0.030503213092499447
fold5_stack_global_C0.1_20260912,5,stack_global_C0.1,20260912,medio,b21_ctx8,bajo,0.10411688485261741
fold5_stack_global_C0.1_20260912,5,stack_global_C0.1,20260912,medio,b21_ctx8,medio,-0.051527828184453235
fold5_stack_global_C0.1_20260912,5,stack_global_C0.1,20260912,medio,b21_ctx8,alto,-0.059359635274885136
fold5_stack_participant_C0.001_20260912,5,stack_participant_C0.001,20260912,alto,b15_ctx1,bajo,-0.004827596968450755
fold5_stack_participant_C0.001_20260912,5,stack_participant_C0.001,20260912,alto,b15_ctx1,medio,0.0051501766994695155
fold5_stack_participant_C0.001_20260912,5,stack_participant_C0.001,20260912,alto,b15_ctx1,alto,0.000249070690388178
fold5_stack_participant_C0.001_20260912,5,stack_participant_C0.001,20260912,alto,b15_ctx8,bajo,0.004947884761362963
fold5_stack_participant_C0.001_20260912,5,stack_participant_C0.001,20260912,alto,b15_ctx8,medio,0.015620783348135986
fold5_stack_participant_C0.001_20260912,5,stack_participant_C0.001,20260912,alto,b15_ctx8,alto,-0.022408094522638332
fold5_stack_participant_C0.001_20260912,5,stack_participant_C0.001,20260912,alto,b16_ctx1,bajo,-0.020800285437318093
fold5_stack_participant_C0.001_20260912,5,stack_participant_C0.001,20260912,alto,b16_ctx1,medio,0.016104226756781897
fold5_stack_participant_C0.001_20260912,5,stack_participant_C0.001,20260912,alto,b16_ctx1,alto,0.008543696009109569
fold5_stack_participant_C0.001_20260912,5,stack_participant_C0.001,20260912,alto,b16_ctx8,bajo,-0.007691059373386661
fold5_stack_participant_C0.001_20260912,5,stack_participant_C0.001,20260912,alto,b16_ctx8,medio,0.010329459565710956
fold5_stack_participant_C0.001_20260912,5,stack_participant_C0.001,20260912,alto,b16_ctx8,alto,-0.0009734982172434974
fold5_stack_participant_C0.001_20260912,5,stack_participant_C0.001,20260912,alto,b17_ctx1,bajo,-0.015992898931348136
fold5_stack_participant_C0.001_20260912,5,stack_participant_C0.001,20260912,alto,b17_ctx1,medio,0.020410011282741333
fold5_stack_participant_C0.001_20260912,5,stack_participant_C0.001,20260912,alto,b17_ctx1,alto,-0.002243863802350309
fold5_stack_participant_C0.001_20260912,5,stack_participant_C0.001,20260912,alto,b17_ctx8,bajo,-0.0015630687912098578
fold5_stack_participant_C0.001_20260912,5,stack_participant_C0.001,20260912,alto,b17_ctx8,medio,0.003953465811478921
fold5_stack_participant_C0.001_20260912,5,stack_participant_C0.001,20260912,alto,b17_ctx8,alto,-0.002115208981119804
fold5_stack_participant_C0.001_20260912,5,stack_participant_C0.001,20260912,alto,b18_ctx1,bajo,-0.010798046862695808
fold5_stack_participant_C0.001_20260912,5,stack_participant_C0.001,20260912,alto,b18_ctx1,medio,0.021481566752317813
fold5_stack_participant_C0.001_20260912,5,stack_participant_C0.001,20260912,alto,b18_ctx1,alto,-0.010369705614917245
fold5_stack_participant_C0.001_20260912,5,stack_participant_C0.001,20260912,alto,b18_ctx8,bajo,0.007411417528226886
fold5_stack_participant_C0.001_20260912,5,stack_participant_C0.001,20260912,alto,b18_ctx8,medio,-0.002298766187087116
fold5_stack_participant_C0.001_20260912,5,stack_participant_C0.001,20260912,alto,b18_ctx8,alto,-0.0072269076553276215
fold5_stack_participant_C0.001_20260912,5,stack_participant_C0.001,20260912,alto,b19_ctx1,bajo,-0.00957705830691125
fold5_stack_participant_C0.001_20260912,5,stack_participant_C0.001,20260912,alto,b19_ctx1,medio,-0.0035143648132905823
fold5_stack_participant_C0.001_20260912,5,stack_participant_C0.001,20260912,alto,b19_ctx1,alto,0.015637095251002885
fold5_stack_participant_C0.001_20260912,5,stack_participant_C0.001,20260912,alto,b19_ctx8,bajo,-0.013908734066996591
fold5_stack_participant_C0.001_20260912,5,stack_participant_C0.001,20260912,alto,b19_ctx8,medio,0.01836141899944721
fold5_stack_participant_C0.001_20260912,5,stack_participant_C0.001,20260912,alto,b19_ctx8,alto,-0.0009549134850162294
fold5_stack_participant_C0.001_20260912,5,stack_participant_C0.001,20260912,alto,b20_ctx1,bajo,0.008968307715361659
fold5_stack_participant_C0.001_20260912,5,stack_participant_C0.001,20260912,alto,b20_ctx1,medio,-0.013355405111159808
fold5_stack_participant_C0.001_20260912,5,stack_participant_C0.001,20260912,alto,b20_ctx1,alto,0.0038312203806190825
fold5_stack_participant_C0.001_20260912,5,stack_participant_C0.001,20260912,alto,b20_ctx8,bajo,0.0029000615756545438
fold5_stack_participant_C0.001_20260912,5,stack_participant_C0.001,20260912,alto,b20_ctx8,medio,0.019546237451699207
fold5_stack_participant_C0.001_20260912,5,stack_participant_C0.001,20260912,alto,b20_ctx8,alto,-0.022764190365260308
fold5_stack_participant_C0.001_20260912,5,stack_participant_C0.001,20260912,alto,b21_ctx1,bajo,0.026310927071880215
fold5_stack_participant_C0.001_20260912,5,stack_participant_C0.001,20260912,alto,b21_ctx1,medio,-0.0347947560106541
fold5_stack_participant_C0.001_20260912,5,stack_participant_C0.001,20260912,alto,b21_ctx1,alto,0.0065753268971388956
fold5_stack_participant_C0.001_20260912,5,stack_participant_C0.001,20260912,alto,b21_ctx8,bajo,0.0449133675050406
fold5_stack_participant_C0.001_20260912,5,stack_participant_C0.001,20260912,alto,b21_ctx8,medio,-0.0327589617051109
fold5_stack_participant_C0.001_20260912,5,stack_participant_C0.001,20260912,alto,b21_ctx8,alto,-0.015212633583929856
fold5_stack_participant_C0.001_20260912,5,stack_participant_C0.001,20260912,bajo,b15_ctx1,bajo,-0.005133997460362969
fold5_stack_participant_C0.001_20260912,5,stack_participant_C0.001,20260912,bajo,b15_ctx1,medio,0.004112789034495968
fold5_stack_participant_C0.001_20260912,5,stack_participant_C0.001,20260912,bajo,b15_ctx1,alto,0.001814044554432776
fold5_stack_participant_C0.001_20260912,5,stack_participant_C0.001,20260912,bajo,b15_ctx8,bajo,0.013247209873487546
fold5_stack_participant_C0.001_20260912,5,stack_participant_C0.001,20260912,bajo,b15_ctx8,medio,-0.01821772169609493
fold5_stack_participant_C0.001_20260912,5,stack_participant_C0.001,20260912,bajo,b15_ctx8,alto,0.0021276864954923253
fold5_stack_participant_C0.001_20260912,5,stack_participant_C0.001,20260912,bajo,b16_ctx1,bajo,0.007136806846767226
fold5_stack_participant_C0.001_20260912,5,stack_participant_C0.001,20260912,bajo,b16_ctx1,medio,0.0018130501332418159
fold5_stack_participant_C0.001_20260912,5,stack_participant_C0.001,20260912,bajo,b16_ctx1,alto,-0.010961773742759171
fold5_stack_participant_C0.001_20260912,5,stack_participant_C0.001,20260912,bajo,b16_ctx8,bajo,0.007756425596395838
fold5_stack_participant_C0.001_20260912,5,stack_participant_C0.001,20260912,bajo,b16_ctx8,medio,-0.004540067532056013
fold5_stack_participant_C0.001_20260912,5,stack_participant_C0.001,20260912,bajo,b16_ctx8,alto,-0.005257593875179081
fold5_stack_participant_C0.001_20260912,5,stack_participant_C0.001,20260912,bajo,b17_ctx1,bajo,0.002387288939779473
fold5_stack_participant_C0.001_20260912,5,stack_participant_C0.001,20260912,bajo,b17_ctx1,medio,0.006868907023802219
fold5_stack_participant_C0.001_20260912,5,stack_participant_C0.001,20260912,bajo,b17_ctx1,alto,-0.010385145526544997
fold5_stack_participant_C0.001_20260912,5,stack_participant_C0.001,20260912,bajo,b17_ctx8,bajo,-0.008822761470438223
fold5_stack_participant_C0.001_20260912,5,stack_participant_C0.001,20260912,bajo,b17_ctx8,medio,0.01312093912679159
fold5_stack_participant_C0.001_20260912,5,stack_participant_C0.001,20260912,bajo,b17_ctx8,alto,-0.002333006533266784
fold5_stack_participant_C0.001_20260912,5,stack_participant_C0.001,20260912,bajo,b18_ctx1,bajo,-0.005356230934397103
fold5_stack_participant_C0.001_20260912,5,stack_participant_C0.001,20260912,bajo,b18_ctx1,medio,0.01284043954565757
fold5_stack_participant_C0.001_20260912,5,stack_participant_C0.001,20260912,bajo,b18_ctx1,alto,-0.007569164777563909
fold5_stack_participant_C0.001_20260912,5,stack_participant_C0.001,20260912,bajo,b18_ctx8,bajo,-0.026546357586204123
fold5_stack_participant_C0.001_20260912,5,stack_participant_C0.001,20260912,bajo,b18_ctx8,medio,0.032459439662843564
fold5_stack_participant_C0.001_20260912,5,stack_participant_C0.001,20260912,bajo,b18_ctx8,alto,0.0005795947640318626
fold5_stack_participant_C0.001_20260912,5,stack_participant_C0.001,20260912,bajo,b19_ctx1,bajo,0.015126528506432424
fold5_stack_participant_C0.001_20260912,5,stack_participant_C0.001,20260912,bajo,b19_ctx1,medio,-0.009327849494458485
fold5_stack_participant_C0.001_20260912,5,stack_participant_C0.001,20260912,bajo,b19_ctx1,alto,-0.009042392479555026
fold5_stack_participant_C0.001_20260912,5,stack_participant_C0.001,20260912,bajo,b19_ctx8,bajo,0.04369666996362962
fold5_stack_participant_C0.001_20260912,5,stack_participant_C0.001,20260912,bajo,b19_ctx8,medio,-0.05442314415746553
fold5_stack_participant_C0.001_20260912,5,stack_participant_C0.001,20260912,bajo,b19_ctx8,alto,-0.0003202178923758048
fold5_stack_participant_C0.001_20260912,5,stack_participant_C0.001,20260912,bajo,b20_ctx1,bajo,-0.004207094130344298
fold5_stack_participant_C0.001_20260912,5,stack_participant_C0.001,20260912,bajo,b20_ctx1,medio,0.0008454053840515764
fold5_stack_participant_C0.001_20260912,5,stack_participant_C0.001,20260912,bajo,b20_ctx1,alto,0.0042368489515022855
fold5_stack_participant_C0.001_20260912,5,stack_participant_C0.001,20260912,bajo,b20_ctx8,bajo,0.014495429949716563
fold5_stack_participant_C0.001_20260912,5,stack_participant_C0.001,20260912,bajo,b20_ctx8,medio,-0.035371211086919103
fold5_stack_participant_C0.001_20260912,5,stack_participant_C0.001,20260912,bajo,b20_ctx8,alto,0.01754431246543407
fold5_stack_participant_C0.001_20260912,5,stack_participant_C0.001,20260912,bajo,b21_ctx1,bajo,-0.009142992154098889
fold5_stack_participant_C0.001_20260912,5,stack_participant_C0.001,20260912,bajo,b21_ctx1,medio,0.0007754494914560747
fold5_stack_participant_C0.001_20260912,5,stack_participant_C0.001,20260912,bajo,b21_ctx1,alto,0.009828159270547233
fold5_stack_participant_C0.001_20260912,5,stack_participant_C0.001,20260912,bajo,b21_ctx8,bajo,-0.04374453497958503
fold5_stack_participant_C0.001_20260912,5,stack_participant_C0.001,20260912,bajo,b21_ctx8,medio,0.022150319561884124
fold5_stack_participant_C0.001_20260912,5,stack_participant_C0.001,20260912,bajo,b21_ctx8,alto,0.024445407309627302
fold5_stack_participant_C0.001_20260912,5,stack_participant_C0.001,20260912,medio,b15_ctx1,bajo,0.009961594428813643
fold5_stack_participant_C0.001_20260912,5,stack_participant_C0.001,20260912,medio,b15_ctx1,medio,-0.009262965733965458
fold5_stack_participant_C0.001_20260912,5,stack_participant_C0.001,20260912,medio,b15_ctx1,alto,-0.0020631152448210804
fold5_stack_participant_C0.001_20260912,5,stack_participant_C0.001,20260912,medio,b15_ctx8,bajo,-0.018195094634850514
fold5_stack_participant_C0.001_20260912,5,stack_participant_C0.001,20260912,medio,b15_ctx8,medio,0.002596938347958912
fold5_stack_participant_C0.001_20260912,5,stack_participant_C0.001,20260912,medio,b15_ctx8,alto,0.020280408027146087
fold5_stack_participant_C0.001_20260912,5,stack_participant_C0.001,20260912,medio,b16_ctx1,bajo,0.013663478590550917
fold5_stack_participant_C0.001_20260912,5,stack_participant_C0.001,20260912,medio,b16_ctx1,medio,-0.017917276890023707
fold5_stack_participant_C0.001_20260912,5,stack_participant_C0.001,20260912,medio,b16_ctx1,alto,0.0024180777336496404
fold5_stack_participant_C0.001_20260912,5,stack_participant_C0.001,20260912,medio,b16_ctx8,bajo,-6.536622300917077e-05
fold5_stack_participant_C0.001_20260912,5,stack_participant_C0.001,20260912,medio,b16_ctx8,medio,-0.005789392033655032
fold5_stack_participant_C0.001_20260912,5,stack_participant_C0.001,20260912,medio,b16_ctx8,alto,0.006231092092422669
fold5_stack_participant_C0.001_20260912,5,stack_participant_C0.001,20260912,medio,b17_ctx1,bajo,0.01360560999156883
fold5_stack_participant_C0.001_20260912,5,stack_participant_C0.001,20260912,medio,b17_ctx1,medio,-0.02727891830654348
fold5_stack_participant_C0.001_20260912,5,stack_participant_C0.001,20260912,medio,b17_ctx1,alto,0.012629009328895218
fold5_stack_participant_C0.001_20260912,5,stack_participant_C0.001,20260912,medio,b17_ctx8,bajo,0.010385830261648339
fold5_stack_participant_C0.001_20260912,5,stack_participant_C0.001,20260912,medio,b17_ctx8,medio,-0.01707440493827047
fold5_stack_participant_C0.001_20260912,5,stack_participant_C0.001,20260912,medio,b17_ctx8,alto,0.0044482155143865726
fold5_stack_participant_C0.001_20260912,5,stack_participant_C0.001,20260912,medio,b18_ctx1,bajo,0.016154277797093
fold5_stack_participant_C0.001_20260912,5,stack_participant_C0.001,20260912,medio,b18_ctx1,medio,-0.0343220062979754
fold5_stack_participant_C0.001_20260912,5,stack_participant_C0.001,20260912,medio,b18_ctx1,alto,0.01793887039248104
fold5_stack_participant_C0.001_20260912,5,stack_participant_C0.001,20260912,medio,b18_ctx8,bajo,0.019134940057977022
fold5_stack_participant_C0.001_20260912,5,stack_participant_C0.001,20260912,medio,b18_ctx8,medio,-0.030160673475756444
fold5_stack_participant_C0.001_20260912,5,stack_participant_C0.001,20260912,medio,b18_ctx8,alto,0.006647312891295718
fold5_stack_participant_C0.001_20260912,5,stack_participant_C0.001,20260912,medio,b19_ctx1,bajo,-0.0055494701995210385
fold5_stack_participant_C0.001_20260912,5,stack_participant_C0.001,20260912,medio,b19_ctx1,medio,0.012842214307748958
fold5_stack_participant_C0.001_20260912,5,stack_participant_C0.001,20260912,medio,b19_ctx1,alto,-0.006594702771447767
fold5_stack_participant_C0.001_20260912,5,stack_participant_C0.001,20260912,medio,b19_ctx8,bajo,-0.02978793589663306
fold5_stack_participant_C0.001_20260912,5,stack_participant_C0.001,20260912,medio,b19_ctx8,medio,0.036061725158018254
fold5_stack_participant_C0.001_20260912,5,stack_participant_C0.001,20260912,medio,b19_ctx8,alto,0.001275131377392025
fold5_stack_participant_C0.001_20260912,5,stack_participant_C0.001,20260912,medio,b20_ctx1,bajo,-0.004761213585017423
fold5_stack_participant_C0.001_20260912,5,stack_participant_C0.001,20260912,medio,b20_ctx1,medio,0.012509999727108418
fold5_stack_participant_C0.001_20260912,5,stack_participant_C0.001,20260912,medio,b20_ctx1,alto,-0.00806806933212138
fold5_stack_participant_C0.001_20260912,5,stack_participant_C0.001,20260912,medio,b20_ctx8,bajo,-0.0173954915253712
fold5_stack_participant_C0.001_20260912,5,stack_participant_C0.001,20260912,medio,b20_ctx8,medio,0.01582497363521973
fold5_stack_participant_C0.001_20260912,5,stack_participant_C0.001,20260912,medio,b20_ctx8,alto,0.005219877899826293
fold5_stack_participant_C0.001_20260912,5,stack_participant_C0.001,20260912,medio,b21_ctx1,bajo,-0.017167934917781354
fold5_stack_participant_C0.001_20260912,5,stack_participant_C0.001,20260912,medio,b21_ctx1,medio,0.03401930651919795
fold5_stack_participant_C0.001_20260912,5,stack_participant_C0.001,20260912,medio,b21_ctx1,alto,-0.016403486167685867
fold5_stack_participant_C0.001_20260912,5,stack_participant_C0.001,20260912,medio,b21_ctx8,bajo,-0.0011688325254556298
fold5_stack_participant_C0.001_20260912,5,stack_participant_C0.001,20260912,medio,b21_ctx8,medio,0.010608642143226684
fold5_stack_participant_C0.001_20260912,5,stack_participant_C0.001,20260912,medio,b21_ctx8,alto,-0.009232773725697358
fold5_stack_participant_C0.01_20260912,5,stack_participant_C0.01,20260912,alto,b15_ctx1,bajo,-0.02180934713865155
fold5_stack_participant_C0.01_20260912,5,stack_participant_C0.01,20260912,alto,b15_ctx1,medio,0.05082695906627264
fold5_stack_participant_C0.01_20260912,5,stack_participant_C0.01,20260912,alto,b15_ctx1,alto,-0.03017046096934447
fold5_stack_participant_C0.01_20260912,5,stack_participant_C0.01,20260912,alto,b15_ctx8,bajo,0.055617742310521814
fold5_stack_participant_C0.01_20260912,5,stack_participant_C0.01,20260912,alto,b15_ctx8,medio,0.00966463138316048
fold5_stack_participant_C0.01_20260912,5,stack_participant_C0.01,20260912,alto,b15_ctx8,alto,-0.0802052161722811
fold5_stack_participant_C0.01_20260912,5,stack_participant_C0.01,20260912,alto,b16_ctx1,bajo,-0.06275241668266328
fold5_stack_participant_C0.01_20260912,5,stack_participant_C0.01,20260912,alto,b16_ctx1,medio,0.030551749394440476
fold5_stack_participant_C0.01_20260912,5,stack_participant_C0.01,20260912,alto,b16_ctx1,alto,0.045508449131605115
fold5_stack_participant_C0.01_20260912,5,stack_participant_C0.01,20260912,alto,b16_ctx8,bajo,-0.005962552086007719
fold5_stack_participant_C0.01_20260912,5,stack_participant_C0.01,20260912,alto,b16_ctx8,medio,-0.028183390651250858
fold5_stack_participant_C0.01_20260912,5,stack_participant_C0.01,20260912,alto,b16_ctx8,alto,0.03766698003863833
fold5_stack_participant_C0.01_20260912,5,stack_participant_C0.01,20260912,alto,b17_ctx1,bajo,-0.024607473692507792
fold5_stack_participant_C0.01_20260912,5,stack_participant_C0.01,20260912,alto,b17_ctx1,medio,0.034300355747542983
fold5_stack_participant_C0.01_20260912,5,stack_participant_C0.01,20260912,alto,b17_ctx1,alto,-0.006584033825262611
fold5_stack_participant_C0.01_20260912,5,stack_participant_C0.01,20260912,alto,b17_ctx8,bajo,-0.004637754425599141
fold5_stack_participant_C0.01_20260912,5,stack_participant_C0.01,20260912,alto,b17_ctx8,medio,-0.010411036139389226
fold5_stack_participant_C0.01_20260912,5,stack_participant_C0.01,20260912,alto,b17_ctx8,alto,0.01685712393194682
fold5_stack_participant_C0.01_20260912,5,stack_participant_C0.01,20260912,alto,b18_ctx1,bajo,0.013890693106802555
fold5_stack_participant_C0.01_20260912,5,stack_participant_C0.01,20260912,alto,b18_ctx1,medio,0.03494797762414906
fold5_stack_participant_C0.01_20260912,5,stack_participant_C0.01,20260912,alto,b18_ctx1,alto,-0.056134782342809136
fold5_stack_participant_C0.01_20260912,5,stack_participant_C0.01,20260912,alto,b18_ctx8,bajo,0.04385898829106945
fold5_stack_participant_C0.01_20260912,5,stack_participant_C0.01,20260912,alto,b18_ctx8,medio,-0.0068627129821431975
fold5_stack_participant_C0.01_20260912,5,stack_participant_C0.01,20260912,alto,b18_ctx8,alto,-0.0498085055536395
fold5_stack_participant_C0.01_20260912,5,stack_participant_C0.01,20260912,alto,b19_ctx1,bajo,0.008818972404845835
fold5_stack_participant_C0.01_20260912,5,stack_participant_C0.01,20260912,alto,b19_ctx1,medio,-0.07031155753142489
fold5_stack_participant_C0.01_20260912,5,stack_participant_C0.01,20260912,alto,b19_ctx1,alto,0.06298956666398878
fold5_stack_participant_C0.01_20260912,5,stack_participant_C0.01,20260912,alto,b19_ctx8,bajo,-0.07667163823520129
fold5_stack_participant_C0.01_20260912,5,stack_participant_C0.01,20260912,alto,b19_ctx8,medio,0.04831558955673639
fold5_stack_participant_C0.01_20260912,5,stack_participant_C0.01,20260912,alto,b19_ctx8,alto,0.04857541916465197
fold5_stack_participant_C0.01_20260912,5,stack_participant_C0.01,20260912,alto,b20_ctx1,bajo,0.022574480394194338
fold5_stack_participant_C0.01_20260912,5,stack_participant_C0.01,20260912,alto,b20_ctx1,medio,-0.015412465694903857
fold5_stack_participant_C0.01_20260912,5,stack_participant_C0.01,20260912,alto,b20_ctx1,alto,-0.010625003703534114
fold5_stack_participant_C0.01_20260912,5,stack_participant_C0.01,20260912,alto,b20_ctx8,bajo,-0.05317877556594826
fold5_stack_participant_C0.01_20260912,5,stack_participant_C0.01,20260912,alto,b20_ctx8,medio,0.1311270138810799
fold5_stack_participant_C0.01_20260912,5,stack_participant_C0.01,20260912,alto,b20_ctx8,alto,-0.06570838181634633
fold5_stack_participant_C0.01_20260912,5,stack_participant_C0.01,20260912,alto,b21_ctx1,bajo,0.01577426131427591
fold5_stack_participant_C0.01_20260912,5,stack_participant_C0.01,20260912,alto,b21_ctx1,medio,-0.037470570172645594
fold5_stack_participant_C0.01_20260912,5,stack_participant_C0.01,20260912,alto,b21_ctx1,alto,0.021722607251853477
fold5_stack_participant_C0.01_20260912,5,stack_participant_C0.01,20260912,alto,b21_ctx8,bajo,0.10630133098344904
fold5_stack_participant_C0.01_20260912,5,stack_participant_C0.01,20260912,alto,b21_ctx8,medio,-0.1236818804641474
fold5_stack_participant_C0.01_20260912,5,stack_participant_C0.01,20260912,alto,b21_ctx8,alto,0.009539464631035211
fold5_stack_participant_C0.01_20260912,5,stack_participant_C0.01,20260912,bajo,b15_ctx1,bajo,-0.04434567549256532
fold5_stack_participant_C0.01_20260912,5,stack_participant_C0.01,20260912,bajo,b15_ctx1,medio,0.02213390379066617
fold5_stack_participant_C0.01_20260912,5,stack_participant_C0.01,20260912,bajo,b15_ctx1,alto,0.030874939714187286
fold5_stack_participant_C0.01_20260912,5,stack_participant_C0.01,20260912,bajo,b15_ctx8,bajo,-0.014671619196709633
fold5_stack_participant_C0.01_20260912,5,stack_participant_C0.01,20260912,bajo,b15_ctx8,medio,0.03228022696388246
fold5_stack_participant_C0.01_20260912,5,stack_participant_C0.01,20260912,bajo,b15_ctx8,alto,-0.014879815358685817
fold5_stack_participant_C0.01_20260912,5,stack_participant_C0.01,20260912,bajo,b16_ctx1,bajo,0.018755777784659294
fold5_stack_participant_C0.01_20260912,5,stack_participant_C0.01,20260912,bajo,b16_ctx1,medio,0.006157066486762113
fold5_stack_participant_C0.01_20260912,5,stack_participant_C0.01,20260912,bajo,b16_ctx1,alto,-0.03033147352829075
fold5_stack_participant_C0.01_20260912,5,stack_participant_C0.01,20260912,bajo,b16_ctx8,bajo,-0.04251888078848718
fold5_stack_participant_C0.01_20260912,5,stack_participant_C0.01,20260912,bajo,b16_ctx8,medio,0.08132973951986387
fold5_stack_participant_C0.01_20260912,5,stack_participant_C0.01,20260912,bajo,b16_ctx8,alto,-0.03109956217693993
fold5_stack_participant_C0.01_20260912,5,stack_participant_C0.01,20260912,bajo,b17_ctx1,bajo,0.0151982739838507
fold5_stack_participant_C0.01_20260912,5,stack_participant_C0.01,20260912,bajo,b17_ctx1,medio,-0.0068533953486092395
fold5_stack_participant_C0.01_20260912,5,stack_participant_C0.01,20260912,bajo,b17_ctx1,alto,-0.011427843844211432
fold5_stack_participant_C0.01_20260912,5,stack_participant_C0.01,20260912,bajo,b17_ctx8,bajo,-0.018928874048936804
fold5_stack_participant_C0.01_20260912,5,stack_participant_C0.01,20260912,bajo,b17_ctx8,medio,0.040523202568353976
fold5_stack_participant_C0.01_20260912,5,stack_participant_C0.01,20260912,bajo,b17_ctx8,alto,-0.01793237682909029
fold5_stack_participant_C0.01_20260912,5,stack_participant_C0.01,20260912,bajo,b18_ctx1,bajo,-0.020114888745361076
fold5_stack_participant_C0.01_20260912,5,stack_participant_C0.01,20260912,bajo,b18_ctx1,medio,0.004773262228764802
fold5_stack_participant_C0.01_20260912,5,stack_participant_C0.01,20260912,bajo,b18_ctx1,alto,0.01980768434078139
fold5_stack_participant_C0.01_20260912,5,stack_participant_C0.01,20260912,bajo,b18_ctx8,bajo,-0.06787477145907932
fold5_stack_participant_C0.01_20260912,5,stack_participant_C0.01,20260912,bajo,b18_ctx8,medio,0.07253654198814036
fold5_stack_participant_C0.01_20260912,5,stack_participant_C0.01,20260912,bajo,b18_ctx8,alto,0.012405233203887301
fold5_stack_participant_C0.01_20260912,5,stack_participant_C0.01,20260912,bajo,b19_ctx1,bajo,0.039483049505107136
fold5_stack_participant_C0.01_20260912,5,stack_participant_C0.01,20260912,bajo,b19_ctx1,medio,-0.002142552589496691
fold5_stack_participant_C0.01_20260912,5,stack_participant_C0.01,20260912,bajo,b19_ctx1,alto,-0.04696687609882044
fold5_stack_participant_C0.01_20260912,5,stack_participant_C0.01,20260912,bajo,b19_ctx8,bajo,0.1740250503060558
fold5_stack_participant_C0.01_20260912,5,stack_participant_C0.01,20260912,bajo,b19_ctx8,medio,-0.23364826833572014
fold5_stack_participant_C0.01_20260912,5,stack_participant_C0.01,20260912,bajo,b19_ctx8,alto,0.015928714761714105
fold5_stack_participant_C0.01_20260912,5,stack_participant_C0.01,20260912,bajo,b20_ctx1,bajo,-0.015139187407239255
fold5_stack_participant_C0.01_20260912,5,stack_participant_C0.01,20260912,bajo,b20_ctx1,medio,0.009517616933981142
fold5_stack_participant_C0.01_20260912,5,stack_participant_C0.01,20260912,bajo,b20_ctx1,alto,0.008036750904895359
fold5_stack_participant_C0.01_20260912,5,stack_participant_C0.01,20260912,bajo,b20_ctx8,bajo,0.07618254353214791
fold5_stack_participant_C0.01_20260912,5,stack_participant_C0.01,20260912,bajo,b20_ctx8,medio,-0.15411847537413265
fold5_stack_participant_C0.01_20260912,5,stack_participant_C0.01,20260912,bajo,b20_ctx8,alto,0.06084313274618278
fold5_stack_participant_C0.01_20260912,5,stack_participant_C0.01,20260912,bajo,b21_ctx1,bajo,0.04084042148778361
fold5_stack_participant_C0.01_20260912,5,stack_participant_C0.01,20260912,bajo,b21_ctx1,medio,-0.045647334639857325
fold5_stack_participant_C0.01_20260912,5,stack_participant_C0.01,20260912,bajo,b21_ctx1,alto,0.0012552296585297993
fold5_stack_participant_C0.01_20260912,5,stack_participant_C0.01,20260912,bajo,b21_ctx8,bajo,-0.1491052147560274
fold5_stack_participant_C0.01_20260912,5,stack_participant_C0.01,20260912,bajo,b21_ctx8,medio,0.14143013329030354
fold5_stack_participant_C0.01_20260912,5,stack_participant_C0.01,20260912,bajo,b21_ctx8,alto,0.01825476440526574
fold5_stack_participant_C0.01_20260912,5,stack_participant_C0.01,20260912,medio,b15_ctx1,bajo,0.06615502263121598
fold5_stack_participant_C0.01_20260912,5,stack_participant_C0.01,20260912,medio,b15_ctx1,medio,-0.07296086285693888
fold5_stack_participant_C0.01_20260912,5,stack_participant_C0.01,20260912,medio,b15_ctx1,alto,-0.0007044787448429825
fold5_stack_participant_C0.01_20260912,5,stack_participant_C0.01,20260912,medio,b15_ctx8,bajo,-0.040946123113812474
fold5_stack_participant_C0.01_20260912,5,stack_participant_C0.01,20260912,medio,b15_ctx8,medio,-0.041944858347043486
fold5_stack_participant_C0.01_20260912,5,stack_participant_C0.01,20260912,medio,b15_ctx8,alto,0.0950850315309666
fold5_stack_participant_C0.01_20260912,5,stack_participant_C0.01,20260912,medio,b16_ctx1,bajo,0.04399663889800399
fold5_stack_participant_C0.01_20260912,5,stack_participant_C0.01,20260912,medio,b16_ctx1,medio,-0.0367088158812029
fold5_stack_participant_C0.01_20260912,5,stack_participant_C0.01,20260912,medio,b16_ctx1,alto,-0.015176975603314127
fold5_stack_participant_C0.01_20260912,5,stack_participant_C0.01,20260912,medio,b16_ctx8,bajo,0.048481432874494766
fold5_stack_participant_C0.01_20260912,5,stack_participant_C0.01,20260912,medio,b16_ctx8,medio,-0.053146348868612796
fold5_stack_participant_C0.01_20260912,5,stack_participant_C0.01,20260912,medio,b16_ctx8,alto,-0.006567417861698061
fold5_stack_participant_C0.01_20260912,5,stack_participant_C0.01,20260912,medio,b17_ctx1,bajo,0.009409199708657294
fold5_stack_participant_C0.01_20260912,5,stack_participant_C0.01,20260912,medio,b17_ctx1,medio,-0.02744696039893414
fold5_stack_participant_C0.01_20260912,5,stack_participant_C0.01,20260912,medio,b17_ctx1,alto,0.01801187766947452
fold5_stack_participant_C0.01_20260912,5,stack_participant_C0.01,20260912,medio,b17_ctx8,bajo,0.02356662847453621
fold5_stack_participant_C0.01_20260912,5,stack_participant_C0.01,20260912,medio,b17_ctx8,medio,-0.030112166428964703
fold5_stack_participant_C0.01_20260912,5,stack_participant_C0.01,20260912,medio,b17_ctx8,alto,0.001075252897143759
fold5_stack_participant_C0.01_20260912,5,stack_participant_C0.01,20260912,medio,b18_ctx1,bajo,0.0062241956385584146
fold5_stack_participant_C0.01_20260912,5,stack_participant_C0.01,20260912,medio,b18_ctx1,medio,-0.03972123985291335
fold5_stack_participant_C0.01_20260912,5,stack_participant_C0.01,20260912,medio,b18_ctx1,alto,0.03632709800202704
fold5_stack_participant_C0.01_20260912,5,stack_participant_C0.01,20260912,medio,b18_ctx8,bajo,0.02401578316800963
fold5_stack_participant_C0.01_20260912,5,stack_participant_C0.01,20260912,medio,b18_ctx8,medio,-0.06567382900599666
fold5_stack_participant_C0.01_20260912,5,stack_participant_C0.01,20260912,medio,b18_ctx8,alto,0.03740327234975198
fold5_stack_participant_C0.01_20260912,5,stack_participant_C0.01,20260912,medio,b19_ctx1,bajo,-0.04830202190995317
fold5_stack_participant_C0.01_20260912,5,stack_participant_C0.01,20260912,medio,b19_ctx1,medio,0.07245411012092229
fold5_stack_participant_C0.01_20260912,5,stack_participant_C0.01,20260912,medio,b19_ctx1,alto,-0.016022690565168664
fold5_stack_participant_C0.01_20260912,5,stack_participant_C0.01,20260912,medio,b19_ctx8,bajo,-0.09735341207085538
fold5_stack_participant_C0.01_20260912,5,stack_participant_C0.01,20260912,medio,b19_ctx8,medio,0.18533267877898435
fold5_stack_participant_C0.01_20260912,5,stack_participant_C0.01,20260912,medio,b19_ctx8,alto,-0.06450413392636542
fold5_stack_participant_C0.01_20260912,5,stack_participant_C0.01,20260912,medio,b20_ctx1,bajo,-0.0074352929869555065
fold5_stack_participant_C0.01_20260912,5,stack_participant_C0.01,20260912,medio,b20_ctx1,medio,0.005894848760922813
fold5_stack_participant_C0.01_20260912,5,stack_participant_C0.01,20260912,medio,b20_ctx1,alto,0.002588252798639092
fold5_stack_participant_C0.01_20260912,5,stack_participant_C0.01,20260912,medio,b20_ctx8,bajo,-0.023003767966200732
fold5_stack_participant_C0.01_20260912,5,stack_participant_C0.01,20260912,medio,b20_ctx8,medio,0.022991461493053113
fold5_stack_participant_C0.01_20260912,5,stack_participant_C0.01,20260912,medio,b20_ctx8,alto,0.004865249070163973
fold5_stack_participant_C0.01_20260912,5,stack_participant_C0.01,20260912,medio,b21_ctx1,bajo,-0.056614682802059384
fold5_stack_participant_C0.01_20260912,5,stack_participant_C0.01,20260912,medio,b21_ctx1,medio,0.08311790481250281
fold5_stack_participant_C0.01_20260912,5,stack_participant_C0.01,20260912,medio,b21_ctx1,alto,-0.022977836910382694
fold5_stack_participant_C0.01_20260912,5,stack_participant_C0.01,20260912,medio,b21_ctx8,bajo,0.042803883772577836
fold5_stack_participant_C0.01_20260912,5,stack_participant_C0.01,20260912,medio,b21_ctx8,medio,-0.017748252826157506
fold5_stack_participant_C0.01_20260912,5,stack_participant_C0.01,20260912,medio,b21_ctx8,alto,-0.027794229036301396
fold5_stack_participant_C0.1_20260912,5,stack_participant_C0.1,20260912,alto,b15_ctx1,bajo,-0.17186052249122105
fold5_stack_participant_C0.1_20260912,5,stack_participant_C0.1,20260912,alto,b15_ctx1,medio,0.26374609263884424
fold5_stack_participant_C0.1_20260912,5,stack_participant_C0.1,20260912,alto,b15_ctx1,alto,-0.08243223135111313
fold5_stack_participant_C0.1_20260912,5,stack_participant_C0.1,20260912,alto,b15_ctx8,bajo,0.41675746077762793
fold5_stack_participant_C0.1_20260912,5,stack_participant_C0.1,20260912,alto,b15_ctx8,medio,-0.29880066793057214
fold5_stack_participant_C0.1_20260912,5,stack_participant_C0.1,20260912,alto,b15_ctx8,alto,-0.21690482499353841
fold5_stack_participant_C0.1_20260912,5,stack_participant_C0.1,20260912,alto,b16_ctx1,bajo,-0.268176066105949
fold5_stack_participant_C0.1_20260912,5,stack_participant_C0.1,20260912,alto,b16_ctx1,medio,0.1606010116031283
fold5_stack_participant_C0.1_20260912,5,stack_participant_C0.1,20260912,alto,b16_ctx1,alto,0.16161533950072293
fold5_stack_participant_C0.1_20260912,5,stack_participant_C0.1,20260912,alto,b16_ctx8,bajo,0.051386124928427944
fold5_stack_participant_C0.1_20260912,5,stack_participant_C0.1,20260912,alto,b16_ctx8,medio,-0.12747065008424502
fold5_stack_participant_C0.1_20260912,5,stack_participant_C0.1,20260912,alto,b16_ctx8,alto,0.06856326310876633
fold5_stack_participant_C0.1_20260912,5,stack_participant_C0.1,20260912,alto,b17_ctx1,bajo,-0.08161327885689564
fold5_stack_participant_C0.1_20260912,5,stack_participant_C0.1,20260912,alto,b17_ctx1,medio,0.07944677754385816
fold5_stack_participant_C0.1_20260912,5,stack_participant_C0.1,20260912,alto,b17_ctx1,alto,0.01526155014723082
fold5_stack_participant_C0.1_20260912,5,stack_participant_C0.1,20260912,alto,b17_ctx8,bajo,-0.11167064397648088
fold5_stack_participant_C0.1_20260912,5,stack_participant_C0.1,20260912,alto,b17_ctx8,medio,0.02192158570104843
fold5_stack_participant_C0.1_20260912,5,stack_participant_C0.1,20260912,alto,b17_ctx8,alto,0.12107976438193631
fold5_stack_participant_C0.1_20260912,5,stack_participant_C0.1,20260912,alto,b18_ctx1,bajo,0.11396562781598017
fold5_stack_participant_C0.1_20260912,5,stack_participant_C0.1,20260912,alto,b18_ctx1,medio,0.025638778757679136
fold5_stack_participant_C0.1_20260912,5,stack_participant_C0.1,20260912,alto,b18_ctx1,alto,-0.17071008299506585
fold5_stack_participant_C0.1_20260912,5,stack_participant_C0.1,20260912,alto,b18_ctx8,bajo,0.12355460901550706
fold5_stack_participant_C0.1_20260912,5,stack_participant_C0.1,20260912,alto,b18_ctx8,medio,0.004544766613230295
fold5_stack_participant_C0.1_20260912,5,stack_participant_C0.1,20260912,alto,b18_ctx8,alto,-0.1652572376037128
fold5_stack_participant_C0.1_20260912,5,stack_participant_C0.1,20260912,alto,b19_ctx1,bajo,0.23845335975745474
fold5_stack_participant_C0.1_20260912,5,stack_participant_C0.1,20260912,alto,b19_ctx1,medio,-0.3684726950079223
fold5_stack_participant_C0.1_20260912,5,stack_participant_C0.1,20260912,alto,b19_ctx1,alto,0.09045019440876752
fold5_stack_participant_C0.1_20260912,5,stack_participant_C0.1,20260912,alto,b19_ctx8,bajo,-0.19544594990567796
fold5_stack_participant_C0.1_20260912,5,stack_participant_C0.1,20260912,alto,b19_ctx8,medio,0.12009507986910618
fold5_stack_participant_C0.1_20260912,5,stack_participant_C0.1,20260912,alto,b19_ctx8,alto,0.12694705842847215
fold5_stack_participant_C0.1_20260912,5,stack_participant_C0.1,20260912,alto,b20_ctx1,bajo,0.13798595296270183
fold5_stack_participant_C0.1_20260912,5,stack_participant_C0.1,20260912,alto,b20_ctx1,medio,-0.12275128304811733
fold5_stack_participant_C0.1_20260912,5,stack_participant_C0.1,20260912,alto,b20_ctx1,alto,-0.033166386025891566
fold5_stack_participant_C0.1_20260912,5,stack_participant_C0.1,20260912,alto,b20_ctx8,bajo,-0.42298961979357325
fold5_stack_participant_C0.1_20260912,5,stack_participant_C0.1,20260912,alto,b20_ctx8,medio,0.611165028854578
fold5_stack_participant_C0.1_20260912,5,stack_participant_C0.1,20260912,alto,b20_ctx8,alto,-0.09647315180999773
fold5_stack_participant_C0.1_20260912,5,stack_participant_C0.1,20260912,alto,b21_ctx1,bajo,-0.055719546453097034
fold5_stack_participant_C0.1_20260912,5,stack_participant_C0.1,20260912,alto,b21_ctx1,medio,0.02801211519821342
fold5_stack_participant_C0.1_20260912,5,stack_participant_C0.1,20260912,alto,b21_ctx1,alto,0.03496778016784027
fold5_stack_participant_C0.1_20260912,5,stack_participant_C0.1,20260912,alto,b21_ctx8,bajo,0.23982680633724657
fold5_stack_participant_C0.1_20260912,5,stack_participant_C0.1,20260912,alto,b21_ctx8,medio,-0.3328251358618178
fold5_stack_participant_C0.1_20260912,5,stack_participant_C0.1,20260912,alto,b21_ctx8,alto,0.07460540214353417
fold5_stack_participant_C0.1_20260912,5,stack_participant_C0.1,20260912,bajo,b15_ctx1,bajo,-0.10534417578673262
fold5_stack_participant_C0.1_20260912,5,stack_participant_C0.1,20260912,bajo,b15_ctx1,medio,-0.04126894464508238
fold5_stack_participant_C0.1_20260912,5,stack_participant_C0.1,20260912,bajo,b15_ctx1,alto,0.17991234684637092
fold5_stack_participant_C0.1_20260912,5,stack_participant_C0.1,20260912,bajo,b15_ctx8,bajo,-0.2405972504192163
fold5_stack_participant_C0.1_20260912,5,stack_participant_C0.1,20260912,bajo,b15_ctx8,medio,0.3872505770544276
fold5_stack_participant_C0.1_20260912,5,stack_participant_C0.1,20260912,bajo,b15_ctx8,alto,-0.09697661500011331
fold5_stack_participant_C0.1_20260912,5,stack_participant_C0.1,20260912,bajo,b16_ctx1,bajo,0.10861792434749767
fold5_stack_participant_C0.1_20260912,5,stack_participant_C0.1,20260912,bajo,b16_ctx1,medio,-0.022689765885897262
fold5_stack_participant_C0.1_20260912,5,stack_participant_C0.1,20260912,bajo,b16_ctx1,alto,-0.11180852076649035
fold5_stack_participant_C0.1_20260912,5,stack_participant_C0.1,20260912,bajo,b16_ctx8,bajo,-0.3377521597290557
fold5_stack_participant_C0.1_20260912,5,stack_participant_C0.1,20260912,bajo,b16_ctx8,medio,0.48343446376825194
fold5_stack_participant_C0.1_20260912,5,stack_participant_C0.1,20260912,bajo,b16_ctx8,alto,-0.07440578602550375
fold5_stack_participant_C0.1_20260912,5,stack_participant_C0.1,20260912,bajo,b17_ctx1,bajo,0.08139688177608588
fold5_stack_participant_C0.1_20260912,5,stack_participant_C0.1,20260912,bajo,b17_ctx1,medio,-0.0558452098215049
fold5_stack_participant_C0.1_20260912,5,stack_participant_C0.1,20260912,bajo,b17_ctx1,alto,-0.0405099320580253
fold5_stack_participant_C0.1_20260912,5,stack_participant_C0.1,20260912,bajo,b17_ctx8,bajo,0.15056679275861548
fold5_stack_participant_C0.1_20260912,5,stack_participant_C0.1,20260912,bajo,b17_ctx8,medio,-0.07811540669707308
fold5_stack_participant_C0.1_20260912,5,stack_participant_C0.1,20260912,bajo,b17_ctx8,alto,-0.11251974498602683
fold5_stack_participant_C0.1_20260912,5,stack_participant_C0.1,20260912,bajo,b18_ctx1,bajo,-0.0881661778604977
fold5_stack_participant_C0.1_20260912,5,stack_participant_C0.1,20260912,bajo,b18_ctx1,medio,-0.032299912200499103
fold5_stack_participant_C0.1_20260912,5,stack_participant_C0.1,20260912,bajo,b18_ctx1,alto,0.14590293397302467
fold5_stack_participant_C0.1_20260912,5,stack_participant_C0.1,20260912,bajo,b18_ctx8,bajo,-0.1321443376252706
fold5_stack_participant_C0.1_20260912,5,stack_participant_C0.1,20260912,bajo,b18_ctx8,medio,0.08738523287075825
fold5_stack_participant_C0.1_20260912,5,stack_participant_C0.1,20260912,bajo,b18_ctx8,alto,0.08038705803276673
fold5_stack_participant_C0.1_20260912,5,stack_participant_C0.1,20260912,bajo,b19_ctx1,bajo,0.006496506712562723
fold5_stack_participant_C0.1_20260912,5,stack_participant_C0.1,20260912,bajo,b19_ctx1,medio,0.15867100823988647
fold5_stack_participant_C0.1_20260912,5,stack_participant_C0.1,20260912,bajo,b19_ctx1,alto,-0.17505668785295714
fold5_stack_participant_C0.1_20260912,5,stack_participant_C0.1,20260912,bajo,b19_ctx8,bajo,0.4089670128661688
fold5_stack_participant_C0.1_20260912,5,stack_participant_C0.1,20260912,bajo,b19_ctx8,medio,-0.6353575644877695
fold5_stack_participant_C0.1_20260912,5,stack_participant_C0.1,20260912,bajo,b19_ctx8,alto,0.1252360945365209
fold5_stack_participant_C0.1_20260912,5,stack_participant_C0.1,20260912,bajo,b20_ctx1,bajo,-0.09100773855786455
fold5_stack_participant_C0.1_20260912,5,stack_participant_C0.1,20260912,bajo,b20_ctx1,medio,0.09936796047104925
fold5_stack_participant_C0.1_20260912,5,stack_participant_C0.1,20260912,bajo,b20_ctx1,alto,0.0013797205446774775
fold5_stack_participant_C0.1_20260912,5,stack_participant_C0.1,20260912,bajo,b20_ctx8,bajo,0.3806422147140114
fold5_stack_participant_C0.1_20260912,5,stack_participant_C0.1,20260912,bajo,b20_ctx8,medio,-0.6040396703851829
fold5_stack_participant_C0.1_20260912,5,stack_participant_C0.1,20260912,bajo,b20_ctx8,alto,0.14016799525903756
fold5_stack_participant_C0.1_20260912,5,stack_participant_C0.1,20260912,bajo,b21_ctx1,bajo,0.1755972193340153
fold5_stack_participant_C0.1_20260912,5,stack_participant_C0.1,20260912,bajo,b21_ctx1,medio,-0.16737361499380915
fold5_stack_participant_C0.1_20260912,5,stack_participant_C0.1,20260912,bajo,b21_ctx1,alto,-0.02553038058990236
fold5_stack_participant_C0.1_20260912,5,stack_participant_C0.1,20260912,bajo,b21_ctx8,bajo,-0.328822160619926
fold5_stack_participant_C0.1_20260912,5,stack_participant_C0.1,20260912,bajo,b21_ctx8,medio,0.3670432081864662
fold5_stack_participant_C0.1_20260912,5,stack_participant_C0.1,20260912,bajo,b21_ctx8,alto,-0.014169235737104052
fold5_stack_participant_C0.1_20260912,5,stack_participant_C0.1,20260912,medio,b15_ctx1,bajo,0.2772046982779518
fold5_stack_participant_C0.1_20260912,5,stack_participant_C0.1,20260912,medio,b15_ctx1,medio,-0.22247714799376236
fold5_stack_participant_C0.1_20260912,5,stack_participant_C0.1,20260912,medio,b15_ctx1,alto,-0.09748011549525915
fold5_stack_participant_C0.1_20260912,5,stack_participant_C0.1,20260912,medio,b15_ctx8,bajo,-0.17616021035841253
fold5_stack_participant_C0.1_20260912,5,stack_participant_C0.1,20260912,medio,b15_ctx8,medio,-0.08844990912385077
fold5_stack_participant_C0.1_20260912,5,stack_participant_C0.1,20260912,medio,b15_ctx8,alto,0.3138814399936459
fold5_stack_participant_C0.1_20260912,5,stack_participant_C0.1,20260912,medio,b16_ctx1,bajo,0.1595581417584492
fold5_stack_participant_C0.1_20260912,5,stack_participant_C0.1,20260912,medio,b16_ctx1,medio,-0.13791124571722904
fold5_stack_participant_C0.1_20260912,5,stack_participant_C0.1,20260912,medio,b16_ctx1,alto,-0.04980681873423169
fold5_stack_participant_C0.1_20260912,5,stack_participant_C0.1,20260912,medio,b16_ctx8,bajo,0.28636603480061995
fold5_stack_participant_C0.1_20260912,5,stack_participant_C0.1,20260912,medio,b16_ctx8,medio,-0.35596381368400254
fold5_stack_participant_C0.1_20260912,5,stack_participant_C0.1,20260912,medio,b16_ctx8,alto,0.005842522916737379
fold5_stack_participant_C0.1_20260912,5,stack_participant_C0.1,20260912,medio,b17_ctx1,bajo,0.00021639708081227477
fold5_stack_participant_C0.1_20260912,5,stack_participant_C0.1,20260912,medio,b17_ctx1,medio,-0.02360156772236237
fold5_stack_participant_C0.1_20260912,5,stack_participant_C0.1,20260912,medio,b17_ctx1,alto,0.025248381910790832
fold5_stack_participant_C0.1_20260912,5,stack_participant_C0.1,20260912,medio,b17_ctx8,bajo,-0.03889614878213093
fold5_stack_participant_C0.1_20260912,5,stack_participant_C0.1,20260912,medio,b17_ctx8,medio,0.05619382099602331
fold5_stack_participant_C0.1_20260912,5,stack_participant_C0.1,20260912,medio,b17_ctx8,alto,-0.008560019395908761
fold5_stack_participant_C0.1_20260912,5,stack_participant_C0.1,20260912,medio,b18_ctx1,bajo,-0.025799449955475267
fold5_stack_participant_C0.1_20260912,5,stack_participant_C0.1,20260912,medio,b18_ctx1,medio,0.006661133442819085
fold5_stack_participant_C0.1_20260912,5,stack_participant_C0.1,20260912,medio,b18_ctx1,alto,0.024807149022045005
fold5_stack_participant_C0.1_20260912,5,stack_participant_C0.1,20260912,medio,b18_ctx8,bajo,0.008589728609758629
fold5_stack_participant_C0.1_20260912,5,stack_participant_C0.1,20260912,medio,b18_ctx8,medio,-0.09192999948398783
fold5_stack_participant_C0.1_20260912,5,stack_participant_C0.1,20260912,medio,b18_ctx8,alto,0.08487017957095042
fold5_stack_participant_C0.1_20260912,5,stack_participant_C0.1,20260912,medio,b19_ctx1,bajo,-0.24494986647000935
fold5_stack_participant_C0.1_20260912,5,stack_participant_C0.1,20260912,medio,b19_ctx1,medio,0.20980168676804561
fold5_stack_participant_C0.1_20260912,5,stack_participant_C0.1,20260912,medio,b19_ctx1,alto,0.08460649344418342
fold5_stack_participant_C0.1_20260912,5,stack_participant_C0.1,20260912,medio,b19_ctx8,bajo,-0.21352106296049406
fold5_stack_participant_C0.1_20260912,5,stack_participant_C0.1,20260912,medio,b19_ctx8,medio,0.5152624846186635
fold5_stack_participant_C0.1_20260912,5,stack_participant_C0.1,20260912,medio,b19_ctx8,alto,-0.2521831529649864
fold5_stack_participant_C0.1_20260912,5,stack_participant_C0.1,20260912,medio,b20_ctx1,bajo,-0.04697821440483927
fold5_stack_participant_C0.1_20260912,5,stack_participant_C0.1,20260912,medio,b20_ctx1,medio,0.023383322577063843
fold5_stack_participant_C0.1_20260912,5,stack_participant_C0.1,20260912,medio,b20_ctx1,alto,0.0317866654812109
fold5_stack_participant_C0.1_20260912,5,stack_participant_C0.1,20260912,medio,b20_ctx8,bajo,0.04234740507955916
fold5_stack_participant_C0.1_20260912,5,stack_participant_C0.1,20260912,medio,b20_ctx8,medio,-0.007125358469400669
fold5_stack_participant_C0.1_20260912,5,stack_participant_C0.1,20260912,medio,b20_ctx8,alto,-0.0436948434490458
fold5_stack_participant_C0.1_20260912,5,stack_participant_C0.1,20260912,medio,b21_ctx1,bajo,-0.11987767288091411
fold5_stack_participant_C0.1_20260912,5,stack_participant_C0.1,20260912,medio,b21_ctx1,medio,0.139361499795597
fold5_stack_participant_C0.1_20260912,5,stack_participant_C0.1,20260912,medio,b21_ctx1,alto,-0.00943739957793849
fold5_stack_participant_C0.1_20260912,5,stack_participant_C0.1,20260912,medio,b21_ctx8,bajo,0.08899535428267441
fold5_stack_participant_C0.1_20260912,5,stack_participant_C0.1,20260912,medio,b21_ctx8,medio,-0.034218072324651023
fold5_stack_participant_C0.1_20260912,5,stack_participant_C0.1,20260912,medio,b21_ctx8,alto,-0.06043616640643609
