task,fold,inner,candidate_id,score,fit_participants,evaluation_participants
attention,1,1,1__logistic__early__,0.3545877120866346,P12|P13|P18|P2|P20|P21|P26|P35|P4|P40|P46|P8|P9,P19|P27|P3|P33|P34|P36|P44
attention,1,1,"1__logistic__late_mean__0.5,0.5",0.35363607240728545,P12|P13|P18|P2|P20|P21|P26|P35|P4|P40|P46|P8|P9,P19|P27|P3|P33|P34|P36|P44
attention,1,1,"1__logistic__late_geometric__0.5,0.5",0.3542154609674433,P12|P13|P18|P2|P20|P21|P26|P35|P4|P40|P46|P8|P9,P19|P27|P3|P33|P34|P36|P44
attention,1,1,"1__logistic__late_weighted__0.25,0.75",0.36033855451236324,P12|P13|P18|P2|P20|P21|P26|P35|P4|P40|P46|P8|P9,P19|P27|P3|P33|P34|P36|P44
attention,1,1,"1__logistic__late_weighted__0.5,0.5",0.35363607240728545,P12|P13|P18|P2|P20|P21|P26|P35|P4|P40|P46|P8|P9,P19|P27|P3|P33|P34|P36|P44
attention,1,1,"1__logistic__late_weighted__0.75,0.25",0.352542446203942,P12|P13|P18|P2|P20|P21|P26|P35|P4|P40|P46|P8|P9,P19|P27|P3|P33|P34|P36|P44
attention,1,1,"1__logistic__unimodal__1.0,0.0",0.35318211024515783,P12|P13|P18|P2|P20|P21|P26|P35|P4|P40|P46|P8|P9,P19|P27|P3|P33|P34|P36|P44
attention,1,1,"1__logistic__unimodal__0.0,1.0",0.35488887776731254,P12|P13|P18|P2|P20|P21|P26|P35|P4|P40|P46|P8|P9,P19|P27|P3|P33|P34|P36|P44
attention,1,1,1__lda__early__,0.3538914358884269,P12|P13|P18|P2|P20|P21|P26|P35|P4|P40|P46|P8|P9,P19|P27|P3|P33|P34|P36|P44
attention,1,1,"1__lda__late_mean__0.5,0.5",0.3530597123452856,P12|P13|P18|P2|P20|P21|P26|P35|P4|P40|P46|P8|P9,P19|P27|P3|P33|P34|P36|P44
attention,1,1,"1__lda__late_geometric__0.5,0.5",0.35302624967874613,P12|P13|P18|P2|P20|P21|P26|P35|P4|P40|P46|P8|P9,P19|P27|P3|P33|P34|P36|P44
attention,1,1,"1__lda__late_weighted__0.25,0.75",0.36146921683445277,P12|P13|P18|P2|P20|P21|P26|P35|P4|P40|P46|P8|P9,P19|P27|P3|P33|P34|P36|P44
attention,1,1,"1__lda__late_weighted__0.5,0.5",0.3530597123452856,P12|P13|P18|P2|P20|P21|P26|P35|P4|P40|P46|P8|P9,P19|P27|P3|P33|P34|P36|P44
attention,1,1,"1__lda__late_weighted__0.75,0.25",0.35093541897987096,P12|P13|P18|P2|P20|P21|P26|P35|P4|P40|P46|P8|P9,P19|P27|P3|P33|P34|P36|P44
attention,1,1,"1__lda__unimodal__1.0,0.0",0.3533187419519103,P12|P13|P18|P2|P20|P21|P26|P35|P4|P40|P46|P8|P9,P19|P27|P3|P33|P34|P36|P44
attention,1,1,"1__lda__unimodal__0.0,1.0",0.36086248739579396,P12|P13|P18|P2|P20|P21|P26|P35|P4|P40|P46|P8|P9,P19|P27|P3|P33|P34|P36|P44
attention,1,1,1__extra_trees__early__,0.3793382512929768,P12|P13|P18|P2|P20|P21|P26|P35|P4|P40|P46|P8|P9,P19|P27|P3|P33|P34|P36|P44
attention,1,1,"1__extra_trees__late_mean__0.5,0.5",0.36791166377238577,P12|P13|P18|P2|P20|P21|P26|P35|P4|P40|P46|P8|P9,P19|P27|P3|P33|P34|P36|P44
attention,1,1,"1__extra_trees__late_geometric__0.5,0.5",0.36787607377369974,P12|P13|P18|P2|P20|P21|P26|P35|P4|P40|P46|P8|P9,P19|P27|P3|P33|P34|P36|P44
attention,1,1,"1__extra_trees__late_weighted__0.25,0.75",0.3783209736888367,P12|P13|P18|P2|P20|P21|P26|P35|P4|P40|P46|P8|P9,P19|P27|P3|P33|P34|P36|P44
attention,1,1,"1__extra_trees__late_weighted__0.5,0.5",0.36791166377238577,P12|P13|P18|P2|P20|P21|P26|P35|P4|P40|P46|P8|P9,P19|P27|P3|P33|P34|P36|P44
attention,1,1,"1__extra_trees__late_weighted__0.75,0.25",0.35762730496748496,P12|P13|P18|P2|P20|P21|P26|P35|P4|P40|P46|P8|P9,P19|P27|P3|P33|P34|P36|P44
attention,1,1,"1__extra_trees__unimodal__1.0,0.0",0.34668976171816607,P12|P13|P18|P2|P20|P21|P26|P35|P4|P40|P46|P8|P9,P19|P27|P3|P33|P34|P36|P44
attention,1,1,"1__extra_trees__unimodal__0.0,1.0",0.3676726200922052,P12|P13|P18|P2|P20|P21|P26|P35|P4|P40|P46|P8|P9,P19|P27|P3|P33|P34|P36|P44
attention,1,1,8__logistic__early__,0.3476205035489849,P12|P13|P18|P2|P20|P21|P26|P35|P4|P40|P46|P8|P9,P19|P27|P3|P33|P34|P36|P44
attention,1,1,"8__logistic__late_mean__0.5,0.5",0.34034686524533303,P12|P13|P18|P2|P20|P21|P26|P35|P4|P40|P46|P8|P9,P19|P27|P3|P33|P34|P36|P44
attention,1,1,"8__logistic__late_geometric__0.5,0.5",0.34123796119109573,P12|P13|P18|P2|P20|P21|P26|P35|P4|P40|P46|P8|P9,P19|P27|P3|P33|P34|P36|P44
attention,1,1,"8__logistic__late_weighted__0.25,0.75",0.32792611991092563,P12|P13|P18|P2|P20|P21|P26|P35|P4|P40|P46|P8|P9,P19|P27|P3|P33|P34|P36|P44
attention,1,1,"8__logistic__late_weighted__0.5,0.5",0.34034686524533303,P12|P13|P18|P2|P20|P21|P26|P35|P4|P40|P46|P8|P9,P19|P27|P3|P33|P34|P36|P44
attention,1,1,"8__logistic__late_weighted__0.75,0.25",0.3482000518465318,P12|P13|P18|P2|P20|P21|P26|P35|P4|P40|P46|P8|P9,P19|P27|P3|P33|P34|P36|P44
attention,1,1,"8__logistic__unimodal__1.0,0.0",0.34905781516281964,P12|P13|P18|P2|P20|P21|P26|P35|P4|P40|P46|P8|P9,P19|P27|P3|P33|P34|P36|P44
attention,1,1,"8__logistic__unimodal__0.0,1.0",0.336428676499141,P12|P13|P18|P2|P20|P21|P26|P35|P4|P40|P46|P8|P9,P19|P27|P3|P33|P34|P36|P44
attention,1,1,8__lda__early__,0.34404137960398035,P12|P13|P18|P2|P20|P21|P26|P35|P4|P40|P46|P8|P9,P19|P27|P3|P33|P34|P36|P44
attention,1,1,"8__lda__late_mean__0.5,0.5",0.3392975105540899,P12|P13|P18|P2|P20|P21|P26|P35|P4|P40|P46|P8|P9,P19|P27|P3|P33|P34|P36|P44
attention,1,1,"8__lda__late_geometric__0.5,0.5",0.3401939202349738,P12|P13|P18|P2|P20|P21|P26|P35|P4|P40|P46|P8|P9,P19|P27|P3|P33|P34|P36|P44
attention,1,1,"8__lda__late_weighted__0.25,0.75",0.3276211605603187,P12|P13|P18|P2|P20|P21|P26|P35|P4|P40|P46|P8|P9,P19|P27|P3|P33|P34|P36|P44
attention,1,1,"8__lda__late_weighted__0.5,0.5",0.3392975105540899,P12|P13|P18|P2|P20|P21|P26|P35|P4|P40|P46|P8|P9,P19|P27|P3|P33|P34|P36|P44
attention,1,1,"8__lda__late_weighted__0.75,0.25",0.34604694293059557,P12|P13|P18|P2|P20|P21|P26|P35|P4|P40|P46|P8|P9,P19|P27|P3|P33|P34|P36|P44
attention,1,1,"8__lda__unimodal__1.0,0.0",0.34709063737213713,P12|P13|P18|P2|P20|P21|P26|P35|P4|P40|P46|P8|P9,P19|P27|P3|P33|P34|P36|P44
attention,1,1,"8__lda__unimodal__0.0,1.0",0.3382338059033333,P12|P13|P18|P2|P20|P21|P26|P35|P4|P40|P46|P8|P9,P19|P27|P3|P33|P34|P36|P44
attention,1,1,8__extra_trees__early__,0.37522905711736015,P12|P13|P18|P2|P20|P21|P26|P35|P4|P40|P46|P8|P9,P19|P27|P3|P33|P34|P36|P44
attention,1,1,"8__extra_trees__late_mean__0.5,0.5",0.37292434773267,P12|P13|P18|P2|P20|P21|P26|P35|P4|P40|P46|P8|P9,P19|P27|P3|P33|P34|P36|P44
attention,1,1,"8__extra_trees__late_geometric__0.5,0.5",0.3734522799862684,P12|P13|P18|P2|P20|P21|P26|P35|P4|P40|P46|P8|P9,P19|P27|P3|P33|P34|P36|P44
attention,1,1,"8__extra_trees__late_weighted__0.25,0.75",0.3709647014581333,P12|P13|P18|P2|P20|P21|P26|P35|P4|P40|P46|P8|P9,P19|P27|P3|P33|P34|P36|P44
attention,1,1,"8__extra_trees__late_weighted__0.5,0.5",0.37292434773267,P12|P13|P18|P2|P20|P21|P26|P35|P4|P40|P46|P8|P9,P19|P27|P3|P33|P34|P36|P44
attention,1,1,"8__extra_trees__late_weighted__0.75,0.25",0.3454549340470627,P12|P13|P18|P2|P20|P21|P26|P35|P4|P40|P46|P8|P9,P19|P27|P3|P33|P34|P36|P44
attention,1,1,"8__extra_trees__unimodal__1.0,0.0",0.3457293722660003,P12|P13|P18|P2|P20|P21|P26|P35|P4|P40|P46|P8|P9,P19|P27|P3|P33|P34|P36|P44
attention,1,1,"8__extra_trees__unimodal__0.0,1.0",0.3656904183587697,P12|P13|P18|P2|P20|P21|P26|P35|P4|P40|P46|P8|P9,P19|P27|P3|P33|P34|P36|P44
attention,1,2,1__logistic__early__,0.33518240807461674,P12|P19|P2|P21|P27|P3|P33|P34|P35|P36|P4|P44|P46,P13|P18|P20|P26|P40|P8|P9
attention,1,2,"1__logistic__late_mean__0.5,0.5",0.33162182894976405,P12|P19|P2|P21|P27|P3|P33|P34|P35|P36|P4|P44|P46,P13|P18|P20|P26|P40|P8|P9
attention,1,2,"1__logistic__late_geometric__0.5,0.5",0.33155983927948113,P12|P19|P2|P21|P27|P3|P33|P34|P35|P36|P4|P44|P46,P13|P18|P20|P26|P40|P8|P9
attention,1,2,"1__logistic__late_weighted__0.25,0.75",0.3153856067760045,P12|P19|P2|P21|P27|P3|P33|P34|P35|P36|P4|P44|P46,P13|P18|P20|P26|P40|P8|P9
attention,1,2,"1__logistic__late_weighted__0.5,0.5",0.33162182894976405,P12|P19|P2|P21|P27|P3|P33|P34|P35|P36|P4|P44|P46,P13|P18|P20|P26|P40|P8|P9
attention,1,2,"1__logistic__late_weighted__0.75,0.25",0.34665893154794786,P12|P19|P2|P21|P27|P3|P33|P34|P35|P36|P4|P44|P46,P13|P18|P20|P26|P40|P8|P9
attention,1,2,"1__logistic__unimodal__1.0,0.0",0.34964220391929135,P12|P19|P2|P21|P27|P3|P33|P34|P35|P36|P4|P44|P46,P13|P18|P20|P26|P40|P8|P9
attention,1,2,"1__logistic__unimodal__0.0,1.0",0.31481427447460203,P12|P19|P2|P21|P27|P3|P33|P34|P35|P36|P4|P44|P46,P13|P18|P20|P26|P40|P8|P9
attention,1,2,1__lda__early__,0.3366082861824076,P12|P19|P2|P21|P27|P3|P33|P34|P35|P36|P4|P44|P46,P13|P18|P20|P26|P40|P8|P9
attention,1,2,"1__lda__late_mean__0.5,0.5",0.33246264257108693,P12|P19|P2|P21|P27|P3|P33|P34|P35|P36|P4|P44|P46,P13|P18|P20|P26|P40|P8|P9
attention,1,2,"1__lda__late_geometric__0.5,0.5",0.3319322319338432,P12|P19|P2|P21|P27|P3|P33|P34|P35|P36|P4|P44|P46,P13|P18|P20|P26|P40|P8|P9
attention,1,2,"1__lda__late_weighted__0.25,0.75",0.31837993722554875,P12|P19|P2|P21|P27|P3|P33|P34|P35|P36|P4|P44|P46,P13|P18|P20|P26|P40|P8|P9
attention,1,2,"1__lda__late_weighted__0.5,0.5",0.33246264257108693,P12|P19|P2|P21|P27|P3|P33|P34|P35|P36|P4|P44|P46,P13|P18|P20|P26|P40|P8|P9
attention,1,2,"1__lda__late_weighted__0.75,0.25",0.34806805765250826,P12|P19|P2|P21|P27|P3|P33|P34|P35|P36|P4|P44|P46,P13|P18|P20|P26|P40|P8|P9
attention,1,2,"1__lda__unimodal__1.0,0.0",0.35194989018060124,P12|P19|P2|P21|P27|P3|P33|P34|P35|P36|P4|P44|P46,P13|P18|P20|P26|P40|P8|P9
attention,1,2,"1__lda__unimodal__0.0,1.0",0.3150182271964938,P12|P19|P2|P21|P27|P3|P33|P34|P35|P36|P4|P44|P46,P13|P18|P20|P26|P40|P8|P9
attention,1,2,1__extra_trees__early__,0.34478668432159104,P12|P19|P2|P21|P27|P3|P33|P34|P35|P36|P4|P44|P46,P13|P18|P20|P26|P40|P8|P9
attention,1,2,"1__extra_trees__late_mean__0.5,0.5",0.35094635563245796,P12|P19|P2|P21|P27|P3|P33|P34|P35|P36|P4|P44|P46,P13|P18|P20|P26|P40|P8|P9
attention,1,2,"1__extra_trees__late_geometric__0.5,0.5",0.3523856570043552,P12|P19|P2|P21|P27|P3|P33|P34|P35|P36|P4|P44|P46,P13|P18|P20|P26|P40|P8|P9
attention,1,2,"1__extra_trees__late_weighted__0.25,0.75",0.3411809115883376,P12|P19|P2|P21|P27|P3|P33|P34|P35|P36|P4|P44|P46,P13|P18|P20|P26|P40|P8|P9
attention,1,2,"1__extra_trees__late_weighted__0.5,0.5",0.35094635563245796,P12|P19|P2|P21|P27|P3|P33|P34|P35|P36|P4|P44|P46,P13|P18|P20|P26|P40|P8|P9
attention,1,2,"1__extra_trees__late_weighted__0.75,0.25",0.35936100375780056,P12|P19|P2|P21|P27|P3|P33|P34|P35|P36|P4|P44|P46,P13|P18|P20|P26|P40|P8|P9
attention,1,2,"1__extra_trees__unimodal__1.0,0.0",0.3484379900931002,P12|P19|P2|P21|P27|P3|P33|P34|P35|P36|P4|P44|P46,P13|P18|P20|P26|P40|P8|P9
attention,1,2,"1__extra_trees__unimodal__0.0,1.0",0.3416287438936945,P12|P19|P2|P21|P27|P3|P33|P34|P35|P36|P4|P44|P46,P13|P18|P20|P26|P40|P8|P9
attention,1,2,8__logistic__early__,0.33465298769806273,P12|P19|P2|P21|P27|P3|P33|P34|P35|P36|P4|P44|P46,P13|P18|P20|P26|P40|P8|P9
attention,1,2,"8__logistic__late_mean__0.5,0.5",0.3308688638888376,P12|P19|P2|P21|P27|P3|P33|P34|P35|P36|P4|P44|P46,P13|P18|P20|P26|P40|P8|P9
attention,1,2,"8__logistic__late_geometric__0.5,0.5",0.33164193118162705,P12|P19|P2|P21|P27|P3|P33|P34|P35|P36|P4|P44|P46,P13|P18|P20|P26|P40|P8|P9
attention,1,2,"8__logistic__late_weighted__0.25,0.75",0.32334405995307985,P12|P19|P2|P21|P27|P3|P33|P34|P35|P36|P4|P44|P46,P13|P18|P20|P26|P40|P8|P9
attention,1,2,"8__logistic__late_weighted__0.5,0.5",0.3308688638888376,P12|P19|P2|P21|P27|P3|P33|P34|P35|P36|P4|P44|P46,P13|P18|P20|P26|P40|P8|P9
attention,1,2,"8__logistic__late_weighted__0.75,0.25",0.33741628189982553,P12|P19|P2|P21|P27|P3|P33|P34|P35|P36|P4|P44|P46,P13|P18|P20|P26|P40|P8|P9
attention,1,2,"8__logistic__unimodal__1.0,0.0",0.3403167704172398,P12|P19|P2|P21|P27|P3|P33|P34|P35|P36|P4|P44|P46,P13|P18|P20|P26|P40|P8|P9
attention,1,2,"8__logistic__unimodal__0.0,1.0",0.3237648928463453,P12|P19|P2|P21|P27|P3|P33|P34|P35|P36|P4|P44|P46,P13|P18|P20|P26|P40|P8|P9
attention,1,2,8__lda__early__,0.3340303356253488,P12|P19|P2|P21|P27|P3|P33|P34|P35|P36|P4|P44|P46,P13|P18|P20|P26|P40|P8|P9
attention,1,2,"8__lda__late_mean__0.5,0.5",0.33307425290101506,P12|P19|P2|P21|P27|P3|P33|P34|P35|P36|P4|P44|P46,P13|P18|P20|P26|P40|P8|P9
attention,1,2,"8__lda__late_geometric__0.5,0.5",0.33284056267543743,P12|P19|P2|P21|P27|P3|P33|P34|P35|P36|P4|P44|P46,P13|P18|P20|P26|P40|P8|P9
attention,1,2,"8__lda__late_weighted__0.25,0.75",0.3264002988573365,P12|P19|P2|P21|P27|P3|P33|P34|P35|P36|P4|P44|P46,P13|P18|P20|P26|P40|P8|P9
attention,1,2,"8__lda__late_weighted__0.5,0.5",0.33307425290101506,P12|P19|P2|P21|P27|P3|P33|P34|P35|P36|P4|P44|P46,P13|P18|P20|P26|P40|P8|P9
attention,1,2,"8__lda__late_weighted__0.75,0.25",0.3351507135218135,P12|P19|P2|P21|P27|P3|P33|P34|P35|P36|P4|P44|P46,P13|P18|P20|P26|P40|P8|P9
attention,1,2,"8__lda__unimodal__1.0,0.0",0.3401353655900473,P12|P19|P2|P21|P27|P3|P33|P34|P35|P36|P4|P44|P46,P13|P18|P20|P26|P40|P8|P9
attention,1,2,"8__lda__unimodal__0.0,1.0",0.31930232219443877,P12|P19|P2|P21|P27|P3|P33|P34|P35|P36|P4|P44|P46,P13|P18|P20|P26|P40|P8|P9
attention,1,2,8__extra_trees__early__,0.3307621766826781,P12|P19|P2|P21|P27|P3|P33|P34|P35|P36|P4|P44|P46,P13|P18|P20|P26|P40|P8|P9
attention,1,2,"8__extra_trees__late_mean__0.5,0.5",0.33461129532800543,P12|P19|P2|P21|P27|P3|P33|P34|P35|P36|P4|P44|P46,P13|P18|P20|P26|P40|P8|P9
attention,1,2,"8__extra_trees__late_geometric__0.5,0.5",0.33429606302143755,P12|P19|P2|P21|P27|P3|P33|P34|P35|P36|P4|P44|P46,P13|P18|P20|P26|P40|P8|P9
attention,1,2,"8__extra_trees__late_weighted__0.25,0.75",0.3322023531936996,P12|P19|P2|P21|P27|P3|P33|P34|P35|P36|P4|P44|P46,P13|P18|P20|P26|P40|P8|P9
attention,1,2,"8__extra_trees__late_weighted__0.5,0.5",0.33461129532800543,P12|P19|P2|P21|P27|P3|P33|P34|P35|P36|P4|P44|P46,P13|P18|P20|P26|P40|P8|P9
attention,1,2,"8__extra_trees__late_weighted__0.75,0.25",0.34310200940373203,P12|P19|P2|P21|P27|P3|P33|P34|P35|P36|P4|P44|P46,P13|P18|P20|P26|P40|P8|P9
attention,1,2,"8__extra_trees__unimodal__1.0,0.0",0.3497445923044738,P12|P19|P2|P21|P27|P3|P33|P34|P35|P36|P4|P44|P46,P13|P18|P20|P26|P40|P8|P9
attention,1,2,"8__extra_trees__unimodal__0.0,1.0",0.3294615586162328,P12|P19|P2|P21|P27|P3|P33|P34|P35|P36|P4|P44|P46,P13|P18|P20|P26|P40|P8|P9
attention,1,3,1__logistic__early__,0.3364876118072477,P13|P18|P19|P20|P26|P27|P3|P33|P34|P36|P40|P44|P8|P9,P12|P2|P21|P35|P4|P46
attention,1,3,"1__logistic__late_mean__0.5,0.5",0.33437993845708275,P13|P18|P19|P20|P26|P27|P3|P33|P34|P36|P40|P44|P8|P9,P12|P2|P21|P35|P4|P46
attention,1,3,"1__logistic__late_geometric__0.5,0.5",0.33587238224058164,P13|P18|P19|P20|P26|P27|P3|P33|P34|P36|P40|P44|P8|P9,P12|P2|P21|P35|P4|P46
attention,1,3,"1__logistic__late_weighted__0.25,0.75",0.3481553579235907,P13|P18|P19|P20|P26|P27|P3|P33|P34|P36|P40|P44|P8|P9,P12|P2|P21|P35|P4|P46
attention,1,3,"1__logistic__late_weighted__0.5,0.5",0.33437993845708275,P13|P18|P19|P20|P26|P27|P3|P33|P34|P36|P40|P44|P8|P9,P12|P2|P21|P35|P4|P46
attention,1,3,"1__logistic__late_weighted__0.75,0.25",0.33426706891516345,P13|P18|P19|P20|P26|P27|P3|P33|P34|P36|P40|P44|P8|P9,P12|P2|P21|P35|P4|P46
attention,1,3,"1__logistic__unimodal__1.0,0.0",0.32625630766880037,P13|P18|P19|P20|P26|P27|P3|P33|P34|P36|P40|P44|P8|P9,P12|P2|P21|P35|P4|P46
attention,1,3,"1__logistic__unimodal__0.0,1.0",0.33423673931322534,P13|P18|P19|P20|P26|P27|P3|P33|P34|P36|P40|P44|P8|P9,P12|P2|P21|P35|P4|P46
attention,1,3,1__lda__early__,0.3371871309158898,P13|P18|P19|P20|P26|P27|P3|P33|P34|P36|P40|P44|P8|P9,P12|P2|P21|P35|P4|P46
attention,1,3,"1__lda__late_mean__0.5,0.5",0.334817441992181,P13|P18|P19|P20|P26|P27|P3|P33|P34|P36|P40|P44|P8|P9,P12|P2|P21|P35|P4|P46
attention,1,3,"1__lda__late_geometric__0.5,0.5",0.3349660404952162,P13|P18|P19|P20|P26|P27|P3|P33|P34|P36|P40|P44|P8|P9,P12|P2|P21|P35|P4|P46
attention,1,3,"1__lda__late_weighted__0.25,0.75",0.3507438167879961,P13|P18|P19|P20|P26|P27|P3|P33|P34|P36|P40|P44|P8|P9,P12|P2|P21|P35|P4|P46
attention,1,3,"1__lda__late_weighted__0.5,0.5",0.334817441992181,P13|P18|P19|P20|P26|P27|P3|P33|P34|P36|P40|P44|P8|P9,P12|P2|P21|P35|P4|P46
attention,1,3,"1__lda__late_weighted__0.75,0.25",0.3337015837177657,P13|P18|P19|P20|P26|P27|P3|P33|P34|P36|P40|P44|P8|P9,P12|P2|P21|P35|P4|P46
attention,1,3,"1__lda__unimodal__1.0,0.0",0.328723535346112,P13|P18|P19|P20|P26|P27|P3|P33|P34|P36|P40|P44|P8|P9,P12|P2|P21|P35|P4|P46
attention,1,3,"1__lda__unimodal__0.0,1.0",0.33942590503183717,P13|P18|P19|P20|P26|P27|P3|P33|P34|P36|P40|P44|P8|P9,P12|P2|P21|P35|P4|P46
attention,1,3,1__extra_trees__early__,0.36441763516451425,P13|P18|P19|P20|P26|P27|P3|P33|P34|P36|P40|P44|P8|P9,P12|P2|P21|P35|P4|P46
attention,1,3,"1__extra_trees__late_mean__0.5,0.5",0.3623198021196676,P13|P18|P19|P20|P26|P27|P3|P33|P34|P36|P40|P44|P8|P9,P12|P2|P21|P35|P4|P46
attention,1,3,"1__extra_trees__late_geometric__0.5,0.5",0.36540626636976214,P13|P18|P19|P20|P26|P27|P3|P33|P34|P36|P40|P44|P8|P9,P12|P2|P21|P35|P4|P46
attention,1,3,"1__extra_trees__late_weighted__0.25,0.75",0.3601830159328046,P13|P18|P19|P20|P26|P27|P3|P33|P34|P36|P40|P44|P8|P9,P12|P2|P21|P35|P4|P46
attention,1,3,"1__extra_trees__late_weighted__0.5,0.5",0.3623198021196676,P13|P18|P19|P20|P26|P27|P3|P33|P34|P36|P40|P44|P8|P9,P12|P2|P21|P35|P4|P46
attention,1,3,"1__extra_trees__late_weighted__0.75,0.25",0.3478611150161479,P13|P18|P19|P20|P26|P27|P3|P33|P34|P36|P40|P44|P8|P9,P12|P2|P21|P35|P4|P46
attention,1,3,"1__extra_trees__unimodal__1.0,0.0",0.3376770255182757,P13|P18|P19|P20|P26|P27|P3|P33|P34|P36|P40|P44|P8|P9,P12|P2|P21|P35|P4|P46
attention,1,3,"1__extra_trees__unimodal__0.0,1.0",0.36413870534462744,P13|P18|P19|P20|P26|P27|P3|P33|P34|P36|P40|P44|P8|P9,P12|P2|P21|P35|P4|P46
attention,1,3,8__logistic__early__,0.3199818146253511,P13|P18|P19|P20|P26|P27|P3|P33|P34|P36|P40|P44|P8|P9,P12|P2|P21|P35|P4|P46
attention,1,3,"8__logistic__late_mean__0.5,0.5",0.32123227920418057,P13|P18|P19|P20|P26|P27|P3|P33|P34|P36|P40|P44|P8|P9,P12|P2|P21|P35|P4|P46
attention,1,3,"8__logistic__late_geometric__0.5,0.5",0.32319406531123535,P13|P18|P19|P20|P26|P27|P3|P33|P34|P36|P40|P44|P8|P9,P12|P2|P21|P35|P4|P46
attention,1,3,"8__logistic__late_weighted__0.25,0.75",0.3297049228252004,P13|P18|P19|P20|P26|P27|P3|P33|P34|P36|P40|P44|P8|P9,P12|P2|P21|P35|P4|P46
attention,1,3,"8__logistic__late_weighted__0.5,0.5",0.32123227920418057,P13|P18|P19|P20|P26|P27|P3|P33|P34|P36|P40|P44|P8|P9,P12|P2|P21|P35|P4|P46
attention,1,3,"8__logistic__late_weighted__0.75,0.25",0.32473901169346947,P13|P18|P19|P20|P26|P27|P3|P33|P34|P36|P40|P44|P8|P9,P12|P2|P21|P35|P4|P46
attention,1,3,"8__logistic__unimodal__1.0,0.0",0.32129236300215036,P13|P18|P19|P20|P26|P27|P3|P33|P34|P36|P40|P44|P8|P9,P12|P2|P21|P35|P4|P46
attention,1,3,"8__logistic__unimodal__0.0,1.0",0.346730928288914,P13|P18|P19|P20|P26|P27|P3|P33|P34|P36|P40|P44|P8|P9,P12|P2|P21|P35|P4|P46
attention,1,3,8__lda__early__,0.32809951514167696,P13|P18|P19|P20|P26|P27|P3|P33|P34|P36|P40|P44|P8|P9,P12|P2|P21|P35|P4|P46
attention,1,3,"8__lda__late_mean__0.5,0.5",0.3280958929607343,P13|P18|P19|P20|P26|P27|P3|P33|P34|P36|P40|P44|P8|P9,P12|P2|P21|P35|P4|P46
attention,1,3,"8__lda__late_geometric__0.5,0.5",0.32886056794741103,P13|P18|P19|P20|P26|P27|P3|P33|P34|P36|P40|P44|P8|P9,P12|P2|P21|P35|P4|P46
attention,1,3,"8__lda__late_weighted__0.25,0.75",0.33050104186040163,P13|P18|P19|P20|P26|P27|P3|P33|P34|P36|P40|P44|P8|P9,P12|P2|P21|P35|P4|P46
attention,1,3,"8__lda__late_weighted__0.5,0.5",0.3280958929607343,P13|P18|P19|P20|P26|P27|P3|P33|P34|P36|P40|P44|P8|P9,P12|P2|P21|P35|P4|P46
attention,1,3,"8__lda__late_weighted__0.75,0.25",0.329943185392797,P13|P18|P19|P20|P26|P27|P3|P33|P34|P36|P40|P44|P8|P9,P12|P2|P21|P35|P4|P46
attention,1,3,"8__lda__unimodal__1.0,0.0",0.3258182941001333,P13|P18|P19|P20|P26|P27|P3|P33|P34|P36|P40|P44|P8|P9,P12|P2|P21|P35|P4|P46
attention,1,3,"8__lda__unimodal__0.0,1.0",0.33938865966411846,P13|P18|P19|P20|P26|P27|P3|P33|P34|P36|P40|P44|P8|P9,P12|P2|P21|P35|P4|P46
attention,1,3,8__extra_trees__early__,0.3553371491120585,P13|P18|P19|P20|P26|P27|P3|P33|P34|P36|P40|P44|P8|P9,P12|P2|P21|P35|P4|P46
attention,1,3,"8__extra_trees__late_mean__0.5,0.5",0.35419857814162853,P13|P18|P19|P20|P26|P27|P3|P33|P34|P36|P40|P44|P8|P9,P12|P2|P21|P35|P4|P46
attention,1,3,"8__extra_trees__late_geometric__0.5,0.5",0.3541629937371214,P13|P18|P19|P20|P26|P27|P3|P33|P34|P36|P40|P44|P8|P9,P12|P2|P21|P35|P4|P46
attention,1,3,"8__extra_trees__late_weighted__0.25,0.75",0.36690962943204414,P13|P18|P19|P20|P26|P27|P3|P33|P34|P36|P40|P44|P8|P9,P12|P2|P21|P35|P4|P46
attention,1,3,"8__extra_trees__late_weighted__0.5,0.5",0.35419857814162853,P13|P18|P19|P20|P26|P27|P3|P33|P34|P36|P40|P44|P8|P9,P12|P2|P21|P35|P4|P46
attention,1,3,"8__extra_trees__late_weighted__0.75,0.25",0.34711072966383133,P13|P18|P19|P20|P26|P27|P3|P33|P34|P36|P40|P44|P8|P9,P12|P2|P21|P35|P4|P46
attention,1,3,"8__extra_trees__unimodal__1.0,0.0",0.327100145038978,P13|P18|P19|P20|P26|P27|P3|P33|P34|P36|P40|P44|P8|P9,P12|P2|P21|P35|P4|P46
attention,1,3,"8__extra_trees__unimodal__0.0,1.0",0.3585343102186766,P13|P18|P19|P20|P26|P27|P3|P33|P34|P36|P40|P44|P8|P9,P12|P2|P21|P35|P4|P46
attention,2,1,1__logistic__early__,0.32770655046445746,P18|P20|P21|P22|P24|P26|P27|P33|P34|P4|P44|P48|P8,P13|P3|P30|P36|P43|P46|P9
attention,2,1,"1__logistic__late_mean__0.5,0.5",0.33042191626023937,P18|P20|P21|P22|P24|P26|P27|P33|P34|P4|P44|P48|P8,P13|P3|P30|P36|P43|P46|P9
attention,2,1,"1__logistic__late_geometric__0.5,0.5",0.330688823951856,P18|P20|P21|P22|P24|P26|P27|P33|P34|P4|P44|P48|P8,P13|P3|P30|P36|P43|P46|P9
attention,2,1,"1__logistic__late_weighted__0.25,0.75",0.3293476563003895,P18|P20|P21|P22|P24|P26|P27|P33|P34|P4|P44|P48|P8,P13|P3|P30|P36|P43|P46|P9
attention,2,1,"1__logistic__late_weighted__0.5,0.5",0.33042191626023937,P18|P20|P21|P22|P24|P26|P27|P33|P34|P4|P44|P48|P8,P13|P3|P30|P36|P43|P46|P9
attention,2,1,"1__logistic__late_weighted__0.75,0.25",0.32574048361987523,P18|P20|P21|P22|P24|P26|P27|P33|P34|P4|P44|P48|P8,P13|P3|P30|P36|P43|P46|P9
attention,2,1,"1__logistic__unimodal__1.0,0.0",0.32267046434326374,P18|P20|P21|P22|P24|P26|P27|P33|P34|P4|P44|P48|P8,P13|P3|P30|P36|P43|P46|P9
attention,2,1,"1__logistic__unimodal__0.0,1.0",0.3424008638515343,P18|P20|P21|P22|P24|P26|P27|P33|P34|P4|P44|P48|P8,P13|P3|P30|P36|P43|P46|P9
attention,2,1,1__lda__early__,0.32930149710946827,P18|P20|P21|P22|P24|P26|P27|P33|P34|P4|P44|P48|P8,P13|P3|P30|P36|P43|P46|P9
attention,2,1,"1__lda__late_mean__0.5,0.5",0.32768906528425135,P18|P20|P21|P22|P24|P26|P27|P33|P34|P4|P44|P48|P8,P13|P3|P30|P36|P43|P46|P9
attention,2,1,"1__lda__late_geometric__0.5,0.5",0.32818385151640944,P18|P20|P21|P22|P24|P26|P27|P33|P34|P4|P44|P48|P8,P13|P3|P30|P36|P43|P46|P9
attention,2,1,"1__lda__late_weighted__0.25,0.75",0.33517555888113604,P18|P20|P21|P22|P24|P26|P27|P33|P34|P4|P44|P48|P8,P13|P3|P30|P36|P43|P46|P9
attention,2,1,"1__lda__late_weighted__0.5,0.5",0.32768906528425135,P18|P20|P21|P22|P24|P26|P27|P33|P34|P4|P44|P48|P8,P13|P3|P30|P36|P43|P46|P9
attention,2,1,"1__lda__late_weighted__0.75,0.25",0.3281571151295521,P18|P20|P21|P22|P24|P26|P27|P33|P34|P4|P44|P48|P8,P13|P3|P30|P36|P43|P46|P9
attention,2,1,"1__lda__unimodal__1.0,0.0",0.32781256373926715,P18|P20|P21|P22|P24|P26|P27|P33|P34|P4|P44|P48|P8,P13|P3|P30|P36|P43|P46|P9
attention,2,1,"1__lda__unimodal__0.0,1.0",0.3429323289111445,P18|P20|P21|P22|P24|P26|P27|P33|P34|P4|P44|P48|P8,P13|P3|P30|P36|P43|P46|P9
attention,2,1,1__extra_trees__early__,0.3220765485805232,P18|P20|P21|P22|P24|P26|P27|P33|P34|P4|P44|P48|P8,P13|P3|P30|P36|P43|P46|P9
attention,2,1,"1__extra_trees__late_mean__0.5,0.5",0.3257318987217649,P18|P20|P21|P22|P24|P26|P27|P33|P34|P4|P44|P48|P8,P13|P3|P30|P36|P43|P46|P9
attention,2,1,"1__extra_trees__late_geometric__0.5,0.5",0.3267309749937527,P18|P20|P21|P22|P24|P26|P27|P33|P34|P4|P44|P48|P8,P13|P3|P30|P36|P43|P46|P9
attention,2,1,"1__extra_trees__late_weighted__0.25,0.75",0.3290572840035156,P18|P20|P21|P22|P24|P26|P27|P33|P34|P4|P44|P48|P8,P13|P3|P30|P36|P43|P46|P9
attention,2,1,"1__extra_trees__late_weighted__0.5,0.5",0.3257318987217649,P18|P20|P21|P22|P24|P26|P27|P33|P34|P4|P44|P48|P8,P13|P3|P30|P36|P43|P46|P9
attention,2,1,"1__extra_trees__late_weighted__0.75,0.25",0.3259976143022073,P18|P20|P21|P22|P24|P26|P27|P33|P34|P4|P44|P48|P8,P13|P3|P30|P36|P43|P46|P9
attention,2,1,"1__extra_trees__unimodal__1.0,0.0",0.33710380961289416,P18|P20|P21|P22|P24|P26|P27|P33|P34|P4|P44|P48|P8,P13|P3|P30|P36|P43|P46|P9
attention,2,1,"1__extra_trees__unimodal__0.0,1.0",0.3360238594239832,P18|P20|P21|P22|P24|P26|P27|P33|P34|P4|P44|P48|P8,P13|P3|P30|P36|P43|P46|P9
attention,2,1,8__logistic__early__,0.3195536082445248,P18|P20|P21|P22|P24|P26|P27|P33|P34|P4|P44|P48|P8,P13|P3|P30|P36|P43|P46|P9
attention,2,1,"8__logistic__late_mean__0.5,0.5",0.31990245540828044,P18|P20|P21|P22|P24|P26|P27|P33|P34|P4|P44|P48|P8,P13|P3|P30|P36|P43|P46|P9
attention,2,1,"8__logistic__late_geometric__0.5,0.5",0.32121237436525824,P18|P20|P21|P22|P24|P26|P27|P33|P34|P4|P44|P48|P8,P13|P3|P30|P36|P43|P46|P9
attention,2,1,"8__logistic__late_weighted__0.25,0.75",0.32020463905507884,P18|P20|P21|P22|P24|P26|P27|P33|P34|P4|P44|P48|P8,P13|P3|P30|P36|P43|P46|P9
attention,2,1,"8__logistic__late_weighted__0.5,0.5",0.31990245540828044,P18|P20|P21|P22|P24|P26|P27|P33|P34|P4|P44|P48|P8,P13|P3|P30|P36|P43|P46|P9
attention,2,1,"8__logistic__late_weighted__0.75,0.25",0.322458969786047,P18|P20|P21|P22|P24|P26|P27|P33|P34|P4|P44|P48|P8,P13|P3|P30|P36|P43|P46|P9
attention,2,1,"8__logistic__unimodal__1.0,0.0",0.3274506161137339,P18|P20|P21|P22|P24|P26|P27|P33|P34|P4|P44|P48|P8,P13|P3|P30|P36|P43|P46|P9
attention,2,1,"8__logistic__unimodal__0.0,1.0",0.3240715458046602,P18|P20|P21|P22|P24|P26|P27|P33|P34|P4|P44|P48|P8,P13|P3|P30|P36|P43|P46|P9
attention,2,1,8__lda__early__,0.3221143748510055,P18|P20|P21|P22|P24|P26|P27|P33|P34|P4|P44|P48|P8,P13|P3|P30|P36|P43|P46|P9
attention,2,1,"8__lda__late_mean__0.5,0.5",0.32038693772003474,P18|P20|P21|P22|P24|P26|P27|P33|P34|P4|P44|P48|P8,P13|P3|P30|P36|P43|P46|P9
attention,2,1,"8__lda__late_geometric__0.5,0.5",0.32105298673060906,P18|P20|P21|P22|P24|P26|P27|P33|P34|P4|P44|P48|P8,P13|P3|P30|P36|P43|P46|P9
attention,2,1,"8__lda__late_weighted__0.25,0.75",0.32045463743495867,P18|P20|P21|P22|P24|P26|P27|P33|P34|P4|P44|P48|P8,P13|P3|P30|P36|P43|P46|P9
attention,2,1,"8__lda__late_weighted__0.5,0.5",0.32038693772003474,P18|P20|P21|P22|P24|P26|P27|P33|P34|P4|P44|P48|P8,P13|P3|P30|P36|P43|P46|P9
attention,2,1,"8__lda__late_weighted__0.75,0.25",0.317119710482488,P18|P20|P21|P22|P24|P26|P27|P33|P34|P4|P44|P48|P8,P13|P3|P30|P36|P43|P46|P9
attention,2,1,"8__lda__unimodal__1.0,0.0",0.32102828579736414,P18|P20|P21|P22|P24|P26|P27|P33|P34|P4|P44|P48|P8,P13|P3|P30|P36|P43|P46|P9
attention,2,1,"8__lda__unimodal__0.0,1.0",0.3243495569941568,P18|P20|P21|P22|P24|P26|P27|P33|P34|P4|P44|P48|P8,P13|P3|P30|P36|P43|P46|P9
attention,2,1,8__extra_trees__early__,0.3199861321367115,P18|P20|P21|P22|P24|P26|P27|P33|P34|P4|P44|P48|P8,P13|P3|P30|P36|P43|P46|P9
attention,2,1,"8__extra_trees__late_mean__0.5,0.5",0.31929498673427015,P18|P20|P21|P22|P24|P26|P27|P33|P34|P4|P44|P48|P8,P13|P3|P30|P36|P43|P46|P9
attention,2,1,"8__extra_trees__late_geometric__0.5,0.5",0.3188984176972877,P18|P20|P21|P22|P24|P26|P27|P33|P34|P4|P44|P48|P8,P13|P3|P30|P36|P43|P46|P9
attention,2,1,"8__extra_trees__late_weighted__0.25,0.75",0.32476066733337233,P18|P20|P21|P22|P24|P26|P27|P33|P34|P4|P44|P48|P8,P13|P3|P30|P36|P43|P46|P9
attention,2,1,"8__extra_trees__late_weighted__0.5,0.5",0.31929498673427015,P18|P20|P21|P22|P24|P26|P27|P33|P34|P4|P44|P48|P8,P13|P3|P30|P36|P43|P46|P9
attention,2,1,"8__extra_trees__late_weighted__0.75,0.25",0.32245850125154457,P18|P20|P21|P22|P24|P26|P27|P33|P34|P4|P44|P48|P8,P13|P3|P30|P36|P43|P46|P9
attention,2,1,"8__extra_trees__unimodal__1.0,0.0",0.3252810768051623,P18|P20|P21|P22|P24|P26|P27|P33|P34|P4|P44|P48|P8,P13|P3|P30|P36|P43|P46|P9
attention,2,1,"8__extra_trees__unimodal__0.0,1.0",0.3287093547995319,P18|P20|P21|P22|P24|P26|P27|P33|P34|P4|P44|P48|P8,P13|P3|P30|P36|P43|P46|P9
attention,2,2,1__logistic__early__,0.3427553387739076,P13|P20|P24|P26|P3|P30|P34|P36|P4|P43|P46|P48|P9,P18|P21|P22|P27|P33|P44|P8
attention,2,2,"1__logistic__late_mean__0.5,0.5",0.34525751778007713,P13|P20|P24|P26|P3|P30|P34|P36|P4|P43|P46|P48|P9,P18|P21|P22|P27|P33|P44|P8
attention,2,2,"1__logistic__late_geometric__0.5,0.5",0.3444504716100815,P13|P20|P24|P26|P3|P30|P34|P36|P4|P43|P46|P48|P9,P18|P21|P22|P27|P33|P44|P8
attention,2,2,"1__logistic__late_weighted__0.25,0.75",0.3381485148035947,P13|P20|P24|P26|P3|P30|P34|P36|P4|P43|P46|P48|P9,P18|P21|P22|P27|P33|P44|P8
attention,2,2,"1__logistic__late_weighted__0.5,0.5",0.34525751778007713,P13|P20|P24|P26|P3|P30|P34|P36|P4|P43|P46|P48|P9,P18|P21|P22|P27|P33|P44|P8
attention,2,2,"1__logistic__late_weighted__0.75,0.25",0.3445842767285373,P13|P20|P24|P26|P3|P30|P34|P36|P4|P43|P46|P48|P9,P18|P21|P22|P27|P33|P44|P8
attention,2,2,"1__logistic__unimodal__1.0,0.0",0.34845833140719773,P13|P20|P24|P26|P3|P30|P34|P36|P4|P43|P46|P48|P9,P18|P21|P22|P27|P33|P44|P8
attention,2,2,"1__logistic__unimodal__0.0,1.0",0.33365037618124704,P13|P20|P24|P26|P3|P30|P34|P36|P4|P43|P46|P48|P9,P18|P21|P22|P27|P33|P44|P8
attention,2,2,1__lda__early__,0.3441249115510843,P13|P20|P24|P26|P3|P30|P34|P36|P4|P43|P46|P48|P9,P18|P21|P22|P27|P33|P44|P8
attention,2,2,"1__lda__late_mean__0.5,0.5",0.34766200720618645,P13|P20|P24|P26|P3|P30|P34|P36|P4|P43|P46|P48|P9,P18|P21|P22|P27|P33|P44|P8
attention,2,2,"1__lda__late_geometric__0.5,0.5",0.34773839940703877,P13|P20|P24|P26|P3|P30|P34|P36|P4|P43|P46|P48|P9,P18|P21|P22|P27|P33|P44|P8
attention,2,2,"1__lda__late_weighted__0.25,0.75",0.3396315746033532,P13|P20|P24|P26|P3|P30|P34|P36|P4|P43|P46|P48|P9,P18|P21|P22|P27|P33|P44|P8
attention,2,2,"1__lda__late_weighted__0.5,0.5",0.34766200720618645,P13|P20|P24|P26|P3|P30|P34|P36|P4|P43|P46|P48|P9,P18|P21|P22|P27|P33|P44|P8
attention,2,2,"1__lda__late_weighted__0.75,0.25",0.3485143552318753,P13|P20|P24|P26|P3|P30|P34|P36|P4|P43|P46|P48|P9,P18|P21|P22|P27|P33|P44|P8
attention,2,2,"1__lda__unimodal__1.0,0.0",0.34943371269098117,P13|P20|P24|P26|P3|P30|P34|P36|P4|P43|P46|P48|P9,P18|P21|P22|P27|P33|P44|P8
attention,2,2,"1__lda__unimodal__0.0,1.0",0.33273080498172264,P13|P20|P24|P26|P3|P30|P34|P36|P4|P43|P46|P48|P9,P18|P21|P22|P27|P33|P44|P8
attention,2,2,1__extra_trees__early__,0.34010770784240807,P13|P20|P24|P26|P3|P30|P34|P36|P4|P43|P46|P48|P9,P18|P21|P22|P27|P33|P44|P8
attention,2,2,"1__extra_trees__late_mean__0.5,0.5",0.3409826615218206,P13|P20|P24|P26|P3|P30|P34|P36|P4|P43|P46|P48|P9,P18|P21|P22|P27|P33|P44|P8
attention,2,2,"1__extra_trees__late_geometric__0.5,0.5",0.3416427745505426,P13|P20|P24|P26|P3|P30|P34|P36|P4|P43|P46|P48|P9,P18|P21|P22|P27|P33|P44|P8
attention,2,2,"1__extra_trees__late_weighted__0.25,0.75",0.3522725934395416,P13|P20|P24|P26|P3|P30|P34|P36|P4|P43|P46|P48|P9,P18|P21|P22|P27|P33|P44|P8
attention,2,2,"1__extra_trees__late_weighted__0.5,0.5",0.3409826615218206,P13|P20|P24|P26|P3|P30|P34|P36|P4|P43|P46|P48|P9,P18|P21|P22|P27|P33|P44|P8
attention,2,2,"1__extra_trees__late_weighted__0.75,0.25",0.3204857214156957,P13|P20|P24|P26|P3|P30|P34|P36|P4|P43|P46|P48|P9,P18|P21|P22|P27|P33|P44|P8
attention,2,2,"1__extra_trees__unimodal__1.0,0.0",0.32154875368220914,P13|P20|P24|P26|P3|P30|P34|P36|P4|P43|P46|P48|P9,P18|P21|P22|P27|P33|P44|P8
attention,2,2,"1__extra_trees__unimodal__0.0,1.0",0.34774827201064207,P13|P20|P24|P26|P3|P30|P34|P36|P4|P43|P46|P48|P9,P18|P21|P22|P27|P33|P44|P8
attention,2,2,8__logistic__early__,0.3432180954596751,P13|P20|P24|P26|P3|P30|P34|P36|P4|P43|P46|P48|P9,P18|P21|P22|P27|P33|P44|P8
attention,2,2,"8__logistic__late_mean__0.5,0.5",0.33673450117621523,P13|P20|P24|P26|P3|P30|P34|P36|P4|P43|P46|P48|P9,P18|P21|P22|P27|P33|P44|P8
attention,2,2,"8__logistic__late_geometric__0.5,0.5",0.3397893770675592,P13|P20|P24|P26|P3|P30|P34|P36|P4|P43|P46|P48|P9,P18|P21|P22|P27|P33|P44|P8
attention,2,2,"8__logistic__late_weighted__0.25,0.75",0.3482837525113443,P13|P20|P24|P26|P3|P30|P34|P36|P4|P43|P46|P48|P9,P18|P21|P22|P27|P33|P44|P8
attention,2,2,"8__logistic__late_weighted__0.5,0.5",0.33673450117621523,P13|P20|P24|P26|P3|P30|P34|P36|P4|P43|P46|P48|P9,P18|P21|P22|P27|P33|P44|P8
attention,2,2,"8__logistic__late_weighted__0.75,0.25",0.325912859574098,P13|P20|P24|P26|P3|P30|P34|P36|P4|P43|P46|P48|P9,P18|P21|P22|P27|P33|P44|P8
attention,2,2,"8__logistic__unimodal__1.0,0.0",0.3294831004143006,P13|P20|P24|P26|P3|P30|P34|P36|P4|P43|P46|P48|P9,P18|P21|P22|P27|P33|P44|P8
attention,2,2,"8__logistic__unimodal__0.0,1.0",0.34177121871523414,P13|P20|P24|P26|P3|P30|P34|P36|P4|P43|P46|P48|P9,P18|P21|P22|P27|P33|P44|P8
attention,2,2,8__lda__early__,0.34246925471272,P13|P20|P24|P26|P3|P30|P34|P36|P4|P43|P46|P48|P9,P18|P21|P22|P27|P33|P44|P8
attention,2,2,"8__lda__late_mean__0.5,0.5",0.33933680138844347,P13|P20|P24|P26|P3|P30|P34|P36|P4|P43|P46|P48|P9,P18|P21|P22|P27|P33|P44|P8
attention,2,2,"8__lda__late_geometric__0.5,0.5",0.3420966458268565,P13|P20|P24|P26|P3|P30|P34|P36|P4|P43|P46|P48|P9,P18|P21|P22|P27|P33|P44|P8
attention,2,2,"8__lda__late_weighted__0.25,0.75",0.3512080038855386,P13|P20|P24|P26|P3|P30|P34|P36|P4|P43|P46|P48|P9,P18|P21|P22|P27|P33|P44|P8
attention,2,2,"8__lda__late_weighted__0.5,0.5",0.33933680138844347,P13|P20|P24|P26|P3|P30|P34|P36|P4|P43|P46|P48|P9,P18|P21|P22|P27|P33|P44|P8
attention,2,2,"8__lda__late_weighted__0.75,0.25",0.32909798337357676,P13|P20|P24|P26|P3|P30|P34|P36|P4|P43|P46|P48|P9,P18|P21|P22|P27|P33|P44|P8
attention,2,2,"8__lda__unimodal__1.0,0.0",0.32869264759914546,P13|P20|P24|P26|P3|P30|P34|P36|P4|P43|P46|P48|P9,P18|P21|P22|P27|P33|P44|P8
attention,2,2,"8__lda__unimodal__0.0,1.0",0.3447300722494748,P13|P20|P24|P26|P3|P30|P34|P36|P4|P43|P46|P48|P9,P18|P21|P22|P27|P33|P44|P8
attention,2,2,8__extra_trees__early__,0.34478906317431507,P13|P20|P24|P26|P3|P30|P34|P36|P4|P43|P46|P48|P9,P18|P21|P22|P27|P33|P44|P8
attention,2,2,"8__extra_trees__late_mean__0.5,0.5",0.33461149339406493,P13|P20|P24|P26|P3|P30|P34|P36|P4|P43|P46|P48|P9,P18|P21|P22|P27|P33|P44|P8
attention,2,2,"8__extra_trees__late_geometric__0.5,0.5",0.33548301459968716,P13|P20|P24|P26|P3|P30|P34|P36|P4|P43|P46|P48|P9,P18|P21|P22|P27|P33|P44|P8
attention,2,2,"8__extra_trees__late_weighted__0.25,0.75",0.35599518414954867,P13|P20|P24|P26|P3|P30|P34|P36|P4|P43|P46|P48|P9,P18|P21|P22|P27|P33|P44|P8
attention,2,2,"8__extra_trees__late_weighted__0.5,0.5",0.33461149339406493,P13|P20|P24|P26|P3|P30|P34|P36|P4|P43|P46|P48|P9,P18|P21|P22|P27|P33|P44|P8
attention,2,2,"8__extra_trees__late_weighted__0.75,0.25",0.3303807283809123,P13|P20|P24|P26|P3|P30|P34|P36|P4|P43|P46|P48|P9,P18|P21|P22|P27|P33|P44|P8
attention,2,2,"8__extra_trees__unimodal__1.0,0.0",0.3237283847550422,P13|P20|P24|P26|P3|P30|P34|P36|P4|P43|P46|P48|P9,P18|P21|P22|P27|P33|P44|P8
attention,2,2,"8__extra_trees__unimodal__0.0,1.0",0.3469007058942977,P13|P20|P24|P26|P3|P30|P34|P36|P4|P43|P46|P48|P9,P18|P21|P22|P27|P33|P44|P8
attention,2,3,1__logistic__early__,0.33078765637484525,P13|P18|P21|P22|P27|P3|P30|P33|P36|P43|P44|P46|P8|P9,P20|P24|P26|P34|P4|P48
attention,2,3,"1__logistic__late_mean__0.5,0.5",0.33490254244561385,P13|P18|P21|P22|P27|P3|P30|P33|P36|P43|P44|P46|P8|P9,P20|P24|P26|P34|P4|P48
attention,2,3,"1__logistic__late_geometric__0.5,0.5",0.33306476707235916,P13|P18|P21|P22|P27|P3|P30|P33|P36|P43|P44|P46|P8|P9,P20|P24|P26|P34|P4|P48
attention,2,3,"1__logistic__late_weighted__0.25,0.75",0.3295855755919152,P13|P18|P21|P22|P27|P3|P30|P33|P36|P43|P44|P46|P8|P9,P20|P24|P26|P34|P4|P48
attention,2,3,"1__logistic__late_weighted__0.5,0.5",0.33490254244561385,P13|P18|P21|P22|P27|P3|P30|P33|P36|P43|P44|P46|P8|P9,P20|P24|P26|P34|P4|P48
attention,2,3,"1__logistic__late_weighted__0.75,0.25",0.33639839670859356,P13|P18|P21|P22|P27|P3|P30|P33|P36|P43|P44|P46|P8|P9,P20|P24|P26|P34|P4|P48
attention,2,3,"1__logistic__unimodal__1.0,0.0",0.3383490498402839,P13|P18|P21|P22|P27|P3|P30|P33|P36|P43|P44|P46|P8|P9,P20|P24|P26|P34|P4|P48
attention,2,3,"1__logistic__unimodal__0.0,1.0",0.32461040629430044,P13|P18|P21|P22|P27|P3|P30|P33|P36|P43|P44|P46|P8|P9,P20|P24|P26|P34|P4|P48
attention,2,3,1__lda__early__,0.33060669150077965,P13|P18|P21|P22|P27|P3|P30|P33|P36|P43|P44|P46|P8|P9,P20|P24|P26|P34|P4|P48
attention,2,3,"1__lda__late_mean__0.5,0.5",0.3321229855796262,P13|P18|P21|P22|P27|P3|P30|P33|P36|P43|P44|P46|P8|P9,P20|P24|P26|P34|P4|P48
attention,2,3,"1__lda__late_geometric__0.5,0.5",0.3332384365239565,P13|P18|P21|P22|P27|P3|P30|P33|P36|P43|P44|P46|P8|P9,P20|P24|P26|P34|P4|P48
attention,2,3,"1__lda__late_weighted__0.25,0.75",0.32351392959120656,P13|P18|P21|P22|P27|P3|P30|P33|P36|P43|P44|P46|P8|P9,P20|P24|P26|P34|P4|P48
attention,2,3,"1__lda__late_weighted__0.5,0.5",0.3321229855796262,P13|P18|P21|P22|P27|P3|P30|P33|P36|P43|P44|P46|P8|P9,P20|P24|P26|P34|P4|P48
attention,2,3,"1__lda__late_weighted__0.75,0.25",0.3381456162564269,P13|P18|P21|P22|P27|P3|P30|P33|P36|P43|P44|P46|P8|P9,P20|P24|P26|P34|P4|P48
attention,2,3,"1__lda__unimodal__1.0,0.0",0.3447095040394024,P13|P18|P21|P22|P27|P3|P30|P33|P36|P43|P44|P46|P8|P9,P20|P24|P26|P34|P4|P48
attention,2,3,"1__lda__unimodal__0.0,1.0",0.32088721092693917,P13|P18|P21|P22|P27|P3|P30|P33|P36|P43|P44|P46|P8|P9,P20|P24|P26|P34|P4|P48
attention,2,3,1__extra_trees__early__,0.35833955872326123,P13|P18|P21|P22|P27|P3|P30|P33|P36|P43|P44|P46|P8|P9,P20|P24|P26|P34|P4|P48
attention,2,3,"1__extra_trees__late_mean__0.5,0.5",0.3575757035966703,P13|P18|P21|P22|P27|P3|P30|P33|P36|P43|P44|P46|P8|P9,P20|P24|P26|P34|P4|P48
attention,2,3,"1__extra_trees__late_geometric__0.5,0.5",0.3560541519838661,P13|P18|P21|P22|P27|P3|P30|P33|P36|P43|P44|P46|P8|P9,P20|P24|P26|P34|P4|P48
attention,2,3,"1__extra_trees__late_weighted__0.25,0.75",0.35556686124095666,P13|P18|P21|P22|P27|P3|P30|P33|P36|P43|P44|P46|P8|P9,P20|P24|P26|P34|P4|P48
attention,2,3,"1__extra_trees__late_weighted__0.5,0.5",0.3575757035966703,P13|P18|P21|P22|P27|P3|P30|P33|P36|P43|P44|P46|P8|P9,P20|P24|P26|P34|P4|P48
attention,2,3,"1__extra_trees__late_weighted__0.75,0.25",0.3585598715898996,P13|P18|P21|P22|P27|P3|P30|P33|P36|P43|P44|P46|P8|P9,P20|P24|P26|P34|P4|P48
attention,2,3,"1__extra_trees__unimodal__1.0,0.0",0.3501673343848992,P13|P18|P21|P22|P27|P3|P30|P33|P36|P43|P44|P46|P8|P9,P20|P24|P26|P34|P4|P48
attention,2,3,"1__extra_trees__unimodal__0.0,1.0",0.35305478946147645,P13|P18|P21|P22|P27|P3|P30|P33|P36|P43|P44|P46|P8|P9,P20|P24|P26|P34|P4|P48
attention,2,3,8__logistic__early__,0.314184082488761,P13|P18|P21|P22|P27|P3|P30|P33|P36|P43|P44|P46|P8|P9,P20|P24|P26|P34|P4|P48
attention,2,3,"8__logistic__late_mean__0.5,0.5",0.3063854185012992,P13|P18|P21|P22|P27|P3|P30|P33|P36|P43|P44|P46|P8|P9,P20|P24|P26|P34|P4|P48
attention,2,3,"8__logistic__late_geometric__0.5,0.5",0.30629831854702094,P13|P18|P21|P22|P27|P3|P30|P33|P36|P43|P44|P46|P8|P9,P20|P24|P26|P34|P4|P48
attention,2,3,"8__logistic__late_weighted__0.25,0.75",0.30398898051255185,P13|P18|P21|P22|P27|P3|P30|P33|P36|P43|P44|P46|P8|P9,P20|P24|P26|P34|P4|P48
attention,2,3,"8__logistic__late_weighted__0.5,0.5",0.3063854185012992,P13|P18|P21|P22|P27|P3|P30|P33|P36|P43|P44|P46|P8|P9,P20|P24|P26|P34|P4|P48
attention,2,3,"8__logistic__late_weighted__0.75,0.25",0.31154146476439776,P13|P18|P21|P22|P27|P3|P30|P33|P36|P43|P44|P46|P8|P9,P20|P24|P26|P34|P4|P48
attention,2,3,"8__logistic__unimodal__1.0,0.0",0.31515591965539397,P13|P18|P21|P22|P27|P3|P30|P33|P36|P43|P44|P46|P8|P9,P20|P24|P26|P34|P4|P48
attention,2,3,"8__logistic__unimodal__0.0,1.0",0.30881434247842143,P13|P18|P21|P22|P27|P3|P30|P33|P36|P43|P44|P46|P8|P9,P20|P24|P26|P34|P4|P48
attention,2,3,8__lda__early__,0.3098835475006104,P13|P18|P21|P22|P27|P3|P30|P33|P36|P43|P44|P46|P8|P9,P20|P24|P26|P34|P4|P48
attention,2,3,"8__lda__late_mean__0.5,0.5",0.3082279517342032,P13|P18|P21|P22|P27|P3|P30|P33|P36|P43|P44|P46|P8|P9,P20|P24|P26|P34|P4|P48
attention,2,3,"8__lda__late_geometric__0.5,0.5",0.30927362703486544,P13|P18|P21|P22|P27|P3|P30|P33|P36|P43|P44|P46|P8|P9,P20|P24|P26|P34|P4|P48
attention,2,3,"8__lda__late_weighted__0.25,0.75",0.2997415319763995,P13|P18|P21|P22|P27|P3|P30|P33|P36|P43|P44|P46|P8|P9,P20|P24|P26|P34|P4|P48
attention,2,3,"8__lda__late_weighted__0.5,0.5",0.3082279517342032,P13|P18|P21|P22|P27|P3|P30|P33|P36|P43|P44|P46|P8|P9,P20|P24|P26|P34|P4|P48
attention,2,3,"8__lda__late_weighted__0.75,0.25",0.3127992075710172,P13|P18|P21|P22|P27|P3|P30|P33|P36|P43|P44|P46|P8|P9,P20|P24|P26|P34|P4|P48
attention,2,3,"8__lda__unimodal__1.0,0.0",0.31320106767977424,P13|P18|P21|P22|P27|P3|P30|P33|P36|P43|P44|P46|P8|P9,P20|P24|P26|P34|P4|P48
attention,2,3,"8__lda__unimodal__0.0,1.0",0.305969277879289,P13|P18|P21|P22|P27|P3|P30|P33|P36|P43|P44|P46|P8|P9,P20|P24|P26|P34|P4|P48
attention,2,3,8__extra_trees__early__,0.3400042569047126,P13|P18|P21|P22|P27|P3|P30|P33|P36|P43|P44|P46|P8|P9,P20|P24|P26|P34|P4|P48
attention,2,3,"8__extra_trees__late_mean__0.5,0.5",0.3358294487570222,P13|P18|P21|P22|P27|P3|P30|P33|P36|P43|P44|P46|P8|P9,P20|P24|P26|P34|P4|P48
attention,2,3,"8__extra_trees__late_geometric__0.5,0.5",0.3364939026791594,P13|P18|P21|P22|P27|P3|P30|P33|P36|P43|P44|P46|P8|P9,P20|P24|P26|P34|P4|P48
attention,2,3,"8__extra_trees__late_weighted__0.25,0.75",0.346791743431971,P13|P18|P21|P22|P27|P3|P30|P33|P36|P43|P44|P46|P8|P9,P20|P24|P26|P34|P4|P48
attention,2,3,"8__extra_trees__late_weighted__0.5,0.5",0.3358294487570222,P13|P18|P21|P22|P27|P3|P30|P33|P36|P43|P44|P46|P8|P9,P20|P24|P26|P34|P4|P48
attention,2,3,"8__extra_trees__late_weighted__0.75,0.25",0.32782668000435666,P13|P18|P21|P22|P27|P3|P30|P33|P36|P43|P44|P46|P8|P9,P20|P24|P26|P34|P4|P48
attention,2,3,"8__extra_trees__unimodal__1.0,0.0",0.32794416901219164,P13|P18|P21|P22|P27|P3|P30|P33|P36|P43|P44|P46|P8|P9,P20|P24|P26|P34|P4|P48
attention,2,3,"8__extra_trees__unimodal__0.0,1.0",0.3598169000247399,P13|P18|P21|P22|P27|P3|P30|P33|P36|P43|P44|P46|P8|P9,P20|P24|P26|P34|P4|P48
attention,3,1,1__logistic__early__,0.3171834550529266,P12|P13|P19|P2|P21|P24|P26|P33|P35|P4|P40|P43|P9,P20|P22|P3|P30|P34|P44|P48
attention,3,1,"1__logistic__late_mean__0.5,0.5",0.3118243234648485,P12|P13|P19|P2|P21|P24|P26|P33|P35|P4|P40|P43|P9,P20|P22|P3|P30|P34|P44|P48
attention,3,1,"1__logistic__late_geometric__0.5,0.5",0.3105813876511107,P12|P13|P19|P2|P21|P24|P26|P33|P35|P4|P40|P43|P9,P20|P22|P3|P30|P34|P44|P48
attention,3,1,"1__logistic__late_weighted__0.25,0.75",0.3135987513689578,P12|P13|P19|P2|P21|P24|P26|P33|P35|P4|P40|P43|P9,P20|P22|P3|P30|P34|P44|P48
attention,3,1,"1__logistic__late_weighted__0.5,0.5",0.3118243234648485,P12|P13|P19|P2|P21|P24|P26|P33|P35|P4|P40|P43|P9,P20|P22|P3|P30|P34|P44|P48
attention,3,1,"1__logistic__late_weighted__0.75,0.25",0.32245193721240556,P12|P13|P19|P2|P21|P24|P26|P33|P35|P4|P40|P43|P9,P20|P22|P3|P30|P34|P44|P48
attention,3,1,"1__logistic__unimodal__1.0,0.0",0.3284403173637349,P12|P13|P19|P2|P21|P24|P26|P33|P35|P4|P40|P43|P9,P20|P22|P3|P30|P34|P44|P48
attention,3,1,"1__logistic__unimodal__0.0,1.0",0.3149790914031484,P12|P13|P19|P2|P21|P24|P26|P33|P35|P4|P40|P43|P9,P20|P22|P3|P30|P34|P44|P48
attention,3,1,1__lda__early__,0.3173551090498151,P12|P13|P19|P2|P21|P24|P26|P33|P35|P4|P40|P43|P9,P20|P22|P3|P30|P34|P44|P48
attention,3,1,"1__lda__late_mean__0.5,0.5",0.3132370490320923,P12|P13|P19|P2|P21|P24|P26|P33|P35|P4|P40|P43|P9,P20|P22|P3|P30|P34|P44|P48
attention,3,1,"1__lda__late_geometric__0.5,0.5",0.312757145244227,P12|P13|P19|P2|P21|P24|P26|P33|P35|P4|P40|P43|P9,P20|P22|P3|P30|P34|P44|P48
attention,3,1,"1__lda__late_weighted__0.25,0.75",0.3127024880804039,P12|P13|P19|P2|P21|P24|P26|P33|P35|P4|P40|P43|P9,P20|P22|P3|P30|P34|P44|P48
attention,3,1,"1__lda__late_weighted__0.5,0.5",0.3132370490320923,P12|P13|P19|P2|P21|P24|P26|P33|P35|P4|P40|P43|P9,P20|P22|P3|P30|P34|P44|P48
attention,3,1,"1__lda__late_weighted__0.75,0.25",0.3211803275254378,P12|P13|P19|P2|P21|P24|P26|P33|P35|P4|P40|P43|P9,P20|P22|P3|P30|P34|P44|P48
attention,3,1,"1__lda__unimodal__1.0,0.0",0.3282700969623602,P12|P13|P19|P2|P21|P24|P26|P33|P35|P4|P40|P43|P9,P20|P22|P3|P30|P34|P44|P48
attention,3,1,"1__lda__unimodal__0.0,1.0",0.3156321387863654,P12|P13|P19|P2|P21|P24|P26|P33|P35|P4|P40|P43|P9,P20|P22|P3|P30|P34|P44|P48
attention,3,1,1__extra_trees__early__,0.33247903924679034,P12|P13|P19|P2|P21|P24|P26|P33|P35|P4|P40|P43|P9,P20|P22|P3|P30|P34|P44|P48
attention,3,1,"1__extra_trees__late_mean__0.5,0.5",0.33657250540149974,P12|P13|P19|P2|P21|P24|P26|P33|P35|P4|P40|P43|P9,P20|P22|P3|P30|P34|P44|P48
attention,3,1,"1__extra_trees__late_geometric__0.5,0.5",0.3352573938735975,P12|P13|P19|P2|P21|P24|P26|P33|P35|P4|P40|P43|P9,P20|P22|P3|P30|P34|P44|P48
attention,3,1,"1__extra_trees__late_weighted__0.25,0.75",0.3376829110428473,P12|P13|P19|P2|P21|P24|P26|P33|P35|P4|P40|P43|P9,P20|P22|P3|P30|P34|P44|P48
attention,3,1,"1__extra_trees__late_weighted__0.5,0.5",0.33657250540149974,P12|P13|P19|P2|P21|P24|P26|P33|P35|P4|P40|P43|P9,P20|P22|P3|P30|P34|P44|P48
attention,3,1,"1__extra_trees__late_weighted__0.75,0.25",0.3333049944858271,P12|P13|P19|P2|P21|P24|P26|P33|P35|P4|P40|P43|P9,P20|P22|P3|P30|P34|P44|P48
attention,3,1,"1__extra_trees__unimodal__1.0,0.0",0.32597866747229515,P12|P13|P19|P2|P21|P24|P26|P33|P35|P4|P40|P43|P9,P20|P22|P3|P30|P34|P44|P48
attention,3,1,"1__extra_trees__unimodal__0.0,1.0",0.3430789655364051,P12|P13|P19|P2|P21|P24|P26|P33|P35|P4|P40|P43|P9,P20|P22|P3|P30|P34|P44|P48
attention,3,1,8__logistic__early__,0.32941785222126,P12|P13|P19|P2|P21|P24|P26|P33|P35|P4|P40|P43|P9,P20|P22|P3|P30|P34|P44|P48
attention,3,1,"8__logistic__late_mean__0.5,0.5",0.33074222093714445,P12|P13|P19|P2|P21|P24|P26|P33|P35|P4|P40|P43|P9,P20|P22|P3|P30|P34|P44|P48
attention,3,1,"8__logistic__late_geometric__0.5,0.5",0.33089354512778,P12|P13|P19|P2|P21|P24|P26|P33|P35|P4|P40|P43|P9,P20|P22|P3|P30|P34|P44|P48
attention,3,1,"8__logistic__late_weighted__0.25,0.75",0.3295835824781329,P12|P13|P19|P2|P21|P24|P26|P33|P35|P4|P40|P43|P9,P20|P22|P3|P30|P34|P44|P48
attention,3,1,"8__logistic__late_weighted__0.5,0.5",0.33074222093714445,P12|P13|P19|P2|P21|P24|P26|P33|P35|P4|P40|P43|P9,P20|P22|P3|P30|P34|P44|P48
attention,3,1,"8__logistic__late_weighted__0.75,0.25",0.32510205833194394,P12|P13|P19|P2|P21|P24|P26|P33|P35|P4|P40|P43|P9,P20|P22|P3|P30|P34|P44|P48
attention,3,1,"8__logistic__unimodal__1.0,0.0",0.33658509533747905,P12|P13|P19|P2|P21|P24|P26|P33|P35|P4|P40|P43|P9,P20|P22|P3|P30|P34|P44|P48
attention,3,1,"8__logistic__unimodal__0.0,1.0",0.3324614710694794,P12|P13|P19|P2|P21|P24|P26|P33|P35|P4|P40|P43|P9,P20|P22|P3|P30|P34|P44|P48
attention,3,1,8__lda__early__,0.32886632081641437,P12|P13|P19|P2|P21|P24|P26|P33|P35|P4|P40|P43|P9,P20|P22|P3|P30|P34|P44|P48
attention,3,1,"8__lda__late_mean__0.5,0.5",0.3297973301042883,P12|P13|P19|P2|P21|P24|P26|P33|P35|P4|P40|P43|P9,P20|P22|P3|P30|P34|P44|P48
attention,3,1,"8__lda__late_geometric__0.5,0.5",0.32995902453717957,P12|P13|P19|P2|P21|P24|P26|P33|P35|P4|P40|P43|P9,P20|P22|P3|P30|P34|P44|P48
attention,3,1,"8__lda__late_weighted__0.25,0.75",0.3276813957430376,P12|P13|P19|P2|P21|P24|P26|P33|P35|P4|P40|P43|P9,P20|P22|P3|P30|P34|P44|P48
attention,3,1,"8__lda__late_weighted__0.5,0.5",0.3297973301042883,P12|P13|P19|P2|P21|P24|P26|P33|P35|P4|P40|P43|P9,P20|P22|P3|P30|P34|P44|P48
attention,3,1,"8__lda__late_weighted__0.75,0.25",0.332005415056386,P12|P13|P19|P2|P21|P24|P26|P33|P35|P4|P40|P43|P9,P20|P22|P3|P30|P34|P44|P48
attention,3,1,"8__lda__unimodal__1.0,0.0",0.34004872589401053,P12|P13|P19|P2|P21|P24|P26|P33|P35|P4|P40|P43|P9,P20|P22|P3|P30|P34|P44|P48
attention,3,1,"8__lda__unimodal__0.0,1.0",0.3321242431249222,P12|P13|P19|P2|P21|P24|P26|P33|P35|P4|P40|P43|P9,P20|P22|P3|P30|P34|P44|P48
attention,3,1,8__extra_trees__early__,0.3314956039024838,P12|P13|P19|P2|P21|P24|P26|P33|P35|P4|P40|P43|P9,P20|P22|P3|P30|P34|P44|P48
attention,3,1,"8__extra_trees__late_mean__0.5,0.5",0.32631724091563846,P12|P13|P19|P2|P21|P24|P26|P33|P35|P4|P40|P43|P9,P20|P22|P3|P30|P34|P44|P48
attention,3,1,"8__extra_trees__late_geometric__0.5,0.5",0.32574381258650026,P12|P13|P19|P2|P21|P24|P26|P33|P35|P4|P40|P43|P9,P20|P22|P3|P30|P34|P44|P48
attention,3,1,"8__extra_trees__late_weighted__0.25,0.75",0.331114243340342,P12|P13|P19|P2|P21|P24|P26|P33|P35|P4|P40|P43|P9,P20|P22|P3|P30|P34|P44|P48
attention,3,1,"8__extra_trees__late_weighted__0.5,0.5",0.32631724091563846,P12|P13|P19|P2|P21|P24|P26|P33|P35|P4|P40|P43|P9,P20|P22|P3|P30|P34|P44|P48
attention,3,1,"8__extra_trees__late_weighted__0.75,0.25",0.32565213526834164,P12|P13|P19|P2|P21|P24|P26|P33|P35|P4|P40|P43|P9,P20|P22|P3|P30|P34|P44|P48
attention,3,1,"8__extra_trees__unimodal__1.0,0.0",0.31422533772866373,P12|P13|P19|P2|P21|P24|P26|P33|P35|P4|P40|P43|P9,P20|P22|P3|P30|P34|P44|P48
attention,3,1,"8__extra_trees__unimodal__0.0,1.0",0.3355213391552117,P12|P13|P19|P2|P21|P24|P26|P33|P35|P4|P40|P43|P9,P20|P22|P3|P30|P34|P44|P48
attention,3,2,1__logistic__early__,0.33480311543875013,P13|P19|P2|P20|P21|P22|P3|P30|P33|P34|P40|P44|P48,P12|P24|P26|P35|P4|P43|P9
attention,3,2,"1__logistic__late_mean__0.5,0.5",0.3330059837178867,P13|P19|P2|P20|P21|P22|P3|P30|P33|P34|P40|P44|P48,P12|P24|P26|P35|P4|P43|P9
attention,3,2,"1__logistic__late_geometric__0.5,0.5",0.3327917634110337,P13|P19|P2|P20|P21|P22|P3|P30|P33|P34|P40|P44|P48,P12|P24|P26|P35|P4|P43|P9
attention,3,2,"1__logistic__late_weighted__0.25,0.75",0.3322495697331042,P13|P19|P2|P20|P21|P22|P3|P30|P33|P34|P40|P44|P48,P12|P24|P26|P35|P4|P43|P9
attention,3,2,"1__logistic__late_weighted__0.5,0.5",0.3330059837178867,P13|P19|P2|P20|P21|P22|P3|P30|P33|P34|P40|P44|P48,P12|P24|P26|P35|P4|P43|P9
attention,3,2,"1__logistic__late_weighted__0.75,0.25",0.3339986432505341,P13|P19|P2|P20|P21|P22|P3|P30|P33|P34|P40|P44|P48,P12|P24|P26|P35|P4|P43|P9
attention,3,2,"1__logistic__unimodal__1.0,0.0",0.3317242558495256,P13|P19|P2|P20|P21|P22|P3|P30|P33|P34|P40|P44|P48,P12|P24|P26|P35|P4|P43|P9
attention,3,2,"1__logistic__unimodal__0.0,1.0",0.3356702942525192,P13|P19|P2|P20|P21|P22|P3|P30|P33|P34|P40|P44|P48,P12|P24|P26|P35|P4|P43|P9
attention,3,2,1__lda__early__,0.33766008627330263,P13|P19|P2|P20|P21|P22|P3|P30|P33|P34|P40|P44|P48,P12|P24|P26|P35|P4|P43|P9
attention,3,2,"1__lda__late_mean__0.5,0.5",0.33487244967567303,P13|P19|P2|P20|P21|P22|P3|P30|P33|P34|P40|P44|P48,P12|P24|P26|P35|P4|P43|P9
attention,3,2,"1__lda__late_geometric__0.5,0.5",0.33502444428201983,P13|P19|P2|P20|P21|P22|P3|P30|P33|P34|P40|P44|P48,P12|P24|P26|P35|P4|P43|P9
attention,3,2,"1__lda__late_weighted__0.25,0.75",0.33337762419483014,P13|P19|P2|P20|P21|P22|P3|P30|P33|P34|P40|P44|P48,P12|P24|P26|P35|P4|P43|P9
attention,3,2,"1__lda__late_weighted__0.5,0.5",0.33487244967567303,P13|P19|P2|P20|P21|P22|P3|P30|P33|P34|P40|P44|P48,P12|P24|P26|P35|P4|P43|P9
attention,3,2,"1__lda__late_weighted__0.75,0.25",0.33552778663119415,P13|P19|P2|P20|P21|P22|P3|P30|P33|P34|P40|P44|P48,P12|P24|P26|P35|P4|P43|P9
attention,3,2,"1__lda__unimodal__1.0,0.0",0.33203231099186886,P13|P19|P2|P20|P21|P22|P3|P30|P33|P34|P40|P44|P48,P12|P24|P26|P35|P4|P43|P9
attention,3,2,"1__lda__unimodal__0.0,1.0",0.3371586249250645,P13|P19|P2|P20|P21|P22|P3|P30|P33|P34|P40|P44|P48,P12|P24|P26|P35|P4|P43|P9
attention,3,2,1__extra_trees__early__,0.3470890177402754,P13|P19|P2|P20|P21|P22|P3|P30|P33|P34|P40|P44|P48,P12|P24|P26|P35|P4|P43|P9
attention,3,2,"1__extra_trees__late_mean__0.5,0.5",0.3601617979191441,P13|P19|P2|P20|P21|P22|P3|P30|P33|P34|P40|P44|P48,P12|P24|P26|P35|P4|P43|P9
attention,3,2,"1__extra_trees__late_geometric__0.5,0.5",0.35861754583498356,P13|P19|P2|P20|P21|P22|P3|P30|P33|P34|P40|P44|P48,P12|P24|P26|P35|P4|P43|P9
attention,3,2,"1__extra_trees__late_weighted__0.25,0.75",0.37503885267646736,P13|P19|P2|P20|P21|P22|P3|P30|P33|P34|P40|P44|P48,P12|P24|P26|P35|P4|P43|P9
attention,3,2,"1__extra_trees__late_weighted__0.5,0.5",0.3601617979191441,P13|P19|P2|P20|P21|P22|P3|P30|P33|P34|P40|P44|P48,P12|P24|P26|P35|P4|P43|P9
attention,3,2,"1__extra_trees__late_weighted__0.75,0.25",0.3443221813945732,P13|P19|P2|P20|P21|P22|P3|P30|P33|P34|P40|P44|P48,P12|P24|P26|P35|P4|P43|P9
attention,3,2,"1__extra_trees__unimodal__1.0,0.0",0.32385741547203717,P13|P19|P2|P20|P21|P22|P3|P30|P33|P34|P40|P44|P48,P12|P24|P26|P35|P4|P43|P9
attention,3,2,"1__extra_trees__unimodal__0.0,1.0",0.3816211809182334,P13|P19|P2|P20|P21|P22|P3|P30|P33|P34|P40|P44|P48,P12|P24|P26|P35|P4|P43|P9
attention,3,2,8__logistic__early__,0.3312716193129822,P13|P19|P2|P20|P21|P22|P3|P30|P33|P34|P40|P44|P48,P12|P24|P26|P35|P4|P43|P9
attention,3,2,"8__logistic__late_mean__0.5,0.5",0.328715313227255,P13|P19|P2|P20|P21|P22|P3|P30|P33|P34|P40|P44|P48,P12|P24|P26|P35|P4|P43|P9
attention,3,2,"8__logistic__late_geometric__0.5,0.5",0.328258887467125,P13|P19|P2|P20|P21|P22|P3|P30|P33|P34|P40|P44|P48,P12|P24|P26|P35|P4|P43|P9
attention,3,2,"8__logistic__late_weighted__0.25,0.75",0.3230454854455682,P13|P19|P2|P20|P21|P22|P3|P30|P33|P34|P40|P44|P48,P12|P24|P26|P35|P4|P43|P9
attention,3,2,"8__logistic__late_weighted__0.5,0.5",0.328715313227255,P13|P19|P2|P20|P21|P22|P3|P30|P33|P34|P40|P44|P48,P12|P24|P26|P35|P4|P43|P9
attention,3,2,"8__logistic__late_weighted__0.75,0.25",0.33442452114757665,P13|P19|P2|P20|P21|P22|P3|P30|P33|P34|P40|P44|P48,P12|P24|P26|P35|P4|P43|P9
attention,3,2,"8__logistic__unimodal__1.0,0.0",0.3414032352971351,P13|P19|P2|P20|P21|P22|P3|P30|P33|P34|P40|P44|P48,P12|P24|P26|P35|P4|P43|P9
attention,3,2,"8__logistic__unimodal__0.0,1.0",0.3382289509464907,P13|P19|P2|P20|P21|P22|P3|P30|P33|P34|P40|P44|P48,P12|P24|P26|P35|P4|P43|P9
attention,3,2,8__lda__early__,0.3343067764311031,P13|P19|P2|P20|P21|P22|P3|P30|P33|P34|P40|P44|P48,P12|P24|P26|P35|P4|P43|P9
attention,3,2,"8__lda__late_mean__0.5,0.5",0.33438241598736607,P13|P19|P2|P20|P21|P22|P3|P30|P33|P34|P40|P44|P48,P12|P24|P26|P35|P4|P43|P9
attention,3,2,"8__lda__late_geometric__0.5,0.5",0.33401005008779455,P13|P19|P2|P20|P21|P22|P3|P30|P33|P34|P40|P44|P48,P12|P24|P26|P35|P4|P43|P9
attention,3,2,"8__lda__late_weighted__0.25,0.75",0.3356493997838194,P13|P19|P2|P20|P21|P22|P3|P30|P33|P34|P40|P44|P48,P12|P24|P26|P35|P4|P43|P9
attention,3,2,"8__lda__late_weighted__0.5,0.5",0.33438241598736607,P13|P19|P2|P20|P21|P22|P3|P30|P33|P34|P40|P44|P48,P12|P24|P26|P35|P4|P43|P9
attention,3,2,"8__lda__late_weighted__0.75,0.25",0.33401317083445425,P13|P19|P2|P20|P21|P22|P3|P30|P33|P34|P40|P44|P48,P12|P24|P26|P35|P4|P43|P9
attention,3,2,"8__lda__unimodal__1.0,0.0",0.3337958848891874,P13|P19|P2|P20|P21|P22|P3|P30|P33|P34|P40|P44|P48,P12|P24|P26|P35|P4|P43|P9
attention,3,2,"8__lda__unimodal__0.0,1.0",0.33950224340103075,P13|P19|P2|P20|P21|P22|P3|P30|P33|P34|P40|P44|P48,P12|P24|P26|P35|P4|P43|P9
attention,3,2,8__extra_trees__early__,0.34297133092900295,P13|P19|P2|P20|P21|P22|P3|P30|P33|P34|P40|P44|P48,P12|P24|P26|P35|P4|P43|P9
attention,3,2,"8__extra_trees__late_mean__0.5,0.5",0.35745959778609376,P13|P19|P2|P20|P21|P22|P3|P30|P33|P34|P40|P44|P48,P12|P24|P26|P35|P4|P43|P9
attention,3,2,"8__extra_trees__late_geometric__0.5,0.5",0.35686753355764156,P13|P19|P2|P20|P21|P22|P3|P30|P33|P34|P40|P44|P48,P12|P24|P26|P35|P4|P43|P9
attention,3,2,"8__extra_trees__late_weighted__0.25,0.75",0.36744186276756946,P13|P19|P2|P20|P21|P22|P3|P30|P33|P34|P40|P44|P48,P12|P24|P26|P35|P4|P43|P9
attention,3,2,"8__extra_trees__late_weighted__0.5,0.5",0.35745959778609376,P13|P19|P2|P20|P21|P22|P3|P30|P33|P34|P40|P44|P48,P12|P24|P26|P35|P4|P43|P9
attention,3,2,"8__extra_trees__late_weighted__0.75,0.25",0.34592334811329783,P13|P19|P2|P20|P21|P22|P3|P30|P33|P34|P40|P44|P48,P12|P24|P26|P35|P4|P43|P9
attention,3,2,"8__extra_trees__unimodal__1.0,0.0",0.3284368712583086,P13|P19|P2|P20|P21|P22|P3|P30|P33|P34|P40|P44|P48,P12|P24|P26|P35|P4|P43|P9
attention,3,2,"8__extra_trees__unimodal__0.0,1.0",0.3663563531236032,P13|P19|P2|P20|P21|P22|P3|P30|P33|P34|P40|P44|P48,P12|P24|P26|P35|P4|P43|P9
attention,3,3,1__logistic__early__,0.34642611642220383,P12|P20|P22|P24|P26|P3|P30|P34|P35|P4|P43|P44|P48|P9,P13|P19|P2|P21|P33|P40
attention,3,3,"1__logistic__late_mean__0.5,0.5",0.34358912935636576,P12|P20|P22|P24|P26|P3|P30|P34|P35|P4|P43|P44|P48|P9,P13|P19|P2|P21|P33|P40
attention,3,3,"1__logistic__late_geometric__0.5,0.5",0.342234135363342,P12|P20|P22|P24|P26|P3|P30|P34|P35|P4|P43|P44|P48|P9,P13|P19|P2|P21|P33|P40
attention,3,3,"1__logistic__late_weighted__0.25,0.75",0.347454179395303,P12|P20|P22|P24|P26|P3|P30|P34|P35|P4|P43|P44|P48|P9,P13|P19|P2|P21|P33|P40
attention,3,3,"1__logistic__late_weighted__0.5,0.5",0.34358912935636576,P12|P20|P22|P24|P26|P3|P30|P34|P35|P4|P43|P44|P48|P9,P13|P19|P2|P21|P33|P40
attention,3,3,"1__logistic__late_weighted__0.75,0.25",0.3384848519023329,P12|P20|P22|P24|P26|P3|P30|P34|P35|P4|P43|P44|P48|P9,P13|P19|P2|P21|P33|P40
attention,3,3,"1__logistic__unimodal__1.0,0.0",0.3346542533324293,P12|P20|P22|P24|P26|P3|P30|P34|P35|P4|P43|P44|P48|P9,P13|P19|P2|P21|P33|P40
attention,3,3,"1__logistic__unimodal__0.0,1.0",0.3542759994185263,P12|P20|P22|P24|P26|P3|P30|P34|P35|P4|P43|P44|P48|P9,P13|P19|P2|P21|P33|P40
attention,3,3,1__lda__early__,0.344396169720929,P12|P20|P22|P24|P26|P3|P30|P34|P35|P4|P43|P44|P48|P9,P13|P19|P2|P21|P33|P40
attention,3,3,"1__lda__late_mean__0.5,0.5",0.3413965363081016,P12|P20|P22|P24|P26|P3|P30|P34|P35|P4|P43|P44|P48|P9,P13|P19|P2|P21|P33|P40
attention,3,3,"1__lda__late_geometric__0.5,0.5",0.34111281789774317,P12|P20|P22|P24|P26|P3|P30|P34|P35|P4|P43|P44|P48|P9,P13|P19|P2|P21|P33|P40
attention,3,3,"1__lda__late_weighted__0.25,0.75",0.3486230066361502,P12|P20|P22|P24|P26|P3|P30|P34|P35|P4|P43|P44|P48|P9,P13|P19|P2|P21|P33|P40
attention,3,3,"1__lda__late_weighted__0.5,0.5",0.3413965363081016,P12|P20|P22|P24|P26|P3|P30|P34|P35|P4|P43|P44|P48|P9,P13|P19|P2|P21|P33|P40
attention,3,3,"1__lda__late_weighted__0.75,0.25",0.33850426406312084,P12|P20|P22|P24|P26|P3|P30|P34|P35|P4|P43|P44|P48|P9,P13|P19|P2|P21|P33|P40
attention,3,3,"1__lda__unimodal__1.0,0.0",0.3319044398472318,P12|P20|P22|P24|P26|P3|P30|P34|P35|P4|P43|P44|P48|P9,P13|P19|P2|P21|P33|P40
attention,3,3,"1__lda__unimodal__0.0,1.0",0.3514433021486881,P12|P20|P22|P24|P26|P3|P30|P34|P35|P4|P43|P44|P48|P9,P13|P19|P2|P21|P33|P40
attention,3,3,1__extra_trees__early__,0.3521081144505011,P12|P20|P22|P24|P26|P3|P30|P34|P35|P4|P43|P44|P48|P9,P13|P19|P2|P21|P33|P40
attention,3,3,"1__extra_trees__late_mean__0.5,0.5",0.34507219275040074,P12|P20|P22|P24|P26|P3|P30|P34|P35|P4|P43|P44|P48|P9,P13|P19|P2|P21|P33|P40
attention,3,3,"1__extra_trees__late_geometric__0.5,0.5",0.34567211495411704,P12|P20|P22|P24|P26|P3|P30|P34|P35|P4|P43|P44|P48|P9,P13|P19|P2|P21|P33|P40
attention,3,3,"1__extra_trees__late_weighted__0.25,0.75",0.3568027319879183,P12|P20|P22|P24|P26|P3|P30|P34|P35|P4|P43|P44|P48|P9,P13|P19|P2|P21|P33|P40
attention,3,3,"1__extra_trees__late_weighted__0.5,0.5",0.34507219275040074,P12|P20|P22|P24|P26|P3|P30|P34|P35|P4|P43|P44|P48|P9,P13|P19|P2|P21|P33|P40
attention,3,3,"1__extra_trees__late_weighted__0.75,0.25",0.3296796668159814,P12|P20|P22|P24|P26|P3|P30|P34|P35|P4|P43|P44|P48|P9,P13|P19|P2|P21|P33|P40
attention,3,3,"1__extra_trees__unimodal__1.0,0.0",0.3180712885340678,P12|P20|P22|P24|P26|P3|P30|P34|P35|P4|P43|P44|P48|P9,P13|P19|P2|P21|P33|P40
attention,3,3,"1__extra_trees__unimodal__0.0,1.0",0.36204863209468746,P12|P20|P22|P24|P26|P3|P30|P34|P35|P4|P43|P44|P48|P9,P13|P19|P2|P21|P33|P40
attention,3,3,8__logistic__early__,0.32296159220933063,P12|P20|P22|P24|P26|P3|P30|P34|P35|P4|P43|P44|P48|P9,P13|P19|P2|P21|P33|P40
attention,3,3,"8__logistic__late_mean__0.5,0.5",0.32859201208752625,P12|P20|P22|P24|P26|P3|P30|P34|P35|P4|P43|P44|P48|P9,P13|P19|P2|P21|P33|P40
attention,3,3,"8__logistic__late_geometric__0.5,0.5",0.32859446517587787,P12|P20|P22|P24|P26|P3|P30|P34|P35|P4|P43|P44|P48|P9,P13|P19|P2|P21|P33|P40
attention,3,3,"8__logistic__late_weighted__0.25,0.75",0.3314324252447936,P12|P20|P22|P24|P26|P3|P30|P34|P35|P4|P43|P44|P48|P9,P13|P19|P2|P21|P33|P40
attention,3,3,"8__logistic__late_weighted__0.5,0.5",0.32859201208752625,P12|P20|P22|P24|P26|P3|P30|P34|P35|P4|P43|P44|P48|P9,P13|P19|P2|P21|P33|P40
attention,3,3,"8__logistic__late_weighted__0.75,0.25",0.3254937981597324,P12|P20|P22|P24|P26|P3|P30|P34|P35|P4|P43|P44|P48|P9,P13|P19|P2|P21|P33|P40
attention,3,3,"8__logistic__unimodal__1.0,0.0",0.33268418499254376,P12|P20|P22|P24|P26|P3|P30|P34|P35|P4|P43|P44|P48|P9,P13|P19|P2|P21|P33|P40
attention,3,3,"8__logistic__unimodal__0.0,1.0",0.3418622452188827,P12|P20|P22|P24|P26|P3|P30|P34|P35|P4|P43|P44|P48|P9,P13|P19|P2|P21|P33|P40
attention,3,3,8__lda__early__,0.31890456745952456,P12|P20|P22|P24|P26|P3|P30|P34|P35|P4|P43|P44|P48|P9,P13|P19|P2|P21|P33|P40
attention,3,3,"8__lda__late_mean__0.5,0.5",0.32508021953747734,P12|P20|P22|P24|P26|P3|P30|P34|P35|P4|P43|P44|P48|P9,P13|P19|P2|P21|P33|P40
attention,3,3,"8__lda__late_geometric__0.5,0.5",0.32387154523025896,P12|P20|P22|P24|P26|P3|P30|P34|P35|P4|P43|P44|P48|P9,P13|P19|P2|P21|P33|P40
attention,3,3,"8__lda__late_weighted__0.25,0.75",0.3286202376900103,P12|P20|P22|P24|P26|P3|P30|P34|P35|P4|P43|P44|P48|P9,P13|P19|P2|P21|P33|P40
attention,3,3,"8__lda__late_weighted__0.5,0.5",0.32508021953747734,P12|P20|P22|P24|P26|P3|P30|P34|P35|P4|P43|P44|P48|P9,P13|P19|P2|P21|P33|P40
attention,3,3,"8__lda__late_weighted__0.75,0.25",0.3230527571747224,P12|P20|P22|P24|P26|P3|P30|P34|P35|P4|P43|P44|P48|P9,P13|P19|P2|P21|P33|P40
attention,3,3,"8__lda__unimodal__1.0,0.0",0.32607655723674783,P12|P20|P22|P24|P26|P3|P30|P34|P35|P4|P43|P44|P48|P9,P13|P19|P2|P21|P33|P40
attention,3,3,"8__lda__unimodal__0.0,1.0",0.336869227444639,P12|P20|P22|P24|P26|P3|P30|P34|P35|P4|P43|P44|P48|P9,P13|P19|P2|P21|P33|P40
attention,3,3,8__extra_trees__early__,0.3465939814901709,P12|P20|P22|P24|P26|P3|P30|P34|P35|P4|P43|P44|P48|P9,P13|P19|P2|P21|P33|P40
attention,3,3,"8__extra_trees__late_mean__0.5,0.5",0.34939502679850865,P12|P20|P22|P24|P26|P3|P30|P34|P35|P4|P43|P44|P48|P9,P13|P19|P2|P21|P33|P40
attention,3,3,"8__extra_trees__late_geometric__0.5,0.5",0.35069419309397404,P12|P20|P22|P24|P26|P3|P30|P34|P35|P4|P43|P44|P48|P9,P13|P19|P2|P21|P33|P40
attention,3,3,"8__extra_trees__late_weighted__0.25,0.75",0.35666330767945026,P12|P20|P22|P24|P26|P3|P30|P34|P35|P4|P43|P44|P48|P9,P13|P19|P2|P21|P33|P40
attention,3,3,"8__extra_trees__late_weighted__0.5,0.5",0.34939502679850865,P12|P20|P22|P24|P26|P3|P30|P34|P35|P4|P43|P44|P48|P9,P13|P19|P2|P21|P33|P40
attention,3,3,"8__extra_trees__late_weighted__0.75,0.25",0.3457988744371612,P12|P20|P22|P24|P26|P3|P30|P34|P35|P4|P43|P44|P48|P9,P13|P19|P2|P21|P33|P40
attention,3,3,"8__extra_trees__unimodal__1.0,0.0",0.32444108659186904,P12|P20|P22|P24|P26|P3|P30|P34|P35|P4|P43|P44|P48|P9,P13|P19|P2|P21|P33|P40
attention,3,3,"8__extra_trees__unimodal__0.0,1.0",0.3578897620221027,P12|P20|P22|P24|P26|P3|P30|P34|P35|P4|P43|P44|P48|P9,P13|P19|P2|P21|P33|P40
attention,4,1,1__logistic__early__,0.34583716015602184,P12|P13|P18|P2|P22|P24|P26|P34|P35|P36|P40|P44|P46,P19|P21|P27|P30|P43|P48|P8
attention,4,1,"1__logistic__late_mean__0.5,0.5",0.3456487628798392,P12|P13|P18|P2|P22|P24|P26|P34|P35|P36|P40|P44|P46,P19|P21|P27|P30|P43|P48|P8
attention,4,1,"1__logistic__late_geometric__0.5,0.5",0.34476456351033,P12|P13|P18|P2|P22|P24|P26|P34|P35|P36|P40|P44|P46,P19|P21|P27|P30|P43|P48|P8
attention,4,1,"1__logistic__late_weighted__0.25,0.75",0.3378667556491446,P12|P13|P18|P2|P22|P24|P26|P34|P35|P36|P40|P44|P46,P19|P21|P27|P30|P43|P48|P8
attention,4,1,"1__logistic__late_weighted__0.5,0.5",0.3456487628798392,P12|P13|P18|P2|P22|P24|P26|P34|P35|P36|P40|P44|P46,P19|P21|P27|P30|P43|P48|P8
attention,4,1,"1__logistic__late_weighted__0.75,0.25",0.3504962689987491,P12|P13|P18|P2|P22|P24|P26|P34|P35|P36|P40|P44|P46,P19|P21|P27|P30|P43|P48|P8
attention,4,1,"1__logistic__unimodal__1.0,0.0",0.3451537255175026,P12|P13|P18|P2|P22|P24|P26|P34|P35|P36|P40|P44|P46,P19|P21|P27|P30|P43|P48|P8
attention,4,1,"1__logistic__unimodal__0.0,1.0",0.3214635142337053,P12|P13|P18|P2|P22|P24|P26|P34|P35|P36|P40|P44|P46,P19|P21|P27|P30|P43|P48|P8
attention,4,1,1__lda__early__,0.3479230288901956,P12|P13|P18|P2|P22|P24|P26|P34|P35|P36|P40|P44|P46,P19|P21|P27|P30|P43|P48|P8
attention,4,1,"1__lda__late_mean__0.5,0.5",0.3458856572875192,P12|P13|P18|P2|P22|P24|P26|P34|P35|P36|P40|P44|P46,P19|P21|P27|P30|P43|P48|P8
attention,4,1,"1__lda__late_geometric__0.5,0.5",0.34613039291292774,P12|P13|P18|P2|P22|P24|P26|P34|P35|P36|P40|P44|P46,P19|P21|P27|P30|P43|P48|P8
attention,4,1,"1__lda__late_weighted__0.25,0.75",0.3346886686776153,P12|P13|P18|P2|P22|P24|P26|P34|P35|P36|P40|P44|P46,P19|P21|P27|P30|P43|P48|P8
attention,4,1,"1__lda__late_weighted__0.5,0.5",0.3458856572875192,P12|P13|P18|P2|P22|P24|P26|P34|P35|P36|P40|P44|P46,P19|P21|P27|P30|P43|P48|P8
attention,4,1,"1__lda__late_weighted__0.75,0.25",0.3555582878621017,P12|P13|P18|P2|P22|P24|P26|P34|P35|P36|P40|P44|P46,P19|P21|P27|P30|P43|P48|P8
attention,4,1,"1__lda__unimodal__1.0,0.0",0.3496877211588555,P12|P13|P18|P2|P22|P24|P26|P34|P35|P36|P40|P44|P46,P19|P21|P27|P30|P43|P48|P8
attention,4,1,"1__lda__unimodal__0.0,1.0",0.32430255435907435,P12|P13|P18|P2|P22|P24|P26|P34|P35|P36|P40|P44|P46,P19|P21|P27|P30|P43|P48|P8
attention,4,1,1__extra_trees__early__,0.33518061501914614,P12|P13|P18|P2|P22|P24|P26|P34|P35|P36|P40|P44|P46,P19|P21|P27|P30|P43|P48|P8
attention,4,1,"1__extra_trees__late_mean__0.5,0.5",0.3439190503240576,P12|P13|P18|P2|P22|P24|P26|P34|P35|P36|P40|P44|P46,P19|P21|P27|P30|P43|P48|P8
attention,4,1,"1__extra_trees__late_geometric__0.5,0.5",0.3431520348838616,P12|P13|P18|P2|P22|P24|P26|P34|P35|P36|P40|P44|P46,P19|P21|P27|P30|P43|P48|P8
attention,4,1,"1__extra_trees__late_weighted__0.25,0.75",0.34010870100567425,P12|P13|P18|P2|P22|P24|P26|P34|P35|P36|P40|P44|P46,P19|P21|P27|P30|P43|P48|P8
attention,4,1,"1__extra_trees__late_weighted__0.5,0.5",0.3439190503240576,P12|P13|P18|P2|P22|P24|P26|P34|P35|P36|P40|P44|P46,P19|P21|P27|P30|P43|P48|P8
attention,4,1,"1__extra_trees__late_weighted__0.75,0.25",0.33925699262790154,P12|P13|P18|P2|P22|P24|P26|P34|P35|P36|P40|P44|P46,P19|P21|P27|P30|P43|P48|P8
attention,4,1,"1__extra_trees__unimodal__1.0,0.0",0.3465699516594231,P12|P13|P18|P2|P22|P24|P26|P34|P35|P36|P40|P44|P46,P19|P21|P27|P30|P43|P48|P8
attention,4,1,"1__extra_trees__unimodal__0.0,1.0",0.335893408292927,P12|P13|P18|P2|P22|P24|P26|P34|P35|P36|P40|P44|P46,P19|P21|P27|P30|P43|P48|P8
attention,4,1,8__logistic__early__,0.33124687328827107,P12|P13|P18|P2|P22|P24|P26|P34|P35|P36|P40|P44|P46,P19|P21|P27|P30|P43|P48|P8
attention,4,1,"8__logistic__late_mean__0.5,0.5",0.3281044462218662,P12|P13|P18|P2|P22|P24|P26|P34|P35|P36|P40|P44|P46,P19|P21|P27|P30|P43|P48|P8
attention,4,1,"8__logistic__late_geometric__0.5,0.5",0.32904100228859445,P12|P13|P18|P2|P22|P24|P26|P34|P35|P36|P40|P44|P46,P19|P21|P27|P30|P43|P48|P8
attention,4,1,"8__logistic__late_weighted__0.25,0.75",0.3340856049765689,P12|P13|P18|P2|P22|P24|P26|P34|P35|P36|P40|P44|P46,P19|P21|P27|P30|P43|P48|P8
attention,4,1,"8__logistic__late_weighted__0.5,0.5",0.3281044462218662,P12|P13|P18|P2|P22|P24|P26|P34|P35|P36|P40|P44|P46,P19|P21|P27|P30|P43|P48|P8
attention,4,1,"8__logistic__late_weighted__0.75,0.25",0.34120611869917533,P12|P13|P18|P2|P22|P24|P26|P34|P35|P36|P40|P44|P46,P19|P21|P27|P30|P43|P48|P8
attention,4,1,"8__logistic__unimodal__1.0,0.0",0.3467364699347125,P12|P13|P18|P2|P22|P24|P26|P34|P35|P36|P40|P44|P46,P19|P21|P27|P30|P43|P48|P8
attention,4,1,"8__logistic__unimodal__0.0,1.0",0.33239562800118577,P12|P13|P18|P2|P22|P24|P26|P34|P35|P36|P40|P44|P46,P19|P21|P27|P30|P43|P48|P8
attention,4,1,8__lda__early__,0.33769507113542335,P12|P13|P18|P2|P22|P24|P26|P34|P35|P36|P40|P44|P46,P19|P21|P27|P30|P43|P48|P8
attention,4,1,"8__lda__late_mean__0.5,0.5",0.33301416110554377,P12|P13|P18|P2|P22|P24|P26|P34|P35|P36|P40|P44|P46,P19|P21|P27|P30|P43|P48|P8
attention,4,1,"8__lda__late_geometric__0.5,0.5",0.33197214518964613,P12|P13|P18|P2|P22|P24|P26|P34|P35|P36|P40|P44|P46,P19|P21|P27|P30|P43|P48|P8
attention,4,1,"8__lda__late_weighted__0.25,0.75",0.3314163428859391,P12|P13|P18|P2|P22|P24|P26|P34|P35|P36|P40|P44|P46,P19|P21|P27|P30|P43|P48|P8
attention,4,1,"8__lda__late_weighted__0.5,0.5",0.33301416110554377,P12|P13|P18|P2|P22|P24|P26|P34|P35|P36|P40|P44|P46,P19|P21|P27|P30|P43|P48|P8
attention,4,1,"8__lda__late_weighted__0.75,0.25",0.34257326548142847,P12|P13|P18|P2|P22|P24|P26|P34|P35|P36|P40|P44|P46,P19|P21|P27|P30|P43|P48|P8
attention,4,1,"8__lda__unimodal__1.0,0.0",0.34955942218012703,P12|P13|P18|P2|P22|P24|P26|P34|P35|P36|P40|P44|P46,P19|P21|P27|P30|P43|P48|P8
attention,4,1,"8__lda__unimodal__0.0,1.0",0.3259449565281008,P12|P13|P18|P2|P22|P24|P26|P34|P35|P36|P40|P44|P46,P19|P21|P27|P30|P43|P48|P8
attention,4,1,8__extra_trees__early__,0.32967755341169064,P12|P13|P18|P2|P22|P24|P26|P34|P35|P36|P40|P44|P46,P19|P21|P27|P30|P43|P48|P8
attention,4,1,"8__extra_trees__late_mean__0.5,0.5",0.33621140626009577,P12|P13|P18|P2|P22|P24|P26|P34|P35|P36|P40|P44|P46,P19|P21|P27|P30|P43|P48|P8
attention,4,1,"8__extra_trees__late_geometric__0.5,0.5",0.3358002400347053,P12|P13|P18|P2|P22|P24|P26|P34|P35|P36|P40|P44|P46,P19|P21|P27|P30|P43|P48|P8
attention,4,1,"8__extra_trees__late_weighted__0.25,0.75",0.33118959227883416,P12|P13|P18|P2|P22|P24|P26|P34|P35|P36|P40|P44|P46,P19|P21|P27|P30|P43|P48|P8
attention,4,1,"8__extra_trees__late_weighted__0.5,0.5",0.33621140626009577,P12|P13|P18|P2|P22|P24|P26|P34|P35|P36|P40|P44|P46,P19|P21|P27|P30|P43|P48|P8
attention,4,1,"8__extra_trees__late_weighted__0.75,0.25",0.322126260433811,P12|P13|P18|P2|P22|P24|P26|P34|P35|P36|P40|P44|P46,P19|P21|P27|P30|P43|P48|P8
attention,4,1,"8__extra_trees__unimodal__1.0,0.0",0.3256992739809034,P12|P13|P18|P2|P22|P24|P26|P34|P35|P36|P40|P44|P46,P19|P21|P27|P30|P43|P48|P8
attention,4,1,"8__extra_trees__unimodal__0.0,1.0",0.33791784232880995,P12|P13|P18|P2|P22|P24|P26|P34|P35|P36|P40|P44|P46,P19|P21|P27|P30|P43|P48|P8
attention,4,2,1__logistic__early__,0.3434424300030686,P13|P19|P2|P21|P24|P27|P30|P35|P36|P43|P46|P48|P8,P12|P18|P22|P26|P34|P40|P44
attention,4,2,"1__logistic__late_mean__0.5,0.5",0.3453021556320784,P13|P19|P2|P21|P24|P27|P30|P35|P36|P43|P46|P48|P8,P12|P18|P22|P26|P34|P40|P44
attention,4,2,"1__logistic__late_geometric__0.5,0.5",0.3454903554661541,P13|P19|P2|P21|P24|P27|P30|P35|P36|P43|P46|P48|P8,P12|P18|P22|P26|P34|P40|P44
attention,4,2,"1__logistic__late_weighted__0.25,0.75",0.3342872396602976,P13|P19|P2|P21|P24|P27|P30|P35|P36|P43|P46|P48|P8,P12|P18|P22|P26|P34|P40|P44
attention,4,2,"1__logistic__late_weighted__0.5,0.5",0.3453021556320784,P13|P19|P2|P21|P24|P27|P30|P35|P36|P43|P46|P48|P8,P12|P18|P22|P26|P34|P40|P44
attention,4,2,"1__logistic__late_weighted__0.75,0.25",0.34901305504781943,P13|P19|P2|P21|P24|P27|P30|P35|P36|P43|P46|P48|P8,P12|P18|P22|P26|P34|P40|P44
attention,4,2,"1__logistic__unimodal__1.0,0.0",0.3515782217577104,P13|P19|P2|P21|P24|P27|P30|P35|P36|P43|P46|P48|P8,P12|P18|P22|P26|P34|P40|P44
attention,4,2,"1__logistic__unimodal__0.0,1.0",0.3323315307867492,P13|P19|P2|P21|P24|P27|P30|P35|P36|P43|P46|P48|P8,P12|P18|P22|P26|P34|P40|P44
attention,4,2,1__lda__early__,0.3403780468478611,P13|P19|P2|P21|P24|P27|P30|P35|P36|P43|P46|P48|P8,P12|P18|P22|P26|P34|P40|P44
attention,4,2,"1__lda__late_mean__0.5,0.5",0.3458535196558441,P13|P19|P2|P21|P24|P27|P30|P35|P36|P43|P46|P48|P8,P12|P18|P22|P26|P34|P40|P44
attention,4,2,"1__lda__late_geometric__0.5,0.5",0.34527549409977487,P13|P19|P2|P21|P24|P27|P30|P35|P36|P43|P46|P48|P8,P12|P18|P22|P26|P34|P40|P44
attention,4,2,"1__lda__late_weighted__0.25,0.75",0.3371996299299619,P13|P19|P2|P21|P24|P27|P30|P35|P36|P43|P46|P48|P8,P12|P18|P22|P26|P34|P40|P44
attention,4,2,"1__lda__late_weighted__0.5,0.5",0.3458535196558441,P13|P19|P2|P21|P24|P27|P30|P35|P36|P43|P46|P48|P8,P12|P18|P22|P26|P34|P40|P44
attention,4,2,"1__lda__late_weighted__0.75,0.25",0.35414744328995107,P13|P19|P2|P21|P24|P27|P30|P35|P36|P43|P46|P48|P8,P12|P18|P22|P26|P34|P40|P44
attention,4,2,"1__lda__unimodal__1.0,0.0",0.35556704880150525,P13|P19|P2|P21|P24|P27|P30|P35|P36|P43|P46|P48|P8,P12|P18|P22|P26|P34|P40|P44
attention,4,2,"1__lda__unimodal__0.0,1.0",0.3323316729291715,P13|P19|P2|P21|P24|P27|P30|P35|P36|P43|P46|P48|P8,P12|P18|P22|P26|P34|P40|P44
attention,4,2,1__extra_trees__early__,0.3382720690476807,P13|P19|P2|P21|P24|P27|P30|P35|P36|P43|P46|P48|P8,P12|P18|P22|P26|P34|P40|P44
attention,4,2,"1__extra_trees__late_mean__0.5,0.5",0.35164947494655,P13|P19|P2|P21|P24|P27|P30|P35|P36|P43|P46|P48|P8,P12|P18|P22|P26|P34|P40|P44
attention,4,2,"1__extra_trees__late_geometric__0.5,0.5",0.3529666632722256,P13|P19|P2|P21|P24|P27|P30|P35|P36|P43|P46|P48|P8,P12|P18|P22|P26|P34|P40|P44
attention,4,2,"1__extra_trees__late_weighted__0.25,0.75",0.3602454305064096,P13|P19|P2|P21|P24|P27|P30|P35|P36|P43|P46|P48|P8,P12|P18|P22|P26|P34|P40|P44
attention,4,2,"1__extra_trees__late_weighted__0.5,0.5",0.35164947494655,P13|P19|P2|P21|P24|P27|P30|P35|P36|P43|P46|P48|P8,P12|P18|P22|P26|P34|P40|P44
attention,4,2,"1__extra_trees__late_weighted__0.75,0.25",0.3402720868403251,P13|P19|P2|P21|P24|P27|P30|P35|P36|P43|P46|P48|P8,P12|P18|P22|P26|P34|P40|P44
attention,4,2,"1__extra_trees__unimodal__1.0,0.0",0.34757182825973254,P13|P19|P2|P21|P24|P27|P30|P35|P36|P43|P46|P48|P8,P12|P18|P22|P26|P34|P40|P44
attention,4,2,"1__extra_trees__unimodal__0.0,1.0",0.3537050381318799,P13|P19|P2|P21|P24|P27|P30|P35|P36|P43|P46|P48|P8,P12|P18|P22|P26|P34|P40|P44
attention,4,2,8__logistic__early__,0.3380487850191686,P13|P19|P2|P21|P24|P27|P30|P35|P36|P43|P46|P48|P8,P12|P18|P22|P26|P34|P40|P44
attention,4,2,"8__logistic__late_mean__0.5,0.5",0.3369470567339895,P13|P19|P2|P21|P24|P27|P30|P35|P36|P43|P46|P48|P8,P12|P18|P22|P26|P34|P40|P44
attention,4,2,"8__logistic__late_geometric__0.5,0.5",0.33533081314034424,P13|P19|P2|P21|P24|P27|P30|P35|P36|P43|P46|P48|P8,P12|P18|P22|P26|P34|P40|P44
attention,4,2,"8__logistic__late_weighted__0.25,0.75",0.33469201820677535,P13|P19|P2|P21|P24|P27|P30|P35|P36|P43|P46|P48|P8,P12|P18|P22|P26|P34|P40|P44
attention,4,2,"8__logistic__late_weighted__0.5,0.5",0.3369470567339895,P13|P19|P2|P21|P24|P27|P30|P35|P36|P43|P46|P48|P8,P12|P18|P22|P26|P34|P40|P44
attention,4,2,"8__logistic__late_weighted__0.75,0.25",0.3415697836520087,P13|P19|P2|P21|P24|P27|P30|P35|P36|P43|P46|P48|P8,P12|P18|P22|P26|P34|P40|P44
attention,4,2,"8__logistic__unimodal__1.0,0.0",0.35303448778560104,P13|P19|P2|P21|P24|P27|P30|P35|P36|P43|P46|P48|P8,P12|P18|P22|P26|P34|P40|P44
attention,4,2,"8__logistic__unimodal__0.0,1.0",0.33582070739590425,P13|P19|P2|P21|P24|P27|P30|P35|P36|P43|P46|P48|P8,P12|P18|P22|P26|P34|P40|P44
attention,4,2,8__lda__early__,0.3403052280131927,P13|P19|P2|P21|P24|P27|P30|P35|P36|P43|P46|P48|P8,P12|P18|P22|P26|P34|P40|P44
attention,4,2,"8__lda__late_mean__0.5,0.5",0.33449828826992256,P13|P19|P2|P21|P24|P27|P30|P35|P36|P43|P46|P48|P8,P12|P18|P22|P26|P34|P40|P44
attention,4,2,"8__lda__late_geometric__0.5,0.5",0.333061612233525,P13|P19|P2|P21|P24|P27|P30|P35|P36|P43|P46|P48|P8,P12|P18|P22|P26|P34|P40|P44
attention,4,2,"8__lda__late_weighted__0.25,0.75",0.3390203976613807,P13|P19|P2|P21|P24|P27|P30|P35|P36|P43|P46|P48|P8,P12|P18|P22|P26|P34|P40|P44
attention,4,2,"8__lda__late_weighted__0.5,0.5",0.33449828826992256,P13|P19|P2|P21|P24|P27|P30|P35|P36|P43|P46|P48|P8,P12|P18|P22|P26|P34|P40|P44
attention,4,2,"8__lda__late_weighted__0.75,0.25",0.34540470177716476,P13|P19|P2|P21|P24|P27|P30|P35|P36|P43|P46|P48|P8,P12|P18|P22|P26|P34|P40|P44
attention,4,2,"8__lda__unimodal__1.0,0.0",0.3534128072243088,P13|P19|P2|P21|P24|P27|P30|P35|P36|P43|P46|P48|P8,P12|P18|P22|P26|P34|P40|P44
attention,4,2,"8__lda__unimodal__0.0,1.0",0.3407923622102519,P13|P19|P2|P21|P24|P27|P30|P35|P36|P43|P46|P48|P8,P12|P18|P22|P26|P34|P40|P44
attention,4,2,8__extra_trees__early__,0.34381316073252394,P13|P19|P2|P21|P24|P27|P30|P35|P36|P43|P46|P48|P8,P12|P18|P22|P26|P34|P40|P44
attention,4,2,"8__extra_trees__late_mean__0.5,0.5",0.3376758142192304,P13|P19|P2|P21|P24|P27|P30|P35|P36|P43|P46|P48|P8,P12|P18|P22|P26|P34|P40|P44
attention,4,2,"8__extra_trees__late_geometric__0.5,0.5",0.34029629548431234,P13|P19|P2|P21|P24|P27|P30|P35|P36|P43|P46|P48|P8,P12|P18|P22|P26|P34|P40|P44
attention,4,2,"8__extra_trees__late_weighted__0.25,0.75",0.3333555215391001,P13|P19|P2|P21|P24|P27|P30|P35|P36|P43|P46|P48|P8,P12|P18|P22|P26|P34|P40|P44
attention,4,2,"8__extra_trees__late_weighted__0.5,0.5",0.3376758142192304,P13|P19|P2|P21|P24|P27|P30|P35|P36|P43|P46|P48|P8,P12|P18|P22|P26|P34|P40|P44
attention,4,2,"8__extra_trees__late_weighted__0.75,0.25",0.3400382566009711,P13|P19|P2|P21|P24|P27|P30|P35|P36|P43|P46|P48|P8,P12|P18|P22|P26|P34|P40|P44
attention,4,2,"8__extra_trees__unimodal__1.0,0.0",0.3372180249282228,P13|P19|P2|P21|P24|P27|P30|P35|P36|P43|P46|P48|P8,P12|P18|P22|P26|P34|P40|P44
attention,4,2,"8__extra_trees__unimodal__0.0,1.0",0.34362402255519003,P13|P19|P2|P21|P24|P27|P30|P35|P36|P43|P46|P48|P8,P12|P18|P22|P26|P34|P40|P44
attention,4,3,1__logistic__early__,0.3312888394909877,P12|P18|P19|P21|P22|P26|P27|P30|P34|P40|P43|P44|P48|P8,P13|P2|P24|P35|P36|P46
attention,4,3,"1__logistic__late_mean__0.5,0.5",0.32757717436588946,P12|P18|P19|P21|P22|P26|P27|P30|P34|P40|P43|P44|P48|P8,P13|P2|P24|P35|P36|P46
attention,4,3,"1__logistic__late_geometric__0.5,0.5",0.3279737440506059,P12|P18|P19|P21|P22|P26|P27|P30|P34|P40|P43|P44|P48|P8,P13|P2|P24|P35|P36|P46
attention,4,3,"1__logistic__late_weighted__0.25,0.75",0.3398004767528373,P12|P18|P19|P21|P22|P26|P27|P30|P34|P40|P43|P44|P48|P8,P13|P2|P24|P35|P36|P46
attention,4,3,"1__logistic__late_weighted__0.5,0.5",0.32757717436588946,P12|P18|P19|P21|P22|P26|P27|P30|P34|P40|P43|P44|P48|P8,P13|P2|P24|P35|P36|P46
attention,4,3,"1__logistic__late_weighted__0.75,0.25",0.3164419309130229,P12|P18|P19|P21|P22|P26|P27|P30|P34|P40|P43|P44|P48|P8,P13|P2|P24|P35|P36|P46
attention,4,3,"1__logistic__unimodal__1.0,0.0",0.3172912911364426,P12|P18|P19|P21|P22|P26|P27|P30|P34|P40|P43|P44|P48|P8,P13|P2|P24|P35|P36|P46
attention,4,3,"1__logistic__unimodal__0.0,1.0",0.3288156695068821,P12|P18|P19|P21|P22|P26|P27|P30|P34|P40|P43|P44|P48|P8,P13|P2|P24|P35|P36|P46
attention,4,3,1__lda__early__,0.32608564073878743,P12|P18|P19|P21|P22|P26|P27|P30|P34|P40|P43|P44|P48|P8,P13|P2|P24|P35|P36|P46
attention,4,3,"1__lda__late_mean__0.5,0.5",0.3254490517564992,P12|P18|P19|P21|P22|P26|P27|P30|P34|P40|P43|P44|P48|P8,P13|P2|P24|P35|P36|P46
attention,4,3,"1__lda__late_geometric__0.5,0.5",0.32591924487579393,P12|P18|P19|P21|P22|P26|P27|P30|P34|P40|P43|P44|P48|P8,P13|P2|P24|P35|P36|P46
attention,4,3,"1__lda__late_weighted__0.25,0.75",0.3339168892530708,P12|P18|P19|P21|P22|P26|P27|P30|P34|P40|P43|P44|P48|P8,P13|P2|P24|P35|P36|P46
attention,4,3,"1__lda__late_weighted__0.5,0.5",0.3254490517564992,P12|P18|P19|P21|P22|P26|P27|P30|P34|P40|P43|P44|P48|P8,P13|P2|P24|P35|P36|P46
attention,4,3,"1__lda__late_weighted__0.75,0.25",0.31241540879515856,P12|P18|P19|P21|P22|P26|P27|P30|P34|P40|P43|P44|P48|P8,P13|P2|P24|P35|P36|P46
attention,4,3,"1__lda__unimodal__1.0,0.0",0.3209901170604815,P12|P18|P19|P21|P22|P26|P27|P30|P34|P40|P43|P44|P48|P8,P13|P2|P24|P35|P36|P46
attention,4,3,"1__lda__unimodal__0.0,1.0",0.33193467411636907,P12|P18|P19|P21|P22|P26|P27|P30|P34|P40|P43|P44|P48|P8,P13|P2|P24|P35|P36|P46
attention,4,3,1__extra_trees__early__,0.322611260059578,P12|P18|P19|P21|P22|P26|P27|P30|P34|P40|P43|P44|P48|P8,P13|P2|P24|P35|P36|P46
attention,4,3,"1__extra_trees__late_mean__0.5,0.5",0.33191409561798896,P12|P18|P19|P21|P22|P26|P27|P30|P34|P40|P43|P44|P48|P8,P13|P2|P24|P35|P36|P46
attention,4,3,"1__extra_trees__late_geometric__0.5,0.5",0.33073961727419227,P12|P18|P19|P21|P22|P26|P27|P30|P34|P40|P43|P44|P48|P8,P13|P2|P24|P35|P36|P46
attention,4,3,"1__extra_trees__late_weighted__0.25,0.75",0.3212255001350279,P12|P18|P19|P21|P22|P26|P27|P30|P34|P40|P43|P44|P48|P8,P13|P2|P24|P35|P36|P46
attention,4,3,"1__extra_trees__late_weighted__0.5,0.5",0.33191409561798896,P12|P18|P19|P21|P22|P26|P27|P30|P34|P40|P43|P44|P48|P8,P13|P2|P24|P35|P36|P46
attention,4,3,"1__extra_trees__late_weighted__0.75,0.25",0.33172470720568564,P12|P18|P19|P21|P22|P26|P27|P30|P34|P40|P43|P44|P48|P8,P13|P2|P24|P35|P36|P46
attention,4,3,"1__extra_trees__unimodal__1.0,0.0",0.33233672787361307,P12|P18|P19|P21|P22|P26|P27|P30|P34|P40|P43|P44|P48|P8,P13|P2|P24|P35|P36|P46
attention,4,3,"1__extra_trees__unimodal__0.0,1.0",0.34205989792777136,P12|P18|P19|P21|P22|P26|P27|P30|P34|P40|P43|P44|P48|P8,P13|P2|P24|P35|P36|P46
attention,4,3,8__logistic__early__,0.33835290584973676,P12|P18|P19|P21|P22|P26|P27|P30|P34|P40|P43|P44|P48|P8,P13|P2|P24|P35|P36|P46
attention,4,3,"8__logistic__late_mean__0.5,0.5",0.3384486702323497,P12|P18|P19|P21|P22|P26|P27|P30|P34|P40|P43|P44|P48|P8,P13|P2|P24|P35|P36|P46
attention,4,3,"8__logistic__late_geometric__0.5,0.5",0.3377772524087879,P12|P18|P19|P21|P22|P26|P27|P30|P34|P40|P43|P44|P48|P8,P13|P2|P24|P35|P36|P46
attention,4,3,"8__logistic__late_weighted__0.25,0.75",0.32789253566748244,P12|P18|P19|P21|P22|P26|P27|P30|P34|P40|P43|P44|P48|P8,P13|P2|P24|P35|P36|P46
attention,4,3,"8__logistic__late_weighted__0.5,0.5",0.3384486702323497,P12|P18|P19|P21|P22|P26|P27|P30|P34|P40|P43|P44|P48|P8,P13|P2|P24|P35|P36|P46
attention,4,3,"8__logistic__late_weighted__0.75,0.25",0.3340574690110725,P12|P18|P19|P21|P22|P26|P27|P30|P34|P40|P43|P44|P48|P8,P13|P2|P24|P35|P36|P46
attention,4,3,"8__logistic__unimodal__1.0,0.0",0.33183136150605624,P12|P18|P19|P21|P22|P26|P27|P30|P34|P40|P43|P44|P48|P8,P13|P2|P24|P35|P36|P46
attention,4,3,"8__logistic__unimodal__0.0,1.0",0.32305791317954285,P12|P18|P19|P21|P22|P26|P27|P30|P34|P40|P43|P44|P48|P8,P13|P2|P24|P35|P36|P46
attention,4,3,8__lda__early__,0.3336446081056314,P12|P18|P19|P21|P22|P26|P27|P30|P34|P40|P43|P44|P48|P8,P13|P2|P24|P35|P36|P46
attention,4,3,"8__lda__late_mean__0.5,0.5",0.337613136034374,P12|P18|P19|P21|P22|P26|P27|P30|P34|P40|P43|P44|P48|P8,P13|P2|P24|P35|P36|P46
attention,4,3,"8__lda__late_geometric__0.5,0.5",0.3391749345984169,P12|P18|P19|P21|P22|P26|P27|P30|P34|P40|P43|P44|P48|P8,P13|P2|P24|P35|P36|P46
attention,4,3,"8__lda__late_weighted__0.25,0.75",0.3259689272830068,P12|P18|P19|P21|P22|P26|P27|P30|P34|P40|P43|P44|P48|P8,P13|P2|P24|P35|P36|P46
attention,4,3,"8__lda__late_weighted__0.5,0.5",0.337613136034374,P12|P18|P19|P21|P22|P26|P27|P30|P34|P40|P43|P44|P48|P8,P13|P2|P24|P35|P36|P46
attention,4,3,"8__lda__late_weighted__0.75,0.25",0.33602613734647213,P12|P18|P19|P21|P22|P26|P27|P30|P34|P40|P43|P44|P48|P8,P13|P2|P24|P35|P36|P46
attention,4,3,"8__lda__unimodal__1.0,0.0",0.3336766212956064,P12|P18|P19|P21|P22|P26|P27|P30|P34|P40|P43|P44|P48|P8,P13|P2|P24|P35|P36|P46
attention,4,3,"8__lda__unimodal__0.0,1.0",0.3182864161828068,P12|P18|P19|P21|P22|P26|P27|P30|P34|P40|P43|P44|P48|P8,P13|P2|P24|P35|P36|P46
attention,4,3,8__extra_trees__early__,0.3115937804163381,P12|P18|P19|P21|P22|P26|P27|P30|P34|P40|P43|P44|P48|P8,P13|P2|P24|P35|P36|P46
attention,4,3,"8__extra_trees__late_mean__0.5,0.5",0.3330270965279672,P12|P18|P19|P21|P22|P26|P27|P30|P34|P40|P43|P44|P48|P8,P13|P2|P24|P35|P36|P46
attention,4,3,"8__extra_trees__late_geometric__0.5,0.5",0.3330381170785755,P12|P18|P19|P21|P22|P26|P27|P30|P34|P40|P43|P44|P48|P8,P13|P2|P24|P35|P36|P46
attention,4,3,"8__extra_trees__late_weighted__0.25,0.75",0.34696719852054975,P12|P18|P19|P21|P22|P26|P27|P30|P34|P40|P43|P44|P48|P8,P13|P2|P24|P35|P36|P46
attention,4,3,"8__extra_trees__late_weighted__0.5,0.5",0.3330270965279672,P12|P18|P19|P21|P22|P26|P27|P30|P34|P40|P43|P44|P48|P8,P13|P2|P24|P35|P36|P46
attention,4,3,"8__extra_trees__late_weighted__0.75,0.25",0.32455407848875434,P12|P18|P19|P21|P22|P26|P27|P30|P34|P40|P43|P44|P48|P8,P13|P2|P24|P35|P36|P46
attention,4,3,"8__extra_trees__unimodal__1.0,0.0",0.31338625103246026,P12|P18|P19|P21|P22|P26|P27|P30|P34|P40|P43|P44|P48|P8,P13|P2|P24|P35|P36|P46
attention,4,3,"8__extra_trees__unimodal__0.0,1.0",0.34895229325399674,P12|P18|P19|P21|P22|P26|P27|P30|P34|P40|P43|P44|P48|P8,P13|P2|P24|P35|P36|P46
attention,5,1,1__logistic__early__,0.31882552071145975,P12|P18|P2|P24|P27|P33|P35|P36|P4|P43|P48|P8|P9,P19|P20|P22|P3|P30|P40|P46
attention,5,1,"1__logistic__late_mean__0.5,0.5",0.3223671134255654,P12|P18|P2|P24|P27|P33|P35|P36|P4|P43|P48|P8|P9,P19|P20|P22|P3|P30|P40|P46
attention,5,1,"1__logistic__late_geometric__0.5,0.5",0.32222057664300996,P12|P18|P2|P24|P27|P33|P35|P36|P4|P43|P48|P8|P9,P19|P20|P22|P3|P30|P40|P46
attention,5,1,"1__logistic__late_weighted__0.25,0.75",0.31574340782213656,P12|P18|P2|P24|P27|P33|P35|P36|P4|P43|P48|P8|P9,P19|P20|P22|P3|P30|P40|P46
attention,5,1,"1__logistic__late_weighted__0.5,0.5",0.3223671134255654,P12|P18|P2|P24|P27|P33|P35|P36|P4|P43|P48|P8|P9,P19|P20|P22|P3|P30|P40|P46
attention,5,1,"1__logistic__late_weighted__0.75,0.25",0.32535413700521193,P12|P18|P2|P24|P27|P33|P35|P36|P4|P43|P48|P8|P9,P19|P20|P22|P3|P30|P40|P46
attention,5,1,"1__logistic__unimodal__1.0,0.0",0.33362180492612925,P12|P18|P2|P24|P27|P33|P35|P36|P4|P43|P48|P8|P9,P19|P20|P22|P3|P30|P40|P46
attention,5,1,"1__logistic__unimodal__0.0,1.0",0.31105859914211276,P12|P18|P2|P24|P27|P33|P35|P36|P4|P43|P48|P8|P9,P19|P20|P22|P3|P30|P40|P46
attention,5,1,1__lda__early__,0.31923480263439014,P12|P18|P2|P24|P27|P33|P35|P36|P4|P43|P48|P8|P9,P19|P20|P22|P3|P30|P40|P46
attention,5,1,"1__lda__late_mean__0.5,0.5",0.32237885245646253,P12|P18|P2|P24|P27|P33|P35|P36|P4|P43|P48|P8|P9,P19|P20|P22|P3|P30|P40|P46
attention,5,1,"1__lda__late_geometric__0.5,0.5",0.3225451544256504,P12|P18|P2|P24|P27|P33|P35|P36|P4|P43|P48|P8|P9,P19|P20|P22|P3|P30|P40|P46
attention,5,1,"1__lda__late_weighted__0.25,0.75",0.3164194722672425,P12|P18|P2|P24|P27|P33|P35|P36|P4|P43|P48|P8|P9,P19|P20|P22|P3|P30|P40|P46
attention,5,1,"1__lda__late_weighted__0.5,0.5",0.32237885245646253,P12|P18|P2|P24|P27|P33|P35|P36|P4|P43|P48|P8|P9,P19|P20|P22|P3|P30|P40|P46
attention,5,1,"1__lda__late_weighted__0.75,0.25",0.3223133796659548,P12|P18|P2|P24|P27|P33|P35|P36|P4|P43|P48|P8|P9,P19|P20|P22|P3|P30|P40|P46
attention,5,1,"1__lda__unimodal__1.0,0.0",0.3316864064452525,P12|P18|P2|P24|P27|P33|P35|P36|P4|P43|P48|P8|P9,P19|P20|P22|P3|P30|P40|P46
attention,5,1,"1__lda__unimodal__0.0,1.0",0.3133270547854253,P12|P18|P2|P24|P27|P33|P35|P36|P4|P43|P48|P8|P9,P19|P20|P22|P3|P30|P40|P46
attention,5,1,1__extra_trees__early__,0.33850114273611714,P12|P18|P2|P24|P27|P33|P35|P36|P4|P43|P48|P8|P9,P19|P20|P22|P3|P30|P40|P46
attention,5,1,"1__extra_trees__late_mean__0.5,0.5",0.3344697289248058,P12|P18|P2|P24|P27|P33|P35|P36|P4|P43|P48|P8|P9,P19|P20|P22|P3|P30|P40|P46
attention,5,1,"1__extra_trees__late_geometric__0.5,0.5",0.3345334450783642,P12|P18|P2|P24|P27|P33|P35|P36|P4|P43|P48|P8|P9,P19|P20|P22|P3|P30|P40|P46
attention,5,1,"1__extra_trees__late_weighted__0.25,0.75",0.34526699545547296,P12|P18|P2|P24|P27|P33|P35|P36|P4|P43|P48|P8|P9,P19|P20|P22|P3|P30|P40|P46
attention,5,1,"1__extra_trees__late_weighted__0.5,0.5",0.3344697289248058,P12|P18|P2|P24|P27|P33|P35|P36|P4|P43|P48|P8|P9,P19|P20|P22|P3|P30|P40|P46
attention,5,1,"1__extra_trees__late_weighted__0.75,0.25",0.32420340561833527,P12|P18|P2|P24|P27|P33|P35|P36|P4|P43|P48|P8|P9,P19|P20|P22|P3|P30|P40|P46
attention,5,1,"1__extra_trees__unimodal__1.0,0.0",0.32352203311555805,P12|P18|P2|P24|P27|P33|P35|P36|P4|P43|P48|P8|P9,P19|P20|P22|P3|P30|P40|P46
attention,5,1,"1__extra_trees__unimodal__0.0,1.0",0.34282443984200534,P12|P18|P2|P24|P27|P33|P35|P36|P4|P43|P48|P8|P9,P19|P20|P22|P3|P30|P40|P46
attention,5,1,8__logistic__early__,0.32138521605839154,P12|P18|P2|P24|P27|P33|P35|P36|P4|P43|P48|P8|P9,P19|P20|P22|P3|P30|P40|P46
attention,5,1,"8__logistic__late_mean__0.5,0.5",0.32250340853750215,P12|P18|P2|P24|P27|P33|P35|P36|P4|P43|P48|P8|P9,P19|P20|P22|P3|P30|P40|P46
attention,5,1,"8__logistic__late_geometric__0.5,0.5",0.3225561881587979,P12|P18|P2|P24|P27|P33|P35|P36|P4|P43|P48|P8|P9,P19|P20|P22|P3|P30|P40|P46
attention,5,1,"8__logistic__late_weighted__0.25,0.75",0.3256772829895112,P12|P18|P2|P24|P27|P33|P35|P36|P4|P43|P48|P8|P9,P19|P20|P22|P3|P30|P40|P46
attention,5,1,"8__logistic__late_weighted__0.5,0.5",0.32250340853750215,P12|P18|P2|P24|P27|P33|P35|P36|P4|P43|P48|P8|P9,P19|P20|P22|P3|P30|P40|P46
attention,5,1,"8__logistic__late_weighted__0.75,0.25",0.323220068281203,P12|P18|P2|P24|P27|P33|P35|P36|P4|P43|P48|P8|P9,P19|P20|P22|P3|P30|P40|P46
attention,5,1,"8__logistic__unimodal__1.0,0.0",0.31481073481904076,P12|P18|P2|P24|P27|P33|P35|P36|P4|P43|P48|P8|P9,P19|P20|P22|P3|P30|P40|P46
attention,5,1,"8__logistic__unimodal__0.0,1.0",0.32838614799344545,P12|P18|P2|P24|P27|P33|P35|P36|P4|P43|P48|P8|P9,P19|P20|P22|P3|P30|P40|P46
attention,5,1,8__lda__early__,0.31924015306498416,P12|P18|P2|P24|P27|P33|P35|P36|P4|P43|P48|P8|P9,P19|P20|P22|P3|P30|P40|P46
attention,5,1,"8__lda__late_mean__0.5,0.5",0.3219837855076655,P12|P18|P2|P24|P27|P33|P35|P36|P4|P43|P48|P8|P9,P19|P20|P22|P3|P30|P40|P46
attention,5,1,"8__lda__late_geometric__0.5,0.5",0.3245160106196758,P12|P18|P2|P24|P27|P33|P35|P36|P4|P43|P48|P8|P9,P19|P20|P22|P3|P30|P40|P46
attention,5,1,"8__lda__late_weighted__0.25,0.75",0.32245426597330595,P12|P18|P2|P24|P27|P33|P35|P36|P4|P43|P48|P8|P9,P19|P20|P22|P3|P30|P40|P46
attention,5,1,"8__lda__late_weighted__0.5,0.5",0.3219837855076655,P12|P18|P2|P24|P27|P33|P35|P36|P4|P43|P48|P8|P9,P19|P20|P22|P3|P30|P40|P46
attention,5,1,"8__lda__late_weighted__0.75,0.25",0.31403089187396044,P12|P18|P2|P24|P27|P33|P35|P36|P4|P43|P48|P8|P9,P19|P20|P22|P3|P30|P40|P46
attention,5,1,"8__lda__unimodal__1.0,0.0",0.3165196432360808,P12|P18|P2|P24|P27|P33|P35|P36|P4|P43|P48|P8|P9,P19|P20|P22|P3|P30|P40|P46
attention,5,1,"8__lda__unimodal__0.0,1.0",0.32985736837867435,P12|P18|P2|P24|P27|P33|P35|P36|P4|P43|P48|P8|P9,P19|P20|P22|P3|P30|P40|P46
attention,5,1,8__extra_trees__early__,0.33049222287933333,P12|P18|P2|P24|P27|P33|P35|P36|P4|P43|P48|P8|P9,P19|P20|P22|P3|P30|P40|P46
attention,5,1,"8__extra_trees__late_mean__0.5,0.5",0.31898519481118265,P12|P18|P2|P24|P27|P33|P35|P36|P4|P43|P48|P8|P9,P19|P20|P22|P3|P30|P40|P46
attention,5,1,"8__extra_trees__late_geometric__0.5,0.5",0.319941908547737,P12|P18|P2|P24|P27|P33|P35|P36|P4|P43|P48|P8|P9,P19|P20|P22|P3|P30|P40|P46
attention,5,1,"8__extra_trees__late_weighted__0.25,0.75",0.3297076724943118,P12|P18|P2|P24|P27|P33|P35|P36|P4|P43|P48|P8|P9,P19|P20|P22|P3|P30|P40|P46
attention,5,1,"8__extra_trees__late_weighted__0.5,0.5",0.31898519481118265,P12|P18|P2|P24|P27|P33|P35|P36|P4|P43|P48|P8|P9,P19|P20|P22|P3|P30|P40|P46
attention,5,1,"8__extra_trees__late_weighted__0.75,0.25",0.3217009148694866,P12|P18|P2|P24|P27|P33|P35|P36|P4|P43|P48|P8|P9,P19|P20|P22|P3|P30|P40|P46
attention,5,1,"8__extra_trees__unimodal__1.0,0.0",0.3180112835623835,P12|P18|P2|P24|P27|P33|P35|P36|P4|P43|P48|P8|P9,P19|P20|P22|P3|P30|P40|P46
attention,5,1,"8__extra_trees__unimodal__0.0,1.0",0.33468670643725035,P12|P18|P2|P24|P27|P33|P35|P36|P4|P43|P48|P8|P9,P19|P20|P22|P3|P30|P40|P46
attention,5,2,1__logistic__early__,0.32751007141036503,P18|P19|P2|P20|P22|P24|P27|P3|P30|P36|P40|P46|P9,P12|P33|P35|P4|P43|P48|P8
attention,5,2,"1__logistic__late_mean__0.5,0.5",0.33062822125467806,P18|P19|P2|P20|P22|P24|P27|P3|P30|P36|P40|P46|P9,P12|P33|P35|P4|P43|P48|P8
attention,5,2,"1__logistic__late_geometric__0.5,0.5",0.329355928708757,P18|P19|P2|P20|P22|P24|P27|P3|P30|P36|P40|P46|P9,P12|P33|P35|P4|P43|P48|P8
attention,5,2,"1__logistic__late_weighted__0.25,0.75",0.33297713793463446,P18|P19|P2|P20|P22|P24|P27|P3|P30|P36|P40|P46|P9,P12|P33|P35|P4|P43|P48|P8
attention,5,2,"1__logistic__late_weighted__0.5,0.5",0.33062822125467806,P18|P19|P2|P20|P22|P24|P27|P3|P30|P36|P40|P46|P9,P12|P33|P35|P4|P43|P48|P8
attention,5,2,"1__logistic__late_weighted__0.75,0.25",0.3253856522113444,P18|P19|P2|P20|P22|P24|P27|P3|P30|P36|P40|P46|P9,P12|P33|P35|P4|P43|P48|P8
attention,5,2,"1__logistic__unimodal__1.0,0.0",0.32887049707511246,P18|P19|P2|P20|P22|P24|P27|P3|P30|P36|P40|P46|P9,P12|P33|P35|P4|P43|P48|P8
attention,5,2,"1__logistic__unimodal__0.0,1.0",0.3293905095230957,P18|P19|P2|P20|P22|P24|P27|P3|P30|P36|P40|P46|P9,P12|P33|P35|P4|P43|P48|P8
attention,5,2,1__lda__early__,0.32565602690163026,P18|P19|P2|P20|P22|P24|P27|P3|P30|P36|P40|P46|P9,P12|P33|P35|P4|P43|P48|P8
attention,5,2,"1__lda__late_mean__0.5,0.5",0.3299048881553409,P18|P19|P2|P20|P22|P24|P27|P3|P30|P36|P40|P46|P9,P12|P33|P35|P4|P43|P48|P8
attention,5,2,"1__lda__late_geometric__0.5,0.5",0.328533256630052,P18|P19|P2|P20|P22|P24|P27|P3|P30|P36|P40|P46|P9,P12|P33|P35|P4|P43|P48|P8
attention,5,2,"1__lda__late_weighted__0.25,0.75",0.3338558294976735,P18|P19|P2|P20|P22|P24|P27|P3|P30|P36|P40|P46|P9,P12|P33|P35|P4|P43|P48|P8
attention,5,2,"1__lda__late_weighted__0.5,0.5",0.3299048881553409,P18|P19|P2|P20|P22|P24|P27|P3|P30|P36|P40|P46|P9,P12|P33|P35|P4|P43|P48|P8
attention,5,2,"1__lda__late_weighted__0.75,0.25",0.32206930704079123,P18|P19|P2|P20|P22|P24|P27|P3|P30|P36|P40|P46|P9,P12|P33|P35|P4|P43|P48|P8
attention,5,2,"1__lda__unimodal__1.0,0.0",0.3270519227110357,P18|P19|P2|P20|P22|P24|P27|P3|P30|P36|P40|P46|P9,P12|P33|P35|P4|P43|P48|P8
attention,5,2,"1__lda__unimodal__0.0,1.0",0.32961835185620114,P18|P19|P2|P20|P22|P24|P27|P3|P30|P36|P40|P46|P9,P12|P33|P35|P4|P43|P48|P8
attention,5,2,1__extra_trees__early__,0.3335506659254858,P18|P19|P2|P20|P22|P24|P27|P3|P30|P36|P40|P46|P9,P12|P33|P35|P4|P43|P48|P8
attention,5,2,"1__extra_trees__late_mean__0.5,0.5",0.3520254119179432,P18|P19|P2|P20|P22|P24|P27|P3|P30|P36|P40|P46|P9,P12|P33|P35|P4|P43|P48|P8
attention,5,2,"1__extra_trees__late_geometric__0.5,0.5",0.3535229532221659,P18|P19|P2|P20|P22|P24|P27|P3|P30|P36|P40|P46|P9,P12|P33|P35|P4|P43|P48|P8
attention,5,2,"1__extra_trees__late_weighted__0.25,0.75",0.35455547723937825,P18|P19|P2|P20|P22|P24|P27|P3|P30|P36|P40|P46|P9,P12|P33|P35|P4|P43|P48|P8
attention,5,2,"1__extra_trees__late_weighted__0.5,0.5",0.3520254119179432,P18|P19|P2|P20|P22|P24|P27|P3|P30|P36|P40|P46|P9,P12|P33|P35|P4|P43|P48|P8
attention,5,2,"1__extra_trees__late_weighted__0.75,0.25",0.33807586437215775,P18|P19|P2|P20|P22|P24|P27|P3|P30|P36|P40|P46|P9,P12|P33|P35|P4|P43|P48|P8
attention,5,2,"1__extra_trees__unimodal__1.0,0.0",0.3274141584120483,P18|P19|P2|P20|P22|P24|P27|P3|P30|P36|P40|P46|P9,P12|P33|P35|P4|P43|P48|P8
attention,5,2,"1__extra_trees__unimodal__0.0,1.0",0.3560647571398968,P18|P19|P2|P20|P22|P24|P27|P3|P30|P36|P40|P46|P9,P12|P33|P35|P4|P43|P48|P8
attention,5,2,8__logistic__early__,0.3220887730268863,P18|P19|P2|P20|P22|P24|P27|P3|P30|P36|P40|P46|P9,P12|P33|P35|P4|P43|P48|P8
attention,5,2,"8__logistic__late_mean__0.5,0.5",0.3221426703922302,P18|P19|P2|P20|P22|P24|P27|P3|P30|P36|P40|P46|P9,P12|P33|P35|P4|P43|P48|P8
attention,5,2,"8__logistic__late_geometric__0.5,0.5",0.3229562894207413,P18|P19|P2|P20|P22|P24|P27|P3|P30|P36|P40|P46|P9,P12|P33|P35|P4|P43|P48|P8
attention,5,2,"8__logistic__late_weighted__0.25,0.75",0.3253215097051938,P18|P19|P2|P20|P22|P24|P27|P3|P30|P36|P40|P46|P9,P12|P33|P35|P4|P43|P48|P8
attention,5,2,"8__logistic__late_weighted__0.5,0.5",0.3221426703922302,P18|P19|P2|P20|P22|P24|P27|P3|P30|P36|P40|P46|P9,P12|P33|P35|P4|P43|P48|P8
attention,5,2,"8__logistic__late_weighted__0.75,0.25",0.32541274210694254,P18|P19|P2|P20|P22|P24|P27|P3|P30|P36|P40|P46|P9,P12|P33|P35|P4|P43|P48|P8
attention,5,2,"8__logistic__unimodal__1.0,0.0",0.31262441561157656,P18|P19|P2|P20|P22|P24|P27|P3|P30|P36|P40|P46|P9,P12|P33|P35|P4|P43|P48|P8
attention,5,2,"8__logistic__unimodal__0.0,1.0",0.3319138762965631,P18|P19|P2|P20|P22|P24|P27|P3|P30|P36|P40|P46|P9,P12|P33|P35|P4|P43|P48|P8
attention,5,2,8__lda__early__,0.32707150640727856,P18|P19|P2|P20|P22|P24|P27|P3|P30|P36|P40|P46|P9,P12|P33|P35|P4|P43|P48|P8
attention,5,2,"8__lda__late_mean__0.5,0.5",0.3220270386160458,P18|P19|P2|P20|P22|P24|P27|P3|P30|P36|P40|P46|P9,P12|P33|P35|P4|P43|P48|P8
attention,5,2,"8__lda__late_geometric__0.5,0.5",0.32195100857325826,P18|P19|P2|P20|P22|P24|P27|P3|P30|P36|P40|P46|P9,P12|P33|P35|P4|P43|P48|P8
attention,5,2,"8__lda__late_weighted__0.25,0.75",0.3234590516804096,P18|P19|P2|P20|P22|P24|P27|P3|P30|P36|P40|P46|P9,P12|P33|P35|P4|P43|P48|P8
attention,5,2,"8__lda__late_weighted__0.5,0.5",0.3220270386160458,P18|P19|P2|P20|P22|P24|P27|P3|P30|P36|P40|P46|P9,P12|P33|P35|P4|P43|P48|P8
attention,5,2,"8__lda__late_weighted__0.75,0.25",0.32306935300120304,P18|P19|P2|P20|P22|P24|P27|P3|P30|P36|P40|P46|P9,P12|P33|P35|P4|P43|P48|P8
attention,5,2,"8__lda__unimodal__1.0,0.0",0.3172638169366679,P18|P19|P2|P20|P22|P24|P27|P3|P30|P36|P40|P46|P9,P12|P33|P35|P4|P43|P48|P8
attention,5,2,"8__lda__unimodal__0.0,1.0",0.33084108565978143,P18|P19|P2|P20|P22|P24|P27|P3|P30|P36|P40|P46|P9,P12|P33|P35|P4|P43|P48|P8
attention,5,2,8__extra_trees__early__,0.3394770522808931,P18|P19|P2|P20|P22|P24|P27|P3|P30|P36|P40|P46|P9,P12|P33|P35|P4|P43|P48|P8
attention,5,2,"8__extra_trees__late_mean__0.5,0.5",0.3521354407312705,P18|P19|P2|P20|P22|P24|P27|P3|P30|P36|P40|P46|P9,P12|P33|P35|P4|P43|P48|P8
attention,5,2,"8__extra_trees__late_geometric__0.5,0.5",0.3518431818110836,P18|P19|P2|P20|P22|P24|P27|P3|P30|P36|P40|P46|P9,P12|P33|P35|P4|P43|P48|P8
attention,5,2,"8__extra_trees__late_weighted__0.25,0.75",0.35114665231514053,P18|P19|P2|P20|P22|P24|P27|P3|P30|P36|P40|P46|P9,P12|P33|P35|P4|P43|P48|P8
attention,5,2,"8__extra_trees__late_weighted__0.5,0.5",0.3521354407312705,P18|P19|P2|P20|P22|P24|P27|P3|P30|P36|P40|P46|P9,P12|P33|P35|P4|P43|P48|P8
attention,5,2,"8__extra_trees__late_weighted__0.75,0.25",0.3400698608957387,P18|P19|P2|P20|P22|P24|P27|P3|P30|P36|P40|P46|P9,P12|P33|P35|P4|P43|P48|P8
attention,5,2,"8__extra_trees__unimodal__1.0,0.0",0.3157220979377774,P18|P19|P2|P20|P22|P24|P27|P3|P30|P36|P40|P46|P9,P12|P33|P35|P4|P43|P48|P8
attention,5,2,"8__extra_trees__unimodal__0.0,1.0",0.34720734526783253,P18|P19|P2|P20|P22|P24|P27|P3|P30|P36|P40|P46|P9,P12|P33|P35|P4|P43|P48|P8
attention,5,3,1__logistic__early__,0.33894018477532956,P12|P19|P20|P22|P3|P30|P33|P35|P4|P40|P43|P46|P48|P8,P18|P2|P24|P27|P36|P9
attention,5,3,"1__logistic__late_mean__0.5,0.5",0.33840109543756985,P12|P19|P20|P22|P3|P30|P33|P35|P4|P40|P43|P46|P48|P8,P18|P2|P24|P27|P36|P9
attention,5,3,"1__logistic__late_geometric__0.5,0.5",0.3390691895392637,P12|P19|P20|P22|P3|P30|P33|P35|P4|P40|P43|P46|P48|P8,P18|P2|P24|P27|P36|P9
attention,5,3,"1__logistic__late_weighted__0.25,0.75",0.3306112681069812,P12|P19|P20|P22|P3|P30|P33|P35|P4|P40|P43|P46|P48|P8,P18|P2|P24|P27|P36|P9
attention,5,3,"1__logistic__late_weighted__0.5,0.5",0.33840109543756985,P12|P19|P20|P22|P3|P30|P33|P35|P4|P40|P43|P46|P48|P8,P18|P2|P24|P27|P36|P9
attention,5,3,"1__logistic__late_weighted__0.75,0.25",0.3435004764682236,P12|P19|P20|P22|P3|P30|P33|P35|P4|P40|P43|P46|P48|P8,P18|P2|P24|P27|P36|P9
attention,5,3,"1__logistic__unimodal__1.0,0.0",0.33571994013604417,P12|P19|P20|P22|P3|P30|P33|P35|P4|P40|P43|P46|P48|P8,P18|P2|P24|P27|P36|P9
attention,5,3,"1__logistic__unimodal__0.0,1.0",0.3292170108182168,P12|P19|P20|P22|P3|P30|P33|P35|P4|P40|P43|P46|P48|P8,P18|P2|P24|P27|P36|P9
attention,5,3,1__lda__early__,0.3364403096320643,P12|P19|P20|P22|P3|P30|P33|P35|P4|P40|P43|P46|P48|P8,P18|P2|P24|P27|P36|P9
attention,5,3,"1__lda__late_mean__0.5,0.5",0.3379145884644396,P12|P19|P20|P22|P3|P30|P33|P35|P4|P40|P43|P46|P48|P8,P18|P2|P24|P27|P36|P9
attention,5,3,"1__lda__late_geometric__0.5,0.5",0.3386969624995177,P12|P19|P20|P22|P3|P30|P33|P35|P4|P40|P43|P46|P48|P8,P18|P2|P24|P27|P36|P9
attention,5,3,"1__lda__late_weighted__0.25,0.75",0.32805927162123566,P12|P19|P20|P22|P3|P30|P33|P35|P4|P40|P43|P46|P48|P8,P18|P2|P24|P27|P36|P9
attention,5,3,"1__lda__late_weighted__0.5,0.5",0.3379145884644396,P12|P19|P20|P22|P3|P30|P33|P35|P4|P40|P43|P46|P48|P8,P18|P2|P24|P27|P36|P9
attention,5,3,"1__lda__late_weighted__0.75,0.25",0.3438518325632993,P12|P19|P20|P22|P3|P30|P33|P35|P4|P40|P43|P46|P48|P8,P18|P2|P24|P27|P36|P9
attention,5,3,"1__lda__unimodal__1.0,0.0",0.3334947274247842,P12|P19|P20|P22|P3|P30|P33|P35|P4|P40|P43|P46|P48|P8,P18|P2|P24|P27|P36|P9
attention,5,3,"1__lda__unimodal__0.0,1.0",0.325368930051234,P12|P19|P20|P22|P3|P30|P33|P35|P4|P40|P43|P46|P48|P8,P18|P2|P24|P27|P36|P9
attention,5,3,1__extra_trees__early__,0.34942536447431854,P12|P19|P20|P22|P3|P30|P33|P35|P4|P40|P43|P46|P48|P8,P18|P2|P24|P27|P36|P9
attention,5,3,"1__extra_trees__late_mean__0.5,0.5",0.35172000156445327,P12|P19|P20|P22|P3|P30|P33|P35|P4|P40|P43|P46|P48|P8,P18|P2|P24|P27|P36|P9
attention,5,3,"1__extra_trees__late_geometric__0.5,0.5",0.35126868580599196,P12|P19|P20|P22|P3|P30|P33|P35|P4|P40|P43|P46|P48|P8,P18|P2|P24|P27|P36|P9
attention,5,3,"1__extra_trees__late_weighted__0.25,0.75",0.36093760118341583,P12|P19|P20|P22|P3|P30|P33|P35|P4|P40|P43|P46|P48|P8,P18|P2|P24|P27|P36|P9
attention,5,3,"1__extra_trees__late_weighted__0.5,0.5",0.35172000156445327,P12|P19|P20|P22|P3|P30|P33|P35|P4|P40|P43|P46|P48|P8,P18|P2|P24|P27|P36|P9
attention,5,3,"1__extra_trees__late_weighted__0.75,0.25",0.3434967610790443,P12|P19|P20|P22|P3|P30|P33|P35|P4|P40|P43|P46|P48|P8,P18|P2|P24|P27|P36|P9
attention,5,3,"1__extra_trees__unimodal__1.0,0.0",0.3344325810329305,P12|P19|P20|P22|P3|P30|P33|P35|P4|P40|P43|P46|P48|P8,P18|P2|P24|P27|P36|P9
attention,5,3,"1__extra_trees__unimodal__0.0,1.0",0.35475501746814936,P12|P19|P20|P22|P3|P30|P33|P35|P4|P40|P43|P46|P48|P8,P18|P2|P24|P27|P36|P9
attention,5,3,8__logistic__early__,0.33205988800138175,P12|P19|P20|P22|P3|P30|P33|P35|P4|P40|P43|P46|P48|P8,P18|P2|P24|P27|P36|P9
attention,5,3,"8__logistic__late_mean__0.5,0.5",0.32772464127532835,P12|P19|P20|P22|P3|P30|P33|P35|P4|P40|P43|P46|P48|P8,P18|P2|P24|P27|P36|P9
attention,5,3,"8__logistic__late_geometric__0.5,0.5",0.32912941869124646,P12|P19|P20|P22|P3|P30|P33|P35|P4|P40|P43|P46|P48|P8,P18|P2|P24|P27|P36|P9
attention,5,3,"8__logistic__late_weighted__0.25,0.75",0.33504068399631565,P12|P19|P20|P22|P3|P30|P33|P35|P4|P40|P43|P46|P48|P8,P18|P2|P24|P27|P36|P9
attention,5,3,"8__logistic__late_weighted__0.5,0.5",0.32772464127532835,P12|P19|P20|P22|P3|P30|P33|P35|P4|P40|P43|P46|P48|P8,P18|P2|P24|P27|P36|P9
attention,5,3,"8__logistic__late_weighted__0.75,0.25",0.3396981213345784,P12|P19|P20|P22|P3|P30|P33|P35|P4|P40|P43|P46|P48|P8,P18|P2|P24|P27|P36|P9
attention,5,3,"8__logistic__unimodal__1.0,0.0",0.3311652646270563,P12|P19|P20|P22|P3|P30|P33|P35|P4|P40|P43|P46|P48|P8,P18|P2|P24|P27|P36|P9
attention,5,3,"8__logistic__unimodal__0.0,1.0",0.3380686246784685,P12|P19|P20|P22|P3|P30|P33|P35|P4|P40|P43|P46|P48|P8,P18|P2|P24|P27|P36|P9
attention,5,3,8__lda__early__,0.3302072702146896,P12|P19|P20|P22|P3|P30|P33|P35|P4|P40|P43|P46|P48|P8,P18|P2|P24|P27|P36|P9
attention,5,3,"8__lda__late_mean__0.5,0.5",0.32647080533250633,P12|P19|P20|P22|P3|P30|P33|P35|P4|P40|P43|P46|P48|P8,P18|P2|P24|P27|P36|P9
attention,5,3,"8__lda__late_geometric__0.5,0.5",0.32697778664656435,P12|P19|P20|P22|P3|P30|P33|P35|P4|P40|P43|P46|P48|P8,P18|P2|P24|P27|P36|P9
attention,5,3,"8__lda__late_weighted__0.25,0.75",0.3366592467980587,P12|P19|P20|P22|P3|P30|P33|P35|P4|P40|P43|P46|P48|P8,P18|P2|P24|P27|P36|P9
attention,5,3,"8__lda__late_weighted__0.5,0.5",0.32647080533250633,P12|P19|P20|P22|P3|P30|P33|P35|P4|P40|P43|P46|P48|P8,P18|P2|P24|P27|P36|P9
attention,5,3,"8__lda__late_weighted__0.75,0.25",0.339528392413301,P12|P19|P20|P22|P3|P30|P33|P35|P4|P40|P43|P46|P48|P8,P18|P2|P24|P27|P36|P9
attention,5,3,"8__lda__unimodal__1.0,0.0",0.328774021694686,P12|P19|P20|P22|P3|P30|P33|P35|P4|P40|P43|P46|P48|P8,P18|P2|P24|P27|P36|P9
attention,5,3,"8__lda__unimodal__0.0,1.0",0.34182657907151975,P12|P19|P20|P22|P3|P30|P33|P35|P4|P40|P43|P46|P48|P8,P18|P2|P24|P27|P36|P9
attention,5,3,8__extra_trees__early__,0.33751120553447417,P12|P19|P20|P22|P3|P30|P33|P35|P4|P40|P43|P46|P48|P8,P18|P2|P24|P27|P36|P9
attention,5,3,"8__extra_trees__late_mean__0.5,0.5",0.3474139762658061,P12|P19|P20|P22|P3|P30|P33|P35|P4|P40|P43|P46|P48|P8,P18|P2|P24|P27|P36|P9
attention,5,3,"8__extra_trees__late_geometric__0.5,0.5",0.3467217215850457,P12|P19|P20|P22|P3|P30|P33|P35|P4|P40|P43|P46|P48|P8,P18|P2|P24|P27|P36|P9
attention,5,3,"8__extra_trees__late_weighted__0.25,0.75",0.3623994756732604,P12|P19|P20|P22|P3|P30|P33|P35|P4|P40|P43|P46|P48|P8,P18|P2|P24|P27|P36|P9
attention,5,3,"8__extra_trees__late_weighted__0.5,0.5",0.3474139762658061,P12|P19|P20|P22|P3|P30|P33|P35|P4|P40|P43|P46|P48|P8,P18|P2|P24|P27|P36|P9
attention,5,3,"8__extra_trees__late_weighted__0.75,0.25",0.3306266928117945,P12|P19|P20|P22|P3|P30|P33|P35|P4|P40|P43|P46|P48|P8,P18|P2|P24|P27|P36|P9
attention,5,3,"8__extra_trees__unimodal__1.0,0.0",0.3123941493268909,P12|P19|P20|P22|P3|P30|P33|P35|P4|P40|P43|P46|P48|P8,P18|P2|P24|P27|P36|P9
attention,5,3,"8__extra_trees__unimodal__0.0,1.0",0.35814260690020333,P12|P19|P20|P22|P3|P30|P33|P35|P4|P40|P43|P46|P48|P8,P18|P2|P24|P27|P36|P9
arousal,1,1,1__logistic__early__,0.3716574006423187,P12|P13|P18|P2|P20|P21|P26|P35|P4|P40|P46|P8|P9,P19|P27|P3|P33|P34|P36|P44
arousal,1,1,"1__logistic__late_mean__0.3333333333333333,0.3333333333333333,0.3333333333333333",0.37695200017694763,P12|P13|P18|P2|P20|P21|P26|P35|P4|P40|P46|P8|P9,P19|P27|P3|P33|P34|P36|P44
arousal,1,1,"1__logistic__late_geometric__0.3333333333333333,0.3333333333333333,0.3333333333333333",0.3762137004844485,P12|P13|P18|P2|P20|P21|P26|P35|P4|P40|P46|P8|P9,P19|P27|P3|P33|P34|P36|P44
arousal,1,1,"1__logistic__late_weighted__0.25,0.25,0.5",0.36172319698482686,P12|P13|P18|P2|P20|P21|P26|P35|P4|P40|P46|P8|P9,P19|P27|P3|P33|P34|P36|P44
arousal,1,1,"1__logistic__late_weighted__0.25,0.5,0.25",0.3754221217376074,P12|P13|P18|P2|P20|P21|P26|P35|P4|P40|P46|P8|P9,P19|P27|P3|P33|P34|P36|P44
arousal,1,1,"1__logistic__late_weighted__0.5,0.25,0.25",0.38464349270304515,P12|P13|P18|P2|P20|P21|P26|P35|P4|P40|P46|P8|P9,P19|P27|P3|P33|P34|P36|P44
arousal,1,1,"1__logistic__unimodal__1.0,0.0,0.0",0.36359096121796897,P12|P13|P18|P2|P20|P21|P26|P35|P4|P40|P46|P8|P9,P19|P27|P3|P33|P34|P36|P44
arousal,1,1,"1__logistic__unimodal__0.0,1.0,0.0",0.35266586394950344,P12|P13|P18|P2|P20|P21|P26|P35|P4|P40|P46|P8|P9,P19|P27|P3|P33|P34|P36|P44
arousal,1,1,"1__logistic__unimodal__0.0,0.0,1.0",0.357201220961296,P12|P13|P18|P2|P20|P21|P26|P35|P4|P40|P46|P8|P9,P19|P27|P3|P33|P34|P36|P44
arousal,1,1,1__lda__early__,0.3647781083295497,P12|P13|P18|P2|P20|P21|P26|P35|P4|P40|P46|P8|P9,P19|P27|P3|P33|P34|P36|P44
arousal,1,1,"1__lda__late_mean__0.3333333333333333,0.3333333333333333,0.3333333333333333",0.38204829406059265,P12|P13|P18|P2|P20|P21|P26|P35|P4|P40|P46|P8|P9,P19|P27|P3|P33|P34|P36|P44
arousal,1,1,"1__lda__late_geometric__0.3333333333333333,0.3333333333333333,0.3333333333333333",0.37840090493900413,P12|P13|P18|P2|P20|P21|P26|P35|P4|P40|P46|P8|P9,P19|P27|P3|P33|P34|P36|P44
arousal,1,1,"1__lda__late_weighted__0.25,0.25,0.5",0.3696310439500388,P12|P13|P18|P2|P20|P21|P26|P35|P4|P40|P46|P8|P9,P19|P27|P3|P33|P34|P36|P44
arousal,1,1,"1__lda__late_weighted__0.25,0.5,0.25",0.3911204293017258,P12|P13|P18|P2|P20|P21|P26|P35|P4|P40|P46|P8|P9,P19|P27|P3|P33|P34|P36|P44
arousal,1,1,"1__lda__late_weighted__0.5,0.25,0.25",0.3870065388599845,P12|P13|P18|P2|P20|P21|P26|P35|P4|P40|P46|P8|P9,P19|P27|P3|P33|P34|P36|P44
arousal,1,1,"1__lda__unimodal__1.0,0.0,0.0",0.3639504839751006,P12|P13|P18|P2|P20|P21|P26|P35|P4|P40|P46|P8|P9,P19|P27|P3|P33|P34|P36|P44
arousal,1,1,"1__lda__unimodal__0.0,1.0,0.0",0.3619083480011523,P12|P13|P18|P2|P20|P21|P26|P35|P4|P40|P46|P8|P9,P19|P27|P3|P33|P34|P36|P44
arousal,1,1,"1__lda__unimodal__0.0,0.0,1.0",0.35489007330064576,P12|P13|P18|P2|P20|P21|P26|P35|P4|P40|P46|P8|P9,P19|P27|P3|P33|P34|P36|P44
arousal,1,1,1__extra_trees__early__,0.36659854306831097,P12|P13|P18|P2|P20|P21|P26|P35|P4|P40|P46|P8|P9,P19|P27|P3|P33|P34|P36|P44
arousal,1,1,"1__extra_trees__late_mean__0.3333333333333333,0.3333333333333333,0.3333333333333333",0.37396134474187875,P12|P13|P18|P2|P20|P21|P26|P35|P4|P40|P46|P8|P9,P19|P27|P3|P33|P34|P36|P44
arousal,1,1,"1__extra_trees__late_geometric__0.3333333333333333,0.3333333333333333,0.3333333333333333",0.372355736591286,P12|P13|P18|P2|P20|P21|P26|P35|P4|P40|P46|P8|P9,P19|P27|P3|P33|P34|P36|P44
arousal,1,1,"1__extra_trees__late_weighted__0.25,0.25,0.5",0.37108100622235207,P12|P13|P18|P2|P20|P21|P26|P35|P4|P40|P46|P8|P9,P19|P27|P3|P33|P34|P36|P44
arousal,1,1,"1__extra_trees__late_weighted__0.25,0.5,0.25",0.38122032141762413,P12|P13|P18|P2|P20|P21|P26|P35|P4|P40|P46|P8|P9,P19|P27|P3|P33|P34|P36|P44
arousal,1,1,"1__extra_trees__late_weighted__0.5,0.25,0.25",0.3759316192277887,P12|P13|P18|P2|P20|P21|P26|P35|P4|P40|P46|P8|P9,P19|P27|P3|P33|P34|P36|P44
arousal,1,1,"1__extra_trees__unimodal__1.0,0.0,0.0",0.3533521532565235,P12|P13|P18|P2|P20|P21|P26|P35|P4|P40|P46|P8|P9,P19|P27|P3|P33|P34|P36|P44
arousal,1,1,"1__extra_trees__unimodal__0.0,1.0,0.0",0.3443244968681224,P12|P13|P18|P2|P20|P21|P26|P35|P4|P40|P46|P8|P9,P19|P27|P3|P33|P34|P36|P44
arousal,1,1,"1__extra_trees__unimodal__0.0,0.0,1.0",0.349632630545316,P12|P13|P18|P2|P20|P21|P26|P35|P4|P40|P46|P8|P9,P19|P27|P3|P33|P34|P36|P44
arousal,1,1,8__logistic__early__,0.38910733268596537,P12|P13|P18|P2|P20|P21|P26|P35|P4|P40|P46|P8|P9,P19|P27|P3|P33|P34|P36|P44
arousal,1,1,"8__logistic__late_mean__0.3333333333333333,0.3333333333333333,0.3333333333333333",0.3831097091474055,P12|P13|P18|P2|P20|P21|P26|P35|P4|P40|P46|P8|P9,P19|P27|P3|P33|P34|P36|P44
arousal,1,1,"8__logistic__late_geometric__0.3333333333333333,0.3333333333333333,0.3333333333333333",0.38673486320098366,P12|P13|P18|P2|P20|P21|P26|P35|P4|P40|P46|P8|P9,P19|P27|P3|P33|P34|P36|P44
arousal,1,1,"8__logistic__late_weighted__0.25,0.25,0.5",0.37929170332894546,P12|P13|P18|P2|P20|P21|P26|P35|P4|P40|P46|P8|P9,P19|P27|P3|P33|P34|P36|P44
arousal,1,1,"8__logistic__late_weighted__0.25,0.5,0.25",0.3728976445647649,P12|P13|P18|P2|P20|P21|P26|P35|P4|P40|P46|P8|P9,P19|P27|P3|P33|P34|P36|P44
arousal,1,1,"8__logistic__late_weighted__0.5,0.25,0.25",0.3869526368426211,P12|P13|P18|P2|P20|P21|P26|P35|P4|P40|P46|P8|P9,P19|P27|P3|P33|P34|P36|P44
arousal,1,1,"8__logistic__unimodal__1.0,0.0,0.0",0.37577769323642907,P12|P13|P18|P2|P20|P21|P26|P35|P4|P40|P46|P8|P9,P19|P27|P3|P33|P34|P36|P44
arousal,1,1,"8__logistic__unimodal__0.0,1.0,0.0",0.34001594528514983,P12|P13|P18|P2|P20|P21|P26|P35|P4|P40|P46|P8|P9,P19|P27|P3|P33|P34|P36|P44
arousal,1,1,"8__logistic__unimodal__0.0,0.0,1.0",0.38451984588235977,P12|P13|P18|P2|P20|P21|P26|P35|P4|P40|P46|P8|P9,P19|P27|P3|P33|P34|P36|P44
arousal,1,1,8__lda__early__,0.39053977072837015,P12|P13|P18|P2|P20|P21|P26|P35|P4|P40|P46|P8|P9,P19|P27|P3|P33|P34|P36|P44
arousal,1,1,"8__lda__late_mean__0.3333333333333333,0.3333333333333333,0.3333333333333333",0.38762022579732225,P12|P13|P18|P2|P20|P21|P26|P35|P4|P40|P46|P8|P9,P19|P27|P3|P33|P34|P36|P44
arousal,1,1,"8__lda__late_geometric__0.3333333333333333,0.3333333333333333,0.3333333333333333",0.3867262515732469,P12|P13|P18|P2|P20|P21|P26|P35|P4|P40|P46|P8|P9,P19|P27|P3|P33|P34|P36|P44
arousal,1,1,"8__lda__late_weighted__0.25,0.25,0.5",0.3828219001684186,P12|P13|P18|P2|P20|P21|P26|P35|P4|P40|P46|P8|P9,P19|P27|P3|P33|P34|P36|P44
arousal,1,1,"8__lda__late_weighted__0.25,0.5,0.25",0.38012367500831035,P12|P13|P18|P2|P20|P21|P26|P35|P4|P40|P46|P8|P9,P19|P27|P3|P33|P34|P36|P44
arousal,1,1,"8__lda__late_weighted__0.5,0.25,0.25",0.39420828238410294,P12|P13|P18|P2|P20|P21|P26|P35|P4|P40|P46|P8|P9,P19|P27|P3|P33|P34|P36|P44
arousal,1,1,"8__lda__unimodal__1.0,0.0,0.0",0.37708055084824726,P12|P13|P18|P2|P20|P21|P26|P35|P4|P40|P46|P8|P9,P19|P27|P3|P33|P34|P36|P44
arousal,1,1,"8__lda__unimodal__0.0,1.0,0.0",0.3445818842481387,P12|P13|P18|P2|P20|P21|P26|P35|P4|P40|P46|P8|P9,P19|P27|P3|P33|P34|P36|P44
arousal,1,1,"8__lda__unimodal__0.0,0.0,1.0",0.3871852972738701,P12|P13|P18|P2|P20|P21|P26|P35|P4|P40|P46|P8|P9,P19|P27|P3|P33|P34|P36|P44
arousal,1,1,8__extra_trees__early__,0.3634934962827053,P12|P13|P18|P2|P20|P21|P26|P35|P4|P40|P46|P8|P9,P19|P27|P3|P33|P34|P36|P44
arousal,1,1,"8__extra_trees__late_mean__0.3333333333333333,0.3333333333333333,0.3333333333333333",0.36367287538227344,P12|P13|P18|P2|P20|P21|P26|P35|P4|P40|P46|P8|P9,P19|P27|P3|P33|P34|P36|P44
arousal,1,1,"8__extra_trees__late_geometric__0.3333333333333333,0.3333333333333333,0.3333333333333333",0.36373244275669875,P12|P13|P18|P2|P20|P21|P26|P35|P4|P40|P46|P8|P9,P19|P27|P3|P33|P34|P36|P44
arousal,1,1,"8__extra_trees__late_weighted__0.25,0.25,0.5",0.35626679957986374,P12|P13|P18|P2|P20|P21|P26|P35|P4|P40|P46|P8|P9,P19|P27|P3|P33|P34|P36|P44
arousal,1,1,"8__extra_trees__late_weighted__0.25,0.5,0.25",0.35755192184240503,P12|P13|P18|P2|P20|P21|P26|P35|P4|P40|P46|P8|P9,P19|P27|P3|P33|P34|P36|P44
arousal,1,1,"8__extra_trees__late_weighted__0.5,0.25,0.25",0.3660611306033617,P12|P13|P18|P2|P20|P21|P26|P35|P4|P40|P46|P8|P9,P19|P27|P3|P33|P34|P36|P44
arousal,1,1,"8__extra_trees__unimodal__1.0,0.0,0.0",0.35405943535461665,P12|P13|P18|P2|P20|P21|P26|P35|P4|P40|P46|P8|P9,P19|P27|P3|P33|P34|P36|P44
arousal,1,1,"8__extra_trees__unimodal__0.0,1.0,0.0",0.35735170483952355,P12|P13|P18|P2|P20|P21|P26|P35|P4|P40|P46|P8|P9,P19|P27|P3|P33|P34|P36|P44
arousal,1,1,"8__extra_trees__unimodal__0.0,0.0,1.0",0.35435344711562144,P12|P13|P18|P2|P20|P21|P26|P35|P4|P40|P46|P8|P9,P19|P27|P3|P33|P34|P36|P44
arousal,1,2,1__logistic__early__,0.33523547882991706,P12|P19|P2|P21|P27|P3|P33|P34|P35|P36|P4|P44|P46,P13|P18|P20|P26|P40|P8|P9
arousal,1,2,"1__logistic__late_mean__0.3333333333333333,0.3333333333333333,0.3333333333333333",0.3446595348161098,P12|P19|P2|P21|P27|P3|P33|P34|P35|P36|P4|P44|P46,P13|P18|P20|P26|P40|P8|P9
arousal,1,2,"1__logistic__late_geometric__0.3333333333333333,0.3333333333333333,0.3333333333333333",0.33814514439297355,P12|P19|P2|P21|P27|P3|P33|P34|P35|P36|P4|P44|P46,P13|P18|P20|P26|P40|P8|P9
arousal,1,2,"1__logistic__late_weighted__0.25,0.25,0.5",0.33640388639094104,P12|P19|P2|P21|P27|P3|P33|P34|P35|P36|P4|P44|P46,P13|P18|P20|P26|P40|P8|P9
arousal,1,2,"1__logistic__late_weighted__0.25,0.5,0.25",0.3393183247283501,P12|P19|P2|P21|P27|P3|P33|P34|P35|P36|P4|P44|P46,P13|P18|P20|P26|P40|P8|P9
arousal,1,2,"1__logistic__late_weighted__0.5,0.25,0.25",0.3406577406642103,P12|P19|P2|P21|P27|P3|P33|P34|P35|P36|P4|P44|P46,P13|P18|P20|P26|P40|P8|P9
arousal,1,2,"1__logistic__unimodal__1.0,0.0,0.0",0.36756532313909507,P12|P19|P2|P21|P27|P3|P33|P34|P35|P36|P4|P44|P46,P13|P18|P20|P26|P40|P8|P9
arousal,1,2,"1__logistic__unimodal__0.0,1.0,0.0",0.32687195913183287,P12|P19|P2|P21|P27|P3|P33|P34|P35|P36|P4|P44|P46,P13|P18|P20|P26|P40|P8|P9
arousal,1,2,"1__logistic__unimodal__0.0,0.0,1.0",0.3188554153795689,P12|P19|P2|P21|P27|P3|P33|P34|P35|P36|P4|P44|P46,P13|P18|P20|P26|P40|P8|P9
arousal,1,2,1__lda__early__,0.32963036138107993,P12|P19|P2|P21|P27|P3|P33|P34|P35|P36|P4|P44|P46,P13|P18|P20|P26|P40|P8|P9
arousal,1,2,"1__lda__late_mean__0.3333333333333333,0.3333333333333333,0.3333333333333333",0.34243358295122467,P12|P19|P2|P21|P27|P3|P33|P34|P35|P36|P4|P44|P46,P13|P18|P20|P26|P40|P8|P9
arousal,1,2,"1__lda__late_geometric__0.3333333333333333,0.3333333333333333,0.3333333333333333",0.34260661101780476,P12|P19|P2|P21|P27|P3|P33|P34|P35|P36|P4|P44|P46,P13|P18|P20|P26|P40|P8|P9
arousal,1,2,"1__lda__late_weighted__0.25,0.25,0.5",0.3355428868660475,P12|P19|P2|P21|P27|P3|P33|P34|P35|P36|P4|P44|P46,P13|P18|P20|P26|P40|P8|P9
arousal,1,2,"1__lda__late_weighted__0.25,0.5,0.25",0.33523703178658953,P12|P19|P2|P21|P27|P3|P33|P34|P35|P36|P4|P44|P46,P13|P18|P20|P26|P40|P8|P9
arousal,1,2,"1__lda__late_weighted__0.5,0.25,0.25",0.340456107650358,P12|P19|P2|P21|P27|P3|P33|P34|P35|P36|P4|P44|P46,P13|P18|P20|P26|P40|P8|P9
arousal,1,2,"1__lda__unimodal__1.0,0.0,0.0",0.3665612683736331,P12|P19|P2|P21|P27|P3|P33|P34|P35|P36|P4|P44|P46,P13|P18|P20|P26|P40|P8|P9
arousal,1,2,"1__lda__unimodal__0.0,1.0,0.0",0.33007814955684317,P12|P19|P2|P21|P27|P3|P33|P34|P35|P36|P4|P44|P46,P13|P18|P20|P26|P40|P8|P9
arousal,1,2,"1__lda__unimodal__0.0,0.0,1.0",0.31868999911372503,P12|P19|P2|P21|P27|P3|P33|P34|P35|P36|P4|P44|P46,P13|P18|P20|P26|P40|P8|P9
arousal,1,2,1__extra_trees__early__,0.3118838318022937,P12|P19|P2|P21|P27|P3|P33|P34|P35|P36|P4|P44|P46,P13|P18|P20|P26|P40|P8|P9
arousal,1,2,"1__extra_trees__late_mean__0.3333333333333333,0.3333333333333333,0.3333333333333333",0.3224480850994786,P12|P19|P2|P21|P27|P3|P33|P34|P35|P36|P4|P44|P46,P13|P18|P20|P26|P40|P8|P9
arousal,1,2,"1__extra_trees__late_geometric__0.3333333333333333,0.3333333333333333,0.3333333333333333",0.32014683987817794,P12|P19|P2|P21|P27|P3|P33|P34|P35|P36|P4|P44|P46,P13|P18|P20|P26|P40|P8|P9
arousal,1,2,"1__extra_trees__late_weighted__0.25,0.25,0.5",0.3131289776170537,P12|P19|P2|P21|P27|P3|P33|P34|P35|P36|P4|P44|P46,P13|P18|P20|P26|P40|P8|P9
arousal,1,2,"1__extra_trees__late_weighted__0.25,0.5,0.25",0.32320986955222,P12|P19|P2|P21|P27|P3|P33|P34|P35|P36|P4|P44|P46,P13|P18|P20|P26|P40|P8|P9
arousal,1,2,"1__extra_trees__late_weighted__0.5,0.25,0.25",0.33452785378222133,P12|P19|P2|P21|P27|P3|P33|P34|P35|P36|P4|P44|P46,P13|P18|P20|P26|P40|P8|P9
arousal,1,2,"1__extra_trees__unimodal__1.0,0.0,0.0",0.3478279160404832,P12|P19|P2|P21|P27|P3|P33|P34|P35|P36|P4|P44|P46,P13|P18|P20|P26|P40|P8|P9
arousal,1,2,"1__extra_trees__unimodal__0.0,1.0,0.0",0.33933944163561364,P12|P19|P2|P21|P27|P3|P33|P34|P35|P36|P4|P44|P46,P13|P18|P20|P26|P40|P8|P9
arousal,1,2,"1__extra_trees__unimodal__0.0,0.0,1.0",0.30797436631125447,P12|P19|P2|P21|P27|P3|P33|P34|P35|P36|P4|P44|P46,P13|P18|P20|P26|P40|P8|P9
arousal,1,2,8__logistic__early__,0.3416698828891301,P12|P19|P2|P21|P27|P3|P33|P34|P35|P36|P4|P44|P46,P13|P18|P20|P26|P40|P8|P9
arousal,1,2,"8__logistic__late_mean__0.3333333333333333,0.3333333333333333,0.3333333333333333",0.34023716492861233,P12|P19|P2|P21|P27|P3|P33|P34|P35|P36|P4|P44|P46,P13|P18|P20|P26|P40|P8|P9
arousal,1,2,"8__logistic__late_geometric__0.3333333333333333,0.3333333333333333,0.3333333333333333",0.3362931990239791,P12|P19|P2|P21|P27|P3|P33|P34|P35|P36|P4|P44|P46,P13|P18|P20|P26|P40|P8|P9
arousal,1,2,"8__logistic__late_weighted__0.25,0.25,0.5",0.33313918508149715,P12|P19|P2|P21|P27|P3|P33|P34|P35|P36|P4|P44|P46,P13|P18|P20|P26|P40|P8|P9
arousal,1,2,"8__logistic__late_weighted__0.25,0.5,0.25",0.3479038915987272,P12|P19|P2|P21|P27|P3|P33|P34|P35|P36|P4|P44|P46,P13|P18|P20|P26|P40|P8|P9
arousal,1,2,"8__logistic__late_weighted__0.5,0.25,0.25",0.33517630005142474,P12|P19|P2|P21|P27|P3|P33|P34|P35|P36|P4|P44|P46,P13|P18|P20|P26|P40|P8|P9
arousal,1,2,"8__logistic__unimodal__1.0,0.0,0.0",0.3485932199446763,P12|P19|P2|P21|P27|P3|P33|P34|P35|P36|P4|P44|P46,P13|P18|P20|P26|P40|P8|P9
arousal,1,2,"8__logistic__unimodal__0.0,1.0,0.0",0.34475132503787825,P12|P19|P2|P21|P27|P3|P33|P34|P35|P36|P4|P44|P46,P13|P18|P20|P26|P40|P8|P9
arousal,1,2,"8__logistic__unimodal__0.0,0.0,1.0",0.32546640342509814,P12|P19|P2|P21|P27|P3|P33|P34|P35|P36|P4|P44|P46,P13|P18|P20|P26|P40|P8|P9
arousal,1,2,8__lda__early__,0.3336834200160156,P12|P19|P2|P21|P27|P3|P33|P34|P35|P36|P4|P44|P46,P13|P18|P20|P26|P40|P8|P9
arousal,1,2,"8__lda__late_mean__0.3333333333333333,0.3333333333333333,0.3333333333333333",0.3343333530400911,P12|P19|P2|P21|P27|P3|P33|P34|P35|P36|P4|P44|P46,P13|P18|P20|P26|P40|P8|P9
arousal,1,2,"8__lda__late_geometric__0.3333333333333333,0.3333333333333333,0.3333333333333333",0.33218215153530356,P12|P19|P2|P21|P27|P3|P33|P34|P35|P36|P4|P44|P46,P13|P18|P20|P26|P40|P8|P9
arousal,1,2,"8__lda__late_weighted__0.25,0.25,0.5",0.33077871022406985,P12|P19|P2|P21|P27|P3|P33|P34|P35|P36|P4|P44|P46,P13|P18|P20|P26|P40|P8|P9
arousal,1,2,"8__lda__late_weighted__0.25,0.5,0.25",0.33824995921989326,P12|P19|P2|P21|P27|P3|P33|P34|P35|P36|P4|P44|P46,P13|P18|P20|P26|P40|P8|P9
arousal,1,2,"8__lda__late_weighted__0.5,0.25,0.25",0.3337546445176331,P12|P19|P2|P21|P27|P3|P33|P34|P35|P36|P4|P44|P46,P13|P18|P20|P26|P40|P8|P9
arousal,1,2,"8__lda__unimodal__1.0,0.0,0.0",0.34747407522226215,P12|P19|P2|P21|P27|P3|P33|P34|P35|P36|P4|P44|P46,P13|P18|P20|P26|P40|P8|P9
arousal,1,2,"8__lda__unimodal__0.0,1.0,0.0",0.34165664760569975,P12|P19|P2|P21|P27|P3|P33|P34|P35|P36|P4|P44|P46,P13|P18|P20|P26|P40|P8|P9
arousal,1,2,"8__lda__unimodal__0.0,0.0,1.0",0.32535870328234046,P12|P19|P2|P21|P27|P3|P33|P34|P35|P36|P4|P44|P46,P13|P18|P20|P26|P40|P8|P9
arousal,1,2,8__extra_trees__early__,0.3250634886095326,P12|P19|P2|P21|P27|P3|P33|P34|P35|P36|P4|P44|P46,P13|P18|P20|P26|P40|P8|P9
arousal,1,2,"8__extra_trees__late_mean__0.3333333333333333,0.3333333333333333,0.3333333333333333",0.3304765640173842,P12|P19|P2|P21|P27|P3|P33|P34|P35|P36|P4|P44|P46,P13|P18|P20|P26|P40|P8|P9
arousal,1,2,"8__extra_trees__late_geometric__0.3333333333333333,0.3333333333333333,0.3333333333333333",0.3289523897772174,P12|P19|P2|P21|P27|P3|P33|P34|P35|P36|P4|P44|P46,P13|P18|P20|P26|P40|P8|P9
arousal,1,2,"8__extra_trees__late_weighted__0.25,0.25,0.5",0.32463838282156193,P12|P19|P2|P21|P27|P3|P33|P34|P35|P36|P4|P44|P46,P13|P18|P20|P26|P40|P8|P9
arousal,1,2,"8__extra_trees__late_weighted__0.25,0.5,0.25",0.3384943544491531,P12|P19|P2|P21|P27|P3|P33|P34|P35|P36|P4|P44|P46,P13|P18|P20|P26|P40|P8|P9
arousal,1,2,"8__extra_trees__late_weighted__0.5,0.25,0.25",0.3360293560506958,P12|P19|P2|P21|P27|P3|P33|P34|P35|P36|P4|P44|P46,P13|P18|P20|P26|P40|P8|P9
arousal,1,2,"8__extra_trees__unimodal__1.0,0.0,0.0",0.3535683125223703,P12|P19|P2|P21|P27|P3|P33|P34|P35|P36|P4|P44|P46,P13|P18|P20|P26|P40|P8|P9
arousal,1,2,"8__extra_trees__unimodal__0.0,1.0,0.0",0.3605144039923773,P12|P19|P2|P21|P27|P3|P33|P34|P35|P36|P4|P44|P46,P13|P18|P20|P26|P40|P8|P9
arousal,1,2,"8__extra_trees__unimodal__0.0,0.0,1.0",0.3168339454040822,P12|P19|P2|P21|P27|P3|P33|P34|P35|P36|P4|P44|P46,P13|P18|P20|P26|P40|P8|P9
arousal,1,3,1__logistic__early__,0.3457730973049682,P13|P18|P19|P20|P26|P27|P3|P33|P34|P36|P40|P44|P8|P9,P12|P2|P21|P35|P4|P46
arousal,1,3,"1__logistic__late_mean__0.3333333333333333,0.3333333333333333,0.3333333333333333",0.33943653053304784,P13|P18|P19|P20|P26|P27|P3|P33|P34|P36|P40|P44|P8|P9,P12|P2|P21|P35|P4|P46
arousal,1,3,"1__logistic__late_geometric__0.3333333333333333,0.3333333333333333,0.3333333333333333",0.3408239820943712,P13|P18|P19|P20|P26|P27|P3|P33|P34|P36|P40|P44|P8|P9,P12|P2|P21|P35|P4|P46
arousal,1,3,"1__logistic__late_weighted__0.25,0.25,0.5",0.3442197892453289,P13|P18|P19|P20|P26|P27|P3|P33|P34|P36|P40|P44|P8|P9,P12|P2|P21|P35|P4|P46
arousal,1,3,"1__logistic__late_weighted__0.25,0.5,0.25",0.3495741445045854,P13|P18|P19|P20|P26|P27|P3|P33|P34|P36|P40|P44|P8|P9,P12|P2|P21|P35|P4|P46
arousal,1,3,"1__logistic__late_weighted__0.5,0.25,0.25",0.3456397938420048,P13|P18|P19|P20|P26|P27|P3|P33|P34|P36|P40|P44|P8|P9,P12|P2|P21|P35|P4|P46
arousal,1,3,"1__logistic__unimodal__1.0,0.0,0.0",0.3406959665136972,P13|P18|P19|P20|P26|P27|P3|P33|P34|P36|P40|P44|P8|P9,P12|P2|P21|P35|P4|P46
arousal,1,3,"1__logistic__unimodal__0.0,1.0,0.0",0.349377533085621,P13|P18|P19|P20|P26|P27|P3|P33|P34|P36|P40|P44|P8|P9,P12|P2|P21|P35|P4|P46
arousal,1,3,"1__logistic__unimodal__0.0,0.0,1.0",0.3414968307334257,P13|P18|P19|P20|P26|P27|P3|P33|P34|P36|P40|P44|P8|P9,P12|P2|P21|P35|P4|P46
arousal,1,3,1__lda__early__,0.33837013231219787,P13|P18|P19|P20|P26|P27|P3|P33|P34|P36|P40|P44|P8|P9,P12|P2|P21|P35|P4|P46
arousal,1,3,"1__lda__late_mean__0.3333333333333333,0.3333333333333333,0.3333333333333333",0.3416749880305298,P13|P18|P19|P20|P26|P27|P3|P33|P34|P36|P40|P44|P8|P9,P12|P2|P21|P35|P4|P46
arousal,1,3,"1__lda__late_geometric__0.3333333333333333,0.3333333333333333,0.3333333333333333",0.3424886474178592,P13|P18|P19|P20|P26|P27|P3|P33|P34|P36|P40|P44|P8|P9,P12|P2|P21|P35|P4|P46
arousal,1,3,"1__lda__late_weighted__0.25,0.25,0.5",0.3443482406354818,P13|P18|P19|P20|P26|P27|P3|P33|P34|P36|P40|P44|P8|P9,P12|P2|P21|P35|P4|P46
arousal,1,3,"1__lda__late_weighted__0.25,0.5,0.25",0.3483234693700612,P13|P18|P19|P20|P26|P27|P3|P33|P34|P36|P40|P44|P8|P9,P12|P2|P21|P35|P4|P46
arousal,1,3,"1__lda__late_weighted__0.5,0.25,0.25",0.3433093388066408,P13|P18|P19|P20|P26|P27|P3|P33|P34|P36|P40|P44|P8|P9,P12|P2|P21|P35|P4|P46
arousal,1,3,"1__lda__unimodal__1.0,0.0,0.0",0.33938121862723936,P13|P18|P19|P20|P26|P27|P3|P33|P34|P36|P40|P44|P8|P9,P12|P2|P21|P35|P4|P46
arousal,1,3,"1__lda__unimodal__0.0,1.0,0.0",0.3426521374005987,P13|P18|P19|P20|P26|P27|P3|P33|P34|P36|P40|P44|P8|P9,P12|P2|P21|P35|P4|P46
arousal,1,3,"1__lda__unimodal__0.0,0.0,1.0",0.339520173048867,P13|P18|P19|P20|P26|P27|P3|P33|P34|P36|P40|P44|P8|P9,P12|P2|P21|P35|P4|P46
arousal,1,3,1__extra_trees__early__,0.33584014358993936,P13|P18|P19|P20|P26|P27|P3|P33|P34|P36|P40|P44|P8|P9,P12|P2|P21|P35|P4|P46
arousal,1,3,"1__extra_trees__late_mean__0.3333333333333333,0.3333333333333333,0.3333333333333333",0.34614649119534174,P13|P18|P19|P20|P26|P27|P3|P33|P34|P36|P40|P44|P8|P9,P12|P2|P21|P35|P4|P46
arousal,1,3,"1__extra_trees__late_geometric__0.3333333333333333,0.3333333333333333,0.3333333333333333",0.3457443026063318,P13|P18|P19|P20|P26|P27|P3|P33|P34|P36|P40|P44|P8|P9,P12|P2|P21|P35|P4|P46
arousal,1,3,"1__extra_trees__late_weighted__0.25,0.25,0.5",0.3457087934428144,P13|P18|P19|P20|P26|P27|P3|P33|P34|P36|P40|P44|P8|P9,P12|P2|P21|P35|P4|P46
arousal,1,3,"1__extra_trees__late_weighted__0.25,0.5,0.25",0.34443930744179946,P13|P18|P19|P20|P26|P27|P3|P33|P34|P36|P40|P44|P8|P9,P12|P2|P21|P35|P4|P46
arousal,1,3,"1__extra_trees__late_weighted__0.5,0.25,0.25",0.34923738169021284,P13|P18|P19|P20|P26|P27|P3|P33|P34|P36|P40|P44|P8|P9,P12|P2|P21|P35|P4|P46
arousal,1,3,"1__extra_trees__unimodal__1.0,0.0,0.0",0.3595408294331118,P13|P18|P19|P20|P26|P27|P3|P33|P34|P36|P40|P44|P8|P9,P12|P2|P21|P35|P4|P46
arousal,1,3,"1__extra_trees__unimodal__0.0,1.0,0.0",0.34671813520958844,P13|P18|P19|P20|P26|P27|P3|P33|P34|P36|P40|P44|P8|P9,P12|P2|P21|P35|P4|P46
arousal,1,3,"1__extra_trees__unimodal__0.0,0.0,1.0",0.3335331807380093,P13|P18|P19|P20|P26|P27|P3|P33|P34|P36|P40|P44|P8|P9,P12|P2|P21|P35|P4|P46
arousal,1,3,8__logistic__early__,0.3515099065786416,P13|P18|P19|P20|P26|P27|P3|P33|P34|P36|P40|P44|P8|P9,P12|P2|P21|P35|P4|P46
arousal,1,3,"8__logistic__late_mean__0.3333333333333333,0.3333333333333333,0.3333333333333333",0.3607193737105436,P13|P18|P19|P20|P26|P27|P3|P33|P34|P36|P40|P44|P8|P9,P12|P2|P21|P35|P4|P46
arousal,1,3,"8__logistic__late_geometric__0.3333333333333333,0.3333333333333333,0.3333333333333333",0.359303177532556,P13|P18|P19|P20|P26|P27|P3|P33|P34|P36|P40|P44|P8|P9,P12|P2|P21|P35|P4|P46
arousal,1,3,"8__logistic__late_weighted__0.25,0.25,0.5",0.3640494601774593,P13|P18|P19|P20|P26|P27|P3|P33|P34|P36|P40|P44|P8|P9,P12|P2|P21|P35|P4|P46
arousal,1,3,"8__logistic__late_weighted__0.25,0.5,0.25",0.3617050419941921,P13|P18|P19|P20|P26|P27|P3|P33|P34|P36|P40|P44|P8|P9,P12|P2|P21|P35|P4|P46
arousal,1,3,"8__logistic__late_weighted__0.5,0.25,0.25",0.35519482353701815,P13|P18|P19|P20|P26|P27|P3|P33|P34|P36|P40|P44|P8|P9,P12|P2|P21|P35|P4|P46
arousal,1,3,"8__logistic__unimodal__1.0,0.0,0.0",0.344269010877164,P13|P18|P19|P20|P26|P27|P3|P33|P34|P36|P40|P44|P8|P9,P12|P2|P21|P35|P4|P46
arousal,1,3,"8__logistic__unimodal__0.0,1.0,0.0",0.35243832267621045,P13|P18|P19|P20|P26|P27|P3|P33|P34|P36|P40|P44|P8|P9,P12|P2|P21|P35|P4|P46
arousal,1,3,"8__logistic__unimodal__0.0,0.0,1.0",0.33438221896618203,P13|P18|P19|P20|P26|P27|P3|P33|P34|P36|P40|P44|P8|P9,P12|P2|P21|P35|P4|P46
arousal,1,3,8__lda__early__,0.3514561279188455,P13|P18|P19|P20|P26|P27|P3|P33|P34|P36|P40|P44|P8|P9,P12|P2|P21|P35|P4|P46
arousal,1,3,"8__lda__late_mean__0.3333333333333333,0.3333333333333333,0.3333333333333333",0.35987291112199543,P13|P18|P19|P20|P26|P27|P3|P33|P34|P36|P40|P44|P8|P9,P12|P2|P21|P35|P4|P46
arousal,1,3,"8__lda__late_geometric__0.3333333333333333,0.3333333333333333,0.3333333333333333",0.36015020179284435,P13|P18|P19|P20|P26|P27|P3|P33|P34|P36|P40|P44|P8|P9,P12|P2|P21|P35|P4|P46
arousal,1,3,"8__lda__late_weighted__0.25,0.25,0.5",0.3537737424486293,P13|P18|P19|P20|P26|P27|P3|P33|P34|P36|P40|P44|P8|P9,P12|P2|P21|P35|P4|P46
arousal,1,3,"8__lda__late_weighted__0.25,0.5,0.25",0.34979139172190027,P13|P18|P19|P20|P26|P27|P3|P33|P34|P36|P40|P44|P8|P9,P12|P2|P21|P35|P4|P46
arousal,1,3,"8__lda__late_weighted__0.5,0.25,0.25",0.360062253913328,P13|P18|P19|P20|P26|P27|P3|P33|P34|P36|P40|P44|P8|P9,P12|P2|P21|P35|P4|P46
arousal,1,3,"8__lda__unimodal__1.0,0.0,0.0",0.3467996840524092,P13|P18|P19|P20|P26|P27|P3|P33|P34|P36|P40|P44|P8|P9,P12|P2|P21|P35|P4|P46
arousal,1,3,"8__lda__unimodal__0.0,1.0,0.0",0.3604442140189974,P13|P18|P19|P20|P26|P27|P3|P33|P34|P36|P40|P44|P8|P9,P12|P2|P21|P35|P4|P46
arousal,1,3,"8__lda__unimodal__0.0,0.0,1.0",0.33229321400265993,P13|P18|P19|P20|P26|P27|P3|P33|P34|P36|P40|P44|P8|P9,P12|P2|P21|P35|P4|P46
arousal,1,3,8__extra_trees__early__,0.36326851629327056,P13|P18|P19|P20|P26|P27|P3|P33|P34|P36|P40|P44|P8|P9,P12|P2|P21|P35|P4|P46
arousal,1,3,"8__extra_trees__late_mean__0.3333333333333333,0.3333333333333333,0.3333333333333333",0.3740147530812934,P13|P18|P19|P20|P26|P27|P3|P33|P34|P36|P40|P44|P8|P9,P12|P2|P21|P35|P4|P46
arousal,1,3,"8__extra_trees__late_geometric__0.3333333333333333,0.3333333333333333,0.3333333333333333",0.3749862268466151,P13|P18|P19|P20|P26|P27|P3|P33|P34|P36|P40|P44|P8|P9,P12|P2|P21|P35|P4|P46
arousal,1,3,"8__extra_trees__late_weighted__0.25,0.25,0.5",0.3758689891987786,P13|P18|P19|P20|P26|P27|P3|P33|P34|P36|P40|P44|P8|P9,P12|P2|P21|P35|P4|P46
arousal,1,3,"8__extra_trees__late_weighted__0.25,0.5,0.25",0.3728291244124375,P13|P18|P19|P20|P26|P27|P3|P33|P34|P36|P40|P44|P8|P9,P12|P2|P21|P35|P4|P46
arousal,1,3,"8__extra_trees__late_weighted__0.5,0.25,0.25",0.3780274547752767,P13|P18|P19|P20|P26|P27|P3|P33|P34|P36|P40|P44|P8|P9,P12|P2|P21|P35|P4|P46
arousal,1,3,"8__extra_trees__unimodal__1.0,0.0,0.0",0.3742179155717122,P13|P18|P19|P20|P26|P27|P3|P33|P34|P36|P40|P44|P8|P9,P12|P2|P21|P35|P4|P46
arousal,1,3,"8__extra_trees__unimodal__0.0,1.0,0.0",0.37650156626541514,P13|P18|P19|P20|P26|P27|P3|P33|P34|P36|P40|P44|P8|P9,P12|P2|P21|P35|P4|P46
arousal,1,3,"8__extra_trees__unimodal__0.0,0.0,1.0",0.3633116808396337,P13|P18|P19|P20|P26|P27|P3|P33|P34|P36|P40|P44|P8|P9,P12|P2|P21|P35|P4|P46
arousal,2,1,1__logistic__early__,0.3518313022548446,P18|P20|P21|P22|P24|P26|P27|P33|P34|P4|P44|P48|P8,P13|P3|P30|P36|P43|P46|P9
arousal,2,1,"1__logistic__late_mean__0.3333333333333333,0.3333333333333333,0.3333333333333333",0.35533139788725115,P18|P20|P21|P22|P24|P26|P27|P33|P34|P4|P44|P48|P8,P13|P3|P30|P36|P43|P46|P9
arousal,2,1,"1__logistic__late_geometric__0.3333333333333333,0.3333333333333333,0.3333333333333333",0.3548698649427708,P18|P20|P21|P22|P24|P26|P27|P33|P34|P4|P44|P48|P8,P13|P3|P30|P36|P43|P46|P9
arousal,2,1,"1__logistic__late_weighted__0.25,0.25,0.5",0.3412203157997976,P18|P20|P21|P22|P24|P26|P27|P33|P34|P4|P44|P48|P8,P13|P3|P30|P36|P43|P46|P9
arousal,2,1,"1__logistic__late_weighted__0.25,0.5,0.25",0.3536453370111303,P18|P20|P21|P22|P24|P26|P27|P33|P34|P4|P44|P48|P8,P13|P3|P30|P36|P43|P46|P9
arousal,2,1,"1__logistic__late_weighted__0.5,0.25,0.25",0.36091320178074493,P18|P20|P21|P22|P24|P26|P27|P33|P34|P4|P44|P48|P8,P13|P3|P30|P36|P43|P46|P9
arousal,2,1,"1__logistic__unimodal__1.0,0.0,0.0",0.36488904242237175,P18|P20|P21|P22|P24|P26|P27|P33|P34|P4|P44|P48|P8,P13|P3|P30|P36|P43|P46|P9
arousal,2,1,"1__logistic__unimodal__0.0,1.0,0.0",0.3408924404217532,P18|P20|P21|P22|P24|P26|P27|P33|P34|P4|P44|P48|P8,P13|P3|P30|P36|P43|P46|P9
arousal,2,1,"1__logistic__unimodal__0.0,0.0,1.0",0.33791198267033545,P18|P20|P21|P22|P24|P26|P27|P33|P34|P4|P44|P48|P8,P13|P3|P30|P36|P43|P46|P9
arousal,2,1,1__lda__early__,0.3567839698894661,P18|P20|P21|P22|P24|P26|P27|P33|P34|P4|P44|P48|P8,P13|P3|P30|P36|P43|P46|P9
arousal,2,1,"1__lda__late_mean__0.3333333333333333,0.3333333333333333,0.3333333333333333",0.3596238537725391,P18|P20|P21|P22|P24|P26|P27|P33|P34|P4|P44|P48|P8,P13|P3|P30|P36|P43|P46|P9
arousal,2,1,"1__lda__late_geometric__0.3333333333333333,0.3333333333333333,0.3333333333333333",0.3581533439530505,P18|P20|P21|P22|P24|P26|P27|P33|P34|P4|P44|P48|P8,P13|P3|P30|P36|P43|P46|P9
arousal,2,1,"1__lda__late_weighted__0.25,0.25,0.5",0.34430964355608634,P18|P20|P21|P22|P24|P26|P27|P33|P34|P4|P44|P48|P8,P13|P3|P30|P36|P43|P46|P9
arousal,2,1,"1__lda__late_weighted__0.25,0.5,0.25",0.35968282944325985,P18|P20|P21|P22|P24|P26|P27|P33|P34|P4|P44|P48|P8,P13|P3|P30|P36|P43|P46|P9
arousal,2,1,"1__lda__late_weighted__0.5,0.25,0.25",0.36912141397913534,P18|P20|P21|P22|P24|P26|P27|P33|P34|P4|P44|P48|P8,P13|P3|P30|P36|P43|P46|P9
arousal,2,1,"1__lda__unimodal__1.0,0.0,0.0",0.3620581697364536,P18|P20|P21|P22|P24|P26|P27|P33|P34|P4|P44|P48|P8,P13|P3|P30|P36|P43|P46|P9
arousal,2,1,"1__lda__unimodal__0.0,1.0,0.0",0.34945832485414485,P18|P20|P21|P22|P24|P26|P27|P33|P34|P4|P44|P48|P8,P13|P3|P30|P36|P43|P46|P9
arousal,2,1,"1__lda__unimodal__0.0,0.0,1.0",0.3371566966216274,P18|P20|P21|P22|P24|P26|P27|P33|P34|P4|P44|P48|P8,P13|P3|P30|P36|P43|P46|P9
arousal,2,1,1__extra_trees__early__,0.3640480796134244,P18|P20|P21|P22|P24|P26|P27|P33|P34|P4|P44|P48|P8,P13|P3|P30|P36|P43|P46|P9
arousal,2,1,"1__extra_trees__late_mean__0.3333333333333333,0.3333333333333333,0.3333333333333333",0.3528608684364331,P18|P20|P21|P22|P24|P26|P27|P33|P34|P4|P44|P48|P8,P13|P3|P30|P36|P43|P46|P9
arousal,2,1,"1__extra_trees__late_geometric__0.3333333333333333,0.3333333333333333,0.3333333333333333",0.3534189539333456,P18|P20|P21|P22|P24|P26|P27|P33|P34|P4|P44|P48|P8,P13|P3|P30|P36|P43|P46|P9
arousal,2,1,"1__extra_trees__late_weighted__0.25,0.25,0.5",0.3488953271314576,P18|P20|P21|P22|P24|P26|P27|P33|P34|P4|P44|P48|P8,P13|P3|P30|P36|P43|P46|P9
arousal,2,1,"1__extra_trees__late_weighted__0.25,0.5,0.25",0.3559955639717825,P18|P20|P21|P22|P24|P26|P27|P33|P34|P4|P44|P48|P8,P13|P3|P30|P36|P43|P46|P9
arousal,2,1,"1__extra_trees__late_weighted__0.5,0.25,0.25",0.3549738324574615,P18|P20|P21|P22|P24|P26|P27|P33|P34|P4|P44|P48|P8,P13|P3|P30|P36|P43|P46|P9
arousal,2,1,"1__extra_trees__unimodal__1.0,0.0,0.0",0.3684194513920199,P18|P20|P21|P22|P24|P26|P27|P33|P34|P4|P44|P48|P8,P13|P3|P30|P36|P43|P46|P9
arousal,2,1,"1__extra_trees__unimodal__0.0,1.0,0.0",0.34374807034453186,P18|P20|P21|P22|P24|P26|P27|P33|P34|P4|P44|P48|P8,P13|P3|P30|P36|P43|P46|P9
arousal,2,1,"1__extra_trees__unimodal__0.0,0.0,1.0",0.33498172793139575,P18|P20|P21|P22|P24|P26|P27|P33|P34|P4|P44|P48|P8,P13|P3|P30|P36|P43|P46|P9
arousal,2,1,8__logistic__early__,0.36709659266380096,P18|P20|P21|P22|P24|P26|P27|P33|P34|P4|P44|P48|P8,P13|P3|P30|P36|P43|P46|P9
arousal,2,1,"8__logistic__late_mean__0.3333333333333333,0.3333333333333333,0.3333333333333333",0.36038356327995386,P18|P20|P21|P22|P24|P26|P27|P33|P34|P4|P44|P48|P8,P13|P3|P30|P36|P43|P46|P9
arousal,2,1,"8__logistic__late_geometric__0.3333333333333333,0.3333333333333333,0.3333333333333333",0.36147950531029494,P18|P20|P21|P22|P24|P26|P27|P33|P34|P4|P44|P48|P8,P13|P3|P30|P36|P43|P46|P9
arousal,2,1,"8__logistic__late_weighted__0.25,0.25,0.5",0.3590266797752605,P18|P20|P21|P22|P24|P26|P27|P33|P34|P4|P44|P48|P8,P13|P3|P30|P36|P43|P46|P9
arousal,2,1,"8__logistic__late_weighted__0.25,0.5,0.25",0.3513431525760283,P18|P20|P21|P22|P24|P26|P27|P33|P34|P4|P44|P48|P8,P13|P3|P30|P36|P43|P46|P9
arousal,2,1,"8__logistic__late_weighted__0.5,0.25,0.25",0.3533241904767523,P18|P20|P21|P22|P24|P26|P27|P33|P34|P4|P44|P48|P8,P13|P3|P30|P36|P43|P46|P9
arousal,2,1,"8__logistic__unimodal__1.0,0.0,0.0",0.34951283582330817,P18|P20|P21|P22|P24|P26|P27|P33|P34|P4|P44|P48|P8,P13|P3|P30|P36|P43|P46|P9
arousal,2,1,"8__logistic__unimodal__0.0,1.0,0.0",0.3385963066135382,P18|P20|P21|P22|P24|P26|P27|P33|P34|P4|P44|P48|P8,P13|P3|P30|P36|P43|P46|P9
arousal,2,1,"8__logistic__unimodal__0.0,0.0,1.0",0.35241424462449544,P18|P20|P21|P22|P24|P26|P27|P33|P34|P4|P44|P48|P8,P13|P3|P30|P36|P43|P46|P9
arousal,2,1,8__lda__early__,0.37440610004573793,P18|P20|P21|P22|P24|P26|P27|P33|P34|P4|P44|P48|P8,P13|P3|P30|P36|P43|P46|P9
arousal,2,1,"8__lda__late_mean__0.3333333333333333,0.3333333333333333,0.3333333333333333",0.35438361527761886,P18|P20|P21|P22|P24|P26|P27|P33|P34|P4|P44|P48|P8,P13|P3|P30|P36|P43|P46|P9
arousal,2,1,"8__lda__late_geometric__0.3333333333333333,0.3333333333333333,0.3333333333333333",0.35389687957713,P18|P20|P21|P22|P24|P26|P27|P33|P34|P4|P44|P48|P8,P13|P3|P30|P36|P43|P46|P9
arousal,2,1,"8__lda__late_weighted__0.25,0.25,0.5",0.3497059715553744,P18|P20|P21|P22|P24|P26|P27|P33|P34|P4|P44|P48|P8,P13|P3|P30|P36|P43|P46|P9
arousal,2,1,"8__lda__late_weighted__0.25,0.5,0.25",0.35414279478584815,P18|P20|P21|P22|P24|P26|P27|P33|P34|P4|P44|P48|P8,P13|P3|P30|P36|P43|P46|P9
arousal,2,1,"8__lda__late_weighted__0.5,0.25,0.25",0.3532678310884278,P18|P20|P21|P22|P24|P26|P27|P33|P34|P4|P44|P48|P8,P13|P3|P30|P36|P43|P46|P9
arousal,2,1,"8__lda__unimodal__1.0,0.0,0.0",0.3482242560379284,P18|P20|P21|P22|P24|P26|P27|P33|P34|P4|P44|P48|P8,P13|P3|P30|P36|P43|P46|P9
arousal,2,1,"8__lda__unimodal__0.0,1.0,0.0",0.3455257765952678,P18|P20|P21|P22|P24|P26|P27|P33|P34|P4|P44|P48|P8,P13|P3|P30|P36|P43|P46|P9
arousal,2,1,"8__lda__unimodal__0.0,0.0,1.0",0.3536776877051275,P18|P20|P21|P22|P24|P26|P27|P33|P34|P4|P44|P48|P8,P13|P3|P30|P36|P43|P46|P9
arousal,2,1,8__extra_trees__early__,0.34754075655413896,P18|P20|P21|P22|P24|P26|P27|P33|P34|P4|P44|P48|P8,P13|P3|P30|P36|P43|P46|P9
arousal,2,1,"8__extra_trees__late_mean__0.3333333333333333,0.3333333333333333,0.3333333333333333",0.3419099542508838,P18|P20|P21|P22|P24|P26|P27|P33|P34|P4|P44|P48|P8,P13|P3|P30|P36|P43|P46|P9
arousal,2,1,"8__extra_trees__late_geometric__0.3333333333333333,0.3333333333333333,0.3333333333333333",0.34146449551806507,P18|P20|P21|P22|P24|P26|P27|P33|P34|P4|P44|P48|P8,P13|P3|P30|P36|P43|P46|P9
arousal,2,1,"8__extra_trees__late_weighted__0.25,0.25,0.5",0.3574667343813371,P18|P20|P21|P22|P24|P26|P27|P33|P34|P4|P44|P48|P8,P13|P3|P30|P36|P43|P46|P9
arousal,2,1,"8__extra_trees__late_weighted__0.25,0.5,0.25",0.3320718237203442,P18|P20|P21|P22|P24|P26|P27|P33|P34|P4|P44|P48|P8,P13|P3|P30|P36|P43|P46|P9
arousal,2,1,"8__extra_trees__late_weighted__0.5,0.25,0.25",0.3372745213214451,P18|P20|P21|P22|P24|P26|P27|P33|P34|P4|P44|P48|P8,P13|P3|P30|P36|P43|P46|P9
arousal,2,1,"8__extra_trees__unimodal__1.0,0.0,0.0",0.34677550629279946,P18|P20|P21|P22|P24|P26|P27|P33|P34|P4|P44|P48|P8,P13|P3|P30|P36|P43|P46|P9
arousal,2,1,"8__extra_trees__unimodal__0.0,1.0,0.0",0.32949570256625543,P18|P20|P21|P22|P24|P26|P27|P33|P34|P4|P44|P48|P8,P13|P3|P30|P36|P43|P46|P9
arousal,2,1,"8__extra_trees__unimodal__0.0,0.0,1.0",0.35436562151297596,P18|P20|P21|P22|P24|P26|P27|P33|P34|P4|P44|P48|P8,P13|P3|P30|P36|P43|P46|P9
arousal,2,2,1__logistic__early__,0.33304113655418316,P13|P20|P24|P26|P3|P30|P34|P36|P4|P43|P46|P48|P9,P18|P21|P22|P27|P33|P44|P8
arousal,2,2,"1__logistic__late_mean__0.3333333333333333,0.3333333333333333,0.3333333333333333",0.3342801602859468,P13|P20|P24|P26|P3|P30|P34|P36|P4|P43|P46|P48|P9,P18|P21|P22|P27|P33|P44|P8
arousal,2,2,"1__logistic__late_geometric__0.3333333333333333,0.3333333333333333,0.3333333333333333",0.3341291081203829,P13|P20|P24|P26|P3|P30|P34|P36|P4|P43|P46|P48|P9,P18|P21|P22|P27|P33|P44|P8
arousal,2,2,"1__logistic__late_weighted__0.25,0.25,0.5",0.3309515217449838,P13|P20|P24|P26|P3|P30|P34|P36|P4|P43|P46|P48|P9,P18|P21|P22|P27|P33|P44|P8
arousal,2,2,"1__logistic__late_weighted__0.25,0.5,0.25",0.3373905034853975,P13|P20|P24|P26|P3|P30|P34|P36|P4|P43|P46|P48|P9,P18|P21|P22|P27|P33|P44|P8
arousal,2,2,"1__logistic__late_weighted__0.5,0.25,0.25",0.33586947034761877,P13|P20|P24|P26|P3|P30|P34|P36|P4|P43|P46|P48|P9,P18|P21|P22|P27|P33|P44|P8
arousal,2,2,"1__logistic__unimodal__1.0,0.0,0.0",0.3383949439567668,P13|P20|P24|P26|P3|P30|P34|P36|P4|P43|P46|P48|P9,P18|P21|P22|P27|P33|P44|P8
arousal,2,2,"1__logistic__unimodal__0.0,1.0,0.0",0.3359475730725432,P13|P20|P24|P26|P3|P30|P34|P36|P4|P43|P46|P48|P9,P18|P21|P22|P27|P33|P44|P8
arousal,2,2,"1__logistic__unimodal__0.0,0.0,1.0",0.3398769503801007,P13|P20|P24|P26|P3|P30|P34|P36|P4|P43|P46|P48|P9,P18|P21|P22|P27|P33|P44|P8
arousal,2,2,1__lda__early__,0.3324485807131999,P13|P20|P24|P26|P3|P30|P34|P36|P4|P43|P46|P48|P9,P18|P21|P22|P27|P33|P44|P8
arousal,2,2,"1__lda__late_mean__0.3333333333333333,0.3333333333333333,0.3333333333333333",0.3376002464026617,P13|P20|P24|P26|P3|P30|P34|P36|P4|P43|P46|P48|P9,P18|P21|P22|P27|P33|P44|P8
arousal,2,2,"1__lda__late_geometric__0.3333333333333333,0.3333333333333333,0.3333333333333333",0.3355630715719217,P13|P20|P24|P26|P3|P30|P34|P36|P4|P43|P46|P48|P9,P18|P21|P22|P27|P33|P44|P8
arousal,2,2,"1__lda__late_weighted__0.25,0.25,0.5",0.3298279046759121,P13|P20|P24|P26|P3|P30|P34|P36|P4|P43|P46|P48|P9,P18|P21|P22|P27|P33|P44|P8
arousal,2,2,"1__lda__late_weighted__0.25,0.5,0.25",0.3412948470134537,P13|P20|P24|P26|P3|P30|P34|P36|P4|P43|P46|P48|P9,P18|P21|P22|P27|P33|P44|P8
arousal,2,2,"1__lda__late_weighted__0.5,0.25,0.25",0.33471684708993665,P13|P20|P24|P26|P3|P30|P34|P36|P4|P43|P46|P48|P9,P18|P21|P22|P27|P33|P44|P8
arousal,2,2,"1__lda__unimodal__1.0,0.0,0.0",0.33891253248919323,P13|P20|P24|P26|P3|P30|P34|P36|P4|P43|P46|P48|P9,P18|P21|P22|P27|P33|P44|P8
arousal,2,2,"1__lda__unimodal__0.0,1.0,0.0",0.338219278128051,P13|P20|P24|P26|P3|P30|P34|P36|P4|P43|P46|P48|P9,P18|P21|P22|P27|P33|P44|P8
arousal,2,2,"1__lda__unimodal__0.0,0.0,1.0",0.3390207860998492,P13|P20|P24|P26|P3|P30|P34|P36|P4|P43|P46|P48|P9,P18|P21|P22|P27|P33|P44|P8
arousal,2,2,1__extra_trees__early__,0.3378291860860115,P13|P20|P24|P26|P3|P30|P34|P36|P4|P43|P46|P48|P9,P18|P21|P22|P27|P33|P44|P8
arousal,2,2,"1__extra_trees__late_mean__0.3333333333333333,0.3333333333333333,0.3333333333333333",0.33976531374861435,P13|P20|P24|P26|P3|P30|P34|P36|P4|P43|P46|P48|P9,P18|P21|P22|P27|P33|P44|P8
arousal,2,2,"1__extra_trees__late_geometric__0.3333333333333333,0.3333333333333333,0.3333333333333333",0.33898099209071125,P13|P20|P24|P26|P3|P30|P34|P36|P4|P43|P46|P48|P9,P18|P21|P22|P27|P33|P44|P8
arousal,2,2,"1__extra_trees__late_weighted__0.25,0.25,0.5",0.3343038159137646,P13|P20|P24|P26|P3|P30|P34|P36|P4|P43|P46|P48|P9,P18|P21|P22|P27|P33|P44|P8
arousal,2,2,"1__extra_trees__late_weighted__0.25,0.5,0.25",0.3352245812702139,P13|P20|P24|P26|P3|P30|P34|P36|P4|P43|P46|P48|P9,P18|P21|P22|P27|P33|P44|P8
arousal,2,2,"1__extra_trees__late_weighted__0.5,0.25,0.25",0.3439584882085795,P13|P20|P24|P26|P3|P30|P34|P36|P4|P43|P46|P48|P9,P18|P21|P22|P27|P33|P44|P8
arousal,2,2,"1__extra_trees__unimodal__1.0,0.0,0.0",0.3366196920348217,P13|P20|P24|P26|P3|P30|P34|P36|P4|P43|P46|P48|P9,P18|P21|P22|P27|P33|P44|P8
arousal,2,2,"1__extra_trees__unimodal__0.0,1.0,0.0",0.3275934812580465,P13|P20|P24|P26|P3|P30|P34|P36|P4|P43|P46|P48|P9,P18|P21|P22|P27|P33|P44|P8
arousal,2,2,"1__extra_trees__unimodal__0.0,0.0,1.0",0.334138928798149,P13|P20|P24|P26|P3|P30|P34|P36|P4|P43|P46|P48|P9,P18|P21|P22|P27|P33|P44|P8
arousal,2,2,8__logistic__early__,0.3503119466105022,P13|P20|P24|P26|P3|P30|P34|P36|P4|P43|P46|P48|P9,P18|P21|P22|P27|P33|P44|P8
arousal,2,2,"8__logistic__late_mean__0.3333333333333333,0.3333333333333333,0.3333333333333333",0.3601062989993721,P13|P20|P24|P26|P3|P30|P34|P36|P4|P43|P46|P48|P9,P18|P21|P22|P27|P33|P44|P8
arousal,2,2,"8__logistic__late_geometric__0.3333333333333333,0.3333333333333333,0.3333333333333333",0.3600852953401325,P13|P20|P24|P26|P3|P30|P34|P36|P4|P43|P46|P48|P9,P18|P21|P22|P27|P33|P44|P8
arousal,2,2,"8__logistic__late_weighted__0.25,0.25,0.5",0.3658786218758034,P13|P20|P24|P26|P3|P30|P34|P36|P4|P43|P46|P48|P9,P18|P21|P22|P27|P33|P44|P8
arousal,2,2,"8__logistic__late_weighted__0.25,0.5,0.25",0.35187095479355274,P13|P20|P24|P26|P3|P30|P34|P36|P4|P43|P46|P48|P9,P18|P21|P22|P27|P33|P44|P8
arousal,2,2,"8__logistic__late_weighted__0.5,0.25,0.25",0.36543887285295396,P13|P20|P24|P26|P3|P30|P34|P36|P4|P43|P46|P48|P9,P18|P21|P22|P27|P33|P44|P8
arousal,2,2,"8__logistic__unimodal__1.0,0.0,0.0",0.3570815876546441,P13|P20|P24|P26|P3|P30|P34|P36|P4|P43|P46|P48|P9,P18|P21|P22|P27|P33|P44|P8
arousal,2,2,"8__logistic__unimodal__0.0,1.0,0.0",0.3284273873389509,P13|P20|P24|P26|P3|P30|P34|P36|P4|P43|P46|P48|P9,P18|P21|P22|P27|P33|P44|P8
arousal,2,2,"8__logistic__unimodal__0.0,0.0,1.0",0.35433418294902885,P13|P20|P24|P26|P3|P30|P34|P36|P4|P43|P46|P48|P9,P18|P21|P22|P27|P33|P44|P8
arousal,2,2,8__lda__early__,0.3660164296146006,P13|P20|P24|P26|P3|P30|P34|P36|P4|P43|P46|P48|P9,P18|P21|P22|P27|P33|P44|P8
arousal,2,2,"8__lda__late_mean__0.3333333333333333,0.3333333333333333,0.3333333333333333",0.3635825388707836,P13|P20|P24|P26|P3|P30|P34|P36|P4|P43|P46|P48|P9,P18|P21|P22|P27|P33|P44|P8
arousal,2,2,"8__lda__late_geometric__0.3333333333333333,0.3333333333333333,0.3333333333333333",0.36666475796194786,P13|P20|P24|P26|P3|P30|P34|P36|P4|P43|P46|P48|P9,P18|P21|P22|P27|P33|P44|P8
arousal,2,2,"8__lda__late_weighted__0.25,0.25,0.5",0.3691695475670947,P13|P20|P24|P26|P3|P30|P34|P36|P4|P43|P46|P48|P9,P18|P21|P22|P27|P33|P44|P8
arousal,2,2,"8__lda__late_weighted__0.25,0.5,0.25",0.35907871703471683,P13|P20|P24|P26|P3|P30|P34|P36|P4|P43|P46|P48|P9,P18|P21|P22|P27|P33|P44|P8
arousal,2,2,"8__lda__late_weighted__0.5,0.25,0.25",0.3652322185503608,P13|P20|P24|P26|P3|P30|P34|P36|P4|P43|P46|P48|P9,P18|P21|P22|P27|P33|P44|P8
arousal,2,2,"8__lda__unimodal__1.0,0.0,0.0",0.3582400062648263,P13|P20|P24|P26|P3|P30|P34|P36|P4|P43|P46|P48|P9,P18|P21|P22|P27|P33|P44|P8
arousal,2,2,"8__lda__unimodal__0.0,1.0,0.0",0.34267879793448536,P13|P20|P24|P26|P3|P30|P34|P36|P4|P43|P46|P48|P9,P18|P21|P22|P27|P33|P44|P8
arousal,2,2,"8__lda__unimodal__0.0,0.0,1.0",0.3601219129602543,P13|P20|P24|P26|P3|P30|P34|P36|P4|P43|P46|P48|P9,P18|P21|P22|P27|P33|P44|P8
arousal,2,2,8__extra_trees__early__,0.34271466200458356,P13|P20|P24|P26|P3|P30|P34|P36|P4|P43|P46|P48|P9,P18|P21|P22|P27|P33|P44|P8
arousal,2,2,"8__extra_trees__late_mean__0.3333333333333333,0.3333333333333333,0.3333333333333333",0.3543533963873792,P13|P20|P24|P26|P3|P30|P34|P36|P4|P43|P46|P48|P9,P18|P21|P22|P27|P33|P44|P8
arousal,2,2,"8__extra_trees__late_geometric__0.3333333333333333,0.3333333333333333,0.3333333333333333",0.3561363322048233,P13|P20|P24|P26|P3|P30|P34|P36|P4|P43|P46|P48|P9,P18|P21|P22|P27|P33|P44|P8
arousal,2,2,"8__extra_trees__late_weighted__0.25,0.25,0.5",0.34835205756272264,P13|P20|P24|P26|P3|P30|P34|P36|P4|P43|P46|P48|P9,P18|P21|P22|P27|P33|P44|P8
arousal,2,2,"8__extra_trees__late_weighted__0.25,0.5,0.25",0.3551452227524468,P13|P20|P24|P26|P3|P30|P34|P36|P4|P43|P46|P48|P9,P18|P21|P22|P27|P33|P44|P8
arousal,2,2,"8__extra_trees__late_weighted__0.5,0.25,0.25",0.35494020978485924,P13|P20|P24|P26|P3|P30|P34|P36|P4|P43|P46|P48|P9,P18|P21|P22|P27|P33|P44|P8
arousal,2,2,"8__extra_trees__unimodal__1.0,0.0,0.0",0.35172498200103847,P13|P20|P24|P26|P3|P30|P34|P36|P4|P43|P46|P48|P9,P18|P21|P22|P27|P33|P44|P8
arousal,2,2,"8__extra_trees__unimodal__0.0,1.0,0.0",0.34099980576071115,P13|P20|P24|P26|P3|P30|P34|P36|P4|P43|P46|P48|P9,P18|P21|P22|P27|P33|P44|P8
arousal,2,2,"8__extra_trees__unimodal__0.0,0.0,1.0",0.33879681416382895,P13|P20|P24|P26|P3|P30|P34|P36|P4|P43|P46|P48|P9,P18|P21|P22|P27|P33|P44|P8
arousal,2,3,1__logistic__early__,0.35630435127637883,P13|P18|P21|P22|P27|P3|P30|P33|P36|P43|P44|P46|P8|P9,P20|P24|P26|P34|P4|P48
arousal,2,3,"1__logistic__late_mean__0.3333333333333333,0.3333333333333333,0.3333333333333333",0.3699525728121395,P13|P18|P21|P22|P27|P3|P30|P33|P36|P43|P44|P46|P8|P9,P20|P24|P26|P34|P4|P48
arousal,2,3,"1__logistic__late_geometric__0.3333333333333333,0.3333333333333333,0.3333333333333333",0.3696395709456226,P13|P18|P21|P22|P27|P3|P30|P33|P36|P43|P44|P46|P8|P9,P20|P24|P26|P34|P4|P48
arousal,2,3,"1__logistic__late_weighted__0.25,0.25,0.5",0.3641219314847712,P13|P18|P21|P22|P27|P3|P30|P33|P36|P43|P44|P46|P8|P9,P20|P24|P26|P34|P4|P48
arousal,2,3,"1__logistic__late_weighted__0.25,0.5,0.25",0.36598498625950454,P13|P18|P21|P22|P27|P3|P30|P33|P36|P43|P44|P46|P8|P9,P20|P24|P26|P34|P4|P48
arousal,2,3,"1__logistic__late_weighted__0.5,0.25,0.25",0.3672319450221809,P13|P18|P21|P22|P27|P3|P30|P33|P36|P43|P44|P46|P8|P9,P20|P24|P26|P34|P4|P48
arousal,2,3,"1__logistic__unimodal__1.0,0.0,0.0",0.3586120620226197,P13|P18|P21|P22|P27|P3|P30|P33|P36|P43|P44|P46|P8|P9,P20|P24|P26|P34|P4|P48
arousal,2,3,"1__logistic__unimodal__0.0,1.0,0.0",0.3527682028633514,P13|P18|P21|P22|P27|P3|P30|P33|P36|P43|P44|P46|P8|P9,P20|P24|P26|P34|P4|P48
arousal,2,3,"1__logistic__unimodal__0.0,0.0,1.0",0.3514068045811782,P13|P18|P21|P22|P27|P3|P30|P33|P36|P43|P44|P46|P8|P9,P20|P24|P26|P34|P4|P48
arousal,2,3,1__lda__early__,0.3524882421455078,P13|P18|P21|P22|P27|P3|P30|P33|P36|P43|P44|P46|P8|P9,P20|P24|P26|P34|P4|P48
arousal,2,3,"1__lda__late_mean__0.3333333333333333,0.3333333333333333,0.3333333333333333",0.37516289935177377,P13|P18|P21|P22|P27|P3|P30|P33|P36|P43|P44|P46|P8|P9,P20|P24|P26|P34|P4|P48
arousal,2,3,"1__lda__late_geometric__0.3333333333333333,0.3333333333333333,0.3333333333333333",0.3738831590292489,P13|P18|P21|P22|P27|P3|P30|P33|P36|P43|P44|P46|P8|P9,P20|P24|P26|P34|P4|P48
arousal,2,3,"1__lda__late_weighted__0.25,0.25,0.5",0.3625709643598674,P13|P18|P21|P22|P27|P3|P30|P33|P36|P43|P44|P46|P8|P9,P20|P24|P26|P34|P4|P48
arousal,2,3,"1__lda__late_weighted__0.25,0.5,0.25",0.37227063513893216,P13|P18|P21|P22|P27|P3|P30|P33|P36|P43|P44|P46|P8|P9,P20|P24|P26|P34|P4|P48
arousal,2,3,"1__lda__late_weighted__0.5,0.25,0.25",0.3666561935343789,P13|P18|P21|P22|P27|P3|P30|P33|P36|P43|P44|P46|P8|P9,P20|P24|P26|P34|P4|P48
arousal,2,3,"1__lda__unimodal__1.0,0.0,0.0",0.3537770465885921,P13|P18|P21|P22|P27|P3|P30|P33|P36|P43|P44|P46|P8|P9,P20|P24|P26|P34|P4|P48
arousal,2,3,"1__lda__unimodal__0.0,1.0,0.0",0.370556367921371,P13|P18|P21|P22|P27|P3|P30|P33|P36|P43|P44|P46|P8|P9,P20|P24|P26|P34|P4|P48
arousal,2,3,"1__lda__unimodal__0.0,0.0,1.0",0.34956717687489247,P13|P18|P21|P22|P27|P3|P30|P33|P36|P43|P44|P46|P8|P9,P20|P24|P26|P34|P4|P48
arousal,2,3,1__extra_trees__early__,0.35034175925611627,P13|P18|P21|P22|P27|P3|P30|P33|P36|P43|P44|P46|P8|P9,P20|P24|P26|P34|P4|P48
arousal,2,3,"1__extra_trees__late_mean__0.3333333333333333,0.3333333333333333,0.3333333333333333",0.34902334300018384,P13|P18|P21|P22|P27|P3|P30|P33|P36|P43|P44|P46|P8|P9,P20|P24|P26|P34|P4|P48
arousal,2,3,"1__extra_trees__late_geometric__0.3333333333333333,0.3333333333333333,0.3333333333333333",0.3483393459654604,P13|P18|P21|P22|P27|P3|P30|P33|P36|P43|P44|P46|P8|P9,P20|P24|P26|P34|P4|P48
arousal,2,3,"1__extra_trees__late_weighted__0.25,0.25,0.5",0.3503804261959827,P13|P18|P21|P22|P27|P3|P30|P33|P36|P43|P44|P46|P8|P9,P20|P24|P26|P34|P4|P48
arousal,2,3,"1__extra_trees__late_weighted__0.25,0.5,0.25",0.3515657737167667,P13|P18|P21|P22|P27|P3|P30|P33|P36|P43|P44|P46|P8|P9,P20|P24|P26|P34|P4|P48
arousal,2,3,"1__extra_trees__late_weighted__0.5,0.25,0.25",0.346720457066585,P13|P18|P21|P22|P27|P3|P30|P33|P36|P43|P44|P46|P8|P9,P20|P24|P26|P34|P4|P48
arousal,2,3,"1__extra_trees__unimodal__1.0,0.0,0.0",0.3496784291169754,P13|P18|P21|P22|P27|P3|P30|P33|P36|P43|P44|P46|P8|P9,P20|P24|P26|P34|P4|P48
arousal,2,3,"1__extra_trees__unimodal__0.0,1.0,0.0",0.33865764956806643,P13|P18|P21|P22|P27|P3|P30|P33|P36|P43|P44|P46|P8|P9,P20|P24|P26|P34|P4|P48
arousal,2,3,"1__extra_trees__unimodal__0.0,0.0,1.0",0.3470883246945274,P13|P18|P21|P22|P27|P3|P30|P33|P36|P43|P44|P46|P8|P9,P20|P24|P26|P34|P4|P48
arousal,2,3,8__logistic__early__,0.3832989078533294,P13|P18|P21|P22|P27|P3|P30|P33|P36|P43|P44|P46|P8|P9,P20|P24|P26|P34|P4|P48
arousal,2,3,"8__logistic__late_mean__0.3333333333333333,0.3333333333333333,0.3333333333333333",0.3887804511269007,P13|P18|P21|P22|P27|P3|P30|P33|P36|P43|P44|P46|P8|P9,P20|P24|P26|P34|P4|P48
arousal,2,3,"8__logistic__late_geometric__0.3333333333333333,0.3333333333333333,0.3333333333333333",0.3897633021245806,P13|P18|P21|P22|P27|P3|P30|P33|P36|P43|P44|P46|P8|P9,P20|P24|P26|P34|P4|P48
arousal,2,3,"8__logistic__late_weighted__0.25,0.25,0.5",0.3822877947664967,P13|P18|P21|P22|P27|P3|P30|P33|P36|P43|P44|P46|P8|P9,P20|P24|P26|P34|P4|P48
arousal,2,3,"8__logistic__late_weighted__0.25,0.5,0.25",0.3789630651481955,P13|P18|P21|P22|P27|P3|P30|P33|P36|P43|P44|P46|P8|P9,P20|P24|P26|P34|P4|P48
arousal,2,3,"8__logistic__late_weighted__0.5,0.25,0.25",0.3936304380538891,P13|P18|P21|P22|P27|P3|P30|P33|P36|P43|P44|P46|P8|P9,P20|P24|P26|P34|P4|P48
arousal,2,3,"8__logistic__unimodal__1.0,0.0,0.0",0.3676387498184282,P13|P18|P21|P22|P27|P3|P30|P33|P36|P43|P44|P46|P8|P9,P20|P24|P26|P34|P4|P48
arousal,2,3,"8__logistic__unimodal__0.0,1.0,0.0",0.34877497140581387,P13|P18|P21|P22|P27|P3|P30|P33|P36|P43|P44|P46|P8|P9,P20|P24|P26|P34|P4|P48
arousal,2,3,"8__logistic__unimodal__0.0,0.0,1.0",0.391228981026196,P13|P18|P21|P22|P27|P3|P30|P33|P36|P43|P44|P46|P8|P9,P20|P24|P26|P34|P4|P48
arousal,2,3,8__lda__early__,0.38549136863418026,P13|P18|P21|P22|P27|P3|P30|P33|P36|P43|P44|P46|P8|P9,P20|P24|P26|P34|P4|P48
arousal,2,3,"8__lda__late_mean__0.3333333333333333,0.3333333333333333,0.3333333333333333",0.3912686834606043,P13|P18|P21|P22|P27|P3|P30|P33|P36|P43|P44|P46|P8|P9,P20|P24|P26|P34|P4|P48
arousal,2,3,"8__lda__late_geometric__0.3333333333333333,0.3333333333333333,0.3333333333333333",0.3881743880432611,P13|P18|P21|P22|P27|P3|P30|P33|P36|P43|P44|P46|P8|P9,P20|P24|P26|P34|P4|P48
arousal,2,3,"8__lda__late_weighted__0.25,0.25,0.5",0.39039486033659454,P13|P18|P21|P22|P27|P3|P30|P33|P36|P43|P44|P46|P8|P9,P20|P24|P26|P34|P4|P48
arousal,2,3,"8__lda__late_weighted__0.25,0.5,0.25",0.38527025391705644,P13|P18|P21|P22|P27|P3|P30|P33|P36|P43|P44|P46|P8|P9,P20|P24|P26|P34|P4|P48
arousal,2,3,"8__lda__late_weighted__0.5,0.25,0.25",0.3922561677059874,P13|P18|P21|P22|P27|P3|P30|P33|P36|P43|P44|P46|P8|P9,P20|P24|P26|P34|P4|P48
arousal,2,3,"8__lda__unimodal__1.0,0.0,0.0",0.3690344538711541,P13|P18|P21|P22|P27|P3|P30|P33|P36|P43|P44|P46|P8|P9,P20|P24|P26|P34|P4|P48
arousal,2,3,"8__lda__unimodal__0.0,1.0,0.0",0.3518783708323116,P13|P18|P21|P22|P27|P3|P30|P33|P36|P43|P44|P46|P8|P9,P20|P24|P26|P34|P4|P48
arousal,2,3,"8__lda__unimodal__0.0,0.0,1.0",0.3872980626936282,P13|P18|P21|P22|P27|P3|P30|P33|P36|P43|P44|P46|P8|P9,P20|P24|P26|P34|P4|P48
arousal,2,3,8__extra_trees__early__,0.3792464437185972,P13|P18|P21|P22|P27|P3|P30|P33|P36|P43|P44|P46|P8|P9,P20|P24|P26|P34|P4|P48
arousal,2,3,"8__extra_trees__late_mean__0.3333333333333333,0.3333333333333333,0.3333333333333333",0.37508612316644174,P13|P18|P21|P22|P27|P3|P30|P33|P36|P43|P44|P46|P8|P9,P20|P24|P26|P34|P4|P48
arousal,2,3,"8__extra_trees__late_geometric__0.3333333333333333,0.3333333333333333,0.3333333333333333",0.37624431832350275,P13|P18|P21|P22|P27|P3|P30|P33|P36|P43|P44|P46|P8|P9,P20|P24|P26|P34|P4|P48
arousal,2,3,"8__extra_trees__late_weighted__0.25,0.25,0.5",0.3697943494134011,P13|P18|P21|P22|P27|P3|P30|P33|P36|P43|P44|P46|P8|P9,P20|P24|P26|P34|P4|P48
arousal,2,3,"8__extra_trees__late_weighted__0.25,0.5,0.25",0.3690735164629892,P13|P18|P21|P22|P27|P3|P30|P33|P36|P43|P44|P46|P8|P9,P20|P24|P26|P34|P4|P48
arousal,2,3,"8__extra_trees__late_weighted__0.5,0.25,0.25",0.3743339890910214,P13|P18|P21|P22|P27|P3|P30|P33|P36|P43|P44|P46|P8|P9,P20|P24|P26|P34|P4|P48
arousal,2,3,"8__extra_trees__unimodal__1.0,0.0,0.0",0.3465642410557725,P13|P18|P21|P22|P27|P3|P30|P33|P36|P43|P44|P46|P8|P9,P20|P24|P26|P34|P4|P48
arousal,2,3,"8__extra_trees__unimodal__0.0,1.0,0.0",0.33721761110792986,P13|P18|P21|P22|P27|P3|P30|P33|P36|P43|P44|P46|P8|P9,P20|P24|P26|P34|P4|P48
arousal,2,3,"8__extra_trees__unimodal__0.0,0.0,1.0",0.3542876945350615,P13|P18|P21|P22|P27|P3|P30|P33|P36|P43|P44|P46|P8|P9,P20|P24|P26|P34|P4|P48
arousal,3,1,1__logistic__early__,0.34869113811168617,P12|P13|P19|P2|P21|P24|P26|P33|P35|P4|P40|P43|P9,P20|P22|P3|P30|P34|P44|P48
arousal,3,1,"1__logistic__late_mean__0.3333333333333333,0.3333333333333333,0.3333333333333333",0.3499402680259979,P12|P13|P19|P2|P21|P24|P26|P33|P35|P4|P40|P43|P9,P20|P22|P3|P30|P34|P44|P48
arousal,3,1,"1__logistic__late_geometric__0.3333333333333333,0.3333333333333333,0.3333333333333333",0.3504434947657772,P12|P13|P19|P2|P21|P24|P26|P33|P35|P4|P40|P43|P9,P20|P22|P3|P30|P34|P44|P48
arousal,3,1,"1__logistic__late_weighted__0.25,0.25,0.5",0.351630153312352,P12|P13|P19|P2|P21|P24|P26|P33|P35|P4|P40|P43|P9,P20|P22|P3|P30|P34|P44|P48
arousal,3,1,"1__logistic__late_weighted__0.25,0.5,0.25",0.34983674056099445,P12|P13|P19|P2|P21|P24|P26|P33|P35|P4|P40|P43|P9,P20|P22|P3|P30|P34|P44|P48
arousal,3,1,"1__logistic__late_weighted__0.5,0.25,0.25",0.349249613403573,P12|P13|P19|P2|P21|P24|P26|P33|P35|P4|P40|P43|P9,P20|P22|P3|P30|P34|P44|P48
arousal,3,1,"1__logistic__unimodal__1.0,0.0,0.0",0.3309840802327565,P12|P13|P19|P2|P21|P24|P26|P33|P35|P4|P40|P43|P9,P20|P22|P3|P30|P34|P44|P48
arousal,3,1,"1__logistic__unimodal__0.0,1.0,0.0",0.352553723664599,P12|P13|P19|P2|P21|P24|P26|P33|P35|P4|P40|P43|P9,P20|P22|P3|P30|P34|P44|P48
arousal,3,1,"1__logistic__unimodal__0.0,0.0,1.0",0.35581683353480953,P12|P13|P19|P2|P21|P24|P26|P33|P35|P4|P40|P43|P9,P20|P22|P3|P30|P34|P44|P48
arousal,3,1,1__lda__early__,0.3401885955566276,P12|P13|P19|P2|P21|P24|P26|P33|P35|P4|P40|P43|P9,P20|P22|P3|P30|P34|P44|P48
arousal,3,1,"1__lda__late_mean__0.3333333333333333,0.3333333333333333,0.3333333333333333",0.3470467240923509,P12|P13|P19|P2|P21|P24|P26|P33|P35|P4|P40|P43|P9,P20|P22|P3|P30|P34|P44|P48
arousal,3,1,"1__lda__late_geometric__0.3333333333333333,0.3333333333333333,0.3333333333333333",0.34817706336956206,P12|P13|P19|P2|P21|P24|P26|P33|P35|P4|P40|P43|P9,P20|P22|P3|P30|P34|P44|P48
arousal,3,1,"1__lda__late_weighted__0.25,0.25,0.5",0.35295740809237547,P12|P13|P19|P2|P21|P24|P26|P33|P35|P4|P40|P43|P9,P20|P22|P3|P30|P34|P44|P48
arousal,3,1,"1__lda__late_weighted__0.25,0.5,0.25",0.34956159300749856,P12|P13|P19|P2|P21|P24|P26|P33|P35|P4|P40|P43|P9,P20|P22|P3|P30|P34|P44|P48
arousal,3,1,"1__lda__late_weighted__0.5,0.25,0.25",0.3456048525944339,P12|P13|P19|P2|P21|P24|P26|P33|P35|P4|P40|P43|P9,P20|P22|P3|P30|P34|P44|P48
arousal,3,1,"1__lda__unimodal__1.0,0.0,0.0",0.3308520269051793,P12|P13|P19|P2|P21|P24|P26|P33|P35|P4|P40|P43|P9,P20|P22|P3|P30|P34|P44|P48
arousal,3,1,"1__lda__unimodal__0.0,1.0,0.0",0.3431192602226548,P12|P13|P19|P2|P21|P24|P26|P33|P35|P4|P40|P43|P9,P20|P22|P3|P30|P34|P44|P48
arousal,3,1,"1__lda__unimodal__0.0,0.0,1.0",0.3549032736662829,P12|P13|P19|P2|P21|P24|P26|P33|P35|P4|P40|P43|P9,P20|P22|P3|P30|P34|P44|P48
arousal,3,1,1__extra_trees__early__,0.33730710612816495,P12|P13|P19|P2|P21|P24|P26|P33|P35|P4|P40|P43|P9,P20|P22|P3|P30|P34|P44|P48
arousal,3,1,"1__extra_trees__late_mean__0.3333333333333333,0.3333333333333333,0.3333333333333333",0.3296967517854359,P12|P13|P19|P2|P21|P24|P26|P33|P35|P4|P40|P43|P9,P20|P22|P3|P30|P34|P44|P48
arousal,3,1,"1__extra_trees__late_geometric__0.3333333333333333,0.3333333333333333,0.3333333333333333",0.3312958021689289,P12|P13|P19|P2|P21|P24|P26|P33|P35|P4|P40|P43|P9,P20|P22|P3|P30|P34|P44|P48
arousal,3,1,"1__extra_trees__late_weighted__0.25,0.25,0.5",0.34271229836805644,P12|P13|P19|P2|P21|P24|P26|P33|P35|P4|P40|P43|P9,P20|P22|P3|P30|P34|P44|P48
arousal,3,1,"1__extra_trees__late_weighted__0.25,0.5,0.25",0.33716168203165753,P12|P13|P19|P2|P21|P24|P26|P33|P35|P4|P40|P43|P9,P20|P22|P3|P30|P34|P44|P48
arousal,3,1,"1__extra_trees__late_weighted__0.5,0.25,0.25",0.3270297663940679,P12|P13|P19|P2|P21|P24|P26|P33|P35|P4|P40|P43|P9,P20|P22|P3|P30|P34|P44|P48
arousal,3,1,"1__extra_trees__unimodal__1.0,0.0,0.0",0.3204352550120504,P12|P13|P19|P2|P21|P24|P26|P33|P35|P4|P40|P43|P9,P20|P22|P3|P30|P34|P44|P48
arousal,3,1,"1__extra_trees__unimodal__0.0,1.0,0.0",0.3218842430149539,P12|P13|P19|P2|P21|P24|P26|P33|P35|P4|P40|P43|P9,P20|P22|P3|P30|P34|P44|P48
arousal,3,1,"1__extra_trees__unimodal__0.0,0.0,1.0",0.34539012265112057,P12|P13|P19|P2|P21|P24|P26|P33|P35|P4|P40|P43|P9,P20|P22|P3|P30|P34|P44|P48
arousal,3,1,8__logistic__early__,0.35042324340423253,P12|P13|P19|P2|P21|P24|P26|P33|P35|P4|P40|P43|P9,P20|P22|P3|P30|P34|P44|P48
arousal,3,1,"8__logistic__late_mean__0.3333333333333333,0.3333333333333333,0.3333333333333333",0.34718851322847083,P12|P13|P19|P2|P21|P24|P26|P33|P35|P4|P40|P43|P9,P20|P22|P3|P30|P34|P44|P48
arousal,3,1,"8__logistic__late_geometric__0.3333333333333333,0.3333333333333333,0.3333333333333333",0.3483243495099123,P12|P13|P19|P2|P21|P24|P26|P33|P35|P4|P40|P43|P9,P20|P22|P3|P30|P34|P44|P48
arousal,3,1,"8__logistic__late_weighted__0.25,0.25,0.5",0.35326614607439855,P12|P13|P19|P2|P21|P24|P26|P33|P35|P4|P40|P43|P9,P20|P22|P3|P30|P34|P44|P48
arousal,3,1,"8__logistic__late_weighted__0.25,0.5,0.25",0.331745864559114,P12|P13|P19|P2|P21|P24|P26|P33|P35|P4|P40|P43|P9,P20|P22|P3|P30|P34|P44|P48
arousal,3,1,"8__logistic__late_weighted__0.5,0.25,0.25",0.3457889518365215,P12|P13|P19|P2|P21|P24|P26|P33|P35|P4|P40|P43|P9,P20|P22|P3|P30|P34|P44|P48
arousal,3,1,"8__logistic__unimodal__1.0,0.0,0.0",0.35083319675960206,P12|P13|P19|P2|P21|P24|P26|P33|P35|P4|P40|P43|P9,P20|P22|P3|P30|P34|P44|P48
arousal,3,1,"8__logistic__unimodal__0.0,1.0,0.0",0.2959425107759755,P12|P13|P19|P2|P21|P24|P26|P33|P35|P4|P40|P43|P9,P20|P22|P3|P30|P34|P44|P48
arousal,3,1,"8__logistic__unimodal__0.0,0.0,1.0",0.35574438285808657,P12|P13|P19|P2|P21|P24|P26|P33|P35|P4|P40|P43|P9,P20|P22|P3|P30|P34|P44|P48
arousal,3,1,8__lda__early__,0.3509227547904822,P12|P13|P19|P2|P21|P24|P26|P33|P35|P4|P40|P43|P9,P20|P22|P3|P30|P34|P44|P48
arousal,3,1,"8__lda__late_mean__0.3333333333333333,0.3333333333333333,0.3333333333333333",0.346426785707156,P12|P13|P19|P2|P21|P24|P26|P33|P35|P4|P40|P43|P9,P20|P22|P3|P30|P34|P44|P48
arousal,3,1,"8__lda__late_geometric__0.3333333333333333,0.3333333333333333,0.3333333333333333",0.34699844575667455,P12|P13|P19|P2|P21|P24|P26|P33|P35|P4|P40|P43|P9,P20|P22|P3|P30|P34|P44|P48
arousal,3,1,"8__lda__late_weighted__0.25,0.25,0.5",0.3492646538152058,P12|P13|P19|P2|P21|P24|P26|P33|P35|P4|P40|P43|P9,P20|P22|P3|P30|P34|P44|P48
arousal,3,1,"8__lda__late_weighted__0.25,0.5,0.25",0.3434503223201127,P12|P13|P19|P2|P21|P24|P26|P33|P35|P4|P40|P43|P9,P20|P22|P3|P30|P34|P44|P48
arousal,3,1,"8__lda__late_weighted__0.5,0.25,0.25",0.3450318015213541,P12|P13|P19|P2|P21|P24|P26|P33|P35|P4|P40|P43|P9,P20|P22|P3|P30|P34|P44|P48
arousal,3,1,"8__lda__unimodal__1.0,0.0,0.0",0.3496839429849509,P12|P13|P19|P2|P21|P24|P26|P33|P35|P4|P40|P43|P9,P20|P22|P3|P30|P34|P44|P48
arousal,3,1,"8__lda__unimodal__0.0,1.0,0.0",0.3118894424778201,P12|P13|P19|P2|P21|P24|P26|P33|P35|P4|P40|P43|P9,P20|P22|P3|P30|P34|P44|P48
arousal,3,1,"8__lda__unimodal__0.0,0.0,1.0",0.3516519489251082,P12|P13|P19|P2|P21|P24|P26|P33|P35|P4|P40|P43|P9,P20|P22|P3|P30|P34|P44|P48
arousal,3,1,8__extra_trees__early__,0.3318598208337683,P12|P13|P19|P2|P21|P24|P26|P33|P35|P4|P40|P43|P9,P20|P22|P3|P30|P34|P44|P48
arousal,3,1,"8__extra_trees__late_mean__0.3333333333333333,0.3333333333333333,0.3333333333333333",0.32813001993696045,P12|P13|P19|P2|P21|P24|P26|P33|P35|P4|P40|P43|P9,P20|P22|P3|P30|P34|P44|P48
arousal,3,1,"8__extra_trees__late_geometric__0.3333333333333333,0.3333333333333333,0.3333333333333333",0.3296506978425819,P12|P13|P19|P2|P21|P24|P26|P33|P35|P4|P40|P43|P9,P20|P22|P3|P30|P34|P44|P48
arousal,3,1,"8__extra_trees__late_weighted__0.25,0.25,0.5",0.33640822034231155,P12|P13|P19|P2|P21|P24|P26|P33|P35|P4|P40|P43|P9,P20|P22|P3|P30|P34|P44|P48
arousal,3,1,"8__extra_trees__late_weighted__0.25,0.5,0.25",0.325017724001725,P12|P13|P19|P2|P21|P24|P26|P33|P35|P4|P40|P43|P9,P20|P22|P3|P30|P34|P44|P48
arousal,3,1,"8__extra_trees__late_weighted__0.5,0.25,0.25",0.32777669293123773,P12|P13|P19|P2|P21|P24|P26|P33|P35|P4|P40|P43|P9,P20|P22|P3|P30|P34|P44|P48
arousal,3,1,"8__extra_trees__unimodal__1.0,0.0,0.0",0.326291156144557,P12|P13|P19|P2|P21|P24|P26|P33|P35|P4|P40|P43|P9,P20|P22|P3|P30|P34|P44|P48
arousal,3,1,"8__extra_trees__unimodal__0.0,1.0,0.0",0.30885577746074105,P12|P13|P19|P2|P21|P24|P26|P33|P35|P4|P40|P43|P9,P20|P22|P3|P30|P34|P44|P48
arousal,3,1,"8__extra_trees__unimodal__0.0,0.0,1.0",0.36329210472980117,P12|P13|P19|P2|P21|P24|P26|P33|P35|P4|P40|P43|P9,P20|P22|P3|P30|P34|P44|P48
arousal,3,2,1__logistic__early__,0.3414363252062656,P13|P19|P2|P20|P21|P22|P3|P30|P33|P34|P40|P44|P48,P12|P24|P26|P35|P4|P43|P9
arousal,3,2,"1__logistic__late_mean__0.3333333333333333,0.3333333333333333,0.3333333333333333",0.3310429156139644,P13|P19|P2|P20|P21|P22|P3|P30|P33|P34|P40|P44|P48,P12|P24|P26|P35|P4|P43|P9
arousal,3,2,"1__logistic__late_geometric__0.3333333333333333,0.3333333333333333,0.3333333333333333",0.32953232660833814,P13|P19|P2|P20|P21|P22|P3|P30|P33|P34|P40|P44|P48,P12|P24|P26|P35|P4|P43|P9
arousal,3,2,"1__logistic__late_weighted__0.25,0.25,0.5",0.33917504733506887,P13|P19|P2|P20|P21|P22|P3|P30|P33|P34|P40|P44|P48,P12|P24|P26|P35|P4|P43|P9
arousal,3,2,"1__logistic__late_weighted__0.25,0.5,0.25",0.33342140488731403,P13|P19|P2|P20|P21|P22|P3|P30|P33|P34|P40|P44|P48,P12|P24|P26|P35|P4|P43|P9
arousal,3,2,"1__logistic__late_weighted__0.5,0.25,0.25",0.33542705303631803,P13|P19|P2|P20|P21|P22|P3|P30|P33|P34|P40|P44|P48,P12|P24|P26|P35|P4|P43|P9
arousal,3,2,"1__logistic__unimodal__1.0,0.0,0.0",0.35715796173882064,P13|P19|P2|P20|P21|P22|P3|P30|P33|P34|P40|P44|P48,P12|P24|P26|P35|P4|P43|P9
arousal,3,2,"1__logistic__unimodal__0.0,1.0,0.0",0.3352490685251302,P13|P19|P2|P20|P21|P22|P3|P30|P33|P34|P40|P44|P48,P12|P24|P26|P35|P4|P43|P9
arousal,3,2,"1__logistic__unimodal__0.0,0.0,1.0",0.33484006163249885,P13|P19|P2|P20|P21|P22|P3|P30|P33|P34|P40|P44|P48,P12|P24|P26|P35|P4|P43|P9
arousal,3,2,1__lda__early__,0.34313026051185097,P13|P19|P2|P20|P21|P22|P3|P30|P33|P34|P40|P44|P48,P12|P24|P26|P35|P4|P43|P9
arousal,3,2,"1__lda__late_mean__0.3333333333333333,0.3333333333333333,0.3333333333333333",0.3379474964853578,P13|P19|P2|P20|P21|P22|P3|P30|P33|P34|P40|P44|P48,P12|P24|P26|P35|P4|P43|P9
arousal,3,2,"1__lda__late_geometric__0.3333333333333333,0.3333333333333333,0.3333333333333333",0.3360389634554906,P13|P19|P2|P20|P21|P22|P3|P30|P33|P34|P40|P44|P48,P12|P24|P26|P35|P4|P43|P9
arousal,3,2,"1__lda__late_weighted__0.25,0.25,0.5",0.334362565947122,P13|P19|P2|P20|P21|P22|P3|P30|P33|P34|P40|P44|P48,P12|P24|P26|P35|P4|P43|P9
arousal,3,2,"1__lda__late_weighted__0.25,0.5,0.25",0.34233927335347875,P13|P19|P2|P20|P21|P22|P3|P30|P33|P34|P40|P44|P48,P12|P24|P26|P35|P4|P43|P9
arousal,3,2,"1__lda__late_weighted__0.5,0.25,0.25",0.3372978703846971,P13|P19|P2|P20|P21|P22|P3|P30|P33|P34|P40|P44|P48,P12|P24|P26|P35|P4|P43|P9
arousal,3,2,"1__lda__unimodal__1.0,0.0,0.0",0.3539682184279327,P13|P19|P2|P20|P21|P22|P3|P30|P33|P34|P40|P44|P48,P12|P24|P26|P35|P4|P43|P9
arousal,3,2,"1__lda__unimodal__0.0,1.0,0.0",0.3367299807818199,P13|P19|P2|P20|P21|P22|P3|P30|P33|P34|P40|P44|P48,P12|P24|P26|P35|P4|P43|P9
arousal,3,2,"1__lda__unimodal__0.0,0.0,1.0",0.33492984930602676,P13|P19|P2|P20|P21|P22|P3|P30|P33|P34|P40|P44|P48,P12|P24|P26|P35|P4|P43|P9
arousal,3,2,1__extra_trees__early__,0.33577777864645963,P13|P19|P2|P20|P21|P22|P3|P30|P33|P34|P40|P44|P48,P12|P24|P26|P35|P4|P43|P9
arousal,3,2,"1__extra_trees__late_mean__0.3333333333333333,0.3333333333333333,0.3333333333333333",0.32320787609106916,P13|P19|P2|P20|P21|P22|P3|P30|P33|P34|P40|P44|P48,P12|P24|P26|P35|P4|P43|P9
arousal,3,2,"1__extra_trees__late_geometric__0.3333333333333333,0.3333333333333333,0.3333333333333333",0.3246131135260782,P13|P19|P2|P20|P21|P22|P3|P30|P33|P34|P40|P44|P48,P12|P24|P26|P35|P4|P43|P9
arousal,3,2,"1__extra_trees__late_weighted__0.25,0.25,0.5",0.3264371779352505,P13|P19|P2|P20|P21|P22|P3|P30|P33|P34|P40|P44|P48,P12|P24|P26|P35|P4|P43|P9
arousal,3,2,"1__extra_trees__late_weighted__0.25,0.5,0.25",0.3351272193538852,P13|P19|P2|P20|P21|P22|P3|P30|P33|P34|P40|P44|P48,P12|P24|P26|P35|P4|P43|P9
arousal,3,2,"1__extra_trees__late_weighted__0.5,0.25,0.25",0.3344483577200293,P13|P19|P2|P20|P21|P22|P3|P30|P33|P34|P40|P44|P48,P12|P24|P26|P35|P4|P43|P9
arousal,3,2,"1__extra_trees__unimodal__1.0,0.0,0.0",0.3362272839399809,P13|P19|P2|P20|P21|P22|P3|P30|P33|P34|P40|P44|P48,P12|P24|P26|P35|P4|P43|P9
arousal,3,2,"1__extra_trees__unimodal__0.0,1.0,0.0",0.33039705833989086,P13|P19|P2|P20|P21|P22|P3|P30|P33|P34|P40|P44|P48,P12|P24|P26|P35|P4|P43|P9
arousal,3,2,"1__extra_trees__unimodal__0.0,0.0,1.0",0.3238169397722444,P13|P19|P2|P20|P21|P22|P3|P30|P33|P34|P40|P44|P48,P12|P24|P26|P35|P4|P43|P9
arousal,3,2,8__logistic__early__,0.34187940019027696,P13|P19|P2|P20|P21|P22|P3|P30|P33|P34|P40|P44|P48,P12|P24|P26|P35|P4|P43|P9
arousal,3,2,"8__logistic__late_mean__0.3333333333333333,0.3333333333333333,0.3333333333333333",0.3453556273054742,P13|P19|P2|P20|P21|P22|P3|P30|P33|P34|P40|P44|P48,P12|P24|P26|P35|P4|P43|P9
arousal,3,2,"8__logistic__late_geometric__0.3333333333333333,0.3333333333333333,0.3333333333333333",0.34414780763368524,P13|P19|P2|P20|P21|P22|P3|P30|P33|P34|P40|P44|P48,P12|P24|P26|P35|P4|P43|P9
arousal,3,2,"8__logistic__late_weighted__0.25,0.25,0.5",0.34337555594934416,P13|P19|P2|P20|P21|P22|P3|P30|P33|P34|P40|P44|P48,P12|P24|P26|P35|P4|P43|P9
arousal,3,2,"8__logistic__late_weighted__0.25,0.5,0.25",0.3491019313040182,P13|P19|P2|P20|P21|P22|P3|P30|P33|P34|P40|P44|P48,P12|P24|P26|P35|P4|P43|P9
arousal,3,2,"8__logistic__late_weighted__0.5,0.25,0.25",0.34617732502744963,P13|P19|P2|P20|P21|P22|P3|P30|P33|P34|P40|P44|P48,P12|P24|P26|P35|P4|P43|P9
arousal,3,2,"8__logistic__unimodal__1.0,0.0,0.0",0.3517053344352979,P13|P19|P2|P20|P21|P22|P3|P30|P33|P34|P40|P44|P48,P12|P24|P26|P35|P4|P43|P9
arousal,3,2,"8__logistic__unimodal__0.0,1.0,0.0",0.33675922296855443,P13|P19|P2|P20|P21|P22|P3|P30|P33|P34|P40|P44|P48,P12|P24|P26|P35|P4|P43|P9
arousal,3,2,"8__logistic__unimodal__0.0,0.0,1.0",0.3509551970570221,P13|P19|P2|P20|P21|P22|P3|P30|P33|P34|P40|P44|P48,P12|P24|P26|P35|P4|P43|P9
arousal,3,2,8__lda__early__,0.3412793447040432,P13|P19|P2|P20|P21|P22|P3|P30|P33|P34|P40|P44|P48,P12|P24|P26|P35|P4|P43|P9
arousal,3,2,"8__lda__late_mean__0.3333333333333333,0.3333333333333333,0.3333333333333333",0.34545587313725656,P13|P19|P2|P20|P21|P22|P3|P30|P33|P34|P40|P44|P48,P12|P24|P26|P35|P4|P43|P9
arousal,3,2,"8__lda__late_geometric__0.3333333333333333,0.3333333333333333,0.3333333333333333",0.34907424879305127,P13|P19|P2|P20|P21|P22|P3|P30|P33|P34|P40|P44|P48,P12|P24|P26|P35|P4|P43|P9
arousal,3,2,"8__lda__late_weighted__0.25,0.25,0.5",0.34087264966163555,P13|P19|P2|P20|P21|P22|P3|P30|P33|P34|P40|P44|P48,P12|P24|P26|P35|P4|P43|P9
arousal,3,2,"8__lda__late_weighted__0.25,0.5,0.25",0.3501967381931812,P13|P19|P2|P20|P21|P22|P3|P30|P33|P34|P40|P44|P48,P12|P24|P26|P35|P4|P43|P9
arousal,3,2,"8__lda__late_weighted__0.5,0.25,0.25",0.3464525757467321,P13|P19|P2|P20|P21|P22|P3|P30|P33|P34|P40|P44|P48,P12|P24|P26|P35|P4|P43|P9
arousal,3,2,"8__lda__unimodal__1.0,0.0,0.0",0.3508035581792542,P13|P19|P2|P20|P21|P22|P3|P30|P33|P34|P40|P44|P48,P12|P24|P26|P35|P4|P43|P9
arousal,3,2,"8__lda__unimodal__0.0,1.0,0.0",0.34993312211771327,P13|P19|P2|P20|P21|P22|P3|P30|P33|P34|P40|P44|P48,P12|P24|P26|P35|P4|P43|P9
arousal,3,2,"8__lda__unimodal__0.0,0.0,1.0",0.3447824084260809,P13|P19|P2|P20|P21|P22|P3|P30|P33|P34|P40|P44|P48,P12|P24|P26|P35|P4|P43|P9
arousal,3,2,8__extra_trees__early__,0.3373447659396132,P13|P19|P2|P20|P21|P22|P3|P30|P33|P34|P40|P44|P48,P12|P24|P26|P35|P4|P43|P9
arousal,3,2,"8__extra_trees__late_mean__0.3333333333333333,0.3333333333333333,0.3333333333333333",0.3384754303184071,P13|P19|P2|P20|P21|P22|P3|P30|P33|P34|P40|P44|P48,P12|P24|P26|P35|P4|P43|P9
arousal,3,2,"8__extra_trees__late_geometric__0.3333333333333333,0.3333333333333333,0.3333333333333333",0.33966456769154413,P13|P19|P2|P20|P21|P22|P3|P30|P33|P34|P40|P44|P48,P12|P24|P26|P35|P4|P43|P9
arousal,3,2,"8__extra_trees__late_weighted__0.25,0.25,0.5",0.3340569907435792,P13|P19|P2|P20|P21|P22|P3|P30|P33|P34|P40|P44|P48,P12|P24|P26|P35|P4|P43|P9
arousal,3,2,"8__extra_trees__late_weighted__0.25,0.5,0.25",0.3387570345475767,P13|P19|P2|P20|P21|P22|P3|P30|P33|P34|P40|P44|P48,P12|P24|P26|P35|P4|P43|P9
arousal,3,2,"8__extra_trees__late_weighted__0.5,0.25,0.25",0.33500237410665434,P13|P19|P2|P20|P21|P22|P3|P30|P33|P34|P40|P44|P48,P12|P24|P26|P35|P4|P43|P9
arousal,3,2,"8__extra_trees__unimodal__1.0,0.0,0.0",0.3315078220682514,P13|P19|P2|P20|P21|P22|P3|P30|P33|P34|P40|P44|P48,P12|P24|P26|P35|P4|P43|P9
arousal,3,2,"8__extra_trees__unimodal__0.0,1.0,0.0",0.3667483212724424,P13|P19|P2|P20|P21|P22|P3|P30|P33|P34|P40|P44|P48,P12|P24|P26|P35|P4|P43|P9
arousal,3,2,"8__extra_trees__unimodal__0.0,0.0,1.0",0.33608587503860754,P13|P19|P2|P20|P21|P22|P3|P30|P33|P34|P40|P44|P48,P12|P24|P26|P35|P4|P43|P9
arousal,3,3,1__logistic__early__,0.32602732334941464,P12|P20|P22|P24|P26|P3|P30|P34|P35|P4|P43|P44|P48|P9,P13|P19|P2|P21|P33|P40
arousal,3,3,"1__logistic__late_mean__0.3333333333333333,0.3333333333333333,0.3333333333333333",0.33282944033304,P12|P20|P22|P24|P26|P3|P30|P34|P35|P4|P43|P44|P48|P9,P13|P19|P2|P21|P33|P40
arousal,3,3,"1__logistic__late_geometric__0.3333333333333333,0.3333333333333333,0.3333333333333333",0.3317564486169047,P12|P20|P22|P24|P26|P3|P30|P34|P35|P4|P43|P44|P48|P9,P13|P19|P2|P21|P33|P40
arousal,3,3,"1__logistic__late_weighted__0.25,0.25,0.5",0.3303574417074749,P12|P20|P22|P24|P26|P3|P30|P34|P35|P4|P43|P44|P48|P9,P13|P19|P2|P21|P33|P40
arousal,3,3,"1__logistic__late_weighted__0.25,0.5,0.25",0.3281414660891714,P12|P20|P22|P24|P26|P3|P30|P34|P35|P4|P43|P44|P48|P9,P13|P19|P2|P21|P33|P40
arousal,3,3,"1__logistic__late_weighted__0.5,0.25,0.25",0.3379019189333665,P12|P20|P22|P24|P26|P3|P30|P34|P35|P4|P43|P44|P48|P9,P13|P19|P2|P21|P33|P40
arousal,3,3,"1__logistic__unimodal__1.0,0.0,0.0",0.35214734923952046,P12|P20|P22|P24|P26|P3|P30|P34|P35|P4|P43|P44|P48|P9,P13|P19|P2|P21|P33|P40
arousal,3,3,"1__logistic__unimodal__0.0,1.0,0.0",0.31622225483284067,P12|P20|P22|P24|P26|P3|P30|P34|P35|P4|P43|P44|P48|P9,P13|P19|P2|P21|P33|P40
arousal,3,3,"1__logistic__unimodal__0.0,0.0,1.0",0.3233584455780254,P12|P20|P22|P24|P26|P3|P30|P34|P35|P4|P43|P44|P48|P9,P13|P19|P2|P21|P33|P40
arousal,3,3,1__lda__early__,0.32749148559820257,P12|P20|P22|P24|P26|P3|P30|P34|P35|P4|P43|P44|P48|P9,P13|P19|P2|P21|P33|P40
arousal,3,3,"1__lda__late_mean__0.3333333333333333,0.3333333333333333,0.3333333333333333",0.3321503448845708,P12|P20|P22|P24|P26|P3|P30|P34|P35|P4|P43|P44|P48|P9,P13|P19|P2|P21|P33|P40
arousal,3,3,"1__lda__late_geometric__0.3333333333333333,0.3333333333333333,0.3333333333333333",0.3315013800173377,P12|P20|P22|P24|P26|P3|P30|P34|P35|P4|P43|P44|P48|P9,P13|P19|P2|P21|P33|P40
arousal,3,3,"1__lda__late_weighted__0.25,0.25,0.5",0.32729766640634206,P12|P20|P22|P24|P26|P3|P30|P34|P35|P4|P43|P44|P48|P9,P13|P19|P2|P21|P33|P40
arousal,3,3,"1__lda__late_weighted__0.25,0.5,0.25",0.32045980838634053,P12|P20|P22|P24|P26|P3|P30|P34|P35|P4|P43|P44|P48|P9,P13|P19|P2|P21|P33|P40
arousal,3,3,"1__lda__late_weighted__0.5,0.25,0.25",0.33941511898861426,P12|P20|P22|P24|P26|P3|P30|P34|P35|P4|P43|P44|P48|P9,P13|P19|P2|P21|P33|P40
arousal,3,3,"1__lda__unimodal__1.0,0.0,0.0",0.3495324445680874,P12|P20|P22|P24|P26|P3|P30|P34|P35|P4|P43|P44|P48|P9,P13|P19|P2|P21|P33|P40
arousal,3,3,"1__lda__unimodal__0.0,1.0,0.0",0.3144634515294639,P12|P20|P22|P24|P26|P3|P30|P34|P35|P4|P43|P44|P48|P9,P13|P19|P2|P21|P33|P40
arousal,3,3,"1__lda__unimodal__0.0,0.0,1.0",0.3214874323196572,P12|P20|P22|P24|P26|P3|P30|P34|P35|P4|P43|P44|P48|P9,P13|P19|P2|P21|P33|P40
arousal,3,3,1__extra_trees__early__,0.3310327279861607,P12|P20|P22|P24|P26|P3|P30|P34|P35|P4|P43|P44|P48|P9,P13|P19|P2|P21|P33|P40
arousal,3,3,"1__extra_trees__late_mean__0.3333333333333333,0.3333333333333333,0.3333333333333333",0.3536779864837809,P12|P20|P22|P24|P26|P3|P30|P34|P35|P4|P43|P44|P48|P9,P13|P19|P2|P21|P33|P40
arousal,3,3,"1__extra_trees__late_geometric__0.3333333333333333,0.3333333333333333,0.3333333333333333",0.35403685094900844,P12|P20|P22|P24|P26|P3|P30|P34|P35|P4|P43|P44|P48|P9,P13|P19|P2|P21|P33|P40
arousal,3,3,"1__extra_trees__late_weighted__0.25,0.25,0.5",0.35633246197034696,P12|P20|P22|P24|P26|P3|P30|P34|P35|P4|P43|P44|P48|P9,P13|P19|P2|P21|P33|P40
arousal,3,3,"1__extra_trees__late_weighted__0.25,0.5,0.25",0.3468478681287441,P12|P20|P22|P24|P26|P3|P30|P34|P35|P4|P43|P44|P48|P9,P13|P19|P2|P21|P33|P40
arousal,3,3,"1__extra_trees__late_weighted__0.5,0.25,0.25",0.35661518666967607,P12|P20|P22|P24|P26|P3|P30|P34|P35|P4|P43|P44|P48|P9,P13|P19|P2|P21|P33|P40
arousal,3,3,"1__extra_trees__unimodal__1.0,0.0,0.0",0.3465992926556764,P12|P20|P22|P24|P26|P3|P30|P34|P35|P4|P43|P44|P48|P9,P13|P19|P2|P21|P33|P40
arousal,3,3,"1__extra_trees__unimodal__0.0,1.0,0.0",0.3235711431903627,P12|P20|P22|P24|P26|P3|P30|P34|P35|P4|P43|P44|P48|P9,P13|P19|P2|P21|P33|P40
arousal,3,3,"1__extra_trees__unimodal__0.0,0.0,1.0",0.35042698898892805,P12|P20|P22|P24|P26|P3|P30|P34|P35|P4|P43|P44|P48|P9,P13|P19|P2|P21|P33|P40
arousal,3,3,8__logistic__early__,0.3321884713472658,P12|P20|P22|P24|P26|P3|P30|P34|P35|P4|P43|P44|P48|P9,P13|P19|P2|P21|P33|P40
arousal,3,3,"8__logistic__late_mean__0.3333333333333333,0.3333333333333333,0.3333333333333333",0.34124475961788314,P12|P20|P22|P24|P26|P3|P30|P34|P35|P4|P43|P44|P48|P9,P13|P19|P2|P21|P33|P40
arousal,3,3,"8__logistic__late_geometric__0.3333333333333333,0.3333333333333333,0.3333333333333333",0.341807646699299,P12|P20|P22|P24|P26|P3|P30|P34|P35|P4|P43|P44|P48|P9,P13|P19|P2|P21|P33|P40
arousal,3,3,"8__logistic__late_weighted__0.25,0.25,0.5",0.3413519319766398,P12|P20|P22|P24|P26|P3|P30|P34|P35|P4|P43|P44|P48|P9,P13|P19|P2|P21|P33|P40
arousal,3,3,"8__logistic__late_weighted__0.25,0.5,0.25",0.3240893263379165,P12|P20|P22|P24|P26|P3|P30|P34|P35|P4|P43|P44|P48|P9,P13|P19|P2|P21|P33|P40
arousal,3,3,"8__logistic__late_weighted__0.5,0.25,0.25",0.3378092770308658,P12|P20|P22|P24|P26|P3|P30|P34|P35|P4|P43|P44|P48|P9,P13|P19|P2|P21|P33|P40
arousal,3,3,"8__logistic__unimodal__1.0,0.0,0.0",0.33736867704216406,P12|P20|P22|P24|P26|P3|P30|P34|P35|P4|P43|P44|P48|P9,P13|P19|P2|P21|P33|P40
arousal,3,3,"8__logistic__unimodal__0.0,1.0,0.0",0.32416444201135897,P12|P20|P22|P24|P26|P3|P30|P34|P35|P4|P43|P44|P48|P9,P13|P19|P2|P21|P33|P40
arousal,3,3,"8__logistic__unimodal__0.0,0.0,1.0",0.3670606882034329,P12|P20|P22|P24|P26|P3|P30|P34|P35|P4|P43|P44|P48|P9,P13|P19|P2|P21|P33|P40
arousal,3,3,8__lda__early__,0.3304980586092231,P12|P20|P22|P24|P26|P3|P30|P34|P35|P4|P43|P44|P48|P9,P13|P19|P2|P21|P33|P40
arousal,3,3,"8__lda__late_mean__0.3333333333333333,0.3333333333333333,0.3333333333333333",0.33042024180023233,P12|P20|P22|P24|P26|P3|P30|P34|P35|P4|P43|P44|P48|P9,P13|P19|P2|P21|P33|P40
arousal,3,3,"8__lda__late_geometric__0.3333333333333333,0.3333333333333333,0.3333333333333333",0.3340544094676143,P12|P20|P22|P24|P26|P3|P30|P34|P35|P4|P43|P44|P48|P9,P13|P19|P2|P21|P33|P40
arousal,3,3,"8__lda__late_weighted__0.25,0.25,0.5",0.3344573669268755,P12|P20|P22|P24|P26|P3|P30|P34|P35|P4|P43|P44|P48|P9,P13|P19|P2|P21|P33|P40
arousal,3,3,"8__lda__late_weighted__0.25,0.5,0.25",0.3153762868741565,P12|P20|P22|P24|P26|P3|P30|P34|P35|P4|P43|P44|P48|P9,P13|P19|P2|P21|P33|P40
arousal,3,3,"8__lda__late_weighted__0.5,0.25,0.25",0.334433250786715,P12|P20|P22|P24|P26|P3|P30|P34|P35|P4|P43|P44|P48|P9,P13|P19|P2|P21|P33|P40
arousal,3,3,"8__lda__unimodal__1.0,0.0,0.0",0.3405902025078507,P12|P20|P22|P24|P26|P3|P30|P34|P35|P4|P43|P44|P48|P9,P13|P19|P2|P21|P33|P40
arousal,3,3,"8__lda__unimodal__0.0,1.0,0.0",0.3078002607493015,P12|P20|P22|P24|P26|P3|P30|P34|P35|P4|P43|P44|P48|P9,P13|P19|P2|P21|P33|P40
arousal,3,3,"8__lda__unimodal__0.0,0.0,1.0",0.3550365404472608,P12|P20|P22|P24|P26|P3|P30|P34|P35|P4|P43|P44|P48|P9,P13|P19|P2|P21|P33|P40
arousal,3,3,8__extra_trees__early__,0.3340621798488699,P12|P20|P22|P24|P26|P3|P30|P34|P35|P4|P43|P44|P48|P9,P13|P19|P2|P21|P33|P40
arousal,3,3,"8__extra_trees__late_mean__0.3333333333333333,0.3333333333333333,0.3333333333333333",0.3340400584662462,P12|P20|P22|P24|P26|P3|P30|P34|P35|P4|P43|P44|P48|P9,P13|P19|P2|P21|P33|P40
arousal,3,3,"8__extra_trees__late_geometric__0.3333333333333333,0.3333333333333333,0.3333333333333333",0.33458161320114305,P12|P20|P22|P24|P26|P3|P30|P34|P35|P4|P43|P44|P48|P9,P13|P19|P2|P21|P33|P40
arousal,3,3,"8__extra_trees__late_weighted__0.25,0.25,0.5",0.341139663909879,P12|P20|P22|P24|P26|P3|P30|P34|P35|P4|P43|P44|P48|P9,P13|P19|P2|P21|P33|P40
arousal,3,3,"8__extra_trees__late_weighted__0.25,0.5,0.25",0.32608839955908325,P12|P20|P22|P24|P26|P3|P30|P34|P35|P4|P43|P44|P48|P9,P13|P19|P2|P21|P33|P40
arousal,3,3,"8__extra_trees__late_weighted__0.5,0.25,0.25",0.3329707455763879,P12|P20|P22|P24|P26|P3|P30|P34|P35|P4|P43|P44|P48|P9,P13|P19|P2|P21|P33|P40
arousal,3,3,"8__extra_trees__unimodal__1.0,0.0,0.0",0.3505009319844133,P12|P20|P22|P24|P26|P3|P30|P34|P35|P4|P43|P44|P48|P9,P13|P19|P2|P21|P33|P40
arousal,3,3,"8__extra_trees__unimodal__0.0,1.0,0.0",0.3108931423121021,P12|P20|P22|P24|P26|P3|P30|P34|P35|P4|P43|P44|P48|P9,P13|P19|P2|P21|P33|P40
arousal,3,3,"8__extra_trees__unimodal__0.0,0.0,1.0",0.35702067257403663,P12|P20|P22|P24|P26|P3|P30|P34|P35|P4|P43|P44|P48|P9,P13|P19|P2|P21|P33|P40
arousal,4,1,1__logistic__early__,0.33694630188027513,P12|P13|P18|P2|P22|P24|P26|P34|P35|P36|P40|P44|P46,P19|P21|P27|P30|P43|P48|P8
arousal,4,1,"1__logistic__late_mean__0.3333333333333333,0.3333333333333333,0.3333333333333333",0.33290871878841555,P12|P13|P18|P2|P22|P24|P26|P34|P35|P36|P40|P44|P46,P19|P21|P27|P30|P43|P48|P8
arousal,4,1,"1__logistic__late_geometric__0.3333333333333333,0.3333333333333333,0.3333333333333333",0.3324192156918688,P12|P13|P18|P2|P22|P24|P26|P34|P35|P36|P40|P44|P46,P19|P21|P27|P30|P43|P48|P8
arousal,4,1,"1__logistic__late_weighted__0.25,0.25,0.5",0.3298337821785799,P12|P13|P18|P2|P22|P24|P26|P34|P35|P36|P40|P44|P46,P19|P21|P27|P30|P43|P48|P8
arousal,4,1,"1__logistic__late_weighted__0.25,0.5,0.25",0.3370217766805017,P12|P13|P18|P2|P22|P24|P26|P34|P35|P36|P40|P44|P46,P19|P21|P27|P30|P43|P48|P8
arousal,4,1,"1__logistic__late_weighted__0.5,0.25,0.25",0.34166456300595777,P12|P13|P18|P2|P22|P24|P26|P34|P35|P36|P40|P44|P46,P19|P21|P27|P30|P43|P48|P8
arousal,4,1,"1__logistic__unimodal__1.0,0.0,0.0",0.3545771526700298,P12|P13|P18|P2|P22|P24|P26|P34|P35|P36|P40|P44|P46,P19|P21|P27|P30|P43|P48|P8
arousal,4,1,"1__logistic__unimodal__0.0,1.0,0.0",0.3219523766978353,P12|P13|P18|P2|P22|P24|P26|P34|P35|P36|P40|P44|P46,P19|P21|P27|P30|P43|P48|P8
arousal,4,1,"1__logistic__unimodal__0.0,0.0,1.0",0.33412741244866545,P12|P13|P18|P2|P22|P24|P26|P34|P35|P36|P40|P44|P46,P19|P21|P27|P30|P43|P48|P8
arousal,4,1,1__lda__early__,0.3343815588596086,P12|P13|P18|P2|P22|P24|P26|P34|P35|P36|P40|P44|P46,P19|P21|P27|P30|P43|P48|P8
arousal,4,1,"1__lda__late_mean__0.3333333333333333,0.3333333333333333,0.3333333333333333",0.3306828440926178,P12|P13|P18|P2|P22|P24|P26|P34|P35|P36|P40|P44|P46,P19|P21|P27|P30|P43|P48|P8
arousal,4,1,"1__lda__late_geometric__0.3333333333333333,0.3333333333333333,0.3333333333333333",0.3306590353668601,P12|P13|P18|P2|P22|P24|P26|P34|P35|P36|P40|P44|P46,P19|P21|P27|P30|P43|P48|P8
arousal,4,1,"1__lda__late_weighted__0.25,0.25,0.5",0.334696321510534,P12|P13|P18|P2|P22|P24|P26|P34|P35|P36|P40|P44|P46,P19|P21|P27|P30|P43|P48|P8
arousal,4,1,"1__lda__late_weighted__0.25,0.5,0.25",0.3290716232222275,P12|P13|P18|P2|P22|P24|P26|P34|P35|P36|P40|P44|P46,P19|P21|P27|P30|P43|P48|P8
arousal,4,1,"1__lda__late_weighted__0.5,0.25,0.25",0.34280958869141925,P12|P13|P18|P2|P22|P24|P26|P34|P35|P36|P40|P44|P46,P19|P21|P27|P30|P43|P48|P8
arousal,4,1,"1__lda__unimodal__1.0,0.0,0.0",0.3551671576949183,P12|P13|P18|P2|P22|P24|P26|P34|P35|P36|P40|P44|P46,P19|P21|P27|P30|P43|P48|P8
arousal,4,1,"1__lda__unimodal__0.0,1.0,0.0",0.32483625832974267,P12|P13|P18|P2|P22|P24|P26|P34|P35|P36|P40|P44|P46,P19|P21|P27|P30|P43|P48|P8
arousal,4,1,"1__lda__unimodal__0.0,0.0,1.0",0.33482271006766556,P12|P13|P18|P2|P22|P24|P26|P34|P35|P36|P40|P44|P46,P19|P21|P27|P30|P43|P48|P8
arousal,4,1,1__extra_trees__early__,0.3214457571502609,P12|P13|P18|P2|P22|P24|P26|P34|P35|P36|P40|P44|P46,P19|P21|P27|P30|P43|P48|P8
arousal,4,1,"1__extra_trees__late_mean__0.3333333333333333,0.3333333333333333,0.3333333333333333",0.3269002251688556,P12|P13|P18|P2|P22|P24|P26|P34|P35|P36|P40|P44|P46,P19|P21|P27|P30|P43|P48|P8
arousal,4,1,"1__extra_trees__late_geometric__0.3333333333333333,0.3333333333333333,0.3333333333333333",0.32661601393692036,P12|P13|P18|P2|P22|P24|P26|P34|P35|P36|P40|P44|P46,P19|P21|P27|P30|P43|P48|P8
arousal,4,1,"1__extra_trees__late_weighted__0.25,0.25,0.5",0.3199222768128801,P12|P13|P18|P2|P22|P24|P26|P34|P35|P36|P40|P44|P46,P19|P21|P27|P30|P43|P48|P8
arousal,4,1,"1__extra_trees__late_weighted__0.25,0.5,0.25",0.32127717331806943,P12|P13|P18|P2|P22|P24|P26|P34|P35|P36|P40|P44|P46,P19|P21|P27|P30|P43|P48|P8
arousal,4,1,"1__extra_trees__late_weighted__0.5,0.25,0.25",0.32655953069669785,P12|P13|P18|P2|P22|P24|P26|P34|P35|P36|P40|P44|P46,P19|P21|P27|P30|P43|P48|P8
arousal,4,1,"1__extra_trees__unimodal__1.0,0.0,0.0",0.3303330254998905,P12|P13|P18|P2|P22|P24|P26|P34|P35|P36|P40|P44|P46,P19|P21|P27|P30|P43|P48|P8
arousal,4,1,"1__extra_trees__unimodal__0.0,1.0,0.0",0.3222973742736737,P12|P13|P18|P2|P22|P24|P26|P34|P35|P36|P40|P44|P46,P19|P21|P27|P30|P43|P48|P8
arousal,4,1,"1__extra_trees__unimodal__0.0,0.0,1.0",0.316565312343372,P12|P13|P18|P2|P22|P24|P26|P34|P35|P36|P40|P44|P46,P19|P21|P27|P30|P43|P48|P8
arousal,4,1,8__logistic__early__,0.34754042437545757,P12|P13|P18|P2|P22|P24|P26|P34|P35|P36|P40|P44|P46,P19|P21|P27|P30|P43|P48|P8
arousal,4,1,"8__logistic__late_mean__0.3333333333333333,0.3333333333333333,0.3333333333333333",0.33786225009744303,P12|P13|P18|P2|P22|P24|P26|P34|P35|P36|P40|P44|P46,P19|P21|P27|P30|P43|P48|P8
arousal,4,1,"8__logistic__late_geometric__0.3333333333333333,0.3333333333333333,0.3333333333333333",0.3332239800582491,P12|P13|P18|P2|P22|P24|P26|P34|P35|P36|P40|P44|P46,P19|P21|P27|P30|P43|P48|P8
arousal,4,1,"8__logistic__late_weighted__0.25,0.25,0.5",0.3348297044722112,P12|P13|P18|P2|P22|P24|P26|P34|P35|P36|P40|P44|P46,P19|P21|P27|P30|P43|P48|P8
arousal,4,1,"8__logistic__late_weighted__0.25,0.5,0.25",0.33729978916943765,P12|P13|P18|P2|P22|P24|P26|P34|P35|P36|P40|P44|P46,P19|P21|P27|P30|P43|P48|P8
arousal,4,1,"8__logistic__late_weighted__0.5,0.25,0.25",0.34886970787567584,P12|P13|P18|P2|P22|P24|P26|P34|P35|P36|P40|P44|P46,P19|P21|P27|P30|P43|P48|P8
arousal,4,1,"8__logistic__unimodal__1.0,0.0,0.0",0.3508812332697624,P12|P13|P18|P2|P22|P24|P26|P34|P35|P36|P40|P44|P46,P19|P21|P27|P30|P43|P48|P8
arousal,4,1,"8__logistic__unimodal__0.0,1.0,0.0",0.3249935164213041,P12|P13|P18|P2|P22|P24|P26|P34|P35|P36|P40|P44|P46,P19|P21|P27|P30|P43|P48|P8
arousal,4,1,"8__logistic__unimodal__0.0,0.0,1.0",0.33689548613873915,P12|P13|P18|P2|P22|P24|P26|P34|P35|P36|P40|P44|P46,P19|P21|P27|P30|P43|P48|P8
arousal,4,1,8__lda__early__,0.34770995174660946,P12|P13|P18|P2|P22|P24|P26|P34|P35|P36|P40|P44|P46,P19|P21|P27|P30|P43|P48|P8
arousal,4,1,"8__lda__late_mean__0.3333333333333333,0.3333333333333333,0.3333333333333333",0.3410088926952807,P12|P13|P18|P2|P22|P24|P26|P34|P35|P36|P40|P44|P46,P19|P21|P27|P30|P43|P48|P8
arousal,4,1,"8__lda__late_geometric__0.3333333333333333,0.3333333333333333,0.3333333333333333",0.3413443830358901,P12|P13|P18|P2|P22|P24|P26|P34|P35|P36|P40|P44|P46,P19|P21|P27|P30|P43|P48|P8
arousal,4,1,"8__lda__late_weighted__0.25,0.25,0.5",0.3436995367694925,P12|P13|P18|P2|P22|P24|P26|P34|P35|P36|P40|P44|P46,P19|P21|P27|P30|P43|P48|P8
arousal,4,1,"8__lda__late_weighted__0.25,0.5,0.25",0.3362502308958108,P12|P13|P18|P2|P22|P24|P26|P34|P35|P36|P40|P44|P46,P19|P21|P27|P30|P43|P48|P8
arousal,4,1,"8__lda__late_weighted__0.5,0.25,0.25",0.3493544861707714,P12|P13|P18|P2|P22|P24|P26|P34|P35|P36|P40|P44|P46,P19|P21|P27|P30|P43|P48|P8
arousal,4,1,"8__lda__unimodal__1.0,0.0,0.0",0.34867880503609733,P12|P13|P18|P2|P22|P24|P26|P34|P35|P36|P40|P44|P46,P19|P21|P27|P30|P43|P48|P8
arousal,4,1,"8__lda__unimodal__0.0,1.0,0.0",0.32242802379243285,P12|P13|P18|P2|P22|P24|P26|P34|P35|P36|P40|P44|P46,P19|P21|P27|P30|P43|P48|P8
arousal,4,1,"8__lda__unimodal__0.0,0.0,1.0",0.33828557279928173,P12|P13|P18|P2|P22|P24|P26|P34|P35|P36|P40|P44|P46,P19|P21|P27|P30|P43|P48|P8
arousal,4,1,8__extra_trees__early__,0.33614347281827456,P12|P13|P18|P2|P22|P24|P26|P34|P35|P36|P40|P44|P46,P19|P21|P27|P30|P43|P48|P8
arousal,4,1,"8__extra_trees__late_mean__0.3333333333333333,0.3333333333333333,0.3333333333333333",0.33242763279157667,P12|P13|P18|P2|P22|P24|P26|P34|P35|P36|P40|P44|P46,P19|P21|P27|P30|P43|P48|P8
arousal,4,1,"8__extra_trees__late_geometric__0.3333333333333333,0.3333333333333333,0.3333333333333333",0.33227416004278615,P12|P13|P18|P2|P22|P24|P26|P34|P35|P36|P40|P44|P46,P19|P21|P27|P30|P43|P48|P8
arousal,4,1,"8__extra_trees__late_weighted__0.25,0.25,0.5",0.3263301293599076,P12|P13|P18|P2|P22|P24|P26|P34|P35|P36|P40|P44|P46,P19|P21|P27|P30|P43|P48|P8
arousal,4,1,"8__extra_trees__late_weighted__0.25,0.5,0.25",0.3359596279137297,P12|P13|P18|P2|P22|P24|P26|P34|P35|P36|P40|P44|P46,P19|P21|P27|P30|P43|P48|P8
arousal,4,1,"8__extra_trees__late_weighted__0.5,0.25,0.25",0.3441742885811067,P12|P13|P18|P2|P22|P24|P26|P34|P35|P36|P40|P44|P46,P19|P21|P27|P30|P43|P48|P8
arousal,4,1,"8__extra_trees__unimodal__1.0,0.0,0.0",0.34081316221012753,P12|P13|P18|P2|P22|P24|P26|P34|P35|P36|P40|P44|P46,P19|P21|P27|P30|P43|P48|P8
arousal,4,1,"8__extra_trees__unimodal__0.0,1.0,0.0",0.32376309791963526,P12|P13|P18|P2|P22|P24|P26|P34|P35|P36|P40|P44|P46,P19|P21|P27|P30|P43|P48|P8
arousal,4,1,"8__extra_trees__unimodal__0.0,0.0,1.0",0.32470805481969256,P12|P13|P18|P2|P22|P24|P26|P34|P35|P36|P40|P44|P46,P19|P21|P27|P30|P43|P48|P8
arousal,4,2,1__logistic__early__,0.33098348218908086,P13|P19|P2|P21|P24|P27|P30|P35|P36|P43|P46|P48|P8,P12|P18|P22|P26|P34|P40|P44
arousal,4,2,"1__logistic__late_mean__0.3333333333333333,0.3333333333333333,0.3333333333333333",0.3381296478444008,P13|P19|P2|P21|P24|P27|P30|P35|P36|P43|P46|P48|P8,P12|P18|P22|P26|P34|P40|P44
arousal,4,2,"1__logistic__late_geometric__0.3333333333333333,0.3333333333333333,0.3333333333333333",0.3433497379735573,P13|P19|P2|P21|P24|P27|P30|P35|P36|P43|P46|P48|P8,P12|P18|P22|P26|P34|P40|P44
arousal,4,2,"1__logistic__late_weighted__0.25,0.25,0.5",0.3451188462111879,P13|P19|P2|P21|P24|P27|P30|P35|P36|P43|P46|P48|P8,P12|P18|P22|P26|P34|P40|P44
arousal,4,2,"1__logistic__late_weighted__0.25,0.5,0.25",0.3433768980787025,P13|P19|P2|P21|P24|P27|P30|P35|P36|P43|P46|P48|P8,P12|P18|P22|P26|P34|P40|P44
arousal,4,2,"1__logistic__late_weighted__0.5,0.25,0.25",0.3353668079076178,P13|P19|P2|P21|P24|P27|P30|P35|P36|P43|P46|P48|P8,P12|P18|P22|P26|P34|P40|P44
arousal,4,2,"1__logistic__unimodal__1.0,0.0,0.0",0.33727902841443286,P13|P19|P2|P21|P24|P27|P30|P35|P36|P43|P46|P48|P8,P12|P18|P22|P26|P34|P40|P44
arousal,4,2,"1__logistic__unimodal__0.0,1.0,0.0",0.32710360953641543,P13|P19|P2|P21|P24|P27|P30|P35|P36|P43|P46|P48|P8,P12|P18|P22|P26|P34|P40|P44
arousal,4,2,"1__logistic__unimodal__0.0,0.0,1.0",0.34291402406690946,P13|P19|P2|P21|P24|P27|P30|P35|P36|P43|P46|P48|P8,P12|P18|P22|P26|P34|P40|P44
arousal,4,2,1__lda__early__,0.33957317865682735,P13|P19|P2|P21|P24|P27|P30|P35|P36|P43|P46|P48|P8,P12|P18|P22|P26|P34|P40|P44
arousal,4,2,"1__lda__late_mean__0.3333333333333333,0.3333333333333333,0.3333333333333333",0.34670972703778624,P13|P19|P2|P21|P24|P27|P30|P35|P36|P43|P46|P48|P8,P12|P18|P22|P26|P34|P40|P44
arousal,4,2,"1__lda__late_geometric__0.3333333333333333,0.3333333333333333,0.3333333333333333",0.3476127899948077,P13|P19|P2|P21|P24|P27|P30|P35|P36|P43|P46|P48|P8,P12|P18|P22|P26|P34|P40|P44
arousal,4,2,"1__lda__late_weighted__0.25,0.25,0.5",0.3467501151278456,P13|P19|P2|P21|P24|P27|P30|P35|P36|P43|P46|P48|P8,P12|P18|P22|P26|P34|P40|P44
arousal,4,2,"1__lda__late_weighted__0.25,0.5,0.25",0.346698379966531,P13|P19|P2|P21|P24|P27|P30|P35|P36|P43|P46|P48|P8,P12|P18|P22|P26|P34|P40|P44
arousal,4,2,"1__lda__late_weighted__0.5,0.25,0.25",0.3415338711415402,P13|P19|P2|P21|P24|P27|P30|P35|P36|P43|P46|P48|P8,P12|P18|P22|P26|P34|P40|P44
arousal,4,2,"1__lda__unimodal__1.0,0.0,0.0",0.3375017190321377,P13|P19|P2|P21|P24|P27|P30|P35|P36|P43|P46|P48|P8,P12|P18|P22|P26|P34|P40|P44
arousal,4,2,"1__lda__unimodal__0.0,1.0,0.0",0.3281303355908715,P13|P19|P2|P21|P24|P27|P30|P35|P36|P43|P46|P48|P8,P12|P18|P22|P26|P34|P40|P44
arousal,4,2,"1__lda__unimodal__0.0,0.0,1.0",0.34447126759172114,P13|P19|P2|P21|P24|P27|P30|P35|P36|P43|P46|P48|P8,P12|P18|P22|P26|P34|P40|P44
arousal,4,2,1__extra_trees__early__,0.3413868448880022,P13|P19|P2|P21|P24|P27|P30|P35|P36|P43|P46|P48|P8,P12|P18|P22|P26|P34|P40|P44
arousal,4,2,"1__extra_trees__late_mean__0.3333333333333333,0.3333333333333333,0.3333333333333333",0.333180947404023,P13|P19|P2|P21|P24|P27|P30|P35|P36|P43|P46|P48|P8,P12|P18|P22|P26|P34|P40|P44
arousal,4,2,"1__extra_trees__late_geometric__0.3333333333333333,0.3333333333333333,0.3333333333333333",0.3323730214373094,P13|P19|P2|P21|P24|P27|P30|P35|P36|P43|P46|P48|P8,P12|P18|P22|P26|P34|P40|P44
arousal,4,2,"1__extra_trees__late_weighted__0.25,0.25,0.5",0.3385962979235285,P13|P19|P2|P21|P24|P27|P30|P35|P36|P43|P46|P48|P8,P12|P18|P22|P26|P34|P40|P44
arousal,4,2,"1__extra_trees__late_weighted__0.25,0.5,0.25",0.3325422954893758,P13|P19|P2|P21|P24|P27|P30|P35|P36|P43|P46|P48|P8,P12|P18|P22|P26|P34|P40|P44
arousal,4,2,"1__extra_trees__late_weighted__0.5,0.25,0.25",0.33834710995742595,P13|P19|P2|P21|P24|P27|P30|P35|P36|P43|P46|P48|P8,P12|P18|P22|P26|P34|P40|P44
arousal,4,2,"1__extra_trees__unimodal__1.0,0.0,0.0",0.3340785727012682,P13|P19|P2|P21|P24|P27|P30|P35|P36|P43|P46|P48|P8,P12|P18|P22|P26|P34|P40|P44
arousal,4,2,"1__extra_trees__unimodal__0.0,1.0,0.0",0.32416180832421254,P13|P19|P2|P21|P24|P27|P30|P35|P36|P43|P46|P48|P8,P12|P18|P22|P26|P34|P40|P44
arousal,4,2,"1__extra_trees__unimodal__0.0,0.0,1.0",0.34284328858632673,P13|P19|P2|P21|P24|P27|P30|P35|P36|P43|P46|P48|P8,P12|P18|P22|P26|P34|P40|P44
arousal,4,2,8__logistic__early__,0.34985045475427173,P13|P19|P2|P21|P24|P27|P30|P35|P36|P43|P46|P48|P8,P12|P18|P22|P26|P34|P40|P44
arousal,4,2,"8__logistic__late_mean__0.3333333333333333,0.3333333333333333,0.3333333333333333",0.3491062846016996,P13|P19|P2|P21|P24|P27|P30|P35|P36|P43|P46|P48|P8,P12|P18|P22|P26|P34|P40|P44
arousal,4,2,"8__logistic__late_geometric__0.3333333333333333,0.3333333333333333,0.3333333333333333",0.3513147011022012,P13|P19|P2|P21|P24|P27|P30|P35|P36|P43|P46|P48|P8,P12|P18|P22|P26|P34|P40|P44
arousal,4,2,"8__logistic__late_weighted__0.25,0.25,0.5",0.35183408279133427,P13|P19|P2|P21|P24|P27|P30|P35|P36|P43|P46|P48|P8,P12|P18|P22|P26|P34|P40|P44
arousal,4,2,"8__logistic__late_weighted__0.25,0.5,0.25",0.3403605406793013,P13|P19|P2|P21|P24|P27|P30|P35|P36|P43|P46|P48|P8,P12|P18|P22|P26|P34|P40|P44
arousal,4,2,"8__logistic__late_weighted__0.5,0.25,0.25",0.35627262392656495,P13|P19|P2|P21|P24|P27|P30|P35|P36|P43|P46|P48|P8,P12|P18|P22|P26|P34|P40|P44
arousal,4,2,"8__logistic__unimodal__1.0,0.0,0.0",0.3564234500920396,P13|P19|P2|P21|P24|P27|P30|P35|P36|P43|P46|P48|P8,P12|P18|P22|P26|P34|P40|P44
arousal,4,2,"8__logistic__unimodal__0.0,1.0,0.0",0.3249218612231114,P13|P19|P2|P21|P24|P27|P30|P35|P36|P43|P46|P48|P8,P12|P18|P22|P26|P34|P40|P44
arousal,4,2,"8__logistic__unimodal__0.0,0.0,1.0",0.36955935581337584,P13|P19|P2|P21|P24|P27|P30|P35|P36|P43|P46|P48|P8,P12|P18|P22|P26|P34|P40|P44
arousal,4,2,8__lda__early__,0.3555882143160835,P13|P19|P2|P21|P24|P27|P30|P35|P36|P43|P46|P48|P8,P12|P18|P22|P26|P34|P40|P44
arousal,4,2,"8__lda__late_mean__0.3333333333333333,0.3333333333333333,0.3333333333333333",0.3600357325884519,P13|P19|P2|P21|P24|P27|P30|P35|P36|P43|P46|P48|P8,P12|P18|P22|P26|P34|P40|P44
arousal,4,2,"8__lda__late_geometric__0.3333333333333333,0.3333333333333333,0.3333333333333333",0.35836081153026716,P13|P19|P2|P21|P24|P27|P30|P35|P36|P43|P46|P48|P8,P12|P18|P22|P26|P34|P40|P44
arousal,4,2,"8__lda__late_weighted__0.25,0.25,0.5",0.3587707321864452,P13|P19|P2|P21|P24|P27|P30|P35|P36|P43|P46|P48|P8,P12|P18|P22|P26|P34|P40|P44
arousal,4,2,"8__lda__late_weighted__0.25,0.5,0.25",0.34607472679012874,P13|P19|P2|P21|P24|P27|P30|P35|P36|P43|P46|P48|P8,P12|P18|P22|P26|P34|P40|P44
arousal,4,2,"8__lda__late_weighted__0.5,0.25,0.25",0.3522811994047293,P13|P19|P2|P21|P24|P27|P30|P35|P36|P43|P46|P48|P8,P12|P18|P22|P26|P34|P40|P44
arousal,4,2,"8__lda__unimodal__1.0,0.0,0.0",0.3551966162274348,P13|P19|P2|P21|P24|P27|P30|P35|P36|P43|P46|P48|P8,P12|P18|P22|P26|P34|P40|P44
arousal,4,2,"8__lda__unimodal__0.0,1.0,0.0",0.3374116371919791,P13|P19|P2|P21|P24|P27|P30|P35|P36|P43|P46|P48|P8,P12|P18|P22|P26|P34|P40|P44
arousal,4,2,"8__lda__unimodal__0.0,0.0,1.0",0.3592446768135384,P13|P19|P2|P21|P24|P27|P30|P35|P36|P43|P46|P48|P8,P12|P18|P22|P26|P34|P40|P44
arousal,4,2,8__extra_trees__early__,0.34039844154245813,P13|P19|P2|P21|P24|P27|P30|P35|P36|P43|P46|P48|P8,P12|P18|P22|P26|P34|P40|P44
arousal,4,2,"8__extra_trees__late_mean__0.3333333333333333,0.3333333333333333,0.3333333333333333",0.3356484704594326,P13|P19|P2|P21|P24|P27|P30|P35|P36|P43|P46|P48|P8,P12|P18|P22|P26|P34|P40|P44
arousal,4,2,"8__extra_trees__late_geometric__0.3333333333333333,0.3333333333333333,0.3333333333333333",0.33888364009991934,P13|P19|P2|P21|P24|P27|P30|P35|P36|P43|P46|P48|P8,P12|P18|P22|P26|P34|P40|P44
arousal,4,2,"8__extra_trees__late_weighted__0.25,0.25,0.5",0.33358982640261486,P13|P19|P2|P21|P24|P27|P30|P35|P36|P43|P46|P48|P8,P12|P18|P22|P26|P34|P40|P44
arousal,4,2,"8__extra_trees__late_weighted__0.25,0.5,0.25",0.33466732745565503,P13|P19|P2|P21|P24|P27|P30|P35|P36|P43|P46|P48|P8,P12|P18|P22|P26|P34|P40|P44
arousal,4,2,"8__extra_trees__late_weighted__0.5,0.25,0.25",0.3517559279603849,P13|P19|P2|P21|P24|P27|P30|P35|P36|P43|P46|P48|P8,P12|P18|P22|P26|P34|P40|P44
arousal,4,2,"8__extra_trees__unimodal__1.0,0.0,0.0",0.3311928411728597,P13|P19|P2|P21|P24|P27|P30|P35|P36|P43|P46|P48|P8,P12|P18|P22|P26|P34|P40|P44
arousal,4,2,"8__extra_trees__unimodal__0.0,1.0,0.0",0.32180765859253,P13|P19|P2|P21|P24|P27|P30|P35|P36|P43|P46|P48|P8,P12|P18|P22|P26|P34|P40|P44
arousal,4,2,"8__extra_trees__unimodal__0.0,0.0,1.0",0.33498562940436016,P13|P19|P2|P21|P24|P27|P30|P35|P36|P43|P46|P48|P8,P12|P18|P22|P26|P34|P40|P44
arousal,4,3,1__logistic__early__,0.29757043163380775,P12|P18|P19|P21|P22|P26|P27|P30|P34|P40|P43|P44|P48|P8,P13|P2|P24|P35|P36|P46
arousal,4,3,"1__logistic__late_mean__0.3333333333333333,0.3333333333333333,0.3333333333333333",0.2918011567603222,P12|P18|P19|P21|P22|P26|P27|P30|P34|P40|P43|P44|P48|P8,P13|P2|P24|P35|P36|P46
arousal,4,3,"1__logistic__late_geometric__0.3333333333333333,0.3333333333333333,0.3333333333333333",0.2938519599556937,P12|P18|P19|P21|P22|P26|P27|P30|P34|P40|P43|P44|P48|P8,P13|P2|P24|P35|P36|P46
arousal,4,3,"1__logistic__late_weighted__0.25,0.25,0.5",0.2959340062873434,P12|P18|P19|P21|P22|P26|P27|P30|P34|P40|P43|P44|P48|P8,P13|P2|P24|P35|P36|P46
arousal,4,3,"1__logistic__late_weighted__0.25,0.5,0.25",0.2969688578957545,P12|P18|P19|P21|P22|P26|P27|P30|P34|P40|P43|P44|P48|P8,P13|P2|P24|P35|P36|P46
arousal,4,3,"1__logistic__late_weighted__0.5,0.25,0.25",0.29631528618186415,P12|P18|P19|P21|P22|P26|P27|P30|P34|P40|P43|P44|P48|P8,P13|P2|P24|P35|P36|P46
arousal,4,3,"1__logistic__unimodal__1.0,0.0,0.0",0.33261879410989065,P12|P18|P19|P21|P22|P26|P27|P30|P34|P40|P43|P44|P48|P8,P13|P2|P24|P35|P36|P46
arousal,4,3,"1__logistic__unimodal__0.0,1.0,0.0",0.28379618056317807,P12|P18|P19|P21|P22|P26|P27|P30|P34|P40|P43|P44|P48|P8,P13|P2|P24|P35|P36|P46
arousal,4,3,"1__logistic__unimodal__0.0,0.0,1.0",0.3110896336775259,P12|P18|P19|P21|P22|P26|P27|P30|P34|P40|P43|P44|P48|P8,P13|P2|P24|P35|P36|P46
arousal,4,3,1__lda__early__,0.3008723030054923,P12|P18|P19|P21|P22|P26|P27|P30|P34|P40|P43|P44|P48|P8,P13|P2|P24|P35|P36|P46
arousal,4,3,"1__lda__late_mean__0.3333333333333333,0.3333333333333333,0.3333333333333333",0.2971972538330478,P12|P18|P19|P21|P22|P26|P27|P30|P34|P40|P43|P44|P48|P8,P13|P2|P24|P35|P36|P46
arousal,4,3,"1__lda__late_geometric__0.3333333333333333,0.3333333333333333,0.3333333333333333",0.29661822325860515,P12|P18|P19|P21|P22|P26|P27|P30|P34|P40|P43|P44|P48|P8,P13|P2|P24|P35|P36|P46
arousal,4,3,"1__lda__late_weighted__0.25,0.25,0.5",0.30015206838277575,P12|P18|P19|P21|P22|P26|P27|P30|P34|P40|P43|P44|P48|P8,P13|P2|P24|P35|P36|P46
arousal,4,3,"1__lda__late_weighted__0.25,0.5,0.25",0.2973566241486707,P12|P18|P19|P21|P22|P26|P27|P30|P34|P40|P43|P44|P48|P8,P13|P2|P24|P35|P36|P46
arousal,4,3,"1__lda__late_weighted__0.5,0.25,0.25",0.3009110492624737,P12|P18|P19|P21|P22|P26|P27|P30|P34|P40|P43|P44|P48|P8,P13|P2|P24|P35|P36|P46
arousal,4,3,"1__lda__unimodal__1.0,0.0,0.0",0.33181036449987467,P12|P18|P19|P21|P22|P26|P27|P30|P34|P40|P43|P44|P48|P8,P13|P2|P24|P35|P36|P46
arousal,4,3,"1__lda__unimodal__0.0,1.0,0.0",0.29831658930798316,P12|P18|P19|P21|P22|P26|P27|P30|P34|P40|P43|P44|P48|P8,P13|P2|P24|P35|P36|P46
arousal,4,3,"1__lda__unimodal__0.0,0.0,1.0",0.3100746749164745,P12|P18|P19|P21|P22|P26|P27|P30|P34|P40|P43|P44|P48|P8,P13|P2|P24|P35|P36|P46
arousal,4,3,1__extra_trees__early__,0.312462147126265,P12|P18|P19|P21|P22|P26|P27|P30|P34|P40|P43|P44|P48|P8,P13|P2|P24|P35|P36|P46
arousal,4,3,"1__extra_trees__late_mean__0.3333333333333333,0.3333333333333333,0.3333333333333333",0.29983769441941566,P12|P18|P19|P21|P22|P26|P27|P30|P34|P40|P43|P44|P48|P8,P13|P2|P24|P35|P36|P46
arousal,4,3,"1__extra_trees__late_geometric__0.3333333333333333,0.3333333333333333,0.3333333333333333",0.3000850812246372,P12|P18|P19|P21|P22|P26|P27|P30|P34|P40|P43|P44|P48|P8,P13|P2|P24|P35|P36|P46
arousal,4,3,"1__extra_trees__late_weighted__0.25,0.25,0.5",0.29548428454093734,P12|P18|P19|P21|P22|P26|P27|P30|P34|P40|P43|P44|P48|P8,P13|P2|P24|P35|P36|P46
arousal,4,3,"1__extra_trees__late_weighted__0.25,0.5,0.25",0.3016490984197222,P12|P18|P19|P21|P22|P26|P27|P30|P34|P40|P43|P44|P48|P8,P13|P2|P24|P35|P36|P46
arousal,4,3,"1__extra_trees__late_weighted__0.5,0.25,0.25",0.3068220906746791,P12|P18|P19|P21|P22|P26|P27|P30|P34|P40|P43|P44|P48|P8,P13|P2|P24|P35|P36|P46
arousal,4,3,"1__extra_trees__unimodal__1.0,0.0,0.0",0.34515881510491714,P12|P18|P19|P21|P22|P26|P27|P30|P34|P40|P43|P44|P48|P8,P13|P2|P24|P35|P36|P46
arousal,4,3,"1__extra_trees__unimodal__0.0,1.0,0.0",0.3212537725386799,P12|P18|P19|P21|P22|P26|P27|P30|P34|P40|P43|P44|P48|P8,P13|P2|P24|P35|P36|P46
arousal,4,3,"1__extra_trees__unimodal__0.0,0.0,1.0",0.29787088204510104,P12|P18|P19|P21|P22|P26|P27|P30|P34|P40|P43|P44|P48|P8,P13|P2|P24|P35|P36|P46
arousal,4,3,8__logistic__early__,0.3391564180642746,P12|P18|P19|P21|P22|P26|P27|P30|P34|P40|P43|P44|P48|P8,P13|P2|P24|P35|P36|P46
arousal,4,3,"8__logistic__late_mean__0.3333333333333333,0.3333333333333333,0.3333333333333333",0.3310310495113174,P12|P18|P19|P21|P22|P26|P27|P30|P34|P40|P43|P44|P48|P8,P13|P2|P24|P35|P36|P46
arousal,4,3,"8__logistic__late_geometric__0.3333333333333333,0.3333333333333333,0.3333333333333333",0.32979875827251987,P12|P18|P19|P21|P22|P26|P27|P30|P34|P40|P43|P44|P48|P8,P13|P2|P24|P35|P36|P46
arousal,4,3,"8__logistic__late_weighted__0.25,0.25,0.5",0.33316774627828466,P12|P18|P19|P21|P22|P26|P27|P30|P34|P40|P43|P44|P48|P8,P13|P2|P24|P35|P36|P46
arousal,4,3,"8__logistic__late_weighted__0.25,0.5,0.25",0.31739157388318945,P12|P18|P19|P21|P22|P26|P27|P30|P34|P40|P43|P44|P48|P8,P13|P2|P24|P35|P36|P46
arousal,4,3,"8__logistic__late_weighted__0.5,0.25,0.25",0.3433018887085691,P12|P18|P19|P21|P22|P26|P27|P30|P34|P40|P43|P44|P48|P8,P13|P2|P24|P35|P36|P46
arousal,4,3,"8__logistic__unimodal__1.0,0.0,0.0",0.3451259960310626,P12|P18|P19|P21|P22|P26|P27|P30|P34|P40|P43|P44|P48|P8,P13|P2|P24|P35|P36|P46
arousal,4,3,"8__logistic__unimodal__0.0,1.0,0.0",0.2926553786865687,P12|P18|P19|P21|P22|P26|P27|P30|P34|P40|P43|P44|P48|P8,P13|P2|P24|P35|P36|P46
arousal,4,3,"8__logistic__unimodal__0.0,0.0,1.0",0.3320765712495237,P12|P18|P19|P21|P22|P26|P27|P30|P34|P40|P43|P44|P48|P8,P13|P2|P24|P35|P36|P46
arousal,4,3,8__lda__early__,0.3384879585677358,P12|P18|P19|P21|P22|P26|P27|P30|P34|P40|P43|P44|P48|P8,P13|P2|P24|P35|P36|P46
arousal,4,3,"8__lda__late_mean__0.3333333333333333,0.3333333333333333,0.3333333333333333",0.32679353499390656,P12|P18|P19|P21|P22|P26|P27|P30|P34|P40|P43|P44|P48|P8,P13|P2|P24|P35|P36|P46
arousal,4,3,"8__lda__late_geometric__0.3333333333333333,0.3333333333333333,0.3333333333333333",0.3325512544489209,P12|P18|P19|P21|P22|P26|P27|P30|P34|P40|P43|P44|P48|P8,P13|P2|P24|P35|P36|P46
arousal,4,3,"8__lda__late_weighted__0.25,0.25,0.5",0.33608143752169944,P12|P18|P19|P21|P22|P26|P27|P30|P34|P40|P43|P44|P48|P8,P13|P2|P24|P35|P36|P46
arousal,4,3,"8__lda__late_weighted__0.25,0.5,0.25",0.3192909344941907,P12|P18|P19|P21|P22|P26|P27|P30|P34|P40|P43|P44|P48|P8,P13|P2|P24|P35|P36|P46
arousal,4,3,"8__lda__late_weighted__0.5,0.25,0.25",0.3390386354539745,P12|P18|P19|P21|P22|P26|P27|P30|P34|P40|P43|P44|P48|P8,P13|P2|P24|P35|P36|P46
arousal,4,3,"8__lda__unimodal__1.0,0.0,0.0",0.3436715597153735,P12|P18|P19|P21|P22|P26|P27|P30|P34|P40|P43|P44|P48|P8,P13|P2|P24|P35|P36|P46
arousal,4,3,"8__lda__unimodal__0.0,1.0,0.0",0.29208386785403867,P12|P18|P19|P21|P22|P26|P27|P30|P34|P40|P43|P44|P48|P8,P13|P2|P24|P35|P36|P46
arousal,4,3,"8__lda__unimodal__0.0,0.0,1.0",0.3355405790812333,P12|P18|P19|P21|P22|P26|P27|P30|P34|P40|P43|P44|P48|P8,P13|P2|P24|P35|P36|P46
arousal,4,3,8__extra_trees__early__,0.29682929841046174,P12|P18|P19|P21|P22|P26|P27|P30|P34|P40|P43|P44|P48|P8,P13|P2|P24|P35|P36|P46
arousal,4,3,"8__extra_trees__late_mean__0.3333333333333333,0.3333333333333333,0.3333333333333333",0.28880427550244836,P12|P18|P19|P21|P22|P26|P27|P30|P34|P40|P43|P44|P48|P8,P13|P2|P24|P35|P36|P46
arousal,4,3,"8__extra_trees__late_geometric__0.3333333333333333,0.3333333333333333,0.3333333333333333",0.2891396193617349,P12|P18|P19|P21|P22|P26|P27|P30|P34|P40|P43|P44|P48|P8,P13|P2|P24|P35|P36|P46
arousal,4,3,"8__extra_trees__late_weighted__0.25,0.25,0.5",0.2939261408528163,P12|P18|P19|P21|P22|P26|P27|P30|P34|P40|P43|P44|P48|P8,P13|P2|P24|P35|P36|P46
arousal,4,3,"8__extra_trees__late_weighted__0.25,0.5,0.25",0.29274752473754,P12|P18|P19|P21|P22|P26|P27|P30|P34|P40|P43|P44|P48|P8,P13|P2|P24|P35|P36|P46
arousal,4,3,"8__extra_trees__late_weighted__0.5,0.25,0.25",0.30096712545101284,P12|P18|P19|P21|P22|P26|P27|P30|P34|P40|P43|P44|P48|P8,P13|P2|P24|P35|P36|P46
arousal,4,3,"8__extra_trees__unimodal__1.0,0.0,0.0",0.34391369231802954,P12|P18|P19|P21|P22|P26|P27|P30|P34|P40|P43|P44|P48|P8,P13|P2|P24|P35|P36|P46
arousal,4,3,"8__extra_trees__unimodal__0.0,1.0,0.0",0.304623704978303,P12|P18|P19|P21|P22|P26|P27|P30|P34|P40|P43|P44|P48|P8,P13|P2|P24|P35|P36|P46
arousal,4,3,"8__extra_trees__unimodal__0.0,0.0,1.0",0.30147973732522576,P12|P18|P19|P21|P22|P26|P27|P30|P34|P40|P43|P44|P48|P8,P13|P2|P24|P35|P36|P46
arousal,5,1,1__logistic__early__,0.33772465969426235,P12|P18|P2|P24|P27|P33|P35|P36|P4|P43|P48|P8|P9,P19|P20|P22|P3|P30|P40|P46
arousal,5,1,"1__logistic__late_mean__0.3333333333333333,0.3333333333333333,0.3333333333333333",0.34604642029090915,P12|P18|P2|P24|P27|P33|P35|P36|P4|P43|P48|P8|P9,P19|P20|P22|P3|P30|P40|P46
arousal,5,1,"1__logistic__late_geometric__0.3333333333333333,0.3333333333333333,0.3333333333333333",0.345932848034999,P12|P18|P2|P24|P27|P33|P35|P36|P4|P43|P48|P8|P9,P19|P20|P22|P3|P30|P40|P46
arousal,5,1,"1__logistic__late_weighted__0.25,0.25,0.5",0.3461993881594104,P12|P18|P2|P24|P27|P33|P35|P36|P4|P43|P48|P8|P9,P19|P20|P22|P3|P30|P40|P46
arousal,5,1,"1__logistic__late_weighted__0.25,0.5,0.25",0.3324243649457784,P12|P18|P2|P24|P27|P33|P35|P36|P4|P43|P48|P8|P9,P19|P20|P22|P3|P30|P40|P46
arousal,5,1,"1__logistic__late_weighted__0.5,0.25,0.25",0.3450461772459545,P12|P18|P2|P24|P27|P33|P35|P36|P4|P43|P48|P8|P9,P19|P20|P22|P3|P30|P40|P46
arousal,5,1,"1__logistic__unimodal__1.0,0.0,0.0",0.33544744464189075,P12|P18|P2|P24|P27|P33|P35|P36|P4|P43|P48|P8|P9,P19|P20|P22|P3|P30|P40|P46
arousal,5,1,"1__logistic__unimodal__0.0,1.0,0.0",0.31987113851459387,P12|P18|P2|P24|P27|P33|P35|P36|P4|P43|P48|P8|P9,P19|P20|P22|P3|P30|P40|P46
arousal,5,1,"1__logistic__unimodal__0.0,0.0,1.0",0.35482778068589743,P12|P18|P2|P24|P27|P33|P35|P36|P4|P43|P48|P8|P9,P19|P20|P22|P3|P30|P40|P46
arousal,5,1,1__lda__early__,0.3450072813116521,P12|P18|P2|P24|P27|P33|P35|P36|P4|P43|P48|P8|P9,P19|P20|P22|P3|P30|P40|P46
arousal,5,1,"1__lda__late_mean__0.3333333333333333,0.3333333333333333,0.3333333333333333",0.3473609641681037,P12|P18|P2|P24|P27|P33|P35|P36|P4|P43|P48|P8|P9,P19|P20|P22|P3|P30|P40|P46
arousal,5,1,"1__lda__late_geometric__0.3333333333333333,0.3333333333333333,0.3333333333333333",0.3461398686742091,P12|P18|P2|P24|P27|P33|P35|P36|P4|P43|P48|P8|P9,P19|P20|P22|P3|P30|P40|P46
arousal,5,1,"1__lda__late_weighted__0.25,0.25,0.5",0.3495782297253504,P12|P18|P2|P24|P27|P33|P35|P36|P4|P43|P48|P8|P9,P19|P20|P22|P3|P30|P40|P46
arousal,5,1,"1__lda__late_weighted__0.25,0.5,0.25",0.33704885836929854,P12|P18|P2|P24|P27|P33|P35|P36|P4|P43|P48|P8|P9,P19|P20|P22|P3|P30|P40|P46
arousal,5,1,"1__lda__late_weighted__0.5,0.25,0.25",0.346930883713567,P12|P18|P2|P24|P27|P33|P35|P36|P4|P43|P48|P8|P9,P19|P20|P22|P3|P30|P40|P46
arousal,5,1,"1__lda__unimodal__1.0,0.0,0.0",0.3356547546162859,P12|P18|P2|P24|P27|P33|P35|P36|P4|P43|P48|P8|P9,P19|P20|P22|P3|P30|P40|P46
arousal,5,1,"1__lda__unimodal__0.0,1.0,0.0",0.3203169858002636,P12|P18|P2|P24|P27|P33|P35|P36|P4|P43|P48|P8|P9,P19|P20|P22|P3|P30|P40|P46
arousal,5,1,"1__lda__unimodal__0.0,0.0,1.0",0.35400246687209075,P12|P18|P2|P24|P27|P33|P35|P36|P4|P43|P48|P8|P9,P19|P20|P22|P3|P30|P40|P46
arousal,5,1,1__extra_trees__early__,0.3399968939004116,P12|P18|P2|P24|P27|P33|P35|P36|P4|P43|P48|P8|P9,P19|P20|P22|P3|P30|P40|P46
arousal,5,1,"1__extra_trees__late_mean__0.3333333333333333,0.3333333333333333,0.3333333333333333",0.356315425456442,P12|P18|P2|P24|P27|P33|P35|P36|P4|P43|P48|P8|P9,P19|P20|P22|P3|P30|P40|P46
arousal,5,1,"1__extra_trees__late_geometric__0.3333333333333333,0.3333333333333333,0.3333333333333333",0.35461504115538844,P12|P18|P2|P24|P27|P33|P35|P36|P4|P43|P48|P8|P9,P19|P20|P22|P3|P30|P40|P46
arousal,5,1,"1__extra_trees__late_weighted__0.25,0.25,0.5",0.35608092050541407,P12|P18|P2|P24|P27|P33|P35|P36|P4|P43|P48|P8|P9,P19|P20|P22|P3|P30|P40|P46
arousal,5,1,"1__extra_trees__late_weighted__0.25,0.5,0.25",0.34620019937741286,P12|P18|P2|P24|P27|P33|P35|P36|P4|P43|P48|P8|P9,P19|P20|P22|P3|P30|P40|P46
arousal,5,1,"1__extra_trees__late_weighted__0.5,0.25,0.25",0.35654647520056154,P12|P18|P2|P24|P27|P33|P35|P36|P4|P43|P48|P8|P9,P19|P20|P22|P3|P30|P40|P46
arousal,5,1,"1__extra_trees__unimodal__1.0,0.0,0.0",0.32107044830594883,P12|P18|P2|P24|P27|P33|P35|P36|P4|P43|P48|P8|P9,P19|P20|P22|P3|P30|P40|P46
arousal,5,1,"1__extra_trees__unimodal__0.0,1.0,0.0",0.32988339747164963,P12|P18|P2|P24|P27|P33|P35|P36|P4|P43|P48|P8|P9,P19|P20|P22|P3|P30|P40|P46
arousal,5,1,"1__extra_trees__unimodal__0.0,0.0,1.0",0.350313731126827,P12|P18|P2|P24|P27|P33|P35|P36|P4|P43|P48|P8|P9,P19|P20|P22|P3|P30|P40|P46
arousal,5,1,8__logistic__early__,0.33311697563467435,P12|P18|P2|P24|P27|P33|P35|P36|P4|P43|P48|P8|P9,P19|P20|P22|P3|P30|P40|P46
arousal,5,1,"8__logistic__late_mean__0.3333333333333333,0.3333333333333333,0.3333333333333333",0.3374789057132281,P12|P18|P2|P24|P27|P33|P35|P36|P4|P43|P48|P8|P9,P19|P20|P22|P3|P30|P40|P46
arousal,5,1,"8__logistic__late_geometric__0.3333333333333333,0.3333333333333333,0.3333333333333333",0.33334170701145693,P12|P18|P2|P24|P27|P33|P35|P36|P4|P43|P48|P8|P9,P19|P20|P22|P3|P30|P40|P46
arousal,5,1,"8__logistic__late_weighted__0.25,0.25,0.5",0.32879884094031187,P12|P18|P2|P24|P27|P33|P35|P36|P4|P43|P48|P8|P9,P19|P20|P22|P3|P30|P40|P46
arousal,5,1,"8__logistic__late_weighted__0.25,0.5,0.25",0.33784807876129946,P12|P18|P2|P24|P27|P33|P35|P36|P4|P43|P48|P8|P9,P19|P20|P22|P3|P30|P40|P46
arousal,5,1,"8__logistic__late_weighted__0.5,0.25,0.25",0.33955591007742486,P12|P18|P2|P24|P27|P33|P35|P36|P4|P43|P48|P8|P9,P19|P20|P22|P3|P30|P40|P46
arousal,5,1,"8__logistic__unimodal__1.0,0.0,0.0",0.349740468892799,P12|P18|P2|P24|P27|P33|P35|P36|P4|P43|P48|P8|P9,P19|P20|P22|P3|P30|P40|P46
arousal,5,1,"8__logistic__unimodal__0.0,1.0,0.0",0.3313900375222226,P12|P18|P2|P24|P27|P33|P35|P36|P4|P43|P48|P8|P9,P19|P20|P22|P3|P30|P40|P46
arousal,5,1,"8__logistic__unimodal__0.0,0.0,1.0",0.344360846012082,P12|P18|P2|P24|P27|P33|P35|P36|P4|P43|P48|P8|P9,P19|P20|P22|P3|P30|P40|P46
arousal,5,1,8__lda__early__,0.34779279548829833,P12|P18|P2|P24|P27|P33|P35|P36|P4|P43|P48|P8|P9,P19|P20|P22|P3|P30|P40|P46
arousal,5,1,"8__lda__late_mean__0.3333333333333333,0.3333333333333333,0.3333333333333333",0.34050773908914206,P12|P18|P2|P24|P27|P33|P35|P36|P4|P43|P48|P8|P9,P19|P20|P22|P3|P30|P40|P46
arousal,5,1,"8__lda__late_geometric__0.3333333333333333,0.3333333333333333,0.3333333333333333",0.3369129116029991,P12|P18|P2|P24|P27|P33|P35|P36|P4|P43|P48|P8|P9,P19|P20|P22|P3|P30|P40|P46
arousal,5,1,"8__lda__late_weighted__0.25,0.25,0.5",0.33547513525750455,P12|P18|P2|P24|P27|P33|P35|P36|P4|P43|P48|P8|P9,P19|P20|P22|P3|P30|P40|P46
arousal,5,1,"8__lda__late_weighted__0.25,0.5,0.25",0.346474124899827,P12|P18|P2|P24|P27|P33|P35|P36|P4|P43|P48|P8|P9,P19|P20|P22|P3|P30|P40|P46
arousal,5,1,"8__lda__late_weighted__0.5,0.25,0.25",0.34370052850079047,P12|P18|P2|P24|P27|P33|P35|P36|P4|P43|P48|P8|P9,P19|P20|P22|P3|P30|P40|P46
arousal,5,1,"8__lda__unimodal__1.0,0.0,0.0",0.3513042378719545,P12|P18|P2|P24|P27|P33|P35|P36|P4|P43|P48|P8|P9,P19|P20|P22|P3|P30|P40|P46
arousal,5,1,"8__lda__unimodal__0.0,1.0,0.0",0.33292717912211556,P12|P18|P2|P24|P27|P33|P35|P36|P4|P43|P48|P8|P9,P19|P20|P22|P3|P30|P40|P46
arousal,5,1,"8__lda__unimodal__0.0,0.0,1.0",0.3380468047893653,P12|P18|P2|P24|P27|P33|P35|P36|P4|P43|P48|P8|P9,P19|P20|P22|P3|P30|P40|P46
arousal,5,1,8__extra_trees__early__,0.3468692887751273,P12|P18|P2|P24|P27|P33|P35|P36|P4|P43|P48|P8|P9,P19|P20|P22|P3|P30|P40|P46
arousal,5,1,"8__extra_trees__late_mean__0.3333333333333333,0.3333333333333333,0.3333333333333333",0.3528006948071262,P12|P18|P2|P24|P27|P33|P35|P36|P4|P43|P48|P8|P9,P19|P20|P22|P3|P30|P40|P46
arousal,5,1,"8__extra_trees__late_geometric__0.3333333333333333,0.3333333333333333,0.3333333333333333",0.35272158263179404,P12|P18|P2|P24|P27|P33|P35|P36|P4|P43|P48|P8|P9,P19|P20|P22|P3|P30|P40|P46
arousal,5,1,"8__extra_trees__late_weighted__0.25,0.25,0.5",0.35344302941192346,P12|P18|P2|P24|P27|P33|P35|P36|P4|P43|P48|P8|P9,P19|P20|P22|P3|P30|P40|P46
arousal,5,1,"8__extra_trees__late_weighted__0.25,0.5,0.25",0.35823704066683465,P12|P18|P2|P24|P27|P33|P35|P36|P4|P43|P48|P8|P9,P19|P20|P22|P3|P30|P40|P46
arousal,5,1,"8__extra_trees__late_weighted__0.5,0.25,0.25",0.3484538156374625,P12|P18|P2|P24|P27|P33|P35|P36|P4|P43|P48|P8|P9,P19|P20|P22|P3|P30|P40|P46
arousal,5,1,"8__extra_trees__unimodal__1.0,0.0,0.0",0.3446578225428528,P12|P18|P2|P24|P27|P33|P35|P36|P4|P43|P48|P8|P9,P19|P20|P22|P3|P30|P40|P46
arousal,5,1,"8__extra_trees__unimodal__0.0,1.0,0.0",0.35275865604617956,P12|P18|P2|P24|P27|P33|P35|P36|P4|P43|P48|P8|P9,P19|P20|P22|P3|P30|P40|P46
arousal,5,1,"8__extra_trees__unimodal__0.0,0.0,1.0",0.3541366320607423,P12|P18|P2|P24|P27|P33|P35|P36|P4|P43|P48|P8|P9,P19|P20|P22|P3|P30|P40|P46
arousal,5,2,1__logistic__early__,0.33613541421748616,P18|P19|P2|P20|P22|P24|P27|P3|P30|P36|P40|P46|P9,P12|P33|P35|P4|P43|P48|P8
arousal,5,2,"1__logistic__late_mean__0.3333333333333333,0.3333333333333333,0.3333333333333333",0.34119953060740477,P18|P19|P2|P20|P22|P24|P27|P3|P30|P36|P40|P46|P9,P12|P33|P35|P4|P43|P48|P8
arousal,5,2,"1__logistic__late_geometric__0.3333333333333333,0.3333333333333333,0.3333333333333333",0.33796602626258226,P18|P19|P2|P20|P22|P24|P27|P3|P30|P36|P40|P46|P9,P12|P33|P35|P4|P43|P48|P8
arousal,5,2,"1__logistic__late_weighted__0.25,0.25,0.5",0.3367224671622356,P18|P19|P2|P20|P22|P24|P27|P3|P30|P36|P40|P46|P9,P12|P33|P35|P4|P43|P48|P8
arousal,5,2,"1__logistic__late_weighted__0.25,0.5,0.25",0.33139679038368614,P18|P19|P2|P20|P22|P24|P27|P3|P30|P36|P40|P46|P9,P12|P33|P35|P4|P43|P48|P8
arousal,5,2,"1__logistic__late_weighted__0.5,0.25,0.25",0.33025167250618326,P18|P19|P2|P20|P22|P24|P27|P3|P30|P36|P40|P46|P9,P12|P33|P35|P4|P43|P48|P8
arousal,5,2,"1__logistic__unimodal__1.0,0.0,0.0",0.3342414832314294,P18|P19|P2|P20|P22|P24|P27|P3|P30|P36|P40|P46|P9,P12|P33|P35|P4|P43|P48|P8
arousal,5,2,"1__logistic__unimodal__0.0,1.0,0.0",0.3309650339833546,P18|P19|P2|P20|P22|P24|P27|P3|P30|P36|P40|P46|P9,P12|P33|P35|P4|P43|P48|P8
arousal,5,2,"1__logistic__unimodal__0.0,0.0,1.0",0.34672314493584555,P18|P19|P2|P20|P22|P24|P27|P3|P30|P36|P40|P46|P9,P12|P33|P35|P4|P43|P48|P8
arousal,5,2,1__lda__early__,0.3451700309512854,P18|P19|P2|P20|P22|P24|P27|P3|P30|P36|P40|P46|P9,P12|P33|P35|P4|P43|P48|P8
arousal,5,2,"1__lda__late_mean__0.3333333333333333,0.3333333333333333,0.3333333333333333",0.34146794100536254,P18|P19|P2|P20|P22|P24|P27|P3|P30|P36|P40|P46|P9,P12|P33|P35|P4|P43|P48|P8
arousal,5,2,"1__lda__late_geometric__0.3333333333333333,0.3333333333333333,0.3333333333333333",0.3386589589260019,P18|P19|P2|P20|P22|P24|P27|P3|P30|P36|P40|P46|P9,P12|P33|P35|P4|P43|P48|P8
arousal,5,2,"1__lda__late_weighted__0.25,0.25,0.5",0.34217277839869054,P18|P19|P2|P20|P22|P24|P27|P3|P30|P36|P40|P46|P9,P12|P33|P35|P4|P43|P48|P8
arousal,5,2,"1__lda__late_weighted__0.25,0.5,0.25",0.3406310561834197,P18|P19|P2|P20|P22|P24|P27|P3|P30|P36|P40|P46|P9,P12|P33|P35|P4|P43|P48|P8
arousal,5,2,"1__lda__late_weighted__0.5,0.25,0.25",0.33264931278096466,P18|P19|P2|P20|P22|P24|P27|P3|P30|P36|P40|P46|P9,P12|P33|P35|P4|P43|P48|P8
arousal,5,2,"1__lda__unimodal__1.0,0.0,0.0",0.3360482898413718,P18|P19|P2|P20|P22|P24|P27|P3|P30|P36|P40|P46|P9,P12|P33|P35|P4|P43|P48|P8
arousal,5,2,"1__lda__unimodal__0.0,1.0,0.0",0.3410403406743009,P18|P19|P2|P20|P22|P24|P27|P3|P30|P36|P40|P46|P9,P12|P33|P35|P4|P43|P48|P8
arousal,5,2,"1__lda__unimodal__0.0,0.0,1.0",0.34510442506647154,P18|P19|P2|P20|P22|P24|P27|P3|P30|P36|P40|P46|P9,P12|P33|P35|P4|P43|P48|P8
arousal,5,2,1__extra_trees__early__,0.3242978206058145,P18|P19|P2|P20|P22|P24|P27|P3|P30|P36|P40|P46|P9,P12|P33|P35|P4|P43|P48|P8
arousal,5,2,"1__extra_trees__late_mean__0.3333333333333333,0.3333333333333333,0.3333333333333333",0.342691977637741,P18|P19|P2|P20|P22|P24|P27|P3|P30|P36|P40|P46|P9,P12|P33|P35|P4|P43|P48|P8
arousal,5,2,"1__extra_trees__late_geometric__0.3333333333333333,0.3333333333333333,0.3333333333333333",0.3430078876446242,P18|P19|P2|P20|P22|P24|P27|P3|P30|P36|P40|P46|P9,P12|P33|P35|P4|P43|P48|P8
arousal,5,2,"1__extra_trees__late_weighted__0.25,0.25,0.5",0.35139978707778574,P18|P19|P2|P20|P22|P24|P27|P3|P30|P36|P40|P46|P9,P12|P33|P35|P4|P43|P48|P8
arousal,5,2,"1__extra_trees__late_weighted__0.25,0.5,0.25",0.3412138739909339,P18|P19|P2|P20|P22|P24|P27|P3|P30|P36|P40|P46|P9,P12|P33|P35|P4|P43|P48|P8
arousal,5,2,"1__extra_trees__late_weighted__0.5,0.25,0.25",0.3410591364039082,P18|P19|P2|P20|P22|P24|P27|P3|P30|P36|P40|P46|P9,P12|P33|P35|P4|P43|P48|P8
arousal,5,2,"1__extra_trees__unimodal__1.0,0.0,0.0",0.33415407988592294,P18|P19|P2|P20|P22|P24|P27|P3|P30|P36|P40|P46|P9,P12|P33|P35|P4|P43|P48|P8
arousal,5,2,"1__extra_trees__unimodal__0.0,1.0,0.0",0.32984105140073955,P18|P19|P2|P20|P22|P24|P27|P3|P30|P36|P40|P46|P9,P12|P33|P35|P4|P43|P48|P8
arousal,5,2,"1__extra_trees__unimodal__0.0,0.0,1.0",0.34175354072967595,P18|P19|P2|P20|P22|P24|P27|P3|P30|P36|P40|P46|P9,P12|P33|P35|P4|P43|P48|P8
arousal,5,2,8__logistic__early__,0.337110366866394,P18|P19|P2|P20|P22|P24|P27|P3|P30|P36|P40|P46|P9,P12|P33|P35|P4|P43|P48|P8
arousal,5,2,"8__logistic__late_mean__0.3333333333333333,0.3333333333333333,0.3333333333333333",0.35053993263045935,P18|P19|P2|P20|P22|P24|P27|P3|P30|P36|P40|P46|P9,P12|P33|P35|P4|P43|P48|P8
arousal,5,2,"8__logistic__late_geometric__0.3333333333333333,0.3333333333333333,0.3333333333333333",0.3494449552888412,P18|P19|P2|P20|P22|P24|P27|P3|P30|P36|P40|P46|P9,P12|P33|P35|P4|P43|P48|P8
arousal,5,2,"8__logistic__late_weighted__0.25,0.25,0.5",0.34873582879437415,P18|P19|P2|P20|P22|P24|P27|P3|P30|P36|P40|P46|P9,P12|P33|P35|P4|P43|P48|P8
arousal,5,2,"8__logistic__late_weighted__0.25,0.5,0.25",0.3355739891540993,P18|P19|P2|P20|P22|P24|P27|P3|P30|P36|P40|P46|P9,P12|P33|P35|P4|P43|P48|P8
arousal,5,2,"8__logistic__late_weighted__0.5,0.25,0.25",0.3447044890752444,P18|P19|P2|P20|P22|P24|P27|P3|P30|P36|P40|P46|P9,P12|P33|P35|P4|P43|P48|P8
arousal,5,2,"8__logistic__unimodal__1.0,0.0,0.0",0.35124183919243085,P18|P19|P2|P20|P22|P24|P27|P3|P30|P36|P40|P46|P9,P12|P33|P35|P4|P43|P48|P8
arousal,5,2,"8__logistic__unimodal__0.0,1.0,0.0",0.3209974209557637,P18|P19|P2|P20|P22|P24|P27|P3|P30|P36|P40|P46|P9,P12|P33|P35|P4|P43|P48|P8
arousal,5,2,"8__logistic__unimodal__0.0,0.0,1.0",0.3394221080066609,P18|P19|P2|P20|P22|P24|P27|P3|P30|P36|P40|P46|P9,P12|P33|P35|P4|P43|P48|P8
arousal,5,2,8__lda__early__,0.34704123777011037,P18|P19|P2|P20|P22|P24|P27|P3|P30|P36|P40|P46|P9,P12|P33|P35|P4|P43|P48|P8
arousal,5,2,"8__lda__late_mean__0.3333333333333333,0.3333333333333333,0.3333333333333333",0.34619391429001956,P18|P19|P2|P20|P22|P24|P27|P3|P30|P36|P40|P46|P9,P12|P33|P35|P4|P43|P48|P8
arousal,5,2,"8__lda__late_geometric__0.3333333333333333,0.3333333333333333,0.3333333333333333",0.34594148093214605,P18|P19|P2|P20|P22|P24|P27|P3|P30|P36|P40|P46|P9,P12|P33|P35|P4|P43|P48|P8
arousal,5,2,"8__lda__late_weighted__0.25,0.25,0.5",0.3470697963835529,P18|P19|P2|P20|P22|P24|P27|P3|P30|P36|P40|P46|P9,P12|P33|P35|P4|P43|P48|P8
arousal,5,2,"8__lda__late_weighted__0.25,0.5,0.25",0.34994344004084926,P18|P19|P2|P20|P22|P24|P27|P3|P30|P36|P40|P46|P9,P12|P33|P35|P4|P43|P48|P8
arousal,5,2,"8__lda__late_weighted__0.5,0.25,0.25",0.3495096830966546,P18|P19|P2|P20|P22|P24|P27|P3|P30|P36|P40|P46|P9,P12|P33|P35|P4|P43|P48|P8
arousal,5,2,"8__lda__unimodal__1.0,0.0,0.0",0.35305917810545406,P18|P19|P2|P20|P22|P24|P27|P3|P30|P36|P40|P46|P9,P12|P33|P35|P4|P43|P48|P8
arousal,5,2,"8__lda__unimodal__0.0,1.0,0.0",0.32986151610102915,P18|P19|P2|P20|P22|P24|P27|P3|P30|P36|P40|P46|P9,P12|P33|P35|P4|P43|P48|P8
arousal,5,2,"8__lda__unimodal__0.0,0.0,1.0",0.3354008133829609,P18|P19|P2|P20|P22|P24|P27|P3|P30|P36|P40|P46|P9,P12|P33|P35|P4|P43|P48|P8
arousal,5,2,8__extra_trees__early__,0.35311231110245694,P18|P19|P2|P20|P22|P24|P27|P3|P30|P36|P40|P46|P9,P12|P33|P35|P4|P43|P48|P8
arousal,5,2,"8__extra_trees__late_mean__0.3333333333333333,0.3333333333333333,0.3333333333333333",0.34815380036984267,P18|P19|P2|P20|P22|P24|P27|P3|P30|P36|P40|P46|P9,P12|P33|P35|P4|P43|P48|P8
arousal,5,2,"8__extra_trees__late_geometric__0.3333333333333333,0.3333333333333333,0.3333333333333333",0.3471327959049324,P18|P19|P2|P20|P22|P24|P27|P3|P30|P36|P40|P46|P9,P12|P33|P35|P4|P43|P48|P8
arousal,5,2,"8__extra_trees__late_weighted__0.25,0.25,0.5",0.3534284862355143,P18|P19|P2|P20|P22|P24|P27|P3|P30|P36|P40|P46|P9,P12|P33|P35|P4|P43|P48|P8
arousal,5,2,"8__extra_trees__late_weighted__0.25,0.5,0.25",0.34283294776611767,P18|P19|P2|P20|P22|P24|P27|P3|P30|P36|P40|P46|P9,P12|P33|P35|P4|P43|P48|P8
arousal,5,2,"8__extra_trees__late_weighted__0.5,0.25,0.25",0.3371128819406718,P18|P19|P2|P20|P22|P24|P27|P3|P30|P36|P40|P46|P9,P12|P33|P35|P4|P43|P48|P8
arousal,5,2,"8__extra_trees__unimodal__1.0,0.0,0.0",0.3399067160113188,P18|P19|P2|P20|P22|P24|P27|P3|P30|P36|P40|P46|P9,P12|P33|P35|P4|P43|P48|P8
arousal,5,2,"8__extra_trees__unimodal__0.0,1.0,0.0",0.33346415667660195,P18|P19|P2|P20|P22|P24|P27|P3|P30|P36|P40|P46|P9,P12|P33|P35|P4|P43|P48|P8
arousal,5,2,"8__extra_trees__unimodal__0.0,0.0,1.0",0.34884189893715944,P18|P19|P2|P20|P22|P24|P27|P3|P30|P36|P40|P46|P9,P12|P33|P35|P4|P43|P48|P8
arousal,5,3,1__logistic__early__,0.3187697706447501,P12|P19|P20|P22|P3|P30|P33|P35|P4|P40|P43|P46|P48|P8,P18|P2|P24|P27|P36|P9
arousal,5,3,"1__logistic__late_mean__0.3333333333333333,0.3333333333333333,0.3333333333333333",0.32375863122100695,P12|P19|P20|P22|P3|P30|P33|P35|P4|P40|P43|P46|P48|P8,P18|P2|P24|P27|P36|P9
arousal,5,3,"1__logistic__late_geometric__0.3333333333333333,0.3333333333333333,0.3333333333333333",0.3220582519750414,P12|P19|P20|P22|P3|P30|P33|P35|P4|P40|P43|P46|P48|P8,P18|P2|P24|P27|P36|P9
arousal,5,3,"1__logistic__late_weighted__0.25,0.25,0.5",0.32875344057515393,P12|P19|P20|P22|P3|P30|P33|P35|P4|P40|P43|P46|P48|P8,P18|P2|P24|P27|P36|P9
arousal,5,3,"1__logistic__late_weighted__0.25,0.5,0.25",0.3201416223706463,P12|P19|P20|P22|P3|P30|P33|P35|P4|P40|P43|P46|P48|P8,P18|P2|P24|P27|P36|P9
arousal,5,3,"1__logistic__late_weighted__0.5,0.25,0.25",0.3067123903816147,P12|P19|P20|P22|P3|P30|P33|P35|P4|P40|P43|P46|P48|P8,P18|P2|P24|P27|P36|P9
arousal,5,3,"1__logistic__unimodal__1.0,0.0,0.0",0.28528777106220354,P12|P19|P20|P22|P3|P30|P33|P35|P4|P40|P43|P46|P48|P8,P18|P2|P24|P27|P36|P9
arousal,5,3,"1__logistic__unimodal__0.0,1.0,0.0",0.3219781383335313,P12|P19|P20|P22|P3|P30|P33|P35|P4|P40|P43|P46|P48|P8,P18|P2|P24|P27|P36|P9
arousal,5,3,"1__logistic__unimodal__0.0,0.0,1.0",0.34105055787964905,P12|P19|P20|P22|P3|P30|P33|P35|P4|P40|P43|P46|P48|P8,P18|P2|P24|P27|P36|P9
arousal,5,3,1__lda__early__,0.31840696437144406,P12|P19|P20|P22|P3|P30|P33|P35|P4|P40|P43|P46|P48|P8,P18|P2|P24|P27|P36|P9
arousal,5,3,"1__lda__late_mean__0.3333333333333333,0.3333333333333333,0.3333333333333333",0.3133007571112663,P12|P19|P20|P22|P3|P30|P33|P35|P4|P40|P43|P46|P48|P8,P18|P2|P24|P27|P36|P9
arousal,5,3,"1__lda__late_geometric__0.3333333333333333,0.3333333333333333,0.3333333333333333",0.31164977261021787,P12|P19|P20|P22|P3|P30|P33|P35|P4|P40|P43|P46|P48|P8,P18|P2|P24|P27|P36|P9
arousal,5,3,"1__lda__late_weighted__0.25,0.25,0.5",0.32245168142703506,P12|P19|P20|P22|P3|P30|P33|P35|P4|P40|P43|P46|P48|P8,P18|P2|P24|P27|P36|P9
arousal,5,3,"1__lda__late_weighted__0.25,0.5,0.25",0.31665613205450654,P12|P19|P20|P22|P3|P30|P33|P35|P4|P40|P43|P46|P48|P8,P18|P2|P24|P27|P36|P9
arousal,5,3,"1__lda__late_weighted__0.5,0.25,0.25",0.3008322769870269,P12|P19|P20|P22|P3|P30|P33|P35|P4|P40|P43|P46|P48|P8,P18|P2|P24|P27|P36|P9
arousal,5,3,"1__lda__unimodal__1.0,0.0,0.0",0.2804797601592362,P12|P19|P20|P22|P3|P30|P33|P35|P4|P40|P43|P46|P48|P8,P18|P2|P24|P27|P36|P9
arousal,5,3,"1__lda__unimodal__0.0,1.0,0.0",0.31954554889848313,P12|P19|P20|P22|P3|P30|P33|P35|P4|P40|P43|P46|P48|P8,P18|P2|P24|P27|P36|P9
arousal,5,3,"1__lda__unimodal__0.0,0.0,1.0",0.3408462727436176,P12|P19|P20|P22|P3|P30|P33|P35|P4|P40|P43|P46|P48|P8,P18|P2|P24|P27|P36|P9
arousal,5,3,1__extra_trees__early__,0.33164322674180874,P12|P19|P20|P22|P3|P30|P33|P35|P4|P40|P43|P46|P48|P8,P18|P2|P24|P27|P36|P9
arousal,5,3,"1__extra_trees__late_mean__0.3333333333333333,0.3333333333333333,0.3333333333333333",0.32207071988014885,P12|P19|P20|P22|P3|P30|P33|P35|P4|P40|P43|P46|P48|P8,P18|P2|P24|P27|P36|P9
arousal,5,3,"1__extra_trees__late_geometric__0.3333333333333333,0.3333333333333333,0.3333333333333333",0.3220809754006675,P12|P19|P20|P22|P3|P30|P33|P35|P4|P40|P43|P46|P48|P8,P18|P2|P24|P27|P36|P9
arousal,5,3,"1__extra_trees__late_weighted__0.25,0.25,0.5",0.32461014580996,P12|P19|P20|P22|P3|P30|P33|P35|P4|P40|P43|P46|P48|P8,P18|P2|P24|P27|P36|P9
arousal,5,3,"1__extra_trees__late_weighted__0.25,0.5,0.25",0.32317538243635596,P12|P19|P20|P22|P3|P30|P33|P35|P4|P40|P43|P46|P48|P8,P18|P2|P24|P27|P36|P9
arousal,5,3,"1__extra_trees__late_weighted__0.5,0.25,0.25",0.32354025938949416,P12|P19|P20|P22|P3|P30|P33|P35|P4|P40|P43|P46|P48|P8,P18|P2|P24|P27|P36|P9
arousal,5,3,"1__extra_trees__unimodal__1.0,0.0,0.0",0.3129585037269796,P12|P19|P20|P22|P3|P30|P33|P35|P4|P40|P43|P46|P48|P8,P18|P2|P24|P27|P36|P9
arousal,5,3,"1__extra_trees__unimodal__0.0,1.0,0.0",0.3282608634863448,P12|P19|P20|P22|P3|P30|P33|P35|P4|P40|P43|P46|P48|P8,P18|P2|P24|P27|P36|P9
arousal,5,3,"1__extra_trees__unimodal__0.0,0.0,1.0",0.3282941062311446,P12|P19|P20|P22|P3|P30|P33|P35|P4|P40|P43|P46|P48|P8,P18|P2|P24|P27|P36|P9
arousal,5,3,8__logistic__early__,0.3480280814299564,P12|P19|P20|P22|P3|P30|P33|P35|P4|P40|P43|P46|P48|P8,P18|P2|P24|P27|P36|P9
arousal,5,3,"8__logistic__late_mean__0.3333333333333333,0.3333333333333333,0.3333333333333333",0.33731698051984815,P12|P19|P20|P22|P3|P30|P33|P35|P4|P40|P43|P46|P48|P8,P18|P2|P24|P27|P36|P9
arousal,5,3,"8__logistic__late_geometric__0.3333333333333333,0.3333333333333333,0.3333333333333333",0.33358004541367325,P12|P19|P20|P22|P3|P30|P33|P35|P4|P40|P43|P46|P48|P8,P18|P2|P24|P27|P36|P9
arousal,5,3,"8__logistic__late_weighted__0.25,0.25,0.5",0.339971543764284,P12|P19|P20|P22|P3|P30|P33|P35|P4|P40|P43|P46|P48|P8,P18|P2|P24|P27|P36|P9
arousal,5,3,"8__logistic__late_weighted__0.25,0.5,0.25",0.33283672074630694,P12|P19|P20|P22|P3|P30|P33|P35|P4|P40|P43|P46|P48|P8,P18|P2|P24|P27|P36|P9
arousal,5,3,"8__logistic__late_weighted__0.5,0.25,0.25",0.34423598824278495,P12|P19|P20|P22|P3|P30|P33|P35|P4|P40|P43|P46|P48|P8,P18|P2|P24|P27|P36|P9
arousal,5,3,"8__logistic__unimodal__1.0,0.0,0.0",0.31088456004097204,P12|P19|P20|P22|P3|P30|P33|P35|P4|P40|P43|P46|P48|P8,P18|P2|P24|P27|P36|P9
arousal,5,3,"8__logistic__unimodal__0.0,1.0,0.0",0.32642092226934516,P12|P19|P20|P22|P3|P30|P33|P35|P4|P40|P43|P46|P48|P8,P18|P2|P24|P27|P36|P9
arousal,5,3,"8__logistic__unimodal__0.0,0.0,1.0",0.36444883360407226,P12|P19|P20|P22|P3|P30|P33|P35|P4|P40|P43|P46|P48|P8,P18|P2|P24|P27|P36|P9
arousal,5,3,8__lda__early__,0.35012598922343,P12|P19|P20|P22|P3|P30|P33|P35|P4|P40|P43|P46|P48|P8,P18|P2|P24|P27|P36|P9
arousal,5,3,"8__lda__late_mean__0.3333333333333333,0.3333333333333333,0.3333333333333333",0.3433851348911472,P12|P19|P20|P22|P3|P30|P33|P35|P4|P40|P43|P46|P48|P8,P18|P2|P24|P27|P36|P9
arousal,5,3,"8__lda__late_geometric__0.3333333333333333,0.3333333333333333,0.3333333333333333",0.34184723808105955,P12|P19|P20|P22|P3|P30|P33|P35|P4|P40|P43|P46|P48|P8,P18|P2|P24|P27|P36|P9
arousal,5,3,"8__lda__late_weighted__0.25,0.25,0.5",0.3439991785315537,P12|P19|P20|P22|P3|P30|P33|P35|P4|P40|P43|P46|P48|P8,P18|P2|P24|P27|P36|P9
arousal,5,3,"8__lda__late_weighted__0.25,0.5,0.25",0.3334346794356065,P12|P19|P20|P22|P3|P30|P33|P35|P4|P40|P43|P46|P48|P8,P18|P2|P24|P27|P36|P9
arousal,5,3,"8__lda__late_weighted__0.5,0.25,0.25",0.3433624657450771,P12|P19|P20|P22|P3|P30|P33|P35|P4|P40|P43|P46|P48|P8,P18|P2|P24|P27|P36|P9
arousal,5,3,"8__lda__unimodal__1.0,0.0,0.0",0.3070985757628229,P12|P19|P20|P22|P3|P30|P33|P35|P4|P40|P43|P46|P48|P8,P18|P2|P24|P27|P36|P9
arousal,5,3,"8__lda__unimodal__0.0,1.0,0.0",0.32197392737361546,P12|P19|P20|P22|P3|P30|P33|P35|P4|P40|P43|P46|P48|P8,P18|P2|P24|P27|P36|P9
arousal,5,3,"8__lda__unimodal__0.0,0.0,1.0",0.3613499836301523,P12|P19|P20|P22|P3|P30|P33|P35|P4|P40|P43|P46|P48|P8,P18|P2|P24|P27|P36|P9
arousal,5,3,8__extra_trees__early__,0.3230490730793793,P12|P19|P20|P22|P3|P30|P33|P35|P4|P40|P43|P46|P48|P8,P18|P2|P24|P27|P36|P9
arousal,5,3,"8__extra_trees__late_mean__0.3333333333333333,0.3333333333333333,0.3333333333333333",0.3232160296903909,P12|P19|P20|P22|P3|P30|P33|P35|P4|P40|P43|P46|P48|P8,P18|P2|P24|P27|P36|P9
arousal,5,3,"8__extra_trees__late_geometric__0.3333333333333333,0.3333333333333333,0.3333333333333333",0.32141678652824096,P12|P19|P20|P22|P3|P30|P33|P35|P4|P40|P43|P46|P48|P8,P18|P2|P24|P27|P36|P9
arousal,5,3,"8__extra_trees__late_weighted__0.25,0.25,0.5",0.32589302663815783,P12|P19|P20|P22|P3|P30|P33|P35|P4|P40|P43|P46|P48|P8,P18|P2|P24|P27|P36|P9
arousal,5,3,"8__extra_trees__late_weighted__0.25,0.5,0.25",0.3301788024956562,P12|P19|P20|P22|P3|P30|P33|P35|P4|P40|P43|P46|P48|P8,P18|P2|P24|P27|P36|P9
arousal,5,3,"8__extra_trees__late_weighted__0.5,0.25,0.25",0.32384488101841497,P12|P19|P20|P22|P3|P30|P33|P35|P4|P40|P43|P46|P48|P8,P18|P2|P24|P27|P36|P9
arousal,5,3,"8__extra_trees__unimodal__1.0,0.0,0.0",0.3117486767021045,P12|P19|P20|P22|P3|P30|P33|P35|P4|P40|P43|P46|P48|P8,P18|P2|P24|P27|P36|P9
arousal,5,3,"8__extra_trees__unimodal__0.0,1.0,0.0",0.32981127521695114,P12|P19|P20|P22|P3|P30|P33|P35|P4|P40|P43|P46|P48|P8,P18|P2|P24|P27|P36|P9
arousal,5,3,"8__extra_trees__unimodal__0.0,0.0,1.0",0.33339352467952743,P12|P19|P20|P22|P3|P30|P33|P35|P4|P40|P43|P46|P48|P8,P18|P2|P24|P27|P36|P9
