task,fold,inner,candidate_id,score,fit_participants,evaluation_participants,context,estimator,strategy,weights,modality
attention,1,1,1__logistic__early__,0.3545877120866346,P12|P13|P18|P2|P20|P21|P26|P35|P4|P40|P46|P8|P9,P19|P27|P3|P33|P34|P36|P44,1,logistic,early,,
attention,1,1,"1__logistic__late_mean__0.5,0.5",0.3536360724072854,P12|P13|P18|P2|P20|P21|P26|P35|P4|P40|P46|P8|P9,P19|P27|P3|P33|P34|P36|P44,1,logistic,late_mean,"[0.5, 0.5]",
attention,1,1,"1__logistic__late_geometric__0.5,0.5",0.3542154609674433,P12|P13|P18|P2|P20|P21|P26|P35|P4|P40|P46|P8|P9,P19|P27|P3|P33|P34|P36|P44,1,logistic,late_geometric,"[0.5, 0.5]",
attention,1,1,"1__logistic__late_weighted__0.25,0.75",0.3603385545123632,P12|P13|P18|P2|P20|P21|P26|P35|P4|P40|P46|P8|P9,P19|P27|P3|P33|P34|P36|P44,1,logistic,late_weighted,"[0.25, 0.75]",
attention,1,1,"1__logistic__late_weighted__0.5,0.5",0.3536360724072854,P12|P13|P18|P2|P20|P21|P26|P35|P4|P40|P46|P8|P9,P19|P27|P3|P33|P34|P36|P44,1,logistic,late_weighted,"[0.5, 0.5]",
attention,1,1,"1__logistic__late_weighted__0.75,0.25",0.352542446203942,P12|P13|P18|P2|P20|P21|P26|P35|P4|P40|P46|P8|P9,P19|P27|P3|P33|P34|P36|P44,1,logistic,late_weighted,"[0.75, 0.25]",
attention,1,1,"1__logistic__unimodal__1.0,0.0",0.3531821102451578,P12|P13|P18|P2|P20|P21|P26|P35|P4|P40|P46|P8|P9,P19|P27|P3|P33|P34|P36|P44,1,logistic,unimodal,"[1.0, 0.0]",EEG
attention,1,1,"1__logistic__unimodal__0.0,1.0",0.3548888777673125,P12|P13|P18|P2|P20|P21|P26|P35|P4|P40|P46|P8|P9,P19|P27|P3|P33|P34|P36|P44,1,logistic,unimodal,"[0.0, 1.0]",GSR
attention,1,1,1__lda__early__,0.3538914358884269,P12|P13|P18|P2|P20|P21|P26|P35|P4|P40|P46|P8|P9,P19|P27|P3|P33|P34|P36|P44,1,lda,early,,
attention,1,1,"1__lda__late_mean__0.5,0.5",0.3530597123452856,P12|P13|P18|P2|P20|P21|P26|P35|P4|P40|P46|P8|P9,P19|P27|P3|P33|P34|P36|P44,1,lda,late_mean,"[0.5, 0.5]",
attention,1,1,"1__lda__late_geometric__0.5,0.5",0.3530262496787461,P12|P13|P18|P2|P20|P21|P26|P35|P4|P40|P46|P8|P9,P19|P27|P3|P33|P34|P36|P44,1,lda,late_geometric,"[0.5, 0.5]",
attention,1,1,"1__lda__late_weighted__0.25,0.75",0.3614692168344527,P12|P13|P18|P2|P20|P21|P26|P35|P4|P40|P46|P8|P9,P19|P27|P3|P33|P34|P36|P44,1,lda,late_weighted,"[0.25, 0.75]",
attention,1,1,"1__lda__late_weighted__0.5,0.5",0.3530597123452856,P12|P13|P18|P2|P20|P21|P26|P35|P4|P40|P46|P8|P9,P19|P27|P3|P33|P34|P36|P44,1,lda,late_weighted,"[0.5, 0.5]",
attention,1,1,"1__lda__late_weighted__0.75,0.25",0.3509354189798709,P12|P13|P18|P2|P20|P21|P26|P35|P4|P40|P46|P8|P9,P19|P27|P3|P33|P34|P36|P44,1,lda,late_weighted,"[0.75, 0.25]",
attention,1,1,"1__lda__unimodal__1.0,0.0",0.3533187419519103,P12|P13|P18|P2|P20|P21|P26|P35|P4|P40|P46|P8|P9,P19|P27|P3|P33|P34|P36|P44,1,lda,unimodal,"[1.0, 0.0]",EEG
attention,1,1,"1__lda__unimodal__0.0,1.0",0.3608624873957939,P12|P13|P18|P2|P20|P21|P26|P35|P4|P40|P46|P8|P9,P19|P27|P3|P33|P34|P36|P44,1,lda,unimodal,"[0.0, 1.0]",GSR
attention,1,1,1__extra_trees__early__,0.3793382512929768,P12|P13|P18|P2|P20|P21|P26|P35|P4|P40|P46|P8|P9,P19|P27|P3|P33|P34|P36|P44,1,extra_trees,early,,
attention,1,1,"1__extra_trees__late_mean__0.5,0.5",0.3679116637723857,P12|P13|P18|P2|P20|P21|P26|P35|P4|P40|P46|P8|P9,P19|P27|P3|P33|P34|P36|P44,1,extra_trees,late_mean,"[0.5, 0.5]",
attention,1,1,"1__extra_trees__late_geometric__0.5,0.5",0.3678760737736997,P12|P13|P18|P2|P20|P21|P26|P35|P4|P40|P46|P8|P9,P19|P27|P3|P33|P34|P36|P44,1,extra_trees,late_geometric,"[0.5, 0.5]",
attention,1,1,"1__extra_trees__late_weighted__0.25,0.75",0.3783209736888367,P12|P13|P18|P2|P20|P21|P26|P35|P4|P40|P46|P8|P9,P19|P27|P3|P33|P34|P36|P44,1,extra_trees,late_weighted,"[0.25, 0.75]",
attention,1,1,"1__extra_trees__late_weighted__0.5,0.5",0.3679116637723857,P12|P13|P18|P2|P20|P21|P26|P35|P4|P40|P46|P8|P9,P19|P27|P3|P33|P34|P36|P44,1,extra_trees,late_weighted,"[0.5, 0.5]",
attention,1,1,"1__extra_trees__late_weighted__0.75,0.25",0.3576273049674849,P12|P13|P18|P2|P20|P21|P26|P35|P4|P40|P46|P8|P9,P19|P27|P3|P33|P34|P36|P44,1,extra_trees,late_weighted,"[0.75, 0.25]",
attention,1,1,"1__extra_trees__unimodal__1.0,0.0",0.346689761718166,P12|P13|P18|P2|P20|P21|P26|P35|P4|P40|P46|P8|P9,P19|P27|P3|P33|P34|P36|P44,1,extra_trees,unimodal,"[1.0, 0.0]",EEG
attention,1,1,"1__extra_trees__unimodal__0.0,1.0",0.3676726200922052,P12|P13|P18|P2|P20|P21|P26|P35|P4|P40|P46|P8|P9,P19|P27|P3|P33|P34|P36|P44,1,extra_trees,unimodal,"[0.0, 1.0]",GSR
attention,1,1,8__logistic__early__,0.3476205035489849,P12|P13|P18|P2|P20|P21|P26|P35|P4|P40|P46|P8|P9,P19|P27|P3|P33|P34|P36|P44,8,logistic,early,,
attention,1,1,"8__logistic__late_mean__0.5,0.5",0.340346865245333,P12|P13|P18|P2|P20|P21|P26|P35|P4|P40|P46|P8|P9,P19|P27|P3|P33|P34|P36|P44,8,logistic,late_mean,"[0.5, 0.5]",
attention,1,1,"8__logistic__late_geometric__0.5,0.5",0.3412379611910957,P12|P13|P18|P2|P20|P21|P26|P35|P4|P40|P46|P8|P9,P19|P27|P3|P33|P34|P36|P44,8,logistic,late_geometric,"[0.5, 0.5]",
attention,1,1,"8__logistic__late_weighted__0.25,0.75",0.3279261199109256,P12|P13|P18|P2|P20|P21|P26|P35|P4|P40|P46|P8|P9,P19|P27|P3|P33|P34|P36|P44,8,logistic,late_weighted,"[0.25, 0.75]",
attention,1,1,"8__logistic__late_weighted__0.5,0.5",0.340346865245333,P12|P13|P18|P2|P20|P21|P26|P35|P4|P40|P46|P8|P9,P19|P27|P3|P33|P34|P36|P44,8,logistic,late_weighted,"[0.5, 0.5]",
attention,1,1,"8__logistic__late_weighted__0.75,0.25",0.3482000518465318,P12|P13|P18|P2|P20|P21|P26|P35|P4|P40|P46|P8|P9,P19|P27|P3|P33|P34|P36|P44,8,logistic,late_weighted,"[0.75, 0.25]",
attention,1,1,"8__logistic__unimodal__1.0,0.0",0.3490578151628196,P12|P13|P18|P2|P20|P21|P26|P35|P4|P40|P46|P8|P9,P19|P27|P3|P33|P34|P36|P44,8,logistic,unimodal,"[1.0, 0.0]",EEG
attention,1,1,"8__logistic__unimodal__0.0,1.0",0.336428676499141,P12|P13|P18|P2|P20|P21|P26|P35|P4|P40|P46|P8|P9,P19|P27|P3|P33|P34|P36|P44,8,logistic,unimodal,"[0.0, 1.0]",GSR
attention,1,1,8__lda__early__,0.3440413796039803,P12|P13|P18|P2|P20|P21|P26|P35|P4|P40|P46|P8|P9,P19|P27|P3|P33|P34|P36|P44,8,lda,early,,
attention,1,1,"8__lda__late_mean__0.5,0.5",0.3392975105540899,P12|P13|P18|P2|P20|P21|P26|P35|P4|P40|P46|P8|P9,P19|P27|P3|P33|P34|P36|P44,8,lda,late_mean,"[0.5, 0.5]",
attention,1,1,"8__lda__late_geometric__0.5,0.5",0.3401939202349738,P12|P13|P18|P2|P20|P21|P26|P35|P4|P40|P46|P8|P9,P19|P27|P3|P33|P34|P36|P44,8,lda,late_geometric,"[0.5, 0.5]",
attention,1,1,"8__lda__late_weighted__0.25,0.75",0.3276211605603187,P12|P13|P18|P2|P20|P21|P26|P35|P4|P40|P46|P8|P9,P19|P27|P3|P33|P34|P36|P44,8,lda,late_weighted,"[0.25, 0.75]",
attention,1,1,"8__lda__late_weighted__0.5,0.5",0.3392975105540899,P12|P13|P18|P2|P20|P21|P26|P35|P4|P40|P46|P8|P9,P19|P27|P3|P33|P34|P36|P44,8,lda,late_weighted,"[0.5, 0.5]",
attention,1,1,"8__lda__late_weighted__0.75,0.25",0.3460469429305955,P12|P13|P18|P2|P20|P21|P26|P35|P4|P40|P46|P8|P9,P19|P27|P3|P33|P34|P36|P44,8,lda,late_weighted,"[0.75, 0.25]",
attention,1,1,"8__lda__unimodal__1.0,0.0",0.3470906373721371,P12|P13|P18|P2|P20|P21|P26|P35|P4|P40|P46|P8|P9,P19|P27|P3|P33|P34|P36|P44,8,lda,unimodal,"[1.0, 0.0]",EEG
attention,1,1,"8__lda__unimodal__0.0,1.0",0.3382338059033333,P12|P13|P18|P2|P20|P21|P26|P35|P4|P40|P46|P8|P9,P19|P27|P3|P33|P34|P36|P44,8,lda,unimodal,"[0.0, 1.0]",GSR
attention,1,1,8__extra_trees__early__,0.3752290571173601,P12|P13|P18|P2|P20|P21|P26|P35|P4|P40|P46|P8|P9,P19|P27|P3|P33|P34|P36|P44,8,extra_trees,early,,
attention,1,1,"8__extra_trees__late_mean__0.5,0.5",0.37292434773267,P12|P13|P18|P2|P20|P21|P26|P35|P4|P40|P46|P8|P9,P19|P27|P3|P33|P34|P36|P44,8,extra_trees,late_mean,"[0.5, 0.5]",
attention,1,1,"8__extra_trees__late_geometric__0.5,0.5",0.3734522799862684,P12|P13|P18|P2|P20|P21|P26|P35|P4|P40|P46|P8|P9,P19|P27|P3|P33|P34|P36|P44,8,extra_trees,late_geometric,"[0.5, 0.5]",
attention,1,1,"8__extra_trees__late_weighted__0.25,0.75",0.3709647014581333,P12|P13|P18|P2|P20|P21|P26|P35|P4|P40|P46|P8|P9,P19|P27|P3|P33|P34|P36|P44,8,extra_trees,late_weighted,"[0.25, 0.75]",
attention,1,1,"8__extra_trees__late_weighted__0.5,0.5",0.37292434773267,P12|P13|P18|P2|P20|P21|P26|P35|P4|P40|P46|P8|P9,P19|P27|P3|P33|P34|P36|P44,8,extra_trees,late_weighted,"[0.5, 0.5]",
attention,1,1,"8__extra_trees__late_weighted__0.75,0.25",0.3454549340470627,P12|P13|P18|P2|P20|P21|P26|P35|P4|P40|P46|P8|P9,P19|P27|P3|P33|P34|P36|P44,8,extra_trees,late_weighted,"[0.75, 0.25]",
attention,1,1,"8__extra_trees__unimodal__1.0,0.0",0.3457293722660003,P12|P13|P18|P2|P20|P21|P26|P35|P4|P40|P46|P8|P9,P19|P27|P3|P33|P34|P36|P44,8,extra_trees,unimodal,"[1.0, 0.0]",EEG
attention,1,1,"8__extra_trees__unimodal__0.0,1.0",0.3656904183587697,P12|P13|P18|P2|P20|P21|P26|P35|P4|P40|P46|P8|P9,P19|P27|P3|P33|P34|P36|P44,8,extra_trees,unimodal,"[0.0, 1.0]",GSR
attention,1,2,1__logistic__early__,0.3351824080746167,P12|P19|P2|P21|P27|P3|P33|P34|P35|P36|P4|P44|P46,P13|P18|P20|P26|P40|P8|P9,1,logistic,early,,
attention,1,2,"1__logistic__late_mean__0.5,0.5",0.331621828949764,P12|P19|P2|P21|P27|P3|P33|P34|P35|P36|P4|P44|P46,P13|P18|P20|P26|P40|P8|P9,1,logistic,late_mean,"[0.5, 0.5]",
attention,1,2,"1__logistic__late_geometric__0.5,0.5",0.3315598392794811,P12|P19|P2|P21|P27|P3|P33|P34|P35|P36|P4|P44|P46,P13|P18|P20|P26|P40|P8|P9,1,logistic,late_geometric,"[0.5, 0.5]",
attention,1,2,"1__logistic__late_weighted__0.25,0.75",0.3153856067760045,P12|P19|P2|P21|P27|P3|P33|P34|P35|P36|P4|P44|P46,P13|P18|P20|P26|P40|P8|P9,1,logistic,late_weighted,"[0.25, 0.75]",
attention,1,2,"1__logistic__late_weighted__0.5,0.5",0.331621828949764,P12|P19|P2|P21|P27|P3|P33|P34|P35|P36|P4|P44|P46,P13|P18|P20|P26|P40|P8|P9,1,logistic,late_weighted,"[0.5, 0.5]",
attention,1,2,"1__logistic__late_weighted__0.75,0.25",0.3466589315479478,P12|P19|P2|P21|P27|P3|P33|P34|P35|P36|P4|P44|P46,P13|P18|P20|P26|P40|P8|P9,1,logistic,late_weighted,"[0.75, 0.25]",
attention,1,2,"1__logistic__unimodal__1.0,0.0",0.3496422039192913,P12|P19|P2|P21|P27|P3|P33|P34|P35|P36|P4|P44|P46,P13|P18|P20|P26|P40|P8|P9,1,logistic,unimodal,"[1.0, 0.0]",EEG
attention,1,2,"1__logistic__unimodal__0.0,1.0",0.314814274474602,P12|P19|P2|P21|P27|P3|P33|P34|P35|P36|P4|P44|P46,P13|P18|P20|P26|P40|P8|P9,1,logistic,unimodal,"[0.0, 1.0]",GSR
attention,1,2,1__lda__early__,0.3366082861824076,P12|P19|P2|P21|P27|P3|P33|P34|P35|P36|P4|P44|P46,P13|P18|P20|P26|P40|P8|P9,1,lda,early,,
attention,1,2,"1__lda__late_mean__0.5,0.5",0.3324626425710869,P12|P19|P2|P21|P27|P3|P33|P34|P35|P36|P4|P44|P46,P13|P18|P20|P26|P40|P8|P9,1,lda,late_mean,"[0.5, 0.5]",
attention,1,2,"1__lda__late_geometric__0.5,0.5",0.3319322319338432,P12|P19|P2|P21|P27|P3|P33|P34|P35|P36|P4|P44|P46,P13|P18|P20|P26|P40|P8|P9,1,lda,late_geometric,"[0.5, 0.5]",
attention,1,2,"1__lda__late_weighted__0.25,0.75",0.3183799372255487,P12|P19|P2|P21|P27|P3|P33|P34|P35|P36|P4|P44|P46,P13|P18|P20|P26|P40|P8|P9,1,lda,late_weighted,"[0.25, 0.75]",
attention,1,2,"1__lda__late_weighted__0.5,0.5",0.3324626425710869,P12|P19|P2|P21|P27|P3|P33|P34|P35|P36|P4|P44|P46,P13|P18|P20|P26|P40|P8|P9,1,lda,late_weighted,"[0.5, 0.5]",
attention,1,2,"1__lda__late_weighted__0.75,0.25",0.3480680576525082,P12|P19|P2|P21|P27|P3|P33|P34|P35|P36|P4|P44|P46,P13|P18|P20|P26|P40|P8|P9,1,lda,late_weighted,"[0.75, 0.25]",
attention,1,2,"1__lda__unimodal__1.0,0.0",0.3519498901806012,P12|P19|P2|P21|P27|P3|P33|P34|P35|P36|P4|P44|P46,P13|P18|P20|P26|P40|P8|P9,1,lda,unimodal,"[1.0, 0.0]",EEG
attention,1,2,"1__lda__unimodal__0.0,1.0",0.3150182271964938,P12|P19|P2|P21|P27|P3|P33|P34|P35|P36|P4|P44|P46,P13|P18|P20|P26|P40|P8|P9,1,lda,unimodal,"[0.0, 1.0]",GSR
attention,1,2,1__extra_trees__early__,0.344786684321591,P12|P19|P2|P21|P27|P3|P33|P34|P35|P36|P4|P44|P46,P13|P18|P20|P26|P40|P8|P9,1,extra_trees,early,,
attention,1,2,"1__extra_trees__late_mean__0.5,0.5",0.3509463556324579,P12|P19|P2|P21|P27|P3|P33|P34|P35|P36|P4|P44|P46,P13|P18|P20|P26|P40|P8|P9,1,extra_trees,late_mean,"[0.5, 0.5]",
attention,1,2,"1__extra_trees__late_geometric__0.5,0.5",0.3523856570043552,P12|P19|P2|P21|P27|P3|P33|P34|P35|P36|P4|P44|P46,P13|P18|P20|P26|P40|P8|P9,1,extra_trees,late_geometric,"[0.5, 0.5]",
attention,1,2,"1__extra_trees__late_weighted__0.25,0.75",0.3411809115883376,P12|P19|P2|P21|P27|P3|P33|P34|P35|P36|P4|P44|P46,P13|P18|P20|P26|P40|P8|P9,1,extra_trees,late_weighted,"[0.25, 0.75]",
attention,1,2,"1__extra_trees__late_weighted__0.5,0.5",0.3509463556324579,P12|P19|P2|P21|P27|P3|P33|P34|P35|P36|P4|P44|P46,P13|P18|P20|P26|P40|P8|P9,1,extra_trees,late_weighted,"[0.5, 0.5]",
attention,1,2,"1__extra_trees__late_weighted__0.75,0.25",0.3593610037578005,P12|P19|P2|P21|P27|P3|P33|P34|P35|P36|P4|P44|P46,P13|P18|P20|P26|P40|P8|P9,1,extra_trees,late_weighted,"[0.75, 0.25]",
attention,1,2,"1__extra_trees__unimodal__1.0,0.0",0.3484379900931002,P12|P19|P2|P21|P27|P3|P33|P34|P35|P36|P4|P44|P46,P13|P18|P20|P26|P40|P8|P9,1,extra_trees,unimodal,"[1.0, 0.0]",EEG
attention,1,2,"1__extra_trees__unimodal__0.0,1.0",0.3416287438936945,P12|P19|P2|P21|P27|P3|P33|P34|P35|P36|P4|P44|P46,P13|P18|P20|P26|P40|P8|P9,1,extra_trees,unimodal,"[0.0, 1.0]",GSR
attention,1,2,8__logistic__early__,0.3346529876980627,P12|P19|P2|P21|P27|P3|P33|P34|P35|P36|P4|P44|P46,P13|P18|P20|P26|P40|P8|P9,8,logistic,early,,
attention,1,2,"8__logistic__late_mean__0.5,0.5",0.3308688638888376,P12|P19|P2|P21|P27|P3|P33|P34|P35|P36|P4|P44|P46,P13|P18|P20|P26|P40|P8|P9,8,logistic,late_mean,"[0.5, 0.5]",
attention,1,2,"8__logistic__late_geometric__0.5,0.5",0.331641931181627,P12|P19|P2|P21|P27|P3|P33|P34|P35|P36|P4|P44|P46,P13|P18|P20|P26|P40|P8|P9,8,logistic,late_geometric,"[0.5, 0.5]",
attention,1,2,"8__logistic__late_weighted__0.25,0.75",0.3233440599530798,P12|P19|P2|P21|P27|P3|P33|P34|P35|P36|P4|P44|P46,P13|P18|P20|P26|P40|P8|P9,8,logistic,late_weighted,"[0.25, 0.75]",
attention,1,2,"8__logistic__late_weighted__0.5,0.5",0.3308688638888376,P12|P19|P2|P21|P27|P3|P33|P34|P35|P36|P4|P44|P46,P13|P18|P20|P26|P40|P8|P9,8,logistic,late_weighted,"[0.5, 0.5]",
attention,1,2,"8__logistic__late_weighted__0.75,0.25",0.3374162818998255,P12|P19|P2|P21|P27|P3|P33|P34|P35|P36|P4|P44|P46,P13|P18|P20|P26|P40|P8|P9,8,logistic,late_weighted,"[0.75, 0.25]",
attention,1,2,"8__logistic__unimodal__1.0,0.0",0.3403167704172398,P12|P19|P2|P21|P27|P3|P33|P34|P35|P36|P4|P44|P46,P13|P18|P20|P26|P40|P8|P9,8,logistic,unimodal,"[1.0, 0.0]",EEG
attention,1,2,"8__logistic__unimodal__0.0,1.0",0.3237648928463453,P12|P19|P2|P21|P27|P3|P33|P34|P35|P36|P4|P44|P46,P13|P18|P20|P26|P40|P8|P9,8,logistic,unimodal,"[0.0, 1.0]",GSR
attention,1,2,8__lda__early__,0.3340303356253488,P12|P19|P2|P21|P27|P3|P33|P34|P35|P36|P4|P44|P46,P13|P18|P20|P26|P40|P8|P9,8,lda,early,,
attention,1,2,"8__lda__late_mean__0.5,0.5",0.333074252901015,P12|P19|P2|P21|P27|P3|P33|P34|P35|P36|P4|P44|P46,P13|P18|P20|P26|P40|P8|P9,8,lda,late_mean,"[0.5, 0.5]",
attention,1,2,"8__lda__late_geometric__0.5,0.5",0.3328405626754374,P12|P19|P2|P21|P27|P3|P33|P34|P35|P36|P4|P44|P46,P13|P18|P20|P26|P40|P8|P9,8,lda,late_geometric,"[0.5, 0.5]",
attention,1,2,"8__lda__late_weighted__0.25,0.75",0.3264002988573365,P12|P19|P2|P21|P27|P3|P33|P34|P35|P36|P4|P44|P46,P13|P18|P20|P26|P40|P8|P9,8,lda,late_weighted,"[0.25, 0.75]",
attention,1,2,"8__lda__late_weighted__0.5,0.5",0.333074252901015,P12|P19|P2|P21|P27|P3|P33|P34|P35|P36|P4|P44|P46,P13|P18|P20|P26|P40|P8|P9,8,lda,late_weighted,"[0.5, 0.5]",
attention,1,2,"8__lda__late_weighted__0.75,0.25",0.3351507135218135,P12|P19|P2|P21|P27|P3|P33|P34|P35|P36|P4|P44|P46,P13|P18|P20|P26|P40|P8|P9,8,lda,late_weighted,"[0.75, 0.25]",
attention,1,2,"8__lda__unimodal__1.0,0.0",0.3401353655900473,P12|P19|P2|P21|P27|P3|P33|P34|P35|P36|P4|P44|P46,P13|P18|P20|P26|P40|P8|P9,8,lda,unimodal,"[1.0, 0.0]",EEG
attention,1,2,"8__lda__unimodal__0.0,1.0",0.3193023221944387,P12|P19|P2|P21|P27|P3|P33|P34|P35|P36|P4|P44|P46,P13|P18|P20|P26|P40|P8|P9,8,lda,unimodal,"[0.0, 1.0]",GSR
attention,1,2,8__extra_trees__early__,0.3307621766826781,P12|P19|P2|P21|P27|P3|P33|P34|P35|P36|P4|P44|P46,P13|P18|P20|P26|P40|P8|P9,8,extra_trees,early,,
attention,1,2,"8__extra_trees__late_mean__0.5,0.5",0.3346112953280054,P12|P19|P2|P21|P27|P3|P33|P34|P35|P36|P4|P44|P46,P13|P18|P20|P26|P40|P8|P9,8,extra_trees,late_mean,"[0.5, 0.5]",
attention,1,2,"8__extra_trees__late_geometric__0.5,0.5",0.3342960630214375,P12|P19|P2|P21|P27|P3|P33|P34|P35|P36|P4|P44|P46,P13|P18|P20|P26|P40|P8|P9,8,extra_trees,late_geometric,"[0.5, 0.5]",
attention,1,2,"8__extra_trees__late_weighted__0.25,0.75",0.3322023531936996,P12|P19|P2|P21|P27|P3|P33|P34|P35|P36|P4|P44|P46,P13|P18|P20|P26|P40|P8|P9,8,extra_trees,late_weighted,"[0.25, 0.75]",
attention,1,2,"8__extra_trees__late_weighted__0.5,0.5",0.3346112953280054,P12|P19|P2|P21|P27|P3|P33|P34|P35|P36|P4|P44|P46,P13|P18|P20|P26|P40|P8|P9,8,extra_trees,late_weighted,"[0.5, 0.5]",
attention,1,2,"8__extra_trees__late_weighted__0.75,0.25",0.343102009403732,P12|P19|P2|P21|P27|P3|P33|P34|P35|P36|P4|P44|P46,P13|P18|P20|P26|P40|P8|P9,8,extra_trees,late_weighted,"[0.75, 0.25]",
attention,1,2,"8__extra_trees__unimodal__1.0,0.0",0.3497445923044738,P12|P19|P2|P21|P27|P3|P33|P34|P35|P36|P4|P44|P46,P13|P18|P20|P26|P40|P8|P9,8,extra_trees,unimodal,"[1.0, 0.0]",EEG
attention,1,2,"8__extra_trees__unimodal__0.0,1.0",0.3294615586162328,P12|P19|P2|P21|P27|P3|P33|P34|P35|P36|P4|P44|P46,P13|P18|P20|P26|P40|P8|P9,8,extra_trees,unimodal,"[0.0, 1.0]",GSR
attention,1,3,1__logistic__early__,0.3364876118072477,P13|P18|P19|P20|P26|P27|P3|P33|P34|P36|P40|P44|P8|P9,P12|P2|P21|P35|P4|P46,1,logistic,early,,
attention,1,3,"1__logistic__late_mean__0.5,0.5",0.3343799384570827,P13|P18|P19|P20|P26|P27|P3|P33|P34|P36|P40|P44|P8|P9,P12|P2|P21|P35|P4|P46,1,logistic,late_mean,"[0.5, 0.5]",
attention,1,3,"1__logistic__late_geometric__0.5,0.5",0.3358723822405816,P13|P18|P19|P20|P26|P27|P3|P33|P34|P36|P40|P44|P8|P9,P12|P2|P21|P35|P4|P46,1,logistic,late_geometric,"[0.5, 0.5]",
attention,1,3,"1__logistic__late_weighted__0.25,0.75",0.3481553579235907,P13|P18|P19|P20|P26|P27|P3|P33|P34|P36|P40|P44|P8|P9,P12|P2|P21|P35|P4|P46,1,logistic,late_weighted,"[0.25, 0.75]",
attention,1,3,"1__logistic__late_weighted__0.5,0.5",0.3343799384570827,P13|P18|P19|P20|P26|P27|P3|P33|P34|P36|P40|P44|P8|P9,P12|P2|P21|P35|P4|P46,1,logistic,late_weighted,"[0.5, 0.5]",
attention,1,3,"1__logistic__late_weighted__0.75,0.25",0.3342670689151634,P13|P18|P19|P20|P26|P27|P3|P33|P34|P36|P40|P44|P8|P9,P12|P2|P21|P35|P4|P46,1,logistic,late_weighted,"[0.75, 0.25]",
attention,1,3,"1__logistic__unimodal__1.0,0.0",0.3262563076688003,P13|P18|P19|P20|P26|P27|P3|P33|P34|P36|P40|P44|P8|P9,P12|P2|P21|P35|P4|P46,1,logistic,unimodal,"[1.0, 0.0]",EEG
attention,1,3,"1__logistic__unimodal__0.0,1.0",0.3342367393132253,P13|P18|P19|P20|P26|P27|P3|P33|P34|P36|P40|P44|P8|P9,P12|P2|P21|P35|P4|P46,1,logistic,unimodal,"[0.0, 1.0]",GSR
attention,1,3,1__lda__early__,0.3371871309158898,P13|P18|P19|P20|P26|P27|P3|P33|P34|P36|P40|P44|P8|P9,P12|P2|P21|P35|P4|P46,1,lda,early,,
attention,1,3,"1__lda__late_mean__0.5,0.5",0.334817441992181,P13|P18|P19|P20|P26|P27|P3|P33|P34|P36|P40|P44|P8|P9,P12|P2|P21|P35|P4|P46,1,lda,late_mean,"[0.5, 0.5]",
attention,1,3,"1__lda__late_geometric__0.5,0.5",0.3349660404952162,P13|P18|P19|P20|P26|P27|P3|P33|P34|P36|P40|P44|P8|P9,P12|P2|P21|P35|P4|P46,1,lda,late_geometric,"[0.5, 0.5]",
attention,1,3,"1__lda__late_weighted__0.25,0.75",0.3507438167879961,P13|P18|P19|P20|P26|P27|P3|P33|P34|P36|P40|P44|P8|P9,P12|P2|P21|P35|P4|P46,1,lda,late_weighted,"[0.25, 0.75]",
attention,1,3,"1__lda__late_weighted__0.5,0.5",0.334817441992181,P13|P18|P19|P20|P26|P27|P3|P33|P34|P36|P40|P44|P8|P9,P12|P2|P21|P35|P4|P46,1,lda,late_weighted,"[0.5, 0.5]",
attention,1,3,"1__lda__late_weighted__0.75,0.25",0.3337015837177657,P13|P18|P19|P20|P26|P27|P3|P33|P34|P36|P40|P44|P8|P9,P12|P2|P21|P35|P4|P46,1,lda,late_weighted,"[0.75, 0.25]",
attention,1,3,"1__lda__unimodal__1.0,0.0",0.328723535346112,P13|P18|P19|P20|P26|P27|P3|P33|P34|P36|P40|P44|P8|P9,P12|P2|P21|P35|P4|P46,1,lda,unimodal,"[1.0, 0.0]",EEG
attention,1,3,"1__lda__unimodal__0.0,1.0",0.3394259050318371,P13|P18|P19|P20|P26|P27|P3|P33|P34|P36|P40|P44|P8|P9,P12|P2|P21|P35|P4|P46,1,lda,unimodal,"[0.0, 1.0]",GSR
attention,1,3,1__extra_trees__early__,0.3644176351645142,P13|P18|P19|P20|P26|P27|P3|P33|P34|P36|P40|P44|P8|P9,P12|P2|P21|P35|P4|P46,1,extra_trees,early,,
attention,1,3,"1__extra_trees__late_mean__0.5,0.5",0.3623198021196676,P13|P18|P19|P20|P26|P27|P3|P33|P34|P36|P40|P44|P8|P9,P12|P2|P21|P35|P4|P46,1,extra_trees,late_mean,"[0.5, 0.5]",
attention,1,3,"1__extra_trees__late_geometric__0.5,0.5",0.3654062663697621,P13|P18|P19|P20|P26|P27|P3|P33|P34|P36|P40|P44|P8|P9,P12|P2|P21|P35|P4|P46,1,extra_trees,late_geometric,"[0.5, 0.5]",
attention,1,3,"1__extra_trees__late_weighted__0.25,0.75",0.3601830159328046,P13|P18|P19|P20|P26|P27|P3|P33|P34|P36|P40|P44|P8|P9,P12|P2|P21|P35|P4|P46,1,extra_trees,late_weighted,"[0.25, 0.75]",
attention,1,3,"1__extra_trees__late_weighted__0.5,0.5",0.3623198021196676,P13|P18|P19|P20|P26|P27|P3|P33|P34|P36|P40|P44|P8|P9,P12|P2|P21|P35|P4|P46,1,extra_trees,late_weighted,"[0.5, 0.5]",
attention,1,3,"1__extra_trees__late_weighted__0.75,0.25",0.3478611150161479,P13|P18|P19|P20|P26|P27|P3|P33|P34|P36|P40|P44|P8|P9,P12|P2|P21|P35|P4|P46,1,extra_trees,late_weighted,"[0.75, 0.25]",
attention,1,3,"1__extra_trees__unimodal__1.0,0.0",0.3376770255182757,P13|P18|P19|P20|P26|P27|P3|P33|P34|P36|P40|P44|P8|P9,P12|P2|P21|P35|P4|P46,1,extra_trees,unimodal,"[1.0, 0.0]",EEG
attention,1,3,"1__extra_trees__unimodal__0.0,1.0",0.3641387053446274,P13|P18|P19|P20|P26|P27|P3|P33|P34|P36|P40|P44|P8|P9,P12|P2|P21|P35|P4|P46,1,extra_trees,unimodal,"[0.0, 1.0]",GSR
attention,1,3,8__logistic__early__,0.3199818146253511,P13|P18|P19|P20|P26|P27|P3|P33|P34|P36|P40|P44|P8|P9,P12|P2|P21|P35|P4|P46,8,logistic,early,,
attention,1,3,"8__logistic__late_mean__0.5,0.5",0.3212322792041805,P13|P18|P19|P20|P26|P27|P3|P33|P34|P36|P40|P44|P8|P9,P12|P2|P21|P35|P4|P46,8,logistic,late_mean,"[0.5, 0.5]",
attention,1,3,"8__logistic__late_geometric__0.5,0.5",0.3231940653112353,P13|P18|P19|P20|P26|P27|P3|P33|P34|P36|P40|P44|P8|P9,P12|P2|P21|P35|P4|P46,8,logistic,late_geometric,"[0.5, 0.5]",
attention,1,3,"8__logistic__late_weighted__0.25,0.75",0.3297049228252004,P13|P18|P19|P20|P26|P27|P3|P33|P34|P36|P40|P44|P8|P9,P12|P2|P21|P35|P4|P46,8,logistic,late_weighted,"[0.25, 0.75]",
attention,1,3,"8__logistic__late_weighted__0.5,0.5",0.3212322792041805,P13|P18|P19|P20|P26|P27|P3|P33|P34|P36|P40|P44|P8|P9,P12|P2|P21|P35|P4|P46,8,logistic,late_weighted,"[0.5, 0.5]",
attention,1,3,"8__logistic__late_weighted__0.75,0.25",0.3247390116934694,P13|P18|P19|P20|P26|P27|P3|P33|P34|P36|P40|P44|P8|P9,P12|P2|P21|P35|P4|P46,8,logistic,late_weighted,"[0.75, 0.25]",
attention,1,3,"8__logistic__unimodal__1.0,0.0",0.3212923630021503,P13|P18|P19|P20|P26|P27|P3|P33|P34|P36|P40|P44|P8|P9,P12|P2|P21|P35|P4|P46,8,logistic,unimodal,"[1.0, 0.0]",EEG
attention,1,3,"8__logistic__unimodal__0.0,1.0",0.346730928288914,P13|P18|P19|P20|P26|P27|P3|P33|P34|P36|P40|P44|P8|P9,P12|P2|P21|P35|P4|P46,8,logistic,unimodal,"[0.0, 1.0]",GSR
attention,1,3,8__lda__early__,0.3280995151416769,P13|P18|P19|P20|P26|P27|P3|P33|P34|P36|P40|P44|P8|P9,P12|P2|P21|P35|P4|P46,8,lda,early,,
attention,1,3,"8__lda__late_mean__0.5,0.5",0.3280958929607343,P13|P18|P19|P20|P26|P27|P3|P33|P34|P36|P40|P44|P8|P9,P12|P2|P21|P35|P4|P46,8,lda,late_mean,"[0.5, 0.5]",
attention,1,3,"8__lda__late_geometric__0.5,0.5",0.328860567947411,P13|P18|P19|P20|P26|P27|P3|P33|P34|P36|P40|P44|P8|P9,P12|P2|P21|P35|P4|P46,8,lda,late_geometric,"[0.5, 0.5]",
attention,1,3,"8__lda__late_weighted__0.25,0.75",0.3305010418604016,P13|P18|P19|P20|P26|P27|P3|P33|P34|P36|P40|P44|P8|P9,P12|P2|P21|P35|P4|P46,8,lda,late_weighted,"[0.25, 0.75]",
attention,1,3,"8__lda__late_weighted__0.5,0.5",0.3280958929607343,P13|P18|P19|P20|P26|P27|P3|P33|P34|P36|P40|P44|P8|P9,P12|P2|P21|P35|P4|P46,8,lda,late_weighted,"[0.5, 0.5]",
attention,1,3,"8__lda__late_weighted__0.75,0.25",0.329943185392797,P13|P18|P19|P20|P26|P27|P3|P33|P34|P36|P40|P44|P8|P9,P12|P2|P21|P35|P4|P46,8,lda,late_weighted,"[0.75, 0.25]",
attention,1,3,"8__lda__unimodal__1.0,0.0",0.3258182941001333,P13|P18|P19|P20|P26|P27|P3|P33|P34|P36|P40|P44|P8|P9,P12|P2|P21|P35|P4|P46,8,lda,unimodal,"[1.0, 0.0]",EEG
attention,1,3,"8__lda__unimodal__0.0,1.0",0.3393886596641184,P13|P18|P19|P20|P26|P27|P3|P33|P34|P36|P40|P44|P8|P9,P12|P2|P21|P35|P4|P46,8,lda,unimodal,"[0.0, 1.0]",GSR
attention,1,3,8__extra_trees__early__,0.3553371491120585,P13|P18|P19|P20|P26|P27|P3|P33|P34|P36|P40|P44|P8|P9,P12|P2|P21|P35|P4|P46,8,extra_trees,early,,
attention,1,3,"8__extra_trees__late_mean__0.5,0.5",0.3541985781416285,P13|P18|P19|P20|P26|P27|P3|P33|P34|P36|P40|P44|P8|P9,P12|P2|P21|P35|P4|P46,8,extra_trees,late_mean,"[0.5, 0.5]",
attention,1,3,"8__extra_trees__late_geometric__0.5,0.5",0.3541629937371214,P13|P18|P19|P20|P26|P27|P3|P33|P34|P36|P40|P44|P8|P9,P12|P2|P21|P35|P4|P46,8,extra_trees,late_geometric,"[0.5, 0.5]",
attention,1,3,"8__extra_trees__late_weighted__0.25,0.75",0.3669096294320441,P13|P18|P19|P20|P26|P27|P3|P33|P34|P36|P40|P44|P8|P9,P12|P2|P21|P35|P4|P46,8,extra_trees,late_weighted,"[0.25, 0.75]",
attention,1,3,"8__extra_trees__late_weighted__0.5,0.5",0.3541985781416285,P13|P18|P19|P20|P26|P27|P3|P33|P34|P36|P40|P44|P8|P9,P12|P2|P21|P35|P4|P46,8,extra_trees,late_weighted,"[0.5, 0.5]",
attention,1,3,"8__extra_trees__late_weighted__0.75,0.25",0.3471107296638313,P13|P18|P19|P20|P26|P27|P3|P33|P34|P36|P40|P44|P8|P9,P12|P2|P21|P35|P4|P46,8,extra_trees,late_weighted,"[0.75, 0.25]",
attention,1,3,"8__extra_trees__unimodal__1.0,0.0",0.327100145038978,P13|P18|P19|P20|P26|P27|P3|P33|P34|P36|P40|P44|P8|P9,P12|P2|P21|P35|P4|P46,8,extra_trees,unimodal,"[1.0, 0.0]",EEG
attention,1,3,"8__extra_trees__unimodal__0.0,1.0",0.3585343102186766,P13|P18|P19|P20|P26|P27|P3|P33|P34|P36|P40|P44|P8|P9,P12|P2|P21|P35|P4|P46,8,extra_trees,unimodal,"[0.0, 1.0]",GSR
attention,2,1,1__logistic__early__,0.3277065504644574,P18|P20|P21|P22|P24|P26|P27|P33|P34|P4|P44|P48|P8,P13|P3|P30|P36|P43|P46|P9,1,logistic,early,,
attention,2,1,"1__logistic__late_mean__0.5,0.5",0.3304219162602393,P18|P20|P21|P22|P24|P26|P27|P33|P34|P4|P44|P48|P8,P13|P3|P30|P36|P43|P46|P9,1,logistic,late_mean,"[0.5, 0.5]",
attention,2,1,"1__logistic__late_geometric__0.5,0.5",0.330688823951856,P18|P20|P21|P22|P24|P26|P27|P33|P34|P4|P44|P48|P8,P13|P3|P30|P36|P43|P46|P9,1,logistic,late_geometric,"[0.5, 0.5]",
attention,2,1,"1__logistic__late_weighted__0.25,0.75",0.3293476563003895,P18|P20|P21|P22|P24|P26|P27|P33|P34|P4|P44|P48|P8,P13|P3|P30|P36|P43|P46|P9,1,logistic,late_weighted,"[0.25, 0.75]",
attention,2,1,"1__logistic__late_weighted__0.5,0.5",0.3304219162602393,P18|P20|P21|P22|P24|P26|P27|P33|P34|P4|P44|P48|P8,P13|P3|P30|P36|P43|P46|P9,1,logistic,late_weighted,"[0.5, 0.5]",
attention,2,1,"1__logistic__late_weighted__0.75,0.25",0.3257404836198752,P18|P20|P21|P22|P24|P26|P27|P33|P34|P4|P44|P48|P8,P13|P3|P30|P36|P43|P46|P9,1,logistic,late_weighted,"[0.75, 0.25]",
attention,2,1,"1__logistic__unimodal__1.0,0.0",0.3226704643432637,P18|P20|P21|P22|P24|P26|P27|P33|P34|P4|P44|P48|P8,P13|P3|P30|P36|P43|P46|P9,1,logistic,unimodal,"[1.0, 0.0]",EEG
attention,2,1,"1__logistic__unimodal__0.0,1.0",0.3424008638515343,P18|P20|P21|P22|P24|P26|P27|P33|P34|P4|P44|P48|P8,P13|P3|P30|P36|P43|P46|P9,1,logistic,unimodal,"[0.0, 1.0]",GSR
attention,2,1,1__lda__early__,0.3293014971094682,P18|P20|P21|P22|P24|P26|P27|P33|P34|P4|P44|P48|P8,P13|P3|P30|P36|P43|P46|P9,1,lda,early,,
attention,2,1,"1__lda__late_mean__0.5,0.5",0.3276890652842513,P18|P20|P21|P22|P24|P26|P27|P33|P34|P4|P44|P48|P8,P13|P3|P30|P36|P43|P46|P9,1,lda,late_mean,"[0.5, 0.5]",
attention,2,1,"1__lda__late_geometric__0.5,0.5",0.3281838515164094,P18|P20|P21|P22|P24|P26|P27|P33|P34|P4|P44|P48|P8,P13|P3|P30|P36|P43|P46|P9,1,lda,late_geometric,"[0.5, 0.5]",
attention,2,1,"1__lda__late_weighted__0.25,0.75",0.335175558881136,P18|P20|P21|P22|P24|P26|P27|P33|P34|P4|P44|P48|P8,P13|P3|P30|P36|P43|P46|P9,1,lda,late_weighted,"[0.25, 0.75]",
attention,2,1,"1__lda__late_weighted__0.5,0.5",0.3276890652842513,P18|P20|P21|P22|P24|P26|P27|P33|P34|P4|P44|P48|P8,P13|P3|P30|P36|P43|P46|P9,1,lda,late_weighted,"[0.5, 0.5]",
attention,2,1,"1__lda__late_weighted__0.75,0.25",0.3281571151295521,P18|P20|P21|P22|P24|P26|P27|P33|P34|P4|P44|P48|P8,P13|P3|P30|P36|P43|P46|P9,1,lda,late_weighted,"[0.75, 0.25]",
attention,2,1,"1__lda__unimodal__1.0,0.0",0.3278125637392671,P18|P20|P21|P22|P24|P26|P27|P33|P34|P4|P44|P48|P8,P13|P3|P30|P36|P43|P46|P9,1,lda,unimodal,"[1.0, 0.0]",EEG
attention,2,1,"1__lda__unimodal__0.0,1.0",0.3429323289111445,P18|P20|P21|P22|P24|P26|P27|P33|P34|P4|P44|P48|P8,P13|P3|P30|P36|P43|P46|P9,1,lda,unimodal,"[0.0, 1.0]",GSR
attention,2,1,1__extra_trees__early__,0.3220765485805232,P18|P20|P21|P22|P24|P26|P27|P33|P34|P4|P44|P48|P8,P13|P3|P30|P36|P43|P46|P9,1,extra_trees,early,,
attention,2,1,"1__extra_trees__late_mean__0.5,0.5",0.3257318987217649,P18|P20|P21|P22|P24|P26|P27|P33|P34|P4|P44|P48|P8,P13|P3|P30|P36|P43|P46|P9,1,extra_trees,late_mean,"[0.5, 0.5]",
attention,2,1,"1__extra_trees__late_geometric__0.5,0.5",0.3267309749937527,P18|P20|P21|P22|P24|P26|P27|P33|P34|P4|P44|P48|P8,P13|P3|P30|P36|P43|P46|P9,1,extra_trees,late_geometric,"[0.5, 0.5]",
attention,2,1,"1__extra_trees__late_weighted__0.25,0.75",0.3290572840035156,P18|P20|P21|P22|P24|P26|P27|P33|P34|P4|P44|P48|P8,P13|P3|P30|P36|P43|P46|P9,1,extra_trees,late_weighted,"[0.25, 0.75]",
attention,2,1,"1__extra_trees__late_weighted__0.5,0.5",0.3257318987217649,P18|P20|P21|P22|P24|P26|P27|P33|P34|P4|P44|P48|P8,P13|P3|P30|P36|P43|P46|P9,1,extra_trees,late_weighted,"[0.5, 0.5]",
attention,2,1,"1__extra_trees__late_weighted__0.75,0.25",0.3259976143022073,P18|P20|P21|P22|P24|P26|P27|P33|P34|P4|P44|P48|P8,P13|P3|P30|P36|P43|P46|P9,1,extra_trees,late_weighted,"[0.75, 0.25]",
attention,2,1,"1__extra_trees__unimodal__1.0,0.0",0.3371038096128941,P18|P20|P21|P22|P24|P26|P27|P33|P34|P4|P44|P48|P8,P13|P3|P30|P36|P43|P46|P9,1,extra_trees,unimodal,"[1.0, 0.0]",EEG
attention,2,1,"1__extra_trees__unimodal__0.0,1.0",0.3360238594239832,P18|P20|P21|P22|P24|P26|P27|P33|P34|P4|P44|P48|P8,P13|P3|P30|P36|P43|P46|P9,1,extra_trees,unimodal,"[0.0, 1.0]",GSR
attention,2,1,8__logistic__early__,0.3195536082445248,P18|P20|P21|P22|P24|P26|P27|P33|P34|P4|P44|P48|P8,P13|P3|P30|P36|P43|P46|P9,8,logistic,early,,
attention,2,1,"8__logistic__late_mean__0.5,0.5",0.3199024554082804,P18|P20|P21|P22|P24|P26|P27|P33|P34|P4|P44|P48|P8,P13|P3|P30|P36|P43|P46|P9,8,logistic,late_mean,"[0.5, 0.5]",
attention,2,1,"8__logistic__late_geometric__0.5,0.5",0.3212123743652582,P18|P20|P21|P22|P24|P26|P27|P33|P34|P4|P44|P48|P8,P13|P3|P30|P36|P43|P46|P9,8,logistic,late_geometric,"[0.5, 0.5]",
attention,2,1,"8__logistic__late_weighted__0.25,0.75",0.3202046390550788,P18|P20|P21|P22|P24|P26|P27|P33|P34|P4|P44|P48|P8,P13|P3|P30|P36|P43|P46|P9,8,logistic,late_weighted,"[0.25, 0.75]",
attention,2,1,"8__logistic__late_weighted__0.5,0.5",0.3199024554082804,P18|P20|P21|P22|P24|P26|P27|P33|P34|P4|P44|P48|P8,P13|P3|P30|P36|P43|P46|P9,8,logistic,late_weighted,"[0.5, 0.5]",
attention,2,1,"8__logistic__late_weighted__0.75,0.25",0.322458969786047,P18|P20|P21|P22|P24|P26|P27|P33|P34|P4|P44|P48|P8,P13|P3|P30|P36|P43|P46|P9,8,logistic,late_weighted,"[0.75, 0.25]",
attention,2,1,"8__logistic__unimodal__1.0,0.0",0.3274506161137339,P18|P20|P21|P22|P24|P26|P27|P33|P34|P4|P44|P48|P8,P13|P3|P30|P36|P43|P46|P9,8,logistic,unimodal,"[1.0, 0.0]",EEG
attention,2,1,"8__logistic__unimodal__0.0,1.0",0.3240715458046602,P18|P20|P21|P22|P24|P26|P27|P33|P34|P4|P44|P48|P8,P13|P3|P30|P36|P43|P46|P9,8,logistic,unimodal,"[0.0, 1.0]",GSR
attention,2,1,8__lda__early__,0.3221143748510055,P18|P20|P21|P22|P24|P26|P27|P33|P34|P4|P44|P48|P8,P13|P3|P30|P36|P43|P46|P9,8,lda,early,,
attention,2,1,"8__lda__late_mean__0.5,0.5",0.3203869377200347,P18|P20|P21|P22|P24|P26|P27|P33|P34|P4|P44|P48|P8,P13|P3|P30|P36|P43|P46|P9,8,lda,late_mean,"[0.5, 0.5]",
attention,2,1,"8__lda__late_geometric__0.5,0.5",0.321052986730609,P18|P20|P21|P22|P24|P26|P27|P33|P34|P4|P44|P48|P8,P13|P3|P30|P36|P43|P46|P9,8,lda,late_geometric,"[0.5, 0.5]",
attention,2,1,"8__lda__late_weighted__0.25,0.75",0.3204546374349586,P18|P20|P21|P22|P24|P26|P27|P33|P34|P4|P44|P48|P8,P13|P3|P30|P36|P43|P46|P9,8,lda,late_weighted,"[0.25, 0.75]",
attention,2,1,"8__lda__late_weighted__0.5,0.5",0.3203869377200347,P18|P20|P21|P22|P24|P26|P27|P33|P34|P4|P44|P48|P8,P13|P3|P30|P36|P43|P46|P9,8,lda,late_weighted,"[0.5, 0.5]",
attention,2,1,"8__lda__late_weighted__0.75,0.25",0.317119710482488,P18|P20|P21|P22|P24|P26|P27|P33|P34|P4|P44|P48|P8,P13|P3|P30|P36|P43|P46|P9,8,lda,late_weighted,"[0.75, 0.25]",
attention,2,1,"8__lda__unimodal__1.0,0.0",0.3210282857973641,P18|P20|P21|P22|P24|P26|P27|P33|P34|P4|P44|P48|P8,P13|P3|P30|P36|P43|P46|P9,8,lda,unimodal,"[1.0, 0.0]",EEG
attention,2,1,"8__lda__unimodal__0.0,1.0",0.3243495569941568,P18|P20|P21|P22|P24|P26|P27|P33|P34|P4|P44|P48|P8,P13|P3|P30|P36|P43|P46|P9,8,lda,unimodal,"[0.0, 1.0]",GSR
attention,2,1,8__extra_trees__early__,0.3199861321367115,P18|P20|P21|P22|P24|P26|P27|P33|P34|P4|P44|P48|P8,P13|P3|P30|P36|P43|P46|P9,8,extra_trees,early,,
attention,2,1,"8__extra_trees__late_mean__0.5,0.5",0.3192949867342701,P18|P20|P21|P22|P24|P26|P27|P33|P34|P4|P44|P48|P8,P13|P3|P30|P36|P43|P46|P9,8,extra_trees,late_mean,"[0.5, 0.5]",
attention,2,1,"8__extra_trees__late_geometric__0.5,0.5",0.3188984176972877,P18|P20|P21|P22|P24|P26|P27|P33|P34|P4|P44|P48|P8,P13|P3|P30|P36|P43|P46|P9,8,extra_trees,late_geometric,"[0.5, 0.5]",
attention,2,1,"8__extra_trees__late_weighted__0.25,0.75",0.3247606673333723,P18|P20|P21|P22|P24|P26|P27|P33|P34|P4|P44|P48|P8,P13|P3|P30|P36|P43|P46|P9,8,extra_trees,late_weighted,"[0.25, 0.75]",
attention,2,1,"8__extra_trees__late_weighted__0.5,0.5",0.3192949867342701,P18|P20|P21|P22|P24|P26|P27|P33|P34|P4|P44|P48|P8,P13|P3|P30|P36|P43|P46|P9,8,extra_trees,late_weighted,"[0.5, 0.5]",
attention,2,1,"8__extra_trees__late_weighted__0.75,0.25",0.3224585012515445,P18|P20|P21|P22|P24|P26|P27|P33|P34|P4|P44|P48|P8,P13|P3|P30|P36|P43|P46|P9,8,extra_trees,late_weighted,"[0.75, 0.25]",
attention,2,1,"8__extra_trees__unimodal__1.0,0.0",0.3252810768051623,P18|P20|P21|P22|P24|P26|P27|P33|P34|P4|P44|P48|P8,P13|P3|P30|P36|P43|P46|P9,8,extra_trees,unimodal,"[1.0, 0.0]",EEG
attention,2,1,"8__extra_trees__unimodal__0.0,1.0",0.3287093547995319,P18|P20|P21|P22|P24|P26|P27|P33|P34|P4|P44|P48|P8,P13|P3|P30|P36|P43|P46|P9,8,extra_trees,unimodal,"[0.0, 1.0]",GSR
attention,2,2,1__logistic__early__,0.3427553387739076,P13|P20|P24|P26|P3|P30|P34|P36|P4|P43|P46|P48|P9,P18|P21|P22|P27|P33|P44|P8,1,logistic,early,,
attention,2,2,"1__logistic__late_mean__0.5,0.5",0.3452575177800771,P13|P20|P24|P26|P3|P30|P34|P36|P4|P43|P46|P48|P9,P18|P21|P22|P27|P33|P44|P8,1,logistic,late_mean,"[0.5, 0.5]",
attention,2,2,"1__logistic__late_geometric__0.5,0.5",0.3444504716100815,P13|P20|P24|P26|P3|P30|P34|P36|P4|P43|P46|P48|P9,P18|P21|P22|P27|P33|P44|P8,1,logistic,late_geometric,"[0.5, 0.5]",
attention,2,2,"1__logistic__late_weighted__0.25,0.75",0.3381485148035947,P13|P20|P24|P26|P3|P30|P34|P36|P4|P43|P46|P48|P9,P18|P21|P22|P27|P33|P44|P8,1,logistic,late_weighted,"[0.25, 0.75]",
attention,2,2,"1__logistic__late_weighted__0.5,0.5",0.3452575177800771,P13|P20|P24|P26|P3|P30|P34|P36|P4|P43|P46|P48|P9,P18|P21|P22|P27|P33|P44|P8,1,logistic,late_weighted,"[0.5, 0.5]",
attention,2,2,"1__logistic__late_weighted__0.75,0.25",0.3445842767285373,P13|P20|P24|P26|P3|P30|P34|P36|P4|P43|P46|P48|P9,P18|P21|P22|P27|P33|P44|P8,1,logistic,late_weighted,"[0.75, 0.25]",
attention,2,2,"1__logistic__unimodal__1.0,0.0",0.3484583314071977,P13|P20|P24|P26|P3|P30|P34|P36|P4|P43|P46|P48|P9,P18|P21|P22|P27|P33|P44|P8,1,logistic,unimodal,"[1.0, 0.0]",EEG
attention,2,2,"1__logistic__unimodal__0.0,1.0",0.333650376181247,P13|P20|P24|P26|P3|P30|P34|P36|P4|P43|P46|P48|P9,P18|P21|P22|P27|P33|P44|P8,1,logistic,unimodal,"[0.0, 1.0]",GSR
attention,2,2,1__lda__early__,0.3441249115510843,P13|P20|P24|P26|P3|P30|P34|P36|P4|P43|P46|P48|P9,P18|P21|P22|P27|P33|P44|P8,1,lda,early,,
attention,2,2,"1__lda__late_mean__0.5,0.5",0.3476620072061864,P13|P20|P24|P26|P3|P30|P34|P36|P4|P43|P46|P48|P9,P18|P21|P22|P27|P33|P44|P8,1,lda,late_mean,"[0.5, 0.5]",
attention,2,2,"1__lda__late_geometric__0.5,0.5",0.3477383994070387,P13|P20|P24|P26|P3|P30|P34|P36|P4|P43|P46|P48|P9,P18|P21|P22|P27|P33|P44|P8,1,lda,late_geometric,"[0.5, 0.5]",
attention,2,2,"1__lda__late_weighted__0.25,0.75",0.3396315746033532,P13|P20|P24|P26|P3|P30|P34|P36|P4|P43|P46|P48|P9,P18|P21|P22|P27|P33|P44|P8,1,lda,late_weighted,"[0.25, 0.75]",
attention,2,2,"1__lda__late_weighted__0.5,0.5",0.3476620072061864,P13|P20|P24|P26|P3|P30|P34|P36|P4|P43|P46|P48|P9,P18|P21|P22|P27|P33|P44|P8,1,lda,late_weighted,"[0.5, 0.5]",
attention,2,2,"1__lda__late_weighted__0.75,0.25",0.3485143552318753,P13|P20|P24|P26|P3|P30|P34|P36|P4|P43|P46|P48|P9,P18|P21|P22|P27|P33|P44|P8,1,lda,late_weighted,"[0.75, 0.25]",
attention,2,2,"1__lda__unimodal__1.0,0.0",0.3494337126909811,P13|P20|P24|P26|P3|P30|P34|P36|P4|P43|P46|P48|P9,P18|P21|P22|P27|P33|P44|P8,1,lda,unimodal,"[1.0, 0.0]",EEG
attention,2,2,"1__lda__unimodal__0.0,1.0",0.3327308049817226,P13|P20|P24|P26|P3|P30|P34|P36|P4|P43|P46|P48|P9,P18|P21|P22|P27|P33|P44|P8,1,lda,unimodal,"[0.0, 1.0]",GSR
attention,2,2,1__extra_trees__early__,0.340107707842408,P13|P20|P24|P26|P3|P30|P34|P36|P4|P43|P46|P48|P9,P18|P21|P22|P27|P33|P44|P8,1,extra_trees,early,,
attention,2,2,"1__extra_trees__late_mean__0.5,0.5",0.3409826615218206,P13|P20|P24|P26|P3|P30|P34|P36|P4|P43|P46|P48|P9,P18|P21|P22|P27|P33|P44|P8,1,extra_trees,late_mean,"[0.5, 0.5]",
attention,2,2,"1__extra_trees__late_geometric__0.5,0.5",0.3416427745505426,P13|P20|P24|P26|P3|P30|P34|P36|P4|P43|P46|P48|P9,P18|P21|P22|P27|P33|P44|P8,1,extra_trees,late_geometric,"[0.5, 0.5]",
attention,2,2,"1__extra_trees__late_weighted__0.25,0.75",0.3522725934395416,P13|P20|P24|P26|P3|P30|P34|P36|P4|P43|P46|P48|P9,P18|P21|P22|P27|P33|P44|P8,1,extra_trees,late_weighted,"[0.25, 0.75]",
attention,2,2,"1__extra_trees__late_weighted__0.5,0.5",0.3409826615218206,P13|P20|P24|P26|P3|P30|P34|P36|P4|P43|P46|P48|P9,P18|P21|P22|P27|P33|P44|P8,1,extra_trees,late_weighted,"[0.5, 0.5]",
attention,2,2,"1__extra_trees__late_weighted__0.75,0.25",0.3204857214156957,P13|P20|P24|P26|P3|P30|P34|P36|P4|P43|P46|P48|P9,P18|P21|P22|P27|P33|P44|P8,1,extra_trees,late_weighted,"[0.75, 0.25]",
attention,2,2,"1__extra_trees__unimodal__1.0,0.0",0.3215487536822091,P13|P20|P24|P26|P3|P30|P34|P36|P4|P43|P46|P48|P9,P18|P21|P22|P27|P33|P44|P8,1,extra_trees,unimodal,"[1.0, 0.0]",EEG
attention,2,2,"1__extra_trees__unimodal__0.0,1.0",0.347748272010642,P13|P20|P24|P26|P3|P30|P34|P36|P4|P43|P46|P48|P9,P18|P21|P22|P27|P33|P44|P8,1,extra_trees,unimodal,"[0.0, 1.0]",GSR
attention,2,2,8__logistic__early__,0.3432180954596751,P13|P20|P24|P26|P3|P30|P34|P36|P4|P43|P46|P48|P9,P18|P21|P22|P27|P33|P44|P8,8,logistic,early,,
attention,2,2,"8__logistic__late_mean__0.5,0.5",0.3367345011762152,P13|P20|P24|P26|P3|P30|P34|P36|P4|P43|P46|P48|P9,P18|P21|P22|P27|P33|P44|P8,8,logistic,late_mean,"[0.5, 0.5]",
attention,2,2,"8__logistic__late_geometric__0.5,0.5",0.3397893770675592,P13|P20|P24|P26|P3|P30|P34|P36|P4|P43|P46|P48|P9,P18|P21|P22|P27|P33|P44|P8,8,logistic,late_geometric,"[0.5, 0.5]",
attention,2,2,"8__logistic__late_weighted__0.25,0.75",0.3482837525113443,P13|P20|P24|P26|P3|P30|P34|P36|P4|P43|P46|P48|P9,P18|P21|P22|P27|P33|P44|P8,8,logistic,late_weighted,"[0.25, 0.75]",
attention,2,2,"8__logistic__late_weighted__0.5,0.5",0.3367345011762152,P13|P20|P24|P26|P3|P30|P34|P36|P4|P43|P46|P48|P9,P18|P21|P22|P27|P33|P44|P8,8,logistic,late_weighted,"[0.5, 0.5]",
attention,2,2,"8__logistic__late_weighted__0.75,0.25",0.325912859574098,P13|P20|P24|P26|P3|P30|P34|P36|P4|P43|P46|P48|P9,P18|P21|P22|P27|P33|P44|P8,8,logistic,late_weighted,"[0.75, 0.25]",
attention,2,2,"8__logistic__unimodal__1.0,0.0",0.3294831004143006,P13|P20|P24|P26|P3|P30|P34|P36|P4|P43|P46|P48|P9,P18|P21|P22|P27|P33|P44|P8,8,logistic,unimodal,"[1.0, 0.0]",EEG
attention,2,2,"8__logistic__unimodal__0.0,1.0",0.3417712187152341,P13|P20|P24|P26|P3|P30|P34|P36|P4|P43|P46|P48|P9,P18|P21|P22|P27|P33|P44|P8,8,logistic,unimodal,"[0.0, 1.0]",GSR
attention,2,2,8__lda__early__,0.34246925471272,P13|P20|P24|P26|P3|P30|P34|P36|P4|P43|P46|P48|P9,P18|P21|P22|P27|P33|P44|P8,8,lda,early,,
attention,2,2,"8__lda__late_mean__0.5,0.5",0.3393368013884434,P13|P20|P24|P26|P3|P30|P34|P36|P4|P43|P46|P48|P9,P18|P21|P22|P27|P33|P44|P8,8,lda,late_mean,"[0.5, 0.5]",
attention,2,2,"8__lda__late_geometric__0.5,0.5",0.3420966458268565,P13|P20|P24|P26|P3|P30|P34|P36|P4|P43|P46|P48|P9,P18|P21|P22|P27|P33|P44|P8,8,lda,late_geometric,"[0.5, 0.5]",
attention,2,2,"8__lda__late_weighted__0.25,0.75",0.3512080038855386,P13|P20|P24|P26|P3|P30|P34|P36|P4|P43|P46|P48|P9,P18|P21|P22|P27|P33|P44|P8,8,lda,late_weighted,"[0.25, 0.75]",
attention,2,2,"8__lda__late_weighted__0.5,0.5",0.3393368013884434,P13|P20|P24|P26|P3|P30|P34|P36|P4|P43|P46|P48|P9,P18|P21|P22|P27|P33|P44|P8,8,lda,late_weighted,"[0.5, 0.5]",
attention,2,2,"8__lda__late_weighted__0.75,0.25",0.3290979833735767,P13|P20|P24|P26|P3|P30|P34|P36|P4|P43|P46|P48|P9,P18|P21|P22|P27|P33|P44|P8,8,lda,late_weighted,"[0.75, 0.25]",
attention,2,2,"8__lda__unimodal__1.0,0.0",0.3286926475991454,P13|P20|P24|P26|P3|P30|P34|P36|P4|P43|P46|P48|P9,P18|P21|P22|P27|P33|P44|P8,8,lda,unimodal,"[1.0, 0.0]",EEG
attention,2,2,"8__lda__unimodal__0.0,1.0",0.3447300722494748,P13|P20|P24|P26|P3|P30|P34|P36|P4|P43|P46|P48|P9,P18|P21|P22|P27|P33|P44|P8,8,lda,unimodal,"[0.0, 1.0]",GSR
attention,2,2,8__extra_trees__early__,0.344789063174315,P13|P20|P24|P26|P3|P30|P34|P36|P4|P43|P46|P48|P9,P18|P21|P22|P27|P33|P44|P8,8,extra_trees,early,,
attention,2,2,"8__extra_trees__late_mean__0.5,0.5",0.3346114933940649,P13|P20|P24|P26|P3|P30|P34|P36|P4|P43|P46|P48|P9,P18|P21|P22|P27|P33|P44|P8,8,extra_trees,late_mean,"[0.5, 0.5]",
attention,2,2,"8__extra_trees__late_geometric__0.5,0.5",0.3354830145996871,P13|P20|P24|P26|P3|P30|P34|P36|P4|P43|P46|P48|P9,P18|P21|P22|P27|P33|P44|P8,8,extra_trees,late_geometric,"[0.5, 0.5]",
attention,2,2,"8__extra_trees__late_weighted__0.25,0.75",0.3559951841495486,P13|P20|P24|P26|P3|P30|P34|P36|P4|P43|P46|P48|P9,P18|P21|P22|P27|P33|P44|P8,8,extra_trees,late_weighted,"[0.25, 0.75]",
attention,2,2,"8__extra_trees__late_weighted__0.5,0.5",0.3346114933940649,P13|P20|P24|P26|P3|P30|P34|P36|P4|P43|P46|P48|P9,P18|P21|P22|P27|P33|P44|P8,8,extra_trees,late_weighted,"[0.5, 0.5]",
attention,2,2,"8__extra_trees__late_weighted__0.75,0.25",0.3303807283809123,P13|P20|P24|P26|P3|P30|P34|P36|P4|P43|P46|P48|P9,P18|P21|P22|P27|P33|P44|P8,8,extra_trees,late_weighted,"[0.75, 0.25]",
attention,2,2,"8__extra_trees__unimodal__1.0,0.0",0.3237283847550422,P13|P20|P24|P26|P3|P30|P34|P36|P4|P43|P46|P48|P9,P18|P21|P22|P27|P33|P44|P8,8,extra_trees,unimodal,"[1.0, 0.0]",EEG
attention,2,2,"8__extra_trees__unimodal__0.0,1.0",0.3469007058942977,P13|P20|P24|P26|P3|P30|P34|P36|P4|P43|P46|P48|P9,P18|P21|P22|P27|P33|P44|P8,8,extra_trees,unimodal,"[0.0, 1.0]",GSR
attention,2,3,1__logistic__early__,0.3307876563748452,P13|P18|P21|P22|P27|P3|P30|P33|P36|P43|P44|P46|P8|P9,P20|P24|P26|P34|P4|P48,1,logistic,early,,
attention,2,3,"1__logistic__late_mean__0.5,0.5",0.3349025424456138,P13|P18|P21|P22|P27|P3|P30|P33|P36|P43|P44|P46|P8|P9,P20|P24|P26|P34|P4|P48,1,logistic,late_mean,"[0.5, 0.5]",
attention,2,3,"1__logistic__late_geometric__0.5,0.5",0.3330647670723591,P13|P18|P21|P22|P27|P3|P30|P33|P36|P43|P44|P46|P8|P9,P20|P24|P26|P34|P4|P48,1,logistic,late_geometric,"[0.5, 0.5]",
attention,2,3,"1__logistic__late_weighted__0.25,0.75",0.3295855755919152,P13|P18|P21|P22|P27|P3|P30|P33|P36|P43|P44|P46|P8|P9,P20|P24|P26|P34|P4|P48,1,logistic,late_weighted,"[0.25, 0.75]",
attention,2,3,"1__logistic__late_weighted__0.5,0.5",0.3349025424456138,P13|P18|P21|P22|P27|P3|P30|P33|P36|P43|P44|P46|P8|P9,P20|P24|P26|P34|P4|P48,1,logistic,late_weighted,"[0.5, 0.5]",
attention,2,3,"1__logistic__late_weighted__0.75,0.25",0.3363983967085935,P13|P18|P21|P22|P27|P3|P30|P33|P36|P43|P44|P46|P8|P9,P20|P24|P26|P34|P4|P48,1,logistic,late_weighted,"[0.75, 0.25]",
attention,2,3,"1__logistic__unimodal__1.0,0.0",0.3383490498402839,P13|P18|P21|P22|P27|P3|P30|P33|P36|P43|P44|P46|P8|P9,P20|P24|P26|P34|P4|P48,1,logistic,unimodal,"[1.0, 0.0]",EEG
attention,2,3,"1__logistic__unimodal__0.0,1.0",0.3246104062943004,P13|P18|P21|P22|P27|P3|P30|P33|P36|P43|P44|P46|P8|P9,P20|P24|P26|P34|P4|P48,1,logistic,unimodal,"[0.0, 1.0]",GSR
attention,2,3,1__lda__early__,0.3306066915007796,P13|P18|P21|P22|P27|P3|P30|P33|P36|P43|P44|P46|P8|P9,P20|P24|P26|P34|P4|P48,1,lda,early,,
attention,2,3,"1__lda__late_mean__0.5,0.5",0.3321229855796262,P13|P18|P21|P22|P27|P3|P30|P33|P36|P43|P44|P46|P8|P9,P20|P24|P26|P34|P4|P48,1,lda,late_mean,"[0.5, 0.5]",
attention,2,3,"1__lda__late_geometric__0.5,0.5",0.3332384365239565,P13|P18|P21|P22|P27|P3|P30|P33|P36|P43|P44|P46|P8|P9,P20|P24|P26|P34|P4|P48,1,lda,late_geometric,"[0.5, 0.5]",
attention,2,3,"1__lda__late_weighted__0.25,0.75",0.3235139295912065,P13|P18|P21|P22|P27|P3|P30|P33|P36|P43|P44|P46|P8|P9,P20|P24|P26|P34|P4|P48,1,lda,late_weighted,"[0.25, 0.75]",
attention,2,3,"1__lda__late_weighted__0.5,0.5",0.3321229855796262,P13|P18|P21|P22|P27|P3|P30|P33|P36|P43|P44|P46|P8|P9,P20|P24|P26|P34|P4|P48,1,lda,late_weighted,"[0.5, 0.5]",
attention,2,3,"1__lda__late_weighted__0.75,0.25",0.3381456162564269,P13|P18|P21|P22|P27|P3|P30|P33|P36|P43|P44|P46|P8|P9,P20|P24|P26|P34|P4|P48,1,lda,late_weighted,"[0.75, 0.25]",
attention,2,3,"1__lda__unimodal__1.0,0.0",0.3447095040394024,P13|P18|P21|P22|P27|P3|P30|P33|P36|P43|P44|P46|P8|P9,P20|P24|P26|P34|P4|P48,1,lda,unimodal,"[1.0, 0.0]",EEG
attention,2,3,"1__lda__unimodal__0.0,1.0",0.3208872109269391,P13|P18|P21|P22|P27|P3|P30|P33|P36|P43|P44|P46|P8|P9,P20|P24|P26|P34|P4|P48,1,lda,unimodal,"[0.0, 1.0]",GSR
attention,2,3,1__extra_trees__early__,0.3583395587232612,P13|P18|P21|P22|P27|P3|P30|P33|P36|P43|P44|P46|P8|P9,P20|P24|P26|P34|P4|P48,1,extra_trees,early,,
attention,2,3,"1__extra_trees__late_mean__0.5,0.5",0.3575757035966703,P13|P18|P21|P22|P27|P3|P30|P33|P36|P43|P44|P46|P8|P9,P20|P24|P26|P34|P4|P48,1,extra_trees,late_mean,"[0.5, 0.5]",
attention,2,3,"1__extra_trees__late_geometric__0.5,0.5",0.3560541519838661,P13|P18|P21|P22|P27|P3|P30|P33|P36|P43|P44|P46|P8|P9,P20|P24|P26|P34|P4|P48,1,extra_trees,late_geometric,"[0.5, 0.5]",
attention,2,3,"1__extra_trees__late_weighted__0.25,0.75",0.3555668612409566,P13|P18|P21|P22|P27|P3|P30|P33|P36|P43|P44|P46|P8|P9,P20|P24|P26|P34|P4|P48,1,extra_trees,late_weighted,"[0.25, 0.75]",
attention,2,3,"1__extra_trees__late_weighted__0.5,0.5",0.3575757035966703,P13|P18|P21|P22|P27|P3|P30|P33|P36|P43|P44|P46|P8|P9,P20|P24|P26|P34|P4|P48,1,extra_trees,late_weighted,"[0.5, 0.5]",
attention,2,3,"1__extra_trees__late_weighted__0.75,0.25",0.3585598715898996,P13|P18|P21|P22|P27|P3|P30|P33|P36|P43|P44|P46|P8|P9,P20|P24|P26|P34|P4|P48,1,extra_trees,late_weighted,"[0.75, 0.25]",
attention,2,3,"1__extra_trees__unimodal__1.0,0.0",0.3501673343848992,P13|P18|P21|P22|P27|P3|P30|P33|P36|P43|P44|P46|P8|P9,P20|P24|P26|P34|P4|P48,1,extra_trees,unimodal,"[1.0, 0.0]",EEG
attention,2,3,"1__extra_trees__unimodal__0.0,1.0",0.3530547894614764,P13|P18|P21|P22|P27|P3|P30|P33|P36|P43|P44|P46|P8|P9,P20|P24|P26|P34|P4|P48,1,extra_trees,unimodal,"[0.0, 1.0]",GSR
attention,2,3,8__logistic__early__,0.314184082488761,P13|P18|P21|P22|P27|P3|P30|P33|P36|P43|P44|P46|P8|P9,P20|P24|P26|P34|P4|P48,8,logistic,early,,
attention,2,3,"8__logistic__late_mean__0.5,0.5",0.3063854185012992,P13|P18|P21|P22|P27|P3|P30|P33|P36|P43|P44|P46|P8|P9,P20|P24|P26|P34|P4|P48,8,logistic,late_mean,"[0.5, 0.5]",
attention,2,3,"8__logistic__late_geometric__0.5,0.5",0.3062983185470209,P13|P18|P21|P22|P27|P3|P30|P33|P36|P43|P44|P46|P8|P9,P20|P24|P26|P34|P4|P48,8,logistic,late_geometric,"[0.5, 0.5]",
attention,2,3,"8__logistic__late_weighted__0.25,0.75",0.3039889805125518,P13|P18|P21|P22|P27|P3|P30|P33|P36|P43|P44|P46|P8|P9,P20|P24|P26|P34|P4|P48,8,logistic,late_weighted,"[0.25, 0.75]",
attention,2,3,"8__logistic__late_weighted__0.5,0.5",0.3063854185012992,P13|P18|P21|P22|P27|P3|P30|P33|P36|P43|P44|P46|P8|P9,P20|P24|P26|P34|P4|P48,8,logistic,late_weighted,"[0.5, 0.5]",
attention,2,3,"8__logistic__late_weighted__0.75,0.25",0.3115414647643977,P13|P18|P21|P22|P27|P3|P30|P33|P36|P43|P44|P46|P8|P9,P20|P24|P26|P34|P4|P48,8,logistic,late_weighted,"[0.75, 0.25]",
attention,2,3,"8__logistic__unimodal__1.0,0.0",0.3151559196553939,P13|P18|P21|P22|P27|P3|P30|P33|P36|P43|P44|P46|P8|P9,P20|P24|P26|P34|P4|P48,8,logistic,unimodal,"[1.0, 0.0]",EEG
attention,2,3,"8__logistic__unimodal__0.0,1.0",0.3088143424784214,P13|P18|P21|P22|P27|P3|P30|P33|P36|P43|P44|P46|P8|P9,P20|P24|P26|P34|P4|P48,8,logistic,unimodal,"[0.0, 1.0]",GSR
attention,2,3,8__lda__early__,0.3098835475006104,P13|P18|P21|P22|P27|P3|P30|P33|P36|P43|P44|P46|P8|P9,P20|P24|P26|P34|P4|P48,8,lda,early,,
attention,2,3,"8__lda__late_mean__0.5,0.5",0.3082279517342032,P13|P18|P21|P22|P27|P3|P30|P33|P36|P43|P44|P46|P8|P9,P20|P24|P26|P34|P4|P48,8,lda,late_mean,"[0.5, 0.5]",
attention,2,3,"8__lda__late_geometric__0.5,0.5",0.3092736270348654,P13|P18|P21|P22|P27|P3|P30|P33|P36|P43|P44|P46|P8|P9,P20|P24|P26|P34|P4|P48,8,lda,late_geometric,"[0.5, 0.5]",
attention,2,3,"8__lda__late_weighted__0.25,0.75",0.2997415319763995,P13|P18|P21|P22|P27|P3|P30|P33|P36|P43|P44|P46|P8|P9,P20|P24|P26|P34|P4|P48,8,lda,late_weighted,"[0.25, 0.75]",
attention,2,3,"8__lda__late_weighted__0.5,0.5",0.3082279517342032,P13|P18|P21|P22|P27|P3|P30|P33|P36|P43|P44|P46|P8|P9,P20|P24|P26|P34|P4|P48,8,lda,late_weighted,"[0.5, 0.5]",
attention,2,3,"8__lda__late_weighted__0.75,0.25",0.3127992075710172,P13|P18|P21|P22|P27|P3|P30|P33|P36|P43|P44|P46|P8|P9,P20|P24|P26|P34|P4|P48,8,lda,late_weighted,"[0.75, 0.25]",
attention,2,3,"8__lda__unimodal__1.0,0.0",0.3132010676797742,P13|P18|P21|P22|P27|P3|P30|P33|P36|P43|P44|P46|P8|P9,P20|P24|P26|P34|P4|P48,8,lda,unimodal,"[1.0, 0.0]",EEG
attention,2,3,"8__lda__unimodal__0.0,1.0",0.305969277879289,P13|P18|P21|P22|P27|P3|P30|P33|P36|P43|P44|P46|P8|P9,P20|P24|P26|P34|P4|P48,8,lda,unimodal,"[0.0, 1.0]",GSR
attention,2,3,8__extra_trees__early__,0.3400042569047126,P13|P18|P21|P22|P27|P3|P30|P33|P36|P43|P44|P46|P8|P9,P20|P24|P26|P34|P4|P48,8,extra_trees,early,,
attention,2,3,"8__extra_trees__late_mean__0.5,0.5",0.3358294487570222,P13|P18|P21|P22|P27|P3|P30|P33|P36|P43|P44|P46|P8|P9,P20|P24|P26|P34|P4|P48,8,extra_trees,late_mean,"[0.5, 0.5]",
attention,2,3,"8__extra_trees__late_geometric__0.5,0.5",0.3364939026791594,P13|P18|P21|P22|P27|P3|P30|P33|P36|P43|P44|P46|P8|P9,P20|P24|P26|P34|P4|P48,8,extra_trees,late_geometric,"[0.5, 0.5]",
attention,2,3,"8__extra_trees__late_weighted__0.25,0.75",0.346791743431971,P13|P18|P21|P22|P27|P3|P30|P33|P36|P43|P44|P46|P8|P9,P20|P24|P26|P34|P4|P48,8,extra_trees,late_weighted,"[0.25, 0.75]",
attention,2,3,"8__extra_trees__late_weighted__0.5,0.5",0.3358294487570222,P13|P18|P21|P22|P27|P3|P30|P33|P36|P43|P44|P46|P8|P9,P20|P24|P26|P34|P4|P48,8,extra_trees,late_weighted,"[0.5, 0.5]",
attention,2,3,"8__extra_trees__late_weighted__0.75,0.25",0.3278266800043566,P13|P18|P21|P22|P27|P3|P30|P33|P36|P43|P44|P46|P8|P9,P20|P24|P26|P34|P4|P48,8,extra_trees,late_weighted,"[0.75, 0.25]",
attention,2,3,"8__extra_trees__unimodal__1.0,0.0",0.3279441690121916,P13|P18|P21|P22|P27|P3|P30|P33|P36|P43|P44|P46|P8|P9,P20|P24|P26|P34|P4|P48,8,extra_trees,unimodal,"[1.0, 0.0]",EEG
attention,2,3,"8__extra_trees__unimodal__0.0,1.0",0.3598169000247399,P13|P18|P21|P22|P27|P3|P30|P33|P36|P43|P44|P46|P8|P9,P20|P24|P26|P34|P4|P48,8,extra_trees,unimodal,"[0.0, 1.0]",GSR
attention,3,1,1__logistic__early__,0.3171834550529266,P12|P13|P19|P2|P21|P24|P26|P33|P35|P4|P40|P43|P9,P20|P22|P3|P30|P34|P44|P48,1,logistic,early,,
attention,3,1,"1__logistic__late_mean__0.5,0.5",0.3118243234648485,P12|P13|P19|P2|P21|P24|P26|P33|P35|P4|P40|P43|P9,P20|P22|P3|P30|P34|P44|P48,1,logistic,late_mean,"[0.5, 0.5]",
attention,3,1,"1__logistic__late_geometric__0.5,0.5",0.3105813876511107,P12|P13|P19|P2|P21|P24|P26|P33|P35|P4|P40|P43|P9,P20|P22|P3|P30|P34|P44|P48,1,logistic,late_geometric,"[0.5, 0.5]",
attention,3,1,"1__logistic__late_weighted__0.25,0.75",0.3135987513689578,P12|P13|P19|P2|P21|P24|P26|P33|P35|P4|P40|P43|P9,P20|P22|P3|P30|P34|P44|P48,1,logistic,late_weighted,"[0.25, 0.75]",
attention,3,1,"1__logistic__late_weighted__0.5,0.5",0.3118243234648485,P12|P13|P19|P2|P21|P24|P26|P33|P35|P4|P40|P43|P9,P20|P22|P3|P30|P34|P44|P48,1,logistic,late_weighted,"[0.5, 0.5]",
attention,3,1,"1__logistic__late_weighted__0.75,0.25",0.3224519372124055,P12|P13|P19|P2|P21|P24|P26|P33|P35|P4|P40|P43|P9,P20|P22|P3|P30|P34|P44|P48,1,logistic,late_weighted,"[0.75, 0.25]",
attention,3,1,"1__logistic__unimodal__1.0,0.0",0.3284403173637349,P12|P13|P19|P2|P21|P24|P26|P33|P35|P4|P40|P43|P9,P20|P22|P3|P30|P34|P44|P48,1,logistic,unimodal,"[1.0, 0.0]",EEG
attention,3,1,"1__logistic__unimodal__0.0,1.0",0.3149790914031484,P12|P13|P19|P2|P21|P24|P26|P33|P35|P4|P40|P43|P9,P20|P22|P3|P30|P34|P44|P48,1,logistic,unimodal,"[0.0, 1.0]",GSR
attention,3,1,1__lda__early__,0.3173551090498151,P12|P13|P19|P2|P21|P24|P26|P33|P35|P4|P40|P43|P9,P20|P22|P3|P30|P34|P44|P48,1,lda,early,,
attention,3,1,"1__lda__late_mean__0.5,0.5",0.3132370490320923,P12|P13|P19|P2|P21|P24|P26|P33|P35|P4|P40|P43|P9,P20|P22|P3|P30|P34|P44|P48,1,lda,late_mean,"[0.5, 0.5]",
attention,3,1,"1__lda__late_geometric__0.5,0.5",0.312757145244227,P12|P13|P19|P2|P21|P24|P26|P33|P35|P4|P40|P43|P9,P20|P22|P3|P30|P34|P44|P48,1,lda,late_geometric,"[0.5, 0.5]",
attention,3,1,"1__lda__late_weighted__0.25,0.75",0.3127024880804039,P12|P13|P19|P2|P21|P24|P26|P33|P35|P4|P40|P43|P9,P20|P22|P3|P30|P34|P44|P48,1,lda,late_weighted,"[0.25, 0.75]",
attention,3,1,"1__lda__late_weighted__0.5,0.5",0.3132370490320923,P12|P13|P19|P2|P21|P24|P26|P33|P35|P4|P40|P43|P9,P20|P22|P3|P30|P34|P44|P48,1,lda,late_weighted,"[0.5, 0.5]",
attention,3,1,"1__lda__late_weighted__0.75,0.25",0.3211803275254378,P12|P13|P19|P2|P21|P24|P26|P33|P35|P4|P40|P43|P9,P20|P22|P3|P30|P34|P44|P48,1,lda,late_weighted,"[0.75, 0.25]",
attention,3,1,"1__lda__unimodal__1.0,0.0",0.3282700969623602,P12|P13|P19|P2|P21|P24|P26|P33|P35|P4|P40|P43|P9,P20|P22|P3|P30|P34|P44|P48,1,lda,unimodal,"[1.0, 0.0]",EEG
attention,3,1,"1__lda__unimodal__0.0,1.0",0.3156321387863654,P12|P13|P19|P2|P21|P24|P26|P33|P35|P4|P40|P43|P9,P20|P22|P3|P30|P34|P44|P48,1,lda,unimodal,"[0.0, 1.0]",GSR
attention,3,1,1__extra_trees__early__,0.3324790392467903,P12|P13|P19|P2|P21|P24|P26|P33|P35|P4|P40|P43|P9,P20|P22|P3|P30|P34|P44|P48,1,extra_trees,early,,
attention,3,1,"1__extra_trees__late_mean__0.5,0.5",0.3365725054014997,P12|P13|P19|P2|P21|P24|P26|P33|P35|P4|P40|P43|P9,P20|P22|P3|P30|P34|P44|P48,1,extra_trees,late_mean,"[0.5, 0.5]",
attention,3,1,"1__extra_trees__late_geometric__0.5,0.5",0.3352573938735975,P12|P13|P19|P2|P21|P24|P26|P33|P35|P4|P40|P43|P9,P20|P22|P3|P30|P34|P44|P48,1,extra_trees,late_geometric,"[0.5, 0.5]",
attention,3,1,"1__extra_trees__late_weighted__0.25,0.75",0.3376829110428473,P12|P13|P19|P2|P21|P24|P26|P33|P35|P4|P40|P43|P9,P20|P22|P3|P30|P34|P44|P48,1,extra_trees,late_weighted,"[0.25, 0.75]",
attention,3,1,"1__extra_trees__late_weighted__0.5,0.5",0.3365725054014997,P12|P13|P19|P2|P21|P24|P26|P33|P35|P4|P40|P43|P9,P20|P22|P3|P30|P34|P44|P48,1,extra_trees,late_weighted,"[0.5, 0.5]",
attention,3,1,"1__extra_trees__late_weighted__0.75,0.25",0.3333049944858271,P12|P13|P19|P2|P21|P24|P26|P33|P35|P4|P40|P43|P9,P20|P22|P3|P30|P34|P44|P48,1,extra_trees,late_weighted,"[0.75, 0.25]",
attention,3,1,"1__extra_trees__unimodal__1.0,0.0",0.3259786674722951,P12|P13|P19|P2|P21|P24|P26|P33|P35|P4|P40|P43|P9,P20|P22|P3|P30|P34|P44|P48,1,extra_trees,unimodal,"[1.0, 0.0]",EEG
attention,3,1,"1__extra_trees__unimodal__0.0,1.0",0.3430789655364051,P12|P13|P19|P2|P21|P24|P26|P33|P35|P4|P40|P43|P9,P20|P22|P3|P30|P34|P44|P48,1,extra_trees,unimodal,"[0.0, 1.0]",GSR
attention,3,1,8__logistic__early__,0.32941785222126,P12|P13|P19|P2|P21|P24|P26|P33|P35|P4|P40|P43|P9,P20|P22|P3|P30|P34|P44|P48,8,logistic,early,,
attention,3,1,"8__logistic__late_mean__0.5,0.5",0.3307422209371444,P12|P13|P19|P2|P21|P24|P26|P33|P35|P4|P40|P43|P9,P20|P22|P3|P30|P34|P44|P48,8,logistic,late_mean,"[0.5, 0.5]",
attention,3,1,"8__logistic__late_geometric__0.5,0.5",0.33089354512778,P12|P13|P19|P2|P21|P24|P26|P33|P35|P4|P40|P43|P9,P20|P22|P3|P30|P34|P44|P48,8,logistic,late_geometric,"[0.5, 0.5]",
attention,3,1,"8__logistic__late_weighted__0.25,0.75",0.3295835824781329,P12|P13|P19|P2|P21|P24|P26|P33|P35|P4|P40|P43|P9,P20|P22|P3|P30|P34|P44|P48,8,logistic,late_weighted,"[0.25, 0.75]",
attention,3,1,"8__logistic__late_weighted__0.5,0.5",0.3307422209371444,P12|P13|P19|P2|P21|P24|P26|P33|P35|P4|P40|P43|P9,P20|P22|P3|P30|P34|P44|P48,8,logistic,late_weighted,"[0.5, 0.5]",
attention,3,1,"8__logistic__late_weighted__0.75,0.25",0.3251020583319439,P12|P13|P19|P2|P21|P24|P26|P33|P35|P4|P40|P43|P9,P20|P22|P3|P30|P34|P44|P48,8,logistic,late_weighted,"[0.75, 0.25]",
attention,3,1,"8__logistic__unimodal__1.0,0.0",0.336585095337479,P12|P13|P19|P2|P21|P24|P26|P33|P35|P4|P40|P43|P9,P20|P22|P3|P30|P34|P44|P48,8,logistic,unimodal,"[1.0, 0.0]",EEG
attention,3,1,"8__logistic__unimodal__0.0,1.0",0.3324614710694794,P12|P13|P19|P2|P21|P24|P26|P33|P35|P4|P40|P43|P9,P20|P22|P3|P30|P34|P44|P48,8,logistic,unimodal,"[0.0, 1.0]",GSR
attention,3,1,8__lda__early__,0.3288663208164143,P12|P13|P19|P2|P21|P24|P26|P33|P35|P4|P40|P43|P9,P20|P22|P3|P30|P34|P44|P48,8,lda,early,,
attention,3,1,"8__lda__late_mean__0.5,0.5",0.3297973301042883,P12|P13|P19|P2|P21|P24|P26|P33|P35|P4|P40|P43|P9,P20|P22|P3|P30|P34|P44|P48,8,lda,late_mean,"[0.5, 0.5]",
attention,3,1,"8__lda__late_geometric__0.5,0.5",0.3299590245371795,P12|P13|P19|P2|P21|P24|P26|P33|P35|P4|P40|P43|P9,P20|P22|P3|P30|P34|P44|P48,8,lda,late_geometric,"[0.5, 0.5]",
attention,3,1,"8__lda__late_weighted__0.25,0.75",0.3276813957430376,P12|P13|P19|P2|P21|P24|P26|P33|P35|P4|P40|P43|P9,P20|P22|P3|P30|P34|P44|P48,8,lda,late_weighted,"[0.25, 0.75]",
attention,3,1,"8__lda__late_weighted__0.5,0.5",0.3297973301042883,P12|P13|P19|P2|P21|P24|P26|P33|P35|P4|P40|P43|P9,P20|P22|P3|P30|P34|P44|P48,8,lda,late_weighted,"[0.5, 0.5]",
attention,3,1,"8__lda__late_weighted__0.75,0.25",0.332005415056386,P12|P13|P19|P2|P21|P24|P26|P33|P35|P4|P40|P43|P9,P20|P22|P3|P30|P34|P44|P48,8,lda,late_weighted,"[0.75, 0.25]",
attention,3,1,"8__lda__unimodal__1.0,0.0",0.3400487258940105,P12|P13|P19|P2|P21|P24|P26|P33|P35|P4|P40|P43|P9,P20|P22|P3|P30|P34|P44|P48,8,lda,unimodal,"[1.0, 0.0]",EEG
attention,3,1,"8__lda__unimodal__0.0,1.0",0.3321242431249222,P12|P13|P19|P2|P21|P24|P26|P33|P35|P4|P40|P43|P9,P20|P22|P3|P30|P34|P44|P48,8,lda,unimodal,"[0.0, 1.0]",GSR
attention,3,1,8__extra_trees__early__,0.3314956039024838,P12|P13|P19|P2|P21|P24|P26|P33|P35|P4|P40|P43|P9,P20|P22|P3|P30|P34|P44|P48,8,extra_trees,early,,
attention,3,1,"8__extra_trees__late_mean__0.5,0.5",0.3263172409156384,P12|P13|P19|P2|P21|P24|P26|P33|P35|P4|P40|P43|P9,P20|P22|P3|P30|P34|P44|P48,8,extra_trees,late_mean,"[0.5, 0.5]",
attention,3,1,"8__extra_trees__late_geometric__0.5,0.5",0.3257438125865002,P12|P13|P19|P2|P21|P24|P26|P33|P35|P4|P40|P43|P9,P20|P22|P3|P30|P34|P44|P48,8,extra_trees,late_geometric,"[0.5, 0.5]",
attention,3,1,"8__extra_trees__late_weighted__0.25,0.75",0.331114243340342,P12|P13|P19|P2|P21|P24|P26|P33|P35|P4|P40|P43|P9,P20|P22|P3|P30|P34|P44|P48,8,extra_trees,late_weighted,"[0.25, 0.75]",
attention,3,1,"8__extra_trees__late_weighted__0.5,0.5",0.3263172409156384,P12|P13|P19|P2|P21|P24|P26|P33|P35|P4|P40|P43|P9,P20|P22|P3|P30|P34|P44|P48,8,extra_trees,late_weighted,"[0.5, 0.5]",
attention,3,1,"8__extra_trees__late_weighted__0.75,0.25",0.3256521352683416,P12|P13|P19|P2|P21|P24|P26|P33|P35|P4|P40|P43|P9,P20|P22|P3|P30|P34|P44|P48,8,extra_trees,late_weighted,"[0.75, 0.25]",
attention,3,1,"8__extra_trees__unimodal__1.0,0.0",0.3142253377286637,P12|P13|P19|P2|P21|P24|P26|P33|P35|P4|P40|P43|P9,P20|P22|P3|P30|P34|P44|P48,8,extra_trees,unimodal,"[1.0, 0.0]",EEG
attention,3,1,"8__extra_trees__unimodal__0.0,1.0",0.3355213391552117,P12|P13|P19|P2|P21|P24|P26|P33|P35|P4|P40|P43|P9,P20|P22|P3|P30|P34|P44|P48,8,extra_trees,unimodal,"[0.0, 1.0]",GSR
attention,3,2,1__logistic__early__,0.3348031154387501,P13|P19|P2|P20|P21|P22|P3|P30|P33|P34|P40|P44|P48,P12|P24|P26|P35|P4|P43|P9,1,logistic,early,,
attention,3,2,"1__logistic__late_mean__0.5,0.5",0.3330059837178867,P13|P19|P2|P20|P21|P22|P3|P30|P33|P34|P40|P44|P48,P12|P24|P26|P35|P4|P43|P9,1,logistic,late_mean,"[0.5, 0.5]",
attention,3,2,"1__logistic__late_geometric__0.5,0.5",0.3327917634110337,P13|P19|P2|P20|P21|P22|P3|P30|P33|P34|P40|P44|P48,P12|P24|P26|P35|P4|P43|P9,1,logistic,late_geometric,"[0.5, 0.5]",
attention,3,2,"1__logistic__late_weighted__0.25,0.75",0.3322495697331042,P13|P19|P2|P20|P21|P22|P3|P30|P33|P34|P40|P44|P48,P12|P24|P26|P35|P4|P43|P9,1,logistic,late_weighted,"[0.25, 0.75]",
attention,3,2,"1__logistic__late_weighted__0.5,0.5",0.3330059837178867,P13|P19|P2|P20|P21|P22|P3|P30|P33|P34|P40|P44|P48,P12|P24|P26|P35|P4|P43|P9,1,logistic,late_weighted,"[0.5, 0.5]",
attention,3,2,"1__logistic__late_weighted__0.75,0.25",0.3339986432505341,P13|P19|P2|P20|P21|P22|P3|P30|P33|P34|P40|P44|P48,P12|P24|P26|P35|P4|P43|P9,1,logistic,late_weighted,"[0.75, 0.25]",
attention,3,2,"1__logistic__unimodal__1.0,0.0",0.3317242558495256,P13|P19|P2|P20|P21|P22|P3|P30|P33|P34|P40|P44|P48,P12|P24|P26|P35|P4|P43|P9,1,logistic,unimodal,"[1.0, 0.0]",EEG
attention,3,2,"1__logistic__unimodal__0.0,1.0",0.3356702942525192,P13|P19|P2|P20|P21|P22|P3|P30|P33|P34|P40|P44|P48,P12|P24|P26|P35|P4|P43|P9,1,logistic,unimodal,"[0.0, 1.0]",GSR
attention,3,2,1__lda__early__,0.3376600862733026,P13|P19|P2|P20|P21|P22|P3|P30|P33|P34|P40|P44|P48,P12|P24|P26|P35|P4|P43|P9,1,lda,early,,
attention,3,2,"1__lda__late_mean__0.5,0.5",0.334872449675673,P13|P19|P2|P20|P21|P22|P3|P30|P33|P34|P40|P44|P48,P12|P24|P26|P35|P4|P43|P9,1,lda,late_mean,"[0.5, 0.5]",
attention,3,2,"1__lda__late_geometric__0.5,0.5",0.3350244442820198,P13|P19|P2|P20|P21|P22|P3|P30|P33|P34|P40|P44|P48,P12|P24|P26|P35|P4|P43|P9,1,lda,late_geometric,"[0.5, 0.5]",
attention,3,2,"1__lda__late_weighted__0.25,0.75",0.3333776241948301,P13|P19|P2|P20|P21|P22|P3|P30|P33|P34|P40|P44|P48,P12|P24|P26|P35|P4|P43|P9,1,lda,late_weighted,"[0.25, 0.75]",
attention,3,2,"1__lda__late_weighted__0.5,0.5",0.334872449675673,P13|P19|P2|P20|P21|P22|P3|P30|P33|P34|P40|P44|P48,P12|P24|P26|P35|P4|P43|P9,1,lda,late_weighted,"[0.5, 0.5]",
attention,3,2,"1__lda__late_weighted__0.75,0.25",0.3355277866311941,P13|P19|P2|P20|P21|P22|P3|P30|P33|P34|P40|P44|P48,P12|P24|P26|P35|P4|P43|P9,1,lda,late_weighted,"[0.75, 0.25]",
attention,3,2,"1__lda__unimodal__1.0,0.0",0.3320323109918688,P13|P19|P2|P20|P21|P22|P3|P30|P33|P34|P40|P44|P48,P12|P24|P26|P35|P4|P43|P9,1,lda,unimodal,"[1.0, 0.0]",EEG
attention,3,2,"1__lda__unimodal__0.0,1.0",0.3371586249250645,P13|P19|P2|P20|P21|P22|P3|P30|P33|P34|P40|P44|P48,P12|P24|P26|P35|P4|P43|P9,1,lda,unimodal,"[0.0, 1.0]",GSR
attention,3,2,1__extra_trees__early__,0.3470890177402754,P13|P19|P2|P20|P21|P22|P3|P30|P33|P34|P40|P44|P48,P12|P24|P26|P35|P4|P43|P9,1,extra_trees,early,,
attention,3,2,"1__extra_trees__late_mean__0.5,0.5",0.3601617979191441,P13|P19|P2|P20|P21|P22|P3|P30|P33|P34|P40|P44|P48,P12|P24|P26|P35|P4|P43|P9,1,extra_trees,late_mean,"[0.5, 0.5]",
attention,3,2,"1__extra_trees__late_geometric__0.5,0.5",0.3586175458349835,P13|P19|P2|P20|P21|P22|P3|P30|P33|P34|P40|P44|P48,P12|P24|P26|P35|P4|P43|P9,1,extra_trees,late_geometric,"[0.5, 0.5]",
attention,3,2,"1__extra_trees__late_weighted__0.25,0.75",0.3750388526764673,P13|P19|P2|P20|P21|P22|P3|P30|P33|P34|P40|P44|P48,P12|P24|P26|P35|P4|P43|P9,1,extra_trees,late_weighted,"[0.25, 0.75]",
attention,3,2,"1__extra_trees__late_weighted__0.5,0.5",0.3601617979191441,P13|P19|P2|P20|P21|P22|P3|P30|P33|P34|P40|P44|P48,P12|P24|P26|P35|P4|P43|P9,1,extra_trees,late_weighted,"[0.5, 0.5]",
attention,3,2,"1__extra_trees__late_weighted__0.75,0.25",0.3443221813945732,P13|P19|P2|P20|P21|P22|P3|P30|P33|P34|P40|P44|P48,P12|P24|P26|P35|P4|P43|P9,1,extra_trees,late_weighted,"[0.75, 0.25]",
attention,3,2,"1__extra_trees__unimodal__1.0,0.0",0.3238574154720371,P13|P19|P2|P20|P21|P22|P3|P30|P33|P34|P40|P44|P48,P12|P24|P26|P35|P4|P43|P9,1,extra_trees,unimodal,"[1.0, 0.0]",EEG
attention,3,2,"1__extra_trees__unimodal__0.0,1.0",0.3816211809182334,P13|P19|P2|P20|P21|P22|P3|P30|P33|P34|P40|P44|P48,P12|P24|P26|P35|P4|P43|P9,1,extra_trees,unimodal,"[0.0, 1.0]",GSR
attention,3,2,8__logistic__early__,0.3312716193129822,P13|P19|P2|P20|P21|P22|P3|P30|P33|P34|P40|P44|P48,P12|P24|P26|P35|P4|P43|P9,8,logistic,early,,
attention,3,2,"8__logistic__late_mean__0.5,0.5",0.328715313227255,P13|P19|P2|P20|P21|P22|P3|P30|P33|P34|P40|P44|P48,P12|P24|P26|P35|P4|P43|P9,8,logistic,late_mean,"[0.5, 0.5]",
attention,3,2,"8__logistic__late_geometric__0.5,0.5",0.328258887467125,P13|P19|P2|P20|P21|P22|P3|P30|P33|P34|P40|P44|P48,P12|P24|P26|P35|P4|P43|P9,8,logistic,late_geometric,"[0.5, 0.5]",
attention,3,2,"8__logistic__late_weighted__0.25,0.75",0.3230454854455682,P13|P19|P2|P20|P21|P22|P3|P30|P33|P34|P40|P44|P48,P12|P24|P26|P35|P4|P43|P9,8,logistic,late_weighted,"[0.25, 0.75]",
attention,3,2,"8__logistic__late_weighted__0.5,0.5",0.328715313227255,P13|P19|P2|P20|P21|P22|P3|P30|P33|P34|P40|P44|P48,P12|P24|P26|P35|P4|P43|P9,8,logistic,late_weighted,"[0.5, 0.5]",
attention,3,2,"8__logistic__late_weighted__0.75,0.25",0.3344245211475766,P13|P19|P2|P20|P21|P22|P3|P30|P33|P34|P40|P44|P48,P12|P24|P26|P35|P4|P43|P9,8,logistic,late_weighted,"[0.75, 0.25]",
attention,3,2,"8__logistic__unimodal__1.0,0.0",0.3414032352971351,P13|P19|P2|P20|P21|P22|P3|P30|P33|P34|P40|P44|P48,P12|P24|P26|P35|P4|P43|P9,8,logistic,unimodal,"[1.0, 0.0]",EEG
attention,3,2,"8__logistic__unimodal__0.0,1.0",0.3382289509464907,P13|P19|P2|P20|P21|P22|P3|P30|P33|P34|P40|P44|P48,P12|P24|P26|P35|P4|P43|P9,8,logistic,unimodal,"[0.0, 1.0]",GSR
attention,3,2,8__lda__early__,0.3343067764311031,P13|P19|P2|P20|P21|P22|P3|P30|P33|P34|P40|P44|P48,P12|P24|P26|P35|P4|P43|P9,8,lda,early,,
attention,3,2,"8__lda__late_mean__0.5,0.5",0.334382415987366,P13|P19|P2|P20|P21|P22|P3|P30|P33|P34|P40|P44|P48,P12|P24|P26|P35|P4|P43|P9,8,lda,late_mean,"[0.5, 0.5]",
attention,3,2,"8__lda__late_geometric__0.5,0.5",0.3340100500877945,P13|P19|P2|P20|P21|P22|P3|P30|P33|P34|P40|P44|P48,P12|P24|P26|P35|P4|P43|P9,8,lda,late_geometric,"[0.5, 0.5]",
attention,3,2,"8__lda__late_weighted__0.25,0.75",0.3356493997838194,P13|P19|P2|P20|P21|P22|P3|P30|P33|P34|P40|P44|P48,P12|P24|P26|P35|P4|P43|P9,8,lda,late_weighted,"[0.25, 0.75]",
attention,3,2,"8__lda__late_weighted__0.5,0.5",0.334382415987366,P13|P19|P2|P20|P21|P22|P3|P30|P33|P34|P40|P44|P48,P12|P24|P26|P35|P4|P43|P9,8,lda,late_weighted,"[0.5, 0.5]",
attention,3,2,"8__lda__late_weighted__0.75,0.25",0.3340131708344542,P13|P19|P2|P20|P21|P22|P3|P30|P33|P34|P40|P44|P48,P12|P24|P26|P35|P4|P43|P9,8,lda,late_weighted,"[0.75, 0.25]",
attention,3,2,"8__lda__unimodal__1.0,0.0",0.3337958848891874,P13|P19|P2|P20|P21|P22|P3|P30|P33|P34|P40|P44|P48,P12|P24|P26|P35|P4|P43|P9,8,lda,unimodal,"[1.0, 0.0]",EEG
attention,3,2,"8__lda__unimodal__0.0,1.0",0.3395022434010307,P13|P19|P2|P20|P21|P22|P3|P30|P33|P34|P40|P44|P48,P12|P24|P26|P35|P4|P43|P9,8,lda,unimodal,"[0.0, 1.0]",GSR
attention,3,2,8__extra_trees__early__,0.3429713309290029,P13|P19|P2|P20|P21|P22|P3|P30|P33|P34|P40|P44|P48,P12|P24|P26|P35|P4|P43|P9,8,extra_trees,early,,
attention,3,2,"8__extra_trees__late_mean__0.5,0.5",0.3574595977860937,P13|P19|P2|P20|P21|P22|P3|P30|P33|P34|P40|P44|P48,P12|P24|P26|P35|P4|P43|P9,8,extra_trees,late_mean,"[0.5, 0.5]",
attention,3,2,"8__extra_trees__late_geometric__0.5,0.5",0.3568675335576415,P13|P19|P2|P20|P21|P22|P3|P30|P33|P34|P40|P44|P48,P12|P24|P26|P35|P4|P43|P9,8,extra_trees,late_geometric,"[0.5, 0.5]",
attention,3,2,"8__extra_trees__late_weighted__0.25,0.75",0.3674418627675694,P13|P19|P2|P20|P21|P22|P3|P30|P33|P34|P40|P44|P48,P12|P24|P26|P35|P4|P43|P9,8,extra_trees,late_weighted,"[0.25, 0.75]",
attention,3,2,"8__extra_trees__late_weighted__0.5,0.5",0.3574595977860937,P13|P19|P2|P20|P21|P22|P3|P30|P33|P34|P40|P44|P48,P12|P24|P26|P35|P4|P43|P9,8,extra_trees,late_weighted,"[0.5, 0.5]",
attention,3,2,"8__extra_trees__late_weighted__0.75,0.25",0.3459233481132978,P13|P19|P2|P20|P21|P22|P3|P30|P33|P34|P40|P44|P48,P12|P24|P26|P35|P4|P43|P9,8,extra_trees,late_weighted,"[0.75, 0.25]",
attention,3,2,"8__extra_trees__unimodal__1.0,0.0",0.3284368712583086,P13|P19|P2|P20|P21|P22|P3|P30|P33|P34|P40|P44|P48,P12|P24|P26|P35|P4|P43|P9,8,extra_trees,unimodal,"[1.0, 0.0]",EEG
attention,3,2,"8__extra_trees__unimodal__0.0,1.0",0.3663563531236032,P13|P19|P2|P20|P21|P22|P3|P30|P33|P34|P40|P44|P48,P12|P24|P26|P35|P4|P43|P9,8,extra_trees,unimodal,"[0.0, 1.0]",GSR
attention,3,3,1__logistic__early__,0.3464261164222038,P12|P20|P22|P24|P26|P3|P30|P34|P35|P4|P43|P44|P48|P9,P13|P19|P2|P21|P33|P40,1,logistic,early,,
attention,3,3,"1__logistic__late_mean__0.5,0.5",0.3435891293563657,P12|P20|P22|P24|P26|P3|P30|P34|P35|P4|P43|P44|P48|P9,P13|P19|P2|P21|P33|P40,1,logistic,late_mean,"[0.5, 0.5]",
attention,3,3,"1__logistic__late_geometric__0.5,0.5",0.342234135363342,P12|P20|P22|P24|P26|P3|P30|P34|P35|P4|P43|P44|P48|P9,P13|P19|P2|P21|P33|P40,1,logistic,late_geometric,"[0.5, 0.5]",
attention,3,3,"1__logistic__late_weighted__0.25,0.75",0.347454179395303,P12|P20|P22|P24|P26|P3|P30|P34|P35|P4|P43|P44|P48|P9,P13|P19|P2|P21|P33|P40,1,logistic,late_weighted,"[0.25, 0.75]",
attention,3,3,"1__logistic__late_weighted__0.5,0.5",0.3435891293563657,P12|P20|P22|P24|P26|P3|P30|P34|P35|P4|P43|P44|P48|P9,P13|P19|P2|P21|P33|P40,1,logistic,late_weighted,"[0.5, 0.5]",
attention,3,3,"1__logistic__late_weighted__0.75,0.25",0.3384848519023329,P12|P20|P22|P24|P26|P3|P30|P34|P35|P4|P43|P44|P48|P9,P13|P19|P2|P21|P33|P40,1,logistic,late_weighted,"[0.75, 0.25]",
attention,3,3,"1__logistic__unimodal__1.0,0.0",0.3346542533324293,P12|P20|P22|P24|P26|P3|P30|P34|P35|P4|P43|P44|P48|P9,P13|P19|P2|P21|P33|P40,1,logistic,unimodal,"[1.0, 0.0]",EEG
attention,3,3,"1__logistic__unimodal__0.0,1.0",0.3542759994185263,P12|P20|P22|P24|P26|P3|P30|P34|P35|P4|P43|P44|P48|P9,P13|P19|P2|P21|P33|P40,1,logistic,unimodal,"[0.0, 1.0]",GSR
attention,3,3,1__lda__early__,0.344396169720929,P12|P20|P22|P24|P26|P3|P30|P34|P35|P4|P43|P44|P48|P9,P13|P19|P2|P21|P33|P40,1,lda,early,,
attention,3,3,"1__lda__late_mean__0.5,0.5",0.3413965363081016,P12|P20|P22|P24|P26|P3|P30|P34|P35|P4|P43|P44|P48|P9,P13|P19|P2|P21|P33|P40,1,lda,late_mean,"[0.5, 0.5]",
attention,3,3,"1__lda__late_geometric__0.5,0.5",0.3411128178977431,P12|P20|P22|P24|P26|P3|P30|P34|P35|P4|P43|P44|P48|P9,P13|P19|P2|P21|P33|P40,1,lda,late_geometric,"[0.5, 0.5]",
attention,3,3,"1__lda__late_weighted__0.25,0.75",0.3486230066361502,P12|P20|P22|P24|P26|P3|P30|P34|P35|P4|P43|P44|P48|P9,P13|P19|P2|P21|P33|P40,1,lda,late_weighted,"[0.25, 0.75]",
attention,3,3,"1__lda__late_weighted__0.5,0.5",0.3413965363081016,P12|P20|P22|P24|P26|P3|P30|P34|P35|P4|P43|P44|P48|P9,P13|P19|P2|P21|P33|P40,1,lda,late_weighted,"[0.5, 0.5]",
attention,3,3,"1__lda__late_weighted__0.75,0.25",0.3385042640631208,P12|P20|P22|P24|P26|P3|P30|P34|P35|P4|P43|P44|P48|P9,P13|P19|P2|P21|P33|P40,1,lda,late_weighted,"[0.75, 0.25]",
attention,3,3,"1__lda__unimodal__1.0,0.0",0.3319044398472318,P12|P20|P22|P24|P26|P3|P30|P34|P35|P4|P43|P44|P48|P9,P13|P19|P2|P21|P33|P40,1,lda,unimodal,"[1.0, 0.0]",EEG
attention,3,3,"1__lda__unimodal__0.0,1.0",0.3514433021486881,P12|P20|P22|P24|P26|P3|P30|P34|P35|P4|P43|P44|P48|P9,P13|P19|P2|P21|P33|P40,1,lda,unimodal,"[0.0, 1.0]",GSR
attention,3,3,1__extra_trees__early__,0.3521081144505011,P12|P20|P22|P24|P26|P3|P30|P34|P35|P4|P43|P44|P48|P9,P13|P19|P2|P21|P33|P40,1,extra_trees,early,,
attention,3,3,"1__extra_trees__late_mean__0.5,0.5",0.3450721927504007,P12|P20|P22|P24|P26|P3|P30|P34|P35|P4|P43|P44|P48|P9,P13|P19|P2|P21|P33|P40,1,extra_trees,late_mean,"[0.5, 0.5]",
attention,3,3,"1__extra_trees__late_geometric__0.5,0.5",0.345672114954117,P12|P20|P22|P24|P26|P3|P30|P34|P35|P4|P43|P44|P48|P9,P13|P19|P2|P21|P33|P40,1,extra_trees,late_geometric,"[0.5, 0.5]",
attention,3,3,"1__extra_trees__late_weighted__0.25,0.75",0.3568027319879183,P12|P20|P22|P24|P26|P3|P30|P34|P35|P4|P43|P44|P48|P9,P13|P19|P2|P21|P33|P40,1,extra_trees,late_weighted,"[0.25, 0.75]",
attention,3,3,"1__extra_trees__late_weighted__0.5,0.5",0.3450721927504007,P12|P20|P22|P24|P26|P3|P30|P34|P35|P4|P43|P44|P48|P9,P13|P19|P2|P21|P33|P40,1,extra_trees,late_weighted,"[0.5, 0.5]",
attention,3,3,"1__extra_trees__late_weighted__0.75,0.25",0.3296796668159814,P12|P20|P22|P24|P26|P3|P30|P34|P35|P4|P43|P44|P48|P9,P13|P19|P2|P21|P33|P40,1,extra_trees,late_weighted,"[0.75, 0.25]",
attention,3,3,"1__extra_trees__unimodal__1.0,0.0",0.3180712885340678,P12|P20|P22|P24|P26|P3|P30|P34|P35|P4|P43|P44|P48|P9,P13|P19|P2|P21|P33|P40,1,extra_trees,unimodal,"[1.0, 0.0]",EEG
attention,3,3,"1__extra_trees__unimodal__0.0,1.0",0.3620486320946874,P12|P20|P22|P24|P26|P3|P30|P34|P35|P4|P43|P44|P48|P9,P13|P19|P2|P21|P33|P40,1,extra_trees,unimodal,"[0.0, 1.0]",GSR
attention,3,3,8__logistic__early__,0.3229615922093306,P12|P20|P22|P24|P26|P3|P30|P34|P35|P4|P43|P44|P48|P9,P13|P19|P2|P21|P33|P40,8,logistic,early,,
attention,3,3,"8__logistic__late_mean__0.5,0.5",0.3285920120875262,P12|P20|P22|P24|P26|P3|P30|P34|P35|P4|P43|P44|P48|P9,P13|P19|P2|P21|P33|P40,8,logistic,late_mean,"[0.5, 0.5]",
attention,3,3,"8__logistic__late_geometric__0.5,0.5",0.3285944651758778,P12|P20|P22|P24|P26|P3|P30|P34|P35|P4|P43|P44|P48|P9,P13|P19|P2|P21|P33|P40,8,logistic,late_geometric,"[0.5, 0.5]",
attention,3,3,"8__logistic__late_weighted__0.25,0.75",0.3314324252447936,P12|P20|P22|P24|P26|P3|P30|P34|P35|P4|P43|P44|P48|P9,P13|P19|P2|P21|P33|P40,8,logistic,late_weighted,"[0.25, 0.75]",
attention,3,3,"8__logistic__late_weighted__0.5,0.5",0.3285920120875262,P12|P20|P22|P24|P26|P3|P30|P34|P35|P4|P43|P44|P48|P9,P13|P19|P2|P21|P33|P40,8,logistic,late_weighted,"[0.5, 0.5]",
attention,3,3,"8__logistic__late_weighted__0.75,0.25",0.3254937981597324,P12|P20|P22|P24|P26|P3|P30|P34|P35|P4|P43|P44|P48|P9,P13|P19|P2|P21|P33|P40,8,logistic,late_weighted,"[0.75, 0.25]",
attention,3,3,"8__logistic__unimodal__1.0,0.0",0.3326841849925437,P12|P20|P22|P24|P26|P3|P30|P34|P35|P4|P43|P44|P48|P9,P13|P19|P2|P21|P33|P40,8,logistic,unimodal,"[1.0, 0.0]",EEG
attention,3,3,"8__logistic__unimodal__0.0,1.0",0.3418622452188827,P12|P20|P22|P24|P26|P3|P30|P34|P35|P4|P43|P44|P48|P9,P13|P19|P2|P21|P33|P40,8,logistic,unimodal,"[0.0, 1.0]",GSR
attention,3,3,8__lda__early__,0.3189045674595245,P12|P20|P22|P24|P26|P3|P30|P34|P35|P4|P43|P44|P48|P9,P13|P19|P2|P21|P33|P40,8,lda,early,,
attention,3,3,"8__lda__late_mean__0.5,0.5",0.3250802195374773,P12|P20|P22|P24|P26|P3|P30|P34|P35|P4|P43|P44|P48|P9,P13|P19|P2|P21|P33|P40,8,lda,late_mean,"[0.5, 0.5]",
attention,3,3,"8__lda__late_geometric__0.5,0.5",0.3238715452302589,P12|P20|P22|P24|P26|P3|P30|P34|P35|P4|P43|P44|P48|P9,P13|P19|P2|P21|P33|P40,8,lda,late_geometric,"[0.5, 0.5]",
attention,3,3,"8__lda__late_weighted__0.25,0.75",0.3286202376900103,P12|P20|P22|P24|P26|P3|P30|P34|P35|P4|P43|P44|P48|P9,P13|P19|P2|P21|P33|P40,8,lda,late_weighted,"[0.25, 0.75]",
attention,3,3,"8__lda__late_weighted__0.5,0.5",0.3250802195374773,P12|P20|P22|P24|P26|P3|P30|P34|P35|P4|P43|P44|P48|P9,P13|P19|P2|P21|P33|P40,8,lda,late_weighted,"[0.5, 0.5]",
attention,3,3,"8__lda__late_weighted__0.75,0.25",0.3230527571747224,P12|P20|P22|P24|P26|P3|P30|P34|P35|P4|P43|P44|P48|P9,P13|P19|P2|P21|P33|P40,8,lda,late_weighted,"[0.75, 0.25]",
attention,3,3,"8__lda__unimodal__1.0,0.0",0.3260765572367478,P12|P20|P22|P24|P26|P3|P30|P34|P35|P4|P43|P44|P48|P9,P13|P19|P2|P21|P33|P40,8,lda,unimodal,"[1.0, 0.0]",EEG
attention,3,3,"8__lda__unimodal__0.0,1.0",0.336869227444639,P12|P20|P22|P24|P26|P3|P30|P34|P35|P4|P43|P44|P48|P9,P13|P19|P2|P21|P33|P40,8,lda,unimodal,"[0.0, 1.0]",GSR
attention,3,3,8__extra_trees__early__,0.3465939814901709,P12|P20|P22|P24|P26|P3|P30|P34|P35|P4|P43|P44|P48|P9,P13|P19|P2|P21|P33|P40,8,extra_trees,early,,
attention,3,3,"8__extra_trees__late_mean__0.5,0.5",0.3493950267985086,P12|P20|P22|P24|P26|P3|P30|P34|P35|P4|P43|P44|P48|P9,P13|P19|P2|P21|P33|P40,8,extra_trees,late_mean,"[0.5, 0.5]",
attention,3,3,"8__extra_trees__late_geometric__0.5,0.5",0.350694193093974,P12|P20|P22|P24|P26|P3|P30|P34|P35|P4|P43|P44|P48|P9,P13|P19|P2|P21|P33|P40,8,extra_trees,late_geometric,"[0.5, 0.5]",
attention,3,3,"8__extra_trees__late_weighted__0.25,0.75",0.3566633076794502,P12|P20|P22|P24|P26|P3|P30|P34|P35|P4|P43|P44|P48|P9,P13|P19|P2|P21|P33|P40,8,extra_trees,late_weighted,"[0.25, 0.75]",
attention,3,3,"8__extra_trees__late_weighted__0.5,0.5",0.3493950267985086,P12|P20|P22|P24|P26|P3|P30|P34|P35|P4|P43|P44|P48|P9,P13|P19|P2|P21|P33|P40,8,extra_trees,late_weighted,"[0.5, 0.5]",
attention,3,3,"8__extra_trees__late_weighted__0.75,0.25",0.3457988744371612,P12|P20|P22|P24|P26|P3|P30|P34|P35|P4|P43|P44|P48|P9,P13|P19|P2|P21|P33|P40,8,extra_trees,late_weighted,"[0.75, 0.25]",
attention,3,3,"8__extra_trees__unimodal__1.0,0.0",0.324441086591869,P12|P20|P22|P24|P26|P3|P30|P34|P35|P4|P43|P44|P48|P9,P13|P19|P2|P21|P33|P40,8,extra_trees,unimodal,"[1.0, 0.0]",EEG
attention,3,3,"8__extra_trees__unimodal__0.0,1.0",0.3578897620221027,P12|P20|P22|P24|P26|P3|P30|P34|P35|P4|P43|P44|P48|P9,P13|P19|P2|P21|P33|P40,8,extra_trees,unimodal,"[0.0, 1.0]",GSR
attention,4,1,1__logistic__early__,0.3458371601560218,P12|P13|P18|P2|P22|P24|P26|P34|P35|P36|P40|P44|P46,P19|P21|P27|P30|P43|P48|P8,1,logistic,early,,
attention,4,1,"1__logistic__late_mean__0.5,0.5",0.3456487628798392,P12|P13|P18|P2|P22|P24|P26|P34|P35|P36|P40|P44|P46,P19|P21|P27|P30|P43|P48|P8,1,logistic,late_mean,"[0.5, 0.5]",
attention,4,1,"1__logistic__late_geometric__0.5,0.5",0.34476456351033,P12|P13|P18|P2|P22|P24|P26|P34|P35|P36|P40|P44|P46,P19|P21|P27|P30|P43|P48|P8,1,logistic,late_geometric,"[0.5, 0.5]",
attention,4,1,"1__logistic__late_weighted__0.25,0.75",0.3378667556491446,P12|P13|P18|P2|P22|P24|P26|P34|P35|P36|P40|P44|P46,P19|P21|P27|P30|P43|P48|P8,1,logistic,late_weighted,"[0.25, 0.75]",
attention,4,1,"1__logistic__late_weighted__0.5,0.5",0.3456487628798392,P12|P13|P18|P2|P22|P24|P26|P34|P35|P36|P40|P44|P46,P19|P21|P27|P30|P43|P48|P8,1,logistic,late_weighted,"[0.5, 0.5]",
attention,4,1,"1__logistic__late_weighted__0.75,0.25",0.3504962689987491,P12|P13|P18|P2|P22|P24|P26|P34|P35|P36|P40|P44|P46,P19|P21|P27|P30|P43|P48|P8,1,logistic,late_weighted,"[0.75, 0.25]",
attention,4,1,"1__logistic__unimodal__1.0,0.0",0.3451537255175026,P12|P13|P18|P2|P22|P24|P26|P34|P35|P36|P40|P44|P46,P19|P21|P27|P30|P43|P48|P8,1,logistic,unimodal,"[1.0, 0.0]",EEG
attention,4,1,"1__logistic__unimodal__0.0,1.0",0.3214635142337053,P12|P13|P18|P2|P22|P24|P26|P34|P35|P36|P40|P44|P46,P19|P21|P27|P30|P43|P48|P8,1,logistic,unimodal,"[0.0, 1.0]",GSR
attention,4,1,1__lda__early__,0.3479230288901956,P12|P13|P18|P2|P22|P24|P26|P34|P35|P36|P40|P44|P46,P19|P21|P27|P30|P43|P48|P8,1,lda,early,,
attention,4,1,"1__lda__late_mean__0.5,0.5",0.3458856572875192,P12|P13|P18|P2|P22|P24|P26|P34|P35|P36|P40|P44|P46,P19|P21|P27|P30|P43|P48|P8,1,lda,late_mean,"[0.5, 0.5]",
attention,4,1,"1__lda__late_geometric__0.5,0.5",0.3461303929129277,P12|P13|P18|P2|P22|P24|P26|P34|P35|P36|P40|P44|P46,P19|P21|P27|P30|P43|P48|P8,1,lda,late_geometric,"[0.5, 0.5]",
attention,4,1,"1__lda__late_weighted__0.25,0.75",0.3346886686776153,P12|P13|P18|P2|P22|P24|P26|P34|P35|P36|P40|P44|P46,P19|P21|P27|P30|P43|P48|P8,1,lda,late_weighted,"[0.25, 0.75]",
attention,4,1,"1__lda__late_weighted__0.5,0.5",0.3458856572875192,P12|P13|P18|P2|P22|P24|P26|P34|P35|P36|P40|P44|P46,P19|P21|P27|P30|P43|P48|P8,1,lda,late_weighted,"[0.5, 0.5]",
attention,4,1,"1__lda__late_weighted__0.75,0.25",0.3555582878621017,P12|P13|P18|P2|P22|P24|P26|P34|P35|P36|P40|P44|P46,P19|P21|P27|P30|P43|P48|P8,1,lda,late_weighted,"[0.75, 0.25]",
attention,4,1,"1__lda__unimodal__1.0,0.0",0.3496877211588555,P12|P13|P18|P2|P22|P24|P26|P34|P35|P36|P40|P44|P46,P19|P21|P27|P30|P43|P48|P8,1,lda,unimodal,"[1.0, 0.0]",EEG
attention,4,1,"1__lda__unimodal__0.0,1.0",0.3243025543590743,P12|P13|P18|P2|P22|P24|P26|P34|P35|P36|P40|P44|P46,P19|P21|P27|P30|P43|P48|P8,1,lda,unimodal,"[0.0, 1.0]",GSR
attention,4,1,1__extra_trees__early__,0.3351806150191461,P12|P13|P18|P2|P22|P24|P26|P34|P35|P36|P40|P44|P46,P19|P21|P27|P30|P43|P48|P8,1,extra_trees,early,,
attention,4,1,"1__extra_trees__late_mean__0.5,0.5",0.3439190503240576,P12|P13|P18|P2|P22|P24|P26|P34|P35|P36|P40|P44|P46,P19|P21|P27|P30|P43|P48|P8,1,extra_trees,late_mean,"[0.5, 0.5]",
attention,4,1,"1__extra_trees__late_geometric__0.5,0.5",0.3431520348838616,P12|P13|P18|P2|P22|P24|P26|P34|P35|P36|P40|P44|P46,P19|P21|P27|P30|P43|P48|P8,1,extra_trees,late_geometric,"[0.5, 0.5]",
attention,4,1,"1__extra_trees__late_weighted__0.25,0.75",0.3401087010056742,P12|P13|P18|P2|P22|P24|P26|P34|P35|P36|P40|P44|P46,P19|P21|P27|P30|P43|P48|P8,1,extra_trees,late_weighted,"[0.25, 0.75]",
attention,4,1,"1__extra_trees__late_weighted__0.5,0.5",0.3439190503240576,P12|P13|P18|P2|P22|P24|P26|P34|P35|P36|P40|P44|P46,P19|P21|P27|P30|P43|P48|P8,1,extra_trees,late_weighted,"[0.5, 0.5]",
attention,4,1,"1__extra_trees__late_weighted__0.75,0.25",0.3392569926279015,P12|P13|P18|P2|P22|P24|P26|P34|P35|P36|P40|P44|P46,P19|P21|P27|P30|P43|P48|P8,1,extra_trees,late_weighted,"[0.75, 0.25]",
attention,4,1,"1__extra_trees__unimodal__1.0,0.0",0.3465699516594231,P12|P13|P18|P2|P22|P24|P26|P34|P35|P36|P40|P44|P46,P19|P21|P27|P30|P43|P48|P8,1,extra_trees,unimodal,"[1.0, 0.0]",EEG
attention,4,1,"1__extra_trees__unimodal__0.0,1.0",0.335893408292927,P12|P13|P18|P2|P22|P24|P26|P34|P35|P36|P40|P44|P46,P19|P21|P27|P30|P43|P48|P8,1,extra_trees,unimodal,"[0.0, 1.0]",GSR
attention,4,1,8__logistic__early__,0.331246873288271,P12|P13|P18|P2|P22|P24|P26|P34|P35|P36|P40|P44|P46,P19|P21|P27|P30|P43|P48|P8,8,logistic,early,,
attention,4,1,"8__logistic__late_mean__0.5,0.5",0.3281044462218662,P12|P13|P18|P2|P22|P24|P26|P34|P35|P36|P40|P44|P46,P19|P21|P27|P30|P43|P48|P8,8,logistic,late_mean,"[0.5, 0.5]",
attention,4,1,"8__logistic__late_geometric__0.5,0.5",0.3290410022885944,P12|P13|P18|P2|P22|P24|P26|P34|P35|P36|P40|P44|P46,P19|P21|P27|P30|P43|P48|P8,8,logistic,late_geometric,"[0.5, 0.5]",
attention,4,1,"8__logistic__late_weighted__0.25,0.75",0.3340856049765689,P12|P13|P18|P2|P22|P24|P26|P34|P35|P36|P40|P44|P46,P19|P21|P27|P30|P43|P48|P8,8,logistic,late_weighted,"[0.25, 0.75]",
attention,4,1,"8__logistic__late_weighted__0.5,0.5",0.3281044462218662,P12|P13|P18|P2|P22|P24|P26|P34|P35|P36|P40|P44|P46,P19|P21|P27|P30|P43|P48|P8,8,logistic,late_weighted,"[0.5, 0.5]",
attention,4,1,"8__logistic__late_weighted__0.75,0.25",0.3412061186991753,P12|P13|P18|P2|P22|P24|P26|P34|P35|P36|P40|P44|P46,P19|P21|P27|P30|P43|P48|P8,8,logistic,late_weighted,"[0.75, 0.25]",
attention,4,1,"8__logistic__unimodal__1.0,0.0",0.3467364699347125,P12|P13|P18|P2|P22|P24|P26|P34|P35|P36|P40|P44|P46,P19|P21|P27|P30|P43|P48|P8,8,logistic,unimodal,"[1.0, 0.0]",EEG
attention,4,1,"8__logistic__unimodal__0.0,1.0",0.3323956280011857,P12|P13|P18|P2|P22|P24|P26|P34|P35|P36|P40|P44|P46,P19|P21|P27|P30|P43|P48|P8,8,logistic,unimodal,"[0.0, 1.0]",GSR
attention,4,1,8__lda__early__,0.3376950711354233,P12|P13|P18|P2|P22|P24|P26|P34|P35|P36|P40|P44|P46,P19|P21|P27|P30|P43|P48|P8,8,lda,early,,
attention,4,1,"8__lda__late_mean__0.5,0.5",0.3330141611055437,P12|P13|P18|P2|P22|P24|P26|P34|P35|P36|P40|P44|P46,P19|P21|P27|P30|P43|P48|P8,8,lda,late_mean,"[0.5, 0.5]",
attention,4,1,"8__lda__late_geometric__0.5,0.5",0.3319721451896461,P12|P13|P18|P2|P22|P24|P26|P34|P35|P36|P40|P44|P46,P19|P21|P27|P30|P43|P48|P8,8,lda,late_geometric,"[0.5, 0.5]",
attention,4,1,"8__lda__late_weighted__0.25,0.75",0.3314163428859391,P12|P13|P18|P2|P22|P24|P26|P34|P35|P36|P40|P44|P46,P19|P21|P27|P30|P43|P48|P8,8,lda,late_weighted,"[0.25, 0.75]",
attention,4,1,"8__lda__late_weighted__0.5,0.5",0.3330141611055437,P12|P13|P18|P2|P22|P24|P26|P34|P35|P36|P40|P44|P46,P19|P21|P27|P30|P43|P48|P8,8,lda,late_weighted,"[0.5, 0.5]",
attention,4,1,"8__lda__late_weighted__0.75,0.25",0.3425732654814284,P12|P13|P18|P2|P22|P24|P26|P34|P35|P36|P40|P44|P46,P19|P21|P27|P30|P43|P48|P8,8,lda,late_weighted,"[0.75, 0.25]",
attention,4,1,"8__lda__unimodal__1.0,0.0",0.349559422180127,P12|P13|P18|P2|P22|P24|P26|P34|P35|P36|P40|P44|P46,P19|P21|P27|P30|P43|P48|P8,8,lda,unimodal,"[1.0, 0.0]",EEG
attention,4,1,"8__lda__unimodal__0.0,1.0",0.3259449565281008,P12|P13|P18|P2|P22|P24|P26|P34|P35|P36|P40|P44|P46,P19|P21|P27|P30|P43|P48|P8,8,lda,unimodal,"[0.0, 1.0]",GSR
attention,4,1,8__extra_trees__early__,0.3296775534116906,P12|P13|P18|P2|P22|P24|P26|P34|P35|P36|P40|P44|P46,P19|P21|P27|P30|P43|P48|P8,8,extra_trees,early,,
attention,4,1,"8__extra_trees__late_mean__0.5,0.5",0.3362114062600957,P12|P13|P18|P2|P22|P24|P26|P34|P35|P36|P40|P44|P46,P19|P21|P27|P30|P43|P48|P8,8,extra_trees,late_mean,"[0.5, 0.5]",
attention,4,1,"8__extra_trees__late_geometric__0.5,0.5",0.3358002400347053,P12|P13|P18|P2|P22|P24|P26|P34|P35|P36|P40|P44|P46,P19|P21|P27|P30|P43|P48|P8,8,extra_trees,late_geometric,"[0.5, 0.5]",
attention,4,1,"8__extra_trees__late_weighted__0.25,0.75",0.3311895922788341,P12|P13|P18|P2|P22|P24|P26|P34|P35|P36|P40|P44|P46,P19|P21|P27|P30|P43|P48|P8,8,extra_trees,late_weighted,"[0.25, 0.75]",
attention,4,1,"8__extra_trees__late_weighted__0.5,0.5",0.3362114062600957,P12|P13|P18|P2|P22|P24|P26|P34|P35|P36|P40|P44|P46,P19|P21|P27|P30|P43|P48|P8,8,extra_trees,late_weighted,"[0.5, 0.5]",
attention,4,1,"8__extra_trees__late_weighted__0.75,0.25",0.322126260433811,P12|P13|P18|P2|P22|P24|P26|P34|P35|P36|P40|P44|P46,P19|P21|P27|P30|P43|P48|P8,8,extra_trees,late_weighted,"[0.75, 0.25]",
attention,4,1,"8__extra_trees__unimodal__1.0,0.0",0.3256992739809034,P12|P13|P18|P2|P22|P24|P26|P34|P35|P36|P40|P44|P46,P19|P21|P27|P30|P43|P48|P8,8,extra_trees,unimodal,"[1.0, 0.0]",EEG
attention,4,1,"8__extra_trees__unimodal__0.0,1.0",0.3379178423288099,P12|P13|P18|P2|P22|P24|P26|P34|P35|P36|P40|P44|P46,P19|P21|P27|P30|P43|P48|P8,8,extra_trees,unimodal,"[0.0, 1.0]",GSR
attention,4,2,1__logistic__early__,0.3434424300030686,P13|P19|P2|P21|P24|P27|P30|P35|P36|P43|P46|P48|P8,P12|P18|P22|P26|P34|P40|P44,1,logistic,early,,
attention,4,2,"1__logistic__late_mean__0.5,0.5",0.3453021556320784,P13|P19|P2|P21|P24|P27|P30|P35|P36|P43|P46|P48|P8,P12|P18|P22|P26|P34|P40|P44,1,logistic,late_mean,"[0.5, 0.5]",
attention,4,2,"1__logistic__late_geometric__0.5,0.5",0.3454903554661541,P13|P19|P2|P21|P24|P27|P30|P35|P36|P43|P46|P48|P8,P12|P18|P22|P26|P34|P40|P44,1,logistic,late_geometric,"[0.5, 0.5]",
attention,4,2,"1__logistic__late_weighted__0.25,0.75",0.3342872396602976,P13|P19|P2|P21|P24|P27|P30|P35|P36|P43|P46|P48|P8,P12|P18|P22|P26|P34|P40|P44,1,logistic,late_weighted,"[0.25, 0.75]",
attention,4,2,"1__logistic__late_weighted__0.5,0.5",0.3453021556320784,P13|P19|P2|P21|P24|P27|P30|P35|P36|P43|P46|P48|P8,P12|P18|P22|P26|P34|P40|P44,1,logistic,late_weighted,"[0.5, 0.5]",
attention,4,2,"1__logistic__late_weighted__0.75,0.25",0.3490130550478194,P13|P19|P2|P21|P24|P27|P30|P35|P36|P43|P46|P48|P8,P12|P18|P22|P26|P34|P40|P44,1,logistic,late_weighted,"[0.75, 0.25]",
attention,4,2,"1__logistic__unimodal__1.0,0.0",0.3515782217577104,P13|P19|P2|P21|P24|P27|P30|P35|P36|P43|P46|P48|P8,P12|P18|P22|P26|P34|P40|P44,1,logistic,unimodal,"[1.0, 0.0]",EEG
attention,4,2,"1__logistic__unimodal__0.0,1.0",0.3323315307867492,P13|P19|P2|P21|P24|P27|P30|P35|P36|P43|P46|P48|P8,P12|P18|P22|P26|P34|P40|P44,1,logistic,unimodal,"[0.0, 1.0]",GSR
attention,4,2,1__lda__early__,0.3403780468478611,P13|P19|P2|P21|P24|P27|P30|P35|P36|P43|P46|P48|P8,P12|P18|P22|P26|P34|P40|P44,1,lda,early,,
attention,4,2,"1__lda__late_mean__0.5,0.5",0.3458535196558441,P13|P19|P2|P21|P24|P27|P30|P35|P36|P43|P46|P48|P8,P12|P18|P22|P26|P34|P40|P44,1,lda,late_mean,"[0.5, 0.5]",
attention,4,2,"1__lda__late_geometric__0.5,0.5",0.3452754940997748,P13|P19|P2|P21|P24|P27|P30|P35|P36|P43|P46|P48|P8,P12|P18|P22|P26|P34|P40|P44,1,lda,late_geometric,"[0.5, 0.5]",
attention,4,2,"1__lda__late_weighted__0.25,0.75",0.3371996299299619,P13|P19|P2|P21|P24|P27|P30|P35|P36|P43|P46|P48|P8,P12|P18|P22|P26|P34|P40|P44,1,lda,late_weighted,"[0.25, 0.75]",
attention,4,2,"1__lda__late_weighted__0.5,0.5",0.3458535196558441,P13|P19|P2|P21|P24|P27|P30|P35|P36|P43|P46|P48|P8,P12|P18|P22|P26|P34|P40|P44,1,lda,late_weighted,"[0.5, 0.5]",
attention,4,2,"1__lda__late_weighted__0.75,0.25",0.354147443289951,P13|P19|P2|P21|P24|P27|P30|P35|P36|P43|P46|P48|P8,P12|P18|P22|P26|P34|P40|P44,1,lda,late_weighted,"[0.75, 0.25]",
attention,4,2,"1__lda__unimodal__1.0,0.0",0.3555670488015052,P13|P19|P2|P21|P24|P27|P30|P35|P36|P43|P46|P48|P8,P12|P18|P22|P26|P34|P40|P44,1,lda,unimodal,"[1.0, 0.0]",EEG
attention,4,2,"1__lda__unimodal__0.0,1.0",0.3323316729291715,P13|P19|P2|P21|P24|P27|P30|P35|P36|P43|P46|P48|P8,P12|P18|P22|P26|P34|P40|P44,1,lda,unimodal,"[0.0, 1.0]",GSR
attention,4,2,1__extra_trees__early__,0.3382720690476807,P13|P19|P2|P21|P24|P27|P30|P35|P36|P43|P46|P48|P8,P12|P18|P22|P26|P34|P40|P44,1,extra_trees,early,,
attention,4,2,"1__extra_trees__late_mean__0.5,0.5",0.35164947494655,P13|P19|P2|P21|P24|P27|P30|P35|P36|P43|P46|P48|P8,P12|P18|P22|P26|P34|P40|P44,1,extra_trees,late_mean,"[0.5, 0.5]",
attention,4,2,"1__extra_trees__late_geometric__0.5,0.5",0.3529666632722256,P13|P19|P2|P21|P24|P27|P30|P35|P36|P43|P46|P48|P8,P12|P18|P22|P26|P34|P40|P44,1,extra_trees,late_geometric,"[0.5, 0.5]",
attention,4,2,"1__extra_trees__late_weighted__0.25,0.75",0.3602454305064096,P13|P19|P2|P21|P24|P27|P30|P35|P36|P43|P46|P48|P8,P12|P18|P22|P26|P34|P40|P44,1,extra_trees,late_weighted,"[0.25, 0.75]",
attention,4,2,"1__extra_trees__late_weighted__0.5,0.5",0.35164947494655,P13|P19|P2|P21|P24|P27|P30|P35|P36|P43|P46|P48|P8,P12|P18|P22|P26|P34|P40|P44,1,extra_trees,late_weighted,"[0.5, 0.5]",
attention,4,2,"1__extra_trees__late_weighted__0.75,0.25",0.3402720868403251,P13|P19|P2|P21|P24|P27|P30|P35|P36|P43|P46|P48|P8,P12|P18|P22|P26|P34|P40|P44,1,extra_trees,late_weighted,"[0.75, 0.25]",
attention,4,2,"1__extra_trees__unimodal__1.0,0.0",0.3475718282597325,P13|P19|P2|P21|P24|P27|P30|P35|P36|P43|P46|P48|P8,P12|P18|P22|P26|P34|P40|P44,1,extra_trees,unimodal,"[1.0, 0.0]",EEG
attention,4,2,"1__extra_trees__unimodal__0.0,1.0",0.3537050381318799,P13|P19|P2|P21|P24|P27|P30|P35|P36|P43|P46|P48|P8,P12|P18|P22|P26|P34|P40|P44,1,extra_trees,unimodal,"[0.0, 1.0]",GSR
attention,4,2,8__logistic__early__,0.3380487850191686,P13|P19|P2|P21|P24|P27|P30|P35|P36|P43|P46|P48|P8,P12|P18|P22|P26|P34|P40|P44,8,logistic,early,,
attention,4,2,"8__logistic__late_mean__0.5,0.5",0.3369470567339895,P13|P19|P2|P21|P24|P27|P30|P35|P36|P43|P46|P48|P8,P12|P18|P22|P26|P34|P40|P44,8,logistic,late_mean,"[0.5, 0.5]",
attention,4,2,"8__logistic__late_geometric__0.5,0.5",0.3353308131403442,P13|P19|P2|P21|P24|P27|P30|P35|P36|P43|P46|P48|P8,P12|P18|P22|P26|P34|P40|P44,8,logistic,late_geometric,"[0.5, 0.5]",
attention,4,2,"8__logistic__late_weighted__0.25,0.75",0.3346920182067753,P13|P19|P2|P21|P24|P27|P30|P35|P36|P43|P46|P48|P8,P12|P18|P22|P26|P34|P40|P44,8,logistic,late_weighted,"[0.25, 0.75]",
attention,4,2,"8__logistic__late_weighted__0.5,0.5",0.3369470567339895,P13|P19|P2|P21|P24|P27|P30|P35|P36|P43|P46|P48|P8,P12|P18|P22|P26|P34|P40|P44,8,logistic,late_weighted,"[0.5, 0.5]",
attention,4,2,"8__logistic__late_weighted__0.75,0.25",0.3415697836520087,P13|P19|P2|P21|P24|P27|P30|P35|P36|P43|P46|P48|P8,P12|P18|P22|P26|P34|P40|P44,8,logistic,late_weighted,"[0.75, 0.25]",
attention,4,2,"8__logistic__unimodal__1.0,0.0",0.353034487785601,P13|P19|P2|P21|P24|P27|P30|P35|P36|P43|P46|P48|P8,P12|P18|P22|P26|P34|P40|P44,8,logistic,unimodal,"[1.0, 0.0]",EEG
attention,4,2,"8__logistic__unimodal__0.0,1.0",0.3358207073959042,P13|P19|P2|P21|P24|P27|P30|P35|P36|P43|P46|P48|P8,P12|P18|P22|P26|P34|P40|P44,8,logistic,unimodal,"[0.0, 1.0]",GSR
attention,4,2,8__lda__early__,0.3403052280131927,P13|P19|P2|P21|P24|P27|P30|P35|P36|P43|P46|P48|P8,P12|P18|P22|P26|P34|P40|P44,8,lda,early,,
attention,4,2,"8__lda__late_mean__0.5,0.5",0.3344982882699225,P13|P19|P2|P21|P24|P27|P30|P35|P36|P43|P46|P48|P8,P12|P18|P22|P26|P34|P40|P44,8,lda,late_mean,"[0.5, 0.5]",
attention,4,2,"8__lda__late_geometric__0.5,0.5",0.333061612233525,P13|P19|P2|P21|P24|P27|P30|P35|P36|P43|P46|P48|P8,P12|P18|P22|P26|P34|P40|P44,8,lda,late_geometric,"[0.5, 0.5]",
attention,4,2,"8__lda__late_weighted__0.25,0.75",0.3390203976613807,P13|P19|P2|P21|P24|P27|P30|P35|P36|P43|P46|P48|P8,P12|P18|P22|P26|P34|P40|P44,8,lda,late_weighted,"[0.25, 0.75]",
attention,4,2,"8__lda__late_weighted__0.5,0.5",0.3344982882699225,P13|P19|P2|P21|P24|P27|P30|P35|P36|P43|P46|P48|P8,P12|P18|P22|P26|P34|P40|P44,8,lda,late_weighted,"[0.5, 0.5]",
attention,4,2,"8__lda__late_weighted__0.75,0.25",0.3454047017771647,P13|P19|P2|P21|P24|P27|P30|P35|P36|P43|P46|P48|P8,P12|P18|P22|P26|P34|P40|P44,8,lda,late_weighted,"[0.75, 0.25]",
attention,4,2,"8__lda__unimodal__1.0,0.0",0.3534128072243088,P13|P19|P2|P21|P24|P27|P30|P35|P36|P43|P46|P48|P8,P12|P18|P22|P26|P34|P40|P44,8,lda,unimodal,"[1.0, 0.0]",EEG
attention,4,2,"8__lda__unimodal__0.0,1.0",0.3407923622102519,P13|P19|P2|P21|P24|P27|P30|P35|P36|P43|P46|P48|P8,P12|P18|P22|P26|P34|P40|P44,8,lda,unimodal,"[0.0, 1.0]",GSR
attention,4,2,8__extra_trees__early__,0.3438131607325239,P13|P19|P2|P21|P24|P27|P30|P35|P36|P43|P46|P48|P8,P12|P18|P22|P26|P34|P40|P44,8,extra_trees,early,,
attention,4,2,"8__extra_trees__late_mean__0.5,0.5",0.3376758142192304,P13|P19|P2|P21|P24|P27|P30|P35|P36|P43|P46|P48|P8,P12|P18|P22|P26|P34|P40|P44,8,extra_trees,late_mean,"[0.5, 0.5]",
attention,4,2,"8__extra_trees__late_geometric__0.5,0.5",0.3402962954843123,P13|P19|P2|P21|P24|P27|P30|P35|P36|P43|P46|P48|P8,P12|P18|P22|P26|P34|P40|P44,8,extra_trees,late_geometric,"[0.5, 0.5]",
attention,4,2,"8__extra_trees__late_weighted__0.25,0.75",0.3333555215391001,P13|P19|P2|P21|P24|P27|P30|P35|P36|P43|P46|P48|P8,P12|P18|P22|P26|P34|P40|P44,8,extra_trees,late_weighted,"[0.25, 0.75]",
attention,4,2,"8__extra_trees__late_weighted__0.5,0.5",0.3376758142192304,P13|P19|P2|P21|P24|P27|P30|P35|P36|P43|P46|P48|P8,P12|P18|P22|P26|P34|P40|P44,8,extra_trees,late_weighted,"[0.5, 0.5]",
attention,4,2,"8__extra_trees__late_weighted__0.75,0.25",0.3400382566009711,P13|P19|P2|P21|P24|P27|P30|P35|P36|P43|P46|P48|P8,P12|P18|P22|P26|P34|P40|P44,8,extra_trees,late_weighted,"[0.75, 0.25]",
attention,4,2,"8__extra_trees__unimodal__1.0,0.0",0.3372180249282228,P13|P19|P2|P21|P24|P27|P30|P35|P36|P43|P46|P48|P8,P12|P18|P22|P26|P34|P40|P44,8,extra_trees,unimodal,"[1.0, 0.0]",EEG
attention,4,2,"8__extra_trees__unimodal__0.0,1.0",0.34362402255519,P13|P19|P2|P21|P24|P27|P30|P35|P36|P43|P46|P48|P8,P12|P18|P22|P26|P34|P40|P44,8,extra_trees,unimodal,"[0.0, 1.0]",GSR
attention,4,3,1__logistic__early__,0.3312888394909877,P12|P18|P19|P21|P22|P26|P27|P30|P34|P40|P43|P44|P48|P8,P13|P2|P24|P35|P36|P46,1,logistic,early,,
attention,4,3,"1__logistic__late_mean__0.5,0.5",0.3275771743658894,P12|P18|P19|P21|P22|P26|P27|P30|P34|P40|P43|P44|P48|P8,P13|P2|P24|P35|P36|P46,1,logistic,late_mean,"[0.5, 0.5]",
attention,4,3,"1__logistic__late_geometric__0.5,0.5",0.3279737440506059,P12|P18|P19|P21|P22|P26|P27|P30|P34|P40|P43|P44|P48|P8,P13|P2|P24|P35|P36|P46,1,logistic,late_geometric,"[0.5, 0.5]",
attention,4,3,"1__logistic__late_weighted__0.25,0.75",0.3398004767528373,P12|P18|P19|P21|P22|P26|P27|P30|P34|P40|P43|P44|P48|P8,P13|P2|P24|P35|P36|P46,1,logistic,late_weighted,"[0.25, 0.75]",
attention,4,3,"1__logistic__late_weighted__0.5,0.5",0.3275771743658894,P12|P18|P19|P21|P22|P26|P27|P30|P34|P40|P43|P44|P48|P8,P13|P2|P24|P35|P36|P46,1,logistic,late_weighted,"[0.5, 0.5]",
attention,4,3,"1__logistic__late_weighted__0.75,0.25",0.3164419309130229,P12|P18|P19|P21|P22|P26|P27|P30|P34|P40|P43|P44|P48|P8,P13|P2|P24|P35|P36|P46,1,logistic,late_weighted,"[0.75, 0.25]",
attention,4,3,"1__logistic__unimodal__1.0,0.0",0.3172912911364426,P12|P18|P19|P21|P22|P26|P27|P30|P34|P40|P43|P44|P48|P8,P13|P2|P24|P35|P36|P46,1,logistic,unimodal,"[1.0, 0.0]",EEG
attention,4,3,"1__logistic__unimodal__0.0,1.0",0.3288156695068821,P12|P18|P19|P21|P22|P26|P27|P30|P34|P40|P43|P44|P48|P8,P13|P2|P24|P35|P36|P46,1,logistic,unimodal,"[0.0, 1.0]",GSR
attention,4,3,1__lda__early__,0.3260856407387874,P12|P18|P19|P21|P22|P26|P27|P30|P34|P40|P43|P44|P48|P8,P13|P2|P24|P35|P36|P46,1,lda,early,,
attention,4,3,"1__lda__late_mean__0.5,0.5",0.3254490517564992,P12|P18|P19|P21|P22|P26|P27|P30|P34|P40|P43|P44|P48|P8,P13|P2|P24|P35|P36|P46,1,lda,late_mean,"[0.5, 0.5]",
attention,4,3,"1__lda__late_geometric__0.5,0.5",0.3259192448757939,P12|P18|P19|P21|P22|P26|P27|P30|P34|P40|P43|P44|P48|P8,P13|P2|P24|P35|P36|P46,1,lda,late_geometric,"[0.5, 0.5]",
attention,4,3,"1__lda__late_weighted__0.25,0.75",0.3339168892530708,P12|P18|P19|P21|P22|P26|P27|P30|P34|P40|P43|P44|P48|P8,P13|P2|P24|P35|P36|P46,1,lda,late_weighted,"[0.25, 0.75]",
attention,4,3,"1__lda__late_weighted__0.5,0.5",0.3254490517564992,P12|P18|P19|P21|P22|P26|P27|P30|P34|P40|P43|P44|P48|P8,P13|P2|P24|P35|P36|P46,1,lda,late_weighted,"[0.5, 0.5]",
attention,4,3,"1__lda__late_weighted__0.75,0.25",0.3124154087951585,P12|P18|P19|P21|P22|P26|P27|P30|P34|P40|P43|P44|P48|P8,P13|P2|P24|P35|P36|P46,1,lda,late_weighted,"[0.75, 0.25]",
attention,4,3,"1__lda__unimodal__1.0,0.0",0.3209901170604815,P12|P18|P19|P21|P22|P26|P27|P30|P34|P40|P43|P44|P48|P8,P13|P2|P24|P35|P36|P46,1,lda,unimodal,"[1.0, 0.0]",EEG
attention,4,3,"1__lda__unimodal__0.0,1.0",0.331934674116369,P12|P18|P19|P21|P22|P26|P27|P30|P34|P40|P43|P44|P48|P8,P13|P2|P24|P35|P36|P46,1,lda,unimodal,"[0.0, 1.0]",GSR
attention,4,3,1__extra_trees__early__,0.322611260059578,P12|P18|P19|P21|P22|P26|P27|P30|P34|P40|P43|P44|P48|P8,P13|P2|P24|P35|P36|P46,1,extra_trees,early,,
attention,4,3,"1__extra_trees__late_mean__0.5,0.5",0.3319140956179889,P12|P18|P19|P21|P22|P26|P27|P30|P34|P40|P43|P44|P48|P8,P13|P2|P24|P35|P36|P46,1,extra_trees,late_mean,"[0.5, 0.5]",
attention,4,3,"1__extra_trees__late_geometric__0.5,0.5",0.3307396172741922,P12|P18|P19|P21|P22|P26|P27|P30|P34|P40|P43|P44|P48|P8,P13|P2|P24|P35|P36|P46,1,extra_trees,late_geometric,"[0.5, 0.5]",
attention,4,3,"1__extra_trees__late_weighted__0.25,0.75",0.3212255001350279,P12|P18|P19|P21|P22|P26|P27|P30|P34|P40|P43|P44|P48|P8,P13|P2|P24|P35|P36|P46,1,extra_trees,late_weighted,"[0.25, 0.75]",
attention,4,3,"1__extra_trees__late_weighted__0.5,0.5",0.3319140956179889,P12|P18|P19|P21|P22|P26|P27|P30|P34|P40|P43|P44|P48|P8,P13|P2|P24|P35|P36|P46,1,extra_trees,late_weighted,"[0.5, 0.5]",
attention,4,3,"1__extra_trees__late_weighted__0.75,0.25",0.3317247072056856,P12|P18|P19|P21|P22|P26|P27|P30|P34|P40|P43|P44|P48|P8,P13|P2|P24|P35|P36|P46,1,extra_trees,late_weighted,"[0.75, 0.25]",
attention,4,3,"1__extra_trees__unimodal__1.0,0.0",0.332336727873613,P12|P18|P19|P21|P22|P26|P27|P30|P34|P40|P43|P44|P48|P8,P13|P2|P24|P35|P36|P46,1,extra_trees,unimodal,"[1.0, 0.0]",EEG
attention,4,3,"1__extra_trees__unimodal__0.0,1.0",0.3420598979277713,P12|P18|P19|P21|P22|P26|P27|P30|P34|P40|P43|P44|P48|P8,P13|P2|P24|P35|P36|P46,1,extra_trees,unimodal,"[0.0, 1.0]",GSR
attention,4,3,8__logistic__early__,0.3383529058497367,P12|P18|P19|P21|P22|P26|P27|P30|P34|P40|P43|P44|P48|P8,P13|P2|P24|P35|P36|P46,8,logistic,early,,
attention,4,3,"8__logistic__late_mean__0.5,0.5",0.3384486702323497,P12|P18|P19|P21|P22|P26|P27|P30|P34|P40|P43|P44|P48|P8,P13|P2|P24|P35|P36|P46,8,logistic,late_mean,"[0.5, 0.5]",
attention,4,3,"8__logistic__late_geometric__0.5,0.5",0.3377772524087879,P12|P18|P19|P21|P22|P26|P27|P30|P34|P40|P43|P44|P48|P8,P13|P2|P24|P35|P36|P46,8,logistic,late_geometric,"[0.5, 0.5]",
attention,4,3,"8__logistic__late_weighted__0.25,0.75",0.3278925356674824,P12|P18|P19|P21|P22|P26|P27|P30|P34|P40|P43|P44|P48|P8,P13|P2|P24|P35|P36|P46,8,logistic,late_weighted,"[0.25, 0.75]",
attention,4,3,"8__logistic__late_weighted__0.5,0.5",0.3384486702323497,P12|P18|P19|P21|P22|P26|P27|P30|P34|P40|P43|P44|P48|P8,P13|P2|P24|P35|P36|P46,8,logistic,late_weighted,"[0.5, 0.5]",
attention,4,3,"8__logistic__late_weighted__0.75,0.25",0.3340574690110725,P12|P18|P19|P21|P22|P26|P27|P30|P34|P40|P43|P44|P48|P8,P13|P2|P24|P35|P36|P46,8,logistic,late_weighted,"[0.75, 0.25]",
attention,4,3,"8__logistic__unimodal__1.0,0.0",0.3318313615060562,P12|P18|P19|P21|P22|P26|P27|P30|P34|P40|P43|P44|P48|P8,P13|P2|P24|P35|P36|P46,8,logistic,unimodal,"[1.0, 0.0]",EEG
attention,4,3,"8__logistic__unimodal__0.0,1.0",0.3230579131795428,P12|P18|P19|P21|P22|P26|P27|P30|P34|P40|P43|P44|P48|P8,P13|P2|P24|P35|P36|P46,8,logistic,unimodal,"[0.0, 1.0]",GSR
attention,4,3,8__lda__early__,0.3336446081056314,P12|P18|P19|P21|P22|P26|P27|P30|P34|P40|P43|P44|P48|P8,P13|P2|P24|P35|P36|P46,8,lda,early,,
attention,4,3,"8__lda__late_mean__0.5,0.5",0.337613136034374,P12|P18|P19|P21|P22|P26|P27|P30|P34|P40|P43|P44|P48|P8,P13|P2|P24|P35|P36|P46,8,lda,late_mean,"[0.5, 0.5]",
attention,4,3,"8__lda__late_geometric__0.5,0.5",0.3391749345984169,P12|P18|P19|P21|P22|P26|P27|P30|P34|P40|P43|P44|P48|P8,P13|P2|P24|P35|P36|P46,8,lda,late_geometric,"[0.5, 0.5]",
attention,4,3,"8__lda__late_weighted__0.25,0.75",0.3259689272830068,P12|P18|P19|P21|P22|P26|P27|P30|P34|P40|P43|P44|P48|P8,P13|P2|P24|P35|P36|P46,8,lda,late_weighted,"[0.25, 0.75]",
attention,4,3,"8__lda__late_weighted__0.5,0.5",0.337613136034374,P12|P18|P19|P21|P22|P26|P27|P30|P34|P40|P43|P44|P48|P8,P13|P2|P24|P35|P36|P46,8,lda,late_weighted,"[0.5, 0.5]",
attention,4,3,"8__lda__late_weighted__0.75,0.25",0.3360261373464721,P12|P18|P19|P21|P22|P26|P27|P30|P34|P40|P43|P44|P48|P8,P13|P2|P24|P35|P36|P46,8,lda,late_weighted,"[0.75, 0.25]",
attention,4,3,"8__lda__unimodal__1.0,0.0",0.3336766212956064,P12|P18|P19|P21|P22|P26|P27|P30|P34|P40|P43|P44|P48|P8,P13|P2|P24|P35|P36|P46,8,lda,unimodal,"[1.0, 0.0]",EEG
attention,4,3,"8__lda__unimodal__0.0,1.0",0.3182864161828068,P12|P18|P19|P21|P22|P26|P27|P30|P34|P40|P43|P44|P48|P8,P13|P2|P24|P35|P36|P46,8,lda,unimodal,"[0.0, 1.0]",GSR
attention,4,3,8__extra_trees__early__,0.3115937804163381,P12|P18|P19|P21|P22|P26|P27|P30|P34|P40|P43|P44|P48|P8,P13|P2|P24|P35|P36|P46,8,extra_trees,early,,
attention,4,3,"8__extra_trees__late_mean__0.5,0.5",0.3330270965279672,P12|P18|P19|P21|P22|P26|P27|P30|P34|P40|P43|P44|P48|P8,P13|P2|P24|P35|P36|P46,8,extra_trees,late_mean,"[0.5, 0.5]",
attention,4,3,"8__extra_trees__late_geometric__0.5,0.5",0.3330381170785755,P12|P18|P19|P21|P22|P26|P27|P30|P34|P40|P43|P44|P48|P8,P13|P2|P24|P35|P36|P46,8,extra_trees,late_geometric,"[0.5, 0.5]",
attention,4,3,"8__extra_trees__late_weighted__0.25,0.75",0.3469671985205497,P12|P18|P19|P21|P22|P26|P27|P30|P34|P40|P43|P44|P48|P8,P13|P2|P24|P35|P36|P46,8,extra_trees,late_weighted,"[0.25, 0.75]",
attention,4,3,"8__extra_trees__late_weighted__0.5,0.5",0.3330270965279672,P12|P18|P19|P21|P22|P26|P27|P30|P34|P40|P43|P44|P48|P8,P13|P2|P24|P35|P36|P46,8,extra_trees,late_weighted,"[0.5, 0.5]",
attention,4,3,"8__extra_trees__late_weighted__0.75,0.25",0.3245540784887543,P12|P18|P19|P21|P22|P26|P27|P30|P34|P40|P43|P44|P48|P8,P13|P2|P24|P35|P36|P46,8,extra_trees,late_weighted,"[0.75, 0.25]",
attention,4,3,"8__extra_trees__unimodal__1.0,0.0",0.3133862510324602,P12|P18|P19|P21|P22|P26|P27|P30|P34|P40|P43|P44|P48|P8,P13|P2|P24|P35|P36|P46,8,extra_trees,unimodal,"[1.0, 0.0]",EEG
attention,4,3,"8__extra_trees__unimodal__0.0,1.0",0.3489522932539967,P12|P18|P19|P21|P22|P26|P27|P30|P34|P40|P43|P44|P48|P8,P13|P2|P24|P35|P36|P46,8,extra_trees,unimodal,"[0.0, 1.0]",GSR
attention,5,1,1__logistic__early__,0.3188255207114597,P12|P18|P2|P24|P27|P33|P35|P36|P4|P43|P48|P8|P9,P19|P20|P22|P3|P30|P40|P46,1,logistic,early,,
attention,5,1,"1__logistic__late_mean__0.5,0.5",0.3223671134255654,P12|P18|P2|P24|P27|P33|P35|P36|P4|P43|P48|P8|P9,P19|P20|P22|P3|P30|P40|P46,1,logistic,late_mean,"[0.5, 0.5]",
attention,5,1,"1__logistic__late_geometric__0.5,0.5",0.3222205766430099,P12|P18|P2|P24|P27|P33|P35|P36|P4|P43|P48|P8|P9,P19|P20|P22|P3|P30|P40|P46,1,logistic,late_geometric,"[0.5, 0.5]",
attention,5,1,"1__logistic__late_weighted__0.25,0.75",0.3157434078221365,P12|P18|P2|P24|P27|P33|P35|P36|P4|P43|P48|P8|P9,P19|P20|P22|P3|P30|P40|P46,1,logistic,late_weighted,"[0.25, 0.75]",
attention,5,1,"1__logistic__late_weighted__0.5,0.5",0.3223671134255654,P12|P18|P2|P24|P27|P33|P35|P36|P4|P43|P48|P8|P9,P19|P20|P22|P3|P30|P40|P46,1,logistic,late_weighted,"[0.5, 0.5]",
attention,5,1,"1__logistic__late_weighted__0.75,0.25",0.3253541370052119,P12|P18|P2|P24|P27|P33|P35|P36|P4|P43|P48|P8|P9,P19|P20|P22|P3|P30|P40|P46,1,logistic,late_weighted,"[0.75, 0.25]",
attention,5,1,"1__logistic__unimodal__1.0,0.0",0.3336218049261292,P12|P18|P2|P24|P27|P33|P35|P36|P4|P43|P48|P8|P9,P19|P20|P22|P3|P30|P40|P46,1,logistic,unimodal,"[1.0, 0.0]",EEG
attention,5,1,"1__logistic__unimodal__0.0,1.0",0.3110585991421127,P12|P18|P2|P24|P27|P33|P35|P36|P4|P43|P48|P8|P9,P19|P20|P22|P3|P30|P40|P46,1,logistic,unimodal,"[0.0, 1.0]",GSR
attention,5,1,1__lda__early__,0.3192348026343901,P12|P18|P2|P24|P27|P33|P35|P36|P4|P43|P48|P8|P9,P19|P20|P22|P3|P30|P40|P46,1,lda,early,,
attention,5,1,"1__lda__late_mean__0.5,0.5",0.3223788524564625,P12|P18|P2|P24|P27|P33|P35|P36|P4|P43|P48|P8|P9,P19|P20|P22|P3|P30|P40|P46,1,lda,late_mean,"[0.5, 0.5]",
attention,5,1,"1__lda__late_geometric__0.5,0.5",0.3225451544256504,P12|P18|P2|P24|P27|P33|P35|P36|P4|P43|P48|P8|P9,P19|P20|P22|P3|P30|P40|P46,1,lda,late_geometric,"[0.5, 0.5]",
attention,5,1,"1__lda__late_weighted__0.25,0.75",0.3164194722672425,P12|P18|P2|P24|P27|P33|P35|P36|P4|P43|P48|P8|P9,P19|P20|P22|P3|P30|P40|P46,1,lda,late_weighted,"[0.25, 0.75]",
attention,5,1,"1__lda__late_weighted__0.5,0.5",0.3223788524564625,P12|P18|P2|P24|P27|P33|P35|P36|P4|P43|P48|P8|P9,P19|P20|P22|P3|P30|P40|P46,1,lda,late_weighted,"[0.5, 0.5]",
attention,5,1,"1__lda__late_weighted__0.75,0.25",0.3223133796659548,P12|P18|P2|P24|P27|P33|P35|P36|P4|P43|P48|P8|P9,P19|P20|P22|P3|P30|P40|P46,1,lda,late_weighted,"[0.75, 0.25]",
attention,5,1,"1__lda__unimodal__1.0,0.0",0.3316864064452525,P12|P18|P2|P24|P27|P33|P35|P36|P4|P43|P48|P8|P9,P19|P20|P22|P3|P30|P40|P46,1,lda,unimodal,"[1.0, 0.0]",EEG
attention,5,1,"1__lda__unimodal__0.0,1.0",0.3133270547854253,P12|P18|P2|P24|P27|P33|P35|P36|P4|P43|P48|P8|P9,P19|P20|P22|P3|P30|P40|P46,1,lda,unimodal,"[0.0, 1.0]",GSR
attention,5,1,1__extra_trees__early__,0.3385011427361171,P12|P18|P2|P24|P27|P33|P35|P36|P4|P43|P48|P8|P9,P19|P20|P22|P3|P30|P40|P46,1,extra_trees,early,,
attention,5,1,"1__extra_trees__late_mean__0.5,0.5",0.3344697289248058,P12|P18|P2|P24|P27|P33|P35|P36|P4|P43|P48|P8|P9,P19|P20|P22|P3|P30|P40|P46,1,extra_trees,late_mean,"[0.5, 0.5]",
attention,5,1,"1__extra_trees__late_geometric__0.5,0.5",0.3345334450783642,P12|P18|P2|P24|P27|P33|P35|P36|P4|P43|P48|P8|P9,P19|P20|P22|P3|P30|P40|P46,1,extra_trees,late_geometric,"[0.5, 0.5]",
attention,5,1,"1__extra_trees__late_weighted__0.25,0.75",0.3452669954554729,P12|P18|P2|P24|P27|P33|P35|P36|P4|P43|P48|P8|P9,P19|P20|P22|P3|P30|P40|P46,1,extra_trees,late_weighted,"[0.25, 0.75]",
attention,5,1,"1__extra_trees__late_weighted__0.5,0.5",0.3344697289248058,P12|P18|P2|P24|P27|P33|P35|P36|P4|P43|P48|P8|P9,P19|P20|P22|P3|P30|P40|P46,1,extra_trees,late_weighted,"[0.5, 0.5]",
attention,5,1,"1__extra_trees__late_weighted__0.75,0.25",0.3242034056183352,P12|P18|P2|P24|P27|P33|P35|P36|P4|P43|P48|P8|P9,P19|P20|P22|P3|P30|P40|P46,1,extra_trees,late_weighted,"[0.75, 0.25]",
attention,5,1,"1__extra_trees__unimodal__1.0,0.0",0.323522033115558,P12|P18|P2|P24|P27|P33|P35|P36|P4|P43|P48|P8|P9,P19|P20|P22|P3|P30|P40|P46,1,extra_trees,unimodal,"[1.0, 0.0]",EEG
attention,5,1,"1__extra_trees__unimodal__0.0,1.0",0.3428244398420053,P12|P18|P2|P24|P27|P33|P35|P36|P4|P43|P48|P8|P9,P19|P20|P22|P3|P30|P40|P46,1,extra_trees,unimodal,"[0.0, 1.0]",GSR
attention,5,1,8__logistic__early__,0.3213852160583915,P12|P18|P2|P24|P27|P33|P35|P36|P4|P43|P48|P8|P9,P19|P20|P22|P3|P30|P40|P46,8,logistic,early,,
attention,5,1,"8__logistic__late_mean__0.5,0.5",0.3225034085375021,P12|P18|P2|P24|P27|P33|P35|P36|P4|P43|P48|P8|P9,P19|P20|P22|P3|P30|P40|P46,8,logistic,late_mean,"[0.5, 0.5]",
attention,5,1,"8__logistic__late_geometric__0.5,0.5",0.3225561881587979,P12|P18|P2|P24|P27|P33|P35|P36|P4|P43|P48|P8|P9,P19|P20|P22|P3|P30|P40|P46,8,logistic,late_geometric,"[0.5, 0.5]",
attention,5,1,"8__logistic__late_weighted__0.25,0.75",0.3256772829895112,P12|P18|P2|P24|P27|P33|P35|P36|P4|P43|P48|P8|P9,P19|P20|P22|P3|P30|P40|P46,8,logistic,late_weighted,"[0.25, 0.75]",
attention,5,1,"8__logistic__late_weighted__0.5,0.5",0.3225034085375021,P12|P18|P2|P24|P27|P33|P35|P36|P4|P43|P48|P8|P9,P19|P20|P22|P3|P30|P40|P46,8,logistic,late_weighted,"[0.5, 0.5]",
attention,5,1,"8__logistic__late_weighted__0.75,0.25",0.323220068281203,P12|P18|P2|P24|P27|P33|P35|P36|P4|P43|P48|P8|P9,P19|P20|P22|P3|P30|P40|P46,8,logistic,late_weighted,"[0.75, 0.25]",
attention,5,1,"8__logistic__unimodal__1.0,0.0",0.3148107348190407,P12|P18|P2|P24|P27|P33|P35|P36|P4|P43|P48|P8|P9,P19|P20|P22|P3|P30|P40|P46,8,logistic,unimodal,"[1.0, 0.0]",EEG
attention,5,1,"8__logistic__unimodal__0.0,1.0",0.3283861479934454,P12|P18|P2|P24|P27|P33|P35|P36|P4|P43|P48|P8|P9,P19|P20|P22|P3|P30|P40|P46,8,logistic,unimodal,"[0.0, 1.0]",GSR
attention,5,1,8__lda__early__,0.3192401530649841,P12|P18|P2|P24|P27|P33|P35|P36|P4|P43|P48|P8|P9,P19|P20|P22|P3|P30|P40|P46,8,lda,early,,
attention,5,1,"8__lda__late_mean__0.5,0.5",0.3219837855076655,P12|P18|P2|P24|P27|P33|P35|P36|P4|P43|P48|P8|P9,P19|P20|P22|P3|P30|P40|P46,8,lda,late_mean,"[0.5, 0.5]",
attention,5,1,"8__lda__late_geometric__0.5,0.5",0.3245160106196758,P12|P18|P2|P24|P27|P33|P35|P36|P4|P43|P48|P8|P9,P19|P20|P22|P3|P30|P40|P46,8,lda,late_geometric,"[0.5, 0.5]",
attention,5,1,"8__lda__late_weighted__0.25,0.75",0.3224542659733059,P12|P18|P2|P24|P27|P33|P35|P36|P4|P43|P48|P8|P9,P19|P20|P22|P3|P30|P40|P46,8,lda,late_weighted,"[0.25, 0.75]",
attention,5,1,"8__lda__late_weighted__0.5,0.5",0.3219837855076655,P12|P18|P2|P24|P27|P33|P35|P36|P4|P43|P48|P8|P9,P19|P20|P22|P3|P30|P40|P46,8,lda,late_weighted,"[0.5, 0.5]",
attention,5,1,"8__lda__late_weighted__0.75,0.25",0.3140308918739604,P12|P18|P2|P24|P27|P33|P35|P36|P4|P43|P48|P8|P9,P19|P20|P22|P3|P30|P40|P46,8,lda,late_weighted,"[0.75, 0.25]",
attention,5,1,"8__lda__unimodal__1.0,0.0",0.3165196432360808,P12|P18|P2|P24|P27|P33|P35|P36|P4|P43|P48|P8|P9,P19|P20|P22|P3|P30|P40|P46,8,lda,unimodal,"[1.0, 0.0]",EEG
attention,5,1,"8__lda__unimodal__0.0,1.0",0.3298573683786743,P12|P18|P2|P24|P27|P33|P35|P36|P4|P43|P48|P8|P9,P19|P20|P22|P3|P30|P40|P46,8,lda,unimodal,"[0.0, 1.0]",GSR
attention,5,1,8__extra_trees__early__,0.3304922228793333,P12|P18|P2|P24|P27|P33|P35|P36|P4|P43|P48|P8|P9,P19|P20|P22|P3|P30|P40|P46,8,extra_trees,early,,
attention,5,1,"8__extra_trees__late_mean__0.5,0.5",0.3189851948111826,P12|P18|P2|P24|P27|P33|P35|P36|P4|P43|P48|P8|P9,P19|P20|P22|P3|P30|P40|P46,8,extra_trees,late_mean,"[0.5, 0.5]",
attention,5,1,"8__extra_trees__late_geometric__0.5,0.5",0.319941908547737,P12|P18|P2|P24|P27|P33|P35|P36|P4|P43|P48|P8|P9,P19|P20|P22|P3|P30|P40|P46,8,extra_trees,late_geometric,"[0.5, 0.5]",
attention,5,1,"8__extra_trees__late_weighted__0.25,0.75",0.3297076724943118,P12|P18|P2|P24|P27|P33|P35|P36|P4|P43|P48|P8|P9,P19|P20|P22|P3|P30|P40|P46,8,extra_trees,late_weighted,"[0.25, 0.75]",
attention,5,1,"8__extra_trees__late_weighted__0.5,0.5",0.3189851948111826,P12|P18|P2|P24|P27|P33|P35|P36|P4|P43|P48|P8|P9,P19|P20|P22|P3|P30|P40|P46,8,extra_trees,late_weighted,"[0.5, 0.5]",
attention,5,1,"8__extra_trees__late_weighted__0.75,0.25",0.3217009148694866,P12|P18|P2|P24|P27|P33|P35|P36|P4|P43|P48|P8|P9,P19|P20|P22|P3|P30|P40|P46,8,extra_trees,late_weighted,"[0.75, 0.25]",
attention,5,1,"8__extra_trees__unimodal__1.0,0.0",0.3180112835623835,P12|P18|P2|P24|P27|P33|P35|P36|P4|P43|P48|P8|P9,P19|P20|P22|P3|P30|P40|P46,8,extra_trees,unimodal,"[1.0, 0.0]",EEG
attention,5,1,"8__extra_trees__unimodal__0.0,1.0",0.3346867064372503,P12|P18|P2|P24|P27|P33|P35|P36|P4|P43|P48|P8|P9,P19|P20|P22|P3|P30|P40|P46,8,extra_trees,unimodal,"[0.0, 1.0]",GSR
attention,5,2,1__logistic__early__,0.327510071410365,P18|P19|P2|P20|P22|P24|P27|P3|P30|P36|P40|P46|P9,P12|P33|P35|P4|P43|P48|P8,1,logistic,early,,
attention,5,2,"1__logistic__late_mean__0.5,0.5",0.330628221254678,P18|P19|P2|P20|P22|P24|P27|P3|P30|P36|P40|P46|P9,P12|P33|P35|P4|P43|P48|P8,1,logistic,late_mean,"[0.5, 0.5]",
attention,5,2,"1__logistic__late_geometric__0.5,0.5",0.329355928708757,P18|P19|P2|P20|P22|P24|P27|P3|P30|P36|P40|P46|P9,P12|P33|P35|P4|P43|P48|P8,1,logistic,late_geometric,"[0.5, 0.5]",
attention,5,2,"1__logistic__late_weighted__0.25,0.75",0.3329771379346344,P18|P19|P2|P20|P22|P24|P27|P3|P30|P36|P40|P46|P9,P12|P33|P35|P4|P43|P48|P8,1,logistic,late_weighted,"[0.25, 0.75]",
attention,5,2,"1__logistic__late_weighted__0.5,0.5",0.330628221254678,P18|P19|P2|P20|P22|P24|P27|P3|P30|P36|P40|P46|P9,P12|P33|P35|P4|P43|P48|P8,1,logistic,late_weighted,"[0.5, 0.5]",
attention,5,2,"1__logistic__late_weighted__0.75,0.25",0.3253856522113444,P18|P19|P2|P20|P22|P24|P27|P3|P30|P36|P40|P46|P9,P12|P33|P35|P4|P43|P48|P8,1,logistic,late_weighted,"[0.75, 0.25]",
attention,5,2,"1__logistic__unimodal__1.0,0.0",0.3288704970751124,P18|P19|P2|P20|P22|P24|P27|P3|P30|P36|P40|P46|P9,P12|P33|P35|P4|P43|P48|P8,1,logistic,unimodal,"[1.0, 0.0]",EEG
attention,5,2,"1__logistic__unimodal__0.0,1.0",0.3293905095230957,P18|P19|P2|P20|P22|P24|P27|P3|P30|P36|P40|P46|P9,P12|P33|P35|P4|P43|P48|P8,1,logistic,unimodal,"[0.0, 1.0]",GSR
attention,5,2,1__lda__early__,0.3256560269016302,P18|P19|P2|P20|P22|P24|P27|P3|P30|P36|P40|P46|P9,P12|P33|P35|P4|P43|P48|P8,1,lda,early,,
attention,5,2,"1__lda__late_mean__0.5,0.5",0.3299048881553409,P18|P19|P2|P20|P22|P24|P27|P3|P30|P36|P40|P46|P9,P12|P33|P35|P4|P43|P48|P8,1,lda,late_mean,"[0.5, 0.5]",
attention,5,2,"1__lda__late_geometric__0.5,0.5",0.328533256630052,P18|P19|P2|P20|P22|P24|P27|P3|P30|P36|P40|P46|P9,P12|P33|P35|P4|P43|P48|P8,1,lda,late_geometric,"[0.5, 0.5]",
attention,5,2,"1__lda__late_weighted__0.25,0.75",0.3338558294976735,P18|P19|P2|P20|P22|P24|P27|P3|P30|P36|P40|P46|P9,P12|P33|P35|P4|P43|P48|P8,1,lda,late_weighted,"[0.25, 0.75]",
attention,5,2,"1__lda__late_weighted__0.5,0.5",0.3299048881553409,P18|P19|P2|P20|P22|P24|P27|P3|P30|P36|P40|P46|P9,P12|P33|P35|P4|P43|P48|P8,1,lda,late_weighted,"[0.5, 0.5]",
attention,5,2,"1__lda__late_weighted__0.75,0.25",0.3220693070407912,P18|P19|P2|P20|P22|P24|P27|P3|P30|P36|P40|P46|P9,P12|P33|P35|P4|P43|P48|P8,1,lda,late_weighted,"[0.75, 0.25]",
attention,5,2,"1__lda__unimodal__1.0,0.0",0.3270519227110357,P18|P19|P2|P20|P22|P24|P27|P3|P30|P36|P40|P46|P9,P12|P33|P35|P4|P43|P48|P8,1,lda,unimodal,"[1.0, 0.0]",EEG
attention,5,2,"1__lda__unimodal__0.0,1.0",0.3296183518562011,P18|P19|P2|P20|P22|P24|P27|P3|P30|P36|P40|P46|P9,P12|P33|P35|P4|P43|P48|P8,1,lda,unimodal,"[0.0, 1.0]",GSR
attention,5,2,1__extra_trees__early__,0.3335506659254858,P18|P19|P2|P20|P22|P24|P27|P3|P30|P36|P40|P46|P9,P12|P33|P35|P4|P43|P48|P8,1,extra_trees,early,,
attention,5,2,"1__extra_trees__late_mean__0.5,0.5",0.3520254119179432,P18|P19|P2|P20|P22|P24|P27|P3|P30|P36|P40|P46|P9,P12|P33|P35|P4|P43|P48|P8,1,extra_trees,late_mean,"[0.5, 0.5]",
attention,5,2,"1__extra_trees__late_geometric__0.5,0.5",0.3535229532221659,P18|P19|P2|P20|P22|P24|P27|P3|P30|P36|P40|P46|P9,P12|P33|P35|P4|P43|P48|P8,1,extra_trees,late_geometric,"[0.5, 0.5]",
attention,5,2,"1__extra_trees__late_weighted__0.25,0.75",0.3545554772393782,P18|P19|P2|P20|P22|P24|P27|P3|P30|P36|P40|P46|P9,P12|P33|P35|P4|P43|P48|P8,1,extra_trees,late_weighted,"[0.25, 0.75]",
attention,5,2,"1__extra_trees__late_weighted__0.5,0.5",0.3520254119179432,P18|P19|P2|P20|P22|P24|P27|P3|P30|P36|P40|P46|P9,P12|P33|P35|P4|P43|P48|P8,1,extra_trees,late_weighted,"[0.5, 0.5]",
attention,5,2,"1__extra_trees__late_weighted__0.75,0.25",0.3380758643721577,P18|P19|P2|P20|P22|P24|P27|P3|P30|P36|P40|P46|P9,P12|P33|P35|P4|P43|P48|P8,1,extra_trees,late_weighted,"[0.75, 0.25]",
attention,5,2,"1__extra_trees__unimodal__1.0,0.0",0.3274141584120483,P18|P19|P2|P20|P22|P24|P27|P3|P30|P36|P40|P46|P9,P12|P33|P35|P4|P43|P48|P8,1,extra_trees,unimodal,"[1.0, 0.0]",EEG
attention,5,2,"1__extra_trees__unimodal__0.0,1.0",0.3560647571398968,P18|P19|P2|P20|P22|P24|P27|P3|P30|P36|P40|P46|P9,P12|P33|P35|P4|P43|P48|P8,1,extra_trees,unimodal,"[0.0, 1.0]",GSR
attention,5,2,8__logistic__early__,0.3220887730268863,P18|P19|P2|P20|P22|P24|P27|P3|P30|P36|P40|P46|P9,P12|P33|P35|P4|P43|P48|P8,8,logistic,early,,
attention,5,2,"8__logistic__late_mean__0.5,0.5",0.3221426703922302,P18|P19|P2|P20|P22|P24|P27|P3|P30|P36|P40|P46|P9,P12|P33|P35|P4|P43|P48|P8,8,logistic,late_mean,"[0.5, 0.5]",
attention,5,2,"8__logistic__late_geometric__0.5,0.5",0.3229562894207413,P18|P19|P2|P20|P22|P24|P27|P3|P30|P36|P40|P46|P9,P12|P33|P35|P4|P43|P48|P8,8,logistic,late_geometric,"[0.5, 0.5]",
attention,5,2,"8__logistic__late_weighted__0.25,0.75",0.3253215097051938,P18|P19|P2|P20|P22|P24|P27|P3|P30|P36|P40|P46|P9,P12|P33|P35|P4|P43|P48|P8,8,logistic,late_weighted,"[0.25, 0.75]",
attention,5,2,"8__logistic__late_weighted__0.5,0.5",0.3221426703922302,P18|P19|P2|P20|P22|P24|P27|P3|P30|P36|P40|P46|P9,P12|P33|P35|P4|P43|P48|P8,8,logistic,late_weighted,"[0.5, 0.5]",
attention,5,2,"8__logistic__late_weighted__0.75,0.25",0.3254127421069425,P18|P19|P2|P20|P22|P24|P27|P3|P30|P36|P40|P46|P9,P12|P33|P35|P4|P43|P48|P8,8,logistic,late_weighted,"[0.75, 0.25]",
attention,5,2,"8__logistic__unimodal__1.0,0.0",0.3126244156115765,P18|P19|P2|P20|P22|P24|P27|P3|P30|P36|P40|P46|P9,P12|P33|P35|P4|P43|P48|P8,8,logistic,unimodal,"[1.0, 0.0]",EEG
attention,5,2,"8__logistic__unimodal__0.0,1.0",0.3319138762965631,P18|P19|P2|P20|P22|P24|P27|P3|P30|P36|P40|P46|P9,P12|P33|P35|P4|P43|P48|P8,8,logistic,unimodal,"[0.0, 1.0]",GSR
attention,5,2,8__lda__early__,0.3270715064072785,P18|P19|P2|P20|P22|P24|P27|P3|P30|P36|P40|P46|P9,P12|P33|P35|P4|P43|P48|P8,8,lda,early,,
attention,5,2,"8__lda__late_mean__0.5,0.5",0.3220270386160458,P18|P19|P2|P20|P22|P24|P27|P3|P30|P36|P40|P46|P9,P12|P33|P35|P4|P43|P48|P8,8,lda,late_mean,"[0.5, 0.5]",
attention,5,2,"8__lda__late_geometric__0.5,0.5",0.3219510085732582,P18|P19|P2|P20|P22|P24|P27|P3|P30|P36|P40|P46|P9,P12|P33|P35|P4|P43|P48|P8,8,lda,late_geometric,"[0.5, 0.5]",
attention,5,2,"8__lda__late_weighted__0.25,0.75",0.3234590516804096,P18|P19|P2|P20|P22|P24|P27|P3|P30|P36|P40|P46|P9,P12|P33|P35|P4|P43|P48|P8,8,lda,late_weighted,"[0.25, 0.75]",
attention,5,2,"8__lda__late_weighted__0.5,0.5",0.3220270386160458,P18|P19|P2|P20|P22|P24|P27|P3|P30|P36|P40|P46|P9,P12|P33|P35|P4|P43|P48|P8,8,lda,late_weighted,"[0.5, 0.5]",
attention,5,2,"8__lda__late_weighted__0.75,0.25",0.323069353001203,P18|P19|P2|P20|P22|P24|P27|P3|P30|P36|P40|P46|P9,P12|P33|P35|P4|P43|P48|P8,8,lda,late_weighted,"[0.75, 0.25]",
attention,5,2,"8__lda__unimodal__1.0,0.0",0.3172638169366679,P18|P19|P2|P20|P22|P24|P27|P3|P30|P36|P40|P46|P9,P12|P33|P35|P4|P43|P48|P8,8,lda,unimodal,"[1.0, 0.0]",EEG
attention,5,2,"8__lda__unimodal__0.0,1.0",0.3308410856597814,P18|P19|P2|P20|P22|P24|P27|P3|P30|P36|P40|P46|P9,P12|P33|P35|P4|P43|P48|P8,8,lda,unimodal,"[0.0, 1.0]",GSR
attention,5,2,8__extra_trees__early__,0.3394770522808931,P18|P19|P2|P20|P22|P24|P27|P3|P30|P36|P40|P46|P9,P12|P33|P35|P4|P43|P48|P8,8,extra_trees,early,,
attention,5,2,"8__extra_trees__late_mean__0.5,0.5",0.3521354407312705,P18|P19|P2|P20|P22|P24|P27|P3|P30|P36|P40|P46|P9,P12|P33|P35|P4|P43|P48|P8,8,extra_trees,late_mean,"[0.5, 0.5]",
attention,5,2,"8__extra_trees__late_geometric__0.5,0.5",0.3518431818110836,P18|P19|P2|P20|P22|P24|P27|P3|P30|P36|P40|P46|P9,P12|P33|P35|P4|P43|P48|P8,8,extra_trees,late_geometric,"[0.5, 0.5]",
attention,5,2,"8__extra_trees__late_weighted__0.25,0.75",0.3511466523151405,P18|P19|P2|P20|P22|P24|P27|P3|P30|P36|P40|P46|P9,P12|P33|P35|P4|P43|P48|P8,8,extra_trees,late_weighted,"[0.25, 0.75]",
attention,5,2,"8__extra_trees__late_weighted__0.5,0.5",0.3521354407312705,P18|P19|P2|P20|P22|P24|P27|P3|P30|P36|P40|P46|P9,P12|P33|P35|P4|P43|P48|P8,8,extra_trees,late_weighted,"[0.5, 0.5]",
attention,5,2,"8__extra_trees__late_weighted__0.75,0.25",0.3400698608957387,P18|P19|P2|P20|P22|P24|P27|P3|P30|P36|P40|P46|P9,P12|P33|P35|P4|P43|P48|P8,8,extra_trees,late_weighted,"[0.75, 0.25]",
attention,5,2,"8__extra_trees__unimodal__1.0,0.0",0.3157220979377774,P18|P19|P2|P20|P22|P24|P27|P3|P30|P36|P40|P46|P9,P12|P33|P35|P4|P43|P48|P8,8,extra_trees,unimodal,"[1.0, 0.0]",EEG
attention,5,2,"8__extra_trees__unimodal__0.0,1.0",0.3472073452678325,P18|P19|P2|P20|P22|P24|P27|P3|P30|P36|P40|P46|P9,P12|P33|P35|P4|P43|P48|P8,8,extra_trees,unimodal,"[0.0, 1.0]",GSR
attention,5,3,1__logistic__early__,0.3389401847753295,P12|P19|P20|P22|P3|P30|P33|P35|P4|P40|P43|P46|P48|P8,P18|P2|P24|P27|P36|P9,1,logistic,early,,
attention,5,3,"1__logistic__late_mean__0.5,0.5",0.3384010954375698,P12|P19|P20|P22|P3|P30|P33|P35|P4|P40|P43|P46|P48|P8,P18|P2|P24|P27|P36|P9,1,logistic,late_mean,"[0.5, 0.5]",
attention,5,3,"1__logistic__late_geometric__0.5,0.5",0.3390691895392637,P12|P19|P20|P22|P3|P30|P33|P35|P4|P40|P43|P46|P48|P8,P18|P2|P24|P27|P36|P9,1,logistic,late_geometric,"[0.5, 0.5]",
attention,5,3,"1__logistic__late_weighted__0.25,0.75",0.3306112681069812,P12|P19|P20|P22|P3|P30|P33|P35|P4|P40|P43|P46|P48|P8,P18|P2|P24|P27|P36|P9,1,logistic,late_weighted,"[0.25, 0.75]",
attention,5,3,"1__logistic__late_weighted__0.5,0.5",0.3384010954375698,P12|P19|P20|P22|P3|P30|P33|P35|P4|P40|P43|P46|P48|P8,P18|P2|P24|P27|P36|P9,1,logistic,late_weighted,"[0.5, 0.5]",
attention,5,3,"1__logistic__late_weighted__0.75,0.25",0.3435004764682236,P12|P19|P20|P22|P3|P30|P33|P35|P4|P40|P43|P46|P48|P8,P18|P2|P24|P27|P36|P9,1,logistic,late_weighted,"[0.75, 0.25]",
attention,5,3,"1__logistic__unimodal__1.0,0.0",0.3357199401360441,P12|P19|P20|P22|P3|P30|P33|P35|P4|P40|P43|P46|P48|P8,P18|P2|P24|P27|P36|P9,1,logistic,unimodal,"[1.0, 0.0]",EEG
attention,5,3,"1__logistic__unimodal__0.0,1.0",0.3292170108182168,P12|P19|P20|P22|P3|P30|P33|P35|P4|P40|P43|P46|P48|P8,P18|P2|P24|P27|P36|P9,1,logistic,unimodal,"[0.0, 1.0]",GSR
attention,5,3,1__lda__early__,0.3364403096320643,P12|P19|P20|P22|P3|P30|P33|P35|P4|P40|P43|P46|P48|P8,P18|P2|P24|P27|P36|P9,1,lda,early,,
attention,5,3,"1__lda__late_mean__0.5,0.5",0.3379145884644396,P12|P19|P20|P22|P3|P30|P33|P35|P4|P40|P43|P46|P48|P8,P18|P2|P24|P27|P36|P9,1,lda,late_mean,"[0.5, 0.5]",
attention,5,3,"1__lda__late_geometric__0.5,0.5",0.3386969624995177,P12|P19|P20|P22|P3|P30|P33|P35|P4|P40|P43|P46|P48|P8,P18|P2|P24|P27|P36|P9,1,lda,late_geometric,"[0.5, 0.5]",
attention,5,3,"1__lda__late_weighted__0.25,0.75",0.3280592716212356,P12|P19|P20|P22|P3|P30|P33|P35|P4|P40|P43|P46|P48|P8,P18|P2|P24|P27|P36|P9,1,lda,late_weighted,"[0.25, 0.75]",
attention,5,3,"1__lda__late_weighted__0.5,0.5",0.3379145884644396,P12|P19|P20|P22|P3|P30|P33|P35|P4|P40|P43|P46|P48|P8,P18|P2|P24|P27|P36|P9,1,lda,late_weighted,"[0.5, 0.5]",
attention,5,3,"1__lda__late_weighted__0.75,0.25",0.3438518325632993,P12|P19|P20|P22|P3|P30|P33|P35|P4|P40|P43|P46|P48|P8,P18|P2|P24|P27|P36|P9,1,lda,late_weighted,"[0.75, 0.25]",
attention,5,3,"1__lda__unimodal__1.0,0.0",0.3334947274247842,P12|P19|P20|P22|P3|P30|P33|P35|P4|P40|P43|P46|P48|P8,P18|P2|P24|P27|P36|P9,1,lda,unimodal,"[1.0, 0.0]",EEG
attention,5,3,"1__lda__unimodal__0.0,1.0",0.325368930051234,P12|P19|P20|P22|P3|P30|P33|P35|P4|P40|P43|P46|P48|P8,P18|P2|P24|P27|P36|P9,1,lda,unimodal,"[0.0, 1.0]",GSR
attention,5,3,1__extra_trees__early__,0.3494253644743185,P12|P19|P20|P22|P3|P30|P33|P35|P4|P40|P43|P46|P48|P8,P18|P2|P24|P27|P36|P9,1,extra_trees,early,,
attention,5,3,"1__extra_trees__late_mean__0.5,0.5",0.3517200015644532,P12|P19|P20|P22|P3|P30|P33|P35|P4|P40|P43|P46|P48|P8,P18|P2|P24|P27|P36|P9,1,extra_trees,late_mean,"[0.5, 0.5]",
attention,5,3,"1__extra_trees__late_geometric__0.5,0.5",0.3512686858059919,P12|P19|P20|P22|P3|P30|P33|P35|P4|P40|P43|P46|P48|P8,P18|P2|P24|P27|P36|P9,1,extra_trees,late_geometric,"[0.5, 0.5]",
attention,5,3,"1__extra_trees__late_weighted__0.25,0.75",0.3609376011834158,P12|P19|P20|P22|P3|P30|P33|P35|P4|P40|P43|P46|P48|P8,P18|P2|P24|P27|P36|P9,1,extra_trees,late_weighted,"[0.25, 0.75]",
attention,5,3,"1__extra_trees__late_weighted__0.5,0.5",0.3517200015644532,P12|P19|P20|P22|P3|P30|P33|P35|P4|P40|P43|P46|P48|P8,P18|P2|P24|P27|P36|P9,1,extra_trees,late_weighted,"[0.5, 0.5]",
attention,5,3,"1__extra_trees__late_weighted__0.75,0.25",0.3434967610790443,P12|P19|P20|P22|P3|P30|P33|P35|P4|P40|P43|P46|P48|P8,P18|P2|P24|P27|P36|P9,1,extra_trees,late_weighted,"[0.75, 0.25]",
attention,5,3,"1__extra_trees__unimodal__1.0,0.0",0.3344325810329305,P12|P19|P20|P22|P3|P30|P33|P35|P4|P40|P43|P46|P48|P8,P18|P2|P24|P27|P36|P9,1,extra_trees,unimodal,"[1.0, 0.0]",EEG
attention,5,3,"1__extra_trees__unimodal__0.0,1.0",0.3547550174681493,P12|P19|P20|P22|P3|P30|P33|P35|P4|P40|P43|P46|P48|P8,P18|P2|P24|P27|P36|P9,1,extra_trees,unimodal,"[0.0, 1.0]",GSR
attention,5,3,8__logistic__early__,0.3320598880013817,P12|P19|P20|P22|P3|P30|P33|P35|P4|P40|P43|P46|P48|P8,P18|P2|P24|P27|P36|P9,8,logistic,early,,
attention,5,3,"8__logistic__late_mean__0.5,0.5",0.3277246412753283,P12|P19|P20|P22|P3|P30|P33|P35|P4|P40|P43|P46|P48|P8,P18|P2|P24|P27|P36|P9,8,logistic,late_mean,"[0.5, 0.5]",
attention,5,3,"8__logistic__late_geometric__0.5,0.5",0.3291294186912464,P12|P19|P20|P22|P3|P30|P33|P35|P4|P40|P43|P46|P48|P8,P18|P2|P24|P27|P36|P9,8,logistic,late_geometric,"[0.5, 0.5]",
attention,5,3,"8__logistic__late_weighted__0.25,0.75",0.3350406839963156,P12|P19|P20|P22|P3|P30|P33|P35|P4|P40|P43|P46|P48|P8,P18|P2|P24|P27|P36|P9,8,logistic,late_weighted,"[0.25, 0.75]",
attention,5,3,"8__logistic__late_weighted__0.5,0.5",0.3277246412753283,P12|P19|P20|P22|P3|P30|P33|P35|P4|P40|P43|P46|P48|P8,P18|P2|P24|P27|P36|P9,8,logistic,late_weighted,"[0.5, 0.5]",
attention,5,3,"8__logistic__late_weighted__0.75,0.25",0.3396981213345784,P12|P19|P20|P22|P3|P30|P33|P35|P4|P40|P43|P46|P48|P8,P18|P2|P24|P27|P36|P9,8,logistic,late_weighted,"[0.75, 0.25]",
attention,5,3,"8__logistic__unimodal__1.0,0.0",0.3311652646270563,P12|P19|P20|P22|P3|P30|P33|P35|P4|P40|P43|P46|P48|P8,P18|P2|P24|P27|P36|P9,8,logistic,unimodal,"[1.0, 0.0]",EEG
attention,5,3,"8__logistic__unimodal__0.0,1.0",0.3380686246784685,P12|P19|P20|P22|P3|P30|P33|P35|P4|P40|P43|P46|P48|P8,P18|P2|P24|P27|P36|P9,8,logistic,unimodal,"[0.0, 1.0]",GSR
attention,5,3,8__lda__early__,0.3302072702146896,P12|P19|P20|P22|P3|P30|P33|P35|P4|P40|P43|P46|P48|P8,P18|P2|P24|P27|P36|P9,8,lda,early,,
attention,5,3,"8__lda__late_mean__0.5,0.5",0.3264708053325063,P12|P19|P20|P22|P3|P30|P33|P35|P4|P40|P43|P46|P48|P8,P18|P2|P24|P27|P36|P9,8,lda,late_mean,"[0.5, 0.5]",
attention,5,3,"8__lda__late_geometric__0.5,0.5",0.3269777866465643,P12|P19|P20|P22|P3|P30|P33|P35|P4|P40|P43|P46|P48|P8,P18|P2|P24|P27|P36|P9,8,lda,late_geometric,"[0.5, 0.5]",
attention,5,3,"8__lda__late_weighted__0.25,0.75",0.3366592467980587,P12|P19|P20|P22|P3|P30|P33|P35|P4|P40|P43|P46|P48|P8,P18|P2|P24|P27|P36|P9,8,lda,late_weighted,"[0.25, 0.75]",
attention,5,3,"8__lda__late_weighted__0.5,0.5",0.3264708053325063,P12|P19|P20|P22|P3|P30|P33|P35|P4|P40|P43|P46|P48|P8,P18|P2|P24|P27|P36|P9,8,lda,late_weighted,"[0.5, 0.5]",
attention,5,3,"8__lda__late_weighted__0.75,0.25",0.339528392413301,P12|P19|P20|P22|P3|P30|P33|P35|P4|P40|P43|P46|P48|P8,P18|P2|P24|P27|P36|P9,8,lda,late_weighted,"[0.75, 0.25]",
attention,5,3,"8__lda__unimodal__1.0,0.0",0.328774021694686,P12|P19|P20|P22|P3|P30|P33|P35|P4|P40|P43|P46|P48|P8,P18|P2|P24|P27|P36|P9,8,lda,unimodal,"[1.0, 0.0]",EEG
attention,5,3,"8__lda__unimodal__0.0,1.0",0.3418265790715197,P12|P19|P20|P22|P3|P30|P33|P35|P4|P40|P43|P46|P48|P8,P18|P2|P24|P27|P36|P9,8,lda,unimodal,"[0.0, 1.0]",GSR
attention,5,3,8__extra_trees__early__,0.3375112055344741,P12|P19|P20|P22|P3|P30|P33|P35|P4|P40|P43|P46|P48|P8,P18|P2|P24|P27|P36|P9,8,extra_trees,early,,
attention,5,3,"8__extra_trees__late_mean__0.5,0.5",0.3474139762658061,P12|P19|P20|P22|P3|P30|P33|P35|P4|P40|P43|P46|P48|P8,P18|P2|P24|P27|P36|P9,8,extra_trees,late_mean,"[0.5, 0.5]",
attention,5,3,"8__extra_trees__late_geometric__0.5,0.5",0.3467217215850457,P12|P19|P20|P22|P3|P30|P33|P35|P4|P40|P43|P46|P48|P8,P18|P2|P24|P27|P36|P9,8,extra_trees,late_geometric,"[0.5, 0.5]",
attention,5,3,"8__extra_trees__late_weighted__0.25,0.75",0.3623994756732604,P12|P19|P20|P22|P3|P30|P33|P35|P4|P40|P43|P46|P48|P8,P18|P2|P24|P27|P36|P9,8,extra_trees,late_weighted,"[0.25, 0.75]",
attention,5,3,"8__extra_trees__late_weighted__0.5,0.5",0.3474139762658061,P12|P19|P20|P22|P3|P30|P33|P35|P4|P40|P43|P46|P48|P8,P18|P2|P24|P27|P36|P9,8,extra_trees,late_weighted,"[0.5, 0.5]",
attention,5,3,"8__extra_trees__late_weighted__0.75,0.25",0.3306266928117945,P12|P19|P20|P22|P3|P30|P33|P35|P4|P40|P43|P46|P48|P8,P18|P2|P24|P27|P36|P9,8,extra_trees,late_weighted,"[0.75, 0.25]",
attention,5,3,"8__extra_trees__unimodal__1.0,0.0",0.3123941493268909,P12|P19|P20|P22|P3|P30|P33|P35|P4|P40|P43|P46|P48|P8,P18|P2|P24|P27|P36|P9,8,extra_trees,unimodal,"[1.0, 0.0]",EEG
attention,5,3,"8__extra_trees__unimodal__0.0,1.0",0.3581426069002033,P12|P19|P20|P22|P3|P30|P33|P35|P4|P40|P43|P46|P48|P8,P18|P2|P24|P27|P36|P9,8,extra_trees,unimodal,"[0.0, 1.0]",GSR
arousal,1,1,1__logistic__early__,0.3716574006423187,P12|P13|P18|P2|P20|P21|P26|P35|P4|P40|P46|P8|P9,P19|P27|P3|P33|P34|P36|P44,1,logistic,early,,
arousal,1,1,"1__logistic__late_mean__0.3333333333333333,0.3333333333333333,0.3333333333333333",0.3769520001769476,P12|P13|P18|P2|P20|P21|P26|P35|P4|P40|P46|P8|P9,P19|P27|P3|P33|P34|P36|P44,1,logistic,late_mean,"[0.3333333333333333, 0.3333333333333333, 0.3333333333333333]",
arousal,1,1,"1__logistic__late_geometric__0.3333333333333333,0.3333333333333333,0.3333333333333333",0.3762137004844485,P12|P13|P18|P2|P20|P21|P26|P35|P4|P40|P46|P8|P9,P19|P27|P3|P33|P34|P36|P44,1,logistic,late_geometric,"[0.3333333333333333, 0.3333333333333333, 0.3333333333333333]",
arousal,1,1,"1__logistic__late_weighted__0.25,0.25,0.5",0.3617231969848268,P12|P13|P18|P2|P20|P21|P26|P35|P4|P40|P46|P8|P9,P19|P27|P3|P33|P34|P36|P44,1,logistic,late_weighted,"[0.25, 0.25, 0.5]",
arousal,1,1,"1__logistic__late_weighted__0.25,0.5,0.25",0.3754221217376074,P12|P13|P18|P2|P20|P21|P26|P35|P4|P40|P46|P8|P9,P19|P27|P3|P33|P34|P36|P44,1,logistic,late_weighted,"[0.25, 0.5, 0.25]",
arousal,1,1,"1__logistic__late_weighted__0.5,0.25,0.25",0.3846434927030451,P12|P13|P18|P2|P20|P21|P26|P35|P4|P40|P46|P8|P9,P19|P27|P3|P33|P34|P36|P44,1,logistic,late_weighted,"[0.5, 0.25, 0.25]",
arousal,1,1,"1__logistic__unimodal__1.0,0.0,0.0",0.3635909612179689,P12|P13|P18|P2|P20|P21|P26|P35|P4|P40|P46|P8|P9,P19|P27|P3|P33|P34|P36|P44,1,logistic,unimodal,"[1.0, 0.0, 0.0]",Pupil
arousal,1,1,"1__logistic__unimodal__0.0,1.0,0.0",0.3526658639495034,P12|P13|P18|P2|P20|P21|P26|P35|P4|P40|P46|P8|P9,P19|P27|P3|P33|P34|P36|P44,1,logistic,unimodal,"[0.0, 1.0, 0.0]",Eye
arousal,1,1,"1__logistic__unimodal__0.0,0.0,1.0",0.357201220961296,P12|P13|P18|P2|P20|P21|P26|P35|P4|P40|P46|P8|P9,P19|P27|P3|P33|P34|P36|P44,1,logistic,unimodal,"[0.0, 0.0, 1.0]",EEG
arousal,1,1,1__lda__early__,0.3647781083295497,P12|P13|P18|P2|P20|P21|P26|P35|P4|P40|P46|P8|P9,P19|P27|P3|P33|P34|P36|P44,1,lda,early,,
arousal,1,1,"1__lda__late_mean__0.3333333333333333,0.3333333333333333,0.3333333333333333",0.3820482940605926,P12|P13|P18|P2|P20|P21|P26|P35|P4|P40|P46|P8|P9,P19|P27|P3|P33|P34|P36|P44,1,lda,late_mean,"[0.3333333333333333, 0.3333333333333333, 0.3333333333333333]",
arousal,1,1,"1__lda__late_geometric__0.3333333333333333,0.3333333333333333,0.3333333333333333",0.3784009049390041,P12|P13|P18|P2|P20|P21|P26|P35|P4|P40|P46|P8|P9,P19|P27|P3|P33|P34|P36|P44,1,lda,late_geometric,"[0.3333333333333333, 0.3333333333333333, 0.3333333333333333]",
arousal,1,1,"1__lda__late_weighted__0.25,0.25,0.5",0.3696310439500388,P12|P13|P18|P2|P20|P21|P26|P35|P4|P40|P46|P8|P9,P19|P27|P3|P33|P34|P36|P44,1,lda,late_weighted,"[0.25, 0.25, 0.5]",
arousal,1,1,"1__lda__late_weighted__0.25,0.5,0.25",0.3911204293017258,P12|P13|P18|P2|P20|P21|P26|P35|P4|P40|P46|P8|P9,P19|P27|P3|P33|P34|P36|P44,1,lda,late_weighted,"[0.25, 0.5, 0.25]",
arousal,1,1,"1__lda__late_weighted__0.5,0.25,0.25",0.3870065388599845,P12|P13|P18|P2|P20|P21|P26|P35|P4|P40|P46|P8|P9,P19|P27|P3|P33|P34|P36|P44,1,lda,late_weighted,"[0.5, 0.25, 0.25]",
arousal,1,1,"1__lda__unimodal__1.0,0.0,0.0",0.3639504839751006,P12|P13|P18|P2|P20|P21|P26|P35|P4|P40|P46|P8|P9,P19|P27|P3|P33|P34|P36|P44,1,lda,unimodal,"[1.0, 0.0, 0.0]",Pupil
arousal,1,1,"1__lda__unimodal__0.0,1.0,0.0",0.3619083480011523,P12|P13|P18|P2|P20|P21|P26|P35|P4|P40|P46|P8|P9,P19|P27|P3|P33|P34|P36|P44,1,lda,unimodal,"[0.0, 1.0, 0.0]",Eye
arousal,1,1,"1__lda__unimodal__0.0,0.0,1.0",0.3548900733006457,P12|P13|P18|P2|P20|P21|P26|P35|P4|P40|P46|P8|P9,P19|P27|P3|P33|P34|P36|P44,1,lda,unimodal,"[0.0, 0.0, 1.0]",EEG
arousal,1,1,1__extra_trees__early__,0.3665985430683109,P12|P13|P18|P2|P20|P21|P26|P35|P4|P40|P46|P8|P9,P19|P27|P3|P33|P34|P36|P44,1,extra_trees,early,,
arousal,1,1,"1__extra_trees__late_mean__0.3333333333333333,0.3333333333333333,0.3333333333333333",0.3739613447418787,P12|P13|P18|P2|P20|P21|P26|P35|P4|P40|P46|P8|P9,P19|P27|P3|P33|P34|P36|P44,1,extra_trees,late_mean,"[0.3333333333333333, 0.3333333333333333, 0.3333333333333333]",
arousal,1,1,"1__extra_trees__late_geometric__0.3333333333333333,0.3333333333333333,0.3333333333333333",0.372355736591286,P12|P13|P18|P2|P20|P21|P26|P35|P4|P40|P46|P8|P9,P19|P27|P3|P33|P34|P36|P44,1,extra_trees,late_geometric,"[0.3333333333333333, 0.3333333333333333, 0.3333333333333333]",
arousal,1,1,"1__extra_trees__late_weighted__0.25,0.25,0.5",0.371081006222352,P12|P13|P18|P2|P20|P21|P26|P35|P4|P40|P46|P8|P9,P19|P27|P3|P33|P34|P36|P44,1,extra_trees,late_weighted,"[0.25, 0.25, 0.5]",
arousal,1,1,"1__extra_trees__late_weighted__0.25,0.5,0.25",0.3812203214176241,P12|P13|P18|P2|P20|P21|P26|P35|P4|P40|P46|P8|P9,P19|P27|P3|P33|P34|P36|P44,1,extra_trees,late_weighted,"[0.25, 0.5, 0.25]",
arousal,1,1,"1__extra_trees__late_weighted__0.5,0.25,0.25",0.3759316192277887,P12|P13|P18|P2|P20|P21|P26|P35|P4|P40|P46|P8|P9,P19|P27|P3|P33|P34|P36|P44,1,extra_trees,late_weighted,"[0.5, 0.25, 0.25]",
arousal,1,1,"1__extra_trees__unimodal__1.0,0.0,0.0",0.3533521532565235,P12|P13|P18|P2|P20|P21|P26|P35|P4|P40|P46|P8|P9,P19|P27|P3|P33|P34|P36|P44,1,extra_trees,unimodal,"[1.0, 0.0, 0.0]",Pupil
arousal,1,1,"1__extra_trees__unimodal__0.0,1.0,0.0",0.3443244968681224,P12|P13|P18|P2|P20|P21|P26|P35|P4|P40|P46|P8|P9,P19|P27|P3|P33|P34|P36|P44,1,extra_trees,unimodal,"[0.0, 1.0, 0.0]",Eye
arousal,1,1,"1__extra_trees__unimodal__0.0,0.0,1.0",0.349632630545316,P12|P13|P18|P2|P20|P21|P26|P35|P4|P40|P46|P8|P9,P19|P27|P3|P33|P34|P36|P44,1,extra_trees,unimodal,"[0.0, 0.0, 1.0]",EEG
arousal,1,1,8__logistic__early__,0.3891073326859653,P12|P13|P18|P2|P20|P21|P26|P35|P4|P40|P46|P8|P9,P19|P27|P3|P33|P34|P36|P44,8,logistic,early,,
arousal,1,1,"8__logistic__late_mean__0.3333333333333333,0.3333333333333333,0.3333333333333333",0.3831097091474055,P12|P13|P18|P2|P20|P21|P26|P35|P4|P40|P46|P8|P9,P19|P27|P3|P33|P34|P36|P44,8,logistic,late_mean,"[0.3333333333333333, 0.3333333333333333, 0.3333333333333333]",
arousal,1,1,"8__logistic__late_geometric__0.3333333333333333,0.3333333333333333,0.3333333333333333",0.3867348632009836,P12|P13|P18|P2|P20|P21|P26|P35|P4|P40|P46|P8|P9,P19|P27|P3|P33|P34|P36|P44,8,logistic,late_geometric,"[0.3333333333333333, 0.3333333333333333, 0.3333333333333333]",
arousal,1,1,"8__logistic__late_weighted__0.25,0.25,0.5",0.3792917033289454,P12|P13|P18|P2|P20|P21|P26|P35|P4|P40|P46|P8|P9,P19|P27|P3|P33|P34|P36|P44,8,logistic,late_weighted,"[0.25, 0.25, 0.5]",
arousal,1,1,"8__logistic__late_weighted__0.25,0.5,0.25",0.3728976445647649,P12|P13|P18|P2|P20|P21|P26|P35|P4|P40|P46|P8|P9,P19|P27|P3|P33|P34|P36|P44,8,logistic,late_weighted,"[0.25, 0.5, 0.25]",
arousal,1,1,"8__logistic__late_weighted__0.5,0.25,0.25",0.3869526368426211,P12|P13|P18|P2|P20|P21|P26|P35|P4|P40|P46|P8|P9,P19|P27|P3|P33|P34|P36|P44,8,logistic,late_weighted,"[0.5, 0.25, 0.25]",
arousal,1,1,"8__logistic__unimodal__1.0,0.0,0.0",0.375777693236429,P12|P13|P18|P2|P20|P21|P26|P35|P4|P40|P46|P8|P9,P19|P27|P3|P33|P34|P36|P44,8,logistic,unimodal,"[1.0, 0.0, 0.0]",Pupil
arousal,1,1,"8__logistic__unimodal__0.0,1.0,0.0",0.3400159452851498,P12|P13|P18|P2|P20|P21|P26|P35|P4|P40|P46|P8|P9,P19|P27|P3|P33|P34|P36|P44,8,logistic,unimodal,"[0.0, 1.0, 0.0]",Eye
arousal,1,1,"8__logistic__unimodal__0.0,0.0,1.0",0.3845198458823597,P12|P13|P18|P2|P20|P21|P26|P35|P4|P40|P46|P8|P9,P19|P27|P3|P33|P34|P36|P44,8,logistic,unimodal,"[0.0, 0.0, 1.0]",EEG
arousal,1,1,8__lda__early__,0.3905397707283701,P12|P13|P18|P2|P20|P21|P26|P35|P4|P40|P46|P8|P9,P19|P27|P3|P33|P34|P36|P44,8,lda,early,,
arousal,1,1,"8__lda__late_mean__0.3333333333333333,0.3333333333333333,0.3333333333333333",0.3876202257973222,P12|P13|P18|P2|P20|P21|P26|P35|P4|P40|P46|P8|P9,P19|P27|P3|P33|P34|P36|P44,8,lda,late_mean,"[0.3333333333333333, 0.3333333333333333, 0.3333333333333333]",
arousal,1,1,"8__lda__late_geometric__0.3333333333333333,0.3333333333333333,0.3333333333333333",0.3867262515732469,P12|P13|P18|P2|P20|P21|P26|P35|P4|P40|P46|P8|P9,P19|P27|P3|P33|P34|P36|P44,8,lda,late_geometric,"[0.3333333333333333, 0.3333333333333333, 0.3333333333333333]",
arousal,1,1,"8__lda__late_weighted__0.25,0.25,0.5",0.3828219001684186,P12|P13|P18|P2|P20|P21|P26|P35|P4|P40|P46|P8|P9,P19|P27|P3|P33|P34|P36|P44,8,lda,late_weighted,"[0.25, 0.25, 0.5]",
arousal,1,1,"8__lda__late_weighted__0.25,0.5,0.25",0.3801236750083103,P12|P13|P18|P2|P20|P21|P26|P35|P4|P40|P46|P8|P9,P19|P27|P3|P33|P34|P36|P44,8,lda,late_weighted,"[0.25, 0.5, 0.25]",
arousal,1,1,"8__lda__late_weighted__0.5,0.25,0.25",0.3942082823841029,P12|P13|P18|P2|P20|P21|P26|P35|P4|P40|P46|P8|P9,P19|P27|P3|P33|P34|P36|P44,8,lda,late_weighted,"[0.5, 0.25, 0.25]",
arousal,1,1,"8__lda__unimodal__1.0,0.0,0.0",0.3770805508482472,P12|P13|P18|P2|P20|P21|P26|P35|P4|P40|P46|P8|P9,P19|P27|P3|P33|P34|P36|P44,8,lda,unimodal,"[1.0, 0.0, 0.0]",Pupil
arousal,1,1,"8__lda__unimodal__0.0,1.0,0.0",0.3445818842481387,P12|P13|P18|P2|P20|P21|P26|P35|P4|P40|P46|P8|P9,P19|P27|P3|P33|P34|P36|P44,8,lda,unimodal,"[0.0, 1.0, 0.0]",Eye
arousal,1,1,"8__lda__unimodal__0.0,0.0,1.0",0.3871852972738701,P12|P13|P18|P2|P20|P21|P26|P35|P4|P40|P46|P8|P9,P19|P27|P3|P33|P34|P36|P44,8,lda,unimodal,"[0.0, 0.0, 1.0]",EEG
arousal,1,1,8__extra_trees__early__,0.3634934962827053,P12|P13|P18|P2|P20|P21|P26|P35|P4|P40|P46|P8|P9,P19|P27|P3|P33|P34|P36|P44,8,extra_trees,early,,
arousal,1,1,"8__extra_trees__late_mean__0.3333333333333333,0.3333333333333333,0.3333333333333333",0.3636728753822734,P12|P13|P18|P2|P20|P21|P26|P35|P4|P40|P46|P8|P9,P19|P27|P3|P33|P34|P36|P44,8,extra_trees,late_mean,"[0.3333333333333333, 0.3333333333333333, 0.3333333333333333]",
arousal,1,1,"8__extra_trees__late_geometric__0.3333333333333333,0.3333333333333333,0.3333333333333333",0.3637324427566987,P12|P13|P18|P2|P20|P21|P26|P35|P4|P40|P46|P8|P9,P19|P27|P3|P33|P34|P36|P44,8,extra_trees,late_geometric,"[0.3333333333333333, 0.3333333333333333, 0.3333333333333333]",
arousal,1,1,"8__extra_trees__late_weighted__0.25,0.25,0.5",0.3562667995798637,P12|P13|P18|P2|P20|P21|P26|P35|P4|P40|P46|P8|P9,P19|P27|P3|P33|P34|P36|P44,8,extra_trees,late_weighted,"[0.25, 0.25, 0.5]",
arousal,1,1,"8__extra_trees__late_weighted__0.25,0.5,0.25",0.357551921842405,P12|P13|P18|P2|P20|P21|P26|P35|P4|P40|P46|P8|P9,P19|P27|P3|P33|P34|P36|P44,8,extra_trees,late_weighted,"[0.25, 0.5, 0.25]",
arousal,1,1,"8__extra_trees__late_weighted__0.5,0.25,0.25",0.3660611306033617,P12|P13|P18|P2|P20|P21|P26|P35|P4|P40|P46|P8|P9,P19|P27|P3|P33|P34|P36|P44,8,extra_trees,late_weighted,"[0.5, 0.25, 0.25]",
arousal,1,1,"8__extra_trees__unimodal__1.0,0.0,0.0",0.3540594353546166,P12|P13|P18|P2|P20|P21|P26|P35|P4|P40|P46|P8|P9,P19|P27|P3|P33|P34|P36|P44,8,extra_trees,unimodal,"[1.0, 0.0, 0.0]",Pupil
arousal,1,1,"8__extra_trees__unimodal__0.0,1.0,0.0",0.3573517048395235,P12|P13|P18|P2|P20|P21|P26|P35|P4|P40|P46|P8|P9,P19|P27|P3|P33|P34|P36|P44,8,extra_trees,unimodal,"[0.0, 1.0, 0.0]",Eye
arousal,1,1,"8__extra_trees__unimodal__0.0,0.0,1.0",0.3543534471156214,P12|P13|P18|P2|P20|P21|P26|P35|P4|P40|P46|P8|P9,P19|P27|P3|P33|P34|P36|P44,8,extra_trees,unimodal,"[0.0, 0.0, 1.0]",EEG
arousal,1,2,1__logistic__early__,0.335235478829917,P12|P19|P2|P21|P27|P3|P33|P34|P35|P36|P4|P44|P46,P13|P18|P20|P26|P40|P8|P9,1,logistic,early,,
arousal,1,2,"1__logistic__late_mean__0.3333333333333333,0.3333333333333333,0.3333333333333333",0.3446595348161098,P12|P19|P2|P21|P27|P3|P33|P34|P35|P36|P4|P44|P46,P13|P18|P20|P26|P40|P8|P9,1,logistic,late_mean,"[0.3333333333333333, 0.3333333333333333, 0.3333333333333333]",
arousal,1,2,"1__logistic__late_geometric__0.3333333333333333,0.3333333333333333,0.3333333333333333",0.3381451443929735,P12|P19|P2|P21|P27|P3|P33|P34|P35|P36|P4|P44|P46,P13|P18|P20|P26|P40|P8|P9,1,logistic,late_geometric,"[0.3333333333333333, 0.3333333333333333, 0.3333333333333333]",
arousal,1,2,"1__logistic__late_weighted__0.25,0.25,0.5",0.336403886390941,P12|P19|P2|P21|P27|P3|P33|P34|P35|P36|P4|P44|P46,P13|P18|P20|P26|P40|P8|P9,1,logistic,late_weighted,"[0.25, 0.25, 0.5]",
arousal,1,2,"1__logistic__late_weighted__0.25,0.5,0.25",0.3393183247283501,P12|P19|P2|P21|P27|P3|P33|P34|P35|P36|P4|P44|P46,P13|P18|P20|P26|P40|P8|P9,1,logistic,late_weighted,"[0.25, 0.5, 0.25]",
arousal,1,2,"1__logistic__late_weighted__0.5,0.25,0.25",0.3406577406642103,P12|P19|P2|P21|P27|P3|P33|P34|P35|P36|P4|P44|P46,P13|P18|P20|P26|P40|P8|P9,1,logistic,late_weighted,"[0.5, 0.25, 0.25]",
arousal,1,2,"1__logistic__unimodal__1.0,0.0,0.0",0.367565323139095,P12|P19|P2|P21|P27|P3|P33|P34|P35|P36|P4|P44|P46,P13|P18|P20|P26|P40|P8|P9,1,logistic,unimodal,"[1.0, 0.0, 0.0]",Pupil
arousal,1,2,"1__logistic__unimodal__0.0,1.0,0.0",0.3268719591318328,P12|P19|P2|P21|P27|P3|P33|P34|P35|P36|P4|P44|P46,P13|P18|P20|P26|P40|P8|P9,1,logistic,unimodal,"[0.0, 1.0, 0.0]",Eye
arousal,1,2,"1__logistic__unimodal__0.0,0.0,1.0",0.3188554153795689,P12|P19|P2|P21|P27|P3|P33|P34|P35|P36|P4|P44|P46,P13|P18|P20|P26|P40|P8|P9,1,logistic,unimodal,"[0.0, 0.0, 1.0]",EEG
arousal,1,2,1__lda__early__,0.3296303613810799,P12|P19|P2|P21|P27|P3|P33|P34|P35|P36|P4|P44|P46,P13|P18|P20|P26|P40|P8|P9,1,lda,early,,
arousal,1,2,"1__lda__late_mean__0.3333333333333333,0.3333333333333333,0.3333333333333333",0.3424335829512246,P12|P19|P2|P21|P27|P3|P33|P34|P35|P36|P4|P44|P46,P13|P18|P20|P26|P40|P8|P9,1,lda,late_mean,"[0.3333333333333333, 0.3333333333333333, 0.3333333333333333]",
arousal,1,2,"1__lda__late_geometric__0.3333333333333333,0.3333333333333333,0.3333333333333333",0.3426066110178047,P12|P19|P2|P21|P27|P3|P33|P34|P35|P36|P4|P44|P46,P13|P18|P20|P26|P40|P8|P9,1,lda,late_geometric,"[0.3333333333333333, 0.3333333333333333, 0.3333333333333333]",
arousal,1,2,"1__lda__late_weighted__0.25,0.25,0.5",0.3355428868660475,P12|P19|P2|P21|P27|P3|P33|P34|P35|P36|P4|P44|P46,P13|P18|P20|P26|P40|P8|P9,1,lda,late_weighted,"[0.25, 0.25, 0.5]",
arousal,1,2,"1__lda__late_weighted__0.25,0.5,0.25",0.3352370317865895,P12|P19|P2|P21|P27|P3|P33|P34|P35|P36|P4|P44|P46,P13|P18|P20|P26|P40|P8|P9,1,lda,late_weighted,"[0.25, 0.5, 0.25]",
arousal,1,2,"1__lda__late_weighted__0.5,0.25,0.25",0.340456107650358,P12|P19|P2|P21|P27|P3|P33|P34|P35|P36|P4|P44|P46,P13|P18|P20|P26|P40|P8|P9,1,lda,late_weighted,"[0.5, 0.25, 0.25]",
arousal,1,2,"1__lda__unimodal__1.0,0.0,0.0",0.3665612683736331,P12|P19|P2|P21|P27|P3|P33|P34|P35|P36|P4|P44|P46,P13|P18|P20|P26|P40|P8|P9,1,lda,unimodal,"[1.0, 0.0, 0.0]",Pupil
arousal,1,2,"1__lda__unimodal__0.0,1.0,0.0",0.3300781495568431,P12|P19|P2|P21|P27|P3|P33|P34|P35|P36|P4|P44|P46,P13|P18|P20|P26|P40|P8|P9,1,lda,unimodal,"[0.0, 1.0, 0.0]",Eye
arousal,1,2,"1__lda__unimodal__0.0,0.0,1.0",0.318689999113725,P12|P19|P2|P21|P27|P3|P33|P34|P35|P36|P4|P44|P46,P13|P18|P20|P26|P40|P8|P9,1,lda,unimodal,"[0.0, 0.0, 1.0]",EEG
arousal,1,2,1__extra_trees__early__,0.3118838318022937,P12|P19|P2|P21|P27|P3|P33|P34|P35|P36|P4|P44|P46,P13|P18|P20|P26|P40|P8|P9,1,extra_trees,early,,
arousal,1,2,"1__extra_trees__late_mean__0.3333333333333333,0.3333333333333333,0.3333333333333333",0.3224480850994786,P12|P19|P2|P21|P27|P3|P33|P34|P35|P36|P4|P44|P46,P13|P18|P20|P26|P40|P8|P9,1,extra_trees,late_mean,"[0.3333333333333333, 0.3333333333333333, 0.3333333333333333]",
arousal,1,2,"1__extra_trees__late_geometric__0.3333333333333333,0.3333333333333333,0.3333333333333333",0.3201468398781779,P12|P19|P2|P21|P27|P3|P33|P34|P35|P36|P4|P44|P46,P13|P18|P20|P26|P40|P8|P9,1,extra_trees,late_geometric,"[0.3333333333333333, 0.3333333333333333, 0.3333333333333333]",
arousal,1,2,"1__extra_trees__late_weighted__0.25,0.25,0.5",0.3131289776170537,P12|P19|P2|P21|P27|P3|P33|P34|P35|P36|P4|P44|P46,P13|P18|P20|P26|P40|P8|P9,1,extra_trees,late_weighted,"[0.25, 0.25, 0.5]",
arousal,1,2,"1__extra_trees__late_weighted__0.25,0.5,0.25",0.32320986955222,P12|P19|P2|P21|P27|P3|P33|P34|P35|P36|P4|P44|P46,P13|P18|P20|P26|P40|P8|P9,1,extra_trees,late_weighted,"[0.25, 0.5, 0.25]",
arousal,1,2,"1__extra_trees__late_weighted__0.5,0.25,0.25",0.3345278537822213,P12|P19|P2|P21|P27|P3|P33|P34|P35|P36|P4|P44|P46,P13|P18|P20|P26|P40|P8|P9,1,extra_trees,late_weighted,"[0.5, 0.25, 0.25]",
arousal,1,2,"1__extra_trees__unimodal__1.0,0.0,0.0",0.3478279160404832,P12|P19|P2|P21|P27|P3|P33|P34|P35|P36|P4|P44|P46,P13|P18|P20|P26|P40|P8|P9,1,extra_trees,unimodal,"[1.0, 0.0, 0.0]",Pupil
arousal,1,2,"1__extra_trees__unimodal__0.0,1.0,0.0",0.3393394416356136,P12|P19|P2|P21|P27|P3|P33|P34|P35|P36|P4|P44|P46,P13|P18|P20|P26|P40|P8|P9,1,extra_trees,unimodal,"[0.0, 1.0, 0.0]",Eye
arousal,1,2,"1__extra_trees__unimodal__0.0,0.0,1.0",0.3079743663112544,P12|P19|P2|P21|P27|P3|P33|P34|P35|P36|P4|P44|P46,P13|P18|P20|P26|P40|P8|P9,1,extra_trees,unimodal,"[0.0, 0.0, 1.0]",EEG
arousal,1,2,8__logistic__early__,0.3416698828891301,P12|P19|P2|P21|P27|P3|P33|P34|P35|P36|P4|P44|P46,P13|P18|P20|P26|P40|P8|P9,8,logistic,early,,
arousal,1,2,"8__logistic__late_mean__0.3333333333333333,0.3333333333333333,0.3333333333333333",0.3402371649286123,P12|P19|P2|P21|P27|P3|P33|P34|P35|P36|P4|P44|P46,P13|P18|P20|P26|P40|P8|P9,8,logistic,late_mean,"[0.3333333333333333, 0.3333333333333333, 0.3333333333333333]",
arousal,1,2,"8__logistic__late_geometric__0.3333333333333333,0.3333333333333333,0.3333333333333333",0.3362931990239791,P12|P19|P2|P21|P27|P3|P33|P34|P35|P36|P4|P44|P46,P13|P18|P20|P26|P40|P8|P9,8,logistic,late_geometric,"[0.3333333333333333, 0.3333333333333333, 0.3333333333333333]",
arousal,1,2,"8__logistic__late_weighted__0.25,0.25,0.5",0.3331391850814971,P12|P19|P2|P21|P27|P3|P33|P34|P35|P36|P4|P44|P46,P13|P18|P20|P26|P40|P8|P9,8,logistic,late_weighted,"[0.25, 0.25, 0.5]",
arousal,1,2,"8__logistic__late_weighted__0.25,0.5,0.25",0.3479038915987272,P12|P19|P2|P21|P27|P3|P33|P34|P35|P36|P4|P44|P46,P13|P18|P20|P26|P40|P8|P9,8,logistic,late_weighted,"[0.25, 0.5, 0.25]",
arousal,1,2,"8__logistic__late_weighted__0.5,0.25,0.25",0.3351763000514247,P12|P19|P2|P21|P27|P3|P33|P34|P35|P36|P4|P44|P46,P13|P18|P20|P26|P40|P8|P9,8,logistic,late_weighted,"[0.5, 0.25, 0.25]",
arousal,1,2,"8__logistic__unimodal__1.0,0.0,0.0",0.3485932199446763,P12|P19|P2|P21|P27|P3|P33|P34|P35|P36|P4|P44|P46,P13|P18|P20|P26|P40|P8|P9,8,logistic,unimodal,"[1.0, 0.0, 0.0]",Pupil
arousal,1,2,"8__logistic__unimodal__0.0,1.0,0.0",0.3447513250378782,P12|P19|P2|P21|P27|P3|P33|P34|P35|P36|P4|P44|P46,P13|P18|P20|P26|P40|P8|P9,8,logistic,unimodal,"[0.0, 1.0, 0.0]",Eye
arousal,1,2,"8__logistic__unimodal__0.0,0.0,1.0",0.3254664034250981,P12|P19|P2|P21|P27|P3|P33|P34|P35|P36|P4|P44|P46,P13|P18|P20|P26|P40|P8|P9,8,logistic,unimodal,"[0.0, 0.0, 1.0]",EEG
arousal,1,2,8__lda__early__,0.3336834200160156,P12|P19|P2|P21|P27|P3|P33|P34|P35|P36|P4|P44|P46,P13|P18|P20|P26|P40|P8|P9,8,lda,early,,
arousal,1,2,"8__lda__late_mean__0.3333333333333333,0.3333333333333333,0.3333333333333333",0.3343333530400911,P12|P19|P2|P21|P27|P3|P33|P34|P35|P36|P4|P44|P46,P13|P18|P20|P26|P40|P8|P9,8,lda,late_mean,"[0.3333333333333333, 0.3333333333333333, 0.3333333333333333]",
arousal,1,2,"8__lda__late_geometric__0.3333333333333333,0.3333333333333333,0.3333333333333333",0.3321821515353035,P12|P19|P2|P21|P27|P3|P33|P34|P35|P36|P4|P44|P46,P13|P18|P20|P26|P40|P8|P9,8,lda,late_geometric,"[0.3333333333333333, 0.3333333333333333, 0.3333333333333333]",
arousal,1,2,"8__lda__late_weighted__0.25,0.25,0.5",0.3307787102240698,P12|P19|P2|P21|P27|P3|P33|P34|P35|P36|P4|P44|P46,P13|P18|P20|P26|P40|P8|P9,8,lda,late_weighted,"[0.25, 0.25, 0.5]",
arousal,1,2,"8__lda__late_weighted__0.25,0.5,0.25",0.3382499592198932,P12|P19|P2|P21|P27|P3|P33|P34|P35|P36|P4|P44|P46,P13|P18|P20|P26|P40|P8|P9,8,lda,late_weighted,"[0.25, 0.5, 0.25]",
arousal,1,2,"8__lda__late_weighted__0.5,0.25,0.25",0.3337546445176331,P12|P19|P2|P21|P27|P3|P33|P34|P35|P36|P4|P44|P46,P13|P18|P20|P26|P40|P8|P9,8,lda,late_weighted,"[0.5, 0.25, 0.25]",
arousal,1,2,"8__lda__unimodal__1.0,0.0,0.0",0.3474740752222621,P12|P19|P2|P21|P27|P3|P33|P34|P35|P36|P4|P44|P46,P13|P18|P20|P26|P40|P8|P9,8,lda,unimodal,"[1.0, 0.0, 0.0]",Pupil
arousal,1,2,"8__lda__unimodal__0.0,1.0,0.0",0.3416566476056997,P12|P19|P2|P21|P27|P3|P33|P34|P35|P36|P4|P44|P46,P13|P18|P20|P26|P40|P8|P9,8,lda,unimodal,"[0.0, 1.0, 0.0]",Eye
arousal,1,2,"8__lda__unimodal__0.0,0.0,1.0",0.3253587032823404,P12|P19|P2|P21|P27|P3|P33|P34|P35|P36|P4|P44|P46,P13|P18|P20|P26|P40|P8|P9,8,lda,unimodal,"[0.0, 0.0, 1.0]",EEG
arousal,1,2,8__extra_trees__early__,0.3250634886095326,P12|P19|P2|P21|P27|P3|P33|P34|P35|P36|P4|P44|P46,P13|P18|P20|P26|P40|P8|P9,8,extra_trees,early,,
arousal,1,2,"8__extra_trees__late_mean__0.3333333333333333,0.3333333333333333,0.3333333333333333",0.3304765640173842,P12|P19|P2|P21|P27|P3|P33|P34|P35|P36|P4|P44|P46,P13|P18|P20|P26|P40|P8|P9,8,extra_trees,late_mean,"[0.3333333333333333, 0.3333333333333333, 0.3333333333333333]",
arousal,1,2,"8__extra_trees__late_geometric__0.3333333333333333,0.3333333333333333,0.3333333333333333",0.3289523897772174,P12|P19|P2|P21|P27|P3|P33|P34|P35|P36|P4|P44|P46,P13|P18|P20|P26|P40|P8|P9,8,extra_trees,late_geometric,"[0.3333333333333333, 0.3333333333333333, 0.3333333333333333]",
arousal,1,2,"8__extra_trees__late_weighted__0.25,0.25,0.5",0.3246383828215619,P12|P19|P2|P21|P27|P3|P33|P34|P35|P36|P4|P44|P46,P13|P18|P20|P26|P40|P8|P9,8,extra_trees,late_weighted,"[0.25, 0.25, 0.5]",
arousal,1,2,"8__extra_trees__late_weighted__0.25,0.5,0.25",0.3384943544491531,P12|P19|P2|P21|P27|P3|P33|P34|P35|P36|P4|P44|P46,P13|P18|P20|P26|P40|P8|P9,8,extra_trees,late_weighted,"[0.25, 0.5, 0.25]",
arousal,1,2,"8__extra_trees__late_weighted__0.5,0.25,0.25",0.3360293560506958,P12|P19|P2|P21|P27|P3|P33|P34|P35|P36|P4|P44|P46,P13|P18|P20|P26|P40|P8|P9,8,extra_trees,late_weighted,"[0.5, 0.25, 0.25]",
arousal,1,2,"8__extra_trees__unimodal__1.0,0.0,0.0",0.3535683125223703,P12|P19|P2|P21|P27|P3|P33|P34|P35|P36|P4|P44|P46,P13|P18|P20|P26|P40|P8|P9,8,extra_trees,unimodal,"[1.0, 0.0, 0.0]",Pupil
arousal,1,2,"8__extra_trees__unimodal__0.0,1.0,0.0",0.3605144039923773,P12|P19|P2|P21|P27|P3|P33|P34|P35|P36|P4|P44|P46,P13|P18|P20|P26|P40|P8|P9,8,extra_trees,unimodal,"[0.0, 1.0, 0.0]",Eye
arousal,1,2,"8__extra_trees__unimodal__0.0,0.0,1.0",0.3168339454040822,P12|P19|P2|P21|P27|P3|P33|P34|P35|P36|P4|P44|P46,P13|P18|P20|P26|P40|P8|P9,8,extra_trees,unimodal,"[0.0, 0.0, 1.0]",EEG
arousal,1,3,1__logistic__early__,0.3457730973049682,P13|P18|P19|P20|P26|P27|P3|P33|P34|P36|P40|P44|P8|P9,P12|P2|P21|P35|P4|P46,1,logistic,early,,
arousal,1,3,"1__logistic__late_mean__0.3333333333333333,0.3333333333333333,0.3333333333333333",0.3394365305330478,P13|P18|P19|P20|P26|P27|P3|P33|P34|P36|P40|P44|P8|P9,P12|P2|P21|P35|P4|P46,1,logistic,late_mean,"[0.3333333333333333, 0.3333333333333333, 0.3333333333333333]",
arousal,1,3,"1__logistic__late_geometric__0.3333333333333333,0.3333333333333333,0.3333333333333333",0.3408239820943712,P13|P18|P19|P20|P26|P27|P3|P33|P34|P36|P40|P44|P8|P9,P12|P2|P21|P35|P4|P46,1,logistic,late_geometric,"[0.3333333333333333, 0.3333333333333333, 0.3333333333333333]",
arousal,1,3,"1__logistic__late_weighted__0.25,0.25,0.5",0.3442197892453289,P13|P18|P19|P20|P26|P27|P3|P33|P34|P36|P40|P44|P8|P9,P12|P2|P21|P35|P4|P46,1,logistic,late_weighted,"[0.25, 0.25, 0.5]",
arousal,1,3,"1__logistic__late_weighted__0.25,0.5,0.25",0.3495741445045854,P13|P18|P19|P20|P26|P27|P3|P33|P34|P36|P40|P44|P8|P9,P12|P2|P21|P35|P4|P46,1,logistic,late_weighted,"[0.25, 0.5, 0.25]",
arousal,1,3,"1__logistic__late_weighted__0.5,0.25,0.25",0.3456397938420048,P13|P18|P19|P20|P26|P27|P3|P33|P34|P36|P40|P44|P8|P9,P12|P2|P21|P35|P4|P46,1,logistic,late_weighted,"[0.5, 0.25, 0.25]",
arousal,1,3,"1__logistic__unimodal__1.0,0.0,0.0",0.3406959665136972,P13|P18|P19|P20|P26|P27|P3|P33|P34|P36|P40|P44|P8|P9,P12|P2|P21|P35|P4|P46,1,logistic,unimodal,"[1.0, 0.0, 0.0]",Pupil
arousal,1,3,"1__logistic__unimodal__0.0,1.0,0.0",0.349377533085621,P13|P18|P19|P20|P26|P27|P3|P33|P34|P36|P40|P44|P8|P9,P12|P2|P21|P35|P4|P46,1,logistic,unimodal,"[0.0, 1.0, 0.0]",Eye
arousal,1,3,"1__logistic__unimodal__0.0,0.0,1.0",0.3414968307334257,P13|P18|P19|P20|P26|P27|P3|P33|P34|P36|P40|P44|P8|P9,P12|P2|P21|P35|P4|P46,1,logistic,unimodal,"[0.0, 0.0, 1.0]",EEG
arousal,1,3,1__lda__early__,0.3383701323121978,P13|P18|P19|P20|P26|P27|P3|P33|P34|P36|P40|P44|P8|P9,P12|P2|P21|P35|P4|P46,1,lda,early,,
arousal,1,3,"1__lda__late_mean__0.3333333333333333,0.3333333333333333,0.3333333333333333",0.3416749880305298,P13|P18|P19|P20|P26|P27|P3|P33|P34|P36|P40|P44|P8|P9,P12|P2|P21|P35|P4|P46,1,lda,late_mean,"[0.3333333333333333, 0.3333333333333333, 0.3333333333333333]",
arousal,1,3,"1__lda__late_geometric__0.3333333333333333,0.3333333333333333,0.3333333333333333",0.3424886474178592,P13|P18|P19|P20|P26|P27|P3|P33|P34|P36|P40|P44|P8|P9,P12|P2|P21|P35|P4|P46,1,lda,late_geometric,"[0.3333333333333333, 0.3333333333333333, 0.3333333333333333]",
arousal,1,3,"1__lda__late_weighted__0.25,0.25,0.5",0.3443482406354818,P13|P18|P19|P20|P26|P27|P3|P33|P34|P36|P40|P44|P8|P9,P12|P2|P21|P35|P4|P46,1,lda,late_weighted,"[0.25, 0.25, 0.5]",
arousal,1,3,"1__lda__late_weighted__0.25,0.5,0.25",0.3483234693700612,P13|P18|P19|P20|P26|P27|P3|P33|P34|P36|P40|P44|P8|P9,P12|P2|P21|P35|P4|P46,1,lda,late_weighted,"[0.25, 0.5, 0.25]",
arousal,1,3,"1__lda__late_weighted__0.5,0.25,0.25",0.3433093388066408,P13|P18|P19|P20|P26|P27|P3|P33|P34|P36|P40|P44|P8|P9,P12|P2|P21|P35|P4|P46,1,lda,late_weighted,"[0.5, 0.25, 0.25]",
arousal,1,3,"1__lda__unimodal__1.0,0.0,0.0",0.3393812186272393,P13|P18|P19|P20|P26|P27|P3|P33|P34|P36|P40|P44|P8|P9,P12|P2|P21|P35|P4|P46,1,lda,unimodal,"[1.0, 0.0, 0.0]",Pupil
arousal,1,3,"1__lda__unimodal__0.0,1.0,0.0",0.3426521374005987,P13|P18|P19|P20|P26|P27|P3|P33|P34|P36|P40|P44|P8|P9,P12|P2|P21|P35|P4|P46,1,lda,unimodal,"[0.0, 1.0, 0.0]",Eye
arousal,1,3,"1__lda__unimodal__0.0,0.0,1.0",0.339520173048867,P13|P18|P19|P20|P26|P27|P3|P33|P34|P36|P40|P44|P8|P9,P12|P2|P21|P35|P4|P46,1,lda,unimodal,"[0.0, 0.0, 1.0]",EEG
arousal,1,3,1__extra_trees__early__,0.3358401435899393,P13|P18|P19|P20|P26|P27|P3|P33|P34|P36|P40|P44|P8|P9,P12|P2|P21|P35|P4|P46,1,extra_trees,early,,
arousal,1,3,"1__extra_trees__late_mean__0.3333333333333333,0.3333333333333333,0.3333333333333333",0.3461464911953417,P13|P18|P19|P20|P26|P27|P3|P33|P34|P36|P40|P44|P8|P9,P12|P2|P21|P35|P4|P46,1,extra_trees,late_mean,"[0.3333333333333333, 0.3333333333333333, 0.3333333333333333]",
arousal,1,3,"1__extra_trees__late_geometric__0.3333333333333333,0.3333333333333333,0.3333333333333333",0.3457443026063318,P13|P18|P19|P20|P26|P27|P3|P33|P34|P36|P40|P44|P8|P9,P12|P2|P21|P35|P4|P46,1,extra_trees,late_geometric,"[0.3333333333333333, 0.3333333333333333, 0.3333333333333333]",
arousal,1,3,"1__extra_trees__late_weighted__0.25,0.25,0.5",0.3457087934428144,P13|P18|P19|P20|P26|P27|P3|P33|P34|P36|P40|P44|P8|P9,P12|P2|P21|P35|P4|P46,1,extra_trees,late_weighted,"[0.25, 0.25, 0.5]",
arousal,1,3,"1__extra_trees__late_weighted__0.25,0.5,0.25",0.3444393074417994,P13|P18|P19|P20|P26|P27|P3|P33|P34|P36|P40|P44|P8|P9,P12|P2|P21|P35|P4|P46,1,extra_trees,late_weighted,"[0.25, 0.5, 0.25]",
arousal,1,3,"1__extra_trees__late_weighted__0.5,0.25,0.25",0.3492373816902128,P13|P18|P19|P20|P26|P27|P3|P33|P34|P36|P40|P44|P8|P9,P12|P2|P21|P35|P4|P46,1,extra_trees,late_weighted,"[0.5, 0.25, 0.25]",
arousal,1,3,"1__extra_trees__unimodal__1.0,0.0,0.0",0.3595408294331118,P13|P18|P19|P20|P26|P27|P3|P33|P34|P36|P40|P44|P8|P9,P12|P2|P21|P35|P4|P46,1,extra_trees,unimodal,"[1.0, 0.0, 0.0]",Pupil
arousal,1,3,"1__extra_trees__unimodal__0.0,1.0,0.0",0.3467181352095884,P13|P18|P19|P20|P26|P27|P3|P33|P34|P36|P40|P44|P8|P9,P12|P2|P21|P35|P4|P46,1,extra_trees,unimodal,"[0.0, 1.0, 0.0]",Eye
arousal,1,3,"1__extra_trees__unimodal__0.0,0.0,1.0",0.3335331807380093,P13|P18|P19|P20|P26|P27|P3|P33|P34|P36|P40|P44|P8|P9,P12|P2|P21|P35|P4|P46,1,extra_trees,unimodal,"[0.0, 0.0, 1.0]",EEG
arousal,1,3,8__logistic__early__,0.3515099065786416,P13|P18|P19|P20|P26|P27|P3|P33|P34|P36|P40|P44|P8|P9,P12|P2|P21|P35|P4|P46,8,logistic,early,,
arousal,1,3,"8__logistic__late_mean__0.3333333333333333,0.3333333333333333,0.3333333333333333",0.3607193737105436,P13|P18|P19|P20|P26|P27|P3|P33|P34|P36|P40|P44|P8|P9,P12|P2|P21|P35|P4|P46,8,logistic,late_mean,"[0.3333333333333333, 0.3333333333333333, 0.3333333333333333]",
arousal,1,3,"8__logistic__late_geometric__0.3333333333333333,0.3333333333333333,0.3333333333333333",0.359303177532556,P13|P18|P19|P20|P26|P27|P3|P33|P34|P36|P40|P44|P8|P9,P12|P2|P21|P35|P4|P46,8,logistic,late_geometric,"[0.3333333333333333, 0.3333333333333333, 0.3333333333333333]",
arousal,1,3,"8__logistic__late_weighted__0.25,0.25,0.5",0.3640494601774593,P13|P18|P19|P20|P26|P27|P3|P33|P34|P36|P40|P44|P8|P9,P12|P2|P21|P35|P4|P46,8,logistic,late_weighted,"[0.25, 0.25, 0.5]",
arousal,1,3,"8__logistic__late_weighted__0.25,0.5,0.25",0.3617050419941921,P13|P18|P19|P20|P26|P27|P3|P33|P34|P36|P40|P44|P8|P9,P12|P2|P21|P35|P4|P46,8,logistic,late_weighted,"[0.25, 0.5, 0.25]",
arousal,1,3,"8__logistic__late_weighted__0.5,0.25,0.25",0.3551948235370181,P13|P18|P19|P20|P26|P27|P3|P33|P34|P36|P40|P44|P8|P9,P12|P2|P21|P35|P4|P46,8,logistic,late_weighted,"[0.5, 0.25, 0.25]",
arousal,1,3,"8__logistic__unimodal__1.0,0.0,0.0",0.344269010877164,P13|P18|P19|P20|P26|P27|P3|P33|P34|P36|P40|P44|P8|P9,P12|P2|P21|P35|P4|P46,8,logistic,unimodal,"[1.0, 0.0, 0.0]",Pupil
arousal,1,3,"8__logistic__unimodal__0.0,1.0,0.0",0.3524383226762104,P13|P18|P19|P20|P26|P27|P3|P33|P34|P36|P40|P44|P8|P9,P12|P2|P21|P35|P4|P46,8,logistic,unimodal,"[0.0, 1.0, 0.0]",Eye
arousal,1,3,"8__logistic__unimodal__0.0,0.0,1.0",0.334382218966182,P13|P18|P19|P20|P26|P27|P3|P33|P34|P36|P40|P44|P8|P9,P12|P2|P21|P35|P4|P46,8,logistic,unimodal,"[0.0, 0.0, 1.0]",EEG
arousal,1,3,8__lda__early__,0.3514561279188455,P13|P18|P19|P20|P26|P27|P3|P33|P34|P36|P40|P44|P8|P9,P12|P2|P21|P35|P4|P46,8,lda,early,,
arousal,1,3,"8__lda__late_mean__0.3333333333333333,0.3333333333333333,0.3333333333333333",0.3598729111219954,P13|P18|P19|P20|P26|P27|P3|P33|P34|P36|P40|P44|P8|P9,P12|P2|P21|P35|P4|P46,8,lda,late_mean,"[0.3333333333333333, 0.3333333333333333, 0.3333333333333333]",
arousal,1,3,"8__lda__late_geometric__0.3333333333333333,0.3333333333333333,0.3333333333333333",0.3601502017928443,P13|P18|P19|P20|P26|P27|P3|P33|P34|P36|P40|P44|P8|P9,P12|P2|P21|P35|P4|P46,8,lda,late_geometric,"[0.3333333333333333, 0.3333333333333333, 0.3333333333333333]",
arousal,1,3,"8__lda__late_weighted__0.25,0.25,0.5",0.3537737424486293,P13|P18|P19|P20|P26|P27|P3|P33|P34|P36|P40|P44|P8|P9,P12|P2|P21|P35|P4|P46,8,lda,late_weighted,"[0.25, 0.25, 0.5]",
arousal,1,3,"8__lda__late_weighted__0.25,0.5,0.25",0.3497913917219002,P13|P18|P19|P20|P26|P27|P3|P33|P34|P36|P40|P44|P8|P9,P12|P2|P21|P35|P4|P46,8,lda,late_weighted,"[0.25, 0.5, 0.25]",
arousal,1,3,"8__lda__late_weighted__0.5,0.25,0.25",0.360062253913328,P13|P18|P19|P20|P26|P27|P3|P33|P34|P36|P40|P44|P8|P9,P12|P2|P21|P35|P4|P46,8,lda,late_weighted,"[0.5, 0.25, 0.25]",
arousal,1,3,"8__lda__unimodal__1.0,0.0,0.0",0.3467996840524092,P13|P18|P19|P20|P26|P27|P3|P33|P34|P36|P40|P44|P8|P9,P12|P2|P21|P35|P4|P46,8,lda,unimodal,"[1.0, 0.0, 0.0]",Pupil
arousal,1,3,"8__lda__unimodal__0.0,1.0,0.0",0.3604442140189974,P13|P18|P19|P20|P26|P27|P3|P33|P34|P36|P40|P44|P8|P9,P12|P2|P21|P35|P4|P46,8,lda,unimodal,"[0.0, 1.0, 0.0]",Eye
arousal,1,3,"8__lda__unimodal__0.0,0.0,1.0",0.3322932140026599,P13|P18|P19|P20|P26|P27|P3|P33|P34|P36|P40|P44|P8|P9,P12|P2|P21|P35|P4|P46,8,lda,unimodal,"[0.0, 0.0, 1.0]",EEG
arousal,1,3,8__extra_trees__early__,0.3632685162932705,P13|P18|P19|P20|P26|P27|P3|P33|P34|P36|P40|P44|P8|P9,P12|P2|P21|P35|P4|P46,8,extra_trees,early,,
arousal,1,3,"8__extra_trees__late_mean__0.3333333333333333,0.3333333333333333,0.3333333333333333",0.3740147530812934,P13|P18|P19|P20|P26|P27|P3|P33|P34|P36|P40|P44|P8|P9,P12|P2|P21|P35|P4|P46,8,extra_trees,late_mean,"[0.3333333333333333, 0.3333333333333333, 0.3333333333333333]",
arousal,1,3,"8__extra_trees__late_geometric__0.3333333333333333,0.3333333333333333,0.3333333333333333",0.3749862268466151,P13|P18|P19|P20|P26|P27|P3|P33|P34|P36|P40|P44|P8|P9,P12|P2|P21|P35|P4|P46,8,extra_trees,late_geometric,"[0.3333333333333333, 0.3333333333333333, 0.3333333333333333]",
arousal,1,3,"8__extra_trees__late_weighted__0.25,0.25,0.5",0.3758689891987786,P13|P18|P19|P20|P26|P27|P3|P33|P34|P36|P40|P44|P8|P9,P12|P2|P21|P35|P4|P46,8,extra_trees,late_weighted,"[0.25, 0.25, 0.5]",
arousal,1,3,"8__extra_trees__late_weighted__0.25,0.5,0.25",0.3728291244124375,P13|P18|P19|P20|P26|P27|P3|P33|P34|P36|P40|P44|P8|P9,P12|P2|P21|P35|P4|P46,8,extra_trees,late_weighted,"[0.25, 0.5, 0.25]",
arousal,1,3,"8__extra_trees__late_weighted__0.5,0.25,0.25",0.3780274547752767,P13|P18|P19|P20|P26|P27|P3|P33|P34|P36|P40|P44|P8|P9,P12|P2|P21|P35|P4|P46,8,extra_trees,late_weighted,"[0.5, 0.25, 0.25]",
arousal,1,3,"8__extra_trees__unimodal__1.0,0.0,0.0",0.3742179155717122,P13|P18|P19|P20|P26|P27|P3|P33|P34|P36|P40|P44|P8|P9,P12|P2|P21|P35|P4|P46,8,extra_trees,unimodal,"[1.0, 0.0, 0.0]",Pupil
arousal,1,3,"8__extra_trees__unimodal__0.0,1.0,0.0",0.3765015662654151,P13|P18|P19|P20|P26|P27|P3|P33|P34|P36|P40|P44|P8|P9,P12|P2|P21|P35|P4|P46,8,extra_trees,unimodal,"[0.0, 1.0, 0.0]",Eye
arousal,1,3,"8__extra_trees__unimodal__0.0,0.0,1.0",0.3633116808396337,P13|P18|P19|P20|P26|P27|P3|P33|P34|P36|P40|P44|P8|P9,P12|P2|P21|P35|P4|P46,8,extra_trees,unimodal,"[0.0, 0.0, 1.0]",EEG
arousal,2,1,1__logistic__early__,0.3518313022548446,P18|P20|P21|P22|P24|P26|P27|P33|P34|P4|P44|P48|P8,P13|P3|P30|P36|P43|P46|P9,1,logistic,early,,
arousal,2,1,"1__logistic__late_mean__0.3333333333333333,0.3333333333333333,0.3333333333333333",0.3553313978872511,P18|P20|P21|P22|P24|P26|P27|P33|P34|P4|P44|P48|P8,P13|P3|P30|P36|P43|P46|P9,1,logistic,late_mean,"[0.3333333333333333, 0.3333333333333333, 0.3333333333333333]",
arousal,2,1,"1__logistic__late_geometric__0.3333333333333333,0.3333333333333333,0.3333333333333333",0.3548698649427708,P18|P20|P21|P22|P24|P26|P27|P33|P34|P4|P44|P48|P8,P13|P3|P30|P36|P43|P46|P9,1,logistic,late_geometric,"[0.3333333333333333, 0.3333333333333333, 0.3333333333333333]",
arousal,2,1,"1__logistic__late_weighted__0.25,0.25,0.5",0.3412203157997976,P18|P20|P21|P22|P24|P26|P27|P33|P34|P4|P44|P48|P8,P13|P3|P30|P36|P43|P46|P9,1,logistic,late_weighted,"[0.25, 0.25, 0.5]",
arousal,2,1,"1__logistic__late_weighted__0.25,0.5,0.25",0.3536453370111303,P18|P20|P21|P22|P24|P26|P27|P33|P34|P4|P44|P48|P8,P13|P3|P30|P36|P43|P46|P9,1,logistic,late_weighted,"[0.25, 0.5, 0.25]",
arousal,2,1,"1__logistic__late_weighted__0.5,0.25,0.25",0.3609132017807449,P18|P20|P21|P22|P24|P26|P27|P33|P34|P4|P44|P48|P8,P13|P3|P30|P36|P43|P46|P9,1,logistic,late_weighted,"[0.5, 0.25, 0.25]",
arousal,2,1,"1__logistic__unimodal__1.0,0.0,0.0",0.3648890424223717,P18|P20|P21|P22|P24|P26|P27|P33|P34|P4|P44|P48|P8,P13|P3|P30|P36|P43|P46|P9,1,logistic,unimodal,"[1.0, 0.0, 0.0]",Pupil
arousal,2,1,"1__logistic__unimodal__0.0,1.0,0.0",0.3408924404217532,P18|P20|P21|P22|P24|P26|P27|P33|P34|P4|P44|P48|P8,P13|P3|P30|P36|P43|P46|P9,1,logistic,unimodal,"[0.0, 1.0, 0.0]",Eye
arousal,2,1,"1__logistic__unimodal__0.0,0.0,1.0",0.3379119826703354,P18|P20|P21|P22|P24|P26|P27|P33|P34|P4|P44|P48|P8,P13|P3|P30|P36|P43|P46|P9,1,logistic,unimodal,"[0.0, 0.0, 1.0]",EEG
arousal,2,1,1__lda__early__,0.3567839698894661,P18|P20|P21|P22|P24|P26|P27|P33|P34|P4|P44|P48|P8,P13|P3|P30|P36|P43|P46|P9,1,lda,early,,
arousal,2,1,"1__lda__late_mean__0.3333333333333333,0.3333333333333333,0.3333333333333333",0.3596238537725391,P18|P20|P21|P22|P24|P26|P27|P33|P34|P4|P44|P48|P8,P13|P3|P30|P36|P43|P46|P9,1,lda,late_mean,"[0.3333333333333333, 0.3333333333333333, 0.3333333333333333]",
arousal,2,1,"1__lda__late_geometric__0.3333333333333333,0.3333333333333333,0.3333333333333333",0.3581533439530505,P18|P20|P21|P22|P24|P26|P27|P33|P34|P4|P44|P48|P8,P13|P3|P30|P36|P43|P46|P9,1,lda,late_geometric,"[0.3333333333333333, 0.3333333333333333, 0.3333333333333333]",
arousal,2,1,"1__lda__late_weighted__0.25,0.25,0.5",0.3443096435560863,P18|P20|P21|P22|P24|P26|P27|P33|P34|P4|P44|P48|P8,P13|P3|P30|P36|P43|P46|P9,1,lda,late_weighted,"[0.25, 0.25, 0.5]",
arousal,2,1,"1__lda__late_weighted__0.25,0.5,0.25",0.3596828294432598,P18|P20|P21|P22|P24|P26|P27|P33|P34|P4|P44|P48|P8,P13|P3|P30|P36|P43|P46|P9,1,lda,late_weighted,"[0.25, 0.5, 0.25]",
arousal,2,1,"1__lda__late_weighted__0.5,0.25,0.25",0.3691214139791353,P18|P20|P21|P22|P24|P26|P27|P33|P34|P4|P44|P48|P8,P13|P3|P30|P36|P43|P46|P9,1,lda,late_weighted,"[0.5, 0.25, 0.25]",
arousal,2,1,"1__lda__unimodal__1.0,0.0,0.0",0.3620581697364536,P18|P20|P21|P22|P24|P26|P27|P33|P34|P4|P44|P48|P8,P13|P3|P30|P36|P43|P46|P9,1,lda,unimodal,"[1.0, 0.0, 0.0]",Pupil
arousal,2,1,"1__lda__unimodal__0.0,1.0,0.0",0.3494583248541448,P18|P20|P21|P22|P24|P26|P27|P33|P34|P4|P44|P48|P8,P13|P3|P30|P36|P43|P46|P9,1,lda,unimodal,"[0.0, 1.0, 0.0]",Eye
arousal,2,1,"1__lda__unimodal__0.0,0.0,1.0",0.3371566966216274,P18|P20|P21|P22|P24|P26|P27|P33|P34|P4|P44|P48|P8,P13|P3|P30|P36|P43|P46|P9,1,lda,unimodal,"[0.0, 0.0, 1.0]",EEG
arousal,2,1,1__extra_trees__early__,0.3640480796134244,P18|P20|P21|P22|P24|P26|P27|P33|P34|P4|P44|P48|P8,P13|P3|P30|P36|P43|P46|P9,1,extra_trees,early,,
arousal,2,1,"1__extra_trees__late_mean__0.3333333333333333,0.3333333333333333,0.3333333333333333",0.3528608684364331,P18|P20|P21|P22|P24|P26|P27|P33|P34|P4|P44|P48|P8,P13|P3|P30|P36|P43|P46|P9,1,extra_trees,late_mean,"[0.3333333333333333, 0.3333333333333333, 0.3333333333333333]",
arousal,2,1,"1__extra_trees__late_geometric__0.3333333333333333,0.3333333333333333,0.3333333333333333",0.3534189539333456,P18|P20|P21|P22|P24|P26|P27|P33|P34|P4|P44|P48|P8,P13|P3|P30|P36|P43|P46|P9,1,extra_trees,late_geometric,"[0.3333333333333333, 0.3333333333333333, 0.3333333333333333]",
arousal,2,1,"1__extra_trees__late_weighted__0.25,0.25,0.5",0.3488953271314576,P18|P20|P21|P22|P24|P26|P27|P33|P34|P4|P44|P48|P8,P13|P3|P30|P36|P43|P46|P9,1,extra_trees,late_weighted,"[0.25, 0.25, 0.5]",
arousal,2,1,"1__extra_trees__late_weighted__0.25,0.5,0.25",0.3559955639717825,P18|P20|P21|P22|P24|P26|P27|P33|P34|P4|P44|P48|P8,P13|P3|P30|P36|P43|P46|P9,1,extra_trees,late_weighted,"[0.25, 0.5, 0.25]",
arousal,2,1,"1__extra_trees__late_weighted__0.5,0.25,0.25",0.3549738324574615,P18|P20|P21|P22|P24|P26|P27|P33|P34|P4|P44|P48|P8,P13|P3|P30|P36|P43|P46|P9,1,extra_trees,late_weighted,"[0.5, 0.25, 0.25]",
arousal,2,1,"1__extra_trees__unimodal__1.0,0.0,0.0",0.3684194513920199,P18|P20|P21|P22|P24|P26|P27|P33|P34|P4|P44|P48|P8,P13|P3|P30|P36|P43|P46|P9,1,extra_trees,unimodal,"[1.0, 0.0, 0.0]",Pupil
arousal,2,1,"1__extra_trees__unimodal__0.0,1.0,0.0",0.3437480703445318,P18|P20|P21|P22|P24|P26|P27|P33|P34|P4|P44|P48|P8,P13|P3|P30|P36|P43|P46|P9,1,extra_trees,unimodal,"[0.0, 1.0, 0.0]",Eye
arousal,2,1,"1__extra_trees__unimodal__0.0,0.0,1.0",0.3349817279313957,P18|P20|P21|P22|P24|P26|P27|P33|P34|P4|P44|P48|P8,P13|P3|P30|P36|P43|P46|P9,1,extra_trees,unimodal,"[0.0, 0.0, 1.0]",EEG
arousal,2,1,8__logistic__early__,0.3670965926638009,P18|P20|P21|P22|P24|P26|P27|P33|P34|P4|P44|P48|P8,P13|P3|P30|P36|P43|P46|P9,8,logistic,early,,
arousal,2,1,"8__logistic__late_mean__0.3333333333333333,0.3333333333333333,0.3333333333333333",0.3603835632799538,P18|P20|P21|P22|P24|P26|P27|P33|P34|P4|P44|P48|P8,P13|P3|P30|P36|P43|P46|P9,8,logistic,late_mean,"[0.3333333333333333, 0.3333333333333333, 0.3333333333333333]",
arousal,2,1,"8__logistic__late_geometric__0.3333333333333333,0.3333333333333333,0.3333333333333333",0.3614795053102949,P18|P20|P21|P22|P24|P26|P27|P33|P34|P4|P44|P48|P8,P13|P3|P30|P36|P43|P46|P9,8,logistic,late_geometric,"[0.3333333333333333, 0.3333333333333333, 0.3333333333333333]",
arousal,2,1,"8__logistic__late_weighted__0.25,0.25,0.5",0.3590266797752605,P18|P20|P21|P22|P24|P26|P27|P33|P34|P4|P44|P48|P8,P13|P3|P30|P36|P43|P46|P9,8,logistic,late_weighted,"[0.25, 0.25, 0.5]",
arousal,2,1,"8__logistic__late_weighted__0.25,0.5,0.25",0.3513431525760283,P18|P20|P21|P22|P24|P26|P27|P33|P34|P4|P44|P48|P8,P13|P3|P30|P36|P43|P46|P9,8,logistic,late_weighted,"[0.25, 0.5, 0.25]",
arousal,2,1,"8__logistic__late_weighted__0.5,0.25,0.25",0.3533241904767523,P18|P20|P21|P22|P24|P26|P27|P33|P34|P4|P44|P48|P8,P13|P3|P30|P36|P43|P46|P9,8,logistic,late_weighted,"[0.5, 0.25, 0.25]",
arousal,2,1,"8__logistic__unimodal__1.0,0.0,0.0",0.3495128358233081,P18|P20|P21|P22|P24|P26|P27|P33|P34|P4|P44|P48|P8,P13|P3|P30|P36|P43|P46|P9,8,logistic,unimodal,"[1.0, 0.0, 0.0]",Pupil
arousal,2,1,"8__logistic__unimodal__0.0,1.0,0.0",0.3385963066135382,P18|P20|P21|P22|P24|P26|P27|P33|P34|P4|P44|P48|P8,P13|P3|P30|P36|P43|P46|P9,8,logistic,unimodal,"[0.0, 1.0, 0.0]",Eye
arousal,2,1,"8__logistic__unimodal__0.0,0.0,1.0",0.3524142446244954,P18|P20|P21|P22|P24|P26|P27|P33|P34|P4|P44|P48|P8,P13|P3|P30|P36|P43|P46|P9,8,logistic,unimodal,"[0.0, 0.0, 1.0]",EEG
arousal,2,1,8__lda__early__,0.3744061000457379,P18|P20|P21|P22|P24|P26|P27|P33|P34|P4|P44|P48|P8,P13|P3|P30|P36|P43|P46|P9,8,lda,early,,
arousal,2,1,"8__lda__late_mean__0.3333333333333333,0.3333333333333333,0.3333333333333333",0.3543836152776188,P18|P20|P21|P22|P24|P26|P27|P33|P34|P4|P44|P48|P8,P13|P3|P30|P36|P43|P46|P9,8,lda,late_mean,"[0.3333333333333333, 0.3333333333333333, 0.3333333333333333]",
arousal,2,1,"8__lda__late_geometric__0.3333333333333333,0.3333333333333333,0.3333333333333333",0.35389687957713,P18|P20|P21|P22|P24|P26|P27|P33|P34|P4|P44|P48|P8,P13|P3|P30|P36|P43|P46|P9,8,lda,late_geometric,"[0.3333333333333333, 0.3333333333333333, 0.3333333333333333]",
arousal,2,1,"8__lda__late_weighted__0.25,0.25,0.5",0.3497059715553744,P18|P20|P21|P22|P24|P26|P27|P33|P34|P4|P44|P48|P8,P13|P3|P30|P36|P43|P46|P9,8,lda,late_weighted,"[0.25, 0.25, 0.5]",
arousal,2,1,"8__lda__late_weighted__0.25,0.5,0.25",0.3541427947858481,P18|P20|P21|P22|P24|P26|P27|P33|P34|P4|P44|P48|P8,P13|P3|P30|P36|P43|P46|P9,8,lda,late_weighted,"[0.25, 0.5, 0.25]",
arousal,2,1,"8__lda__late_weighted__0.5,0.25,0.25",0.3532678310884278,P18|P20|P21|P22|P24|P26|P27|P33|P34|P4|P44|P48|P8,P13|P3|P30|P36|P43|P46|P9,8,lda,late_weighted,"[0.5, 0.25, 0.25]",
arousal,2,1,"8__lda__unimodal__1.0,0.0,0.0",0.3482242560379284,P18|P20|P21|P22|P24|P26|P27|P33|P34|P4|P44|P48|P8,P13|P3|P30|P36|P43|P46|P9,8,lda,unimodal,"[1.0, 0.0, 0.0]",Pupil
arousal,2,1,"8__lda__unimodal__0.0,1.0,0.0",0.3455257765952678,P18|P20|P21|P22|P24|P26|P27|P33|P34|P4|P44|P48|P8,P13|P3|P30|P36|P43|P46|P9,8,lda,unimodal,"[0.0, 1.0, 0.0]",Eye
arousal,2,1,"8__lda__unimodal__0.0,0.0,1.0",0.3536776877051275,P18|P20|P21|P22|P24|P26|P27|P33|P34|P4|P44|P48|P8,P13|P3|P30|P36|P43|P46|P9,8,lda,unimodal,"[0.0, 0.0, 1.0]",EEG
arousal,2,1,8__extra_trees__early__,0.3475407565541389,P18|P20|P21|P22|P24|P26|P27|P33|P34|P4|P44|P48|P8,P13|P3|P30|P36|P43|P46|P9,8,extra_trees,early,,
arousal,2,1,"8__extra_trees__late_mean__0.3333333333333333,0.3333333333333333,0.3333333333333333",0.3419099542508838,P18|P20|P21|P22|P24|P26|P27|P33|P34|P4|P44|P48|P8,P13|P3|P30|P36|P43|P46|P9,8,extra_trees,late_mean,"[0.3333333333333333, 0.3333333333333333, 0.3333333333333333]",
arousal,2,1,"8__extra_trees__late_geometric__0.3333333333333333,0.3333333333333333,0.3333333333333333",0.341464495518065,P18|P20|P21|P22|P24|P26|P27|P33|P34|P4|P44|P48|P8,P13|P3|P30|P36|P43|P46|P9,8,extra_trees,late_geometric,"[0.3333333333333333, 0.3333333333333333, 0.3333333333333333]",
arousal,2,1,"8__extra_trees__late_weighted__0.25,0.25,0.5",0.3574667343813371,P18|P20|P21|P22|P24|P26|P27|P33|P34|P4|P44|P48|P8,P13|P3|P30|P36|P43|P46|P9,8,extra_trees,late_weighted,"[0.25, 0.25, 0.5]",
arousal,2,1,"8__extra_trees__late_weighted__0.25,0.5,0.25",0.3320718237203442,P18|P20|P21|P22|P24|P26|P27|P33|P34|P4|P44|P48|P8,P13|P3|P30|P36|P43|P46|P9,8,extra_trees,late_weighted,"[0.25, 0.5, 0.25]",
arousal,2,1,"8__extra_trees__late_weighted__0.5,0.25,0.25",0.3372745213214451,P18|P20|P21|P22|P24|P26|P27|P33|P34|P4|P44|P48|P8,P13|P3|P30|P36|P43|P46|P9,8,extra_trees,late_weighted,"[0.5, 0.25, 0.25]",
arousal,2,1,"8__extra_trees__unimodal__1.0,0.0,0.0",0.3467755062927994,P18|P20|P21|P22|P24|P26|P27|P33|P34|P4|P44|P48|P8,P13|P3|P30|P36|P43|P46|P9,8,extra_trees,unimodal,"[1.0, 0.0, 0.0]",Pupil
arousal,2,1,"8__extra_trees__unimodal__0.0,1.0,0.0",0.3294957025662554,P18|P20|P21|P22|P24|P26|P27|P33|P34|P4|P44|P48|P8,P13|P3|P30|P36|P43|P46|P9,8,extra_trees,unimodal,"[0.0, 1.0, 0.0]",Eye
arousal,2,1,"8__extra_trees__unimodal__0.0,0.0,1.0",0.3543656215129759,P18|P20|P21|P22|P24|P26|P27|P33|P34|P4|P44|P48|P8,P13|P3|P30|P36|P43|P46|P9,8,extra_trees,unimodal,"[0.0, 0.0, 1.0]",EEG
arousal,2,2,1__logistic__early__,0.3330411365541831,P13|P20|P24|P26|P3|P30|P34|P36|P4|P43|P46|P48|P9,P18|P21|P22|P27|P33|P44|P8,1,logistic,early,,
arousal,2,2,"1__logistic__late_mean__0.3333333333333333,0.3333333333333333,0.3333333333333333",0.3342801602859468,P13|P20|P24|P26|P3|P30|P34|P36|P4|P43|P46|P48|P9,P18|P21|P22|P27|P33|P44|P8,1,logistic,late_mean,"[0.3333333333333333, 0.3333333333333333, 0.3333333333333333]",
arousal,2,2,"1__logistic__late_geometric__0.3333333333333333,0.3333333333333333,0.3333333333333333",0.3341291081203829,P13|P20|P24|P26|P3|P30|P34|P36|P4|P43|P46|P48|P9,P18|P21|P22|P27|P33|P44|P8,1,logistic,late_geometric,"[0.3333333333333333, 0.3333333333333333, 0.3333333333333333]",
arousal,2,2,"1__logistic__late_weighted__0.25,0.25,0.5",0.3309515217449838,P13|P20|P24|P26|P3|P30|P34|P36|P4|P43|P46|P48|P9,P18|P21|P22|P27|P33|P44|P8,1,logistic,late_weighted,"[0.25, 0.25, 0.5]",
arousal,2,2,"1__logistic__late_weighted__0.25,0.5,0.25",0.3373905034853975,P13|P20|P24|P26|P3|P30|P34|P36|P4|P43|P46|P48|P9,P18|P21|P22|P27|P33|P44|P8,1,logistic,late_weighted,"[0.25, 0.5, 0.25]",
arousal,2,2,"1__logistic__late_weighted__0.5,0.25,0.25",0.3358694703476187,P13|P20|P24|P26|P3|P30|P34|P36|P4|P43|P46|P48|P9,P18|P21|P22|P27|P33|P44|P8,1,logistic,late_weighted,"[0.5, 0.25, 0.25]",
arousal,2,2,"1__logistic__unimodal__1.0,0.0,0.0",0.3383949439567668,P13|P20|P24|P26|P3|P30|P34|P36|P4|P43|P46|P48|P9,P18|P21|P22|P27|P33|P44|P8,1,logistic,unimodal,"[1.0, 0.0, 0.0]",Pupil
arousal,2,2,"1__logistic__unimodal__0.0,1.0,0.0",0.3359475730725432,P13|P20|P24|P26|P3|P30|P34|P36|P4|P43|P46|P48|P9,P18|P21|P22|P27|P33|P44|P8,1,logistic,unimodal,"[0.0, 1.0, 0.0]",Eye
arousal,2,2,"1__logistic__unimodal__0.0,0.0,1.0",0.3398769503801007,P13|P20|P24|P26|P3|P30|P34|P36|P4|P43|P46|P48|P9,P18|P21|P22|P27|P33|P44|P8,1,logistic,unimodal,"[0.0, 0.0, 1.0]",EEG
arousal,2,2,1__lda__early__,0.3324485807131999,P13|P20|P24|P26|P3|P30|P34|P36|P4|P43|P46|P48|P9,P18|P21|P22|P27|P33|P44|P8,1,lda,early,,
arousal,2,2,"1__lda__late_mean__0.3333333333333333,0.3333333333333333,0.3333333333333333",0.3376002464026617,P13|P20|P24|P26|P3|P30|P34|P36|P4|P43|P46|P48|P9,P18|P21|P22|P27|P33|P44|P8,1,lda,late_mean,"[0.3333333333333333, 0.3333333333333333, 0.3333333333333333]",
arousal,2,2,"1__lda__late_geometric__0.3333333333333333,0.3333333333333333,0.3333333333333333",0.3355630715719217,P13|P20|P24|P26|P3|P30|P34|P36|P4|P43|P46|P48|P9,P18|P21|P22|P27|P33|P44|P8,1,lda,late_geometric,"[0.3333333333333333, 0.3333333333333333, 0.3333333333333333]",
arousal,2,2,"1__lda__late_weighted__0.25,0.25,0.5",0.3298279046759121,P13|P20|P24|P26|P3|P30|P34|P36|P4|P43|P46|P48|P9,P18|P21|P22|P27|P33|P44|P8,1,lda,late_weighted,"[0.25, 0.25, 0.5]",
arousal,2,2,"1__lda__late_weighted__0.25,0.5,0.25",0.3412948470134537,P13|P20|P24|P26|P3|P30|P34|P36|P4|P43|P46|P48|P9,P18|P21|P22|P27|P33|P44|P8,1,lda,late_weighted,"[0.25, 0.5, 0.25]",
arousal,2,2,"1__lda__late_weighted__0.5,0.25,0.25",0.3347168470899366,P13|P20|P24|P26|P3|P30|P34|P36|P4|P43|P46|P48|P9,P18|P21|P22|P27|P33|P44|P8,1,lda,late_weighted,"[0.5, 0.25, 0.25]",
arousal,2,2,"1__lda__unimodal__1.0,0.0,0.0",0.3389125324891932,P13|P20|P24|P26|P3|P30|P34|P36|P4|P43|P46|P48|P9,P18|P21|P22|P27|P33|P44|P8,1,lda,unimodal,"[1.0, 0.0, 0.0]",Pupil
arousal,2,2,"1__lda__unimodal__0.0,1.0,0.0",0.338219278128051,P13|P20|P24|P26|P3|P30|P34|P36|P4|P43|P46|P48|P9,P18|P21|P22|P27|P33|P44|P8,1,lda,unimodal,"[0.0, 1.0, 0.0]",Eye
arousal,2,2,"1__lda__unimodal__0.0,0.0,1.0",0.3390207860998492,P13|P20|P24|P26|P3|P30|P34|P36|P4|P43|P46|P48|P9,P18|P21|P22|P27|P33|P44|P8,1,lda,unimodal,"[0.0, 0.0, 1.0]",EEG
arousal,2,2,1__extra_trees__early__,0.3378291860860115,P13|P20|P24|P26|P3|P30|P34|P36|P4|P43|P46|P48|P9,P18|P21|P22|P27|P33|P44|P8,1,extra_trees,early,,
arousal,2,2,"1__extra_trees__late_mean__0.3333333333333333,0.3333333333333333,0.3333333333333333",0.3397653137486143,P13|P20|P24|P26|P3|P30|P34|P36|P4|P43|P46|P48|P9,P18|P21|P22|P27|P33|P44|P8,1,extra_trees,late_mean,"[0.3333333333333333, 0.3333333333333333, 0.3333333333333333]",
arousal,2,2,"1__extra_trees__late_geometric__0.3333333333333333,0.3333333333333333,0.3333333333333333",0.3389809920907112,P13|P20|P24|P26|P3|P30|P34|P36|P4|P43|P46|P48|P9,P18|P21|P22|P27|P33|P44|P8,1,extra_trees,late_geometric,"[0.3333333333333333, 0.3333333333333333, 0.3333333333333333]",
arousal,2,2,"1__extra_trees__late_weighted__0.25,0.25,0.5",0.3343038159137646,P13|P20|P24|P26|P3|P30|P34|P36|P4|P43|P46|P48|P9,P18|P21|P22|P27|P33|P44|P8,1,extra_trees,late_weighted,"[0.25, 0.25, 0.5]",
arousal,2,2,"1__extra_trees__late_weighted__0.25,0.5,0.25",0.3352245812702139,P13|P20|P24|P26|P3|P30|P34|P36|P4|P43|P46|P48|P9,P18|P21|P22|P27|P33|P44|P8,1,extra_trees,late_weighted,"[0.25, 0.5, 0.25]",
arousal,2,2,"1__extra_trees__late_weighted__0.5,0.25,0.25",0.3439584882085795,P13|P20|P24|P26|P3|P30|P34|P36|P4|P43|P46|P48|P9,P18|P21|P22|P27|P33|P44|P8,1,extra_trees,late_weighted,"[0.5, 0.25, 0.25]",
arousal,2,2,"1__extra_trees__unimodal__1.0,0.0,0.0",0.3366196920348217,P13|P20|P24|P26|P3|P30|P34|P36|P4|P43|P46|P48|P9,P18|P21|P22|P27|P33|P44|P8,1,extra_trees,unimodal,"[1.0, 0.0, 0.0]",Pupil
arousal,2,2,"1__extra_trees__unimodal__0.0,1.0,0.0",0.3275934812580465,P13|P20|P24|P26|P3|P30|P34|P36|P4|P43|P46|P48|P9,P18|P21|P22|P27|P33|P44|P8,1,extra_trees,unimodal,"[0.0, 1.0, 0.0]",Eye
arousal,2,2,"1__extra_trees__unimodal__0.0,0.0,1.0",0.334138928798149,P13|P20|P24|P26|P3|P30|P34|P36|P4|P43|P46|P48|P9,P18|P21|P22|P27|P33|P44|P8,1,extra_trees,unimodal,"[0.0, 0.0, 1.0]",EEG
arousal,2,2,8__logistic__early__,0.3503119466105022,P13|P20|P24|P26|P3|P30|P34|P36|P4|P43|P46|P48|P9,P18|P21|P22|P27|P33|P44|P8,8,logistic,early,,
arousal,2,2,"8__logistic__late_mean__0.3333333333333333,0.3333333333333333,0.3333333333333333",0.3601062989993721,P13|P20|P24|P26|P3|P30|P34|P36|P4|P43|P46|P48|P9,P18|P21|P22|P27|P33|P44|P8,8,logistic,late_mean,"[0.3333333333333333, 0.3333333333333333, 0.3333333333333333]",
arousal,2,2,"8__logistic__late_geometric__0.3333333333333333,0.3333333333333333,0.3333333333333333",0.3600852953401325,P13|P20|P24|P26|P3|P30|P34|P36|P4|P43|P46|P48|P9,P18|P21|P22|P27|P33|P44|P8,8,logistic,late_geometric,"[0.3333333333333333, 0.3333333333333333, 0.3333333333333333]",
arousal,2,2,"8__logistic__late_weighted__0.25,0.25,0.5",0.3658786218758034,P13|P20|P24|P26|P3|P30|P34|P36|P4|P43|P46|P48|P9,P18|P21|P22|P27|P33|P44|P8,8,logistic,late_weighted,"[0.25, 0.25, 0.5]",
arousal,2,2,"8__logistic__late_weighted__0.25,0.5,0.25",0.3518709547935527,P13|P20|P24|P26|P3|P30|P34|P36|P4|P43|P46|P48|P9,P18|P21|P22|P27|P33|P44|P8,8,logistic,late_weighted,"[0.25, 0.5, 0.25]",
arousal,2,2,"8__logistic__late_weighted__0.5,0.25,0.25",0.3654388728529539,P13|P20|P24|P26|P3|P30|P34|P36|P4|P43|P46|P48|P9,P18|P21|P22|P27|P33|P44|P8,8,logistic,late_weighted,"[0.5, 0.25, 0.25]",
arousal,2,2,"8__logistic__unimodal__1.0,0.0,0.0",0.3570815876546441,P13|P20|P24|P26|P3|P30|P34|P36|P4|P43|P46|P48|P9,P18|P21|P22|P27|P33|P44|P8,8,logistic,unimodal,"[1.0, 0.0, 0.0]",Pupil
arousal,2,2,"8__logistic__unimodal__0.0,1.0,0.0",0.3284273873389509,P13|P20|P24|P26|P3|P30|P34|P36|P4|P43|P46|P48|P9,P18|P21|P22|P27|P33|P44|P8,8,logistic,unimodal,"[0.0, 1.0, 0.0]",Eye
arousal,2,2,"8__logistic__unimodal__0.0,0.0,1.0",0.3543341829490288,P13|P20|P24|P26|P3|P30|P34|P36|P4|P43|P46|P48|P9,P18|P21|P22|P27|P33|P44|P8,8,logistic,unimodal,"[0.0, 0.0, 1.0]",EEG
arousal,2,2,8__lda__early__,0.3660164296146006,P13|P20|P24|P26|P3|P30|P34|P36|P4|P43|P46|P48|P9,P18|P21|P22|P27|P33|P44|P8,8,lda,early,,
arousal,2,2,"8__lda__late_mean__0.3333333333333333,0.3333333333333333,0.3333333333333333",0.3635825388707836,P13|P20|P24|P26|P3|P30|P34|P36|P4|P43|P46|P48|P9,P18|P21|P22|P27|P33|P44|P8,8,lda,late_mean,"[0.3333333333333333, 0.3333333333333333, 0.3333333333333333]",
arousal,2,2,"8__lda__late_geometric__0.3333333333333333,0.3333333333333333,0.3333333333333333",0.3666647579619478,P13|P20|P24|P26|P3|P30|P34|P36|P4|P43|P46|P48|P9,P18|P21|P22|P27|P33|P44|P8,8,lda,late_geometric,"[0.3333333333333333, 0.3333333333333333, 0.3333333333333333]",
arousal,2,2,"8__lda__late_weighted__0.25,0.25,0.5",0.3691695475670947,P13|P20|P24|P26|P3|P30|P34|P36|P4|P43|P46|P48|P9,P18|P21|P22|P27|P33|P44|P8,8,lda,late_weighted,"[0.25, 0.25, 0.5]",
arousal,2,2,"8__lda__late_weighted__0.25,0.5,0.25",0.3590787170347168,P13|P20|P24|P26|P3|P30|P34|P36|P4|P43|P46|P48|P9,P18|P21|P22|P27|P33|P44|P8,8,lda,late_weighted,"[0.25, 0.5, 0.25]",
arousal,2,2,"8__lda__late_weighted__0.5,0.25,0.25",0.3652322185503608,P13|P20|P24|P26|P3|P30|P34|P36|P4|P43|P46|P48|P9,P18|P21|P22|P27|P33|P44|P8,8,lda,late_weighted,"[0.5, 0.25, 0.25]",
arousal,2,2,"8__lda__unimodal__1.0,0.0,0.0",0.3582400062648263,P13|P20|P24|P26|P3|P30|P34|P36|P4|P43|P46|P48|P9,P18|P21|P22|P27|P33|P44|P8,8,lda,unimodal,"[1.0, 0.0, 0.0]",Pupil
arousal,2,2,"8__lda__unimodal__0.0,1.0,0.0",0.3426787979344853,P13|P20|P24|P26|P3|P30|P34|P36|P4|P43|P46|P48|P9,P18|P21|P22|P27|P33|P44|P8,8,lda,unimodal,"[0.0, 1.0, 0.0]",Eye
arousal,2,2,"8__lda__unimodal__0.0,0.0,1.0",0.3601219129602543,P13|P20|P24|P26|P3|P30|P34|P36|P4|P43|P46|P48|P9,P18|P21|P22|P27|P33|P44|P8,8,lda,unimodal,"[0.0, 0.0, 1.0]",EEG
arousal,2,2,8__extra_trees__early__,0.3427146620045835,P13|P20|P24|P26|P3|P30|P34|P36|P4|P43|P46|P48|P9,P18|P21|P22|P27|P33|P44|P8,8,extra_trees,early,,
arousal,2,2,"8__extra_trees__late_mean__0.3333333333333333,0.3333333333333333,0.3333333333333333",0.3543533963873792,P13|P20|P24|P26|P3|P30|P34|P36|P4|P43|P46|P48|P9,P18|P21|P22|P27|P33|P44|P8,8,extra_trees,late_mean,"[0.3333333333333333, 0.3333333333333333, 0.3333333333333333]",
arousal,2,2,"8__extra_trees__late_geometric__0.3333333333333333,0.3333333333333333,0.3333333333333333",0.3561363322048233,P13|P20|P24|P26|P3|P30|P34|P36|P4|P43|P46|P48|P9,P18|P21|P22|P27|P33|P44|P8,8,extra_trees,late_geometric,"[0.3333333333333333, 0.3333333333333333, 0.3333333333333333]",
arousal,2,2,"8__extra_trees__late_weighted__0.25,0.25,0.5",0.3483520575627226,P13|P20|P24|P26|P3|P30|P34|P36|P4|P43|P46|P48|P9,P18|P21|P22|P27|P33|P44|P8,8,extra_trees,late_weighted,"[0.25, 0.25, 0.5]",
arousal,2,2,"8__extra_trees__late_weighted__0.25,0.5,0.25",0.3551452227524468,P13|P20|P24|P26|P3|P30|P34|P36|P4|P43|P46|P48|P9,P18|P21|P22|P27|P33|P44|P8,8,extra_trees,late_weighted,"[0.25, 0.5, 0.25]",
arousal,2,2,"8__extra_trees__late_weighted__0.5,0.25,0.25",0.3549402097848592,P13|P20|P24|P26|P3|P30|P34|P36|P4|P43|P46|P48|P9,P18|P21|P22|P27|P33|P44|P8,8,extra_trees,late_weighted,"[0.5, 0.25, 0.25]",
arousal,2,2,"8__extra_trees__unimodal__1.0,0.0,0.0",0.3517249820010384,P13|P20|P24|P26|P3|P30|P34|P36|P4|P43|P46|P48|P9,P18|P21|P22|P27|P33|P44|P8,8,extra_trees,unimodal,"[1.0, 0.0, 0.0]",Pupil
arousal,2,2,"8__extra_trees__unimodal__0.0,1.0,0.0",0.3409998057607111,P13|P20|P24|P26|P3|P30|P34|P36|P4|P43|P46|P48|P9,P18|P21|P22|P27|P33|P44|P8,8,extra_trees,unimodal,"[0.0, 1.0, 0.0]",Eye
arousal,2,2,"8__extra_trees__unimodal__0.0,0.0,1.0",0.3387968141638289,P13|P20|P24|P26|P3|P30|P34|P36|P4|P43|P46|P48|P9,P18|P21|P22|P27|P33|P44|P8,8,extra_trees,unimodal,"[0.0, 0.0, 1.0]",EEG
arousal,2,3,1__logistic__early__,0.3563043512763788,P13|P18|P21|P22|P27|P3|P30|P33|P36|P43|P44|P46|P8|P9,P20|P24|P26|P34|P4|P48,1,logistic,early,,
arousal,2,3,"1__logistic__late_mean__0.3333333333333333,0.3333333333333333,0.3333333333333333",0.3699525728121395,P13|P18|P21|P22|P27|P3|P30|P33|P36|P43|P44|P46|P8|P9,P20|P24|P26|P34|P4|P48,1,logistic,late_mean,"[0.3333333333333333, 0.3333333333333333, 0.3333333333333333]",
arousal,2,3,"1__logistic__late_geometric__0.3333333333333333,0.3333333333333333,0.3333333333333333",0.3696395709456226,P13|P18|P21|P22|P27|P3|P30|P33|P36|P43|P44|P46|P8|P9,P20|P24|P26|P34|P4|P48,1,logistic,late_geometric,"[0.3333333333333333, 0.3333333333333333, 0.3333333333333333]",
arousal,2,3,"1__logistic__late_weighted__0.25,0.25,0.5",0.3641219314847712,P13|P18|P21|P22|P27|P3|P30|P33|P36|P43|P44|P46|P8|P9,P20|P24|P26|P34|P4|P48,1,logistic,late_weighted,"[0.25, 0.25, 0.5]",
arousal,2,3,"1__logistic__late_weighted__0.25,0.5,0.25",0.3659849862595045,P13|P18|P21|P22|P27|P3|P30|P33|P36|P43|P44|P46|P8|P9,P20|P24|P26|P34|P4|P48,1,logistic,late_weighted,"[0.25, 0.5, 0.25]",
arousal,2,3,"1__logistic__late_weighted__0.5,0.25,0.25",0.3672319450221809,P13|P18|P21|P22|P27|P3|P30|P33|P36|P43|P44|P46|P8|P9,P20|P24|P26|P34|P4|P48,1,logistic,late_weighted,"[0.5, 0.25, 0.25]",
arousal,2,3,"1__logistic__unimodal__1.0,0.0,0.0",0.3586120620226197,P13|P18|P21|P22|P27|P3|P30|P33|P36|P43|P44|P46|P8|P9,P20|P24|P26|P34|P4|P48,1,logistic,unimodal,"[1.0, 0.0, 0.0]",Pupil
arousal,2,3,"1__logistic__unimodal__0.0,1.0,0.0",0.3527682028633514,P13|P18|P21|P22|P27|P3|P30|P33|P36|P43|P44|P46|P8|P9,P20|P24|P26|P34|P4|P48,1,logistic,unimodal,"[0.0, 1.0, 0.0]",Eye
arousal,2,3,"1__logistic__unimodal__0.0,0.0,1.0",0.3514068045811782,P13|P18|P21|P22|P27|P3|P30|P33|P36|P43|P44|P46|P8|P9,P20|P24|P26|P34|P4|P48,1,logistic,unimodal,"[0.0, 0.0, 1.0]",EEG
arousal,2,3,1__lda__early__,0.3524882421455078,P13|P18|P21|P22|P27|P3|P30|P33|P36|P43|P44|P46|P8|P9,P20|P24|P26|P34|P4|P48,1,lda,early,,
arousal,2,3,"1__lda__late_mean__0.3333333333333333,0.3333333333333333,0.3333333333333333",0.3751628993517737,P13|P18|P21|P22|P27|P3|P30|P33|P36|P43|P44|P46|P8|P9,P20|P24|P26|P34|P4|P48,1,lda,late_mean,"[0.3333333333333333, 0.3333333333333333, 0.3333333333333333]",
arousal,2,3,"1__lda__late_geometric__0.3333333333333333,0.3333333333333333,0.3333333333333333",0.3738831590292489,P13|P18|P21|P22|P27|P3|P30|P33|P36|P43|P44|P46|P8|P9,P20|P24|P26|P34|P4|P48,1,lda,late_geometric,"[0.3333333333333333, 0.3333333333333333, 0.3333333333333333]",
arousal,2,3,"1__lda__late_weighted__0.25,0.25,0.5",0.3625709643598674,P13|P18|P21|P22|P27|P3|P30|P33|P36|P43|P44|P46|P8|P9,P20|P24|P26|P34|P4|P48,1,lda,late_weighted,"[0.25, 0.25, 0.5]",
arousal,2,3,"1__lda__late_weighted__0.25,0.5,0.25",0.3722706351389321,P13|P18|P21|P22|P27|P3|P30|P33|P36|P43|P44|P46|P8|P9,P20|P24|P26|P34|P4|P48,1,lda,late_weighted,"[0.25, 0.5, 0.25]",
arousal,2,3,"1__lda__late_weighted__0.5,0.25,0.25",0.3666561935343789,P13|P18|P21|P22|P27|P3|P30|P33|P36|P43|P44|P46|P8|P9,P20|P24|P26|P34|P4|P48,1,lda,late_weighted,"[0.5, 0.25, 0.25]",
arousal,2,3,"1__lda__unimodal__1.0,0.0,0.0",0.3537770465885921,P13|P18|P21|P22|P27|P3|P30|P33|P36|P43|P44|P46|P8|P9,P20|P24|P26|P34|P4|P48,1,lda,unimodal,"[1.0, 0.0, 0.0]",Pupil
arousal,2,3,"1__lda__unimodal__0.0,1.0,0.0",0.370556367921371,P13|P18|P21|P22|P27|P3|P30|P33|P36|P43|P44|P46|P8|P9,P20|P24|P26|P34|P4|P48,1,lda,unimodal,"[0.0, 1.0, 0.0]",Eye
arousal,2,3,"1__lda__unimodal__0.0,0.0,1.0",0.3495671768748924,P13|P18|P21|P22|P27|P3|P30|P33|P36|P43|P44|P46|P8|P9,P20|P24|P26|P34|P4|P48,1,lda,unimodal,"[0.0, 0.0, 1.0]",EEG
arousal,2,3,1__extra_trees__early__,0.3503417592561162,P13|P18|P21|P22|P27|P3|P30|P33|P36|P43|P44|P46|P8|P9,P20|P24|P26|P34|P4|P48,1,extra_trees,early,,
arousal,2,3,"1__extra_trees__late_mean__0.3333333333333333,0.3333333333333333,0.3333333333333333",0.3490233430001838,P13|P18|P21|P22|P27|P3|P30|P33|P36|P43|P44|P46|P8|P9,P20|P24|P26|P34|P4|P48,1,extra_trees,late_mean,"[0.3333333333333333, 0.3333333333333333, 0.3333333333333333]",
arousal,2,3,"1__extra_trees__late_geometric__0.3333333333333333,0.3333333333333333,0.3333333333333333",0.3483393459654604,P13|P18|P21|P22|P27|P3|P30|P33|P36|P43|P44|P46|P8|P9,P20|P24|P26|P34|P4|P48,1,extra_trees,late_geometric,"[0.3333333333333333, 0.3333333333333333, 0.3333333333333333]",
arousal,2,3,"1__extra_trees__late_weighted__0.25,0.25,0.5",0.3503804261959827,P13|P18|P21|P22|P27|P3|P30|P33|P36|P43|P44|P46|P8|P9,P20|P24|P26|P34|P4|P48,1,extra_trees,late_weighted,"[0.25, 0.25, 0.5]",
arousal,2,3,"1__extra_trees__late_weighted__0.25,0.5,0.25",0.3515657737167667,P13|P18|P21|P22|P27|P3|P30|P33|P36|P43|P44|P46|P8|P9,P20|P24|P26|P34|P4|P48,1,extra_trees,late_weighted,"[0.25, 0.5, 0.25]",
arousal,2,3,"1__extra_trees__late_weighted__0.5,0.25,0.25",0.346720457066585,P13|P18|P21|P22|P27|P3|P30|P33|P36|P43|P44|P46|P8|P9,P20|P24|P26|P34|P4|P48,1,extra_trees,late_weighted,"[0.5, 0.25, 0.25]",
arousal,2,3,"1__extra_trees__unimodal__1.0,0.0,0.0",0.3496784291169754,P13|P18|P21|P22|P27|P3|P30|P33|P36|P43|P44|P46|P8|P9,P20|P24|P26|P34|P4|P48,1,extra_trees,unimodal,"[1.0, 0.0, 0.0]",Pupil
arousal,2,3,"1__extra_trees__unimodal__0.0,1.0,0.0",0.3386576495680664,P13|P18|P21|P22|P27|P3|P30|P33|P36|P43|P44|P46|P8|P9,P20|P24|P26|P34|P4|P48,1,extra_trees,unimodal,"[0.0, 1.0, 0.0]",Eye
arousal,2,3,"1__extra_trees__unimodal__0.0,0.0,1.0",0.3470883246945274,P13|P18|P21|P22|P27|P3|P30|P33|P36|P43|P44|P46|P8|P9,P20|P24|P26|P34|P4|P48,1,extra_trees,unimodal,"[0.0, 0.0, 1.0]",EEG
arousal,2,3,8__logistic__early__,0.3832989078533294,P13|P18|P21|P22|P27|P3|P30|P33|P36|P43|P44|P46|P8|P9,P20|P24|P26|P34|P4|P48,8,logistic,early,,
arousal,2,3,"8__logistic__late_mean__0.3333333333333333,0.3333333333333333,0.3333333333333333",0.3887804511269007,P13|P18|P21|P22|P27|P3|P30|P33|P36|P43|P44|P46|P8|P9,P20|P24|P26|P34|P4|P48,8,logistic,late_mean,"[0.3333333333333333, 0.3333333333333333, 0.3333333333333333]",
arousal,2,3,"8__logistic__late_geometric__0.3333333333333333,0.3333333333333333,0.3333333333333333",0.3897633021245806,P13|P18|P21|P22|P27|P3|P30|P33|P36|P43|P44|P46|P8|P9,P20|P24|P26|P34|P4|P48,8,logistic,late_geometric,"[0.3333333333333333, 0.3333333333333333, 0.3333333333333333]",
arousal,2,3,"8__logistic__late_weighted__0.25,0.25,0.5",0.3822877947664967,P13|P18|P21|P22|P27|P3|P30|P33|P36|P43|P44|P46|P8|P9,P20|P24|P26|P34|P4|P48,8,logistic,late_weighted,"[0.25, 0.25, 0.5]",
arousal,2,3,"8__logistic__late_weighted__0.25,0.5,0.25",0.3789630651481955,P13|P18|P21|P22|P27|P3|P30|P33|P36|P43|P44|P46|P8|P9,P20|P24|P26|P34|P4|P48,8,logistic,late_weighted,"[0.25, 0.5, 0.25]",
arousal,2,3,"8__logistic__late_weighted__0.5,0.25,0.25",0.3936304380538891,P13|P18|P21|P22|P27|P3|P30|P33|P36|P43|P44|P46|P8|P9,P20|P24|P26|P34|P4|P48,8,logistic,late_weighted,"[0.5, 0.25, 0.25]",
arousal,2,3,"8__logistic__unimodal__1.0,0.0,0.0",0.3676387498184282,P13|P18|P21|P22|P27|P3|P30|P33|P36|P43|P44|P46|P8|P9,P20|P24|P26|P34|P4|P48,8,logistic,unimodal,"[1.0, 0.0, 0.0]",Pupil
arousal,2,3,"8__logistic__unimodal__0.0,1.0,0.0",0.3487749714058138,P13|P18|P21|P22|P27|P3|P30|P33|P36|P43|P44|P46|P8|P9,P20|P24|P26|P34|P4|P48,8,logistic,unimodal,"[0.0, 1.0, 0.0]",Eye
arousal,2,3,"8__logistic__unimodal__0.0,0.0,1.0",0.391228981026196,P13|P18|P21|P22|P27|P3|P30|P33|P36|P43|P44|P46|P8|P9,P20|P24|P26|P34|P4|P48,8,logistic,unimodal,"[0.0, 0.0, 1.0]",EEG
arousal,2,3,8__lda__early__,0.3854913686341802,P13|P18|P21|P22|P27|P3|P30|P33|P36|P43|P44|P46|P8|P9,P20|P24|P26|P34|P4|P48,8,lda,early,,
arousal,2,3,"8__lda__late_mean__0.3333333333333333,0.3333333333333333,0.3333333333333333",0.3912686834606043,P13|P18|P21|P22|P27|P3|P30|P33|P36|P43|P44|P46|P8|P9,P20|P24|P26|P34|P4|P48,8,lda,late_mean,"[0.3333333333333333, 0.3333333333333333, 0.3333333333333333]",
arousal,2,3,"8__lda__late_geometric__0.3333333333333333,0.3333333333333333,0.3333333333333333",0.3881743880432611,P13|P18|P21|P22|P27|P3|P30|P33|P36|P43|P44|P46|P8|P9,P20|P24|P26|P34|P4|P48,8,lda,late_geometric,"[0.3333333333333333, 0.3333333333333333, 0.3333333333333333]",
arousal,2,3,"8__lda__late_weighted__0.25,0.25,0.5",0.3903948603365945,P13|P18|P21|P22|P27|P3|P30|P33|P36|P43|P44|P46|P8|P9,P20|P24|P26|P34|P4|P48,8,lda,late_weighted,"[0.25, 0.25, 0.5]",
arousal,2,3,"8__lda__late_weighted__0.25,0.5,0.25",0.3852702539170564,P13|P18|P21|P22|P27|P3|P30|P33|P36|P43|P44|P46|P8|P9,P20|P24|P26|P34|P4|P48,8,lda,late_weighted,"[0.25, 0.5, 0.25]",
arousal,2,3,"8__lda__late_weighted__0.5,0.25,0.25",0.3922561677059874,P13|P18|P21|P22|P27|P3|P30|P33|P36|P43|P44|P46|P8|P9,P20|P24|P26|P34|P4|P48,8,lda,late_weighted,"[0.5, 0.25, 0.25]",
arousal,2,3,"8__lda__unimodal__1.0,0.0,0.0",0.3690344538711541,P13|P18|P21|P22|P27|P3|P30|P33|P36|P43|P44|P46|P8|P9,P20|P24|P26|P34|P4|P48,8,lda,unimodal,"[1.0, 0.0, 0.0]",Pupil
arousal,2,3,"8__lda__unimodal__0.0,1.0,0.0",0.3518783708323116,P13|P18|P21|P22|P27|P3|P30|P33|P36|P43|P44|P46|P8|P9,P20|P24|P26|P34|P4|P48,8,lda,unimodal,"[0.0, 1.0, 0.0]",Eye
arousal,2,3,"8__lda__unimodal__0.0,0.0,1.0",0.3872980626936282,P13|P18|P21|P22|P27|P3|P30|P33|P36|P43|P44|P46|P8|P9,P20|P24|P26|P34|P4|P48,8,lda,unimodal,"[0.0, 0.0, 1.0]",EEG
arousal,2,3,8__extra_trees__early__,0.3792464437185972,P13|P18|P21|P22|P27|P3|P30|P33|P36|P43|P44|P46|P8|P9,P20|P24|P26|P34|P4|P48,8,extra_trees,early,,
arousal,2,3,"8__extra_trees__late_mean__0.3333333333333333,0.3333333333333333,0.3333333333333333",0.3750861231664417,P13|P18|P21|P22|P27|P3|P30|P33|P36|P43|P44|P46|P8|P9,P20|P24|P26|P34|P4|P48,8,extra_trees,late_mean,"[0.3333333333333333, 0.3333333333333333, 0.3333333333333333]",
arousal,2,3,"8__extra_trees__late_geometric__0.3333333333333333,0.3333333333333333,0.3333333333333333",0.3762443183235027,P13|P18|P21|P22|P27|P3|P30|P33|P36|P43|P44|P46|P8|P9,P20|P24|P26|P34|P4|P48,8,extra_trees,late_geometric,"[0.3333333333333333, 0.3333333333333333, 0.3333333333333333]",
arousal,2,3,"8__extra_trees__late_weighted__0.25,0.25,0.5",0.3697943494134011,P13|P18|P21|P22|P27|P3|P30|P33|P36|P43|P44|P46|P8|P9,P20|P24|P26|P34|P4|P48,8,extra_trees,late_weighted,"[0.25, 0.25, 0.5]",
arousal,2,3,"8__extra_trees__late_weighted__0.25,0.5,0.25",0.3690735164629892,P13|P18|P21|P22|P27|P3|P30|P33|P36|P43|P44|P46|P8|P9,P20|P24|P26|P34|P4|P48,8,extra_trees,late_weighted,"[0.25, 0.5, 0.25]",
arousal,2,3,"8__extra_trees__late_weighted__0.5,0.25,0.25",0.3743339890910214,P13|P18|P21|P22|P27|P3|P30|P33|P36|P43|P44|P46|P8|P9,P20|P24|P26|P34|P4|P48,8,extra_trees,late_weighted,"[0.5, 0.25, 0.25]",
arousal,2,3,"8__extra_trees__unimodal__1.0,0.0,0.0",0.3465642410557725,P13|P18|P21|P22|P27|P3|P30|P33|P36|P43|P44|P46|P8|P9,P20|P24|P26|P34|P4|P48,8,extra_trees,unimodal,"[1.0, 0.0, 0.0]",Pupil
arousal,2,3,"8__extra_trees__unimodal__0.0,1.0,0.0",0.3372176111079298,P13|P18|P21|P22|P27|P3|P30|P33|P36|P43|P44|P46|P8|P9,P20|P24|P26|P34|P4|P48,8,extra_trees,unimodal,"[0.0, 1.0, 0.0]",Eye
arousal,2,3,"8__extra_trees__unimodal__0.0,0.0,1.0",0.3542876945350615,P13|P18|P21|P22|P27|P3|P30|P33|P36|P43|P44|P46|P8|P9,P20|P24|P26|P34|P4|P48,8,extra_trees,unimodal,"[0.0, 0.0, 1.0]",EEG
arousal,3,1,1__logistic__early__,0.3486911381116861,P12|P13|P19|P2|P21|P24|P26|P33|P35|P4|P40|P43|P9,P20|P22|P3|P30|P34|P44|P48,1,logistic,early,,
arousal,3,1,"1__logistic__late_mean__0.3333333333333333,0.3333333333333333,0.3333333333333333",0.3499402680259979,P12|P13|P19|P2|P21|P24|P26|P33|P35|P4|P40|P43|P9,P20|P22|P3|P30|P34|P44|P48,1,logistic,late_mean,"[0.3333333333333333, 0.3333333333333333, 0.3333333333333333]",
arousal,3,1,"1__logistic__late_geometric__0.3333333333333333,0.3333333333333333,0.3333333333333333",0.3504434947657772,P12|P13|P19|P2|P21|P24|P26|P33|P35|P4|P40|P43|P9,P20|P22|P3|P30|P34|P44|P48,1,logistic,late_geometric,"[0.3333333333333333, 0.3333333333333333, 0.3333333333333333]",
arousal,3,1,"1__logistic__late_weighted__0.25,0.25,0.5",0.351630153312352,P12|P13|P19|P2|P21|P24|P26|P33|P35|P4|P40|P43|P9,P20|P22|P3|P30|P34|P44|P48,1,logistic,late_weighted,"[0.25, 0.25, 0.5]",
arousal,3,1,"1__logistic__late_weighted__0.25,0.5,0.25",0.3498367405609944,P12|P13|P19|P2|P21|P24|P26|P33|P35|P4|P40|P43|P9,P20|P22|P3|P30|P34|P44|P48,1,logistic,late_weighted,"[0.25, 0.5, 0.25]",
arousal,3,1,"1__logistic__late_weighted__0.5,0.25,0.25",0.349249613403573,P12|P13|P19|P2|P21|P24|P26|P33|P35|P4|P40|P43|P9,P20|P22|P3|P30|P34|P44|P48,1,logistic,late_weighted,"[0.5, 0.25, 0.25]",
arousal,3,1,"1__logistic__unimodal__1.0,0.0,0.0",0.3309840802327565,P12|P13|P19|P2|P21|P24|P26|P33|P35|P4|P40|P43|P9,P20|P22|P3|P30|P34|P44|P48,1,logistic,unimodal,"[1.0, 0.0, 0.0]",Pupil
arousal,3,1,"1__logistic__unimodal__0.0,1.0,0.0",0.352553723664599,P12|P13|P19|P2|P21|P24|P26|P33|P35|P4|P40|P43|P9,P20|P22|P3|P30|P34|P44|P48,1,logistic,unimodal,"[0.0, 1.0, 0.0]",Eye
arousal,3,1,"1__logistic__unimodal__0.0,0.0,1.0",0.3558168335348095,P12|P13|P19|P2|P21|P24|P26|P33|P35|P4|P40|P43|P9,P20|P22|P3|P30|P34|P44|P48,1,logistic,unimodal,"[0.0, 0.0, 1.0]",EEG
arousal,3,1,1__lda__early__,0.3401885955566276,P12|P13|P19|P2|P21|P24|P26|P33|P35|P4|P40|P43|P9,P20|P22|P3|P30|P34|P44|P48,1,lda,early,,
arousal,3,1,"1__lda__late_mean__0.3333333333333333,0.3333333333333333,0.3333333333333333",0.3470467240923509,P12|P13|P19|P2|P21|P24|P26|P33|P35|P4|P40|P43|P9,P20|P22|P3|P30|P34|P44|P48,1,lda,late_mean,"[0.3333333333333333, 0.3333333333333333, 0.3333333333333333]",
arousal,3,1,"1__lda__late_geometric__0.3333333333333333,0.3333333333333333,0.3333333333333333",0.348177063369562,P12|P13|P19|P2|P21|P24|P26|P33|P35|P4|P40|P43|P9,P20|P22|P3|P30|P34|P44|P48,1,lda,late_geometric,"[0.3333333333333333, 0.3333333333333333, 0.3333333333333333]",
arousal,3,1,"1__lda__late_weighted__0.25,0.25,0.5",0.3529574080923754,P12|P13|P19|P2|P21|P24|P26|P33|P35|P4|P40|P43|P9,P20|P22|P3|P30|P34|P44|P48,1,lda,late_weighted,"[0.25, 0.25, 0.5]",
arousal,3,1,"1__lda__late_weighted__0.25,0.5,0.25",0.3495615930074985,P12|P13|P19|P2|P21|P24|P26|P33|P35|P4|P40|P43|P9,P20|P22|P3|P30|P34|P44|P48,1,lda,late_weighted,"[0.25, 0.5, 0.25]",
arousal,3,1,"1__lda__late_weighted__0.5,0.25,0.25",0.3456048525944339,P12|P13|P19|P2|P21|P24|P26|P33|P35|P4|P40|P43|P9,P20|P22|P3|P30|P34|P44|P48,1,lda,late_weighted,"[0.5, 0.25, 0.25]",
arousal,3,1,"1__lda__unimodal__1.0,0.0,0.0",0.3308520269051793,P12|P13|P19|P2|P21|P24|P26|P33|P35|P4|P40|P43|P9,P20|P22|P3|P30|P34|P44|P48,1,lda,unimodal,"[1.0, 0.0, 0.0]",Pupil
arousal,3,1,"1__lda__unimodal__0.0,1.0,0.0",0.3431192602226548,P12|P13|P19|P2|P21|P24|P26|P33|P35|P4|P40|P43|P9,P20|P22|P3|P30|P34|P44|P48,1,lda,unimodal,"[0.0, 1.0, 0.0]",Eye
arousal,3,1,"1__lda__unimodal__0.0,0.0,1.0",0.3549032736662829,P12|P13|P19|P2|P21|P24|P26|P33|P35|P4|P40|P43|P9,P20|P22|P3|P30|P34|P44|P48,1,lda,unimodal,"[0.0, 0.0, 1.0]",EEG
arousal,3,1,1__extra_trees__early__,0.3373071061281649,P12|P13|P19|P2|P21|P24|P26|P33|P35|P4|P40|P43|P9,P20|P22|P3|P30|P34|P44|P48,1,extra_trees,early,,
arousal,3,1,"1__extra_trees__late_mean__0.3333333333333333,0.3333333333333333,0.3333333333333333",0.3296967517854359,P12|P13|P19|P2|P21|P24|P26|P33|P35|P4|P40|P43|P9,P20|P22|P3|P30|P34|P44|P48,1,extra_trees,late_mean,"[0.3333333333333333, 0.3333333333333333, 0.3333333333333333]",
arousal,3,1,"1__extra_trees__late_geometric__0.3333333333333333,0.3333333333333333,0.3333333333333333",0.3312958021689289,P12|P13|P19|P2|P21|P24|P26|P33|P35|P4|P40|P43|P9,P20|P22|P3|P30|P34|P44|P48,1,extra_trees,late_geometric,"[0.3333333333333333, 0.3333333333333333, 0.3333333333333333]",
arousal,3,1,"1__extra_trees__late_weighted__0.25,0.25,0.5",0.3427122983680564,P12|P13|P19|P2|P21|P24|P26|P33|P35|P4|P40|P43|P9,P20|P22|P3|P30|P34|P44|P48,1,extra_trees,late_weighted,"[0.25, 0.25, 0.5]",
arousal,3,1,"1__extra_trees__late_weighted__0.25,0.5,0.25",0.3371616820316575,P12|P13|P19|P2|P21|P24|P26|P33|P35|P4|P40|P43|P9,P20|P22|P3|P30|P34|P44|P48,1,extra_trees,late_weighted,"[0.25, 0.5, 0.25]",
arousal,3,1,"1__extra_trees__late_weighted__0.5,0.25,0.25",0.3270297663940679,P12|P13|P19|P2|P21|P24|P26|P33|P35|P4|P40|P43|P9,P20|P22|P3|P30|P34|P44|P48,1,extra_trees,late_weighted,"[0.5, 0.25, 0.25]",
arousal,3,1,"1__extra_trees__unimodal__1.0,0.0,0.0",0.3204352550120504,P12|P13|P19|P2|P21|P24|P26|P33|P35|P4|P40|P43|P9,P20|P22|P3|P30|P34|P44|P48,1,extra_trees,unimodal,"[1.0, 0.0, 0.0]",Pupil
arousal,3,1,"1__extra_trees__unimodal__0.0,1.0,0.0",0.3218842430149539,P12|P13|P19|P2|P21|P24|P26|P33|P35|P4|P40|P43|P9,P20|P22|P3|P30|P34|P44|P48,1,extra_trees,unimodal,"[0.0, 1.0, 0.0]",Eye
arousal,3,1,"1__extra_trees__unimodal__0.0,0.0,1.0",0.3453901226511205,P12|P13|P19|P2|P21|P24|P26|P33|P35|P4|P40|P43|P9,P20|P22|P3|P30|P34|P44|P48,1,extra_trees,unimodal,"[0.0, 0.0, 1.0]",EEG
arousal,3,1,8__logistic__early__,0.3504232434042325,P12|P13|P19|P2|P21|P24|P26|P33|P35|P4|P40|P43|P9,P20|P22|P3|P30|P34|P44|P48,8,logistic,early,,
arousal,3,1,"8__logistic__late_mean__0.3333333333333333,0.3333333333333333,0.3333333333333333",0.3471885132284708,P12|P13|P19|P2|P21|P24|P26|P33|P35|P4|P40|P43|P9,P20|P22|P3|P30|P34|P44|P48,8,logistic,late_mean,"[0.3333333333333333, 0.3333333333333333, 0.3333333333333333]",
arousal,3,1,"8__logistic__late_geometric__0.3333333333333333,0.3333333333333333,0.3333333333333333",0.3483243495099123,P12|P13|P19|P2|P21|P24|P26|P33|P35|P4|P40|P43|P9,P20|P22|P3|P30|P34|P44|P48,8,logistic,late_geometric,"[0.3333333333333333, 0.3333333333333333, 0.3333333333333333]",
arousal,3,1,"8__logistic__late_weighted__0.25,0.25,0.5",0.3532661460743985,P12|P13|P19|P2|P21|P24|P26|P33|P35|P4|P40|P43|P9,P20|P22|P3|P30|P34|P44|P48,8,logistic,late_weighted,"[0.25, 0.25, 0.5]",
arousal,3,1,"8__logistic__late_weighted__0.25,0.5,0.25",0.331745864559114,P12|P13|P19|P2|P21|P24|P26|P33|P35|P4|P40|P43|P9,P20|P22|P3|P30|P34|P44|P48,8,logistic,late_weighted,"[0.25, 0.5, 0.25]",
arousal,3,1,"8__logistic__late_weighted__0.5,0.25,0.25",0.3457889518365215,P12|P13|P19|P2|P21|P24|P26|P33|P35|P4|P40|P43|P9,P20|P22|P3|P30|P34|P44|P48,8,logistic,late_weighted,"[0.5, 0.25, 0.25]",
arousal,3,1,"8__logistic__unimodal__1.0,0.0,0.0",0.350833196759602,P12|P13|P19|P2|P21|P24|P26|P33|P35|P4|P40|P43|P9,P20|P22|P3|P30|P34|P44|P48,8,logistic,unimodal,"[1.0, 0.0, 0.0]",Pupil
arousal,3,1,"8__logistic__unimodal__0.0,1.0,0.0",0.2959425107759755,P12|P13|P19|P2|P21|P24|P26|P33|P35|P4|P40|P43|P9,P20|P22|P3|P30|P34|P44|P48,8,logistic,unimodal,"[0.0, 1.0, 0.0]",Eye
arousal,3,1,"8__logistic__unimodal__0.0,0.0,1.0",0.3557443828580865,P12|P13|P19|P2|P21|P24|P26|P33|P35|P4|P40|P43|P9,P20|P22|P3|P30|P34|P44|P48,8,logistic,unimodal,"[0.0, 0.0, 1.0]",EEG
arousal,3,1,8__lda__early__,0.3509227547904822,P12|P13|P19|P2|P21|P24|P26|P33|P35|P4|P40|P43|P9,P20|P22|P3|P30|P34|P44|P48,8,lda,early,,
arousal,3,1,"8__lda__late_mean__0.3333333333333333,0.3333333333333333,0.3333333333333333",0.346426785707156,P12|P13|P19|P2|P21|P24|P26|P33|P35|P4|P40|P43|P9,P20|P22|P3|P30|P34|P44|P48,8,lda,late_mean,"[0.3333333333333333, 0.3333333333333333, 0.3333333333333333]",
arousal,3,1,"8__lda__late_geometric__0.3333333333333333,0.3333333333333333,0.3333333333333333",0.3469984457566745,P12|P13|P19|P2|P21|P24|P26|P33|P35|P4|P40|P43|P9,P20|P22|P3|P30|P34|P44|P48,8,lda,late_geometric,"[0.3333333333333333, 0.3333333333333333, 0.3333333333333333]",
arousal,3,1,"8__lda__late_weighted__0.25,0.25,0.5",0.3492646538152058,P12|P13|P19|P2|P21|P24|P26|P33|P35|P4|P40|P43|P9,P20|P22|P3|P30|P34|P44|P48,8,lda,late_weighted,"[0.25, 0.25, 0.5]",
arousal,3,1,"8__lda__late_weighted__0.25,0.5,0.25",0.3434503223201127,P12|P13|P19|P2|P21|P24|P26|P33|P35|P4|P40|P43|P9,P20|P22|P3|P30|P34|P44|P48,8,lda,late_weighted,"[0.25, 0.5, 0.25]",
arousal,3,1,"8__lda__late_weighted__0.5,0.25,0.25",0.3450318015213541,P12|P13|P19|P2|P21|P24|P26|P33|P35|P4|P40|P43|P9,P20|P22|P3|P30|P34|P44|P48,8,lda,late_weighted,"[0.5, 0.25, 0.25]",
arousal,3,1,"8__lda__unimodal__1.0,0.0,0.0",0.3496839429849509,P12|P13|P19|P2|P21|P24|P26|P33|P35|P4|P40|P43|P9,P20|P22|P3|P30|P34|P44|P48,8,lda,unimodal,"[1.0, 0.0, 0.0]",Pupil
arousal,3,1,"8__lda__unimodal__0.0,1.0,0.0",0.3118894424778201,P12|P13|P19|P2|P21|P24|P26|P33|P35|P4|P40|P43|P9,P20|P22|P3|P30|P34|P44|P48,8,lda,unimodal,"[0.0, 1.0, 0.0]",Eye
arousal,3,1,"8__lda__unimodal__0.0,0.0,1.0",0.3516519489251082,P12|P13|P19|P2|P21|P24|P26|P33|P35|P4|P40|P43|P9,P20|P22|P3|P30|P34|P44|P48,8,lda,unimodal,"[0.0, 0.0, 1.0]",EEG
arousal,3,1,8__extra_trees__early__,0.3318598208337683,P12|P13|P19|P2|P21|P24|P26|P33|P35|P4|P40|P43|P9,P20|P22|P3|P30|P34|P44|P48,8,extra_trees,early,,
arousal,3,1,"8__extra_trees__late_mean__0.3333333333333333,0.3333333333333333,0.3333333333333333",0.3281300199369604,P12|P13|P19|P2|P21|P24|P26|P33|P35|P4|P40|P43|P9,P20|P22|P3|P30|P34|P44|P48,8,extra_trees,late_mean,"[0.3333333333333333, 0.3333333333333333, 0.3333333333333333]",
arousal,3,1,"8__extra_trees__late_geometric__0.3333333333333333,0.3333333333333333,0.3333333333333333",0.3296506978425819,P12|P13|P19|P2|P21|P24|P26|P33|P35|P4|P40|P43|P9,P20|P22|P3|P30|P34|P44|P48,8,extra_trees,late_geometric,"[0.3333333333333333, 0.3333333333333333, 0.3333333333333333]",
arousal,3,1,"8__extra_trees__late_weighted__0.25,0.25,0.5",0.3364082203423115,P12|P13|P19|P2|P21|P24|P26|P33|P35|P4|P40|P43|P9,P20|P22|P3|P30|P34|P44|P48,8,extra_trees,late_weighted,"[0.25, 0.25, 0.5]",
arousal,3,1,"8__extra_trees__late_weighted__0.25,0.5,0.25",0.325017724001725,P12|P13|P19|P2|P21|P24|P26|P33|P35|P4|P40|P43|P9,P20|P22|P3|P30|P34|P44|P48,8,extra_trees,late_weighted,"[0.25, 0.5, 0.25]",
arousal,3,1,"8__extra_trees__late_weighted__0.5,0.25,0.25",0.3277766929312377,P12|P13|P19|P2|P21|P24|P26|P33|P35|P4|P40|P43|P9,P20|P22|P3|P30|P34|P44|P48,8,extra_trees,late_weighted,"[0.5, 0.25, 0.25]",
arousal,3,1,"8__extra_trees__unimodal__1.0,0.0,0.0",0.326291156144557,P12|P13|P19|P2|P21|P24|P26|P33|P35|P4|P40|P43|P9,P20|P22|P3|P30|P34|P44|P48,8,extra_trees,unimodal,"[1.0, 0.0, 0.0]",Pupil
arousal,3,1,"8__extra_trees__unimodal__0.0,1.0,0.0",0.308855777460741,P12|P13|P19|P2|P21|P24|P26|P33|P35|P4|P40|P43|P9,P20|P22|P3|P30|P34|P44|P48,8,extra_trees,unimodal,"[0.0, 1.0, 0.0]",Eye
arousal,3,1,"8__extra_trees__unimodal__0.0,0.0,1.0",0.3632921047298011,P12|P13|P19|P2|P21|P24|P26|P33|P35|P4|P40|P43|P9,P20|P22|P3|P30|P34|P44|P48,8,extra_trees,unimodal,"[0.0, 0.0, 1.0]",EEG
arousal,3,2,1__logistic__early__,0.3414363252062656,P13|P19|P2|P20|P21|P22|P3|P30|P33|P34|P40|P44|P48,P12|P24|P26|P35|P4|P43|P9,1,logistic,early,,
arousal,3,2,"1__logistic__late_mean__0.3333333333333333,0.3333333333333333,0.3333333333333333",0.3310429156139644,P13|P19|P2|P20|P21|P22|P3|P30|P33|P34|P40|P44|P48,P12|P24|P26|P35|P4|P43|P9,1,logistic,late_mean,"[0.3333333333333333, 0.3333333333333333, 0.3333333333333333]",
arousal,3,2,"1__logistic__late_geometric__0.3333333333333333,0.3333333333333333,0.3333333333333333",0.3295323266083381,P13|P19|P2|P20|P21|P22|P3|P30|P33|P34|P40|P44|P48,P12|P24|P26|P35|P4|P43|P9,1,logistic,late_geometric,"[0.3333333333333333, 0.3333333333333333, 0.3333333333333333]",
arousal,3,2,"1__logistic__late_weighted__0.25,0.25,0.5",0.3391750473350688,P13|P19|P2|P20|P21|P22|P3|P30|P33|P34|P40|P44|P48,P12|P24|P26|P35|P4|P43|P9,1,logistic,late_weighted,"[0.25, 0.25, 0.5]",
arousal,3,2,"1__logistic__late_weighted__0.25,0.5,0.25",0.333421404887314,P13|P19|P2|P20|P21|P22|P3|P30|P33|P34|P40|P44|P48,P12|P24|P26|P35|P4|P43|P9,1,logistic,late_weighted,"[0.25, 0.5, 0.25]",
arousal,3,2,"1__logistic__late_weighted__0.5,0.25,0.25",0.335427053036318,P13|P19|P2|P20|P21|P22|P3|P30|P33|P34|P40|P44|P48,P12|P24|P26|P35|P4|P43|P9,1,logistic,late_weighted,"[0.5, 0.25, 0.25]",
arousal,3,2,"1__logistic__unimodal__1.0,0.0,0.0",0.3571579617388206,P13|P19|P2|P20|P21|P22|P3|P30|P33|P34|P40|P44|P48,P12|P24|P26|P35|P4|P43|P9,1,logistic,unimodal,"[1.0, 0.0, 0.0]",Pupil
arousal,3,2,"1__logistic__unimodal__0.0,1.0,0.0",0.3352490685251302,P13|P19|P2|P20|P21|P22|P3|P30|P33|P34|P40|P44|P48,P12|P24|P26|P35|P4|P43|P9,1,logistic,unimodal,"[0.0, 1.0, 0.0]",Eye
arousal,3,2,"1__logistic__unimodal__0.0,0.0,1.0",0.3348400616324988,P13|P19|P2|P20|P21|P22|P3|P30|P33|P34|P40|P44|P48,P12|P24|P26|P35|P4|P43|P9,1,logistic,unimodal,"[0.0, 0.0, 1.0]",EEG
arousal,3,2,1__lda__early__,0.3431302605118509,P13|P19|P2|P20|P21|P22|P3|P30|P33|P34|P40|P44|P48,P12|P24|P26|P35|P4|P43|P9,1,lda,early,,
arousal,3,2,"1__lda__late_mean__0.3333333333333333,0.3333333333333333,0.3333333333333333",0.3379474964853578,P13|P19|P2|P20|P21|P22|P3|P30|P33|P34|P40|P44|P48,P12|P24|P26|P35|P4|P43|P9,1,lda,late_mean,"[0.3333333333333333, 0.3333333333333333, 0.3333333333333333]",
arousal,3,2,"1__lda__late_geometric__0.3333333333333333,0.3333333333333333,0.3333333333333333",0.3360389634554906,P13|P19|P2|P20|P21|P22|P3|P30|P33|P34|P40|P44|P48,P12|P24|P26|P35|P4|P43|P9,1,lda,late_geometric,"[0.3333333333333333, 0.3333333333333333, 0.3333333333333333]",
arousal,3,2,"1__lda__late_weighted__0.25,0.25,0.5",0.334362565947122,P13|P19|P2|P20|P21|P22|P3|P30|P33|P34|P40|P44|P48,P12|P24|P26|P35|P4|P43|P9,1,lda,late_weighted,"[0.25, 0.25, 0.5]",
arousal,3,2,"1__lda__late_weighted__0.25,0.5,0.25",0.3423392733534787,P13|P19|P2|P20|P21|P22|P3|P30|P33|P34|P40|P44|P48,P12|P24|P26|P35|P4|P43|P9,1,lda,late_weighted,"[0.25, 0.5, 0.25]",
arousal,3,2,"1__lda__late_weighted__0.5,0.25,0.25",0.3372978703846971,P13|P19|P2|P20|P21|P22|P3|P30|P33|P34|P40|P44|P48,P12|P24|P26|P35|P4|P43|P9,1,lda,late_weighted,"[0.5, 0.25, 0.25]",
arousal,3,2,"1__lda__unimodal__1.0,0.0,0.0",0.3539682184279327,P13|P19|P2|P20|P21|P22|P3|P30|P33|P34|P40|P44|P48,P12|P24|P26|P35|P4|P43|P9,1,lda,unimodal,"[1.0, 0.0, 0.0]",Pupil
arousal,3,2,"1__lda__unimodal__0.0,1.0,0.0",0.3367299807818199,P13|P19|P2|P20|P21|P22|P3|P30|P33|P34|P40|P44|P48,P12|P24|P26|P35|P4|P43|P9,1,lda,unimodal,"[0.0, 1.0, 0.0]",Eye
arousal,3,2,"1__lda__unimodal__0.0,0.0,1.0",0.3349298493060267,P13|P19|P2|P20|P21|P22|P3|P30|P33|P34|P40|P44|P48,P12|P24|P26|P35|P4|P43|P9,1,lda,unimodal,"[0.0, 0.0, 1.0]",EEG
arousal,3,2,1__extra_trees__early__,0.3357777786464596,P13|P19|P2|P20|P21|P22|P3|P30|P33|P34|P40|P44|P48,P12|P24|P26|P35|P4|P43|P9,1,extra_trees,early,,
arousal,3,2,"1__extra_trees__late_mean__0.3333333333333333,0.3333333333333333,0.3333333333333333",0.3232078760910691,P13|P19|P2|P20|P21|P22|P3|P30|P33|P34|P40|P44|P48,P12|P24|P26|P35|P4|P43|P9,1,extra_trees,late_mean,"[0.3333333333333333, 0.3333333333333333, 0.3333333333333333]",
arousal,3,2,"1__extra_trees__late_geometric__0.3333333333333333,0.3333333333333333,0.3333333333333333",0.3246131135260782,P13|P19|P2|P20|P21|P22|P3|P30|P33|P34|P40|P44|P48,P12|P24|P26|P35|P4|P43|P9,1,extra_trees,late_geometric,"[0.3333333333333333, 0.3333333333333333, 0.3333333333333333]",
arousal,3,2,"1__extra_trees__late_weighted__0.25,0.25,0.5",0.3264371779352505,P13|P19|P2|P20|P21|P22|P3|P30|P33|P34|P40|P44|P48,P12|P24|P26|P35|P4|P43|P9,1,extra_trees,late_weighted,"[0.25, 0.25, 0.5]",
arousal,3,2,"1__extra_trees__late_weighted__0.25,0.5,0.25",0.3351272193538852,P13|P19|P2|P20|P21|P22|P3|P30|P33|P34|P40|P44|P48,P12|P24|P26|P35|P4|P43|P9,1,extra_trees,late_weighted,"[0.25, 0.5, 0.25]",
arousal,3,2,"1__extra_trees__late_weighted__0.5,0.25,0.25",0.3344483577200293,P13|P19|P2|P20|P21|P22|P3|P30|P33|P34|P40|P44|P48,P12|P24|P26|P35|P4|P43|P9,1,extra_trees,late_weighted,"[0.5, 0.25, 0.25]",
arousal,3,2,"1__extra_trees__unimodal__1.0,0.0,0.0",0.3362272839399809,P13|P19|P2|P20|P21|P22|P3|P30|P33|P34|P40|P44|P48,P12|P24|P26|P35|P4|P43|P9,1,extra_trees,unimodal,"[1.0, 0.0, 0.0]",Pupil
arousal,3,2,"1__extra_trees__unimodal__0.0,1.0,0.0",0.3303970583398908,P13|P19|P2|P20|P21|P22|P3|P30|P33|P34|P40|P44|P48,P12|P24|P26|P35|P4|P43|P9,1,extra_trees,unimodal,"[0.0, 1.0, 0.0]",Eye
arousal,3,2,"1__extra_trees__unimodal__0.0,0.0,1.0",0.3238169397722444,P13|P19|P2|P20|P21|P22|P3|P30|P33|P34|P40|P44|P48,P12|P24|P26|P35|P4|P43|P9,1,extra_trees,unimodal,"[0.0, 0.0, 1.0]",EEG
arousal,3,2,8__logistic__early__,0.3418794001902769,P13|P19|P2|P20|P21|P22|P3|P30|P33|P34|P40|P44|P48,P12|P24|P26|P35|P4|P43|P9,8,logistic,early,,
arousal,3,2,"8__logistic__late_mean__0.3333333333333333,0.3333333333333333,0.3333333333333333",0.3453556273054742,P13|P19|P2|P20|P21|P22|P3|P30|P33|P34|P40|P44|P48,P12|P24|P26|P35|P4|P43|P9,8,logistic,late_mean,"[0.3333333333333333, 0.3333333333333333, 0.3333333333333333]",
arousal,3,2,"8__logistic__late_geometric__0.3333333333333333,0.3333333333333333,0.3333333333333333",0.3441478076336852,P13|P19|P2|P20|P21|P22|P3|P30|P33|P34|P40|P44|P48,P12|P24|P26|P35|P4|P43|P9,8,logistic,late_geometric,"[0.3333333333333333, 0.3333333333333333, 0.3333333333333333]",
arousal,3,2,"8__logistic__late_weighted__0.25,0.25,0.5",0.3433755559493441,P13|P19|P2|P20|P21|P22|P3|P30|P33|P34|P40|P44|P48,P12|P24|P26|P35|P4|P43|P9,8,logistic,late_weighted,"[0.25, 0.25, 0.5]",
arousal,3,2,"8__logistic__late_weighted__0.25,0.5,0.25",0.3491019313040182,P13|P19|P2|P20|P21|P22|P3|P30|P33|P34|P40|P44|P48,P12|P24|P26|P35|P4|P43|P9,8,logistic,late_weighted,"[0.25, 0.5, 0.25]",
arousal,3,2,"8__logistic__late_weighted__0.5,0.25,0.25",0.3461773250274496,P13|P19|P2|P20|P21|P22|P3|P30|P33|P34|P40|P44|P48,P12|P24|P26|P35|P4|P43|P9,8,logistic,late_weighted,"[0.5, 0.25, 0.25]",
arousal,3,2,"8__logistic__unimodal__1.0,0.0,0.0",0.3517053344352979,P13|P19|P2|P20|P21|P22|P3|P30|P33|P34|P40|P44|P48,P12|P24|P26|P35|P4|P43|P9,8,logistic,unimodal,"[1.0, 0.0, 0.0]",Pupil
arousal,3,2,"8__logistic__unimodal__0.0,1.0,0.0",0.3367592229685544,P13|P19|P2|P20|P21|P22|P3|P30|P33|P34|P40|P44|P48,P12|P24|P26|P35|P4|P43|P9,8,logistic,unimodal,"[0.0, 1.0, 0.0]",Eye
arousal,3,2,"8__logistic__unimodal__0.0,0.0,1.0",0.3509551970570221,P13|P19|P2|P20|P21|P22|P3|P30|P33|P34|P40|P44|P48,P12|P24|P26|P35|P4|P43|P9,8,logistic,unimodal,"[0.0, 0.0, 1.0]",EEG
arousal,3,2,8__lda__early__,0.3412793447040432,P13|P19|P2|P20|P21|P22|P3|P30|P33|P34|P40|P44|P48,P12|P24|P26|P35|P4|P43|P9,8,lda,early,,
arousal,3,2,"8__lda__late_mean__0.3333333333333333,0.3333333333333333,0.3333333333333333",0.3454558731372565,P13|P19|P2|P20|P21|P22|P3|P30|P33|P34|P40|P44|P48,P12|P24|P26|P35|P4|P43|P9,8,lda,late_mean,"[0.3333333333333333, 0.3333333333333333, 0.3333333333333333]",
arousal,3,2,"8__lda__late_geometric__0.3333333333333333,0.3333333333333333,0.3333333333333333",0.3490742487930512,P13|P19|P2|P20|P21|P22|P3|P30|P33|P34|P40|P44|P48,P12|P24|P26|P35|P4|P43|P9,8,lda,late_geometric,"[0.3333333333333333, 0.3333333333333333, 0.3333333333333333]",
arousal,3,2,"8__lda__late_weighted__0.25,0.25,0.5",0.3408726496616355,P13|P19|P2|P20|P21|P22|P3|P30|P33|P34|P40|P44|P48,P12|P24|P26|P35|P4|P43|P9,8,lda,late_weighted,"[0.25, 0.25, 0.5]",
arousal,3,2,"8__lda__late_weighted__0.25,0.5,0.25",0.3501967381931812,P13|P19|P2|P20|P21|P22|P3|P30|P33|P34|P40|P44|P48,P12|P24|P26|P35|P4|P43|P9,8,lda,late_weighted,"[0.25, 0.5, 0.25]",
arousal,3,2,"8__lda__late_weighted__0.5,0.25,0.25",0.3464525757467321,P13|P19|P2|P20|P21|P22|P3|P30|P33|P34|P40|P44|P48,P12|P24|P26|P35|P4|P43|P9,8,lda,late_weighted,"[0.5, 0.25, 0.25]",
arousal,3,2,"8__lda__unimodal__1.0,0.0,0.0",0.3508035581792542,P13|P19|P2|P20|P21|P22|P3|P30|P33|P34|P40|P44|P48,P12|P24|P26|P35|P4|P43|P9,8,lda,unimodal,"[1.0, 0.0, 0.0]",Pupil
arousal,3,2,"8__lda__unimodal__0.0,1.0,0.0",0.3499331221177132,P13|P19|P2|P20|P21|P22|P3|P30|P33|P34|P40|P44|P48,P12|P24|P26|P35|P4|P43|P9,8,lda,unimodal,"[0.0, 1.0, 0.0]",Eye
arousal,3,2,"8__lda__unimodal__0.0,0.0,1.0",0.3447824084260809,P13|P19|P2|P20|P21|P22|P3|P30|P33|P34|P40|P44|P48,P12|P24|P26|P35|P4|P43|P9,8,lda,unimodal,"[0.0, 0.0, 1.0]",EEG
arousal,3,2,8__extra_trees__early__,0.3373447659396132,P13|P19|P2|P20|P21|P22|P3|P30|P33|P34|P40|P44|P48,P12|P24|P26|P35|P4|P43|P9,8,extra_trees,early,,
arousal,3,2,"8__extra_trees__late_mean__0.3333333333333333,0.3333333333333333,0.3333333333333333",0.3384754303184071,P13|P19|P2|P20|P21|P22|P3|P30|P33|P34|P40|P44|P48,P12|P24|P26|P35|P4|P43|P9,8,extra_trees,late_mean,"[0.3333333333333333, 0.3333333333333333, 0.3333333333333333]",
arousal,3,2,"8__extra_trees__late_geometric__0.3333333333333333,0.3333333333333333,0.3333333333333333",0.3396645676915441,P13|P19|P2|P20|P21|P22|P3|P30|P33|P34|P40|P44|P48,P12|P24|P26|P35|P4|P43|P9,8,extra_trees,late_geometric,"[0.3333333333333333, 0.3333333333333333, 0.3333333333333333]",
arousal,3,2,"8__extra_trees__late_weighted__0.25,0.25,0.5",0.3340569907435792,P13|P19|P2|P20|P21|P22|P3|P30|P33|P34|P40|P44|P48,P12|P24|P26|P35|P4|P43|P9,8,extra_trees,late_weighted,"[0.25, 0.25, 0.5]",
arousal,3,2,"8__extra_trees__late_weighted__0.25,0.5,0.25",0.3387570345475767,P13|P19|P2|P20|P21|P22|P3|P30|P33|P34|P40|P44|P48,P12|P24|P26|P35|P4|P43|P9,8,extra_trees,late_weighted,"[0.25, 0.5, 0.25]",
arousal,3,2,"8__extra_trees__late_weighted__0.5,0.25,0.25",0.3350023741066543,P13|P19|P2|P20|P21|P22|P3|P30|P33|P34|P40|P44|P48,P12|P24|P26|P35|P4|P43|P9,8,extra_trees,late_weighted,"[0.5, 0.25, 0.25]",
arousal,3,2,"8__extra_trees__unimodal__1.0,0.0,0.0",0.3315078220682514,P13|P19|P2|P20|P21|P22|P3|P30|P33|P34|P40|P44|P48,P12|P24|P26|P35|P4|P43|P9,8,extra_trees,unimodal,"[1.0, 0.0, 0.0]",Pupil
arousal,3,2,"8__extra_trees__unimodal__0.0,1.0,0.0",0.3667483212724424,P13|P19|P2|P20|P21|P22|P3|P30|P33|P34|P40|P44|P48,P12|P24|P26|P35|P4|P43|P9,8,extra_trees,unimodal,"[0.0, 1.0, 0.0]",Eye
arousal,3,2,"8__extra_trees__unimodal__0.0,0.0,1.0",0.3360858750386075,P13|P19|P2|P20|P21|P22|P3|P30|P33|P34|P40|P44|P48,P12|P24|P26|P35|P4|P43|P9,8,extra_trees,unimodal,"[0.0, 0.0, 1.0]",EEG
arousal,3,3,1__logistic__early__,0.3260273233494146,P12|P20|P22|P24|P26|P3|P30|P34|P35|P4|P43|P44|P48|P9,P13|P19|P2|P21|P33|P40,1,logistic,early,,
arousal,3,3,"1__logistic__late_mean__0.3333333333333333,0.3333333333333333,0.3333333333333333",0.33282944033304,P12|P20|P22|P24|P26|P3|P30|P34|P35|P4|P43|P44|P48|P9,P13|P19|P2|P21|P33|P40,1,logistic,late_mean,"[0.3333333333333333, 0.3333333333333333, 0.3333333333333333]",
arousal,3,3,"1__logistic__late_geometric__0.3333333333333333,0.3333333333333333,0.3333333333333333",0.3317564486169047,P12|P20|P22|P24|P26|P3|P30|P34|P35|P4|P43|P44|P48|P9,P13|P19|P2|P21|P33|P40,1,logistic,late_geometric,"[0.3333333333333333, 0.3333333333333333, 0.3333333333333333]",
arousal,3,3,"1__logistic__late_weighted__0.25,0.25,0.5",0.3303574417074749,P12|P20|P22|P24|P26|P3|P30|P34|P35|P4|P43|P44|P48|P9,P13|P19|P2|P21|P33|P40,1,logistic,late_weighted,"[0.25, 0.25, 0.5]",
arousal,3,3,"1__logistic__late_weighted__0.25,0.5,0.25",0.3281414660891714,P12|P20|P22|P24|P26|P3|P30|P34|P35|P4|P43|P44|P48|P9,P13|P19|P2|P21|P33|P40,1,logistic,late_weighted,"[0.25, 0.5, 0.25]",
arousal,3,3,"1__logistic__late_weighted__0.5,0.25,0.25",0.3379019189333665,P12|P20|P22|P24|P26|P3|P30|P34|P35|P4|P43|P44|P48|P9,P13|P19|P2|P21|P33|P40,1,logistic,late_weighted,"[0.5, 0.25, 0.25]",
arousal,3,3,"1__logistic__unimodal__1.0,0.0,0.0",0.3521473492395204,P12|P20|P22|P24|P26|P3|P30|P34|P35|P4|P43|P44|P48|P9,P13|P19|P2|P21|P33|P40,1,logistic,unimodal,"[1.0, 0.0, 0.0]",Pupil
arousal,3,3,"1__logistic__unimodal__0.0,1.0,0.0",0.3162222548328406,P12|P20|P22|P24|P26|P3|P30|P34|P35|P4|P43|P44|P48|P9,P13|P19|P2|P21|P33|P40,1,logistic,unimodal,"[0.0, 1.0, 0.0]",Eye
arousal,3,3,"1__logistic__unimodal__0.0,0.0,1.0",0.3233584455780254,P12|P20|P22|P24|P26|P3|P30|P34|P35|P4|P43|P44|P48|P9,P13|P19|P2|P21|P33|P40,1,logistic,unimodal,"[0.0, 0.0, 1.0]",EEG
arousal,3,3,1__lda__early__,0.3274914855982025,P12|P20|P22|P24|P26|P3|P30|P34|P35|P4|P43|P44|P48|P9,P13|P19|P2|P21|P33|P40,1,lda,early,,
arousal,3,3,"1__lda__late_mean__0.3333333333333333,0.3333333333333333,0.3333333333333333",0.3321503448845708,P12|P20|P22|P24|P26|P3|P30|P34|P35|P4|P43|P44|P48|P9,P13|P19|P2|P21|P33|P40,1,lda,late_mean,"[0.3333333333333333, 0.3333333333333333, 0.3333333333333333]",
arousal,3,3,"1__lda__late_geometric__0.3333333333333333,0.3333333333333333,0.3333333333333333",0.3315013800173377,P12|P20|P22|P24|P26|P3|P30|P34|P35|P4|P43|P44|P48|P9,P13|P19|P2|P21|P33|P40,1,lda,late_geometric,"[0.3333333333333333, 0.3333333333333333, 0.3333333333333333]",
arousal,3,3,"1__lda__late_weighted__0.25,0.25,0.5",0.327297666406342,P12|P20|P22|P24|P26|P3|P30|P34|P35|P4|P43|P44|P48|P9,P13|P19|P2|P21|P33|P40,1,lda,late_weighted,"[0.25, 0.25, 0.5]",
arousal,3,3,"1__lda__late_weighted__0.25,0.5,0.25",0.3204598083863405,P12|P20|P22|P24|P26|P3|P30|P34|P35|P4|P43|P44|P48|P9,P13|P19|P2|P21|P33|P40,1,lda,late_weighted,"[0.25, 0.5, 0.25]",
arousal,3,3,"1__lda__late_weighted__0.5,0.25,0.25",0.3394151189886142,P12|P20|P22|P24|P26|P3|P30|P34|P35|P4|P43|P44|P48|P9,P13|P19|P2|P21|P33|P40,1,lda,late_weighted,"[0.5, 0.25, 0.25]",
arousal,3,3,"1__lda__unimodal__1.0,0.0,0.0",0.3495324445680874,P12|P20|P22|P24|P26|P3|P30|P34|P35|P4|P43|P44|P48|P9,P13|P19|P2|P21|P33|P40,1,lda,unimodal,"[1.0, 0.0, 0.0]",Pupil
arousal,3,3,"1__lda__unimodal__0.0,1.0,0.0",0.3144634515294639,P12|P20|P22|P24|P26|P3|P30|P34|P35|P4|P43|P44|P48|P9,P13|P19|P2|P21|P33|P40,1,lda,unimodal,"[0.0, 1.0, 0.0]",Eye
arousal,3,3,"1__lda__unimodal__0.0,0.0,1.0",0.3214874323196572,P12|P20|P22|P24|P26|P3|P30|P34|P35|P4|P43|P44|P48|P9,P13|P19|P2|P21|P33|P40,1,lda,unimodal,"[0.0, 0.0, 1.0]",EEG
arousal,3,3,1__extra_trees__early__,0.3310327279861607,P12|P20|P22|P24|P26|P3|P30|P34|P35|P4|P43|P44|P48|P9,P13|P19|P2|P21|P33|P40,1,extra_trees,early,,
arousal,3,3,"1__extra_trees__late_mean__0.3333333333333333,0.3333333333333333,0.3333333333333333",0.3536779864837809,P12|P20|P22|P24|P26|P3|P30|P34|P35|P4|P43|P44|P48|P9,P13|P19|P2|P21|P33|P40,1,extra_trees,late_mean,"[0.3333333333333333, 0.3333333333333333, 0.3333333333333333]",
arousal,3,3,"1__extra_trees__late_geometric__0.3333333333333333,0.3333333333333333,0.3333333333333333",0.3540368509490084,P12|P20|P22|P24|P26|P3|P30|P34|P35|P4|P43|P44|P48|P9,P13|P19|P2|P21|P33|P40,1,extra_trees,late_geometric,"[0.3333333333333333, 0.3333333333333333, 0.3333333333333333]",
arousal,3,3,"1__extra_trees__late_weighted__0.25,0.25,0.5",0.3563324619703469,P12|P20|P22|P24|P26|P3|P30|P34|P35|P4|P43|P44|P48|P9,P13|P19|P2|P21|P33|P40,1,extra_trees,late_weighted,"[0.25, 0.25, 0.5]",
arousal,3,3,"1__extra_trees__late_weighted__0.25,0.5,0.25",0.3468478681287441,P12|P20|P22|P24|P26|P3|P30|P34|P35|P4|P43|P44|P48|P9,P13|P19|P2|P21|P33|P40,1,extra_trees,late_weighted,"[0.25, 0.5, 0.25]",
arousal,3,3,"1__extra_trees__late_weighted__0.5,0.25,0.25",0.356615186669676,P12|P20|P22|P24|P26|P3|P30|P34|P35|P4|P43|P44|P48|P9,P13|P19|P2|P21|P33|P40,1,extra_trees,late_weighted,"[0.5, 0.25, 0.25]",
arousal,3,3,"1__extra_trees__unimodal__1.0,0.0,0.0",0.3465992926556764,P12|P20|P22|P24|P26|P3|P30|P34|P35|P4|P43|P44|P48|P9,P13|P19|P2|P21|P33|P40,1,extra_trees,unimodal,"[1.0, 0.0, 0.0]",Pupil
arousal,3,3,"1__extra_trees__unimodal__0.0,1.0,0.0",0.3235711431903627,P12|P20|P22|P24|P26|P3|P30|P34|P35|P4|P43|P44|P48|P9,P13|P19|P2|P21|P33|P40,1,extra_trees,unimodal,"[0.0, 1.0, 0.0]",Eye
arousal,3,3,"1__extra_trees__unimodal__0.0,0.0,1.0",0.350426988988928,P12|P20|P22|P24|P26|P3|P30|P34|P35|P4|P43|P44|P48|P9,P13|P19|P2|P21|P33|P40,1,extra_trees,unimodal,"[0.0, 0.0, 1.0]",EEG
arousal,3,3,8__logistic__early__,0.3321884713472658,P12|P20|P22|P24|P26|P3|P30|P34|P35|P4|P43|P44|P48|P9,P13|P19|P2|P21|P33|P40,8,logistic,early,,
arousal,3,3,"8__logistic__late_mean__0.3333333333333333,0.3333333333333333,0.3333333333333333",0.3412447596178831,P12|P20|P22|P24|P26|P3|P30|P34|P35|P4|P43|P44|P48|P9,P13|P19|P2|P21|P33|P40,8,logistic,late_mean,"[0.3333333333333333, 0.3333333333333333, 0.3333333333333333]",
arousal,3,3,"8__logistic__late_geometric__0.3333333333333333,0.3333333333333333,0.3333333333333333",0.341807646699299,P12|P20|P22|P24|P26|P3|P30|P34|P35|P4|P43|P44|P48|P9,P13|P19|P2|P21|P33|P40,8,logistic,late_geometric,"[0.3333333333333333, 0.3333333333333333, 0.3333333333333333]",
arousal,3,3,"8__logistic__late_weighted__0.25,0.25,0.5",0.3413519319766398,P12|P20|P22|P24|P26|P3|P30|P34|P35|P4|P43|P44|P48|P9,P13|P19|P2|P21|P33|P40,8,logistic,late_weighted,"[0.25, 0.25, 0.5]",
arousal,3,3,"8__logistic__late_weighted__0.25,0.5,0.25",0.3240893263379165,P12|P20|P22|P24|P26|P3|P30|P34|P35|P4|P43|P44|P48|P9,P13|P19|P2|P21|P33|P40,8,logistic,late_weighted,"[0.25, 0.5, 0.25]",
arousal,3,3,"8__logistic__late_weighted__0.5,0.25,0.25",0.3378092770308658,P12|P20|P22|P24|P26|P3|P30|P34|P35|P4|P43|P44|P48|P9,P13|P19|P2|P21|P33|P40,8,logistic,late_weighted,"[0.5, 0.25, 0.25]",
arousal,3,3,"8__logistic__unimodal__1.0,0.0,0.0",0.337368677042164,P12|P20|P22|P24|P26|P3|P30|P34|P35|P4|P43|P44|P48|P9,P13|P19|P2|P21|P33|P40,8,logistic,unimodal,"[1.0, 0.0, 0.0]",Pupil
arousal,3,3,"8__logistic__unimodal__0.0,1.0,0.0",0.3241644420113589,P12|P20|P22|P24|P26|P3|P30|P34|P35|P4|P43|P44|P48|P9,P13|P19|P2|P21|P33|P40,8,logistic,unimodal,"[0.0, 1.0, 0.0]",Eye
arousal,3,3,"8__logistic__unimodal__0.0,0.0,1.0",0.3670606882034329,P12|P20|P22|P24|P26|P3|P30|P34|P35|P4|P43|P44|P48|P9,P13|P19|P2|P21|P33|P40,8,logistic,unimodal,"[0.0, 0.0, 1.0]",EEG
arousal,3,3,8__lda__early__,0.3304980586092231,P12|P20|P22|P24|P26|P3|P30|P34|P35|P4|P43|P44|P48|P9,P13|P19|P2|P21|P33|P40,8,lda,early,,
arousal,3,3,"8__lda__late_mean__0.3333333333333333,0.3333333333333333,0.3333333333333333",0.3304202418002323,P12|P20|P22|P24|P26|P3|P30|P34|P35|P4|P43|P44|P48|P9,P13|P19|P2|P21|P33|P40,8,lda,late_mean,"[0.3333333333333333, 0.3333333333333333, 0.3333333333333333]",
arousal,3,3,"8__lda__late_geometric__0.3333333333333333,0.3333333333333333,0.3333333333333333",0.3340544094676143,P12|P20|P22|P24|P26|P3|P30|P34|P35|P4|P43|P44|P48|P9,P13|P19|P2|P21|P33|P40,8,lda,late_geometric,"[0.3333333333333333, 0.3333333333333333, 0.3333333333333333]",
arousal,3,3,"8__lda__late_weighted__0.25,0.25,0.5",0.3344573669268755,P12|P20|P22|P24|P26|P3|P30|P34|P35|P4|P43|P44|P48|P9,P13|P19|P2|P21|P33|P40,8,lda,late_weighted,"[0.25, 0.25, 0.5]",
arousal,3,3,"8__lda__late_weighted__0.25,0.5,0.25",0.3153762868741565,P12|P20|P22|P24|P26|P3|P30|P34|P35|P4|P43|P44|P48|P9,P13|P19|P2|P21|P33|P40,8,lda,late_weighted,"[0.25, 0.5, 0.25]",
arousal,3,3,"8__lda__late_weighted__0.5,0.25,0.25",0.334433250786715,P12|P20|P22|P24|P26|P3|P30|P34|P35|P4|P43|P44|P48|P9,P13|P19|P2|P21|P33|P40,8,lda,late_weighted,"[0.5, 0.25, 0.25]",
arousal,3,3,"8__lda__unimodal__1.0,0.0,0.0",0.3405902025078507,P12|P20|P22|P24|P26|P3|P30|P34|P35|P4|P43|P44|P48|P9,P13|P19|P2|P21|P33|P40,8,lda,unimodal,"[1.0, 0.0, 0.0]",Pupil
arousal,3,3,"8__lda__unimodal__0.0,1.0,0.0",0.3078002607493015,P12|P20|P22|P24|P26|P3|P30|P34|P35|P4|P43|P44|P48|P9,P13|P19|P2|P21|P33|P40,8,lda,unimodal,"[0.0, 1.0, 0.0]",Eye
arousal,3,3,"8__lda__unimodal__0.0,0.0,1.0",0.3550365404472608,P12|P20|P22|P24|P26|P3|P30|P34|P35|P4|P43|P44|P48|P9,P13|P19|P2|P21|P33|P40,8,lda,unimodal,"[0.0, 0.0, 1.0]",EEG
arousal,3,3,8__extra_trees__early__,0.3340621798488699,P12|P20|P22|P24|P26|P3|P30|P34|P35|P4|P43|P44|P48|P9,P13|P19|P2|P21|P33|P40,8,extra_trees,early,,
arousal,3,3,"8__extra_trees__late_mean__0.3333333333333333,0.3333333333333333,0.3333333333333333",0.3340400584662462,P12|P20|P22|P24|P26|P3|P30|P34|P35|P4|P43|P44|P48|P9,P13|P19|P2|P21|P33|P40,8,extra_trees,late_mean,"[0.3333333333333333, 0.3333333333333333, 0.3333333333333333]",
arousal,3,3,"8__extra_trees__late_geometric__0.3333333333333333,0.3333333333333333,0.3333333333333333",0.334581613201143,P12|P20|P22|P24|P26|P3|P30|P34|P35|P4|P43|P44|P48|P9,P13|P19|P2|P21|P33|P40,8,extra_trees,late_geometric,"[0.3333333333333333, 0.3333333333333333, 0.3333333333333333]",
arousal,3,3,"8__extra_trees__late_weighted__0.25,0.25,0.5",0.341139663909879,P12|P20|P22|P24|P26|P3|P30|P34|P35|P4|P43|P44|P48|P9,P13|P19|P2|P21|P33|P40,8,extra_trees,late_weighted,"[0.25, 0.25, 0.5]",
arousal,3,3,"8__extra_trees__late_weighted__0.25,0.5,0.25",0.3260883995590832,P12|P20|P22|P24|P26|P3|P30|P34|P35|P4|P43|P44|P48|P9,P13|P19|P2|P21|P33|P40,8,extra_trees,late_weighted,"[0.25, 0.5, 0.25]",
arousal,3,3,"8__extra_trees__late_weighted__0.5,0.25,0.25",0.3329707455763879,P12|P20|P22|P24|P26|P3|P30|P34|P35|P4|P43|P44|P48|P9,P13|P19|P2|P21|P33|P40,8,extra_trees,late_weighted,"[0.5, 0.25, 0.25]",
arousal,3,3,"8__extra_trees__unimodal__1.0,0.0,0.0",0.3505009319844133,P12|P20|P22|P24|P26|P3|P30|P34|P35|P4|P43|P44|P48|P9,P13|P19|P2|P21|P33|P40,8,extra_trees,unimodal,"[1.0, 0.0, 0.0]",Pupil
arousal,3,3,"8__extra_trees__unimodal__0.0,1.0,0.0",0.3108931423121021,P12|P20|P22|P24|P26|P3|P30|P34|P35|P4|P43|P44|P48|P9,P13|P19|P2|P21|P33|P40,8,extra_trees,unimodal,"[0.0, 1.0, 0.0]",Eye
arousal,3,3,"8__extra_trees__unimodal__0.0,0.0,1.0",0.3570206725740366,P12|P20|P22|P24|P26|P3|P30|P34|P35|P4|P43|P44|P48|P9,P13|P19|P2|P21|P33|P40,8,extra_trees,unimodal,"[0.0, 0.0, 1.0]",EEG
arousal,4,1,1__logistic__early__,0.3369463018802751,P12|P13|P18|P2|P22|P24|P26|P34|P35|P36|P40|P44|P46,P19|P21|P27|P30|P43|P48|P8,1,logistic,early,,
arousal,4,1,"1__logistic__late_mean__0.3333333333333333,0.3333333333333333,0.3333333333333333",0.3329087187884155,P12|P13|P18|P2|P22|P24|P26|P34|P35|P36|P40|P44|P46,P19|P21|P27|P30|P43|P48|P8,1,logistic,late_mean,"[0.3333333333333333, 0.3333333333333333, 0.3333333333333333]",
arousal,4,1,"1__logistic__late_geometric__0.3333333333333333,0.3333333333333333,0.3333333333333333",0.3324192156918688,P12|P13|P18|P2|P22|P24|P26|P34|P35|P36|P40|P44|P46,P19|P21|P27|P30|P43|P48|P8,1,logistic,late_geometric,"[0.3333333333333333, 0.3333333333333333, 0.3333333333333333]",
arousal,4,1,"1__logistic__late_weighted__0.25,0.25,0.5",0.3298337821785799,P12|P13|P18|P2|P22|P24|P26|P34|P35|P36|P40|P44|P46,P19|P21|P27|P30|P43|P48|P8,1,logistic,late_weighted,"[0.25, 0.25, 0.5]",
arousal,4,1,"1__logistic__late_weighted__0.25,0.5,0.25",0.3370217766805017,P12|P13|P18|P2|P22|P24|P26|P34|P35|P36|P40|P44|P46,P19|P21|P27|P30|P43|P48|P8,1,logistic,late_weighted,"[0.25, 0.5, 0.25]",
arousal,4,1,"1__logistic__late_weighted__0.5,0.25,0.25",0.3416645630059577,P12|P13|P18|P2|P22|P24|P26|P34|P35|P36|P40|P44|P46,P19|P21|P27|P30|P43|P48|P8,1,logistic,late_weighted,"[0.5, 0.25, 0.25]",
arousal,4,1,"1__logistic__unimodal__1.0,0.0,0.0",0.3545771526700298,P12|P13|P18|P2|P22|P24|P26|P34|P35|P36|P40|P44|P46,P19|P21|P27|P30|P43|P48|P8,1,logistic,unimodal,"[1.0, 0.0, 0.0]",Pupil
arousal,4,1,"1__logistic__unimodal__0.0,1.0,0.0",0.3219523766978353,P12|P13|P18|P2|P22|P24|P26|P34|P35|P36|P40|P44|P46,P19|P21|P27|P30|P43|P48|P8,1,logistic,unimodal,"[0.0, 1.0, 0.0]",Eye
arousal,4,1,"1__logistic__unimodal__0.0,0.0,1.0",0.3341274124486654,P12|P13|P18|P2|P22|P24|P26|P34|P35|P36|P40|P44|P46,P19|P21|P27|P30|P43|P48|P8,1,logistic,unimodal,"[0.0, 0.0, 1.0]",EEG
arousal,4,1,1__lda__early__,0.3343815588596086,P12|P13|P18|P2|P22|P24|P26|P34|P35|P36|P40|P44|P46,P19|P21|P27|P30|P43|P48|P8,1,lda,early,,
arousal,4,1,"1__lda__late_mean__0.3333333333333333,0.3333333333333333,0.3333333333333333",0.3306828440926178,P12|P13|P18|P2|P22|P24|P26|P34|P35|P36|P40|P44|P46,P19|P21|P27|P30|P43|P48|P8,1,lda,late_mean,"[0.3333333333333333, 0.3333333333333333, 0.3333333333333333]",
arousal,4,1,"1__lda__late_geometric__0.3333333333333333,0.3333333333333333,0.3333333333333333",0.3306590353668601,P12|P13|P18|P2|P22|P24|P26|P34|P35|P36|P40|P44|P46,P19|P21|P27|P30|P43|P48|P8,1,lda,late_geometric,"[0.3333333333333333, 0.3333333333333333, 0.3333333333333333]",
arousal,4,1,"1__lda__late_weighted__0.25,0.25,0.5",0.334696321510534,P12|P13|P18|P2|P22|P24|P26|P34|P35|P36|P40|P44|P46,P19|P21|P27|P30|P43|P48|P8,1,lda,late_weighted,"[0.25, 0.25, 0.5]",
arousal,4,1,"1__lda__late_weighted__0.25,0.5,0.25",0.3290716232222275,P12|P13|P18|P2|P22|P24|P26|P34|P35|P36|P40|P44|P46,P19|P21|P27|P30|P43|P48|P8,1,lda,late_weighted,"[0.25, 0.5, 0.25]",
arousal,4,1,"1__lda__late_weighted__0.5,0.25,0.25",0.3428095886914192,P12|P13|P18|P2|P22|P24|P26|P34|P35|P36|P40|P44|P46,P19|P21|P27|P30|P43|P48|P8,1,lda,late_weighted,"[0.5, 0.25, 0.25]",
arousal,4,1,"1__lda__unimodal__1.0,0.0,0.0",0.3551671576949183,P12|P13|P18|P2|P22|P24|P26|P34|P35|P36|P40|P44|P46,P19|P21|P27|P30|P43|P48|P8,1,lda,unimodal,"[1.0, 0.0, 0.0]",Pupil
arousal,4,1,"1__lda__unimodal__0.0,1.0,0.0",0.3248362583297426,P12|P13|P18|P2|P22|P24|P26|P34|P35|P36|P40|P44|P46,P19|P21|P27|P30|P43|P48|P8,1,lda,unimodal,"[0.0, 1.0, 0.0]",Eye
arousal,4,1,"1__lda__unimodal__0.0,0.0,1.0",0.3348227100676655,P12|P13|P18|P2|P22|P24|P26|P34|P35|P36|P40|P44|P46,P19|P21|P27|P30|P43|P48|P8,1,lda,unimodal,"[0.0, 0.0, 1.0]",EEG
arousal,4,1,1__extra_trees__early__,0.3214457571502609,P12|P13|P18|P2|P22|P24|P26|P34|P35|P36|P40|P44|P46,P19|P21|P27|P30|P43|P48|P8,1,extra_trees,early,,
arousal,4,1,"1__extra_trees__late_mean__0.3333333333333333,0.3333333333333333,0.3333333333333333",0.3269002251688556,P12|P13|P18|P2|P22|P24|P26|P34|P35|P36|P40|P44|P46,P19|P21|P27|P30|P43|P48|P8,1,extra_trees,late_mean,"[0.3333333333333333, 0.3333333333333333, 0.3333333333333333]",
arousal,4,1,"1__extra_trees__late_geometric__0.3333333333333333,0.3333333333333333,0.3333333333333333",0.3266160139369203,P12|P13|P18|P2|P22|P24|P26|P34|P35|P36|P40|P44|P46,P19|P21|P27|P30|P43|P48|P8,1,extra_trees,late_geometric,"[0.3333333333333333, 0.3333333333333333, 0.3333333333333333]",
arousal,4,1,"1__extra_trees__late_weighted__0.25,0.25,0.5",0.3199222768128801,P12|P13|P18|P2|P22|P24|P26|P34|P35|P36|P40|P44|P46,P19|P21|P27|P30|P43|P48|P8,1,extra_trees,late_weighted,"[0.25, 0.25, 0.5]",
arousal,4,1,"1__extra_trees__late_weighted__0.25,0.5,0.25",0.3212771733180694,P12|P13|P18|P2|P22|P24|P26|P34|P35|P36|P40|P44|P46,P19|P21|P27|P30|P43|P48|P8,1,extra_trees,late_weighted,"[0.25, 0.5, 0.25]",
arousal,4,1,"1__extra_trees__late_weighted__0.5,0.25,0.25",0.3265595306966978,P12|P13|P18|P2|P22|P24|P26|P34|P35|P36|P40|P44|P46,P19|P21|P27|P30|P43|P48|P8,1,extra_trees,late_weighted,"[0.5, 0.25, 0.25]",
arousal,4,1,"1__extra_trees__unimodal__1.0,0.0,0.0",0.3303330254998905,P12|P13|P18|P2|P22|P24|P26|P34|P35|P36|P40|P44|P46,P19|P21|P27|P30|P43|P48|P8,1,extra_trees,unimodal,"[1.0, 0.0, 0.0]",Pupil
arousal,4,1,"1__extra_trees__unimodal__0.0,1.0,0.0",0.3222973742736737,P12|P13|P18|P2|P22|P24|P26|P34|P35|P36|P40|P44|P46,P19|P21|P27|P30|P43|P48|P8,1,extra_trees,unimodal,"[0.0, 1.0, 0.0]",Eye
arousal,4,1,"1__extra_trees__unimodal__0.0,0.0,1.0",0.316565312343372,P12|P13|P18|P2|P22|P24|P26|P34|P35|P36|P40|P44|P46,P19|P21|P27|P30|P43|P48|P8,1,extra_trees,unimodal,"[0.0, 0.0, 1.0]",EEG
arousal,4,1,8__logistic__early__,0.3475404243754575,P12|P13|P18|P2|P22|P24|P26|P34|P35|P36|P40|P44|P46,P19|P21|P27|P30|P43|P48|P8,8,logistic,early,,
arousal,4,1,"8__logistic__late_mean__0.3333333333333333,0.3333333333333333,0.3333333333333333",0.337862250097443,P12|P13|P18|P2|P22|P24|P26|P34|P35|P36|P40|P44|P46,P19|P21|P27|P30|P43|P48|P8,8,logistic,late_mean,"[0.3333333333333333, 0.3333333333333333, 0.3333333333333333]",
arousal,4,1,"8__logistic__late_geometric__0.3333333333333333,0.3333333333333333,0.3333333333333333",0.3332239800582491,P12|P13|P18|P2|P22|P24|P26|P34|P35|P36|P40|P44|P46,P19|P21|P27|P30|P43|P48|P8,8,logistic,late_geometric,"[0.3333333333333333, 0.3333333333333333, 0.3333333333333333]",
arousal,4,1,"8__logistic__late_weighted__0.25,0.25,0.5",0.3348297044722112,P12|P13|P18|P2|P22|P24|P26|P34|P35|P36|P40|P44|P46,P19|P21|P27|P30|P43|P48|P8,8,logistic,late_weighted,"[0.25, 0.25, 0.5]",
arousal,4,1,"8__logistic__late_weighted__0.25,0.5,0.25",0.3372997891694376,P12|P13|P18|P2|P22|P24|P26|P34|P35|P36|P40|P44|P46,P19|P21|P27|P30|P43|P48|P8,8,logistic,late_weighted,"[0.25, 0.5, 0.25]",
arousal,4,1,"8__logistic__late_weighted__0.5,0.25,0.25",0.3488697078756758,P12|P13|P18|P2|P22|P24|P26|P34|P35|P36|P40|P44|P46,P19|P21|P27|P30|P43|P48|P8,8,logistic,late_weighted,"[0.5, 0.25, 0.25]",
arousal,4,1,"8__logistic__unimodal__1.0,0.0,0.0",0.3508812332697624,P12|P13|P18|P2|P22|P24|P26|P34|P35|P36|P40|P44|P46,P19|P21|P27|P30|P43|P48|P8,8,logistic,unimodal,"[1.0, 0.0, 0.0]",Pupil
arousal,4,1,"8__logistic__unimodal__0.0,1.0,0.0",0.3249935164213041,P12|P13|P18|P2|P22|P24|P26|P34|P35|P36|P40|P44|P46,P19|P21|P27|P30|P43|P48|P8,8,logistic,unimodal,"[0.0, 1.0, 0.0]",Eye
arousal,4,1,"8__logistic__unimodal__0.0,0.0,1.0",0.3368954861387391,P12|P13|P18|P2|P22|P24|P26|P34|P35|P36|P40|P44|P46,P19|P21|P27|P30|P43|P48|P8,8,logistic,unimodal,"[0.0, 0.0, 1.0]",EEG
arousal,4,1,8__lda__early__,0.3477099517466094,P12|P13|P18|P2|P22|P24|P26|P34|P35|P36|P40|P44|P46,P19|P21|P27|P30|P43|P48|P8,8,lda,early,,
arousal,4,1,"8__lda__late_mean__0.3333333333333333,0.3333333333333333,0.3333333333333333",0.3410088926952807,P12|P13|P18|P2|P22|P24|P26|P34|P35|P36|P40|P44|P46,P19|P21|P27|P30|P43|P48|P8,8,lda,late_mean,"[0.3333333333333333, 0.3333333333333333, 0.3333333333333333]",
arousal,4,1,"8__lda__late_geometric__0.3333333333333333,0.3333333333333333,0.3333333333333333",0.3413443830358901,P12|P13|P18|P2|P22|P24|P26|P34|P35|P36|P40|P44|P46,P19|P21|P27|P30|P43|P48|P8,8,lda,late_geometric,"[0.3333333333333333, 0.3333333333333333, 0.3333333333333333]",
arousal,4,1,"8__lda__late_weighted__0.25,0.25,0.5",0.3436995367694925,P12|P13|P18|P2|P22|P24|P26|P34|P35|P36|P40|P44|P46,P19|P21|P27|P30|P43|P48|P8,8,lda,late_weighted,"[0.25, 0.25, 0.5]",
arousal,4,1,"8__lda__late_weighted__0.25,0.5,0.25",0.3362502308958108,P12|P13|P18|P2|P22|P24|P26|P34|P35|P36|P40|P44|P46,P19|P21|P27|P30|P43|P48|P8,8,lda,late_weighted,"[0.25, 0.5, 0.25]",
arousal,4,1,"8__lda__late_weighted__0.5,0.25,0.25",0.3493544861707714,P12|P13|P18|P2|P22|P24|P26|P34|P35|P36|P40|P44|P46,P19|P21|P27|P30|P43|P48|P8,8,lda,late_weighted,"[0.5, 0.25, 0.25]",
arousal,4,1,"8__lda__unimodal__1.0,0.0,0.0",0.3486788050360973,P12|P13|P18|P2|P22|P24|P26|P34|P35|P36|P40|P44|P46,P19|P21|P27|P30|P43|P48|P8,8,lda,unimodal,"[1.0, 0.0, 0.0]",Pupil
arousal,4,1,"8__lda__unimodal__0.0,1.0,0.0",0.3224280237924328,P12|P13|P18|P2|P22|P24|P26|P34|P35|P36|P40|P44|P46,P19|P21|P27|P30|P43|P48|P8,8,lda,unimodal,"[0.0, 1.0, 0.0]",Eye
arousal,4,1,"8__lda__unimodal__0.0,0.0,1.0",0.3382855727992817,P12|P13|P18|P2|P22|P24|P26|P34|P35|P36|P40|P44|P46,P19|P21|P27|P30|P43|P48|P8,8,lda,unimodal,"[0.0, 0.0, 1.0]",EEG
arousal,4,1,8__extra_trees__early__,0.3361434728182745,P12|P13|P18|P2|P22|P24|P26|P34|P35|P36|P40|P44|P46,P19|P21|P27|P30|P43|P48|P8,8,extra_trees,early,,
arousal,4,1,"8__extra_trees__late_mean__0.3333333333333333,0.3333333333333333,0.3333333333333333",0.3324276327915766,P12|P13|P18|P2|P22|P24|P26|P34|P35|P36|P40|P44|P46,P19|P21|P27|P30|P43|P48|P8,8,extra_trees,late_mean,"[0.3333333333333333, 0.3333333333333333, 0.3333333333333333]",
arousal,4,1,"8__extra_trees__late_geometric__0.3333333333333333,0.3333333333333333,0.3333333333333333",0.3322741600427861,P12|P13|P18|P2|P22|P24|P26|P34|P35|P36|P40|P44|P46,P19|P21|P27|P30|P43|P48|P8,8,extra_trees,late_geometric,"[0.3333333333333333, 0.3333333333333333, 0.3333333333333333]",
arousal,4,1,"8__extra_trees__late_weighted__0.25,0.25,0.5",0.3263301293599076,P12|P13|P18|P2|P22|P24|P26|P34|P35|P36|P40|P44|P46,P19|P21|P27|P30|P43|P48|P8,8,extra_trees,late_weighted,"[0.25, 0.25, 0.5]",
arousal,4,1,"8__extra_trees__late_weighted__0.25,0.5,0.25",0.3359596279137297,P12|P13|P18|P2|P22|P24|P26|P34|P35|P36|P40|P44|P46,P19|P21|P27|P30|P43|P48|P8,8,extra_trees,late_weighted,"[0.25, 0.5, 0.25]",
arousal,4,1,"8__extra_trees__late_weighted__0.5,0.25,0.25",0.3441742885811067,P12|P13|P18|P2|P22|P24|P26|P34|P35|P36|P40|P44|P46,P19|P21|P27|P30|P43|P48|P8,8,extra_trees,late_weighted,"[0.5, 0.25, 0.25]",
arousal,4,1,"8__extra_trees__unimodal__1.0,0.0,0.0",0.3408131622101275,P12|P13|P18|P2|P22|P24|P26|P34|P35|P36|P40|P44|P46,P19|P21|P27|P30|P43|P48|P8,8,extra_trees,unimodal,"[1.0, 0.0, 0.0]",Pupil
arousal,4,1,"8__extra_trees__unimodal__0.0,1.0,0.0",0.3237630979196352,P12|P13|P18|P2|P22|P24|P26|P34|P35|P36|P40|P44|P46,P19|P21|P27|P30|P43|P48|P8,8,extra_trees,unimodal,"[0.0, 1.0, 0.0]",Eye
arousal,4,1,"8__extra_trees__unimodal__0.0,0.0,1.0",0.3247080548196925,P12|P13|P18|P2|P22|P24|P26|P34|P35|P36|P40|P44|P46,P19|P21|P27|P30|P43|P48|P8,8,extra_trees,unimodal,"[0.0, 0.0, 1.0]",EEG
arousal,4,2,1__logistic__early__,0.3309834821890808,P13|P19|P2|P21|P24|P27|P30|P35|P36|P43|P46|P48|P8,P12|P18|P22|P26|P34|P40|P44,1,logistic,early,,
arousal,4,2,"1__logistic__late_mean__0.3333333333333333,0.3333333333333333,0.3333333333333333",0.3381296478444008,P13|P19|P2|P21|P24|P27|P30|P35|P36|P43|P46|P48|P8,P12|P18|P22|P26|P34|P40|P44,1,logistic,late_mean,"[0.3333333333333333, 0.3333333333333333, 0.3333333333333333]",
arousal,4,2,"1__logistic__late_geometric__0.3333333333333333,0.3333333333333333,0.3333333333333333",0.3433497379735573,P13|P19|P2|P21|P24|P27|P30|P35|P36|P43|P46|P48|P8,P12|P18|P22|P26|P34|P40|P44,1,logistic,late_geometric,"[0.3333333333333333, 0.3333333333333333, 0.3333333333333333]",
arousal,4,2,"1__logistic__late_weighted__0.25,0.25,0.5",0.3451188462111879,P13|P19|P2|P21|P24|P27|P30|P35|P36|P43|P46|P48|P8,P12|P18|P22|P26|P34|P40|P44,1,logistic,late_weighted,"[0.25, 0.25, 0.5]",
arousal,4,2,"1__logistic__late_weighted__0.25,0.5,0.25",0.3433768980787025,P13|P19|P2|P21|P24|P27|P30|P35|P36|P43|P46|P48|P8,P12|P18|P22|P26|P34|P40|P44,1,logistic,late_weighted,"[0.25, 0.5, 0.25]",
arousal,4,2,"1__logistic__late_weighted__0.5,0.25,0.25",0.3353668079076178,P13|P19|P2|P21|P24|P27|P30|P35|P36|P43|P46|P48|P8,P12|P18|P22|P26|P34|P40|P44,1,logistic,late_weighted,"[0.5, 0.25, 0.25]",
arousal,4,2,"1__logistic__unimodal__1.0,0.0,0.0",0.3372790284144328,P13|P19|P2|P21|P24|P27|P30|P35|P36|P43|P46|P48|P8,P12|P18|P22|P26|P34|P40|P44,1,logistic,unimodal,"[1.0, 0.0, 0.0]",Pupil
arousal,4,2,"1__logistic__unimodal__0.0,1.0,0.0",0.3271036095364154,P13|P19|P2|P21|P24|P27|P30|P35|P36|P43|P46|P48|P8,P12|P18|P22|P26|P34|P40|P44,1,logistic,unimodal,"[0.0, 1.0, 0.0]",Eye
arousal,4,2,"1__logistic__unimodal__0.0,0.0,1.0",0.3429140240669094,P13|P19|P2|P21|P24|P27|P30|P35|P36|P43|P46|P48|P8,P12|P18|P22|P26|P34|P40|P44,1,logistic,unimodal,"[0.0, 0.0, 1.0]",EEG
arousal,4,2,1__lda__early__,0.3395731786568273,P13|P19|P2|P21|P24|P27|P30|P35|P36|P43|P46|P48|P8,P12|P18|P22|P26|P34|P40|P44,1,lda,early,,
arousal,4,2,"1__lda__late_mean__0.3333333333333333,0.3333333333333333,0.3333333333333333",0.3467097270377862,P13|P19|P2|P21|P24|P27|P30|P35|P36|P43|P46|P48|P8,P12|P18|P22|P26|P34|P40|P44,1,lda,late_mean,"[0.3333333333333333, 0.3333333333333333, 0.3333333333333333]",
arousal,4,2,"1__lda__late_geometric__0.3333333333333333,0.3333333333333333,0.3333333333333333",0.3476127899948077,P13|P19|P2|P21|P24|P27|P30|P35|P36|P43|P46|P48|P8,P12|P18|P22|P26|P34|P40|P44,1,lda,late_geometric,"[0.3333333333333333, 0.3333333333333333, 0.3333333333333333]",
arousal,4,2,"1__lda__late_weighted__0.25,0.25,0.5",0.3467501151278456,P13|P19|P2|P21|P24|P27|P30|P35|P36|P43|P46|P48|P8,P12|P18|P22|P26|P34|P40|P44,1,lda,late_weighted,"[0.25, 0.25, 0.5]",
arousal,4,2,"1__lda__late_weighted__0.25,0.5,0.25",0.346698379966531,P13|P19|P2|P21|P24|P27|P30|P35|P36|P43|P46|P48|P8,P12|P18|P22|P26|P34|P40|P44,1,lda,late_weighted,"[0.25, 0.5, 0.25]",
arousal,4,2,"1__lda__late_weighted__0.5,0.25,0.25",0.3415338711415402,P13|P19|P2|P21|P24|P27|P30|P35|P36|P43|P46|P48|P8,P12|P18|P22|P26|P34|P40|P44,1,lda,late_weighted,"[0.5, 0.25, 0.25]",
arousal,4,2,"1__lda__unimodal__1.0,0.0,0.0",0.3375017190321377,P13|P19|P2|P21|P24|P27|P30|P35|P36|P43|P46|P48|P8,P12|P18|P22|P26|P34|P40|P44,1,lda,unimodal,"[1.0, 0.0, 0.0]",Pupil
arousal,4,2,"1__lda__unimodal__0.0,1.0,0.0",0.3281303355908715,P13|P19|P2|P21|P24|P27|P30|P35|P36|P43|P46|P48|P8,P12|P18|P22|P26|P34|P40|P44,1,lda,unimodal,"[0.0, 1.0, 0.0]",Eye
arousal,4,2,"1__lda__unimodal__0.0,0.0,1.0",0.3444712675917211,P13|P19|P2|P21|P24|P27|P30|P35|P36|P43|P46|P48|P8,P12|P18|P22|P26|P34|P40|P44,1,lda,unimodal,"[0.0, 0.0, 1.0]",EEG
arousal,4,2,1__extra_trees__early__,0.3413868448880022,P13|P19|P2|P21|P24|P27|P30|P35|P36|P43|P46|P48|P8,P12|P18|P22|P26|P34|P40|P44,1,extra_trees,early,,
arousal,4,2,"1__extra_trees__late_mean__0.3333333333333333,0.3333333333333333,0.3333333333333333",0.333180947404023,P13|P19|P2|P21|P24|P27|P30|P35|P36|P43|P46|P48|P8,P12|P18|P22|P26|P34|P40|P44,1,extra_trees,late_mean,"[0.3333333333333333, 0.3333333333333333, 0.3333333333333333]",
arousal,4,2,"1__extra_trees__late_geometric__0.3333333333333333,0.3333333333333333,0.3333333333333333",0.3323730214373094,P13|P19|P2|P21|P24|P27|P30|P35|P36|P43|P46|P48|P8,P12|P18|P22|P26|P34|P40|P44,1,extra_trees,late_geometric,"[0.3333333333333333, 0.3333333333333333, 0.3333333333333333]",
arousal,4,2,"1__extra_trees__late_weighted__0.25,0.25,0.5",0.3385962979235285,P13|P19|P2|P21|P24|P27|P30|P35|P36|P43|P46|P48|P8,P12|P18|P22|P26|P34|P40|P44,1,extra_trees,late_weighted,"[0.25, 0.25, 0.5]",
arousal,4,2,"1__extra_trees__late_weighted__0.25,0.5,0.25",0.3325422954893758,P13|P19|P2|P21|P24|P27|P30|P35|P36|P43|P46|P48|P8,P12|P18|P22|P26|P34|P40|P44,1,extra_trees,late_weighted,"[0.25, 0.5, 0.25]",
arousal,4,2,"1__extra_trees__late_weighted__0.5,0.25,0.25",0.3383471099574259,P13|P19|P2|P21|P24|P27|P30|P35|P36|P43|P46|P48|P8,P12|P18|P22|P26|P34|P40|P44,1,extra_trees,late_weighted,"[0.5, 0.25, 0.25]",
arousal,4,2,"1__extra_trees__unimodal__1.0,0.0,0.0",0.3340785727012682,P13|P19|P2|P21|P24|P27|P30|P35|P36|P43|P46|P48|P8,P12|P18|P22|P26|P34|P40|P44,1,extra_trees,unimodal,"[1.0, 0.0, 0.0]",Pupil
arousal,4,2,"1__extra_trees__unimodal__0.0,1.0,0.0",0.3241618083242125,P13|P19|P2|P21|P24|P27|P30|P35|P36|P43|P46|P48|P8,P12|P18|P22|P26|P34|P40|P44,1,extra_trees,unimodal,"[0.0, 1.0, 0.0]",Eye
arousal,4,2,"1__extra_trees__unimodal__0.0,0.0,1.0",0.3428432885863267,P13|P19|P2|P21|P24|P27|P30|P35|P36|P43|P46|P48|P8,P12|P18|P22|P26|P34|P40|P44,1,extra_trees,unimodal,"[0.0, 0.0, 1.0]",EEG
arousal,4,2,8__logistic__early__,0.3498504547542717,P13|P19|P2|P21|P24|P27|P30|P35|P36|P43|P46|P48|P8,P12|P18|P22|P26|P34|P40|P44,8,logistic,early,,
arousal,4,2,"8__logistic__late_mean__0.3333333333333333,0.3333333333333333,0.3333333333333333",0.3491062846016996,P13|P19|P2|P21|P24|P27|P30|P35|P36|P43|P46|P48|P8,P12|P18|P22|P26|P34|P40|P44,8,logistic,late_mean,"[0.3333333333333333, 0.3333333333333333, 0.3333333333333333]",
arousal,4,2,"8__logistic__late_geometric__0.3333333333333333,0.3333333333333333,0.3333333333333333",0.3513147011022012,P13|P19|P2|P21|P24|P27|P30|P35|P36|P43|P46|P48|P8,P12|P18|P22|P26|P34|P40|P44,8,logistic,late_geometric,"[0.3333333333333333, 0.3333333333333333, 0.3333333333333333]",
arousal,4,2,"8__logistic__late_weighted__0.25,0.25,0.5",0.3518340827913342,P13|P19|P2|P21|P24|P27|P30|P35|P36|P43|P46|P48|P8,P12|P18|P22|P26|P34|P40|P44,8,logistic,late_weighted,"[0.25, 0.25, 0.5]",
arousal,4,2,"8__logistic__late_weighted__0.25,0.5,0.25",0.3403605406793013,P13|P19|P2|P21|P24|P27|P30|P35|P36|P43|P46|P48|P8,P12|P18|P22|P26|P34|P40|P44,8,logistic,late_weighted,"[0.25, 0.5, 0.25]",
arousal,4,2,"8__logistic__late_weighted__0.5,0.25,0.25",0.3562726239265649,P13|P19|P2|P21|P24|P27|P30|P35|P36|P43|P46|P48|P8,P12|P18|P22|P26|P34|P40|P44,8,logistic,late_weighted,"[0.5, 0.25, 0.25]",
arousal,4,2,"8__logistic__unimodal__1.0,0.0,0.0",0.3564234500920396,P13|P19|P2|P21|P24|P27|P30|P35|P36|P43|P46|P48|P8,P12|P18|P22|P26|P34|P40|P44,8,logistic,unimodal,"[1.0, 0.0, 0.0]",Pupil
arousal,4,2,"8__logistic__unimodal__0.0,1.0,0.0",0.3249218612231114,P13|P19|P2|P21|P24|P27|P30|P35|P36|P43|P46|P48|P8,P12|P18|P22|P26|P34|P40|P44,8,logistic,unimodal,"[0.0, 1.0, 0.0]",Eye
arousal,4,2,"8__logistic__unimodal__0.0,0.0,1.0",0.3695593558133758,P13|P19|P2|P21|P24|P27|P30|P35|P36|P43|P46|P48|P8,P12|P18|P22|P26|P34|P40|P44,8,logistic,unimodal,"[0.0, 0.0, 1.0]",EEG
arousal,4,2,8__lda__early__,0.3555882143160835,P13|P19|P2|P21|P24|P27|P30|P35|P36|P43|P46|P48|P8,P12|P18|P22|P26|P34|P40|P44,8,lda,early,,
arousal,4,2,"8__lda__late_mean__0.3333333333333333,0.3333333333333333,0.3333333333333333",0.3600357325884519,P13|P19|P2|P21|P24|P27|P30|P35|P36|P43|P46|P48|P8,P12|P18|P22|P26|P34|P40|P44,8,lda,late_mean,"[0.3333333333333333, 0.3333333333333333, 0.3333333333333333]",
arousal,4,2,"8__lda__late_geometric__0.3333333333333333,0.3333333333333333,0.3333333333333333",0.3583608115302671,P13|P19|P2|P21|P24|P27|P30|P35|P36|P43|P46|P48|P8,P12|P18|P22|P26|P34|P40|P44,8,lda,late_geometric,"[0.3333333333333333, 0.3333333333333333, 0.3333333333333333]",
arousal,4,2,"8__lda__late_weighted__0.25,0.25,0.5",0.3587707321864452,P13|P19|P2|P21|P24|P27|P30|P35|P36|P43|P46|P48|P8,P12|P18|P22|P26|P34|P40|P44,8,lda,late_weighted,"[0.25, 0.25, 0.5]",
arousal,4,2,"8__lda__late_weighted__0.25,0.5,0.25",0.3460747267901287,P13|P19|P2|P21|P24|P27|P30|P35|P36|P43|P46|P48|P8,P12|P18|P22|P26|P34|P40|P44,8,lda,late_weighted,"[0.25, 0.5, 0.25]",
arousal,4,2,"8__lda__late_weighted__0.5,0.25,0.25",0.3522811994047293,P13|P19|P2|P21|P24|P27|P30|P35|P36|P43|P46|P48|P8,P12|P18|P22|P26|P34|P40|P44,8,lda,late_weighted,"[0.5, 0.25, 0.25]",
arousal,4,2,"8__lda__unimodal__1.0,0.0,0.0",0.3551966162274348,P13|P19|P2|P21|P24|P27|P30|P35|P36|P43|P46|P48|P8,P12|P18|P22|P26|P34|P40|P44,8,lda,unimodal,"[1.0, 0.0, 0.0]",Pupil
arousal,4,2,"8__lda__unimodal__0.0,1.0,0.0",0.3374116371919791,P13|P19|P2|P21|P24|P27|P30|P35|P36|P43|P46|P48|P8,P12|P18|P22|P26|P34|P40|P44,8,lda,unimodal,"[0.0, 1.0, 0.0]",Eye
arousal,4,2,"8__lda__unimodal__0.0,0.0,1.0",0.3592446768135384,P13|P19|P2|P21|P24|P27|P30|P35|P36|P43|P46|P48|P8,P12|P18|P22|P26|P34|P40|P44,8,lda,unimodal,"[0.0, 0.0, 1.0]",EEG
arousal,4,2,8__extra_trees__early__,0.3403984415424581,P13|P19|P2|P21|P24|P27|P30|P35|P36|P43|P46|P48|P8,P12|P18|P22|P26|P34|P40|P44,8,extra_trees,early,,
arousal,4,2,"8__extra_trees__late_mean__0.3333333333333333,0.3333333333333333,0.3333333333333333",0.3356484704594326,P13|P19|P2|P21|P24|P27|P30|P35|P36|P43|P46|P48|P8,P12|P18|P22|P26|P34|P40|P44,8,extra_trees,late_mean,"[0.3333333333333333, 0.3333333333333333, 0.3333333333333333]",
arousal,4,2,"8__extra_trees__late_geometric__0.3333333333333333,0.3333333333333333,0.3333333333333333",0.3388836400999193,P13|P19|P2|P21|P24|P27|P30|P35|P36|P43|P46|P48|P8,P12|P18|P22|P26|P34|P40|P44,8,extra_trees,late_geometric,"[0.3333333333333333, 0.3333333333333333, 0.3333333333333333]",
arousal,4,2,"8__extra_trees__late_weighted__0.25,0.25,0.5",0.3335898264026148,P13|P19|P2|P21|P24|P27|P30|P35|P36|P43|P46|P48|P8,P12|P18|P22|P26|P34|P40|P44,8,extra_trees,late_weighted,"[0.25, 0.25, 0.5]",
arousal,4,2,"8__extra_trees__late_weighted__0.25,0.5,0.25",0.334667327455655,P13|P19|P2|P21|P24|P27|P30|P35|P36|P43|P46|P48|P8,P12|P18|P22|P26|P34|P40|P44,8,extra_trees,late_weighted,"[0.25, 0.5, 0.25]",
arousal,4,2,"8__extra_trees__late_weighted__0.5,0.25,0.25",0.3517559279603849,P13|P19|P2|P21|P24|P27|P30|P35|P36|P43|P46|P48|P8,P12|P18|P22|P26|P34|P40|P44,8,extra_trees,late_weighted,"[0.5, 0.25, 0.25]",
arousal,4,2,"8__extra_trees__unimodal__1.0,0.0,0.0",0.3311928411728597,P13|P19|P2|P21|P24|P27|P30|P35|P36|P43|P46|P48|P8,P12|P18|P22|P26|P34|P40|P44,8,extra_trees,unimodal,"[1.0, 0.0, 0.0]",Pupil
arousal,4,2,"8__extra_trees__unimodal__0.0,1.0,0.0",0.32180765859253,P13|P19|P2|P21|P24|P27|P30|P35|P36|P43|P46|P48|P8,P12|P18|P22|P26|P34|P40|P44,8,extra_trees,unimodal,"[0.0, 1.0, 0.0]",Eye
arousal,4,2,"8__extra_trees__unimodal__0.0,0.0,1.0",0.3349856294043601,P13|P19|P2|P21|P24|P27|P30|P35|P36|P43|P46|P48|P8,P12|P18|P22|P26|P34|P40|P44,8,extra_trees,unimodal,"[0.0, 0.0, 1.0]",EEG
arousal,4,3,1__logistic__early__,0.2975704316338077,P12|P18|P19|P21|P22|P26|P27|P30|P34|P40|P43|P44|P48|P8,P13|P2|P24|P35|P36|P46,1,logistic,early,,
arousal,4,3,"1__logistic__late_mean__0.3333333333333333,0.3333333333333333,0.3333333333333333",0.2918011567603222,P12|P18|P19|P21|P22|P26|P27|P30|P34|P40|P43|P44|P48|P8,P13|P2|P24|P35|P36|P46,1,logistic,late_mean,"[0.3333333333333333, 0.3333333333333333, 0.3333333333333333]",
arousal,4,3,"1__logistic__late_geometric__0.3333333333333333,0.3333333333333333,0.3333333333333333",0.2938519599556937,P12|P18|P19|P21|P22|P26|P27|P30|P34|P40|P43|P44|P48|P8,P13|P2|P24|P35|P36|P46,1,logistic,late_geometric,"[0.3333333333333333, 0.3333333333333333, 0.3333333333333333]",
arousal,4,3,"1__logistic__late_weighted__0.25,0.25,0.5",0.2959340062873434,P12|P18|P19|P21|P22|P26|P27|P30|P34|P40|P43|P44|P48|P8,P13|P2|P24|P35|P36|P46,1,logistic,late_weighted,"[0.25, 0.25, 0.5]",
arousal,4,3,"1__logistic__late_weighted__0.25,0.5,0.25",0.2969688578957545,P12|P18|P19|P21|P22|P26|P27|P30|P34|P40|P43|P44|P48|P8,P13|P2|P24|P35|P36|P46,1,logistic,late_weighted,"[0.25, 0.5, 0.25]",
arousal,4,3,"1__logistic__late_weighted__0.5,0.25,0.25",0.2963152861818641,P12|P18|P19|P21|P22|P26|P27|P30|P34|P40|P43|P44|P48|P8,P13|P2|P24|P35|P36|P46,1,logistic,late_weighted,"[0.5, 0.25, 0.25]",
arousal,4,3,"1__logistic__unimodal__1.0,0.0,0.0",0.3326187941098906,P12|P18|P19|P21|P22|P26|P27|P30|P34|P40|P43|P44|P48|P8,P13|P2|P24|P35|P36|P46,1,logistic,unimodal,"[1.0, 0.0, 0.0]",Pupil
arousal,4,3,"1__logistic__unimodal__0.0,1.0,0.0",0.283796180563178,P12|P18|P19|P21|P22|P26|P27|P30|P34|P40|P43|P44|P48|P8,P13|P2|P24|P35|P36|P46,1,logistic,unimodal,"[0.0, 1.0, 0.0]",Eye
arousal,4,3,"1__logistic__unimodal__0.0,0.0,1.0",0.3110896336775259,P12|P18|P19|P21|P22|P26|P27|P30|P34|P40|P43|P44|P48|P8,P13|P2|P24|P35|P36|P46,1,logistic,unimodal,"[0.0, 0.0, 1.0]",EEG
arousal,4,3,1__lda__early__,0.3008723030054923,P12|P18|P19|P21|P22|P26|P27|P30|P34|P40|P43|P44|P48|P8,P13|P2|P24|P35|P36|P46,1,lda,early,,
arousal,4,3,"1__lda__late_mean__0.3333333333333333,0.3333333333333333,0.3333333333333333",0.2971972538330478,P12|P18|P19|P21|P22|P26|P27|P30|P34|P40|P43|P44|P48|P8,P13|P2|P24|P35|P36|P46,1,lda,late_mean,"[0.3333333333333333, 0.3333333333333333, 0.3333333333333333]",
arousal,4,3,"1__lda__late_geometric__0.3333333333333333,0.3333333333333333,0.3333333333333333",0.2966182232586051,P12|P18|P19|P21|P22|P26|P27|P30|P34|P40|P43|P44|P48|P8,P13|P2|P24|P35|P36|P46,1,lda,late_geometric,"[0.3333333333333333, 0.3333333333333333, 0.3333333333333333]",
arousal,4,3,"1__lda__late_weighted__0.25,0.25,0.5",0.3001520683827757,P12|P18|P19|P21|P22|P26|P27|P30|P34|P40|P43|P44|P48|P8,P13|P2|P24|P35|P36|P46,1,lda,late_weighted,"[0.25, 0.25, 0.5]",
arousal,4,3,"1__lda__late_weighted__0.25,0.5,0.25",0.2973566241486707,P12|P18|P19|P21|P22|P26|P27|P30|P34|P40|P43|P44|P48|P8,P13|P2|P24|P35|P36|P46,1,lda,late_weighted,"[0.25, 0.5, 0.25]",
arousal,4,3,"1__lda__late_weighted__0.5,0.25,0.25",0.3009110492624737,P12|P18|P19|P21|P22|P26|P27|P30|P34|P40|P43|P44|P48|P8,P13|P2|P24|P35|P36|P46,1,lda,late_weighted,"[0.5, 0.25, 0.25]",
arousal,4,3,"1__lda__unimodal__1.0,0.0,0.0",0.3318103644998746,P12|P18|P19|P21|P22|P26|P27|P30|P34|P40|P43|P44|P48|P8,P13|P2|P24|P35|P36|P46,1,lda,unimodal,"[1.0, 0.0, 0.0]",Pupil
arousal,4,3,"1__lda__unimodal__0.0,1.0,0.0",0.2983165893079831,P12|P18|P19|P21|P22|P26|P27|P30|P34|P40|P43|P44|P48|P8,P13|P2|P24|P35|P36|P46,1,lda,unimodal,"[0.0, 1.0, 0.0]",Eye
arousal,4,3,"1__lda__unimodal__0.0,0.0,1.0",0.3100746749164745,P12|P18|P19|P21|P22|P26|P27|P30|P34|P40|P43|P44|P48|P8,P13|P2|P24|P35|P36|P46,1,lda,unimodal,"[0.0, 0.0, 1.0]",EEG
arousal,4,3,1__extra_trees__early__,0.312462147126265,P12|P18|P19|P21|P22|P26|P27|P30|P34|P40|P43|P44|P48|P8,P13|P2|P24|P35|P36|P46,1,extra_trees,early,,
arousal,4,3,"1__extra_trees__late_mean__0.3333333333333333,0.3333333333333333,0.3333333333333333",0.2998376944194156,P12|P18|P19|P21|P22|P26|P27|P30|P34|P40|P43|P44|P48|P8,P13|P2|P24|P35|P36|P46,1,extra_trees,late_mean,"[0.3333333333333333, 0.3333333333333333, 0.3333333333333333]",
arousal,4,3,"1__extra_trees__late_geometric__0.3333333333333333,0.3333333333333333,0.3333333333333333",0.3000850812246372,P12|P18|P19|P21|P22|P26|P27|P30|P34|P40|P43|P44|P48|P8,P13|P2|P24|P35|P36|P46,1,extra_trees,late_geometric,"[0.3333333333333333, 0.3333333333333333, 0.3333333333333333]",
arousal,4,3,"1__extra_trees__late_weighted__0.25,0.25,0.5",0.2954842845409373,P12|P18|P19|P21|P22|P26|P27|P30|P34|P40|P43|P44|P48|P8,P13|P2|P24|P35|P36|P46,1,extra_trees,late_weighted,"[0.25, 0.25, 0.5]",
arousal,4,3,"1__extra_trees__late_weighted__0.25,0.5,0.25",0.3016490984197222,P12|P18|P19|P21|P22|P26|P27|P30|P34|P40|P43|P44|P48|P8,P13|P2|P24|P35|P36|P46,1,extra_trees,late_weighted,"[0.25, 0.5, 0.25]",
arousal,4,3,"1__extra_trees__late_weighted__0.5,0.25,0.25",0.3068220906746791,P12|P18|P19|P21|P22|P26|P27|P30|P34|P40|P43|P44|P48|P8,P13|P2|P24|P35|P36|P46,1,extra_trees,late_weighted,"[0.5, 0.25, 0.25]",
arousal,4,3,"1__extra_trees__unimodal__1.0,0.0,0.0",0.3451588151049171,P12|P18|P19|P21|P22|P26|P27|P30|P34|P40|P43|P44|P48|P8,P13|P2|P24|P35|P36|P46,1,extra_trees,unimodal,"[1.0, 0.0, 0.0]",Pupil
arousal,4,3,"1__extra_trees__unimodal__0.0,1.0,0.0",0.3212537725386799,P12|P18|P19|P21|P22|P26|P27|P30|P34|P40|P43|P44|P48|P8,P13|P2|P24|P35|P36|P46,1,extra_trees,unimodal,"[0.0, 1.0, 0.0]",Eye
arousal,4,3,"1__extra_trees__unimodal__0.0,0.0,1.0",0.297870882045101,P12|P18|P19|P21|P22|P26|P27|P30|P34|P40|P43|P44|P48|P8,P13|P2|P24|P35|P36|P46,1,extra_trees,unimodal,"[0.0, 0.0, 1.0]",EEG
arousal,4,3,8__logistic__early__,0.3391564180642746,P12|P18|P19|P21|P22|P26|P27|P30|P34|P40|P43|P44|P48|P8,P13|P2|P24|P35|P36|P46,8,logistic,early,,
arousal,4,3,"8__logistic__late_mean__0.3333333333333333,0.3333333333333333,0.3333333333333333",0.3310310495113174,P12|P18|P19|P21|P22|P26|P27|P30|P34|P40|P43|P44|P48|P8,P13|P2|P24|P35|P36|P46,8,logistic,late_mean,"[0.3333333333333333, 0.3333333333333333, 0.3333333333333333]",
arousal,4,3,"8__logistic__late_geometric__0.3333333333333333,0.3333333333333333,0.3333333333333333",0.3297987582725198,P12|P18|P19|P21|P22|P26|P27|P30|P34|P40|P43|P44|P48|P8,P13|P2|P24|P35|P36|P46,8,logistic,late_geometric,"[0.3333333333333333, 0.3333333333333333, 0.3333333333333333]",
arousal,4,3,"8__logistic__late_weighted__0.25,0.25,0.5",0.3331677462782846,P12|P18|P19|P21|P22|P26|P27|P30|P34|P40|P43|P44|P48|P8,P13|P2|P24|P35|P36|P46,8,logistic,late_weighted,"[0.25, 0.25, 0.5]",
arousal,4,3,"8__logistic__late_weighted__0.25,0.5,0.25",0.3173915738831894,P12|P18|P19|P21|P22|P26|P27|P30|P34|P40|P43|P44|P48|P8,P13|P2|P24|P35|P36|P46,8,logistic,late_weighted,"[0.25, 0.5, 0.25]",
arousal,4,3,"8__logistic__late_weighted__0.5,0.25,0.25",0.3433018887085691,P12|P18|P19|P21|P22|P26|P27|P30|P34|P40|P43|P44|P48|P8,P13|P2|P24|P35|P36|P46,8,logistic,late_weighted,"[0.5, 0.25, 0.25]",
arousal,4,3,"8__logistic__unimodal__1.0,0.0,0.0",0.3451259960310626,P12|P18|P19|P21|P22|P26|P27|P30|P34|P40|P43|P44|P48|P8,P13|P2|P24|P35|P36|P46,8,logistic,unimodal,"[1.0, 0.0, 0.0]",Pupil
arousal,4,3,"8__logistic__unimodal__0.0,1.0,0.0",0.2926553786865687,P12|P18|P19|P21|P22|P26|P27|P30|P34|P40|P43|P44|P48|P8,P13|P2|P24|P35|P36|P46,8,logistic,unimodal,"[0.0, 1.0, 0.0]",Eye
arousal,4,3,"8__logistic__unimodal__0.0,0.0,1.0",0.3320765712495237,P12|P18|P19|P21|P22|P26|P27|P30|P34|P40|P43|P44|P48|P8,P13|P2|P24|P35|P36|P46,8,logistic,unimodal,"[0.0, 0.0, 1.0]",EEG
arousal,4,3,8__lda__early__,0.3384879585677358,P12|P18|P19|P21|P22|P26|P27|P30|P34|P40|P43|P44|P48|P8,P13|P2|P24|P35|P36|P46,8,lda,early,,
arousal,4,3,"8__lda__late_mean__0.3333333333333333,0.3333333333333333,0.3333333333333333",0.3267935349939065,P12|P18|P19|P21|P22|P26|P27|P30|P34|P40|P43|P44|P48|P8,P13|P2|P24|P35|P36|P46,8,lda,late_mean,"[0.3333333333333333, 0.3333333333333333, 0.3333333333333333]",
arousal,4,3,"8__lda__late_geometric__0.3333333333333333,0.3333333333333333,0.3333333333333333",0.3325512544489209,P12|P18|P19|P21|P22|P26|P27|P30|P34|P40|P43|P44|P48|P8,P13|P2|P24|P35|P36|P46,8,lda,late_geometric,"[0.3333333333333333, 0.3333333333333333, 0.3333333333333333]",
arousal,4,3,"8__lda__late_weighted__0.25,0.25,0.5",0.3360814375216994,P12|P18|P19|P21|P22|P26|P27|P30|P34|P40|P43|P44|P48|P8,P13|P2|P24|P35|P36|P46,8,lda,late_weighted,"[0.25, 0.25, 0.5]",
arousal,4,3,"8__lda__late_weighted__0.25,0.5,0.25",0.3192909344941907,P12|P18|P19|P21|P22|P26|P27|P30|P34|P40|P43|P44|P48|P8,P13|P2|P24|P35|P36|P46,8,lda,late_weighted,"[0.25, 0.5, 0.25]",
arousal,4,3,"8__lda__late_weighted__0.5,0.25,0.25",0.3390386354539745,P12|P18|P19|P21|P22|P26|P27|P30|P34|P40|P43|P44|P48|P8,P13|P2|P24|P35|P36|P46,8,lda,late_weighted,"[0.5, 0.25, 0.25]",
arousal,4,3,"8__lda__unimodal__1.0,0.0,0.0",0.3436715597153735,P12|P18|P19|P21|P22|P26|P27|P30|P34|P40|P43|P44|P48|P8,P13|P2|P24|P35|P36|P46,8,lda,unimodal,"[1.0, 0.0, 0.0]",Pupil
arousal,4,3,"8__lda__unimodal__0.0,1.0,0.0",0.2920838678540386,P12|P18|P19|P21|P22|P26|P27|P30|P34|P40|P43|P44|P48|P8,P13|P2|P24|P35|P36|P46,8,lda,unimodal,"[0.0, 1.0, 0.0]",Eye
arousal,4,3,"8__lda__unimodal__0.0,0.0,1.0",0.3355405790812333,P12|P18|P19|P21|P22|P26|P27|P30|P34|P40|P43|P44|P48|P8,P13|P2|P24|P35|P36|P46,8,lda,unimodal,"[0.0, 0.0, 1.0]",EEG
arousal,4,3,8__extra_trees__early__,0.2968292984104617,P12|P18|P19|P21|P22|P26|P27|P30|P34|P40|P43|P44|P48|P8,P13|P2|P24|P35|P36|P46,8,extra_trees,early,,
arousal,4,3,"8__extra_trees__late_mean__0.3333333333333333,0.3333333333333333,0.3333333333333333",0.2888042755024483,P12|P18|P19|P21|P22|P26|P27|P30|P34|P40|P43|P44|P48|P8,P13|P2|P24|P35|P36|P46,8,extra_trees,late_mean,"[0.3333333333333333, 0.3333333333333333, 0.3333333333333333]",
arousal,4,3,"8__extra_trees__late_geometric__0.3333333333333333,0.3333333333333333,0.3333333333333333",0.2891396193617349,P12|P18|P19|P21|P22|P26|P27|P30|P34|P40|P43|P44|P48|P8,P13|P2|P24|P35|P36|P46,8,extra_trees,late_geometric,"[0.3333333333333333, 0.3333333333333333, 0.3333333333333333]",
arousal,4,3,"8__extra_trees__late_weighted__0.25,0.25,0.5",0.2939261408528163,P12|P18|P19|P21|P22|P26|P27|P30|P34|P40|P43|P44|P48|P8,P13|P2|P24|P35|P36|P46,8,extra_trees,late_weighted,"[0.25, 0.25, 0.5]",
arousal,4,3,"8__extra_trees__late_weighted__0.25,0.5,0.25",0.29274752473754,P12|P18|P19|P21|P22|P26|P27|P30|P34|P40|P43|P44|P48|P8,P13|P2|P24|P35|P36|P46,8,extra_trees,late_weighted,"[0.25, 0.5, 0.25]",
arousal,4,3,"8__extra_trees__late_weighted__0.5,0.25,0.25",0.3009671254510128,P12|P18|P19|P21|P22|P26|P27|P30|P34|P40|P43|P44|P48|P8,P13|P2|P24|P35|P36|P46,8,extra_trees,late_weighted,"[0.5, 0.25, 0.25]",
arousal,4,3,"8__extra_trees__unimodal__1.0,0.0,0.0",0.3439136923180295,P12|P18|P19|P21|P22|P26|P27|P30|P34|P40|P43|P44|P48|P8,P13|P2|P24|P35|P36|P46,8,extra_trees,unimodal,"[1.0, 0.0, 0.0]",Pupil
arousal,4,3,"8__extra_trees__unimodal__0.0,1.0,0.0",0.304623704978303,P12|P18|P19|P21|P22|P26|P27|P30|P34|P40|P43|P44|P48|P8,P13|P2|P24|P35|P36|P46,8,extra_trees,unimodal,"[0.0, 1.0, 0.0]",Eye
arousal,4,3,"8__extra_trees__unimodal__0.0,0.0,1.0",0.3014797373252257,P12|P18|P19|P21|P22|P26|P27|P30|P34|P40|P43|P44|P48|P8,P13|P2|P24|P35|P36|P46,8,extra_trees,unimodal,"[0.0, 0.0, 1.0]",EEG
arousal,5,1,1__logistic__early__,0.3377246596942623,P12|P18|P2|P24|P27|P33|P35|P36|P4|P43|P48|P8|P9,P19|P20|P22|P3|P30|P40|P46,1,logistic,early,,
arousal,5,1,"1__logistic__late_mean__0.3333333333333333,0.3333333333333333,0.3333333333333333",0.3460464202909091,P12|P18|P2|P24|P27|P33|P35|P36|P4|P43|P48|P8|P9,P19|P20|P22|P3|P30|P40|P46,1,logistic,late_mean,"[0.3333333333333333, 0.3333333333333333, 0.3333333333333333]",
arousal,5,1,"1__logistic__late_geometric__0.3333333333333333,0.3333333333333333,0.3333333333333333",0.345932848034999,P12|P18|P2|P24|P27|P33|P35|P36|P4|P43|P48|P8|P9,P19|P20|P22|P3|P30|P40|P46,1,logistic,late_geometric,"[0.3333333333333333, 0.3333333333333333, 0.3333333333333333]",
arousal,5,1,"1__logistic__late_weighted__0.25,0.25,0.5",0.3461993881594104,P12|P18|P2|P24|P27|P33|P35|P36|P4|P43|P48|P8|P9,P19|P20|P22|P3|P30|P40|P46,1,logistic,late_weighted,"[0.25, 0.25, 0.5]",
arousal,5,1,"1__logistic__late_weighted__0.25,0.5,0.25",0.3324243649457784,P12|P18|P2|P24|P27|P33|P35|P36|P4|P43|P48|P8|P9,P19|P20|P22|P3|P30|P40|P46,1,logistic,late_weighted,"[0.25, 0.5, 0.25]",
arousal,5,1,"1__logistic__late_weighted__0.5,0.25,0.25",0.3450461772459545,P12|P18|P2|P24|P27|P33|P35|P36|P4|P43|P48|P8|P9,P19|P20|P22|P3|P30|P40|P46,1,logistic,late_weighted,"[0.5, 0.25, 0.25]",
arousal,5,1,"1__logistic__unimodal__1.0,0.0,0.0",0.3354474446418907,P12|P18|P2|P24|P27|P33|P35|P36|P4|P43|P48|P8|P9,P19|P20|P22|P3|P30|P40|P46,1,logistic,unimodal,"[1.0, 0.0, 0.0]",Pupil
arousal,5,1,"1__logistic__unimodal__0.0,1.0,0.0",0.3198711385145938,P12|P18|P2|P24|P27|P33|P35|P36|P4|P43|P48|P8|P9,P19|P20|P22|P3|P30|P40|P46,1,logistic,unimodal,"[0.0, 1.0, 0.0]",Eye
arousal,5,1,"1__logistic__unimodal__0.0,0.0,1.0",0.3548277806858974,P12|P18|P2|P24|P27|P33|P35|P36|P4|P43|P48|P8|P9,P19|P20|P22|P3|P30|P40|P46,1,logistic,unimodal,"[0.0, 0.0, 1.0]",EEG
arousal,5,1,1__lda__early__,0.3450072813116521,P12|P18|P2|P24|P27|P33|P35|P36|P4|P43|P48|P8|P9,P19|P20|P22|P3|P30|P40|P46,1,lda,early,,
arousal,5,1,"1__lda__late_mean__0.3333333333333333,0.3333333333333333,0.3333333333333333",0.3473609641681037,P12|P18|P2|P24|P27|P33|P35|P36|P4|P43|P48|P8|P9,P19|P20|P22|P3|P30|P40|P46,1,lda,late_mean,"[0.3333333333333333, 0.3333333333333333, 0.3333333333333333]",
arousal,5,1,"1__lda__late_geometric__0.3333333333333333,0.3333333333333333,0.3333333333333333",0.3461398686742091,P12|P18|P2|P24|P27|P33|P35|P36|P4|P43|P48|P8|P9,P19|P20|P22|P3|P30|P40|P46,1,lda,late_geometric,"[0.3333333333333333, 0.3333333333333333, 0.3333333333333333]",
arousal,5,1,"1__lda__late_weighted__0.25,0.25,0.5",0.3495782297253504,P12|P18|P2|P24|P27|P33|P35|P36|P4|P43|P48|P8|P9,P19|P20|P22|P3|P30|P40|P46,1,lda,late_weighted,"[0.25, 0.25, 0.5]",
arousal,5,1,"1__lda__late_weighted__0.25,0.5,0.25",0.3370488583692985,P12|P18|P2|P24|P27|P33|P35|P36|P4|P43|P48|P8|P9,P19|P20|P22|P3|P30|P40|P46,1,lda,late_weighted,"[0.25, 0.5, 0.25]",
arousal,5,1,"1__lda__late_weighted__0.5,0.25,0.25",0.346930883713567,P12|P18|P2|P24|P27|P33|P35|P36|P4|P43|P48|P8|P9,P19|P20|P22|P3|P30|P40|P46,1,lda,late_weighted,"[0.5, 0.25, 0.25]",
arousal,5,1,"1__lda__unimodal__1.0,0.0,0.0",0.3356547546162859,P12|P18|P2|P24|P27|P33|P35|P36|P4|P43|P48|P8|P9,P19|P20|P22|P3|P30|P40|P46,1,lda,unimodal,"[1.0, 0.0, 0.0]",Pupil
arousal,5,1,"1__lda__unimodal__0.0,1.0,0.0",0.3203169858002636,P12|P18|P2|P24|P27|P33|P35|P36|P4|P43|P48|P8|P9,P19|P20|P22|P3|P30|P40|P46,1,lda,unimodal,"[0.0, 1.0, 0.0]",Eye
arousal,5,1,"1__lda__unimodal__0.0,0.0,1.0",0.3540024668720907,P12|P18|P2|P24|P27|P33|P35|P36|P4|P43|P48|P8|P9,P19|P20|P22|P3|P30|P40|P46,1,lda,unimodal,"[0.0, 0.0, 1.0]",EEG
arousal,5,1,1__extra_trees__early__,0.3399968939004116,P12|P18|P2|P24|P27|P33|P35|P36|P4|P43|P48|P8|P9,P19|P20|P22|P3|P30|P40|P46,1,extra_trees,early,,
arousal,5,1,"1__extra_trees__late_mean__0.3333333333333333,0.3333333333333333,0.3333333333333333",0.356315425456442,P12|P18|P2|P24|P27|P33|P35|P36|P4|P43|P48|P8|P9,P19|P20|P22|P3|P30|P40|P46,1,extra_trees,late_mean,"[0.3333333333333333, 0.3333333333333333, 0.3333333333333333]",
arousal,5,1,"1__extra_trees__late_geometric__0.3333333333333333,0.3333333333333333,0.3333333333333333",0.3546150411553884,P12|P18|P2|P24|P27|P33|P35|P36|P4|P43|P48|P8|P9,P19|P20|P22|P3|P30|P40|P46,1,extra_trees,late_geometric,"[0.3333333333333333, 0.3333333333333333, 0.3333333333333333]",
arousal,5,1,"1__extra_trees__late_weighted__0.25,0.25,0.5",0.356080920505414,P12|P18|P2|P24|P27|P33|P35|P36|P4|P43|P48|P8|P9,P19|P20|P22|P3|P30|P40|P46,1,extra_trees,late_weighted,"[0.25, 0.25, 0.5]",
arousal,5,1,"1__extra_trees__late_weighted__0.25,0.5,0.25",0.3462001993774128,P12|P18|P2|P24|P27|P33|P35|P36|P4|P43|P48|P8|P9,P19|P20|P22|P3|P30|P40|P46,1,extra_trees,late_weighted,"[0.25, 0.5, 0.25]",
arousal,5,1,"1__extra_trees__late_weighted__0.5,0.25,0.25",0.3565464752005615,P12|P18|P2|P24|P27|P33|P35|P36|P4|P43|P48|P8|P9,P19|P20|P22|P3|P30|P40|P46,1,extra_trees,late_weighted,"[0.5, 0.25, 0.25]",
arousal,5,1,"1__extra_trees__unimodal__1.0,0.0,0.0",0.3210704483059488,P12|P18|P2|P24|P27|P33|P35|P36|P4|P43|P48|P8|P9,P19|P20|P22|P3|P30|P40|P46,1,extra_trees,unimodal,"[1.0, 0.0, 0.0]",Pupil
arousal,5,1,"1__extra_trees__unimodal__0.0,1.0,0.0",0.3298833974716496,P12|P18|P2|P24|P27|P33|P35|P36|P4|P43|P48|P8|P9,P19|P20|P22|P3|P30|P40|P46,1,extra_trees,unimodal,"[0.0, 1.0, 0.0]",Eye
arousal,5,1,"1__extra_trees__unimodal__0.0,0.0,1.0",0.350313731126827,P12|P18|P2|P24|P27|P33|P35|P36|P4|P43|P48|P8|P9,P19|P20|P22|P3|P30|P40|P46,1,extra_trees,unimodal,"[0.0, 0.0, 1.0]",EEG
arousal,5,1,8__logistic__early__,0.3331169756346743,P12|P18|P2|P24|P27|P33|P35|P36|P4|P43|P48|P8|P9,P19|P20|P22|P3|P30|P40|P46,8,logistic,early,,
arousal,5,1,"8__logistic__late_mean__0.3333333333333333,0.3333333333333333,0.3333333333333333",0.3374789057132281,P12|P18|P2|P24|P27|P33|P35|P36|P4|P43|P48|P8|P9,P19|P20|P22|P3|P30|P40|P46,8,logistic,late_mean,"[0.3333333333333333, 0.3333333333333333, 0.3333333333333333]",
arousal,5,1,"8__logistic__late_geometric__0.3333333333333333,0.3333333333333333,0.3333333333333333",0.3333417070114569,P12|P18|P2|P24|P27|P33|P35|P36|P4|P43|P48|P8|P9,P19|P20|P22|P3|P30|P40|P46,8,logistic,late_geometric,"[0.3333333333333333, 0.3333333333333333, 0.3333333333333333]",
arousal,5,1,"8__logistic__late_weighted__0.25,0.25,0.5",0.3287988409403118,P12|P18|P2|P24|P27|P33|P35|P36|P4|P43|P48|P8|P9,P19|P20|P22|P3|P30|P40|P46,8,logistic,late_weighted,"[0.25, 0.25, 0.5]",
arousal,5,1,"8__logistic__late_weighted__0.25,0.5,0.25",0.3378480787612994,P12|P18|P2|P24|P27|P33|P35|P36|P4|P43|P48|P8|P9,P19|P20|P22|P3|P30|P40|P46,8,logistic,late_weighted,"[0.25, 0.5, 0.25]",
arousal,5,1,"8__logistic__late_weighted__0.5,0.25,0.25",0.3395559100774248,P12|P18|P2|P24|P27|P33|P35|P36|P4|P43|P48|P8|P9,P19|P20|P22|P3|P30|P40|P46,8,logistic,late_weighted,"[0.5, 0.25, 0.25]",
arousal,5,1,"8__logistic__unimodal__1.0,0.0,0.0",0.349740468892799,P12|P18|P2|P24|P27|P33|P35|P36|P4|P43|P48|P8|P9,P19|P20|P22|P3|P30|P40|P46,8,logistic,unimodal,"[1.0, 0.0, 0.0]",Pupil
arousal,5,1,"8__logistic__unimodal__0.0,1.0,0.0",0.3313900375222226,P12|P18|P2|P24|P27|P33|P35|P36|P4|P43|P48|P8|P9,P19|P20|P22|P3|P30|P40|P46,8,logistic,unimodal,"[0.0, 1.0, 0.0]",Eye
arousal,5,1,"8__logistic__unimodal__0.0,0.0,1.0",0.344360846012082,P12|P18|P2|P24|P27|P33|P35|P36|P4|P43|P48|P8|P9,P19|P20|P22|P3|P30|P40|P46,8,logistic,unimodal,"[0.0, 0.0, 1.0]",EEG
arousal,5,1,8__lda__early__,0.3477927954882983,P12|P18|P2|P24|P27|P33|P35|P36|P4|P43|P48|P8|P9,P19|P20|P22|P3|P30|P40|P46,8,lda,early,,
arousal,5,1,"8__lda__late_mean__0.3333333333333333,0.3333333333333333,0.3333333333333333",0.340507739089142,P12|P18|P2|P24|P27|P33|P35|P36|P4|P43|P48|P8|P9,P19|P20|P22|P3|P30|P40|P46,8,lda,late_mean,"[0.3333333333333333, 0.3333333333333333, 0.3333333333333333]",
arousal,5,1,"8__lda__late_geometric__0.3333333333333333,0.3333333333333333,0.3333333333333333",0.3369129116029991,P12|P18|P2|P24|P27|P33|P35|P36|P4|P43|P48|P8|P9,P19|P20|P22|P3|P30|P40|P46,8,lda,late_geometric,"[0.3333333333333333, 0.3333333333333333, 0.3333333333333333]",
arousal,5,1,"8__lda__late_weighted__0.25,0.25,0.5",0.3354751352575045,P12|P18|P2|P24|P27|P33|P35|P36|P4|P43|P48|P8|P9,P19|P20|P22|P3|P30|P40|P46,8,lda,late_weighted,"[0.25, 0.25, 0.5]",
arousal,5,1,"8__lda__late_weighted__0.25,0.5,0.25",0.346474124899827,P12|P18|P2|P24|P27|P33|P35|P36|P4|P43|P48|P8|P9,P19|P20|P22|P3|P30|P40|P46,8,lda,late_weighted,"[0.25, 0.5, 0.25]",
arousal,5,1,"8__lda__late_weighted__0.5,0.25,0.25",0.3437005285007904,P12|P18|P2|P24|P27|P33|P35|P36|P4|P43|P48|P8|P9,P19|P20|P22|P3|P30|P40|P46,8,lda,late_weighted,"[0.5, 0.25, 0.25]",
arousal,5,1,"8__lda__unimodal__1.0,0.0,0.0",0.3513042378719545,P12|P18|P2|P24|P27|P33|P35|P36|P4|P43|P48|P8|P9,P19|P20|P22|P3|P30|P40|P46,8,lda,unimodal,"[1.0, 0.0, 0.0]",Pupil
arousal,5,1,"8__lda__unimodal__0.0,1.0,0.0",0.3329271791221155,P12|P18|P2|P24|P27|P33|P35|P36|P4|P43|P48|P8|P9,P19|P20|P22|P3|P30|P40|P46,8,lda,unimodal,"[0.0, 1.0, 0.0]",Eye
arousal,5,1,"8__lda__unimodal__0.0,0.0,1.0",0.3380468047893653,P12|P18|P2|P24|P27|P33|P35|P36|P4|P43|P48|P8|P9,P19|P20|P22|P3|P30|P40|P46,8,lda,unimodal,"[0.0, 0.0, 1.0]",EEG
arousal,5,1,8__extra_trees__early__,0.3468692887751273,P12|P18|P2|P24|P27|P33|P35|P36|P4|P43|P48|P8|P9,P19|P20|P22|P3|P30|P40|P46,8,extra_trees,early,,
arousal,5,1,"8__extra_trees__late_mean__0.3333333333333333,0.3333333333333333,0.3333333333333333",0.3528006948071262,P12|P18|P2|P24|P27|P33|P35|P36|P4|P43|P48|P8|P9,P19|P20|P22|P3|P30|P40|P46,8,extra_trees,late_mean,"[0.3333333333333333, 0.3333333333333333, 0.3333333333333333]",
arousal,5,1,"8__extra_trees__late_geometric__0.3333333333333333,0.3333333333333333,0.3333333333333333",0.352721582631794,P12|P18|P2|P24|P27|P33|P35|P36|P4|P43|P48|P8|P9,P19|P20|P22|P3|P30|P40|P46,8,extra_trees,late_geometric,"[0.3333333333333333, 0.3333333333333333, 0.3333333333333333]",
arousal,5,1,"8__extra_trees__late_weighted__0.25,0.25,0.5",0.3534430294119234,P12|P18|P2|P24|P27|P33|P35|P36|P4|P43|P48|P8|P9,P19|P20|P22|P3|P30|P40|P46,8,extra_trees,late_weighted,"[0.25, 0.25, 0.5]",
arousal,5,1,"8__extra_trees__late_weighted__0.25,0.5,0.25",0.3582370406668346,P12|P18|P2|P24|P27|P33|P35|P36|P4|P43|P48|P8|P9,P19|P20|P22|P3|P30|P40|P46,8,extra_trees,late_weighted,"[0.25, 0.5, 0.25]",
arousal,5,1,"8__extra_trees__late_weighted__0.5,0.25,0.25",0.3484538156374625,P12|P18|P2|P24|P27|P33|P35|P36|P4|P43|P48|P8|P9,P19|P20|P22|P3|P30|P40|P46,8,extra_trees,late_weighted,"[0.5, 0.25, 0.25]",
arousal,5,1,"8__extra_trees__unimodal__1.0,0.0,0.0",0.3446578225428528,P12|P18|P2|P24|P27|P33|P35|P36|P4|P43|P48|P8|P9,P19|P20|P22|P3|P30|P40|P46,8,extra_trees,unimodal,"[1.0, 0.0, 0.0]",Pupil
arousal,5,1,"8__extra_trees__unimodal__0.0,1.0,0.0",0.3527586560461795,P12|P18|P2|P24|P27|P33|P35|P36|P4|P43|P48|P8|P9,P19|P20|P22|P3|P30|P40|P46,8,extra_trees,unimodal,"[0.0, 1.0, 0.0]",Eye
arousal,5,1,"8__extra_trees__unimodal__0.0,0.0,1.0",0.3541366320607423,P12|P18|P2|P24|P27|P33|P35|P36|P4|P43|P48|P8|P9,P19|P20|P22|P3|P30|P40|P46,8,extra_trees,unimodal,"[0.0, 0.0, 1.0]",EEG
arousal,5,2,1__logistic__early__,0.3361354142174861,P18|P19|P2|P20|P22|P24|P27|P3|P30|P36|P40|P46|P9,P12|P33|P35|P4|P43|P48|P8,1,logistic,early,,
arousal,5,2,"1__logistic__late_mean__0.3333333333333333,0.3333333333333333,0.3333333333333333",0.3411995306074047,P18|P19|P2|P20|P22|P24|P27|P3|P30|P36|P40|P46|P9,P12|P33|P35|P4|P43|P48|P8,1,logistic,late_mean,"[0.3333333333333333, 0.3333333333333333, 0.3333333333333333]",
arousal,5,2,"1__logistic__late_geometric__0.3333333333333333,0.3333333333333333,0.3333333333333333",0.3379660262625822,P18|P19|P2|P20|P22|P24|P27|P3|P30|P36|P40|P46|P9,P12|P33|P35|P4|P43|P48|P8,1,logistic,late_geometric,"[0.3333333333333333, 0.3333333333333333, 0.3333333333333333]",
arousal,5,2,"1__logistic__late_weighted__0.25,0.25,0.5",0.3367224671622356,P18|P19|P2|P20|P22|P24|P27|P3|P30|P36|P40|P46|P9,P12|P33|P35|P4|P43|P48|P8,1,logistic,late_weighted,"[0.25, 0.25, 0.5]",
arousal,5,2,"1__logistic__late_weighted__0.25,0.5,0.25",0.3313967903836861,P18|P19|P2|P20|P22|P24|P27|P3|P30|P36|P40|P46|P9,P12|P33|P35|P4|P43|P48|P8,1,logistic,late_weighted,"[0.25, 0.5, 0.25]",
arousal,5,2,"1__logistic__late_weighted__0.5,0.25,0.25",0.3302516725061832,P18|P19|P2|P20|P22|P24|P27|P3|P30|P36|P40|P46|P9,P12|P33|P35|P4|P43|P48|P8,1,logistic,late_weighted,"[0.5, 0.25, 0.25]",
arousal,5,2,"1__logistic__unimodal__1.0,0.0,0.0",0.3342414832314294,P18|P19|P2|P20|P22|P24|P27|P3|P30|P36|P40|P46|P9,P12|P33|P35|P4|P43|P48|P8,1,logistic,unimodal,"[1.0, 0.0, 0.0]",Pupil
arousal,5,2,"1__logistic__unimodal__0.0,1.0,0.0",0.3309650339833546,P18|P19|P2|P20|P22|P24|P27|P3|P30|P36|P40|P46|P9,P12|P33|P35|P4|P43|P48|P8,1,logistic,unimodal,"[0.0, 1.0, 0.0]",Eye
arousal,5,2,"1__logistic__unimodal__0.0,0.0,1.0",0.3467231449358455,P18|P19|P2|P20|P22|P24|P27|P3|P30|P36|P40|P46|P9,P12|P33|P35|P4|P43|P48|P8,1,logistic,unimodal,"[0.0, 0.0, 1.0]",EEG
arousal,5,2,1__lda__early__,0.3451700309512854,P18|P19|P2|P20|P22|P24|P27|P3|P30|P36|P40|P46|P9,P12|P33|P35|P4|P43|P48|P8,1,lda,early,,
arousal,5,2,"1__lda__late_mean__0.3333333333333333,0.3333333333333333,0.3333333333333333",0.3414679410053625,P18|P19|P2|P20|P22|P24|P27|P3|P30|P36|P40|P46|P9,P12|P33|P35|P4|P43|P48|P8,1,lda,late_mean,"[0.3333333333333333, 0.3333333333333333, 0.3333333333333333]",
arousal,5,2,"1__lda__late_geometric__0.3333333333333333,0.3333333333333333,0.3333333333333333",0.3386589589260019,P18|P19|P2|P20|P22|P24|P27|P3|P30|P36|P40|P46|P9,P12|P33|P35|P4|P43|P48|P8,1,lda,late_geometric,"[0.3333333333333333, 0.3333333333333333, 0.3333333333333333]",
arousal,5,2,"1__lda__late_weighted__0.25,0.25,0.5",0.3421727783986905,P18|P19|P2|P20|P22|P24|P27|P3|P30|P36|P40|P46|P9,P12|P33|P35|P4|P43|P48|P8,1,lda,late_weighted,"[0.25, 0.25, 0.5]",
arousal,5,2,"1__lda__late_weighted__0.25,0.5,0.25",0.3406310561834197,P18|P19|P2|P20|P22|P24|P27|P3|P30|P36|P40|P46|P9,P12|P33|P35|P4|P43|P48|P8,1,lda,late_weighted,"[0.25, 0.5, 0.25]",
arousal,5,2,"1__lda__late_weighted__0.5,0.25,0.25",0.3326493127809646,P18|P19|P2|P20|P22|P24|P27|P3|P30|P36|P40|P46|P9,P12|P33|P35|P4|P43|P48|P8,1,lda,late_weighted,"[0.5, 0.25, 0.25]",
arousal,5,2,"1__lda__unimodal__1.0,0.0,0.0",0.3360482898413718,P18|P19|P2|P20|P22|P24|P27|P3|P30|P36|P40|P46|P9,P12|P33|P35|P4|P43|P48|P8,1,lda,unimodal,"[1.0, 0.0, 0.0]",Pupil
arousal,5,2,"1__lda__unimodal__0.0,1.0,0.0",0.3410403406743009,P18|P19|P2|P20|P22|P24|P27|P3|P30|P36|P40|P46|P9,P12|P33|P35|P4|P43|P48|P8,1,lda,unimodal,"[0.0, 1.0, 0.0]",Eye
arousal,5,2,"1__lda__unimodal__0.0,0.0,1.0",0.3451044250664715,P18|P19|P2|P20|P22|P24|P27|P3|P30|P36|P40|P46|P9,P12|P33|P35|P4|P43|P48|P8,1,lda,unimodal,"[0.0, 0.0, 1.0]",EEG
arousal,5,2,1__extra_trees__early__,0.3242978206058145,P18|P19|P2|P20|P22|P24|P27|P3|P30|P36|P40|P46|P9,P12|P33|P35|P4|P43|P48|P8,1,extra_trees,early,,
arousal,5,2,"1__extra_trees__late_mean__0.3333333333333333,0.3333333333333333,0.3333333333333333",0.342691977637741,P18|P19|P2|P20|P22|P24|P27|P3|P30|P36|P40|P46|P9,P12|P33|P35|P4|P43|P48|P8,1,extra_trees,late_mean,"[0.3333333333333333, 0.3333333333333333, 0.3333333333333333]",
arousal,5,2,"1__extra_trees__late_geometric__0.3333333333333333,0.3333333333333333,0.3333333333333333",0.3430078876446242,P18|P19|P2|P20|P22|P24|P27|P3|P30|P36|P40|P46|P9,P12|P33|P35|P4|P43|P48|P8,1,extra_trees,late_geometric,"[0.3333333333333333, 0.3333333333333333, 0.3333333333333333]",
arousal,5,2,"1__extra_trees__late_weighted__0.25,0.25,0.5",0.3513997870777857,P18|P19|P2|P20|P22|P24|P27|P3|P30|P36|P40|P46|P9,P12|P33|P35|P4|P43|P48|P8,1,extra_trees,late_weighted,"[0.25, 0.25, 0.5]",
arousal,5,2,"1__extra_trees__late_weighted__0.25,0.5,0.25",0.3412138739909339,P18|P19|P2|P20|P22|P24|P27|P3|P30|P36|P40|P46|P9,P12|P33|P35|P4|P43|P48|P8,1,extra_trees,late_weighted,"[0.25, 0.5, 0.25]",
arousal,5,2,"1__extra_trees__late_weighted__0.5,0.25,0.25",0.3410591364039082,P18|P19|P2|P20|P22|P24|P27|P3|P30|P36|P40|P46|P9,P12|P33|P35|P4|P43|P48|P8,1,extra_trees,late_weighted,"[0.5, 0.25, 0.25]",
arousal,5,2,"1__extra_trees__unimodal__1.0,0.0,0.0",0.3341540798859229,P18|P19|P2|P20|P22|P24|P27|P3|P30|P36|P40|P46|P9,P12|P33|P35|P4|P43|P48|P8,1,extra_trees,unimodal,"[1.0, 0.0, 0.0]",Pupil
arousal,5,2,"1__extra_trees__unimodal__0.0,1.0,0.0",0.3298410514007395,P18|P19|P2|P20|P22|P24|P27|P3|P30|P36|P40|P46|P9,P12|P33|P35|P4|P43|P48|P8,1,extra_trees,unimodal,"[0.0, 1.0, 0.0]",Eye
arousal,5,2,"1__extra_trees__unimodal__0.0,0.0,1.0",0.3417535407296759,P18|P19|P2|P20|P22|P24|P27|P3|P30|P36|P40|P46|P9,P12|P33|P35|P4|P43|P48|P8,1,extra_trees,unimodal,"[0.0, 0.0, 1.0]",EEG
arousal,5,2,8__logistic__early__,0.337110366866394,P18|P19|P2|P20|P22|P24|P27|P3|P30|P36|P40|P46|P9,P12|P33|P35|P4|P43|P48|P8,8,logistic,early,,
arousal,5,2,"8__logistic__late_mean__0.3333333333333333,0.3333333333333333,0.3333333333333333",0.3505399326304593,P18|P19|P2|P20|P22|P24|P27|P3|P30|P36|P40|P46|P9,P12|P33|P35|P4|P43|P48|P8,8,logistic,late_mean,"[0.3333333333333333, 0.3333333333333333, 0.3333333333333333]",
arousal,5,2,"8__logistic__late_geometric__0.3333333333333333,0.3333333333333333,0.3333333333333333",0.3494449552888412,P18|P19|P2|P20|P22|P24|P27|P3|P30|P36|P40|P46|P9,P12|P33|P35|P4|P43|P48|P8,8,logistic,late_geometric,"[0.3333333333333333, 0.3333333333333333, 0.3333333333333333]",
arousal,5,2,"8__logistic__late_weighted__0.25,0.25,0.5",0.3487358287943741,P18|P19|P2|P20|P22|P24|P27|P3|P30|P36|P40|P46|P9,P12|P33|P35|P4|P43|P48|P8,8,logistic,late_weighted,"[0.25, 0.25, 0.5]",
arousal,5,2,"8__logistic__late_weighted__0.25,0.5,0.25",0.3355739891540993,P18|P19|P2|P20|P22|P24|P27|P3|P30|P36|P40|P46|P9,P12|P33|P35|P4|P43|P48|P8,8,logistic,late_weighted,"[0.25, 0.5, 0.25]",
arousal,5,2,"8__logistic__late_weighted__0.5,0.25,0.25",0.3447044890752444,P18|P19|P2|P20|P22|P24|P27|P3|P30|P36|P40|P46|P9,P12|P33|P35|P4|P43|P48|P8,8,logistic,late_weighted,"[0.5, 0.25, 0.25]",
arousal,5,2,"8__logistic__unimodal__1.0,0.0,0.0",0.3512418391924308,P18|P19|P2|P20|P22|P24|P27|P3|P30|P36|P40|P46|P9,P12|P33|P35|P4|P43|P48|P8,8,logistic,unimodal,"[1.0, 0.0, 0.0]",Pupil
arousal,5,2,"8__logistic__unimodal__0.0,1.0,0.0",0.3209974209557637,P18|P19|P2|P20|P22|P24|P27|P3|P30|P36|P40|P46|P9,P12|P33|P35|P4|P43|P48|P8,8,logistic,unimodal,"[0.0, 1.0, 0.0]",Eye
arousal,5,2,"8__logistic__unimodal__0.0,0.0,1.0",0.3394221080066609,P18|P19|P2|P20|P22|P24|P27|P3|P30|P36|P40|P46|P9,P12|P33|P35|P4|P43|P48|P8,8,logistic,unimodal,"[0.0, 0.0, 1.0]",EEG
arousal,5,2,8__lda__early__,0.3470412377701103,P18|P19|P2|P20|P22|P24|P27|P3|P30|P36|P40|P46|P9,P12|P33|P35|P4|P43|P48|P8,8,lda,early,,
arousal,5,2,"8__lda__late_mean__0.3333333333333333,0.3333333333333333,0.3333333333333333",0.3461939142900195,P18|P19|P2|P20|P22|P24|P27|P3|P30|P36|P40|P46|P9,P12|P33|P35|P4|P43|P48|P8,8,lda,late_mean,"[0.3333333333333333, 0.3333333333333333, 0.3333333333333333]",
arousal,5,2,"8__lda__late_geometric__0.3333333333333333,0.3333333333333333,0.3333333333333333",0.345941480932146,P18|P19|P2|P20|P22|P24|P27|P3|P30|P36|P40|P46|P9,P12|P33|P35|P4|P43|P48|P8,8,lda,late_geometric,"[0.3333333333333333, 0.3333333333333333, 0.3333333333333333]",
arousal,5,2,"8__lda__late_weighted__0.25,0.25,0.5",0.3470697963835529,P18|P19|P2|P20|P22|P24|P27|P3|P30|P36|P40|P46|P9,P12|P33|P35|P4|P43|P48|P8,8,lda,late_weighted,"[0.25, 0.25, 0.5]",
arousal,5,2,"8__lda__late_weighted__0.25,0.5,0.25",0.3499434400408492,P18|P19|P2|P20|P22|P24|P27|P3|P30|P36|P40|P46|P9,P12|P33|P35|P4|P43|P48|P8,8,lda,late_weighted,"[0.25, 0.5, 0.25]",
arousal,5,2,"8__lda__late_weighted__0.5,0.25,0.25",0.3495096830966546,P18|P19|P2|P20|P22|P24|P27|P3|P30|P36|P40|P46|P9,P12|P33|P35|P4|P43|P48|P8,8,lda,late_weighted,"[0.5, 0.25, 0.25]",
arousal,5,2,"8__lda__unimodal__1.0,0.0,0.0",0.353059178105454,P18|P19|P2|P20|P22|P24|P27|P3|P30|P36|P40|P46|P9,P12|P33|P35|P4|P43|P48|P8,8,lda,unimodal,"[1.0, 0.0, 0.0]",Pupil
arousal,5,2,"8__lda__unimodal__0.0,1.0,0.0",0.3298615161010291,P18|P19|P2|P20|P22|P24|P27|P3|P30|P36|P40|P46|P9,P12|P33|P35|P4|P43|P48|P8,8,lda,unimodal,"[0.0, 1.0, 0.0]",Eye
arousal,5,2,"8__lda__unimodal__0.0,0.0,1.0",0.3354008133829609,P18|P19|P2|P20|P22|P24|P27|P3|P30|P36|P40|P46|P9,P12|P33|P35|P4|P43|P48|P8,8,lda,unimodal,"[0.0, 0.0, 1.0]",EEG
arousal,5,2,8__extra_trees__early__,0.3531123111024569,P18|P19|P2|P20|P22|P24|P27|P3|P30|P36|P40|P46|P9,P12|P33|P35|P4|P43|P48|P8,8,extra_trees,early,,
arousal,5,2,"8__extra_trees__late_mean__0.3333333333333333,0.3333333333333333,0.3333333333333333",0.3481538003698426,P18|P19|P2|P20|P22|P24|P27|P3|P30|P36|P40|P46|P9,P12|P33|P35|P4|P43|P48|P8,8,extra_trees,late_mean,"[0.3333333333333333, 0.3333333333333333, 0.3333333333333333]",
arousal,5,2,"8__extra_trees__late_geometric__0.3333333333333333,0.3333333333333333,0.3333333333333333",0.3471327959049324,P18|P19|P2|P20|P22|P24|P27|P3|P30|P36|P40|P46|P9,P12|P33|P35|P4|P43|P48|P8,8,extra_trees,late_geometric,"[0.3333333333333333, 0.3333333333333333, 0.3333333333333333]",
arousal,5,2,"8__extra_trees__late_weighted__0.25,0.25,0.5",0.3534284862355143,P18|P19|P2|P20|P22|P24|P27|P3|P30|P36|P40|P46|P9,P12|P33|P35|P4|P43|P48|P8,8,extra_trees,late_weighted,"[0.25, 0.25, 0.5]",
arousal,5,2,"8__extra_trees__late_weighted__0.25,0.5,0.25",0.3428329477661176,P18|P19|P2|P20|P22|P24|P27|P3|P30|P36|P40|P46|P9,P12|P33|P35|P4|P43|P48|P8,8,extra_trees,late_weighted,"[0.25, 0.5, 0.25]",
arousal,5,2,"8__extra_trees__late_weighted__0.5,0.25,0.25",0.3371128819406718,P18|P19|P2|P20|P22|P24|P27|P3|P30|P36|P40|P46|P9,P12|P33|P35|P4|P43|P48|P8,8,extra_trees,late_weighted,"[0.5, 0.25, 0.25]",
arousal,5,2,"8__extra_trees__unimodal__1.0,0.0,0.0",0.3399067160113188,P18|P19|P2|P20|P22|P24|P27|P3|P30|P36|P40|P46|P9,P12|P33|P35|P4|P43|P48|P8,8,extra_trees,unimodal,"[1.0, 0.0, 0.0]",Pupil
arousal,5,2,"8__extra_trees__unimodal__0.0,1.0,0.0",0.3334641566766019,P18|P19|P2|P20|P22|P24|P27|P3|P30|P36|P40|P46|P9,P12|P33|P35|P4|P43|P48|P8,8,extra_trees,unimodal,"[0.0, 1.0, 0.0]",Eye
arousal,5,2,"8__extra_trees__unimodal__0.0,0.0,1.0",0.3488418989371594,P18|P19|P2|P20|P22|P24|P27|P3|P30|P36|P40|P46|P9,P12|P33|P35|P4|P43|P48|P8,8,extra_trees,unimodal,"[0.0, 0.0, 1.0]",EEG
arousal,5,3,1__logistic__early__,0.3187697706447501,P12|P19|P20|P22|P3|P30|P33|P35|P4|P40|P43|P46|P48|P8,P18|P2|P24|P27|P36|P9,1,logistic,early,,
arousal,5,3,"1__logistic__late_mean__0.3333333333333333,0.3333333333333333,0.3333333333333333",0.3237586312210069,P12|P19|P20|P22|P3|P30|P33|P35|P4|P40|P43|P46|P48|P8,P18|P2|P24|P27|P36|P9,1,logistic,late_mean,"[0.3333333333333333, 0.3333333333333333, 0.3333333333333333]",
arousal,5,3,"1__logistic__late_geometric__0.3333333333333333,0.3333333333333333,0.3333333333333333",0.3220582519750414,P12|P19|P20|P22|P3|P30|P33|P35|P4|P40|P43|P46|P48|P8,P18|P2|P24|P27|P36|P9,1,logistic,late_geometric,"[0.3333333333333333, 0.3333333333333333, 0.3333333333333333]",
arousal,5,3,"1__logistic__late_weighted__0.25,0.25,0.5",0.3287534405751539,P12|P19|P20|P22|P3|P30|P33|P35|P4|P40|P43|P46|P48|P8,P18|P2|P24|P27|P36|P9,1,logistic,late_weighted,"[0.25, 0.25, 0.5]",
arousal,5,3,"1__logistic__late_weighted__0.25,0.5,0.25",0.3201416223706463,P12|P19|P20|P22|P3|P30|P33|P35|P4|P40|P43|P46|P48|P8,P18|P2|P24|P27|P36|P9,1,logistic,late_weighted,"[0.25, 0.5, 0.25]",
arousal,5,3,"1__logistic__late_weighted__0.5,0.25,0.25",0.3067123903816147,P12|P19|P20|P22|P3|P30|P33|P35|P4|P40|P43|P46|P48|P8,P18|P2|P24|P27|P36|P9,1,logistic,late_weighted,"[0.5, 0.25, 0.25]",
arousal,5,3,"1__logistic__unimodal__1.0,0.0,0.0",0.2852877710622035,P12|P19|P20|P22|P3|P30|P33|P35|P4|P40|P43|P46|P48|P8,P18|P2|P24|P27|P36|P9,1,logistic,unimodal,"[1.0, 0.0, 0.0]",Pupil
arousal,5,3,"1__logistic__unimodal__0.0,1.0,0.0",0.3219781383335313,P12|P19|P20|P22|P3|P30|P33|P35|P4|P40|P43|P46|P48|P8,P18|P2|P24|P27|P36|P9,1,logistic,unimodal,"[0.0, 1.0, 0.0]",Eye
arousal,5,3,"1__logistic__unimodal__0.0,0.0,1.0",0.341050557879649,P12|P19|P20|P22|P3|P30|P33|P35|P4|P40|P43|P46|P48|P8,P18|P2|P24|P27|P36|P9,1,logistic,unimodal,"[0.0, 0.0, 1.0]",EEG
arousal,5,3,1__lda__early__,0.318406964371444,P12|P19|P20|P22|P3|P30|P33|P35|P4|P40|P43|P46|P48|P8,P18|P2|P24|P27|P36|P9,1,lda,early,,
arousal,5,3,"1__lda__late_mean__0.3333333333333333,0.3333333333333333,0.3333333333333333",0.3133007571112663,P12|P19|P20|P22|P3|P30|P33|P35|P4|P40|P43|P46|P48|P8,P18|P2|P24|P27|P36|P9,1,lda,late_mean,"[0.3333333333333333, 0.3333333333333333, 0.3333333333333333]",
arousal,5,3,"1__lda__late_geometric__0.3333333333333333,0.3333333333333333,0.3333333333333333",0.3116497726102178,P12|P19|P20|P22|P3|P30|P33|P35|P4|P40|P43|P46|P48|P8,P18|P2|P24|P27|P36|P9,1,lda,late_geometric,"[0.3333333333333333, 0.3333333333333333, 0.3333333333333333]",
arousal,5,3,"1__lda__late_weighted__0.25,0.25,0.5",0.322451681427035,P12|P19|P20|P22|P3|P30|P33|P35|P4|P40|P43|P46|P48|P8,P18|P2|P24|P27|P36|P9,1,lda,late_weighted,"[0.25, 0.25, 0.5]",
arousal,5,3,"1__lda__late_weighted__0.25,0.5,0.25",0.3166561320545065,P12|P19|P20|P22|P3|P30|P33|P35|P4|P40|P43|P46|P48|P8,P18|P2|P24|P27|P36|P9,1,lda,late_weighted,"[0.25, 0.5, 0.25]",
arousal,5,3,"1__lda__late_weighted__0.5,0.25,0.25",0.3008322769870269,P12|P19|P20|P22|P3|P30|P33|P35|P4|P40|P43|P46|P48|P8,P18|P2|P24|P27|P36|P9,1,lda,late_weighted,"[0.5, 0.25, 0.25]",
arousal,5,3,"1__lda__unimodal__1.0,0.0,0.0",0.2804797601592362,P12|P19|P20|P22|P3|P30|P33|P35|P4|P40|P43|P46|P48|P8,P18|P2|P24|P27|P36|P9,1,lda,unimodal,"[1.0, 0.0, 0.0]",Pupil
arousal,5,3,"1__lda__unimodal__0.0,1.0,0.0",0.3195455488984831,P12|P19|P20|P22|P3|P30|P33|P35|P4|P40|P43|P46|P48|P8,P18|P2|P24|P27|P36|P9,1,lda,unimodal,"[0.0, 1.0, 0.0]",Eye
arousal,5,3,"1__lda__unimodal__0.0,0.0,1.0",0.3408462727436176,P12|P19|P20|P22|P3|P30|P33|P35|P4|P40|P43|P46|P48|P8,P18|P2|P24|P27|P36|P9,1,lda,unimodal,"[0.0, 0.0, 1.0]",EEG
arousal,5,3,1__extra_trees__early__,0.3316432267418087,P12|P19|P20|P22|P3|P30|P33|P35|P4|P40|P43|P46|P48|P8,P18|P2|P24|P27|P36|P9,1,extra_trees,early,,
arousal,5,3,"1__extra_trees__late_mean__0.3333333333333333,0.3333333333333333,0.3333333333333333",0.3220707198801488,P12|P19|P20|P22|P3|P30|P33|P35|P4|P40|P43|P46|P48|P8,P18|P2|P24|P27|P36|P9,1,extra_trees,late_mean,"[0.3333333333333333, 0.3333333333333333, 0.3333333333333333]",
arousal,5,3,"1__extra_trees__late_geometric__0.3333333333333333,0.3333333333333333,0.3333333333333333",0.3220809754006675,P12|P19|P20|P22|P3|P30|P33|P35|P4|P40|P43|P46|P48|P8,P18|P2|P24|P27|P36|P9,1,extra_trees,late_geometric,"[0.3333333333333333, 0.3333333333333333, 0.3333333333333333]",
arousal,5,3,"1__extra_trees__late_weighted__0.25,0.25,0.5",0.32461014580996,P12|P19|P20|P22|P3|P30|P33|P35|P4|P40|P43|P46|P48|P8,P18|P2|P24|P27|P36|P9,1,extra_trees,late_weighted,"[0.25, 0.25, 0.5]",
arousal,5,3,"1__extra_trees__late_weighted__0.25,0.5,0.25",0.3231753824363559,P12|P19|P20|P22|P3|P30|P33|P35|P4|P40|P43|P46|P48|P8,P18|P2|P24|P27|P36|P9,1,extra_trees,late_weighted,"[0.25, 0.5, 0.25]",
arousal,5,3,"1__extra_trees__late_weighted__0.5,0.25,0.25",0.3235402593894941,P12|P19|P20|P22|P3|P30|P33|P35|P4|P40|P43|P46|P48|P8,P18|P2|P24|P27|P36|P9,1,extra_trees,late_weighted,"[0.5, 0.25, 0.25]",
arousal,5,3,"1__extra_trees__unimodal__1.0,0.0,0.0",0.3129585037269796,P12|P19|P20|P22|P3|P30|P33|P35|P4|P40|P43|P46|P48|P8,P18|P2|P24|P27|P36|P9,1,extra_trees,unimodal,"[1.0, 0.0, 0.0]",Pupil
arousal,5,3,"1__extra_trees__unimodal__0.0,1.0,0.0",0.3282608634863448,P12|P19|P20|P22|P3|P30|P33|P35|P4|P40|P43|P46|P48|P8,P18|P2|P24|P27|P36|P9,1,extra_trees,unimodal,"[0.0, 1.0, 0.0]",Eye
arousal,5,3,"1__extra_trees__unimodal__0.0,0.0,1.0",0.3282941062311446,P12|P19|P20|P22|P3|P30|P33|P35|P4|P40|P43|P46|P48|P8,P18|P2|P24|P27|P36|P9,1,extra_trees,unimodal,"[0.0, 0.0, 1.0]",EEG
arousal,5,3,8__logistic__early__,0.3480280814299564,P12|P19|P20|P22|P3|P30|P33|P35|P4|P40|P43|P46|P48|P8,P18|P2|P24|P27|P36|P9,8,logistic,early,,
arousal,5,3,"8__logistic__late_mean__0.3333333333333333,0.3333333333333333,0.3333333333333333",0.3373169805198481,P12|P19|P20|P22|P3|P30|P33|P35|P4|P40|P43|P46|P48|P8,P18|P2|P24|P27|P36|P9,8,logistic,late_mean,"[0.3333333333333333, 0.3333333333333333, 0.3333333333333333]",
arousal,5,3,"8__logistic__late_geometric__0.3333333333333333,0.3333333333333333,0.3333333333333333",0.3335800454136732,P12|P19|P20|P22|P3|P30|P33|P35|P4|P40|P43|P46|P48|P8,P18|P2|P24|P27|P36|P9,8,logistic,late_geometric,"[0.3333333333333333, 0.3333333333333333, 0.3333333333333333]",
arousal,5,3,"8__logistic__late_weighted__0.25,0.25,0.5",0.339971543764284,P12|P19|P20|P22|P3|P30|P33|P35|P4|P40|P43|P46|P48|P8,P18|P2|P24|P27|P36|P9,8,logistic,late_weighted,"[0.25, 0.25, 0.5]",
arousal,5,3,"8__logistic__late_weighted__0.25,0.5,0.25",0.3328367207463069,P12|P19|P20|P22|P3|P30|P33|P35|P4|P40|P43|P46|P48|P8,P18|P2|P24|P27|P36|P9,8,logistic,late_weighted,"[0.25, 0.5, 0.25]",
arousal,5,3,"8__logistic__late_weighted__0.5,0.25,0.25",0.3442359882427849,P12|P19|P20|P22|P3|P30|P33|P35|P4|P40|P43|P46|P48|P8,P18|P2|P24|P27|P36|P9,8,logistic,late_weighted,"[0.5, 0.25, 0.25]",
arousal,5,3,"8__logistic__unimodal__1.0,0.0,0.0",0.310884560040972,P12|P19|P20|P22|P3|P30|P33|P35|P4|P40|P43|P46|P48|P8,P18|P2|P24|P27|P36|P9,8,logistic,unimodal,"[1.0, 0.0, 0.0]",Pupil
arousal,5,3,"8__logistic__unimodal__0.0,1.0,0.0",0.3264209222693451,P12|P19|P20|P22|P3|P30|P33|P35|P4|P40|P43|P46|P48|P8,P18|P2|P24|P27|P36|P9,8,logistic,unimodal,"[0.0, 1.0, 0.0]",Eye
arousal,5,3,"8__logistic__unimodal__0.0,0.0,1.0",0.3644488336040722,P12|P19|P20|P22|P3|P30|P33|P35|P4|P40|P43|P46|P48|P8,P18|P2|P24|P27|P36|P9,8,logistic,unimodal,"[0.0, 0.0, 1.0]",EEG
arousal,5,3,8__lda__early__,0.35012598922343,P12|P19|P20|P22|P3|P30|P33|P35|P4|P40|P43|P46|P48|P8,P18|P2|P24|P27|P36|P9,8,lda,early,,
arousal,5,3,"8__lda__late_mean__0.3333333333333333,0.3333333333333333,0.3333333333333333",0.3433851348911472,P12|P19|P20|P22|P3|P30|P33|P35|P4|P40|P43|P46|P48|P8,P18|P2|P24|P27|P36|P9,8,lda,late_mean,"[0.3333333333333333, 0.3333333333333333, 0.3333333333333333]",
arousal,5,3,"8__lda__late_geometric__0.3333333333333333,0.3333333333333333,0.3333333333333333",0.3418472380810595,P12|P19|P20|P22|P3|P30|P33|P35|P4|P40|P43|P46|P48|P8,P18|P2|P24|P27|P36|P9,8,lda,late_geometric,"[0.3333333333333333, 0.3333333333333333, 0.3333333333333333]",
arousal,5,3,"8__lda__late_weighted__0.25,0.25,0.5",0.3439991785315537,P12|P19|P20|P22|P3|P30|P33|P35|P4|P40|P43|P46|P48|P8,P18|P2|P24|P27|P36|P9,8,lda,late_weighted,"[0.25, 0.25, 0.5]",
arousal,5,3,"8__lda__late_weighted__0.25,0.5,0.25",0.3334346794356065,P12|P19|P20|P22|P3|P30|P33|P35|P4|P40|P43|P46|P48|P8,P18|P2|P24|P27|P36|P9,8,lda,late_weighted,"[0.25, 0.5, 0.25]",
arousal,5,3,"8__lda__late_weighted__0.5,0.25,0.25",0.3433624657450771,P12|P19|P20|P22|P3|P30|P33|P35|P4|P40|P43|P46|P48|P8,P18|P2|P24|P27|P36|P9,8,lda,late_weighted,"[0.5, 0.25, 0.25]",
arousal,5,3,"8__lda__unimodal__1.0,0.0,0.0",0.3070985757628229,P12|P19|P20|P22|P3|P30|P33|P35|P4|P40|P43|P46|P48|P8,P18|P2|P24|P27|P36|P9,8,lda,unimodal,"[1.0, 0.0, 0.0]",Pupil
arousal,5,3,"8__lda__unimodal__0.0,1.0,0.0",0.3219739273736154,P12|P19|P20|P22|P3|P30|P33|P35|P4|P40|P43|P46|P48|P8,P18|P2|P24|P27|P36|P9,8,lda,unimodal,"[0.0, 1.0, 0.0]",Eye
arousal,5,3,"8__lda__unimodal__0.0,0.0,1.0",0.3613499836301523,P12|P19|P20|P22|P3|P30|P33|P35|P4|P40|P43|P46|P48|P8,P18|P2|P24|P27|P36|P9,8,lda,unimodal,"[0.0, 0.0, 1.0]",EEG
arousal,5,3,8__extra_trees__early__,0.3230490730793793,P12|P19|P20|P22|P3|P30|P33|P35|P4|P40|P43|P46|P48|P8,P18|P2|P24|P27|P36|P9,8,extra_trees,early,,
arousal,5,3,"8__extra_trees__late_mean__0.3333333333333333,0.3333333333333333,0.3333333333333333",0.3232160296903909,P12|P19|P20|P22|P3|P30|P33|P35|P4|P40|P43|P46|P48|P8,P18|P2|P24|P27|P36|P9,8,extra_trees,late_mean,"[0.3333333333333333, 0.3333333333333333, 0.3333333333333333]",
arousal,5,3,"8__extra_trees__late_geometric__0.3333333333333333,0.3333333333333333,0.3333333333333333",0.3214167865282409,P12|P19|P20|P22|P3|P30|P33|P35|P4|P40|P43|P46|P48|P8,P18|P2|P24|P27|P36|P9,8,extra_trees,late_geometric,"[0.3333333333333333, 0.3333333333333333, 0.3333333333333333]",
arousal,5,3,"8__extra_trees__late_weighted__0.25,0.25,0.5",0.3258930266381578,P12|P19|P20|P22|P3|P30|P33|P35|P4|P40|P43|P46|P48|P8,P18|P2|P24|P27|P36|P9,8,extra_trees,late_weighted,"[0.25, 0.25, 0.5]",
arousal,5,3,"8__extra_trees__late_weighted__0.25,0.5,0.25",0.3301788024956562,P12|P19|P20|P22|P3|P30|P33|P35|P4|P40|P43|P46|P48|P8,P18|P2|P24|P27|P36|P9,8,extra_trees,late_weighted,"[0.25, 0.5, 0.25]",
arousal,5,3,"8__extra_trees__late_weighted__0.5,0.25,0.25",0.3238448810184149,P12|P19|P20|P22|P3|P30|P33|P35|P4|P40|P43|P46|P48|P8,P18|P2|P24|P27|P36|P9,8,extra_trees,late_weighted,"[0.5, 0.25, 0.25]",
arousal,5,3,"8__extra_trees__unimodal__1.0,0.0,0.0",0.3117486767021045,P12|P19|P20|P22|P3|P30|P33|P35|P4|P40|P43|P46|P48|P8,P18|P2|P24|P27|P36|P9,8,extra_trees,unimodal,"[1.0, 0.0, 0.0]",Pupil
arousal,5,3,"8__extra_trees__unimodal__0.0,1.0,0.0",0.3298112752169511,P12|P19|P20|P22|P3|P30|P33|P35|P4|P40|P43|P46|P48|P8,P18|P2|P24|P27|P36|P9,8,extra_trees,unimodal,"[0.0, 1.0, 0.0]",Eye
arousal,5,3,"8__extra_trees__unimodal__0.0,0.0,1.0",0.3333935246795274,P12|P19|P20|P22|P3|P30|P33|P35|P4|P40|P43|P46|P48|P8,P18|P2|P24|P27|P36|P9,8,extra_trees,unimodal,"[0.0, 0.0, 1.0]",EEG
