fold,inner,candidate_id,base_id,panel,context,family,weighting,smoothing,low_bias,high_bias,score
1,1,eye_pupil__1__logistic__global__1__-0.3__-0.3,eye_pupil__1__logistic__global,eye_pupil,1,logistic,global,1,-0.3,-0.3,0.34167654678007664
1,1,eye_pupil__1__logistic__global__1__-0.3__0.0,eye_pupil__1__logistic__global,eye_pupil,1,logistic,global,1,-0.3,0.0,0.3444168266715537
1,1,eye_pupil__1__logistic__global__1__-0.3__0.3,eye_pupil__1__logistic__global,eye_pupil,1,logistic,global,1,-0.3,0.3,0.33617167800735775
1,1,eye_pupil__1__logistic__global__1__0.0__-0.3,eye_pupil__1__logistic__global,eye_pupil,1,logistic,global,1,0.0,-0.3,0.3386420947089212
1,1,eye_pupil__1__logistic__global__1__0.0__0.0,eye_pupil__1__logistic__global,eye_pupil,1,logistic,global,1,0.0,0.0,0.34813417929497914
1,1,eye_pupil__1__logistic__global__1__0.0__0.3,eye_pupil__1__logistic__global,eye_pupil,1,logistic,global,1,0.0,0.3,0.33990455301580236
1,1,eye_pupil__1__logistic__global__1__0.3__-0.3,eye_pupil__1__logistic__global,eye_pupil,1,logistic,global,1,0.3,-0.3,0.33484078062873607
1,1,eye_pupil__1__logistic__global__1__0.3__0.0,eye_pupil__1__logistic__global,eye_pupil,1,logistic,global,1,0.3,0.0,0.3332507091551532
1,1,eye_pupil__1__logistic__global__1__0.3__0.3,eye_pupil__1__logistic__global,eye_pupil,1,logistic,global,1,0.3,0.3,0.34231690128204983
1,1,eye_pupil__1__logistic__global__4__-0.3__-0.3,eye_pupil__1__logistic__global,eye_pupil,1,logistic,global,4,-0.3,-0.3,0.3408356778254838
1,1,eye_pupil__1__logistic__global__4__-0.3__0.0,eye_pupil__1__logistic__global,eye_pupil,1,logistic,global,4,-0.3,0.0,0.35097506271146106
1,1,eye_pupil__1__logistic__global__4__-0.3__0.3,eye_pupil__1__logistic__global,eye_pupil,1,logistic,global,4,-0.3,0.3,0.3366376110325125
1,1,eye_pupil__1__logistic__global__4__0.0__-0.3,eye_pupil__1__logistic__global,eye_pupil,1,logistic,global,4,0.0,-0.3,0.344098636712085
1,1,eye_pupil__1__logistic__global__4__0.0__0.0,eye_pupil__1__logistic__global,eye_pupil,1,logistic,global,4,0.0,0.0,0.3594463492012995
1,1,eye_pupil__1__logistic__global__4__0.0__0.3,eye_pupil__1__logistic__global,eye_pupil,1,logistic,global,4,0.0,0.3,0.3390860908467213
1,1,eye_pupil__1__logistic__global__4__0.3__-0.3,eye_pupil__1__logistic__global,eye_pupil,1,logistic,global,4,0.3,-0.3,0.33700226340636846
1,1,eye_pupil__1__logistic__global__4__0.3__0.0,eye_pupil__1__logistic__global,eye_pupil,1,logistic,global,4,0.3,0.0,0.33939290322772525
1,1,eye_pupil__1__logistic__global__4__0.3__0.3,eye_pupil__1__logistic__global,eye_pupil,1,logistic,global,4,0.3,0.3,0.34478919599294167
1,1,eye_pupil__1__logistic__participant__1__-0.3__-0.3,eye_pupil__1__logistic__participant,eye_pupil,1,logistic,participant,1,-0.3,-0.3,0.3557361960833527
1,1,eye_pupil__1__logistic__participant__1__-0.3__0.0,eye_pupil__1__logistic__participant,eye_pupil,1,logistic,participant,1,-0.3,0.0,0.34415021853695016
1,1,eye_pupil__1__logistic__participant__1__-0.3__0.3,eye_pupil__1__logistic__participant,eye_pupil,1,logistic,participant,1,-0.3,0.3,0.3332390658911544
1,1,eye_pupil__1__logistic__participant__1__0.0__-0.3,eye_pupil__1__logistic__participant,eye_pupil,1,logistic,participant,1,0.0,-0.3,0.33859290784402996
1,1,eye_pupil__1__logistic__participant__1__0.0__0.0,eye_pupil__1__logistic__participant,eye_pupil,1,logistic,participant,1,0.0,0.0,0.3485545067398366
1,1,eye_pupil__1__logistic__participant__1__0.0__0.3,eye_pupil__1__logistic__participant,eye_pupil,1,logistic,participant,1,0.0,0.3,0.3405963346660337
1,1,eye_pupil__1__logistic__participant__1__0.3__-0.3,eye_pupil__1__logistic__participant,eye_pupil,1,logistic,participant,1,0.3,-0.3,0.3346493323156641
1,1,eye_pupil__1__logistic__participant__1__0.3__0.0,eye_pupil__1__logistic__participant,eye_pupil,1,logistic,participant,1,0.3,0.0,0.3380431606984024
1,1,eye_pupil__1__logistic__participant__1__0.3__0.3,eye_pupil__1__logistic__participant,eye_pupil,1,logistic,participant,1,0.3,0.3,0.3438700070413625
1,1,eye_pupil__1__logistic__participant__4__-0.3__-0.3,eye_pupil__1__logistic__participant,eye_pupil,1,logistic,participant,4,-0.3,-0.3,0.3577919785581223
1,1,eye_pupil__1__logistic__participant__4__-0.3__0.0,eye_pupil__1__logistic__participant,eye_pupil,1,logistic,participant,4,-0.3,0.0,0.3396333429088424
1,1,eye_pupil__1__logistic__participant__4__-0.3__0.3,eye_pupil__1__logistic__participant,eye_pupil,1,logistic,participant,4,-0.3,0.3,0.33157116567785183
1,1,eye_pupil__1__logistic__participant__4__0.0__-0.3,eye_pupil__1__logistic__participant,eye_pupil,1,logistic,participant,4,0.0,-0.3,0.33937278295563195
1,1,eye_pupil__1__logistic__participant__4__0.0__0.0,eye_pupil__1__logistic__participant,eye_pupil,1,logistic,participant,4,0.0,0.0,0.345032447318978
1,1,eye_pupil__1__logistic__participant__4__0.0__0.3,eye_pupil__1__logistic__participant,eye_pupil,1,logistic,participant,4,0.0,0.3,0.3378662157069172
1,1,eye_pupil__1__logistic__participant__4__0.3__-0.3,eye_pupil__1__logistic__participant,eye_pupil,1,logistic,participant,4,0.3,-0.3,0.3357422870928956
1,1,eye_pupil__1__logistic__participant__4__0.3__0.0,eye_pupil__1__logistic__participant,eye_pupil,1,logistic,participant,4,0.3,0.0,0.33737783418797473
1,1,eye_pupil__1__logistic__participant__4__0.3__0.3,eye_pupil__1__logistic__participant,eye_pupil,1,logistic,participant,4,0.3,0.3,0.340997983599372
1,1,eye_pupil__1__ordinal__global__1__-0.3__-0.3,eye_pupil__1__ordinal__global,eye_pupil,1,ordinal,global,1,-0.3,-0.3,0.3398182338137507
1,1,eye_pupil__1__ordinal__global__1__-0.3__0.0,eye_pupil__1__ordinal__global,eye_pupil,1,ordinal,global,1,-0.3,0.0,0.34043303634262895
1,1,eye_pupil__1__ordinal__global__1__-0.3__0.3,eye_pupil__1__ordinal__global,eye_pupil,1,ordinal,global,1,-0.3,0.3,0.3360696450426426
1,1,eye_pupil__1__ordinal__global__1__0.0__-0.3,eye_pupil__1__ordinal__global,eye_pupil,1,ordinal,global,1,0.0,-0.3,0.33923584749740254
1,1,eye_pupil__1__ordinal__global__1__0.0__0.0,eye_pupil__1__ordinal__global,eye_pupil,1,ordinal,global,1,0.0,0.0,0.347375166310805
1,1,eye_pupil__1__ordinal__global__1__0.0__0.3,eye_pupil__1__ordinal__global,eye_pupil,1,ordinal,global,1,0.0,0.3,0.33936960069233657
1,1,eye_pupil__1__ordinal__global__1__0.3__-0.3,eye_pupil__1__ordinal__global,eye_pupil,1,ordinal,global,1,0.3,-0.3,0.33523434428577153
1,1,eye_pupil__1__ordinal__global__1__0.3__0.0,eye_pupil__1__ordinal__global,eye_pupil,1,ordinal,global,1,0.3,0.0,0.33355222787613875
1,1,eye_pupil__1__ordinal__global__1__0.3__0.3,eye_pupil__1__ordinal__global,eye_pupil,1,ordinal,global,1,0.3,0.3,0.3434887236746083
1,1,eye_pupil__1__ordinal__global__4__-0.3__-0.3,eye_pupil__1__ordinal__global,eye_pupil,1,ordinal,global,4,-0.3,-0.3,0.3405723635766241
1,1,eye_pupil__1__ordinal__global__4__-0.3__0.0,eye_pupil__1__ordinal__global,eye_pupil,1,ordinal,global,4,-0.3,0.0,0.34497372952193617
1,1,eye_pupil__1__ordinal__global__4__-0.3__0.3,eye_pupil__1__ordinal__global,eye_pupil,1,ordinal,global,4,-0.3,0.3,0.33653550748833094
1,1,eye_pupil__1__ordinal__global__4__0.0__-0.3,eye_pupil__1__ordinal__global,eye_pupil,1,ordinal,global,4,0.0,-0.3,0.34341443046998393
1,1,eye_pupil__1__ordinal__global__4__0.0__0.0,eye_pupil__1__ordinal__global,eye_pupil,1,ordinal,global,4,0.0,0.0,0.3550961906356624
1,1,eye_pupil__1__ordinal__global__4__0.0__0.3,eye_pupil__1__ordinal__global,eye_pupil,1,ordinal,global,4,0.0,0.3,0.3379189459013638
1,1,eye_pupil__1__ordinal__global__4__0.3__-0.3,eye_pupil__1__ordinal__global,eye_pupil,1,ordinal,global,4,0.3,-0.3,0.338847162821011
1,1,eye_pupil__1__ordinal__global__4__0.3__0.0,eye_pupil__1__ordinal__global,eye_pupil,1,ordinal,global,4,0.3,0.0,0.34066176396207376
1,1,eye_pupil__1__ordinal__global__4__0.3__0.3,eye_pupil__1__ordinal__global,eye_pupil,1,ordinal,global,4,0.3,0.3,0.3462481310393931
1,1,eye_pupil__1__ordinal__participant__1__-0.3__-0.3,eye_pupil__1__ordinal__participant,eye_pupil,1,ordinal,participant,1,-0.3,-0.3,0.35267332266278895
1,1,eye_pupil__1__ordinal__participant__1__-0.3__0.0,eye_pupil__1__ordinal__participant,eye_pupil,1,ordinal,participant,1,-0.3,0.0,0.3403988362014788
1,1,eye_pupil__1__ordinal__participant__1__-0.3__0.3,eye_pupil__1__ordinal__participant,eye_pupil,1,ordinal,participant,1,-0.3,0.3,0.3327989082368637
1,1,eye_pupil__1__ordinal__participant__1__0.0__-0.3,eye_pupil__1__ordinal__participant,eye_pupil,1,ordinal,participant,1,0.0,-0.3,0.3353703523050097
1,1,eye_pupil__1__ordinal__participant__1__0.0__0.0,eye_pupil__1__ordinal__participant,eye_pupil,1,ordinal,participant,1,0.0,0.0,0.3470014304128423
1,1,eye_pupil__1__ordinal__participant__1__0.0__0.3,eye_pupil__1__ordinal__participant,eye_pupil,1,ordinal,participant,1,0.0,0.3,0.33841148535108495
1,1,eye_pupil__1__ordinal__participant__1__0.3__-0.3,eye_pupil__1__ordinal__participant,eye_pupil,1,ordinal,participant,1,0.3,-0.3,0.3319175011422356
1,1,eye_pupil__1__ordinal__participant__1__0.3__0.0,eye_pupil__1__ordinal__participant,eye_pupil,1,ordinal,participant,1,0.3,0.0,0.33609724741349906
1,1,eye_pupil__1__ordinal__participant__1__0.3__0.3,eye_pupil__1__ordinal__participant,eye_pupil,1,ordinal,participant,1,0.3,0.3,0.3446812406257054
1,1,eye_pupil__1__ordinal__participant__4__-0.3__-0.3,eye_pupil__1__ordinal__participant,eye_pupil,1,ordinal,participant,4,-0.3,-0.3,0.35561545575748726
1,1,eye_pupil__1__ordinal__participant__4__-0.3__0.0,eye_pupil__1__ordinal__participant,eye_pupil,1,ordinal,participant,4,-0.3,0.0,0.3396470273232717
1,1,eye_pupil__1__ordinal__participant__4__-0.3__0.3,eye_pupil__1__ordinal__participant,eye_pupil,1,ordinal,participant,4,-0.3,0.3,0.3321895948677096
1,1,eye_pupil__1__ordinal__participant__4__0.0__-0.3,eye_pupil__1__ordinal__participant,eye_pupil,1,ordinal,participant,4,0.0,-0.3,0.3348488468387894
1,1,eye_pupil__1__ordinal__participant__4__0.0__0.0,eye_pupil__1__ordinal__participant,eye_pupil,1,ordinal,participant,4,0.0,0.0,0.3430930684550358
1,1,eye_pupil__1__ordinal__participant__4__0.0__0.3,eye_pupil__1__ordinal__participant,eye_pupil,1,ordinal,participant,4,0.0,0.3,0.33769532609503383
1,1,eye_pupil__1__ordinal__participant__4__0.3__-0.3,eye_pupil__1__ordinal__participant,eye_pupil,1,ordinal,participant,4,0.3,-0.3,0.33329518701240846
1,1,eye_pupil__1__ordinal__participant__4__0.3__0.0,eye_pupil__1__ordinal__participant,eye_pupil,1,ordinal,participant,4,0.3,0.0,0.335997104940615
1,1,eye_pupil__1__ordinal__participant__4__0.3__0.3,eye_pupil__1__ordinal__participant,eye_pupil,1,ordinal,participant,4,0.3,0.3,0.339895021553772
1,1,eye_pupil__1__catboost__global__1__-0.3__-0.3,eye_pupil__1__catboost__global,eye_pupil,1,catboost,global,1,-0.3,-0.3,0.33292246587579744
1,1,eye_pupil__1__catboost__global__1__-0.3__0.0,eye_pupil__1__catboost__global,eye_pupil,1,catboost,global,1,-0.3,0.0,0.34169160744679666
1,1,eye_pupil__1__catboost__global__1__-0.3__0.3,eye_pupil__1__catboost__global,eye_pupil,1,catboost,global,1,-0.3,0.3,0.3386158676131462
1,1,eye_pupil__1__catboost__global__1__0.0__-0.3,eye_pupil__1__catboost__global,eye_pupil,1,catboost,global,1,0.0,-0.3,0.3411219074998189
1,1,eye_pupil__1__catboost__global__1__0.0__0.0,eye_pupil__1__catboost__global,eye_pupil,1,catboost,global,1,0.0,0.0,0.337981399266138
1,1,eye_pupil__1__catboost__global__1__0.0__0.3,eye_pupil__1__catboost__global,eye_pupil,1,catboost,global,1,0.0,0.3,0.34460238942952404
1,1,eye_pupil__1__catboost__global__1__0.3__-0.3,eye_pupil__1__catboost__global,eye_pupil,1,catboost,global,1,0.3,-0.3,0.3449049115364699
1,1,eye_pupil__1__catboost__global__1__0.3__0.0,eye_pupil__1__catboost__global,eye_pupil,1,catboost,global,1,0.3,0.0,0.34358067128840036
1,1,eye_pupil__1__catboost__global__1__0.3__0.3,eye_pupil__1__catboost__global,eye_pupil,1,catboost,global,1,0.3,0.3,0.3361770624635482
1,1,eye_pupil__1__catboost__global__4__-0.3__-0.3,eye_pupil__1__catboost__global,eye_pupil,1,catboost,global,4,-0.3,-0.3,0.3368294772138892
1,1,eye_pupil__1__catboost__global__4__-0.3__0.0,eye_pupil__1__catboost__global,eye_pupil,1,catboost,global,4,-0.3,0.0,0.3468865261297669
1,1,eye_pupil__1__catboost__global__4__-0.3__0.3,eye_pupil__1__catboost__global,eye_pupil,1,catboost,global,4,-0.3,0.3,0.3332111545275736
1,1,eye_pupil__1__catboost__global__4__0.0__-0.3,eye_pupil__1__catboost__global,eye_pupil,1,catboost,global,4,0.0,-0.3,0.33911125798248287
1,1,eye_pupil__1__catboost__global__4__0.0__0.0,eye_pupil__1__catboost__global,eye_pupil,1,catboost,global,4,0.0,0.0,0.34541234518072994
1,1,eye_pupil__1__catboost__global__4__0.0__0.3,eye_pupil__1__catboost__global,eye_pupil,1,catboost,global,4,0.0,0.3,0.33838963617664347
1,1,eye_pupil__1__catboost__global__4__0.3__-0.3,eye_pupil__1__catboost__global,eye_pupil,1,catboost,global,4,0.3,-0.3,0.3474944328873326
1,1,eye_pupil__1__catboost__global__4__0.3__0.0,eye_pupil__1__catboost__global,eye_pupil,1,catboost,global,4,0.3,0.0,0.3456606290034777
1,1,eye_pupil__1__catboost__global__4__0.3__0.3,eye_pupil__1__catboost__global,eye_pupil,1,catboost,global,4,0.3,0.3,0.3358645529523699
1,1,eye_pupil__1__catboost__participant__1__-0.3__-0.3,eye_pupil__1__catboost__participant,eye_pupil,1,catboost,participant,1,-0.3,-0.3,0.3426733960128313
1,1,eye_pupil__1__catboost__participant__1__-0.3__0.0,eye_pupil__1__catboost__participant,eye_pupil,1,catboost,participant,1,-0.3,0.0,0.3426915407280745
1,1,eye_pupil__1__catboost__participant__1__-0.3__0.3,eye_pupil__1__catboost__participant,eye_pupil,1,catboost,participant,1,-0.3,0.3,0.3353730333904555
1,1,eye_pupil__1__catboost__participant__1__0.0__-0.3,eye_pupil__1__catboost__participant,eye_pupil,1,catboost,participant,1,0.0,-0.3,0.3412821360610449
1,1,eye_pupil__1__catboost__participant__1__0.0__0.0,eye_pupil__1__catboost__participant,eye_pupil,1,catboost,participant,1,0.0,0.0,0.3358332189392865
1,1,eye_pupil__1__catboost__participant__1__0.0__0.3,eye_pupil__1__catboost__participant,eye_pupil,1,catboost,participant,1,0.0,0.3,0.33619200224011486
1,1,eye_pupil__1__catboost__participant__1__0.3__-0.3,eye_pupil__1__catboost__participant,eye_pupil,1,catboost,participant,1,0.3,-0.3,0.33910957412921605
1,1,eye_pupil__1__catboost__participant__1__0.3__0.0,eye_pupil__1__catboost__participant,eye_pupil,1,catboost,participant,1,0.3,0.0,0.33728527676498005
1,1,eye_pupil__1__catboost__participant__1__0.3__0.3,eye_pupil__1__catboost__participant,eye_pupil,1,catboost,participant,1,0.3,0.3,0.3323464759708823
1,1,eye_pupil__1__catboost__participant__4__-0.3__-0.3,eye_pupil__1__catboost__participant,eye_pupil,1,catboost,participant,4,-0.3,-0.3,0.3362812497181835
1,1,eye_pupil__1__catboost__participant__4__-0.3__0.0,eye_pupil__1__catboost__participant,eye_pupil,1,catboost,participant,4,-0.3,0.0,0.33654504065795676
1,1,eye_pupil__1__catboost__participant__4__-0.3__0.3,eye_pupil__1__catboost__participant,eye_pupil,1,catboost,participant,4,-0.3,0.3,0.3338224922075853
1,1,eye_pupil__1__catboost__participant__4__0.0__-0.3,eye_pupil__1__catboost__participant,eye_pupil,1,catboost,participant,4,0.0,-0.3,0.34806462601512417
1,1,eye_pupil__1__catboost__participant__4__0.0__0.0,eye_pupil__1__catboost__participant,eye_pupil,1,catboost,participant,4,0.0,0.0,0.33656413423095616
1,1,eye_pupil__1__catboost__participant__4__0.0__0.3,eye_pupil__1__catboost__participant,eye_pupil,1,catboost,participant,4,0.0,0.3,0.3341103929156541
1,1,eye_pupil__1__catboost__participant__4__0.3__-0.3,eye_pupil__1__catboost__participant,eye_pupil,1,catboost,participant,4,0.3,-0.3,0.3409521653314782
1,1,eye_pupil__1__catboost__participant__4__0.3__0.0,eye_pupil__1__catboost__participant,eye_pupil,1,catboost,participant,4,0.3,0.0,0.33863008191409216
1,1,eye_pupil__1__catboost__participant__4__0.3__0.3,eye_pupil__1__catboost__participant,eye_pupil,1,catboost,participant,4,0.3,0.3,0.33132065704225006
1,1,eye_pupil__8__logistic__global__1__-0.3__-0.3,eye_pupil__8__logistic__global,eye_pupil,8,logistic,global,1,-0.3,-0.3,0.32597268120033485
1,1,eye_pupil__8__logistic__global__1__-0.3__0.0,eye_pupil__8__logistic__global,eye_pupil,8,logistic,global,1,-0.3,0.0,0.3301074151238579
1,1,eye_pupil__8__logistic__global__1__-0.3__0.3,eye_pupil__8__logistic__global,eye_pupil,8,logistic,global,1,-0.3,0.3,0.3316024945869802
1,1,eye_pupil__8__logistic__global__1__0.0__-0.3,eye_pupil__8__logistic__global,eye_pupil,8,logistic,global,1,0.0,-0.3,0.34010563026500035
1,1,eye_pupil__8__logistic__global__1__0.0__0.0,eye_pupil__8__logistic__global,eye_pupil,8,logistic,global,1,0.0,0.0,0.3328524299136955
1,1,eye_pupil__8__logistic__global__1__0.0__0.3,eye_pupil__8__logistic__global,eye_pupil,8,logistic,global,1,0.0,0.3,0.3202186026704642
1,1,eye_pupil__8__logistic__global__1__0.3__-0.3,eye_pupil__8__logistic__global,eye_pupil,8,logistic,global,1,0.3,-0.3,0.33221920081395645
1,1,eye_pupil__8__logistic__global__1__0.3__0.0,eye_pupil__8__logistic__global,eye_pupil,8,logistic,global,1,0.3,0.0,0.32138603001249405
1,1,eye_pupil__8__logistic__global__1__0.3__0.3,eye_pupil__8__logistic__global,eye_pupil,8,logistic,global,1,0.3,0.3,0.31551850764232825
1,1,eye_pupil__8__logistic__global__4__-0.3__-0.3,eye_pupil__8__logistic__global,eye_pupil,8,logistic,global,4,-0.3,-0.3,0.32356649244655683
1,1,eye_pupil__8__logistic__global__4__-0.3__0.0,eye_pupil__8__logistic__global,eye_pupil,8,logistic,global,4,-0.3,0.0,0.32666921708068075
1,1,eye_pupil__8__logistic__global__4__-0.3__0.3,eye_pupil__8__logistic__global,eye_pupil,8,logistic,global,4,-0.3,0.3,0.331603407579098
1,1,eye_pupil__8__logistic__global__4__0.0__-0.3,eye_pupil__8__logistic__global,eye_pupil,8,logistic,global,4,0.0,-0.3,0.3430190541110585
1,1,eye_pupil__8__logistic__global__4__0.0__0.0,eye_pupil__8__logistic__global,eye_pupil,8,logistic,global,4,0.0,0.0,0.3325154277089783
1,1,eye_pupil__8__logistic__global__4__0.0__0.3,eye_pupil__8__logistic__global,eye_pupil,8,logistic,global,4,0.0,0.3,0.3214130159052356
1,1,eye_pupil__8__logistic__global__4__0.3__-0.3,eye_pupil__8__logistic__global,eye_pupil,8,logistic,global,4,0.3,-0.3,0.3396285260071812
1,1,eye_pupil__8__logistic__global__4__0.3__0.0,eye_pupil__8__logistic__global,eye_pupil,8,logistic,global,4,0.3,0.0,0.33213321516348626
1,1,eye_pupil__8__logistic__global__4__0.3__0.3,eye_pupil__8__logistic__global,eye_pupil,8,logistic,global,4,0.3,0.3,0.30865063938979215
1,1,eye_pupil__8__logistic__participant__1__-0.3__-0.3,eye_pupil__8__logistic__participant,eye_pupil,8,logistic,participant,1,-0.3,-0.3,0.32730415083949466
1,1,eye_pupil__8__logistic__participant__1__-0.3__0.0,eye_pupil__8__logistic__participant,eye_pupil,8,logistic,participant,1,-0.3,0.0,0.3250931026861768
1,1,eye_pupil__8__logistic__participant__1__-0.3__0.3,eye_pupil__8__logistic__participant,eye_pupil,8,logistic,participant,1,-0.3,0.3,0.3197904944630327
1,1,eye_pupil__8__logistic__participant__1__0.0__-0.3,eye_pupil__8__logistic__participant,eye_pupil,8,logistic,participant,1,0.0,-0.3,0.3164827945373932
1,1,eye_pupil__8__logistic__participant__1__0.0__0.0,eye_pupil__8__logistic__participant,eye_pupil,8,logistic,participant,1,0.0,0.0,0.3134086154361532
1,1,eye_pupil__8__logistic__participant__1__0.0__0.3,eye_pupil__8__logistic__participant,eye_pupil,8,logistic,participant,1,0.0,0.3,0.3113392695182662
1,1,eye_pupil__8__logistic__participant__1__0.3__-0.3,eye_pupil__8__logistic__participant,eye_pupil,8,logistic,participant,1,0.3,-0.3,0.3244291236417514
1,1,eye_pupil__8__logistic__participant__1__0.3__0.0,eye_pupil__8__logistic__participant,eye_pupil,8,logistic,participant,1,0.3,0.0,0.3124479287362941
1,1,eye_pupil__8__logistic__participant__1__0.3__0.3,eye_pupil__8__logistic__participant,eye_pupil,8,logistic,participant,1,0.3,0.3,0.3067959053106952
1,1,eye_pupil__8__logistic__participant__4__-0.3__-0.3,eye_pupil__8__logistic__participant,eye_pupil,8,logistic,participant,4,-0.3,-0.3,0.3279188058026083
1,1,eye_pupil__8__logistic__participant__4__-0.3__0.0,eye_pupil__8__logistic__participant,eye_pupil,8,logistic,participant,4,-0.3,0.0,0.32489833226475884
1,1,eye_pupil__8__logistic__participant__4__-0.3__0.3,eye_pupil__8__logistic__participant,eye_pupil,8,logistic,participant,4,-0.3,0.3,0.3262335376668522
1,1,eye_pupil__8__logistic__participant__4__0.0__-0.3,eye_pupil__8__logistic__participant,eye_pupil,8,logistic,participant,4,0.0,-0.3,0.32793033160628093
1,1,eye_pupil__8__logistic__participant__4__0.0__0.0,eye_pupil__8__logistic__participant,eye_pupil,8,logistic,participant,4,0.0,0.0,0.31210788625226626
1,1,eye_pupil__8__logistic__participant__4__0.0__0.3,eye_pupil__8__logistic__participant,eye_pupil,8,logistic,participant,4,0.0,0.3,0.3083780520181522
1,1,eye_pupil__8__logistic__participant__4__0.3__-0.3,eye_pupil__8__logistic__participant,eye_pupil,8,logistic,participant,4,0.3,-0.3,0.3287445248480537
1,1,eye_pupil__8__logistic__participant__4__0.3__0.0,eye_pupil__8__logistic__participant,eye_pupil,8,logistic,participant,4,0.3,0.0,0.3211068557343017
1,1,eye_pupil__8__logistic__participant__4__0.3__0.3,eye_pupil__8__logistic__participant,eye_pupil,8,logistic,participant,4,0.3,0.3,0.2992766937842998
1,1,eye_pupil__8__ordinal__global__1__-0.3__-0.3,eye_pupil__8__ordinal__global,eye_pupil,8,ordinal,global,1,-0.3,-0.3,0.3220842820061128
1,1,eye_pupil__8__ordinal__global__1__-0.3__0.0,eye_pupil__8__ordinal__global,eye_pupil,8,ordinal,global,1,-0.3,0.0,0.3278676050684048
1,1,eye_pupil__8__ordinal__global__1__-0.3__0.3,eye_pupil__8__ordinal__global,eye_pupil,8,ordinal,global,1,-0.3,0.3,0.3323851056194631
1,1,eye_pupil__8__ordinal__global__1__0.0__-0.3,eye_pupil__8__ordinal__global,eye_pupil,8,ordinal,global,1,0.0,-0.3,0.3332631438275091
1,1,eye_pupil__8__ordinal__global__1__0.0__0.0,eye_pupil__8__ordinal__global,eye_pupil,8,ordinal,global,1,0.0,0.0,0.3292501364168404
1,1,eye_pupil__8__ordinal__global__1__0.0__0.3,eye_pupil__8__ordinal__global,eye_pupil,8,ordinal,global,1,0.0,0.3,0.3211837735298967
1,1,eye_pupil__8__ordinal__global__1__0.3__-0.3,eye_pupil__8__ordinal__global,eye_pupil,8,ordinal,global,1,0.3,-0.3,0.32803078354986476
1,1,eye_pupil__8__ordinal__global__1__0.3__0.0,eye_pupil__8__ordinal__global,eye_pupil,8,ordinal,global,1,0.3,0.0,0.32114312831071046
1,1,eye_pupil__8__ordinal__global__1__0.3__0.3,eye_pupil__8__ordinal__global,eye_pupil,8,ordinal,global,1,0.3,0.3,0.3157980952005654
1,1,eye_pupil__8__ordinal__global__4__-0.3__-0.3,eye_pupil__8__ordinal__global,eye_pupil,8,ordinal,global,4,-0.3,-0.3,0.3183472328268789
1,1,eye_pupil__8__ordinal__global__4__-0.3__0.0,eye_pupil__8__ordinal__global,eye_pupil,8,ordinal,global,4,-0.3,0.0,0.32507981449124485
1,1,eye_pupil__8__ordinal__global__4__-0.3__0.3,eye_pupil__8__ordinal__global,eye_pupil,8,ordinal,global,4,-0.3,0.3,0.3350923468188593
1,1,eye_pupil__8__ordinal__global__4__0.0__-0.3,eye_pupil__8__ordinal__global,eye_pupil,8,ordinal,global,4,0.0,-0.3,0.34047848754937354
1,1,eye_pupil__8__ordinal__global__4__0.0__0.0,eye_pupil__8__ordinal__global,eye_pupil,8,ordinal,global,4,0.0,0.0,0.33352328757457766
1,1,eye_pupil__8__ordinal__global__4__0.0__0.3,eye_pupil__8__ordinal__global,eye_pupil,8,ordinal,global,4,0.0,0.3,0.3208677353372764
1,1,eye_pupil__8__ordinal__global__4__0.3__-0.3,eye_pupil__8__ordinal__global,eye_pupil,8,ordinal,global,4,0.3,-0.3,0.3367209006864589
1,1,eye_pupil__8__ordinal__global__4__0.3__0.0,eye_pupil__8__ordinal__global,eye_pupil,8,ordinal,global,4,0.3,0.0,0.33395136011183524
1,1,eye_pupil__8__ordinal__global__4__0.3__0.3,eye_pupil__8__ordinal__global,eye_pupil,8,ordinal,global,4,0.3,0.3,0.3104376901555928
1,1,eye_pupil__8__ordinal__participant__1__-0.3__-0.3,eye_pupil__8__ordinal__participant,eye_pupil,8,ordinal,participant,1,-0.3,-0.3,0.32282117945976857
1,1,eye_pupil__8__ordinal__participant__1__-0.3__0.0,eye_pupil__8__ordinal__participant,eye_pupil,8,ordinal,participant,1,-0.3,0.0,0.32739533181074587
1,1,eye_pupil__8__ordinal__participant__1__-0.3__0.3,eye_pupil__8__ordinal__participant,eye_pupil,8,ordinal,participant,1,-0.3,0.3,0.322414440432892
1,1,eye_pupil__8__ordinal__participant__1__0.0__-0.3,eye_pupil__8__ordinal__participant,eye_pupil,8,ordinal,participant,1,0.0,-0.3,0.3161052905285601
1,1,eye_pupil__8__ordinal__participant__1__0.0__0.0,eye_pupil__8__ordinal__participant,eye_pupil,8,ordinal,participant,1,0.0,0.0,0.3135927616193226
1,1,eye_pupil__8__ordinal__participant__1__0.0__0.3,eye_pupil__8__ordinal__participant,eye_pupil,8,ordinal,participant,1,0.0,0.3,0.3118060788683079
1,1,eye_pupil__8__ordinal__participant__1__0.3__-0.3,eye_pupil__8__ordinal__participant,eye_pupil,8,ordinal,participant,1,0.3,-0.3,0.325430676591546
1,1,eye_pupil__8__ordinal__participant__1__0.3__0.0,eye_pupil__8__ordinal__participant,eye_pupil,8,ordinal,participant,1,0.3,0.0,0.31244473164930603
1,1,eye_pupil__8__ordinal__participant__1__0.3__0.3,eye_pupil__8__ordinal__participant,eye_pupil,8,ordinal,participant,1,0.3,0.3,0.30406603316568814
1,1,eye_pupil__8__ordinal__participant__4__-0.3__-0.3,eye_pupil__8__ordinal__participant,eye_pupil,8,ordinal,participant,4,-0.3,-0.3,0.32846777072475136
1,1,eye_pupil__8__ordinal__participant__4__-0.3__0.0,eye_pupil__8__ordinal__participant,eye_pupil,8,ordinal,participant,4,-0.3,0.0,0.3256518655271506
1,1,eye_pupil__8__ordinal__participant__4__-0.3__0.3,eye_pupil__8__ordinal__participant,eye_pupil,8,ordinal,participant,4,-0.3,0.3,0.3248583490216033
1,1,eye_pupil__8__ordinal__participant__4__0.0__-0.3,eye_pupil__8__ordinal__participant,eye_pupil,8,ordinal,participant,4,0.0,-0.3,0.3279124199733838
1,1,eye_pupil__8__ordinal__participant__4__0.0__0.0,eye_pupil__8__ordinal__participant,eye_pupil,8,ordinal,participant,4,0.0,0.0,0.3147115509535271
1,1,eye_pupil__8__ordinal__participant__4__0.0__0.3,eye_pupil__8__ordinal__participant,eye_pupil,8,ordinal,participant,4,0.0,0.3,0.30780991663512086
1,1,eye_pupil__8__ordinal__participant__4__0.3__-0.3,eye_pupil__8__ordinal__participant,eye_pupil,8,ordinal,participant,4,0.3,-0.3,0.32864976525154094
1,1,eye_pupil__8__ordinal__participant__4__0.3__0.0,eye_pupil__8__ordinal__participant,eye_pupil,8,ordinal,participant,4,0.3,0.0,0.3197262919936528
1,1,eye_pupil__8__ordinal__participant__4__0.3__0.3,eye_pupil__8__ordinal__participant,eye_pupil,8,ordinal,participant,4,0.3,0.3,0.3002592088358232
1,1,eye_pupil__8__catboost__global__1__-0.3__-0.3,eye_pupil__8__catboost__global,eye_pupil,8,catboost,global,1,-0.3,-0.3,0.32696737204707
1,1,eye_pupil__8__catboost__global__1__-0.3__0.0,eye_pupil__8__catboost__global,eye_pupil,8,catboost,global,1,-0.3,0.0,0.3372334930110021
1,1,eye_pupil__8__catboost__global__1__-0.3__0.3,eye_pupil__8__catboost__global,eye_pupil,8,catboost,global,1,-0.3,0.3,0.33244823277331925
1,1,eye_pupil__8__catboost__global__1__0.0__-0.3,eye_pupil__8__catboost__global,eye_pupil,8,catboost,global,1,0.0,-0.3,0.3250159660559574
1,1,eye_pupil__8__catboost__global__1__0.0__0.0,eye_pupil__8__catboost__global,eye_pupil,8,catboost,global,1,0.0,0.0,0.328421008381396
1,1,eye_pupil__8__catboost__global__1__0.0__0.3,eye_pupil__8__catboost__global,eye_pupil,8,catboost,global,1,0.0,0.3,0.3247203644047187
1,1,eye_pupil__8__catboost__global__1__0.3__-0.3,eye_pupil__8__catboost__global,eye_pupil,8,catboost,global,1,0.3,-0.3,0.3527649898495657
1,1,eye_pupil__8__catboost__global__1__0.3__0.0,eye_pupil__8__catboost__global,eye_pupil,8,catboost,global,1,0.3,0.0,0.331425791804808
1,1,eye_pupil__8__catboost__global__1__0.3__0.3,eye_pupil__8__catboost__global,eye_pupil,8,catboost,global,1,0.3,0.3,0.31116792203054994
1,1,eye_pupil__8__catboost__global__4__-0.3__-0.3,eye_pupil__8__catboost__global,eye_pupil,8,catboost,global,4,-0.3,-0.3,0.3245054363770082
1,1,eye_pupil__8__catboost__global__4__-0.3__0.0,eye_pupil__8__catboost__global,eye_pupil,8,catboost,global,4,-0.3,0.0,0.33652525324560617
1,1,eye_pupil__8__catboost__global__4__-0.3__0.3,eye_pupil__8__catboost__global,eye_pupil,8,catboost,global,4,-0.3,0.3,0.32995748822617993
1,1,eye_pupil__8__catboost__global__4__0.0__-0.3,eye_pupil__8__catboost__global,eye_pupil,8,catboost,global,4,0.0,-0.3,0.323824750697162
1,1,eye_pupil__8__catboost__global__4__0.0__0.0,eye_pupil__8__catboost__global,eye_pupil,8,catboost,global,4,0.0,0.0,0.3250272795165702
1,1,eye_pupil__8__catboost__global__4__0.0__0.3,eye_pupil__8__catboost__global,eye_pupil,8,catboost,global,4,0.0,0.3,0.3219849474987981
1,1,eye_pupil__8__catboost__global__4__0.3__-0.3,eye_pupil__8__catboost__global,eye_pupil,8,catboost,global,4,0.3,-0.3,0.3525909134525361
1,1,eye_pupil__8__catboost__global__4__0.3__0.0,eye_pupil__8__catboost__global,eye_pupil,8,catboost,global,4,0.3,0.0,0.3365424477596559
1,1,eye_pupil__8__catboost__global__4__0.3__0.3,eye_pupil__8__catboost__global,eye_pupil,8,catboost,global,4,0.3,0.3,0.30344011891801004
1,1,eye_pupil__8__catboost__participant__1__-0.3__-0.3,eye_pupil__8__catboost__participant,eye_pupil,8,catboost,participant,1,-0.3,-0.3,0.31431711189122824
1,1,eye_pupil__8__catboost__participant__1__-0.3__0.0,eye_pupil__8__catboost__participant,eye_pupil,8,catboost,participant,1,-0.3,0.0,0.31609673254001414
1,1,eye_pupil__8__catboost__participant__1__-0.3__0.3,eye_pupil__8__catboost__participant,eye_pupil,8,catboost,participant,1,-0.3,0.3,0.32946804349722786
1,1,eye_pupil__8__catboost__participant__1__0.0__-0.3,eye_pupil__8__catboost__participant,eye_pupil,8,catboost,participant,1,0.0,-0.3,0.32298911668393804
1,1,eye_pupil__8__catboost__participant__1__0.0__0.0,eye_pupil__8__catboost__participant,eye_pupil,8,catboost,participant,1,0.0,0.0,0.3174635512854605
1,1,eye_pupil__8__catboost__participant__1__0.0__0.3,eye_pupil__8__catboost__participant,eye_pupil,8,catboost,participant,1,0.0,0.3,0.31497913349363604
1,1,eye_pupil__8__catboost__participant__1__0.3__-0.3,eye_pupil__8__catboost__participant,eye_pupil,8,catboost,participant,1,0.3,-0.3,0.33563206130568135
1,1,eye_pupil__8__catboost__participant__1__0.3__0.0,eye_pupil__8__catboost__participant,eye_pupil,8,catboost,participant,1,0.3,0.0,0.31457485814759445
1,1,eye_pupil__8__catboost__participant__1__0.3__0.3,eye_pupil__8__catboost__participant,eye_pupil,8,catboost,participant,1,0.3,0.3,0.31028686098989117
1,1,eye_pupil__8__catboost__participant__4__-0.3__-0.3,eye_pupil__8__catboost__participant,eye_pupil,8,catboost,participant,4,-0.3,-0.3,0.31997059243357007
1,1,eye_pupil__8__catboost__participant__4__-0.3__0.0,eye_pupil__8__catboost__participant,eye_pupil,8,catboost,participant,4,-0.3,0.0,0.3061713220298069
1,1,eye_pupil__8__catboost__participant__4__-0.3__0.3,eye_pupil__8__catboost__participant,eye_pupil,8,catboost,participant,4,-0.3,0.3,0.32961307289038383
1,1,eye_pupil__8__catboost__participant__4__0.0__-0.3,eye_pupil__8__catboost__participant,eye_pupil,8,catboost,participant,4,0.0,-0.3,0.32681226096762017
1,1,eye_pupil__8__catboost__participant__4__0.0__0.0,eye_pupil__8__catboost__participant,eye_pupil,8,catboost,participant,4,0.0,0.0,0.3087508217283939
1,1,eye_pupil__8__catboost__participant__4__0.0__0.3,eye_pupil__8__catboost__participant,eye_pupil,8,catboost,participant,4,0.0,0.3,0.30843501347703023
1,1,eye_pupil__8__catboost__participant__4__0.3__-0.3,eye_pupil__8__catboost__participant,eye_pupil,8,catboost,participant,4,0.3,-0.3,0.33826239279849357
1,1,eye_pupil__8__catboost__participant__4__0.3__0.0,eye_pupil__8__catboost__participant,eye_pupil,8,catboost,participant,4,0.3,0.0,0.31596777434089546
1,1,eye_pupil__8__catboost__participant__4__0.3__0.3,eye_pupil__8__catboost__participant,eye_pupil,8,catboost,participant,4,0.3,0.3,0.3031875700856336
1,1,full__1__logistic__global__1__-0.3__-0.3,full__1__logistic__global,full,1,logistic,global,1,-0.3,-0.3,0.34994965797049443
1,1,full__1__logistic__global__1__-0.3__0.0,full__1__logistic__global,full,1,logistic,global,1,-0.3,0.0,0.35964859843637964
1,1,full__1__logistic__global__1__-0.3__0.3,full__1__logistic__global,full,1,logistic,global,1,-0.3,0.3,0.34343093218621273
1,1,full__1__logistic__global__1__0.0__-0.3,full__1__logistic__global,full,1,logistic,global,1,0.0,-0.3,0.34608712761517024
1,1,full__1__logistic__global__1__0.0__0.0,full__1__logistic__global,full,1,logistic,global,1,0.0,0.0,0.35588171551066466
1,1,full__1__logistic__global__1__0.0__0.3,full__1__logistic__global,full,1,logistic,global,1,0.0,0.3,0.349975919660185
1,1,full__1__logistic__global__1__0.3__-0.3,full__1__logistic__global,full,1,logistic,global,1,0.3,-0.3,0.3424165012362213
1,1,full__1__logistic__global__1__0.3__0.0,full__1__logistic__global,full,1,logistic,global,1,0.3,0.0,0.34273325218819223
1,1,full__1__logistic__global__1__0.3__0.3,full__1__logistic__global,full,1,logistic,global,1,0.3,0.3,0.3451449600797704
1,1,full__1__logistic__global__4__-0.3__-0.3,full__1__logistic__global,full,1,logistic,global,4,-0.3,-0.3,0.3542112521034683
1,1,full__1__logistic__global__4__-0.3__0.0,full__1__logistic__global,full,1,logistic,global,4,-0.3,0.0,0.35707692432536936
1,1,full__1__logistic__global__4__-0.3__0.3,full__1__logistic__global,full,1,logistic,global,4,-0.3,0.3,0.34098645880342304
1,1,full__1__logistic__global__4__0.0__-0.3,full__1__logistic__global,full,1,logistic,global,4,0.0,-0.3,0.34526896191879813
1,1,full__1__logistic__global__4__0.0__0.0,full__1__logistic__global,full,1,logistic,global,4,0.0,0.0,0.35155241319787384
1,1,full__1__logistic__global__4__0.0__0.3,full__1__logistic__global,full,1,logistic,global,4,0.0,0.3,0.3479856092625661
1,1,full__1__logistic__global__4__0.3__-0.3,full__1__logistic__global,full,1,logistic,global,4,0.3,-0.3,0.3503199914162079
1,1,full__1__logistic__global__4__0.3__0.0,full__1__logistic__global,full,1,logistic,global,4,0.3,0.0,0.346633540242792
1,1,full__1__logistic__global__4__0.3__0.3,full__1__logistic__global,full,1,logistic,global,4,0.3,0.3,0.34750445185950657
1,1,full__1__logistic__participant__1__-0.3__-0.3,full__1__logistic__participant,full,1,logistic,participant,1,-0.3,-0.3,0.36759695900000705
1,1,full__1__logistic__participant__1__-0.3__0.0,full__1__logistic__participant,full,1,logistic,participant,1,-0.3,0.0,0.3495392001451551
1,1,full__1__logistic__participant__1__-0.3__0.3,full__1__logistic__participant,full,1,logistic,participant,1,-0.3,0.3,0.33618047105234666
1,1,full__1__logistic__participant__1__0.0__-0.3,full__1__logistic__participant,full,1,logistic,participant,1,0.0,-0.3,0.36005916796212745
1,1,full__1__logistic__participant__1__0.0__0.0,full__1__logistic__participant,full,1,logistic,participant,1,0.0,0.0,0.3559413726482063
1,1,full__1__logistic__participant__1__0.0__0.3,full__1__logistic__participant,full,1,logistic,participant,1,0.0,0.3,0.34388136918347845
1,1,full__1__logistic__participant__1__0.3__-0.3,full__1__logistic__participant,full,1,logistic,participant,1,0.3,-0.3,0.34762130516452155
1,1,full__1__logistic__participant__1__0.3__0.0,full__1__logistic__participant,full,1,logistic,participant,1,0.3,0.0,0.3572444133504567
1,1,full__1__logistic__participant__1__0.3__0.3,full__1__logistic__participant,full,1,logistic,participant,1,0.3,0.3,0.3513159657067938
1,1,full__1__logistic__participant__4__-0.3__-0.3,full__1__logistic__participant,full,1,logistic,participant,4,-0.3,-0.3,0.35734516089252116
1,1,full__1__logistic__participant__4__-0.3__0.0,full__1__logistic__participant,full,1,logistic,participant,4,-0.3,0.0,0.34429496957883304
1,1,full__1__logistic__participant__4__-0.3__0.3,full__1__logistic__participant,full,1,logistic,participant,4,-0.3,0.3,0.3337726212178885
1,1,full__1__logistic__participant__4__0.0__-0.3,full__1__logistic__participant,full,1,logistic,participant,4,0.0,-0.3,0.35792458611655326
1,1,full__1__logistic__participant__4__0.0__0.0,full__1__logistic__participant,full,1,logistic,participant,4,0.0,0.0,0.35553171668616407
1,1,full__1__logistic__participant__4__0.0__0.3,full__1__logistic__participant,full,1,logistic,participant,4,0.0,0.3,0.3405121796294659
1,1,full__1__logistic__participant__4__0.3__-0.3,full__1__logistic__participant,full,1,logistic,participant,4,0.3,-0.3,0.34164517411783946
1,1,full__1__logistic__participant__4__0.3__0.0,full__1__logistic__participant,full,1,logistic,participant,4,0.3,0.0,0.36301665324283944
1,1,full__1__logistic__participant__4__0.3__0.3,full__1__logistic__participant,full,1,logistic,participant,4,0.3,0.3,0.35369742058329706
1,1,full__1__ordinal__global__1__-0.3__-0.3,full__1__ordinal__global,full,1,ordinal,global,1,-0.3,-0.3,0.3514243135496401
1,1,full__1__ordinal__global__1__-0.3__0.0,full__1__ordinal__global,full,1,ordinal,global,1,-0.3,0.0,0.36261857055272007
1,1,full__1__ordinal__global__1__-0.3__0.3,full__1__ordinal__global,full,1,ordinal,global,1,-0.3,0.3,0.3406421590363313
1,1,full__1__ordinal__global__1__0.0__-0.3,full__1__ordinal__global,full,1,ordinal,global,1,0.0,-0.3,0.3443726328340595
1,1,full__1__ordinal__global__1__0.0__0.0,full__1__ordinal__global,full,1,ordinal,global,1,0.0,0.0,0.3573964261685594
1,1,full__1__ordinal__global__1__0.0__0.3,full__1__ordinal__global,full,1,ordinal,global,1,0.0,0.3,0.3470963404476006
1,1,full__1__ordinal__global__1__0.3__-0.3,full__1__ordinal__global,full,1,ordinal,global,1,0.3,-0.3,0.34082692445445445
1,1,full__1__ordinal__global__1__0.3__0.0,full__1__ordinal__global,full,1,ordinal,global,1,0.3,0.0,0.3455689057221285
1,1,full__1__ordinal__global__1__0.3__0.3,full__1__ordinal__global,full,1,ordinal,global,1,0.3,0.3,0.3394274876461718
1,1,full__1__ordinal__global__4__-0.3__-0.3,full__1__ordinal__global,full,1,ordinal,global,4,-0.3,-0.3,0.3535720995466596
1,1,full__1__ordinal__global__4__-0.3__0.0,full__1__ordinal__global,full,1,ordinal,global,4,-0.3,0.0,0.35937866125408496
1,1,full__1__ordinal__global__4__-0.3__0.3,full__1__ordinal__global,full,1,ordinal,global,4,-0.3,0.3,0.33815563207276744
1,1,full__1__ordinal__global__4__0.0__-0.3,full__1__ordinal__global,full,1,ordinal,global,4,0.0,-0.3,0.34131751521629405
1,1,full__1__ordinal__global__4__0.0__0.0,full__1__ordinal__global,full,1,ordinal,global,4,0.0,0.0,0.3557588968240703
1,1,full__1__ordinal__global__4__0.0__0.3,full__1__ordinal__global,full,1,ordinal,global,4,0.0,0.3,0.3446686914836105
1,1,full__1__ordinal__global__4__0.3__-0.3,full__1__ordinal__global,full,1,ordinal,global,4,0.3,-0.3,0.34886736856996814
1,1,full__1__ordinal__global__4__0.3__0.0,full__1__ordinal__global,full,1,ordinal,global,4,0.3,0.0,0.34789311991903055
1,1,full__1__ordinal__global__4__0.3__0.3,full__1__ordinal__global,full,1,ordinal,global,4,0.3,0.3,0.34464670426935207
1,1,full__1__ordinal__participant__1__-0.3__-0.3,full__1__ordinal__participant,full,1,ordinal,participant,1,-0.3,-0.3,0.36739521064927866
1,1,full__1__ordinal__participant__1__-0.3__0.0,full__1__ordinal__participant,full,1,ordinal,participant,1,-0.3,0.0,0.34925138935763783
1,1,full__1__ordinal__participant__1__-0.3__0.3,full__1__ordinal__participant,full,1,ordinal,participant,1,-0.3,0.3,0.3362797102515903
1,1,full__1__ordinal__participant__1__0.0__-0.3,full__1__ordinal__participant,full,1,ordinal,participant,1,0.0,-0.3,0.3615846893180184
1,1,full__1__ordinal__participant__1__0.0__0.0,full__1__ordinal__participant,full,1,ordinal,participant,1,0.0,0.0,0.3515872026819698
1,1,full__1__ordinal__participant__1__0.0__0.3,full__1__ordinal__participant,full,1,ordinal,participant,1,0.0,0.3,0.3433355915501176
1,1,full__1__ordinal__participant__1__0.3__-0.3,full__1__ordinal__participant,full,1,ordinal,participant,1,0.3,-0.3,0.346573581733288
1,1,full__1__ordinal__participant__1__0.3__0.0,full__1__ordinal__participant,full,1,ordinal,participant,1,0.3,0.0,0.3570365254617692
1,1,full__1__ordinal__participant__1__0.3__0.3,full__1__ordinal__participant,full,1,ordinal,participant,1,0.3,0.3,0.34988071815754834
1,1,full__1__ordinal__participant__4__-0.3__-0.3,full__1__ordinal__participant,full,1,ordinal,participant,4,-0.3,-0.3,0.35304227798063703
1,1,full__1__ordinal__participant__4__-0.3__0.0,full__1__ordinal__participant,full,1,ordinal,participant,4,-0.3,0.0,0.3409705239351168
1,1,full__1__ordinal__participant__4__-0.3__0.3,full__1__ordinal__participant,full,1,ordinal,participant,4,-0.3,0.3,0.3347313081866857
1,1,full__1__ordinal__participant__4__0.0__-0.3,full__1__ordinal__participant,full,1,ordinal,participant,4,0.0,-0.3,0.35692355589391483
1,1,full__1__ordinal__participant__4__0.0__0.0,full__1__ordinal__participant,full,1,ordinal,participant,4,0.0,0.0,0.35342489588122844
1,1,full__1__ordinal__participant__4__0.0__0.3,full__1__ordinal__participant,full,1,ordinal,participant,4,0.0,0.3,0.340048871176883
1,1,full__1__ordinal__participant__4__0.3__-0.3,full__1__ordinal__participant,full,1,ordinal,participant,4,0.3,-0.3,0.34050907098647304
1,1,full__1__ordinal__participant__4__0.3__0.0,full__1__ordinal__participant,full,1,ordinal,participant,4,0.3,0.0,0.3587730079773674
1,1,full__1__ordinal__participant__4__0.3__0.3,full__1__ordinal__participant,full,1,ordinal,participant,4,0.3,0.3,0.3533900753301557
1,1,full__1__catboost__global__1__-0.3__-0.3,full__1__catboost__global,full,1,catboost,global,1,-0.3,-0.3,0.36001977502943866
1,1,full__1__catboost__global__1__-0.3__0.0,full__1__catboost__global,full,1,catboost,global,1,-0.3,0.0,0.36576225054541034
1,1,full__1__catboost__global__1__-0.3__0.3,full__1__catboost__global,full,1,catboost,global,1,-0.3,0.3,0.3510712892685623
1,1,full__1__catboost__global__1__0.0__-0.3,full__1__catboost__global,full,1,catboost,global,1,0.0,-0.3,0.3588703589513772
1,1,full__1__catboost__global__1__0.0__0.0,full__1__catboost__global,full,1,catboost,global,1,0.0,0.0,0.36727596511287186
1,1,full__1__catboost__global__1__0.0__0.3,full__1__catboost__global,full,1,catboost,global,1,0.0,0.3,0.3509563125117273
1,1,full__1__catboost__global__1__0.3__-0.3,full__1__catboost__global,full,1,catboost,global,1,0.3,-0.3,0.35734149650056274
1,1,full__1__catboost__global__1__0.3__0.0,full__1__catboost__global,full,1,catboost,global,1,0.3,0.0,0.3545921149622073
1,1,full__1__catboost__global__1__0.3__0.3,full__1__catboost__global,full,1,catboost,global,1,0.3,0.3,0.3571544092410134
1,1,full__1__catboost__global__4__-0.3__-0.3,full__1__catboost__global,full,1,catboost,global,4,-0.3,-0.3,0.3541735530839
1,1,full__1__catboost__global__4__-0.3__0.0,full__1__catboost__global,full,1,catboost,global,4,-0.3,0.0,0.36589975219701026
1,1,full__1__catboost__global__4__-0.3__0.3,full__1__catboost__global,full,1,catboost,global,4,-0.3,0.3,0.34906068316352334
1,1,full__1__catboost__global__4__0.0__-0.3,full__1__catboost__global,full,1,catboost,global,4,0.0,-0.3,0.36449645195943925
1,1,full__1__catboost__global__4__0.0__0.0,full__1__catboost__global,full,1,catboost,global,4,0.0,0.0,0.3630097315872929
1,1,full__1__catboost__global__4__0.0__0.3,full__1__catboost__global,full,1,catboost,global,4,0.0,0.3,0.35754226910217907
1,1,full__1__catboost__global__4__0.3__-0.3,full__1__catboost__global,full,1,catboost,global,4,0.3,-0.3,0.3569384682127867
1,1,full__1__catboost__global__4__0.3__0.0,full__1__catboost__global,full,1,catboost,global,4,0.3,0.0,0.3483904825745836
1,1,full__1__catboost__global__4__0.3__0.3,full__1__catboost__global,full,1,catboost,global,4,0.3,0.3,0.35799864025735606
1,1,full__1__catboost__participant__1__-0.3__-0.3,full__1__catboost__participant,full,1,catboost,participant,1,-0.3,-0.3,0.37566070954778197
1,1,full__1__catboost__participant__1__-0.3__0.0,full__1__catboost__participant,full,1,catboost,participant,1,-0.3,0.0,0.3575382742679914
1,1,full__1__catboost__participant__1__-0.3__0.3,full__1__catboost__participant,full,1,catboost,participant,1,-0.3,0.3,0.337948854150804
1,1,full__1__catboost__participant__1__0.0__-0.3,full__1__catboost__participant,full,1,catboost,participant,1,0.0,-0.3,0.3667329172788556
1,1,full__1__catboost__participant__1__0.0__0.0,full__1__catboost__participant,full,1,catboost,participant,1,0.0,0.0,0.3681065447866742
1,1,full__1__catboost__participant__1__0.0__0.3,full__1__catboost__participant,full,1,catboost,participant,1,0.0,0.3,0.34847151935012255
1,1,full__1__catboost__participant__1__0.3__-0.3,full__1__catboost__participant,full,1,catboost,participant,1,0.3,-0.3,0.3444103252174499
1,1,full__1__catboost__participant__1__0.3__0.0,full__1__catboost__participant,full,1,catboost,participant,1,0.3,0.0,0.3519671216011316
1,1,full__1__catboost__participant__1__0.3__0.3,full__1__catboost__participant,full,1,catboost,participant,1,0.3,0.3,0.3596381480551624
1,1,full__1__catboost__participant__4__-0.3__-0.3,full__1__catboost__participant,full,1,catboost,participant,4,-0.3,-0.3,0.3729596421048897
1,1,full__1__catboost__participant__4__-0.3__0.0,full__1__catboost__participant,full,1,catboost,participant,4,-0.3,0.0,0.35943608110744457
1,1,full__1__catboost__participant__4__-0.3__0.3,full__1__catboost__participant,full,1,catboost,participant,4,-0.3,0.3,0.33582368559485265
1,1,full__1__catboost__participant__4__0.0__-0.3,full__1__catboost__participant,full,1,catboost,participant,4,0.0,-0.3,0.3605606752824996
1,1,full__1__catboost__participant__4__0.0__0.0,full__1__catboost__participant,full,1,catboost,participant,4,0.0,0.0,0.3648087179185261
1,1,full__1__catboost__participant__4__0.0__0.3,full__1__catboost__participant,full,1,catboost,participant,4,0.0,0.3,0.35120235217921897
1,1,full__1__catboost__participant__4__0.3__-0.3,full__1__catboost__participant,full,1,catboost,participant,4,0.3,-0.3,0.33944181572407733
1,1,full__1__catboost__participant__4__0.3__0.0,full__1__catboost__participant,full,1,catboost,participant,4,0.3,0.0,0.3496543982548512
1,1,full__1__catboost__participant__4__0.3__0.3,full__1__catboost__participant,full,1,catboost,participant,4,0.3,0.3,0.3600405105972092
1,1,full__8__logistic__global__1__-0.3__-0.3,full__8__logistic__global,full,8,logistic,global,1,-0.3,-0.3,0.3587928103149996
1,1,full__8__logistic__global__1__-0.3__0.0,full__8__logistic__global,full,8,logistic,global,1,-0.3,0.0,0.34658428310875067
1,1,full__8__logistic__global__1__-0.3__0.3,full__8__logistic__global,full,8,logistic,global,1,-0.3,0.3,0.34007324626602753
1,1,full__8__logistic__global__1__0.0__-0.3,full__8__logistic__global,full,8,logistic,global,1,0.0,-0.3,0.34827066451205907
1,1,full__8__logistic__global__1__0.0__0.0,full__8__logistic__global,full,8,logistic,global,1,0.0,0.0,0.34390232568018364
1,1,full__8__logistic__global__1__0.0__0.3,full__8__logistic__global,full,8,logistic,global,1,0.0,0.3,0.34121674883273595
1,1,full__8__logistic__global__1__0.3__-0.3,full__8__logistic__global,full,8,logistic,global,1,0.3,-0.3,0.34993669919300496
1,1,full__8__logistic__global__1__0.3__0.0,full__8__logistic__global,full,8,logistic,global,1,0.3,0.0,0.34311656981244254
1,1,full__8__logistic__global__1__0.3__0.3,full__8__logistic__global,full,8,logistic,global,1,0.3,0.3,0.34075236707319123
1,1,full__8__logistic__global__4__-0.3__-0.3,full__8__logistic__global,full,8,logistic,global,4,-0.3,-0.3,0.36056510582993684
1,1,full__8__logistic__global__4__-0.3__0.0,full__8__logistic__global,full,8,logistic,global,4,-0.3,0.0,0.34424508094125483
1,1,full__8__logistic__global__4__-0.3__0.3,full__8__logistic__global,full,8,logistic,global,4,-0.3,0.3,0.338936235029719
1,1,full__8__logistic__global__4__0.0__-0.3,full__8__logistic__global,full,8,logistic,global,4,0.0,-0.3,0.34054106699569797
1,1,full__8__logistic__global__4__0.0__0.0,full__8__logistic__global,full,8,logistic,global,4,0.0,0.0,0.33503229120997197
1,1,full__8__logistic__global__4__0.0__0.3,full__8__logistic__global,full,8,logistic,global,4,0.0,0.3,0.33404047863683234
1,1,full__8__logistic__global__4__0.3__-0.3,full__8__logistic__global,full,8,logistic,global,4,0.3,-0.3,0.3566715301419416
1,1,full__8__logistic__global__4__0.3__0.0,full__8__logistic__global,full,8,logistic,global,4,0.3,0.0,0.34070339332546673
1,1,full__8__logistic__global__4__0.3__0.3,full__8__logistic__global,full,8,logistic,global,4,0.3,0.3,0.338983107920487
1,1,full__8__logistic__participant__1__-0.3__-0.3,full__8__logistic__participant,full,8,logistic,participant,1,-0.3,-0.3,0.3449316945651992
1,1,full__8__logistic__participant__1__-0.3__0.0,full__8__logistic__participant,full,8,logistic,participant,1,-0.3,0.0,0.34263391266600096
1,1,full__8__logistic__participant__1__-0.3__0.3,full__8__logistic__participant,full,8,logistic,participant,1,-0.3,0.3,0.33512962664854634
1,1,full__8__logistic__participant__1__0.0__-0.3,full__8__logistic__participant,full,8,logistic,participant,1,0.0,-0.3,0.3484484811609132
1,1,full__8__logistic__participant__1__0.0__0.0,full__8__logistic__participant,full,8,logistic,participant,1,0.0,0.0,0.34248549594619554
1,1,full__8__logistic__participant__1__0.0__0.3,full__8__logistic__participant,full,8,logistic,participant,1,0.0,0.3,0.3433444970888861
1,1,full__8__logistic__participant__1__0.3__-0.3,full__8__logistic__participant,full,8,logistic,participant,1,0.3,-0.3,0.33725649112414824
1,1,full__8__logistic__participant__1__0.3__0.0,full__8__logistic__participant,full,8,logistic,participant,1,0.3,0.0,0.3346529960905268
1,1,full__8__logistic__participant__1__0.3__0.3,full__8__logistic__participant,full,8,logistic,participant,1,0.3,0.3,0.3350178132890751
1,1,full__8__logistic__participant__4__-0.3__-0.3,full__8__logistic__participant,full,8,logistic,participant,4,-0.3,-0.3,0.337218185315143
1,1,full__8__logistic__participant__4__-0.3__0.0,full__8__logistic__participant,full,8,logistic,participant,4,-0.3,0.0,0.3327770934189585
1,1,full__8__logistic__participant__4__-0.3__0.3,full__8__logistic__participant,full,8,logistic,participant,4,-0.3,0.3,0.3336211973122209
1,1,full__8__logistic__participant__4__0.0__-0.3,full__8__logistic__participant,full,8,logistic,participant,4,0.0,-0.3,0.3480061093979022
1,1,full__8__logistic__participant__4__0.0__0.0,full__8__logistic__participant,full,8,logistic,participant,4,0.0,0.0,0.34546433376604446
1,1,full__8__logistic__participant__4__0.0__0.3,full__8__logistic__participant,full,8,logistic,participant,4,0.0,0.3,0.33801758177830354
1,1,full__8__logistic__participant__4__0.3__-0.3,full__8__logistic__participant,full,8,logistic,participant,4,0.3,-0.3,0.345112778765562
1,1,full__8__logistic__participant__4__0.3__0.0,full__8__logistic__participant,full,8,logistic,participant,4,0.3,0.0,0.34045167579527136
1,1,full__8__logistic__participant__4__0.3__0.3,full__8__logistic__participant,full,8,logistic,participant,4,0.3,0.3,0.33644759869571544
1,1,full__8__ordinal__global__1__-0.3__-0.3,full__8__ordinal__global,full,8,ordinal,global,1,-0.3,-0.3,0.36213383629862916
1,1,full__8__ordinal__global__1__-0.3__0.0,full__8__ordinal__global,full,8,ordinal,global,1,-0.3,0.0,0.3506384573327453
1,1,full__8__ordinal__global__1__-0.3__0.3,full__8__ordinal__global,full,8,ordinal,global,1,-0.3,0.3,0.34434361551085113
1,1,full__8__ordinal__global__1__0.0__-0.3,full__8__ordinal__global,full,8,ordinal,global,1,0.0,-0.3,0.3405526270476771
1,1,full__8__ordinal__global__1__0.0__0.0,full__8__ordinal__global,full,8,ordinal,global,1,0.0,0.0,0.3438049793465261
1,1,full__8__ordinal__global__1__0.0__0.3,full__8__ordinal__global,full,8,ordinal,global,1,0.0,0.3,0.3417318350802271
1,1,full__8__ordinal__global__1__0.3__-0.3,full__8__ordinal__global,full,8,ordinal,global,1,0.3,-0.3,0.3497901513695013
1,1,full__8__ordinal__global__1__0.3__0.0,full__8__ordinal__global,full,8,ordinal,global,1,0.3,0.0,0.33893373026961227
1,1,full__8__ordinal__global__1__0.3__0.3,full__8__ordinal__global,full,8,ordinal,global,1,0.3,0.3,0.34297214951275834
1,1,full__8__ordinal__global__4__-0.3__-0.3,full__8__ordinal__global,full,8,ordinal,global,4,-0.3,-0.3,0.36049035871959023
1,1,full__8__ordinal__global__4__-0.3__0.0,full__8__ordinal__global,full,8,ordinal,global,4,-0.3,0.0,0.350684636898578
1,1,full__8__ordinal__global__4__-0.3__0.3,full__8__ordinal__global,full,8,ordinal,global,4,-0.3,0.3,0.3416832388459579
1,1,full__8__ordinal__global__4__0.0__-0.3,full__8__ordinal__global,full,8,ordinal,global,4,0.0,-0.3,0.3413896155511507
1,1,full__8__ordinal__global__4__0.0__0.0,full__8__ordinal__global,full,8,ordinal,global,4,0.0,0.0,0.3380832381525635
1,1,full__8__ordinal__global__4__0.0__0.3,full__8__ordinal__global,full,8,ordinal,global,4,0.0,0.3,0.33684985723622635
1,1,full__8__ordinal__global__4__0.3__-0.3,full__8__ordinal__global,full,8,ordinal,global,4,0.3,-0.3,0.3526761664156317
1,1,full__8__ordinal__global__4__0.3__0.0,full__8__ordinal__global,full,8,ordinal,global,4,0.3,0.0,0.33730763723820956
1,1,full__8__ordinal__global__4__0.3__0.3,full__8__ordinal__global,full,8,ordinal,global,4,0.3,0.3,0.3349919794709351
1,1,full__8__ordinal__participant__1__-0.3__-0.3,full__8__ordinal__participant,full,8,ordinal,participant,1,-0.3,-0.3,0.3421873299793153
1,1,full__8__ordinal__participant__1__-0.3__0.0,full__8__ordinal__participant,full,8,ordinal,participant,1,-0.3,0.0,0.3408766488742019
1,1,full__8__ordinal__participant__1__-0.3__0.3,full__8__ordinal__participant,full,8,ordinal,participant,1,-0.3,0.3,0.3341382805500011
1,1,full__8__ordinal__participant__1__0.0__-0.3,full__8__ordinal__participant,full,8,ordinal,participant,1,0.0,-0.3,0.3428811918682204
1,1,full__8__ordinal__participant__1__0.0__0.0,full__8__ordinal__participant,full,8,ordinal,participant,1,0.0,0.0,0.33874857884938336
1,1,full__8__ordinal__participant__1__0.0__0.3,full__8__ordinal__participant,full,8,ordinal,participant,1,0.0,0.3,0.3369206920364039
1,1,full__8__ordinal__participant__1__0.3__-0.3,full__8__ordinal__participant,full,8,ordinal,participant,1,0.3,-0.3,0.3395678674447763
1,1,full__8__ordinal__participant__1__0.3__0.0,full__8__ordinal__participant,full,8,ordinal,participant,1,0.3,0.0,0.3378344366530923
1,1,full__8__ordinal__participant__1__0.3__0.3,full__8__ordinal__participant,full,8,ordinal,participant,1,0.3,0.3,0.33390122742669404
1,1,full__8__ordinal__participant__4__-0.3__-0.3,full__8__ordinal__participant,full,8,ordinal,participant,4,-0.3,-0.3,0.3375775382346541
1,1,full__8__ordinal__participant__4__-0.3__0.0,full__8__ordinal__participant,full,8,ordinal,participant,4,-0.3,0.0,0.3295162402202956
1,1,full__8__ordinal__participant__4__-0.3__0.3,full__8__ordinal__participant,full,8,ordinal,participant,4,-0.3,0.3,0.3355490702025941
1,1,full__8__ordinal__participant__4__0.0__-0.3,full__8__ordinal__participant,full,8,ordinal,participant,4,0.0,-0.3,0.34200888055665
1,1,full__8__ordinal__participant__4__0.0__0.0,full__8__ordinal__participant,full,8,ordinal,participant,4,0.0,0.0,0.34449366049473673
1,1,full__8__ordinal__participant__4__0.0__0.3,full__8__ordinal__participant,full,8,ordinal,participant,4,0.0,0.3,0.3322155628992476
1,1,full__8__ordinal__participant__4__0.3__-0.3,full__8__ordinal__participant,full,8,ordinal,participant,4,0.3,-0.3,0.3425609066956763
1,1,full__8__ordinal__participant__4__0.3__0.0,full__8__ordinal__participant,full,8,ordinal,participant,4,0.3,0.0,0.3387971578575717
1,1,full__8__ordinal__participant__4__0.3__0.3,full__8__ordinal__participant,full,8,ordinal,participant,4,0.3,0.3,0.3343283829356903
1,1,full__8__catboost__global__1__-0.3__-0.3,full__8__catboost__global,full,8,catboost,global,1,-0.3,-0.3,0.3627003354742173
1,1,full__8__catboost__global__1__-0.3__0.0,full__8__catboost__global,full,8,catboost,global,1,-0.3,0.0,0.3608435969475146
1,1,full__8__catboost__global__1__-0.3__0.3,full__8__catboost__global,full,8,catboost,global,1,-0.3,0.3,0.3481145782206577
1,1,full__8__catboost__global__1__0.0__-0.3,full__8__catboost__global,full,8,catboost,global,1,0.0,-0.3,0.35569497017559243
1,1,full__8__catboost__global__1__0.0__0.0,full__8__catboost__global,full,8,catboost,global,1,0.0,0.0,0.35589157571840946
1,1,full__8__catboost__global__1__0.0__0.3,full__8__catboost__global,full,8,catboost,global,1,0.0,0.3,0.3477358460931989
1,1,full__8__catboost__global__1__0.3__-0.3,full__8__catboost__global,full,8,catboost,global,1,0.3,-0.3,0.3578331450165457
1,1,full__8__catboost__global__1__0.3__0.0,full__8__catboost__global,full,8,catboost,global,1,0.3,0.0,0.35238472399808624
1,1,full__8__catboost__global__1__0.3__0.3,full__8__catboost__global,full,8,catboost,global,1,0.3,0.3,0.3501245820088778
1,1,full__8__catboost__global__4__-0.3__-0.3,full__8__catboost__global,full,8,catboost,global,4,-0.3,-0.3,0.3609169117112614
1,1,full__8__catboost__global__4__-0.3__0.0,full__8__catboost__global,full,8,catboost,global,4,-0.3,0.0,0.36410811716465885
1,1,full__8__catboost__global__4__-0.3__0.3,full__8__catboost__global,full,8,catboost,global,4,-0.3,0.3,0.34893133100038654
1,1,full__8__catboost__global__4__0.0__-0.3,full__8__catboost__global,full,8,catboost,global,4,0.0,-0.3,0.35420456628373914
1,1,full__8__catboost__global__4__0.0__0.0,full__8__catboost__global,full,8,catboost,global,4,0.0,0.0,0.35859220635523864
1,1,full__8__catboost__global__4__0.0__0.3,full__8__catboost__global,full,8,catboost,global,4,0.0,0.3,0.35174084061508676
1,1,full__8__catboost__global__4__0.3__-0.3,full__8__catboost__global,full,8,catboost,global,4,0.3,-0.3,0.35713256525132764
1,1,full__8__catboost__global__4__0.3__0.0,full__8__catboost__global,full,8,catboost,global,4,0.3,0.0,0.35227043975059746
1,1,full__8__catboost__global__4__0.3__0.3,full__8__catboost__global,full,8,catboost,global,4,0.3,0.3,0.34848069920680497
1,1,full__8__catboost__participant__1__-0.3__-0.3,full__8__catboost__participant,full,8,catboost,participant,1,-0.3,-0.3,0.35461512291022534
1,1,full__8__catboost__participant__1__-0.3__0.0,full__8__catboost__participant,full,8,catboost,participant,1,-0.3,0.0,0.3443359013372964
1,1,full__8__catboost__participant__1__-0.3__0.3,full__8__catboost__participant,full,8,catboost,participant,1,-0.3,0.3,0.3347591665400253
1,1,full__8__catboost__participant__1__0.0__-0.3,full__8__catboost__participant,full,8,catboost,participant,1,0.0,-0.3,0.3553427561771373
1,1,full__8__catboost__participant__1__0.0__0.0,full__8__catboost__participant,full,8,catboost,participant,1,0.0,0.0,0.3493360930055959
1,1,full__8__catboost__participant__1__0.0__0.3,full__8__catboost__participant,full,8,catboost,participant,1,0.0,0.3,0.33112708597296026
1,1,full__8__catboost__participant__1__0.3__-0.3,full__8__catboost__participant,full,8,catboost,participant,1,0.3,-0.3,0.34257070430526304
1,1,full__8__catboost__participant__1__0.3__0.0,full__8__catboost__participant,full,8,catboost,participant,1,0.3,0.0,0.3460612139407345
1,1,full__8__catboost__participant__1__0.3__0.3,full__8__catboost__participant,full,8,catboost,participant,1,0.3,0.3,0.3371016729419129
1,1,full__8__catboost__participant__4__-0.3__-0.3,full__8__catboost__participant,full,8,catboost,participant,4,-0.3,-0.3,0.358201967505219
1,1,full__8__catboost__participant__4__-0.3__0.0,full__8__catboost__participant,full,8,catboost,participant,4,-0.3,0.0,0.33831274805142314
1,1,full__8__catboost__participant__4__-0.3__0.3,full__8__catboost__participant,full,8,catboost,participant,4,-0.3,0.3,0.3351426944815788
1,1,full__8__catboost__participant__4__0.0__-0.3,full__8__catboost__participant,full,8,catboost,participant,4,0.0,-0.3,0.35965823805967023
1,1,full__8__catboost__participant__4__0.0__0.0,full__8__catboost__participant,full,8,catboost,participant,4,0.0,0.0,0.3443604766523791
1,1,full__8__catboost__participant__4__0.0__0.3,full__8__catboost__participant,full,8,catboost,participant,4,0.0,0.3,0.32511162646058706
1,1,full__8__catboost__participant__4__0.3__-0.3,full__8__catboost__participant,full,8,catboost,participant,4,0.3,-0.3,0.33833800102600975
1,1,full__8__catboost__participant__4__0.3__0.0,full__8__catboost__participant,full,8,catboost,participant,4,0.3,0.0,0.3451051458047022
1,1,full__8__catboost__participant__4__0.3__0.3,full__8__catboost__participant,full,8,catboost,participant,4,0.3,0.3,0.33430664857409464
1,2,eye_pupil__1__logistic__global__1__-0.3__-0.3,eye_pupil__1__logistic__global,eye_pupil,1,logistic,global,1,-0.3,-0.3,0.34296242073363814
1,2,eye_pupil__1__logistic__global__1__-0.3__0.0,eye_pupil__1__logistic__global,eye_pupil,1,logistic,global,1,-0.3,0.0,0.33856786360918717
1,2,eye_pupil__1__logistic__global__1__-0.3__0.3,eye_pupil__1__logistic__global,eye_pupil,1,logistic,global,1,-0.3,0.3,0.331416551251395
1,2,eye_pupil__1__logistic__global__1__0.0__-0.3,eye_pupil__1__logistic__global,eye_pupil,1,logistic,global,1,0.0,-0.3,0.3566953208288518
1,2,eye_pupil__1__logistic__global__1__0.0__0.0,eye_pupil__1__logistic__global,eye_pupil,1,logistic,global,1,0.0,0.0,0.35147146650684125
1,2,eye_pupil__1__logistic__global__1__0.0__0.3,eye_pupil__1__logistic__global,eye_pupil,1,logistic,global,1,0.0,0.3,0.3301172711286437
1,2,eye_pupil__1__logistic__global__1__0.3__-0.3,eye_pupil__1__logistic__global,eye_pupil,1,logistic,global,1,0.3,-0.3,0.33871470276988963
1,2,eye_pupil__1__logistic__global__1__0.3__0.0,eye_pupil__1__logistic__global,eye_pupil,1,logistic,global,1,0.3,0.0,0.3404037997861
1,2,eye_pupil__1__logistic__global__1__0.3__0.3,eye_pupil__1__logistic__global,eye_pupil,1,logistic,global,1,0.3,0.3,0.3523573789120094
1,2,eye_pupil__1__logistic__global__4__-0.3__-0.3,eye_pupil__1__logistic__global,eye_pupil,1,logistic,global,4,-0.3,-0.3,0.33767373442074583
1,2,eye_pupil__1__logistic__global__4__-0.3__0.0,eye_pupil__1__logistic__global,eye_pupil,1,logistic,global,4,-0.3,0.0,0.3361458051858512
1,2,eye_pupil__1__logistic__global__4__-0.3__0.3,eye_pupil__1__logistic__global,eye_pupil,1,logistic,global,4,-0.3,0.3,0.3331295288110748
1,2,eye_pupil__1__logistic__global__4__0.0__-0.3,eye_pupil__1__logistic__global,eye_pupil,1,logistic,global,4,0.0,-0.3,0.36712167304789456
1,2,eye_pupil__1__logistic__global__4__0.0__0.0,eye_pupil__1__logistic__global,eye_pupil,1,logistic,global,4,0.0,0.0,0.36253622887488396
1,2,eye_pupil__1__logistic__global__4__0.0__0.3,eye_pupil__1__logistic__global,eye_pupil,1,logistic,global,4,0.0,0.3,0.32131197306218573
1,2,eye_pupil__1__logistic__global__4__0.3__-0.3,eye_pupil__1__logistic__global,eye_pupil,1,logistic,global,4,0.3,-0.3,0.33741943698368315
1,2,eye_pupil__1__logistic__global__4__0.3__0.0,eye_pupil__1__logistic__global,eye_pupil,1,logistic,global,4,0.3,0.0,0.3375674771801301
1,2,eye_pupil__1__logistic__global__4__0.3__0.3,eye_pupil__1__logistic__global,eye_pupil,1,logistic,global,4,0.3,0.3,0.35225205827769424
1,2,eye_pupil__1__logistic__participant__1__-0.3__-0.3,eye_pupil__1__logistic__participant,eye_pupil,1,logistic,participant,1,-0.3,-0.3,0.34274578142205914
1,2,eye_pupil__1__logistic__participant__1__-0.3__0.0,eye_pupil__1__logistic__participant,eye_pupil,1,logistic,participant,1,-0.3,0.0,0.33781120302207357
1,2,eye_pupil__1__logistic__participant__1__-0.3__0.3,eye_pupil__1__logistic__participant,eye_pupil,1,logistic,participant,1,-0.3,0.3,0.3339565097441131
1,2,eye_pupil__1__logistic__participant__1__0.0__-0.3,eye_pupil__1__logistic__participant,eye_pupil,1,logistic,participant,1,0.0,-0.3,0.34590252266243265
1,2,eye_pupil__1__logistic__participant__1__0.0__0.0,eye_pupil__1__logistic__participant,eye_pupil,1,logistic,participant,1,0.0,0.0,0.35117684516485453
1,2,eye_pupil__1__logistic__participant__1__0.0__0.3,eye_pupil__1__logistic__participant,eye_pupil,1,logistic,participant,1,0.0,0.3,0.3314284016587759
1,2,eye_pupil__1__logistic__participant__1__0.3__-0.3,eye_pupil__1__logistic__participant,eye_pupil,1,logistic,participant,1,0.3,-0.3,0.33410677193704763
1,2,eye_pupil__1__logistic__participant__1__0.3__0.0,eye_pupil__1__logistic__participant,eye_pupil,1,logistic,participant,1,0.3,0.0,0.33843136796794754
1,2,eye_pupil__1__logistic__participant__1__0.3__0.3,eye_pupil__1__logistic__participant,eye_pupil,1,logistic,participant,1,0.3,0.3,0.3503436007151595
1,2,eye_pupil__1__logistic__participant__4__-0.3__-0.3,eye_pupil__1__logistic__participant,eye_pupil,1,logistic,participant,4,-0.3,-0.3,0.35619554637824036
1,2,eye_pupil__1__logistic__participant__4__-0.3__0.0,eye_pupil__1__logistic__participant,eye_pupil,1,logistic,participant,4,-0.3,0.0,0.33788582201935646
1,2,eye_pupil__1__logistic__participant__4__-0.3__0.3,eye_pupil__1__logistic__participant,eye_pupil,1,logistic,participant,4,-0.3,0.3,0.3342991624004565
1,2,eye_pupil__1__logistic__participant__4__0.0__-0.3,eye_pupil__1__logistic__participant,eye_pupil,1,logistic,participant,4,0.0,-0.3,0.35221612769322597
1,2,eye_pupil__1__logistic__participant__4__0.0__0.0,eye_pupil__1__logistic__participant,eye_pupil,1,logistic,participant,4,0.0,0.0,0.35881767194790665
1,2,eye_pupil__1__logistic__participant__4__0.0__0.3,eye_pupil__1__logistic__participant,eye_pupil,1,logistic,participant,4,0.0,0.3,0.3344129455171883
1,2,eye_pupil__1__logistic__participant__4__0.3__-0.3,eye_pupil__1__logistic__participant,eye_pupil,1,logistic,participant,4,0.3,-0.3,0.3337480123675037
1,2,eye_pupil__1__logistic__participant__4__0.3__0.0,eye_pupil__1__logistic__participant,eye_pupil,1,logistic,participant,4,0.3,0.0,0.3365427375850526
1,2,eye_pupil__1__logistic__participant__4__0.3__0.3,eye_pupil__1__logistic__participant,eye_pupil,1,logistic,participant,4,0.3,0.3,0.3599083648274728
1,2,eye_pupil__1__ordinal__global__1__-0.3__-0.3,eye_pupil__1__ordinal__global,eye_pupil,1,ordinal,global,1,-0.3,-0.3,0.3441753601641297
1,2,eye_pupil__1__ordinal__global__1__-0.3__0.0,eye_pupil__1__ordinal__global,eye_pupil,1,ordinal,global,1,-0.3,0.0,0.3399974895144439
1,2,eye_pupil__1__ordinal__global__1__-0.3__0.3,eye_pupil__1__ordinal__global,eye_pupil,1,ordinal,global,1,-0.3,0.3,0.33235798878813155
1,2,eye_pupil__1__ordinal__global__1__0.0__-0.3,eye_pupil__1__ordinal__global,eye_pupil,1,ordinal,global,1,0.0,-0.3,0.35645416689300247
1,2,eye_pupil__1__ordinal__global__1__0.0__0.0,eye_pupil__1__ordinal__global,eye_pupil,1,ordinal,global,1,0.0,0.0,0.3499061059211498
1,2,eye_pupil__1__ordinal__global__1__0.0__0.3,eye_pupil__1__ordinal__global,eye_pupil,1,ordinal,global,1,0.0,0.3,0.3279226579924537
1,2,eye_pupil__1__ordinal__global__1__0.3__-0.3,eye_pupil__1__ordinal__global,eye_pupil,1,ordinal,global,1,0.3,-0.3,0.3366490095434942
1,2,eye_pupil__1__ordinal__global__1__0.3__0.0,eye_pupil__1__ordinal__global,eye_pupil,1,ordinal,global,1,0.3,0.0,0.3380005143493271
1,2,eye_pupil__1__ordinal__global__1__0.3__0.3,eye_pupil__1__ordinal__global,eye_pupil,1,ordinal,global,1,0.3,0.3,0.35113135727117417
1,2,eye_pupil__1__ordinal__global__4__-0.3__-0.3,eye_pupil__1__ordinal__global,eye_pupil,1,ordinal,global,4,-0.3,-0.3,0.33938976789672504
1,2,eye_pupil__1__ordinal__global__4__-0.3__0.0,eye_pupil__1__ordinal__global,eye_pupil,1,ordinal,global,4,-0.3,0.0,0.33273941321583084
1,2,eye_pupil__1__ordinal__global__4__-0.3__0.3,eye_pupil__1__ordinal__global,eye_pupil,1,ordinal,global,4,-0.3,0.3,0.3331487759282068
1,2,eye_pupil__1__ordinal__global__4__0.0__-0.3,eye_pupil__1__ordinal__global,eye_pupil,1,ordinal,global,4,0.0,-0.3,0.36589568480660806
1,2,eye_pupil__1__ordinal__global__4__0.0__0.0,eye_pupil__1__ordinal__global,eye_pupil,1,ordinal,global,4,0.0,0.0,0.35937912176469616
1,2,eye_pupil__1__ordinal__global__4__0.0__0.3,eye_pupil__1__ordinal__global,eye_pupil,1,ordinal,global,4,0.0,0.3,0.32087719603095755
1,2,eye_pupil__1__ordinal__global__4__0.3__-0.3,eye_pupil__1__ordinal__global,eye_pupil,1,ordinal,global,4,0.3,-0.3,0.33740190745227533
1,2,eye_pupil__1__ordinal__global__4__0.3__0.0,eye_pupil__1__ordinal__global,eye_pupil,1,ordinal,global,4,0.3,0.0,0.3375344768730176
1,2,eye_pupil__1__ordinal__global__4__0.3__0.3,eye_pupil__1__ordinal__global,eye_pupil,1,ordinal,global,4,0.3,0.3,0.3539523075517439
1,2,eye_pupil__1__ordinal__participant__1__-0.3__-0.3,eye_pupil__1__ordinal__participant,eye_pupil,1,ordinal,participant,1,-0.3,-0.3,0.3433031550507215
1,2,eye_pupil__1__ordinal__participant__1__-0.3__0.0,eye_pupil__1__ordinal__participant,eye_pupil,1,ordinal,participant,1,-0.3,0.0,0.3339376338980846
1,2,eye_pupil__1__ordinal__participant__1__-0.3__0.3,eye_pupil__1__ordinal__participant,eye_pupil,1,ordinal,participant,1,-0.3,0.3,0.335326567145405
1,2,eye_pupil__1__ordinal__participant__1__0.0__-0.3,eye_pupil__1__ordinal__participant,eye_pupil,1,ordinal,participant,1,0.0,-0.3,0.3471544181702496
1,2,eye_pupil__1__ordinal__participant__1__0.0__0.0,eye_pupil__1__ordinal__participant,eye_pupil,1,ordinal,participant,1,0.0,0.0,0.3535632812802953
1,2,eye_pupil__1__ordinal__participant__1__0.0__0.3,eye_pupil__1__ordinal__participant,eye_pupil,1,ordinal,participant,1,0.0,0.3,0.33135305636269186
1,2,eye_pupil__1__ordinal__participant__1__0.3__-0.3,eye_pupil__1__ordinal__participant,eye_pupil,1,ordinal,participant,1,0.3,-0.3,0.33370429231317983
1,2,eye_pupil__1__ordinal__participant__1__0.3__0.0,eye_pupil__1__ordinal__participant,eye_pupil,1,ordinal,participant,1,0.3,0.0,0.33741776868832224
1,2,eye_pupil__1__ordinal__participant__1__0.3__0.3,eye_pupil__1__ordinal__participant,eye_pupil,1,ordinal,participant,1,0.3,0.3,0.35348628954268174
1,2,eye_pupil__1__ordinal__participant__4__-0.3__-0.3,eye_pupil__1__ordinal__participant,eye_pupil,1,ordinal,participant,4,-0.3,-0.3,0.35364337963418446
1,2,eye_pupil__1__ordinal__participant__4__-0.3__0.0,eye_pupil__1__ordinal__participant,eye_pupil,1,ordinal,participant,4,-0.3,0.0,0.33663684447722364
1,2,eye_pupil__1__ordinal__participant__4__-0.3__0.3,eye_pupil__1__ordinal__participant,eye_pupil,1,ordinal,participant,4,-0.3,0.3,0.33502695591020487
1,2,eye_pupil__1__ordinal__participant__4__0.0__-0.3,eye_pupil__1__ordinal__participant,eye_pupil,1,ordinal,participant,4,0.0,-0.3,0.35143913765256496
1,2,eye_pupil__1__ordinal__participant__4__0.0__0.0,eye_pupil__1__ordinal__participant,eye_pupil,1,ordinal,participant,4,0.0,0.0,0.35790276240983854
1,2,eye_pupil__1__ordinal__participant__4__0.0__0.3,eye_pupil__1__ordinal__participant,eye_pupil,1,ordinal,participant,4,0.0,0.3,0.33438592902744135
1,2,eye_pupil__1__ordinal__participant__4__0.3__-0.3,eye_pupil__1__ordinal__participant,eye_pupil,1,ordinal,participant,4,0.3,-0.3,0.3335028409236641
1,2,eye_pupil__1__ordinal__participant__4__0.3__0.0,eye_pupil__1__ordinal__participant,eye_pupil,1,ordinal,participant,4,0.3,0.0,0.33659190088250424
1,2,eye_pupil__1__ordinal__participant__4__0.3__0.3,eye_pupil__1__ordinal__participant,eye_pupil,1,ordinal,participant,4,0.3,0.3,0.35912431753973434
1,2,eye_pupil__1__catboost__global__1__-0.3__-0.3,eye_pupil__1__catboost__global,eye_pupil,1,catboost,global,1,-0.3,-0.3,0.3393066946027859
1,2,eye_pupil__1__catboost__global__1__-0.3__0.0,eye_pupil__1__catboost__global,eye_pupil,1,catboost,global,1,-0.3,0.0,0.339951140106885
1,2,eye_pupil__1__catboost__global__1__-0.3__0.3,eye_pupil__1__catboost__global,eye_pupil,1,catboost,global,1,-0.3,0.3,0.33636389533732425
1,2,eye_pupil__1__catboost__global__1__0.0__-0.3,eye_pupil__1__catboost__global,eye_pupil,1,catboost,global,1,0.0,-0.3,0.35534867157761385
1,2,eye_pupil__1__catboost__global__1__0.0__0.0,eye_pupil__1__catboost__global,eye_pupil,1,catboost,global,1,0.0,0.0,0.3579486516632575
1,2,eye_pupil__1__catboost__global__1__0.0__0.3,eye_pupil__1__catboost__global,eye_pupil,1,catboost,global,1,0.0,0.3,0.33300043583539235
1,2,eye_pupil__1__catboost__global__1__0.3__-0.3,eye_pupil__1__catboost__global,eye_pupil,1,catboost,global,1,0.3,-0.3,0.3447570706048062
1,2,eye_pupil__1__catboost__global__1__0.3__0.0,eye_pupil__1__catboost__global,eye_pupil,1,catboost,global,1,0.3,0.0,0.3541307678469985
1,2,eye_pupil__1__catboost__global__1__0.3__0.3,eye_pupil__1__catboost__global,eye_pupil,1,catboost,global,1,0.3,0.3,0.3593325973159843
1,2,eye_pupil__1__catboost__global__4__-0.3__-0.3,eye_pupil__1__catboost__global,eye_pupil,1,catboost,global,4,-0.3,-0.3,0.3356445515910078
1,2,eye_pupil__1__catboost__global__4__-0.3__0.0,eye_pupil__1__catboost__global,eye_pupil,1,catboost,global,4,-0.3,0.0,0.3407230024477508
1,2,eye_pupil__1__catboost__global__4__-0.3__0.3,eye_pupil__1__catboost__global,eye_pupil,1,catboost,global,4,-0.3,0.3,0.3363568318059653
1,2,eye_pupil__1__catboost__global__4__0.0__-0.3,eye_pupil__1__catboost__global,eye_pupil,1,catboost,global,4,0.0,-0.3,0.3637889807345623
1,2,eye_pupil__1__catboost__global__4__0.0__0.0,eye_pupil__1__catboost__global,eye_pupil,1,catboost,global,4,0.0,0.0,0.3669402756689774
1,2,eye_pupil__1__catboost__global__4__0.0__0.3,eye_pupil__1__catboost__global,eye_pupil,1,catboost,global,4,0.0,0.3,0.3298071897949519
1,2,eye_pupil__1__catboost__global__4__0.3__-0.3,eye_pupil__1__catboost__global,eye_pupil,1,catboost,global,4,0.3,-0.3,0.3408736479120173
1,2,eye_pupil__1__catboost__global__4__0.3__0.0,eye_pupil__1__catboost__global,eye_pupil,1,catboost,global,4,0.3,0.0,0.34492002581469455
1,2,eye_pupil__1__catboost__global__4__0.3__0.3,eye_pupil__1__catboost__global,eye_pupil,1,catboost,global,4,0.3,0.3,0.3637385108631801
1,2,eye_pupil__1__catboost__participant__1__-0.3__-0.3,eye_pupil__1__catboost__participant,eye_pupil,1,catboost,participant,1,-0.3,-0.3,0.3508528482193506
1,2,eye_pupil__1__catboost__participant__1__-0.3__0.0,eye_pupil__1__catboost__participant,eye_pupil,1,catboost,participant,1,-0.3,0.0,0.34188689962760266
1,2,eye_pupil__1__catboost__participant__1__-0.3__0.3,eye_pupil__1__catboost__participant,eye_pupil,1,catboost,participant,1,-0.3,0.3,0.3330338491962605
1,2,eye_pupil__1__catboost__participant__1__0.0__-0.3,eye_pupil__1__catboost__participant,eye_pupil,1,catboost,participant,1,0.0,-0.3,0.35372671712444836
1,2,eye_pupil__1__catboost__participant__1__0.0__0.0,eye_pupil__1__catboost__participant,eye_pupil,1,catboost,participant,1,0.0,0.0,0.3537106851423171
1,2,eye_pupil__1__catboost__participant__1__0.0__0.3,eye_pupil__1__catboost__participant,eye_pupil,1,catboost,participant,1,0.0,0.3,0.3373096012550307
1,2,eye_pupil__1__catboost__participant__1__0.3__-0.3,eye_pupil__1__catboost__participant,eye_pupil,1,catboost,participant,1,0.3,-0.3,0.3366302749430196
1,2,eye_pupil__1__catboost__participant__1__0.3__0.0,eye_pupil__1__catboost__participant,eye_pupil,1,catboost,participant,1,0.3,0.0,0.3475707899525719
1,2,eye_pupil__1__catboost__participant__1__0.3__0.3,eye_pupil__1__catboost__participant,eye_pupil,1,catboost,participant,1,0.3,0.3,0.35131221854152617
1,2,eye_pupil__1__catboost__participant__4__-0.3__-0.3,eye_pupil__1__catboost__participant,eye_pupil,1,catboost,participant,4,-0.3,-0.3,0.35283255697835403
1,2,eye_pupil__1__catboost__participant__4__-0.3__0.0,eye_pupil__1__catboost__participant,eye_pupil,1,catboost,participant,4,-0.3,0.0,0.33369208177280274
1,2,eye_pupil__1__catboost__participant__4__-0.3__0.3,eye_pupil__1__catboost__participant,eye_pupil,1,catboost,participant,4,-0.3,0.3,0.3339112981615464
1,2,eye_pupil__1__catboost__participant__4__0.0__-0.3,eye_pupil__1__catboost__participant,eye_pupil,1,catboost,participant,4,0.0,-0.3,0.34780421544552914
1,2,eye_pupil__1__catboost__participant__4__0.0__0.0,eye_pupil__1__catboost__participant,eye_pupil,1,catboost,participant,4,0.0,0.0,0.3635060514348911
1,2,eye_pupil__1__catboost__participant__4__0.0__0.3,eye_pupil__1__catboost__participant,eye_pupil,1,catboost,participant,4,0.0,0.3,0.3323019676193377
1,2,eye_pupil__1__catboost__participant__4__0.3__-0.3,eye_pupil__1__catboost__participant,eye_pupil,1,catboost,participant,4,0.3,-0.3,0.3333020934911764
1,2,eye_pupil__1__catboost__participant__4__0.3__0.0,eye_pupil__1__catboost__participant,eye_pupil,1,catboost,participant,4,0.3,0.0,0.3409096528403729
1,2,eye_pupil__1__catboost__participant__4__0.3__0.3,eye_pupil__1__catboost__participant,eye_pupil,1,catboost,participant,4,0.3,0.3,0.3624098076090337
1,2,eye_pupil__8__logistic__global__1__-0.3__-0.3,eye_pupil__8__logistic__global,eye_pupil,8,logistic,global,1,-0.3,-0.3,0.3429063606087886
1,2,eye_pupil__8__logistic__global__1__-0.3__0.0,eye_pupil__8__logistic__global,eye_pupil,8,logistic,global,1,-0.3,0.0,0.3422673317579445
1,2,eye_pupil__8__logistic__global__1__-0.3__0.3,eye_pupil__8__logistic__global,eye_pupil,8,logistic,global,1,-0.3,0.3,0.3322136639841251
1,2,eye_pupil__8__logistic__global__1__0.0__-0.3,eye_pupil__8__logistic__global,eye_pupil,8,logistic,global,1,0.0,-0.3,0.3609773179552102
1,2,eye_pupil__8__logistic__global__1__0.0__0.0,eye_pupil__8__logistic__global,eye_pupil,8,logistic,global,1,0.0,0.0,0.36266155984724924
1,2,eye_pupil__8__logistic__global__1__0.0__0.3,eye_pupil__8__logistic__global,eye_pupil,8,logistic,global,1,0.0,0.3,0.3457873013834269
1,2,eye_pupil__8__logistic__global__1__0.3__-0.3,eye_pupil__8__logistic__global,eye_pupil,8,logistic,global,1,0.3,-0.3,0.35549187343427885
1,2,eye_pupil__8__logistic__global__1__0.3__0.0,eye_pupil__8__logistic__global,eye_pupil,8,logistic,global,1,0.3,0.0,0.35319697033658853
1,2,eye_pupil__8__logistic__global__1__0.3__0.3,eye_pupil__8__logistic__global,eye_pupil,8,logistic,global,1,0.3,0.3,0.34852879015751204
1,2,eye_pupil__8__logistic__global__4__-0.3__-0.3,eye_pupil__8__logistic__global,eye_pupil,8,logistic,global,4,-0.3,-0.3,0.3556995478988821
1,2,eye_pupil__8__logistic__global__4__-0.3__0.0,eye_pupil__8__logistic__global,eye_pupil,8,logistic,global,4,-0.3,0.0,0.34612339601057185
1,2,eye_pupil__8__logistic__global__4__-0.3__0.3,eye_pupil__8__logistic__global,eye_pupil,8,logistic,global,4,-0.3,0.3,0.33489551269475754
1,2,eye_pupil__8__logistic__global__4__0.0__-0.3,eye_pupil__8__logistic__global,eye_pupil,8,logistic,global,4,0.0,-0.3,0.3707766608120693
1,2,eye_pupil__8__logistic__global__4__0.0__0.0,eye_pupil__8__logistic__global,eye_pupil,8,logistic,global,4,0.0,0.0,0.3693280243247474
1,2,eye_pupil__8__logistic__global__4__0.0__0.3,eye_pupil__8__logistic__global,eye_pupil,8,logistic,global,4,0.0,0.3,0.34406394904323806
1,2,eye_pupil__8__logistic__global__4__0.3__-0.3,eye_pupil__8__logistic__global,eye_pupil,8,logistic,global,4,0.3,-0.3,0.35821523041949255
1,2,eye_pupil__8__logistic__global__4__0.3__0.0,eye_pupil__8__logistic__global,eye_pupil,8,logistic,global,4,0.3,0.0,0.3551267857554923
1,2,eye_pupil__8__logistic__global__4__0.3__0.3,eye_pupil__8__logistic__global,eye_pupil,8,logistic,global,4,0.3,0.3,0.36049111234865244
1,2,eye_pupil__8__logistic__participant__1__-0.3__-0.3,eye_pupil__8__logistic__participant,eye_pupil,8,logistic,participant,1,-0.3,-0.3,0.3588432839190072
1,2,eye_pupil__8__logistic__participant__1__-0.3__0.0,eye_pupil__8__logistic__participant,eye_pupil,8,logistic,participant,1,-0.3,0.0,0.3513348112726222
1,2,eye_pupil__8__logistic__participant__1__-0.3__0.3,eye_pupil__8__logistic__participant,eye_pupil,8,logistic,participant,1,-0.3,0.3,0.33534518136209945
1,2,eye_pupil__8__logistic__participant__1__0.0__-0.3,eye_pupil__8__logistic__participant,eye_pupil,8,logistic,participant,1,0.0,-0.3,0.35838158277912485
1,2,eye_pupil__8__logistic__participant__1__0.0__0.0,eye_pupil__8__logistic__participant,eye_pupil,8,logistic,participant,1,0.0,0.0,0.36109839707825125
1,2,eye_pupil__8__logistic__participant__1__0.0__0.3,eye_pupil__8__logistic__participant,eye_pupil,8,logistic,participant,1,0.0,0.3,0.3492159229251272
1,2,eye_pupil__8__logistic__participant__1__0.3__-0.3,eye_pupil__8__logistic__participant,eye_pupil,8,logistic,participant,1,0.3,-0.3,0.3454381794754673
1,2,eye_pupil__8__logistic__participant__1__0.3__0.0,eye_pupil__8__logistic__participant,eye_pupil,8,logistic,participant,1,0.3,0.0,0.35063888618177574
1,2,eye_pupil__8__logistic__participant__1__0.3__0.3,eye_pupil__8__logistic__participant,eye_pupil,8,logistic,participant,1,0.3,0.3,0.34949925289140965
1,2,eye_pupil__8__logistic__participant__4__-0.3__-0.3,eye_pupil__8__logistic__participant,eye_pupil,8,logistic,participant,4,-0.3,-0.3,0.36846480576031887
1,2,eye_pupil__8__logistic__participant__4__-0.3__0.0,eye_pupil__8__logistic__participant,eye_pupil,8,logistic,participant,4,-0.3,0.0,0.35172682111746295
1,2,eye_pupil__8__logistic__participant__4__-0.3__0.3,eye_pupil__8__logistic__participant,eye_pupil,8,logistic,participant,4,-0.3,0.3,0.33249247759900025
1,2,eye_pupil__8__logistic__participant__4__0.0__-0.3,eye_pupil__8__logistic__participant,eye_pupil,8,logistic,participant,4,0.0,-0.3,0.3560564372610502
1,2,eye_pupil__8__logistic__participant__4__0.0__0.0,eye_pupil__8__logistic__participant,eye_pupil,8,logistic,participant,4,0.0,0.0,0.3673948497003401
1,2,eye_pupil__8__logistic__participant__4__0.0__0.3,eye_pupil__8__logistic__participant,eye_pupil,8,logistic,participant,4,0.0,0.3,0.3485049421135808
1,2,eye_pupil__8__logistic__participant__4__0.3__-0.3,eye_pupil__8__logistic__participant,eye_pupil,8,logistic,participant,4,0.3,-0.3,0.3474848147183013
1,2,eye_pupil__8__logistic__participant__4__0.3__0.0,eye_pupil__8__logistic__participant,eye_pupil,8,logistic,participant,4,0.3,0.0,0.3462790156058015
1,2,eye_pupil__8__logistic__participant__4__0.3__0.3,eye_pupil__8__logistic__participant,eye_pupil,8,logistic,participant,4,0.3,0.3,0.35663589827081327
1,2,eye_pupil__8__ordinal__global__1__-0.3__-0.3,eye_pupil__8__ordinal__global,eye_pupil,8,ordinal,global,1,-0.3,-0.3,0.3463308833402084
1,2,eye_pupil__8__ordinal__global__1__-0.3__0.0,eye_pupil__8__ordinal__global,eye_pupil,8,ordinal,global,1,-0.3,0.0,0.34396184661880586
1,2,eye_pupil__8__ordinal__global__1__-0.3__0.3,eye_pupil__8__ordinal__global,eye_pupil,8,ordinal,global,1,-0.3,0.3,0.33279506058438507
1,2,eye_pupil__8__ordinal__global__1__0.0__-0.3,eye_pupil__8__ordinal__global,eye_pupil,8,ordinal,global,1,0.0,-0.3,0.36434691400439667
1,2,eye_pupil__8__ordinal__global__1__0.0__0.0,eye_pupil__8__ordinal__global,eye_pupil,8,ordinal,global,1,0.0,0.0,0.36443660345448137
1,2,eye_pupil__8__ordinal__global__1__0.0__0.3,eye_pupil__8__ordinal__global,eye_pupil,8,ordinal,global,1,0.0,0.3,0.3459920651388547
1,2,eye_pupil__8__ordinal__global__1__0.3__-0.3,eye_pupil__8__ordinal__global,eye_pupil,8,ordinal,global,1,0.3,-0.3,0.3585978266171291
1,2,eye_pupil__8__ordinal__global__1__0.3__0.0,eye_pupil__8__ordinal__global,eye_pupil,8,ordinal,global,1,0.3,0.0,0.3545924421214129
1,2,eye_pupil__8__ordinal__global__1__0.3__0.3,eye_pupil__8__ordinal__global,eye_pupil,8,ordinal,global,1,0.3,0.3,0.34742234373177117
1,2,eye_pupil__8__ordinal__global__4__-0.3__-0.3,eye_pupil__8__ordinal__global,eye_pupil,8,ordinal,global,4,-0.3,-0.3,0.35279811862001825
1,2,eye_pupil__8__ordinal__global__4__-0.3__0.0,eye_pupil__8__ordinal__global,eye_pupil,8,ordinal,global,4,-0.3,0.0,0.3404026489081069
1,2,eye_pupil__8__ordinal__global__4__-0.3__0.3,eye_pupil__8__ordinal__global,eye_pupil,8,ordinal,global,4,-0.3,0.3,0.3344527017555019
1,2,eye_pupil__8__ordinal__global__4__0.0__-0.3,eye_pupil__8__ordinal__global,eye_pupil,8,ordinal,global,4,0.0,-0.3,0.3716908171555622
1,2,eye_pupil__8__ordinal__global__4__0.0__0.0,eye_pupil__8__ordinal__global,eye_pupil,8,ordinal,global,4,0.0,0.0,0.3722895145040534
1,2,eye_pupil__8__ordinal__global__4__0.0__0.3,eye_pupil__8__ordinal__global,eye_pupil,8,ordinal,global,4,0.0,0.3,0.34286839523711404
1,2,eye_pupil__8__ordinal__global__4__0.3__-0.3,eye_pupil__8__ordinal__global,eye_pupil,8,ordinal,global,4,0.3,-0.3,0.357285294403121
1,2,eye_pupil__8__ordinal__global__4__0.3__0.0,eye_pupil__8__ordinal__global,eye_pupil,8,ordinal,global,4,0.3,0.0,0.35466589919529706
1,2,eye_pupil__8__ordinal__global__4__0.3__0.3,eye_pupil__8__ordinal__global,eye_pupil,8,ordinal,global,4,0.3,0.3,0.3608078163876978
1,2,eye_pupil__8__ordinal__participant__1__-0.3__-0.3,eye_pupil__8__ordinal__participant,eye_pupil,8,ordinal,participant,1,-0.3,-0.3,0.35423429601378575
1,2,eye_pupil__8__ordinal__participant__1__-0.3__0.0,eye_pupil__8__ordinal__participant,eye_pupil,8,ordinal,participant,1,-0.3,0.0,0.3482875980643419
1,2,eye_pupil__8__ordinal__participant__1__-0.3__0.3,eye_pupil__8__ordinal__participant,eye_pupil,8,ordinal,participant,1,-0.3,0.3,0.3352779196576077
1,2,eye_pupil__8__ordinal__participant__1__0.0__-0.3,eye_pupil__8__ordinal__participant,eye_pupil,8,ordinal,participant,1,0.0,-0.3,0.355361222812997
1,2,eye_pupil__8__ordinal__participant__1__0.0__0.0,eye_pupil__8__ordinal__participant,eye_pupil,8,ordinal,participant,1,0.0,0.0,0.3554350139069204
1,2,eye_pupil__8__ordinal__participant__1__0.0__0.3,eye_pupil__8__ordinal__participant,eye_pupil,8,ordinal,participant,1,0.0,0.3,0.3463452006452121
1,2,eye_pupil__8__ordinal__participant__1__0.3__-0.3,eye_pupil__8__ordinal__participant,eye_pupil,8,ordinal,participant,1,0.3,-0.3,0.34411972349962977
1,2,eye_pupil__8__ordinal__participant__1__0.3__0.0,eye_pupil__8__ordinal__participant,eye_pupil,8,ordinal,participant,1,0.3,0.0,0.34816711654387056
1,2,eye_pupil__8__ordinal__participant__1__0.3__0.3,eye_pupil__8__ordinal__participant,eye_pupil,8,ordinal,participant,1,0.3,0.3,0.34723709274934667
1,2,eye_pupil__8__ordinal__participant__4__-0.3__-0.3,eye_pupil__8__ordinal__participant,eye_pupil,8,ordinal,participant,4,-0.3,-0.3,0.3667114078612234
1,2,eye_pupil__8__ordinal__participant__4__-0.3__0.0,eye_pupil__8__ordinal__participant,eye_pupil,8,ordinal,participant,4,-0.3,0.0,0.3522448603860861
1,2,eye_pupil__8__ordinal__participant__4__-0.3__0.3,eye_pupil__8__ordinal__participant,eye_pupil,8,ordinal,participant,4,-0.3,0.3,0.33100703748825144
1,2,eye_pupil__8__ordinal__participant__4__0.0__-0.3,eye_pupil__8__ordinal__participant,eye_pupil,8,ordinal,participant,4,0.0,-0.3,0.3555102696121858
1,2,eye_pupil__8__ordinal__participant__4__0.0__0.0,eye_pupil__8__ordinal__participant,eye_pupil,8,ordinal,participant,4,0.0,0.0,0.3665160881814977
1,2,eye_pupil__8__ordinal__participant__4__0.0__0.3,eye_pupil__8__ordinal__participant,eye_pupil,8,ordinal,participant,4,0.0,0.3,0.34729020553718387
1,2,eye_pupil__8__ordinal__participant__4__0.3__-0.3,eye_pupil__8__ordinal__participant,eye_pupil,8,ordinal,participant,4,0.3,-0.3,0.3452942530229001
1,2,eye_pupil__8__ordinal__participant__4__0.3__0.0,eye_pupil__8__ordinal__participant,eye_pupil,8,ordinal,participant,4,0.3,0.0,0.344568829805771
1,2,eye_pupil__8__ordinal__participant__4__0.3__0.3,eye_pupil__8__ordinal__participant,eye_pupil,8,ordinal,participant,4,0.3,0.3,0.3572908253012767
1,2,eye_pupil__8__catboost__global__1__-0.3__-0.3,eye_pupil__8__catboost__global,eye_pupil,8,catboost,global,1,-0.3,-0.3,0.35093478469830236
1,2,eye_pupil__8__catboost__global__1__-0.3__0.0,eye_pupil__8__catboost__global,eye_pupil,8,catboost,global,1,-0.3,0.0,0.3513482377822603
1,2,eye_pupil__8__catboost__global__1__-0.3__0.3,eye_pupil__8__catboost__global,eye_pupil,8,catboost,global,1,-0.3,0.3,0.3405207363920993
1,2,eye_pupil__8__catboost__global__1__0.0__-0.3,eye_pupil__8__catboost__global,eye_pupil,8,catboost,global,1,0.0,-0.3,0.3522632852919932
1,2,eye_pupil__8__catboost__global__1__0.0__0.0,eye_pupil__8__catboost__global,eye_pupil,8,catboost,global,1,0.0,0.0,0.36892967536781657
1,2,eye_pupil__8__catboost__global__1__0.0__0.3,eye_pupil__8__catboost__global,eye_pupil,8,catboost,global,1,0.0,0.3,0.3471920588215939
1,2,eye_pupil__8__catboost__global__1__0.3__-0.3,eye_pupil__8__catboost__global,eye_pupil,8,catboost,global,1,0.3,-0.3,0.33810776852406293
1,2,eye_pupil__8__catboost__global__1__0.3__0.0,eye_pupil__8__catboost__global,eye_pupil,8,catboost,global,1,0.3,0.0,0.3425680987965904
1,2,eye_pupil__8__catboost__global__1__0.3__0.3,eye_pupil__8__catboost__global,eye_pupil,8,catboost,global,1,0.3,0.3,0.36417188090187286
1,2,eye_pupil__8__catboost__global__4__-0.3__-0.3,eye_pupil__8__catboost__global,eye_pupil,8,catboost,global,4,-0.3,-0.3,0.3512338563051812
1,2,eye_pupil__8__catboost__global__4__-0.3__0.0,eye_pupil__8__catboost__global,eye_pupil,8,catboost,global,4,-0.3,0.0,0.3520369032911324
1,2,eye_pupil__8__catboost__global__4__-0.3__0.3,eye_pupil__8__catboost__global,eye_pupil,8,catboost,global,4,-0.3,0.3,0.3366544232332679
1,2,eye_pupil__8__catboost__global__4__0.0__-0.3,eye_pupil__8__catboost__global,eye_pupil,8,catboost,global,4,0.0,-0.3,0.3551364821227067
1,2,eye_pupil__8__catboost__global__4__0.0__0.0,eye_pupil__8__catboost__global,eye_pupil,8,catboost,global,4,0.0,0.0,0.3691527946447797
1,2,eye_pupil__8__catboost__global__4__0.0__0.3,eye_pupil__8__catboost__global,eye_pupil,8,catboost,global,4,0.0,0.3,0.34584775450027816
1,2,eye_pupil__8__catboost__global__4__0.3__-0.3,eye_pupil__8__catboost__global,eye_pupil,8,catboost,global,4,0.3,-0.3,0.336820699848829
1,2,eye_pupil__8__catboost__global__4__0.3__0.0,eye_pupil__8__catboost__global,eye_pupil,8,catboost,global,4,0.3,0.0,0.3399247323617005
1,2,eye_pupil__8__catboost__global__4__0.3__0.3,eye_pupil__8__catboost__global,eye_pupil,8,catboost,global,4,0.3,0.3,0.36160804583204476
1,2,eye_pupil__8__catboost__participant__1__-0.3__-0.3,eye_pupil__8__catboost__participant,eye_pupil,8,catboost,participant,1,-0.3,-0.3,0.3590086799016007
1,2,eye_pupil__8__catboost__participant__1__-0.3__0.0,eye_pupil__8__catboost__participant,eye_pupil,8,catboost,participant,1,-0.3,0.0,0.3505354141372694
1,2,eye_pupil__8__catboost__participant__1__-0.3__0.3,eye_pupil__8__catboost__participant,eye_pupil,8,catboost,participant,1,-0.3,0.3,0.3370707650585618
1,2,eye_pupil__8__catboost__participant__1__0.0__-0.3,eye_pupil__8__catboost__participant,eye_pupil,8,catboost,participant,1,0.0,-0.3,0.34452876839016383
1,2,eye_pupil__8__catboost__participant__1__0.0__0.0,eye_pupil__8__catboost__participant,eye_pupil,8,catboost,participant,1,0.0,0.0,0.36732849736993456
1,2,eye_pupil__8__catboost__participant__1__0.0__0.3,eye_pupil__8__catboost__participant,eye_pupil,8,catboost,participant,1,0.0,0.3,0.3446235173198138
1,2,eye_pupil__8__catboost__participant__1__0.3__-0.3,eye_pupil__8__catboost__participant,eye_pupil,8,catboost,participant,1,0.3,-0.3,0.33491506627247275
1,2,eye_pupil__8__catboost__participant__1__0.3__0.0,eye_pupil__8__catboost__participant,eye_pupil,8,catboost,participant,1,0.3,0.0,0.3441249670702673
1,2,eye_pupil__8__catboost__participant__1__0.3__0.3,eye_pupil__8__catboost__participant,eye_pupil,8,catboost,participant,1,0.3,0.3,0.36442159785172334
1,2,eye_pupil__8__catboost__participant__4__-0.3__-0.3,eye_pupil__8__catboost__participant,eye_pupil,8,catboost,participant,4,-0.3,-0.3,0.3608786354851609
1,2,eye_pupil__8__catboost__participant__4__-0.3__0.0,eye_pupil__8__catboost__participant,eye_pupil,8,catboost,participant,4,-0.3,0.0,0.3404703405693292
1,2,eye_pupil__8__catboost__participant__4__-0.3__0.3,eye_pupil__8__catboost__participant,eye_pupil,8,catboost,participant,4,-0.3,0.3,0.33753285202372635
1,2,eye_pupil__8__catboost__participant__4__0.0__-0.3,eye_pupil__8__catboost__participant,eye_pupil,8,catboost,participant,4,0.0,-0.3,0.34433078741997303
1,2,eye_pupil__8__catboost__participant__4__0.0__0.0,eye_pupil__8__catboost__participant,eye_pupil,8,catboost,participant,4,0.0,0.0,0.3646225391234244
1,2,eye_pupil__8__catboost__participant__4__0.0__0.3,eye_pupil__8__catboost__participant,eye_pupil,8,catboost,participant,4,0.0,0.3,0.3407647533650035
1,2,eye_pupil__8__catboost__participant__4__0.3__-0.3,eye_pupil__8__catboost__participant,eye_pupil,8,catboost,participant,4,0.3,-0.3,0.3346426353065245
1,2,eye_pupil__8__catboost__participant__4__0.3__0.0,eye_pupil__8__catboost__participant,eye_pupil,8,catboost,participant,4,0.3,0.0,0.3398135334626021
1,2,eye_pupil__8__catboost__participant__4__0.3__0.3,eye_pupil__8__catboost__participant,eye_pupil,8,catboost,participant,4,0.3,0.3,0.364200737001846
1,2,full__1__logistic__global__1__-0.3__-0.3,full__1__logistic__global,full,1,logistic,global,1,-0.3,-0.3,0.3403208409702012
1,2,full__1__logistic__global__1__-0.3__0.0,full__1__logistic__global,full,1,logistic,global,1,-0.3,0.0,0.33215252547271046
1,2,full__1__logistic__global__1__-0.3__0.3,full__1__logistic__global,full,1,logistic,global,1,-0.3,0.3,0.3276917749662223
1,2,full__1__logistic__global__1__0.0__-0.3,full__1__logistic__global,full,1,logistic,global,1,0.0,-0.3,0.35184311141081454
1,2,full__1__logistic__global__1__0.0__0.0,full__1__logistic__global,full,1,logistic,global,1,0.0,0.0,0.343186998459747
1,2,full__1__logistic__global__1__0.0__0.3,full__1__logistic__global,full,1,logistic,global,1,0.0,0.3,0.3304630201061547
1,2,full__1__logistic__global__1__0.3__-0.3,full__1__logistic__global,full,1,logistic,global,1,0.3,-0.3,0.3539198563136681
1,2,full__1__logistic__global__1__0.3__0.0,full__1__logistic__global,full,1,logistic,global,1,0.3,0.0,0.35155173979913457
1,2,full__1__logistic__global__1__0.3__0.3,full__1__logistic__global,full,1,logistic,global,1,0.3,0.3,0.34332740150588836
1,2,full__1__logistic__global__4__-0.3__-0.3,full__1__logistic__global,full,1,logistic,global,4,-0.3,-0.3,0.3346671236521965
1,2,full__1__logistic__global__4__-0.3__0.0,full__1__logistic__global,full,1,logistic,global,4,-0.3,0.0,0.32361897858885114
1,2,full__1__logistic__global__4__-0.3__0.3,full__1__logistic__global,full,1,logistic,global,4,-0.3,0.3,0.33165733910310524
1,2,full__1__logistic__global__4__0.0__-0.3,full__1__logistic__global,full,1,logistic,global,4,0.0,-0.3,0.35983711078116215
1,2,full__1__logistic__global__4__0.0__0.0,full__1__logistic__global,full,1,logistic,global,4,0.0,0.0,0.34713854562257446
1,2,full__1__logistic__global__4__0.0__0.3,full__1__logistic__global,full,1,logistic,global,4,0.0,0.3,0.3326397638474826
1,2,full__1__logistic__global__4__0.3__-0.3,full__1__logistic__global,full,1,logistic,global,4,0.3,-0.3,0.36006759169195623
1,2,full__1__logistic__global__4__0.3__0.0,full__1__logistic__global,full,1,logistic,global,4,0.3,0.0,0.3589547618396026
1,2,full__1__logistic__global__4__0.3__0.3,full__1__logistic__global,full,1,logistic,global,4,0.3,0.3,0.3549622433266111
1,2,full__1__logistic__participant__1__-0.3__-0.3,full__1__logistic__participant,full,1,logistic,participant,1,-0.3,-0.3,0.34408571185667247
1,2,full__1__logistic__participant__1__-0.3__0.0,full__1__logistic__participant,full,1,logistic,participant,1,-0.3,0.0,0.33115326367227516
1,2,full__1__logistic__participant__1__-0.3__0.3,full__1__logistic__participant,full,1,logistic,participant,1,-0.3,0.3,0.3384131024711696
1,2,full__1__logistic__participant__1__0.0__-0.3,full__1__logistic__participant,full,1,logistic,participant,1,0.0,-0.3,0.35455587254779825
1,2,full__1__logistic__participant__1__0.0__0.0,full__1__logistic__participant,full,1,logistic,participant,1,0.0,0.0,0.3496219557314895
1,2,full__1__logistic__participant__1__0.0__0.3,full__1__logistic__participant,full,1,logistic,participant,1,0.0,0.3,0.3387687631302902
1,2,full__1__logistic__participant__1__0.3__-0.3,full__1__logistic__participant,full,1,logistic,participant,1,0.3,-0.3,0.34147840593384254
1,2,full__1__logistic__participant__1__0.3__0.0,full__1__logistic__participant,full,1,logistic,participant,1,0.3,0.0,0.34588070761445366
1,2,full__1__logistic__participant__1__0.3__0.3,full__1__logistic__participant,full,1,logistic,participant,1,0.3,0.3,0.3474289520950618
1,2,full__1__logistic__participant__4__-0.3__-0.3,full__1__logistic__participant,full,1,logistic,participant,4,-0.3,-0.3,0.34557547767567354
1,2,full__1__logistic__participant__4__-0.3__0.0,full__1__logistic__participant,full,1,logistic,participant,4,-0.3,0.0,0.3351957503255331
1,2,full__1__logistic__participant__4__-0.3__0.3,full__1__logistic__participant,full,1,logistic,participant,4,-0.3,0.3,0.3367387052830453
1,2,full__1__logistic__participant__4__0.0__-0.3,full__1__logistic__participant,full,1,logistic,participant,4,0.0,-0.3,0.36133114636716507
1,2,full__1__logistic__participant__4__0.0__0.0,full__1__logistic__participant,full,1,logistic,participant,4,0.0,0.0,0.3715341808346094
1,2,full__1__logistic__participant__4__0.0__0.3,full__1__logistic__participant,full,1,logistic,participant,4,0.0,0.3,0.3423307134762547
1,2,full__1__logistic__participant__4__0.3__-0.3,full__1__logistic__participant,full,1,logistic,participant,4,0.3,-0.3,0.3402169099432131
1,2,full__1__logistic__participant__4__0.3__0.0,full__1__logistic__participant,full,1,logistic,participant,4,0.3,0.0,0.34776158919600764
1,2,full__1__logistic__participant__4__0.3__0.3,full__1__logistic__participant,full,1,logistic,participant,4,0.3,0.3,0.36217087910061724
1,2,full__1__ordinal__global__1__-0.3__-0.3,full__1__ordinal__global,full,1,ordinal,global,1,-0.3,-0.3,0.33869357218429647
1,2,full__1__ordinal__global__1__-0.3__0.0,full__1__ordinal__global,full,1,ordinal,global,1,-0.3,0.0,0.33767529883624703
1,2,full__1__ordinal__global__1__-0.3__0.3,full__1__ordinal__global,full,1,ordinal,global,1,-0.3,0.3,0.32599733984026935
1,2,full__1__ordinal__global__1__0.0__-0.3,full__1__ordinal__global,full,1,ordinal,global,1,0.0,-0.3,0.3532736512641726
1,2,full__1__ordinal__global__1__0.0__0.0,full__1__ordinal__global,full,1,ordinal,global,1,0.0,0.0,0.3474387307615502
1,2,full__1__ordinal__global__1__0.0__0.3,full__1__ordinal__global,full,1,ordinal,global,1,0.0,0.3,0.32932430567992654
1,2,full__1__ordinal__global__1__0.3__-0.3,full__1__ordinal__global,full,1,ordinal,global,1,0.3,-0.3,0.35017053261356385
1,2,full__1__ordinal__global__1__0.3__0.0,full__1__ordinal__global,full,1,ordinal,global,1,0.3,0.0,0.35199752983859867
1,2,full__1__ordinal__global__1__0.3__0.3,full__1__ordinal__global,full,1,ordinal,global,1,0.3,0.3,0.3424932447446106
1,2,full__1__ordinal__global__4__-0.3__-0.3,full__1__ordinal__global,full,1,ordinal,global,4,-0.3,-0.3,0.3333889701755966
1,2,full__1__ordinal__global__4__-0.3__0.0,full__1__ordinal__global,full,1,ordinal,global,4,-0.3,0.0,0.3297463287966048
1,2,full__1__ordinal__global__4__-0.3__0.3,full__1__ordinal__global,full,1,ordinal,global,4,-0.3,0.3,0.3328656807315575
1,2,full__1__ordinal__global__4__0.0__-0.3,full__1__ordinal__global,full,1,ordinal,global,4,0.0,-0.3,0.3603992290153365
1,2,full__1__ordinal__global__4__0.0__0.0,full__1__ordinal__global,full,1,ordinal,global,4,0.0,0.0,0.35429695075204626
1,2,full__1__ordinal__global__4__0.0__0.3,full__1__ordinal__global,full,1,ordinal,global,4,0.0,0.3,0.33441891729398876
1,2,full__1__ordinal__global__4__0.3__-0.3,full__1__ordinal__global,full,1,ordinal,global,4,0.3,-0.3,0.3584450298784221
1,2,full__1__ordinal__global__4__0.3__0.0,full__1__ordinal__global,full,1,ordinal,global,4,0.3,0.0,0.3589379999788775
1,2,full__1__ordinal__global__4__0.3__0.3,full__1__ordinal__global,full,1,ordinal,global,4,0.3,0.3,0.35511480795676537
1,2,full__1__ordinal__participant__1__-0.3__-0.3,full__1__ordinal__participant,full,1,ordinal,participant,1,-0.3,-0.3,0.3446167457921954
1,2,full__1__ordinal__participant__1__-0.3__0.0,full__1__ordinal__participant,full,1,ordinal,participant,1,-0.3,0.0,0.33127428671196046
1,2,full__1__ordinal__participant__1__-0.3__0.3,full__1__ordinal__participant,full,1,ordinal,participant,1,-0.3,0.3,0.33899204194589666
1,2,full__1__ordinal__participant__1__0.0__-0.3,full__1__ordinal__participant,full,1,ordinal,participant,1,0.0,-0.3,0.35743497091307125
1,2,full__1__ordinal__participant__1__0.0__0.0,full__1__ordinal__participant,full,1,ordinal,participant,1,0.0,0.0,0.3496317002962397
1,2,full__1__ordinal__participant__1__0.0__0.3,full__1__ordinal__participant,full,1,ordinal,participant,1,0.0,0.3,0.33735335108175746
1,2,full__1__ordinal__participant__1__0.3__-0.3,full__1__ordinal__participant,full,1,ordinal,participant,1,0.3,-0.3,0.33962059778339476
1,2,full__1__ordinal__participant__1__0.3__0.0,full__1__ordinal__participant,full,1,ordinal,participant,1,0.3,0.0,0.3468466151099202
1,2,full__1__ordinal__participant__1__0.3__0.3,full__1__ordinal__participant,full,1,ordinal,participant,1,0.3,0.3,0.346155403839811
1,2,full__1__ordinal__participant__4__-0.3__-0.3,full__1__ordinal__participant,full,1,ordinal,participant,4,-0.3,-0.3,0.3465956881758348
1,2,full__1__ordinal__participant__4__-0.3__0.0,full__1__ordinal__participant,full,1,ordinal,participant,4,-0.3,0.0,0.33912524692894885
1,2,full__1__ordinal__participant__4__-0.3__0.3,full__1__ordinal__participant,full,1,ordinal,participant,4,-0.3,0.3,0.33610116055037903
1,2,full__1__ordinal__participant__4__0.0__-0.3,full__1__ordinal__participant,full,1,ordinal,participant,4,0.0,-0.3,0.36103324690713406
1,2,full__1__ordinal__participant__4__0.0__0.0,full__1__ordinal__participant,full,1,ordinal,participant,4,0.0,0.0,0.3726911751587039
1,2,full__1__ordinal__participant__4__0.0__0.3,full__1__ordinal__participant,full,1,ordinal,participant,4,0.0,0.3,0.34206763721084155
1,2,full__1__ordinal__participant__4__0.3__-0.3,full__1__ordinal__participant,full,1,ordinal,participant,4,0.3,-0.3,0.33966974549402723
1,2,full__1__ordinal__participant__4__0.3__0.0,full__1__ordinal__participant,full,1,ordinal,participant,4,0.3,0.0,0.3471512106469824
1,2,full__1__ordinal__participant__4__0.3__0.3,full__1__ordinal__participant,full,1,ordinal,participant,4,0.3,0.3,0.3611293365041156
1,2,full__1__catboost__global__1__-0.3__-0.3,full__1__catboost__global,full,1,catboost,global,1,-0.3,-0.3,0.3419616919549441
1,2,full__1__catboost__global__1__-0.3__0.0,full__1__catboost__global,full,1,catboost,global,1,-0.3,0.0,0.35565061358909894
1,2,full__1__catboost__global__1__-0.3__0.3,full__1__catboost__global,full,1,catboost,global,1,-0.3,0.3,0.3404179251542123
1,2,full__1__catboost__global__1__0.0__-0.3,full__1__catboost__global,full,1,catboost,global,1,0.0,-0.3,0.33260426141575417
1,2,full__1__catboost__global__1__0.0__0.0,full__1__catboost__global,full,1,catboost,global,1,0.0,0.0,0.34539605422091946
1,2,full__1__catboost__global__1__0.0__0.3,full__1__catboost__global,full,1,catboost,global,1,0.0,0.3,0.3476630910246976
1,2,full__1__catboost__global__1__0.3__-0.3,full__1__catboost__global,full,1,catboost,global,1,0.3,-0.3,0.34277375132772
1,2,full__1__catboost__global__1__0.3__0.0,full__1__catboost__global,full,1,catboost,global,1,0.3,0.0,0.35245010985377945
1,2,full__1__catboost__global__1__0.3__0.3,full__1__catboost__global,full,1,catboost,global,1,0.3,0.3,0.33838909801429706
1,2,full__1__catboost__global__4__-0.3__-0.3,full__1__catboost__global,full,1,catboost,global,4,-0.3,-0.3,0.34650526245560176
1,2,full__1__catboost__global__4__-0.3__0.0,full__1__catboost__global,full,1,catboost,global,4,-0.3,0.0,0.3466520498936293
1,2,full__1__catboost__global__4__-0.3__0.3,full__1__catboost__global,full,1,catboost,global,4,-0.3,0.3,0.335486067974041
1,2,full__1__catboost__global__4__0.0__-0.3,full__1__catboost__global,full,1,catboost,global,4,0.0,-0.3,0.3442640967871618
1,2,full__1__catboost__global__4__0.0__0.0,full__1__catboost__global,full,1,catboost,global,4,0.0,0.0,0.34393717425762815
1,2,full__1__catboost__global__4__0.0__0.3,full__1__catboost__global,full,1,catboost,global,4,0.0,0.3,0.3477956396045758
1,2,full__1__catboost__global__4__0.3__-0.3,full__1__catboost__global,full,1,catboost,global,4,0.3,-0.3,0.3429298939729964
1,2,full__1__catboost__global__4__0.3__0.0,full__1__catboost__global,full,1,catboost,global,4,0.3,0.0,0.3532731475332714
1,2,full__1__catboost__global__4__0.3__0.3,full__1__catboost__global,full,1,catboost,global,4,0.3,0.3,0.3406879528446274
1,2,full__1__catboost__participant__1__-0.3__-0.3,full__1__catboost__participant,full,1,catboost,participant,1,-0.3,-0.3,0.34495390318558655
1,2,full__1__catboost__participant__1__-0.3__0.0,full__1__catboost__participant,full,1,catboost,participant,1,-0.3,0.0,0.3453426234725831
1,2,full__1__catboost__participant__1__-0.3__0.3,full__1__catboost__participant,full,1,catboost,participant,1,-0.3,0.3,0.34035677133815284
1,2,full__1__catboost__participant__1__0.0__-0.3,full__1__catboost__participant,full,1,catboost,participant,1,0.0,-0.3,0.34704109784683757
1,2,full__1__catboost__participant__1__0.0__0.0,full__1__catboost__participant,full,1,catboost,participant,1,0.0,0.0,0.3580603551601166
1,2,full__1__catboost__participant__1__0.0__0.3,full__1__catboost__participant,full,1,catboost,participant,1,0.0,0.3,0.3374619226702589
1,2,full__1__catboost__participant__1__0.3__-0.3,full__1__catboost__participant,full,1,catboost,participant,1,0.3,-0.3,0.3503437032489344
1,2,full__1__catboost__participant__1__0.3__0.0,full__1__catboost__participant,full,1,catboost,participant,1,0.3,0.0,0.3520294537863615
1,2,full__1__catboost__participant__1__0.3__0.3,full__1__catboost__participant,full,1,catboost,participant,1,0.3,0.3,0.3508080351124156
1,2,full__1__catboost__participant__4__-0.3__-0.3,full__1__catboost__participant,full,1,catboost,participant,4,-0.3,-0.3,0.35118095586496667
1,2,full__1__catboost__participant__4__-0.3__0.0,full__1__catboost__participant,full,1,catboost,participant,4,-0.3,0.0,0.3482174657751187
1,2,full__1__catboost__participant__4__-0.3__0.3,full__1__catboost__participant,full,1,catboost,participant,4,-0.3,0.3,0.3351007598078137
1,2,full__1__catboost__participant__4__0.0__-0.3,full__1__catboost__participant,full,1,catboost,participant,4,0.0,-0.3,0.3455500927484947
1,2,full__1__catboost__participant__4__0.0__0.0,full__1__catboost__participant,full,1,catboost,participant,4,0.0,0.0,0.3693466303615246
1,2,full__1__catboost__participant__4__0.0__0.3,full__1__catboost__participant,full,1,catboost,participant,4,0.0,0.3,0.33806878483672276
1,2,full__1__catboost__participant__4__0.3__-0.3,full__1__catboost__participant,full,1,catboost,participant,4,0.3,-0.3,0.34835959552928625
1,2,full__1__catboost__participant__4__0.3__0.0,full__1__catboost__participant,full,1,catboost,participant,4,0.3,0.0,0.3528113235906157
1,2,full__1__catboost__participant__4__0.3__0.3,full__1__catboost__participant,full,1,catboost,participant,4,0.3,0.3,0.3651462594827529
1,2,full__8__logistic__global__1__-0.3__-0.3,full__8__logistic__global,full,8,logistic,global,1,-0.3,-0.3,0.35799990564614237
1,2,full__8__logistic__global__1__-0.3__0.0,full__8__logistic__global,full,8,logistic,global,1,-0.3,0.0,0.3490880188740199
1,2,full__8__logistic__global__1__-0.3__0.3,full__8__logistic__global,full,8,logistic,global,1,-0.3,0.3,0.33634542522221006
1,2,full__8__logistic__global__1__0.0__-0.3,full__8__logistic__global,full,8,logistic,global,1,0.0,-0.3,0.36134306063734023
1,2,full__8__logistic__global__1__0.0__0.0,full__8__logistic__global,full,8,logistic,global,1,0.0,0.0,0.3566980636508216
1,2,full__8__logistic__global__1__0.0__0.3,full__8__logistic__global,full,8,logistic,global,1,0.0,0.3,0.3457261298191192
1,2,full__8__logistic__global__1__0.3__-0.3,full__8__logistic__global,full,8,logistic,global,1,0.3,-0.3,0.35477742226930203
1,2,full__8__logistic__global__1__0.3__0.0,full__8__logistic__global,full,8,logistic,global,1,0.3,0.0,0.36440848500566597
1,2,full__8__logistic__global__1__0.3__0.3,full__8__logistic__global,full,8,logistic,global,1,0.3,0.3,0.3550101682683294
1,2,full__8__logistic__global__4__-0.3__-0.3,full__8__logistic__global,full,8,logistic,global,4,-0.3,-0.3,0.3617478438514128
1,2,full__8__logistic__global__4__-0.3__0.0,full__8__logistic__global,full,8,logistic,global,4,-0.3,0.0,0.34390253979031155
1,2,full__8__logistic__global__4__-0.3__0.3,full__8__logistic__global,full,8,logistic,global,4,-0.3,0.3,0.3365217431070507
1,2,full__8__logistic__global__4__0.0__-0.3,full__8__logistic__global,full,8,logistic,global,4,0.0,-0.3,0.3741142049444502
1,2,full__8__logistic__global__4__0.0__0.0,full__8__logistic__global,full,8,logistic,global,4,0.0,0.0,0.3693363980912348
1,2,full__8__logistic__global__4__0.0__0.3,full__8__logistic__global,full,8,logistic,global,4,0.0,0.3,0.3514226878128372
1,2,full__8__logistic__global__4__0.3__-0.3,full__8__logistic__global,full,8,logistic,global,4,0.3,-0.3,0.3607629750855502
1,2,full__8__logistic__global__4__0.3__0.0,full__8__logistic__global,full,8,logistic,global,4,0.3,0.0,0.36555546041592185
1,2,full__8__logistic__global__4__0.3__0.3,full__8__logistic__global,full,8,logistic,global,4,0.3,0.3,0.3666523342473672
1,2,full__8__logistic__participant__1__-0.3__-0.3,full__8__logistic__participant,full,8,logistic,participant,1,-0.3,-0.3,0.35605658667621676
1,2,full__8__logistic__participant__1__-0.3__0.0,full__8__logistic__participant,full,8,logistic,participant,1,-0.3,0.0,0.3459871623771808
1,2,full__8__logistic__participant__1__-0.3__0.3,full__8__logistic__participant,full,8,logistic,participant,1,-0.3,0.3,0.3466177112201829
1,2,full__8__logistic__participant__1__0.0__-0.3,full__8__logistic__participant,full,8,logistic,participant,1,0.0,-0.3,0.35982951170211186
1,2,full__8__logistic__participant__1__0.0__0.0,full__8__logistic__participant,full,8,logistic,participant,1,0.0,0.0,0.35641066554809964
1,2,full__8__logistic__participant__1__0.0__0.3,full__8__logistic__participant,full,8,logistic,participant,1,0.0,0.3,0.35735939140819317
1,2,full__8__logistic__participant__1__0.3__-0.3,full__8__logistic__participant,full,8,logistic,participant,1,0.3,-0.3,0.35496457814161453
1,2,full__8__logistic__participant__1__0.3__0.0,full__8__logistic__participant,full,8,logistic,participant,1,0.3,0.0,0.35773282902091225
1,2,full__8__logistic__participant__1__0.3__0.3,full__8__logistic__participant,full,8,logistic,participant,1,0.3,0.3,0.362663993628889
1,2,full__8__logistic__participant__4__-0.3__-0.3,full__8__logistic__participant,full,8,logistic,participant,4,-0.3,-0.3,0.3694641825726301
1,2,full__8__logistic__participant__4__-0.3__0.0,full__8__logistic__participant,full,8,logistic,participant,4,-0.3,0.0,0.35331126019642894
1,2,full__8__logistic__participant__4__-0.3__0.3,full__8__logistic__participant,full,8,logistic,participant,4,-0.3,0.3,0.35113657191631986
1,2,full__8__logistic__participant__4__0.0__-0.3,full__8__logistic__participant,full,8,logistic,participant,4,0.0,-0.3,0.36500981731043436
1,2,full__8__logistic__participant__4__0.0__0.0,full__8__logistic__participant,full,8,logistic,participant,4,0.0,0.0,0.3600408654395646
1,2,full__8__logistic__participant__4__0.0__0.3,full__8__logistic__participant,full,8,logistic,participant,4,0.0,0.3,0.3635256607123389
1,2,full__8__logistic__participant__4__0.3__-0.3,full__8__logistic__participant,full,8,logistic,participant,4,0.3,-0.3,0.3591088209885936
1,2,full__8__logistic__participant__4__0.3__0.0,full__8__logistic__participant,full,8,logistic,participant,4,0.3,0.0,0.36255626558356874
1,2,full__8__logistic__participant__4__0.3__0.3,full__8__logistic__participant,full,8,logistic,participant,4,0.3,0.3,0.3624223841521825
1,2,full__8__ordinal__global__1__-0.3__-0.3,full__8__ordinal__global,full,8,ordinal,global,1,-0.3,-0.3,0.356482626315613
1,2,full__8__ordinal__global__1__-0.3__0.0,full__8__ordinal__global,full,8,ordinal,global,1,-0.3,0.0,0.35085164243607087
1,2,full__8__ordinal__global__1__-0.3__0.3,full__8__ordinal__global,full,8,ordinal,global,1,-0.3,0.3,0.33836745269978197
1,2,full__8__ordinal__global__1__0.0__-0.3,full__8__ordinal__global,full,8,ordinal,global,1,0.0,-0.3,0.3633893920991921
1,2,full__8__ordinal__global__1__0.0__0.0,full__8__ordinal__global,full,8,ordinal,global,1,0.0,0.0,0.35904562646805954
1,2,full__8__ordinal__global__1__0.0__0.3,full__8__ordinal__global,full,8,ordinal,global,1,0.0,0.3,0.3481300177111438
1,2,full__8__ordinal__global__1__0.3__-0.3,full__8__ordinal__global,full,8,ordinal,global,1,0.3,-0.3,0.36014129200685946
1,2,full__8__ordinal__global__1__0.3__0.0,full__8__ordinal__global,full,8,ordinal,global,1,0.3,0.0,0.3655734176484536
1,2,full__8__ordinal__global__1__0.3__0.3,full__8__ordinal__global,full,8,ordinal,global,1,0.3,0.3,0.3564324065618512
1,2,full__8__ordinal__global__4__-0.3__-0.3,full__8__ordinal__global,full,8,ordinal,global,4,-0.3,-0.3,0.36012035930222325
1,2,full__8__ordinal__global__4__-0.3__0.0,full__8__ordinal__global,full,8,ordinal,global,4,-0.3,0.0,0.345602744085784
1,2,full__8__ordinal__global__4__-0.3__0.3,full__8__ordinal__global,full,8,ordinal,global,4,-0.3,0.3,0.33106533831763846
1,2,full__8__ordinal__global__4__0.0__-0.3,full__8__ordinal__global,full,8,ordinal,global,4,0.0,-0.3,0.3755469764004942
1,2,full__8__ordinal__global__4__0.0__0.0,full__8__ordinal__global,full,8,ordinal,global,4,0.0,0.0,0.37019378854877744
1,2,full__8__ordinal__global__4__0.0__0.3,full__8__ordinal__global,full,8,ordinal,global,4,0.0,0.3,0.34758307259739224
1,2,full__8__ordinal__global__4__0.3__-0.3,full__8__ordinal__global,full,8,ordinal,global,4,0.3,-0.3,0.3645096322116379
1,2,full__8__ordinal__global__4__0.3__0.0,full__8__ordinal__global,full,8,ordinal,global,4,0.3,0.0,0.3673509600532522
1,2,full__8__ordinal__global__4__0.3__0.3,full__8__ordinal__global,full,8,ordinal,global,4,0.3,0.3,0.3669126502763121
1,2,full__8__ordinal__participant__1__-0.3__-0.3,full__8__ordinal__participant,full,8,ordinal,participant,1,-0.3,-0.3,0.36157327599904515
1,2,full__8__ordinal__participant__1__-0.3__0.0,full__8__ordinal__participant,full,8,ordinal,participant,1,-0.3,0.0,0.3464028178385788
1,2,full__8__ordinal__participant__1__-0.3__0.3,full__8__ordinal__participant,full,8,ordinal,participant,1,-0.3,0.3,0.3436847200567915
1,2,full__8__ordinal__participant__1__0.0__-0.3,full__8__ordinal__participant,full,8,ordinal,participant,1,0.0,-0.3,0.3653391499422323
1,2,full__8__ordinal__participant__1__0.0__0.0,full__8__ordinal__participant,full,8,ordinal,participant,1,0.0,0.0,0.35895141185740786
1,2,full__8__ordinal__participant__1__0.0__0.3,full__8__ordinal__participant,full,8,ordinal,participant,1,0.0,0.3,0.35449841692209433
1,2,full__8__ordinal__participant__1__0.3__-0.3,full__8__ordinal__participant,full,8,ordinal,participant,1,0.3,-0.3,0.35690780142627576
1,2,full__8__ordinal__participant__1__0.3__0.0,full__8__ordinal__participant,full,8,ordinal,participant,1,0.3,0.0,0.36129724185982837
1,2,full__8__ordinal__participant__1__0.3__0.3,full__8__ordinal__participant,full,8,ordinal,participant,1,0.3,0.3,0.35860306628389876
1,2,full__8__ordinal__participant__4__-0.3__-0.3,full__8__ordinal__participant,full,8,ordinal,participant,4,-0.3,-0.3,0.3678479302842482
1,2,full__8__ordinal__participant__4__-0.3__0.0,full__8__ordinal__participant,full,8,ordinal,participant,4,-0.3,0.0,0.3558889230421151
1,2,full__8__ordinal__participant__4__-0.3__0.3,full__8__ordinal__participant,full,8,ordinal,participant,4,-0.3,0.3,0.34646282174966375
1,2,full__8__ordinal__participant__4__0.0__-0.3,full__8__ordinal__participant,full,8,ordinal,participant,4,0.0,-0.3,0.3673688002921035
1,2,full__8__ordinal__participant__4__0.0__0.0,full__8__ordinal__participant,full,8,ordinal,participant,4,0.0,0.0,0.3686171188623366
1,2,full__8__ordinal__participant__4__0.0__0.3,full__8__ordinal__participant,full,8,ordinal,participant,4,0.0,0.3,0.3643940780786435
1,2,full__8__ordinal__participant__4__0.3__-0.3,full__8__ordinal__participant,full,8,ordinal,participant,4,0.3,-0.3,0.36252527702280585
1,2,full__8__ordinal__participant__4__0.3__0.0,full__8__ordinal__participant,full,8,ordinal,participant,4,0.3,0.0,0.36623690766188893
1,2,full__8__ordinal__participant__4__0.3__0.3,full__8__ordinal__participant,full,8,ordinal,participant,4,0.3,0.3,0.363417607636111
1,2,full__8__catboost__global__1__-0.3__-0.3,full__8__catboost__global,full,8,catboost,global,1,-0.3,-0.3,0.3254827569995103
1,2,full__8__catboost__global__1__-0.3__0.0,full__8__catboost__global,full,8,catboost,global,1,-0.3,0.0,0.3534226890358634
1,2,full__8__catboost__global__1__-0.3__0.3,full__8__catboost__global,full,8,catboost,global,1,-0.3,0.3,0.3329090441243352
1,2,full__8__catboost__global__1__0.0__-0.3,full__8__catboost__global,full,8,catboost,global,1,0.0,-0.3,0.32725253841395635
1,2,full__8__catboost__global__1__0.0__0.0,full__8__catboost__global,full,8,catboost,global,1,0.0,0.0,0.35913177280619235
1,2,full__8__catboost__global__1__0.0__0.3,full__8__catboost__global,full,8,catboost,global,1,0.0,0.3,0.33744152415398226
1,2,full__8__catboost__global__1__0.3__-0.3,full__8__catboost__global,full,8,catboost,global,1,0.3,-0.3,0.35033942706653565
1,2,full__8__catboost__global__1__0.3__0.0,full__8__catboost__global,full,8,catboost,global,1,0.3,0.0,0.3601972776962626
1,2,full__8__catboost__global__1__0.3__0.3,full__8__catboost__global,full,8,catboost,global,1,0.3,0.3,0.3559008430985441
1,2,full__8__catboost__global__4__-0.3__-0.3,full__8__catboost__global,full,8,catboost,global,4,-0.3,-0.3,0.32093989971505804
1,2,full__8__catboost__global__4__-0.3__0.0,full__8__catboost__global,full,8,catboost,global,4,-0.3,0.0,0.3455766614726649
1,2,full__8__catboost__global__4__-0.3__0.3,full__8__catboost__global,full,8,catboost,global,4,-0.3,0.3,0.331928819177826
1,2,full__8__catboost__global__4__0.0__-0.3,full__8__catboost__global,full,8,catboost,global,4,0.0,-0.3,0.33360009068154756
1,2,full__8__catboost__global__4__0.0__0.0,full__8__catboost__global,full,8,catboost,global,4,0.0,0.0,0.3572602003402198
1,2,full__8__catboost__global__4__0.0__0.3,full__8__catboost__global,full,8,catboost,global,4,0.0,0.3,0.33625936140852986
1,2,full__8__catboost__global__4__0.3__-0.3,full__8__catboost__global,full,8,catboost,global,4,0.3,-0.3,0.3476470975453754
1,2,full__8__catboost__global__4__0.3__0.0,full__8__catboost__global,full,8,catboost,global,4,0.3,0.0,0.36274689939039345
1,2,full__8__catboost__global__4__0.3__0.3,full__8__catboost__global,full,8,catboost,global,4,0.3,0.3,0.35457376760445586
1,2,full__8__catboost__participant__1__-0.3__-0.3,full__8__catboost__participant,full,8,catboost,participant,1,-0.3,-0.3,0.3485276637489619
1,2,full__8__catboost__participant__1__-0.3__0.0,full__8__catboost__participant,full,8,catboost,participant,1,-0.3,0.0,0.36227276397129865
1,2,full__8__catboost__participant__1__-0.3__0.3,full__8__catboost__participant,full,8,catboost,participant,1,-0.3,0.3,0.33706265634267535
1,2,full__8__catboost__participant__1__0.0__-0.3,full__8__catboost__participant,full,8,catboost,participant,1,0.0,-0.3,0.3504273590187481
1,2,full__8__catboost__participant__1__0.0__0.0,full__8__catboost__participant,full,8,catboost,participant,1,0.0,0.0,0.3690832683060974
1,2,full__8__catboost__participant__1__0.0__0.3,full__8__catboost__participant,full,8,catboost,participant,1,0.0,0.3,0.3601247817303044
1,2,full__8__catboost__participant__1__0.3__-0.3,full__8__catboost__participant,full,8,catboost,participant,1,0.3,-0.3,0.3559680430948684
1,2,full__8__catboost__participant__1__0.3__0.0,full__8__catboost__participant,full,8,catboost,participant,1,0.3,0.0,0.3647189334082746
1,2,full__8__catboost__participant__1__0.3__0.3,full__8__catboost__participant,full,8,catboost,participant,1,0.3,0.3,0.37297020886209603
1,2,full__8__catboost__participant__4__-0.3__-0.3,full__8__catboost__participant,full,8,catboost,participant,4,-0.3,-0.3,0.34275557403715784
1,2,full__8__catboost__participant__4__-0.3__0.0,full__8__catboost__participant,full,8,catboost,participant,4,-0.3,0.0,0.3679564021263082
1,2,full__8__catboost__participant__4__-0.3__0.3,full__8__catboost__participant,full,8,catboost,participant,4,-0.3,0.3,0.3348833062831418
1,2,full__8__catboost__participant__4__0.0__-0.3,full__8__catboost__participant,full,8,catboost,participant,4,0.0,-0.3,0.3520896228186557
1,2,full__8__catboost__participant__4__0.0__0.0,full__8__catboost__participant,full,8,catboost,participant,4,0.0,0.0,0.36710526350532846
1,2,full__8__catboost__participant__4__0.0__0.3,full__8__catboost__participant,full,8,catboost,participant,4,0.0,0.3,0.3644652687510198
1,2,full__8__catboost__participant__4__0.3__-0.3,full__8__catboost__participant,full,8,catboost,participant,4,0.3,-0.3,0.35461832837072893
1,2,full__8__catboost__participant__4__0.3__0.0,full__8__catboost__participant,full,8,catboost,participant,4,0.3,0.0,0.3674077563809408
1,2,full__8__catboost__participant__4__0.3__0.3,full__8__catboost__participant,full,8,catboost,participant,4,0.3,0.3,0.3731134740521731
1,3,eye_pupil__1__logistic__global__1__-0.3__-0.3,eye_pupil__1__logistic__global,eye_pupil,1,logistic,global,1,-0.3,-0.3,0.26485382707596195
1,3,eye_pupil__1__logistic__global__1__-0.3__0.0,eye_pupil__1__logistic__global,eye_pupil,1,logistic,global,1,-0.3,0.0,0.31718558696697674
1,3,eye_pupil__1__logistic__global__1__-0.3__0.3,eye_pupil__1__logistic__global,eye_pupil,1,logistic,global,1,-0.3,0.3,0.3805192401456505
1,3,eye_pupil__1__logistic__global__1__0.0__-0.3,eye_pupil__1__logistic__global,eye_pupil,1,logistic,global,1,0.0,-0.3,0.3295745983646204
1,3,eye_pupil__1__logistic__global__1__0.0__0.0,eye_pupil__1__logistic__global,eye_pupil,1,logistic,global,1,0.0,0.0,0.334759904854385
1,3,eye_pupil__1__logistic__global__1__0.0__0.3,eye_pupil__1__logistic__global,eye_pupil,1,logistic,global,1,0.0,0.3,0.38867908790811756
1,3,eye_pupil__1__logistic__global__1__0.3__-0.3,eye_pupil__1__logistic__global,eye_pupil,1,logistic,global,1,0.3,-0.3,0.38920782060218856
1,3,eye_pupil__1__logistic__global__1__0.3__0.0,eye_pupil__1__logistic__global,eye_pupil,1,logistic,global,1,0.3,0.0,0.3886026957384605
1,3,eye_pupil__1__logistic__global__1__0.3__0.3,eye_pupil__1__logistic__global,eye_pupil,1,logistic,global,1,0.3,0.3,0.39490531857388733
1,3,eye_pupil__1__logistic__global__4__-0.3__-0.3,eye_pupil__1__logistic__global,eye_pupil,1,logistic,global,4,-0.3,-0.3,0.24325340860710837
1,3,eye_pupil__1__logistic__global__4__-0.3__0.0,eye_pupil__1__logistic__global,eye_pupil,1,logistic,global,4,-0.3,0.0,0.30735470245380564
1,3,eye_pupil__1__logistic__global__4__-0.3__0.3,eye_pupil__1__logistic__global,eye_pupil,1,logistic,global,4,-0.3,0.3,0.36984737054970246
1,3,eye_pupil__1__logistic__global__4__0.0__-0.3,eye_pupil__1__logistic__global,eye_pupil,1,logistic,global,4,0.0,-0.3,0.32326802639864
1,3,eye_pupil__1__logistic__global__4__0.0__0.0,eye_pupil__1__logistic__global,eye_pupil,1,logistic,global,4,0.0,0.0,0.33047328975502394
1,3,eye_pupil__1__logistic__global__4__0.0__0.3,eye_pupil__1__logistic__global,eye_pupil,1,logistic,global,4,0.0,0.3,0.3843807134020059
1,3,eye_pupil__1__logistic__global__4__0.3__-0.3,eye_pupil__1__logistic__global,eye_pupil,1,logistic,global,4,0.3,-0.3,0.3873561614799677
1,3,eye_pupil__1__logistic__global__4__0.3__0.0,eye_pupil__1__logistic__global,eye_pupil,1,logistic,global,4,0.3,0.0,0.3837995657823722
1,3,eye_pupil__1__logistic__global__4__0.3__0.3,eye_pupil__1__logistic__global,eye_pupil,1,logistic,global,4,0.3,0.3,0.3953255885245313
1,3,eye_pupil__1__logistic__participant__1__-0.3__-0.3,eye_pupil__1__logistic__participant,eye_pupil,1,logistic,participant,1,-0.3,-0.3,0.26317138020491354
1,3,eye_pupil__1__logistic__participant__1__-0.3__0.0,eye_pupil__1__logistic__participant,eye_pupil,1,logistic,participant,1,-0.3,0.0,0.3192573438524689
1,3,eye_pupil__1__logistic__participant__1__-0.3__0.3,eye_pupil__1__logistic__participant,eye_pupil,1,logistic,participant,1,-0.3,0.3,0.3788753700767797
1,3,eye_pupil__1__logistic__participant__1__0.0__-0.3,eye_pupil__1__logistic__participant,eye_pupil,1,logistic,participant,1,0.0,-0.3,0.32943757273703705
1,3,eye_pupil__1__logistic__participant__1__0.0__0.0,eye_pupil__1__logistic__participant,eye_pupil,1,logistic,participant,1,0.0,0.0,0.3346678216611449
1,3,eye_pupil__1__logistic__participant__1__0.0__0.3,eye_pupil__1__logistic__participant,eye_pupil,1,logistic,participant,1,0.0,0.3,0.38773630639846157
1,3,eye_pupil__1__logistic__participant__1__0.3__-0.3,eye_pupil__1__logistic__participant,eye_pupil,1,logistic,participant,1,0.3,-0.3,0.38915859216303705
1,3,eye_pupil__1__logistic__participant__1__0.3__0.0,eye_pupil__1__logistic__participant,eye_pupil,1,logistic,participant,1,0.3,0.0,0.388368797471782
1,3,eye_pupil__1__logistic__participant__1__0.3__0.3,eye_pupil__1__logistic__participant,eye_pupil,1,logistic,participant,1,0.3,0.3,0.39368036046669075
1,3,eye_pupil__1__logistic__participant__4__-0.3__-0.3,eye_pupil__1__logistic__participant,eye_pupil,1,logistic,participant,4,-0.3,-0.3,0.23899084318216368
1,3,eye_pupil__1__logistic__participant__4__-0.3__0.0,eye_pupil__1__logistic__participant,eye_pupil,1,logistic,participant,4,-0.3,0.0,0.30271590721871766
1,3,eye_pupil__1__logistic__participant__4__-0.3__0.3,eye_pupil__1__logistic__participant,eye_pupil,1,logistic,participant,4,-0.3,0.3,0.36849308107741147
1,3,eye_pupil__1__logistic__participant__4__0.0__-0.3,eye_pupil__1__logistic__participant,eye_pupil,1,logistic,participant,4,0.0,-0.3,0.3234634946467446
1,3,eye_pupil__1__logistic__participant__4__0.0__0.0,eye_pupil__1__logistic__participant,eye_pupil,1,logistic,participant,4,0.0,0.0,0.32586257278216724
1,3,eye_pupil__1__logistic__participant__4__0.0__0.3,eye_pupil__1__logistic__participant,eye_pupil,1,logistic,participant,4,0.0,0.3,0.38344856535583816
1,3,eye_pupil__1__logistic__participant__4__0.3__-0.3,eye_pupil__1__logistic__participant,eye_pupil,1,logistic,participant,4,0.3,-0.3,0.38832230545626656
1,3,eye_pupil__1__logistic__participant__4__0.3__0.0,eye_pupil__1__logistic__participant,eye_pupil,1,logistic,participant,4,0.3,0.0,0.3849944966391161
1,3,eye_pupil__1__logistic__participant__4__0.3__0.3,eye_pupil__1__logistic__participant,eye_pupil,1,logistic,participant,4,0.3,0.3,0.3931026480759768
1,3,eye_pupil__1__ordinal__global__1__-0.3__-0.3,eye_pupil__1__ordinal__global,eye_pupil,1,ordinal,global,1,-0.3,-0.3,0.2630174183900893
1,3,eye_pupil__1__ordinal__global__1__-0.3__0.0,eye_pupil__1__ordinal__global,eye_pupil,1,ordinal,global,1,-0.3,0.0,0.3133092897492941
1,3,eye_pupil__1__ordinal__global__1__-0.3__0.3,eye_pupil__1__ordinal__global,eye_pupil,1,ordinal,global,1,-0.3,0.3,0.38074269769270036
1,3,eye_pupil__1__ordinal__global__1__0.0__-0.3,eye_pupil__1__ordinal__global,eye_pupil,1,ordinal,global,1,0.0,-0.3,0.32948904912092253
1,3,eye_pupil__1__ordinal__global__1__0.0__0.0,eye_pupil__1__ordinal__global,eye_pupil,1,ordinal,global,1,0.0,0.0,0.3338921324056794
1,3,eye_pupil__1__ordinal__global__1__0.0__0.3,eye_pupil__1__ordinal__global,eye_pupil,1,ordinal,global,1,0.0,0.3,0.3881240225095093
1,3,eye_pupil__1__ordinal__global__1__0.3__-0.3,eye_pupil__1__ordinal__global,eye_pupil,1,ordinal,global,1,0.3,-0.3,0.389145638860858
1,3,eye_pupil__1__ordinal__global__1__0.3__0.0,eye_pupil__1__ordinal__global,eye_pupil,1,ordinal,global,1,0.3,0.0,0.3905831616956632
1,3,eye_pupil__1__ordinal__global__1__0.3__0.3,eye_pupil__1__ordinal__global,eye_pupil,1,ordinal,global,1,0.3,0.3,0.3938895378165506
1,3,eye_pupil__1__ordinal__global__4__-0.3__-0.3,eye_pupil__1__ordinal__global,eye_pupil,1,ordinal,global,4,-0.3,-0.3,0.24142406129129804
1,3,eye_pupil__1__ordinal__global__4__-0.3__0.0,eye_pupil__1__ordinal__global,eye_pupil,1,ordinal,global,4,-0.3,0.0,0.3036192702859799
1,3,eye_pupil__1__ordinal__global__4__-0.3__0.3,eye_pupil__1__ordinal__global,eye_pupil,1,ordinal,global,4,-0.3,0.3,0.3687780268927026
1,3,eye_pupil__1__ordinal__global__4__0.0__-0.3,eye_pupil__1__ordinal__global,eye_pupil,1,ordinal,global,4,0.0,-0.3,0.32208901983284516
1,3,eye_pupil__1__ordinal__global__4__0.0__0.0,eye_pupil__1__ordinal__global,eye_pupil,1,ordinal,global,4,0.0,0.0,0.3294140421793914
1,3,eye_pupil__1__ordinal__global__4__0.0__0.3,eye_pupil__1__ordinal__global,eye_pupil,1,ordinal,global,4,0.0,0.3,0.38190264308094696
1,3,eye_pupil__1__ordinal__global__4__0.3__-0.3,eye_pupil__1__ordinal__global,eye_pupil,1,ordinal,global,4,0.3,-0.3,0.38795365167723006
1,3,eye_pupil__1__ordinal__global__4__0.3__0.0,eye_pupil__1__ordinal__global,eye_pupil,1,ordinal,global,4,0.3,0.0,0.3833050586928143
1,3,eye_pupil__1__ordinal__global__4__0.3__0.3,eye_pupil__1__ordinal__global,eye_pupil,1,ordinal,global,4,0.3,0.3,0.39281791856131043
1,3,eye_pupil__1__ordinal__participant__1__-0.3__-0.3,eye_pupil__1__ordinal__participant,eye_pupil,1,ordinal,participant,1,-0.3,-0.3,0.2617115816555033
1,3,eye_pupil__1__ordinal__participant__1__-0.3__0.0,eye_pupil__1__ordinal__participant,eye_pupil,1,ordinal,participant,1,-0.3,0.0,0.3147469568480392
1,3,eye_pupil__1__ordinal__participant__1__-0.3__0.3,eye_pupil__1__ordinal__participant,eye_pupil,1,ordinal,participant,1,-0.3,0.3,0.38192515473710514
1,3,eye_pupil__1__ordinal__participant__1__0.0__-0.3,eye_pupil__1__ordinal__participant,eye_pupil,1,ordinal,participant,1,0.0,-0.3,0.32506795357622487
1,3,eye_pupil__1__ordinal__participant__1__0.0__0.0,eye_pupil__1__ordinal__participant,eye_pupil,1,ordinal,participant,1,0.0,0.0,0.3314904491471196
1,3,eye_pupil__1__ordinal__participant__1__0.0__0.3,eye_pupil__1__ordinal__participant,eye_pupil,1,ordinal,participant,1,0.0,0.3,0.39033440995376567
1,3,eye_pupil__1__ordinal__participant__1__0.3__-0.3,eye_pupil__1__ordinal__participant,eye_pupil,1,ordinal,participant,1,0.3,-0.3,0.3894095120826244
1,3,eye_pupil__1__ordinal__participant__1__0.3__0.0,eye_pupil__1__ordinal__participant,eye_pupil,1,ordinal,participant,1,0.3,0.0,0.38896507341393916
1,3,eye_pupil__1__ordinal__participant__1__0.3__0.3,eye_pupil__1__ordinal__participant,eye_pupil,1,ordinal,participant,1,0.3,0.3,0.3912267443772369
1,3,eye_pupil__1__ordinal__participant__4__-0.3__-0.3,eye_pupil__1__ordinal__participant,eye_pupil,1,ordinal,participant,4,-0.3,-0.3,0.23735789289302675
1,3,eye_pupil__1__ordinal__participant__4__-0.3__0.0,eye_pupil__1__ordinal__participant,eye_pupil,1,ordinal,participant,4,-0.3,0.0,0.30162558030313763
1,3,eye_pupil__1__ordinal__participant__4__-0.3__0.3,eye_pupil__1__ordinal__participant,eye_pupil,1,ordinal,participant,4,-0.3,0.3,0.36788338620658617
1,3,eye_pupil__1__ordinal__participant__4__0.0__-0.3,eye_pupil__1__ordinal__participant,eye_pupil,1,ordinal,participant,4,0.0,-0.3,0.32316725619778813
1,3,eye_pupil__1__ordinal__participant__4__0.0__0.0,eye_pupil__1__ordinal__participant,eye_pupil,1,ordinal,participant,4,0.0,0.0,0.32600006153870165
1,3,eye_pupil__1__ordinal__participant__4__0.0__0.3,eye_pupil__1__ordinal__participant,eye_pupil,1,ordinal,participant,4,0.0,0.3,0.3822162504944658
1,3,eye_pupil__1__ordinal__participant__4__0.3__-0.3,eye_pupil__1__ordinal__participant,eye_pupil,1,ordinal,participant,4,0.3,-0.3,0.38978773950956086
1,3,eye_pupil__1__ordinal__participant__4__0.3__0.0,eye_pupil__1__ordinal__participant,eye_pupil,1,ordinal,participant,4,0.3,0.0,0.3858216121832218
1,3,eye_pupil__1__ordinal__participant__4__0.3__0.3,eye_pupil__1__ordinal__participant,eye_pupil,1,ordinal,participant,4,0.3,0.3,0.38896734323324866
1,3,eye_pupil__1__catboost__global__1__-0.3__-0.3,eye_pupil__1__catboost__global,eye_pupil,1,catboost,global,1,-0.3,-0.3,0.2447468731509842
1,3,eye_pupil__1__catboost__global__1__-0.3__0.0,eye_pupil__1__catboost__global,eye_pupil,1,catboost,global,1,-0.3,0.0,0.30285904949681336
1,3,eye_pupil__1__catboost__global__1__-0.3__0.3,eye_pupil__1__catboost__global,eye_pupil,1,catboost,global,1,-0.3,0.3,0.3773762038464504
1,3,eye_pupil__1__catboost__global__1__0.0__-0.3,eye_pupil__1__catboost__global,eye_pupil,1,catboost,global,1,0.0,-0.3,0.32273390840123894
1,3,eye_pupil__1__catboost__global__1__0.0__0.0,eye_pupil__1__catboost__global,eye_pupil,1,catboost,global,1,0.0,0.0,0.3445828285259683
1,3,eye_pupil__1__catboost__global__1__0.0__0.3,eye_pupil__1__catboost__global,eye_pupil,1,catboost,global,1,0.0,0.3,0.3812053264305649
1,3,eye_pupil__1__catboost__global__1__0.3__-0.3,eye_pupil__1__catboost__global,eye_pupil,1,catboost,global,1,0.3,-0.3,0.3932013797742081
1,3,eye_pupil__1__catboost__global__1__0.3__0.0,eye_pupil__1__catboost__global,eye_pupil,1,catboost,global,1,0.3,0.0,0.38750909865066296
1,3,eye_pupil__1__catboost__global__1__0.3__0.3,eye_pupil__1__catboost__global,eye_pupil,1,catboost,global,1,0.3,0.3,0.38219413850235073
1,3,eye_pupil__1__catboost__global__4__-0.3__-0.3,eye_pupil__1__catboost__global,eye_pupil,1,catboost,global,4,-0.3,-0.3,0.2311847275177398
1,3,eye_pupil__1__catboost__global__4__-0.3__0.0,eye_pupil__1__catboost__global,eye_pupil,1,catboost,global,4,-0.3,0.0,0.29041932912731283
1,3,eye_pupil__1__catboost__global__4__-0.3__0.3,eye_pupil__1__catboost__global,eye_pupil,1,catboost,global,4,-0.3,0.3,0.3735244231710188
1,3,eye_pupil__1__catboost__global__4__0.0__-0.3,eye_pupil__1__catboost__global,eye_pupil,1,catboost,global,4,0.0,-0.3,0.32806760077259234
1,3,eye_pupil__1__catboost__global__4__0.0__0.0,eye_pupil__1__catboost__global,eye_pupil,1,catboost,global,4,0.0,0.0,0.3226718618477489
1,3,eye_pupil__1__catboost__global__4__0.0__0.3,eye_pupil__1__catboost__global,eye_pupil,1,catboost,global,4,0.0,0.3,0.3798836853019078
1,3,eye_pupil__1__catboost__global__4__0.3__-0.3,eye_pupil__1__catboost__global,eye_pupil,1,catboost,global,4,0.3,-0.3,0.39347564142124947
1,3,eye_pupil__1__catboost__global__4__0.3__0.0,eye_pupil__1__catboost__global,eye_pupil,1,catboost,global,4,0.3,0.0,0.38748595772611477
1,3,eye_pupil__1__catboost__global__4__0.3__0.3,eye_pupil__1__catboost__global,eye_pupil,1,catboost,global,4,0.3,0.3,0.36568282263528906
1,3,eye_pupil__1__catboost__participant__1__-0.3__-0.3,eye_pupil__1__catboost__participant,eye_pupil,1,catboost,participant,1,-0.3,-0.3,0.24551460488651325
1,3,eye_pupil__1__catboost__participant__1__-0.3__0.0,eye_pupil__1__catboost__participant,eye_pupil,1,catboost,participant,1,-0.3,0.0,0.30710708802073994
1,3,eye_pupil__1__catboost__participant__1__-0.3__0.3,eye_pupil__1__catboost__participant,eye_pupil,1,catboost,participant,1,-0.3,0.3,0.3792599730923564
1,3,eye_pupil__1__catboost__participant__1__0.0__-0.3,eye_pupil__1__catboost__participant,eye_pupil,1,catboost,participant,1,0.0,-0.3,0.3157693487799152
1,3,eye_pupil__1__catboost__participant__1__0.0__0.0,eye_pupil__1__catboost__participant,eye_pupil,1,catboost,participant,1,0.0,0.0,0.344143163193155
1,3,eye_pupil__1__catboost__participant__1__0.0__0.3,eye_pupil__1__catboost__participant,eye_pupil,1,catboost,participant,1,0.0,0.3,0.3837700979220316
1,3,eye_pupil__1__catboost__participant__1__0.3__-0.3,eye_pupil__1__catboost__participant,eye_pupil,1,catboost,participant,1,0.3,-0.3,0.39418196923840265
1,3,eye_pupil__1__catboost__participant__1__0.3__0.0,eye_pupil__1__catboost__participant,eye_pupil,1,catboost,participant,1,0.3,0.0,0.38553626874136576
1,3,eye_pupil__1__catboost__participant__1__0.3__0.3,eye_pupil__1__catboost__participant,eye_pupil,1,catboost,participant,1,0.3,0.3,0.3838469376338166
1,3,eye_pupil__1__catboost__participant__4__-0.3__-0.3,eye_pupil__1__catboost__participant,eye_pupil,1,catboost,participant,4,-0.3,-0.3,0.23017058375587865
1,3,eye_pupil__1__catboost__participant__4__-0.3__0.0,eye_pupil__1__catboost__participant,eye_pupil,1,catboost,participant,4,-0.3,0.0,0.29459580504661254
1,3,eye_pupil__1__catboost__participant__4__-0.3__0.3,eye_pupil__1__catboost__participant,eye_pupil,1,catboost,participant,4,-0.3,0.3,0.37300735134629026
1,3,eye_pupil__1__catboost__participant__4__0.0__-0.3,eye_pupil__1__catboost__participant,eye_pupil,1,catboost,participant,4,0.0,-0.3,0.3206839109255247
1,3,eye_pupil__1__catboost__participant__4__0.0__0.0,eye_pupil__1__catboost__participant,eye_pupil,1,catboost,participant,4,0.0,0.0,0.3270608238502509
1,3,eye_pupil__1__catboost__participant__4__0.0__0.3,eye_pupil__1__catboost__participant,eye_pupil,1,catboost,participant,4,0.0,0.3,0.3800942889237018
1,3,eye_pupil__1__catboost__participant__4__0.3__-0.3,eye_pupil__1__catboost__participant,eye_pupil,1,catboost,participant,4,0.3,-0.3,0.394851415717424
1,3,eye_pupil__1__catboost__participant__4__0.3__0.0,eye_pupil__1__catboost__participant,eye_pupil,1,catboost,participant,4,0.3,0.0,0.3883940449474595
1,3,eye_pupil__1__catboost__participant__4__0.3__0.3,eye_pupil__1__catboost__participant,eye_pupil,1,catboost,participant,4,0.3,0.3,0.37354701950553165
1,3,eye_pupil__8__logistic__global__1__-0.3__-0.3,eye_pupil__8__logistic__global,eye_pupil,8,logistic,global,1,-0.3,-0.3,0.2975502855322078
1,3,eye_pupil__8__logistic__global__1__-0.3__0.0,eye_pupil__8__logistic__global,eye_pupil,8,logistic,global,1,-0.3,0.0,0.30696262465346374
1,3,eye_pupil__8__logistic__global__1__-0.3__0.3,eye_pupil__8__logistic__global,eye_pupil,8,logistic,global,1,-0.3,0.3,0.3298145367588899
1,3,eye_pupil__8__logistic__global__1__0.0__-0.3,eye_pupil__8__logistic__global,eye_pupil,8,logistic,global,1,0.0,-0.3,0.3282984586801773
1,3,eye_pupil__8__logistic__global__1__0.0__0.0,eye_pupil__8__logistic__global,eye_pupil,8,logistic,global,1,0.0,0.0,0.3316382519685935
1,3,eye_pupil__8__logistic__global__1__0.0__0.3,eye_pupil__8__logistic__global,eye_pupil,8,logistic,global,1,0.0,0.3,0.3485786287343078
1,3,eye_pupil__8__logistic__global__1__0.3__-0.3,eye_pupil__8__logistic__global,eye_pupil,8,logistic,global,1,0.3,-0.3,0.3669084342092551
1,3,eye_pupil__8__logistic__global__1__0.3__0.0,eye_pupil__8__logistic__global,eye_pupil,8,logistic,global,1,0.3,0.0,0.3606156704682295
1,3,eye_pupil__8__logistic__global__1__0.3__0.3,eye_pupil__8__logistic__global,eye_pupil,8,logistic,global,1,0.3,0.3,0.3563154544830093
1,3,eye_pupil__8__logistic__global__4__-0.3__-0.3,eye_pupil__8__logistic__global,eye_pupil,8,logistic,global,4,-0.3,-0.3,0.2686105532189165
1,3,eye_pupil__8__logistic__global__4__-0.3__0.0,eye_pupil__8__logistic__global,eye_pupil,8,logistic,global,4,-0.3,0.0,0.2941426063684456
1,3,eye_pupil__8__logistic__global__4__-0.3__0.3,eye_pupil__8__logistic__global,eye_pupil,8,logistic,global,4,-0.3,0.3,0.31335167746189807
1,3,eye_pupil__8__logistic__global__4__0.0__-0.3,eye_pupil__8__logistic__global,eye_pupil,8,logistic,global,4,0.0,-0.3,0.31978283602722474
1,3,eye_pupil__8__logistic__global__4__0.0__0.0,eye_pupil__8__logistic__global,eye_pupil,8,logistic,global,4,0.0,0.0,0.31612558257804346
1,3,eye_pupil__8__logistic__global__4__0.0__0.3,eye_pupil__8__logistic__global,eye_pupil,8,logistic,global,4,0.0,0.3,0.3317371658607268
1,3,eye_pupil__8__logistic__global__4__0.3__-0.3,eye_pupil__8__logistic__global,eye_pupil,8,logistic,global,4,0.3,-0.3,0.3679483154833298
1,3,eye_pupil__8__logistic__global__4__0.3__0.0,eye_pupil__8__logistic__global,eye_pupil,8,logistic,global,4,0.3,0.0,0.34283405813553597
1,3,eye_pupil__8__logistic__global__4__0.3__0.3,eye_pupil__8__logistic__global,eye_pupil,8,logistic,global,4,0.3,0.3,0.34371386144582805
1,3,eye_pupil__8__logistic__participant__1__-0.3__-0.3,eye_pupil__8__logistic__participant,eye_pupil,8,logistic,participant,1,-0.3,-0.3,0.2890643397470387
1,3,eye_pupil__8__logistic__participant__1__-0.3__0.0,eye_pupil__8__logistic__participant,eye_pupil,8,logistic,participant,1,-0.3,0.0,0.30277003961082694
1,3,eye_pupil__8__logistic__participant__1__-0.3__0.3,eye_pupil__8__logistic__participant,eye_pupil,8,logistic,participant,1,-0.3,0.3,0.3216734947603892
1,3,eye_pupil__8__logistic__participant__1__0.0__-0.3,eye_pupil__8__logistic__participant,eye_pupil,8,logistic,participant,1,0.0,-0.3,0.3214995246800456
1,3,eye_pupil__8__logistic__participant__1__0.0__0.0,eye_pupil__8__logistic__participant,eye_pupil,8,logistic,participant,1,0.0,0.0,0.33036213578491586
1,3,eye_pupil__8__logistic__participant__1__0.0__0.3,eye_pupil__8__logistic__participant,eye_pupil,8,logistic,participant,1,0.0,0.3,0.3395866505586788
1,3,eye_pupil__8__logistic__participant__1__0.3__-0.3,eye_pupil__8__logistic__participant,eye_pupil,8,logistic,participant,1,0.3,-0.3,0.36759267948826624
1,3,eye_pupil__8__logistic__participant__1__0.3__0.0,eye_pupil__8__logistic__participant,eye_pupil,8,logistic,participant,1,0.3,0.0,0.3582943034298796
1,3,eye_pupil__8__logistic__participant__1__0.3__0.3,eye_pupil__8__logistic__participant,eye_pupil,8,logistic,participant,1,0.3,0.3,0.3529672031214026
1,3,eye_pupil__8__logistic__participant__4__-0.3__-0.3,eye_pupil__8__logistic__participant,eye_pupil,8,logistic,participant,4,-0.3,-0.3,0.2608783299231618
1,3,eye_pupil__8__logistic__participant__4__-0.3__0.0,eye_pupil__8__logistic__participant,eye_pupil,8,logistic,participant,4,-0.3,0.0,0.28791360306023955
1,3,eye_pupil__8__logistic__participant__4__-0.3__0.3,eye_pupil__8__logistic__participant,eye_pupil,8,logistic,participant,4,-0.3,0.3,0.30898849840553233
1,3,eye_pupil__8__logistic__participant__4__0.0__-0.3,eye_pupil__8__logistic__participant,eye_pupil,8,logistic,participant,4,0.0,-0.3,0.3139395976732269
1,3,eye_pupil__8__logistic__participant__4__0.0__0.0,eye_pupil__8__logistic__participant,eye_pupil,8,logistic,participant,4,0.0,0.0,0.3084785852070554
1,3,eye_pupil__8__logistic__participant__4__0.0__0.3,eye_pupil__8__logistic__participant,eye_pupil,8,logistic,participant,4,0.0,0.3,0.3303160649973988
1,3,eye_pupil__8__logistic__participant__4__0.3__-0.3,eye_pupil__8__logistic__participant,eye_pupil,8,logistic,participant,4,0.3,-0.3,0.3661235615758179
1,3,eye_pupil__8__logistic__participant__4__0.3__0.0,eye_pupil__8__logistic__participant,eye_pupil,8,logistic,participant,4,0.3,0.0,0.3378217792287554
1,3,eye_pupil__8__logistic__participant__4__0.3__0.3,eye_pupil__8__logistic__participant,eye_pupil,8,logistic,participant,4,0.3,0.3,0.33872039738341564
1,3,eye_pupil__8__ordinal__global__1__-0.3__-0.3,eye_pupil__8__ordinal__global,eye_pupil,8,ordinal,global,1,-0.3,-0.3,0.2961683556724201
1,3,eye_pupil__8__ordinal__global__1__-0.3__0.0,eye_pupil__8__ordinal__global,eye_pupil,8,ordinal,global,1,-0.3,0.0,0.3081078108307853
1,3,eye_pupil__8__ordinal__global__1__-0.3__0.3,eye_pupil__8__ordinal__global,eye_pupil,8,ordinal,global,1,-0.3,0.3,0.3306303784170742
1,3,eye_pupil__8__ordinal__global__1__0.0__-0.3,eye_pupil__8__ordinal__global,eye_pupil,8,ordinal,global,1,0.0,-0.3,0.3318791300861697
1,3,eye_pupil__8__ordinal__global__1__0.0__0.0,eye_pupil__8__ordinal__global,eye_pupil,8,ordinal,global,1,0.0,0.0,0.33547000620944334
1,3,eye_pupil__8__ordinal__global__1__0.0__0.3,eye_pupil__8__ordinal__global,eye_pupil,8,ordinal,global,1,0.0,0.3,0.3513182046944483
1,3,eye_pupil__8__ordinal__global__1__0.3__-0.3,eye_pupil__8__ordinal__global,eye_pupil,8,ordinal,global,1,0.3,-0.3,0.3698808833058822
1,3,eye_pupil__8__ordinal__global__1__0.3__0.0,eye_pupil__8__ordinal__global,eye_pupil,8,ordinal,global,1,0.3,0.0,0.36364652929074365
1,3,eye_pupil__8__ordinal__global__1__0.3__0.3,eye_pupil__8__ordinal__global,eye_pupil,8,ordinal,global,1,0.3,0.3,0.35724255135379374
1,3,eye_pupil__8__ordinal__global__4__-0.3__-0.3,eye_pupil__8__ordinal__global,eye_pupil,8,ordinal,global,4,-0.3,-0.3,0.26701948397938363
1,3,eye_pupil__8__ordinal__global__4__-0.3__0.0,eye_pupil__8__ordinal__global,eye_pupil,8,ordinal,global,4,-0.3,0.0,0.2882520312870392
1,3,eye_pupil__8__ordinal__global__4__-0.3__0.3,eye_pupil__8__ordinal__global,eye_pupil,8,ordinal,global,4,-0.3,0.3,0.3135004702533157
1,3,eye_pupil__8__ordinal__global__4__0.0__-0.3,eye_pupil__8__ordinal__global,eye_pupil,8,ordinal,global,4,0.0,-0.3,0.3236612089243485
1,3,eye_pupil__8__ordinal__global__4__0.0__0.0,eye_pupil__8__ordinal__global,eye_pupil,8,ordinal,global,4,0.0,0.0,0.31551690315012715
1,3,eye_pupil__8__ordinal__global__4__0.0__0.3,eye_pupil__8__ordinal__global,eye_pupil,8,ordinal,global,4,0.0,0.3,0.33506187298103246
1,3,eye_pupil__8__ordinal__global__4__0.3__-0.3,eye_pupil__8__ordinal__global,eye_pupil,8,ordinal,global,4,0.3,-0.3,0.37321321662616763
1,3,eye_pupil__8__ordinal__global__4__0.3__0.0,eye_pupil__8__ordinal__global,eye_pupil,8,ordinal,global,4,0.3,0.0,0.34524500730778923
1,3,eye_pupil__8__ordinal__global__4__0.3__0.3,eye_pupil__8__ordinal__global,eye_pupil,8,ordinal,global,4,0.3,0.3,0.346653778726186
1,3,eye_pupil__8__ordinal__participant__1__-0.3__-0.3,eye_pupil__8__ordinal__participant,eye_pupil,8,ordinal,participant,1,-0.3,-0.3,0.2868709634680214
1,3,eye_pupil__8__ordinal__participant__1__-0.3__0.0,eye_pupil__8__ordinal__participant,eye_pupil,8,ordinal,participant,1,-0.3,0.0,0.305262584515638
1,3,eye_pupil__8__ordinal__participant__1__-0.3__0.3,eye_pupil__8__ordinal__participant,eye_pupil,8,ordinal,participant,1,-0.3,0.3,0.3229563984438383
1,3,eye_pupil__8__ordinal__participant__1__0.0__-0.3,eye_pupil__8__ordinal__participant,eye_pupil,8,ordinal,participant,1,0.0,-0.3,0.3265527418054161
1,3,eye_pupil__8__ordinal__participant__1__0.0__0.0,eye_pupil__8__ordinal__participant,eye_pupil,8,ordinal,participant,1,0.0,0.0,0.328759472142928
1,3,eye_pupil__8__ordinal__participant__1__0.0__0.3,eye_pupil__8__ordinal__participant,eye_pupil,8,ordinal,participant,1,0.0,0.3,0.34178610537203286
1,3,eye_pupil__8__ordinal__participant__1__0.3__-0.3,eye_pupil__8__ordinal__participant,eye_pupil,8,ordinal,participant,1,0.3,-0.3,0.36769725512081003
1,3,eye_pupil__8__ordinal__participant__1__0.3__0.0,eye_pupil__8__ordinal__participant,eye_pupil,8,ordinal,participant,1,0.3,0.0,0.36299068177005833
1,3,eye_pupil__8__ordinal__participant__1__0.3__0.3,eye_pupil__8__ordinal__participant,eye_pupil,8,ordinal,participant,1,0.3,0.3,0.35260274781871204
1,3,eye_pupil__8__ordinal__participant__4__-0.3__-0.3,eye_pupil__8__ordinal__participant,eye_pupil,8,ordinal,participant,4,-0.3,-0.3,0.26075700451179296
1,3,eye_pupil__8__ordinal__participant__4__-0.3__0.0,eye_pupil__8__ordinal__participant,eye_pupil,8,ordinal,participant,4,-0.3,0.0,0.2876840356663765
1,3,eye_pupil__8__ordinal__participant__4__-0.3__0.3,eye_pupil__8__ordinal__participant,eye_pupil,8,ordinal,participant,4,-0.3,0.3,0.3098340113269688
1,3,eye_pupil__8__ordinal__participant__4__0.0__-0.3,eye_pupil__8__ordinal__participant,eye_pupil,8,ordinal,participant,4,0.0,-0.3,0.3185276721778626
1,3,eye_pupil__8__ordinal__participant__4__0.0__0.0,eye_pupil__8__ordinal__participant,eye_pupil,8,ordinal,participant,4,0.0,0.0,0.3083966048247417
1,3,eye_pupil__8__ordinal__participant__4__0.0__0.3,eye_pupil__8__ordinal__participant,eye_pupil,8,ordinal,participant,4,0.0,0.3,0.33241055046349177
1,3,eye_pupil__8__ordinal__participant__4__0.3__-0.3,eye_pupil__8__ordinal__participant,eye_pupil,8,ordinal,participant,4,0.3,-0.3,0.36837508607272407
1,3,eye_pupil__8__ordinal__participant__4__0.3__0.0,eye_pupil__8__ordinal__participant,eye_pupil,8,ordinal,participant,4,0.3,0.0,0.346750473204884
1,3,eye_pupil__8__ordinal__participant__4__0.3__0.3,eye_pupil__8__ordinal__participant,eye_pupil,8,ordinal,participant,4,0.3,0.3,0.3393188221942742
1,3,eye_pupil__8__catboost__global__1__-0.3__-0.3,eye_pupil__8__catboost__global,eye_pupil,8,catboost,global,1,-0.3,-0.3,0.23577811517988773
1,3,eye_pupil__8__catboost__global__1__-0.3__0.0,eye_pupil__8__catboost__global,eye_pupil,8,catboost,global,1,-0.3,0.0,0.2934418383603992
1,3,eye_pupil__8__catboost__global__1__-0.3__0.3,eye_pupil__8__catboost__global,eye_pupil,8,catboost,global,1,-0.3,0.3,0.3524134577540677
1,3,eye_pupil__8__catboost__global__1__0.0__-0.3,eye_pupil__8__catboost__global,eye_pupil,8,catboost,global,1,0.0,-0.3,0.3137438008202943
1,3,eye_pupil__8__catboost__global__1__0.0__0.0,eye_pupil__8__catboost__global,eye_pupil,8,catboost,global,1,0.0,0.0,0.3201642576081852
1,3,eye_pupil__8__catboost__global__1__0.0__0.3,eye_pupil__8__catboost__global,eye_pupil,8,catboost,global,1,0.0,0.3,0.3736413584364616
1,3,eye_pupil__8__catboost__global__1__0.3__-0.3,eye_pupil__8__catboost__global,eye_pupil,8,catboost,global,1,0.3,-0.3,0.38325860894333463
1,3,eye_pupil__8__catboost__global__1__0.3__0.0,eye_pupil__8__catboost__global,eye_pupil,8,catboost,global,1,0.3,0.0,0.36919352048583104
1,3,eye_pupil__8__catboost__global__1__0.3__0.3,eye_pupil__8__catboost__global,eye_pupil,8,catboost,global,1,0.3,0.3,0.3653130438956585
1,3,eye_pupil__8__catboost__global__4__-0.3__-0.3,eye_pupil__8__catboost__global,eye_pupil,8,catboost,global,4,-0.3,-0.3,0.22765055824023153
1,3,eye_pupil__8__catboost__global__4__-0.3__0.0,eye_pupil__8__catboost__global,eye_pupil,8,catboost,global,4,-0.3,0.0,0.2651667041518294
1,3,eye_pupil__8__catboost__global__4__-0.3__0.3,eye_pupil__8__catboost__global,eye_pupil,8,catboost,global,4,-0.3,0.3,0.34435747134947464
1,3,eye_pupil__8__catboost__global__4__0.0__-0.3,eye_pupil__8__catboost__global,eye_pupil,8,catboost,global,4,0.0,-0.3,0.31276047022913406
1,3,eye_pupil__8__catboost__global__4__0.0__0.0,eye_pupil__8__catboost__global,eye_pupil,8,catboost,global,4,0.0,0.0,0.31010815747712756
1,3,eye_pupil__8__catboost__global__4__0.0__0.3,eye_pupil__8__catboost__global,eye_pupil,8,catboost,global,4,0.0,0.3,0.3633544918044713
1,3,eye_pupil__8__catboost__global__4__0.3__-0.3,eye_pupil__8__catboost__global,eye_pupil,8,catboost,global,4,0.3,-0.3,0.37920260711214165
1,3,eye_pupil__8__catboost__global__4__0.3__0.0,eye_pupil__8__catboost__global,eye_pupil,8,catboost,global,4,0.3,0.0,0.3685843272783381
1,3,eye_pupil__8__catboost__global__4__0.3__0.3,eye_pupil__8__catboost__global,eye_pupil,8,catboost,global,4,0.3,0.3,0.3604608499620312
1,3,eye_pupil__8__catboost__participant__1__-0.3__-0.3,eye_pupil__8__catboost__participant,eye_pupil,8,catboost,participant,1,-0.3,-0.3,0.23627969750824337
1,3,eye_pupil__8__catboost__participant__1__-0.3__0.0,eye_pupil__8__catboost__participant,eye_pupil,8,catboost,participant,1,-0.3,0.0,0.2874903532770546
1,3,eye_pupil__8__catboost__participant__1__-0.3__0.3,eye_pupil__8__catboost__participant,eye_pupil,8,catboost,participant,1,-0.3,0.3,0.3499815084259365
1,3,eye_pupil__8__catboost__participant__1__0.0__-0.3,eye_pupil__8__catboost__participant,eye_pupil,8,catboost,participant,1,0.0,-0.3,0.3066210801430111
1,3,eye_pupil__8__catboost__participant__1__0.0__0.0,eye_pupil__8__catboost__participant,eye_pupil,8,catboost,participant,1,0.0,0.0,0.3168158953578849
1,3,eye_pupil__8__catboost__participant__1__0.0__0.3,eye_pupil__8__catboost__participant,eye_pupil,8,catboost,participant,1,0.0,0.3,0.3744107938959597
1,3,eye_pupil__8__catboost__participant__1__0.3__-0.3,eye_pupil__8__catboost__participant,eye_pupil,8,catboost,participant,1,0.3,-0.3,0.3842933219268598
1,3,eye_pupil__8__catboost__participant__1__0.3__0.0,eye_pupil__8__catboost__participant,eye_pupil,8,catboost,participant,1,0.3,0.0,0.3650528480151675
1,3,eye_pupil__8__catboost__participant__1__0.3__0.3,eye_pupil__8__catboost__participant,eye_pupil,8,catboost,participant,1,0.3,0.3,0.3657146730584289
1,3,eye_pupil__8__catboost__participant__4__-0.3__-0.3,eye_pupil__8__catboost__participant,eye_pupil,8,catboost,participant,4,-0.3,-0.3,0.22340544905670123
1,3,eye_pupil__8__catboost__participant__4__-0.3__0.0,eye_pupil__8__catboost__participant,eye_pupil,8,catboost,participant,4,-0.3,0.0,0.2641724369150366
1,3,eye_pupil__8__catboost__participant__4__-0.3__0.3,eye_pupil__8__catboost__participant,eye_pupil,8,catboost,participant,4,-0.3,0.3,0.34595378482010364
1,3,eye_pupil__8__catboost__participant__4__0.0__-0.3,eye_pupil__8__catboost__participant,eye_pupil,8,catboost,participant,4,0.0,-0.3,0.3093276284204622
1,3,eye_pupil__8__catboost__participant__4__0.0__0.0,eye_pupil__8__catboost__participant,eye_pupil,8,catboost,participant,4,0.0,0.0,0.30308577644369006
1,3,eye_pupil__8__catboost__participant__4__0.0__0.3,eye_pupil__8__catboost__participant,eye_pupil,8,catboost,participant,4,0.0,0.3,0.36428272665347666
1,3,eye_pupil__8__catboost__participant__4__0.3__-0.3,eye_pupil__8__catboost__participant,eye_pupil,8,catboost,participant,4,0.3,-0.3,0.38431616115008765
1,3,eye_pupil__8__catboost__participant__4__0.3__0.0,eye_pupil__8__catboost__participant,eye_pupil,8,catboost,participant,4,0.3,0.0,0.36544649043664307
1,3,eye_pupil__8__catboost__participant__4__0.3__0.3,eye_pupil__8__catboost__participant,eye_pupil,8,catboost,participant,4,0.3,0.3,0.35505972928591084
1,3,full__1__logistic__global__1__-0.3__-0.3,full__1__logistic__global,full,1,logistic,global,1,-0.3,-0.3,0.2831945751584026
1,3,full__1__logistic__global__1__-0.3__0.0,full__1__logistic__global,full,1,logistic,global,1,-0.3,0.0,0.31625099123062117
1,3,full__1__logistic__global__1__-0.3__0.3,full__1__logistic__global,full,1,logistic,global,1,-0.3,0.3,0.3786175498531387
1,3,full__1__logistic__global__1__0.0__-0.3,full__1__logistic__global,full,1,logistic,global,1,0.0,-0.3,0.33759981938786066
1,3,full__1__logistic__global__1__0.0__0.0,full__1__logistic__global,full,1,logistic,global,1,0.0,0.0,0.34485226788196094
1,3,full__1__logistic__global__1__0.0__0.3,full__1__logistic__global,full,1,logistic,global,1,0.0,0.3,0.3899335498946806
1,3,full__1__logistic__global__1__0.3__-0.3,full__1__logistic__global,full,1,logistic,global,1,0.3,-0.3,0.39764621889455987
1,3,full__1__logistic__global__1__0.3__0.0,full__1__logistic__global,full,1,logistic,global,1,0.3,0.0,0.3978321426401565
1,3,full__1__logistic__global__1__0.3__0.3,full__1__logistic__global,full,1,logistic,global,1,0.3,0.3,0.40242248902963823
1,3,full__1__logistic__global__4__-0.3__-0.3,full__1__logistic__global,full,1,logistic,global,4,-0.3,-0.3,0.25770023600023645
1,3,full__1__logistic__global__4__-0.3__0.0,full__1__logistic__global,full,1,logistic,global,4,-0.3,0.0,0.3147013264840414
1,3,full__1__logistic__global__4__-0.3__0.3,full__1__logistic__global,full,1,logistic,global,4,-0.3,0.3,0.3733708870015292
1,3,full__1__logistic__global__4__0.0__-0.3,full__1__logistic__global,full,1,logistic,global,4,0.0,-0.3,0.32319372373164235
1,3,full__1__logistic__global__4__0.0__0.0,full__1__logistic__global,full,1,logistic,global,4,0.0,0.0,0.3448273329278771
1,3,full__1__logistic__global__4__0.0__0.3,full__1__logistic__global,full,1,logistic,global,4,0.0,0.3,0.38815850501768545
1,3,full__1__logistic__global__4__0.3__-0.3,full__1__logistic__global,full,1,logistic,global,4,0.3,-0.3,0.39024968983346825
1,3,full__1__logistic__global__4__0.3__0.0,full__1__logistic__global,full,1,logistic,global,4,0.3,0.0,0.3927702264062215
1,3,full__1__logistic__global__4__0.3__0.3,full__1__logistic__global,full,1,logistic,global,4,0.3,0.3,0.395709870995136
1,3,full__1__logistic__participant__1__-0.3__-0.3,full__1__logistic__participant,full,1,logistic,participant,1,-0.3,-0.3,0.2830428469679706
1,3,full__1__logistic__participant__1__-0.3__0.0,full__1__logistic__participant,full,1,logistic,participant,1,-0.3,0.0,0.31202958597703057
1,3,full__1__logistic__participant__1__-0.3__0.3,full__1__logistic__participant,full,1,logistic,participant,1,-0.3,0.3,0.3770488412655435
1,3,full__1__logistic__participant__1__0.0__-0.3,full__1__logistic__participant,full,1,logistic,participant,1,0.0,-0.3,0.3385870818287244
1,3,full__1__logistic__participant__1__0.0__0.0,full__1__logistic__participant,full,1,logistic,participant,1,0.0,0.0,0.3405270050750553
1,3,full__1__logistic__participant__1__0.0__0.3,full__1__logistic__participant,full,1,logistic,participant,1,0.0,0.3,0.39245813133622415
1,3,full__1__logistic__participant__1__0.3__-0.3,full__1__logistic__participant,full,1,logistic,participant,1,0.3,-0.3,0.3972045918729646
1,3,full__1__logistic__participant__1__0.3__0.0,full__1__logistic__participant,full,1,logistic,participant,1,0.3,0.0,0.3969363335131397
1,3,full__1__logistic__participant__1__0.3__0.3,full__1__logistic__participant,full,1,logistic,participant,1,0.3,0.3,0.398339354896178
1,3,full__1__logistic__participant__4__-0.3__-0.3,full__1__logistic__participant,full,1,logistic,participant,4,-0.3,-0.3,0.2545368402294268
1,3,full__1__logistic__participant__4__-0.3__0.0,full__1__logistic__participant,full,1,logistic,participant,4,-0.3,0.0,0.3057748968827774
1,3,full__1__logistic__participant__4__-0.3__0.3,full__1__logistic__participant,full,1,logistic,participant,4,-0.3,0.3,0.3698628897553556
1,3,full__1__logistic__participant__4__0.0__-0.3,full__1__logistic__participant,full,1,logistic,participant,4,0.0,-0.3,0.3225894440531259
1,3,full__1__logistic__participant__4__0.0__0.0,full__1__logistic__participant,full,1,logistic,participant,4,0.0,0.0,0.3409166322094355
1,3,full__1__logistic__participant__4__0.0__0.3,full__1__logistic__participant,full,1,logistic,participant,4,0.0,0.3,0.3853766633925787
1,3,full__1__logistic__participant__4__0.3__-0.3,full__1__logistic__participant,full,1,logistic,participant,4,0.3,-0.3,0.3922417429342759
1,3,full__1__logistic__participant__4__0.3__0.0,full__1__logistic__participant,full,1,logistic,participant,4,0.3,0.0,0.3944504361442869
1,3,full__1__logistic__participant__4__0.3__0.3,full__1__logistic__participant,full,1,logistic,participant,4,0.3,0.3,0.3948192163658501
1,3,full__1__ordinal__global__1__-0.3__-0.3,full__1__ordinal__global,full,1,ordinal,global,1,-0.3,-0.3,0.2819312897349274
1,3,full__1__ordinal__global__1__-0.3__0.0,full__1__ordinal__global,full,1,ordinal,global,1,-0.3,0.0,0.31150168788751026
1,3,full__1__ordinal__global__1__-0.3__0.3,full__1__ordinal__global,full,1,ordinal,global,1,-0.3,0.3,0.38019927068517745
1,3,full__1__ordinal__global__1__0.0__-0.3,full__1__ordinal__global,full,1,ordinal,global,1,0.0,-0.3,0.3375182246296117
1,3,full__1__ordinal__global__1__0.0__0.0,full__1__ordinal__global,full,1,ordinal,global,1,0.0,0.0,0.34255776441968394
1,3,full__1__ordinal__global__1__0.0__0.3,full__1__ordinal__global,full,1,ordinal,global,1,0.0,0.3,0.394434392633063
1,3,full__1__ordinal__global__1__0.3__-0.3,full__1__ordinal__global,full,1,ordinal,global,1,0.3,-0.3,0.39891422169425356
1,3,full__1__ordinal__global__1__0.3__0.0,full__1__ordinal__global,full,1,ordinal,global,1,0.3,0.0,0.39953847308806306
1,3,full__1__ordinal__global__1__0.3__0.3,full__1__ordinal__global,full,1,ordinal,global,1,0.3,0.3,0.40454811502304755
1,3,full__1__ordinal__global__4__-0.3__-0.3,full__1__ordinal__global,full,1,ordinal,global,4,-0.3,-0.3,0.25738763367010303
1,3,full__1__ordinal__global__4__-0.3__0.0,full__1__ordinal__global,full,1,ordinal,global,4,-0.3,0.0,0.3103597359963457
1,3,full__1__ordinal__global__4__-0.3__0.3,full__1__ordinal__global,full,1,ordinal,global,4,-0.3,0.3,0.3736245273339177
1,3,full__1__ordinal__global__4__0.0__-0.3,full__1__ordinal__global,full,1,ordinal,global,4,0.0,-0.3,0.32186534301369524
1,3,full__1__ordinal__global__4__0.0__0.0,full__1__ordinal__global,full,1,ordinal,global,4,0.0,0.0,0.34220462345872643
1,3,full__1__ordinal__global__4__0.0__0.3,full__1__ordinal__global,full,1,ordinal,global,4,0.0,0.3,0.39034039960838485
1,3,full__1__ordinal__global__4__0.3__-0.3,full__1__ordinal__global,full,1,ordinal,global,4,0.3,-0.3,0.39026415399028325
1,3,full__1__ordinal__global__4__0.3__0.0,full__1__ordinal__global,full,1,ordinal,global,4,0.3,0.0,0.3941285976911052
1,3,full__1__ordinal__global__4__0.3__0.3,full__1__ordinal__global,full,1,ordinal,global,4,0.3,0.3,0.39901813401501735
1,3,full__1__ordinal__participant__1__-0.3__-0.3,full__1__ordinal__participant,full,1,ordinal,participant,1,-0.3,-0.3,0.28109218859562607
1,3,full__1__ordinal__participant__1__-0.3__0.0,full__1__ordinal__participant,full,1,ordinal,participant,1,-0.3,0.0,0.31170108087618265
1,3,full__1__ordinal__participant__1__-0.3__0.3,full__1__ordinal__participant,full,1,ordinal,participant,1,-0.3,0.3,0.3776795855643704
1,3,full__1__ordinal__participant__1__0.0__-0.3,full__1__ordinal__participant,full,1,ordinal,participant,1,0.0,-0.3,0.33795870042312537
1,3,full__1__ordinal__participant__1__0.0__0.0,full__1__ordinal__participant,full,1,ordinal,participant,1,0.0,0.0,0.34032120308170993
1,3,full__1__ordinal__participant__1__0.0__0.3,full__1__ordinal__participant,full,1,ordinal,participant,1,0.0,0.3,0.39269932861567214
1,3,full__1__ordinal__participant__1__0.3__-0.3,full__1__ordinal__participant,full,1,ordinal,participant,1,0.3,-0.3,0.3962681426092688
1,3,full__1__ordinal__participant__1__0.3__0.0,full__1__ordinal__participant,full,1,ordinal,participant,1,0.3,0.0,0.3994004621612519
1,3,full__1__ordinal__participant__1__0.3__0.3,full__1__ordinal__participant,full,1,ordinal,participant,1,0.3,0.3,0.4008041435584039
1,3,full__1__ordinal__participant__4__-0.3__-0.3,full__1__ordinal__participant,full,1,ordinal,participant,4,-0.3,-0.3,0.25313637770138714
1,3,full__1__ordinal__participant__4__-0.3__0.0,full__1__ordinal__participant,full,1,ordinal,participant,4,-0.3,0.0,0.3042843904779495
1,3,full__1__ordinal__participant__4__-0.3__0.3,full__1__ordinal__participant,full,1,ordinal,participant,4,-0.3,0.3,0.370582145344251
1,3,full__1__ordinal__participant__4__0.0__-0.3,full__1__ordinal__participant,full,1,ordinal,participant,4,0.0,-0.3,0.32206766469355225
1,3,full__1__ordinal__participant__4__0.0__0.0,full__1__ordinal__participant,full,1,ordinal,participant,4,0.0,0.0,0.33723748198006587
1,3,full__1__ordinal__participant__4__0.0__0.3,full__1__ordinal__participant,full,1,ordinal,participant,4,0.0,0.3,0.3874679045573136
1,3,full__1__ordinal__participant__4__0.3__-0.3,full__1__ordinal__participant,full,1,ordinal,participant,4,0.3,-0.3,0.3934979045263332
1,3,full__1__ordinal__participant__4__0.3__0.0,full__1__ordinal__participant,full,1,ordinal,participant,4,0.3,0.0,0.3978726203933909
1,3,full__1__ordinal__participant__4__0.3__0.3,full__1__ordinal__participant,full,1,ordinal,participant,4,0.3,0.3,0.39184970933056096
1,3,full__1__catboost__global__1__-0.3__-0.3,full__1__catboost__global,full,1,catboost,global,1,-0.3,-0.3,0.27052915113578563
1,3,full__1__catboost__global__1__-0.3__0.0,full__1__catboost__global,full,1,catboost,global,1,-0.3,0.0,0.3482377104238303
1,3,full__1__catboost__global__1__-0.3__0.3,full__1__catboost__global,full,1,catboost,global,1,-0.3,0.3,0.3810790666076667
1,3,full__1__catboost__global__1__0.0__-0.3,full__1__catboost__global,full,1,catboost,global,1,0.0,-0.3,0.33791347353933704
1,3,full__1__catboost__global__1__0.0__0.0,full__1__catboost__global,full,1,catboost,global,1,0.0,0.0,0.37040978970185795
1,3,full__1__catboost__global__1__0.0__0.3,full__1__catboost__global,full,1,catboost,global,1,0.0,0.3,0.3967316338560234
1,3,full__1__catboost__global__1__0.3__-0.3,full__1__catboost__global,full,1,catboost,global,1,0.3,-0.3,0.4113557126257949
1,3,full__1__catboost__global__1__0.3__0.0,full__1__catboost__global,full,1,catboost,global,1,0.3,0.0,0.40249486456480815
1,3,full__1__catboost__global__1__0.3__0.3,full__1__catboost__global,full,1,catboost,global,1,0.3,0.3,0.4094241797152192
1,3,full__1__catboost__global__4__-0.3__-0.3,full__1__catboost__global,full,1,catboost,global,4,-0.3,-0.3,0.2498017374604135
1,3,full__1__catboost__global__4__-0.3__0.0,full__1__catboost__global,full,1,catboost,global,4,-0.3,0.0,0.33979310214232483
1,3,full__1__catboost__global__4__-0.3__0.3,full__1__catboost__global,full,1,catboost,global,4,-0.3,0.3,0.3766133693622271
1,3,full__1__catboost__global__4__0.0__-0.3,full__1__catboost__global,full,1,catboost,global,4,0.0,-0.3,0.32983134543876264
1,3,full__1__catboost__global__4__0.0__0.0,full__1__catboost__global,full,1,catboost,global,4,0.0,0.0,0.3560797033647888
1,3,full__1__catboost__global__4__0.0__0.3,full__1__catboost__global,full,1,catboost,global,4,0.0,0.3,0.38892155419448615
1,3,full__1__catboost__global__4__0.3__-0.3,full__1__catboost__global,full,1,catboost,global,4,0.3,-0.3,0.4052096018744673
1,3,full__1__catboost__global__4__0.3__0.0,full__1__catboost__global,full,1,catboost,global,4,0.3,0.0,0.40626857254654986
1,3,full__1__catboost__global__4__0.3__0.3,full__1__catboost__global,full,1,catboost,global,4,0.3,0.3,0.4088636532777141
1,3,full__1__catboost__participant__1__-0.3__-0.3,full__1__catboost__participant,full,1,catboost,participant,1,-0.3,-0.3,0.2729456311189929
1,3,full__1__catboost__participant__1__-0.3__0.0,full__1__catboost__participant,full,1,catboost,participant,1,-0.3,0.0,0.3387295032041601
1,3,full__1__catboost__participant__1__-0.3__0.3,full__1__catboost__participant,full,1,catboost,participant,1,-0.3,0.3,0.37909350835767897
1,3,full__1__catboost__participant__1__0.0__-0.3,full__1__catboost__participant,full,1,catboost,participant,1,0.0,-0.3,0.339074294964584
1,3,full__1__catboost__participant__1__0.0__0.0,full__1__catboost__participant,full,1,catboost,participant,1,0.0,0.0,0.36572519755638955
1,3,full__1__catboost__participant__1__0.0__0.3,full__1__catboost__participant,full,1,catboost,participant,1,0.0,0.3,0.39355990081133096
1,3,full__1__catboost__participant__1__0.3__-0.3,full__1__catboost__participant,full,1,catboost,participant,1,0.3,-0.3,0.41151374280202024
1,3,full__1__catboost__participant__1__0.3__0.0,full__1__catboost__participant,full,1,catboost,participant,1,0.3,0.0,0.40778121627608055
1,3,full__1__catboost__participant__1__0.3__0.3,full__1__catboost__participant,full,1,catboost,participant,1,0.3,0.3,0.41046162601602776
1,3,full__1__catboost__participant__4__-0.3__-0.3,full__1__catboost__participant,full,1,catboost,participant,4,-0.3,-0.3,0.2533539829969969
1,3,full__1__catboost__participant__4__-0.3__0.0,full__1__catboost__participant,full,1,catboost,participant,4,-0.3,0.0,0.330653053095096
1,3,full__1__catboost__participant__4__-0.3__0.3,full__1__catboost__participant,full,1,catboost,participant,4,-0.3,0.3,0.37281417310256093
1,3,full__1__catboost__participant__4__0.0__-0.3,full__1__catboost__participant,full,1,catboost,participant,4,0.0,-0.3,0.3325404000541881
1,3,full__1__catboost__participant__4__0.0__0.0,full__1__catboost__participant,full,1,catboost,participant,4,0.0,0.0,0.35705226009999663
1,3,full__1__catboost__participant__4__0.0__0.3,full__1__catboost__participant,full,1,catboost,participant,4,0.0,0.3,0.3852162633253058
1,3,full__1__catboost__participant__4__0.3__-0.3,full__1__catboost__participant,full,1,catboost,participant,4,0.3,-0.3,0.4049644602767822
1,3,full__1__catboost__participant__4__0.3__0.0,full__1__catboost__participant,full,1,catboost,participant,4,0.3,0.0,0.40586129423142076
1,3,full__1__catboost__participant__4__0.3__0.3,full__1__catboost__participant,full,1,catboost,participant,4,0.3,0.3,0.40832843641307315
1,3,full__8__logistic__global__1__-0.3__-0.3,full__8__logistic__global,full,8,logistic,global,1,-0.3,-0.3,0.30472165097813486
1,3,full__8__logistic__global__1__-0.3__0.0,full__8__logistic__global,full,8,logistic,global,1,-0.3,0.0,0.32611607879789667
1,3,full__8__logistic__global__1__-0.3__0.3,full__8__logistic__global,full,8,logistic,global,1,-0.3,0.3,0.34847817285802507
1,3,full__8__logistic__global__1__0.0__-0.3,full__8__logistic__global,full,8,logistic,global,1,0.0,-0.3,0.3345418595471193
1,3,full__8__logistic__global__1__0.0__0.0,full__8__logistic__global,full,8,logistic,global,1,0.0,0.0,0.3488843180547754
1,3,full__8__logistic__global__1__0.0__0.3,full__8__logistic__global,full,8,logistic,global,1,0.0,0.3,0.35945245621503064
1,3,full__8__logistic__global__1__0.3__-0.3,full__8__logistic__global,full,8,logistic,global,1,0.3,-0.3,0.36779831343351077
1,3,full__8__logistic__global__1__0.3__0.0,full__8__logistic__global,full,8,logistic,global,1,0.3,0.0,0.3608804369731054
1,3,full__8__logistic__global__1__0.3__0.3,full__8__logistic__global,full,8,logistic,global,1,0.3,0.3,0.377755671825893
1,3,full__8__logistic__global__4__-0.3__-0.3,full__8__logistic__global,full,8,logistic,global,4,-0.3,-0.3,0.2901121314194505
1,3,full__8__logistic__global__4__-0.3__0.0,full__8__logistic__global,full,8,logistic,global,4,-0.3,0.0,0.31716664109534876
1,3,full__8__logistic__global__4__-0.3__0.3,full__8__logistic__global,full,8,logistic,global,4,-0.3,0.3,0.333224352211379
1,3,full__8__logistic__global__4__0.0__-0.3,full__8__logistic__global,full,8,logistic,global,4,0.0,-0.3,0.3272236525209107
1,3,full__8__logistic__global__4__0.0__0.0,full__8__logistic__global,full,8,logistic,global,4,0.0,0.0,0.33899159551807106
1,3,full__8__logistic__global__4__0.0__0.3,full__8__logistic__global,full,8,logistic,global,4,0.0,0.3,0.3391357842378516
1,3,full__8__logistic__global__4__0.3__-0.3,full__8__logistic__global,full,8,logistic,global,4,0.3,-0.3,0.36368987380649637
1,3,full__8__logistic__global__4__0.3__0.0,full__8__logistic__global,full,8,logistic,global,4,0.3,0.0,0.36150775168264215
1,3,full__8__logistic__global__4__0.3__0.3,full__8__logistic__global,full,8,logistic,global,4,0.3,0.3,0.3629314615474604
1,3,full__8__logistic__participant__1__-0.3__-0.3,full__8__logistic__participant,full,8,logistic,participant,1,-0.3,-0.3,0.3049506610952176
1,3,full__8__logistic__participant__1__-0.3__0.0,full__8__logistic__participant,full,8,logistic,participant,1,-0.3,0.0,0.3245608874292581
1,3,full__8__logistic__participant__1__-0.3__0.3,full__8__logistic__participant,full,8,logistic,participant,1,-0.3,0.3,0.34589043404778747
1,3,full__8__logistic__participant__1__0.0__-0.3,full__8__logistic__participant,full,8,logistic,participant,1,0.0,-0.3,0.33553371927719305
1,3,full__8__logistic__participant__1__0.0__0.0,full__8__logistic__participant,full,8,logistic,participant,1,0.0,0.0,0.3488099635544961
1,3,full__8__logistic__participant__1__0.0__0.3,full__8__logistic__participant,full,8,logistic,participant,1,0.0,0.3,0.35726899081246055
1,3,full__8__logistic__participant__1__0.3__-0.3,full__8__logistic__participant,full,8,logistic,participant,1,0.3,-0.3,0.36911876021251117
1,3,full__8__logistic__participant__1__0.3__0.0,full__8__logistic__participant,full,8,logistic,participant,1,0.3,0.0,0.3613123644514156
1,3,full__8__logistic__participant__1__0.3__0.3,full__8__logistic__participant,full,8,logistic,participant,1,0.3,0.3,0.37530957940297666
1,3,full__8__logistic__participant__4__-0.3__-0.3,full__8__logistic__participant,full,8,logistic,participant,4,-0.3,-0.3,0.28636130326999043
1,3,full__8__logistic__participant__4__-0.3__0.0,full__8__logistic__participant,full,8,logistic,participant,4,-0.3,0.0,0.312596786732492
1,3,full__8__logistic__participant__4__-0.3__0.3,full__8__logistic__participant,full,8,logistic,participant,4,-0.3,0.3,0.32946485120904323
1,3,full__8__logistic__participant__4__0.0__-0.3,full__8__logistic__participant,full,8,logistic,participant,4,0.0,-0.3,0.32614558280814726
1,3,full__8__logistic__participant__4__0.0__0.0,full__8__logistic__participant,full,8,logistic,participant,4,0.0,0.0,0.33573986755960245
1,3,full__8__logistic__participant__4__0.0__0.3,full__8__logistic__participant,full,8,logistic,participant,4,0.0,0.3,0.33781033591909493
1,3,full__8__logistic__participant__4__0.3__-0.3,full__8__logistic__participant,full,8,logistic,participant,4,0.3,-0.3,0.3617224318529673
1,3,full__8__logistic__participant__4__0.3__0.0,full__8__logistic__participant,full,8,logistic,participant,4,0.3,0.0,0.35040317367921847
1,3,full__8__logistic__participant__4__0.3__0.3,full__8__logistic__participant,full,8,logistic,participant,4,0.3,0.3,0.36263098694130746
1,3,full__8__ordinal__global__1__-0.3__-0.3,full__8__ordinal__global,full,8,ordinal,global,1,-0.3,-0.3,0.30303676208696445
1,3,full__8__ordinal__global__1__-0.3__0.0,full__8__ordinal__global,full,8,ordinal,global,1,-0.3,0.0,0.3285233511943039
1,3,full__8__ordinal__global__1__-0.3__0.3,full__8__ordinal__global,full,8,ordinal,global,1,-0.3,0.3,0.35761600393937576
1,3,full__8__ordinal__global__1__0.0__-0.3,full__8__ordinal__global,full,8,ordinal,global,1,0.0,-0.3,0.33387745591321644
1,3,full__8__ordinal__global__1__0.0__0.0,full__8__ordinal__global,full,8,ordinal,global,1,0.0,0.0,0.3490126258237969
1,3,full__8__ordinal__global__1__0.0__0.3,full__8__ordinal__global,full,8,ordinal,global,1,0.0,0.3,0.3650908815891324
1,3,full__8__ordinal__global__1__0.3__-0.3,full__8__ordinal__global,full,8,ordinal,global,1,0.3,-0.3,0.36877917976395036
1,3,full__8__ordinal__global__1__0.3__0.0,full__8__ordinal__global,full,8,ordinal,global,1,0.3,0.0,0.3644642305269706
1,3,full__8__ordinal__global__1__0.3__0.3,full__8__ordinal__global,full,8,ordinal,global,1,0.3,0.3,0.38143919630090867
1,3,full__8__ordinal__global__4__-0.3__-0.3,full__8__ordinal__global,full,8,ordinal,global,4,-0.3,-0.3,0.28861329779399514
1,3,full__8__ordinal__global__4__-0.3__0.0,full__8__ordinal__global,full,8,ordinal,global,4,-0.3,0.0,0.3130271228340135
1,3,full__8__ordinal__global__4__-0.3__0.3,full__8__ordinal__global,full,8,ordinal,global,4,-0.3,0.3,0.33912828495110037
1,3,full__8__ordinal__global__4__0.0__-0.3,full__8__ordinal__global,full,8,ordinal,global,4,0.0,-0.3,0.32428950971797593
1,3,full__8__ordinal__global__4__0.0__0.0,full__8__ordinal__global,full,8,ordinal,global,4,0.0,0.0,0.33704904521460044
1,3,full__8__ordinal__global__4__0.0__0.3,full__8__ordinal__global,full,8,ordinal,global,4,0.0,0.3,0.343306327728802
1,3,full__8__ordinal__global__4__0.3__-0.3,full__8__ordinal__global,full,8,ordinal,global,4,0.3,-0.3,0.3680172778473716
1,3,full__8__ordinal__global__4__0.3__0.0,full__8__ordinal__global,full,8,ordinal,global,4,0.3,0.0,0.3605083905965934
1,3,full__8__ordinal__global__4__0.3__0.3,full__8__ordinal__global,full,8,ordinal,global,4,0.3,0.3,0.3708215645836016
1,3,full__8__ordinal__participant__1__-0.3__-0.3,full__8__ordinal__participant,full,8,ordinal,participant,1,-0.3,-0.3,0.3011653233818966
1,3,full__8__ordinal__participant__1__-0.3__0.0,full__8__ordinal__participant,full,8,ordinal,participant,1,-0.3,0.0,0.32553071643722276
1,3,full__8__ordinal__participant__1__-0.3__0.3,full__8__ordinal__participant,full,8,ordinal,participant,1,-0.3,0.3,0.3514918635069102
1,3,full__8__ordinal__participant__1__0.0__-0.3,full__8__ordinal__participant,full,8,ordinal,participant,1,0.0,-0.3,0.3308861085957532
1,3,full__8__ordinal__participant__1__0.0__0.0,full__8__ordinal__participant,full,8,ordinal,participant,1,0.0,0.0,0.3446522522172344
1,3,full__8__ordinal__participant__1__0.0__0.3,full__8__ordinal__participant,full,8,ordinal,participant,1,0.0,0.3,0.36230464020497866
1,3,full__8__ordinal__participant__1__0.3__-0.3,full__8__ordinal__participant,full,8,ordinal,participant,1,0.3,-0.3,0.3670210425588739
1,3,full__8__ordinal__participant__1__0.3__0.0,full__8__ordinal__participant,full,8,ordinal,participant,1,0.3,0.0,0.3651319709634333
1,3,full__8__ordinal__participant__1__0.3__0.3,full__8__ordinal__participant,full,8,ordinal,participant,1,0.3,0.3,0.37923705487701004
1,3,full__8__ordinal__participant__4__-0.3__-0.3,full__8__ordinal__participant,full,8,ordinal,participant,4,-0.3,-0.3,0.2868905409656673
1,3,full__8__ordinal__participant__4__-0.3__0.0,full__8__ordinal__participant,full,8,ordinal,participant,4,-0.3,0.0,0.3152914988972654
1,3,full__8__ordinal__participant__4__-0.3__0.3,full__8__ordinal__participant,full,8,ordinal,participant,4,-0.3,0.3,0.33800917539073627
1,3,full__8__ordinal__participant__4__0.0__-0.3,full__8__ordinal__participant,full,8,ordinal,participant,4,0.0,-0.3,0.3208306483467669
1,3,full__8__ordinal__participant__4__0.0__0.0,full__8__ordinal__participant,full,8,ordinal,participant,4,0.0,0.0,0.33740772865095137
1,3,full__8__ordinal__participant__4__0.0__0.3,full__8__ordinal__participant,full,8,ordinal,participant,4,0.0,0.3,0.3455540662285837
1,3,full__8__ordinal__participant__4__0.3__-0.3,full__8__ordinal__participant,full,8,ordinal,participant,4,0.3,-0.3,0.3658386646229069
1,3,full__8__ordinal__participant__4__0.3__0.0,full__8__ordinal__participant,full,8,ordinal,participant,4,0.3,0.0,0.3567714770781071
1,3,full__8__ordinal__participant__4__0.3__0.3,full__8__ordinal__participant,full,8,ordinal,participant,4,0.3,0.3,0.369630881608029
1,3,full__8__catboost__global__1__-0.3__-0.3,full__8__catboost__global,full,8,catboost,global,1,-0.3,-0.3,0.27773189481629396
1,3,full__8__catboost__global__1__-0.3__0.0,full__8__catboost__global,full,8,catboost,global,1,-0.3,0.0,0.32444117100417796
1,3,full__8__catboost__global__1__-0.3__0.3,full__8__catboost__global,full,8,catboost,global,1,-0.3,0.3,0.36992623122486806
1,3,full__8__catboost__global__1__0.0__-0.3,full__8__catboost__global,full,8,catboost,global,1,0.0,-0.3,0.3404611347238802
1,3,full__8__catboost__global__1__0.0__0.0,full__8__catboost__global,full,8,catboost,global,1,0.0,0.0,0.35440542752676424
1,3,full__8__catboost__global__1__0.0__0.3,full__8__catboost__global,full,8,catboost,global,1,0.0,0.3,0.39385062872529736
1,3,full__8__catboost__global__1__0.3__-0.3,full__8__catboost__global,full,8,catboost,global,1,0.3,-0.3,0.396358524431145
1,3,full__8__catboost__global__1__0.3__0.0,full__8__catboost__global,full,8,catboost,global,1,0.3,0.0,0.3991674711508693
1,3,full__8__catboost__global__1__0.3__0.3,full__8__catboost__global,full,8,catboost,global,1,0.3,0.3,0.39828984476848694
1,3,full__8__catboost__global__4__-0.3__-0.3,full__8__catboost__global,full,8,catboost,global,4,-0.3,-0.3,0.261560684878661
1,3,full__8__catboost__global__4__-0.3__0.0,full__8__catboost__global,full,8,catboost,global,4,-0.3,0.0,0.3005721357449188
1,3,full__8__catboost__global__4__-0.3__0.3,full__8__catboost__global,full,8,catboost,global,4,-0.3,0.3,0.3568254679608468
1,3,full__8__catboost__global__4__0.0__-0.3,full__8__catboost__global,full,8,catboost,global,4,0.0,-0.3,0.3251416856647549
1,3,full__8__catboost__global__4__0.0__0.0,full__8__catboost__global,full,8,catboost,global,4,0.0,0.0,0.34039635404693813
1,3,full__8__catboost__global__4__0.0__0.3,full__8__catboost__global,full,8,catboost,global,4,0.0,0.3,0.3901215966337206
1,3,full__8__catboost__global__4__0.3__-0.3,full__8__catboost__global,full,8,catboost,global,4,0.3,-0.3,0.40004972399075983
1,3,full__8__catboost__global__4__0.3__0.0,full__8__catboost__global,full,8,catboost,global,4,0.3,0.0,0.38579270409050687
1,3,full__8__catboost__global__4__0.3__0.3,full__8__catboost__global,full,8,catboost,global,4,0.3,0.3,0.3949505943662332
1,3,full__8__catboost__participant__1__-0.3__-0.3,full__8__catboost__participant,full,8,catboost,participant,1,-0.3,-0.3,0.288884252287304
1,3,full__8__catboost__participant__1__-0.3__0.0,full__8__catboost__participant,full,8,catboost,participant,1,-0.3,0.0,0.3243101908854236
1,3,full__8__catboost__participant__1__-0.3__0.3,full__8__catboost__participant,full,8,catboost,participant,1,-0.3,0.3,0.3624871386190967
1,3,full__8__catboost__participant__1__0.0__-0.3,full__8__catboost__participant,full,8,catboost,participant,1,0.0,-0.3,0.3450760080955075
1,3,full__8__catboost__participant__1__0.0__0.0,full__8__catboost__participant,full,8,catboost,participant,1,0.0,0.0,0.3532762500130671
1,3,full__8__catboost__participant__1__0.0__0.3,full__8__catboost__participant,full,8,catboost,participant,1,0.0,0.3,0.3925390087515047
1,3,full__8__catboost__participant__1__0.3__-0.3,full__8__catboost__participant,full,8,catboost,participant,1,0.3,-0.3,0.39790797442818454
1,3,full__8__catboost__participant__1__0.3__0.0,full__8__catboost__participant,full,8,catboost,participant,1,0.3,0.0,0.3972115015040793
1,3,full__8__catboost__participant__1__0.3__0.3,full__8__catboost__participant,full,8,catboost,participant,1,0.3,0.3,0.38833810398006374
1,3,full__8__catboost__participant__4__-0.3__-0.3,full__8__catboost__participant,full,8,catboost,participant,4,-0.3,-0.3,0.26295580109981875
1,3,full__8__catboost__participant__4__-0.3__0.0,full__8__catboost__participant,full,8,catboost,participant,4,-0.3,0.0,0.29818329336505073
1,3,full__8__catboost__participant__4__-0.3__0.3,full__8__catboost__participant,full,8,catboost,participant,4,-0.3,0.3,0.3511517629098927
1,3,full__8__catboost__participant__4__0.0__-0.3,full__8__catboost__participant,full,8,catboost,participant,4,0.0,-0.3,0.329124914424055
1,3,full__8__catboost__participant__4__0.0__0.0,full__8__catboost__participant,full,8,catboost,participant,4,0.0,0.0,0.33590900177795163
1,3,full__8__catboost__participant__4__0.0__0.3,full__8__catboost__participant,full,8,catboost,participant,4,0.0,0.3,0.3871847871046505
1,3,full__8__catboost__participant__4__0.3__-0.3,full__8__catboost__participant,full,8,catboost,participant,4,0.3,-0.3,0.3983706148686313
1,3,full__8__catboost__participant__4__0.3__0.0,full__8__catboost__participant,full,8,catboost,participant,4,0.3,0.0,0.3890263080398289
1,3,full__8__catboost__participant__4__0.3__0.3,full__8__catboost__participant,full,8,catboost,participant,4,0.3,0.3,0.3834786614144897
2,1,eye_pupil__1__logistic__global__1__-0.3__-0.3,eye_pupil__1__logistic__global,eye_pupil,1,logistic,global,1,-0.3,-0.3,0.32084403630787683
2,1,eye_pupil__1__logistic__global__1__-0.3__0.0,eye_pupil__1__logistic__global,eye_pupil,1,logistic,global,1,-0.3,0.0,0.33341785259243323
2,1,eye_pupil__1__logistic__global__1__-0.3__0.3,eye_pupil__1__logistic__global,eye_pupil,1,logistic,global,1,-0.3,0.3,0.33109734535150026
2,1,eye_pupil__1__logistic__global__1__0.0__-0.3,eye_pupil__1__logistic__global,eye_pupil,1,logistic,global,1,0.0,-0.3,0.3519431509951822
2,1,eye_pupil__1__logistic__global__1__0.0__0.0,eye_pupil__1__logistic__global,eye_pupil,1,logistic,global,1,0.0,0.0,0.3502134587414526
2,1,eye_pupil__1__logistic__global__1__0.0__0.3,eye_pupil__1__logistic__global,eye_pupil,1,logistic,global,1,0.0,0.3,0.3298568333986037
2,1,eye_pupil__1__logistic__global__1__0.3__-0.3,eye_pupil__1__logistic__global,eye_pupil,1,logistic,global,1,0.3,-0.3,0.3481515877494668
2,1,eye_pupil__1__logistic__global__1__0.3__0.0,eye_pupil__1__logistic__global,eye_pupil,1,logistic,global,1,0.3,0.0,0.3492571605870667
2,1,eye_pupil__1__logistic__global__1__0.3__0.3,eye_pupil__1__logistic__global,eye_pupil,1,logistic,global,1,0.3,0.3,0.33523691666455163
2,1,eye_pupil__1__logistic__global__4__-0.3__-0.3,eye_pupil__1__logistic__global,eye_pupil,1,logistic,global,4,-0.3,-0.3,0.3182127617227751
2,1,eye_pupil__1__logistic__global__4__-0.3__0.0,eye_pupil__1__logistic__global,eye_pupil,1,logistic,global,4,-0.3,0.0,0.3374485382679905
2,1,eye_pupil__1__logistic__global__4__-0.3__0.3,eye_pupil__1__logistic__global,eye_pupil,1,logistic,global,4,-0.3,0.3,0.33471211590989947
2,1,eye_pupil__1__logistic__global__4__0.0__-0.3,eye_pupil__1__logistic__global,eye_pupil,1,logistic,global,4,0.0,-0.3,0.36406394383392615
2,1,eye_pupil__1__logistic__global__4__0.0__0.0,eye_pupil__1__logistic__global,eye_pupil,1,logistic,global,4,0.0,0.0,0.35944377100746905
2,1,eye_pupil__1__logistic__global__4__0.0__0.3,eye_pupil__1__logistic__global,eye_pupil,1,logistic,global,4,0.0,0.3,0.328354804392526
2,1,eye_pupil__1__logistic__global__4__0.3__-0.3,eye_pupil__1__logistic__global,eye_pupil,1,logistic,global,4,0.3,-0.3,0.35734490057965007
2,1,eye_pupil__1__logistic__global__4__0.3__0.0,eye_pupil__1__logistic__global,eye_pupil,1,logistic,global,4,0.3,0.0,0.35658055357733887
2,1,eye_pupil__1__logistic__global__4__0.3__0.3,eye_pupil__1__logistic__global,eye_pupil,1,logistic,global,4,0.3,0.3,0.33341223301309914
2,1,eye_pupil__1__logistic__participant__1__-0.3__-0.3,eye_pupil__1__logistic__participant,eye_pupil,1,logistic,participant,1,-0.3,-0.3,0.3481460794360298
2,1,eye_pupil__1__logistic__participant__1__-0.3__0.0,eye_pupil__1__logistic__participant,eye_pupil,1,logistic,participant,1,-0.3,0.0,0.3374159928391215
2,1,eye_pupil__1__logistic__participant__1__-0.3__0.3,eye_pupil__1__logistic__participant,eye_pupil,1,logistic,participant,1,-0.3,0.3,0.32271578500727843
2,1,eye_pupil__1__logistic__participant__1__0.0__-0.3,eye_pupil__1__logistic__participant,eye_pupil,1,logistic,participant,1,0.0,-0.3,0.3595160056093001
2,1,eye_pupil__1__logistic__participant__1__0.0__0.0,eye_pupil__1__logistic__participant,eye_pupil,1,logistic,participant,1,0.0,0.0,0.3530586237459692
2,1,eye_pupil__1__logistic__participant__1__0.0__0.3,eye_pupil__1__logistic__participant,eye_pupil,1,logistic,participant,1,0.0,0.3,0.3249376877001243
2,1,eye_pupil__1__logistic__participant__1__0.3__-0.3,eye_pupil__1__logistic__participant,eye_pupil,1,logistic,participant,1,0.3,-0.3,0.34353054340654954
2,1,eye_pupil__1__logistic__participant__1__0.3__0.0,eye_pupil__1__logistic__participant,eye_pupil,1,logistic,participant,1,0.3,0.0,0.341624224544532
2,1,eye_pupil__1__logistic__participant__1__0.3__0.3,eye_pupil__1__logistic__participant,eye_pupil,1,logistic,participant,1,0.3,0.3,0.34055455046997923
2,1,eye_pupil__1__logistic__participant__4__-0.3__-0.3,eye_pupil__1__logistic__participant,eye_pupil,1,logistic,participant,4,-0.3,-0.3,0.35094821879270416
2,1,eye_pupil__1__logistic__participant__4__-0.3__0.0,eye_pupil__1__logistic__participant,eye_pupil,1,logistic,participant,4,-0.3,0.0,0.3329638182762205
2,1,eye_pupil__1__logistic__participant__4__-0.3__0.3,eye_pupil__1__logistic__participant,eye_pupil,1,logistic,participant,4,-0.3,0.3,0.32710034487805095
2,1,eye_pupil__1__logistic__participant__4__0.0__-0.3,eye_pupil__1__logistic__participant,eye_pupil,1,logistic,participant,4,0.0,-0.3,0.36443449849630466
2,1,eye_pupil__1__logistic__participant__4__0.0__0.0,eye_pupil__1__logistic__participant,eye_pupil,1,logistic,participant,4,0.0,0.0,0.3509874578578569
2,1,eye_pupil__1__logistic__participant__4__0.0__0.3,eye_pupil__1__logistic__participant,eye_pupil,1,logistic,participant,4,0.0,0.3,0.3237838756309935
2,1,eye_pupil__1__logistic__participant__4__0.3__-0.3,eye_pupil__1__logistic__participant,eye_pupil,1,logistic,participant,4,0.3,-0.3,0.3426144506725996
2,1,eye_pupil__1__logistic__participant__4__0.3__0.0,eye_pupil__1__logistic__participant,eye_pupil,1,logistic,participant,4,0.3,0.0,0.3461273307543641
2,1,eye_pupil__1__logistic__participant__4__0.3__0.3,eye_pupil__1__logistic__participant,eye_pupil,1,logistic,participant,4,0.3,0.3,0.3428484167340413
2,1,eye_pupil__1__ordinal__global__1__-0.3__-0.3,eye_pupil__1__ordinal__global,eye_pupil,1,ordinal,global,1,-0.3,-0.3,0.3212873390487355
2,1,eye_pupil__1__ordinal__global__1__-0.3__0.0,eye_pupil__1__ordinal__global,eye_pupil,1,ordinal,global,1,-0.3,0.0,0.3332809874976632
2,1,eye_pupil__1__ordinal__global__1__-0.3__0.3,eye_pupil__1__ordinal__global,eye_pupil,1,ordinal,global,1,-0.3,0.3,0.3309450817420475
2,1,eye_pupil__1__ordinal__global__1__0.0__-0.3,eye_pupil__1__ordinal__global,eye_pupil,1,ordinal,global,1,0.0,-0.3,0.34982800590625907
2,1,eye_pupil__1__ordinal__global__1__0.0__0.0,eye_pupil__1__ordinal__global,eye_pupil,1,ordinal,global,1,0.0,0.0,0.3488080062174078
2,1,eye_pupil__1__ordinal__global__1__0.0__0.3,eye_pupil__1__ordinal__global,eye_pupil,1,ordinal,global,1,0.0,0.3,0.32835350252076523
2,1,eye_pupil__1__ordinal__global__1__0.3__-0.3,eye_pupil__1__ordinal__global,eye_pupil,1,ordinal,global,1,0.3,-0.3,0.3477873668796688
2,1,eye_pupil__1__ordinal__global__1__0.3__0.0,eye_pupil__1__ordinal__global,eye_pupil,1,ordinal,global,1,0.3,0.0,0.347634941749946
2,1,eye_pupil__1__ordinal__global__1__0.3__0.3,eye_pupil__1__ordinal__global,eye_pupil,1,ordinal,global,1,0.3,0.3,0.33379143006189904
2,1,eye_pupil__1__ordinal__global__4__-0.3__-0.3,eye_pupil__1__ordinal__global,eye_pupil,1,ordinal,global,4,-0.3,-0.3,0.31918155602291315
2,1,eye_pupil__1__ordinal__global__4__-0.3__0.0,eye_pupil__1__ordinal__global,eye_pupil,1,ordinal,global,4,-0.3,0.0,0.33481390007433837
2,1,eye_pupil__1__ordinal__global__4__-0.3__0.3,eye_pupil__1__ordinal__global,eye_pupil,1,ordinal,global,4,-0.3,0.3,0.3346427120272987
2,1,eye_pupil__1__ordinal__global__4__0.0__-0.3,eye_pupil__1__ordinal__global,eye_pupil,1,ordinal,global,4,0.0,-0.3,0.36248421252437546
2,1,eye_pupil__1__ordinal__global__4__0.0__0.0,eye_pupil__1__ordinal__global,eye_pupil,1,ordinal,global,4,0.0,0.0,0.3576193062572369
2,1,eye_pupil__1__ordinal__global__4__0.0__0.3,eye_pupil__1__ordinal__global,eye_pupil,1,ordinal,global,4,0.0,0.3,0.32611352467904214
2,1,eye_pupil__1__ordinal__global__4__0.3__-0.3,eye_pupil__1__ordinal__global,eye_pupil,1,ordinal,global,4,0.3,-0.3,0.35575012778664544
2,1,eye_pupil__1__ordinal__global__4__0.3__0.0,eye_pupil__1__ordinal__global,eye_pupil,1,ordinal,global,4,0.3,0.0,0.35502822016724084
2,1,eye_pupil__1__ordinal__global__4__0.3__0.3,eye_pupil__1__ordinal__global,eye_pupil,1,ordinal,global,4,0.3,0.3,0.3309794330688273
2,1,eye_pupil__1__ordinal__participant__1__-0.3__-0.3,eye_pupil__1__ordinal__participant,eye_pupil,1,ordinal,participant,1,-0.3,-0.3,0.34280287061606346
2,1,eye_pupil__1__ordinal__participant__1__-0.3__0.0,eye_pupil__1__ordinal__participant,eye_pupil,1,ordinal,participant,1,-0.3,0.0,0.3339845148004663
2,1,eye_pupil__1__ordinal__participant__1__-0.3__0.3,eye_pupil__1__ordinal__participant,eye_pupil,1,ordinal,participant,1,-0.3,0.3,0.3211588479249406
2,1,eye_pupil__1__ordinal__participant__1__0.0__-0.3,eye_pupil__1__ordinal__participant,eye_pupil,1,ordinal,participant,1,0.0,-0.3,0.35514300339170357
2,1,eye_pupil__1__ordinal__participant__1__0.0__0.0,eye_pupil__1__ordinal__participant,eye_pupil,1,ordinal,participant,1,0.0,0.0,0.34569972400060417
2,1,eye_pupil__1__ordinal__participant__1__0.0__0.3,eye_pupil__1__ordinal__participant,eye_pupil,1,ordinal,participant,1,0.0,0.3,0.32359085300247387
2,1,eye_pupil__1__ordinal__participant__1__0.3__-0.3,eye_pupil__1__ordinal__participant,eye_pupil,1,ordinal,participant,1,0.3,-0.3,0.34088646043222803
2,1,eye_pupil__1__ordinal__participant__1__0.3__0.0,eye_pupil__1__ordinal__participant,eye_pupil,1,ordinal,participant,1,0.3,0.0,0.33905142590576837
2,1,eye_pupil__1__ordinal__participant__1__0.3__0.3,eye_pupil__1__ordinal__participant,eye_pupil,1,ordinal,participant,1,0.3,0.3,0.3368983388744261
2,1,eye_pupil__1__ordinal__participant__4__-0.3__-0.3,eye_pupil__1__ordinal__participant,eye_pupil,1,ordinal,participant,4,-0.3,-0.3,0.34874830395288847
2,1,eye_pupil__1__ordinal__participant__4__-0.3__0.0,eye_pupil__1__ordinal__participant,eye_pupil,1,ordinal,participant,4,-0.3,0.0,0.3307958257452287
2,1,eye_pupil__1__ordinal__participant__4__-0.3__0.3,eye_pupil__1__ordinal__participant,eye_pupil,1,ordinal,participant,4,-0.3,0.3,0.32812403084837455
2,1,eye_pupil__1__ordinal__participant__4__0.0__-0.3,eye_pupil__1__ordinal__participant,eye_pupil,1,ordinal,participant,4,0.0,-0.3,0.3612088180862543
2,1,eye_pupil__1__ordinal__participant__4__0.0__0.0,eye_pupil__1__ordinal__participant,eye_pupil,1,ordinal,participant,4,0.0,0.0,0.3467618331372063
2,1,eye_pupil__1__ordinal__participant__4__0.0__0.3,eye_pupil__1__ordinal__participant,eye_pupil,1,ordinal,participant,4,0.0,0.3,0.3241295856184151
2,1,eye_pupil__1__ordinal__participant__4__0.3__-0.3,eye_pupil__1__ordinal__participant,eye_pupil,1,ordinal,participant,4,0.3,-0.3,0.34065628562186606
2,1,eye_pupil__1__ordinal__participant__4__0.3__0.0,eye_pupil__1__ordinal__participant,eye_pupil,1,ordinal,participant,4,0.3,0.0,0.3417129290955885
2,1,eye_pupil__1__ordinal__participant__4__0.3__0.3,eye_pupil__1__ordinal__participant,eye_pupil,1,ordinal,participant,4,0.3,0.3,0.34179712275509533
2,1,eye_pupil__1__catboost__global__1__-0.3__-0.3,eye_pupil__1__catboost__global,eye_pupil,1,catboost,global,1,-0.3,-0.3,0.3067072398345101
2,1,eye_pupil__1__catboost__global__1__-0.3__0.0,eye_pupil__1__catboost__global,eye_pupil,1,catboost,global,1,-0.3,0.0,0.3055752367112895
2,1,eye_pupil__1__catboost__global__1__-0.3__0.3,eye_pupil__1__catboost__global,eye_pupil,1,catboost,global,1,-0.3,0.3,0.32100596923599445
2,1,eye_pupil__1__catboost__global__1__0.0__-0.3,eye_pupil__1__catboost__global,eye_pupil,1,catboost,global,1,0.0,-0.3,0.33596569029959383
2,1,eye_pupil__1__catboost__global__1__0.0__0.0,eye_pupil__1__catboost__global,eye_pupil,1,catboost,global,1,0.0,0.0,0.32743422664997185
2,1,eye_pupil__1__catboost__global__1__0.0__0.3,eye_pupil__1__catboost__global,eye_pupil,1,catboost,global,1,0.0,0.3,0.317774051933999
2,1,eye_pupil__1__catboost__global__1__0.3__-0.3,eye_pupil__1__catboost__global,eye_pupil,1,catboost,global,1,0.3,-0.3,0.3461651915422536
2,1,eye_pupil__1__catboost__global__1__0.3__0.0,eye_pupil__1__catboost__global,eye_pupil,1,catboost,global,1,0.3,0.0,0.34078676065265595
2,1,eye_pupil__1__catboost__global__1__0.3__0.3,eye_pupil__1__catboost__global,eye_pupil,1,catboost,global,1,0.3,0.3,0.32654376446800076
2,1,eye_pupil__1__catboost__global__4__-0.3__-0.3,eye_pupil__1__catboost__global,eye_pupil,1,catboost,global,4,-0.3,-0.3,0.30357943101061735
2,1,eye_pupil__1__catboost__global__4__-0.3__0.0,eye_pupil__1__catboost__global,eye_pupil,1,catboost,global,4,-0.3,0.0,0.3046267564945786
2,1,eye_pupil__1__catboost__global__4__-0.3__0.3,eye_pupil__1__catboost__global,eye_pupil,1,catboost,global,4,-0.3,0.3,0.32199894448252825
2,1,eye_pupil__1__catboost__global__4__0.0__-0.3,eye_pupil__1__catboost__global,eye_pupil,1,catboost,global,4,0.0,-0.3,0.3501862528659791
2,1,eye_pupil__1__catboost__global__4__0.0__0.0,eye_pupil__1__catboost__global,eye_pupil,1,catboost,global,4,0.0,0.0,0.3407568124383915
2,1,eye_pupil__1__catboost__global__4__0.0__0.3,eye_pupil__1__catboost__global,eye_pupil,1,catboost,global,4,0.0,0.3,0.31798614531127417
2,1,eye_pupil__1__catboost__global__4__0.3__-0.3,eye_pupil__1__catboost__global,eye_pupil,1,catboost,global,4,0.3,-0.3,0.3482981245143105
2,1,eye_pupil__1__catboost__global__4__0.3__0.0,eye_pupil__1__catboost__global,eye_pupil,1,catboost,global,4,0.3,0.0,0.3458222389416895
2,1,eye_pupil__1__catboost__global__4__0.3__0.3,eye_pupil__1__catboost__global,eye_pupil,1,catboost,global,4,0.3,0.3,0.33408910265175795
2,1,eye_pupil__1__catboost__participant__1__-0.3__-0.3,eye_pupil__1__catboost__participant,eye_pupil,1,catboost,participant,1,-0.3,-0.3,0.32127395253705227
2,1,eye_pupil__1__catboost__participant__1__-0.3__0.0,eye_pupil__1__catboost__participant,eye_pupil,1,catboost,participant,1,-0.3,0.0,0.30904853559365636
2,1,eye_pupil__1__catboost__participant__1__-0.3__0.3,eye_pupil__1__catboost__participant,eye_pupil,1,catboost,participant,1,-0.3,0.3,0.3173385706190831
2,1,eye_pupil__1__catboost__participant__1__0.0__-0.3,eye_pupil__1__catboost__participant,eye_pupil,1,catboost,participant,1,0.0,-0.3,0.34563061762001374
2,1,eye_pupil__1__catboost__participant__1__0.0__0.0,eye_pupil__1__catboost__participant,eye_pupil,1,catboost,participant,1,0.0,0.0,0.32806762892149827
2,1,eye_pupil__1__catboost__participant__1__0.0__0.3,eye_pupil__1__catboost__participant,eye_pupil,1,catboost,participant,1,0.0,0.3,0.31226244515008755
2,1,eye_pupil__1__catboost__participant__1__0.3__-0.3,eye_pupil__1__catboost__participant,eye_pupil,1,catboost,participant,1,0.3,-0.3,0.33685605860731715
2,1,eye_pupil__1__catboost__participant__1__0.3__0.0,eye_pupil__1__catboost__participant,eye_pupil,1,catboost,participant,1,0.3,0.0,0.3348970409435941
2,1,eye_pupil__1__catboost__participant__1__0.3__0.3,eye_pupil__1__catboost__participant,eye_pupil,1,catboost,participant,1,0.3,0.3,0.32872851798969055
2,1,eye_pupil__1__catboost__participant__4__-0.3__-0.3,eye_pupil__1__catboost__participant,eye_pupil,1,catboost,participant,4,-0.3,-0.3,0.32480713789879606
2,1,eye_pupil__1__catboost__participant__4__-0.3__0.0,eye_pupil__1__catboost__participant,eye_pupil,1,catboost,participant,4,-0.3,0.0,0.31113876849682526
2,1,eye_pupil__1__catboost__participant__4__-0.3__0.3,eye_pupil__1__catboost__participant,eye_pupil,1,catboost,participant,4,-0.3,0.3,0.3231635866203414
2,1,eye_pupil__1__catboost__participant__4__0.0__-0.3,eye_pupil__1__catboost__participant,eye_pupil,1,catboost,participant,4,0.0,-0.3,0.3514007687839526
2,1,eye_pupil__1__catboost__participant__4__0.0__0.0,eye_pupil__1__catboost__participant,eye_pupil,1,catboost,participant,4,0.0,0.0,0.33661580514074313
2,1,eye_pupil__1__catboost__participant__4__0.0__0.3,eye_pupil__1__catboost__participant,eye_pupil,1,catboost,participant,4,0.0,0.3,0.31192579062036435
2,1,eye_pupil__1__catboost__participant__4__0.3__-0.3,eye_pupil__1__catboost__participant,eye_pupil,1,catboost,participant,4,0.3,-0.3,0.3350511166094954
2,1,eye_pupil__1__catboost__participant__4__0.3__0.0,eye_pupil__1__catboost__participant,eye_pupil,1,catboost,participant,4,0.3,0.0,0.3330974202190558
2,1,eye_pupil__1__catboost__participant__4__0.3__0.3,eye_pupil__1__catboost__participant,eye_pupil,1,catboost,participant,4,0.3,0.3,0.335910900363866
2,1,eye_pupil__8__logistic__global__1__-0.3__-0.3,eye_pupil__8__logistic__global,eye_pupil,8,logistic,global,1,-0.3,-0.3,0.3507967238218172
2,1,eye_pupil__8__logistic__global__1__-0.3__0.0,eye_pupil__8__logistic__global,eye_pupil,8,logistic,global,1,-0.3,0.0,0.34397007197284796
2,1,eye_pupil__8__logistic__global__1__-0.3__0.3,eye_pupil__8__logistic__global,eye_pupil,8,logistic,global,1,-0.3,0.3,0.3259171301070519
2,1,eye_pupil__8__logistic__global__1__0.0__-0.3,eye_pupil__8__logistic__global,eye_pupil,8,logistic,global,1,0.0,-0.3,0.36747443357950776
2,1,eye_pupil__8__logistic__global__1__0.0__0.0,eye_pupil__8__logistic__global,eye_pupil,8,logistic,global,1,0.0,0.0,0.36806865214067797
2,1,eye_pupil__8__logistic__global__1__0.0__0.3,eye_pupil__8__logistic__global,eye_pupil,8,logistic,global,1,0.0,0.3,0.3436188922741818
2,1,eye_pupil__8__logistic__global__1__0.3__-0.3,eye_pupil__8__logistic__global,eye_pupil,8,logistic,global,1,0.3,-0.3,0.36250217308551397
2,1,eye_pupil__8__logistic__global__1__0.3__0.0,eye_pupil__8__logistic__global,eye_pupil,8,logistic,global,1,0.3,0.0,0.36385913309111023
2,1,eye_pupil__8__logistic__global__1__0.3__0.3,eye_pupil__8__logistic__global,eye_pupil,8,logistic,global,1,0.3,0.3,0.3530395091080133
2,1,eye_pupil__8__logistic__global__4__-0.3__-0.3,eye_pupil__8__logistic__global,eye_pupil,8,logistic,global,4,-0.3,-0.3,0.3554546101374055
2,1,eye_pupil__8__logistic__global__4__-0.3__0.0,eye_pupil__8__logistic__global,eye_pupil,8,logistic,global,4,-0.3,0.0,0.3421522932454141
2,1,eye_pupil__8__logistic__global__4__-0.3__0.3,eye_pupil__8__logistic__global,eye_pupil,8,logistic,global,4,-0.3,0.3,0.33060756575275135
2,1,eye_pupil__8__logistic__global__4__0.0__-0.3,eye_pupil__8__logistic__global,eye_pupil,8,logistic,global,4,0.0,-0.3,0.3762240646644238
2,1,eye_pupil__8__logistic__global__4__0.0__0.0,eye_pupil__8__logistic__global,eye_pupil,8,logistic,global,4,0.0,0.0,0.36562329005228683
2,1,eye_pupil__8__logistic__global__4__0.0__0.3,eye_pupil__8__logistic__global,eye_pupil,8,logistic,global,4,0.0,0.3,0.3395510369642746
2,1,eye_pupil__8__logistic__global__4__0.3__-0.3,eye_pupil__8__logistic__global,eye_pupil,8,logistic,global,4,0.3,-0.3,0.3690588878331176
2,1,eye_pupil__8__logistic__global__4__0.3__0.0,eye_pupil__8__logistic__global,eye_pupil,8,logistic,global,4,0.3,0.0,0.367342696500592
2,1,eye_pupil__8__logistic__global__4__0.3__0.3,eye_pupil__8__logistic__global,eye_pupil,8,logistic,global,4,0.3,0.3,0.35263486298675195
2,1,eye_pupil__8__logistic__participant__1__-0.3__-0.3,eye_pupil__8__logistic__participant,eye_pupil,8,logistic,participant,1,-0.3,-0.3,0.36209103818830113
2,1,eye_pupil__8__logistic__participant__1__-0.3__0.0,eye_pupil__8__logistic__participant,eye_pupil,8,logistic,participant,1,-0.3,0.0,0.34787101314242025
2,1,eye_pupil__8__logistic__participant__1__-0.3__0.3,eye_pupil__8__logistic__participant,eye_pupil,8,logistic,participant,1,-0.3,0.3,0.3268198294913745
2,1,eye_pupil__8__logistic__participant__1__0.0__-0.3,eye_pupil__8__logistic__participant,eye_pupil,8,logistic,participant,1,0.0,-0.3,0.36622998513980004
2,1,eye_pupil__8__logistic__participant__1__0.0__0.0,eye_pupil__8__logistic__participant,eye_pupil,8,logistic,participant,1,0.0,0.0,0.3571460541199534
2,1,eye_pupil__8__logistic__participant__1__0.0__0.3,eye_pupil__8__logistic__participant,eye_pupil,8,logistic,participant,1,0.0,0.3,0.34376379828367964
2,1,eye_pupil__8__logistic__participant__1__0.3__-0.3,eye_pupil__8__logistic__participant,eye_pupil,8,logistic,participant,1,0.3,-0.3,0.3650712695020171
2,1,eye_pupil__8__logistic__participant__1__0.3__0.0,eye_pupil__8__logistic__participant,eye_pupil,8,logistic,participant,1,0.3,0.0,0.36106749631756846
2,1,eye_pupil__8__logistic__participant__1__0.3__0.3,eye_pupil__8__logistic__participant,eye_pupil,8,logistic,participant,1,0.3,0.3,0.34952527039267295
2,1,eye_pupil__8__logistic__participant__4__-0.3__-0.3,eye_pupil__8__logistic__participant,eye_pupil,8,logistic,participant,4,-0.3,-0.3,0.36631636990246463
2,1,eye_pupil__8__logistic__participant__4__-0.3__0.0,eye_pupil__8__logistic__participant,eye_pupil,8,logistic,participant,4,-0.3,0.0,0.3507179498982566
2,1,eye_pupil__8__logistic__participant__4__-0.3__0.3,eye_pupil__8__logistic__participant,eye_pupil,8,logistic,participant,4,-0.3,0.3,0.32340252222109755
2,1,eye_pupil__8__logistic__participant__4__0.0__-0.3,eye_pupil__8__logistic__participant,eye_pupil,8,logistic,participant,4,0.0,-0.3,0.3718109773634114
2,1,eye_pupil__8__logistic__participant__4__0.0__0.0,eye_pupil__8__logistic__participant,eye_pupil,8,logistic,participant,4,0.0,0.0,0.36064578039975587
2,1,eye_pupil__8__logistic__participant__4__0.0__0.3,eye_pupil__8__logistic__participant,eye_pupil,8,logistic,participant,4,0.0,0.3,0.33998061296629417
2,1,eye_pupil__8__logistic__participant__4__0.3__-0.3,eye_pupil__8__logistic__participant,eye_pupil,8,logistic,participant,4,0.3,-0.3,0.36791298518476284
2,1,eye_pupil__8__logistic__participant__4__0.3__0.0,eye_pupil__8__logistic__participant,eye_pupil,8,logistic,participant,4,0.3,0.0,0.36470720556711717
2,1,eye_pupil__8__logistic__participant__4__0.3__0.3,eye_pupil__8__logistic__participant,eye_pupil,8,logistic,participant,4,0.3,0.3,0.3493345541572911
2,1,eye_pupil__8__ordinal__global__1__-0.3__-0.3,eye_pupil__8__ordinal__global,eye_pupil,8,ordinal,global,1,-0.3,-0.3,0.3507987682480766
2,1,eye_pupil__8__ordinal__global__1__-0.3__0.0,eye_pupil__8__ordinal__global,eye_pupil,8,ordinal,global,1,-0.3,0.0,0.3426906003892733
2,1,eye_pupil__8__ordinal__global__1__-0.3__0.3,eye_pupil__8__ordinal__global,eye_pupil,8,ordinal,global,1,-0.3,0.3,0.3279954125190588
2,1,eye_pupil__8__ordinal__global__1__0.0__-0.3,eye_pupil__8__ordinal__global,eye_pupil,8,ordinal,global,1,0.0,-0.3,0.36763089899791646
2,1,eye_pupil__8__ordinal__global__1__0.0__0.0,eye_pupil__8__ordinal__global,eye_pupil,8,ordinal,global,1,0.0,0.0,0.3738377291396389
2,1,eye_pupil__8__ordinal__global__1__0.0__0.3,eye_pupil__8__ordinal__global,eye_pupil,8,ordinal,global,1,0.0,0.3,0.34228828991603066
2,1,eye_pupil__8__ordinal__global__1__0.3__-0.3,eye_pupil__8__ordinal__global,eye_pupil,8,ordinal,global,1,0.3,-0.3,0.36355300844033117
2,1,eye_pupil__8__ordinal__global__1__0.3__0.0,eye_pupil__8__ordinal__global,eye_pupil,8,ordinal,global,1,0.3,0.0,0.3655899150657791
2,1,eye_pupil__8__ordinal__global__1__0.3__0.3,eye_pupil__8__ordinal__global,eye_pupil,8,ordinal,global,1,0.3,0.3,0.35322764113857735
2,1,eye_pupil__8__ordinal__global__4__-0.3__-0.3,eye_pupil__8__ordinal__global,eye_pupil,8,ordinal,global,4,-0.3,-0.3,0.3550122769365037
2,1,eye_pupil__8__ordinal__global__4__-0.3__0.0,eye_pupil__8__ordinal__global,eye_pupil,8,ordinal,global,4,-0.3,0.0,0.3421519707057085
2,1,eye_pupil__8__ordinal__global__4__-0.3__0.3,eye_pupil__8__ordinal__global,eye_pupil,8,ordinal,global,4,-0.3,0.3,0.33007010503264583
2,1,eye_pupil__8__ordinal__global__4__0.0__-0.3,eye_pupil__8__ordinal__global,eye_pupil,8,ordinal,global,4,0.0,-0.3,0.3745877141585661
2,1,eye_pupil__8__ordinal__global__4__0.0__0.0,eye_pupil__8__ordinal__global,eye_pupil,8,ordinal,global,4,0.0,0.0,0.36731794310771027
2,1,eye_pupil__8__ordinal__global__4__0.0__0.3,eye_pupil__8__ordinal__global,eye_pupil,8,ordinal,global,4,0.0,0.3,0.3378123731904263
2,1,eye_pupil__8__ordinal__global__4__0.3__-0.3,eye_pupil__8__ordinal__global,eye_pupil,8,ordinal,global,4,0.3,-0.3,0.37202440203419673
2,1,eye_pupil__8__ordinal__global__4__0.3__0.0,eye_pupil__8__ordinal__global,eye_pupil,8,ordinal,global,4,0.3,0.0,0.36933644950919425
2,1,eye_pupil__8__ordinal__global__4__0.3__0.3,eye_pupil__8__ordinal__global,eye_pupil,8,ordinal,global,4,0.3,0.3,0.35019573847461044
2,1,eye_pupil__8__ordinal__participant__1__-0.3__-0.3,eye_pupil__8__ordinal__participant,eye_pupil,8,ordinal,participant,1,-0.3,-0.3,0.365169869976672
2,1,eye_pupil__8__ordinal__participant__1__-0.3__0.0,eye_pupil__8__ordinal__participant,eye_pupil,8,ordinal,participant,1,-0.3,0.0,0.34451297301979555
2,1,eye_pupil__8__ordinal__participant__1__-0.3__0.3,eye_pupil__8__ordinal__participant,eye_pupil,8,ordinal,participant,1,-0.3,0.3,0.32455729811487133
2,1,eye_pupil__8__ordinal__participant__1__0.0__-0.3,eye_pupil__8__ordinal__participant,eye_pupil,8,ordinal,participant,1,0.0,-0.3,0.36809799009400024
2,1,eye_pupil__8__ordinal__participant__1__0.0__0.0,eye_pupil__8__ordinal__participant,eye_pupil,8,ordinal,participant,1,0.0,0.0,0.3573054493002474
2,1,eye_pupil__8__ordinal__participant__1__0.0__0.3,eye_pupil__8__ordinal__participant,eye_pupil,8,ordinal,participant,1,0.0,0.3,0.33824145802838385
2,1,eye_pupil__8__ordinal__participant__1__0.3__-0.3,eye_pupil__8__ordinal__participant,eye_pupil,8,ordinal,participant,1,0.3,-0.3,0.3641765455725637
2,1,eye_pupil__8__ordinal__participant__1__0.3__0.0,eye_pupil__8__ordinal__participant,eye_pupil,8,ordinal,participant,1,0.3,0.0,0.35924942880224264
2,1,eye_pupil__8__ordinal__participant__1__0.3__0.3,eye_pupil__8__ordinal__participant,eye_pupil,8,ordinal,participant,1,0.3,0.3,0.3467657485157463
2,1,eye_pupil__8__ordinal__participant__4__-0.3__-0.3,eye_pupil__8__ordinal__participant,eye_pupil,8,ordinal,participant,4,-0.3,-0.3,0.3716087552901767
2,1,eye_pupil__8__ordinal__participant__4__-0.3__0.0,eye_pupil__8__ordinal__participant,eye_pupil,8,ordinal,participant,4,-0.3,0.0,0.35070705252808587
2,1,eye_pupil__8__ordinal__participant__4__-0.3__0.3,eye_pupil__8__ordinal__participant,eye_pupil,8,ordinal,participant,4,-0.3,0.3,0.3201924099232865
2,1,eye_pupil__8__ordinal__participant__4__0.0__-0.3,eye_pupil__8__ordinal__participant,eye_pupil,8,ordinal,participant,4,0.0,-0.3,0.372880239146621
2,1,eye_pupil__8__ordinal__participant__4__0.0__0.0,eye_pupil__8__ordinal__participant,eye_pupil,8,ordinal,participant,4,0.0,0.0,0.3630343665497292
2,1,eye_pupil__8__ordinal__participant__4__0.0__0.3,eye_pupil__8__ordinal__participant,eye_pupil,8,ordinal,participant,4,0.0,0.3,0.33304650871574615
2,1,eye_pupil__8__ordinal__participant__4__0.3__-0.3,eye_pupil__8__ordinal__participant,eye_pupil,8,ordinal,participant,4,0.3,-0.3,0.3648844624727866
2,1,eye_pupil__8__ordinal__participant__4__0.3__0.0,eye_pupil__8__ordinal__participant,eye_pupil,8,ordinal,participant,4,0.3,0.0,0.3623857946552068
2,1,eye_pupil__8__ordinal__participant__4__0.3__0.3,eye_pupil__8__ordinal__participant,eye_pupil,8,ordinal,participant,4,0.3,0.3,0.3478343504470264
2,1,eye_pupil__8__catboost__global__1__-0.3__-0.3,eye_pupil__8__catboost__global,eye_pupil,8,catboost,global,1,-0.3,-0.3,0.3135396997658361
2,1,eye_pupil__8__catboost__global__1__-0.3__0.0,eye_pupil__8__catboost__global,eye_pupil,8,catboost,global,1,-0.3,0.0,0.3130399085722481
2,1,eye_pupil__8__catboost__global__1__-0.3__0.3,eye_pupil__8__catboost__global,eye_pupil,8,catboost,global,1,-0.3,0.3,0.3205441596227143
2,1,eye_pupil__8__catboost__global__1__0.0__-0.3,eye_pupil__8__catboost__global,eye_pupil,8,catboost,global,1,0.0,-0.3,0.3565769667688196
2,1,eye_pupil__8__catboost__global__1__0.0__0.0,eye_pupil__8__catboost__global,eye_pupil,8,catboost,global,1,0.0,0.0,0.33626881953163373
2,1,eye_pupil__8__catboost__global__1__0.0__0.3,eye_pupil__8__catboost__global,eye_pupil,8,catboost,global,1,0.0,0.3,0.32944150611376555
2,1,eye_pupil__8__catboost__global__1__0.3__-0.3,eye_pupil__8__catboost__global,eye_pupil,8,catboost,global,1,0.3,-0.3,0.35795279603289243
2,1,eye_pupil__8__catboost__global__1__0.3__0.0,eye_pupil__8__catboost__global,eye_pupil,8,catboost,global,1,0.3,0.0,0.34434440390956345
2,1,eye_pupil__8__catboost__global__1__0.3__0.3,eye_pupil__8__catboost__global,eye_pupil,8,catboost,global,1,0.3,0.3,0.32955600474729646
2,1,eye_pupil__8__catboost__global__4__-0.3__-0.3,eye_pupil__8__catboost__global,eye_pupil,8,catboost,global,4,-0.3,-0.3,0.3071223863433634
2,1,eye_pupil__8__catboost__global__4__-0.3__0.0,eye_pupil__8__catboost__global,eye_pupil,8,catboost,global,4,-0.3,0.0,0.309613274175566
2,1,eye_pupil__8__catboost__global__4__-0.3__0.3,eye_pupil__8__catboost__global,eye_pupil,8,catboost,global,4,-0.3,0.3,0.3238852801882496
2,1,eye_pupil__8__catboost__global__4__0.0__-0.3,eye_pupil__8__catboost__global,eye_pupil,8,catboost,global,4,0.0,-0.3,0.3592422088388742
2,1,eye_pupil__8__catboost__global__4__0.0__0.0,eye_pupil__8__catboost__global,eye_pupil,8,catboost,global,4,0.0,0.0,0.3428690304808846
2,1,eye_pupil__8__catboost__global__4__0.0__0.3,eye_pupil__8__catboost__global,eye_pupil,8,catboost,global,4,0.0,0.3,0.32613571686552323
2,1,eye_pupil__8__catboost__global__4__0.3__-0.3,eye_pupil__8__catboost__global,eye_pupil,8,catboost,global,4,0.3,-0.3,0.3554102060767818
2,1,eye_pupil__8__catboost__global__4__0.3__0.0,eye_pupil__8__catboost__global,eye_pupil,8,catboost,global,4,0.3,0.0,0.3427892782857671
2,1,eye_pupil__8__catboost__global__4__0.3__0.3,eye_pupil__8__catboost__global,eye_pupil,8,catboost,global,4,0.3,0.3,0.3310078062942643
2,1,eye_pupil__8__catboost__participant__1__-0.3__-0.3,eye_pupil__8__catboost__participant,eye_pupil,8,catboost,participant,1,-0.3,-0.3,0.33042480945105024
2,1,eye_pupil__8__catboost__participant__1__-0.3__0.0,eye_pupil__8__catboost__participant,eye_pupil,8,catboost,participant,1,-0.3,0.0,0.3203685606776621
2,1,eye_pupil__8__catboost__participant__1__-0.3__0.3,eye_pupil__8__catboost__participant,eye_pupil,8,catboost,participant,1,-0.3,0.3,0.3171701778372905
2,1,eye_pupil__8__catboost__participant__1__0.0__-0.3,eye_pupil__8__catboost__participant,eye_pupil,8,catboost,participant,1,0.0,-0.3,0.34516135385315977
2,1,eye_pupil__8__catboost__participant__1__0.0__0.0,eye_pupil__8__catboost__participant,eye_pupil,8,catboost,participant,1,0.0,0.0,0.33352513424510855
2,1,eye_pupil__8__catboost__participant__1__0.0__0.3,eye_pupil__8__catboost__participant,eye_pupil,8,catboost,participant,1,0.0,0.3,0.3285090223402817
2,1,eye_pupil__8__catboost__participant__1__0.3__-0.3,eye_pupil__8__catboost__participant,eye_pupil,8,catboost,participant,1,0.3,-0.3,0.34585103802463757
2,1,eye_pupil__8__catboost__participant__1__0.3__0.0,eye_pupil__8__catboost__participant,eye_pupil,8,catboost,participant,1,0.3,0.0,0.3384965028071477
2,1,eye_pupil__8__catboost__participant__1__0.3__0.3,eye_pupil__8__catboost__participant,eye_pupil,8,catboost,participant,1,0.3,0.3,0.33524755903985365
2,1,eye_pupil__8__catboost__participant__4__-0.3__-0.3,eye_pupil__8__catboost__participant,eye_pupil,8,catboost,participant,4,-0.3,-0.3,0.3335899838457241
2,1,eye_pupil__8__catboost__participant__4__-0.3__0.0,eye_pupil__8__catboost__participant,eye_pupil,8,catboost,participant,4,-0.3,0.0,0.3225927199815638
2,1,eye_pupil__8__catboost__participant__4__-0.3__0.3,eye_pupil__8__catboost__participant,eye_pupil,8,catboost,participant,4,-0.3,0.3,0.3251353952497897
2,1,eye_pupil__8__catboost__participant__4__0.0__-0.3,eye_pupil__8__catboost__participant,eye_pupil,8,catboost,participant,4,0.0,-0.3,0.34697449511936634
2,1,eye_pupil__8__catboost__participant__4__0.0__0.0,eye_pupil__8__catboost__participant,eye_pupil,8,catboost,participant,4,0.0,0.0,0.33585593007243403
2,1,eye_pupil__8__catboost__participant__4__0.0__0.3,eye_pupil__8__catboost__participant,eye_pupil,8,catboost,participant,4,0.0,0.3,0.32519748994472913
2,1,eye_pupil__8__catboost__participant__4__0.3__-0.3,eye_pupil__8__catboost__participant,eye_pupil,8,catboost,participant,4,0.3,-0.3,0.34525605884986593
2,1,eye_pupil__8__catboost__participant__4__0.3__0.0,eye_pupil__8__catboost__participant,eye_pupil,8,catboost,participant,4,0.3,0.0,0.3431351682349285
2,1,eye_pupil__8__catboost__participant__4__0.3__0.3,eye_pupil__8__catboost__participant,eye_pupil,8,catboost,participant,4,0.3,0.3,0.33434971852965606
2,1,full__1__logistic__global__1__-0.3__-0.3,full__1__logistic__global,full,1,logistic,global,1,-0.3,-0.3,0.32470988485568675
2,1,full__1__logistic__global__1__-0.3__0.0,full__1__logistic__global,full,1,logistic,global,1,-0.3,0.0,0.32150443979920024
2,1,full__1__logistic__global__1__-0.3__0.3,full__1__logistic__global,full,1,logistic,global,1,-0.3,0.3,0.3328733506538931
2,1,full__1__logistic__global__1__0.0__-0.3,full__1__logistic__global,full,1,logistic,global,1,0.0,-0.3,0.33880074880715433
2,1,full__1__logistic__global__1__0.0__0.0,full__1__logistic__global,full,1,logistic,global,1,0.0,0.0,0.337874290086418
2,1,full__1__logistic__global__1__0.0__0.3,full__1__logistic__global,full,1,logistic,global,1,0.0,0.3,0.33038034450568826
2,1,full__1__logistic__global__1__0.3__-0.3,full__1__logistic__global,full,1,logistic,global,1,0.3,-0.3,0.35890265364628565
2,1,full__1__logistic__global__1__0.3__0.0,full__1__logistic__global,full,1,logistic,global,1,0.3,0.0,0.35582652285624694
2,1,full__1__logistic__global__1__0.3__0.3,full__1__logistic__global,full,1,logistic,global,1,0.3,0.3,0.34511668027082415
2,1,full__1__logistic__global__4__-0.3__-0.3,full__1__logistic__global,full,1,logistic,global,4,-0.3,-0.3,0.3195301829866696
2,1,full__1__logistic__global__4__-0.3__0.0,full__1__logistic__global,full,1,logistic,global,4,-0.3,0.0,0.32178757345333003
2,1,full__1__logistic__global__4__-0.3__0.3,full__1__logistic__global,full,1,logistic,global,4,-0.3,0.3,0.3333536058042606
2,1,full__1__logistic__global__4__0.0__-0.3,full__1__logistic__global,full,1,logistic,global,4,0.0,-0.3,0.34478286029994987
2,1,full__1__logistic__global__4__0.0__0.0,full__1__logistic__global,full,1,logistic,global,4,0.0,0.0,0.3464667794249137
2,1,full__1__logistic__global__4__0.0__0.3,full__1__logistic__global,full,1,logistic,global,4,0.0,0.3,0.3268409966269656
2,1,full__1__logistic__global__4__0.3__-0.3,full__1__logistic__global,full,1,logistic,global,4,0.3,-0.3,0.37102961001073265
2,1,full__1__logistic__global__4__0.3__0.0,full__1__logistic__global,full,1,logistic,global,4,0.3,0.0,0.3698978506258012
2,1,full__1__logistic__global__4__0.3__0.3,full__1__logistic__global,full,1,logistic,global,4,0.3,0.3,0.35651733794700824
2,1,full__1__logistic__participant__1__-0.3__-0.3,full__1__logistic__participant,full,1,logistic,participant,1,-0.3,-0.3,0.3362915236168909
2,1,full__1__logistic__participant__1__-0.3__0.0,full__1__logistic__participant,full,1,logistic,participant,1,-0.3,0.0,0.32617059400684856
2,1,full__1__logistic__participant__1__-0.3__0.3,full__1__logistic__participant,full,1,logistic,participant,1,-0.3,0.3,0.3238316126769534
2,1,full__1__logistic__participant__1__0.0__-0.3,full__1__logistic__participant,full,1,logistic,participant,1,0.0,-0.3,0.3611033059753056
2,1,full__1__logistic__participant__1__0.0__0.0,full__1__logistic__participant,full,1,logistic,participant,1,0.0,0.0,0.34892106210685236
2,1,full__1__logistic__participant__1__0.0__0.3,full__1__logistic__participant,full,1,logistic,participant,1,0.0,0.3,0.32633669765548895
2,1,full__1__logistic__participant__1__0.3__-0.3,full__1__logistic__participant,full,1,logistic,participant,1,0.3,-0.3,0.353303511440569
2,1,full__1__logistic__participant__1__0.3__0.0,full__1__logistic__participant,full,1,logistic,participant,1,0.3,0.0,0.35398546873765624
2,1,full__1__logistic__participant__1__0.3__0.3,full__1__logistic__participant,full,1,logistic,participant,1,0.3,0.3,0.3421627579106179
2,1,full__1__logistic__participant__4__-0.3__-0.3,full__1__logistic__participant,full,1,logistic,participant,4,-0.3,-0.3,0.33714089795415225
2,1,full__1__logistic__participant__4__-0.3__0.0,full__1__logistic__participant,full,1,logistic,participant,4,-0.3,0.0,0.32769982302023004
2,1,full__1__logistic__participant__4__-0.3__0.3,full__1__logistic__participant,full,1,logistic,participant,4,-0.3,0.3,0.32719738876008575
2,1,full__1__logistic__participant__4__0.0__-0.3,full__1__logistic__participant,full,1,logistic,participant,4,0.0,-0.3,0.37471932590761275
2,1,full__1__logistic__participant__4__0.0__0.0,full__1__logistic__participant,full,1,logistic,participant,4,0.0,0.0,0.3716429704189584
2,1,full__1__logistic__participant__4__0.0__0.3,full__1__logistic__participant,full,1,logistic,participant,4,0.0,0.3,0.3244460585711167
2,1,full__1__logistic__participant__4__0.3__-0.3,full__1__logistic__participant,full,1,logistic,participant,4,0.3,-0.3,0.3588832025129935
2,1,full__1__logistic__participant__4__0.3__0.0,full__1__logistic__participant,full,1,logistic,participant,4,0.3,0.0,0.36414347623319837
2,1,full__1__logistic__participant__4__0.3__0.3,full__1__logistic__participant,full,1,logistic,participant,4,0.3,0.3,0.3573752766994602
2,1,full__1__ordinal__global__1__-0.3__-0.3,full__1__ordinal__global,full,1,ordinal,global,1,-0.3,-0.3,0.32340795327966565
2,1,full__1__ordinal__global__1__-0.3__0.0,full__1__ordinal__global,full,1,ordinal,global,1,-0.3,0.0,0.3214849291189768
2,1,full__1__ordinal__global__1__-0.3__0.3,full__1__ordinal__global,full,1,ordinal,global,1,-0.3,0.3,0.331981381975446
2,1,full__1__ordinal__global__1__0.0__-0.3,full__1__ordinal__global,full,1,ordinal,global,1,0.0,-0.3,0.33926595412219396
2,1,full__1__ordinal__global__1__0.0__0.0,full__1__ordinal__global,full,1,ordinal,global,1,0.0,0.0,0.3385843486725092
2,1,full__1__ordinal__global__1__0.0__0.3,full__1__ordinal__global,full,1,ordinal,global,1,0.0,0.3,0.3290289762040721
2,1,full__1__ordinal__global__1__0.3__-0.3,full__1__ordinal__global,full,1,ordinal,global,1,0.3,-0.3,0.35651432524511223
2,1,full__1__ordinal__global__1__0.3__0.0,full__1__ordinal__global,full,1,ordinal,global,1,0.3,0.0,0.3546131004681457
2,1,full__1__ordinal__global__1__0.3__0.3,full__1__ordinal__global,full,1,ordinal,global,1,0.3,0.3,0.345819455644543
2,1,full__1__ordinal__global__4__-0.3__-0.3,full__1__ordinal__global,full,1,ordinal,global,4,-0.3,-0.3,0.321315428170076
2,1,full__1__ordinal__global__4__-0.3__0.0,full__1__ordinal__global,full,1,ordinal,global,4,-0.3,0.0,0.3256848397534877
2,1,full__1__ordinal__global__4__-0.3__0.3,full__1__ordinal__global,full,1,ordinal,global,4,-0.3,0.3,0.32838432834782644
2,1,full__1__ordinal__global__4__0.0__-0.3,full__1__ordinal__global,full,1,ordinal,global,4,0.0,-0.3,0.3422641549615526
2,1,full__1__ordinal__global__4__0.0__0.0,full__1__ordinal__global,full,1,ordinal,global,4,0.0,0.0,0.345986213565032
2,1,full__1__ordinal__global__4__0.0__0.3,full__1__ordinal__global,full,1,ordinal,global,4,0.0,0.3,0.3251456733137479
2,1,full__1__ordinal__global__4__0.3__-0.3,full__1__ordinal__global,full,1,ordinal,global,4,0.3,-0.3,0.368682380371923
2,1,full__1__ordinal__global__4__0.3__0.0,full__1__ordinal__global,full,1,ordinal,global,4,0.3,0.0,0.3687962060694081
2,1,full__1__ordinal__global__4__0.3__0.3,full__1__ordinal__global,full,1,ordinal,global,4,0.3,0.3,0.35374575548793324
2,1,full__1__ordinal__participant__1__-0.3__-0.3,full__1__ordinal__participant,full,1,ordinal,participant,1,-0.3,-0.3,0.33547708193300707
2,1,full__1__ordinal__participant__1__-0.3__0.0,full__1__ordinal__participant,full,1,ordinal,participant,1,-0.3,0.0,0.32279263031356065
2,1,full__1__ordinal__participant__1__-0.3__0.3,full__1__ordinal__participant,full,1,ordinal,participant,1,-0.3,0.3,0.32228156982772177
2,1,full__1__ordinal__participant__1__0.0__-0.3,full__1__ordinal__participant,full,1,ordinal,participant,1,0.0,-0.3,0.36057404642640395
2,1,full__1__ordinal__participant__1__0.0__0.0,full__1__ordinal__participant,full,1,ordinal,participant,1,0.0,0.0,0.3462917683870527
2,1,full__1__ordinal__participant__1__0.0__0.3,full__1__ordinal__participant,full,1,ordinal,participant,1,0.0,0.3,0.32262702385738307
2,1,full__1__ordinal__participant__1__0.3__-0.3,full__1__ordinal__participant,full,1,ordinal,participant,1,0.3,-0.3,0.35035757010711965
2,1,full__1__ordinal__participant__1__0.3__0.0,full__1__ordinal__participant,full,1,ordinal,participant,1,0.3,0.0,0.35109741087254603
2,1,full__1__ordinal__participant__1__0.3__0.3,full__1__ordinal__participant,full,1,ordinal,participant,1,0.3,0.3,0.3382115967284283
2,1,full__1__ordinal__participant__4__-0.3__-0.3,full__1__ordinal__participant,full,1,ordinal,participant,4,-0.3,-0.3,0.33485215312527356
2,1,full__1__ordinal__participant__4__-0.3__0.0,full__1__ordinal__participant,full,1,ordinal,participant,4,-0.3,0.0,0.3290687739035669
2,1,full__1__ordinal__participant__4__-0.3__0.3,full__1__ordinal__participant,full,1,ordinal,participant,4,-0.3,0.3,0.3270450158994336
2,1,full__1__ordinal__participant__4__0.0__-0.3,full__1__ordinal__participant,full,1,ordinal,participant,4,0.0,-0.3,0.3708367872644318
2,1,full__1__ordinal__participant__4__0.0__0.0,full__1__ordinal__participant,full,1,ordinal,participant,4,0.0,0.0,0.3692372540576016
2,1,full__1__ordinal__participant__4__0.0__0.3,full__1__ordinal__participant,full,1,ordinal,participant,4,0.0,0.3,0.3242168979706146
2,1,full__1__ordinal__participant__4__0.3__-0.3,full__1__ordinal__participant,full,1,ordinal,participant,4,0.3,-0.3,0.3527929389332903
2,1,full__1__ordinal__participant__4__0.3__0.0,full__1__ordinal__participant,full,1,ordinal,participant,4,0.3,0.0,0.3569886855408915
2,1,full__1__ordinal__participant__4__0.3__0.3,full__1__ordinal__participant,full,1,ordinal,participant,4,0.3,0.3,0.3558354602388987
2,1,full__1__catboost__global__1__-0.3__-0.3,full__1__catboost__global,full,1,catboost,global,1,-0.3,-0.3,0.31857920305187415
2,1,full__1__catboost__global__1__-0.3__0.0,full__1__catboost__global,full,1,catboost,global,1,-0.3,0.0,0.3208622037533791
2,1,full__1__catboost__global__1__-0.3__0.3,full__1__catboost__global,full,1,catboost,global,1,-0.3,0.3,0.3225242341262668
2,1,full__1__catboost__global__1__0.0__-0.3,full__1__catboost__global,full,1,catboost,global,1,0.0,-0.3,0.3327916031289943
2,1,full__1__catboost__global__1__0.0__0.0,full__1__catboost__global,full,1,catboost,global,1,0.0,0.0,0.3327642604446446
2,1,full__1__catboost__global__1__0.0__0.3,full__1__catboost__global,full,1,catboost,global,1,0.0,0.3,0.31698321179554406
2,1,full__1__catboost__global__1__0.3__-0.3,full__1__catboost__global,full,1,catboost,global,1,0.3,-0.3,0.33670564474595593
2,1,full__1__catboost__global__1__0.3__0.0,full__1__catboost__global,full,1,catboost,global,1,0.3,0.0,0.3392339974931067
2,1,full__1__catboost__global__1__0.3__0.3,full__1__catboost__global,full,1,catboost,global,1,0.3,0.3,0.32579578703382905
2,1,full__1__catboost__global__4__-0.3__-0.3,full__1__catboost__global,full,1,catboost,global,4,-0.3,-0.3,0.3233008001304413
2,1,full__1__catboost__global__4__-0.3__0.0,full__1__catboost__global,full,1,catboost,global,4,-0.3,0.0,0.32266308363382606
2,1,full__1__catboost__global__4__-0.3__0.3,full__1__catboost__global,full,1,catboost,global,4,-0.3,0.3,0.32938826344671884
2,1,full__1__catboost__global__4__0.0__-0.3,full__1__catboost__global,full,1,catboost,global,4,0.0,-0.3,0.33087066716380575
2,1,full__1__catboost__global__4__0.0__0.0,full__1__catboost__global,full,1,catboost,global,4,0.0,0.0,0.3203433019682262
2,1,full__1__catboost__global__4__0.0__0.3,full__1__catboost__global,full,1,catboost,global,4,0.0,0.3,0.325874684472636
2,1,full__1__catboost__global__4__0.3__-0.3,full__1__catboost__global,full,1,catboost,global,4,0.3,-0.3,0.3508391028097574
2,1,full__1__catboost__global__4__0.3__0.0,full__1__catboost__global,full,1,catboost,global,4,0.3,0.0,0.35289440787597476
2,1,full__1__catboost__global__4__0.3__0.3,full__1__catboost__global,full,1,catboost,global,4,0.3,0.3,0.33071357115395955
2,1,full__1__catboost__participant__1__-0.3__-0.3,full__1__catboost__participant,full,1,catboost,participant,1,-0.3,-0.3,0.31766908301268015
2,1,full__1__catboost__participant__1__-0.3__0.0,full__1__catboost__participant,full,1,catboost,participant,1,-0.3,0.0,0.28798634008555923
2,1,full__1__catboost__participant__1__-0.3__0.3,full__1__catboost__participant,full,1,catboost,participant,1,-0.3,0.3,0.31899606515994544
2,1,full__1__catboost__participant__1__0.0__-0.3,full__1__catboost__participant,full,1,catboost,participant,1,0.0,-0.3,0.3424459572161397
2,1,full__1__catboost__participant__1__0.0__0.0,full__1__catboost__participant,full,1,catboost,participant,1,0.0,0.0,0.318984119948423
2,1,full__1__catboost__participant__1__0.0__0.3,full__1__catboost__participant,full,1,catboost,participant,1,0.0,0.3,0.3141204027595126
2,1,full__1__catboost__participant__1__0.3__-0.3,full__1__catboost__participant,full,1,catboost,participant,1,0.3,-0.3,0.34408346698158654
2,1,full__1__catboost__participant__1__0.3__0.0,full__1__catboost__participant,full,1,catboost,participant,1,0.3,0.0,0.3456745301161217
2,1,full__1__catboost__participant__1__0.3__0.3,full__1__catboost__participant,full,1,catboost,participant,1,0.3,0.3,0.3256053249426796
2,1,full__1__catboost__participant__4__-0.3__-0.3,full__1__catboost__participant,full,1,catboost,participant,4,-0.3,-0.3,0.3116150272762033
2,1,full__1__catboost__participant__4__-0.3__0.0,full__1__catboost__participant,full,1,catboost,participant,4,-0.3,0.0,0.2841340782750903
2,1,full__1__catboost__participant__4__-0.3__0.3,full__1__catboost__participant,full,1,catboost,participant,4,-0.3,0.3,0.32806420587893453
2,1,full__1__catboost__participant__4__0.0__-0.3,full__1__catboost__participant,full,1,catboost,participant,4,0.0,-0.3,0.3555807310449508
2,1,full__1__catboost__participant__4__0.0__0.0,full__1__catboost__participant,full,1,catboost,participant,4,0.0,0.0,0.3319628203271594
2,1,full__1__catboost__participant__4__0.0__0.3,full__1__catboost__participant,full,1,catboost,participant,4,0.0,0.3,0.312151942917362
2,1,full__1__catboost__participant__4__0.3__-0.3,full__1__catboost__participant,full,1,catboost,participant,4,0.3,-0.3,0.34187046198656174
2,1,full__1__catboost__participant__4__0.3__0.0,full__1__catboost__participant,full,1,catboost,participant,4,0.3,0.0,0.34710837900244323
2,1,full__1__catboost__participant__4__0.3__0.3,full__1__catboost__participant,full,1,catboost,participant,4,0.3,0.3,0.3372480528234685
2,1,full__8__logistic__global__1__-0.3__-0.3,full__8__logistic__global,full,8,logistic,global,1,-0.3,-0.3,0.32816067099149376
2,1,full__8__logistic__global__1__-0.3__0.0,full__8__logistic__global,full,8,logistic,global,1,-0.3,0.0,0.3314542007309811
2,1,full__8__logistic__global__1__-0.3__0.3,full__8__logistic__global,full,8,logistic,global,1,-0.3,0.3,0.3225768436010023
2,1,full__8__logistic__global__1__0.0__-0.3,full__8__logistic__global,full,8,logistic,global,1,0.0,-0.3,0.3457175254731111
2,1,full__8__logistic__global__1__0.0__0.0,full__8__logistic__global,full,8,logistic,global,1,0.0,0.0,0.34495319597977836
2,1,full__8__logistic__global__1__0.0__0.3,full__8__logistic__global,full,8,logistic,global,1,0.0,0.3,0.3327588402490671
2,1,full__8__logistic__global__1__0.3__-0.3,full__8__logistic__global,full,8,logistic,global,1,0.3,-0.3,0.35559572150339785
2,1,full__8__logistic__global__1__0.3__0.0,full__8__logistic__global,full,8,logistic,global,1,0.3,0.0,0.359916161137156
2,1,full__8__logistic__global__1__0.3__0.3,full__8__logistic__global,full,8,logistic,global,1,0.3,0.3,0.3447231422611946
2,1,full__8__logistic__global__4__-0.3__-0.3,full__8__logistic__global,full,8,logistic,global,4,-0.3,-0.3,0.3298065411494751
2,1,full__8__logistic__global__4__-0.3__0.0,full__8__logistic__global,full,8,logistic,global,4,-0.3,0.0,0.3344304546387271
2,1,full__8__logistic__global__4__-0.3__0.3,full__8__logistic__global,full,8,logistic,global,4,-0.3,0.3,0.32382227321935386
2,1,full__8__logistic__global__4__0.0__-0.3,full__8__logistic__global,full,8,logistic,global,4,0.0,-0.3,0.3452745932105088
2,1,full__8__logistic__global__4__0.0__0.0,full__8__logistic__global,full,8,logistic,global,4,0.0,0.0,0.3434943881159926
2,1,full__8__logistic__global__4__0.0__0.3,full__8__logistic__global,full,8,logistic,global,4,0.0,0.3,0.33217818373268015
2,1,full__8__logistic__global__4__0.3__-0.3,full__8__logistic__global,full,8,logistic,global,4,0.3,-0.3,0.3637271258281032
2,1,full__8__logistic__global__4__0.3__0.0,full__8__logistic__global,full,8,logistic,global,4,0.3,0.0,0.3659330808150187
2,1,full__8__logistic__global__4__0.3__0.3,full__8__logistic__global,full,8,logistic,global,4,0.3,0.3,0.3461267453195352
2,1,full__8__logistic__participant__1__-0.3__-0.3,full__8__logistic__participant,full,8,logistic,participant,1,-0.3,-0.3,0.3337190705078829
2,1,full__8__logistic__participant__1__-0.3__0.0,full__8__logistic__participant,full,8,logistic,participant,1,-0.3,0.0,0.3307486171759746
2,1,full__8__logistic__participant__1__-0.3__0.3,full__8__logistic__participant,full,8,logistic,participant,1,-0.3,0.3,0.33977083785646806
2,1,full__8__logistic__participant__1__0.0__-0.3,full__8__logistic__participant,full,8,logistic,participant,1,0.0,-0.3,0.349407536238237
2,1,full__8__logistic__participant__1__0.0__0.0,full__8__logistic__participant,full,8,logistic,participant,1,0.0,0.0,0.34083017858444165
2,1,full__8__logistic__participant__1__0.0__0.3,full__8__logistic__participant,full,8,logistic,participant,1,0.0,0.3,0.33799630422651206
2,1,full__8__logistic__participant__1__0.3__-0.3,full__8__logistic__participant,full,8,logistic,participant,1,0.3,-0.3,0.35934032595630977
2,1,full__8__logistic__participant__1__0.3__0.0,full__8__logistic__participant,full,8,logistic,participant,1,0.3,0.0,0.35754566369528495
2,1,full__8__logistic__participant__1__0.3__0.3,full__8__logistic__participant,full,8,logistic,participant,1,0.3,0.3,0.34804779801420416
2,1,full__8__logistic__participant__4__-0.3__-0.3,full__8__logistic__participant,full,8,logistic,participant,4,-0.3,-0.3,0.34043422821643177
2,1,full__8__logistic__participant__4__-0.3__0.0,full__8__logistic__participant,full,8,logistic,participant,4,-0.3,0.0,0.3360487730573373
2,1,full__8__logistic__participant__4__-0.3__0.3,full__8__logistic__participant,full,8,logistic,participant,4,-0.3,0.3,0.3390779732795579
2,1,full__8__logistic__participant__4__0.0__-0.3,full__8__logistic__participant,full,8,logistic,participant,4,0.0,-0.3,0.353782153619858
2,1,full__8__logistic__participant__4__0.0__0.0,full__8__logistic__participant,full,8,logistic,participant,4,0.0,0.0,0.351709829665247
2,1,full__8__logistic__participant__4__0.0__0.3,full__8__logistic__participant,full,8,logistic,participant,4,0.0,0.3,0.3322088369412818
2,1,full__8__logistic__participant__4__0.3__-0.3,full__8__logistic__participant,full,8,logistic,participant,4,0.3,-0.3,0.3684272447246892
2,1,full__8__logistic__participant__4__0.3__0.0,full__8__logistic__participant,full,8,logistic,participant,4,0.3,0.0,0.3613606868262151
2,1,full__8__logistic__participant__4__0.3__0.3,full__8__logistic__participant,full,8,logistic,participant,4,0.3,0.3,0.35503938915790134
2,1,full__8__ordinal__global__1__-0.3__-0.3,full__8__ordinal__global,full,8,ordinal,global,1,-0.3,-0.3,0.3281034759632374
2,1,full__8__ordinal__global__1__-0.3__0.0,full__8__ordinal__global,full,8,ordinal,global,1,-0.3,0.0,0.3344432932810979
2,1,full__8__ordinal__global__1__-0.3__0.3,full__8__ordinal__global,full,8,ordinal,global,1,-0.3,0.3,0.3245903246355038
2,1,full__8__ordinal__global__1__0.0__-0.3,full__8__ordinal__global,full,8,ordinal,global,1,0.0,-0.3,0.34822066693498693
2,1,full__8__ordinal__global__1__0.0__0.0,full__8__ordinal__global,full,8,ordinal,global,1,0.0,0.0,0.3488592639779687
2,1,full__8__ordinal__global__1__0.0__0.3,full__8__ordinal__global,full,8,ordinal,global,1,0.0,0.3,0.334360825861051
2,1,full__8__ordinal__global__1__0.3__-0.3,full__8__ordinal__global,full,8,ordinal,global,1,0.3,-0.3,0.35698347999256264
2,1,full__8__ordinal__global__1__0.3__0.0,full__8__ordinal__global,full,8,ordinal,global,1,0.3,0.0,0.363141954811892
2,1,full__8__ordinal__global__1__0.3__0.3,full__8__ordinal__global,full,8,ordinal,global,1,0.3,0.3,0.346131466287583
2,1,full__8__ordinal__global__4__-0.3__-0.3,full__8__ordinal__global,full,8,ordinal,global,4,-0.3,-0.3,0.3307623163107446
2,1,full__8__ordinal__global__4__-0.3__0.0,full__8__ordinal__global,full,8,ordinal,global,4,-0.3,0.0,0.3429107599081188
2,1,full__8__ordinal__global__4__-0.3__0.3,full__8__ordinal__global,full,8,ordinal,global,4,-0.3,0.3,0.32674171119043627
2,1,full__8__ordinal__global__4__0.0__-0.3,full__8__ordinal__global,full,8,ordinal,global,4,0.0,-0.3,0.3472459514917983
2,1,full__8__ordinal__global__4__0.0__0.0,full__8__ordinal__global,full,8,ordinal,global,4,0.0,0.0,0.3505223911394482
2,1,full__8__ordinal__global__4__0.0__0.3,full__8__ordinal__global,full,8,ordinal,global,4,0.0,0.3,0.3399080619947
2,1,full__8__ordinal__global__4__0.3__-0.3,full__8__ordinal__global,full,8,ordinal,global,4,0.3,-0.3,0.36746557558013787
2,1,full__8__ordinal__global__4__0.3__0.0,full__8__ordinal__global,full,8,ordinal,global,4,0.3,0.0,0.37287456514901696
2,1,full__8__ordinal__global__4__0.3__0.3,full__8__ordinal__global,full,8,ordinal,global,4,0.3,0.3,0.35216436257318623
2,1,full__8__ordinal__participant__1__-0.3__-0.3,full__8__ordinal__participant,full,8,ordinal,participant,1,-0.3,-0.3,0.33488789472405595
2,1,full__8__ordinal__participant__1__-0.3__0.0,full__8__ordinal__participant,full,8,ordinal,participant,1,-0.3,0.0,0.329237713765519
2,1,full__8__ordinal__participant__1__-0.3__0.3,full__8__ordinal__participant,full,8,ordinal,participant,1,-0.3,0.3,0.33675580698045177
2,1,full__8__ordinal__participant__1__0.0__-0.3,full__8__ordinal__participant,full,8,ordinal,participant,1,0.0,-0.3,0.3502412973049278
2,1,full__8__ordinal__participant__1__0.0__0.0,full__8__ordinal__participant,full,8,ordinal,participant,1,0.0,0.0,0.34196613631932
2,1,full__8__ordinal__participant__1__0.0__0.3,full__8__ordinal__participant,full,8,ordinal,participant,1,0.0,0.3,0.3379105982110652
2,1,full__8__ordinal__participant__1__0.3__-0.3,full__8__ordinal__participant,full,8,ordinal,participant,1,0.3,-0.3,0.36108046835265073
2,1,full__8__ordinal__participant__1__0.3__0.0,full__8__ordinal__participant,full,8,ordinal,participant,1,0.3,0.0,0.35710800336211024
2,1,full__8__ordinal__participant__1__0.3__0.3,full__8__ordinal__participant,full,8,ordinal,participant,1,0.3,0.3,0.34843299878406614
2,1,full__8__ordinal__participant__4__-0.3__-0.3,full__8__ordinal__participant,full,8,ordinal,participant,4,-0.3,-0.3,0.3414435093933926
2,1,full__8__ordinal__participant__4__-0.3__0.0,full__8__ordinal__participant,full,8,ordinal,participant,4,-0.3,0.0,0.3419433287054108
2,1,full__8__ordinal__participant__4__-0.3__0.3,full__8__ordinal__participant,full,8,ordinal,participant,4,-0.3,0.3,0.3351310500600257
2,1,full__8__ordinal__participant__4__0.0__-0.3,full__8__ordinal__participant,full,8,ordinal,participant,4,0.0,-0.3,0.3571376207599332
2,1,full__8__ordinal__participant__4__0.0__0.0,full__8__ordinal__participant,full,8,ordinal,participant,4,0.0,0.0,0.35547620347185965
2,1,full__8__ordinal__participant__4__0.0__0.3,full__8__ordinal__participant,full,8,ordinal,participant,4,0.0,0.3,0.33090473629238115
2,1,full__8__ordinal__participant__4__0.3__-0.3,full__8__ordinal__participant,full,8,ordinal,participant,4,0.3,-0.3,0.36595575805390346
2,1,full__8__ordinal__participant__4__0.3__0.0,full__8__ordinal__participant,full,8,ordinal,participant,4,0.3,0.0,0.35923627138327896
2,1,full__8__ordinal__participant__4__0.3__0.3,full__8__ordinal__participant,full,8,ordinal,participant,4,0.3,0.3,0.3477861665393224
2,1,full__8__catboost__global__1__-0.3__-0.3,full__8__catboost__global,full,8,catboost,global,1,-0.3,-0.3,0.3178499986964349
2,1,full__8__catboost__global__1__-0.3__0.0,full__8__catboost__global,full,8,catboost,global,1,-0.3,0.0,0.2957277459927257
2,1,full__8__catboost__global__1__-0.3__0.3,full__8__catboost__global,full,8,catboost,global,1,-0.3,0.3,0.31836226049095395
2,1,full__8__catboost__global__1__0.0__-0.3,full__8__catboost__global,full,8,catboost,global,1,0.0,-0.3,0.3300314050762825
2,1,full__8__catboost__global__1__0.0__0.0,full__8__catboost__global,full,8,catboost,global,1,0.0,0.0,0.30848736855190123
2,1,full__8__catboost__global__1__0.0__0.3,full__8__catboost__global,full,8,catboost,global,1,0.0,0.3,0.3180151816430055
2,1,full__8__catboost__global__1__0.3__-0.3,full__8__catboost__global,full,8,catboost,global,1,0.3,-0.3,0.3583026579525115
2,1,full__8__catboost__global__1__0.3__0.0,full__8__catboost__global,full,8,catboost,global,1,0.3,0.0,0.33714125042046345
2,1,full__8__catboost__global__1__0.3__0.3,full__8__catboost__global,full,8,catboost,global,1,0.3,0.3,0.3372547862690854
2,1,full__8__catboost__global__4__-0.3__-0.3,full__8__catboost__global,full,8,catboost,global,4,-0.3,-0.3,0.32073082357370347
2,1,full__8__catboost__global__4__-0.3__0.0,full__8__catboost__global,full,8,catboost,global,4,-0.3,0.0,0.29028425317917356
2,1,full__8__catboost__global__4__-0.3__0.3,full__8__catboost__global,full,8,catboost,global,4,-0.3,0.3,0.3174918298769331
2,1,full__8__catboost__global__4__0.0__-0.3,full__8__catboost__global,full,8,catboost,global,4,0.0,-0.3,0.3340310761518241
2,1,full__8__catboost__global__4__0.0__0.0,full__8__catboost__global,full,8,catboost,global,4,0.0,0.0,0.3111408674566348
2,1,full__8__catboost__global__4__0.0__0.3,full__8__catboost__global,full,8,catboost,global,4,0.0,0.3,0.3205909013627319
2,1,full__8__catboost__global__4__0.3__-0.3,full__8__catboost__global,full,8,catboost,global,4,0.3,-0.3,0.3612413126355037
2,1,full__8__catboost__global__4__0.3__0.0,full__8__catboost__global,full,8,catboost,global,4,0.3,0.0,0.34207732565091126
2,1,full__8__catboost__global__4__0.3__0.3,full__8__catboost__global,full,8,catboost,global,4,0.3,0.3,0.3421492868368482
2,1,full__8__catboost__participant__1__-0.3__-0.3,full__8__catboost__participant,full,8,catboost,participant,1,-0.3,-0.3,0.2989607986947521
2,1,full__8__catboost__participant__1__-0.3__0.0,full__8__catboost__participant,full,8,catboost,participant,1,-0.3,0.0,0.3021900273330603
2,1,full__8__catboost__participant__1__-0.3__0.3,full__8__catboost__participant,full,8,catboost,participant,1,-0.3,0.3,0.33018669797310707
2,1,full__8__catboost__participant__1__0.0__-0.3,full__8__catboost__participant,full,8,catboost,participant,1,0.0,-0.3,0.33970363704883344
2,1,full__8__catboost__participant__1__0.0__0.0,full__8__catboost__participant,full,8,catboost,participant,1,0.0,0.0,0.32146309610381685
2,1,full__8__catboost__participant__1__0.0__0.3,full__8__catboost__participant,full,8,catboost,participant,1,0.0,0.3,0.3207878398587665
2,1,full__8__catboost__participant__1__0.3__-0.3,full__8__catboost__participant,full,8,catboost,participant,1,0.3,-0.3,0.33973236550320873
2,1,full__8__catboost__participant__1__0.3__0.0,full__8__catboost__participant,full,8,catboost,participant,1,0.3,0.0,0.34589609373928104
2,1,full__8__catboost__participant__1__0.3__0.3,full__8__catboost__participant,full,8,catboost,participant,1,0.3,0.3,0.32122396152019345
2,1,full__8__catboost__participant__4__-0.3__-0.3,full__8__catboost__participant,full,8,catboost,participant,4,-0.3,-0.3,0.29939061126312005
2,1,full__8__catboost__participant__4__-0.3__0.0,full__8__catboost__participant,full,8,catboost,participant,4,-0.3,0.0,0.30594991649137415
2,1,full__8__catboost__participant__4__-0.3__0.3,full__8__catboost__participant,full,8,catboost,participant,4,-0.3,0.3,0.3265205992294739
2,1,full__8__catboost__participant__4__0.0__-0.3,full__8__catboost__participant,full,8,catboost,participant,4,0.0,-0.3,0.3429019354855075
2,1,full__8__catboost__participant__4__0.0__0.0,full__8__catboost__participant,full,8,catboost,participant,4,0.0,0.0,0.3234327485958679
2,1,full__8__catboost__participant__4__0.0__0.3,full__8__catboost__participant,full,8,catboost,participant,4,0.0,0.3,0.32499568202649803
2,1,full__8__catboost__participant__4__0.3__-0.3,full__8__catboost__participant,full,8,catboost,participant,4,0.3,-0.3,0.33699168643355304
2,1,full__8__catboost__participant__4__0.3__0.0,full__8__catboost__participant,full,8,catboost,participant,4,0.3,0.0,0.3461398436272521
2,1,full__8__catboost__participant__4__0.3__0.3,full__8__catboost__participant,full,8,catboost,participant,4,0.3,0.3,0.3227292176418587
2,2,eye_pupil__1__logistic__global__1__-0.3__-0.3,eye_pupil__1__logistic__global,eye_pupil,1,logistic,global,1,-0.3,-0.3,0.2853804199032338
2,2,eye_pupil__1__logistic__global__1__-0.3__0.0,eye_pupil__1__logistic__global,eye_pupil,1,logistic,global,1,-0.3,0.0,0.3212164651655169
2,2,eye_pupil__1__logistic__global__1__-0.3__0.3,eye_pupil__1__logistic__global,eye_pupil,1,logistic,global,1,-0.3,0.3,0.35474759889998764
2,2,eye_pupil__1__logistic__global__1__0.0__-0.3,eye_pupil__1__logistic__global,eye_pupil,1,logistic,global,1,0.0,-0.3,0.3169327939997303
2,2,eye_pupil__1__logistic__global__1__0.0__0.0,eye_pupil__1__logistic__global,eye_pupil,1,logistic,global,1,0.0,0.0,0.3352087559875327
2,2,eye_pupil__1__logistic__global__1__0.0__0.3,eye_pupil__1__logistic__global,eye_pupil,1,logistic,global,1,0.0,0.3,0.35509693883189974
2,2,eye_pupil__1__logistic__global__1__0.3__-0.3,eye_pupil__1__logistic__global,eye_pupil,1,logistic,global,1,0.3,-0.3,0.34512833229364454
2,2,eye_pupil__1__logistic__global__1__0.3__0.0,eye_pupil__1__logistic__global,eye_pupil,1,logistic,global,1,0.3,0.0,0.33582103034775496
2,2,eye_pupil__1__logistic__global__1__0.3__0.3,eye_pupil__1__logistic__global,eye_pupil,1,logistic,global,1,0.3,0.3,0.3564237889780152
2,2,eye_pupil__1__logistic__global__4__-0.3__-0.3,eye_pupil__1__logistic__global,eye_pupil,1,logistic,global,4,-0.3,-0.3,0.28765270629013906
2,2,eye_pupil__1__logistic__global__4__-0.3__0.0,eye_pupil__1__logistic__global,eye_pupil,1,logistic,global,4,-0.3,0.0,0.32227746834763493
2,2,eye_pupil__1__logistic__global__4__-0.3__0.3,eye_pupil__1__logistic__global,eye_pupil,1,logistic,global,4,-0.3,0.3,0.35342106615106295
2,2,eye_pupil__1__logistic__global__4__0.0__-0.3,eye_pupil__1__logistic__global,eye_pupil,1,logistic,global,4,0.0,-0.3,0.3240217777100253
2,2,eye_pupil__1__logistic__global__4__0.0__0.0,eye_pupil__1__logistic__global,eye_pupil,1,logistic,global,4,0.0,0.0,0.33742305713406084
2,2,eye_pupil__1__logistic__global__4__0.0__0.3,eye_pupil__1__logistic__global,eye_pupil,1,logistic,global,4,0.0,0.3,0.3540085873516119
2,2,eye_pupil__1__logistic__global__4__0.3__-0.3,eye_pupil__1__logistic__global,eye_pupil,1,logistic,global,4,0.3,-0.3,0.3521141040612819
2,2,eye_pupil__1__logistic__global__4__0.3__0.0,eye_pupil__1__logistic__global,eye_pupil,1,logistic,global,4,0.3,0.0,0.34163410088178175
2,2,eye_pupil__1__logistic__global__4__0.3__0.3,eye_pupil__1__logistic__global,eye_pupil,1,logistic,global,4,0.3,0.3,0.3600430594373005
2,2,eye_pupil__1__logistic__participant__1__-0.3__-0.3,eye_pupil__1__logistic__participant,eye_pupil,1,logistic,participant,1,-0.3,-0.3,0.303545699054723
2,2,eye_pupil__1__logistic__participant__1__-0.3__0.0,eye_pupil__1__logistic__participant,eye_pupil,1,logistic,participant,1,-0.3,0.0,0.34529553885075975
2,2,eye_pupil__1__logistic__participant__1__-0.3__0.3,eye_pupil__1__logistic__participant,eye_pupil,1,logistic,participant,1,-0.3,0.3,0.35615998285525263
2,2,eye_pupil__1__logistic__participant__1__0.0__-0.3,eye_pupil__1__logistic__participant,eye_pupil,1,logistic,participant,1,0.0,-0.3,0.34550262051627273
2,2,eye_pupil__1__logistic__participant__1__0.0__0.0,eye_pupil__1__logistic__participant,eye_pupil,1,logistic,participant,1,0.0,0.0,0.36089596007137575
2,2,eye_pupil__1__logistic__participant__1__0.0__0.3,eye_pupil__1__logistic__participant,eye_pupil,1,logistic,participant,1,0.0,0.3,0.35847208527736557
2,2,eye_pupil__1__logistic__participant__1__0.3__-0.3,eye_pupil__1__logistic__participant,eye_pupil,1,logistic,participant,1,0.3,-0.3,0.35593743015321205
2,2,eye_pupil__1__logistic__participant__1__0.3__0.0,eye_pupil__1__logistic__participant,eye_pupil,1,logistic,participant,1,0.3,0.0,0.3534307469167485
2,2,eye_pupil__1__logistic__participant__1__0.3__0.3,eye_pupil__1__logistic__participant,eye_pupil,1,logistic,participant,1,0.3,0.3,0.3659284875536145
2,2,eye_pupil__1__logistic__participant__4__-0.3__-0.3,eye_pupil__1__logistic__participant,eye_pupil,1,logistic,participant,4,-0.3,-0.3,0.2891068251323163
2,2,eye_pupil__1__logistic__participant__4__-0.3__0.0,eye_pupil__1__logistic__participant,eye_pupil,1,logistic,participant,4,-0.3,0.0,0.3476718922483799
2,2,eye_pupil__1__logistic__participant__4__-0.3__0.3,eye_pupil__1__logistic__participant,eye_pupil,1,logistic,participant,4,-0.3,0.3,0.3559574976248341
2,2,eye_pupil__1__logistic__participant__4__0.0__-0.3,eye_pupil__1__logistic__participant,eye_pupil,1,logistic,participant,4,0.0,-0.3,0.34191808186572664
2,2,eye_pupil__1__logistic__participant__4__0.0__0.0,eye_pupil__1__logistic__participant,eye_pupil,1,logistic,participant,4,0.0,0.0,0.37659290966371556
2,2,eye_pupil__1__logistic__participant__4__0.0__0.3,eye_pupil__1__logistic__participant,eye_pupil,1,logistic,participant,4,0.0,0.3,0.3592182745408238
2,2,eye_pupil__1__logistic__participant__4__0.3__-0.3,eye_pupil__1__logistic__participant,eye_pupil,1,logistic,participant,4,0.3,-0.3,0.3590896478194728
2,2,eye_pupil__1__logistic__participant__4__0.3__0.0,eye_pupil__1__logistic__participant,eye_pupil,1,logistic,participant,4,0.3,0.0,0.3468920269105203
2,2,eye_pupil__1__logistic__participant__4__0.3__0.3,eye_pupil__1__logistic__participant,eye_pupil,1,logistic,participant,4,0.3,0.3,0.3807875471811331
2,2,eye_pupil__1__ordinal__global__1__-0.3__-0.3,eye_pupil__1__ordinal__global,eye_pupil,1,ordinal,global,1,-0.3,-0.3,0.28745153763866077
2,2,eye_pupil__1__ordinal__global__1__-0.3__0.0,eye_pupil__1__ordinal__global,eye_pupil,1,ordinal,global,1,-0.3,0.0,0.3230297897493972
2,2,eye_pupil__1__ordinal__global__1__-0.3__0.3,eye_pupil__1__ordinal__global,eye_pupil,1,ordinal,global,1,-0.3,0.3,0.35245857157725613
2,2,eye_pupil__1__ordinal__global__1__0.0__-0.3,eye_pupil__1__ordinal__global,eye_pupil,1,ordinal,global,1,0.0,-0.3,0.31844745300373806
2,2,eye_pupil__1__ordinal__global__1__0.0__0.0,eye_pupil__1__ordinal__global,eye_pupil,1,ordinal,global,1,0.0,0.0,0.33673394087134456
2,2,eye_pupil__1__ordinal__global__1__0.0__0.3,eye_pupil__1__ordinal__global,eye_pupil,1,ordinal,global,1,0.0,0.3,0.35362862711287246
2,2,eye_pupil__1__ordinal__global__1__0.3__-0.3,eye_pupil__1__ordinal__global,eye_pupil,1,ordinal,global,1,0.3,-0.3,0.3457533899290754
2,2,eye_pupil__1__ordinal__global__1__0.3__0.0,eye_pupil__1__ordinal__global,eye_pupil,1,ordinal,global,1,0.3,0.0,0.3351793874178
2,2,eye_pupil__1__ordinal__global__1__0.3__0.3,eye_pupil__1__ordinal__global,eye_pupil,1,ordinal,global,1,0.3,0.3,0.355210294730496
2,2,eye_pupil__1__ordinal__global__4__-0.3__-0.3,eye_pupil__1__ordinal__global,eye_pupil,1,ordinal,global,4,-0.3,-0.3,0.2879975562330891
2,2,eye_pupil__1__ordinal__global__4__-0.3__0.0,eye_pupil__1__ordinal__global,eye_pupil,1,ordinal,global,4,-0.3,0.0,0.3212259841947385
2,2,eye_pupil__1__ordinal__global__4__-0.3__0.3,eye_pupil__1__ordinal__global,eye_pupil,1,ordinal,global,4,-0.3,0.3,0.3541642237752326
2,2,eye_pupil__1__ordinal__global__4__0.0__-0.3,eye_pupil__1__ordinal__global,eye_pupil,1,ordinal,global,4,0.0,-0.3,0.32394337307856125
2,2,eye_pupil__1__ordinal__global__4__0.0__0.0,eye_pupil__1__ordinal__global,eye_pupil,1,ordinal,global,4,0.0,0.0,0.33654526541435315
2,2,eye_pupil__1__ordinal__global__4__0.0__0.3,eye_pupil__1__ordinal__global,eye_pupil,1,ordinal,global,4,0.0,0.3,0.3540915430067953
2,2,eye_pupil__1__ordinal__global__4__0.3__-0.3,eye_pupil__1__ordinal__global,eye_pupil,1,ordinal,global,4,0.3,-0.3,0.35216214121294775
2,2,eye_pupil__1__ordinal__global__4__0.3__0.0,eye_pupil__1__ordinal__global,eye_pupil,1,ordinal,global,4,0.3,0.0,0.3428676541140917
2,2,eye_pupil__1__ordinal__global__4__0.3__0.3,eye_pupil__1__ordinal__global,eye_pupil,1,ordinal,global,4,0.3,0.3,0.3577300283256024
2,2,eye_pupil__1__ordinal__participant__1__-0.3__-0.3,eye_pupil__1__ordinal__participant,eye_pupil,1,ordinal,participant,1,-0.3,-0.3,0.30037334542753585
2,2,eye_pupil__1__ordinal__participant__1__-0.3__0.0,eye_pupil__1__ordinal__participant,eye_pupil,1,ordinal,participant,1,-0.3,0.0,0.34354687876912193
2,2,eye_pupil__1__ordinal__participant__1__-0.3__0.3,eye_pupil__1__ordinal__participant,eye_pupil,1,ordinal,participant,1,-0.3,0.3,0.3575875115116471
2,2,eye_pupil__1__ordinal__participant__1__0.0__-0.3,eye_pupil__1__ordinal__participant,eye_pupil,1,ordinal,participant,1,0.0,-0.3,0.34251307899320016
2,2,eye_pupil__1__ordinal__participant__1__0.0__0.0,eye_pupil__1__ordinal__participant,eye_pupil,1,ordinal,participant,1,0.0,0.0,0.36279891812422466
2,2,eye_pupil__1__ordinal__participant__1__0.0__0.3,eye_pupil__1__ordinal__participant,eye_pupil,1,ordinal,participant,1,0.0,0.3,0.3598032758930741
2,2,eye_pupil__1__ordinal__participant__1__0.3__-0.3,eye_pupil__1__ordinal__participant,eye_pupil,1,ordinal,participant,1,0.3,-0.3,0.35542091320802693
2,2,eye_pupil__1__ordinal__participant__1__0.3__0.0,eye_pupil__1__ordinal__participant,eye_pupil,1,ordinal,participant,1,0.3,0.0,0.35227939609887116
2,2,eye_pupil__1__ordinal__participant__1__0.3__0.3,eye_pupil__1__ordinal__participant,eye_pupil,1,ordinal,participant,1,0.3,0.3,0.3686886715507182
2,2,eye_pupil__1__ordinal__participant__4__-0.3__-0.3,eye_pupil__1__ordinal__participant,eye_pupil,1,ordinal,participant,4,-0.3,-0.3,0.2873427255928967
2,2,eye_pupil__1__ordinal__participant__4__-0.3__0.0,eye_pupil__1__ordinal__participant,eye_pupil,1,ordinal,participant,4,-0.3,0.0,0.34615449264337955
2,2,eye_pupil__1__ordinal__participant__4__-0.3__0.3,eye_pupil__1__ordinal__participant,eye_pupil,1,ordinal,participant,4,-0.3,0.3,0.35698576409570487
2,2,eye_pupil__1__ordinal__participant__4__0.0__-0.3,eye_pupil__1__ordinal__participant,eye_pupil,1,ordinal,participant,4,0.0,-0.3,0.3440232611609001
2,2,eye_pupil__1__ordinal__participant__4__0.0__0.0,eye_pupil__1__ordinal__participant,eye_pupil,1,ordinal,participant,4,0.0,0.0,0.37604487027355854
2,2,eye_pupil__1__ordinal__participant__4__0.0__0.3,eye_pupil__1__ordinal__participant,eye_pupil,1,ordinal,participant,4,0.0,0.3,0.35950417048488853
2,2,eye_pupil__1__ordinal__participant__4__0.3__-0.3,eye_pupil__1__ordinal__participant,eye_pupil,1,ordinal,participant,4,0.3,-0.3,0.35903847294836994
2,2,eye_pupil__1__ordinal__participant__4__0.3__0.0,eye_pupil__1__ordinal__participant,eye_pupil,1,ordinal,participant,4,0.3,0.0,0.34751259583352695
2,2,eye_pupil__1__ordinal__participant__4__0.3__0.3,eye_pupil__1__ordinal__participant,eye_pupil,1,ordinal,participant,4,0.3,0.3,0.38012339796387307
2,2,eye_pupil__1__catboost__global__1__-0.3__-0.3,eye_pupil__1__catboost__global,eye_pupil,1,catboost,global,1,-0.3,-0.3,0.2943684234566865
2,2,eye_pupil__1__catboost__global__1__-0.3__0.0,eye_pupil__1__catboost__global,eye_pupil,1,catboost,global,1,-0.3,0.0,0.32943905512251725
2,2,eye_pupil__1__catboost__global__1__-0.3__0.3,eye_pupil__1__catboost__global,eye_pupil,1,catboost,global,1,-0.3,0.3,0.3566469749955671
2,2,eye_pupil__1__catboost__global__1__0.0__-0.3,eye_pupil__1__catboost__global,eye_pupil,1,catboost,global,1,0.0,-0.3,0.32049457693778743
2,2,eye_pupil__1__catboost__global__1__0.0__0.0,eye_pupil__1__catboost__global,eye_pupil,1,catboost,global,1,0.0,0.0,0.33318651787133585
2,2,eye_pupil__1__catboost__global__1__0.0__0.3,eye_pupil__1__catboost__global,eye_pupil,1,catboost,global,1,0.0,0.3,0.3536145416804081
2,2,eye_pupil__1__catboost__global__1__0.3__-0.3,eye_pupil__1__catboost__global,eye_pupil,1,catboost,global,1,0.3,-0.3,0.3534166901705303
2,2,eye_pupil__1__catboost__global__1__0.3__0.0,eye_pupil__1__catboost__global,eye_pupil,1,catboost,global,1,0.3,0.0,0.34580732982082446
2,2,eye_pupil__1__catboost__global__1__0.3__0.3,eye_pupil__1__catboost__global,eye_pupil,1,catboost,global,1,0.3,0.3,0.3396268744920492
2,2,eye_pupil__1__catboost__global__4__-0.3__-0.3,eye_pupil__1__catboost__global,eye_pupil,1,catboost,global,4,-0.3,-0.3,0.28625956681100234
2,2,eye_pupil__1__catboost__global__4__-0.3__0.0,eye_pupil__1__catboost__global,eye_pupil,1,catboost,global,4,-0.3,0.0,0.3276305342128106
2,2,eye_pupil__1__catboost__global__4__-0.3__0.3,eye_pupil__1__catboost__global,eye_pupil,1,catboost,global,4,-0.3,0.3,0.36015102797420345
2,2,eye_pupil__1__catboost__global__4__0.0__-0.3,eye_pupil__1__catboost__global,eye_pupil,1,catboost,global,4,0.0,-0.3,0.3323824900323069
2,2,eye_pupil__1__catboost__global__4__0.0__0.0,eye_pupil__1__catboost__global,eye_pupil,1,catboost,global,4,0.0,0.0,0.332268728952162
2,2,eye_pupil__1__catboost__global__4__0.0__0.3,eye_pupil__1__catboost__global,eye_pupil,1,catboost,global,4,0.0,0.3,0.36027106736752124
2,2,eye_pupil__1__catboost__global__4__0.3__-0.3,eye_pupil__1__catboost__global,eye_pupil,1,catboost,global,4,0.3,-0.3,0.36041621179221567
2,2,eye_pupil__1__catboost__global__4__0.3__0.0,eye_pupil__1__catboost__global,eye_pupil,1,catboost,global,4,0.3,0.0,0.35697155734514363
2,2,eye_pupil__1__catboost__global__4__0.3__0.3,eye_pupil__1__catboost__global,eye_pupil,1,catboost,global,4,0.3,0.3,0.3362982377370153
2,2,eye_pupil__1__catboost__participant__1__-0.3__-0.3,eye_pupil__1__catboost__participant,eye_pupil,1,catboost,participant,1,-0.3,-0.3,0.30099514968961993
2,2,eye_pupil__1__catboost__participant__1__-0.3__0.0,eye_pupil__1__catboost__participant,eye_pupil,1,catboost,participant,1,-0.3,0.0,0.34577941984190724
2,2,eye_pupil__1__catboost__participant__1__-0.3__0.3,eye_pupil__1__catboost__participant,eye_pupil,1,catboost,participant,1,-0.3,0.3,0.35700655531390774
2,2,eye_pupil__1__catboost__participant__1__0.0__-0.3,eye_pupil__1__catboost__participant,eye_pupil,1,catboost,participant,1,0.0,-0.3,0.3440503081852681
2,2,eye_pupil__1__catboost__participant__1__0.0__0.0,eye_pupil__1__catboost__participant,eye_pupil,1,catboost,participant,1,0.0,0.0,0.35164932968968154
2,2,eye_pupil__1__catboost__participant__1__0.0__0.3,eye_pupil__1__catboost__participant,eye_pupil,1,catboost,participant,1,0.0,0.3,0.354787630475105
2,2,eye_pupil__1__catboost__participant__1__0.3__-0.3,eye_pupil__1__catboost__participant,eye_pupil,1,catboost,participant,1,0.3,-0.3,0.3559777728121429
2,2,eye_pupil__1__catboost__participant__1__0.3__0.0,eye_pupil__1__catboost__participant,eye_pupil,1,catboost,participant,1,0.3,0.0,0.3583249085385758
2,2,eye_pupil__1__catboost__participant__1__0.3__0.3,eye_pupil__1__catboost__participant,eye_pupil,1,catboost,participant,1,0.3,0.3,0.3543541301882223
2,2,eye_pupil__1__catboost__participant__4__-0.3__-0.3,eye_pupil__1__catboost__participant,eye_pupil,1,catboost,participant,4,-0.3,-0.3,0.30102340964098706
2,2,eye_pupil__1__catboost__participant__4__-0.3__0.0,eye_pupil__1__catboost__participant,eye_pupil,1,catboost,participant,4,-0.3,0.0,0.34561970568401806
2,2,eye_pupil__1__catboost__participant__4__-0.3__0.3,eye_pupil__1__catboost__participant,eye_pupil,1,catboost,participant,4,-0.3,0.3,0.35715430632280964
2,2,eye_pupil__1__catboost__participant__4__0.0__-0.3,eye_pupil__1__catboost__participant,eye_pupil,1,catboost,participant,4,0.0,-0.3,0.3517730498745
2,2,eye_pupil__1__catboost__participant__4__0.0__0.0,eye_pupil__1__catboost__participant,eye_pupil,1,catboost,participant,4,0.0,0.0,0.35426466586543126
2,2,eye_pupil__1__catboost__participant__4__0.0__0.3,eye_pupil__1__catboost__participant,eye_pupil,1,catboost,participant,4,0.0,0.3,0.3583247480687898
2,2,eye_pupil__1__catboost__participant__4__0.3__-0.3,eye_pupil__1__catboost__participant,eye_pupil,1,catboost,participant,4,0.3,-0.3,0.35914493869771685
2,2,eye_pupil__1__catboost__participant__4__0.3__0.0,eye_pupil__1__catboost__participant,eye_pupil,1,catboost,participant,4,0.3,0.0,0.3606787843372602
2,2,eye_pupil__1__catboost__participant__4__0.3__0.3,eye_pupil__1__catboost__participant,eye_pupil,1,catboost,participant,4,0.3,0.3,0.3545332527558625
2,2,eye_pupil__8__logistic__global__1__-0.3__-0.3,eye_pupil__8__logistic__global,eye_pupil,8,logistic,global,1,-0.3,-0.3,0.32711773805309874
2,2,eye_pupil__8__logistic__global__1__-0.3__0.0,eye_pupil__8__logistic__global,eye_pupil,8,logistic,global,1,-0.3,0.0,0.3270451280895871
2,2,eye_pupil__8__logistic__global__1__-0.3__0.3,eye_pupil__8__logistic__global,eye_pupil,8,logistic,global,1,-0.3,0.3,0.34373394490643233
2,2,eye_pupil__8__logistic__global__1__0.0__-0.3,eye_pupil__8__logistic__global,eye_pupil,8,logistic,global,1,0.0,-0.3,0.35349535043101143
2,2,eye_pupil__8__logistic__global__1__0.0__0.0,eye_pupil__8__logistic__global,eye_pupil,8,logistic,global,1,0.0,0.0,0.3437777683160624
2,2,eye_pupil__8__logistic__global__1__0.0__0.3,eye_pupil__8__logistic__global,eye_pupil,8,logistic,global,1,0.0,0.3,0.34805031311847984
2,2,eye_pupil__8__logistic__global__1__0.3__-0.3,eye_pupil__8__logistic__global,eye_pupil,8,logistic,global,1,0.3,-0.3,0.3718170059897203
2,2,eye_pupil__8__logistic__global__1__0.3__0.0,eye_pupil__8__logistic__global,eye_pupil,8,logistic,global,1,0.3,0.0,0.3606425219353576
2,2,eye_pupil__8__logistic__global__1__0.3__0.3,eye_pupil__8__logistic__global,eye_pupil,8,logistic,global,1,0.3,0.3,0.35061780021387834
2,2,eye_pupil__8__logistic__global__4__-0.3__-0.3,eye_pupil__8__logistic__global,eye_pupil,8,logistic,global,4,-0.3,-0.3,0.3228482208994441
2,2,eye_pupil__8__logistic__global__4__-0.3__0.0,eye_pupil__8__logistic__global,eye_pupil,8,logistic,global,4,-0.3,0.0,0.32513201009885023
2,2,eye_pupil__8__logistic__global__4__-0.3__0.3,eye_pupil__8__logistic__global,eye_pupil,8,logistic,global,4,-0.3,0.3,0.33760842218757237
2,2,eye_pupil__8__logistic__global__4__0.0__-0.3,eye_pupil__8__logistic__global,eye_pupil,8,logistic,global,4,0.0,-0.3,0.3528238500194117
2,2,eye_pupil__8__logistic__global__4__0.0__0.0,eye_pupil__8__logistic__global,eye_pupil,8,logistic,global,4,0.0,0.0,0.3371651230029151
2,2,eye_pupil__8__logistic__global__4__0.0__0.3,eye_pupil__8__logistic__global,eye_pupil,8,logistic,global,4,0.0,0.3,0.33168884874212834
2,2,eye_pupil__8__logistic__global__4__0.3__-0.3,eye_pupil__8__logistic__global,eye_pupil,8,logistic,global,4,0.3,-0.3,0.38420775710916294
2,2,eye_pupil__8__logistic__global__4__0.3__0.0,eye_pupil__8__logistic__global,eye_pupil,8,logistic,global,4,0.3,0.0,0.37305477321646074
2,2,eye_pupil__8__logistic__global__4__0.3__0.3,eye_pupil__8__logistic__global,eye_pupil,8,logistic,global,4,0.3,0.3,0.35098447294842694
2,2,eye_pupil__8__logistic__participant__1__-0.3__-0.3,eye_pupil__8__logistic__participant,eye_pupil,8,logistic,participant,1,-0.3,-0.3,0.33263723102837206
2,2,eye_pupil__8__logistic__participant__1__-0.3__0.0,eye_pupil__8__logistic__participant,eye_pupil,8,logistic,participant,1,-0.3,0.0,0.3374065777976941
2,2,eye_pupil__8__logistic__participant__1__-0.3__0.3,eye_pupil__8__logistic__participant,eye_pupil,8,logistic,participant,1,-0.3,0.3,0.3483048544348419
2,2,eye_pupil__8__logistic__participant__1__0.0__-0.3,eye_pupil__8__logistic__participant,eye_pupil,8,logistic,participant,1,0.0,-0.3,0.37110281142131796
2,2,eye_pupil__8__logistic__participant__1__0.0__0.0,eye_pupil__8__logistic__participant,eye_pupil,8,logistic,participant,1,0.0,0.0,0.35809097752694125
2,2,eye_pupil__8__logistic__participant__1__0.0__0.3,eye_pupil__8__logistic__participant,eye_pupil,8,logistic,participant,1,0.0,0.3,0.35625076382148857
2,2,eye_pupil__8__logistic__participant__1__0.3__-0.3,eye_pupil__8__logistic__participant,eye_pupil,8,logistic,participant,1,0.3,-0.3,0.382226225511969
2,2,eye_pupil__8__logistic__participant__1__0.3__0.0,eye_pupil__8__logistic__participant,eye_pupil,8,logistic,participant,1,0.3,0.0,0.38042918455712627
2,2,eye_pupil__8__logistic__participant__1__0.3__0.3,eye_pupil__8__logistic__participant,eye_pupil,8,logistic,participant,1,0.3,0.3,0.3667309867914102
2,2,eye_pupil__8__logistic__participant__4__-0.3__-0.3,eye_pupil__8__logistic__participant,eye_pupil,8,logistic,participant,4,-0.3,-0.3,0.3350053105032974
2,2,eye_pupil__8__logistic__participant__4__-0.3__0.0,eye_pupil__8__logistic__participant,eye_pupil,8,logistic,participant,4,-0.3,0.0,0.34125127134483435
2,2,eye_pupil__8__logistic__participant__4__-0.3__0.3,eye_pupil__8__logistic__participant,eye_pupil,8,logistic,participant,4,-0.3,0.3,0.3438258023904779
2,2,eye_pupil__8__logistic__participant__4__0.0__-0.3,eye_pupil__8__logistic__participant,eye_pupil,8,logistic,participant,4,0.0,-0.3,0.38156614015164164
2,2,eye_pupil__8__logistic__participant__4__0.0__0.0,eye_pupil__8__logistic__participant,eye_pupil,8,logistic,participant,4,0.0,0.0,0.3653917069597291
2,2,eye_pupil__8__logistic__participant__4__0.0__0.3,eye_pupil__8__logistic__participant,eye_pupil,8,logistic,participant,4,0.0,0.3,0.3544315484398624
2,2,eye_pupil__8__logistic__participant__4__0.3__-0.3,eye_pupil__8__logistic__participant,eye_pupil,8,logistic,participant,4,0.3,-0.3,0.38999495057235783
2,2,eye_pupil__8__logistic__participant__4__0.3__0.0,eye_pupil__8__logistic__participant,eye_pupil,8,logistic,participant,4,0.3,0.0,0.38471208896808035
2,2,eye_pupil__8__logistic__participant__4__0.3__0.3,eye_pupil__8__logistic__participant,eye_pupil,8,logistic,participant,4,0.3,0.3,0.36592169717376843
2,2,eye_pupil__8__ordinal__global__1__-0.3__-0.3,eye_pupil__8__ordinal__global,eye_pupil,8,ordinal,global,1,-0.3,-0.3,0.32211738572786175
2,2,eye_pupil__8__ordinal__global__1__-0.3__0.0,eye_pupil__8__ordinal__global,eye_pupil,8,ordinal,global,1,-0.3,0.0,0.32245599127668456
2,2,eye_pupil__8__ordinal__global__1__-0.3__0.3,eye_pupil__8__ordinal__global,eye_pupil,8,ordinal,global,1,-0.3,0.3,0.34461936931348874
2,2,eye_pupil__8__ordinal__global__1__0.0__-0.3,eye_pupil__8__ordinal__global,eye_pupil,8,ordinal,global,1,0.0,-0.3,0.35131899629351226
2,2,eye_pupil__8__ordinal__global__1__0.0__0.0,eye_pupil__8__ordinal__global,eye_pupil,8,ordinal,global,1,0.0,0.0,0.3415358427612384
2,2,eye_pupil__8__ordinal__global__1__0.0__0.3,eye_pupil__8__ordinal__global,eye_pupil,8,ordinal,global,1,0.0,0.3,0.34953410055261214
2,2,eye_pupil__8__ordinal__global__1__0.3__-0.3,eye_pupil__8__ordinal__global,eye_pupil,8,ordinal,global,1,0.3,-0.3,0.3667628253167642
2,2,eye_pupil__8__ordinal__global__1__0.3__0.0,eye_pupil__8__ordinal__global,eye_pupil,8,ordinal,global,1,0.3,0.0,0.3603399430058664
2,2,eye_pupil__8__ordinal__global__1__0.3__0.3,eye_pupil__8__ordinal__global,eye_pupil,8,ordinal,global,1,0.3,0.3,0.3505552334373979
2,2,eye_pupil__8__ordinal__global__4__-0.3__-0.3,eye_pupil__8__ordinal__global,eye_pupil,8,ordinal,global,4,-0.3,-0.3,0.3188067610990017
2,2,eye_pupil__8__ordinal__global__4__-0.3__0.0,eye_pupil__8__ordinal__global,eye_pupil,8,ordinal,global,4,-0.3,0.0,0.3237680623435321
2,2,eye_pupil__8__ordinal__global__4__-0.3__0.3,eye_pupil__8__ordinal__global,eye_pupil,8,ordinal,global,4,-0.3,0.3,0.33705705390688107
2,2,eye_pupil__8__ordinal__global__4__0.0__-0.3,eye_pupil__8__ordinal__global,eye_pupil,8,ordinal,global,4,0.0,-0.3,0.3463601503552043
2,2,eye_pupil__8__ordinal__global__4__0.0__0.0,eye_pupil__8__ordinal__global,eye_pupil,8,ordinal,global,4,0.0,0.0,0.33367287457943656
2,2,eye_pupil__8__ordinal__global__4__0.0__0.3,eye_pupil__8__ordinal__global,eye_pupil,8,ordinal,global,4,0.0,0.3,0.3333197834767674
2,2,eye_pupil__8__ordinal__global__4__0.3__-0.3,eye_pupil__8__ordinal__global,eye_pupil,8,ordinal,global,4,0.3,-0.3,0.38428109453096376
2,2,eye_pupil__8__ordinal__global__4__0.3__0.0,eye_pupil__8__ordinal__global,eye_pupil,8,ordinal,global,4,0.3,0.0,0.37462132952270394
2,2,eye_pupil__8__ordinal__global__4__0.3__0.3,eye_pupil__8__ordinal__global,eye_pupil,8,ordinal,global,4,0.3,0.3,0.35079046772247363
2,2,eye_pupil__8__ordinal__participant__1__-0.3__-0.3,eye_pupil__8__ordinal__participant,eye_pupil,8,ordinal,participant,1,-0.3,-0.3,0.32619623473871745
2,2,eye_pupil__8__ordinal__participant__1__-0.3__0.0,eye_pupil__8__ordinal__participant,eye_pupil,8,ordinal,participant,1,-0.3,0.0,0.3360009920723807
2,2,eye_pupil__8__ordinal__participant__1__-0.3__0.3,eye_pupil__8__ordinal__participant,eye_pupil,8,ordinal,participant,1,-0.3,0.3,0.3477529930183999
2,2,eye_pupil__8__ordinal__participant__1__0.0__-0.3,eye_pupil__8__ordinal__participant,eye_pupil,8,ordinal,participant,1,0.0,-0.3,0.3662817294883201
2,2,eye_pupil__8__ordinal__participant__1__0.0__0.0,eye_pupil__8__ordinal__participant,eye_pupil,8,ordinal,participant,1,0.0,0.0,0.35994591742746185
2,2,eye_pupil__8__ordinal__participant__1__0.0__0.3,eye_pupil__8__ordinal__participant,eye_pupil,8,ordinal,participant,1,0.0,0.3,0.3573984237340713
2,2,eye_pupil__8__ordinal__participant__1__0.3__-0.3,eye_pupil__8__ordinal__participant,eye_pupil,8,ordinal,participant,1,0.3,-0.3,0.3803898048036506
2,2,eye_pupil__8__ordinal__participant__1__0.3__0.0,eye_pupil__8__ordinal__participant,eye_pupil,8,ordinal,participant,1,0.3,0.0,0.3821932556232721
2,2,eye_pupil__8__ordinal__participant__1__0.3__0.3,eye_pupil__8__ordinal__participant,eye_pupil,8,ordinal,participant,1,0.3,0.3,0.3657435719296402
2,2,eye_pupil__8__ordinal__participant__4__-0.3__-0.3,eye_pupil__8__ordinal__participant,eye_pupil,8,ordinal,participant,4,-0.3,-0.3,0.33732707789224303
2,2,eye_pupil__8__ordinal__participant__4__-0.3__0.0,eye_pupil__8__ordinal__participant,eye_pupil,8,ordinal,participant,4,-0.3,0.0,0.3383445236456459
2,2,eye_pupil__8__ordinal__participant__4__-0.3__0.3,eye_pupil__8__ordinal__participant,eye_pupil,8,ordinal,participant,4,-0.3,0.3,0.34294109027147124
2,2,eye_pupil__8__ordinal__participant__4__0.0__-0.3,eye_pupil__8__ordinal__participant,eye_pupil,8,ordinal,participant,4,0.0,-0.3,0.3789116153777873
2,2,eye_pupil__8__ordinal__participant__4__0.0__0.0,eye_pupil__8__ordinal__participant,eye_pupil,8,ordinal,participant,4,0.0,0.0,0.3638731305499454
2,2,eye_pupil__8__ordinal__participant__4__0.0__0.3,eye_pupil__8__ordinal__participant,eye_pupil,8,ordinal,participant,4,0.0,0.3,0.35480562862650866
2,2,eye_pupil__8__ordinal__participant__4__0.3__-0.3,eye_pupil__8__ordinal__participant,eye_pupil,8,ordinal,participant,4,0.3,-0.3,0.3912130205380536
2,2,eye_pupil__8__ordinal__participant__4__0.3__0.0,eye_pupil__8__ordinal__participant,eye_pupil,8,ordinal,participant,4,0.3,0.0,0.38624690612904905
2,2,eye_pupil__8__ordinal__participant__4__0.3__0.3,eye_pupil__8__ordinal__participant,eye_pupil,8,ordinal,participant,4,0.3,0.3,0.365769346727495
2,2,eye_pupil__8__catboost__global__1__-0.3__-0.3,eye_pupil__8__catboost__global,eye_pupil,8,catboost,global,1,-0.3,-0.3,0.29988590623802724
2,2,eye_pupil__8__catboost__global__1__-0.3__0.0,eye_pupil__8__catboost__global,eye_pupil,8,catboost,global,1,-0.3,0.0,0.3167718551486563
2,2,eye_pupil__8__catboost__global__1__-0.3__0.3,eye_pupil__8__catboost__global,eye_pupil,8,catboost,global,1,-0.3,0.3,0.34363704132719664
2,2,eye_pupil__8__catboost__global__1__0.0__-0.3,eye_pupil__8__catboost__global,eye_pupil,8,catboost,global,1,0.0,-0.3,0.34577066699033604
2,2,eye_pupil__8__catboost__global__1__0.0__0.0,eye_pupil__8__catboost__global,eye_pupil,8,catboost,global,1,0.0,0.0,0.33405409254295276
2,2,eye_pupil__8__catboost__global__1__0.0__0.3,eye_pupil__8__catboost__global,eye_pupil,8,catboost,global,1,0.0,0.3,0.3501467768879319
2,2,eye_pupil__8__catboost__global__1__0.3__-0.3,eye_pupil__8__catboost__global,eye_pupil,8,catboost,global,1,0.3,-0.3,0.36211641806164896
2,2,eye_pupil__8__catboost__global__1__0.3__0.0,eye_pupil__8__catboost__global,eye_pupil,8,catboost,global,1,0.3,0.0,0.35982568776889257
2,2,eye_pupil__8__catboost__global__1__0.3__0.3,eye_pupil__8__catboost__global,eye_pupil,8,catboost,global,1,0.3,0.3,0.33292121720725815
2,2,eye_pupil__8__catboost__global__4__-0.3__-0.3,eye_pupil__8__catboost__global,eye_pupil,8,catboost,global,4,-0.3,-0.3,0.30003854485047377
2,2,eye_pupil__8__catboost__global__4__-0.3__0.0,eye_pupil__8__catboost__global,eye_pupil,8,catboost,global,4,-0.3,0.0,0.3258832570093903
2,2,eye_pupil__8__catboost__global__4__-0.3__0.3,eye_pupil__8__catboost__global,eye_pupil,8,catboost,global,4,-0.3,0.3,0.34718710100083466
2,2,eye_pupil__8__catboost__global__4__0.0__-0.3,eye_pupil__8__catboost__global,eye_pupil,8,catboost,global,4,0.0,-0.3,0.35583730312552403
2,2,eye_pupil__8__catboost__global__4__0.0__0.0,eye_pupil__8__catboost__global,eye_pupil,8,catboost,global,4,0.0,0.0,0.3425706259984099
2,2,eye_pupil__8__catboost__global__4__0.0__0.3,eye_pupil__8__catboost__global,eye_pupil,8,catboost,global,4,0.0,0.3,0.35751864879772416
2,2,eye_pupil__8__catboost__global__4__0.3__-0.3,eye_pupil__8__catboost__global,eye_pupil,8,catboost,global,4,0.3,-0.3,0.3598404760330336
2,2,eye_pupil__8__catboost__global__4__0.3__0.0,eye_pupil__8__catboost__global,eye_pupil,8,catboost,global,4,0.3,0.0,0.36913655712138455
2,2,eye_pupil__8__catboost__global__4__0.3__0.3,eye_pupil__8__catboost__global,eye_pupil,8,catboost,global,4,0.3,0.3,0.3456970382445677
2,2,eye_pupil__8__catboost__participant__1__-0.3__-0.3,eye_pupil__8__catboost__participant,eye_pupil,8,catboost,participant,1,-0.3,-0.3,0.31977127610051104
2,2,eye_pupil__8__catboost__participant__1__-0.3__0.0,eye_pupil__8__catboost__participant,eye_pupil,8,catboost,participant,1,-0.3,0.0,0.3194961993869974
2,2,eye_pupil__8__catboost__participant__1__-0.3__0.3,eye_pupil__8__catboost__participant,eye_pupil,8,catboost,participant,1,-0.3,0.3,0.34583059665802973
2,2,eye_pupil__8__catboost__participant__1__0.0__-0.3,eye_pupil__8__catboost__participant,eye_pupil,8,catboost,participant,1,0.0,-0.3,0.3700252878808348
2,2,eye_pupil__8__catboost__participant__1__0.0__0.0,eye_pupil__8__catboost__participant,eye_pupil,8,catboost,participant,1,0.0,0.0,0.3476426953952178
2,2,eye_pupil__8__catboost__participant__1__0.0__0.3,eye_pupil__8__catboost__participant,eye_pupil,8,catboost,participant,1,0.0,0.3,0.35268321955690557
2,2,eye_pupil__8__catboost__participant__1__0.3__-0.3,eye_pupil__8__catboost__participant,eye_pupil,8,catboost,participant,1,0.3,-0.3,0.3671087048704964
2,2,eye_pupil__8__catboost__participant__1__0.3__0.0,eye_pupil__8__catboost__participant,eye_pupil,8,catboost,participant,1,0.3,0.0,0.372899841203141
2,2,eye_pupil__8__catboost__participant__1__0.3__0.3,eye_pupil__8__catboost__participant,eye_pupil,8,catboost,participant,1,0.3,0.3,0.34925909451599624
2,2,eye_pupil__8__catboost__participant__4__-0.3__-0.3,eye_pupil__8__catboost__participant,eye_pupil,8,catboost,participant,4,-0.3,-0.3,0.3293740450109694
2,2,eye_pupil__8__catboost__participant__4__-0.3__0.0,eye_pupil__8__catboost__participant,eye_pupil,8,catboost,participant,4,-0.3,0.0,0.3270304824644016
2,2,eye_pupil__8__catboost__participant__4__-0.3__0.3,eye_pupil__8__catboost__participant,eye_pupil,8,catboost,participant,4,-0.3,0.3,0.3489270875524713
2,2,eye_pupil__8__catboost__participant__4__0.0__-0.3,eye_pupil__8__catboost__participant,eye_pupil,8,catboost,participant,4,0.0,-0.3,0.3806063554635797
2,2,eye_pupil__8__catboost__participant__4__0.0__0.0,eye_pupil__8__catboost__participant,eye_pupil,8,catboost,participant,4,0.0,0.0,0.34576196262543435
2,2,eye_pupil__8__catboost__participant__4__0.0__0.3,eye_pupil__8__catboost__participant,eye_pupil,8,catboost,participant,4,0.0,0.3,0.3593976469570314
2,2,eye_pupil__8__catboost__participant__4__0.3__-0.3,eye_pupil__8__catboost__participant,eye_pupil,8,catboost,participant,4,0.3,-0.3,0.3661616070584943
2,2,eye_pupil__8__catboost__participant__4__0.3__0.0,eye_pupil__8__catboost__participant,eye_pupil,8,catboost,participant,4,0.3,0.0,0.381613359536448
2,2,eye_pupil__8__catboost__participant__4__0.3__0.3,eye_pupil__8__catboost__participant,eye_pupil,8,catboost,participant,4,0.3,0.3,0.35289960437656026
2,2,full__1__logistic__global__1__-0.3__-0.3,full__1__logistic__global,full,1,logistic,global,1,-0.3,-0.3,0.30798911487055713
2,2,full__1__logistic__global__1__-0.3__0.0,full__1__logistic__global,full,1,logistic,global,1,-0.3,0.0,0.3297858675525159
2,2,full__1__logistic__global__1__-0.3__0.3,full__1__logistic__global,full,1,logistic,global,1,-0.3,0.3,0.3513270991026793
2,2,full__1__logistic__global__1__0.0__-0.3,full__1__logistic__global,full,1,logistic,global,1,0.0,-0.3,0.33254121052532243
2,2,full__1__logistic__global__1__0.0__0.0,full__1__logistic__global,full,1,logistic,global,1,0.0,0.0,0.3386076438297872
2,2,full__1__logistic__global__1__0.0__0.3,full__1__logistic__global,full,1,logistic,global,1,0.0,0.3,0.3594938590609461
2,2,full__1__logistic__global__1__0.3__-0.3,full__1__logistic__global,full,1,logistic,global,1,0.3,-0.3,0.3503427484103561
2,2,full__1__logistic__global__1__0.3__0.0,full__1__logistic__global,full,1,logistic,global,1,0.3,0.0,0.34825896751432045
2,2,full__1__logistic__global__1__0.3__0.3,full__1__logistic__global,full,1,logistic,global,1,0.3,0.3,0.36977595433896543
2,2,full__1__logistic__global__4__-0.3__-0.3,full__1__logistic__global,full,1,logistic,global,4,-0.3,-0.3,0.3062452727343713
2,2,full__1__logistic__global__4__-0.3__0.0,full__1__logistic__global,full,1,logistic,global,4,-0.3,0.0,0.32688540022522267
2,2,full__1__logistic__global__4__-0.3__0.3,full__1__logistic__global,full,1,logistic,global,4,-0.3,0.3,0.35849138947524695
2,2,full__1__logistic__global__4__0.0__-0.3,full__1__logistic__global,full,1,logistic,global,4,0.0,-0.3,0.33528147571940725
2,2,full__1__logistic__global__4__0.0__0.0,full__1__logistic__global,full,1,logistic,global,4,0.0,0.0,0.34091767641328086
2,2,full__1__logistic__global__4__0.0__0.3,full__1__logistic__global,full,1,logistic,global,4,0.0,0.3,0.3716333531854021
2,2,full__1__logistic__global__4__0.3__-0.3,full__1__logistic__global,full,1,logistic,global,4,0.3,-0.3,0.36640605777212787
2,2,full__1__logistic__global__4__0.3__0.0,full__1__logistic__global,full,1,logistic,global,4,0.3,0.0,0.35254136174275397
2,2,full__1__logistic__global__4__0.3__0.3,full__1__logistic__global,full,1,logistic,global,4,0.3,0.3,0.37498578770231483
2,2,full__1__logistic__participant__1__-0.3__-0.3,full__1__logistic__participant,full,1,logistic,participant,1,-0.3,-0.3,0.332538398543063
2,2,full__1__logistic__participant__1__-0.3__0.0,full__1__logistic__participant,full,1,logistic,participant,1,-0.3,0.0,0.3480620451470472
2,2,full__1__logistic__participant__1__-0.3__0.3,full__1__logistic__participant,full,1,logistic,participant,1,-0.3,0.3,0.35712088164503625
2,2,full__1__logistic__participant__1__0.0__-0.3,full__1__logistic__participant,full,1,logistic,participant,1,0.0,-0.3,0.3605602169415925
2,2,full__1__logistic__participant__1__0.0__0.0,full__1__logistic__participant,full,1,logistic,participant,1,0.0,0.0,0.3745567469408375
2,2,full__1__logistic__participant__1__0.0__0.3,full__1__logistic__participant,full,1,logistic,participant,1,0.0,0.3,0.3624848063316283
2,2,full__1__logistic__participant__1__0.3__-0.3,full__1__logistic__participant,full,1,logistic,participant,1,0.3,-0.3,0.36024077496799056
2,2,full__1__logistic__participant__1__0.3__0.0,full__1__logistic__participant,full,1,logistic,participant,1,0.3,0.0,0.36726636462957785
2,2,full__1__logistic__participant__1__0.3__0.3,full__1__logistic__participant,full,1,logistic,participant,1,0.3,0.3,0.38140213155959574
2,2,full__1__logistic__participant__4__-0.3__-0.3,full__1__logistic__participant,full,1,logistic,participant,4,-0.3,-0.3,0.32413338743977405
2,2,full__1__logistic__participant__4__-0.3__0.0,full__1__logistic__participant,full,1,logistic,participant,4,-0.3,0.0,0.35659043063775975
2,2,full__1__logistic__participant__4__-0.3__0.3,full__1__logistic__participant,full,1,logistic,participant,4,-0.3,0.3,0.35801622640532776
2,2,full__1__logistic__participant__4__0.0__-0.3,full__1__logistic__participant,full,1,logistic,participant,4,0.0,-0.3,0.36600191740512905
2,2,full__1__logistic__participant__4__0.0__0.0,full__1__logistic__participant,full,1,logistic,participant,4,0.0,0.0,0.39348077008720944
2,2,full__1__logistic__participant__4__0.0__0.3,full__1__logistic__participant,full,1,logistic,participant,4,0.0,0.3,0.372486736488575
2,2,full__1__logistic__participant__4__0.3__-0.3,full__1__logistic__participant,full,1,logistic,participant,4,0.3,-0.3,0.360353090849484
2,2,full__1__logistic__participant__4__0.3__0.0,full__1__logistic__participant,full,1,logistic,participant,4,0.3,0.0,0.37076702148778157
2,2,full__1__logistic__participant__4__0.3__0.3,full__1__logistic__participant,full,1,logistic,participant,4,0.3,0.3,0.39803805666542413
2,2,full__1__ordinal__global__1__-0.3__-0.3,full__1__ordinal__global,full,1,ordinal,global,1,-0.3,-0.3,0.30570632541566395
2,2,full__1__ordinal__global__1__-0.3__0.0,full__1__ordinal__global,full,1,ordinal,global,1,-0.3,0.0,0.3275992914684796
2,2,full__1__ordinal__global__1__-0.3__0.3,full__1__ordinal__global,full,1,ordinal,global,1,-0.3,0.3,0.3523090903249184
2,2,full__1__ordinal__global__1__0.0__-0.3,full__1__ordinal__global,full,1,ordinal,global,1,0.0,-0.3,0.3292713791833744
2,2,full__1__ordinal__global__1__0.0__0.0,full__1__ordinal__global,full,1,ordinal,global,1,0.0,0.0,0.3373536653386138
2,2,full__1__ordinal__global__1__0.0__0.3,full__1__ordinal__global,full,1,ordinal,global,1,0.0,0.3,0.3583439907368971
2,2,full__1__ordinal__global__1__0.3__-0.3,full__1__ordinal__global,full,1,ordinal,global,1,0.3,-0.3,0.3506340638503946
2,2,full__1__ordinal__global__1__0.3__0.0,full__1__ordinal__global,full,1,ordinal,global,1,0.3,0.0,0.3509788970813855
2,2,full__1__ordinal__global__1__0.3__0.3,full__1__ordinal__global,full,1,ordinal,global,1,0.3,0.3,0.3725599626579347
2,2,full__1__ordinal__global__4__-0.3__-0.3,full__1__ordinal__global,full,1,ordinal,global,4,-0.3,-0.3,0.305971130174006
2,2,full__1__ordinal__global__4__-0.3__0.0,full__1__ordinal__global,full,1,ordinal,global,4,-0.3,0.0,0.3297026159338291
2,2,full__1__ordinal__global__4__-0.3__0.3,full__1__ordinal__global,full,1,ordinal,global,4,-0.3,0.3,0.35930853974344473
2,2,full__1__ordinal__global__4__0.0__-0.3,full__1__ordinal__global,full,1,ordinal,global,4,0.0,-0.3,0.3334658302535366
2,2,full__1__ordinal__global__4__0.0__0.0,full__1__ordinal__global,full,1,ordinal,global,4,0.0,0.0,0.34522163684479984
2,2,full__1__ordinal__global__4__0.0__0.3,full__1__ordinal__global,full,1,ordinal,global,4,0.0,0.3,0.3699774506040128
2,2,full__1__ordinal__global__4__0.3__-0.3,full__1__ordinal__global,full,1,ordinal,global,4,0.3,-0.3,0.3680895447006913
2,2,full__1__ordinal__global__4__0.3__0.0,full__1__ordinal__global,full,1,ordinal,global,4,0.3,0.0,0.3569577494606979
2,2,full__1__ordinal__global__4__0.3__0.3,full__1__ordinal__global,full,1,ordinal,global,4,0.3,0.3,0.3767767435873395
2,2,full__1__ordinal__participant__1__-0.3__-0.3,full__1__ordinal__participant,full,1,ordinal,participant,1,-0.3,-0.3,0.33192589723767923
2,2,full__1__ordinal__participant__1__-0.3__0.0,full__1__ordinal__participant,full,1,ordinal,participant,1,-0.3,0.0,0.3490904385174199
2,2,full__1__ordinal__participant__1__-0.3__0.3,full__1__ordinal__participant,full,1,ordinal,participant,1,-0.3,0.3,0.3574763218403935
2,2,full__1__ordinal__participant__1__0.0__-0.3,full__1__ordinal__participant,full,1,ordinal,participant,1,0.0,-0.3,0.36144858821318054
2,2,full__1__ordinal__participant__1__0.0__0.0,full__1__ordinal__participant,full,1,ordinal,participant,1,0.0,0.0,0.3756185069934828
2,2,full__1__ordinal__participant__1__0.0__0.3,full__1__ordinal__participant,full,1,ordinal,participant,1,0.0,0.3,0.362910949188111
2,2,full__1__ordinal__participant__1__0.3__-0.3,full__1__ordinal__participant,full,1,ordinal,participant,1,0.3,-0.3,0.36134741975887047
2,2,full__1__ordinal__participant__1__0.3__0.0,full__1__ordinal__participant,full,1,ordinal,participant,1,0.3,0.0,0.36723324051656575
2,2,full__1__ordinal__participant__1__0.3__0.3,full__1__ordinal__participant,full,1,ordinal,participant,1,0.3,0.3,0.3842215272899196
2,2,full__1__ordinal__participant__4__-0.3__-0.3,full__1__ordinal__participant,full,1,ordinal,participant,4,-0.3,-0.3,0.3249837136605603
2,2,full__1__ordinal__participant__4__-0.3__0.0,full__1__ordinal__participant,full,1,ordinal,participant,4,-0.3,0.0,0.35842545083390637
2,2,full__1__ordinal__participant__4__-0.3__0.3,full__1__ordinal__participant,full,1,ordinal,participant,4,-0.3,0.3,0.35808765077225974
2,2,full__1__ordinal__participant__4__0.0__-0.3,full__1__ordinal__participant,full,1,ordinal,participant,4,0.0,-0.3,0.36716994920484675
2,2,full__1__ordinal__participant__4__0.0__0.0,full__1__ordinal__participant,full,1,ordinal,participant,4,0.0,0.0,0.39540724647119835
2,2,full__1__ordinal__participant__4__0.0__0.3,full__1__ordinal__participant,full,1,ordinal,participant,4,0.0,0.3,0.3722804122628657
2,2,full__1__ordinal__participant__4__0.3__-0.3,full__1__ordinal__participant,full,1,ordinal,participant,4,0.3,-0.3,0.3597545896869955
2,2,full__1__ordinal__participant__4__0.3__0.0,full__1__ordinal__participant,full,1,ordinal,participant,4,0.3,0.0,0.3691118428463076
2,2,full__1__ordinal__participant__4__0.3__0.3,full__1__ordinal__participant,full,1,ordinal,participant,4,0.3,0.3,0.39754089435815493
2,2,full__1__catboost__global__1__-0.3__-0.3,full__1__catboost__global,full,1,catboost,global,1,-0.3,-0.3,0.2846135057427357
2,2,full__1__catboost__global__1__-0.3__0.0,full__1__catboost__global,full,1,catboost,global,1,-0.3,0.0,0.2961551379291678
2,2,full__1__catboost__global__1__-0.3__0.3,full__1__catboost__global,full,1,catboost,global,1,-0.3,0.3,0.33404360782078923
2,2,full__1__catboost__global__1__0.0__-0.3,full__1__catboost__global,full,1,catboost,global,1,0.0,-0.3,0.3319686009840061
2,2,full__1__catboost__global__1__0.0__0.0,full__1__catboost__global,full,1,catboost,global,1,0.0,0.0,0.32577145709018707
2,2,full__1__catboost__global__1__0.0__0.3,full__1__catboost__global,full,1,catboost,global,1,0.0,0.3,0.31264748209526916
2,2,full__1__catboost__global__1__0.3__-0.3,full__1__catboost__global,full,1,catboost,global,1,0.3,-0.3,0.36401187403138585
2,2,full__1__catboost__global__1__0.3__0.0,full__1__catboost__global,full,1,catboost,global,1,0.3,0.0,0.3508644861731779
2,2,full__1__catboost__global__1__0.3__0.3,full__1__catboost__global,full,1,catboost,global,1,0.3,0.3,0.33252023541747766
2,2,full__1__catboost__global__4__-0.3__-0.3,full__1__catboost__global,full,1,catboost,global,4,-0.3,-0.3,0.28782634374787586
2,2,full__1__catboost__global__4__-0.3__0.0,full__1__catboost__global,full,1,catboost,global,4,-0.3,0.0,0.3042236311633114
2,2,full__1__catboost__global__4__-0.3__0.3,full__1__catboost__global,full,1,catboost,global,4,-0.3,0.3,0.34525991320545696
2,2,full__1__catboost__global__4__0.0__-0.3,full__1__catboost__global,full,1,catboost,global,4,0.0,-0.3,0.3492682918506065
2,2,full__1__catboost__global__4__0.0__0.0,full__1__catboost__global,full,1,catboost,global,4,0.0,0.0,0.3389430962416575
2,2,full__1__catboost__global__4__0.0__0.3,full__1__catboost__global,full,1,catboost,global,4,0.0,0.3,0.30991014991574767
2,2,full__1__catboost__global__4__0.3__-0.3,full__1__catboost__global,full,1,catboost,global,4,0.3,-0.3,0.37503631743766674
2,2,full__1__catboost__global__4__0.3__0.0,full__1__catboost__global,full,1,catboost,global,4,0.3,0.0,0.35691237008293586
2,2,full__1__catboost__global__4__0.3__0.3,full__1__catboost__global,full,1,catboost,global,4,0.3,0.3,0.3342070810797894
2,2,full__1__catboost__participant__1__-0.3__-0.3,full__1__catboost__participant,full,1,catboost,participant,1,-0.3,-0.3,0.30969928995836743
2,2,full__1__catboost__participant__1__-0.3__0.0,full__1__catboost__participant,full,1,catboost,participant,1,-0.3,0.0,0.34408860840065386
2,2,full__1__catboost__participant__1__-0.3__0.3,full__1__catboost__participant,full,1,catboost,participant,1,-0.3,0.3,0.3542762348957833
2,2,full__1__catboost__participant__1__0.0__-0.3,full__1__catboost__participant,full,1,catboost,participant,1,0.0,-0.3,0.35499708831601395
2,2,full__1__catboost__participant__1__0.0__0.0,full__1__catboost__participant,full,1,catboost,participant,1,0.0,0.0,0.34491427788836415
2,2,full__1__catboost__participant__1__0.0__0.3,full__1__catboost__participant,full,1,catboost,participant,1,0.0,0.3,0.34193713329352515
2,2,full__1__catboost__participant__1__0.3__-0.3,full__1__catboost__participant,full,1,catboost,participant,1,0.3,-0.3,0.36609133504369684
2,2,full__1__catboost__participant__1__0.3__0.0,full__1__catboost__participant,full,1,catboost,participant,1,0.3,0.0,0.3593549518737376
2,2,full__1__catboost__participant__1__0.3__0.3,full__1__catboost__participant,full,1,catboost,participant,1,0.3,0.3,0.33844581465349294
2,2,full__1__catboost__participant__4__-0.3__-0.3,full__1__catboost__participant,full,1,catboost,participant,4,-0.3,-0.3,0.3156772566709347
2,2,full__1__catboost__participant__4__-0.3__0.0,full__1__catboost__participant,full,1,catboost,participant,4,-0.3,0.0,0.3474743268367059
2,2,full__1__catboost__participant__4__-0.3__0.3,full__1__catboost__participant,full,1,catboost,participant,4,-0.3,0.3,0.35789279197062834
2,2,full__1__catboost__participant__4__0.0__-0.3,full__1__catboost__participant,full,1,catboost,participant,4,0.0,-0.3,0.36889317266155186
2,2,full__1__catboost__participant__4__0.0__0.0,full__1__catboost__participant,full,1,catboost,participant,4,0.0,0.0,0.3467302473942624
2,2,full__1__catboost__participant__4__0.0__0.3,full__1__catboost__participant,full,1,catboost,participant,4,0.0,0.3,0.3551824426038888
2,2,full__1__catboost__participant__4__0.3__-0.3,full__1__catboost__participant,full,1,catboost,participant,4,0.3,-0.3,0.36692371196903173
2,2,full__1__catboost__participant__4__0.3__0.0,full__1__catboost__participant,full,1,catboost,participant,4,0.3,0.0,0.361319716116522
2,2,full__1__catboost__participant__4__0.3__0.3,full__1__catboost__participant,full,1,catboost,participant,4,0.3,0.3,0.34919487134539545
2,2,full__8__logistic__global__1__-0.3__-0.3,full__8__logistic__global,full,8,logistic,global,1,-0.3,-0.3,0.3309290785064537
2,2,full__8__logistic__global__1__-0.3__0.0,full__8__logistic__global,full,8,logistic,global,1,-0.3,0.0,0.33713594431372484
2,2,full__8__logistic__global__1__-0.3__0.3,full__8__logistic__global,full,8,logistic,global,1,-0.3,0.3,0.35190301018515685
2,2,full__8__logistic__global__1__0.0__-0.3,full__8__logistic__global,full,8,logistic,global,1,0.0,-0.3,0.3590876665084339
2,2,full__8__logistic__global__1__0.0__0.0,full__8__logistic__global,full,8,logistic,global,1,0.0,0.0,0.35726046654427024
2,2,full__8__logistic__global__1__0.0__0.3,full__8__logistic__global,full,8,logistic,global,1,0.0,0.3,0.3608302425649004
2,2,full__8__logistic__global__1__0.3__-0.3,full__8__logistic__global,full,8,logistic,global,1,0.3,-0.3,0.36600433838960805
2,2,full__8__logistic__global__1__0.3__0.0,full__8__logistic__global,full,8,logistic,global,1,0.3,0.0,0.36675343548216605
2,2,full__8__logistic__global__1__0.3__0.3,full__8__logistic__global,full,8,logistic,global,1,0.3,0.3,0.3767670067671512
2,2,full__8__logistic__global__4__-0.3__-0.3,full__8__logistic__global,full,8,logistic,global,4,-0.3,-0.3,0.3416944783981333
2,2,full__8__logistic__global__4__-0.3__0.0,full__8__logistic__global,full,8,logistic,global,4,-0.3,0.0,0.3376373935755958
2,2,full__8__logistic__global__4__-0.3__0.3,full__8__logistic__global,full,8,logistic,global,4,-0.3,0.3,0.34980384640260404
2,2,full__8__logistic__global__4__0.0__-0.3,full__8__logistic__global,full,8,logistic,global,4,0.0,-0.3,0.3646232387903575
2,2,full__8__logistic__global__4__0.0__0.0,full__8__logistic__global,full,8,logistic,global,4,0.0,0.0,0.358362090228431
2,2,full__8__logistic__global__4__0.0__0.3,full__8__logistic__global,full,8,logistic,global,4,0.0,0.3,0.3652133571040408
2,2,full__8__logistic__global__4__0.3__-0.3,full__8__logistic__global,full,8,logistic,global,4,0.3,-0.3,0.3804397902221101
2,2,full__8__logistic__global__4__0.3__0.0,full__8__logistic__global,full,8,logistic,global,4,0.3,0.0,0.3714243210477547
2,2,full__8__logistic__global__4__0.3__0.3,full__8__logistic__global,full,8,logistic,global,4,0.3,0.3,0.38650251179305245
2,2,full__8__logistic__participant__1__-0.3__-0.3,full__8__logistic__participant,full,8,logistic,participant,1,-0.3,-0.3,0.33851966408683365
2,2,full__8__logistic__participant__1__-0.3__0.0,full__8__logistic__participant,full,8,logistic,participant,1,-0.3,0.0,0.3483716284901416
2,2,full__8__logistic__participant__1__-0.3__0.3,full__8__logistic__participant,full,8,logistic,participant,1,-0.3,0.3,0.35495454788806563
2,2,full__8__logistic__participant__1__0.0__-0.3,full__8__logistic__participant,full,8,logistic,participant,1,0.0,-0.3,0.3607414046504025
2,2,full__8__logistic__participant__1__0.0__0.0,full__8__logistic__participant,full,8,logistic,participant,1,0.0,0.0,0.3697891247296703
2,2,full__8__logistic__participant__1__0.0__0.3,full__8__logistic__participant,full,8,logistic,participant,1,0.0,0.3,0.37162059367493183
2,2,full__8__logistic__participant__1__0.3__-0.3,full__8__logistic__participant,full,8,logistic,participant,1,0.3,-0.3,0.37585624485148694
2,2,full__8__logistic__participant__1__0.3__0.0,full__8__logistic__participant,full,8,logistic,participant,1,0.3,0.0,0.37527780463861055
2,2,full__8__logistic__participant__1__0.3__0.3,full__8__logistic__participant,full,8,logistic,participant,1,0.3,0.3,0.38179664960790444
2,2,full__8__logistic__participant__4__-0.3__-0.3,full__8__logistic__participant,full,8,logistic,participant,4,-0.3,-0.3,0.35061301525988436
2,2,full__8__logistic__participant__4__-0.3__0.0,full__8__logistic__participant,full,8,logistic,participant,4,-0.3,0.0,0.35259366295007866
2,2,full__8__logistic__participant__4__-0.3__0.3,full__8__logistic__participant,full,8,logistic,participant,4,-0.3,0.3,0.3467865850824315
2,2,full__8__logistic__participant__4__0.0__-0.3,full__8__logistic__participant,full,8,logistic,participant,4,0.0,-0.3,0.37644793354700307
2,2,full__8__logistic__participant__4__0.0__0.0,full__8__logistic__participant,full,8,logistic,participant,4,0.0,0.0,0.39001894594143127
2,2,full__8__logistic__participant__4__0.0__0.3,full__8__logistic__participant,full,8,logistic,participant,4,0.0,0.3,0.3649776893246521
2,2,full__8__logistic__participant__4__0.3__-0.3,full__8__logistic__participant,full,8,logistic,participant,4,0.3,-0.3,0.38680702514549353
2,2,full__8__logistic__participant__4__0.3__0.0,full__8__logistic__participant,full,8,logistic,participant,4,0.3,0.0,0.3953651566097361
2,2,full__8__logistic__participant__4__0.3__0.3,full__8__logistic__participant,full,8,logistic,participant,4,0.3,0.3,0.3970446740182589
2,2,full__8__ordinal__global__1__-0.3__-0.3,full__8__ordinal__global,full,8,ordinal,global,1,-0.3,-0.3,0.3276636969515557
2,2,full__8__ordinal__global__1__-0.3__0.0,full__8__ordinal__global,full,8,ordinal,global,1,-0.3,0.0,0.33830879126455415
2,2,full__8__ordinal__global__1__-0.3__0.3,full__8__ordinal__global,full,8,ordinal,global,1,-0.3,0.3,0.3495397390649381
2,2,full__8__ordinal__global__1__0.0__-0.3,full__8__ordinal__global,full,8,ordinal,global,1,0.0,-0.3,0.3486869717495284
2,2,full__8__ordinal__global__1__0.0__0.0,full__8__ordinal__global,full,8,ordinal,global,1,0.0,0.0,0.3605318250556251
2,2,full__8__ordinal__global__1__0.0__0.3,full__8__ordinal__global,full,8,ordinal,global,1,0.0,0.3,0.3619140678701143
2,2,full__8__ordinal__global__1__0.3__-0.3,full__8__ordinal__global,full,8,ordinal,global,1,0.3,-0.3,0.3576516410808066
2,2,full__8__ordinal__global__1__0.3__0.0,full__8__ordinal__global,full,8,ordinal,global,1,0.3,0.0,0.3670613776945683
2,2,full__8__ordinal__global__1__0.3__0.3,full__8__ordinal__global,full,8,ordinal,global,1,0.3,0.3,0.3788077730237854
2,2,full__8__ordinal__global__4__-0.3__-0.3,full__8__ordinal__global,full,8,ordinal,global,4,-0.3,-0.3,0.3350709345693492
2,2,full__8__ordinal__global__4__-0.3__0.0,full__8__ordinal__global,full,8,ordinal,global,4,-0.3,0.0,0.3350477400789269
2,2,full__8__ordinal__global__4__-0.3__0.3,full__8__ordinal__global,full,8,ordinal,global,4,-0.3,0.3,0.3453507700483807
2,2,full__8__ordinal__global__4__0.0__-0.3,full__8__ordinal__global,full,8,ordinal,global,4,0.0,-0.3,0.3578676201266918
2,2,full__8__ordinal__global__4__0.0__0.0,full__8__ordinal__global,full,8,ordinal,global,4,0.0,0.0,0.3576999568772743
2,2,full__8__ordinal__global__4__0.0__0.3,full__8__ordinal__global,full,8,ordinal,global,4,0.0,0.3,0.36196904089044174
2,2,full__8__ordinal__global__4__0.3__-0.3,full__8__ordinal__global,full,8,ordinal,global,4,0.3,-0.3,0.3707171660820942
2,2,full__8__ordinal__global__4__0.3__0.0,full__8__ordinal__global,full,8,ordinal,global,4,0.3,0.0,0.37501502665404723
2,2,full__8__ordinal__global__4__0.3__0.3,full__8__ordinal__global,full,8,ordinal,global,4,0.3,0.3,0.3848268518299468
2,2,full__8__ordinal__participant__1__-0.3__-0.3,full__8__ordinal__participant,full,8,ordinal,participant,1,-0.3,-0.3,0.3412573130923385
2,2,full__8__ordinal__participant__1__-0.3__0.0,full__8__ordinal__participant,full,8,ordinal,participant,1,-0.3,0.0,0.3486884780860134
2,2,full__8__ordinal__participant__1__-0.3__0.3,full__8__ordinal__participant,full,8,ordinal,participant,1,-0.3,0.3,0.3499210384100164
2,2,full__8__ordinal__participant__1__0.0__-0.3,full__8__ordinal__participant,full,8,ordinal,participant,1,0.0,-0.3,0.3632733683880604
2,2,full__8__ordinal__participant__1__0.0__0.0,full__8__ordinal__participant,full,8,ordinal,participant,1,0.0,0.0,0.3708973260185784
2,2,full__8__ordinal__participant__1__0.0__0.3,full__8__ordinal__participant,full,8,ordinal,participant,1,0.0,0.3,0.36749072955451456
2,2,full__8__ordinal__participant__1__0.3__-0.3,full__8__ordinal__participant,full,8,ordinal,participant,1,0.3,-0.3,0.3738592343005813
2,2,full__8__ordinal__participant__1__0.3__0.0,full__8__ordinal__participant,full,8,ordinal,participant,1,0.3,0.0,0.3751705429145438
2,2,full__8__ordinal__participant__1__0.3__0.3,full__8__ordinal__participant,full,8,ordinal,participant,1,0.3,0.3,0.3783465846902894
2,2,full__8__ordinal__participant__4__-0.3__-0.3,full__8__ordinal__participant,full,8,ordinal,participant,4,-0.3,-0.3,0.3434463556657682
2,2,full__8__ordinal__participant__4__-0.3__0.0,full__8__ordinal__participant,full,8,ordinal,participant,4,-0.3,0.0,0.35330923591835217
2,2,full__8__ordinal__participant__4__-0.3__0.3,full__8__ordinal__participant,full,8,ordinal,participant,4,-0.3,0.3,0.34483859319830584
2,2,full__8__ordinal__participant__4__0.0__-0.3,full__8__ordinal__participant,full,8,ordinal,participant,4,0.0,-0.3,0.36964466496268383
2,2,full__8__ordinal__participant__4__0.0__0.0,full__8__ordinal__participant,full,8,ordinal,participant,4,0.0,0.0,0.3854479653065236
2,2,full__8__ordinal__participant__4__0.0__0.3,full__8__ordinal__participant,full,8,ordinal,participant,4,0.0,0.3,0.3650446636102898
2,2,full__8__ordinal__participant__4__0.3__-0.3,full__8__ordinal__participant,full,8,ordinal,participant,4,0.3,-0.3,0.3849039002512865
2,2,full__8__ordinal__participant__4__0.3__0.0,full__8__ordinal__participant,full,8,ordinal,participant,4,0.3,0.0,0.39439786761567425
2,2,full__8__ordinal__participant__4__0.3__0.3,full__8__ordinal__participant,full,8,ordinal,participant,4,0.3,0.3,0.3950456997075786
2,2,full__8__catboost__global__1__-0.3__-0.3,full__8__catboost__global,full,8,catboost,global,1,-0.3,-0.3,0.312031261409427
2,2,full__8__catboost__global__1__-0.3__0.0,full__8__catboost__global,full,8,catboost,global,1,-0.3,0.0,0.3299990053023102
2,2,full__8__catboost__global__1__-0.3__0.3,full__8__catboost__global,full,8,catboost,global,1,-0.3,0.3,0.3423899084184111
2,2,full__8__catboost__global__1__0.0__-0.3,full__8__catboost__global,full,8,catboost,global,1,0.0,-0.3,0.34873673516882936
2,2,full__8__catboost__global__1__0.0__0.0,full__8__catboost__global,full,8,catboost,global,1,0.0,0.0,0.3465664452580566
2,2,full__8__catboost__global__1__0.0__0.3,full__8__catboost__global,full,8,catboost,global,1,0.0,0.3,0.3378043118025229
2,2,full__8__catboost__global__1__0.3__-0.3,full__8__catboost__global,full,8,catboost,global,1,0.3,-0.3,0.37821831283501134
2,2,full__8__catboost__global__1__0.3__0.0,full__8__catboost__global,full,8,catboost,global,1,0.3,0.0,0.3661503132121516
2,2,full__8__catboost__global__1__0.3__0.3,full__8__catboost__global,full,8,catboost,global,1,0.3,0.3,0.3454076904564868
2,2,full__8__catboost__global__4__-0.3__-0.3,full__8__catboost__global,full,8,catboost,global,4,-0.3,-0.3,0.31539413955835255
2,2,full__8__catboost__global__4__-0.3__0.0,full__8__catboost__global,full,8,catboost,global,4,-0.3,0.0,0.32359342306610894
2,2,full__8__catboost__global__4__-0.3__0.3,full__8__catboost__global,full,8,catboost,global,4,-0.3,0.3,0.33906483781955
2,2,full__8__catboost__global__4__0.0__-0.3,full__8__catboost__global,full,8,catboost,global,4,0.0,-0.3,0.3532544948616376
2,2,full__8__catboost__global__4__0.0__0.0,full__8__catboost__global,full,8,catboost,global,4,0.0,0.0,0.3492461144386421
2,2,full__8__catboost__global__4__0.0__0.3,full__8__catboost__global,full,8,catboost,global,4,0.0,0.3,0.3372811917667334
2,2,full__8__catboost__global__4__0.3__-0.3,full__8__catboost__global,full,8,catboost,global,4,0.3,-0.3,0.3768137286269219
2,2,full__8__catboost__global__4__0.3__0.0,full__8__catboost__global,full,8,catboost,global,4,0.3,0.0,0.36784960697538704
2,2,full__8__catboost__global__4__0.3__0.3,full__8__catboost__global,full,8,catboost,global,4,0.3,0.3,0.35035792473173066
2,2,full__8__catboost__participant__1__-0.3__-0.3,full__8__catboost__participant,full,8,catboost,participant,1,-0.3,-0.3,0.3272869141308341
2,2,full__8__catboost__participant__1__-0.3__0.0,full__8__catboost__participant,full,8,catboost,participant,1,-0.3,0.0,0.34413479618355236
2,2,full__8__catboost__participant__1__-0.3__0.3,full__8__catboost__participant,full,8,catboost,participant,1,-0.3,0.3,0.35555257452761757
2,2,full__8__catboost__participant__1__0.0__-0.3,full__8__catboost__participant,full,8,catboost,participant,1,0.0,-0.3,0.3828469921421697
2,2,full__8__catboost__participant__1__0.0__0.0,full__8__catboost__participant,full,8,catboost,participant,1,0.0,0.0,0.37311288620932015
2,2,full__8__catboost__participant__1__0.0__0.3,full__8__catboost__participant,full,8,catboost,participant,1,0.0,0.3,0.35740422013911677
2,2,full__8__catboost__participant__1__0.3__-0.3,full__8__catboost__participant,full,8,catboost,participant,1,0.3,-0.3,0.36648054254657886
2,2,full__8__catboost__participant__1__0.3__0.0,full__8__catboost__participant,full,8,catboost,participant,1,0.3,0.0,0.37589628933101693
2,2,full__8__catboost__participant__1__0.3__0.3,full__8__catboost__participant,full,8,catboost,participant,1,0.3,0.3,0.3705605717945003
2,2,full__8__catboost__participant__4__-0.3__-0.3,full__8__catboost__participant,full,8,catboost,participant,4,-0.3,-0.3,0.32215106249973574
2,2,full__8__catboost__participant__4__-0.3__0.0,full__8__catboost__participant,full,8,catboost,participant,4,-0.3,0.0,0.34391581433380375
2,2,full__8__catboost__participant__4__-0.3__0.3,full__8__catboost__participant,full,8,catboost,participant,4,-0.3,0.3,0.3594115784312555
2,2,full__8__catboost__participant__4__0.0__-0.3,full__8__catboost__participant,full,8,catboost,participant,4,0.0,-0.3,0.37613624509967175
2,2,full__8__catboost__participant__4__0.0__0.0,full__8__catboost__participant,full,8,catboost,participant,4,0.0,0.0,0.361447607737892
2,2,full__8__catboost__participant__4__0.0__0.3,full__8__catboost__participant,full,8,catboost,participant,4,0.0,0.3,0.3602944079405924
2,2,full__8__catboost__participant__4__0.3__-0.3,full__8__catboost__participant,full,8,catboost,participant,4,0.3,-0.3,0.36619399385366247
2,2,full__8__catboost__participant__4__0.3__0.0,full__8__catboost__participant,full,8,catboost,participant,4,0.3,0.0,0.374699714492701
2,2,full__8__catboost__participant__4__0.3__0.3,full__8__catboost__participant,full,8,catboost,participant,4,0.3,0.3,0.361754391173459
2,3,eye_pupil__1__logistic__global__1__-0.3__-0.3,eye_pupil__1__logistic__global,eye_pupil,1,logistic,global,1,-0.3,-0.3,0.2880959405926533
2,3,eye_pupil__1__logistic__global__1__-0.3__0.0,eye_pupil__1__logistic__global,eye_pupil,1,logistic,global,1,-0.3,0.0,0.33147367517606596
2,3,eye_pupil__1__logistic__global__1__-0.3__0.3,eye_pupil__1__logistic__global,eye_pupil,1,logistic,global,1,-0.3,0.3,0.36000954064736546
2,3,eye_pupil__1__logistic__global__1__0.0__-0.3,eye_pupil__1__logistic__global,eye_pupil,1,logistic,global,1,0.0,-0.3,0.34042967023519394
2,3,eye_pupil__1__logistic__global__1__0.0__0.0,eye_pupil__1__logistic__global,eye_pupil,1,logistic,global,1,0.0,0.0,0.34274835575583484
2,3,eye_pupil__1__logistic__global__1__0.0__0.3,eye_pupil__1__logistic__global,eye_pupil,1,logistic,global,1,0.0,0.3,0.3609438139496235
2,3,eye_pupil__1__logistic__global__1__0.3__-0.3,eye_pupil__1__logistic__global,eye_pupil,1,logistic,global,1,0.3,-0.3,0.3642126480852496
2,3,eye_pupil__1__logistic__global__1__0.3__0.0,eye_pupil__1__logistic__global,eye_pupil,1,logistic,global,1,0.3,0.0,0.3744538722281391
2,3,eye_pupil__1__logistic__global__1__0.3__0.3,eye_pupil__1__logistic__global,eye_pupil,1,logistic,global,1,0.3,0.3,0.36166413417216176
2,3,eye_pupil__1__logistic__global__4__-0.3__-0.3,eye_pupil__1__logistic__global,eye_pupil,1,logistic,global,4,-0.3,-0.3,0.2828630746629843
2,3,eye_pupil__1__logistic__global__4__-0.3__0.0,eye_pupil__1__logistic__global,eye_pupil,1,logistic,global,4,-0.3,0.0,0.32487925537473666
2,3,eye_pupil__1__logistic__global__4__-0.3__0.3,eye_pupil__1__logistic__global,eye_pupil,1,logistic,global,4,-0.3,0.3,0.35415852701189404
2,3,eye_pupil__1__logistic__global__4__0.0__-0.3,eye_pupil__1__logistic__global,eye_pupil,1,logistic,global,4,0.0,-0.3,0.3409803600418665
2,3,eye_pupil__1__logistic__global__4__0.0__0.0,eye_pupil__1__logistic__global,eye_pupil,1,logistic,global,4,0.0,0.0,0.34874624600706006
2,3,eye_pupil__1__logistic__global__4__0.0__0.3,eye_pupil__1__logistic__global,eye_pupil,1,logistic,global,4,0.0,0.3,0.35804602544741404
2,3,eye_pupil__1__logistic__global__4__0.3__-0.3,eye_pupil__1__logistic__global,eye_pupil,1,logistic,global,4,0.3,-0.3,0.3597267905418894
2,3,eye_pupil__1__logistic__global__4__0.3__0.0,eye_pupil__1__logistic__global,eye_pupil,1,logistic,global,4,0.3,0.0,0.3657578862584098
2,3,eye_pupil__1__logistic__global__4__0.3__0.3,eye_pupil__1__logistic__global,eye_pupil,1,logistic,global,4,0.3,0.3,0.3748653290834319
2,3,eye_pupil__1__logistic__participant__1__-0.3__-0.3,eye_pupil__1__logistic__participant,eye_pupil,1,logistic,participant,1,-0.3,-0.3,0.31490511999656456
2,3,eye_pupil__1__logistic__participant__1__-0.3__0.0,eye_pupil__1__logistic__participant,eye_pupil,1,logistic,participant,1,-0.3,0.0,0.33856097988298645
2,3,eye_pupil__1__logistic__participant__1__-0.3__0.3,eye_pupil__1__logistic__participant,eye_pupil,1,logistic,participant,1,-0.3,0.3,0.3614374087121584
2,3,eye_pupil__1__logistic__participant__1__0.0__-0.3,eye_pupil__1__logistic__participant,eye_pupil,1,logistic,participant,1,0.0,-0.3,0.35433113622091916
2,3,eye_pupil__1__logistic__participant__1__0.0__0.0,eye_pupil__1__logistic__participant,eye_pupil,1,logistic,participant,1,0.0,0.0,0.36401614241161295
2,3,eye_pupil__1__logistic__participant__1__0.0__0.3,eye_pupil__1__logistic__participant,eye_pupil,1,logistic,participant,1,0.0,0.3,0.3634213658836983
2,3,eye_pupil__1__logistic__participant__1__0.3__-0.3,eye_pupil__1__logistic__participant,eye_pupil,1,logistic,participant,1,0.3,-0.3,0.3607663968247527
2,3,eye_pupil__1__logistic__participant__1__0.3__0.0,eye_pupil__1__logistic__participant,eye_pupil,1,logistic,participant,1,0.3,0.0,0.3745916131287814
2,3,eye_pupil__1__logistic__participant__1__0.3__0.3,eye_pupil__1__logistic__participant,eye_pupil,1,logistic,participant,1,0.3,0.3,0.3783303942178864
2,3,eye_pupil__1__logistic__participant__4__-0.3__-0.3,eye_pupil__1__logistic__participant,eye_pupil,1,logistic,participant,4,-0.3,-0.3,0.31065333464377565
2,3,eye_pupil__1__logistic__participant__4__-0.3__0.0,eye_pupil__1__logistic__participant,eye_pupil,1,logistic,participant,4,-0.3,0.0,0.3399619433803901
2,3,eye_pupil__1__logistic__participant__4__-0.3__0.3,eye_pupil__1__logistic__participant,eye_pupil,1,logistic,participant,4,-0.3,0.3,0.3598592039080586
2,3,eye_pupil__1__logistic__participant__4__0.0__-0.3,eye_pupil__1__logistic__participant,eye_pupil,1,logistic,participant,4,0.0,-0.3,0.3538021265682889
2,3,eye_pupil__1__logistic__participant__4__0.0__0.0,eye_pupil__1__logistic__participant,eye_pupil,1,logistic,participant,4,0.0,0.0,0.3763949346857149
2,3,eye_pupil__1__logistic__participant__4__0.0__0.3,eye_pupil__1__logistic__participant,eye_pupil,1,logistic,participant,4,0.0,0.3,0.36356187669006673
2,3,eye_pupil__1__logistic__participant__4__0.3__-0.3,eye_pupil__1__logistic__participant,eye_pupil,1,logistic,participant,4,0.3,-0.3,0.3581143084718671
2,3,eye_pupil__1__logistic__participant__4__0.3__0.0,eye_pupil__1__logistic__participant,eye_pupil,1,logistic,participant,4,0.3,0.0,0.36233153486293906
2,3,eye_pupil__1__logistic__participant__4__0.3__0.3,eye_pupil__1__logistic__participant,eye_pupil,1,logistic,participant,4,0.3,0.3,0.38641930315559403
2,3,eye_pupil__1__ordinal__global__1__-0.3__-0.3,eye_pupil__1__ordinal__global,eye_pupil,1,ordinal,global,1,-0.3,-0.3,0.286527534401342
2,3,eye_pupil__1__ordinal__global__1__-0.3__0.0,eye_pupil__1__ordinal__global,eye_pupil,1,ordinal,global,1,-0.3,0.0,0.3342850411683781
2,3,eye_pupil__1__ordinal__global__1__-0.3__0.3,eye_pupil__1__ordinal__global,eye_pupil,1,ordinal,global,1,-0.3,0.3,0.3595493702449986
2,3,eye_pupil__1__ordinal__global__1__0.0__-0.3,eye_pupil__1__ordinal__global,eye_pupil,1,ordinal,global,1,0.0,-0.3,0.3359122011309421
2,3,eye_pupil__1__ordinal__global__1__0.0__0.0,eye_pupil__1__ordinal__global,eye_pupil,1,ordinal,global,1,0.0,0.0,0.3424905863987527
2,3,eye_pupil__1__ordinal__global__1__0.0__0.3,eye_pupil__1__ordinal__global,eye_pupil,1,ordinal,global,1,0.0,0.3,0.35934722351492954
2,3,eye_pupil__1__ordinal__global__1__0.3__-0.3,eye_pupil__1__ordinal__global,eye_pupil,1,ordinal,global,1,0.3,-0.3,0.36207805646633046
2,3,eye_pupil__1__ordinal__global__1__0.3__0.0,eye_pupil__1__ordinal__global,eye_pupil,1,ordinal,global,1,0.3,0.0,0.3741190869010773
2,3,eye_pupil__1__ordinal__global__1__0.3__0.3,eye_pupil__1__ordinal__global,eye_pupil,1,ordinal,global,1,0.3,0.3,0.36128184458498247
2,3,eye_pupil__1__ordinal__global__4__-0.3__-0.3,eye_pupil__1__ordinal__global,eye_pupil,1,ordinal,global,4,-0.3,-0.3,0.2802282284725777
2,3,eye_pupil__1__ordinal__global__4__-0.3__0.0,eye_pupil__1__ordinal__global,eye_pupil,1,ordinal,global,4,-0.3,0.0,0.3265423450636038
2,3,eye_pupil__1__ordinal__global__4__-0.3__0.3,eye_pupil__1__ordinal__global,eye_pupil,1,ordinal,global,4,-0.3,0.3,0.35495962123286073
2,3,eye_pupil__1__ordinal__global__4__0.0__-0.3,eye_pupil__1__ordinal__global,eye_pupil,1,ordinal,global,4,0.0,-0.3,0.33761351181012755
2,3,eye_pupil__1__ordinal__global__4__0.0__0.0,eye_pupil__1__ordinal__global,eye_pupil,1,ordinal,global,4,0.0,0.0,0.3495251510665372
2,3,eye_pupil__1__ordinal__global__4__0.0__0.3,eye_pupil__1__ordinal__global,eye_pupil,1,ordinal,global,4,0.0,0.3,0.35860661942788047
2,3,eye_pupil__1__ordinal__global__4__0.3__-0.3,eye_pupil__1__ordinal__global,eye_pupil,1,ordinal,global,4,0.3,-0.3,0.35921189962187333
2,3,eye_pupil__1__ordinal__global__4__0.3__0.0,eye_pupil__1__ordinal__global,eye_pupil,1,ordinal,global,4,0.3,0.0,0.3684475546212929
2,3,eye_pupil__1__ordinal__global__4__0.3__0.3,eye_pupil__1__ordinal__global,eye_pupil,1,ordinal,global,4,0.3,0.3,0.37461002466839105
2,3,eye_pupil__1__ordinal__participant__1__-0.3__-0.3,eye_pupil__1__ordinal__participant,eye_pupil,1,ordinal,participant,1,-0.3,-0.3,0.3144176708328872
2,3,eye_pupil__1__ordinal__participant__1__-0.3__0.0,eye_pupil__1__ordinal__participant,eye_pupil,1,ordinal,participant,1,-0.3,0.0,0.33981091739392794
2,3,eye_pupil__1__ordinal__participant__1__-0.3__0.3,eye_pupil__1__ordinal__participant,eye_pupil,1,ordinal,participant,1,-0.3,0.3,0.3621111532530312
2,3,eye_pupil__1__ordinal__participant__1__0.0__-0.3,eye_pupil__1__ordinal__participant,eye_pupil,1,ordinal,participant,1,0.0,-0.3,0.3553158609653597
2,3,eye_pupil__1__ordinal__participant__1__0.0__0.0,eye_pupil__1__ordinal__participant,eye_pupil,1,ordinal,participant,1,0.0,0.0,0.361959212444585
2,3,eye_pupil__1__ordinal__participant__1__0.0__0.3,eye_pupil__1__ordinal__participant,eye_pupil,1,ordinal,participant,1,0.0,0.3,0.36227633720582736
2,3,eye_pupil__1__ordinal__participant__1__0.3__-0.3,eye_pupil__1__ordinal__participant,eye_pupil,1,ordinal,participant,1,0.3,-0.3,0.3598885858313348
2,3,eye_pupil__1__ordinal__participant__1__0.3__0.0,eye_pupil__1__ordinal__participant,eye_pupil,1,ordinal,participant,1,0.3,0.0,0.3731716667679629
2,3,eye_pupil__1__ordinal__participant__1__0.3__0.3,eye_pupil__1__ordinal__participant,eye_pupil,1,ordinal,participant,1,0.3,0.3,0.371732647996924
2,3,eye_pupil__1__ordinal__participant__4__-0.3__-0.3,eye_pupil__1__ordinal__participant,eye_pupil,1,ordinal,participant,4,-0.3,-0.3,0.31049901572992117
2,3,eye_pupil__1__ordinal__participant__4__-0.3__0.0,eye_pupil__1__ordinal__participant,eye_pupil,1,ordinal,participant,4,-0.3,0.0,0.3415015000430719
2,3,eye_pupil__1__ordinal__participant__4__-0.3__0.3,eye_pupil__1__ordinal__participant,eye_pupil,1,ordinal,participant,4,-0.3,0.3,0.3609577410317658
2,3,eye_pupil__1__ordinal__participant__4__0.0__-0.3,eye_pupil__1__ordinal__participant,eye_pupil,1,ordinal,participant,4,0.0,-0.3,0.3550918060575419
2,3,eye_pupil__1__ordinal__participant__4__0.0__0.0,eye_pupil__1__ordinal__participant,eye_pupil,1,ordinal,participant,4,0.0,0.0,0.3769410311320347
2,3,eye_pupil__1__ordinal__participant__4__0.0__0.3,eye_pupil__1__ordinal__participant,eye_pupil,1,ordinal,participant,4,0.0,0.3,0.36315070574519087
2,3,eye_pupil__1__ordinal__participant__4__0.3__-0.3,eye_pupil__1__ordinal__participant,eye_pupil,1,ordinal,participant,4,0.3,-0.3,0.3579146393836393
2,3,eye_pupil__1__ordinal__participant__4__0.3__0.0,eye_pupil__1__ordinal__participant,eye_pupil,1,ordinal,participant,4,0.3,0.0,0.3634681444271447
2,3,eye_pupil__1__ordinal__participant__4__0.3__0.3,eye_pupil__1__ordinal__participant,eye_pupil,1,ordinal,participant,4,0.3,0.3,0.38671303762807135
2,3,eye_pupil__1__catboost__global__1__-0.3__-0.3,eye_pupil__1__catboost__global,eye_pupil,1,catboost,global,1,-0.3,-0.3,0.2850312939972779
2,3,eye_pupil__1__catboost__global__1__-0.3__0.0,eye_pupil__1__catboost__global,eye_pupil,1,catboost,global,1,-0.3,0.0,0.326914160241265
2,3,eye_pupil__1__catboost__global__1__-0.3__0.3,eye_pupil__1__catboost__global,eye_pupil,1,catboost,global,1,-0.3,0.3,0.3475331099914358
2,3,eye_pupil__1__catboost__global__1__0.0__-0.3,eye_pupil__1__catboost__global,eye_pupil,1,catboost,global,1,0.0,-0.3,0.3365944199160916
2,3,eye_pupil__1__catboost__global__1__0.0__0.0,eye_pupil__1__catboost__global,eye_pupil,1,catboost,global,1,0.0,0.0,0.33925542908738937
2,3,eye_pupil__1__catboost__global__1__0.0__0.3,eye_pupil__1__catboost__global,eye_pupil,1,catboost,global,1,0.0,0.3,0.34956313610303774
2,3,eye_pupil__1__catboost__global__1__0.3__-0.3,eye_pupil__1__catboost__global,eye_pupil,1,catboost,global,1,0.3,-0.3,0.35640782020667466
2,3,eye_pupil__1__catboost__global__1__0.3__0.0,eye_pupil__1__catboost__global,eye_pupil,1,catboost,global,1,0.3,0.0,0.360654642224839
2,3,eye_pupil__1__catboost__global__1__0.3__0.3,eye_pupil__1__catboost__global,eye_pupil,1,catboost,global,1,0.3,0.3,0.35443330028251596
2,3,eye_pupil__1__catboost__global__4__-0.3__-0.3,eye_pupil__1__catboost__global,eye_pupil,1,catboost,global,4,-0.3,-0.3,0.2830822691199902
2,3,eye_pupil__1__catboost__global__4__-0.3__0.0,eye_pupil__1__catboost__global,eye_pupil,1,catboost,global,4,-0.3,0.0,0.32925821299905267
2,3,eye_pupil__1__catboost__global__4__-0.3__0.3,eye_pupil__1__catboost__global,eye_pupil,1,catboost,global,4,-0.3,0.3,0.34760378008913373
2,3,eye_pupil__1__catboost__global__4__0.0__-0.3,eye_pupil__1__catboost__global,eye_pupil,1,catboost,global,4,0.0,-0.3,0.33934653220173994
2,3,eye_pupil__1__catboost__global__4__0.0__0.0,eye_pupil__1__catboost__global,eye_pupil,1,catboost,global,4,0.0,0.0,0.34137480177658974
2,3,eye_pupil__1__catboost__global__4__0.0__0.3,eye_pupil__1__catboost__global,eye_pupil,1,catboost,global,4,0.0,0.3,0.35073292763112557
2,3,eye_pupil__1__catboost__global__4__0.3__-0.3,eye_pupil__1__catboost__global,eye_pupil,1,catboost,global,4,0.3,-0.3,0.35447738279437585
2,3,eye_pupil__1__catboost__global__4__0.3__0.0,eye_pupil__1__catboost__global,eye_pupil,1,catboost,global,4,0.3,0.0,0.35796488318852315
2,3,eye_pupil__1__catboost__global__4__0.3__0.3,eye_pupil__1__catboost__global,eye_pupil,1,catboost,global,4,0.3,0.3,0.3579502106869339
2,3,eye_pupil__1__catboost__participant__1__-0.3__-0.3,eye_pupil__1__catboost__participant,eye_pupil,1,catboost,participant,1,-0.3,-0.3,0.3018277377094497
2,3,eye_pupil__1__catboost__participant__1__-0.3__0.0,eye_pupil__1__catboost__participant,eye_pupil,1,catboost,participant,1,-0.3,0.0,0.33118014657321787
2,3,eye_pupil__1__catboost__participant__1__-0.3__0.3,eye_pupil__1__catboost__participant,eye_pupil,1,catboost,participant,1,-0.3,0.3,0.35317803376373125
2,3,eye_pupil__1__catboost__participant__1__0.0__-0.3,eye_pupil__1__catboost__participant,eye_pupil,1,catboost,participant,1,0.0,-0.3,0.35689130542217795
2,3,eye_pupil__1__catboost__participant__1__0.0__0.0,eye_pupil__1__catboost__participant,eye_pupil,1,catboost,participant,1,0.0,0.0,0.35159284494106274
2,3,eye_pupil__1__catboost__participant__1__0.0__0.3,eye_pupil__1__catboost__participant,eye_pupil,1,catboost,participant,1,0.0,0.3,0.3534573901204775
2,3,eye_pupil__1__catboost__participant__1__0.3__-0.3,eye_pupil__1__catboost__participant,eye_pupil,1,catboost,participant,1,0.3,-0.3,0.3567399529391837
2,3,eye_pupil__1__catboost__participant__1__0.3__0.0,eye_pupil__1__catboost__participant,eye_pupil,1,catboost,participant,1,0.3,0.0,0.362803246830721
2,3,eye_pupil__1__catboost__participant__1__0.3__0.3,eye_pupil__1__catboost__participant,eye_pupil,1,catboost,participant,1,0.3,0.3,0.3613636799825974
2,3,eye_pupil__1__catboost__participant__4__-0.3__-0.3,eye_pupil__1__catboost__participant,eye_pupil,1,catboost,participant,4,-0.3,-0.3,0.2982028853291901
2,3,eye_pupil__1__catboost__participant__4__-0.3__0.0,eye_pupil__1__catboost__participant,eye_pupil,1,catboost,participant,4,-0.3,0.0,0.33679748599535636
2,3,eye_pupil__1__catboost__participant__4__-0.3__0.3,eye_pupil__1__catboost__participant,eye_pupil,1,catboost,participant,4,-0.3,0.3,0.35027235981491234
2,3,eye_pupil__1__catboost__participant__4__0.0__-0.3,eye_pupil__1__catboost__participant,eye_pupil,1,catboost,participant,4,0.0,-0.3,0.34947796043178364
2,3,eye_pupil__1__catboost__participant__4__0.0__0.0,eye_pupil__1__catboost__participant,eye_pupil,1,catboost,participant,4,0.0,0.0,0.34950597288659074
2,3,eye_pupil__1__catboost__participant__4__0.0__0.3,eye_pupil__1__catboost__participant,eye_pupil,1,catboost,participant,4,0.0,0.3,0.3519056735163994
2,3,eye_pupil__1__catboost__participant__4__0.3__-0.3,eye_pupil__1__catboost__participant,eye_pupil,1,catboost,participant,4,0.3,-0.3,0.35880817340914145
2,3,eye_pupil__1__catboost__participant__4__0.3__0.0,eye_pupil__1__catboost__participant,eye_pupil,1,catboost,participant,4,0.3,0.0,0.36436272967340505
2,3,eye_pupil__1__catboost__participant__4__0.3__0.3,eye_pupil__1__catboost__participant,eye_pupil,1,catboost,participant,4,0.3,0.3,0.3599556385497381
2,3,eye_pupil__8__logistic__global__1__-0.3__-0.3,eye_pupil__8__logistic__global,eye_pupil,8,logistic,global,1,-0.3,-0.3,0.3428542417215115
2,3,eye_pupil__8__logistic__global__1__-0.3__0.0,eye_pupil__8__logistic__global,eye_pupil,8,logistic,global,1,-0.3,0.0,0.3657838508953189
2,3,eye_pupil__8__logistic__global__1__-0.3__0.3,eye_pupil__8__logistic__global,eye_pupil,8,logistic,global,1,-0.3,0.3,0.3431640228363177
2,3,eye_pupil__8__logistic__global__1__0.0__-0.3,eye_pupil__8__logistic__global,eye_pupil,8,logistic,global,1,0.0,-0.3,0.3454012270312072
2,3,eye_pupil__8__logistic__global__1__0.0__0.0,eye_pupil__8__logistic__global,eye_pupil,8,logistic,global,1,0.0,0.0,0.38259149672602255
2,3,eye_pupil__8__logistic__global__1__0.0__0.3,eye_pupil__8__logistic__global,eye_pupil,8,logistic,global,1,0.0,0.3,0.36038996351357283
2,3,eye_pupil__8__logistic__global__1__0.3__-0.3,eye_pupil__8__logistic__global,eye_pupil,8,logistic,global,1,0.3,-0.3,0.35907530686731265
2,3,eye_pupil__8__logistic__global__1__0.3__0.0,eye_pupil__8__logistic__global,eye_pupil,8,logistic,global,1,0.3,0.0,0.36701643694499114
2,3,eye_pupil__8__logistic__global__1__0.3__0.3,eye_pupil__8__logistic__global,eye_pupil,8,logistic,global,1,0.3,0.3,0.3733774083631864
2,3,eye_pupil__8__logistic__global__4__-0.3__-0.3,eye_pupil__8__logistic__global,eye_pupil,8,logistic,global,4,-0.3,-0.3,0.339174219367121
2,3,eye_pupil__8__logistic__global__4__-0.3__0.0,eye_pupil__8__logistic__global,eye_pupil,8,logistic,global,4,-0.3,0.0,0.37497060552690215
2,3,eye_pupil__8__logistic__global__4__-0.3__0.3,eye_pupil__8__logistic__global,eye_pupil,8,logistic,global,4,-0.3,0.3,0.3346478861889559
2,3,eye_pupil__8__logistic__global__4__0.0__-0.3,eye_pupil__8__logistic__global,eye_pupil,8,logistic,global,4,0.0,-0.3,0.3402551424232394
2,3,eye_pupil__8__logistic__global__4__0.0__0.0,eye_pupil__8__logistic__global,eye_pupil,8,logistic,global,4,0.0,0.0,0.3875781625697563
2,3,eye_pupil__8__logistic__global__4__0.0__0.3,eye_pupil__8__logistic__global,eye_pupil,8,logistic,global,4,0.0,0.3,0.35029005889750664
2,3,eye_pupil__8__logistic__global__4__0.3__-0.3,eye_pupil__8__logistic__global,eye_pupil,8,logistic,global,4,0.3,-0.3,0.35419894714589023
2,3,eye_pupil__8__logistic__global__4__0.3__0.0,eye_pupil__8__logistic__global,eye_pupil,8,logistic,global,4,0.3,0.0,0.3777435730200852
2,3,eye_pupil__8__logistic__global__4__0.3__0.3,eye_pupil__8__logistic__global,eye_pupil,8,logistic,global,4,0.3,0.3,0.3773340845616265
2,3,eye_pupil__8__logistic__participant__1__-0.3__-0.3,eye_pupil__8__logistic__participant,eye_pupil,8,logistic,participant,1,-0.3,-0.3,0.3587417660735133
2,3,eye_pupil__8__logistic__participant__1__-0.3__0.0,eye_pupil__8__logistic__participant,eye_pupil,8,logistic,participant,1,-0.3,0.0,0.364708002114781
2,3,eye_pupil__8__logistic__participant__1__-0.3__0.3,eye_pupil__8__logistic__participant,eye_pupil,8,logistic,participant,1,-0.3,0.3,0.3499193175785592
2,3,eye_pupil__8__logistic__participant__1__0.0__-0.3,eye_pupil__8__logistic__participant,eye_pupil,8,logistic,participant,1,0.0,-0.3,0.360498638346444
2,3,eye_pupil__8__logistic__participant__1__0.0__0.0,eye_pupil__8__logistic__participant,eye_pupil,8,logistic,participant,1,0.0,0.0,0.38284826839296854
2,3,eye_pupil__8__logistic__participant__1__0.0__0.3,eye_pupil__8__logistic__participant,eye_pupil,8,logistic,participant,1,0.0,0.3,0.37152712429592294
2,3,eye_pupil__8__logistic__participant__1__0.3__-0.3,eye_pupil__8__logistic__participant,eye_pupil,8,logistic,participant,1,0.3,-0.3,0.3705201135825863
2,3,eye_pupil__8__logistic__participant__1__0.3__0.0,eye_pupil__8__logistic__participant,eye_pupil,8,logistic,participant,1,0.3,0.0,0.36550704548439283
2,3,eye_pupil__8__logistic__participant__1__0.3__0.3,eye_pupil__8__logistic__participant,eye_pupil,8,logistic,participant,1,0.3,0.3,0.38847792548344706
2,3,eye_pupil__8__logistic__participant__4__-0.3__-0.3,eye_pupil__8__logistic__participant,eye_pupil,8,logistic,participant,4,-0.3,-0.3,0.3572705256776305
2,3,eye_pupil__8__logistic__participant__4__-0.3__0.0,eye_pupil__8__logistic__participant,eye_pupil,8,logistic,participant,4,-0.3,0.0,0.37707799908065276
2,3,eye_pupil__8__logistic__participant__4__-0.3__0.3,eye_pupil__8__logistic__participant,eye_pupil,8,logistic,participant,4,-0.3,0.3,0.3379134180383589
2,3,eye_pupil__8__logistic__participant__4__0.0__-0.3,eye_pupil__8__logistic__participant,eye_pupil,8,logistic,participant,4,0.0,-0.3,0.3596919542691054
2,3,eye_pupil__8__logistic__participant__4__0.0__0.0,eye_pupil__8__logistic__participant,eye_pupil,8,logistic,participant,4,0.0,0.0,0.3917830562680525
2,3,eye_pupil__8__logistic__participant__4__0.0__0.3,eye_pupil__8__logistic__participant,eye_pupil,8,logistic,participant,4,0.0,0.3,0.3633424988049725
2,3,eye_pupil__8__logistic__participant__4__0.3__-0.3,eye_pupil__8__logistic__participant,eye_pupil,8,logistic,participant,4,0.3,-0.3,0.3644453423973018
2,3,eye_pupil__8__logistic__participant__4__0.3__0.0,eye_pupil__8__logistic__participant,eye_pupil,8,logistic,participant,4,0.3,0.0,0.371716116735435
2,3,eye_pupil__8__logistic__participant__4__0.3__0.3,eye_pupil__8__logistic__participant,eye_pupil,8,logistic,participant,4,0.3,0.3,0.3909519670920515
2,3,eye_pupil__8__ordinal__global__1__-0.3__-0.3,eye_pupil__8__ordinal__global,eye_pupil,8,ordinal,global,1,-0.3,-0.3,0.34129097291693367
2,3,eye_pupil__8__ordinal__global__1__-0.3__0.0,eye_pupil__8__ordinal__global,eye_pupil,8,ordinal,global,1,-0.3,0.0,0.35976080554217843
2,3,eye_pupil__8__ordinal__global__1__-0.3__0.3,eye_pupil__8__ordinal__global,eye_pupil,8,ordinal,global,1,-0.3,0.3,0.344140539911025
2,3,eye_pupil__8__ordinal__global__1__0.0__-0.3,eye_pupil__8__ordinal__global,eye_pupil,8,ordinal,global,1,0.0,-0.3,0.34829654114224873
2,3,eye_pupil__8__ordinal__global__1__0.0__0.0,eye_pupil__8__ordinal__global,eye_pupil,8,ordinal,global,1,0.0,0.0,0.379654567732576
2,3,eye_pupil__8__ordinal__global__1__0.0__0.3,eye_pupil__8__ordinal__global,eye_pupil,8,ordinal,global,1,0.0,0.3,0.36586663996768154
2,3,eye_pupil__8__ordinal__global__1__0.3__-0.3,eye_pupil__8__ordinal__global,eye_pupil,8,ordinal,global,1,0.3,-0.3,0.3582779169438108
2,3,eye_pupil__8__ordinal__global__1__0.3__0.0,eye_pupil__8__ordinal__global,eye_pupil,8,ordinal,global,1,0.3,0.0,0.36871928402936693
2,3,eye_pupil__8__ordinal__global__1__0.3__0.3,eye_pupil__8__ordinal__global,eye_pupil,8,ordinal,global,1,0.3,0.3,0.38418182438290455
2,3,eye_pupil__8__ordinal__global__4__-0.3__-0.3,eye_pupil__8__ordinal__global,eye_pupil,8,ordinal,global,4,-0.3,-0.3,0.33858089790747914
2,3,eye_pupil__8__ordinal__global__4__-0.3__0.0,eye_pupil__8__ordinal__global,eye_pupil,8,ordinal,global,4,-0.3,0.0,0.3747237803119403
2,3,eye_pupil__8__ordinal__global__4__-0.3__0.3,eye_pupil__8__ordinal__global,eye_pupil,8,ordinal,global,4,-0.3,0.3,0.33669656611262216
2,3,eye_pupil__8__ordinal__global__4__0.0__-0.3,eye_pupil__8__ordinal__global,eye_pupil,8,ordinal,global,4,0.0,-0.3,0.34309020989946476
2,3,eye_pupil__8__ordinal__global__4__0.0__0.0,eye_pupil__8__ordinal__global,eye_pupil,8,ordinal,global,4,0.0,0.0,0.38862682419222994
2,3,eye_pupil__8__ordinal__global__4__0.0__0.3,eye_pupil__8__ordinal__global,eye_pupil,8,ordinal,global,4,0.0,0.3,0.3535644560540557
2,3,eye_pupil__8__ordinal__global__4__0.3__-0.3,eye_pupil__8__ordinal__global,eye_pupil,8,ordinal,global,4,0.3,-0.3,0.3544531896771472
2,3,eye_pupil__8__ordinal__global__4__0.3__0.0,eye_pupil__8__ordinal__global,eye_pupil,8,ordinal,global,4,0.3,0.0,0.38130788119727455
2,3,eye_pupil__8__ordinal__global__4__0.3__0.3,eye_pupil__8__ordinal__global,eye_pupil,8,ordinal,global,4,0.3,0.3,0.3845333895370473
2,3,eye_pupil__8__ordinal__participant__1__-0.3__-0.3,eye_pupil__8__ordinal__participant,eye_pupil,8,ordinal,participant,1,-0.3,-0.3,0.3595145048579498
2,3,eye_pupil__8__ordinal__participant__1__-0.3__0.0,eye_pupil__8__ordinal__participant,eye_pupil,8,ordinal,participant,1,-0.3,0.0,0.36832922019492953
2,3,eye_pupil__8__ordinal__participant__1__-0.3__0.3,eye_pupil__8__ordinal__participant,eye_pupil,8,ordinal,participant,1,-0.3,0.3,0.35085144282572084
2,3,eye_pupil__8__ordinal__participant__1__0.0__-0.3,eye_pupil__8__ordinal__participant,eye_pupil,8,ordinal,participant,1,0.0,-0.3,0.3565831114656469
2,3,eye_pupil__8__ordinal__participant__1__0.0__0.0,eye_pupil__8__ordinal__participant,eye_pupil,8,ordinal,participant,1,0.0,0.0,0.3871412992961807
2,3,eye_pupil__8__ordinal__participant__1__0.0__0.3,eye_pupil__8__ordinal__participant,eye_pupil,8,ordinal,participant,1,0.0,0.3,0.37425575931309735
2,3,eye_pupil__8__ordinal__participant__1__0.3__-0.3,eye_pupil__8__ordinal__participant,eye_pupil,8,ordinal,participant,1,0.3,-0.3,0.3697919841678544
2,3,eye_pupil__8__ordinal__participant__1__0.3__0.0,eye_pupil__8__ordinal__participant,eye_pupil,8,ordinal,participant,1,0.3,0.0,0.36863367996907265
2,3,eye_pupil__8__ordinal__participant__1__0.3__0.3,eye_pupil__8__ordinal__participant,eye_pupil,8,ordinal,participant,1,0.3,0.3,0.39262873109802954
2,3,eye_pupil__8__ordinal__participant__4__-0.3__-0.3,eye_pupil__8__ordinal__participant,eye_pupil,8,ordinal,participant,4,-0.3,-0.3,0.3545476480807737
2,3,eye_pupil__8__ordinal__participant__4__-0.3__0.0,eye_pupil__8__ordinal__participant,eye_pupil,8,ordinal,participant,4,-0.3,0.0,0.3690688577483669
2,3,eye_pupil__8__ordinal__participant__4__-0.3__0.3,eye_pupil__8__ordinal__participant,eye_pupil,8,ordinal,participant,4,-0.3,0.3,0.3398826959873446
2,3,eye_pupil__8__ordinal__participant__4__0.0__-0.3,eye_pupil__8__ordinal__participant,eye_pupil,8,ordinal,participant,4,0.0,-0.3,0.35454806926809324
2,3,eye_pupil__8__ordinal__participant__4__0.0__0.0,eye_pupil__8__ordinal__participant,eye_pupil,8,ordinal,participant,4,0.0,0.0,0.3911017593546933
2,3,eye_pupil__8__ordinal__participant__4__0.0__0.3,eye_pupil__8__ordinal__participant,eye_pupil,8,ordinal,participant,4,0.0,0.3,0.36432109746754887
2,3,eye_pupil__8__ordinal__participant__4__0.3__-0.3,eye_pupil__8__ordinal__participant,eye_pupil,8,ordinal,participant,4,0.3,-0.3,0.36232537839958956
2,3,eye_pupil__8__ordinal__participant__4__0.3__0.0,eye_pupil__8__ordinal__participant,eye_pupil,8,ordinal,participant,4,0.3,0.0,0.370222923320135
2,3,eye_pupil__8__ordinal__participant__4__0.3__0.3,eye_pupil__8__ordinal__participant,eye_pupil,8,ordinal,participant,4,0.3,0.3,0.39630531421387843
2,3,eye_pupil__8__catboost__global__1__-0.3__-0.3,eye_pupil__8__catboost__global,eye_pupil,8,catboost,global,1,-0.3,-0.3,0.30811002272770627
2,3,eye_pupil__8__catboost__global__1__-0.3__0.0,eye_pupil__8__catboost__global,eye_pupil,8,catboost,global,1,-0.3,0.0,0.31902737455075264
2,3,eye_pupil__8__catboost__global__1__-0.3__0.3,eye_pupil__8__catboost__global,eye_pupil,8,catboost,global,1,-0.3,0.3,0.3312978515916746
2,3,eye_pupil__8__catboost__global__1__0.0__-0.3,eye_pupil__8__catboost__global,eye_pupil,8,catboost,global,1,0.0,-0.3,0.3269308073598967
2,3,eye_pupil__8__catboost__global__1__0.0__0.0,eye_pupil__8__catboost__global,eye_pupil,8,catboost,global,1,0.0,0.0,0.3356761815235458
2,3,eye_pupil__8__catboost__global__1__0.0__0.3,eye_pupil__8__catboost__global,eye_pupil,8,catboost,global,1,0.0,0.3,0.3423197841382853
2,3,eye_pupil__8__catboost__global__1__0.3__-0.3,eye_pupil__8__catboost__global,eye_pupil,8,catboost,global,1,0.3,-0.3,0.3572791037944528
2,3,eye_pupil__8__catboost__global__1__0.3__0.0,eye_pupil__8__catboost__global,eye_pupil,8,catboost,global,1,0.3,0.0,0.35679649534527375
2,3,eye_pupil__8__catboost__global__1__0.3__0.3,eye_pupil__8__catboost__global,eye_pupil,8,catboost,global,1,0.3,0.3,0.3616750680923739
2,3,eye_pupil__8__catboost__global__4__-0.3__-0.3,eye_pupil__8__catboost__global,eye_pupil,8,catboost,global,4,-0.3,-0.3,0.30508028362577316
2,3,eye_pupil__8__catboost__global__4__-0.3__0.0,eye_pupil__8__catboost__global,eye_pupil,8,catboost,global,4,-0.3,0.0,0.32161070348838283
2,3,eye_pupil__8__catboost__global__4__-0.3__0.3,eye_pupil__8__catboost__global,eye_pupil,8,catboost,global,4,-0.3,0.3,0.3346387146393142
2,3,eye_pupil__8__catboost__global__4__0.0__-0.3,eye_pupil__8__catboost__global,eye_pupil,8,catboost,global,4,0.0,-0.3,0.33034950311087047
2,3,eye_pupil__8__catboost__global__4__0.0__0.0,eye_pupil__8__catboost__global,eye_pupil,8,catboost,global,4,0.0,0.0,0.3480409195930749
2,3,eye_pupil__8__catboost__global__4__0.0__0.3,eye_pupil__8__catboost__global,eye_pupil,8,catboost,global,4,0.0,0.3,0.3504271309811993
2,3,eye_pupil__8__catboost__global__4__0.3__-0.3,eye_pupil__8__catboost__global,eye_pupil,8,catboost,global,4,0.3,-0.3,0.35486956612258896
2,3,eye_pupil__8__catboost__global__4__0.3__0.0,eye_pupil__8__catboost__global,eye_pupil,8,catboost,global,4,0.3,0.0,0.36157742860962333
2,3,eye_pupil__8__catboost__global__4__0.3__0.3,eye_pupil__8__catboost__global,eye_pupil,8,catboost,global,4,0.3,0.3,0.3739199173031919
2,3,eye_pupil__8__catboost__participant__1__-0.3__-0.3,eye_pupil__8__catboost__participant,eye_pupil,8,catboost,participant,1,-0.3,-0.3,0.3206897439212054
2,3,eye_pupil__8__catboost__participant__1__-0.3__0.0,eye_pupil__8__catboost__participant,eye_pupil,8,catboost,participant,1,-0.3,0.0,0.31893981538834937
2,3,eye_pupil__8__catboost__participant__1__-0.3__0.3,eye_pupil__8__catboost__participant,eye_pupil,8,catboost,participant,1,-0.3,0.3,0.3484384934734294
2,3,eye_pupil__8__catboost__participant__1__0.0__-0.3,eye_pupil__8__catboost__participant,eye_pupil,8,catboost,participant,1,0.0,-0.3,0.34576215592216303
2,3,eye_pupil__8__catboost__participant__1__0.0__0.0,eye_pupil__8__catboost__participant,eye_pupil,8,catboost,participant,1,0.0,0.0,0.3534560466525394
2,3,eye_pupil__8__catboost__participant__1__0.0__0.3,eye_pupil__8__catboost__participant,eye_pupil,8,catboost,participant,1,0.0,0.3,0.3605578838275026
2,3,eye_pupil__8__catboost__participant__1__0.3__-0.3,eye_pupil__8__catboost__participant,eye_pupil,8,catboost,participant,1,0.3,-0.3,0.36357728167462766
2,3,eye_pupil__8__catboost__participant__1__0.3__0.0,eye_pupil__8__catboost__participant,eye_pupil,8,catboost,participant,1,0.3,0.0,0.36562729839129515
2,3,eye_pupil__8__catboost__participant__1__0.3__0.3,eye_pupil__8__catboost__participant,eye_pupil,8,catboost,participant,1,0.3,0.3,0.3799345878064371
2,3,eye_pupil__8__catboost__participant__4__-0.3__-0.3,eye_pupil__8__catboost__participant,eye_pupil,8,catboost,participant,4,-0.3,-0.3,0.314937083369357
2,3,eye_pupil__8__catboost__participant__4__-0.3__0.0,eye_pupil__8__catboost__participant,eye_pupil,8,catboost,participant,4,-0.3,0.0,0.32770038699176846
2,3,eye_pupil__8__catboost__participant__4__-0.3__0.3,eye_pupil__8__catboost__participant,eye_pupil,8,catboost,participant,4,-0.3,0.3,0.3480937668130083
2,3,eye_pupil__8__catboost__participant__4__0.0__-0.3,eye_pupil__8__catboost__participant,eye_pupil,8,catboost,participant,4,0.0,-0.3,0.3410946183136157
2,3,eye_pupil__8__catboost__participant__4__0.0__0.0,eye_pupil__8__catboost__participant,eye_pupil,8,catboost,participant,4,0.0,0.0,0.35679148015728246
2,3,eye_pupil__8__catboost__participant__4__0.0__0.3,eye_pupil__8__catboost__participant,eye_pupil,8,catboost,participant,4,0.0,0.3,0.3660835349931424
2,3,eye_pupil__8__catboost__participant__4__0.3__-0.3,eye_pupil__8__catboost__participant,eye_pupil,8,catboost,participant,4,0.3,-0.3,0.3614990747370982
2,3,eye_pupil__8__catboost__participant__4__0.3__0.0,eye_pupil__8__catboost__participant,eye_pupil,8,catboost,participant,4,0.3,0.0,0.3711891336214719
2,3,eye_pupil__8__catboost__participant__4__0.3__0.3,eye_pupil__8__catboost__participant,eye_pupil,8,catboost,participant,4,0.3,0.3,0.3860112341123487
2,3,full__1__logistic__global__1__-0.3__-0.3,full__1__logistic__global,full,1,logistic,global,1,-0.3,-0.3,0.3117089962067494
2,3,full__1__logistic__global__1__-0.3__0.0,full__1__logistic__global,full,1,logistic,global,1,-0.3,0.0,0.33969551300605216
2,3,full__1__logistic__global__1__-0.3__0.3,full__1__logistic__global,full,1,logistic,global,1,-0.3,0.3,0.35915431414046367
2,3,full__1__logistic__global__1__0.0__-0.3,full__1__logistic__global,full,1,logistic,global,1,0.0,-0.3,0.34273949645421126
2,3,full__1__logistic__global__1__0.0__0.0,full__1__logistic__global,full,1,logistic,global,1,0.0,0.0,0.3510892521154912
2,3,full__1__logistic__global__1__0.0__0.3,full__1__logistic__global,full,1,logistic,global,1,0.0,0.3,0.36845387483975145
2,3,full__1__logistic__global__1__0.3__-0.3,full__1__logistic__global,full,1,logistic,global,1,0.3,-0.3,0.3628007881880131
2,3,full__1__logistic__global__1__0.3__0.0,full__1__logistic__global,full,1,logistic,global,1,0.3,0.0,0.36823910775939483
2,3,full__1__logistic__global__1__0.3__0.3,full__1__logistic__global,full,1,logistic,global,1,0.3,0.3,0.37942249607096734
2,3,full__1__logistic__global__4__-0.3__-0.3,full__1__logistic__global,full,1,logistic,global,4,-0.3,-0.3,0.3106889294843707
2,3,full__1__logistic__global__4__-0.3__0.0,full__1__logistic__global,full,1,logistic,global,4,-0.3,0.0,0.32740315235486966
2,3,full__1__logistic__global__4__-0.3__0.3,full__1__logistic__global,full,1,logistic,global,4,-0.3,0.3,0.354285821394269
2,3,full__1__logistic__global__4__0.0__-0.3,full__1__logistic__global,full,1,logistic,global,4,0.0,-0.3,0.34410541702174
2,3,full__1__logistic__global__4__0.0__0.0,full__1__logistic__global,full,1,logistic,global,4,0.0,0.0,0.3627770475839817
2,3,full__1__logistic__global__4__0.0__0.3,full__1__logistic__global,full,1,logistic,global,4,0.0,0.3,0.3693195536438253
2,3,full__1__logistic__global__4__0.3__-0.3,full__1__logistic__global,full,1,logistic,global,4,0.3,-0.3,0.3644814941918646
2,3,full__1__logistic__global__4__0.3__0.0,full__1__logistic__global,full,1,logistic,global,4,0.3,0.0,0.36988315069950395
2,3,full__1__logistic__global__4__0.3__0.3,full__1__logistic__global,full,1,logistic,global,4,0.3,0.3,0.39544529036148623
2,3,full__1__logistic__participant__1__-0.3__-0.3,full__1__logistic__participant,full,1,logistic,participant,1,-0.3,-0.3,0.32275318523887764
2,3,full__1__logistic__participant__1__-0.3__0.0,full__1__logistic__participant,full,1,logistic,participant,1,-0.3,0.0,0.34030996408957803
2,3,full__1__logistic__participant__1__-0.3__0.3,full__1__logistic__participant,full,1,logistic,participant,1,-0.3,0.3,0.3622336414699431
2,3,full__1__logistic__participant__1__0.0__-0.3,full__1__logistic__participant,full,1,logistic,participant,1,0.0,-0.3,0.35985208904807825
2,3,full__1__logistic__participant__1__0.0__0.0,full__1__logistic__participant,full,1,logistic,participant,1,0.0,0.0,0.36711146820858515
2,3,full__1__logistic__participant__1__0.0__0.3,full__1__logistic__participant,full,1,logistic,participant,1,0.0,0.3,0.3697677850778575
2,3,full__1__logistic__participant__1__0.3__-0.3,full__1__logistic__participant,full,1,logistic,participant,1,0.3,-0.3,0.3650491766502933
2,3,full__1__logistic__participant__1__0.3__0.0,full__1__logistic__participant,full,1,logistic,participant,1,0.3,0.0,0.37379232967899445
2,3,full__1__logistic__participant__1__0.3__0.3,full__1__logistic__participant,full,1,logistic,participant,1,0.3,0.3,0.3790507396403863
2,3,full__1__logistic__participant__4__-0.3__-0.3,full__1__logistic__participant,full,1,logistic,participant,4,-0.3,-0.3,0.3265217083600153
2,3,full__1__logistic__participant__4__-0.3__0.0,full__1__logistic__participant,full,1,logistic,participant,4,-0.3,0.0,0.3486315758104912
2,3,full__1__logistic__participant__4__-0.3__0.3,full__1__logistic__participant,full,1,logistic,participant,4,-0.3,0.3,0.36198461875875027
2,3,full__1__logistic__participant__4__0.0__-0.3,full__1__logistic__participant,full,1,logistic,participant,4,0.0,-0.3,0.3611509572667749
2,3,full__1__logistic__participant__4__0.0__0.0,full__1__logistic__participant,full,1,logistic,participant,4,0.0,0.0,0.3856305599685256
2,3,full__1__logistic__participant__4__0.0__0.3,full__1__logistic__participant,full,1,logistic,participant,4,0.0,0.3,0.3759723294597651
2,3,full__1__logistic__participant__4__0.3__-0.3,full__1__logistic__participant,full,1,logistic,participant,4,0.3,-0.3,0.3621674152841904
2,3,full__1__logistic__participant__4__0.3__0.0,full__1__logistic__participant,full,1,logistic,participant,4,0.3,0.0,0.366306620890173
2,3,full__1__logistic__participant__4__0.3__0.3,full__1__logistic__participant,full,1,logistic,participant,4,0.3,0.3,0.39695295136109887
2,3,full__1__ordinal__global__1__-0.3__-0.3,full__1__ordinal__global,full,1,ordinal,global,1,-0.3,-0.3,0.31042951138645636
2,3,full__1__ordinal__global__1__-0.3__0.0,full__1__ordinal__global,full,1,ordinal,global,1,-0.3,0.0,0.34040540658530594
2,3,full__1__ordinal__global__1__-0.3__0.3,full__1__ordinal__global,full,1,ordinal,global,1,-0.3,0.3,0.35918643839266234
2,3,full__1__ordinal__global__1__0.0__-0.3,full__1__ordinal__global,full,1,ordinal,global,1,0.0,-0.3,0.33712190400442804
2,3,full__1__ordinal__global__1__0.0__0.0,full__1__ordinal__global,full,1,ordinal,global,1,0.0,0.0,0.35312052204637784
2,3,full__1__ordinal__global__1__0.0__0.3,full__1__ordinal__global,full,1,ordinal,global,1,0.0,0.3,0.3684612499913547
2,3,full__1__ordinal__global__1__0.3__-0.3,full__1__ordinal__global,full,1,ordinal,global,1,0.3,-0.3,0.3621697491566018
2,3,full__1__ordinal__global__1__0.3__0.0,full__1__ordinal__global,full,1,ordinal,global,1,0.3,0.0,0.36830143098723134
2,3,full__1__ordinal__global__1__0.3__0.3,full__1__ordinal__global,full,1,ordinal,global,1,0.3,0.3,0.3760486644102988
2,3,full__1__ordinal__global__4__-0.3__-0.3,full__1__ordinal__global,full,1,ordinal,global,4,-0.3,-0.3,0.30632765050849303
2,3,full__1__ordinal__global__4__-0.3__0.0,full__1__ordinal__global,full,1,ordinal,global,4,-0.3,0.0,0.32477365349030174
2,3,full__1__ordinal__global__4__-0.3__0.3,full__1__ordinal__global,full,1,ordinal,global,4,-0.3,0.3,0.3543105533461398
2,3,full__1__ordinal__global__4__0.0__-0.3,full__1__ordinal__global,full,1,ordinal,global,4,0.0,-0.3,0.3400907081927305
2,3,full__1__ordinal__global__4__0.0__0.0,full__1__ordinal__global,full,1,ordinal,global,4,0.0,0.0,0.35798021598353297
2,3,full__1__ordinal__global__4__0.0__0.3,full__1__ordinal__global,full,1,ordinal,global,4,0.0,0.3,0.3682356120334143
2,3,full__1__ordinal__global__4__0.3__-0.3,full__1__ordinal__global,full,1,ordinal,global,4,0.3,-0.3,0.36365509015728703
2,3,full__1__ordinal__global__4__0.3__0.0,full__1__ordinal__global,full,1,ordinal,global,4,0.3,0.0,0.36854369011838095
2,3,full__1__ordinal__global__4__0.3__0.3,full__1__ordinal__global,full,1,ordinal,global,4,0.3,0.3,0.39136107153540123
2,3,full__1__ordinal__participant__1__-0.3__-0.3,full__1__ordinal__participant,full,1,ordinal,participant,1,-0.3,-0.3,0.3183512388496604
2,3,full__1__ordinal__participant__1__-0.3__0.0,full__1__ordinal__participant,full,1,ordinal,participant,1,-0.3,0.0,0.3399617055361984
2,3,full__1__ordinal__participant__1__-0.3__0.3,full__1__ordinal__participant,full,1,ordinal,participant,1,-0.3,0.3,0.3627739830097659
2,3,full__1__ordinal__participant__1__0.0__-0.3,full__1__ordinal__participant,full,1,ordinal,participant,1,0.0,-0.3,0.35342762195626626
2,3,full__1__ordinal__participant__1__0.0__0.0,full__1__ordinal__participant,full,1,ordinal,participant,1,0.0,0.0,0.3678403552427028
2,3,full__1__ordinal__participant__1__0.0__0.3,full__1__ordinal__participant,full,1,ordinal,participant,1,0.0,0.3,0.370326793698868
2,3,full__1__ordinal__participant__1__0.3__-0.3,full__1__ordinal__participant,full,1,ordinal,participant,1,0.3,-0.3,0.36429653629974534
2,3,full__1__ordinal__participant__1__0.3__0.0,full__1__ordinal__participant,full,1,ordinal,participant,1,0.3,0.0,0.37553853790058533
2,3,full__1__ordinal__participant__1__0.3__0.3,full__1__ordinal__participant,full,1,ordinal,participant,1,0.3,0.3,0.377119419935771
2,3,full__1__ordinal__participant__4__-0.3__-0.3,full__1__ordinal__participant,full,1,ordinal,participant,4,-0.3,-0.3,0.32938757977959976
2,3,full__1__ordinal__participant__4__-0.3__0.0,full__1__ordinal__participant,full,1,ordinal,participant,4,-0.3,0.0,0.3486277660317762
2,3,full__1__ordinal__participant__4__-0.3__0.3,full__1__ordinal__participant,full,1,ordinal,participant,4,-0.3,0.3,0.3613849767883403
2,3,full__1__ordinal__participant__4__0.0__-0.3,full__1__ordinal__participant,full,1,ordinal,participant,4,0.0,-0.3,0.35635104844263615
2,3,full__1__ordinal__participant__4__0.0__0.0,full__1__ordinal__participant,full,1,ordinal,participant,4,0.0,0.0,0.38506633045537897
2,3,full__1__ordinal__participant__4__0.0__0.3,full__1__ordinal__participant,full,1,ordinal,participant,4,0.0,0.3,0.376252009566834
2,3,full__1__ordinal__participant__4__0.3__-0.3,full__1__ordinal__participant,full,1,ordinal,participant,4,0.3,-0.3,0.3621998894276684
2,3,full__1__ordinal__participant__4__0.3__0.0,full__1__ordinal__participant,full,1,ordinal,participant,4,0.3,0.0,0.36727315964517165
2,3,full__1__ordinal__participant__4__0.3__0.3,full__1__ordinal__participant,full,1,ordinal,participant,4,0.3,0.3,0.3972501448134558
2,3,full__1__catboost__global__1__-0.3__-0.3,full__1__catboost__global,full,1,catboost,global,1,-0.3,-0.3,0.30159222707170874
2,3,full__1__catboost__global__1__-0.3__0.0,full__1__catboost__global,full,1,catboost,global,1,-0.3,0.0,0.3363940217398667
2,3,full__1__catboost__global__1__-0.3__0.3,full__1__catboost__global,full,1,catboost,global,1,-0.3,0.3,0.3441534682512189
2,3,full__1__catboost__global__1__0.0__-0.3,full__1__catboost__global,full,1,catboost,global,1,0.0,-0.3,0.3413964767882673
2,3,full__1__catboost__global__1__0.0__0.0,full__1__catboost__global,full,1,catboost,global,1,0.0,0.0,0.3531088556133245
2,3,full__1__catboost__global__1__0.0__0.3,full__1__catboost__global,full,1,catboost,global,1,0.0,0.3,0.3455283454811334
2,3,full__1__catboost__global__1__0.3__-0.3,full__1__catboost__global,full,1,catboost,global,1,0.3,-0.3,0.36902777661801367
2,3,full__1__catboost__global__1__0.3__0.0,full__1__catboost__global,full,1,catboost,global,1,0.3,0.0,0.35999386841861974
2,3,full__1__catboost__global__1__0.3__0.3,full__1__catboost__global,full,1,catboost,global,1,0.3,0.3,0.3617119361631831
2,3,full__1__catboost__global__4__-0.3__-0.3,full__1__catboost__global,full,1,catboost,global,4,-0.3,-0.3,0.3013733801633419
2,3,full__1__catboost__global__4__-0.3__0.0,full__1__catboost__global,full,1,catboost,global,4,-0.3,0.0,0.32948547336218953
2,3,full__1__catboost__global__4__-0.3__0.3,full__1__catboost__global,full,1,catboost,global,4,-0.3,0.3,0.3425505288570011
2,3,full__1__catboost__global__4__0.0__-0.3,full__1__catboost__global,full,1,catboost,global,4,0.0,-0.3,0.34755539346568964
2,3,full__1__catboost__global__4__0.0__0.0,full__1__catboost__global,full,1,catboost,global,4,0.0,0.0,0.34525945004111963
2,3,full__1__catboost__global__4__0.0__0.3,full__1__catboost__global,full,1,catboost,global,4,0.0,0.3,0.34712499447961204
2,3,full__1__catboost__global__4__0.3__-0.3,full__1__catboost__global,full,1,catboost,global,4,0.3,-0.3,0.3586426164078844
2,3,full__1__catboost__global__4__0.3__0.0,full__1__catboost__global,full,1,catboost,global,4,0.3,0.0,0.3691678589358689
2,3,full__1__catboost__global__4__0.3__0.3,full__1__catboost__global,full,1,catboost,global,4,0.3,0.3,0.36168248032806644
2,3,full__1__catboost__participant__1__-0.3__-0.3,full__1__catboost__participant,full,1,catboost,participant,1,-0.3,-0.3,0.32380785253963346
2,3,full__1__catboost__participant__1__-0.3__0.0,full__1__catboost__participant,full,1,catboost,participant,1,-0.3,0.0,0.33863613481578086
2,3,full__1__catboost__participant__1__-0.3__0.3,full__1__catboost__participant,full,1,catboost,participant,1,-0.3,0.3,0.3518320114903707
2,3,full__1__catboost__participant__1__0.0__-0.3,full__1__catboost__participant,full,1,catboost,participant,1,0.0,-0.3,0.36832665184470614
2,3,full__1__catboost__participant__1__0.0__0.0,full__1__catboost__participant,full,1,catboost,participant,1,0.0,0.0,0.3627102922060892
2,3,full__1__catboost__participant__1__0.0__0.3,full__1__catboost__participant,full,1,catboost,participant,1,0.0,0.3,0.35685136967348013
2,3,full__1__catboost__participant__1__0.3__-0.3,full__1__catboost__participant,full,1,catboost,participant,1,0.3,-0.3,0.36689130058602937
2,3,full__1__catboost__participant__1__0.3__0.0,full__1__catboost__participant,full,1,catboost,participant,1,0.3,0.0,0.36455761520074903
2,3,full__1__catboost__participant__1__0.3__0.3,full__1__catboost__participant,full,1,catboost,participant,1,0.3,0.3,0.37470474542325816
2,3,full__1__catboost__participant__4__-0.3__-0.3,full__1__catboost__participant,full,1,catboost,participant,4,-0.3,-0.3,0.32115764741343583
2,3,full__1__catboost__participant__4__-0.3__0.0,full__1__catboost__participant,full,1,catboost,participant,4,-0.3,0.0,0.3401577556016752
2,3,full__1__catboost__participant__4__-0.3__0.3,full__1__catboost__participant,full,1,catboost,participant,4,-0.3,0.3,0.3499946839293178
2,3,full__1__catboost__participant__4__0.0__-0.3,full__1__catboost__participant,full,1,catboost,participant,4,0.0,-0.3,0.37075897868086716
2,3,full__1__catboost__participant__4__0.0__0.0,full__1__catboost__participant,full,1,catboost,participant,4,0.0,0.0,0.3604096577918623
2,3,full__1__catboost__participant__4__0.0__0.3,full__1__catboost__participant,full,1,catboost,participant,4,0.0,0.3,0.35392839311918023
2,3,full__1__catboost__participant__4__0.3__-0.3,full__1__catboost__participant,full,1,catboost,participant,4,0.3,-0.3,0.3596910904438722
2,3,full__1__catboost__participant__4__0.3__0.0,full__1__catboost__participant,full,1,catboost,participant,4,0.3,0.0,0.36678302324568746
2,3,full__1__catboost__participant__4__0.3__0.3,full__1__catboost__participant,full,1,catboost,participant,4,0.3,0.3,0.37462614870921634
2,3,full__8__logistic__global__1__-0.3__-0.3,full__8__logistic__global,full,8,logistic,global,1,-0.3,-0.3,0.35919377346687165
2,3,full__8__logistic__global__1__-0.3__0.0,full__8__logistic__global,full,8,logistic,global,1,-0.3,0.0,0.3761112045887753
2,3,full__8__logistic__global__1__-0.3__0.3,full__8__logistic__global,full,8,logistic,global,1,-0.3,0.3,0.3860664718794418
2,3,full__8__logistic__global__1__0.0__-0.3,full__8__logistic__global,full,8,logistic,global,1,0.0,-0.3,0.3619979486920266
2,3,full__8__logistic__global__1__0.0__0.0,full__8__logistic__global,full,8,logistic,global,1,0.0,0.0,0.3847976001478732
2,3,full__8__logistic__global__1__0.0__0.3,full__8__logistic__global,full,8,logistic,global,1,0.0,0.3,0.3989052401313922
2,3,full__8__logistic__global__1__0.3__-0.3,full__8__logistic__global,full,8,logistic,global,1,0.3,-0.3,0.3707151973017116
2,3,full__8__logistic__global__1__0.3__0.0,full__8__logistic__global,full,8,logistic,global,1,0.3,0.0,0.3855955448929994
2,3,full__8__logistic__global__1__0.3__0.3,full__8__logistic__global,full,8,logistic,global,1,0.3,0.3,0.4075914022184776
2,3,full__8__logistic__global__4__-0.3__-0.3,full__8__logistic__global,full,8,logistic,global,4,-0.3,-0.3,0.3490093119765592
2,3,full__8__logistic__global__4__-0.3__0.0,full__8__logistic__global,full,8,logistic,global,4,-0.3,0.0,0.38229409122691754
2,3,full__8__logistic__global__4__-0.3__0.3,full__8__logistic__global,full,8,logistic,global,4,-0.3,0.3,0.3815305030514757
2,3,full__8__logistic__global__4__0.0__-0.3,full__8__logistic__global,full,8,logistic,global,4,0.0,-0.3,0.3552865913461069
2,3,full__8__logistic__global__4__0.0__0.0,full__8__logistic__global,full,8,logistic,global,4,0.0,0.0,0.39422869292008134
2,3,full__8__logistic__global__4__0.0__0.3,full__8__logistic__global,full,8,logistic,global,4,0.0,0.3,0.3961931250412867
2,3,full__8__logistic__global__4__0.3__-0.3,full__8__logistic__global,full,8,logistic,global,4,0.3,-0.3,0.36388132459379247
2,3,full__8__logistic__global__4__0.3__0.0,full__8__logistic__global,full,8,logistic,global,4,0.3,0.0,0.39497016240770083
2,3,full__8__logistic__global__4__0.3__0.3,full__8__logistic__global,full,8,logistic,global,4,0.3,0.3,0.40728350890340986
2,3,full__8__logistic__participant__1__-0.3__-0.3,full__8__logistic__participant,full,8,logistic,participant,1,-0.3,-0.3,0.3680049415563892
2,3,full__8__logistic__participant__1__-0.3__0.0,full__8__logistic__participant,full,8,logistic,participant,1,-0.3,0.0,0.3870240834788153
2,3,full__8__logistic__participant__1__-0.3__0.3,full__8__logistic__participant,full,8,logistic,participant,1,-0.3,0.3,0.3858037505270005
2,3,full__8__logistic__participant__1__0.0__-0.3,full__8__logistic__participant,full,8,logistic,participant,1,0.0,-0.3,0.3754323977462446
2,3,full__8__logistic__participant__1__0.0__0.0,full__8__logistic__participant,full,8,logistic,participant,1,0.0,0.0,0.39575679164725575
2,3,full__8__logistic__participant__1__0.0__0.3,full__8__logistic__participant,full,8,logistic,participant,1,0.0,0.3,0.4022882998814622
2,3,full__8__logistic__participant__1__0.3__-0.3,full__8__logistic__participant,full,8,logistic,participant,1,0.3,-0.3,0.3702002344239153
2,3,full__8__logistic__participant__1__0.3__0.0,full__8__logistic__participant,full,8,logistic,participant,1,0.3,0.0,0.3898060458942463
2,3,full__8__logistic__participant__1__0.3__0.3,full__8__logistic__participant,full,8,logistic,participant,1,0.3,0.3,0.4088034564742824
2,3,full__8__logistic__participant__4__-0.3__-0.3,full__8__logistic__participant,full,8,logistic,participant,4,-0.3,-0.3,0.372722555280015
2,3,full__8__logistic__participant__4__-0.3__0.0,full__8__logistic__participant,full,8,logistic,participant,4,-0.3,0.0,0.3923592735139056
2,3,full__8__logistic__participant__4__-0.3__0.3,full__8__logistic__participant,full,8,logistic,participant,4,-0.3,0.3,0.38502814767630583
2,3,full__8__logistic__participant__4__0.0__-0.3,full__8__logistic__participant,full,8,logistic,participant,4,0.0,-0.3,0.3770110602688743
2,3,full__8__logistic__participant__4__0.0__0.0,full__8__logistic__participant,full,8,logistic,participant,4,0.0,0.0,0.404275543027535
2,3,full__8__logistic__participant__4__0.0__0.3,full__8__logistic__participant,full,8,logistic,participant,4,0.0,0.3,0.40474869269994346
2,3,full__8__logistic__participant__4__0.3__-0.3,full__8__logistic__participant,full,8,logistic,participant,4,0.3,-0.3,0.3696517249605522
2,3,full__8__logistic__participant__4__0.3__0.0,full__8__logistic__participant,full,8,logistic,participant,4,0.3,0.0,0.3997270600207006
2,3,full__8__logistic__participant__4__0.3__0.3,full__8__logistic__participant,full,8,logistic,participant,4,0.3,0.3,0.4127043748379591
2,3,full__8__ordinal__global__1__-0.3__-0.3,full__8__ordinal__global,full,8,ordinal,global,1,-0.3,-0.3,0.3641746370463918
2,3,full__8__ordinal__global__1__-0.3__0.0,full__8__ordinal__global,full,8,ordinal,global,1,-0.3,0.0,0.38554215328506736
2,3,full__8__ordinal__global__1__-0.3__0.3,full__8__ordinal__global,full,8,ordinal,global,1,-0.3,0.3,0.38686864004920396
2,3,full__8__ordinal__global__1__0.0__-0.3,full__8__ordinal__global,full,8,ordinal,global,1,0.0,-0.3,0.3654339831785794
2,3,full__8__ordinal__global__1__0.0__0.0,full__8__ordinal__global,full,8,ordinal,global,1,0.0,0.0,0.3914538626007856
2,3,full__8__ordinal__global__1__0.0__0.3,full__8__ordinal__global,full,8,ordinal,global,1,0.0,0.3,0.40189150060233475
2,3,full__8__ordinal__global__1__0.3__-0.3,full__8__ordinal__global,full,8,ordinal,global,1,0.3,-0.3,0.37506539012129264
2,3,full__8__ordinal__global__1__0.3__0.0,full__8__ordinal__global,full,8,ordinal,global,1,0.3,0.0,0.39795309403331786
2,3,full__8__ordinal__global__1__0.3__0.3,full__8__ordinal__global,full,8,ordinal,global,1,0.3,0.3,0.4135323887706863
2,3,full__8__ordinal__global__4__-0.3__-0.3,full__8__ordinal__global,full,8,ordinal,global,4,-0.3,-0.3,0.35587718117185707
2,3,full__8__ordinal__global__4__-0.3__0.0,full__8__ordinal__global,full,8,ordinal,global,4,-0.3,0.0,0.38798258753544734
2,3,full__8__ordinal__global__4__-0.3__0.3,full__8__ordinal__global,full,8,ordinal,global,4,-0.3,0.3,0.38671549913962777
2,3,full__8__ordinal__global__4__0.0__-0.3,full__8__ordinal__global,full,8,ordinal,global,4,0.0,-0.3,0.35685580694614305
2,3,full__8__ordinal__global__4__0.0__0.0,full__8__ordinal__global,full,8,ordinal,global,4,0.0,0.0,0.3939205781974123
2,3,full__8__ordinal__global__4__0.0__0.3,full__8__ordinal__global,full,8,ordinal,global,4,0.0,0.3,0.4032225576612788
2,3,full__8__ordinal__global__4__0.3__-0.3,full__8__ordinal__global,full,8,ordinal,global,4,0.3,-0.3,0.3708795217669342
2,3,full__8__ordinal__global__4__0.3__0.0,full__8__ordinal__global,full,8,ordinal,global,4,0.3,0.0,0.3969415164066023
2,3,full__8__ordinal__global__4__0.3__0.3,full__8__ordinal__global,full,8,ordinal,global,4,0.3,0.3,0.41528175065551937
2,3,full__8__ordinal__participant__1__-0.3__-0.3,full__8__ordinal__participant,full,8,ordinal,participant,1,-0.3,-0.3,0.37503176132212723
2,3,full__8__ordinal__participant__1__-0.3__0.0,full__8__ordinal__participant,full,8,ordinal,participant,1,-0.3,0.0,0.39709272416505237
2,3,full__8__ordinal__participant__1__-0.3__0.3,full__8__ordinal__participant,full,8,ordinal,participant,1,-0.3,0.3,0.38337922660881885
2,3,full__8__ordinal__participant__1__0.0__-0.3,full__8__ordinal__participant,full,8,ordinal,participant,1,0.0,-0.3,0.3822922207407353
2,3,full__8__ordinal__participant__1__0.0__0.0,full__8__ordinal__participant,full,8,ordinal,participant,1,0.0,0.0,0.4013458177898815
2,3,full__8__ordinal__participant__1__0.0__0.3,full__8__ordinal__participant,full,8,ordinal,participant,1,0.0,0.3,0.4010126398539252
2,3,full__8__ordinal__participant__1__0.3__-0.3,full__8__ordinal__participant,full,8,ordinal,participant,1,0.3,-0.3,0.3776877280176446
2,3,full__8__ordinal__participant__1__0.3__0.0,full__8__ordinal__participant,full,8,ordinal,participant,1,0.3,0.0,0.39670817625322247
2,3,full__8__ordinal__participant__1__0.3__0.3,full__8__ordinal__participant,full,8,ordinal,participant,1,0.3,0.3,0.40716527628121496
2,3,full__8__ordinal__participant__4__-0.3__-0.3,full__8__ordinal__participant,full,8,ordinal,participant,4,-0.3,-0.3,0.37508837254541044
2,3,full__8__ordinal__participant__4__-0.3__0.0,full__8__ordinal__participant,full,8,ordinal,participant,4,-0.3,0.0,0.39647153987767125
2,3,full__8__ordinal__participant__4__-0.3__0.3,full__8__ordinal__participant,full,8,ordinal,participant,4,-0.3,0.3,0.38170393625254206
2,3,full__8__ordinal__participant__4__0.0__-0.3,full__8__ordinal__participant,full,8,ordinal,participant,4,0.0,-0.3,0.3791125264908427
2,3,full__8__ordinal__participant__4__0.0__0.0,full__8__ordinal__participant,full,8,ordinal,participant,4,0.0,0.0,0.40899341902752645
2,3,full__8__ordinal__participant__4__0.0__0.3,full__8__ordinal__participant,full,8,ordinal,participant,4,0.0,0.3,0.4045747339331178
2,3,full__8__ordinal__participant__4__0.3__-0.3,full__8__ordinal__participant,full,8,ordinal,participant,4,0.3,-0.3,0.3693512861212675
2,3,full__8__ordinal__participant__4__0.3__0.0,full__8__ordinal__participant,full,8,ordinal,participant,4,0.3,0.0,0.40550204085836206
2,3,full__8__ordinal__participant__4__0.3__0.3,full__8__ordinal__participant,full,8,ordinal,participant,4,0.3,0.3,0.41520620372712597
2,3,full__8__catboost__global__1__-0.3__-0.3,full__8__catboost__global,full,8,catboost,global,1,-0.3,-0.3,0.34569302809353536
2,3,full__8__catboost__global__1__-0.3__0.0,full__8__catboost__global,full,8,catboost,global,1,-0.3,0.0,0.34664839825907845
2,3,full__8__catboost__global__1__-0.3__0.3,full__8__catboost__global,full,8,catboost,global,1,-0.3,0.3,0.35884249739048824
2,3,full__8__catboost__global__1__0.0__-0.3,full__8__catboost__global,full,8,catboost,global,1,0.0,-0.3,0.3664169832547932
2,3,full__8__catboost__global__1__0.0__0.0,full__8__catboost__global,full,8,catboost,global,1,0.0,0.0,0.36643236685102665
2,3,full__8__catboost__global__1__0.0__0.3,full__8__catboost__global,full,8,catboost,global,1,0.0,0.3,0.3766770235057401
2,3,full__8__catboost__global__1__0.3__-0.3,full__8__catboost__global,full,8,catboost,global,1,0.3,-0.3,0.3663201183647502
2,3,full__8__catboost__global__1__0.3__0.0,full__8__catboost__global,full,8,catboost,global,1,0.3,0.0,0.38694061486332176
2,3,full__8__catboost__global__1__0.3__0.3,full__8__catboost__global,full,8,catboost,global,1,0.3,0.3,0.3917350909266437
2,3,full__8__catboost__global__4__-0.3__-0.3,full__8__catboost__global,full,8,catboost,global,4,-0.3,-0.3,0.3395635024237732
2,3,full__8__catboost__global__4__-0.3__0.0,full__8__catboost__global,full,8,catboost,global,4,-0.3,0.0,0.3422352683982876
2,3,full__8__catboost__global__4__-0.3__0.3,full__8__catboost__global,full,8,catboost,global,4,-0.3,0.3,0.3553440408511152
2,3,full__8__catboost__global__4__0.0__-0.3,full__8__catboost__global,full,8,catboost,global,4,0.0,-0.3,0.35070073994943296
2,3,full__8__catboost__global__4__0.0__0.0,full__8__catboost__global,full,8,catboost,global,4,0.0,0.0,0.36067313579540233
2,3,full__8__catboost__global__4__0.0__0.3,full__8__catboost__global,full,8,catboost,global,4,0.0,0.3,0.3832676951243178
2,3,full__8__catboost__global__4__0.3__-0.3,full__8__catboost__global,full,8,catboost,global,4,0.3,-0.3,0.3596591079192355
2,3,full__8__catboost__global__4__0.3__0.0,full__8__catboost__global,full,8,catboost,global,4,0.3,0.0,0.3798060381957743
2,3,full__8__catboost__global__4__0.3__0.3,full__8__catboost__global,full,8,catboost,global,4,0.3,0.3,0.3848062597540899
2,3,full__8__catboost__participant__1__-0.3__-0.3,full__8__catboost__participant,full,8,catboost,participant,1,-0.3,-0.3,0.3571699759941894
2,3,full__8__catboost__participant__1__-0.3__0.0,full__8__catboost__participant,full,8,catboost,participant,1,-0.3,0.0,0.3675181957289901
2,3,full__8__catboost__participant__1__-0.3__0.3,full__8__catboost__participant,full,8,catboost,participant,1,-0.3,0.3,0.3735303230445311
2,3,full__8__catboost__participant__1__0.0__-0.3,full__8__catboost__participant,full,8,catboost,participant,1,0.0,-0.3,0.3650979983502805
2,3,full__8__catboost__participant__1__0.0__0.0,full__8__catboost__participant,full,8,catboost,participant,1,0.0,0.0,0.3730710335297341
2,3,full__8__catboost__participant__1__0.0__0.3,full__8__catboost__participant,full,8,catboost,participant,1,0.0,0.3,0.3952764405320877
2,3,full__8__catboost__participant__1__0.3__-0.3,full__8__catboost__participant,full,8,catboost,participant,1,0.3,-0.3,0.35807556236598537
2,3,full__8__catboost__participant__1__0.3__0.0,full__8__catboost__participant,full,8,catboost,participant,1,0.3,0.0,0.37659721008339947
2,3,full__8__catboost__participant__1__0.3__0.3,full__8__catboost__participant,full,8,catboost,participant,1,0.3,0.3,0.3947391562816831
2,3,full__8__catboost__participant__4__-0.3__-0.3,full__8__catboost__participant,full,8,catboost,participant,4,-0.3,-0.3,0.3421230569446094
2,3,full__8__catboost__participant__4__-0.3__0.0,full__8__catboost__participant,full,8,catboost,participant,4,-0.3,0.0,0.37111187168386905
2,3,full__8__catboost__participant__4__-0.3__0.3,full__8__catboost__participant,full,8,catboost,participant,4,-0.3,0.3,0.3689484744434602
2,3,full__8__catboost__participant__4__0.0__-0.3,full__8__catboost__participant,full,8,catboost,participant,4,0.0,-0.3,0.3584043161274774
2,3,full__8__catboost__participant__4__0.0__0.0,full__8__catboost__participant,full,8,catboost,participant,4,0.0,0.0,0.3735518535803425
2,3,full__8__catboost__participant__4__0.0__0.3,full__8__catboost__participant,full,8,catboost,participant,4,0.0,0.3,0.3975399732089151
2,3,full__8__catboost__participant__4__0.3__-0.3,full__8__catboost__participant,full,8,catboost,participant,4,0.3,-0.3,0.35438258453106103
2,3,full__8__catboost__participant__4__0.3__0.0,full__8__catboost__participant,full,8,catboost,participant,4,0.3,0.0,0.37401427556930145
2,3,full__8__catboost__participant__4__0.3__0.3,full__8__catboost__participant,full,8,catboost,participant,4,0.3,0.3,0.3915817323819663
3,1,eye_pupil__1__logistic__global__1__-0.3__-0.3,eye_pupil__1__logistic__global,eye_pupil,1,logistic,global,1,-0.3,-0.3,0.32691937305121854
3,1,eye_pupil__1__logistic__global__1__-0.3__0.0,eye_pupil__1__logistic__global,eye_pupil,1,logistic,global,1,-0.3,0.0,0.31808074747098025
3,1,eye_pupil__1__logistic__global__1__-0.3__0.3,eye_pupil__1__logistic__global,eye_pupil,1,logistic,global,1,-0.3,0.3,0.33298943986193935
3,1,eye_pupil__1__logistic__global__1__0.0__-0.3,eye_pupil__1__logistic__global,eye_pupil,1,logistic,global,1,0.0,-0.3,0.3452736944688173
3,1,eye_pupil__1__logistic__global__1__0.0__0.0,eye_pupil__1__logistic__global,eye_pupil,1,logistic,global,1,0.0,0.0,0.32943598153652104
3,1,eye_pupil__1__logistic__global__1__0.0__0.3,eye_pupil__1__logistic__global,eye_pupil,1,logistic,global,1,0.0,0.3,0.3224148497355334
3,1,eye_pupil__1__logistic__global__1__0.3__-0.3,eye_pupil__1__logistic__global,eye_pupil,1,logistic,global,1,0.3,-0.3,0.33849556423991034
3,1,eye_pupil__1__logistic__global__1__0.3__0.0,eye_pupil__1__logistic__global,eye_pupil,1,logistic,global,1,0.3,0.0,0.3364414400070515
3,1,eye_pupil__1__logistic__global__1__0.3__0.3,eye_pupil__1__logistic__global,eye_pupil,1,logistic,global,1,0.3,0.3,0.3267473422396598
3,1,eye_pupil__1__logistic__global__4__-0.3__-0.3,eye_pupil__1__logistic__global,eye_pupil,1,logistic,global,4,-0.3,-0.3,0.33437853875858814
3,1,eye_pupil__1__logistic__global__4__-0.3__0.0,eye_pupil__1__logistic__global,eye_pupil,1,logistic,global,4,-0.3,0.0,0.32368744813569805
3,1,eye_pupil__1__logistic__global__4__-0.3__0.3,eye_pupil__1__logistic__global,eye_pupil,1,logistic,global,4,-0.3,0.3,0.33290193727725964
3,1,eye_pupil__1__logistic__global__4__0.0__-0.3,eye_pupil__1__logistic__global,eye_pupil,1,logistic,global,4,0.0,-0.3,0.35859146276703807
3,1,eye_pupil__1__logistic__global__4__0.0__0.0,eye_pupil__1__logistic__global,eye_pupil,1,logistic,global,4,0.0,0.0,0.34727953289329994
3,1,eye_pupil__1__logistic__global__4__0.0__0.3,eye_pupil__1__logistic__global,eye_pupil,1,logistic,global,4,0.0,0.3,0.32050705898643395
3,1,eye_pupil__1__logistic__global__4__0.3__-0.3,eye_pupil__1__logistic__global,eye_pupil,1,logistic,global,4,0.3,-0.3,0.3341735040749516
3,1,eye_pupil__1__logistic__global__4__0.3__0.0,eye_pupil__1__logistic__global,eye_pupil,1,logistic,global,4,0.3,0.0,0.33334107012469544
3,1,eye_pupil__1__logistic__global__4__0.3__0.3,eye_pupil__1__logistic__global,eye_pupil,1,logistic,global,4,0.3,0.3,0.34236418251432726
3,1,eye_pupil__1__logistic__participant__1__-0.3__-0.3,eye_pupil__1__logistic__participant,eye_pupil,1,logistic,participant,1,-0.3,-0.3,0.32902134749309825
3,1,eye_pupil__1__logistic__participant__1__-0.3__0.0,eye_pupil__1__logistic__participant,eye_pupil,1,logistic,participant,1,-0.3,0.0,0.32035751583983196
3,1,eye_pupil__1__logistic__participant__1__-0.3__0.3,eye_pupil__1__logistic__participant,eye_pupil,1,logistic,participant,1,-0.3,0.3,0.3260575944748156
3,1,eye_pupil__1__logistic__participant__1__0.0__-0.3,eye_pupil__1__logistic__participant,eye_pupil,1,logistic,participant,1,0.0,-0.3,0.34112587121448135
3,1,eye_pupil__1__logistic__participant__1__0.0__0.0,eye_pupil__1__logistic__participant,eye_pupil,1,logistic,participant,1,0.0,0.0,0.33067473957587956
3,1,eye_pupil__1__logistic__participant__1__0.0__0.3,eye_pupil__1__logistic__participant,eye_pupil,1,logistic,participant,1,0.0,0.3,0.32672290892669853
3,1,eye_pupil__1__logistic__participant__1__0.3__-0.3,eye_pupil__1__logistic__participant,eye_pupil,1,logistic,participant,1,0.3,-0.3,0.3325108465443071
3,1,eye_pupil__1__logistic__participant__1__0.3__0.0,eye_pupil__1__logistic__participant,eye_pupil,1,logistic,participant,1,0.3,0.0,0.3289223690020143
3,1,eye_pupil__1__logistic__participant__1__0.3__0.3,eye_pupil__1__logistic__participant,eye_pupil,1,logistic,participant,1,0.3,0.3,0.32459962514647944
3,1,eye_pupil__1__logistic__participant__4__-0.3__-0.3,eye_pupil__1__logistic__participant,eye_pupil,1,logistic,participant,4,-0.3,-0.3,0.3434659483155322
3,1,eye_pupil__1__logistic__participant__4__-0.3__0.0,eye_pupil__1__logistic__participant,eye_pupil,1,logistic,participant,4,-0.3,0.0,0.31772499975035656
3,1,eye_pupil__1__logistic__participant__4__-0.3__0.3,eye_pupil__1__logistic__participant,eye_pupil,1,logistic,participant,4,-0.3,0.3,0.3261292435681573
3,1,eye_pupil__1__logistic__participant__4__0.0__-0.3,eye_pupil__1__logistic__participant,eye_pupil,1,logistic,participant,4,0.0,-0.3,0.34496702622373815
3,1,eye_pupil__1__logistic__participant__4__0.0__0.0,eye_pupil__1__logistic__participant,eye_pupil,1,logistic,participant,4,0.0,0.0,0.33483580065295016
3,1,eye_pupil__1__logistic__participant__4__0.0__0.3,eye_pupil__1__logistic__participant,eye_pupil,1,logistic,participant,4,0.0,0.3,0.32765354444034267
3,1,eye_pupil__1__logistic__participant__4__0.3__-0.3,eye_pupil__1__logistic__participant,eye_pupil,1,logistic,participant,4,0.3,-0.3,0.33408406389772854
3,1,eye_pupil__1__logistic__participant__4__0.3__0.0,eye_pupil__1__logistic__participant,eye_pupil,1,logistic,participant,4,0.3,0.0,0.3306658870920597
3,1,eye_pupil__1__logistic__participant__4__0.3__0.3,eye_pupil__1__logistic__participant,eye_pupil,1,logistic,participant,4,0.3,0.3,0.3314200901519293
3,1,eye_pupil__1__ordinal__global__1__-0.3__-0.3,eye_pupil__1__ordinal__global,eye_pupil,1,ordinal,global,1,-0.3,-0.3,0.32878524343920007
3,1,eye_pupil__1__ordinal__global__1__-0.3__0.0,eye_pupil__1__ordinal__global,eye_pupil,1,ordinal,global,1,-0.3,0.0,0.31693933066465413
3,1,eye_pupil__1__ordinal__global__1__-0.3__0.3,eye_pupil__1__ordinal__global,eye_pupil,1,ordinal,global,1,-0.3,0.3,0.33467855888430337
3,1,eye_pupil__1__ordinal__global__1__0.0__-0.3,eye_pupil__1__ordinal__global,eye_pupil,1,ordinal,global,1,0.0,-0.3,0.3446981096494381
3,1,eye_pupil__1__ordinal__global__1__0.0__0.0,eye_pupil__1__ordinal__global,eye_pupil,1,ordinal,global,1,0.0,0.0,0.3300714315759214
3,1,eye_pupil__1__ordinal__global__1__0.0__0.3,eye_pupil__1__ordinal__global,eye_pupil,1,ordinal,global,1,0.0,0.3,0.32529711389221594
3,1,eye_pupil__1__ordinal__global__1__0.3__-0.3,eye_pupil__1__ordinal__global,eye_pupil,1,ordinal,global,1,0.3,-0.3,0.3388541800274457
3,1,eye_pupil__1__ordinal__global__1__0.3__0.0,eye_pupil__1__ordinal__global,eye_pupil,1,ordinal,global,1,0.3,0.0,0.3356688541564944
3,1,eye_pupil__1__ordinal__global__1__0.3__0.3,eye_pupil__1__ordinal__global,eye_pupil,1,ordinal,global,1,0.3,0.3,0.3298536154905734
3,1,eye_pupil__1__ordinal__global__4__-0.3__-0.3,eye_pupil__1__ordinal__global,eye_pupil,1,ordinal,global,4,-0.3,-0.3,0.3357022701845426
3,1,eye_pupil__1__ordinal__global__4__-0.3__0.0,eye_pupil__1__ordinal__global,eye_pupil,1,ordinal,global,4,-0.3,0.0,0.32147234015367604
3,1,eye_pupil__1__ordinal__global__4__-0.3__0.3,eye_pupil__1__ordinal__global,eye_pupil,1,ordinal,global,4,-0.3,0.3,0.3344185840019522
3,1,eye_pupil__1__ordinal__global__4__0.0__-0.3,eye_pupil__1__ordinal__global,eye_pupil,1,ordinal,global,4,0.0,-0.3,0.35975897145233987
3,1,eye_pupil__1__ordinal__global__4__0.0__0.0,eye_pupil__1__ordinal__global,eye_pupil,1,ordinal,global,4,0.0,0.0,0.3460956197596686
3,1,eye_pupil__1__ordinal__global__4__0.0__0.3,eye_pupil__1__ordinal__global,eye_pupil,1,ordinal,global,4,0.0,0.3,0.32135053286601284
3,1,eye_pupil__1__ordinal__global__4__0.3__-0.3,eye_pupil__1__ordinal__global,eye_pupil,1,ordinal,global,4,0.3,-0.3,0.3343566177926601
3,1,eye_pupil__1__ordinal__global__4__0.3__0.0,eye_pupil__1__ordinal__global,eye_pupil,1,ordinal,global,4,0.3,0.0,0.33302038935247485
3,1,eye_pupil__1__ordinal__global__4__0.3__0.3,eye_pupil__1__ordinal__global,eye_pupil,1,ordinal,global,4,0.3,0.3,0.3408529385858115
3,1,eye_pupil__1__ordinal__participant__1__-0.3__-0.3,eye_pupil__1__ordinal__participant,eye_pupil,1,ordinal,participant,1,-0.3,-0.3,0.3297266569760083
3,1,eye_pupil__1__ordinal__participant__1__-0.3__0.0,eye_pupil__1__ordinal__participant,eye_pupil,1,ordinal,participant,1,-0.3,0.0,0.32322393285203765
3,1,eye_pupil__1__ordinal__participant__1__-0.3__0.3,eye_pupil__1__ordinal__participant,eye_pupil,1,ordinal,participant,1,-0.3,0.3,0.32820641302284126
3,1,eye_pupil__1__ordinal__participant__1__0.0__-0.3,eye_pupil__1__ordinal__participant,eye_pupil,1,ordinal,participant,1,0.0,-0.3,0.33808282444517124
3,1,eye_pupil__1__ordinal__participant__1__0.0__0.0,eye_pupil__1__ordinal__participant,eye_pupil,1,ordinal,participant,1,0.0,0.0,0.331819149294318
3,1,eye_pupil__1__ordinal__participant__1__0.0__0.3,eye_pupil__1__ordinal__participant,eye_pupil,1,ordinal,participant,1,0.0,0.3,0.3264913688667954
3,1,eye_pupil__1__ordinal__participant__1__0.3__-0.3,eye_pupil__1__ordinal__participant,eye_pupil,1,ordinal,participant,1,0.3,-0.3,0.3322018051309713
3,1,eye_pupil__1__ordinal__participant__1__0.3__0.0,eye_pupil__1__ordinal__participant,eye_pupil,1,ordinal,participant,1,0.3,0.0,0.32886831957381224
3,1,eye_pupil__1__ordinal__participant__1__0.3__0.3,eye_pupil__1__ordinal__participant,eye_pupil,1,ordinal,participant,1,0.3,0.3,0.3256856236246358
3,1,eye_pupil__1__ordinal__participant__4__-0.3__-0.3,eye_pupil__1__ordinal__participant,eye_pupil,1,ordinal,participant,4,-0.3,-0.3,0.34474759992813847
3,1,eye_pupil__1__ordinal__participant__4__-0.3__0.0,eye_pupil__1__ordinal__participant,eye_pupil,1,ordinal,participant,4,-0.3,0.0,0.3190537940750987
3,1,eye_pupil__1__ordinal__participant__4__-0.3__0.3,eye_pupil__1__ordinal__participant,eye_pupil,1,ordinal,participant,4,-0.3,0.3,0.32891916561202356
3,1,eye_pupil__1__ordinal__participant__4__0.0__-0.3,eye_pupil__1__ordinal__participant,eye_pupil,1,ordinal,participant,4,0.0,-0.3,0.3460969082167055
3,1,eye_pupil__1__ordinal__participant__4__0.0__0.0,eye_pupil__1__ordinal__participant,eye_pupil,1,ordinal,participant,4,0.0,0.0,0.332638402779001
3,1,eye_pupil__1__ordinal__participant__4__0.0__0.3,eye_pupil__1__ordinal__participant,eye_pupil,1,ordinal,participant,4,0.0,0.3,0.32691047855821614
3,1,eye_pupil__1__ordinal__participant__4__0.3__-0.3,eye_pupil__1__ordinal__participant,eye_pupil,1,ordinal,participant,4,0.3,-0.3,0.33412243412243414
3,1,eye_pupil__1__ordinal__participant__4__0.3__0.0,eye_pupil__1__ordinal__participant,eye_pupil,1,ordinal,participant,4,0.3,0.0,0.3317002511914649
3,1,eye_pupil__1__ordinal__participant__4__0.3__0.3,eye_pupil__1__ordinal__participant,eye_pupil,1,ordinal,participant,4,0.3,0.3,0.3295434029009498
3,1,eye_pupil__1__catboost__global__1__-0.3__-0.3,eye_pupil__1__catboost__global,eye_pupil,1,catboost,global,1,-0.3,-0.3,0.32670442165413327
3,1,eye_pupil__1__catboost__global__1__-0.3__0.0,eye_pupil__1__catboost__global,eye_pupil,1,catboost,global,1,-0.3,0.0,0.33259872810293445
3,1,eye_pupil__1__catboost__global__1__-0.3__0.3,eye_pupil__1__catboost__global,eye_pupil,1,catboost,global,1,-0.3,0.3,0.32784633064512475
3,1,eye_pupil__1__catboost__global__1__0.0__-0.3,eye_pupil__1__catboost__global,eye_pupil,1,catboost,global,1,0.0,-0.3,0.3416584958337564
3,1,eye_pupil__1__catboost__global__1__0.0__0.0,eye_pupil__1__catboost__global,eye_pupil,1,catboost,global,1,0.0,0.0,0.33566875976832716
3,1,eye_pupil__1__catboost__global__1__0.0__0.3,eye_pupil__1__catboost__global,eye_pupil,1,catboost,global,1,0.0,0.3,0.32482805998340825
3,1,eye_pupil__1__catboost__global__1__0.3__-0.3,eye_pupil__1__catboost__global,eye_pupil,1,catboost,global,1,0.3,-0.3,0.3346358464782598
3,1,eye_pupil__1__catboost__global__1__0.3__0.0,eye_pupil__1__catboost__global,eye_pupil,1,catboost,global,1,0.3,0.0,0.332589000781498
3,1,eye_pupil__1__catboost__global__1__0.3__0.3,eye_pupil__1__catboost__global,eye_pupil,1,catboost,global,1,0.3,0.3,0.3244458683098741
3,1,eye_pupil__1__catboost__global__4__-0.3__-0.3,eye_pupil__1__catboost__global,eye_pupil,1,catboost,global,4,-0.3,-0.3,0.32562492164225365
3,1,eye_pupil__1__catboost__global__4__-0.3__0.0,eye_pupil__1__catboost__global,eye_pupil,1,catboost,global,4,-0.3,0.0,0.33766679107500186
3,1,eye_pupil__1__catboost__global__4__-0.3__0.3,eye_pupil__1__catboost__global,eye_pupil,1,catboost,global,4,-0.3,0.3,0.3324776724556398
3,1,eye_pupil__1__catboost__global__4__0.0__-0.3,eye_pupil__1__catboost__global,eye_pupil,1,catboost,global,4,0.0,-0.3,0.3512807625030038
3,1,eye_pupil__1__catboost__global__4__0.0__0.0,eye_pupil__1__catboost__global,eye_pupil,1,catboost,global,4,0.0,0.0,0.3448873971421668
3,1,eye_pupil__1__catboost__global__4__0.0__0.3,eye_pupil__1__catboost__global,eye_pupil,1,catboost,global,4,0.0,0.3,0.3249282458368911
3,1,eye_pupil__1__catboost__global__4__0.3__-0.3,eye_pupil__1__catboost__global,eye_pupil,1,catboost,global,4,0.3,-0.3,0.33247661439932213
3,1,eye_pupil__1__catboost__global__4__0.3__0.0,eye_pupil__1__catboost__global,eye_pupil,1,catboost,global,4,0.3,0.0,0.3338165794482748
3,1,eye_pupil__1__catboost__global__4__0.3__0.3,eye_pupil__1__catboost__global,eye_pupil,1,catboost,global,4,0.3,0.3,0.3303805237827116
3,1,eye_pupil__1__catboost__participant__1__-0.3__-0.3,eye_pupil__1__catboost__participant,eye_pupil,1,catboost,participant,1,-0.3,-0.3,0.3257621992216057
3,1,eye_pupil__1__catboost__participant__1__-0.3__0.0,eye_pupil__1__catboost__participant,eye_pupil,1,catboost,participant,1,-0.3,0.0,0.32754082381944793
3,1,eye_pupil__1__catboost__participant__1__-0.3__0.3,eye_pupil__1__catboost__participant,eye_pupil,1,catboost,participant,1,-0.3,0.3,0.3295916395724322
3,1,eye_pupil__1__catboost__participant__1__0.0__-0.3,eye_pupil__1__catboost__participant,eye_pupil,1,catboost,participant,1,0.0,-0.3,0.3327321107491434
3,1,eye_pupil__1__catboost__participant__1__0.0__0.0,eye_pupil__1__catboost__participant,eye_pupil,1,catboost,participant,1,0.0,0.0,0.3237317265140642
3,1,eye_pupil__1__catboost__participant__1__0.0__0.3,eye_pupil__1__catboost__participant,eye_pupil,1,catboost,participant,1,0.0,0.3,0.324061737444081
3,1,eye_pupil__1__catboost__participant__1__0.3__-0.3,eye_pupil__1__catboost__participant,eye_pupil,1,catboost,participant,1,0.3,-0.3,0.3348248865075157
3,1,eye_pupil__1__catboost__participant__1__0.3__0.0,eye_pupil__1__catboost__participant,eye_pupil,1,catboost,participant,1,0.3,0.0,0.33333798377249657
3,1,eye_pupil__1__catboost__participant__1__0.3__0.3,eye_pupil__1__catboost__participant,eye_pupil,1,catboost,participant,1,0.3,0.3,0.31971156979994036
3,1,eye_pupil__1__catboost__participant__4__-0.3__-0.3,eye_pupil__1__catboost__participant,eye_pupil,1,catboost,participant,4,-0.3,-0.3,0.33354717667195766
3,1,eye_pupil__1__catboost__participant__4__-0.3__0.0,eye_pupil__1__catboost__participant,eye_pupil,1,catboost,participant,4,-0.3,0.0,0.3253553845020262
3,1,eye_pupil__1__catboost__participant__4__-0.3__0.3,eye_pupil__1__catboost__participant,eye_pupil,1,catboost,participant,4,-0.3,0.3,0.3313528202884597
3,1,eye_pupil__1__catboost__participant__4__0.0__-0.3,eye_pupil__1__catboost__participant,eye_pupil,1,catboost,participant,4,0.0,-0.3,0.3453196189229564
3,1,eye_pupil__1__catboost__participant__4__0.0__0.0,eye_pupil__1__catboost__participant,eye_pupil,1,catboost,participant,4,0.0,0.0,0.3203159240143596
3,1,eye_pupil__1__catboost__participant__4__0.0__0.3,eye_pupil__1__catboost__participant,eye_pupil,1,catboost,participant,4,0.0,0.3,0.32162980127104196
3,1,eye_pupil__1__catboost__participant__4__0.3__-0.3,eye_pupil__1__catboost__participant,eye_pupil,1,catboost,participant,4,0.3,-0.3,0.3330928330928331
3,1,eye_pupil__1__catboost__participant__4__0.3__0.0,eye_pupil__1__catboost__participant,eye_pupil,1,catboost,participant,4,0.3,0.0,0.3384830535907155
3,1,eye_pupil__1__catboost__participant__4__0.3__0.3,eye_pupil__1__catboost__participant,eye_pupil,1,catboost,participant,4,0.3,0.3,0.3129664198689194
3,1,eye_pupil__8__logistic__global__1__-0.3__-0.3,eye_pupil__8__logistic__global,eye_pupil,8,logistic,global,1,-0.3,-0.3,0.33399481607034537
3,1,eye_pupil__8__logistic__global__1__-0.3__0.0,eye_pupil__8__logistic__global,eye_pupil,8,logistic,global,1,-0.3,0.0,0.33126004073843734
3,1,eye_pupil__8__logistic__global__1__-0.3__0.3,eye_pupil__8__logistic__global,eye_pupil,8,logistic,global,1,-0.3,0.3,0.3280907599633253
3,1,eye_pupil__8__logistic__global__1__0.0__-0.3,eye_pupil__8__logistic__global,eye_pupil,8,logistic,global,1,0.0,-0.3,0.33566517423578823
3,1,eye_pupil__8__logistic__global__1__0.0__0.0,eye_pupil__8__logistic__global,eye_pupil,8,logistic,global,1,0.0,0.0,0.33230278544771696
3,1,eye_pupil__8__logistic__global__1__0.0__0.3,eye_pupil__8__logistic__global,eye_pupil,8,logistic,global,1,0.0,0.3,0.32445122442626234
3,1,eye_pupil__8__logistic__global__1__0.3__-0.3,eye_pupil__8__logistic__global,eye_pupil,8,logistic,global,1,0.3,-0.3,0.3353744496828421
3,1,eye_pupil__8__logistic__global__1__0.3__0.0,eye_pupil__8__logistic__global,eye_pupil,8,logistic,global,1,0.3,0.0,0.3307673511222295
3,1,eye_pupil__8__logistic__global__1__0.3__0.3,eye_pupil__8__logistic__global,eye_pupil,8,logistic,global,1,0.3,0.3,0.3302490165163311
3,1,eye_pupil__8__logistic__global__4__-0.3__-0.3,eye_pupil__8__logistic__global,eye_pupil,8,logistic,global,4,-0.3,-0.3,0.33275097722104025
3,1,eye_pupil__8__logistic__global__4__-0.3__0.0,eye_pupil__8__logistic__global,eye_pupil,8,logistic,global,4,-0.3,0.0,0.32792262318681525
3,1,eye_pupil__8__logistic__global__4__-0.3__0.3,eye_pupil__8__logistic__global,eye_pupil,8,logistic,global,4,-0.3,0.3,0.33137048897908555
3,1,eye_pupil__8__logistic__global__4__0.0__-0.3,eye_pupil__8__logistic__global,eye_pupil,8,logistic,global,4,0.0,-0.3,0.34341198341051726
3,1,eye_pupil__8__logistic__global__4__0.0__0.0,eye_pupil__8__logistic__global,eye_pupil,8,logistic,global,4,0.0,0.0,0.3352091136286098
3,1,eye_pupil__8__logistic__global__4__0.0__0.3,eye_pupil__8__logistic__global,eye_pupil,8,logistic,global,4,0.0,0.3,0.3234774561164284
3,1,eye_pupil__8__logistic__global__4__0.3__-0.3,eye_pupil__8__logistic__global,eye_pupil,8,logistic,global,4,0.3,-0.3,0.3420719002213426
3,1,eye_pupil__8__logistic__global__4__0.3__0.0,eye_pupil__8__logistic__global,eye_pupil,8,logistic,global,4,0.3,0.0,0.33680324505767817
3,1,eye_pupil__8__logistic__global__4__0.3__0.3,eye_pupil__8__logistic__global,eye_pupil,8,logistic,global,4,0.3,0.3,0.3387214413449502
3,1,eye_pupil__8__logistic__participant__1__-0.3__-0.3,eye_pupil__8__logistic__participant,eye_pupil,8,logistic,participant,1,-0.3,-0.3,0.34068784836412924
3,1,eye_pupil__8__logistic__participant__1__-0.3__0.0,eye_pupil__8__logistic__participant,eye_pupil,8,logistic,participant,1,-0.3,0.0,0.3277786554703274
3,1,eye_pupil__8__logistic__participant__1__-0.3__0.3,eye_pupil__8__logistic__participant,eye_pupil,8,logistic,participant,1,-0.3,0.3,0.3279317364653828
3,1,eye_pupil__8__logistic__participant__1__0.0__-0.3,eye_pupil__8__logistic__participant,eye_pupil,8,logistic,participant,1,0.0,-0.3,0.33823347212472227
3,1,eye_pupil__8__logistic__participant__1__0.0__0.0,eye_pupil__8__logistic__participant,eye_pupil,8,logistic,participant,1,0.0,0.0,0.34095766849305303
3,1,eye_pupil__8__logistic__participant__1__0.0__0.3,eye_pupil__8__logistic__participant,eye_pupil,8,logistic,participant,1,0.0,0.3,0.32339484611649705
3,1,eye_pupil__8__logistic__participant__1__0.3__-0.3,eye_pupil__8__logistic__participant,eye_pupil,8,logistic,participant,1,0.3,-0.3,0.33168729881177605
3,1,eye_pupil__8__logistic__participant__1__0.3__0.0,eye_pupil__8__logistic__participant,eye_pupil,8,logistic,participant,1,0.3,0.0,0.33365873292417947
3,1,eye_pupil__8__logistic__participant__1__0.3__0.3,eye_pupil__8__logistic__participant,eye_pupil,8,logistic,participant,1,0.3,0.3,0.34158275201694527
3,1,eye_pupil__8__logistic__participant__4__-0.3__-0.3,eye_pupil__8__logistic__participant,eye_pupil,8,logistic,participant,4,-0.3,-0.3,0.3405498629401026
3,1,eye_pupil__8__logistic__participant__4__-0.3__0.0,eye_pupil__8__logistic__participant,eye_pupil,8,logistic,participant,4,-0.3,0.0,0.33379664322711705
3,1,eye_pupil__8__logistic__participant__4__-0.3__0.3,eye_pupil__8__logistic__participant,eye_pupil,8,logistic,participant,4,-0.3,0.3,0.3324706252976004
3,1,eye_pupil__8__logistic__participant__4__0.0__-0.3,eye_pupil__8__logistic__participant,eye_pupil,8,logistic,participant,4,0.0,-0.3,0.3381648591710052
3,1,eye_pupil__8__logistic__participant__4__0.0__0.0,eye_pupil__8__logistic__participant,eye_pupil,8,logistic,participant,4,0.0,0.0,0.33850552395184674
3,1,eye_pupil__8__logistic__participant__4__0.0__0.3,eye_pupil__8__logistic__participant,eye_pupil,8,logistic,participant,4,0.0,0.3,0.32915837254687036
3,1,eye_pupil__8__logistic__participant__4__0.3__-0.3,eye_pupil__8__logistic__participant,eye_pupil,8,logistic,participant,4,0.3,-0.3,0.333497308811573
3,1,eye_pupil__8__logistic__participant__4__0.3__0.0,eye_pupil__8__logistic__participant,eye_pupil,8,logistic,participant,4,0.3,0.0,0.3300074839637159
3,1,eye_pupil__8__logistic__participant__4__0.3__0.3,eye_pupil__8__logistic__participant,eye_pupil,8,logistic,participant,4,0.3,0.3,0.33849795373069214
3,1,eye_pupil__8__ordinal__global__1__-0.3__-0.3,eye_pupil__8__ordinal__global,eye_pupil,8,ordinal,global,1,-0.3,-0.3,0.33599933719992087
3,1,eye_pupil__8__ordinal__global__1__-0.3__0.0,eye_pupil__8__ordinal__global,eye_pupil,8,ordinal,global,1,-0.3,0.0,0.32916958011142433
3,1,eye_pupil__8__ordinal__global__1__-0.3__0.3,eye_pupil__8__ordinal__global,eye_pupil,8,ordinal,global,1,-0.3,0.3,0.33132827179991586
3,1,eye_pupil__8__ordinal__global__1__0.0__-0.3,eye_pupil__8__ordinal__global,eye_pupil,8,ordinal,global,1,0.0,-0.3,0.33919500519966084
3,1,eye_pupil__8__ordinal__global__1__0.0__0.0,eye_pupil__8__ordinal__global,eye_pupil,8,ordinal,global,1,0.0,0.0,0.3346750806048422
3,1,eye_pupil__8__ordinal__global__1__0.0__0.3,eye_pupil__8__ordinal__global,eye_pupil,8,ordinal,global,1,0.0,0.3,0.32423936323718316
3,1,eye_pupil__8__ordinal__global__1__0.3__-0.3,eye_pupil__8__ordinal__global,eye_pupil,8,ordinal,global,1,0.3,-0.3,0.3384313118043988
3,1,eye_pupil__8__ordinal__global__1__0.3__0.0,eye_pupil__8__ordinal__global,eye_pupil,8,ordinal,global,1,0.3,0.0,0.3332076115109857
3,1,eye_pupil__8__ordinal__global__1__0.3__0.3,eye_pupil__8__ordinal__global,eye_pupil,8,ordinal,global,1,0.3,0.3,0.33207150475692593
3,1,eye_pupil__8__ordinal__global__4__-0.3__-0.3,eye_pupil__8__ordinal__global,eye_pupil,8,ordinal,global,4,-0.3,-0.3,0.332876536627148
3,1,eye_pupil__8__ordinal__global__4__-0.3__0.0,eye_pupil__8__ordinal__global,eye_pupil,8,ordinal,global,4,-0.3,0.0,0.3255274212862434
3,1,eye_pupil__8__ordinal__global__4__-0.3__0.3,eye_pupil__8__ordinal__global,eye_pupil,8,ordinal,global,4,-0.3,0.3,0.335225364459846
3,1,eye_pupil__8__ordinal__global__4__0.0__-0.3,eye_pupil__8__ordinal__global,eye_pupil,8,ordinal,global,4,0.0,-0.3,0.3428467504647814
3,1,eye_pupil__8__ordinal__global__4__0.0__0.0,eye_pupil__8__ordinal__global,eye_pupil,8,ordinal,global,4,0.0,0.0,0.3338278038573966
3,1,eye_pupil__8__ordinal__global__4__0.0__0.3,eye_pupil__8__ordinal__global,eye_pupil,8,ordinal,global,4,0.0,0.3,0.32666637760478684
3,1,eye_pupil__8__ordinal__global__4__0.3__-0.3,eye_pupil__8__ordinal__global,eye_pupil,8,ordinal,global,4,0.3,-0.3,0.34267052517106356
3,1,eye_pupil__8__ordinal__global__4__0.3__0.0,eye_pupil__8__ordinal__global,eye_pupil,8,ordinal,global,4,0.3,0.0,0.33488878794678467
3,1,eye_pupil__8__ordinal__global__4__0.3__0.3,eye_pupil__8__ordinal__global,eye_pupil,8,ordinal,global,4,0.3,0.3,0.3387540295313437
3,1,eye_pupil__8__ordinal__participant__1__-0.3__-0.3,eye_pupil__8__ordinal__participant,eye_pupil,8,ordinal,participant,1,-0.3,-0.3,0.3410933036597252
3,1,eye_pupil__8__ordinal__participant__1__-0.3__0.0,eye_pupil__8__ordinal__participant,eye_pupil,8,ordinal,participant,1,-0.3,0.0,0.32725511835646914
3,1,eye_pupil__8__ordinal__participant__1__-0.3__0.3,eye_pupil__8__ordinal__participant,eye_pupil,8,ordinal,participant,1,-0.3,0.3,0.32713273525898623
3,1,eye_pupil__8__ordinal__participant__1__0.0__-0.3,eye_pupil__8__ordinal__participant,eye_pupil,8,ordinal,participant,1,0.0,-0.3,0.33534956988209597
3,1,eye_pupil__8__ordinal__participant__1__0.0__0.0,eye_pupil__8__ordinal__participant,eye_pupil,8,ordinal,participant,1,0.0,0.0,0.34093050850667617
3,1,eye_pupil__8__ordinal__participant__1__0.0__0.3,eye_pupil__8__ordinal__participant,eye_pupil,8,ordinal,participant,1,0.0,0.3,0.32268792891151626
3,1,eye_pupil__8__ordinal__participant__1__0.3__-0.3,eye_pupil__8__ordinal__participant,eye_pupil,8,ordinal,participant,1,0.3,-0.3,0.32943954128961656
3,1,eye_pupil__8__ordinal__participant__1__0.3__0.0,eye_pupil__8__ordinal__participant,eye_pupil,8,ordinal,participant,1,0.3,0.0,0.3330738847144274
3,1,eye_pupil__8__ordinal__participant__1__0.3__0.3,eye_pupil__8__ordinal__participant,eye_pupil,8,ordinal,participant,1,0.3,0.3,0.34305372377092835
3,1,eye_pupil__8__ordinal__participant__4__-0.3__-0.3,eye_pupil__8__ordinal__participant,eye_pupil,8,ordinal,participant,4,-0.3,-0.3,0.34058483686916385
3,1,eye_pupil__8__ordinal__participant__4__-0.3__0.0,eye_pupil__8__ordinal__participant,eye_pupil,8,ordinal,participant,4,-0.3,0.0,0.33071344184584817
3,1,eye_pupil__8__ordinal__participant__4__-0.3__0.3,eye_pupil__8__ordinal__participant,eye_pupil,8,ordinal,participant,4,-0.3,0.3,0.3314681790750751
3,1,eye_pupil__8__ordinal__participant__4__0.0__-0.3,eye_pupil__8__ordinal__participant,eye_pupil,8,ordinal,participant,4,0.0,-0.3,0.33650689918798443
3,1,eye_pupil__8__ordinal__participant__4__0.0__0.0,eye_pupil__8__ordinal__participant,eye_pupil,8,ordinal,participant,4,0.0,0.0,0.338527143461584
3,1,eye_pupil__8__ordinal__participant__4__0.0__0.3,eye_pupil__8__ordinal__participant,eye_pupil,8,ordinal,participant,4,0.0,0.3,0.3256652239299971
3,1,eye_pupil__8__ordinal__participant__4__0.3__-0.3,eye_pupil__8__ordinal__participant,eye_pupil,8,ordinal,participant,4,0.3,-0.3,0.3361688291315785
3,1,eye_pupil__8__ordinal__participant__4__0.3__0.0,eye_pupil__8__ordinal__participant,eye_pupil,8,ordinal,participant,4,0.3,0.0,0.3305148016105964
3,1,eye_pupil__8__ordinal__participant__4__0.3__0.3,eye_pupil__8__ordinal__participant,eye_pupil,8,ordinal,participant,4,0.3,0.3,0.3407904715917823
3,1,eye_pupil__8__catboost__global__1__-0.3__-0.3,eye_pupil__8__catboost__global,eye_pupil,8,catboost,global,1,-0.3,-0.3,0.3259143751546795
3,1,eye_pupil__8__catboost__global__1__-0.3__0.0,eye_pupil__8__catboost__global,eye_pupil,8,catboost,global,1,-0.3,0.0,0.3168617240899941
3,1,eye_pupil__8__catboost__global__1__-0.3__0.3,eye_pupil__8__catboost__global,eye_pupil,8,catboost,global,1,-0.3,0.3,0.3298211595364612
3,1,eye_pupil__8__catboost__global__1__0.0__-0.3,eye_pupil__8__catboost__global,eye_pupil,8,catboost,global,1,0.0,-0.3,0.3405519865844431
3,1,eye_pupil__8__catboost__global__1__0.0__0.0,eye_pupil__8__catboost__global,eye_pupil,8,catboost,global,1,0.0,0.0,0.3224831405984656
3,1,eye_pupil__8__catboost__global__1__0.0__0.3,eye_pupil__8__catboost__global,eye_pupil,8,catboost,global,1,0.0,0.3,0.3252803884244087
3,1,eye_pupil__8__catboost__global__1__0.3__-0.3,eye_pupil__8__catboost__global,eye_pupil,8,catboost,global,1,0.3,-0.3,0.3444851822706249
3,1,eye_pupil__8__catboost__global__1__0.3__0.0,eye_pupil__8__catboost__global,eye_pupil,8,catboost,global,1,0.3,0.0,0.3355044514626748
3,1,eye_pupil__8__catboost__global__1__0.3__0.3,eye_pupil__8__catboost__global,eye_pupil,8,catboost,global,1,0.3,0.3,0.31581358970076917
3,1,eye_pupil__8__catboost__global__4__-0.3__-0.3,eye_pupil__8__catboost__global,eye_pupil,8,catboost,global,4,-0.3,-0.3,0.3294325818340692
3,1,eye_pupil__8__catboost__global__4__-0.3__0.0,eye_pupil__8__catboost__global,eye_pupil,8,catboost,global,4,-0.3,0.0,0.324332353645712
3,1,eye_pupil__8__catboost__global__4__-0.3__0.3,eye_pupil__8__catboost__global,eye_pupil,8,catboost,global,4,-0.3,0.3,0.32713256232938026
3,1,eye_pupil__8__catboost__global__4__0.0__-0.3,eye_pupil__8__catboost__global,eye_pupil,8,catboost,global,4,0.0,-0.3,0.34381703186176055
3,1,eye_pupil__8__catboost__global__4__0.0__0.0,eye_pupil__8__catboost__global,eye_pupil,8,catboost,global,4,0.0,0.0,0.31988120583405694
3,1,eye_pupil__8__catboost__global__4__0.0__0.3,eye_pupil__8__catboost__global,eye_pupil,8,catboost,global,4,0.0,0.3,0.3189331701132499
3,1,eye_pupil__8__catboost__global__4__0.3__-0.3,eye_pupil__8__catboost__global,eye_pupil,8,catboost,global,4,0.3,-0.3,0.3433731894272499
3,1,eye_pupil__8__catboost__global__4__0.3__0.0,eye_pupil__8__catboost__global,eye_pupil,8,catboost,global,4,0.3,0.0,0.3317284693954129
3,1,eye_pupil__8__catboost__global__4__0.3__0.3,eye_pupil__8__catboost__global,eye_pupil,8,catboost,global,4,0.3,0.3,0.3145048062984874
3,1,eye_pupil__8__catboost__participant__1__-0.3__-0.3,eye_pupil__8__catboost__participant,eye_pupil,8,catboost,participant,1,-0.3,-0.3,0.33729962215284776
3,1,eye_pupil__8__catboost__participant__1__-0.3__0.0,eye_pupil__8__catboost__participant,eye_pupil,8,catboost,participant,1,-0.3,0.0,0.31304964800447893
3,1,eye_pupil__8__catboost__participant__1__-0.3__0.3,eye_pupil__8__catboost__participant,eye_pupil,8,catboost,participant,1,-0.3,0.3,0.33196186010621376
3,1,eye_pupil__8__catboost__participant__1__0.0__-0.3,eye_pupil__8__catboost__participant,eye_pupil,8,catboost,participant,1,0.0,-0.3,0.34711291936811867
3,1,eye_pupil__8__catboost__participant__1__0.0__0.0,eye_pupil__8__catboost__participant,eye_pupil,8,catboost,participant,1,0.0,0.0,0.3172419895023376
3,1,eye_pupil__8__catboost__participant__1__0.0__0.3,eye_pupil__8__catboost__participant,eye_pupil,8,catboost,participant,1,0.0,0.3,0.32409511494822774
3,1,eye_pupil__8__catboost__participant__1__0.3__-0.3,eye_pupil__8__catboost__participant,eye_pupil,8,catboost,participant,1,0.3,-0.3,0.33349594189704057
3,1,eye_pupil__8__catboost__participant__1__0.3__0.0,eye_pupil__8__catboost__participant,eye_pupil,8,catboost,participant,1,0.3,0.0,0.32994473699954446
3,1,eye_pupil__8__catboost__participant__1__0.3__0.3,eye_pupil__8__catboost__participant,eye_pupil,8,catboost,participant,1,0.3,0.3,0.30088060644814857
3,1,eye_pupil__8__catboost__participant__4__-0.3__-0.3,eye_pupil__8__catboost__participant,eye_pupil,8,catboost,participant,4,-0.3,-0.3,0.3357594387601551
3,1,eye_pupil__8__catboost__participant__4__-0.3__0.0,eye_pupil__8__catboost__participant,eye_pupil,8,catboost,participant,4,-0.3,0.0,0.3121395399691861
3,1,eye_pupil__8__catboost__participant__4__-0.3__0.3,eye_pupil__8__catboost__participant,eye_pupil,8,catboost,participant,4,-0.3,0.3,0.3317877581996437
3,1,eye_pupil__8__catboost__participant__4__0.0__-0.3,eye_pupil__8__catboost__participant,eye_pupil,8,catboost,participant,4,0.0,-0.3,0.3443498874645694
3,1,eye_pupil__8__catboost__participant__4__0.0__0.0,eye_pupil__8__catboost__participant,eye_pupil,8,catboost,participant,4,0.0,0.0,0.3167754997969994
3,1,eye_pupil__8__catboost__participant__4__0.0__0.3,eye_pupil__8__catboost__participant,eye_pupil,8,catboost,participant,4,0.0,0.3,0.3197509369962303
3,1,eye_pupil__8__catboost__participant__4__0.3__-0.3,eye_pupil__8__catboost__participant,eye_pupil,8,catboost,participant,4,0.3,-0.3,0.33301010487212124
3,1,eye_pupil__8__catboost__participant__4__0.3__0.0,eye_pupil__8__catboost__participant,eye_pupil,8,catboost,participant,4,0.3,0.0,0.3279071519816804
3,1,eye_pupil__8__catboost__participant__4__0.3__0.3,eye_pupil__8__catboost__participant,eye_pupil,8,catboost,participant,4,0.3,0.3,0.30390510401208526
3,1,full__1__logistic__global__1__-0.3__-0.3,full__1__logistic__global,full,1,logistic,global,1,-0.3,-0.3,0.3333948134352473
3,1,full__1__logistic__global__1__-0.3__0.0,full__1__logistic__global,full,1,logistic,global,1,-0.3,0.0,0.32456274596675466
3,1,full__1__logistic__global__1__-0.3__0.3,full__1__logistic__global,full,1,logistic,global,1,-0.3,0.3,0.33293731437960183
3,1,full__1__logistic__global__1__0.0__-0.3,full__1__logistic__global,full,1,logistic,global,1,0.0,-0.3,0.3583088502502101
3,1,full__1__logistic__global__1__0.0__0.0,full__1__logistic__global,full,1,logistic,global,1,0.0,0.0,0.34352063952931283
3,1,full__1__logistic__global__1__0.0__0.3,full__1__logistic__global,full,1,logistic,global,1,0.0,0.3,0.32542542950344433
3,1,full__1__logistic__global__1__0.3__-0.3,full__1__logistic__global,full,1,logistic,global,1,0.3,-0.3,0.344093261013764
3,1,full__1__logistic__global__1__0.3__0.0,full__1__logistic__global,full,1,logistic,global,1,0.3,0.0,0.3495152004226249
3,1,full__1__logistic__global__1__0.3__0.3,full__1__logistic__global,full,1,logistic,global,1,0.3,0.3,0.33737150000973515
3,1,full__1__logistic__global__4__-0.3__-0.3,full__1__logistic__global,full,1,logistic,global,4,-0.3,-0.3,0.3334956540959708
3,1,full__1__logistic__global__4__-0.3__0.0,full__1__logistic__global,full,1,logistic,global,4,-0.3,0.0,0.3250271316660833
3,1,full__1__logistic__global__4__-0.3__0.3,full__1__logistic__global,full,1,logistic,global,4,-0.3,0.3,0.3352396335562284
3,1,full__1__logistic__global__4__0.0__-0.3,full__1__logistic__global,full,1,logistic,global,4,0.0,-0.3,0.3763439584285769
3,1,full__1__logistic__global__4__0.0__0.0,full__1__logistic__global,full,1,logistic,global,4,0.0,0.0,0.35649639586231746
3,1,full__1__logistic__global__4__0.0__0.3,full__1__logistic__global,full,1,logistic,global,4,0.0,0.3,0.3284198816497786
3,1,full__1__logistic__global__4__0.3__-0.3,full__1__logistic__global,full,1,logistic,global,4,0.3,-0.3,0.34101990110211017
3,1,full__1__logistic__global__4__0.3__0.0,full__1__logistic__global,full,1,logistic,global,4,0.3,0.0,0.3537121458469921
3,1,full__1__logistic__global__4__0.3__0.3,full__1__logistic__global,full,1,logistic,global,4,0.3,0.3,0.34463870961675397
3,1,full__1__logistic__participant__1__-0.3__-0.3,full__1__logistic__participant,full,1,logistic,participant,1,-0.3,-0.3,0.33483176748088944
3,1,full__1__logistic__participant__1__-0.3__0.0,full__1__logistic__participant,full,1,logistic,participant,1,-0.3,0.0,0.3245705684628351
3,1,full__1__logistic__participant__1__-0.3__0.3,full__1__logistic__participant,full,1,logistic,participant,1,-0.3,0.3,0.33006088862709776
3,1,full__1__logistic__participant__1__0.0__-0.3,full__1__logistic__participant,full,1,logistic,participant,1,0.0,-0.3,0.35119972830286617
3,1,full__1__logistic__participant__1__0.0__0.0,full__1__logistic__participant,full,1,logistic,participant,1,0.0,0.0,0.3300757045148565
3,1,full__1__logistic__participant__1__0.0__0.3,full__1__logistic__participant,full,1,logistic,participant,1,0.0,0.3,0.3293376337749075
3,1,full__1__logistic__participant__1__0.3__-0.3,full__1__logistic__participant,full,1,logistic,participant,1,0.3,-0.3,0.3402584953320993
3,1,full__1__logistic__participant__1__0.3__0.0,full__1__logistic__participant,full,1,logistic,participant,1,0.3,0.0,0.3384879552894101
3,1,full__1__logistic__participant__1__0.3__0.3,full__1__logistic__participant,full,1,logistic,participant,1,0.3,0.3,0.3256596911592663
3,1,full__1__logistic__participant__4__-0.3__-0.3,full__1__logistic__participant,full,1,logistic,participant,4,-0.3,-0.3,0.3432075057740932
3,1,full__1__logistic__participant__4__-0.3__0.0,full__1__logistic__participant,full,1,logistic,participant,4,-0.3,0.0,0.32153991535572274
3,1,full__1__logistic__participant__4__-0.3__0.3,full__1__logistic__participant,full,1,logistic,participant,4,-0.3,0.3,0.32740389084502497
3,1,full__1__logistic__participant__4__0.0__-0.3,full__1__logistic__participant,full,1,logistic,participant,4,0.0,-0.3,0.36333286155085115
3,1,full__1__logistic__participant__4__0.0__0.0,full__1__logistic__participant,full,1,logistic,participant,4,0.0,0.0,0.3430709593015638
3,1,full__1__logistic__participant__4__0.0__0.3,full__1__logistic__participant,full,1,logistic,participant,4,0.0,0.3,0.3289141605657255
3,1,full__1__logistic__participant__4__0.3__-0.3,full__1__logistic__participant,full,1,logistic,participant,4,0.3,-0.3,0.34044225565707487
3,1,full__1__logistic__participant__4__0.3__0.0,full__1__logistic__participant,full,1,logistic,participant,4,0.3,0.0,0.34739153485306923
3,1,full__1__logistic__participant__4__0.3__0.3,full__1__logistic__participant,full,1,logistic,participant,4,0.3,0.3,0.3345748363211619
3,1,full__1__ordinal__global__1__-0.3__-0.3,full__1__ordinal__global,full,1,ordinal,global,1,-0.3,-0.3,0.3320941031838797
3,1,full__1__ordinal__global__1__-0.3__0.0,full__1__ordinal__global,full,1,ordinal,global,1,-0.3,0.0,0.32325061991349235
3,1,full__1__ordinal__global__1__-0.3__0.3,full__1__ordinal__global,full,1,ordinal,global,1,-0.3,0.3,0.3362310681185549
3,1,full__1__ordinal__global__1__0.0__-0.3,full__1__ordinal__global,full,1,ordinal,global,1,0.0,-0.3,0.3558447672563168
3,1,full__1__ordinal__global__1__0.0__0.0,full__1__ordinal__global,full,1,ordinal,global,1,0.0,0.0,0.342988775750519
3,1,full__1__ordinal__global__1__0.0__0.3,full__1__ordinal__global,full,1,ordinal,global,1,0.0,0.3,0.3281971198331147
3,1,full__1__ordinal__global__1__0.3__-0.3,full__1__ordinal__global,full,1,ordinal,global,1,0.3,-0.3,0.3422880915381401
3,1,full__1__ordinal__global__1__0.3__0.0,full__1__ordinal__global,full,1,ordinal,global,1,0.3,0.0,0.345254071727032
3,1,full__1__ordinal__global__1__0.3__0.3,full__1__ordinal__global,full,1,ordinal,global,1,0.3,0.3,0.3393589580540111
3,1,full__1__ordinal__global__4__-0.3__-0.3,full__1__ordinal__global,full,1,ordinal,global,4,-0.3,-0.3,0.3335450983086495
3,1,full__1__ordinal__global__4__-0.3__0.0,full__1__ordinal__global,full,1,ordinal,global,4,-0.3,0.0,0.3219791352024946
3,1,full__1__ordinal__global__4__-0.3__0.3,full__1__ordinal__global,full,1,ordinal,global,4,-0.3,0.3,0.33673398576223307
3,1,full__1__ordinal__global__4__0.0__-0.3,full__1__ordinal__global,full,1,ordinal,global,4,0.0,-0.3,0.37333477394502007
3,1,full__1__ordinal__global__4__0.0__0.0,full__1__ordinal__global,full,1,ordinal,global,4,0.0,0.0,0.3550600034337624
3,1,full__1__ordinal__global__4__0.0__0.3,full__1__ordinal__global,full,1,ordinal,global,4,0.0,0.3,0.32889457793494725
3,1,full__1__ordinal__global__4__0.3__-0.3,full__1__ordinal__global,full,1,ordinal,global,4,0.3,-0.3,0.34342456778373986
3,1,full__1__ordinal__global__4__0.3__0.0,full__1__ordinal__global,full,1,ordinal,global,4,0.3,0.0,0.3507217293985328
3,1,full__1__ordinal__global__4__0.3__0.3,full__1__ordinal__global,full,1,ordinal,global,4,0.3,0.3,0.3460534779677894
3,1,full__1__ordinal__participant__1__-0.3__-0.3,full__1__ordinal__participant,full,1,ordinal,participant,1,-0.3,-0.3,0.3367946253900722
3,1,full__1__ordinal__participant__1__-0.3__0.0,full__1__ordinal__participant,full,1,ordinal,participant,1,-0.3,0.0,0.32522143810521237
3,1,full__1__ordinal__participant__1__-0.3__0.3,full__1__ordinal__participant,full,1,ordinal,participant,1,-0.3,0.3,0.33168037778605
3,1,full__1__ordinal__participant__1__0.0__-0.3,full__1__ordinal__participant,full,1,ordinal,participant,1,0.0,-0.3,0.3536285038708606
3,1,full__1__ordinal__participant__1__0.0__0.0,full__1__ordinal__participant,full,1,ordinal,participant,1,0.0,0.0,0.33183022252525896
3,1,full__1__ordinal__participant__1__0.0__0.3,full__1__ordinal__participant,full,1,ordinal,participant,1,0.0,0.3,0.32893103248858707
3,1,full__1__ordinal__participant__1__0.3__-0.3,full__1__ordinal__participant,full,1,ordinal,participant,1,0.3,-0.3,0.3395430149191159
3,1,full__1__ordinal__participant__1__0.3__0.0,full__1__ordinal__participant,full,1,ordinal,participant,1,0.3,0.0,0.3383985710660351
3,1,full__1__ordinal__participant__1__0.3__0.3,full__1__ordinal__participant,full,1,ordinal,participant,1,0.3,0.3,0.3235374678091438
3,1,full__1__ordinal__participant__4__-0.3__-0.3,full__1__ordinal__participant,full,1,ordinal,participant,4,-0.3,-0.3,0.3452266362704351
3,1,full__1__ordinal__participant__4__-0.3__0.0,full__1__ordinal__participant,full,1,ordinal,participant,4,-0.3,0.0,0.3227251218504456
3,1,full__1__ordinal__participant__4__-0.3__0.3,full__1__ordinal__participant,full,1,ordinal,participant,4,-0.3,0.3,0.3296257189208468
3,1,full__1__ordinal__participant__4__0.0__-0.3,full__1__ordinal__participant,full,1,ordinal,participant,4,0.0,-0.3,0.3668836276504295
3,1,full__1__ordinal__participant__4__0.0__0.0,full__1__ordinal__participant,full,1,ordinal,participant,4,0.0,0.0,0.3442796113005957
3,1,full__1__ordinal__participant__4__0.0__0.3,full__1__ordinal__participant,full,1,ordinal,participant,4,0.0,0.3,0.3320675503712523
3,1,full__1__ordinal__participant__4__0.3__-0.3,full__1__ordinal__participant,full,1,ordinal,participant,4,0.3,-0.3,0.3397599123558803
3,1,full__1__ordinal__participant__4__0.3__0.0,full__1__ordinal__participant,full,1,ordinal,participant,4,0.3,0.0,0.3470397031730162
3,1,full__1__ordinal__participant__4__0.3__0.3,full__1__ordinal__participant,full,1,ordinal,participant,4,0.3,0.3,0.3349123992039505
3,1,full__1__catboost__global__1__-0.3__-0.3,full__1__catboost__global,full,1,catboost,global,1,-0.3,-0.3,0.3392191215518162
3,1,full__1__catboost__global__1__-0.3__0.0,full__1__catboost__global,full,1,catboost,global,1,-0.3,0.0,0.33521059695920347
3,1,full__1__catboost__global__1__-0.3__0.3,full__1__catboost__global,full,1,catboost,global,1,-0.3,0.3,0.3375900955075725
3,1,full__1__catboost__global__1__0.0__-0.3,full__1__catboost__global,full,1,catboost,global,1,0.0,-0.3,0.33787983630436724
3,1,full__1__catboost__global__1__0.0__0.0,full__1__catboost__global,full,1,catboost,global,1,0.0,0.0,0.33473927584926355
3,1,full__1__catboost__global__1__0.0__0.3,full__1__catboost__global,full,1,catboost,global,1,0.0,0.3,0.3363831256840167
3,1,full__1__catboost__global__1__0.3__-0.3,full__1__catboost__global,full,1,catboost,global,1,0.3,-0.3,0.34586114451859395
3,1,full__1__catboost__global__1__0.3__0.0,full__1__catboost__global,full,1,catboost,global,1,0.3,0.0,0.33022174525066955
3,1,full__1__catboost__global__1__0.3__0.3,full__1__catboost__global,full,1,catboost,global,1,0.3,0.3,0.3342622705427183
3,1,full__1__catboost__global__4__-0.3__-0.3,full__1__catboost__global,full,1,catboost,global,4,-0.3,-0.3,0.33918195787861793
3,1,full__1__catboost__global__4__-0.3__0.0,full__1__catboost__global,full,1,catboost,global,4,-0.3,0.0,0.34343708571687803
3,1,full__1__catboost__global__4__-0.3__0.3,full__1__catboost__global,full,1,catboost,global,4,-0.3,0.3,0.3327593246986105
3,1,full__1__catboost__global__4__0.0__-0.3,full__1__catboost__global,full,1,catboost,global,4,0.0,-0.3,0.3506394817218236
3,1,full__1__catboost__global__4__0.0__0.0,full__1__catboost__global,full,1,catboost,global,4,0.0,0.0,0.34605406040094006
3,1,full__1__catboost__global__4__0.0__0.3,full__1__catboost__global,full,1,catboost,global,4,0.0,0.3,0.3382516319796787
3,1,full__1__catboost__global__4__0.3__-0.3,full__1__catboost__global,full,1,catboost,global,4,0.3,-0.3,0.3474971136250145
3,1,full__1__catboost__global__4__0.3__0.0,full__1__catboost__global,full,1,catboost,global,4,0.3,0.0,0.32421738678886736
3,1,full__1__catboost__global__4__0.3__0.3,full__1__catboost__global,full,1,catboost,global,4,0.3,0.3,0.3403466667150299
3,1,full__1__catboost__participant__1__-0.3__-0.3,full__1__catboost__participant,full,1,catboost,participant,1,-0.3,-0.3,0.32883375806222803
3,1,full__1__catboost__participant__1__-0.3__0.0,full__1__catboost__participant,full,1,catboost,participant,1,-0.3,0.0,0.3359607732209504
3,1,full__1__catboost__participant__1__-0.3__0.3,full__1__catboost__participant,full,1,catboost,participant,1,-0.3,0.3,0.3322465928214829
3,1,full__1__catboost__participant__1__0.0__-0.3,full__1__catboost__participant,full,1,catboost,participant,1,0.0,-0.3,0.33633122923545555
3,1,full__1__catboost__participant__1__0.0__0.0,full__1__catboost__participant,full,1,catboost,participant,1,0.0,0.0,0.3308357335573536
3,1,full__1__catboost__participant__1__0.0__0.3,full__1__catboost__participant,full,1,catboost,participant,1,0.0,0.3,0.3322253911932611
3,1,full__1__catboost__participant__1__0.3__-0.3,full__1__catboost__participant,full,1,catboost,participant,1,0.3,-0.3,0.3357146690612415
3,1,full__1__catboost__participant__1__0.3__0.0,full__1__catboost__participant,full,1,catboost,participant,1,0.3,0.0,0.3284739359687913
3,1,full__1__catboost__participant__1__0.3__0.3,full__1__catboost__participant,full,1,catboost,participant,1,0.3,0.3,0.32929641142109184
3,1,full__1__catboost__participant__4__-0.3__-0.3,full__1__catboost__participant,full,1,catboost,participant,4,-0.3,-0.3,0.33137936335234597
3,1,full__1__catboost__participant__4__-0.3__0.0,full__1__catboost__participant,full,1,catboost,participant,4,-0.3,0.0,0.3398915685753062
3,1,full__1__catboost__participant__4__-0.3__0.3,full__1__catboost__participant,full,1,catboost,participant,4,-0.3,0.3,0.3327346129165772
3,1,full__1__catboost__participant__4__0.0__-0.3,full__1__catboost__participant,full,1,catboost,participant,4,0.0,-0.3,0.33940153926513156
3,1,full__1__catboost__participant__4__0.0__0.0,full__1__catboost__participant,full,1,catboost,participant,4,0.0,0.0,0.33178550483090896
3,1,full__1__catboost__participant__4__0.0__0.3,full__1__catboost__participant,full,1,catboost,participant,4,0.0,0.3,0.33681344568051835
3,1,full__1__catboost__participant__4__0.3__-0.3,full__1__catboost__participant,full,1,catboost,participant,4,0.3,-0.3,0.33867230508823876
3,1,full__1__catboost__participant__4__0.3__0.0,full__1__catboost__participant,full,1,catboost,participant,4,0.3,0.0,0.33395269390086935
3,1,full__1__catboost__participant__4__0.3__0.3,full__1__catboost__participant,full,1,catboost,participant,4,0.3,0.3,0.33330972307153395
3,1,full__8__logistic__global__1__-0.3__-0.3,full__8__logistic__global,full,8,logistic,global,1,-0.3,-0.3,0.35196358354156465
3,1,full__8__logistic__global__1__-0.3__0.0,full__8__logistic__global,full,8,logistic,global,1,-0.3,0.0,0.34025355859268525
3,1,full__8__logistic__global__1__-0.3__0.3,full__8__logistic__global,full,8,logistic,global,1,-0.3,0.3,0.3393621481984168
3,1,full__8__logistic__global__1__0.0__-0.3,full__8__logistic__global,full,8,logistic,global,1,0.0,-0.3,0.3663236181038732
3,1,full__8__logistic__global__1__0.0__0.0,full__8__logistic__global,full,8,logistic,global,1,0.0,0.0,0.3578114007400181
3,1,full__8__logistic__global__1__0.0__0.3,full__8__logistic__global,full,8,logistic,global,1,0.0,0.3,0.3368800565950041
3,1,full__8__logistic__global__1__0.3__-0.3,full__8__logistic__global,full,8,logistic,global,1,0.3,-0.3,0.3597255221630482
3,1,full__8__logistic__global__1__0.3__0.0,full__8__logistic__global,full,8,logistic,global,1,0.3,0.0,0.35718114550176344
3,1,full__8__logistic__global__1__0.3__0.3,full__8__logistic__global,full,8,logistic,global,1,0.3,0.3,0.34894178885345
3,1,full__8__logistic__global__4__-0.3__-0.3,full__8__logistic__global,full,8,logistic,global,4,-0.3,-0.3,0.3460915934763637
3,1,full__8__logistic__global__4__-0.3__0.0,full__8__logistic__global,full,8,logistic,global,4,-0.3,0.0,0.3276213493421005
3,1,full__8__logistic__global__4__-0.3__0.3,full__8__logistic__global,full,8,logistic,global,4,-0.3,0.3,0.34182774480988193
3,1,full__8__logistic__global__4__0.0__-0.3,full__8__logistic__global,full,8,logistic,global,4,0.0,-0.3,0.36124053792601846
3,1,full__8__logistic__global__4__0.0__0.0,full__8__logistic__global,full,8,logistic,global,4,0.0,0.0,0.3502190453139472
3,1,full__8__logistic__global__4__0.0__0.3,full__8__logistic__global,full,8,logistic,global,4,0.0,0.3,0.3331478006533018
3,1,full__8__logistic__global__4__0.3__-0.3,full__8__logistic__global,full,8,logistic,global,4,0.3,-0.3,0.3607640417229716
3,1,full__8__logistic__global__4__0.3__0.0,full__8__logistic__global,full,8,logistic,global,4,0.3,0.0,0.35789873050176646
3,1,full__8__logistic__global__4__0.3__0.3,full__8__logistic__global,full,8,logistic,global,4,0.3,0.3,0.3476040033255823
3,1,full__8__logistic__participant__1__-0.3__-0.3,full__8__logistic__participant,full,8,logistic,participant,1,-0.3,-0.3,0.34803629247429546
3,1,full__8__logistic__participant__1__-0.3__0.0,full__8__logistic__participant,full,8,logistic,participant,1,-0.3,0.0,0.3393384861554416
3,1,full__8__logistic__participant__1__-0.3__0.3,full__8__logistic__participant,full,8,logistic,participant,1,-0.3,0.3,0.32886248269209795
3,1,full__8__logistic__participant__1__0.0__-0.3,full__8__logistic__participant,full,8,logistic,participant,1,0.0,-0.3,0.35294373367287923
3,1,full__8__logistic__participant__1__0.0__0.0,full__8__logistic__participant,full,8,logistic,participant,1,0.0,0.0,0.3517859608191553
3,1,full__8__logistic__participant__1__0.0__0.3,full__8__logistic__participant,full,8,logistic,participant,1,0.0,0.3,0.3367545944233557
3,1,full__8__logistic__participant__1__0.3__-0.3,full__8__logistic__participant,full,8,logistic,participant,1,0.3,-0.3,0.34266900152240054
3,1,full__8__logistic__participant__1__0.3__0.0,full__8__logistic__participant,full,8,logistic,participant,1,0.3,0.0,0.35144970227315786
3,1,full__8__logistic__participant__1__0.3__0.3,full__8__logistic__participant,full,8,logistic,participant,1,0.3,0.3,0.3523487274594423
3,1,full__8__logistic__participant__4__-0.3__-0.3,full__8__logistic__participant,full,8,logistic,participant,4,-0.3,-0.3,0.34080147757954066
3,1,full__8__logistic__participant__4__-0.3__0.0,full__8__logistic__participant,full,8,logistic,participant,4,-0.3,0.0,0.34016327070095276
3,1,full__8__logistic__participant__4__-0.3__0.3,full__8__logistic__participant,full,8,logistic,participant,4,-0.3,0.3,0.32805040315934964
3,1,full__8__logistic__participant__4__0.0__-0.3,full__8__logistic__participant,full,8,logistic,participant,4,0.0,-0.3,0.35159663766599436
3,1,full__8__logistic__participant__4__0.0__0.0,full__8__logistic__participant,full,8,logistic,participant,4,0.0,0.0,0.35638989950982586
3,1,full__8__logistic__participant__4__0.0__0.3,full__8__logistic__participant,full,8,logistic,participant,4,0.0,0.3,0.33645908168726624
3,1,full__8__logistic__participant__4__0.3__-0.3,full__8__logistic__participant,full,8,logistic,participant,4,0.3,-0.3,0.34333445616955705
3,1,full__8__logistic__participant__4__0.3__0.0,full__8__logistic__participant,full,8,logistic,participant,4,0.3,0.0,0.34473369109570484
3,1,full__8__logistic__participant__4__0.3__0.3,full__8__logistic__participant,full,8,logistic,participant,4,0.3,0.3,0.35931094931969376
3,1,full__8__ordinal__global__1__-0.3__-0.3,full__8__ordinal__global,full,8,ordinal,global,1,-0.3,-0.3,0.3495376418388173
3,1,full__8__ordinal__global__1__-0.3__0.0,full__8__ordinal__global,full,8,ordinal,global,1,-0.3,0.0,0.3408143531780196
3,1,full__8__ordinal__global__1__-0.3__0.3,full__8__ordinal__global,full,8,ordinal,global,1,-0.3,0.3,0.3394237533701032
3,1,full__8__ordinal__global__1__0.0__-0.3,full__8__ordinal__global,full,8,ordinal,global,1,0.0,-0.3,0.3604383895283066
3,1,full__8__ordinal__global__1__0.0__0.0,full__8__ordinal__global,full,8,ordinal,global,1,0.0,0.0,0.35688447375317717
3,1,full__8__ordinal__global__1__0.0__0.3,full__8__ordinal__global,full,8,ordinal,global,1,0.0,0.3,0.3339663152042929
3,1,full__8__ordinal__global__1__0.3__-0.3,full__8__ordinal__global,full,8,ordinal,global,1,0.3,-0.3,0.3571641371457377
3,1,full__8__ordinal__global__1__0.3__0.0,full__8__ordinal__global,full,8,ordinal,global,1,0.3,0.0,0.358912164446705
3,1,full__8__ordinal__global__1__0.3__0.3,full__8__ordinal__global,full,8,ordinal,global,1,0.3,0.3,0.34877427932796656
3,1,full__8__ordinal__global__4__-0.3__-0.3,full__8__ordinal__global,full,8,ordinal,global,4,-0.3,-0.3,0.34176926602571556
3,1,full__8__ordinal__global__4__-0.3__0.0,full__8__ordinal__global,full,8,ordinal,global,4,-0.3,0.0,0.33102617241203813
3,1,full__8__ordinal__global__4__-0.3__0.3,full__8__ordinal__global,full,8,ordinal,global,4,-0.3,0.3,0.3368551014425812
3,1,full__8__ordinal__global__4__0.0__-0.3,full__8__ordinal__global,full,8,ordinal,global,4,0.0,-0.3,0.3559536329933992
3,1,full__8__ordinal__global__4__0.0__0.0,full__8__ordinal__global,full,8,ordinal,global,4,0.0,0.0,0.34697804584253017
3,1,full__8__ordinal__global__4__0.0__0.3,full__8__ordinal__global,full,8,ordinal,global,4,0.0,0.3,0.3291277148169144
3,1,full__8__ordinal__global__4__0.3__-0.3,full__8__ordinal__global,full,8,ordinal,global,4,0.3,-0.3,0.3597738744033023
3,1,full__8__ordinal__global__4__0.3__0.0,full__8__ordinal__global,full,8,ordinal,global,4,0.3,0.0,0.35723093591305444
3,1,full__8__ordinal__global__4__0.3__0.3,full__8__ordinal__global,full,8,ordinal,global,4,0.3,0.3,0.34830928602263644
3,1,full__8__ordinal__participant__1__-0.3__-0.3,full__8__ordinal__participant,full,8,ordinal,participant,1,-0.3,-0.3,0.3442411497578751
3,1,full__8__ordinal__participant__1__-0.3__0.0,full__8__ordinal__participant,full,8,ordinal,participant,1,-0.3,0.0,0.34055064904657295
3,1,full__8__ordinal__participant__1__-0.3__0.3,full__8__ordinal__participant,full,8,ordinal,participant,1,-0.3,0.3,0.32616199289573855
3,1,full__8__ordinal__participant__1__0.0__-0.3,full__8__ordinal__participant,full,8,ordinal,participant,1,0.0,-0.3,0.3547277805343853
3,1,full__8__ordinal__participant__1__0.0__0.0,full__8__ordinal__participant,full,8,ordinal,participant,1,0.0,0.0,0.35653495114101025
3,1,full__8__ordinal__participant__1__0.0__0.3,full__8__ordinal__participant,full,8,ordinal,participant,1,0.0,0.3,0.3348641884297573
3,1,full__8__ordinal__participant__1__0.3__-0.3,full__8__ordinal__participant,full,8,ordinal,participant,1,0.3,-0.3,0.34693790042280975
3,1,full__8__ordinal__participant__1__0.3__0.0,full__8__ordinal__participant,full,8,ordinal,participant,1,0.3,0.0,0.35230847823145633
3,1,full__8__ordinal__participant__1__0.3__0.3,full__8__ordinal__participant,full,8,ordinal,participant,1,0.3,0.3,0.354927907800395
3,1,full__8__ordinal__participant__4__-0.3__-0.3,full__8__ordinal__participant,full,8,ordinal,participant,4,-0.3,-0.3,0.3428747114960845
3,1,full__8__ordinal__participant__4__-0.3__0.0,full__8__ordinal__participant,full,8,ordinal,participant,4,-0.3,0.0,0.34098986204463244
3,1,full__8__ordinal__participant__4__-0.3__0.3,full__8__ordinal__participant,full,8,ordinal,participant,4,-0.3,0.3,0.32646617120051047
3,1,full__8__ordinal__participant__4__0.0__-0.3,full__8__ordinal__participant,full,8,ordinal,participant,4,0.0,-0.3,0.3514328848337423
3,1,full__8__ordinal__participant__4__0.0__0.0,full__8__ordinal__participant,full,8,ordinal,participant,4,0.0,0.0,0.35916700454474193
3,1,full__8__ordinal__participant__4__0.0__0.3,full__8__ordinal__participant,full,8,ordinal,participant,4,0.0,0.3,0.33217964028758806
3,1,full__8__ordinal__participant__4__0.3__-0.3,full__8__ordinal__participant,full,8,ordinal,participant,4,0.3,-0.3,0.3478065388678512
3,1,full__8__ordinal__participant__4__0.3__0.0,full__8__ordinal__participant,full,8,ordinal,participant,4,0.3,0.0,0.34596368099450586
3,1,full__8__ordinal__participant__4__0.3__0.3,full__8__ordinal__participant,full,8,ordinal,participant,4,0.3,0.3,0.3587791444612788
3,1,full__8__catboost__global__1__-0.3__-0.3,full__8__catboost__global,full,8,catboost,global,1,-0.3,-0.3,0.3329031831893853
3,1,full__8__catboost__global__1__-0.3__0.0,full__8__catboost__global,full,8,catboost,global,1,-0.3,0.0,0.320108589467333
3,1,full__8__catboost__global__1__-0.3__0.3,full__8__catboost__global,full,8,catboost,global,1,-0.3,0.3,0.3332161159217544
3,1,full__8__catboost__global__1__0.0__-0.3,full__8__catboost__global,full,8,catboost,global,1,0.0,-0.3,0.34164690523203106
3,1,full__8__catboost__global__1__0.0__0.0,full__8__catboost__global,full,8,catboost,global,1,0.0,0.0,0.32490608376966307
3,1,full__8__catboost__global__1__0.0__0.3,full__8__catboost__global,full,8,catboost,global,1,0.0,0.3,0.336488935663791
3,1,full__8__catboost__global__1__0.3__-0.3,full__8__catboost__global,full,8,catboost,global,1,0.3,-0.3,0.3436251358749772
3,1,full__8__catboost__global__1__0.3__0.0,full__8__catboost__global,full,8,catboost,global,1,0.3,0.0,0.33421587854221846
3,1,full__8__catboost__global__1__0.3__0.3,full__8__catboost__global,full,8,catboost,global,1,0.3,0.3,0.3276494614441203
3,1,full__8__catboost__global__4__-0.3__-0.3,full__8__catboost__global,full,8,catboost,global,4,-0.3,-0.3,0.33185513360299185
3,1,full__8__catboost__global__4__-0.3__0.0,full__8__catboost__global,full,8,catboost,global,4,-0.3,0.0,0.3157023028085429
3,1,full__8__catboost__global__4__-0.3__0.3,full__8__catboost__global,full,8,catboost,global,4,-0.3,0.3,0.33558576039845206
3,1,full__8__catboost__global__4__0.0__-0.3,full__8__catboost__global,full,8,catboost,global,4,0.0,-0.3,0.3347553165266421
3,1,full__8__catboost__global__4__0.0__0.0,full__8__catboost__global,full,8,catboost,global,4,0.0,0.0,0.3242611880137431
3,1,full__8__catboost__global__4__0.0__0.3,full__8__catboost__global,full,8,catboost,global,4,0.0,0.3,0.34257152625078663
3,1,full__8__catboost__global__4__0.3__-0.3,full__8__catboost__global,full,8,catboost,global,4,0.3,-0.3,0.32953711276084535
3,1,full__8__catboost__global__4__0.3__0.0,full__8__catboost__global,full,8,catboost,global,4,0.3,0.0,0.3210649549507686
3,1,full__8__catboost__global__4__0.3__0.3,full__8__catboost__global,full,8,catboost,global,4,0.3,0.3,0.33076901590850816
3,1,full__8__catboost__participant__1__-0.3__-0.3,full__8__catboost__participant,full,8,catboost,participant,1,-0.3,-0.3,0.32336268008945984
3,1,full__8__catboost__participant__1__-0.3__0.0,full__8__catboost__participant,full,8,catboost,participant,1,-0.3,0.0,0.32074150821256575
3,1,full__8__catboost__participant__1__-0.3__0.3,full__8__catboost__participant,full,8,catboost,participant,1,-0.3,0.3,0.3289400223490955
3,1,full__8__catboost__participant__1__0.0__-0.3,full__8__catboost__participant,full,8,catboost,participant,1,0.0,-0.3,0.33916224247213694
3,1,full__8__catboost__participant__1__0.0__0.0,full__8__catboost__participant,full,8,catboost,participant,1,0.0,0.0,0.3346448565173823
3,1,full__8__catboost__participant__1__0.0__0.3,full__8__catboost__participant,full,8,catboost,participant,1,0.0,0.3,0.3282972482015645
3,1,full__8__catboost__participant__1__0.3__-0.3,full__8__catboost__participant,full,8,catboost,participant,1,0.3,-0.3,0.34521911734734484
3,1,full__8__catboost__participant__1__0.3__0.0,full__8__catboost__participant,full,8,catboost,participant,1,0.3,0.0,0.3285659942751877
3,1,full__8__catboost__participant__1__0.3__0.3,full__8__catboost__participant,full,8,catboost,participant,1,0.3,0.3,0.3261763620221059
3,1,full__8__catboost__participant__4__-0.3__-0.3,full__8__catboost__participant,full,8,catboost,participant,4,-0.3,-0.3,0.32287237975456773
3,1,full__8__catboost__participant__4__-0.3__0.0,full__8__catboost__participant,full,8,catboost,participant,4,-0.3,0.0,0.3151818982095435
3,1,full__8__catboost__participant__4__-0.3__0.3,full__8__catboost__participant,full,8,catboost,participant,4,-0.3,0.3,0.33223411889356735
3,1,full__8__catboost__participant__4__0.0__-0.3,full__8__catboost__participant,full,8,catboost,participant,4,0.0,-0.3,0.3377208283617141
3,1,full__8__catboost__participant__4__0.0__0.0,full__8__catboost__participant,full,8,catboost,participant,4,0.0,0.0,0.33368517503082684
3,1,full__8__catboost__participant__4__0.0__0.3,full__8__catboost__participant,full,8,catboost,participant,4,0.0,0.3,0.3297969521062103
3,1,full__8__catboost__participant__4__0.3__-0.3,full__8__catboost__participant,full,8,catboost,participant,4,0.3,-0.3,0.33825948582899856
3,1,full__8__catboost__participant__4__0.3__0.0,full__8__catboost__participant,full,8,catboost,participant,4,0.3,0.0,0.3250931252947592
3,1,full__8__catboost__participant__4__0.3__0.3,full__8__catboost__participant,full,8,catboost,participant,4,0.3,0.3,0.3229965075510549
3,2,eye_pupil__1__logistic__global__1__-0.3__-0.3,eye_pupil__1__logistic__global,eye_pupil,1,logistic,global,1,-0.3,-0.3,0.3188591776198462
3,2,eye_pupil__1__logistic__global__1__-0.3__0.0,eye_pupil__1__logistic__global,eye_pupil,1,logistic,global,1,-0.3,0.0,0.34860516646561723
3,2,eye_pupil__1__logistic__global__1__-0.3__0.3,eye_pupil__1__logistic__global,eye_pupil,1,logistic,global,1,-0.3,0.3,0.33747090248798983
3,2,eye_pupil__1__logistic__global__1__0.0__-0.3,eye_pupil__1__logistic__global,eye_pupil,1,logistic,global,1,0.0,-0.3,0.32536345160399766
3,2,eye_pupil__1__logistic__global__1__0.0__0.0,eye_pupil__1__logistic__global,eye_pupil,1,logistic,global,1,0.0,0.0,0.3249157840378683
3,2,eye_pupil__1__logistic__global__1__0.0__0.3,eye_pupil__1__logistic__global,eye_pupil,1,logistic,global,1,0.0,0.3,0.3327207485256311
3,2,eye_pupil__1__logistic__global__1__0.3__-0.3,eye_pupil__1__logistic__global,eye_pupil,1,logistic,global,1,0.3,-0.3,0.3358218917617623
3,2,eye_pupil__1__logistic__global__1__0.3__0.0,eye_pupil__1__logistic__global,eye_pupil,1,logistic,global,1,0.3,0.0,0.33344377509180245
3,2,eye_pupil__1__logistic__global__1__0.3__0.3,eye_pupil__1__logistic__global,eye_pupil,1,logistic,global,1,0.3,0.3,0.318067906828007
3,2,eye_pupil__1__logistic__global__4__-0.3__-0.3,eye_pupil__1__logistic__global,eye_pupil,1,logistic,global,4,-0.3,-0.3,0.32545305204105823
3,2,eye_pupil__1__logistic__global__4__-0.3__0.0,eye_pupil__1__logistic__global,eye_pupil,1,logistic,global,4,-0.3,0.0,0.35317814530339475
3,2,eye_pupil__1__logistic__global__4__-0.3__0.3,eye_pupil__1__logistic__global,eye_pupil,1,logistic,global,4,-0.3,0.3,0.3332928106166797
3,2,eye_pupil__1__logistic__global__4__0.0__-0.3,eye_pupil__1__logistic__global,eye_pupil,1,logistic,global,4,0.0,-0.3,0.3281172307133943
3,2,eye_pupil__1__logistic__global__4__0.0__0.0,eye_pupil__1__logistic__global,eye_pupil,1,logistic,global,4,0.0,0.0,0.3318544208251832
3,2,eye_pupil__1__logistic__global__4__0.0__0.3,eye_pupil__1__logistic__global,eye_pupil,1,logistic,global,4,0.0,0.3,0.3325099235782907
3,2,eye_pupil__1__logistic__global__4__0.3__-0.3,eye_pupil__1__logistic__global,eye_pupil,1,logistic,global,4,0.3,-0.3,0.3358964357036993
3,2,eye_pupil__1__logistic__global__4__0.3__0.0,eye_pupil__1__logistic__global,eye_pupil,1,logistic,global,4,0.3,0.0,0.33553096599723
3,2,eye_pupil__1__logistic__global__4__0.3__0.3,eye_pupil__1__logistic__global,eye_pupil,1,logistic,global,4,0.3,0.3,0.32010627229076155
3,2,eye_pupil__1__logistic__participant__1__-0.3__-0.3,eye_pupil__1__logistic__participant,eye_pupil,1,logistic,participant,1,-0.3,-0.3,0.33001928917795453
3,2,eye_pupil__1__logistic__participant__1__-0.3__0.0,eye_pupil__1__logistic__participant,eye_pupil,1,logistic,participant,1,-0.3,0.0,0.35045667539144465
3,2,eye_pupil__1__logistic__participant__1__-0.3__0.3,eye_pupil__1__logistic__participant,eye_pupil,1,logistic,participant,1,-0.3,0.3,0.3332387991813355
3,2,eye_pupil__1__logistic__participant__1__0.0__-0.3,eye_pupil__1__logistic__participant,eye_pupil,1,logistic,participant,1,0.0,-0.3,0.33404182057459086
3,2,eye_pupil__1__logistic__participant__1__0.0__0.0,eye_pupil__1__logistic__participant,eye_pupil,1,logistic,participant,1,0.0,0.0,0.3362658310998904
3,2,eye_pupil__1__logistic__participant__1__0.0__0.3,eye_pupil__1__logistic__participant,eye_pupil,1,logistic,participant,1,0.0,0.3,0.3337325997400794
3,2,eye_pupil__1__logistic__participant__1__0.3__-0.3,eye_pupil__1__logistic__participant,eye_pupil,1,logistic,participant,1,0.3,-0.3,0.33304355849275064
3,2,eye_pupil__1__logistic__participant__1__0.3__0.0,eye_pupil__1__logistic__participant,eye_pupil,1,logistic,participant,1,0.3,0.0,0.3324875644298154
3,2,eye_pupil__1__logistic__participant__1__0.3__0.3,eye_pupil__1__logistic__participant,eye_pupil,1,logistic,participant,1,0.3,0.3,0.32347527981447216
3,2,eye_pupil__1__logistic__participant__4__-0.3__-0.3,eye_pupil__1__logistic__participant,eye_pupil,1,logistic,participant,4,-0.3,-0.3,0.330205276950885
3,2,eye_pupil__1__logistic__participant__4__-0.3__0.0,eye_pupil__1__logistic__participant,eye_pupil,1,logistic,participant,4,-0.3,0.0,0.34842575380758034
3,2,eye_pupil__1__logistic__participant__4__-0.3__0.3,eye_pupil__1__logistic__participant,eye_pupil,1,logistic,participant,4,-0.3,0.3,0.33458971603253823
3,2,eye_pupil__1__logistic__participant__4__0.0__-0.3,eye_pupil__1__logistic__participant,eye_pupil,1,logistic,participant,4,0.0,-0.3,0.34410544798369763
3,2,eye_pupil__1__logistic__participant__4__0.0__0.0,eye_pupil__1__logistic__participant,eye_pupil,1,logistic,participant,4,0.0,0.0,0.33157702710351183
3,2,eye_pupil__1__logistic__participant__4__0.0__0.3,eye_pupil__1__logistic__participant,eye_pupil,1,logistic,participant,4,0.0,0.3,0.3374219505650927
3,2,eye_pupil__1__logistic__participant__4__0.3__-0.3,eye_pupil__1__logistic__participant,eye_pupil,1,logistic,participant,4,0.3,-0.3,0.3335909019569221
3,2,eye_pupil__1__logistic__participant__4__0.3__0.0,eye_pupil__1__logistic__participant,eye_pupil,1,logistic,participant,4,0.3,0.0,0.332918296213973
3,2,eye_pupil__1__logistic__participant__4__0.3__0.3,eye_pupil__1__logistic__participant,eye_pupil,1,logistic,participant,4,0.3,0.3,0.3206472040035929
3,2,eye_pupil__1__ordinal__global__1__-0.3__-0.3,eye_pupil__1__ordinal__global,eye_pupil,1,ordinal,global,1,-0.3,-0.3,0.3198931657845466
3,2,eye_pupil__1__ordinal__global__1__-0.3__0.0,eye_pupil__1__ordinal__global,eye_pupil,1,ordinal,global,1,-0.3,0.0,0.34675806164880096
3,2,eye_pupil__1__ordinal__global__1__-0.3__0.3,eye_pupil__1__ordinal__global,eye_pupil,1,ordinal,global,1,-0.3,0.3,0.3357887279910924
3,2,eye_pupil__1__ordinal__global__1__0.0__-0.3,eye_pupil__1__ordinal__global,eye_pupil,1,ordinal,global,1,0.0,-0.3,0.32775454847327334
3,2,eye_pupil__1__ordinal__global__1__0.0__0.0,eye_pupil__1__ordinal__global,eye_pupil,1,ordinal,global,1,0.0,0.0,0.32686630660359334
3,2,eye_pupil__1__ordinal__global__1__0.0__0.3,eye_pupil__1__ordinal__global,eye_pupil,1,ordinal,global,1,0.0,0.3,0.33182879030848317
3,2,eye_pupil__1__ordinal__global__1__0.3__-0.3,eye_pupil__1__ordinal__global,eye_pupil,1,ordinal,global,1,0.3,-0.3,0.3332214217113424
3,2,eye_pupil__1__ordinal__global__1__0.3__0.0,eye_pupil__1__ordinal__global,eye_pupil,1,ordinal,global,1,0.3,0.0,0.33146173423124026
3,2,eye_pupil__1__ordinal__global__1__0.3__0.3,eye_pupil__1__ordinal__global,eye_pupil,1,ordinal,global,1,0.3,0.3,0.314333943772696
3,2,eye_pupil__1__ordinal__global__4__-0.3__-0.3,eye_pupil__1__ordinal__global,eye_pupil,1,ordinal,global,4,-0.3,-0.3,0.3247088449570745
3,2,eye_pupil__1__ordinal__global__4__-0.3__0.0,eye_pupil__1__ordinal__global,eye_pupil,1,ordinal,global,4,-0.3,0.0,0.3497496416789568
3,2,eye_pupil__1__ordinal__global__4__-0.3__0.3,eye_pupil__1__ordinal__global,eye_pupil,1,ordinal,global,4,-0.3,0.3,0.33373025483043683
3,2,eye_pupil__1__ordinal__global__4__0.0__-0.3,eye_pupil__1__ordinal__global,eye_pupil,1,ordinal,global,4,0.0,-0.3,0.32414443681619376
3,2,eye_pupil__1__ordinal__global__4__0.0__0.0,eye_pupil__1__ordinal__global,eye_pupil,1,ordinal,global,4,0.0,0.0,0.3265674349548716
3,2,eye_pupil__1__ordinal__global__4__0.0__0.3,eye_pupil__1__ordinal__global,eye_pupil,1,ordinal,global,4,0.0,0.3,0.33405741864999783
3,2,eye_pupil__1__ordinal__global__4__0.3__-0.3,eye_pupil__1__ordinal__global,eye_pupil,1,ordinal,global,4,0.3,-0.3,0.33608170212792554
3,2,eye_pupil__1__ordinal__global__4__0.3__0.0,eye_pupil__1__ordinal__global,eye_pupil,1,ordinal,global,4,0.3,0.0,0.33602544701638515
3,2,eye_pupil__1__ordinal__global__4__0.3__0.3,eye_pupil__1__ordinal__global,eye_pupil,1,ordinal,global,4,0.3,0.3,0.31936481242898634
3,2,eye_pupil__1__ordinal__participant__1__-0.3__-0.3,eye_pupil__1__ordinal__participant,eye_pupil,1,ordinal,participant,1,-0.3,-0.3,0.3287655753906023
3,2,eye_pupil__1__ordinal__participant__1__-0.3__0.0,eye_pupil__1__ordinal__participant,eye_pupil,1,ordinal,participant,1,-0.3,0.0,0.34716747484219185
3,2,eye_pupil__1__ordinal__participant__1__-0.3__0.3,eye_pupil__1__ordinal__participant,eye_pupil,1,ordinal,participant,1,-0.3,0.3,0.3343524936844509
3,2,eye_pupil__1__ordinal__participant__1__0.0__-0.3,eye_pupil__1__ordinal__participant,eye_pupil,1,ordinal,participant,1,0.0,-0.3,0.33413877006225773
3,2,eye_pupil__1__ordinal__participant__1__0.0__0.0,eye_pupil__1__ordinal__participant,eye_pupil,1,ordinal,participant,1,0.0,0.0,0.335995877352387
3,2,eye_pupil__1__ordinal__participant__1__0.0__0.3,eye_pupil__1__ordinal__participant,eye_pupil,1,ordinal,participant,1,0.0,0.3,0.33430207655612
3,2,eye_pupil__1__ordinal__participant__1__0.3__-0.3,eye_pupil__1__ordinal__participant,eye_pupil,1,ordinal,participant,1,0.3,-0.3,0.3329896752649688
3,2,eye_pupil__1__ordinal__participant__1__0.3__0.0,eye_pupil__1__ordinal__participant,eye_pupil,1,ordinal,participant,1,0.3,0.0,0.33246604975652544
3,2,eye_pupil__1__ordinal__participant__1__0.3__0.3,eye_pupil__1__ordinal__participant,eye_pupil,1,ordinal,participant,1,0.3,0.3,0.323038183711334
3,2,eye_pupil__1__ordinal__participant__4__-0.3__-0.3,eye_pupil__1__ordinal__participant,eye_pupil,1,ordinal,participant,4,-0.3,-0.3,0.32792435180444673
3,2,eye_pupil__1__ordinal__participant__4__-0.3__0.0,eye_pupil__1__ordinal__participant,eye_pupil,1,ordinal,participant,4,-0.3,0.0,0.3488734316417732
3,2,eye_pupil__1__ordinal__participant__4__-0.3__0.3,eye_pupil__1__ordinal__participant,eye_pupil,1,ordinal,participant,4,-0.3,0.3,0.33478722104558856
3,2,eye_pupil__1__ordinal__participant__4__0.0__-0.3,eye_pupil__1__ordinal__participant,eye_pupil,1,ordinal,participant,4,0.0,-0.3,0.3439436013168558
3,2,eye_pupil__1__ordinal__participant__4__0.0__0.0,eye_pupil__1__ordinal__participant,eye_pupil,1,ordinal,participant,4,0.0,0.0,0.3316540250334768
3,2,eye_pupil__1__ordinal__participant__4__0.0__0.3,eye_pupil__1__ordinal__participant,eye_pupil,1,ordinal,participant,4,0.0,0.3,0.33852609370453235
3,2,eye_pupil__1__ordinal__participant__4__0.3__-0.3,eye_pupil__1__ordinal__participant,eye_pupil,1,ordinal,participant,4,0.3,-0.3,0.3322897509835683
3,2,eye_pupil__1__ordinal__participant__4__0.3__0.0,eye_pupil__1__ordinal__participant,eye_pupil,1,ordinal,participant,4,0.3,0.0,0.3302007709744822
3,2,eye_pupil__1__ordinal__participant__4__0.3__0.3,eye_pupil__1__ordinal__participant,eye_pupil,1,ordinal,participant,4,0.3,0.3,0.3192863473031151
3,2,eye_pupil__1__catboost__global__1__-0.3__-0.3,eye_pupil__1__catboost__global,eye_pupil,1,catboost,global,1,-0.3,-0.3,0.3159271854208599
3,2,eye_pupil__1__catboost__global__1__-0.3__0.0,eye_pupil__1__catboost__global,eye_pupil,1,catboost,global,1,-0.3,0.0,0.3442743368169508
3,2,eye_pupil__1__catboost__global__1__-0.3__0.3,eye_pupil__1__catboost__global,eye_pupil,1,catboost,global,1,-0.3,0.3,0.3364776484747875
3,2,eye_pupil__1__catboost__global__1__0.0__-0.3,eye_pupil__1__catboost__global,eye_pupil,1,catboost,global,1,0.0,-0.3,0.31850707281617163
3,2,eye_pupil__1__catboost__global__1__0.0__0.0,eye_pupil__1__catboost__global,eye_pupil,1,catboost,global,1,0.0,0.0,0.3235663231886443
3,2,eye_pupil__1__catboost__global__1__0.0__0.3,eye_pupil__1__catboost__global,eye_pupil,1,catboost,global,1,0.0,0.3,0.3293328366801215
3,2,eye_pupil__1__catboost__global__1__0.3__-0.3,eye_pupil__1__catboost__global,eye_pupil,1,catboost,global,1,0.3,-0.3,0.3337878344668169
3,2,eye_pupil__1__catboost__global__1__0.3__0.0,eye_pupil__1__catboost__global,eye_pupil,1,catboost,global,1,0.3,0.0,0.333748876160902
3,2,eye_pupil__1__catboost__global__1__0.3__0.3,eye_pupil__1__catboost__global,eye_pupil,1,catboost,global,1,0.3,0.3,0.3062417943062818
3,2,eye_pupil__1__catboost__global__4__-0.3__-0.3,eye_pupil__1__catboost__global,eye_pupil,1,catboost,global,4,-0.3,-0.3,0.31750202038297215
3,2,eye_pupil__1__catboost__global__4__-0.3__0.0,eye_pupil__1__catboost__global,eye_pupil,1,catboost,global,4,-0.3,0.0,0.3397114790323137
3,2,eye_pupil__1__catboost__global__4__-0.3__0.3,eye_pupil__1__catboost__global,eye_pupil,1,catboost,global,4,-0.3,0.3,0.3338033607957648
3,2,eye_pupil__1__catboost__global__4__0.0__-0.3,eye_pupil__1__catboost__global,eye_pupil,1,catboost,global,4,0.0,-0.3,0.3186452642805539
3,2,eye_pupil__1__catboost__global__4__0.0__0.0,eye_pupil__1__catboost__global,eye_pupil,1,catboost,global,4,0.0,0.0,0.3217885740710627
3,2,eye_pupil__1__catboost__global__4__0.0__0.3,eye_pupil__1__catboost__global,eye_pupil,1,catboost,global,4,0.0,0.3,0.33011899351992247
3,2,eye_pupil__1__catboost__global__4__0.3__-0.3,eye_pupil__1__catboost__global,eye_pupil,1,catboost,global,4,0.3,-0.3,0.33827765211016025
3,2,eye_pupil__1__catboost__global__4__0.3__0.0,eye_pupil__1__catboost__global,eye_pupil,1,catboost,global,4,0.3,0.0,0.33784348049995816
3,2,eye_pupil__1__catboost__global__4__0.3__0.3,eye_pupil__1__catboost__global,eye_pupil,1,catboost,global,4,0.3,0.3,0.30568497054750987
3,2,eye_pupil__1__catboost__participant__1__-0.3__-0.3,eye_pupil__1__catboost__participant,eye_pupil,1,catboost,participant,1,-0.3,-0.3,0.31984654306606763
3,2,eye_pupil__1__catboost__participant__1__-0.3__0.0,eye_pupil__1__catboost__participant,eye_pupil,1,catboost,participant,1,-0.3,0.0,0.3397916414049206
3,2,eye_pupil__1__catboost__participant__1__-0.3__0.3,eye_pupil__1__catboost__participant,eye_pupil,1,catboost,participant,1,-0.3,0.3,0.33458340634075084
3,2,eye_pupil__1__catboost__participant__1__0.0__-0.3,eye_pupil__1__catboost__participant,eye_pupil,1,catboost,participant,1,0.0,-0.3,0.3324052262401678
3,2,eye_pupil__1__catboost__participant__1__0.0__0.0,eye_pupil__1__catboost__participant,eye_pupil,1,catboost,participant,1,0.0,0.0,0.32706794174058945
3,2,eye_pupil__1__catboost__participant__1__0.0__0.3,eye_pupil__1__catboost__participant,eye_pupil,1,catboost,participant,1,0.0,0.3,0.3278774702362904
3,2,eye_pupil__1__catboost__participant__1__0.3__-0.3,eye_pupil__1__catboost__participant,eye_pupil,1,catboost,participant,1,0.3,-0.3,0.33612675002261905
3,2,eye_pupil__1__catboost__participant__1__0.3__0.0,eye_pupil__1__catboost__participant,eye_pupil,1,catboost,participant,1,0.3,0.0,0.3361250434857812
3,2,eye_pupil__1__catboost__participant__1__0.3__0.3,eye_pupil__1__catboost__participant,eye_pupil,1,catboost,participant,1,0.3,0.3,0.3162953258513608
3,2,eye_pupil__1__catboost__participant__4__-0.3__-0.3,eye_pupil__1__catboost__participant,eye_pupil,1,catboost,participant,4,-0.3,-0.3,0.32015284681251355
3,2,eye_pupil__1__catboost__participant__4__-0.3__0.0,eye_pupil__1__catboost__participant,eye_pupil,1,catboost,participant,4,-0.3,0.0,0.3432208074352755
3,2,eye_pupil__1__catboost__participant__4__-0.3__0.3,eye_pupil__1__catboost__participant,eye_pupil,1,catboost,participant,4,-0.3,0.3,0.3322035120362086
3,2,eye_pupil__1__catboost__participant__4__0.0__-0.3,eye_pupil__1__catboost__participant,eye_pupil,1,catboost,participant,4,0.0,-0.3,0.3293214226103348
3,2,eye_pupil__1__catboost__participant__4__0.0__0.0,eye_pupil__1__catboost__participant,eye_pupil,1,catboost,participant,4,0.0,0.0,0.32982556818361175
3,2,eye_pupil__1__catboost__participant__4__0.0__0.3,eye_pupil__1__catboost__participant,eye_pupil,1,catboost,participant,4,0.0,0.3,0.3314753046350249
3,2,eye_pupil__1__catboost__participant__4__0.3__-0.3,eye_pupil__1__catboost__participant,eye_pupil,1,catboost,participant,4,0.3,-0.3,0.33530512697638454
3,2,eye_pupil__1__catboost__participant__4__0.3__0.0,eye_pupil__1__catboost__participant,eye_pupil,1,catboost,participant,4,0.3,0.0,0.3332028763648051
3,2,eye_pupil__1__catboost__participant__4__0.3__0.3,eye_pupil__1__catboost__participant,eye_pupil,1,catboost,participant,4,0.3,0.3,0.3182363059580376
3,2,eye_pupil__8__logistic__global__1__-0.3__-0.3,eye_pupil__8__logistic__global,eye_pupil,8,logistic,global,1,-0.3,-0.3,0.33900169478348274
3,2,eye_pupil__8__logistic__global__1__-0.3__0.0,eye_pupil__8__logistic__global,eye_pupil,8,logistic,global,1,-0.3,0.0,0.34113725073827494
3,2,eye_pupil__8__logistic__global__1__-0.3__0.3,eye_pupil__8__logistic__global,eye_pupil,8,logistic,global,1,-0.3,0.3,0.3415680667983525
3,2,eye_pupil__8__logistic__global__1__0.0__-0.3,eye_pupil__8__logistic__global,eye_pupil,8,logistic,global,1,0.0,-0.3,0.3472422813245744
3,2,eye_pupil__8__logistic__global__1__0.0__0.0,eye_pupil__8__logistic__global,eye_pupil,8,logistic,global,1,0.0,0.0,0.3371405566731258
3,2,eye_pupil__8__logistic__global__1__0.0__0.3,eye_pupil__8__logistic__global,eye_pupil,8,logistic,global,1,0.0,0.3,0.3343850173689393
3,2,eye_pupil__8__logistic__global__1__0.3__-0.3,eye_pupil__8__logistic__global,eye_pupil,8,logistic,global,1,0.3,-0.3,0.34941447182488655
3,2,eye_pupil__8__logistic__global__1__0.3__0.0,eye_pupil__8__logistic__global,eye_pupil,8,logistic,global,1,0.3,0.0,0.34653736960432063
3,2,eye_pupil__8__logistic__global__1__0.3__0.3,eye_pupil__8__logistic__global,eye_pupil,8,logistic,global,1,0.3,0.3,0.33504552550968386
3,2,eye_pupil__8__logistic__global__4__-0.3__-0.3,eye_pupil__8__logistic__global,eye_pupil,8,logistic,global,4,-0.3,-0.3,0.33337263011000934
3,2,eye_pupil__8__logistic__global__4__-0.3__0.0,eye_pupil__8__logistic__global,eye_pupil,8,logistic,global,4,-0.3,0.0,0.3445007673440031
3,2,eye_pupil__8__logistic__global__4__-0.3__0.3,eye_pupil__8__logistic__global,eye_pupil,8,logistic,global,4,-0.3,0.3,0.33751242535541465
3,2,eye_pupil__8__logistic__global__4__0.0__-0.3,eye_pupil__8__logistic__global,eye_pupil,8,logistic,global,4,0.0,-0.3,0.3528894172746174
3,2,eye_pupil__8__logistic__global__4__0.0__0.0,eye_pupil__8__logistic__global,eye_pupil,8,logistic,global,4,0.0,0.0,0.3470289282598258
3,2,eye_pupil__8__logistic__global__4__0.0__0.3,eye_pupil__8__logistic__global,eye_pupil,8,logistic,global,4,0.0,0.3,0.3263136482590859
3,2,eye_pupil__8__logistic__global__4__0.3__-0.3,eye_pupil__8__logistic__global,eye_pupil,8,logistic,global,4,0.3,-0.3,0.35271723465207216
3,2,eye_pupil__8__logistic__global__4__0.3__0.0,eye_pupil__8__logistic__global,eye_pupil,8,logistic,global,4,0.3,0.0,0.35443632164525174
3,2,eye_pupil__8__logistic__global__4__0.3__0.3,eye_pupil__8__logistic__global,eye_pupil,8,logistic,global,4,0.3,0.3,0.33263164313017674
3,2,eye_pupil__8__logistic__participant__1__-0.3__-0.3,eye_pupil__8__logistic__participant,eye_pupil,8,logistic,participant,1,-0.3,-0.3,0.35123689126509916
3,2,eye_pupil__8__logistic__participant__1__-0.3__0.0,eye_pupil__8__logistic__participant,eye_pupil,8,logistic,participant,1,-0.3,0.0,0.3451078454025569
3,2,eye_pupil__8__logistic__participant__1__-0.3__0.3,eye_pupil__8__logistic__participant,eye_pupil,8,logistic,participant,1,-0.3,0.3,0.3354289691396021
3,2,eye_pupil__8__logistic__participant__1__0.0__-0.3,eye_pupil__8__logistic__participant,eye_pupil,8,logistic,participant,1,0.0,-0.3,0.35361926748577405
3,2,eye_pupil__8__logistic__participant__1__0.0__0.0,eye_pupil__8__logistic__participant,eye_pupil,8,logistic,participant,1,0.0,0.0,0.351354663013226
3,2,eye_pupil__8__logistic__participant__1__0.0__0.3,eye_pupil__8__logistic__participant,eye_pupil,8,logistic,participant,1,0.0,0.3,0.3279596357972577
3,2,eye_pupil__8__logistic__participant__1__0.3__-0.3,eye_pupil__8__logistic__participant,eye_pupil,8,logistic,participant,1,0.3,-0.3,0.3508199097518532
3,2,eye_pupil__8__logistic__participant__1__0.3__0.0,eye_pupil__8__logistic__participant,eye_pupil,8,logistic,participant,1,0.3,0.0,0.3470739740014778
3,2,eye_pupil__8__logistic__participant__1__0.3__0.3,eye_pupil__8__logistic__participant,eye_pupil,8,logistic,participant,1,0.3,0.3,0.3368064685528133
3,2,eye_pupil__8__logistic__participant__4__-0.3__-0.3,eye_pupil__8__logistic__participant,eye_pupil,8,logistic,participant,4,-0.3,-0.3,0.34633567922847025
3,2,eye_pupil__8__logistic__participant__4__-0.3__0.0,eye_pupil__8__logistic__participant,eye_pupil,8,logistic,participant,4,-0.3,0.0,0.3379412248080294
3,2,eye_pupil__8__logistic__participant__4__-0.3__0.3,eye_pupil__8__logistic__participant,eye_pupil,8,logistic,participant,4,-0.3,0.3,0.33388812098143866
3,2,eye_pupil__8__logistic__participant__4__0.0__-0.3,eye_pupil__8__logistic__participant,eye_pupil,8,logistic,participant,4,0.0,-0.3,0.3589480959394641
3,2,eye_pupil__8__logistic__participant__4__0.0__0.0,eye_pupil__8__logistic__participant,eye_pupil,8,logistic,participant,4,0.0,0.0,0.34845704665292826
3,2,eye_pupil__8__logistic__participant__4__0.0__0.3,eye_pupil__8__logistic__participant,eye_pupil,8,logistic,participant,4,0.0,0.3,0.3207575577300264
3,2,eye_pupil__8__logistic__participant__4__0.3__-0.3,eye_pupil__8__logistic__participant,eye_pupil,8,logistic,participant,4,0.3,-0.3,0.35510774583509447
3,2,eye_pupil__8__logistic__participant__4__0.3__0.0,eye_pupil__8__logistic__participant,eye_pupil,8,logistic,participant,4,0.3,0.0,0.34905355310931324
3,2,eye_pupil__8__logistic__participant__4__0.3__0.3,eye_pupil__8__logistic__participant,eye_pupil,8,logistic,participant,4,0.3,0.3,0.3384828411591983
3,2,eye_pupil__8__ordinal__global__1__-0.3__-0.3,eye_pupil__8__ordinal__global,eye_pupil,8,ordinal,global,1,-0.3,-0.3,0.3402293182683048
3,2,eye_pupil__8__ordinal__global__1__-0.3__0.0,eye_pupil__8__ordinal__global,eye_pupil,8,ordinal,global,1,-0.3,0.0,0.3468435695815235
3,2,eye_pupil__8__ordinal__global__1__-0.3__0.3,eye_pupil__8__ordinal__global,eye_pupil,8,ordinal,global,1,-0.3,0.3,0.3435748313011173
3,2,eye_pupil__8__ordinal__global__1__0.0__-0.3,eye_pupil__8__ordinal__global,eye_pupil,8,ordinal,global,1,0.0,-0.3,0.34559162192820053
3,2,eye_pupil__8__ordinal__global__1__0.0__0.0,eye_pupil__8__ordinal__global,eye_pupil,8,ordinal,global,1,0.0,0.0,0.341664444083764
3,2,eye_pupil__8__ordinal__global__1__0.0__0.3,eye_pupil__8__ordinal__global,eye_pupil,8,ordinal,global,1,0.0,0.3,0.33313576832913416
3,2,eye_pupil__8__ordinal__global__1__0.3__-0.3,eye_pupil__8__ordinal__global,eye_pupil,8,ordinal,global,1,0.3,-0.3,0.34869110772994594
3,2,eye_pupil__8__ordinal__global__1__0.3__0.0,eye_pupil__8__ordinal__global,eye_pupil,8,ordinal,global,1,0.3,0.0,0.3477011848006907
3,2,eye_pupil__8__ordinal__global__1__0.3__0.3,eye_pupil__8__ordinal__global,eye_pupil,8,ordinal,global,1,0.3,0.3,0.3343530048899586
3,2,eye_pupil__8__ordinal__global__4__-0.3__-0.3,eye_pupil__8__ordinal__global,eye_pupil,8,ordinal,global,4,-0.3,-0.3,0.33132569960989977
3,2,eye_pupil__8__ordinal__global__4__-0.3__0.0,eye_pupil__8__ordinal__global,eye_pupil,8,ordinal,global,4,-0.3,0.0,0.34413245054780056
3,2,eye_pupil__8__ordinal__global__4__-0.3__0.3,eye_pupil__8__ordinal__global,eye_pupil,8,ordinal,global,4,-0.3,0.3,0.3345577569218388
3,2,eye_pupil__8__ordinal__global__4__0.0__-0.3,eye_pupil__8__ordinal__global,eye_pupil,8,ordinal,global,4,0.0,-0.3,0.35141289893893163
3,2,eye_pupil__8__ordinal__global__4__0.0__0.0,eye_pupil__8__ordinal__global,eye_pupil,8,ordinal,global,4,0.0,0.0,0.3439599504036857
3,2,eye_pupil__8__ordinal__global__4__0.0__0.3,eye_pupil__8__ordinal__global,eye_pupil,8,ordinal,global,4,0.0,0.3,0.32357888340241875
3,2,eye_pupil__8__ordinal__global__4__0.3__-0.3,eye_pupil__8__ordinal__global,eye_pupil,8,ordinal,global,4,0.3,-0.3,0.3502800304104365
3,2,eye_pupil__8__ordinal__global__4__0.3__0.0,eye_pupil__8__ordinal__global,eye_pupil,8,ordinal,global,4,0.3,0.0,0.3515044730835074
3,2,eye_pupil__8__ordinal__global__4__0.3__0.3,eye_pupil__8__ordinal__global,eye_pupil,8,ordinal,global,4,0.3,0.3,0.32869973893841403
3,2,eye_pupil__8__ordinal__participant__1__-0.3__-0.3,eye_pupil__8__ordinal__participant,eye_pupil,8,ordinal,participant,1,-0.3,-0.3,0.34814258589666797
3,2,eye_pupil__8__ordinal__participant__1__-0.3__0.0,eye_pupil__8__ordinal__participant,eye_pupil,8,ordinal,participant,1,-0.3,0.0,0.34577436737127654
3,2,eye_pupil__8__ordinal__participant__1__-0.3__0.3,eye_pupil__8__ordinal__participant,eye_pupil,8,ordinal,participant,1,-0.3,0.3,0.3336843710933457
3,2,eye_pupil__8__ordinal__participant__1__0.0__-0.3,eye_pupil__8__ordinal__participant,eye_pupil,8,ordinal,participant,1,0.0,-0.3,0.3537600962962962
3,2,eye_pupil__8__ordinal__participant__1__0.0__0.0,eye_pupil__8__ordinal__participant,eye_pupil,8,ordinal,participant,1,0.0,0.0,0.35289902027320863
3,2,eye_pupil__8__ordinal__participant__1__0.0__0.3,eye_pupil__8__ordinal__participant,eye_pupil,8,ordinal,participant,1,0.0,0.3,0.3283739754894874
3,2,eye_pupil__8__ordinal__participant__1__0.3__-0.3,eye_pupil__8__ordinal__participant,eye_pupil,8,ordinal,participant,1,0.3,-0.3,0.3481298521271596
3,2,eye_pupil__8__ordinal__participant__1__0.3__0.0,eye_pupil__8__ordinal__participant,eye_pupil,8,ordinal,participant,1,0.3,0.0,0.34347367689661157
3,2,eye_pupil__8__ordinal__participant__1__0.3__0.3,eye_pupil__8__ordinal__participant,eye_pupil,8,ordinal,participant,1,0.3,0.3,0.3338269186095397
3,2,eye_pupil__8__ordinal__participant__4__-0.3__-0.3,eye_pupil__8__ordinal__participant,eye_pupil,8,ordinal,participant,4,-0.3,-0.3,0.3434811308725253
3,2,eye_pupil__8__ordinal__participant__4__-0.3__0.0,eye_pupil__8__ordinal__participant,eye_pupil,8,ordinal,participant,4,-0.3,0.0,0.3377182195531835
3,2,eye_pupil__8__ordinal__participant__4__-0.3__0.3,eye_pupil__8__ordinal__participant,eye_pupil,8,ordinal,participant,4,-0.3,0.3,0.3310615212914879
3,2,eye_pupil__8__ordinal__participant__4__0.0__-0.3,eye_pupil__8__ordinal__participant,eye_pupil,8,ordinal,participant,4,0.0,-0.3,0.36241449189068414
3,2,eye_pupil__8__ordinal__participant__4__0.0__0.0,eye_pupil__8__ordinal__participant,eye_pupil,8,ordinal,participant,4,0.0,0.0,0.3498341928634651
3,2,eye_pupil__8__ordinal__participant__4__0.0__0.3,eye_pupil__8__ordinal__participant,eye_pupil,8,ordinal,participant,4,0.0,0.3,0.32164968474957545
3,2,eye_pupil__8__ordinal__participant__4__0.3__-0.3,eye_pupil__8__ordinal__participant,eye_pupil,8,ordinal,participant,4,0.3,-0.3,0.34744182160407455
3,2,eye_pupil__8__ordinal__participant__4__0.3__0.0,eye_pupil__8__ordinal__participant,eye_pupil,8,ordinal,participant,4,0.3,0.0,0.34307298506673983
3,2,eye_pupil__8__ordinal__participant__4__0.3__0.3,eye_pupil__8__ordinal__participant,eye_pupil,8,ordinal,participant,4,0.3,0.3,0.3345166247085183
3,2,eye_pupil__8__catboost__global__1__-0.3__-0.3,eye_pupil__8__catboost__global,eye_pupil,8,catboost,global,1,-0.3,-0.3,0.3246327290959059
3,2,eye_pupil__8__catboost__global__1__-0.3__0.0,eye_pupil__8__catboost__global,eye_pupil,8,catboost,global,1,-0.3,0.0,0.35141149273965977
3,2,eye_pupil__8__catboost__global__1__-0.3__0.3,eye_pupil__8__catboost__global,eye_pupil,8,catboost,global,1,-0.3,0.3,0.32925556577030207
3,2,eye_pupil__8__catboost__global__1__0.0__-0.3,eye_pupil__8__catboost__global,eye_pupil,8,catboost,global,1,0.0,-0.3,0.31723128877123713
3,2,eye_pupil__8__catboost__global__1__0.0__0.0,eye_pupil__8__catboost__global,eye_pupil,8,catboost,global,1,0.0,0.0,0.31709985676938635
3,2,eye_pupil__8__catboost__global__1__0.0__0.3,eye_pupil__8__catboost__global,eye_pupil,8,catboost,global,1,0.0,0.3,0.3198219634897945
3,2,eye_pupil__8__catboost__global__1__0.3__-0.3,eye_pupil__8__catboost__global,eye_pupil,8,catboost,global,1,0.3,-0.3,0.33454137922768173
3,2,eye_pupil__8__catboost__global__1__0.3__0.0,eye_pupil__8__catboost__global,eye_pupil,8,catboost,global,1,0.3,0.0,0.3224697978325926
3,2,eye_pupil__8__catboost__global__1__0.3__0.3,eye_pupil__8__catboost__global,eye_pupil,8,catboost,global,1,0.3,0.3,0.29839175586735095
3,2,eye_pupil__8__catboost__global__4__-0.3__-0.3,eye_pupil__8__catboost__global,eye_pupil,8,catboost,global,4,-0.3,-0.3,0.3247247178504389
3,2,eye_pupil__8__catboost__global__4__-0.3__0.0,eye_pupil__8__catboost__global,eye_pupil,8,catboost,global,4,-0.3,0.0,0.3544168656751552
3,2,eye_pupil__8__catboost__global__4__-0.3__0.3,eye_pupil__8__catboost__global,eye_pupil,8,catboost,global,4,-0.3,0.3,0.32416246459091086
3,2,eye_pupil__8__catboost__global__4__0.0__-0.3,eye_pupil__8__catboost__global,eye_pupil,8,catboost,global,4,0.0,-0.3,0.3202760026789789
3,2,eye_pupil__8__catboost__global__4__0.0__0.0,eye_pupil__8__catboost__global,eye_pupil,8,catboost,global,4,0.0,0.0,0.319108010824395
3,2,eye_pupil__8__catboost__global__4__0.0__0.3,eye_pupil__8__catboost__global,eye_pupil,8,catboost,global,4,0.0,0.3,0.31633484191684114
3,2,eye_pupil__8__catboost__global__4__0.3__-0.3,eye_pupil__8__catboost__global,eye_pupil,8,catboost,global,4,0.3,-0.3,0.33929138189658964
3,2,eye_pupil__8__catboost__global__4__0.3__0.0,eye_pupil__8__catboost__global,eye_pupil,8,catboost,global,4,0.3,0.0,0.3299594384929275
3,2,eye_pupil__8__catboost__global__4__0.3__0.3,eye_pupil__8__catboost__global,eye_pupil,8,catboost,global,4,0.3,0.3,0.29403321459728304
3,2,eye_pupil__8__catboost__participant__1__-0.3__-0.3,eye_pupil__8__catboost__participant,eye_pupil,8,catboost,participant,1,-0.3,-0.3,0.32342593017338755
3,2,eye_pupil__8__catboost__participant__1__-0.3__0.0,eye_pupil__8__catboost__participant,eye_pupil,8,catboost,participant,1,-0.3,0.0,0.3269799694172849
3,2,eye_pupil__8__catboost__participant__1__-0.3__0.3,eye_pupil__8__catboost__participant,eye_pupil,8,catboost,participant,1,-0.3,0.3,0.3280066527986807
3,2,eye_pupil__8__catboost__participant__1__0.0__-0.3,eye_pupil__8__catboost__participant,eye_pupil,8,catboost,participant,1,0.0,-0.3,0.3281586913096444
3,2,eye_pupil__8__catboost__participant__1__0.0__0.0,eye_pupil__8__catboost__participant,eye_pupil,8,catboost,participant,1,0.0,0.0,0.3094410392423038
3,2,eye_pupil__8__catboost__participant__1__0.0__0.3,eye_pupil__8__catboost__participant,eye_pupil,8,catboost,participant,1,0.0,0.3,0.3155243467057617
3,2,eye_pupil__8__catboost__participant__1__0.3__-0.3,eye_pupil__8__catboost__participant,eye_pupil,8,catboost,participant,1,0.3,-0.3,0.33616295081161174
3,2,eye_pupil__8__catboost__participant__1__0.3__0.0,eye_pupil__8__catboost__participant,eye_pupil,8,catboost,participant,1,0.3,0.0,0.3248771347163384
3,2,eye_pupil__8__catboost__participant__1__0.3__0.3,eye_pupil__8__catboost__participant,eye_pupil,8,catboost,participant,1,0.3,0.3,0.2969388716968907
3,2,eye_pupil__8__catboost__participant__4__-0.3__-0.3,eye_pupil__8__catboost__participant,eye_pupil,8,catboost,participant,4,-0.3,-0.3,0.32055622190197813
3,2,eye_pupil__8__catboost__participant__4__-0.3__0.0,eye_pupil__8__catboost__participant,eye_pupil,8,catboost,participant,4,-0.3,0.0,0.3295062373812747
3,2,eye_pupil__8__catboost__participant__4__-0.3__0.3,eye_pupil__8__catboost__participant,eye_pupil,8,catboost,participant,4,-0.3,0.3,0.3287695045291522
3,2,eye_pupil__8__catboost__participant__4__0.0__-0.3,eye_pupil__8__catboost__participant,eye_pupil,8,catboost,participant,4,0.0,-0.3,0.33934536445199714
3,2,eye_pupil__8__catboost__participant__4__0.0__0.0,eye_pupil__8__catboost__participant,eye_pupil,8,catboost,participant,4,0.0,0.0,0.30711710229609607
3,2,eye_pupil__8__catboost__participant__4__0.0__0.3,eye_pupil__8__catboost__participant,eye_pupil,8,catboost,participant,4,0.0,0.3,0.31490156175448086
3,2,eye_pupil__8__catboost__participant__4__0.3__-0.3,eye_pupil__8__catboost__participant,eye_pupil,8,catboost,participant,4,0.3,-0.3,0.3355108626986022
3,2,eye_pupil__8__catboost__participant__4__0.3__0.0,eye_pupil__8__catboost__participant,eye_pupil,8,catboost,participant,4,0.3,0.0,0.3290460409674187
3,2,eye_pupil__8__catboost__participant__4__0.3__0.3,eye_pupil__8__catboost__participant,eye_pupil,8,catboost,participant,4,0.3,0.3,0.29095504526909477
3,2,full__1__logistic__global__1__-0.3__-0.3,full__1__logistic__global,full,1,logistic,global,1,-0.3,-0.3,0.3270032189238274
3,2,full__1__logistic__global__1__-0.3__0.0,full__1__logistic__global,full,1,logistic,global,1,-0.3,0.0,0.3331060163318184
3,2,full__1__logistic__global__1__-0.3__0.3,full__1__logistic__global,full,1,logistic,global,1,-0.3,0.3,0.3333592464728296
3,2,full__1__logistic__global__1__0.0__-0.3,full__1__logistic__global,full,1,logistic,global,1,0.0,-0.3,0.3260648682642904
3,2,full__1__logistic__global__1__0.0__0.0,full__1__logistic__global,full,1,logistic,global,1,0.0,0.0,0.32893611421204233
3,2,full__1__logistic__global__1__0.0__0.3,full__1__logistic__global,full,1,logistic,global,1,0.0,0.3,0.32711745918791146
3,2,full__1__logistic__global__1__0.3__-0.3,full__1__logistic__global,full,1,logistic,global,1,0.3,-0.3,0.3366223423611649
3,2,full__1__logistic__global__1__0.3__0.0,full__1__logistic__global,full,1,logistic,global,1,0.3,0.0,0.337695689333197
3,2,full__1__logistic__global__1__0.3__0.3,full__1__logistic__global,full,1,logistic,global,1,0.3,0.3,0.3192478391741357
3,2,full__1__logistic__global__4__-0.3__-0.3,full__1__logistic__global,full,1,logistic,global,4,-0.3,-0.3,0.3211891773777041
3,2,full__1__logistic__global__4__-0.3__0.0,full__1__logistic__global,full,1,logistic,global,4,-0.3,0.0,0.35338763001580326
3,2,full__1__logistic__global__4__-0.3__0.3,full__1__logistic__global,full,1,logistic,global,4,-0.3,0.3,0.33319249517490995
3,2,full__1__logistic__global__4__0.0__-0.3,full__1__logistic__global,full,1,logistic,global,4,0.0,-0.3,0.3245989305984059
3,2,full__1__logistic__global__4__0.0__0.0,full__1__logistic__global,full,1,logistic,global,4,0.0,0.0,0.3341621856890975
3,2,full__1__logistic__global__4__0.0__0.3,full__1__logistic__global,full,1,logistic,global,4,0.0,0.3,0.33062832639047807
3,2,full__1__logistic__global__4__0.3__-0.3,full__1__logistic__global,full,1,logistic,global,4,0.3,-0.3,0.33567780797113983
3,2,full__1__logistic__global__4__0.3__0.0,full__1__logistic__global,full,1,logistic,global,4,0.3,0.0,0.3370927212580007
3,2,full__1__logistic__global__4__0.3__0.3,full__1__logistic__global,full,1,logistic,global,4,0.3,0.3,0.3133465846307987
3,2,full__1__logistic__participant__1__-0.3__-0.3,full__1__logistic__participant,full,1,logistic,participant,1,-0.3,-0.3,0.33532573258459214
3,2,full__1__logistic__participant__1__-0.3__0.0,full__1__logistic__participant,full,1,logistic,participant,1,-0.3,0.0,0.33136716905223923
3,2,full__1__logistic__participant__1__-0.3__0.3,full__1__logistic__participant,full,1,logistic,participant,1,-0.3,0.3,0.33490185749367457
3,2,full__1__logistic__participant__1__0.0__-0.3,full__1__logistic__participant,full,1,logistic,participant,1,0.0,-0.3,0.32934120767491554
3,2,full__1__logistic__participant__1__0.0__0.0,full__1__logistic__participant,full,1,logistic,participant,1,0.0,0.0,0.3286515150048132
3,2,full__1__logistic__participant__1__0.0__0.3,full__1__logistic__participant,full,1,logistic,participant,1,0.0,0.3,0.3292280491254195
3,2,full__1__logistic__participant__1__0.3__-0.3,full__1__logistic__participant,full,1,logistic,participant,1,0.3,-0.3,0.332400113596977
3,2,full__1__logistic__participant__1__0.3__0.0,full__1__logistic__participant,full,1,logistic,participant,1,0.3,0.0,0.31892145641849334
3,2,full__1__logistic__participant__1__0.3__0.3,full__1__logistic__participant,full,1,logistic,participant,1,0.3,0.3,0.3230483561873442
3,2,full__1__logistic__participant__4__-0.3__-0.3,full__1__logistic__participant,full,1,logistic,participant,4,-0.3,-0.3,0.33550360092033904
3,2,full__1__logistic__participant__4__-0.3__0.0,full__1__logistic__participant,full,1,logistic,participant,4,-0.3,0.0,0.3338202276443216
3,2,full__1__logistic__participant__4__-0.3__0.3,full__1__logistic__participant,full,1,logistic,participant,4,-0.3,0.3,0.3310146600611312
3,2,full__1__logistic__participant__4__0.0__-0.3,full__1__logistic__participant,full,1,logistic,participant,4,0.0,-0.3,0.3398034346998295
3,2,full__1__logistic__participant__4__0.0__0.0,full__1__logistic__participant,full,1,logistic,participant,4,0.0,0.0,0.3262711101312449
3,2,full__1__logistic__participant__4__0.0__0.3,full__1__logistic__participant,full,1,logistic,participant,4,0.0,0.3,0.3279444900190826
3,2,full__1__logistic__participant__4__0.3__-0.3,full__1__logistic__participant,full,1,logistic,participant,4,0.3,-0.3,0.3318216925508804
3,2,full__1__logistic__participant__4__0.3__0.0,full__1__logistic__participant,full,1,logistic,participant,4,0.3,0.0,0.3270665943925597
3,2,full__1__logistic__participant__4__0.3__0.3,full__1__logistic__participant,full,1,logistic,participant,4,0.3,0.3,0.3142723247686127
3,2,full__1__ordinal__global__1__-0.3__-0.3,full__1__ordinal__global,full,1,ordinal,global,1,-0.3,-0.3,0.32827382828615204
3,2,full__1__ordinal__global__1__-0.3__0.0,full__1__ordinal__global,full,1,ordinal,global,1,-0.3,0.0,0.33648405077623394
3,2,full__1__ordinal__global__1__-0.3__0.3,full__1__ordinal__global,full,1,ordinal,global,1,-0.3,0.3,0.3339757697140287
3,2,full__1__ordinal__global__1__0.0__-0.3,full__1__ordinal__global,full,1,ordinal,global,1,0.0,-0.3,0.3247455192977639
3,2,full__1__ordinal__global__1__0.0__0.0,full__1__ordinal__global,full,1,ordinal,global,1,0.0,0.0,0.32763759750641697
3,2,full__1__ordinal__global__1__0.0__0.3,full__1__ordinal__global,full,1,ordinal,global,1,0.0,0.3,0.3286166225429909
3,2,full__1__ordinal__global__1__0.3__-0.3,full__1__ordinal__global,full,1,ordinal,global,1,0.3,-0.3,0.3371927334700346
3,2,full__1__ordinal__global__1__0.3__0.0,full__1__ordinal__global,full,1,ordinal,global,1,0.3,0.0,0.33698470475943043
3,2,full__1__ordinal__global__1__0.3__0.3,full__1__ordinal__global,full,1,ordinal,global,1,0.3,0.3,0.3177908514789919
3,2,full__1__ordinal__global__4__-0.3__-0.3,full__1__ordinal__global,full,1,ordinal,global,4,-0.3,-0.3,0.3203970113407876
3,2,full__1__ordinal__global__4__-0.3__0.0,full__1__ordinal__global,full,1,ordinal,global,4,-0.3,0.0,0.3497166727755277
3,2,full__1__ordinal__global__4__-0.3__0.3,full__1__ordinal__global,full,1,ordinal,global,4,-0.3,0.3,0.33251366318078784
3,2,full__1__ordinal__global__4__0.0__-0.3,full__1__ordinal__global,full,1,ordinal,global,4,0.0,-0.3,0.32347045887199427
3,2,full__1__ordinal__global__4__0.0__0.0,full__1__ordinal__global,full,1,ordinal,global,4,0.0,0.0,0.32906178857787294
3,2,full__1__ordinal__global__4__0.0__0.3,full__1__ordinal__global,full,1,ordinal,global,4,0.0,0.3,0.33097800539731587
3,2,full__1__ordinal__global__4__0.3__-0.3,full__1__ordinal__global,full,1,ordinal,global,4,0.3,-0.3,0.3343243280500706
3,2,full__1__ordinal__global__4__0.3__0.0,full__1__ordinal__global,full,1,ordinal,global,4,0.3,0.0,0.3354344356539746
3,2,full__1__ordinal__global__4__0.3__0.3,full__1__ordinal__global,full,1,ordinal,global,4,0.3,0.3,0.31219520096462666
3,2,full__1__ordinal__participant__1__-0.3__-0.3,full__1__ordinal__participant,full,1,ordinal,participant,1,-0.3,-0.3,0.336072104220352
3,2,full__1__ordinal__participant__1__-0.3__0.0,full__1__ordinal__participant,full,1,ordinal,participant,1,-0.3,0.0,0.32540423003146135
3,2,full__1__ordinal__participant__1__-0.3__0.3,full__1__ordinal__participant,full,1,ordinal,participant,1,-0.3,0.3,0.33450434266892015
3,2,full__1__ordinal__participant__1__0.0__-0.3,full__1__ordinal__participant,full,1,ordinal,participant,1,0.0,-0.3,0.326189386441692
3,2,full__1__ordinal__participant__1__0.0__0.0,full__1__ordinal__participant,full,1,ordinal,participant,1,0.0,0.0,0.3210766193025445
3,2,full__1__ordinal__participant__1__0.0__0.3,full__1__ordinal__participant,full,1,ordinal,participant,1,0.0,0.3,0.32599622930690797
3,2,full__1__ordinal__participant__1__0.3__-0.3,full__1__ordinal__participant,full,1,ordinal,participant,1,0.3,-0.3,0.3306428403547107
3,2,full__1__ordinal__participant__1__0.3__0.0,full__1__ordinal__participant,full,1,ordinal,participant,1,0.3,0.0,0.31823848221390816
3,2,full__1__ordinal__participant__1__0.3__0.3,full__1__ordinal__participant,full,1,ordinal,participant,1,0.3,0.3,0.32242685672428134
3,2,full__1__ordinal__participant__4__-0.3__-0.3,full__1__ordinal__participant,full,1,ordinal,participant,4,-0.3,-0.3,0.33408456284758387
3,2,full__1__ordinal__participant__4__-0.3__0.0,full__1__ordinal__participant,full,1,ordinal,participant,4,-0.3,0.0,0.33073720915661914
3,2,full__1__ordinal__participant__4__-0.3__0.3,full__1__ordinal__participant,full,1,ordinal,participant,4,-0.3,0.3,0.3326037048931495
3,2,full__1__ordinal__participant__4__0.0__-0.3,full__1__ordinal__participant,full,1,ordinal,participant,4,0.0,-0.3,0.33954158193536843
3,2,full__1__ordinal__participant__4__0.0__0.0,full__1__ordinal__participant,full,1,ordinal,participant,4,0.0,0.0,0.32411299158938767
3,2,full__1__ordinal__participant__4__0.0__0.3,full__1__ordinal__participant,full,1,ordinal,participant,4,0.0,0.3,0.32904331975534623
3,2,full__1__ordinal__participant__4__0.3__-0.3,full__1__ordinal__participant,full,1,ordinal,participant,4,0.3,-0.3,0.3319843636252181
3,2,full__1__ordinal__participant__4__0.3__0.0,full__1__ordinal__participant,full,1,ordinal,participant,4,0.3,0.0,0.3258513290521178
3,2,full__1__ordinal__participant__4__0.3__0.3,full__1__ordinal__participant,full,1,ordinal,participant,4,0.3,0.3,0.3129329702242882
3,2,full__1__catboost__global__1__-0.3__-0.3,full__1__catboost__global,full,1,catboost,global,1,-0.3,-0.3,0.31089436162803735
3,2,full__1__catboost__global__1__-0.3__0.0,full__1__catboost__global,full,1,catboost,global,1,-0.3,0.0,0.3281768483852162
3,2,full__1__catboost__global__1__-0.3__0.3,full__1__catboost__global,full,1,catboost,global,1,-0.3,0.3,0.32678799306166767
3,2,full__1__catboost__global__1__0.0__-0.3,full__1__catboost__global,full,1,catboost,global,1,0.0,-0.3,0.3071276379094005
3,2,full__1__catboost__global__1__0.0__0.0,full__1__catboost__global,full,1,catboost,global,1,0.0,0.0,0.3152979554116796
3,2,full__1__catboost__global__1__0.0__0.3,full__1__catboost__global,full,1,catboost,global,1,0.0,0.3,0.312916337244985
3,2,full__1__catboost__global__1__0.3__-0.3,full__1__catboost__global,full,1,catboost,global,1,0.3,-0.3,0.3320074030330505
3,2,full__1__catboost__global__1__0.3__0.0,full__1__catboost__global,full,1,catboost,global,1,0.3,0.0,0.32727518305168296
3,2,full__1__catboost__global__1__0.3__0.3,full__1__catboost__global,full,1,catboost,global,1,0.3,0.3,0.3254315672217102
3,2,full__1__catboost__global__4__-0.3__-0.3,full__1__catboost__global,full,1,catboost,global,4,-0.3,-0.3,0.3122693247884978
3,2,full__1__catboost__global__4__-0.3__0.0,full__1__catboost__global,full,1,catboost,global,4,-0.3,0.0,0.3239348436217429
3,2,full__1__catboost__global__4__-0.3__0.3,full__1__catboost__global,full,1,catboost,global,4,-0.3,0.3,0.32843508510604474
3,2,full__1__catboost__global__4__0.0__-0.3,full__1__catboost__global,full,1,catboost,global,4,0.0,-0.3,0.30776174923212335
3,2,full__1__catboost__global__4__0.0__0.0,full__1__catboost__global,full,1,catboost,global,4,0.0,0.0,0.3092756536679155
3,2,full__1__catboost__global__4__0.0__0.3,full__1__catboost__global,full,1,catboost,global,4,0.0,0.3,0.31687309088668564
3,2,full__1__catboost__global__4__0.3__-0.3,full__1__catboost__global,full,1,catboost,global,4,0.3,-0.3,0.329885632025981
3,2,full__1__catboost__global__4__0.3__0.0,full__1__catboost__global,full,1,catboost,global,4,0.3,0.0,0.32261945666577346
3,2,full__1__catboost__global__4__0.3__0.3,full__1__catboost__global,full,1,catboost,global,4,0.3,0.3,0.3183878873530402
3,2,full__1__catboost__participant__1__-0.3__-0.3,full__1__catboost__participant,full,1,catboost,participant,1,-0.3,-0.3,0.31056841881069597
3,2,full__1__catboost__participant__1__-0.3__0.0,full__1__catboost__participant,full,1,catboost,participant,1,-0.3,0.0,0.3278199920527919
3,2,full__1__catboost__participant__1__-0.3__0.3,full__1__catboost__participant,full,1,catboost,participant,1,-0.3,0.3,0.3313873389290197
3,2,full__1__catboost__participant__1__0.0__-0.3,full__1__catboost__participant,full,1,catboost,participant,1,0.0,-0.3,0.31947337885726407
3,2,full__1__catboost__participant__1__0.0__0.0,full__1__catboost__participant,full,1,catboost,participant,1,0.0,0.0,0.32461661645063417
3,2,full__1__catboost__participant__1__0.0__0.3,full__1__catboost__participant,full,1,catboost,participant,1,0.0,0.3,0.3250433127355821
3,2,full__1__catboost__participant__1__0.3__-0.3,full__1__catboost__participant,full,1,catboost,participant,1,0.3,-0.3,0.3326864377944265
3,2,full__1__catboost__participant__1__0.3__0.0,full__1__catboost__participant,full,1,catboost,participant,1,0.3,0.0,0.33044315802985136
3,2,full__1__catboost__participant__1__0.3__0.3,full__1__catboost__participant,full,1,catboost,participant,1,0.3,0.3,0.3255788880943615
3,2,full__1__catboost__participant__4__-0.3__-0.3,full__1__catboost__participant,full,1,catboost,participant,4,-0.3,-0.3,0.3149376891729359
3,2,full__1__catboost__participant__4__-0.3__0.0,full__1__catboost__participant,full,1,catboost,participant,4,-0.3,0.0,0.32631742394904584
3,2,full__1__catboost__participant__4__-0.3__0.3,full__1__catboost__participant,full,1,catboost,participant,4,-0.3,0.3,0.33224654316635904
3,2,full__1__catboost__participant__4__0.0__-0.3,full__1__catboost__participant,full,1,catboost,participant,4,0.0,-0.3,0.3295901086300944
3,2,full__1__catboost__participant__4__0.0__0.0,full__1__catboost__participant,full,1,catboost,participant,4,0.0,0.0,0.32238646533836957
3,2,full__1__catboost__participant__4__0.0__0.3,full__1__catboost__participant,full,1,catboost,participant,4,0.0,0.3,0.32630167795775455
3,2,full__1__catboost__participant__4__0.3__-0.3,full__1__catboost__participant,full,1,catboost,participant,4,0.3,-0.3,0.33420642837912795
3,2,full__1__catboost__participant__4__0.3__0.0,full__1__catboost__participant,full,1,catboost,participant,4,0.3,0.0,0.3351481006493493
3,2,full__1__catboost__participant__4__0.3__0.3,full__1__catboost__participant,full,1,catboost,participant,4,0.3,0.3,0.32614613729619113
3,2,full__8__logistic__global__1__-0.3__-0.3,full__8__logistic__global,full,8,logistic,global,1,-0.3,-0.3,0.33944289162456526
3,2,full__8__logistic__global__1__-0.3__0.0,full__8__logistic__global,full,8,logistic,global,1,-0.3,0.0,0.34206383513347915
3,2,full__8__logistic__global__1__-0.3__0.3,full__8__logistic__global,full,8,logistic,global,1,-0.3,0.3,0.3421234904913279
3,2,full__8__logistic__global__1__0.0__-0.3,full__8__logistic__global,full,8,logistic,global,1,0.0,-0.3,0.34049104589497936
3,2,full__8__logistic__global__1__0.0__0.0,full__8__logistic__global,full,8,logistic,global,1,0.0,0.0,0.33488308614225953
3,2,full__8__logistic__global__1__0.0__0.3,full__8__logistic__global,full,8,logistic,global,1,0.0,0.3,0.33260136964576276
3,2,full__8__logistic__global__1__0.3__-0.3,full__8__logistic__global,full,8,logistic,global,1,0.3,-0.3,0.3358760060183695
3,2,full__8__logistic__global__1__0.3__0.0,full__8__logistic__global,full,8,logistic,global,1,0.3,0.0,0.3311164910486929
3,2,full__8__logistic__global__1__0.3__0.3,full__8__logistic__global,full,8,logistic,global,1,0.3,0.3,0.3258007031834771
3,2,full__8__logistic__global__4__-0.3__-0.3,full__8__logistic__global,full,8,logistic,global,4,-0.3,-0.3,0.3430268835869246
3,2,full__8__logistic__global__4__-0.3__0.0,full__8__logistic__global,full,8,logistic,global,4,-0.3,0.0,0.34815407552501754
3,2,full__8__logistic__global__4__-0.3__0.3,full__8__logistic__global,full,8,logistic,global,4,-0.3,0.3,0.3552484139671168
3,2,full__8__logistic__global__4__0.0__-0.3,full__8__logistic__global,full,8,logistic,global,4,0.0,-0.3,0.34530357845573495
3,2,full__8__logistic__global__4__0.0__0.0,full__8__logistic__global,full,8,logistic,global,4,0.0,0.0,0.332537789066455
3,2,full__8__logistic__global__4__0.0__0.3,full__8__logistic__global,full,8,logistic,global,4,0.0,0.3,0.34102700280173887
3,2,full__8__logistic__global__4__0.3__-0.3,full__8__logistic__global,full,8,logistic,global,4,0.3,-0.3,0.33761820951816374
3,2,full__8__logistic__global__4__0.3__0.0,full__8__logistic__global,full,8,logistic,global,4,0.3,0.0,0.3285456796067736
3,2,full__8__logistic__global__4__0.3__0.3,full__8__logistic__global,full,8,logistic,global,4,0.3,0.3,0.3160260544567038
3,2,full__8__logistic__participant__1__-0.3__-0.3,full__8__logistic__participant,full,8,logistic,participant,1,-0.3,-0.3,0.337208733133991
3,2,full__8__logistic__participant__1__-0.3__0.0,full__8__logistic__participant,full,8,logistic,participant,1,-0.3,0.0,0.3438042579845963
3,2,full__8__logistic__participant__1__-0.3__0.3,full__8__logistic__participant,full,8,logistic,participant,1,-0.3,0.3,0.339108174451088
3,2,full__8__logistic__participant__1__0.0__-0.3,full__8__logistic__participant,full,8,logistic,participant,1,0.0,-0.3,0.3335926116278905
3,2,full__8__logistic__participant__1__0.0__0.0,full__8__logistic__participant,full,8,logistic,participant,1,0.0,0.0,0.33578120702860476
3,2,full__8__logistic__participant__1__0.0__0.3,full__8__logistic__participant,full,8,logistic,participant,1,0.0,0.3,0.33883267136273354
3,2,full__8__logistic__participant__1__0.3__-0.3,full__8__logistic__participant,full,8,logistic,participant,1,0.3,-0.3,0.33998963569451957
3,2,full__8__logistic__participant__1__0.3__0.0,full__8__logistic__participant,full,8,logistic,participant,1,0.3,0.0,0.32837790800540595
3,2,full__8__logistic__participant__1__0.3__0.3,full__8__logistic__participant,full,8,logistic,participant,1,0.3,0.3,0.3324650104608837
3,2,full__8__logistic__participant__4__-0.3__-0.3,full__8__logistic__participant,full,8,logistic,participant,4,-0.3,-0.3,0.3468833902239984
3,2,full__8__logistic__participant__4__-0.3__0.0,full__8__logistic__participant,full,8,logistic,participant,4,-0.3,0.0,0.3456023428215838
3,2,full__8__logistic__participant__4__-0.3__0.3,full__8__logistic__participant,full,8,logistic,participant,4,-0.3,0.3,0.3499068368644016
3,2,full__8__logistic__participant__4__0.0__-0.3,full__8__logistic__participant,full,8,logistic,participant,4,0.0,-0.3,0.3383934353919409
3,2,full__8__logistic__participant__4__0.0__0.0,full__8__logistic__participant,full,8,logistic,participant,4,0.0,0.0,0.3394680089351972
3,2,full__8__logistic__participant__4__0.0__0.3,full__8__logistic__participant,full,8,logistic,participant,4,0.0,0.3,0.3413978440337932
3,2,full__8__logistic__participant__4__0.3__-0.3,full__8__logistic__participant,full,8,logistic,participant,4,0.3,-0.3,0.3349023362347954
3,2,full__8__logistic__participant__4__0.3__0.0,full__8__logistic__participant,full,8,logistic,participant,4,0.3,0.0,0.3222911020870456
3,2,full__8__logistic__participant__4__0.3__0.3,full__8__logistic__participant,full,8,logistic,participant,4,0.3,0.3,0.33542767188785666
3,2,full__8__ordinal__global__1__-0.3__-0.3,full__8__ordinal__global,full,8,ordinal,global,1,-0.3,-0.3,0.340270841546241
3,2,full__8__ordinal__global__1__-0.3__0.0,full__8__ordinal__global,full,8,ordinal,global,1,-0.3,0.0,0.34671125313874757
3,2,full__8__ordinal__global__1__-0.3__0.3,full__8__ordinal__global,full,8,ordinal,global,1,-0.3,0.3,0.34166827146551404
3,2,full__8__ordinal__global__1__0.0__-0.3,full__8__ordinal__global,full,8,ordinal,global,1,0.0,-0.3,0.3397855902498082
3,2,full__8__ordinal__global__1__0.0__0.0,full__8__ordinal__global,full,8,ordinal,global,1,0.0,0.0,0.33514239889415764
3,2,full__8__ordinal__global__1__0.0__0.3,full__8__ordinal__global,full,8,ordinal,global,1,0.0,0.3,0.3300940355280831
3,2,full__8__ordinal__global__1__0.3__-0.3,full__8__ordinal__global,full,8,ordinal,global,1,0.3,-0.3,0.3405369566369916
3,2,full__8__ordinal__global__1__0.3__0.0,full__8__ordinal__global,full,8,ordinal,global,1,0.3,0.0,0.3360278404047045
3,2,full__8__ordinal__global__1__0.3__0.3,full__8__ordinal__global,full,8,ordinal,global,1,0.3,0.3,0.3229857393286175
3,2,full__8__ordinal__global__4__-0.3__-0.3,full__8__ordinal__global,full,8,ordinal,global,4,-0.3,-0.3,0.3427513647639613
3,2,full__8__ordinal__global__4__-0.3__0.0,full__8__ordinal__global,full,8,ordinal,global,4,-0.3,0.0,0.35110483928321057
3,2,full__8__ordinal__global__4__-0.3__0.3,full__8__ordinal__global,full,8,ordinal,global,4,-0.3,0.3,0.3544655169808237
3,2,full__8__ordinal__global__4__0.0__-0.3,full__8__ordinal__global,full,8,ordinal,global,4,0.0,-0.3,0.3424888601110377
3,2,full__8__ordinal__global__4__0.0__0.0,full__8__ordinal__global,full,8,ordinal,global,4,0.0,0.0,0.3358588265725126
3,2,full__8__ordinal__global__4__0.0__0.3,full__8__ordinal__global,full,8,ordinal,global,4,0.0,0.3,0.342102845500934
3,2,full__8__ordinal__global__4__0.3__-0.3,full__8__ordinal__global,full,8,ordinal,global,4,0.3,-0.3,0.3343800558892943
3,2,full__8__ordinal__global__4__0.3__0.0,full__8__ordinal__global,full,8,ordinal,global,4,0.3,0.0,0.3317603346502789
3,2,full__8__ordinal__global__4__0.3__0.3,full__8__ordinal__global,full,8,ordinal,global,4,0.3,0.3,0.31818348239641586
3,2,full__8__ordinal__participant__1__-0.3__-0.3,full__8__ordinal__participant,full,8,ordinal,participant,1,-0.3,-0.3,0.33967229588334374
3,2,full__8__ordinal__participant__1__-0.3__0.0,full__8__ordinal__participant,full,8,ordinal,participant,1,-0.3,0.0,0.3441455951630276
3,2,full__8__ordinal__participant__1__-0.3__0.3,full__8__ordinal__participant,full,8,ordinal,participant,1,-0.3,0.3,0.34238467006890594
3,2,full__8__ordinal__participant__1__0.0__-0.3,full__8__ordinal__participant,full,8,ordinal,participant,1,0.0,-0.3,0.33521614358719926
3,2,full__8__ordinal__participant__1__0.0__0.0,full__8__ordinal__participant,full,8,ordinal,participant,1,0.0,0.0,0.3316761805726612
3,2,full__8__ordinal__participant__1__0.0__0.3,full__8__ordinal__participant,full,8,ordinal,participant,1,0.0,0.3,0.33915050237742206
3,2,full__8__ordinal__participant__1__0.3__-0.3,full__8__ordinal__participant,full,8,ordinal,participant,1,0.3,-0.3,0.3385797551632019
3,2,full__8__ordinal__participant__1__0.3__0.0,full__8__ordinal__participant,full,8,ordinal,participant,1,0.3,0.0,0.3280255370420482
3,2,full__8__ordinal__participant__1__0.3__0.3,full__8__ordinal__participant,full,8,ordinal,participant,1,0.3,0.3,0.32954460760488846
3,2,full__8__ordinal__participant__4__-0.3__-0.3,full__8__ordinal__participant,full,8,ordinal,participant,4,-0.3,-0.3,0.3391748289165395
3,2,full__8__ordinal__participant__4__-0.3__0.0,full__8__ordinal__participant,full,8,ordinal,participant,4,-0.3,0.0,0.33897913755369463
3,2,full__8__ordinal__participant__4__-0.3__0.3,full__8__ordinal__participant,full,8,ordinal,participant,4,-0.3,0.3,0.34939612684770954
3,2,full__8__ordinal__participant__4__0.0__-0.3,full__8__ordinal__participant,full,8,ordinal,participant,4,0.0,-0.3,0.33600436764234526
3,2,full__8__ordinal__participant__4__0.0__0.0,full__8__ordinal__participant,full,8,ordinal,participant,4,0.0,0.0,0.33417050007074534
3,2,full__8__ordinal__participant__4__0.0__0.3,full__8__ordinal__participant,full,8,ordinal,participant,4,0.0,0.3,0.341405764816954
3,2,full__8__ordinal__participant__4__0.3__-0.3,full__8__ordinal__participant,full,8,ordinal,participant,4,0.3,-0.3,0.33401698032477156
3,2,full__8__ordinal__participant__4__0.3__0.0,full__8__ordinal__participant,full,8,ordinal,participant,4,0.3,0.0,0.3240412288781667
3,2,full__8__ordinal__participant__4__0.3__0.3,full__8__ordinal__participant,full,8,ordinal,participant,4,0.3,0.3,0.335922964588269
3,2,full__8__catboost__global__1__-0.3__-0.3,full__8__catboost__global,full,8,catboost,global,1,-0.3,-0.3,0.31019792139243585
3,2,full__8__catboost__global__1__-0.3__0.0,full__8__catboost__global,full,8,catboost,global,1,-0.3,0.0,0.3276893730760461
3,2,full__8__catboost__global__1__-0.3__0.3,full__8__catboost__global,full,8,catboost,global,1,-0.3,0.3,0.3307067299283806
3,2,full__8__catboost__global__1__0.0__-0.3,full__8__catboost__global,full,8,catboost,global,1,0.0,-0.3,0.3251811233177778
3,2,full__8__catboost__global__1__0.0__0.0,full__8__catboost__global,full,8,catboost,global,1,0.0,0.0,0.3274108631827316
3,2,full__8__catboost__global__1__0.0__0.3,full__8__catboost__global,full,8,catboost,global,1,0.0,0.3,0.3169734498522858
3,2,full__8__catboost__global__1__0.3__-0.3,full__8__catboost__global,full,8,catboost,global,1,0.3,-0.3,0.33831229776709776
3,2,full__8__catboost__global__1__0.3__0.0,full__8__catboost__global,full,8,catboost,global,1,0.3,0.0,0.332877457598196
3,2,full__8__catboost__global__1__0.3__0.3,full__8__catboost__global,full,8,catboost,global,1,0.3,0.3,0.3104931665102791
3,2,full__8__catboost__global__4__-0.3__-0.3,full__8__catboost__global,full,8,catboost,global,4,-0.3,-0.3,0.3201930576853492
3,2,full__8__catboost__global__4__-0.3__0.0,full__8__catboost__global,full,8,catboost,global,4,-0.3,0.0,0.3318752324462824
3,2,full__8__catboost__global__4__-0.3__0.3,full__8__catboost__global,full,8,catboost,global,4,-0.3,0.3,0.33073601900919725
3,2,full__8__catboost__global__4__0.0__-0.3,full__8__catboost__global,full,8,catboost,global,4,0.0,-0.3,0.31926332507758093
3,2,full__8__catboost__global__4__0.0__0.0,full__8__catboost__global,full,8,catboost,global,4,0.0,0.0,0.3236699918018791
3,2,full__8__catboost__global__4__0.0__0.3,full__8__catboost__global,full,8,catboost,global,4,0.0,0.3,0.3186790978554351
3,2,full__8__catboost__global__4__0.3__-0.3,full__8__catboost__global,full,8,catboost,global,4,0.3,-0.3,0.3369414266690393
3,2,full__8__catboost__global__4__0.3__0.0,full__8__catboost__global,full,8,catboost,global,4,0.3,0.0,0.32725303042713455
3,2,full__8__catboost__global__4__0.3__0.3,full__8__catboost__global,full,8,catboost,global,4,0.3,0.3,0.304880604719273
3,2,full__8__catboost__participant__1__-0.3__-0.3,full__8__catboost__participant,full,8,catboost,participant,1,-0.3,-0.3,0.3201769827524108
3,2,full__8__catboost__participant__1__-0.3__0.0,full__8__catboost__participant,full,8,catboost,participant,1,-0.3,0.0,0.3293134835695999
3,2,full__8__catboost__participant__1__-0.3__0.3,full__8__catboost__participant,full,8,catboost,participant,1,-0.3,0.3,0.33236208039686294
3,2,full__8__catboost__participant__1__0.0__-0.3,full__8__catboost__participant,full,8,catboost,participant,1,0.0,-0.3,0.31673541008883893
3,2,full__8__catboost__participant__1__0.0__0.0,full__8__catboost__participant,full,8,catboost,participant,1,0.0,0.0,0.3118886533998513
3,2,full__8__catboost__participant__1__0.0__0.3,full__8__catboost__participant,full,8,catboost,participant,1,0.0,0.3,0.32851491070330163
3,2,full__8__catboost__participant__1__0.3__-0.3,full__8__catboost__participant,full,8,catboost,participant,1,0.3,-0.3,0.3351475200046536
3,2,full__8__catboost__participant__1__0.3__0.0,full__8__catboost__participant,full,8,catboost,participant,1,0.3,0.0,0.31205999264136003
3,2,full__8__catboost__participant__1__0.3__0.3,full__8__catboost__participant,full,8,catboost,participant,1,0.3,0.3,0.31042687225124327
3,2,full__8__catboost__participant__4__-0.3__-0.3,full__8__catboost__participant,full,8,catboost,participant,4,-0.3,-0.3,0.32714621390780363
3,2,full__8__catboost__participant__4__-0.3__0.0,full__8__catboost__participant,full,8,catboost,participant,4,-0.3,0.0,0.3354056034836548
3,2,full__8__catboost__participant__4__-0.3__0.3,full__8__catboost__participant,full,8,catboost,participant,4,-0.3,0.3,0.3300064538878159
3,2,full__8__catboost__participant__4__0.0__-0.3,full__8__catboost__participant,full,8,catboost,participant,4,0.0,-0.3,0.32030838418662827
3,2,full__8__catboost__participant__4__0.0__0.0,full__8__catboost__participant,full,8,catboost,participant,4,0.0,0.0,0.3149749453120944
3,2,full__8__catboost__participant__4__0.0__0.3,full__8__catboost__participant,full,8,catboost,participant,4,0.0,0.3,0.3317820107169659
3,2,full__8__catboost__participant__4__0.3__-0.3,full__8__catboost__participant,full,8,catboost,participant,4,0.3,-0.3,0.3349404442922319
3,2,full__8__catboost__participant__4__0.3__0.0,full__8__catboost__participant,full,8,catboost,participant,4,0.3,0.0,0.31238252693868357
3,2,full__8__catboost__participant__4__0.3__0.3,full__8__catboost__participant,full,8,catboost,participant,4,0.3,0.3,0.3093991301826499
3,3,eye_pupil__1__logistic__global__1__-0.3__-0.3,eye_pupil__1__logistic__global,eye_pupil,1,logistic,global,1,-0.3,-0.3,0.2926654872634302
3,3,eye_pupil__1__logistic__global__1__-0.3__0.0,eye_pupil__1__logistic__global,eye_pupil,1,logistic,global,1,-0.3,0.0,0.32631045756392923
3,3,eye_pupil__1__logistic__global__1__-0.3__0.3,eye_pupil__1__logistic__global,eye_pupil,1,logistic,global,1,-0.3,0.3,0.3515620643649347
3,3,eye_pupil__1__logistic__global__1__0.0__-0.3,eye_pupil__1__logistic__global,eye_pupil,1,logistic,global,1,0.0,-0.3,0.3546070110545371
3,3,eye_pupil__1__logistic__global__1__0.0__0.0,eye_pupil__1__logistic__global,eye_pupil,1,logistic,global,1,0.0,0.0,0.3436736436652165
3,3,eye_pupil__1__logistic__global__1__0.0__0.3,eye_pupil__1__logistic__global,eye_pupil,1,logistic,global,1,0.0,0.3,0.35290315626756796
3,3,eye_pupil__1__logistic__global__1__0.3__-0.3,eye_pupil__1__logistic__global,eye_pupil,1,logistic,global,1,0.3,-0.3,0.35798438136324556
3,3,eye_pupil__1__logistic__global__1__0.3__0.0,eye_pupil__1__logistic__global,eye_pupil,1,logistic,global,1,0.3,0.0,0.3541891257654001
3,3,eye_pupil__1__logistic__global__1__0.3__0.3,eye_pupil__1__logistic__global,eye_pupil,1,logistic,global,1,0.3,0.3,0.3355198235529863
3,3,eye_pupil__1__logistic__global__4__-0.3__-0.3,eye_pupil__1__logistic__global,eye_pupil,1,logistic,global,4,-0.3,-0.3,0.28445631267299154
3,3,eye_pupil__1__logistic__global__4__-0.3__0.0,eye_pupil__1__logistic__global,eye_pupil,1,logistic,global,4,-0.3,0.0,0.3220004234071708
3,3,eye_pupil__1__logistic__global__4__-0.3__0.3,eye_pupil__1__logistic__global,eye_pupil,1,logistic,global,4,-0.3,0.3,0.3512159189021648
3,3,eye_pupil__1__logistic__global__4__0.0__-0.3,eye_pupil__1__logistic__global,eye_pupil,1,logistic,global,4,0.0,-0.3,0.35398127914316585
3,3,eye_pupil__1__logistic__global__4__0.0__0.0,eye_pupil__1__logistic__global,eye_pupil,1,logistic,global,4,0.0,0.0,0.33798498557151585
3,3,eye_pupil__1__logistic__global__4__0.0__0.3,eye_pupil__1__logistic__global,eye_pupil,1,logistic,global,4,0.0,0.3,0.35237319580924437
3,3,eye_pupil__1__logistic__global__4__0.3__-0.3,eye_pupil__1__logistic__global,eye_pupil,1,logistic,global,4,0.3,-0.3,0.3580885707613803
3,3,eye_pupil__1__logistic__global__4__0.3__0.0,eye_pupil__1__logistic__global,eye_pupil,1,logistic,global,4,0.3,0.0,0.35380825507376223
3,3,eye_pupil__1__logistic__global__4__0.3__0.3,eye_pupil__1__logistic__global,eye_pupil,1,logistic,global,4,0.3,0.3,0.33124464956855504
3,3,eye_pupil__1__logistic__participant__1__-0.3__-0.3,eye_pupil__1__logistic__participant,eye_pupil,1,logistic,participant,1,-0.3,-0.3,0.29303591161541964
3,3,eye_pupil__1__logistic__participant__1__-0.3__0.0,eye_pupil__1__logistic__participant,eye_pupil,1,logistic,participant,1,-0.3,0.0,0.3310962407992038
3,3,eye_pupil__1__logistic__participant__1__-0.3__0.3,eye_pupil__1__logistic__participant,eye_pupil,1,logistic,participant,1,-0.3,0.3,0.35313370226298957
3,3,eye_pupil__1__logistic__participant__1__0.0__-0.3,eye_pupil__1__logistic__participant,eye_pupil,1,logistic,participant,1,0.0,-0.3,0.3516273420119914
3,3,eye_pupil__1__logistic__participant__1__0.0__0.0,eye_pupil__1__logistic__participant,eye_pupil,1,logistic,participant,1,0.0,0.0,0.3416226572187146
3,3,eye_pupil__1__logistic__participant__1__0.0__0.3,eye_pupil__1__logistic__participant,eye_pupil,1,logistic,participant,1,0.0,0.3,0.35474855039175995
3,3,eye_pupil__1__logistic__participant__1__0.3__-0.3,eye_pupil__1__logistic__participant,eye_pupil,1,logistic,participant,1,0.3,-0.3,0.3571065302634176
3,3,eye_pupil__1__logistic__participant__1__0.3__0.0,eye_pupil__1__logistic__participant,eye_pupil,1,logistic,participant,1,0.3,0.0,0.3533110574650265
3,3,eye_pupil__1__logistic__participant__1__0.3__0.3,eye_pupil__1__logistic__participant,eye_pupil,1,logistic,participant,1,0.3,0.3,0.3325132963845912
3,3,eye_pupil__1__logistic__participant__4__-0.3__-0.3,eye_pupil__1__logistic__participant,eye_pupil,1,logistic,participant,4,-0.3,-0.3,0.28223350037557465
3,3,eye_pupil__1__logistic__participant__4__-0.3__0.0,eye_pupil__1__logistic__participant,eye_pupil,1,logistic,participant,4,-0.3,0.0,0.32345249632008943
3,3,eye_pupil__1__logistic__participant__4__-0.3__0.3,eye_pupil__1__logistic__participant,eye_pupil,1,logistic,participant,4,-0.3,0.3,0.35185631262294564
3,3,eye_pupil__1__logistic__participant__4__0.0__-0.3,eye_pupil__1__logistic__participant,eye_pupil,1,logistic,participant,4,0.0,-0.3,0.35184889472997377
3,3,eye_pupil__1__logistic__participant__4__0.0__0.0,eye_pupil__1__logistic__participant,eye_pupil,1,logistic,participant,4,0.0,0.0,0.3366392983861629
3,3,eye_pupil__1__logistic__participant__4__0.0__0.3,eye_pupil__1__logistic__participant,eye_pupil,1,logistic,participant,4,0.0,0.3,0.3523333174211816
3,3,eye_pupil__1__logistic__participant__4__0.3__-0.3,eye_pupil__1__logistic__participant,eye_pupil,1,logistic,participant,4,0.3,-0.3,0.35877416112972055
3,3,eye_pupil__1__logistic__participant__4__0.3__0.0,eye_pupil__1__logistic__participant,eye_pupil,1,logistic,participant,4,0.3,0.0,0.3523509759792949
3,3,eye_pupil__1__logistic__participant__4__0.3__0.3,eye_pupil__1__logistic__participant,eye_pupil,1,logistic,participant,4,0.3,0.3,0.3315189723365064
3,3,eye_pupil__1__ordinal__global__1__-0.3__-0.3,eye_pupil__1__ordinal__global,eye_pupil,1,ordinal,global,1,-0.3,-0.3,0.2939962872261768
3,3,eye_pupil__1__ordinal__global__1__-0.3__0.0,eye_pupil__1__ordinal__global,eye_pupil,1,ordinal,global,1,-0.3,0.0,0.32781043432443907
3,3,eye_pupil__1__ordinal__global__1__-0.3__0.3,eye_pupil__1__ordinal__global,eye_pupil,1,ordinal,global,1,-0.3,0.3,0.35405999986511755
3,3,eye_pupil__1__ordinal__global__1__0.0__-0.3,eye_pupil__1__ordinal__global,eye_pupil,1,ordinal,global,1,0.0,-0.3,0.3521124399644991
3,3,eye_pupil__1__ordinal__global__1__0.0__0.0,eye_pupil__1__ordinal__global,eye_pupil,1,ordinal,global,1,0.0,0.0,0.34005207004948734
3,3,eye_pupil__1__ordinal__global__1__0.0__0.3,eye_pupil__1__ordinal__global,eye_pupil,1,ordinal,global,1,0.0,0.3,0.35586266313186915
3,3,eye_pupil__1__ordinal__global__1__0.3__-0.3,eye_pupil__1__ordinal__global,eye_pupil,1,ordinal,global,1,0.3,-0.3,0.35721312213839834
3,3,eye_pupil__1__ordinal__global__1__0.3__0.0,eye_pupil__1__ordinal__global,eye_pupil,1,ordinal,global,1,0.3,0.0,0.3560648528881374
3,3,eye_pupil__1__ordinal__global__1__0.3__0.3,eye_pupil__1__ordinal__global,eye_pupil,1,ordinal,global,1,0.3,0.3,0.3354317867493109
3,3,eye_pupil__1__ordinal__global__4__-0.3__-0.3,eye_pupil__1__ordinal__global,eye_pupil,1,ordinal,global,4,-0.3,-0.3,0.2847080474776037
3,3,eye_pupil__1__ordinal__global__4__-0.3__0.0,eye_pupil__1__ordinal__global,eye_pupil,1,ordinal,global,4,-0.3,0.0,0.3195708870657778
3,3,eye_pupil__1__ordinal__global__4__-0.3__0.3,eye_pupil__1__ordinal__global,eye_pupil,1,ordinal,global,4,-0.3,0.3,0.3533342880432851
3,3,eye_pupil__1__ordinal__global__4__0.0__-0.3,eye_pupil__1__ordinal__global,eye_pupil,1,ordinal,global,4,0.0,-0.3,0.35365729617576647
3,3,eye_pupil__1__ordinal__global__4__0.0__0.0,eye_pupil__1__ordinal__global,eye_pupil,1,ordinal,global,4,0.0,0.0,0.3367484904669096
3,3,eye_pupil__1__ordinal__global__4__0.0__0.3,eye_pupil__1__ordinal__global,eye_pupil,1,ordinal,global,4,0.0,0.3,0.3539813608687321
3,3,eye_pupil__1__ordinal__global__4__0.3__-0.3,eye_pupil__1__ordinal__global,eye_pupil,1,ordinal,global,4,0.3,-0.3,0.3578846243045064
3,3,eye_pupil__1__ordinal__global__4__0.3__0.0,eye_pupil__1__ordinal__global,eye_pupil,1,ordinal,global,4,0.3,0.0,0.35423068930107254
3,3,eye_pupil__1__ordinal__global__4__0.3__0.3,eye_pupil__1__ordinal__global,eye_pupil,1,ordinal,global,4,0.3,0.3,0.33186169700620766
3,3,eye_pupil__1__ordinal__participant__1__-0.3__-0.3,eye_pupil__1__ordinal__participant,eye_pupil,1,ordinal,participant,1,-0.3,-0.3,0.29331157150787723
3,3,eye_pupil__1__ordinal__participant__1__-0.3__0.0,eye_pupil__1__ordinal__participant,eye_pupil,1,ordinal,participant,1,-0.3,0.0,0.3293361868040689
3,3,eye_pupil__1__ordinal__participant__1__-0.3__0.3,eye_pupil__1__ordinal__participant,eye_pupil,1,ordinal,participant,1,-0.3,0.3,0.353160549709877
3,3,eye_pupil__1__ordinal__participant__1__0.0__-0.3,eye_pupil__1__ordinal__participant,eye_pupil,1,ordinal,participant,1,0.0,-0.3,0.3500653611249563
3,3,eye_pupil__1__ordinal__participant__1__0.0__0.0,eye_pupil__1__ordinal__participant,eye_pupil,1,ordinal,participant,1,0.0,0.0,0.33866176136328857
3,3,eye_pupil__1__ordinal__participant__1__0.0__0.3,eye_pupil__1__ordinal__participant,eye_pupil,1,ordinal,participant,1,0.0,0.3,0.3544369482500005
3,3,eye_pupil__1__ordinal__participant__1__0.3__-0.3,eye_pupil__1__ordinal__participant,eye_pupil,1,ordinal,participant,1,0.3,-0.3,0.3549399979258193
3,3,eye_pupil__1__ordinal__participant__1__0.3__0.0,eye_pupil__1__ordinal__participant,eye_pupil,1,ordinal,participant,1,0.3,0.0,0.3542568649239002
3,3,eye_pupil__1__ordinal__participant__1__0.3__0.3,eye_pupil__1__ordinal__participant,eye_pupil,1,ordinal,participant,1,0.3,0.3,0.3337216732505444
3,3,eye_pupil__1__ordinal__participant__4__-0.3__-0.3,eye_pupil__1__ordinal__participant,eye_pupil,1,ordinal,participant,4,-0.3,-0.3,0.2818933643211529
3,3,eye_pupil__1__ordinal__participant__4__-0.3__0.0,eye_pupil__1__ordinal__participant,eye_pupil,1,ordinal,participant,4,-0.3,0.0,0.323077331419718
3,3,eye_pupil__1__ordinal__participant__4__-0.3__0.3,eye_pupil__1__ordinal__participant,eye_pupil,1,ordinal,participant,4,-0.3,0.3,0.35330257488038463
3,3,eye_pupil__1__ordinal__participant__4__0.0__-0.3,eye_pupil__1__ordinal__participant,eye_pupil,1,ordinal,participant,4,0.0,-0.3,0.3504040685071244
3,3,eye_pupil__1__ordinal__participant__4__0.0__0.0,eye_pupil__1__ordinal__participant,eye_pupil,1,ordinal,participant,4,0.0,0.0,0.33573221623727184
3,3,eye_pupil__1__ordinal__participant__4__0.0__0.3,eye_pupil__1__ordinal__participant,eye_pupil,1,ordinal,participant,4,0.0,0.3,0.35360951165140986
3,3,eye_pupil__1__ordinal__participant__4__0.3__-0.3,eye_pupil__1__ordinal__participant,eye_pupil,1,ordinal,participant,4,0.3,-0.3,0.35829823432489016
3,3,eye_pupil__1__ordinal__participant__4__0.3__0.0,eye_pupil__1__ordinal__participant,eye_pupil,1,ordinal,participant,4,0.3,0.0,0.35375012376157483
3,3,eye_pupil__1__ordinal__participant__4__0.3__0.3,eye_pupil__1__ordinal__participant,eye_pupil,1,ordinal,participant,4,0.3,0.3,0.33286123967725406
3,3,eye_pupil__1__catboost__global__1__-0.3__-0.3,eye_pupil__1__catboost__global,eye_pupil,1,catboost,global,1,-0.3,-0.3,0.28700974268065516
3,3,eye_pupil__1__catboost__global__1__-0.3__0.0,eye_pupil__1__catboost__global,eye_pupil,1,catboost,global,1,-0.3,0.0,0.3156972163118791
3,3,eye_pupil__1__catboost__global__1__-0.3__0.3,eye_pupil__1__catboost__global,eye_pupil,1,catboost,global,1,-0.3,0.3,0.3438521244037118
3,3,eye_pupil__1__catboost__global__1__0.0__-0.3,eye_pupil__1__catboost__global,eye_pupil,1,catboost,global,1,0.0,-0.3,0.32748497601269655
3,3,eye_pupil__1__catboost__global__1__0.0__0.0,eye_pupil__1__catboost__global,eye_pupil,1,catboost,global,1,0.0,0.0,0.3199570044564658
3,3,eye_pupil__1__catboost__global__1__0.0__0.3,eye_pupil__1__catboost__global,eye_pupil,1,catboost,global,1,0.0,0.3,0.34340129960970156
3,3,eye_pupil__1__catboost__global__1__0.3__-0.3,eye_pupil__1__catboost__global,eye_pupil,1,catboost,global,1,0.3,-0.3,0.3578207043623616
3,3,eye_pupil__1__catboost__global__1__0.3__0.0,eye_pupil__1__catboost__global,eye_pupil,1,catboost,global,1,0.3,0.0,0.3532552097924067
3,3,eye_pupil__1__catboost__global__1__0.3__0.3,eye_pupil__1__catboost__global,eye_pupil,1,catboost,global,1,0.3,0.3,0.33859272341744656
3,3,eye_pupil__1__catboost__global__4__-0.3__-0.3,eye_pupil__1__catboost__global,eye_pupil,1,catboost,global,4,-0.3,-0.3,0.27724046127256496
3,3,eye_pupil__1__catboost__global__4__-0.3__0.0,eye_pupil__1__catboost__global,eye_pupil,1,catboost,global,4,-0.3,0.0,0.3159445319302358
3,3,eye_pupil__1__catboost__global__4__-0.3__0.3,eye_pupil__1__catboost__global,eye_pupil,1,catboost,global,4,-0.3,0.3,0.3440786626403071
3,3,eye_pupil__1__catboost__global__4__0.0__-0.3,eye_pupil__1__catboost__global,eye_pupil,1,catboost,global,4,0.0,-0.3,0.3352375674003814
3,3,eye_pupil__1__catboost__global__4__0.0__0.0,eye_pupil__1__catboost__global,eye_pupil,1,catboost,global,4,0.0,0.0,0.33078958915540235
3,3,eye_pupil__1__catboost__global__4__0.0__0.3,eye_pupil__1__catboost__global,eye_pupil,1,catboost,global,4,0.0,0.3,0.3443839129455574
3,3,eye_pupil__1__catboost__global__4__0.3__-0.3,eye_pupil__1__catboost__global,eye_pupil,1,catboost,global,4,0.3,-0.3,0.358951916073928
3,3,eye_pupil__1__catboost__global__4__0.3__0.0,eye_pupil__1__catboost__global,eye_pupil,1,catboost,global,4,0.3,0.0,0.3570066152395063
3,3,eye_pupil__1__catboost__global__4__0.3__0.3,eye_pupil__1__catboost__global,eye_pupil,1,catboost,global,4,0.3,0.3,0.34809186619035126
3,3,eye_pupil__1__catboost__participant__1__-0.3__-0.3,eye_pupil__1__catboost__participant,eye_pupil,1,catboost,participant,1,-0.3,-0.3,0.2856374340313817
3,3,eye_pupil__1__catboost__participant__1__-0.3__0.0,eye_pupil__1__catboost__participant,eye_pupil,1,catboost,participant,1,-0.3,0.0,0.3210466649784983
3,3,eye_pupil__1__catboost__participant__1__-0.3__0.3,eye_pupil__1__catboost__participant,eye_pupil,1,catboost,participant,1,-0.3,0.3,0.3470200549894171
3,3,eye_pupil__1__catboost__participant__1__0.0__-0.3,eye_pupil__1__catboost__participant,eye_pupil,1,catboost,participant,1,0.0,-0.3,0.32668647082986124
3,3,eye_pupil__1__catboost__participant__1__0.0__0.0,eye_pupil__1__catboost__participant,eye_pupil,1,catboost,participant,1,0.0,0.0,0.3235949701683998
3,3,eye_pupil__1__catboost__participant__1__0.0__0.3,eye_pupil__1__catboost__participant,eye_pupil,1,catboost,participant,1,0.0,0.3,0.3461962523502896
3,3,eye_pupil__1__catboost__participant__1__0.3__-0.3,eye_pupil__1__catboost__participant,eye_pupil,1,catboost,participant,1,0.3,-0.3,0.3565398942652464
3,3,eye_pupil__1__catboost__participant__1__0.3__0.0,eye_pupil__1__catboost__participant,eye_pupil,1,catboost,participant,1,0.3,0.0,0.3545534364567479
3,3,eye_pupil__1__catboost__participant__1__0.3__0.3,eye_pupil__1__catboost__participant,eye_pupil,1,catboost,participant,1,0.3,0.3,0.34209490574916196
3,3,eye_pupil__1__catboost__participant__4__-0.3__-0.3,eye_pupil__1__catboost__participant,eye_pupil,1,catboost,participant,4,-0.3,-0.3,0.2764907935893997
3,3,eye_pupil__1__catboost__participant__4__-0.3__0.0,eye_pupil__1__catboost__participant,eye_pupil,1,catboost,participant,4,-0.3,0.0,0.32124621419774424
3,3,eye_pupil__1__catboost__participant__4__-0.3__0.3,eye_pupil__1__catboost__participant,eye_pupil,1,catboost,participant,4,-0.3,0.3,0.34547273139750617
3,3,eye_pupil__1__catboost__participant__4__0.0__-0.3,eye_pupil__1__catboost__participant,eye_pupil,1,catboost,participant,4,0.0,-0.3,0.3270798613321951
3,3,eye_pupil__1__catboost__participant__4__0.0__0.0,eye_pupil__1__catboost__participant,eye_pupil,1,catboost,participant,4,0.0,0.0,0.33066924373060613
3,3,eye_pupil__1__catboost__participant__4__0.0__0.3,eye_pupil__1__catboost__participant,eye_pupil,1,catboost,participant,4,0.0,0.3,0.3457779817027565
3,3,eye_pupil__1__catboost__participant__4__0.3__-0.3,eye_pupil__1__catboost__participant,eye_pupil,1,catboost,participant,4,0.3,-0.3,0.3584675239228692
3,3,eye_pupil__1__catboost__participant__4__0.3__0.0,eye_pupil__1__catboost__participant,eye_pupil,1,catboost,participant,4,0.3,0.0,0.35837725805264303
3,3,eye_pupil__1__catboost__participant__4__0.3__0.3,eye_pupil__1__catboost__participant,eye_pupil,1,catboost,participant,4,0.3,0.3,0.34542842334903845
3,3,eye_pupil__8__logistic__global__1__-0.3__-0.3,eye_pupil__8__logistic__global,eye_pupil,8,logistic,global,1,-0.3,-0.3,0.32315305434998726
3,3,eye_pupil__8__logistic__global__1__-0.3__0.0,eye_pupil__8__logistic__global,eye_pupil,8,logistic,global,1,-0.3,0.0,0.3260150453548653
3,3,eye_pupil__8__logistic__global__1__-0.3__0.3,eye_pupil__8__logistic__global,eye_pupil,8,logistic,global,1,-0.3,0.3,0.33924287030631206
3,3,eye_pupil__8__logistic__global__1__0.0__-0.3,eye_pupil__8__logistic__global,eye_pupil,8,logistic,global,1,0.0,-0.3,0.3303110925821649
3,3,eye_pupil__8__logistic__global__1__0.0__0.0,eye_pupil__8__logistic__global,eye_pupil,8,logistic,global,1,0.0,0.0,0.33169429052601646
3,3,eye_pupil__8__logistic__global__1__0.0__0.3,eye_pupil__8__logistic__global,eye_pupil,8,logistic,global,1,0.0,0.3,0.3455877658717712
3,3,eye_pupil__8__logistic__global__1__0.3__-0.3,eye_pupil__8__logistic__global,eye_pupil,8,logistic,global,1,0.3,-0.3,0.3282872731135589
3,3,eye_pupil__8__logistic__global__1__0.3__0.0,eye_pupil__8__logistic__global,eye_pupil,8,logistic,global,1,0.3,0.0,0.32376922899960514
3,3,eye_pupil__8__logistic__global__1__0.3__0.3,eye_pupil__8__logistic__global,eye_pupil,8,logistic,global,1,0.3,0.3,0.3350511699315093
3,3,eye_pupil__8__logistic__global__4__-0.3__-0.3,eye_pupil__8__logistic__global,eye_pupil,8,logistic,global,4,-0.3,-0.3,0.3057215947031653
3,3,eye_pupil__8__logistic__global__4__-0.3__0.0,eye_pupil__8__logistic__global,eye_pupil,8,logistic,global,4,-0.3,0.0,0.31949767442537935
3,3,eye_pupil__8__logistic__global__4__-0.3__0.3,eye_pupil__8__logistic__global,eye_pupil,8,logistic,global,4,-0.3,0.3,0.33043312501566485
3,3,eye_pupil__8__logistic__global__4__0.0__-0.3,eye_pupil__8__logistic__global,eye_pupil,8,logistic,global,4,0.0,-0.3,0.3235797271713848
3,3,eye_pupil__8__logistic__global__4__0.0__0.0,eye_pupil__8__logistic__global,eye_pupil,8,logistic,global,4,0.0,0.0,0.3294906658015206
3,3,eye_pupil__8__logistic__global__4__0.0__0.3,eye_pupil__8__logistic__global,eye_pupil,8,logistic,global,4,0.0,0.3,0.34493400510241295
3,3,eye_pupil__8__logistic__global__4__0.3__-0.3,eye_pupil__8__logistic__global,eye_pupil,8,logistic,global,4,0.3,-0.3,0.32233005067702253
3,3,eye_pupil__8__logistic__global__4__0.3__0.0,eye_pupil__8__logistic__global,eye_pupil,8,logistic,global,4,0.3,0.0,0.3242995311943398
3,3,eye_pupil__8__logistic__global__4__0.3__0.3,eye_pupil__8__logistic__global,eye_pupil,8,logistic,global,4,0.3,0.3,0.3387851958639122
3,3,eye_pupil__8__logistic__participant__1__-0.3__-0.3,eye_pupil__8__logistic__participant,eye_pupil,8,logistic,participant,1,-0.3,-0.3,0.3174277986139379
3,3,eye_pupil__8__logistic__participant__1__-0.3__0.0,eye_pupil__8__logistic__participant,eye_pupil,8,logistic,participant,1,-0.3,0.0,0.3208061059303015
3,3,eye_pupil__8__logistic__participant__1__-0.3__0.3,eye_pupil__8__logistic__participant,eye_pupil,8,logistic,participant,1,-0.3,0.3,0.3391362817762898
3,3,eye_pupil__8__logistic__participant__1__0.0__-0.3,eye_pupil__8__logistic__participant,eye_pupil,8,logistic,participant,1,0.0,-0.3,0.32457995302105797
3,3,eye_pupil__8__logistic__participant__1__0.0__0.0,eye_pupil__8__logistic__participant,eye_pupil,8,logistic,participant,1,0.0,0.0,0.3147263391153342
3,3,eye_pupil__8__logistic__participant__1__0.0__0.3,eye_pupil__8__logistic__participant,eye_pupil,8,logistic,participant,1,0.0,0.3,0.3463230454898731
3,3,eye_pupil__8__logistic__participant__1__0.3__-0.3,eye_pupil__8__logistic__participant,eye_pupil,8,logistic,participant,1,0.3,-0.3,0.3232336283073565
3,3,eye_pupil__8__logistic__participant__1__0.3__0.0,eye_pupil__8__logistic__participant,eye_pupil,8,logistic,participant,1,0.3,0.0,0.31772615479232974
3,3,eye_pupil__8__logistic__participant__1__0.3__0.3,eye_pupil__8__logistic__participant,eye_pupil,8,logistic,participant,1,0.3,0.3,0.32904261025258397
3,3,eye_pupil__8__logistic__participant__4__-0.3__-0.3,eye_pupil__8__logistic__participant,eye_pupil,8,logistic,participant,4,-0.3,-0.3,0.30561149032170637
3,3,eye_pupil__8__logistic__participant__4__-0.3__0.0,eye_pupil__8__logistic__participant,eye_pupil,8,logistic,participant,4,-0.3,0.0,0.3237051885589157
3,3,eye_pupil__8__logistic__participant__4__-0.3__0.3,eye_pupil__8__logistic__participant,eye_pupil,8,logistic,participant,4,-0.3,0.3,0.33118889514617983
3,3,eye_pupil__8__logistic__participant__4__0.0__-0.3,eye_pupil__8__logistic__participant,eye_pupil,8,logistic,participant,4,0.0,-0.3,0.32171369150095586
3,3,eye_pupil__8__logistic__participant__4__0.0__0.0,eye_pupil__8__logistic__participant,eye_pupil,8,logistic,participant,4,0.0,0.0,0.3234042459174902
3,3,eye_pupil__8__logistic__participant__4__0.0__0.3,eye_pupil__8__logistic__participant,eye_pupil,8,logistic,participant,4,0.0,0.3,0.3415254292102945
3,3,eye_pupil__8__logistic__participant__4__0.3__-0.3,eye_pupil__8__logistic__participant,eye_pupil,8,logistic,participant,4,0.3,-0.3,0.32263348438985784
3,3,eye_pupil__8__logistic__participant__4__0.3__0.0,eye_pupil__8__logistic__participant,eye_pupil,8,logistic,participant,4,0.3,0.0,0.3229358387926351
3,3,eye_pupil__8__logistic__participant__4__0.3__0.3,eye_pupil__8__logistic__participant,eye_pupil,8,logistic,participant,4,0.3,0.3,0.33301861358885676
3,3,eye_pupil__8__ordinal__global__1__-0.3__-0.3,eye_pupil__8__ordinal__global,eye_pupil,8,ordinal,global,1,-0.3,-0.3,0.32095841022731925
3,3,eye_pupil__8__ordinal__global__1__-0.3__0.0,eye_pupil__8__ordinal__global,eye_pupil,8,ordinal,global,1,-0.3,0.0,0.3226959158722018
3,3,eye_pupil__8__ordinal__global__1__-0.3__0.3,eye_pupil__8__ordinal__global,eye_pupil,8,ordinal,global,1,-0.3,0.3,0.3446664281818314
3,3,eye_pupil__8__ordinal__global__1__0.0__-0.3,eye_pupil__8__ordinal__global,eye_pupil,8,ordinal,global,1,0.0,-0.3,0.3263564245430947
3,3,eye_pupil__8__ordinal__global__1__0.0__0.0,eye_pupil__8__ordinal__global,eye_pupil,8,ordinal,global,1,0.0,0.0,0.3293866456906218
3,3,eye_pupil__8__ordinal__global__1__0.0__0.3,eye_pupil__8__ordinal__global,eye_pupil,8,ordinal,global,1,0.0,0.3,0.34676011669717627
3,3,eye_pupil__8__ordinal__global__1__0.3__-0.3,eye_pupil__8__ordinal__global,eye_pupil,8,ordinal,global,1,0.3,-0.3,0.3248804409633065
3,3,eye_pupil__8__ordinal__global__1__0.3__0.0,eye_pupil__8__ordinal__global,eye_pupil,8,ordinal,global,1,0.3,0.0,0.32313255202482866
3,3,eye_pupil__8__ordinal__global__1__0.3__0.3,eye_pupil__8__ordinal__global,eye_pupil,8,ordinal,global,1,0.3,0.3,0.3366402564952033
3,3,eye_pupil__8__ordinal__global__4__-0.3__-0.3,eye_pupil__8__ordinal__global,eye_pupil,8,ordinal,global,4,-0.3,-0.3,0.30626112350495627
3,3,eye_pupil__8__ordinal__global__4__-0.3__0.0,eye_pupil__8__ordinal__global,eye_pupil,8,ordinal,global,4,-0.3,0.0,0.31821465211234967
3,3,eye_pupil__8__ordinal__global__4__-0.3__0.3,eye_pupil__8__ordinal__global,eye_pupil,8,ordinal,global,4,-0.3,0.3,0.32926849176918
3,3,eye_pupil__8__ordinal__global__4__0.0__-0.3,eye_pupil__8__ordinal__global,eye_pupil,8,ordinal,global,4,0.0,-0.3,0.3255344330612022
3,3,eye_pupil__8__ordinal__global__4__0.0__0.0,eye_pupil__8__ordinal__global,eye_pupil,8,ordinal,global,4,0.0,0.0,0.32679370869625773
3,3,eye_pupil__8__ordinal__global__4__0.0__0.3,eye_pupil__8__ordinal__global,eye_pupil,8,ordinal,global,4,0.0,0.3,0.34257549543082766
3,3,eye_pupil__8__ordinal__global__4__0.3__-0.3,eye_pupil__8__ordinal__global,eye_pupil,8,ordinal,global,4,0.3,-0.3,0.32148415010033954
3,3,eye_pupil__8__ordinal__global__4__0.3__0.0,eye_pupil__8__ordinal__global,eye_pupil,8,ordinal,global,4,0.3,0.0,0.32265670844040656
3,3,eye_pupil__8__ordinal__global__4__0.3__0.3,eye_pupil__8__ordinal__global,eye_pupil,8,ordinal,global,4,0.3,0.3,0.3374153643532623
3,3,eye_pupil__8__ordinal__participant__1__-0.3__-0.3,eye_pupil__8__ordinal__participant,eye_pupil,8,ordinal,participant,1,-0.3,-0.3,0.31401195935188475
3,3,eye_pupil__8__ordinal__participant__1__-0.3__0.0,eye_pupil__8__ordinal__participant,eye_pupil,8,ordinal,participant,1,-0.3,0.0,0.3173209546656405
3,3,eye_pupil__8__ordinal__participant__1__-0.3__0.3,eye_pupil__8__ordinal__participant,eye_pupil,8,ordinal,participant,1,-0.3,0.3,0.3393067804199017
3,3,eye_pupil__8__ordinal__participant__1__0.0__-0.3,eye_pupil__8__ordinal__participant,eye_pupil,8,ordinal,participant,1,0.0,-0.3,0.3215479945456877
3,3,eye_pupil__8__ordinal__participant__1__0.0__0.0,eye_pupil__8__ordinal__participant,eye_pupil,8,ordinal,participant,1,0.0,0.0,0.3182650989809726
3,3,eye_pupil__8__ordinal__participant__1__0.0__0.3,eye_pupil__8__ordinal__participant,eye_pupil,8,ordinal,participant,1,0.0,0.3,0.3422795402070897
3,3,eye_pupil__8__ordinal__participant__1__0.3__-0.3,eye_pupil__8__ordinal__participant,eye_pupil,8,ordinal,participant,1,0.3,-0.3,0.32416071420887554
3,3,eye_pupil__8__ordinal__participant__1__0.3__0.0,eye_pupil__8__ordinal__participant,eye_pupil,8,ordinal,participant,1,0.3,0.0,0.3181882415986239
3,3,eye_pupil__8__ordinal__participant__1__0.3__0.3,eye_pupil__8__ordinal__participant,eye_pupil,8,ordinal,participant,1,0.3,0.3,0.3305186380919796
3,3,eye_pupil__8__ordinal__participant__4__-0.3__-0.3,eye_pupil__8__ordinal__participant,eye_pupil,8,ordinal,participant,4,-0.3,-0.3,0.3048138384108526
3,3,eye_pupil__8__ordinal__participant__4__-0.3__0.0,eye_pupil__8__ordinal__participant,eye_pupil,8,ordinal,participant,4,-0.3,0.0,0.31953984709846456
3,3,eye_pupil__8__ordinal__participant__4__-0.3__0.3,eye_pupil__8__ordinal__participant,eye_pupil,8,ordinal,participant,4,-0.3,0.3,0.3288565503678293
3,3,eye_pupil__8__ordinal__participant__4__0.0__-0.3,eye_pupil__8__ordinal__participant,eye_pupil,8,ordinal,participant,4,0.0,-0.3,0.3195518480137819
3,3,eye_pupil__8__ordinal__participant__4__0.0__0.0,eye_pupil__8__ordinal__participant,eye_pupil,8,ordinal,participant,4,0.0,0.0,0.3215975265166626
3,3,eye_pupil__8__ordinal__participant__4__0.0__0.3,eye_pupil__8__ordinal__participant,eye_pupil,8,ordinal,participant,4,0.0,0.3,0.3380430975974935
3,3,eye_pupil__8__ordinal__participant__4__0.3__-0.3,eye_pupil__8__ordinal__participant,eye_pupil,8,ordinal,participant,4,0.3,-0.3,0.3190054880296727
3,3,eye_pupil__8__ordinal__participant__4__0.3__0.0,eye_pupil__8__ordinal__participant,eye_pupil,8,ordinal,participant,4,0.3,0.0,0.3188277238063913
3,3,eye_pupil__8__ordinal__participant__4__0.3__0.3,eye_pupil__8__ordinal__participant,eye_pupil,8,ordinal,participant,4,0.3,0.3,0.3315379812306362
3,3,eye_pupil__8__catboost__global__1__-0.3__-0.3,eye_pupil__8__catboost__global,eye_pupil,8,catboost,global,1,-0.3,-0.3,0.29855084272769616
3,3,eye_pupil__8__catboost__global__1__-0.3__0.0,eye_pupil__8__catboost__global,eye_pupil,8,catboost,global,1,-0.3,0.0,0.3227040658211079
3,3,eye_pupil__8__catboost__global__1__-0.3__0.3,eye_pupil__8__catboost__global,eye_pupil,8,catboost,global,1,-0.3,0.3,0.333617721548817
3,3,eye_pupil__8__catboost__global__1__0.0__-0.3,eye_pupil__8__catboost__global,eye_pupil,8,catboost,global,1,0.0,-0.3,0.32476182357453315
3,3,eye_pupil__8__catboost__global__1__0.0__0.0,eye_pupil__8__catboost__global,eye_pupil,8,catboost,global,1,0.0,0.0,0.3229820405216891
3,3,eye_pupil__8__catboost__global__1__0.0__0.3,eye_pupil__8__catboost__global,eye_pupil,8,catboost,global,1,0.0,0.3,0.33631804686999134
3,3,eye_pupil__8__catboost__global__1__0.3__-0.3,eye_pupil__8__catboost__global,eye_pupil,8,catboost,global,1,0.3,-0.3,0.335729349148581
3,3,eye_pupil__8__catboost__global__1__0.3__0.0,eye_pupil__8__catboost__global,eye_pupil,8,catboost,global,1,0.3,0.0,0.32742722551583847
3,3,eye_pupil__8__catboost__global__1__0.3__0.3,eye_pupil__8__catboost__global,eye_pupil,8,catboost,global,1,0.3,0.3,0.3335536736213416
3,3,eye_pupil__8__catboost__global__4__-0.3__-0.3,eye_pupil__8__catboost__global,eye_pupil,8,catboost,global,4,-0.3,-0.3,0.2872091746840294
3,3,eye_pupil__8__catboost__global__4__-0.3__0.0,eye_pupil__8__catboost__global,eye_pupil,8,catboost,global,4,-0.3,0.0,0.3109680985627132
3,3,eye_pupil__8__catboost__global__4__-0.3__0.3,eye_pupil__8__catboost__global,eye_pupil,8,catboost,global,4,-0.3,0.3,0.32966139082085716
3,3,eye_pupil__8__catboost__global__4__0.0__-0.3,eye_pupil__8__catboost__global,eye_pupil,8,catboost,global,4,0.0,-0.3,0.32527065789187304
3,3,eye_pupil__8__catboost__global__4__0.0__0.0,eye_pupil__8__catboost__global,eye_pupil,8,catboost,global,4,0.0,0.0,0.32360957955809583
3,3,eye_pupil__8__catboost__global__4__0.0__0.3,eye_pupil__8__catboost__global,eye_pupil,8,catboost,global,4,0.0,0.3,0.3332623175826438
3,3,eye_pupil__8__catboost__global__4__0.3__-0.3,eye_pupil__8__catboost__global,eye_pupil,8,catboost,global,4,0.3,-0.3,0.3405223588144838
3,3,eye_pupil__8__catboost__global__4__0.3__0.0,eye_pupil__8__catboost__global,eye_pupil,8,catboost,global,4,0.3,0.0,0.3291305345719395
3,3,eye_pupil__8__catboost__global__4__0.3__0.3,eye_pupil__8__catboost__global,eye_pupil,8,catboost,global,4,0.3,0.3,0.33576342559625766
3,3,eye_pupil__8__catboost__participant__1__-0.3__-0.3,eye_pupil__8__catboost__participant,eye_pupil,8,catboost,participant,1,-0.3,-0.3,0.29168503317434197
3,3,eye_pupil__8__catboost__participant__1__-0.3__0.0,eye_pupil__8__catboost__participant,eye_pupil,8,catboost,participant,1,-0.3,0.0,0.31883939964888075
3,3,eye_pupil__8__catboost__participant__1__-0.3__0.3,eye_pupil__8__catboost__participant,eye_pupil,8,catboost,participant,1,-0.3,0.3,0.3312535116132311
3,3,eye_pupil__8__catboost__participant__1__0.0__-0.3,eye_pupil__8__catboost__participant,eye_pupil,8,catboost,participant,1,0.0,-0.3,0.32698612529916243
3,3,eye_pupil__8__catboost__participant__1__0.0__0.0,eye_pupil__8__catboost__participant,eye_pupil,8,catboost,participant,1,0.0,0.0,0.3211641841725812
3,3,eye_pupil__8__catboost__participant__1__0.0__0.3,eye_pupil__8__catboost__participant,eye_pupil,8,catboost,participant,1,0.0,0.3,0.3315958056425196
3,3,eye_pupil__8__catboost__participant__1__0.3__-0.3,eye_pupil__8__catboost__participant,eye_pupil,8,catboost,participant,1,0.3,-0.3,0.3366429560950809
3,3,eye_pupil__8__catboost__participant__1__0.3__0.0,eye_pupil__8__catboost__participant,eye_pupil,8,catboost,participant,1,0.3,0.0,0.33030844708958434
3,3,eye_pupil__8__catboost__participant__1__0.3__0.3,eye_pupil__8__catboost__participant,eye_pupil,8,catboost,participant,1,0.3,0.3,0.3264820388172241
3,3,eye_pupil__8__catboost__participant__4__-0.3__-0.3,eye_pupil__8__catboost__participant,eye_pupil,8,catboost,participant,4,-0.3,-0.3,0.28732186508865565
3,3,eye_pupil__8__catboost__participant__4__-0.3__0.0,eye_pupil__8__catboost__participant,eye_pupil,8,catboost,participant,4,-0.3,0.0,0.30905129284429333
3,3,eye_pupil__8__catboost__participant__4__-0.3__0.3,eye_pupil__8__catboost__participant,eye_pupil,8,catboost,participant,4,-0.3,0.3,0.33124659970040077
3,3,eye_pupil__8__catboost__participant__4__0.0__-0.3,eye_pupil__8__catboost__participant,eye_pupil,8,catboost,participant,4,0.0,-0.3,0.3228381062473895
3,3,eye_pupil__8__catboost__participant__4__0.0__0.0,eye_pupil__8__catboost__participant,eye_pupil,8,catboost,participant,4,0.0,0.0,0.3200009229567256
3,3,eye_pupil__8__catboost__participant__4__0.0__0.3,eye_pupil__8__catboost__participant,eye_pupil,8,catboost,participant,4,0.0,0.3,0.3340677895652418
3,3,eye_pupil__8__catboost__participant__4__0.3__-0.3,eye_pupil__8__catboost__participant,eye_pupil,8,catboost,participant,4,0.3,-0.3,0.34448622114459293
3,3,eye_pupil__8__catboost__participant__4__0.3__0.0,eye_pupil__8__catboost__participant,eye_pupil,8,catboost,participant,4,0.3,0.0,0.32970175718283135
3,3,eye_pupil__8__catboost__participant__4__0.3__0.3,eye_pupil__8__catboost__participant,eye_pupil,8,catboost,participant,4,0.3,0.3,0.3311916976139974
3,3,full__1__logistic__global__1__-0.3__-0.3,full__1__logistic__global,full,1,logistic,global,1,-0.3,-0.3,0.30309849738139294
3,3,full__1__logistic__global__1__-0.3__0.0,full__1__logistic__global,full,1,logistic,global,1,-0.3,0.0,0.3328747176162421
3,3,full__1__logistic__global__1__-0.3__0.3,full__1__logistic__global,full,1,logistic,global,1,-0.3,0.3,0.35143494635020683
3,3,full__1__logistic__global__1__0.0__-0.3,full__1__logistic__global,full,1,logistic,global,1,0.0,-0.3,0.3505747105145515
3,3,full__1__logistic__global__1__0.0__0.0,full__1__logistic__global,full,1,logistic,global,1,0.0,0.0,0.34348357269629415
3,3,full__1__logistic__global__1__0.0__0.3,full__1__logistic__global,full,1,logistic,global,1,0.0,0.3,0.356631967109525
3,3,full__1__logistic__global__1__0.3__-0.3,full__1__logistic__global,full,1,logistic,global,1,0.3,-0.3,0.35373918069185845
3,3,full__1__logistic__global__1__0.3__0.0,full__1__logistic__global,full,1,logistic,global,1,0.3,0.0,0.358231680588282
3,3,full__1__logistic__global__1__0.3__0.3,full__1__logistic__global,full,1,logistic,global,1,0.3,0.3,0.34556455241771467
3,3,full__1__logistic__global__4__-0.3__-0.3,full__1__logistic__global,full,1,logistic,global,4,-0.3,-0.3,0.29843382456906675
3,3,full__1__logistic__global__4__-0.3__0.0,full__1__logistic__global,full,1,logistic,global,4,-0.3,0.0,0.3144479561489977
3,3,full__1__logistic__global__4__-0.3__0.3,full__1__logistic__global,full,1,logistic,global,4,-0.3,0.3,0.3520943574826574
3,3,full__1__logistic__global__4__0.0__-0.3,full__1__logistic__global,full,1,logistic,global,4,0.0,-0.3,0.3587162444257299
3,3,full__1__logistic__global__4__0.0__0.0,full__1__logistic__global,full,1,logistic,global,4,0.0,0.0,0.3489476767296036
3,3,full__1__logistic__global__4__0.0__0.3,full__1__logistic__global,full,1,logistic,global,4,0.0,0.3,0.35388547420942146
3,3,full__1__logistic__global__4__0.3__-0.3,full__1__logistic__global,full,1,logistic,global,4,0.3,-0.3,0.35683605311087774
3,3,full__1__logistic__global__4__0.3__0.0,full__1__logistic__global,full,1,logistic,global,4,0.3,0.0,0.3565699049219122
3,3,full__1__logistic__global__4__0.3__0.3,full__1__logistic__global,full,1,logistic,global,4,0.3,0.3,0.35375759954682034
3,3,full__1__logistic__participant__1__-0.3__-0.3,full__1__logistic__participant,full,1,logistic,participant,1,-0.3,-0.3,0.2989309396238742
3,3,full__1__logistic__participant__1__-0.3__0.0,full__1__logistic__participant,full,1,logistic,participant,1,-0.3,0.0,0.3286493357409307
3,3,full__1__logistic__participant__1__-0.3__0.3,full__1__logistic__participant,full,1,logistic,participant,1,-0.3,0.3,0.34997243491930363
3,3,full__1__logistic__participant__1__0.0__-0.3,full__1__logistic__participant,full,1,logistic,participant,1,0.0,-0.3,0.34703668961301265
3,3,full__1__logistic__participant__1__0.0__0.0,full__1__logistic__participant,full,1,logistic,participant,1,0.0,0.0,0.34241900495916483
3,3,full__1__logistic__participant__1__0.0__0.3,full__1__logistic__participant,full,1,logistic,participant,1,0.0,0.3,0.35439107711403245
3,3,full__1__logistic__participant__1__0.3__-0.3,full__1__logistic__participant,full,1,logistic,participant,1,0.3,-0.3,0.35358672929001234
3,3,full__1__logistic__participant__1__0.3__0.0,full__1__logistic__participant,full,1,logistic,participant,1,0.3,0.0,0.3555265416629163
3,3,full__1__logistic__participant__1__0.3__0.3,full__1__logistic__participant,full,1,logistic,participant,1,0.3,0.3,0.34510651770769896
3,3,full__1__logistic__participant__4__-0.3__-0.3,full__1__logistic__participant,full,1,logistic,participant,4,-0.3,-0.3,0.2941602364326186
3,3,full__1__logistic__participant__4__-0.3__0.0,full__1__logistic__participant,full,1,logistic,participant,4,-0.3,0.0,0.3113738065335423
3,3,full__1__logistic__participant__4__-0.3__0.3,full__1__logistic__participant,full,1,logistic,participant,4,-0.3,0.3,0.35185199020507024
3,3,full__1__logistic__participant__4__0.0__-0.3,full__1__logistic__participant,full,1,logistic,participant,4,0.0,-0.3,0.35933349496013395
3,3,full__1__logistic__participant__4__0.0__0.0,full__1__logistic__participant,full,1,logistic,participant,4,0.0,0.0,0.3456348797638516
3,3,full__1__logistic__participant__4__0.0__0.3,full__1__logistic__participant,full,1,logistic,participant,4,0.0,0.3,0.35313290285020177
3,3,full__1__logistic__participant__4__0.3__-0.3,full__1__logistic__participant,full,1,logistic,participant,4,0.3,-0.3,0.356898238253766
3,3,full__1__logistic__participant__4__0.3__0.0,full__1__logistic__participant,full,1,logistic,participant,4,0.3,0.0,0.35628814667773767
3,3,full__1__logistic__participant__4__0.3__0.3,full__1__logistic__participant,full,1,logistic,participant,4,0.3,0.3,0.34854559329469625
3,3,full__1__ordinal__global__1__-0.3__-0.3,full__1__ordinal__global,full,1,ordinal,global,1,-0.3,-0.3,0.30589864817574236
3,3,full__1__ordinal__global__1__-0.3__0.0,full__1__ordinal__global,full,1,ordinal,global,1,-0.3,0.0,0.3268596662042172
3,3,full__1__ordinal__global__1__-0.3__0.3,full__1__ordinal__global,full,1,ordinal,global,1,-0.3,0.3,0.35371540616631364
3,3,full__1__ordinal__global__1__0.0__-0.3,full__1__ordinal__global,full,1,ordinal,global,1,0.0,-0.3,0.34841266237841945
3,3,full__1__ordinal__global__1__0.0__0.0,full__1__ordinal__global,full,1,ordinal,global,1,0.0,0.0,0.3401200858090815
3,3,full__1__ordinal__global__1__0.0__0.3,full__1__ordinal__global,full,1,ordinal,global,1,0.0,0.3,0.35775344481426863
3,3,full__1__ordinal__global__1__0.3__-0.3,full__1__ordinal__global,full,1,ordinal,global,1,0.3,-0.3,0.3530176562948008
3,3,full__1__ordinal__global__1__0.3__0.0,full__1__ordinal__global,full,1,ordinal,global,1,0.3,0.0,0.3590848112791724
3,3,full__1__ordinal__global__1__0.3__0.3,full__1__ordinal__global,full,1,ordinal,global,1,0.3,0.3,0.3496126958301798
3,3,full__1__ordinal__global__4__-0.3__-0.3,full__1__ordinal__global,full,1,ordinal,global,4,-0.3,-0.3,0.29874246654437536
3,3,full__1__ordinal__global__4__-0.3__0.0,full__1__ordinal__global,full,1,ordinal,global,4,-0.3,0.0,0.3103768253141975
3,3,full__1__ordinal__global__4__-0.3__0.3,full__1__ordinal__global,full,1,ordinal,global,4,-0.3,0.3,0.35453572403979833
3,3,full__1__ordinal__global__4__0.0__-0.3,full__1__ordinal__global,full,1,ordinal,global,4,0.0,-0.3,0.3606763958814478
3,3,full__1__ordinal__global__4__0.0__0.0,full__1__ordinal__global,full,1,ordinal,global,4,0.0,0.0,0.3475678099234004
3,3,full__1__ordinal__global__4__0.0__0.3,full__1__ordinal__global,full,1,ordinal,global,4,0.0,0.3,0.3555079947096212
3,3,full__1__ordinal__global__4__0.3__-0.3,full__1__ordinal__global,full,1,ordinal,global,4,0.3,-0.3,0.35703761521720173
3,3,full__1__ordinal__global__4__0.3__0.0,full__1__ordinal__global,full,1,ordinal,global,4,0.3,0.0,0.35567696107883723
3,3,full__1__ordinal__global__4__0.3__0.3,full__1__ordinal__global,full,1,ordinal,global,4,0.3,0.3,0.35916351737234586
3,3,full__1__ordinal__participant__1__-0.3__-0.3,full__1__ordinal__participant,full,1,ordinal,participant,1,-0.3,-0.3,0.3010444480631132
3,3,full__1__ordinal__participant__1__-0.3__0.0,full__1__ordinal__participant,full,1,ordinal,participant,1,-0.3,0.0,0.32677992871272094
3,3,full__1__ordinal__participant__1__-0.3__0.3,full__1__ordinal__participant,full,1,ordinal,participant,1,-0.3,0.3,0.35154166184461516
3,3,full__1__ordinal__participant__1__0.0__-0.3,full__1__ordinal__participant,full,1,ordinal,participant,1,0.0,-0.3,0.3468676889326071
3,3,full__1__ordinal__participant__1__0.0__0.0,full__1__ordinal__participant,full,1,ordinal,participant,1,0.0,0.0,0.34364862600795903
3,3,full__1__ordinal__participant__1__0.0__0.3,full__1__ordinal__participant,full,1,ordinal,participant,1,0.0,0.3,0.3545340829737064
3,3,full__1__ordinal__participant__1__0.3__-0.3,full__1__ordinal__participant,full,1,ordinal,participant,1,0.3,-0.3,0.3541526233320619
3,3,full__1__ordinal__participant__1__0.3__0.0,full__1__ordinal__participant,full,1,ordinal,participant,1,0.3,0.0,0.3566847012106922
3,3,full__1__ordinal__participant__1__0.3__0.3,full__1__ordinal__participant,full,1,ordinal,participant,1,0.3,0.3,0.3496856267241062
3,3,full__1__ordinal__participant__4__-0.3__-0.3,full__1__ordinal__participant,full,1,ordinal,participant,4,-0.3,-0.3,0.2939157131265728
3,3,full__1__ordinal__participant__4__-0.3__0.0,full__1__ordinal__participant,full,1,ordinal,participant,4,-0.3,0.0,0.3080725030519872
3,3,full__1__ordinal__participant__4__-0.3__0.3,full__1__ordinal__participant,full,1,ordinal,participant,4,-0.3,0.3,0.35336556379919865
3,3,full__1__ordinal__participant__4__0.0__-0.3,full__1__ordinal__participant,full,1,ordinal,participant,4,0.0,-0.3,0.35809864300437644
3,3,full__1__ordinal__participant__4__0.0__0.0,full__1__ordinal__participant,full,1,ordinal,participant,4,0.0,0.0,0.3422489888881424
3,3,full__1__ordinal__participant__4__0.0__0.3,full__1__ordinal__participant,full,1,ordinal,participant,4,0.0,0.3,0.3542436792879949
3,3,full__1__ordinal__participant__4__0.3__-0.3,full__1__ordinal__participant,full,1,ordinal,participant,4,0.3,-0.3,0.35674360366067276
3,3,full__1__ordinal__participant__4__0.3__0.0,full__1__ordinal__participant,full,1,ordinal,participant,4,0.3,0.0,0.35552132500836897
3,3,full__1__ordinal__participant__4__0.3__0.3,full__1__ordinal__participant,full,1,ordinal,participant,4,0.3,0.3,0.3481644301432616
3,3,full__1__catboost__global__1__-0.3__-0.3,full__1__catboost__global,full,1,catboost,global,1,-0.3,-0.3,0.2825440708690063
3,3,full__1__catboost__global__1__-0.3__0.0,full__1__catboost__global,full,1,catboost,global,1,-0.3,0.0,0.3261836205653463
3,3,full__1__catboost__global__1__-0.3__0.3,full__1__catboost__global,full,1,catboost,global,1,-0.3,0.3,0.3544142809603962
3,3,full__1__catboost__global__1__0.0__-0.3,full__1__catboost__global,full,1,catboost,global,1,0.0,-0.3,0.3183041534997687
3,3,full__1__catboost__global__1__0.0__0.0,full__1__catboost__global,full,1,catboost,global,1,0.0,0.0,0.33582470001567577
3,3,full__1__catboost__global__1__0.0__0.3,full__1__catboost__global,full,1,catboost,global,1,0.0,0.3,0.35082166910343676
3,3,full__1__catboost__global__1__0.3__-0.3,full__1__catboost__global,full,1,catboost,global,1,0.3,-0.3,0.3582254400025689
3,3,full__1__catboost__global__1__0.3__0.0,full__1__catboost__global,full,1,catboost,global,1,0.3,0.0,0.3399562706014482
3,3,full__1__catboost__global__1__0.3__0.3,full__1__catboost__global,full,1,catboost,global,1,0.3,0.3,0.3577492744057941
3,3,full__1__catboost__global__4__-0.3__-0.3,full__1__catboost__global,full,1,catboost,global,4,-0.3,-0.3,0.28053950178338055
3,3,full__1__catboost__global__4__-0.3__0.0,full__1__catboost__global,full,1,catboost,global,4,-0.3,0.0,0.3248140346728814
3,3,full__1__catboost__global__4__-0.3__0.3,full__1__catboost__global,full,1,catboost,global,4,-0.3,0.3,0.34548004842429453
3,3,full__1__catboost__global__4__0.0__-0.3,full__1__catboost__global,full,1,catboost,global,4,0.0,-0.3,0.31792904603389194
3,3,full__1__catboost__global__4__0.0__0.0,full__1__catboost__global,full,1,catboost,global,4,0.0,0.0,0.3330387544501586
3,3,full__1__catboost__global__4__0.0__0.3,full__1__catboost__global,full,1,catboost,global,4,0.0,0.3,0.34829896544807143
3,3,full__1__catboost__global__4__0.3__-0.3,full__1__catboost__global,full,1,catboost,global,4,0.3,-0.3,0.3608207350455394
3,3,full__1__catboost__global__4__0.3__0.0,full__1__catboost__global,full,1,catboost,global,4,0.3,0.0,0.340798216033114
3,3,full__1__catboost__global__4__0.3__0.3,full__1__catboost__global,full,1,catboost,global,4,0.3,0.3,0.36351304605345724
3,3,full__1__catboost__participant__1__-0.3__-0.3,full__1__catboost__participant,full,1,catboost,participant,1,-0.3,-0.3,0.2857119421416113
3,3,full__1__catboost__participant__1__-0.3__0.0,full__1__catboost__participant,full,1,catboost,participant,1,-0.3,0.0,0.32584319363987363
3,3,full__1__catboost__participant__1__-0.3__0.3,full__1__catboost__participant,full,1,catboost,participant,1,-0.3,0.3,0.3568926605004658
3,3,full__1__catboost__participant__1__0.0__-0.3,full__1__catboost__participant,full,1,catboost,participant,1,0.0,-0.3,0.3077754743875291
3,3,full__1__catboost__participant__1__0.0__0.0,full__1__catboost__participant,full,1,catboost,participant,1,0.0,0.0,0.3432109712983594
3,3,full__1__catboost__participant__1__0.0__0.3,full__1__catboost__participant,full,1,catboost,participant,1,0.0,0.3,0.3576016644771733
3,3,full__1__catboost__participant__1__0.3__-0.3,full__1__catboost__participant,full,1,catboost,participant,1,0.3,-0.3,0.3580066124144133
3,3,full__1__catboost__participant__1__0.3__0.0,full__1__catboost__participant,full,1,catboost,participant,1,0.3,0.0,0.3472954758283636
3,3,full__1__catboost__participant__1__0.3__0.3,full__1__catboost__participant,full,1,catboost,participant,1,0.3,0.3,0.35551954025101473
3,3,full__1__catboost__participant__4__-0.3__-0.3,full__1__catboost__participant,full,1,catboost,participant,4,-0.3,-0.3,0.2769022795060649
3,3,full__1__catboost__participant__4__-0.3__0.0,full__1__catboost__participant,full,1,catboost,participant,4,-0.3,0.0,0.3328950811995454
3,3,full__1__catboost__participant__4__-0.3__0.3,full__1__catboost__participant,full,1,catboost,participant,4,-0.3,0.3,0.35349811434057893
3,3,full__1__catboost__participant__4__0.0__-0.3,full__1__catboost__participant,full,1,catboost,participant,4,0.0,-0.3,0.30722176312037147
3,3,full__1__catboost__participant__4__0.0__0.0,full__1__catboost__participant,full,1,catboost,participant,4,0.0,0.0,0.34459877748088213
3,3,full__1__catboost__participant__4__0.0__0.3,full__1__catboost__participant,full,1,catboost,participant,4,0.0,0.3,0.35853261007953996
3,3,full__1__catboost__participant__4__0.3__-0.3,full__1__catboost__participant,full,1,catboost,participant,4,0.3,-0.3,0.36062551056837744
3,3,full__1__catboost__participant__4__0.3__0.0,full__1__catboost__participant,full,1,catboost,participant,4,0.3,0.0,0.34084708044368733
3,3,full__1__catboost__participant__4__0.3__0.3,full__1__catboost__participant,full,1,catboost,participant,4,0.3,0.3,0.3567222934232851
3,3,full__8__logistic__global__1__-0.3__-0.3,full__8__logistic__global,full,8,logistic,global,1,-0.3,-0.3,0.34678199360005096
3,3,full__8__logistic__global__1__-0.3__0.0,full__8__logistic__global,full,8,logistic,global,1,-0.3,0.0,0.3437743087205224
3,3,full__8__logistic__global__1__-0.3__0.3,full__8__logistic__global,full,8,logistic,global,1,-0.3,0.3,0.36036107642906556
3,3,full__8__logistic__global__1__0.0__-0.3,full__8__logistic__global,full,8,logistic,global,1,0.0,-0.3,0.3501694692821663
3,3,full__8__logistic__global__1__0.0__0.0,full__8__logistic__global,full,8,logistic,global,1,0.0,0.0,0.3538804304091124
3,3,full__8__logistic__global__1__0.0__0.3,full__8__logistic__global,full,8,logistic,global,1,0.0,0.3,0.3809543255236918
3,3,full__8__logistic__global__1__0.3__-0.3,full__8__logistic__global,full,8,logistic,global,1,0.3,-0.3,0.34127904465268966
3,3,full__8__logistic__global__1__0.3__0.0,full__8__logistic__global,full,8,logistic,global,1,0.3,0.0,0.33202281315847015
3,3,full__8__logistic__global__1__0.3__0.3,full__8__logistic__global,full,8,logistic,global,1,0.3,0.3,0.37407039397966024
3,3,full__8__logistic__global__4__-0.3__-0.3,full__8__logistic__global,full,8,logistic,global,4,-0.3,-0.3,0.3418746778377708
3,3,full__8__logistic__global__4__-0.3__0.0,full__8__logistic__global,full,8,logistic,global,4,-0.3,0.0,0.3489126369160891
3,3,full__8__logistic__global__4__-0.3__0.3,full__8__logistic__global,full,8,logistic,global,4,-0.3,0.3,0.3482720312668902
3,3,full__8__logistic__global__4__0.0__-0.3,full__8__logistic__global,full,8,logistic,global,4,0.0,-0.3,0.34615492502908557
3,3,full__8__logistic__global__4__0.0__0.0,full__8__logistic__global,full,8,logistic,global,4,0.0,0.0,0.3576183030650584
3,3,full__8__logistic__global__4__0.0__0.3,full__8__logistic__global,full,8,logistic,global,4,0.0,0.3,0.37900114173058597
3,3,full__8__logistic__global__4__0.3__-0.3,full__8__logistic__global,full,8,logistic,global,4,0.3,-0.3,0.33199236792917225
3,3,full__8__logistic__global__4__0.3__0.0,full__8__logistic__global,full,8,logistic,global,4,0.3,0.0,0.33849849529513987
3,3,full__8__logistic__global__4__0.3__0.3,full__8__logistic__global,full,8,logistic,global,4,0.3,0.3,0.38255346393425954
3,3,full__8__logistic__participant__1__-0.3__-0.3,full__8__logistic__participant,full,8,logistic,participant,1,-0.3,-0.3,0.3454606964190107
3,3,full__8__logistic__participant__1__-0.3__0.0,full__8__logistic__participant,full,8,logistic,participant,1,-0.3,0.0,0.343691097377672
3,3,full__8__logistic__participant__1__-0.3__0.3,full__8__logistic__participant,full,8,logistic,participant,1,-0.3,0.3,0.3601322637973329
3,3,full__8__logistic__participant__1__0.0__-0.3,full__8__logistic__participant,full,8,logistic,participant,1,0.0,-0.3,0.34644346205397286
3,3,full__8__logistic__participant__1__0.0__0.0,full__8__logistic__participant,full,8,logistic,participant,1,0.0,0.0,0.34392225391205444
3,3,full__8__logistic__participant__1__0.0__0.3,full__8__logistic__participant,full,8,logistic,participant,1,0.0,0.3,0.3838864934228168
3,3,full__8__logistic__participant__1__0.3__-0.3,full__8__logistic__participant,full,8,logistic,participant,1,0.3,-0.3,0.3367301264027881
3,3,full__8__logistic__participant__1__0.3__0.0,full__8__logistic__participant,full,8,logistic,participant,1,0.3,0.0,0.3307488615845853
3,3,full__8__logistic__participant__1__0.3__0.3,full__8__logistic__participant,full,8,logistic,participant,1,0.3,0.3,0.37014982163452803
3,3,full__8__logistic__participant__4__-0.3__-0.3,full__8__logistic__participant,full,8,logistic,participant,4,-0.3,-0.3,0.346567914022235
3,3,full__8__logistic__participant__4__-0.3__0.0,full__8__logistic__participant,full,8,logistic,participant,4,-0.3,0.0,0.3497084505211326
3,3,full__8__logistic__participant__4__-0.3__0.3,full__8__logistic__participant,full,8,logistic,participant,4,-0.3,0.3,0.34731634413615875
3,3,full__8__logistic__participant__4__0.0__-0.3,full__8__logistic__participant,full,8,logistic,participant,4,0.0,-0.3,0.34313248011689274
3,3,full__8__logistic__participant__4__0.0__0.0,full__8__logistic__participant,full,8,logistic,participant,4,0.0,0.0,0.34563140643301826
3,3,full__8__logistic__participant__4__0.0__0.3,full__8__logistic__participant,full,8,logistic,participant,4,0.0,0.3,0.37823059952928745
3,3,full__8__logistic__participant__4__0.3__-0.3,full__8__logistic__participant,full,8,logistic,participant,4,0.3,-0.3,0.3305069148687944
3,3,full__8__logistic__participant__4__0.3__0.0,full__8__logistic__participant,full,8,logistic,participant,4,0.3,0.0,0.33204464566619296
3,3,full__8__logistic__participant__4__0.3__0.3,full__8__logistic__participant,full,8,logistic,participant,4,0.3,0.3,0.3664988384233337
3,3,full__8__ordinal__global__1__-0.3__-0.3,full__8__ordinal__global,full,8,ordinal,global,1,-0.3,-0.3,0.34899607223263024
3,3,full__8__ordinal__global__1__-0.3__0.0,full__8__ordinal__global,full,8,ordinal,global,1,-0.3,0.0,0.3493390623155123
3,3,full__8__ordinal__global__1__-0.3__0.3,full__8__ordinal__global,full,8,ordinal,global,1,-0.3,0.3,0.36493615881280567
3,3,full__8__ordinal__global__1__0.0__-0.3,full__8__ordinal__global,full,8,ordinal,global,1,0.0,-0.3,0.35114088915199204
3,3,full__8__ordinal__global__1__0.0__0.0,full__8__ordinal__global,full,8,ordinal,global,1,0.0,0.0,0.35863935084182663
3,3,full__8__ordinal__global__1__0.0__0.3,full__8__ordinal__global,full,8,ordinal,global,1,0.0,0.3,0.3866463235758189
3,3,full__8__ordinal__global__1__0.3__-0.3,full__8__ordinal__global,full,8,ordinal,global,1,0.3,-0.3,0.3384058324537819
3,3,full__8__ordinal__global__1__0.3__0.0,full__8__ordinal__global,full,8,ordinal,global,1,0.3,0.0,0.3366147073580154
3,3,full__8__ordinal__global__1__0.3__0.3,full__8__ordinal__global,full,8,ordinal,global,1,0.3,0.3,0.37639828489453997
3,3,full__8__ordinal__global__4__-0.3__-0.3,full__8__ordinal__global,full,8,ordinal,global,4,-0.3,-0.3,0.3444224546448613
3,3,full__8__ordinal__global__4__-0.3__0.0,full__8__ordinal__global,full,8,ordinal,global,4,-0.3,0.0,0.34960273319021573
3,3,full__8__ordinal__global__4__-0.3__0.3,full__8__ordinal__global,full,8,ordinal,global,4,-0.3,0.3,0.3527340903136424
3,3,full__8__ordinal__global__4__0.0__-0.3,full__8__ordinal__global,full,8,ordinal,global,4,0.0,-0.3,0.34725636077935707
3,3,full__8__ordinal__global__4__0.0__0.0,full__8__ordinal__global,full,8,ordinal,global,4,0.0,0.0,0.36036935719137764
3,3,full__8__ordinal__global__4__0.0__0.3,full__8__ordinal__global,full,8,ordinal,global,4,0.0,0.3,0.3805482292056102
3,3,full__8__ordinal__global__4__0.3__-0.3,full__8__ordinal__global,full,8,ordinal,global,4,0.3,-0.3,0.3334487326535211
3,3,full__8__ordinal__global__4__0.3__0.0,full__8__ordinal__global,full,8,ordinal,global,4,0.3,0.0,0.34229862661756627
3,3,full__8__ordinal__global__4__0.3__0.3,full__8__ordinal__global,full,8,ordinal,global,4,0.3,0.3,0.38560636232224005
3,3,full__8__ordinal__participant__1__-0.3__-0.3,full__8__ordinal__participant,full,8,ordinal,participant,1,-0.3,-0.3,0.34970070402463665
3,3,full__8__ordinal__participant__1__-0.3__0.0,full__8__ordinal__participant,full,8,ordinal,participant,1,-0.3,0.0,0.34592579366721965
3,3,full__8__ordinal__participant__1__-0.3__0.3,full__8__ordinal__participant,full,8,ordinal,participant,1,-0.3,0.3,0.3633318247157681
3,3,full__8__ordinal__participant__1__0.0__-0.3,full__8__ordinal__participant,full,8,ordinal,participant,1,0.0,-0.3,0.3472872730021515
3,3,full__8__ordinal__participant__1__0.0__0.0,full__8__ordinal__participant,full,8,ordinal,participant,1,0.0,0.0,0.3487688754976115
3,3,full__8__ordinal__participant__1__0.0__0.3,full__8__ordinal__participant,full,8,ordinal,participant,1,0.0,0.3,0.3881111831716354
3,3,full__8__ordinal__participant__1__0.3__-0.3,full__8__ordinal__participant,full,8,ordinal,participant,1,0.3,-0.3,0.3327958866236183
3,3,full__8__ordinal__participant__1__0.3__0.0,full__8__ordinal__participant,full,8,ordinal,participant,1,0.3,0.0,0.33283353349712524
3,3,full__8__ordinal__participant__1__0.3__0.3,full__8__ordinal__participant,full,8,ordinal,participant,1,0.3,0.3,0.37148178048352926
3,3,full__8__ordinal__participant__4__-0.3__-0.3,full__8__ordinal__participant,full,8,ordinal,participant,4,-0.3,-0.3,0.34344499764096215
3,3,full__8__ordinal__participant__4__-0.3__0.0,full__8__ordinal__participant,full,8,ordinal,participant,4,-0.3,0.0,0.34559606164297446
3,3,full__8__ordinal__participant__4__-0.3__0.3,full__8__ordinal__participant,full,8,ordinal,participant,4,-0.3,0.3,0.35150079112273885
3,3,full__8__ordinal__participant__4__0.0__-0.3,full__8__ordinal__participant,full,8,ordinal,participant,4,0.0,-0.3,0.3443179922175777
3,3,full__8__ordinal__participant__4__0.0__0.0,full__8__ordinal__participant,full,8,ordinal,participant,4,0.0,0.0,0.34585284815489004
3,3,full__8__ordinal__participant__4__0.0__0.3,full__8__ordinal__participant,full,8,ordinal,participant,4,0.0,0.3,0.38130472755840705
3,3,full__8__ordinal__participant__4__0.3__-0.3,full__8__ordinal__participant,full,8,ordinal,participant,4,0.3,-0.3,0.32874481118443105
3,3,full__8__ordinal__participant__4__0.3__0.0,full__8__ordinal__participant,full,8,ordinal,participant,4,0.3,0.0,0.33245876835388266
3,3,full__8__ordinal__participant__4__0.3__0.3,full__8__ordinal__participant,full,8,ordinal,participant,4,0.3,0.3,0.36849825664209157
3,3,full__8__catboost__global__1__-0.3__-0.3,full__8__catboost__global,full,8,catboost,global,1,-0.3,-0.3,0.2928063532964323
3,3,full__8__catboost__global__1__-0.3__0.0,full__8__catboost__global,full,8,catboost,global,1,-0.3,0.0,0.31675767241728797
3,3,full__8__catboost__global__1__-0.3__0.3,full__8__catboost__global,full,8,catboost,global,1,-0.3,0.3,0.3365239119275247
3,3,full__8__catboost__global__1__0.0__-0.3,full__8__catboost__global,full,8,catboost,global,1,0.0,-0.3,0.32631832571956215
3,3,full__8__catboost__global__1__0.0__0.0,full__8__catboost__global,full,8,catboost,global,1,0.0,0.0,0.3409961258559576
3,3,full__8__catboost__global__1__0.0__0.3,full__8__catboost__global,full,8,catboost,global,1,0.0,0.3,0.3361424420777384
3,3,full__8__catboost__global__1__0.3__-0.3,full__8__catboost__global,full,8,catboost,global,1,0.3,-0.3,0.3499400831154496
3,3,full__8__catboost__global__1__0.3__0.0,full__8__catboost__global,full,8,catboost,global,1,0.3,0.0,0.34083968609056287
3,3,full__8__catboost__global__1__0.3__0.3,full__8__catboost__global,full,8,catboost,global,1,0.3,0.3,0.34674721638601486
3,3,full__8__catboost__global__4__-0.3__-0.3,full__8__catboost__global,full,8,catboost,global,4,-0.3,-0.3,0.28968294168103637
3,3,full__8__catboost__global__4__-0.3__0.0,full__8__catboost__global,full,8,catboost,global,4,-0.3,0.0,0.31108782459911477
3,3,full__8__catboost__global__4__-0.3__0.3,full__8__catboost__global,full,8,catboost,global,4,-0.3,0.3,0.336386579140134
3,3,full__8__catboost__global__4__0.0__-0.3,full__8__catboost__global,full,8,catboost,global,4,0.0,-0.3,0.32641400479741406
3,3,full__8__catboost__global__4__0.0__0.0,full__8__catboost__global,full,8,catboost,global,4,0.0,0.0,0.3339102952546194
3,3,full__8__catboost__global__4__0.0__0.3,full__8__catboost__global,full,8,catboost,global,4,0.0,0.3,0.3398642049528531
3,3,full__8__catboost__global__4__0.3__-0.3,full__8__catboost__global,full,8,catboost,global,4,0.3,-0.3,0.3500525620946723
3,3,full__8__catboost__global__4__0.3__0.0,full__8__catboost__global,full,8,catboost,global,4,0.3,0.0,0.34136872905680693
3,3,full__8__catboost__global__4__0.3__0.3,full__8__catboost__global,full,8,catboost,global,4,0.3,0.3,0.34523776339614737
3,3,full__8__catboost__participant__1__-0.3__-0.3,full__8__catboost__participant,full,8,catboost,participant,1,-0.3,-0.3,0.2930638031970654
3,3,full__8__catboost__participant__1__-0.3__0.0,full__8__catboost__participant,full,8,catboost,participant,1,-0.3,0.0,0.3144274888437749
3,3,full__8__catboost__participant__1__-0.3__0.3,full__8__catboost__participant,full,8,catboost,participant,1,-0.3,0.3,0.3426098597169989
3,3,full__8__catboost__participant__1__0.0__-0.3,full__8__catboost__participant,full,8,catboost,participant,1,0.0,-0.3,0.3219153672636475
3,3,full__8__catboost__participant__1__0.0__0.0,full__8__catboost__participant,full,8,catboost,participant,1,0.0,0.0,0.32375930148158527
3,3,full__8__catboost__participant__1__0.0__0.3,full__8__catboost__participant,full,8,catboost,participant,1,0.0,0.3,0.3475489971031329
3,3,full__8__catboost__participant__1__0.3__-0.3,full__8__catboost__participant,full,8,catboost,participant,1,0.3,-0.3,0.34767892374900927
3,3,full__8__catboost__participant__1__0.3__0.0,full__8__catboost__participant,full,8,catboost,participant,1,0.3,0.0,0.3323264957263796
3,3,full__8__catboost__participant__1__0.3__0.3,full__8__catboost__participant,full,8,catboost,participant,1,0.3,0.3,0.3437159877177538
3,3,full__8__catboost__participant__4__-0.3__-0.3,full__8__catboost__participant,full,8,catboost,participant,4,-0.3,-0.3,0.2825055464701738
3,3,full__8__catboost__participant__4__-0.3__0.0,full__8__catboost__participant,full,8,catboost,participant,4,-0.3,0.0,0.3016561033771712
3,3,full__8__catboost__participant__4__-0.3__0.3,full__8__catboost__participant,full,8,catboost,participant,4,-0.3,0.3,0.3381207571536398
3,3,full__8__catboost__participant__4__0.0__-0.3,full__8__catboost__participant,full,8,catboost,participant,4,0.0,-0.3,0.31704594783039525
3,3,full__8__catboost__participant__4__0.0__0.0,full__8__catboost__participant,full,8,catboost,participant,4,0.0,0.0,0.32594241764090687
3,3,full__8__catboost__participant__4__0.0__0.3,full__8__catboost__participant,full,8,catboost,participant,4,0.0,0.3,0.34325556818515224
3,3,full__8__catboost__participant__4__0.3__-0.3,full__8__catboost__participant,full,8,catboost,participant,4,0.3,-0.3,0.3471286577415471
3,3,full__8__catboost__participant__4__0.3__0.0,full__8__catboost__participant,full,8,catboost,participant,4,0.3,0.0,0.3284896743799401
3,3,full__8__catboost__participant__4__0.3__0.3,full__8__catboost__participant,full,8,catboost,participant,4,0.3,0.3,0.35010848986617554
4,1,eye_pupil__1__logistic__global__1__-0.3__-0.3,eye_pupil__1__logistic__global,eye_pupil,1,logistic,global,1,-0.3,-0.3,0.33808948961256574
4,1,eye_pupil__1__logistic__global__1__-0.3__0.0,eye_pupil__1__logistic__global,eye_pupil,1,logistic,global,1,-0.3,0.0,0.31641937646803564
4,1,eye_pupil__1__logistic__global__1__-0.3__0.3,eye_pupil__1__logistic__global,eye_pupil,1,logistic,global,1,-0.3,0.3,0.33455329843939846
4,1,eye_pupil__1__logistic__global__1__0.0__-0.3,eye_pupil__1__logistic__global,eye_pupil,1,logistic,global,1,0.0,-0.3,0.35240114679026247
4,1,eye_pupil__1__logistic__global__1__0.0__0.0,eye_pupil__1__logistic__global,eye_pupil,1,logistic,global,1,0.0,0.0,0.3364823245522113
4,1,eye_pupil__1__logistic__global__1__0.0__0.3,eye_pupil__1__logistic__global,eye_pupil,1,logistic,global,1,0.0,0.3,0.33644696607105495
4,1,eye_pupil__1__logistic__global__1__0.3__-0.3,eye_pupil__1__logistic__global,eye_pupil,1,logistic,global,1,0.3,-0.3,0.33382593764278534
4,1,eye_pupil__1__logistic__global__1__0.3__0.0,eye_pupil__1__logistic__global,eye_pupil,1,logistic,global,1,0.3,0.0,0.32197044655178864
4,1,eye_pupil__1__logistic__global__1__0.3__0.3,eye_pupil__1__logistic__global,eye_pupil,1,logistic,global,1,0.3,0.3,0.31343710331022484
4,1,eye_pupil__1__logistic__global__4__-0.3__-0.3,eye_pupil__1__logistic__global,eye_pupil,1,logistic,global,4,-0.3,-0.3,0.33345875530311136
4,1,eye_pupil__1__logistic__global__4__-0.3__0.0,eye_pupil__1__logistic__global,eye_pupil,1,logistic,global,4,-0.3,0.0,0.31156559152736985
4,1,eye_pupil__1__logistic__global__4__-0.3__0.3,eye_pupil__1__logistic__global,eye_pupil,1,logistic,global,4,-0.3,0.3,0.336180305862163
4,1,eye_pupil__1__logistic__global__4__0.0__-0.3,eye_pupil__1__logistic__global,eye_pupil,1,logistic,global,4,0.0,-0.3,0.3463447312394713
4,1,eye_pupil__1__logistic__global__4__0.0__0.0,eye_pupil__1__logistic__global,eye_pupil,1,logistic,global,4,0.0,0.0,0.3218607550282185
4,1,eye_pupil__1__logistic__global__4__0.0__0.3,eye_pupil__1__logistic__global,eye_pupil,1,logistic,global,4,0.0,0.3,0.3379473464351582
4,1,eye_pupil__1__logistic__global__4__0.3__-0.3,eye_pupil__1__logistic__global,eye_pupil,1,logistic,global,4,0.3,-0.3,0.3338890064762962
4,1,eye_pupil__1__logistic__global__4__0.3__0.0,eye_pupil__1__logistic__global,eye_pupil,1,logistic,global,4,0.3,0.0,0.3254844944917307
4,1,eye_pupil__1__logistic__global__4__0.3__0.3,eye_pupil__1__logistic__global,eye_pupil,1,logistic,global,4,0.3,0.3,0.31276518604760845
4,1,eye_pupil__1__logistic__participant__1__-0.3__-0.3,eye_pupil__1__logistic__participant,eye_pupil,1,logistic,participant,1,-0.3,-0.3,0.33514991801186667
4,1,eye_pupil__1__logistic__participant__1__-0.3__0.0,eye_pupil__1__logistic__participant,eye_pupil,1,logistic,participant,1,-0.3,0.0,0.33752008931229466
4,1,eye_pupil__1__logistic__participant__1__-0.3__0.3,eye_pupil__1__logistic__participant,eye_pupil,1,logistic,participant,1,-0.3,0.3,0.3361494356694532
4,1,eye_pupil__1__logistic__participant__1__0.0__-0.3,eye_pupil__1__logistic__participant,eye_pupil,1,logistic,participant,1,0.0,-0.3,0.3225876621442107
4,1,eye_pupil__1__logistic__participant__1__0.0__0.0,eye_pupil__1__logistic__participant,eye_pupil,1,logistic,participant,1,0.0,0.0,0.320014315644063
4,1,eye_pupil__1__logistic__participant__1__0.0__0.3,eye_pupil__1__logistic__participant,eye_pupil,1,logistic,participant,1,0.0,0.3,0.3394621167483951
4,1,eye_pupil__1__logistic__participant__1__0.3__-0.3,eye_pupil__1__logistic__participant,eye_pupil,1,logistic,participant,1,0.3,-0.3,0.33009576837476656
4,1,eye_pupil__1__logistic__participant__1__0.3__0.0,eye_pupil__1__logistic__participant,eye_pupil,1,logistic,participant,1,0.3,0.0,0.31814552419660713
4,1,eye_pupil__1__logistic__participant__1__0.3__0.3,eye_pupil__1__logistic__participant,eye_pupil,1,logistic,participant,1,0.3,0.3,0.32041194408582696
4,1,eye_pupil__1__logistic__participant__4__-0.3__-0.3,eye_pupil__1__logistic__participant,eye_pupil,1,logistic,participant,4,-0.3,-0.3,0.33079039728962056
4,1,eye_pupil__1__logistic__participant__4__-0.3__0.0,eye_pupil__1__logistic__participant,eye_pupil,1,logistic,participant,4,-0.3,0.0,0.3362701776359766
4,1,eye_pupil__1__logistic__participant__4__-0.3__0.3,eye_pupil__1__logistic__participant,eye_pupil,1,logistic,participant,4,-0.3,0.3,0.3376057091798675
4,1,eye_pupil__1__logistic__participant__4__0.0__-0.3,eye_pupil__1__logistic__participant,eye_pupil,1,logistic,participant,4,0.0,-0.3,0.3169194761484785
4,1,eye_pupil__1__logistic__participant__4__0.0__0.0,eye_pupil__1__logistic__participant,eye_pupil,1,logistic,participant,4,0.0,0.0,0.3204517744663182
4,1,eye_pupil__1__logistic__participant__4__0.0__0.3,eye_pupil__1__logistic__participant,eye_pupil,1,logistic,participant,4,0.0,0.3,0.3384985783474701
4,1,eye_pupil__1__logistic__participant__4__0.3__-0.3,eye_pupil__1__logistic__participant,eye_pupil,1,logistic,participant,4,0.3,-0.3,0.3341396327948249
4,1,eye_pupil__1__logistic__participant__4__0.3__0.0,eye_pupil__1__logistic__participant,eye_pupil,1,logistic,participant,4,0.3,0.0,0.3150925320866183
4,1,eye_pupil__1__logistic__participant__4__0.3__0.3,eye_pupil__1__logistic__participant,eye_pupil,1,logistic,participant,4,0.3,0.3,0.3201796656227808
4,1,eye_pupil__1__ordinal__global__1__-0.3__-0.3,eye_pupil__1__ordinal__global,eye_pupil,1,ordinal,global,1,-0.3,-0.3,0.33916243737225454
4,1,eye_pupil__1__ordinal__global__1__-0.3__0.0,eye_pupil__1__ordinal__global,eye_pupil,1,ordinal,global,1,-0.3,0.0,0.317700701957644
4,1,eye_pupil__1__ordinal__global__1__-0.3__0.3,eye_pupil__1__ordinal__global,eye_pupil,1,ordinal,global,1,-0.3,0.3,0.33402459483492586
4,1,eye_pupil__1__ordinal__global__1__0.0__-0.3,eye_pupil__1__ordinal__global,eye_pupil,1,ordinal,global,1,0.0,-0.3,0.3521113992378074
4,1,eye_pupil__1__ordinal__global__1__0.0__0.0,eye_pupil__1__ordinal__global,eye_pupil,1,ordinal,global,1,0.0,0.0,0.3352057614985337
4,1,eye_pupil__1__ordinal__global__1__0.0__0.3,eye_pupil__1__ordinal__global,eye_pupil,1,ordinal,global,1,0.0,0.3,0.3348081547238128
4,1,eye_pupil__1__ordinal__global__1__0.3__-0.3,eye_pupil__1__ordinal__global,eye_pupil,1,ordinal,global,1,0.3,-0.3,0.3338134653705523
4,1,eye_pupil__1__ordinal__global__1__0.3__0.0,eye_pupil__1__ordinal__global,eye_pupil,1,ordinal,global,1,0.3,0.0,0.32058231649474866
4,1,eye_pupil__1__ordinal__global__1__0.3__0.3,eye_pupil__1__ordinal__global,eye_pupil,1,ordinal,global,1,0.3,0.3,0.31192336954211564
4,1,eye_pupil__1__ordinal__global__4__-0.3__-0.3,eye_pupil__1__ordinal__global,eye_pupil,1,ordinal,global,4,-0.3,-0.3,0.3337508966995472
4,1,eye_pupil__1__ordinal__global__4__-0.3__0.0,eye_pupil__1__ordinal__global,eye_pupil,1,ordinal,global,4,-0.3,0.0,0.3099842358325603
4,1,eye_pupil__1__ordinal__global__4__-0.3__0.3,eye_pupil__1__ordinal__global,eye_pupil,1,ordinal,global,4,-0.3,0.3,0.33595882191974885
4,1,eye_pupil__1__ordinal__global__4__0.0__-0.3,eye_pupil__1__ordinal__global,eye_pupil,1,ordinal,global,4,0.0,-0.3,0.3445383522678445
4,1,eye_pupil__1__ordinal__global__4__0.0__0.0,eye_pupil__1__ordinal__global,eye_pupil,1,ordinal,global,4,0.0,0.0,0.31822848715202745
4,1,eye_pupil__1__ordinal__global__4__0.0__0.3,eye_pupil__1__ordinal__global,eye_pupil,1,ordinal,global,4,0.0,0.3,0.33743372109630815
4,1,eye_pupil__1__ordinal__global__4__0.3__-0.3,eye_pupil__1__ordinal__global,eye_pupil,1,ordinal,global,4,0.3,-0.3,0.3341299445957224
4,1,eye_pupil__1__ordinal__global__4__0.3__0.0,eye_pupil__1__ordinal__global,eye_pupil,1,ordinal,global,4,0.3,0.0,0.32608527210720906
4,1,eye_pupil__1__ordinal__global__4__0.3__0.3,eye_pupil__1__ordinal__global,eye_pupil,1,ordinal,global,4,0.3,0.3,0.3109854685127978
4,1,eye_pupil__1__ordinal__participant__1__-0.3__-0.3,eye_pupil__1__ordinal__participant,eye_pupil,1,ordinal,participant,1,-0.3,-0.3,0.331706361658579
4,1,eye_pupil__1__ordinal__participant__1__-0.3__0.0,eye_pupil__1__ordinal__participant,eye_pupil,1,ordinal,participant,1,-0.3,0.0,0.336497061658607
4,1,eye_pupil__1__ordinal__participant__1__-0.3__0.3,eye_pupil__1__ordinal__participant,eye_pupil,1,ordinal,participant,1,-0.3,0.3,0.3364527417052433
4,1,eye_pupil__1__ordinal__participant__1__0.0__-0.3,eye_pupil__1__ordinal__participant,eye_pupil,1,ordinal,participant,1,0.0,-0.3,0.3229416142288347
4,1,eye_pupil__1__ordinal__participant__1__0.0__0.0,eye_pupil__1__ordinal__participant,eye_pupil,1,ordinal,participant,1,0.0,0.0,0.3189167624455806
4,1,eye_pupil__1__ordinal__participant__1__0.0__0.3,eye_pupil__1__ordinal__participant,eye_pupil,1,ordinal,participant,1,0.0,0.3,0.33946150310903456
4,1,eye_pupil__1__ordinal__participant__1__0.3__-0.3,eye_pupil__1__ordinal__participant,eye_pupil,1,ordinal,participant,1,0.3,-0.3,0.3296064604667919
4,1,eye_pupil__1__ordinal__participant__1__0.3__0.0,eye_pupil__1__ordinal__participant,eye_pupil,1,ordinal,participant,1,0.3,0.0,0.31872625892560513
4,1,eye_pupil__1__ordinal__participant__1__0.3__0.3,eye_pupil__1__ordinal__participant,eye_pupil,1,ordinal,participant,1,0.3,0.3,0.3192401010342691
4,1,eye_pupil__1__ordinal__participant__4__-0.3__-0.3,eye_pupil__1__ordinal__participant,eye_pupil,1,ordinal,participant,4,-0.3,-0.3,0.3313744731978522
4,1,eye_pupil__1__ordinal__participant__4__-0.3__0.0,eye_pupil__1__ordinal__participant,eye_pupil,1,ordinal,participant,4,-0.3,0.0,0.3374669131730216
4,1,eye_pupil__1__ordinal__participant__4__-0.3__0.3,eye_pupil__1__ordinal__participant,eye_pupil,1,ordinal,participant,4,-0.3,0.3,0.3376057091798675
4,1,eye_pupil__1__ordinal__participant__4__0.0__-0.3,eye_pupil__1__ordinal__participant,eye_pupil,1,ordinal,participant,4,0.0,-0.3,0.3172774523263912
4,1,eye_pupil__1__ordinal__participant__4__0.0__0.0,eye_pupil__1__ordinal__participant,eye_pupil,1,ordinal,participant,4,0.0,0.0,0.3186020066686462
4,1,eye_pupil__1__ordinal__participant__4__0.0__0.3,eye_pupil__1__ordinal__participant,eye_pupil,1,ordinal,participant,4,0.0,0.3,0.33963894238137377
4,1,eye_pupil__1__ordinal__participant__4__0.3__-0.3,eye_pupil__1__ordinal__participant,eye_pupil,1,ordinal,participant,4,0.3,-0.3,0.3342079357384691
4,1,eye_pupil__1__ordinal__participant__4__0.3__0.0,eye_pupil__1__ordinal__participant,eye_pupil,1,ordinal,participant,4,0.3,0.0,0.31632094319486925
4,1,eye_pupil__1__ordinal__participant__4__0.3__0.3,eye_pupil__1__ordinal__participant,eye_pupil,1,ordinal,participant,4,0.3,0.3,0.31832989782510873
4,1,eye_pupil__1__catboost__global__1__-0.3__-0.3,eye_pupil__1__catboost__global,eye_pupil,1,catboost,global,1,-0.3,-0.3,0.34280776637330473
4,1,eye_pupil__1__catboost__global__1__-0.3__0.0,eye_pupil__1__catboost__global,eye_pupil,1,catboost,global,1,-0.3,0.0,0.3266518674073009
4,1,eye_pupil__1__catboost__global__1__-0.3__0.3,eye_pupil__1__catboost__global,eye_pupil,1,catboost,global,1,-0.3,0.3,0.3366716835631842
4,1,eye_pupil__1__catboost__global__1__0.0__-0.3,eye_pupil__1__catboost__global,eye_pupil,1,catboost,global,1,0.0,-0.3,0.3452667960935404
4,1,eye_pupil__1__catboost__global__1__0.0__0.0,eye_pupil__1__catboost__global,eye_pupil,1,catboost,global,1,0.0,0.0,0.32577465280389906
4,1,eye_pupil__1__catboost__global__1__0.0__0.3,eye_pupil__1__catboost__global,eye_pupil,1,catboost,global,1,0.0,0.3,0.33707893408972367
4,1,eye_pupil__1__catboost__global__1__0.3__-0.3,eye_pupil__1__catboost__global,eye_pupil,1,catboost,global,1,0.3,-0.3,0.33661521598444955
4,1,eye_pupil__1__catboost__global__1__0.3__0.0,eye_pupil__1__catboost__global,eye_pupil,1,catboost,global,1,0.3,0.0,0.3338816953704986
4,1,eye_pupil__1__catboost__global__1__0.3__0.3,eye_pupil__1__catboost__global,eye_pupil,1,catboost,global,1,0.3,0.3,0.31376873215189954
4,1,eye_pupil__1__catboost__global__4__-0.3__-0.3,eye_pupil__1__catboost__global,eye_pupil,1,catboost,global,4,-0.3,-0.3,0.34296015664139184
4,1,eye_pupil__1__catboost__global__4__-0.3__0.0,eye_pupil__1__catboost__global,eye_pupil,1,catboost,global,4,-0.3,0.0,0.3214998424578413
4,1,eye_pupil__1__catboost__global__4__-0.3__0.3,eye_pupil__1__catboost__global,eye_pupil,1,catboost,global,4,-0.3,0.3,0.33077804275105865
4,1,eye_pupil__1__catboost__global__4__0.0__-0.3,eye_pupil__1__catboost__global,eye_pupil,1,catboost,global,4,0.0,-0.3,0.3503478192723393
4,1,eye_pupil__1__catboost__global__4__0.0__0.0,eye_pupil__1__catboost__global,eye_pupil,1,catboost,global,4,0.0,0.0,0.32797183463804847
4,1,eye_pupil__1__catboost__global__4__0.0__0.3,eye_pupil__1__catboost__global,eye_pupil,1,catboost,global,4,0.0,0.3,0.3327134715601851
4,1,eye_pupil__1__catboost__global__4__0.3__-0.3,eye_pupil__1__catboost__global,eye_pupil,1,catboost,global,4,0.3,-0.3,0.32770868633316663
4,1,eye_pupil__1__catboost__global__4__0.3__0.0,eye_pupil__1__catboost__global,eye_pupil,1,catboost,global,4,0.3,0.0,0.3261051398084308
4,1,eye_pupil__1__catboost__global__4__0.3__0.3,eye_pupil__1__catboost__global,eye_pupil,1,catboost,global,4,0.3,0.3,0.305182751351763
4,1,eye_pupil__1__catboost__participant__1__-0.3__-0.3,eye_pupil__1__catboost__participant,eye_pupil,1,catboost,participant,1,-0.3,-0.3,0.3322775378929522
4,1,eye_pupil__1__catboost__participant__1__-0.3__0.0,eye_pupil__1__catboost__participant,eye_pupil,1,catboost,participant,1,-0.3,0.0,0.33994603760414643
4,1,eye_pupil__1__catboost__participant__1__-0.3__0.3,eye_pupil__1__catboost__participant,eye_pupil,1,catboost,participant,1,-0.3,0.3,0.33157415089826847
4,1,eye_pupil__1__catboost__participant__1__0.0__-0.3,eye_pupil__1__catboost__participant,eye_pupil,1,catboost,participant,1,0.0,-0.3,0.3402004027870684
4,1,eye_pupil__1__catboost__participant__1__0.0__0.0,eye_pupil__1__catboost__participant,eye_pupil,1,catboost,participant,1,0.0,0.0,0.31802946821212963
4,1,eye_pupil__1__catboost__participant__1__0.0__0.3,eye_pupil__1__catboost__participant,eye_pupil,1,catboost,participant,1,0.0,0.3,0.3320405745689076
4,1,eye_pupil__1__catboost__participant__1__0.3__-0.3,eye_pupil__1__catboost__participant,eye_pupil,1,catboost,participant,1,0.3,-0.3,0.3271132878071969
4,1,eye_pupil__1__catboost__participant__1__0.3__0.0,eye_pupil__1__catboost__participant,eye_pupil,1,catboost,participant,1,0.3,0.0,0.32365583988434865
4,1,eye_pupil__1__catboost__participant__1__0.3__0.3,eye_pupil__1__catboost__participant,eye_pupil,1,catboost,participant,1,0.3,0.3,0.31388658326038626
4,1,eye_pupil__1__catboost__participant__4__-0.3__-0.3,eye_pupil__1__catboost__participant,eye_pupil,1,catboost,participant,4,-0.3,-0.3,0.3303391409542484
4,1,eye_pupil__1__catboost__participant__4__-0.3__0.0,eye_pupil__1__catboost__participant,eye_pupil,1,catboost,participant,4,-0.3,0.0,0.3336584589111955
4,1,eye_pupil__1__catboost__participant__4__-0.3__0.3,eye_pupil__1__catboost__participant,eye_pupil,1,catboost,participant,4,-0.3,0.3,0.33333333333333337
4,1,eye_pupil__1__catboost__participant__4__0.0__-0.3,eye_pupil__1__catboost__participant,eye_pupil,1,catboost,participant,4,0.0,-0.3,0.33454926319834294
4,1,eye_pupil__1__catboost__participant__4__0.0__0.0,eye_pupil__1__catboost__participant,eye_pupil,1,catboost,participant,4,0.0,0.0,0.30949008025061364
4,1,eye_pupil__1__catboost__participant__4__0.0__0.3,eye_pupil__1__catboost__participant,eye_pupil,1,catboost,participant,4,0.0,0.3,0.33287309395919007
4,1,eye_pupil__1__catboost__participant__4__0.3__-0.3,eye_pupil__1__catboost__participant,eye_pupil,1,catboost,participant,4,0.3,-0.3,0.32842132972183014
4,1,eye_pupil__1__catboost__participant__4__0.3__0.0,eye_pupil__1__catboost__participant,eye_pupil,1,catboost,participant,4,0.3,0.0,0.32308168899381573
4,1,eye_pupil__1__catboost__participant__4__0.3__0.3,eye_pupil__1__catboost__participant,eye_pupil,1,catboost,participant,4,0.3,0.3,0.31113621339581593
4,1,eye_pupil__8__logistic__global__1__-0.3__-0.3,eye_pupil__8__logistic__global,eye_pupil,8,logistic,global,1,-0.3,-0.3,0.3357926377126856
4,1,eye_pupil__8__logistic__global__1__-0.3__0.0,eye_pupil__8__logistic__global,eye_pupil,8,logistic,global,1,-0.3,0.0,0.3231684050570495
4,1,eye_pupil__8__logistic__global__1__-0.3__0.3,eye_pupil__8__logistic__global,eye_pupil,8,logistic,global,1,-0.3,0.3,0.32078312374686424
4,1,eye_pupil__8__logistic__global__1__0.0__-0.3,eye_pupil__8__logistic__global,eye_pupil,8,logistic,global,1,0.0,-0.3,0.3226886004840521
4,1,eye_pupil__8__logistic__global__1__0.0__0.0,eye_pupil__8__logistic__global,eye_pupil,8,logistic,global,1,0.0,0.0,0.3139161876835195
4,1,eye_pupil__8__logistic__global__1__0.0__0.3,eye_pupil__8__logistic__global,eye_pupil,8,logistic,global,1,0.0,0.3,0.31623927412770153
4,1,eye_pupil__8__logistic__global__1__0.3__-0.3,eye_pupil__8__logistic__global,eye_pupil,8,logistic,global,1,0.3,-0.3,0.31923062571705635
4,1,eye_pupil__8__logistic__global__1__0.3__0.0,eye_pupil__8__logistic__global,eye_pupil,8,logistic,global,1,0.3,0.0,0.31230184985442416
4,1,eye_pupil__8__logistic__global__1__0.3__0.3,eye_pupil__8__logistic__global,eye_pupil,8,logistic,global,1,0.3,0.3,0.3081318223312198
4,1,eye_pupil__8__logistic__global__4__-0.3__-0.3,eye_pupil__8__logistic__global,eye_pupil,8,logistic,global,4,-0.3,-0.3,0.33461504366819805
4,1,eye_pupil__8__logistic__global__4__-0.3__0.0,eye_pupil__8__logistic__global,eye_pupil,8,logistic,global,4,-0.3,0.0,0.32488360851017245
4,1,eye_pupil__8__logistic__global__4__-0.3__0.3,eye_pupil__8__logistic__global,eye_pupil,8,logistic,global,4,-0.3,0.3,0.319589022800872
4,1,eye_pupil__8__logistic__global__4__0.0__-0.3,eye_pupil__8__logistic__global,eye_pupil,8,logistic,global,4,0.0,-0.3,0.3288023194051205
4,1,eye_pupil__8__logistic__global__4__0.0__0.0,eye_pupil__8__logistic__global,eye_pupil,8,logistic,global,4,0.0,0.0,0.3214791028605404
4,1,eye_pupil__8__logistic__global__4__0.0__0.3,eye_pupil__8__logistic__global,eye_pupil,8,logistic,global,4,0.0,0.3,0.3225331154921083
4,1,eye_pupil__8__logistic__global__4__0.3__-0.3,eye_pupil__8__logistic__global,eye_pupil,8,logistic,global,4,0.3,-0.3,0.32429154459975085
4,1,eye_pupil__8__logistic__global__4__0.3__0.0,eye_pupil__8__logistic__global,eye_pupil,8,logistic,global,4,0.3,0.0,0.31954182184461194
4,1,eye_pupil__8__logistic__global__4__0.3__0.3,eye_pupil__8__logistic__global,eye_pupil,8,logistic,global,4,0.3,0.3,0.3111255538616397
4,1,eye_pupil__8__logistic__participant__1__-0.3__-0.3,eye_pupil__8__logistic__participant,eye_pupil,8,logistic,participant,1,-0.3,-0.3,0.3122394348256544
4,1,eye_pupil__8__logistic__participant__1__-0.3__0.0,eye_pupil__8__logistic__participant,eye_pupil,8,logistic,participant,1,-0.3,0.0,0.31236900453776195
4,1,eye_pupil__8__logistic__participant__1__-0.3__0.3,eye_pupil__8__logistic__participant,eye_pupil,8,logistic,participant,1,-0.3,0.3,0.31861790263552253
4,1,eye_pupil__8__logistic__participant__1__0.0__-0.3,eye_pupil__8__logistic__participant,eye_pupil,8,logistic,participant,1,0.0,-0.3,0.30078145205242585
4,1,eye_pupil__8__logistic__participant__1__0.0__0.0,eye_pupil__8__logistic__participant,eye_pupil,8,logistic,participant,1,0.0,0.0,0.3053587097527953
4,1,eye_pupil__8__logistic__participant__1__0.0__0.3,eye_pupil__8__logistic__participant,eye_pupil,8,logistic,participant,1,0.0,0.3,0.3154159146739252
4,1,eye_pupil__8__logistic__participant__1__0.3__-0.3,eye_pupil__8__logistic__participant,eye_pupil,8,logistic,participant,1,0.3,-0.3,0.3197406715456211
4,1,eye_pupil__8__logistic__participant__1__0.3__0.0,eye_pupil__8__logistic__participant,eye_pupil,8,logistic,participant,1,0.3,0.0,0.29851042013137213
4,1,eye_pupil__8__logistic__participant__1__0.3__0.3,eye_pupil__8__logistic__participant,eye_pupil,8,logistic,participant,1,0.3,0.3,0.30729893443907813
4,1,eye_pupil__8__logistic__participant__4__-0.3__-0.3,eye_pupil__8__logistic__participant,eye_pupil,8,logistic,participant,4,-0.3,-0.3,0.31850957829502297
4,1,eye_pupil__8__logistic__participant__4__-0.3__0.0,eye_pupil__8__logistic__participant,eye_pupil,8,logistic,participant,4,-0.3,0.0,0.3162203634790453
4,1,eye_pupil__8__logistic__participant__4__-0.3__0.3,eye_pupil__8__logistic__participant,eye_pupil,8,logistic,participant,4,-0.3,0.3,0.32339961943448015
4,1,eye_pupil__8__logistic__participant__4__0.0__-0.3,eye_pupil__8__logistic__participant,eye_pupil,8,logistic,participant,4,0.0,-0.3,0.3093363867427055
4,1,eye_pupil__8__logistic__participant__4__0.0__0.0,eye_pupil__8__logistic__participant,eye_pupil,8,logistic,participant,4,0.0,0.0,0.3061165209512417
4,1,eye_pupil__8__logistic__participant__4__0.0__0.3,eye_pupil__8__logistic__participant,eye_pupil,8,logistic,participant,4,0.0,0.3,0.314704107261515
4,1,eye_pupil__8__logistic__participant__4__0.3__-0.3,eye_pupil__8__logistic__participant,eye_pupil,8,logistic,participant,4,0.3,-0.3,0.3215821467299726
4,1,eye_pupil__8__logistic__participant__4__0.3__0.0,eye_pupil__8__logistic__participant,eye_pupil,8,logistic,participant,4,0.3,0.0,0.297540376819451
4,1,eye_pupil__8__logistic__participant__4__0.3__0.3,eye_pupil__8__logistic__participant,eye_pupil,8,logistic,participant,4,0.3,0.3,0.30327677895059657
4,1,eye_pupil__8__ordinal__global__1__-0.3__-0.3,eye_pupil__8__ordinal__global,eye_pupil,8,ordinal,global,1,-0.3,-0.3,0.3342550219239704
4,1,eye_pupil__8__ordinal__global__1__-0.3__0.0,eye_pupil__8__ordinal__global,eye_pupil,8,ordinal,global,1,-0.3,0.0,0.32386304522794934
4,1,eye_pupil__8__ordinal__global__1__-0.3__0.3,eye_pupil__8__ordinal__global,eye_pupil,8,ordinal,global,1,-0.3,0.3,0.3203874481577971
4,1,eye_pupil__8__ordinal__global__1__0.0__-0.3,eye_pupil__8__ordinal__global,eye_pupil,8,ordinal,global,1,0.0,-0.3,0.3207518102012774
4,1,eye_pupil__8__ordinal__global__1__0.0__0.0,eye_pupil__8__ordinal__global,eye_pupil,8,ordinal,global,1,0.0,0.0,0.3137451450964907
4,1,eye_pupil__8__ordinal__global__1__0.0__0.3,eye_pupil__8__ordinal__global,eye_pupil,8,ordinal,global,1,0.0,0.3,0.3151303436835965
4,1,eye_pupil__8__ordinal__global__1__0.3__-0.3,eye_pupil__8__ordinal__global,eye_pupil,8,ordinal,global,1,0.3,-0.3,0.3175059712953287
4,1,eye_pupil__8__ordinal__global__1__0.3__0.0,eye_pupil__8__ordinal__global,eye_pupil,8,ordinal,global,1,0.3,0.0,0.3117721726124574
4,1,eye_pupil__8__ordinal__global__1__0.3__0.3,eye_pupil__8__ordinal__global,eye_pupil,8,ordinal,global,1,0.3,0.3,0.30507024056870014
4,1,eye_pupil__8__ordinal__global__4__-0.3__-0.3,eye_pupil__8__ordinal__global,eye_pupil,8,ordinal,global,4,-0.3,-0.3,0.33311407777486085
4,1,eye_pupil__8__ordinal__global__4__-0.3__0.0,eye_pupil__8__ordinal__global,eye_pupil,8,ordinal,global,4,-0.3,0.0,0.32632349840341635
4,1,eye_pupil__8__ordinal__global__4__-0.3__0.3,eye_pupil__8__ordinal__global,eye_pupil,8,ordinal,global,4,-0.3,0.3,0.3172745037841632
4,1,eye_pupil__8__ordinal__global__4__0.0__-0.3,eye_pupil__8__ordinal__global,eye_pupil,8,ordinal,global,4,0.0,-0.3,0.330347707462819
4,1,eye_pupil__8__ordinal__global__4__0.0__0.0,eye_pupil__8__ordinal__global,eye_pupil,8,ordinal,global,4,0.0,0.0,0.3217950261539918
4,1,eye_pupil__8__ordinal__global__4__0.0__0.3,eye_pupil__8__ordinal__global,eye_pupil,8,ordinal,global,4,0.0,0.3,0.32166198040899147
4,1,eye_pupil__8__ordinal__global__4__0.3__-0.3,eye_pupil__8__ordinal__global,eye_pupil,8,ordinal,global,4,0.3,-0.3,0.3266794168404858
4,1,eye_pupil__8__ordinal__global__4__0.3__0.0,eye_pupil__8__ordinal__global,eye_pupil,8,ordinal,global,4,0.3,0.0,0.3185140276153402
4,1,eye_pupil__8__ordinal__global__4__0.3__0.3,eye_pupil__8__ordinal__global,eye_pupil,8,ordinal,global,4,0.3,0.3,0.31054810323223037
4,1,eye_pupil__8__ordinal__participant__1__-0.3__-0.3,eye_pupil__8__ordinal__participant,eye_pupil,8,ordinal,participant,1,-0.3,-0.3,0.3131880351409084
4,1,eye_pupil__8__ordinal__participant__1__-0.3__0.0,eye_pupil__8__ordinal__participant,eye_pupil,8,ordinal,participant,1,-0.3,0.0,0.31143922551028247
4,1,eye_pupil__8__ordinal__participant__1__-0.3__0.3,eye_pupil__8__ordinal__participant,eye_pupil,8,ordinal,participant,1,-0.3,0.3,0.3166507176050442
4,1,eye_pupil__8__ordinal__participant__1__0.0__-0.3,eye_pupil__8__ordinal__participant,eye_pupil,8,ordinal,participant,1,0.0,-0.3,0.3023453853090748
4,1,eye_pupil__8__ordinal__participant__1__0.0__0.0,eye_pupil__8__ordinal__participant,eye_pupil,8,ordinal,participant,1,0.0,0.0,0.3047822105915271
4,1,eye_pupil__8__ordinal__participant__1__0.0__0.3,eye_pupil__8__ordinal__participant,eye_pupil,8,ordinal,participant,1,0.0,0.3,0.3132228043738948
4,1,eye_pupil__8__ordinal__participant__1__0.3__-0.3,eye_pupil__8__ordinal__participant,eye_pupil,8,ordinal,participant,1,0.3,-0.3,0.3194689546555518
4,1,eye_pupil__8__ordinal__participant__1__0.3__0.0,eye_pupil__8__ordinal__participant,eye_pupil,8,ordinal,participant,1,0.3,0.0,0.2976312802209472
4,1,eye_pupil__8__ordinal__participant__1__0.3__0.3,eye_pupil__8__ordinal__participant,eye_pupil,8,ordinal,participant,1,0.3,0.3,0.3051369363906383
4,1,eye_pupil__8__ordinal__participant__4__-0.3__-0.3,eye_pupil__8__ordinal__participant,eye_pupil,8,ordinal,participant,4,-0.3,-0.3,0.3157845562686195
4,1,eye_pupil__8__ordinal__participant__4__-0.3__0.0,eye_pupil__8__ordinal__participant,eye_pupil,8,ordinal,participant,4,-0.3,0.0,0.3106836210263074
4,1,eye_pupil__8__ordinal__participant__4__-0.3__0.3,eye_pupil__8__ordinal__participant,eye_pupil,8,ordinal,participant,4,-0.3,0.3,0.3197143643252992
4,1,eye_pupil__8__ordinal__participant__4__0.0__-0.3,eye_pupil__8__ordinal__participant,eye_pupil,8,ordinal,participant,4,0.0,-0.3,0.3078759133921881
4,1,eye_pupil__8__ordinal__participant__4__0.0__0.0,eye_pupil__8__ordinal__participant,eye_pupil,8,ordinal,participant,4,0.0,0.0,0.3040888010704017
4,1,eye_pupil__8__ordinal__participant__4__0.0__0.3,eye_pupil__8__ordinal__participant,eye_pupil,8,ordinal,participant,4,0.0,0.3,0.311915200317614
4,1,eye_pupil__8__ordinal__participant__4__0.3__-0.3,eye_pupil__8__ordinal__participant,eye_pupil,8,ordinal,participant,4,0.3,-0.3,0.3209153345531211
4,1,eye_pupil__8__ordinal__participant__4__0.3__0.0,eye_pupil__8__ordinal__participant,eye_pupil,8,ordinal,participant,4,0.3,0.0,0.2989364708715827
4,1,eye_pupil__8__ordinal__participant__4__0.3__0.3,eye_pupil__8__ordinal__participant,eye_pupil,8,ordinal,participant,4,0.3,0.3,0.30373337405668355
4,1,eye_pupil__8__catboost__global__1__-0.3__-0.3,eye_pupil__8__catboost__global,eye_pupil,8,catboost,global,1,-0.3,-0.3,0.3441988350364642
4,1,eye_pupil__8__catboost__global__1__-0.3__0.0,eye_pupil__8__catboost__global,eye_pupil,8,catboost,global,1,-0.3,0.0,0.3252020445345075
4,1,eye_pupil__8__catboost__global__1__-0.3__0.3,eye_pupil__8__catboost__global,eye_pupil,8,catboost,global,1,-0.3,0.3,0.3223832529580121
4,1,eye_pupil__8__catboost__global__1__0.0__-0.3,eye_pupil__8__catboost__global,eye_pupil,8,catboost,global,1,0.0,-0.3,0.34936983101901553
4,1,eye_pupil__8__catboost__global__1__0.0__0.0,eye_pupil__8__catboost__global,eye_pupil,8,catboost,global,1,0.0,0.0,0.3301566092747338
4,1,eye_pupil__8__catboost__global__1__0.0__0.3,eye_pupil__8__catboost__global,eye_pupil,8,catboost,global,1,0.0,0.3,0.3257007350363096
4,1,eye_pupil__8__catboost__global__1__0.3__-0.3,eye_pupil__8__catboost__global,eye_pupil,8,catboost,global,1,0.3,-0.3,0.33495203249964095
4,1,eye_pupil__8__catboost__global__1__0.3__0.0,eye_pupil__8__catboost__global,eye_pupil,8,catboost,global,1,0.3,0.0,0.32046592859179285
4,1,eye_pupil__8__catboost__global__1__0.3__0.3,eye_pupil__8__catboost__global,eye_pupil,8,catboost,global,1,0.3,0.3,0.30460106137182896
4,1,eye_pupil__8__catboost__global__4__-0.3__-0.3,eye_pupil__8__catboost__global,eye_pupil,8,catboost,global,4,-0.3,-0.3,0.3411884522759659
4,1,eye_pupil__8__catboost__global__4__-0.3__0.0,eye_pupil__8__catboost__global,eye_pupil,8,catboost,global,4,-0.3,0.0,0.3216304379667217
4,1,eye_pupil__8__catboost__global__4__-0.3__0.3,eye_pupil__8__catboost__global,eye_pupil,8,catboost,global,4,-0.3,0.3,0.3253695608434142
4,1,eye_pupil__8__catboost__global__4__0.0__-0.3,eye_pupil__8__catboost__global,eye_pupil,8,catboost,global,4,0.0,-0.3,0.35645958309566506
4,1,eye_pupil__8__catboost__global__4__0.0__0.0,eye_pupil__8__catboost__global,eye_pupil,8,catboost,global,4,0.0,0.0,0.3419777830379198
4,1,eye_pupil__8__catboost__global__4__0.0__0.3,eye_pupil__8__catboost__global,eye_pupil,8,catboost,global,4,0.0,0.3,0.32898143590244566
4,1,eye_pupil__8__catboost__global__4__0.3__-0.3,eye_pupil__8__catboost__global,eye_pupil,8,catboost,global,4,0.3,-0.3,0.3345379358224573
4,1,eye_pupil__8__catboost__global__4__0.3__0.0,eye_pupil__8__catboost__global,eye_pupil,8,catboost,global,4,0.3,0.0,0.32833789967395616
4,1,eye_pupil__8__catboost__global__4__0.3__0.3,eye_pupil__8__catboost__global,eye_pupil,8,catboost,global,4,0.3,0.3,0.3069080333031263
4,1,eye_pupil__8__catboost__participant__1__-0.3__-0.3,eye_pupil__8__catboost__participant,eye_pupil,8,catboost,participant,1,-0.3,-0.3,0.33163103882693296
4,1,eye_pupil__8__catboost__participant__1__-0.3__0.0,eye_pupil__8__catboost__participant,eye_pupil,8,catboost,participant,1,-0.3,0.0,0.31746578736616415
4,1,eye_pupil__8__catboost__participant__1__-0.3__0.3,eye_pupil__8__catboost__participant,eye_pupil,8,catboost,participant,1,-0.3,0.3,0.3297136757148874
4,1,eye_pupil__8__catboost__participant__1__0.0__-0.3,eye_pupil__8__catboost__participant,eye_pupil,8,catboost,participant,1,0.0,-0.3,0.3201462019570174
4,1,eye_pupil__8__catboost__participant__1__0.0__0.0,eye_pupil__8__catboost__participant,eye_pupil,8,catboost,participant,1,0.0,0.0,0.3016395028481677
4,1,eye_pupil__8__catboost__participant__1__0.0__0.3,eye_pupil__8__catboost__participant,eye_pupil,8,catboost,participant,1,0.0,0.3,0.31999017401594354
4,1,eye_pupil__8__catboost__participant__1__0.3__-0.3,eye_pupil__8__catboost__participant,eye_pupil,8,catboost,participant,1,0.3,-0.3,0.3308828923638112
4,1,eye_pupil__8__catboost__participant__1__0.3__0.0,eye_pupil__8__catboost__participant,eye_pupil,8,catboost,participant,1,0.3,0.0,0.30970254701003075
4,1,eye_pupil__8__catboost__participant__1__0.3__0.3,eye_pupil__8__catboost__participant,eye_pupil,8,catboost,participant,1,0.3,0.3,0.29895394392196384
4,1,eye_pupil__8__catboost__participant__4__-0.3__-0.3,eye_pupil__8__catboost__participant,eye_pupil,8,catboost,participant,4,-0.3,-0.3,0.32449474178365906
4,1,eye_pupil__8__catboost__participant__4__-0.3__0.0,eye_pupil__8__catboost__participant,eye_pupil,8,catboost,participant,4,-0.3,0.0,0.319975564460546
4,1,eye_pupil__8__catboost__participant__4__-0.3__0.3,eye_pupil__8__catboost__participant,eye_pupil,8,catboost,participant,4,-0.3,0.3,0.33204898381075165
4,1,eye_pupil__8__catboost__participant__4__0.0__-0.3,eye_pupil__8__catboost__participant,eye_pupil,8,catboost,participant,4,0.0,-0.3,0.31973957396905744
4,1,eye_pupil__8__catboost__participant__4__0.0__0.0,eye_pupil__8__catboost__participant,eye_pupil,8,catboost,participant,4,0.0,0.0,0.29325477937992755
4,1,eye_pupil__8__catboost__participant__4__0.0__0.3,eye_pupil__8__catboost__participant,eye_pupil,8,catboost,participant,4,0.0,0.3,0.32744762369475594
4,1,eye_pupil__8__catboost__participant__4__0.3__-0.3,eye_pupil__8__catboost__participant,eye_pupil,8,catboost,participant,4,0.3,-0.3,0.32982118181550046
4,1,eye_pupil__8__catboost__participant__4__0.3__0.0,eye_pupil__8__catboost__participant,eye_pupil,8,catboost,participant,4,0.3,0.0,0.31258011543081665
4,1,eye_pupil__8__catboost__participant__4__0.3__0.3,eye_pupil__8__catboost__participant,eye_pupil,8,catboost,participant,4,0.3,0.3,0.2940465617668573
4,1,full__1__logistic__global__1__-0.3__-0.3,full__1__logistic__global,full,1,logistic,global,1,-0.3,-0.3,0.33364898075952254
4,1,full__1__logistic__global__1__-0.3__0.0,full__1__logistic__global,full,1,logistic,global,1,-0.3,0.0,0.33126247088924987
4,1,full__1__logistic__global__1__-0.3__0.3,full__1__logistic__global,full,1,logistic,global,1,-0.3,0.3,0.33554042961064856
4,1,full__1__logistic__global__1__0.0__-0.3,full__1__logistic__global,full,1,logistic,global,1,0.0,-0.3,0.3418873544918572
4,1,full__1__logistic__global__1__0.0__0.0,full__1__logistic__global,full,1,logistic,global,1,0.0,0.0,0.3320427703870977
4,1,full__1__logistic__global__1__0.0__0.3,full__1__logistic__global,full,1,logistic,global,1,0.0,0.3,0.3297101517229156
4,1,full__1__logistic__global__1__0.3__-0.3,full__1__logistic__global,full,1,logistic,global,1,0.3,-0.3,0.3389186367522697
4,1,full__1__logistic__global__1__0.3__0.0,full__1__logistic__global,full,1,logistic,global,1,0.3,0.0,0.33208603925401925
4,1,full__1__logistic__global__1__0.3__0.3,full__1__logistic__global,full,1,logistic,global,1,0.3,0.3,0.3265570350739378
4,1,full__1__logistic__global__4__-0.3__-0.3,full__1__logistic__global,full,1,logistic,global,4,-0.3,-0.3,0.3299579510119746
4,1,full__1__logistic__global__4__-0.3__0.0,full__1__logistic__global,full,1,logistic,global,4,-0.3,0.0,0.33011106569429965
4,1,full__1__logistic__global__4__-0.3__0.3,full__1__logistic__global,full,1,logistic,global,4,-0.3,0.3,0.337395584388355
4,1,full__1__logistic__global__4__0.0__-0.3,full__1__logistic__global,full,1,logistic,global,4,0.0,-0.3,0.3505454648192003
4,1,full__1__logistic__global__4__0.0__0.0,full__1__logistic__global,full,1,logistic,global,4,0.0,0.0,0.3408650714806327
4,1,full__1__logistic__global__4__0.0__0.3,full__1__logistic__global,full,1,logistic,global,4,0.0,0.3,0.33683536798028396
4,1,full__1__logistic__global__4__0.3__-0.3,full__1__logistic__global,full,1,logistic,global,4,0.3,-0.3,0.3405296784013621
4,1,full__1__logistic__global__4__0.3__0.0,full__1__logistic__global,full,1,logistic,global,4,0.3,0.0,0.32848626988968377
4,1,full__1__logistic__global__4__0.3__0.3,full__1__logistic__global,full,1,logistic,global,4,0.3,0.3,0.3411023058724513
4,1,full__1__logistic__participant__1__-0.3__-0.3,full__1__logistic__participant,full,1,logistic,participant,1,-0.3,-0.3,0.3467798644389877
4,1,full__1__logistic__participant__1__-0.3__0.0,full__1__logistic__participant,full,1,logistic,participant,1,-0.3,0.0,0.32827216847076246
4,1,full__1__logistic__participant__1__-0.3__0.3,full__1__logistic__participant,full,1,logistic,participant,1,-0.3,0.3,0.3394993964464866
4,1,full__1__logistic__participant__1__0.0__-0.3,full__1__logistic__participant,full,1,logistic,participant,1,0.0,-0.3,0.3428824146225054
4,1,full__1__logistic__participant__1__0.0__0.0,full__1__logistic__participant,full,1,logistic,participant,1,0.0,0.0,0.33154572214857786
4,1,full__1__logistic__participant__1__0.0__0.3,full__1__logistic__participant,full,1,logistic,participant,1,0.0,0.3,0.33433026265139565
4,1,full__1__logistic__participant__1__0.3__-0.3,full__1__logistic__participant,full,1,logistic,participant,1,0.3,-0.3,0.33151866664964835
4,1,full__1__logistic__participant__1__0.3__0.0,full__1__logistic__participant,full,1,logistic,participant,1,0.3,0.0,0.33238950579966386
4,1,full__1__logistic__participant__1__0.3__0.3,full__1__logistic__participant,full,1,logistic,participant,1,0.3,0.3,0.32950094099645394
4,1,full__1__logistic__participant__4__-0.3__-0.3,full__1__logistic__participant,full,1,logistic,participant,4,-0.3,-0.3,0.35619320984655883
4,1,full__1__logistic__participant__4__-0.3__0.0,full__1__logistic__participant,full,1,logistic,participant,4,-0.3,0.0,0.3443889620633457
4,1,full__1__logistic__participant__4__-0.3__0.3,full__1__logistic__participant,full,1,logistic,participant,4,-0.3,0.3,0.3378343712120582
4,1,full__1__logistic__participant__4__0.0__-0.3,full__1__logistic__participant,full,1,logistic,participant,4,0.0,-0.3,0.3357452079736107
4,1,full__1__logistic__participant__4__0.0__0.0,full__1__logistic__participant,full,1,logistic,participant,4,0.0,0.0,0.34269055692421335
4,1,full__1__logistic__participant__4__0.0__0.3,full__1__logistic__participant,full,1,logistic,participant,4,0.0,0.3,0.342227824396813
4,1,full__1__logistic__participant__4__0.3__-0.3,full__1__logistic__participant,full,1,logistic,participant,4,0.3,-0.3,0.3348854158934331
4,1,full__1__logistic__participant__4__0.3__0.0,full__1__logistic__participant,full,1,logistic,participant,4,0.3,0.0,0.33265330652650205
4,1,full__1__logistic__participant__4__0.3__0.3,full__1__logistic__participant,full,1,logistic,participant,4,0.3,0.3,0.34041768878201906
4,1,full__1__ordinal__global__1__-0.3__-0.3,full__1__ordinal__global,full,1,ordinal,global,1,-0.3,-0.3,0.33731650789414347
4,1,full__1__ordinal__global__1__-0.3__0.0,full__1__ordinal__global,full,1,ordinal,global,1,-0.3,0.0,0.3318688232208251
4,1,full__1__ordinal__global__1__-0.3__0.3,full__1__ordinal__global,full,1,ordinal,global,1,-0.3,0.3,0.3365666633891802
4,1,full__1__ordinal__global__1__0.0__-0.3,full__1__ordinal__global,full,1,ordinal,global,1,0.0,-0.3,0.34033003351110314
4,1,full__1__ordinal__global__1__0.0__0.0,full__1__ordinal__global,full,1,ordinal,global,1,0.0,0.0,0.33209231060905053
4,1,full__1__ordinal__global__1__0.0__0.3,full__1__ordinal__global,full,1,ordinal,global,1,0.0,0.3,0.329279900439079
4,1,full__1__ordinal__global__1__0.3__-0.3,full__1__ordinal__global,full,1,ordinal,global,1,0.3,-0.3,0.34182559774205484
4,1,full__1__ordinal__global__1__0.3__0.0,full__1__ordinal__global,full,1,ordinal,global,1,0.3,0.0,0.3346755046372537
4,1,full__1__ordinal__global__1__0.3__0.3,full__1__ordinal__global,full,1,ordinal,global,1,0.3,0.3,0.3270638051466657
4,1,full__1__ordinal__global__4__-0.3__-0.3,full__1__ordinal__global,full,1,ordinal,global,4,-0.3,-0.3,0.3323025827557218
4,1,full__1__ordinal__global__4__-0.3__0.0,full__1__ordinal__global,full,1,ordinal,global,4,-0.3,0.0,0.33056637530536587
4,1,full__1__ordinal__global__4__-0.3__0.3,full__1__ordinal__global,full,1,ordinal,global,4,-0.3,0.3,0.33750168713846956
4,1,full__1__ordinal__global__4__0.0__-0.3,full__1__ordinal__global,full,1,ordinal,global,4,0.0,-0.3,0.3501776544130036
4,1,full__1__ordinal__global__4__0.0__0.0,full__1__ordinal__global,full,1,ordinal,global,4,0.0,0.0,0.3432079782238107
4,1,full__1__ordinal__global__4__0.0__0.3,full__1__ordinal__global,full,1,ordinal,global,4,0.0,0.3,0.33697521018785526
4,1,full__1__ordinal__global__4__0.3__-0.3,full__1__ordinal__global,full,1,ordinal,global,4,0.3,-0.3,0.33897630340883095
4,1,full__1__ordinal__global__4__0.3__0.0,full__1__ordinal__global,full,1,ordinal,global,4,0.3,0.0,0.32802946220932083
4,1,full__1__ordinal__global__4__0.3__0.3,full__1__ordinal__global,full,1,ordinal,global,4,0.3,0.3,0.34186761740805716
4,1,full__1__ordinal__participant__1__-0.3__-0.3,full__1__ordinal__participant,full,1,ordinal,participant,1,-0.3,-0.3,0.3465178044101527
4,1,full__1__ordinal__participant__1__-0.3__0.0,full__1__ordinal__participant,full,1,ordinal,participant,1,-0.3,0.0,0.3307156576154218
4,1,full__1__ordinal__participant__1__-0.3__0.3,full__1__ordinal__participant,full,1,ordinal,participant,1,-0.3,0.3,0.33804125267108587
4,1,full__1__ordinal__participant__1__0.0__-0.3,full__1__ordinal__participant,full,1,ordinal,participant,1,0.0,-0.3,0.34261843228767436
4,1,full__1__ordinal__participant__1__0.0__0.0,full__1__ordinal__participant,full,1,ordinal,participant,1,0.0,0.0,0.3300979571852986
4,1,full__1__ordinal__participant__1__0.0__0.3,full__1__ordinal__participant,full,1,ordinal,participant,1,0.0,0.3,0.3345701167180503
4,1,full__1__ordinal__participant__1__0.3__-0.3,full__1__ordinal__participant,full,1,ordinal,participant,1,0.3,-0.3,0.3311953539429913
4,1,full__1__ordinal__participant__1__0.3__0.0,full__1__ordinal__participant,full,1,ordinal,participant,1,0.3,0.0,0.33253264530133747
4,1,full__1__ordinal__participant__1__0.3__0.3,full__1__ordinal__participant,full,1,ordinal,participant,1,0.3,0.3,0.3284236143002903
4,1,full__1__ordinal__participant__4__-0.3__-0.3,full__1__ordinal__participant,full,1,ordinal,participant,4,-0.3,-0.3,0.3575465916464941
4,1,full__1__ordinal__participant__4__-0.3__0.0,full__1__ordinal__participant,full,1,ordinal,participant,4,-0.3,0.0,0.3470747842223618
4,1,full__1__ordinal__participant__4__-0.3__0.3,full__1__ordinal__participant,full,1,ordinal,participant,4,-0.3,0.3,0.33755635380938204
4,1,full__1__ordinal__participant__4__0.0__-0.3,full__1__ordinal__participant,full,1,ordinal,participant,4,0.0,-0.3,0.334452273533434
4,1,full__1__ordinal__participant__4__0.0__0.0,full__1__ordinal__participant,full,1,ordinal,participant,4,0.0,0.0,0.3398716908613425
4,1,full__1__ordinal__participant__4__0.0__0.3,full__1__ordinal__participant,full,1,ordinal,participant,4,0.0,0.3,0.34290987678574053
4,1,full__1__ordinal__participant__4__0.3__-0.3,full__1__ordinal__participant,full,1,ordinal,participant,4,0.3,-0.3,0.33426402734916993
4,1,full__1__ordinal__participant__4__0.3__0.0,full__1__ordinal__participant,full,1,ordinal,participant,4,0.3,0.0,0.330905610055549
4,1,full__1__ordinal__participant__4__0.3__0.3,full__1__ordinal__participant,full,1,ordinal,participant,4,0.3,0.3,0.3384236106407103
4,1,full__1__catboost__global__1__-0.3__-0.3,full__1__catboost__global,full,1,catboost,global,1,-0.3,-0.3,0.34902943907072365
4,1,full__1__catboost__global__1__-0.3__0.0,full__1__catboost__global,full,1,catboost,global,1,-0.3,0.0,0.3419102868486248
4,1,full__1__catboost__global__1__-0.3__0.3,full__1__catboost__global,full,1,catboost,global,1,-0.3,0.3,0.32665628928927315
4,1,full__1__catboost__global__1__0.0__-0.3,full__1__catboost__global,full,1,catboost,global,1,0.0,-0.3,0.35279400046107107
4,1,full__1__catboost__global__1__0.0__0.0,full__1__catboost__global,full,1,catboost,global,1,0.0,0.0,0.3438374191637141
4,1,full__1__catboost__global__1__0.0__0.3,full__1__catboost__global,full,1,catboost,global,1,0.0,0.3,0.3272515305118488
4,1,full__1__catboost__global__1__0.3__-0.3,full__1__catboost__global,full,1,catboost,global,1,0.3,-0.3,0.3553880810510079
4,1,full__1__catboost__global__1__0.3__0.0,full__1__catboost__global,full,1,catboost,global,1,0.3,0.0,0.34191698111484786
4,1,full__1__catboost__global__1__0.3__0.3,full__1__catboost__global,full,1,catboost,global,1,0.3,0.3,0.3308292402461645
4,1,full__1__catboost__global__4__-0.3__-0.3,full__1__catboost__global,full,1,catboost,global,4,-0.3,-0.3,0.3713350037637138
4,1,full__1__catboost__global__4__-0.3__0.0,full__1__catboost__global,full,1,catboost,global,4,-0.3,0.0,0.3529257457592859
4,1,full__1__catboost__global__4__-0.3__0.3,full__1__catboost__global,full,1,catboost,global,4,-0.3,0.3,0.3246697673659725
4,1,full__1__catboost__global__4__0.0__-0.3,full__1__catboost__global,full,1,catboost,global,4,0.0,-0.3,0.3469612395707085
4,1,full__1__catboost__global__4__0.0__0.0,full__1__catboost__global,full,1,catboost,global,4,0.0,0.0,0.35478215488334275
4,1,full__1__catboost__global__4__0.0__0.3,full__1__catboost__global,full,1,catboost,global,4,0.0,0.3,0.3319132168034572
4,1,full__1__catboost__global__4__0.3__-0.3,full__1__catboost__global,full,1,catboost,global,4,0.3,-0.3,0.35243986050085313
4,1,full__1__catboost__global__4__0.3__0.0,full__1__catboost__global,full,1,catboost,global,4,0.3,0.0,0.3348043978410839
4,1,full__1__catboost__global__4__0.3__0.3,full__1__catboost__global,full,1,catboost,global,4,0.3,0.3,0.341815302002841
4,1,full__1__catboost__participant__1__-0.3__-0.3,full__1__catboost__participant,full,1,catboost,participant,1,-0.3,-0.3,0.34579109160130433
4,1,full__1__catboost__participant__1__-0.3__0.0,full__1__catboost__participant,full,1,catboost,participant,1,-0.3,0.0,0.33068002152462095
4,1,full__1__catboost__participant__1__-0.3__0.3,full__1__catboost__participant,full,1,catboost,participant,1,-0.3,0.3,0.3242815576120608
4,1,full__1__catboost__participant__1__0.0__-0.3,full__1__catboost__participant,full,1,catboost,participant,1,0.0,-0.3,0.3652101557137332
4,1,full__1__catboost__participant__1__0.0__0.0,full__1__catboost__participant,full,1,catboost,participant,1,0.0,0.0,0.33724145767308966
4,1,full__1__catboost__participant__1__0.0__0.3,full__1__catboost__participant,full,1,catboost,participant,1,0.0,0.3,0.33009700079404114
4,1,full__1__catboost__participant__1__0.3__-0.3,full__1__catboost__participant,full,1,catboost,participant,1,0.3,-0.3,0.3426467157100874
4,1,full__1__catboost__participant__1__0.3__0.0,full__1__catboost__participant,full,1,catboost,participant,1,0.3,0.0,0.34895640828226715
4,1,full__1__catboost__participant__1__0.3__0.3,full__1__catboost__participant,full,1,catboost,participant,1,0.3,0.3,0.3373153938603145
4,1,full__1__catboost__participant__4__-0.3__-0.3,full__1__catboost__participant,full,1,catboost,participant,4,-0.3,-0.3,0.33868019917055026
4,1,full__1__catboost__participant__4__-0.3__0.0,full__1__catboost__participant,full,1,catboost,participant,4,-0.3,0.0,0.33328375666659055
4,1,full__1__catboost__participant__4__-0.3__0.3,full__1__catboost__participant,full,1,catboost,participant,4,-0.3,0.3,0.32210456591513037
4,1,full__1__catboost__participant__4__0.0__-0.3,full__1__catboost__participant,full,1,catboost,participant,4,0.0,-0.3,0.3518733719484912
4,1,full__1__catboost__participant__4__0.0__0.0,full__1__catboost__participant,full,1,catboost,participant,4,0.0,0.0,0.3258298623522968
4,1,full__1__catboost__participant__4__0.0__0.3,full__1__catboost__participant,full,1,catboost,participant,4,0.0,0.3,0.33152895247597064
4,1,full__1__catboost__participant__4__0.3__-0.3,full__1__catboost__participant,full,1,catboost,participant,4,0.3,-0.3,0.33609520270716803
4,1,full__1__catboost__participant__4__0.3__0.0,full__1__catboost__participant,full,1,catboost,participant,4,0.3,0.0,0.3433937822602787
4,1,full__1__catboost__participant__4__0.3__0.3,full__1__catboost__participant,full,1,catboost,participant,4,0.3,0.3,0.3327854524750299
4,1,full__8__logistic__global__1__-0.3__-0.3,full__8__logistic__global,full,8,logistic,global,1,-0.3,-0.3,0.34971693949536187
4,1,full__8__logistic__global__1__-0.3__0.0,full__8__logistic__global,full,8,logistic,global,1,-0.3,0.0,0.3439885825141462
4,1,full__8__logistic__global__1__-0.3__0.3,full__8__logistic__global,full,8,logistic,global,1,-0.3,0.3,0.3310840283081809
4,1,full__8__logistic__global__1__0.0__-0.3,full__8__logistic__global,full,8,logistic,global,1,0.0,-0.3,0.3454984195232465
4,1,full__8__logistic__global__1__0.0__0.0,full__8__logistic__global,full,8,logistic,global,1,0.0,0.0,0.3529444267613209
4,1,full__8__logistic__global__1__0.0__0.3,full__8__logistic__global,full,8,logistic,global,1,0.0,0.3,0.3358487212187706
4,1,full__8__logistic__global__1__0.3__-0.3,full__8__logistic__global,full,8,logistic,global,1,0.3,-0.3,0.33417254601501406
4,1,full__8__logistic__global__1__0.3__0.0,full__8__logistic__global,full,8,logistic,global,1,0.3,0.0,0.33843768512579736
4,1,full__8__logistic__global__1__0.3__0.3,full__8__logistic__global,full,8,logistic,global,1,0.3,0.3,0.339186104130063
4,1,full__8__logistic__global__4__-0.3__-0.3,full__8__logistic__global,full,8,logistic,global,4,-0.3,-0.3,0.3418771139345297
4,1,full__8__logistic__global__4__-0.3__0.0,full__8__logistic__global,full,8,logistic,global,4,-0.3,0.0,0.3469549848303672
4,1,full__8__logistic__global__4__-0.3__0.3,full__8__logistic__global,full,8,logistic,global,4,-0.3,0.3,0.33249827123409215
4,1,full__8__logistic__global__4__0.0__-0.3,full__8__logistic__global,full,8,logistic,global,4,0.0,-0.3,0.3500980172373093
4,1,full__8__logistic__global__4__0.0__0.0,full__8__logistic__global,full,8,logistic,global,4,0.0,0.0,0.3585626705846857
4,1,full__8__logistic__global__4__0.0__0.3,full__8__logistic__global,full,8,logistic,global,4,0.0,0.3,0.3403211822292167
4,1,full__8__logistic__global__4__0.3__-0.3,full__8__logistic__global,full,8,logistic,global,4,0.3,-0.3,0.3383057542812244
4,1,full__8__logistic__global__4__0.3__0.0,full__8__logistic__global,full,8,logistic,global,4,0.3,0.0,0.3451183632739676
4,1,full__8__logistic__global__4__0.3__0.3,full__8__logistic__global,full,8,logistic,global,4,0.3,0.3,0.34324378885049606
4,1,full__8__logistic__participant__1__-0.3__-0.3,full__8__logistic__participant,full,8,logistic,participant,1,-0.3,-0.3,0.340498948648249
4,1,full__8__logistic__participant__1__-0.3__0.0,full__8__logistic__participant,full,8,logistic,participant,1,-0.3,0.0,0.33822716643595807
4,1,full__8__logistic__participant__1__-0.3__0.3,full__8__logistic__participant,full,8,logistic,participant,1,-0.3,0.3,0.3256912000504045
4,1,full__8__logistic__participant__1__0.0__-0.3,full__8__logistic__participant,full,8,logistic,participant,1,0.0,-0.3,0.33563985155582543
4,1,full__8__logistic__participant__1__0.0__0.0,full__8__logistic__participant,full,8,logistic,participant,1,0.0,0.0,0.33549207893460276
4,1,full__8__logistic__participant__1__0.0__0.3,full__8__logistic__participant,full,8,logistic,participant,1,0.0,0.3,0.3257918811429964
4,1,full__8__logistic__participant__1__0.3__-0.3,full__8__logistic__participant,full,8,logistic,participant,1,0.3,-0.3,0.32450891052370223
4,1,full__8__logistic__participant__1__0.3__0.0,full__8__logistic__participant,full,8,logistic,participant,1,0.3,0.0,0.32412994107866
4,1,full__8__logistic__participant__1__0.3__0.3,full__8__logistic__participant,full,8,logistic,participant,1,0.3,0.3,0.3242602007288165
4,1,full__8__logistic__participant__4__-0.3__-0.3,full__8__logistic__participant,full,8,logistic,participant,4,-0.3,-0.3,0.3471686506888588
4,1,full__8__logistic__participant__4__-0.3__0.0,full__8__logistic__participant,full,8,logistic,participant,4,-0.3,0.0,0.34411089322697674
4,1,full__8__logistic__participant__4__-0.3__0.3,full__8__logistic__participant,full,8,logistic,participant,4,-0.3,0.3,0.32792941287629745
4,1,full__8__logistic__participant__4__0.0__-0.3,full__8__logistic__participant,full,8,logistic,participant,4,0.0,-0.3,0.3418881903746673
4,1,full__8__logistic__participant__4__0.0__0.0,full__8__logistic__participant,full,8,logistic,participant,4,0.0,0.0,0.33892871255853446
4,1,full__8__logistic__participant__4__0.0__0.3,full__8__logistic__participant,full,8,logistic,participant,4,0.0,0.3,0.32936571841227685
4,1,full__8__logistic__participant__4__0.3__-0.3,full__8__logistic__participant,full,8,logistic,participant,4,0.3,-0.3,0.32755014142597483
4,1,full__8__logistic__participant__4__0.3__0.0,full__8__logistic__participant,full,8,logistic,participant,4,0.3,0.0,0.3281788870565161
4,1,full__8__logistic__participant__4__0.3__0.3,full__8__logistic__participant,full,8,logistic,participant,4,0.3,0.3,0.32891935954200213
4,1,full__8__ordinal__global__1__-0.3__-0.3,full__8__ordinal__global,full,8,ordinal,global,1,-0.3,-0.3,0.34402696003061145
4,1,full__8__ordinal__global__1__-0.3__0.0,full__8__ordinal__global,full,8,ordinal,global,1,-0.3,0.0,0.3444385921816643
4,1,full__8__ordinal__global__1__-0.3__0.3,full__8__ordinal__global,full,8,ordinal,global,1,-0.3,0.3,0.3323704819929912
4,1,full__8__ordinal__global__1__0.0__-0.3,full__8__ordinal__global,full,8,ordinal,global,1,0.0,-0.3,0.34144143580370345
4,1,full__8__ordinal__global__1__0.0__0.0,full__8__ordinal__global,full,8,ordinal,global,1,0.0,0.0,0.3491637272012867
4,1,full__8__ordinal__global__1__0.0__0.3,full__8__ordinal__global,full,8,ordinal,global,1,0.0,0.3,0.33661365907527113
4,1,full__8__ordinal__global__1__0.3__-0.3,full__8__ordinal__global,full,8,ordinal,global,1,0.3,-0.3,0.33311467923345484
4,1,full__8__ordinal__global__1__0.3__0.0,full__8__ordinal__global,full,8,ordinal,global,1,0.3,0.0,0.3336381337901546
4,1,full__8__ordinal__global__1__0.3__0.3,full__8__ordinal__global,full,8,ordinal,global,1,0.3,0.3,0.3354458190787462
4,1,full__8__ordinal__global__4__-0.3__-0.3,full__8__ordinal__global,full,8,ordinal,global,4,-0.3,-0.3,0.33710396921079455
4,1,full__8__ordinal__global__4__-0.3__0.0,full__8__ordinal__global,full,8,ordinal,global,4,-0.3,0.0,0.3414701376479884
4,1,full__8__ordinal__global__4__-0.3__0.3,full__8__ordinal__global,full,8,ordinal,global,4,-0.3,0.3,0.3294437699502348
4,1,full__8__ordinal__global__4__0.0__-0.3,full__8__ordinal__global,full,8,ordinal,global,4,0.0,-0.3,0.3427435262171575
4,1,full__8__ordinal__global__4__0.0__0.0,full__8__ordinal__global,full,8,ordinal,global,4,0.0,0.0,0.3524538252870116
4,1,full__8__ordinal__global__4__0.0__0.3,full__8__ordinal__global,full,8,ordinal,global,4,0.0,0.3,0.33972200167207867
4,1,full__8__ordinal__global__4__0.3__-0.3,full__8__ordinal__global,full,8,ordinal,global,4,0.3,-0.3,0.339930424335219
4,1,full__8__ordinal__global__4__0.3__0.0,full__8__ordinal__global,full,8,ordinal,global,4,0.3,0.0,0.3418096163550975
4,1,full__8__ordinal__global__4__0.3__0.3,full__8__ordinal__global,full,8,ordinal,global,4,0.3,0.3,0.34121986138200233
4,1,full__8__ordinal__participant__1__-0.3__-0.3,full__8__ordinal__participant,full,8,ordinal,participant,1,-0.3,-0.3,0.34015639305153167
4,1,full__8__ordinal__participant__1__-0.3__0.0,full__8__ordinal__participant,full,8,ordinal,participant,1,-0.3,0.0,0.3353726874685924
4,1,full__8__ordinal__participant__1__-0.3__0.3,full__8__ordinal__participant,full,8,ordinal,participant,1,-0.3,0.3,0.3251861316635113
4,1,full__8__ordinal__participant__1__0.0__-0.3,full__8__ordinal__participant,full,8,ordinal,participant,1,0.0,-0.3,0.3319453864164036
4,1,full__8__ordinal__participant__1__0.0__0.0,full__8__ordinal__participant,full,8,ordinal,participant,1,0.0,0.0,0.33121334845502287
4,1,full__8__ordinal__participant__1__0.0__0.3,full__8__ordinal__participant,full,8,ordinal,participant,1,0.0,0.3,0.32839540153598185
4,1,full__8__ordinal__participant__1__0.3__-0.3,full__8__ordinal__participant,full,8,ordinal,participant,1,0.3,-0.3,0.3254510417654952
4,1,full__8__ordinal__participant__1__0.3__0.0,full__8__ordinal__participant,full,8,ordinal,participant,1,0.3,0.0,0.3194763528892034
4,1,full__8__ordinal__participant__1__0.3__0.3,full__8__ordinal__participant,full,8,ordinal,participant,1,0.3,0.3,0.3234993482261883
4,1,full__8__ordinal__participant__4__-0.3__-0.3,full__8__ordinal__participant,full,8,ordinal,participant,4,-0.3,-0.3,0.3443837157008549
4,1,full__8__ordinal__participant__4__-0.3__0.0,full__8__ordinal__participant,full,8,ordinal,participant,4,-0.3,0.0,0.3451978566197236
4,1,full__8__ordinal__participant__4__-0.3__0.3,full__8__ordinal__participant,full,8,ordinal,participant,4,-0.3,0.3,0.3323178650744015
4,1,full__8__ordinal__participant__4__0.0__-0.3,full__8__ordinal__participant,full,8,ordinal,participant,4,0.0,-0.3,0.3426554492906725
4,1,full__8__ordinal__participant__4__0.0__0.0,full__8__ordinal__participant,full,8,ordinal,participant,4,0.0,0.0,0.3379982775621532
4,1,full__8__ordinal__participant__4__0.0__0.3,full__8__ordinal__participant,full,8,ordinal,participant,4,0.0,0.3,0.333876667194769
4,1,full__8__ordinal__participant__4__0.3__-0.3,full__8__ordinal__participant,full,8,ordinal,participant,4,0.3,-0.3,0.32632108330139575
4,1,full__8__ordinal__participant__4__0.3__0.0,full__8__ordinal__participant,full,8,ordinal,participant,4,0.3,0.0,0.3236703474906038
4,1,full__8__ordinal__participant__4__0.3__0.3,full__8__ordinal__participant,full,8,ordinal,participant,4,0.3,0.3,0.3267662166804585
4,1,full__8__catboost__global__1__-0.3__-0.3,full__8__catboost__global,full,8,catboost,global,1,-0.3,-0.3,0.34723728491380634
4,1,full__8__catboost__global__1__-0.3__0.0,full__8__catboost__global,full,8,catboost,global,1,-0.3,0.0,0.32697484935705545
4,1,full__8__catboost__global__1__-0.3__0.3,full__8__catboost__global,full,8,catboost,global,1,-0.3,0.3,0.32196702213854905
4,1,full__8__catboost__global__1__0.0__-0.3,full__8__catboost__global,full,8,catboost,global,1,0.0,-0.3,0.344333962939962
4,1,full__8__catboost__global__1__0.0__0.0,full__8__catboost__global,full,8,catboost,global,1,0.0,0.0,0.3366702697220262
4,1,full__8__catboost__global__1__0.0__0.3,full__8__catboost__global,full,8,catboost,global,1,0.0,0.3,0.3149985654953226
4,1,full__8__catboost__global__1__0.3__-0.3,full__8__catboost__global,full,8,catboost,global,1,0.3,-0.3,0.33422040091930666
4,1,full__8__catboost__global__1__0.3__0.0,full__8__catboost__global,full,8,catboost,global,1,0.3,0.0,0.3286164357359533
4,1,full__8__catboost__global__1__0.3__0.3,full__8__catboost__global,full,8,catboost,global,1,0.3,0.3,0.324855217986012
4,1,full__8__catboost__global__4__-0.3__-0.3,full__8__catboost__global,full,8,catboost,global,4,-0.3,-0.3,0.3476165963818273
4,1,full__8__catboost__global__4__-0.3__0.0,full__8__catboost__global,full,8,catboost,global,4,-0.3,0.0,0.32688078572573925
4,1,full__8__catboost__global__4__-0.3__0.3,full__8__catboost__global,full,8,catboost,global,4,-0.3,0.3,0.3201398866261424
4,1,full__8__catboost__global__4__0.0__-0.3,full__8__catboost__global,full,8,catboost,global,4,0.0,-0.3,0.3474274010236332
4,1,full__8__catboost__global__4__0.0__0.0,full__8__catboost__global,full,8,catboost,global,4,0.0,0.0,0.3294991633986315
4,1,full__8__catboost__global__4__0.0__0.3,full__8__catboost__global,full,8,catboost,global,4,0.0,0.3,0.3094575871218081
4,1,full__8__catboost__global__4__0.3__-0.3,full__8__catboost__global,full,8,catboost,global,4,0.3,-0.3,0.33675839299885907
4,1,full__8__catboost__global__4__0.3__0.0,full__8__catboost__global,full,8,catboost,global,4,0.3,0.0,0.32884675845610084
4,1,full__8__catboost__global__4__0.3__0.3,full__8__catboost__global,full,8,catboost,global,4,0.3,0.3,0.3191653776522191
4,1,full__8__catboost__participant__1__-0.3__-0.3,full__8__catboost__participant,full,8,catboost,participant,1,-0.3,-0.3,0.3481405788221927
4,1,full__8__catboost__participant__1__-0.3__0.0,full__8__catboost__participant,full,8,catboost,participant,1,-0.3,0.0,0.32004758268650124
4,1,full__8__catboost__participant__1__-0.3__0.3,full__8__catboost__participant,full,8,catboost,participant,1,-0.3,0.3,0.32352199662274
4,1,full__8__catboost__participant__1__0.0__-0.3,full__8__catboost__participant,full,8,catboost,participant,1,0.0,-0.3,0.3455913540484009
4,1,full__8__catboost__participant__1__0.0__0.0,full__8__catboost__participant,full,8,catboost,participant,1,0.0,0.0,0.33003000989864145
4,1,full__8__catboost__participant__1__0.0__0.3,full__8__catboost__participant,full,8,catboost,participant,1,0.0,0.3,0.32200962814917816
4,1,full__8__catboost__participant__1__0.3__-0.3,full__8__catboost__participant,full,8,catboost,participant,1,0.3,-0.3,0.3399985045778312
4,1,full__8__catboost__participant__1__0.3__0.0,full__8__catboost__participant,full,8,catboost,participant,1,0.3,0.0,0.3374325328785932
4,1,full__8__catboost__participant__1__0.3__0.3,full__8__catboost__participant,full,8,catboost,participant,1,0.3,0.3,0.3321277725247501
4,1,full__8__catboost__participant__4__-0.3__-0.3,full__8__catboost__participant,full,8,catboost,participant,4,-0.3,-0.3,0.34872523797171345
4,1,full__8__catboost__participant__4__-0.3__0.0,full__8__catboost__participant,full,8,catboost,participant,4,-0.3,0.0,0.31169664632629557
4,1,full__8__catboost__participant__4__-0.3__0.3,full__8__catboost__participant,full,8,catboost,participant,4,-0.3,0.3,0.32159795465907404
4,1,full__8__catboost__participant__4__0.0__-0.3,full__8__catboost__participant,full,8,catboost,participant,4,0.0,-0.3,0.33509114415830693
4,1,full__8__catboost__participant__4__0.0__0.0,full__8__catboost__participant,full,8,catboost,participant,4,0.0,0.0,0.3289355055620086
4,1,full__8__catboost__participant__4__0.0__0.3,full__8__catboost__participant,full,8,catboost,participant,4,0.0,0.3,0.31461785341398324
4,1,full__8__catboost__participant__4__0.3__-0.3,full__8__catboost__participant,full,8,catboost,participant,4,0.3,-0.3,0.34680267295053757
4,1,full__8__catboost__participant__4__0.3__0.0,full__8__catboost__participant,full,8,catboost,participant,4,0.3,0.0,0.3310130425782991
4,1,full__8__catboost__participant__4__0.3__0.3,full__8__catboost__participant,full,8,catboost,participant,4,0.3,0.3,0.3331792282723498
4,2,eye_pupil__1__logistic__global__1__-0.3__-0.3,eye_pupil__1__logistic__global,eye_pupil,1,logistic,global,1,-0.3,-0.3,0.2622557869233234
4,2,eye_pupil__1__logistic__global__1__-0.3__0.0,eye_pupil__1__logistic__global,eye_pupil,1,logistic,global,1,-0.3,0.0,0.30166828309354426
4,2,eye_pupil__1__logistic__global__1__-0.3__0.3,eye_pupil__1__logistic__global,eye_pupil,1,logistic,global,1,-0.3,0.3,0.3596255073719529
4,2,eye_pupil__1__logistic__global__1__0.0__-0.3,eye_pupil__1__logistic__global,eye_pupil,1,logistic,global,1,0.0,-0.3,0.331069953161988
4,2,eye_pupil__1__logistic__global__1__0.0__0.0,eye_pupil__1__logistic__global,eye_pupil,1,logistic,global,1,0.0,0.0,0.3198430557647273
4,2,eye_pupil__1__logistic__global__1__0.0__0.3,eye_pupil__1__logistic__global,eye_pupil,1,logistic,global,1,0.0,0.3,0.36696963967967794
4,2,eye_pupil__1__logistic__global__1__0.3__-0.3,eye_pupil__1__logistic__global,eye_pupil,1,logistic,global,1,0.3,-0.3,0.374411593617607
4,2,eye_pupil__1__logistic__global__1__0.3__0.0,eye_pupil__1__logistic__global,eye_pupil,1,logistic,global,1,0.3,0.0,0.3730987257585593
4,2,eye_pupil__1__logistic__global__1__0.3__0.3,eye_pupil__1__logistic__global,eye_pupil,1,logistic,global,1,0.3,0.3,0.36339321414064857
4,2,eye_pupil__1__logistic__global__4__-0.3__-0.3,eye_pupil__1__logistic__global,eye_pupil,1,logistic,global,4,-0.3,-0.3,0.25383154825443766
4,2,eye_pupil__1__logistic__global__4__-0.3__0.0,eye_pupil__1__logistic__global,eye_pupil,1,logistic,global,4,-0.3,0.0,0.2806818901415994
4,2,eye_pupil__1__logistic__global__4__-0.3__0.3,eye_pupil__1__logistic__global,eye_pupil,1,logistic,global,4,-0.3,0.3,0.3642676421830646
4,2,eye_pupil__1__logistic__global__4__0.0__-0.3,eye_pupil__1__logistic__global,eye_pupil,1,logistic,global,4,0.0,-0.3,0.3307307315088679
4,2,eye_pupil__1__logistic__global__4__0.0__0.0,eye_pupil__1__logistic__global,eye_pupil,1,logistic,global,4,0.0,0.0,0.30716853810419853
4,2,eye_pupil__1__logistic__global__4__0.0__0.3,eye_pupil__1__logistic__global,eye_pupil,1,logistic,global,4,0.0,0.3,0.364778518102007
4,2,eye_pupil__1__logistic__global__4__0.3__-0.3,eye_pupil__1__logistic__global,eye_pupil,1,logistic,global,4,0.3,-0.3,0.37981411850871905
4,2,eye_pupil__1__logistic__global__4__0.3__0.0,eye_pupil__1__logistic__global,eye_pupil,1,logistic,global,4,0.3,0.0,0.37793621636930524
4,2,eye_pupil__1__logistic__global__4__0.3__0.3,eye_pupil__1__logistic__global,eye_pupil,1,logistic,global,4,0.3,0.3,0.3530172570873564
4,2,eye_pupil__1__logistic__participant__1__-0.3__-0.3,eye_pupil__1__logistic__participant,eye_pupil,1,logistic,participant,1,-0.3,-0.3,0.25978392800002603
4,2,eye_pupil__1__logistic__participant__1__-0.3__0.0,eye_pupil__1__logistic__participant,eye_pupil,1,logistic,participant,1,-0.3,0.0,0.3006408543124562
4,2,eye_pupil__1__logistic__participant__1__-0.3__0.3,eye_pupil__1__logistic__participant,eye_pupil,1,logistic,participant,1,-0.3,0.3,0.3649745415908233
4,2,eye_pupil__1__logistic__participant__1__0.0__-0.3,eye_pupil__1__logistic__participant,eye_pupil,1,logistic,participant,1,0.0,-0.3,0.33103283856561666
4,2,eye_pupil__1__logistic__participant__1__0.0__0.0,eye_pupil__1__logistic__participant,eye_pupil,1,logistic,participant,1,0.0,0.0,0.320745178958014
4,2,eye_pupil__1__logistic__participant__1__0.0__0.3,eye_pupil__1__logistic__participant,eye_pupil,1,logistic,participant,1,0.0,0.3,0.3685280890154633
4,2,eye_pupil__1__logistic__participant__1__0.3__-0.3,eye_pupil__1__logistic__participant,eye_pupil,1,logistic,participant,1,0.3,-0.3,0.3743355094299887
4,2,eye_pupil__1__logistic__participant__1__0.3__0.0,eye_pupil__1__logistic__participant,eye_pupil,1,logistic,participant,1,0.3,0.0,0.372471737071161
4,2,eye_pupil__1__logistic__participant__1__0.3__0.3,eye_pupil__1__logistic__participant,eye_pupil,1,logistic,participant,1,0.3,0.3,0.3624531648748691
4,2,eye_pupil__1__logistic__participant__4__-0.3__-0.3,eye_pupil__1__logistic__participant,eye_pupil,1,logistic,participant,4,-0.3,-0.3,0.2516447036456314
4,2,eye_pupil__1__logistic__participant__4__-0.3__0.0,eye_pupil__1__logistic__participant,eye_pupil,1,logistic,participant,4,-0.3,0.0,0.27815125430519755
4,2,eye_pupil__1__logistic__participant__4__-0.3__0.3,eye_pupil__1__logistic__participant,eye_pupil,1,logistic,participant,4,-0.3,0.3,0.3642291839793261
4,2,eye_pupil__1__logistic__participant__4__0.0__-0.3,eye_pupil__1__logistic__participant,eye_pupil,1,logistic,participant,4,0.0,-0.3,0.3295217983616296
4,2,eye_pupil__1__logistic__participant__4__0.0__0.0,eye_pupil__1__logistic__participant,eye_pupil,1,logistic,participant,4,0.0,0.0,0.3063381049731151
4,2,eye_pupil__1__logistic__participant__4__0.0__0.3,eye_pupil__1__logistic__participant,eye_pupil,1,logistic,participant,4,0.0,0.3,0.3651362369341467
4,2,eye_pupil__1__logistic__participant__4__0.3__-0.3,eye_pupil__1__logistic__participant,eye_pupil,1,logistic,participant,4,0.3,-0.3,0.37916549428277446
4,2,eye_pupil__1__logistic__participant__4__0.3__0.0,eye_pupil__1__logistic__participant,eye_pupil,1,logistic,participant,4,0.3,0.0,0.3772083685347253
4,2,eye_pupil__1__logistic__participant__4__0.3__0.3,eye_pupil__1__logistic__participant,eye_pupil,1,logistic,participant,4,0.3,0.3,0.3558996644027722
4,2,eye_pupil__1__ordinal__global__1__-0.3__-0.3,eye_pupil__1__ordinal__global,eye_pupil,1,ordinal,global,1,-0.3,-0.3,0.2602360067701931
4,2,eye_pupil__1__ordinal__global__1__-0.3__0.0,eye_pupil__1__ordinal__global,eye_pupil,1,ordinal,global,1,-0.3,0.0,0.2916136019155865
4,2,eye_pupil__1__ordinal__global__1__-0.3__0.3,eye_pupil__1__ordinal__global,eye_pupil,1,ordinal,global,1,-0.3,0.3,0.3634392720425881
4,2,eye_pupil__1__ordinal__global__1__0.0__-0.3,eye_pupil__1__ordinal__global,eye_pupil,1,ordinal,global,1,0.0,-0.3,0.3287887695795034
4,2,eye_pupil__1__ordinal__global__1__0.0__0.0,eye_pupil__1__ordinal__global,eye_pupil,1,ordinal,global,1,0.0,0.0,0.31450602926509724
4,2,eye_pupil__1__ordinal__global__1__0.0__0.3,eye_pupil__1__ordinal__global,eye_pupil,1,ordinal,global,1,0.0,0.3,0.36882793641459516
4,2,eye_pupil__1__ordinal__global__1__0.3__-0.3,eye_pupil__1__ordinal__global,eye_pupil,1,ordinal,global,1,0.3,-0.3,0.37540940192047334
4,2,eye_pupil__1__ordinal__global__1__0.3__0.0,eye_pupil__1__ordinal__global,eye_pupil,1,ordinal,global,1,0.3,0.0,0.3733896517989216
4,2,eye_pupil__1__ordinal__global__1__0.3__0.3,eye_pupil__1__ordinal__global,eye_pupil,1,ordinal,global,1,0.3,0.3,0.3678937905748104
4,2,eye_pupil__1__ordinal__global__4__-0.3__-0.3,eye_pupil__1__ordinal__global,eye_pupil,1,ordinal,global,4,-0.3,-0.3,0.25222240457189105
4,2,eye_pupil__1__ordinal__global__4__-0.3__0.0,eye_pupil__1__ordinal__global,eye_pupil,1,ordinal,global,4,-0.3,0.0,0.2776491311443389
4,2,eye_pupil__1__ordinal__global__4__-0.3__0.3,eye_pupil__1__ordinal__global,eye_pupil,1,ordinal,global,4,-0.3,0.3,0.3642858606070569
4,2,eye_pupil__1__ordinal__global__4__0.0__-0.3,eye_pupil__1__ordinal__global,eye_pupil,1,ordinal,global,4,0.0,-0.3,0.3298223534416456
4,2,eye_pupil__1__ordinal__global__4__0.0__0.0,eye_pupil__1__ordinal__global,eye_pupil,1,ordinal,global,4,0.0,0.0,0.307168597270724
4,2,eye_pupil__1__ordinal__global__4__0.0__0.3,eye_pupil__1__ordinal__global,eye_pupil,1,ordinal,global,4,0.0,0.3,0.36277736980303543
4,2,eye_pupil__1__ordinal__global__4__0.3__-0.3,eye_pupil__1__ordinal__global,eye_pupil,1,ordinal,global,4,0.3,-0.3,0.38041509437808047
4,2,eye_pupil__1__ordinal__global__4__0.3__0.0,eye_pupil__1__ordinal__global,eye_pupil,1,ordinal,global,4,0.3,0.0,0.37877890102308903
4,2,eye_pupil__1__ordinal__global__4__0.3__0.3,eye_pupil__1__ordinal__global,eye_pupil,1,ordinal,global,4,0.3,0.3,0.35569207624199156
4,2,eye_pupil__1__ordinal__participant__1__-0.3__-0.3,eye_pupil__1__ordinal__participant,eye_pupil,1,ordinal,participant,1,-0.3,-0.3,0.25922328052139226
4,2,eye_pupil__1__ordinal__participant__1__-0.3__0.0,eye_pupil__1__ordinal__participant,eye_pupil,1,ordinal,participant,1,-0.3,0.0,0.2899312024658187
4,2,eye_pupil__1__ordinal__participant__1__-0.3__0.3,eye_pupil__1__ordinal__participant,eye_pupil,1,ordinal,participant,1,-0.3,0.3,0.36328580971828495
4,2,eye_pupil__1__ordinal__participant__1__0.0__-0.3,eye_pupil__1__ordinal__participant,eye_pupil,1,ordinal,participant,1,0.0,-0.3,0.3271560149768772
4,2,eye_pupil__1__ordinal__participant__1__0.0__0.0,eye_pupil__1__ordinal__participant,eye_pupil,1,ordinal,participant,1,0.0,0.0,0.3143399913650049
4,2,eye_pupil__1__ordinal__participant__1__0.0__0.3,eye_pupil__1__ordinal__participant,eye_pupil,1,ordinal,participant,1,0.0,0.3,0.36570942366119286
4,2,eye_pupil__1__ordinal__participant__1__0.3__-0.3,eye_pupil__1__ordinal__participant,eye_pupil,1,ordinal,participant,1,0.3,-0.3,0.37698360530696357
4,2,eye_pupil__1__ordinal__participant__1__0.3__0.0,eye_pupil__1__ordinal__participant,eye_pupil,1,ordinal,participant,1,0.3,0.0,0.37546140530895444
4,2,eye_pupil__1__ordinal__participant__1__0.3__0.3,eye_pupil__1__ordinal__participant,eye_pupil,1,ordinal,participant,1,0.3,0.3,0.3653308879867317
4,2,eye_pupil__1__ordinal__participant__4__-0.3__-0.3,eye_pupil__1__ordinal__participant,eye_pupil,1,ordinal,participant,4,-0.3,-0.3,0.2513755758217012
4,2,eye_pupil__1__ordinal__participant__4__-0.3__0.0,eye_pupil__1__ordinal__participant,eye_pupil,1,ordinal,participant,4,-0.3,0.0,0.2746125435108427
4,2,eye_pupil__1__ordinal__participant__4__-0.3__0.3,eye_pupil__1__ordinal__participant,eye_pupil,1,ordinal,participant,4,-0.3,0.3,0.3621669282110173
4,2,eye_pupil__1__ordinal__participant__4__0.0__-0.3,eye_pupil__1__ordinal__participant,eye_pupil,1,ordinal,participant,4,0.0,-0.3,0.32925834234848694
4,2,eye_pupil__1__ordinal__participant__4__0.0__0.0,eye_pupil__1__ordinal__participant,eye_pupil,1,ordinal,participant,4,0.0,0.0,0.3055351871066876
4,2,eye_pupil__1__ordinal__participant__4__0.0__0.3,eye_pupil__1__ordinal__participant,eye_pupil,1,ordinal,participant,4,0.0,0.3,0.3612517677751393
4,2,eye_pupil__1__ordinal__participant__4__0.3__-0.3,eye_pupil__1__ordinal__participant,eye_pupil,1,ordinal,participant,4,0.3,-0.3,0.38112082961612526
4,2,eye_pupil__1__ordinal__participant__4__0.3__0.0,eye_pupil__1__ordinal__participant,eye_pupil,1,ordinal,participant,4,0.3,0.0,0.37959079705156834
4,2,eye_pupil__1__ordinal__participant__4__0.3__0.3,eye_pupil__1__ordinal__participant,eye_pupil,1,ordinal,participant,4,0.3,0.3,0.35570939934090895
4,2,eye_pupil__1__catboost__global__1__-0.3__-0.3,eye_pupil__1__catboost__global,eye_pupil,1,catboost,global,1,-0.3,-0.3,0.25518752793122323
4,2,eye_pupil__1__catboost__global__1__-0.3__0.0,eye_pupil__1__catboost__global,eye_pupil,1,catboost,global,1,-0.3,0.0,0.30816249922978256
4,2,eye_pupil__1__catboost__global__1__-0.3__0.3,eye_pupil__1__catboost__global,eye_pupil,1,catboost,global,1,-0.3,0.3,0.3663532707537039
4,2,eye_pupil__1__catboost__global__1__0.0__-0.3,eye_pupil__1__catboost__global,eye_pupil,1,catboost,global,1,0.0,-0.3,0.3374406761317054
4,2,eye_pupil__1__catboost__global__1__0.0__0.0,eye_pupil__1__catboost__global,eye_pupil,1,catboost,global,1,0.0,0.0,0.3310933680763586
4,2,eye_pupil__1__catboost__global__1__0.0__0.3,eye_pupil__1__catboost__global,eye_pupil,1,catboost,global,1,0.0,0.3,0.3634820783020655
4,2,eye_pupil__1__catboost__global__1__0.3__-0.3,eye_pupil__1__catboost__global,eye_pupil,1,catboost,global,1,0.3,-0.3,0.3781374989944213
4,2,eye_pupil__1__catboost__global__1__0.3__0.0,eye_pupil__1__catboost__global,eye_pupil,1,catboost,global,1,0.3,0.0,0.375157695483366
4,2,eye_pupil__1__catboost__global__1__0.3__0.3,eye_pupil__1__catboost__global,eye_pupil,1,catboost,global,1,0.3,0.3,0.3695601426598686
4,2,eye_pupil__1__catboost__global__4__-0.3__-0.3,eye_pupil__1__catboost__global,eye_pupil,1,catboost,global,4,-0.3,-0.3,0.2490358816921363
4,2,eye_pupil__1__catboost__global__4__-0.3__0.0,eye_pupil__1__catboost__global,eye_pupil,1,catboost,global,4,-0.3,0.0,0.30354805442517807
4,2,eye_pupil__1__catboost__global__4__-0.3__0.3,eye_pupil__1__catboost__global,eye_pupil,1,catboost,global,4,-0.3,0.3,0.3644462578729746
4,2,eye_pupil__1__catboost__global__4__0.0__-0.3,eye_pupil__1__catboost__global,eye_pupil,1,catboost,global,4,0.0,-0.3,0.3404984737948394
4,2,eye_pupil__1__catboost__global__4__0.0__0.0,eye_pupil__1__catboost__global,eye_pupil,1,catboost,global,4,0.0,0.0,0.3308463219908177
4,2,eye_pupil__1__catboost__global__4__0.0__0.3,eye_pupil__1__catboost__global,eye_pupil,1,catboost,global,4,0.0,0.3,0.3654286054628231
4,2,eye_pupil__1__catboost__global__4__0.3__-0.3,eye_pupil__1__catboost__global,eye_pupil,1,catboost,global,4,0.3,-0.3,0.3758563665913752
4,2,eye_pupil__1__catboost__global__4__0.3__0.0,eye_pupil__1__catboost__global,eye_pupil,1,catboost,global,4,0.3,0.0,0.3737018651964808
4,2,eye_pupil__1__catboost__global__4__0.3__0.3,eye_pupil__1__catboost__global,eye_pupil,1,catboost,global,4,0.3,0.3,0.3610945368277703
4,2,eye_pupil__1__catboost__participant__1__-0.3__-0.3,eye_pupil__1__catboost__participant,eye_pupil,1,catboost,participant,1,-0.3,-0.3,0.2518081811639869
4,2,eye_pupil__1__catboost__participant__1__-0.3__0.0,eye_pupil__1__catboost__participant,eye_pupil,1,catboost,participant,1,-0.3,0.0,0.31494468465919045
4,2,eye_pupil__1__catboost__participant__1__-0.3__0.3,eye_pupil__1__catboost__participant,eye_pupil,1,catboost,participant,1,-0.3,0.3,0.3677795030110017
4,2,eye_pupil__1__catboost__participant__1__0.0__-0.3,eye_pupil__1__catboost__participant,eye_pupil,1,catboost,participant,1,0.0,-0.3,0.3348156508582075
4,2,eye_pupil__1__catboost__participant__1__0.0__0.0,eye_pupil__1__catboost__participant,eye_pupil,1,catboost,participant,1,0.0,0.0,0.3319355804344722
4,2,eye_pupil__1__catboost__participant__1__0.0__0.3,eye_pupil__1__catboost__participant,eye_pupil,1,catboost,participant,1,0.0,0.3,0.36405978679202144
4,2,eye_pupil__1__catboost__participant__1__0.3__-0.3,eye_pupil__1__catboost__participant,eye_pupil,1,catboost,participant,1,0.3,-0.3,0.3771700565420635
4,2,eye_pupil__1__catboost__participant__1__0.3__0.0,eye_pupil__1__catboost__participant,eye_pupil,1,catboost,participant,1,0.3,0.0,0.3757377970432539
4,2,eye_pupil__1__catboost__participant__1__0.3__0.3,eye_pupil__1__catboost__participant,eye_pupil,1,catboost,participant,1,0.3,0.3,0.3661925765766489
4,2,eye_pupil__1__catboost__participant__4__-0.3__-0.3,eye_pupil__1__catboost__participant,eye_pupil,1,catboost,participant,4,-0.3,-0.3,0.2492709258609924
4,2,eye_pupil__1__catboost__participant__4__-0.3__0.0,eye_pupil__1__catboost__participant,eye_pupil,1,catboost,participant,4,-0.3,0.0,0.3039415974909311
4,2,eye_pupil__1__catboost__participant__4__-0.3__0.3,eye_pupil__1__catboost__participant,eye_pupil,1,catboost,participant,4,-0.3,0.3,0.3652633344550852
4,2,eye_pupil__1__catboost__participant__4__0.0__-0.3,eye_pupil__1__catboost__participant,eye_pupil,1,catboost,participant,4,0.0,-0.3,0.3386765115094986
4,2,eye_pupil__1__catboost__participant__4__0.0__0.0,eye_pupil__1__catboost__participant,eye_pupil,1,catboost,participant,4,0.0,0.0,0.3248621272628615
4,2,eye_pupil__1__catboost__participant__4__0.0__0.3,eye_pupil__1__catboost__participant,eye_pupil,1,catboost,participant,4,0.0,0.3,0.3637850026137386
4,2,eye_pupil__1__catboost__participant__4__0.3__-0.3,eye_pupil__1__catboost__participant,eye_pupil,1,catboost,participant,4,0.3,-0.3,0.37518070630924777
4,2,eye_pupil__1__catboost__participant__4__0.3__0.0,eye_pupil__1__catboost__participant,eye_pupil,1,catboost,participant,4,0.3,0.0,0.373371511330165
4,2,eye_pupil__1__catboost__participant__4__0.3__0.3,eye_pupil__1__catboost__participant,eye_pupil,1,catboost,participant,4,0.3,0.3,0.35564832763557164
4,2,eye_pupil__8__logistic__global__1__-0.3__-0.3,eye_pupil__8__logistic__global,eye_pupil,8,logistic,global,1,-0.3,-0.3,0.290682965128676
4,2,eye_pupil__8__logistic__global__1__-0.3__0.0,eye_pupil__8__logistic__global,eye_pupil,8,logistic,global,1,-0.3,0.0,0.29813780272141616
4,2,eye_pupil__8__logistic__global__1__-0.3__0.3,eye_pupil__8__logistic__global,eye_pupil,8,logistic,global,1,-0.3,0.3,0.3329932985083503
4,2,eye_pupil__8__logistic__global__1__0.0__-0.3,eye_pupil__8__logistic__global,eye_pupil,8,logistic,global,1,0.0,-0.3,0.3261020565173786
4,2,eye_pupil__8__logistic__global__1__0.0__0.0,eye_pupil__8__logistic__global,eye_pupil,8,logistic,global,1,0.0,0.0,0.31713969191182695
4,2,eye_pupil__8__logistic__global__1__0.0__0.3,eye_pupil__8__logistic__global,eye_pupil,8,logistic,global,1,0.0,0.3,0.3225955338471022
4,2,eye_pupil__8__logistic__global__1__0.3__-0.3,eye_pupil__8__logistic__global,eye_pupil,8,logistic,global,1,0.3,-0.3,0.35367392035407724
4,2,eye_pupil__8__logistic__global__1__0.3__0.0,eye_pupil__8__logistic__global,eye_pupil,8,logistic,global,1,0.3,0.0,0.3405483413237709
4,2,eye_pupil__8__logistic__global__1__0.3__0.3,eye_pupil__8__logistic__global,eye_pupil,8,logistic,global,1,0.3,0.3,0.3325948803610401
4,2,eye_pupil__8__logistic__global__4__-0.3__-0.3,eye_pupil__8__logistic__global,eye_pupil,8,logistic,global,4,-0.3,-0.3,0.2819179300623313
4,2,eye_pupil__8__logistic__global__4__-0.3__0.0,eye_pupil__8__logistic__global,eye_pupil,8,logistic,global,4,-0.3,0.0,0.27928643381118573
4,2,eye_pupil__8__logistic__global__4__-0.3__0.3,eye_pupil__8__logistic__global,eye_pupil,8,logistic,global,4,-0.3,0.3,0.338141000927039
4,2,eye_pupil__8__logistic__global__4__0.0__-0.3,eye_pupil__8__logistic__global,eye_pupil,8,logistic,global,4,0.0,-0.3,0.3237698333887213
4,2,eye_pupil__8__logistic__global__4__0.0__0.0,eye_pupil__8__logistic__global,eye_pupil,8,logistic,global,4,0.0,0.0,0.3072377074244928
4,2,eye_pupil__8__logistic__global__4__0.0__0.3,eye_pupil__8__logistic__global,eye_pupil,8,logistic,global,4,0.0,0.3,0.3217716435948981
4,2,eye_pupil__8__logistic__global__4__0.3__-0.3,eye_pupil__8__logistic__global,eye_pupil,8,logistic,global,4,0.3,-0.3,0.3595934184076419
4,2,eye_pupil__8__logistic__global__4__0.3__0.0,eye_pupil__8__logistic__global,eye_pupil,8,logistic,global,4,0.3,0.0,0.3279218551032492
4,2,eye_pupil__8__logistic__global__4__0.3__0.3,eye_pupil__8__logistic__global,eye_pupil,8,logistic,global,4,0.3,0.3,0.32336088151931414
4,2,eye_pupil__8__logistic__participant__1__-0.3__-0.3,eye_pupil__8__logistic__participant,eye_pupil,8,logistic,participant,1,-0.3,-0.3,0.2868664873083073
4,2,eye_pupil__8__logistic__participant__1__-0.3__0.0,eye_pupil__8__logistic__participant,eye_pupil,8,logistic,participant,1,-0.3,0.0,0.2956608552704409
4,2,eye_pupil__8__logistic__participant__1__-0.3__0.3,eye_pupil__8__logistic__participant,eye_pupil,8,logistic,participant,1,-0.3,0.3,0.3308473332984122
4,2,eye_pupil__8__logistic__participant__1__0.0__-0.3,eye_pupil__8__logistic__participant,eye_pupil,8,logistic,participant,1,0.0,-0.3,0.3202665459394474
4,2,eye_pupil__8__logistic__participant__1__0.0__0.0,eye_pupil__8__logistic__participant,eye_pupil,8,logistic,participant,1,0.0,0.0,0.30967988064149304
4,2,eye_pupil__8__logistic__participant__1__0.0__0.3,eye_pupil__8__logistic__participant,eye_pupil,8,logistic,participant,1,0.0,0.3,0.32170733673060126
4,2,eye_pupil__8__logistic__participant__1__0.3__-0.3,eye_pupil__8__logistic__participant,eye_pupil,8,logistic,participant,1,0.3,-0.3,0.3546029700836976
4,2,eye_pupil__8__logistic__participant__1__0.3__0.0,eye_pupil__8__logistic__participant,eye_pupil,8,logistic,participant,1,0.3,0.0,0.33492939895926477
4,2,eye_pupil__8__logistic__participant__1__0.3__0.3,eye_pupil__8__logistic__participant,eye_pupil,8,logistic,participant,1,0.3,0.3,0.3303495702898768
4,2,eye_pupil__8__logistic__participant__4__-0.3__-0.3,eye_pupil__8__logistic__participant,eye_pupil,8,logistic,participant,4,-0.3,-0.3,0.27809569249661115
4,2,eye_pupil__8__logistic__participant__4__-0.3__0.0,eye_pupil__8__logistic__participant,eye_pupil,8,logistic,participant,4,-0.3,0.0,0.27815594950297906
4,2,eye_pupil__8__logistic__participant__4__-0.3__0.3,eye_pupil__8__logistic__participant,eye_pupil,8,logistic,participant,4,-0.3,0.3,0.3296673222975448
4,2,eye_pupil__8__logistic__participant__4__0.0__-0.3,eye_pupil__8__logistic__participant,eye_pupil,8,logistic,participant,4,0.0,-0.3,0.31815761722108893
4,2,eye_pupil__8__logistic__participant__4__0.0__0.0,eye_pupil__8__logistic__participant,eye_pupil,8,logistic,participant,4,0.0,0.0,0.29741706932663614
4,2,eye_pupil__8__logistic__participant__4__0.0__0.3,eye_pupil__8__logistic__participant,eye_pupil,8,logistic,participant,4,0.0,0.3,0.3140930890607166
4,2,eye_pupil__8__logistic__participant__4__0.3__-0.3,eye_pupil__8__logistic__participant,eye_pupil,8,logistic,participant,4,0.3,-0.3,0.3582106702110908
4,2,eye_pupil__8__logistic__participant__4__0.3__0.0,eye_pupil__8__logistic__participant,eye_pupil,8,logistic,participant,4,0.3,0.0,0.32264706160958234
4,2,eye_pupil__8__logistic__participant__4__0.3__0.3,eye_pupil__8__logistic__participant,eye_pupil,8,logistic,participant,4,0.3,0.3,0.3144671200196162
4,2,eye_pupil__8__ordinal__global__1__-0.3__-0.3,eye_pupil__8__ordinal__global,eye_pupil,8,ordinal,global,1,-0.3,-0.3,0.2879707646532336
4,2,eye_pupil__8__ordinal__global__1__-0.3__0.0,eye_pupil__8__ordinal__global,eye_pupil,8,ordinal,global,1,-0.3,0.0,0.2926496167530922
4,2,eye_pupil__8__ordinal__global__1__-0.3__0.3,eye_pupil__8__ordinal__global,eye_pupil,8,ordinal,global,1,-0.3,0.3,0.3315362556987583
4,2,eye_pupil__8__ordinal__global__1__0.0__-0.3,eye_pupil__8__ordinal__global,eye_pupil,8,ordinal,global,1,0.0,-0.3,0.32527757952707914
4,2,eye_pupil__8__ordinal__global__1__0.0__0.0,eye_pupil__8__ordinal__global,eye_pupil,8,ordinal,global,1,0.0,0.0,0.31471211913578007
4,2,eye_pupil__8__ordinal__global__1__0.0__0.3,eye_pupil__8__ordinal__global,eye_pupil,8,ordinal,global,1,0.0,0.3,0.324364830300736
4,2,eye_pupil__8__ordinal__global__1__0.3__-0.3,eye_pupil__8__ordinal__global,eye_pupil,8,ordinal,global,1,0.3,-0.3,0.35808948539006935
4,2,eye_pupil__8__ordinal__global__1__0.3__0.0,eye_pupil__8__ordinal__global,eye_pupil,8,ordinal,global,1,0.3,0.0,0.3427250502838637
4,2,eye_pupil__8__ordinal__global__1__0.3__0.3,eye_pupil__8__ordinal__global,eye_pupil,8,ordinal,global,1,0.3,0.3,0.3326749365505519
4,2,eye_pupil__8__ordinal__global__4__-0.3__-0.3,eye_pupil__8__ordinal__global,eye_pupil,8,ordinal,global,4,-0.3,-0.3,0.281192650528404
4,2,eye_pupil__8__ordinal__global__4__-0.3__0.0,eye_pupil__8__ordinal__global,eye_pupil,8,ordinal,global,4,-0.3,0.0,0.27580579174018544
4,2,eye_pupil__8__ordinal__global__4__-0.3__0.3,eye_pupil__8__ordinal__global,eye_pupil,8,ordinal,global,4,-0.3,0.3,0.3311737251751618
4,2,eye_pupil__8__ordinal__global__4__0.0__-0.3,eye_pupil__8__ordinal__global,eye_pupil,8,ordinal,global,4,0.0,-0.3,0.32191904195299154
4,2,eye_pupil__8__ordinal__global__4__0.0__0.0,eye_pupil__8__ordinal__global,eye_pupil,8,ordinal,global,4,0.0,0.0,0.30378761348937244
4,2,eye_pupil__8__ordinal__global__4__0.0__0.3,eye_pupil__8__ordinal__global,eye_pupil,8,ordinal,global,4,0.0,0.3,0.31827985659263663
4,2,eye_pupil__8__ordinal__global__4__0.3__-0.3,eye_pupil__8__ordinal__global,eye_pupil,8,ordinal,global,4,0.3,-0.3,0.3614548834513146
4,2,eye_pupil__8__ordinal__global__4__0.3__0.0,eye_pupil__8__ordinal__global,eye_pupil,8,ordinal,global,4,0.3,0.0,0.3266057218346844
4,2,eye_pupil__8__ordinal__global__4__0.3__0.3,eye_pupil__8__ordinal__global,eye_pupil,8,ordinal,global,4,0.3,0.3,0.3186350382822156
4,2,eye_pupil__8__ordinal__participant__1__-0.3__-0.3,eye_pupil__8__ordinal__participant,eye_pupil,8,ordinal,participant,1,-0.3,-0.3,0.28440845548139276
4,2,eye_pupil__8__ordinal__participant__1__-0.3__0.0,eye_pupil__8__ordinal__participant,eye_pupil,8,ordinal,participant,1,-0.3,0.0,0.29217164685305697
4,2,eye_pupil__8__ordinal__participant__1__-0.3__0.3,eye_pupil__8__ordinal__participant,eye_pupil,8,ordinal,participant,1,-0.3,0.3,0.3293234696178856
4,2,eye_pupil__8__ordinal__participant__1__0.0__-0.3,eye_pupil__8__ordinal__participant,eye_pupil,8,ordinal,participant,1,0.0,-0.3,0.31980996846505877
4,2,eye_pupil__8__ordinal__participant__1__0.0__0.0,eye_pupil__8__ordinal__participant,eye_pupil,8,ordinal,participant,1,0.0,0.0,0.31190904587391766
4,2,eye_pupil__8__ordinal__participant__1__0.0__0.3,eye_pupil__8__ordinal__participant,eye_pupil,8,ordinal,participant,1,0.0,0.3,0.321162947165397
4,2,eye_pupil__8__ordinal__participant__1__0.3__-0.3,eye_pupil__8__ordinal__participant,eye_pupil,8,ordinal,participant,1,0.3,-0.3,0.3550739955837465
4,2,eye_pupil__8__ordinal__participant__1__0.3__0.0,eye_pupil__8__ordinal__participant,eye_pupil,8,ordinal,participant,1,0.3,0.0,0.33677686642489507
4,2,eye_pupil__8__ordinal__participant__1__0.3__0.3,eye_pupil__8__ordinal__participant,eye_pupil,8,ordinal,participant,1,0.3,0.3,0.3278100690994442
4,2,eye_pupil__8__ordinal__participant__4__-0.3__-0.3,eye_pupil__8__ordinal__participant,eye_pupil,8,ordinal,participant,4,-0.3,-0.3,0.2795265938014543
4,2,eye_pupil__8__ordinal__participant__4__-0.3__0.0,eye_pupil__8__ordinal__participant,eye_pupil,8,ordinal,participant,4,-0.3,0.0,0.2771486681291455
4,2,eye_pupil__8__ordinal__participant__4__-0.3__0.3,eye_pupil__8__ordinal__participant,eye_pupil,8,ordinal,participant,4,-0.3,0.3,0.33104592425727974
4,2,eye_pupil__8__ordinal__participant__4__0.0__-0.3,eye_pupil__8__ordinal__participant,eye_pupil,8,ordinal,participant,4,0.0,-0.3,0.3209172926478001
4,2,eye_pupil__8__ordinal__participant__4__0.0__0.0,eye_pupil__8__ordinal__participant,eye_pupil,8,ordinal,participant,4,0.0,0.0,0.29734011161434
4,2,eye_pupil__8__ordinal__participant__4__0.0__0.3,eye_pupil__8__ordinal__participant,eye_pupil,8,ordinal,participant,4,0.0,0.3,0.3174356231906033
4,2,eye_pupil__8__ordinal__participant__4__0.3__-0.3,eye_pupil__8__ordinal__participant,eye_pupil,8,ordinal,participant,4,0.3,-0.3,0.35972302607002793
4,2,eye_pupil__8__ordinal__participant__4__0.3__0.0,eye_pupil__8__ordinal__participant,eye_pupil,8,ordinal,participant,4,0.3,0.0,0.32462736958476457
4,2,eye_pupil__8__ordinal__participant__4__0.3__0.3,eye_pupil__8__ordinal__participant,eye_pupil,8,ordinal,participant,4,0.3,0.3,0.31257803868099965
4,2,eye_pupil__8__catboost__global__1__-0.3__-0.3,eye_pupil__8__catboost__global,eye_pupil,8,catboost,global,1,-0.3,-0.3,0.28190283124355997
4,2,eye_pupil__8__catboost__global__1__-0.3__0.0,eye_pupil__8__catboost__global,eye_pupil,8,catboost,global,1,-0.3,0.0,0.30102554121366243
4,2,eye_pupil__8__catboost__global__1__-0.3__0.3,eye_pupil__8__catboost__global,eye_pupil,8,catboost,global,1,-0.3,0.3,0.34802158970744157
4,2,eye_pupil__8__catboost__global__1__0.0__-0.3,eye_pupil__8__catboost__global,eye_pupil,8,catboost,global,1,0.0,-0.3,0.32915508678799105
4,2,eye_pupil__8__catboost__global__1__0.0__0.0,eye_pupil__8__catboost__global,eye_pupil,8,catboost,global,1,0.0,0.0,0.3165498245491689
4,2,eye_pupil__8__catboost__global__1__0.0__0.3,eye_pupil__8__catboost__global,eye_pupil,8,catboost,global,1,0.0,0.3,0.3430537078966001
4,2,eye_pupil__8__catboost__global__1__0.3__-0.3,eye_pupil__8__catboost__global,eye_pupil,8,catboost,global,1,0.3,-0.3,0.3691547124772431
4,2,eye_pupil__8__catboost__global__1__0.3__0.0,eye_pupil__8__catboost__global,eye_pupil,8,catboost,global,1,0.3,0.0,0.3589720834275485
4,2,eye_pupil__8__catboost__global__1__0.3__0.3,eye_pupil__8__catboost__global,eye_pupil,8,catboost,global,1,0.3,0.3,0.3399596902918622
4,2,eye_pupil__8__catboost__global__4__-0.3__-0.3,eye_pupil__8__catboost__global,eye_pupil,8,catboost,global,4,-0.3,-0.3,0.2799662238898795
4,2,eye_pupil__8__catboost__global__4__-0.3__0.0,eye_pupil__8__catboost__global,eye_pupil,8,catboost,global,4,-0.3,0.0,0.2923854730863574
4,2,eye_pupil__8__catboost__global__4__-0.3__0.3,eye_pupil__8__catboost__global,eye_pupil,8,catboost,global,4,-0.3,0.3,0.34993421187975593
4,2,eye_pupil__8__catboost__global__4__0.0__-0.3,eye_pupil__8__catboost__global,eye_pupil,8,catboost,global,4,0.0,-0.3,0.33147169447921576
4,2,eye_pupil__8__catboost__global__4__0.0__0.0,eye_pupil__8__catboost__global,eye_pupil,8,catboost,global,4,0.0,0.0,0.3124171365544018
4,2,eye_pupil__8__catboost__global__4__0.0__0.3,eye_pupil__8__catboost__global,eye_pupil,8,catboost,global,4,0.0,0.3,0.34638482113342284
4,2,eye_pupil__8__catboost__global__4__0.3__-0.3,eye_pupil__8__catboost__global,eye_pupil,8,catboost,global,4,0.3,-0.3,0.36931229766580964
4,2,eye_pupil__8__catboost__global__4__0.3__0.0,eye_pupil__8__catboost__global,eye_pupil,8,catboost,global,4,0.3,0.0,0.3565251223682461
4,2,eye_pupil__8__catboost__global__4__0.3__0.3,eye_pupil__8__catboost__global,eye_pupil,8,catboost,global,4,0.3,0.3,0.329481256658329
4,2,eye_pupil__8__catboost__participant__1__-0.3__-0.3,eye_pupil__8__catboost__participant,eye_pupil,8,catboost,participant,1,-0.3,-0.3,0.28345659870312273
4,2,eye_pupil__8__catboost__participant__1__-0.3__0.0,eye_pupil__8__catboost__participant,eye_pupil,8,catboost,participant,1,-0.3,0.0,0.30595335930066103
4,2,eye_pupil__8__catboost__participant__1__-0.3__0.3,eye_pupil__8__catboost__participant,eye_pupil,8,catboost,participant,1,-0.3,0.3,0.35139149948968845
4,2,eye_pupil__8__catboost__participant__1__0.0__-0.3,eye_pupil__8__catboost__participant,eye_pupil,8,catboost,participant,1,0.0,-0.3,0.32523869167611885
4,2,eye_pupil__8__catboost__participant__1__0.0__0.0,eye_pupil__8__catboost__participant,eye_pupil,8,catboost,participant,1,0.0,0.0,0.32034996290997725
4,2,eye_pupil__8__catboost__participant__1__0.0__0.3,eye_pupil__8__catboost__participant,eye_pupil,8,catboost,participant,1,0.0,0.3,0.343207364451568
4,2,eye_pupil__8__catboost__participant__1__0.3__-0.3,eye_pupil__8__catboost__participant,eye_pupil,8,catboost,participant,1,0.3,-0.3,0.3691861191440991
4,2,eye_pupil__8__catboost__participant__1__0.3__0.0,eye_pupil__8__catboost__participant,eye_pupil,8,catboost,participant,1,0.3,0.0,0.3559890569827635
4,2,eye_pupil__8__catboost__participant__1__0.3__0.3,eye_pupil__8__catboost__participant,eye_pupil,8,catboost,participant,1,0.3,0.3,0.3394809204778922
4,2,eye_pupil__8__catboost__participant__4__-0.3__-0.3,eye_pupil__8__catboost__participant,eye_pupil,8,catboost,participant,4,-0.3,-0.3,0.2789467820993688
4,2,eye_pupil__8__catboost__participant__4__-0.3__0.0,eye_pupil__8__catboost__participant,eye_pupil,8,catboost,participant,4,-0.3,0.0,0.28906238335901513
4,2,eye_pupil__8__catboost__participant__4__-0.3__0.3,eye_pupil__8__catboost__participant,eye_pupil,8,catboost,participant,4,-0.3,0.3,0.35050019418624034
4,2,eye_pupil__8__catboost__participant__4__0.0__-0.3,eye_pupil__8__catboost__participant,eye_pupil,8,catboost,participant,4,0.0,-0.3,0.32652762793403817
4,2,eye_pupil__8__catboost__participant__4__0.0__0.0,eye_pupil__8__catboost__participant,eye_pupil,8,catboost,participant,4,0.0,0.0,0.3174407816436742
4,2,eye_pupil__8__catboost__participant__4__0.0__0.3,eye_pupil__8__catboost__participant,eye_pupil,8,catboost,participant,4,0.0,0.3,0.3413570324630921
4,2,eye_pupil__8__catboost__participant__4__0.3__-0.3,eye_pupil__8__catboost__participant,eye_pupil,8,catboost,participant,4,0.3,-0.3,0.36694872083790253
4,2,eye_pupil__8__catboost__participant__4__0.3__0.0,eye_pupil__8__catboost__participant,eye_pupil,8,catboost,participant,4,0.3,0.0,0.3519488035816798
4,2,eye_pupil__8__catboost__participant__4__0.3__0.3,eye_pupil__8__catboost__participant,eye_pupil,8,catboost,participant,4,0.3,0.3,0.3280438266664508
4,2,full__1__logistic__global__1__-0.3__-0.3,full__1__logistic__global,full,1,logistic,global,1,-0.3,-0.3,0.27610594018481943
4,2,full__1__logistic__global__1__-0.3__0.0,full__1__logistic__global,full,1,logistic,global,1,-0.3,0.0,0.30622982720203595
4,2,full__1__logistic__global__1__-0.3__0.3,full__1__logistic__global,full,1,logistic,global,1,-0.3,0.3,0.35311833676351306
4,2,full__1__logistic__global__1__0.0__-0.3,full__1__logistic__global,full,1,logistic,global,1,0.0,-0.3,0.3325117885087753
4,2,full__1__logistic__global__1__0.0__0.0,full__1__logistic__global,full,1,logistic,global,1,0.0,0.0,0.3339485551683084
4,2,full__1__logistic__global__1__0.0__0.3,full__1__logistic__global,full,1,logistic,global,1,0.0,0.3,0.3641693871498423
4,2,full__1__logistic__global__1__0.3__-0.3,full__1__logistic__global,full,1,logistic,global,1,0.3,-0.3,0.37250007314525074
4,2,full__1__logistic__global__1__0.3__0.0,full__1__logistic__global,full,1,logistic,global,1,0.3,0.0,0.3833686249414969
4,2,full__1__logistic__global__1__0.3__0.3,full__1__logistic__global,full,1,logistic,global,1,0.3,0.3,0.3676358533716867
4,2,full__1__logistic__global__4__-0.3__-0.3,full__1__logistic__global,full,1,logistic,global,4,-0.3,-0.3,0.2539554615994583
4,2,full__1__logistic__global__4__-0.3__0.0,full__1__logistic__global,full,1,logistic,global,4,-0.3,0.0,0.2942525310237826
4,2,full__1__logistic__global__4__-0.3__0.3,full__1__logistic__global,full,1,logistic,global,4,-0.3,0.3,0.36201340620691846
4,2,full__1__logistic__global__4__0.0__-0.3,full__1__logistic__global,full,1,logistic,global,4,0.0,-0.3,0.3303399787792288
4,2,full__1__logistic__global__4__0.0__0.0,full__1__logistic__global,full,1,logistic,global,4,0.0,0.0,0.327485415404291
4,2,full__1__logistic__global__4__0.0__0.3,full__1__logistic__global,full,1,logistic,global,4,0.0,0.3,0.36950465475805666
4,2,full__1__logistic__global__4__0.3__-0.3,full__1__logistic__global,full,1,logistic,global,4,0.3,-0.3,0.38294005792905805
4,2,full__1__logistic__global__4__0.3__0.0,full__1__logistic__global,full,1,logistic,global,4,0.3,0.0,0.38535143641504926
4,2,full__1__logistic__global__4__0.3__0.3,full__1__logistic__global,full,1,logistic,global,4,0.3,0.3,0.36816216018191256
4,2,full__1__logistic__participant__1__-0.3__-0.3,full__1__logistic__participant,full,1,logistic,participant,1,-0.3,-0.3,0.2724648779713567
4,2,full__1__logistic__participant__1__-0.3__0.0,full__1__logistic__participant,full,1,logistic,participant,1,-0.3,0.0,0.3062674663488928
4,2,full__1__logistic__participant__1__-0.3__0.3,full__1__logistic__participant,full,1,logistic,participant,1,-0.3,0.3,0.35202900687854216
4,2,full__1__logistic__participant__1__0.0__-0.3,full__1__logistic__participant,full,1,logistic,participant,1,0.0,-0.3,0.3293370676702278
4,2,full__1__logistic__participant__1__0.0__0.0,full__1__logistic__participant,full,1,logistic,participant,1,0.0,0.0,0.3337172328705207
4,2,full__1__logistic__participant__1__0.0__0.3,full__1__logistic__participant,full,1,logistic,participant,1,0.0,0.3,0.36280256372050257
4,2,full__1__logistic__participant__1__0.3__-0.3,full__1__logistic__participant,full,1,logistic,participant,1,0.3,-0.3,0.3711991147790485
4,2,full__1__logistic__participant__1__0.3__0.0,full__1__logistic__participant,full,1,logistic,participant,1,0.3,0.0,0.38362734645130103
4,2,full__1__logistic__participant__1__0.3__0.3,full__1__logistic__participant,full,1,logistic,participant,1,0.3,0.3,0.3653822987437559
4,2,full__1__logistic__participant__4__-0.3__-0.3,full__1__logistic__participant,full,1,logistic,participant,4,-0.3,-0.3,0.2550319741713952
4,2,full__1__logistic__participant__4__-0.3__0.0,full__1__logistic__participant,full,1,logistic,participant,4,-0.3,0.0,0.29353567547685494
4,2,full__1__logistic__participant__4__-0.3__0.3,full__1__logistic__participant,full,1,logistic,participant,4,-0.3,0.3,0.36397745154725464
4,2,full__1__logistic__participant__4__0.0__-0.3,full__1__logistic__participant,full,1,logistic,participant,4,0.0,-0.3,0.3283785788851128
4,2,full__1__logistic__participant__4__0.0__0.0,full__1__logistic__participant,full,1,logistic,participant,4,0.0,0.0,0.324453050864781
4,2,full__1__logistic__participant__4__0.0__0.3,full__1__logistic__participant,full,1,logistic,participant,4,0.0,0.3,0.37045617791935265
4,2,full__1__logistic__participant__4__0.3__-0.3,full__1__logistic__participant,full,1,logistic,participant,4,0.3,-0.3,0.38374738328968977
4,2,full__1__logistic__participant__4__0.3__0.0,full__1__logistic__participant,full,1,logistic,participant,4,0.3,0.0,0.3856765599140694
4,2,full__1__logistic__participant__4__0.3__0.3,full__1__logistic__participant,full,1,logistic,participant,4,0.3,0.3,0.3619810271311081
4,2,full__1__ordinal__global__1__-0.3__-0.3,full__1__ordinal__global,full,1,ordinal,global,1,-0.3,-0.3,0.27322334725619735
4,2,full__1__ordinal__global__1__-0.3__0.0,full__1__ordinal__global,full,1,ordinal,global,1,-0.3,0.0,0.30559856637130856
4,2,full__1__ordinal__global__1__-0.3__0.3,full__1__ordinal__global,full,1,ordinal,global,1,-0.3,0.3,0.35456809160686475
4,2,full__1__ordinal__global__1__0.0__-0.3,full__1__ordinal__global,full,1,ordinal,global,1,0.0,-0.3,0.32918703720432313
4,2,full__1__ordinal__global__1__0.0__0.0,full__1__ordinal__global,full,1,ordinal,global,1,0.0,0.0,0.3355273315021482
4,2,full__1__ordinal__global__1__0.0__0.3,full__1__ordinal__global,full,1,ordinal,global,1,0.0,0.3,0.3649787509716505
4,2,full__1__ordinal__global__1__0.3__-0.3,full__1__ordinal__global,full,1,ordinal,global,1,0.3,-0.3,0.37294377981844967
4,2,full__1__ordinal__global__1__0.3__0.0,full__1__ordinal__global,full,1,ordinal,global,1,0.3,0.0,0.38449197339007185
4,2,full__1__ordinal__global__1__0.3__0.3,full__1__ordinal__global,full,1,ordinal,global,1,0.3,0.3,0.36934786176824713
4,2,full__1__ordinal__global__4__-0.3__-0.3,full__1__ordinal__global,full,1,ordinal,global,4,-0.3,-0.3,0.2542359259515059
4,2,full__1__ordinal__global__4__-0.3__0.0,full__1__ordinal__global,full,1,ordinal,global,4,-0.3,0.0,0.2910848561418245
4,2,full__1__ordinal__global__4__-0.3__0.3,full__1__ordinal__global,full,1,ordinal,global,4,-0.3,0.3,0.35890054011053596
4,2,full__1__ordinal__global__4__0.0__-0.3,full__1__ordinal__global,full,1,ordinal,global,4,0.0,-0.3,0.3288955754059494
4,2,full__1__ordinal__global__4__0.0__0.0,full__1__ordinal__global,full,1,ordinal,global,4,0.0,0.0,0.3266848574683114
4,2,full__1__ordinal__global__4__0.0__0.3,full__1__ordinal__global,full,1,ordinal,global,4,0.0,0.3,0.3668714279791329
4,2,full__1__ordinal__global__4__0.3__-0.3,full__1__ordinal__global,full,1,ordinal,global,4,0.3,-0.3,0.38470191318616936
4,2,full__1__ordinal__global__4__0.3__0.0,full__1__ordinal__global,full,1,ordinal,global,4,0.3,0.0,0.38751097821930686
4,2,full__1__ordinal__global__4__0.3__0.3,full__1__ordinal__global,full,1,ordinal,global,4,0.3,0.3,0.36606325185333144
4,2,full__1__ordinal__participant__1__-0.3__-0.3,full__1__ordinal__participant,full,1,ordinal,participant,1,-0.3,-0.3,0.27181441187971417
4,2,full__1__ordinal__participant__1__-0.3__0.0,full__1__ordinal__participant,full,1,ordinal,participant,1,-0.3,0.0,0.30506971842963765
4,2,full__1__ordinal__participant__1__-0.3__0.3,full__1__ordinal__participant,full,1,ordinal,participant,1,-0.3,0.3,0.35161622818194044
4,2,full__1__ordinal__participant__1__0.0__-0.3,full__1__ordinal__participant,full,1,ordinal,participant,1,0.0,-0.3,0.32530546556210677
4,2,full__1__ordinal__participant__1__0.0__0.0,full__1__ordinal__participant,full,1,ordinal,participant,1,0.0,0.0,0.33310579400349627
4,2,full__1__ordinal__participant__1__0.0__0.3,full__1__ordinal__participant,full,1,ordinal,participant,1,0.0,0.3,0.36246098438114427
4,2,full__1__ordinal__participant__1__0.3__-0.3,full__1__ordinal__participant,full,1,ordinal,participant,1,0.3,-0.3,0.37438089023086696
4,2,full__1__ordinal__participant__1__0.3__0.0,full__1__ordinal__participant,full,1,ordinal,participant,1,0.3,0.0,0.386740181907066
4,2,full__1__ordinal__participant__1__0.3__0.3,full__1__ordinal__participant,full,1,ordinal,participant,1,0.3,0.3,0.36659587673720834
4,2,full__1__ordinal__participant__4__-0.3__-0.3,full__1__ordinal__participant,full,1,ordinal,participant,4,-0.3,-0.3,0.25344879942587856
4,2,full__1__ordinal__participant__4__-0.3__0.0,full__1__ordinal__participant,full,1,ordinal,participant,4,-0.3,0.0,0.29166343436363673
4,2,full__1__ordinal__participant__4__-0.3__0.3,full__1__ordinal__participant,full,1,ordinal,participant,4,-0.3,0.3,0.3594691145008183
4,2,full__1__ordinal__participant__4__0.0__-0.3,full__1__ordinal__participant,full,1,ordinal,participant,4,0.0,-0.3,0.32472670147749516
4,2,full__1__ordinal__participant__4__0.0__0.0,full__1__ordinal__participant,full,1,ordinal,participant,4,0.0,0.0,0.32215343703063387
4,2,full__1__ordinal__participant__4__0.0__0.3,full__1__ordinal__participant,full,1,ordinal,participant,4,0.0,0.3,0.3654310703121735
4,2,full__1__ordinal__participant__4__0.3__-0.3,full__1__ordinal__participant,full,1,ordinal,participant,4,0.3,-0.3,0.38484796156961304
4,2,full__1__ordinal__participant__4__0.3__0.0,full__1__ordinal__participant,full,1,ordinal,participant,4,0.3,0.0,0.38794156698218674
4,2,full__1__ordinal__participant__4__0.3__0.3,full__1__ordinal__participant,full,1,ordinal,participant,4,0.3,0.3,0.3567547258536854
4,2,full__1__catboost__global__1__-0.3__-0.3,full__1__catboost__global,full,1,catboost,global,1,-0.3,-0.3,0.28125655081260736
4,2,full__1__catboost__global__1__-0.3__0.0,full__1__catboost__global,full,1,catboost,global,1,-0.3,0.0,0.33029261257776027
4,2,full__1__catboost__global__1__-0.3__0.3,full__1__catboost__global,full,1,catboost,global,1,-0.3,0.3,0.3643021723749943
4,2,full__1__catboost__global__1__0.0__-0.3,full__1__catboost__global,full,1,catboost,global,1,0.0,-0.3,0.34870595744277355
4,2,full__1__catboost__global__1__0.0__0.0,full__1__catboost__global,full,1,catboost,global,1,0.0,0.0,0.36652283607046526
4,2,full__1__catboost__global__1__0.0__0.3,full__1__catboost__global,full,1,catboost,global,1,0.0,0.3,0.38315685395625254
4,2,full__1__catboost__global__1__0.3__-0.3,full__1__catboost__global,full,1,catboost,global,1,0.3,-0.3,0.3855328860057531
4,2,full__1__catboost__global__1__0.3__0.0,full__1__catboost__global,full,1,catboost,global,1,0.3,0.0,0.39531796932513646
4,2,full__1__catboost__global__1__0.3__0.3,full__1__catboost__global,full,1,catboost,global,1,0.3,0.3,0.39712077059436485
4,2,full__1__catboost__global__4__-0.3__-0.3,full__1__catboost__global,full,1,catboost,global,4,-0.3,-0.3,0.2627396533506398
4,2,full__1__catboost__global__4__-0.3__0.0,full__1__catboost__global,full,1,catboost,global,4,-0.3,0.0,0.3295445866677301
4,2,full__1__catboost__global__4__-0.3__0.3,full__1__catboost__global,full,1,catboost,global,4,-0.3,0.3,0.360224199878892
4,2,full__1__catboost__global__4__0.0__-0.3,full__1__catboost__global,full,1,catboost,global,4,0.0,-0.3,0.350162582585777
4,2,full__1__catboost__global__4__0.0__0.0,full__1__catboost__global,full,1,catboost,global,4,0.0,0.0,0.38550638932585146
4,2,full__1__catboost__global__4__0.0__0.3,full__1__catboost__global,full,1,catboost,global,4,0.0,0.3,0.3749317112135698
4,2,full__1__catboost__global__4__0.3__-0.3,full__1__catboost__global,full,1,catboost,global,4,0.3,-0.3,0.38290547211179343
4,2,full__1__catboost__global__4__0.3__0.0,full__1__catboost__global,full,1,catboost,global,4,0.3,0.0,0.39315287799847026
4,2,full__1__catboost__global__4__0.3__0.3,full__1__catboost__global,full,1,catboost,global,4,0.3,0.3,0.4119583776683483
4,2,full__1__catboost__participant__1__-0.3__-0.3,full__1__catboost__participant,full,1,catboost,participant,1,-0.3,-0.3,0.2789368417475941
4,2,full__1__catboost__participant__1__-0.3__0.0,full__1__catboost__participant,full,1,catboost,participant,1,-0.3,0.0,0.33079128475899805
4,2,full__1__catboost__participant__1__-0.3__0.3,full__1__catboost__participant,full,1,catboost,participant,1,-0.3,0.3,0.3658845666316396
4,2,full__1__catboost__participant__1__0.0__-0.3,full__1__catboost__participant,full,1,catboost,participant,1,0.0,-0.3,0.3531423812145299
4,2,full__1__catboost__participant__1__0.0__0.0,full__1__catboost__participant,full,1,catboost,participant,1,0.0,0.0,0.3688213518639337
4,2,full__1__catboost__participant__1__0.0__0.3,full__1__catboost__participant,full,1,catboost,participant,1,0.0,0.3,0.38089908166144815
4,2,full__1__catboost__participant__1__0.3__-0.3,full__1__catboost__participant,full,1,catboost,participant,1,0.3,-0.3,0.38732962644893226
4,2,full__1__catboost__participant__1__0.3__0.0,full__1__catboost__participant,full,1,catboost,participant,1,0.3,0.0,0.40122320708529036
4,2,full__1__catboost__participant__1__0.3__0.3,full__1__catboost__participant,full,1,catboost,participant,1,0.3,0.3,0.3973040832549664
4,2,full__1__catboost__participant__4__-0.3__-0.3,full__1__catboost__participant,full,1,catboost,participant,4,-0.3,-0.3,0.2574435524909738
4,2,full__1__catboost__participant__4__-0.3__0.0,full__1__catboost__participant,full,1,catboost,participant,4,-0.3,0.0,0.32715861001316426
4,2,full__1__catboost__participant__4__-0.3__0.3,full__1__catboost__participant,full,1,catboost,participant,4,-0.3,0.3,0.3615662701993672
4,2,full__1__catboost__participant__4__0.0__-0.3,full__1__catboost__participant,full,1,catboost,participant,4,0.0,-0.3,0.35525632120447825
4,2,full__1__catboost__participant__4__0.0__0.0,full__1__catboost__participant,full,1,catboost,participant,4,0.0,0.0,0.3838834339540706
4,2,full__1__catboost__participant__4__0.0__0.3,full__1__catboost__participant,full,1,catboost,participant,4,0.0,0.3,0.37405543342376146
4,2,full__1__catboost__participant__4__0.3__-0.3,full__1__catboost__participant,full,1,catboost,participant,4,0.3,-0.3,0.3846574977246793
4,2,full__1__catboost__participant__4__0.3__0.0,full__1__catboost__participant,full,1,catboost,participant,4,0.3,0.0,0.3985561446185746
4,2,full__1__catboost__participant__4__0.3__0.3,full__1__catboost__participant,full,1,catboost,participant,4,0.3,0.3,0.4117643798418222
4,2,full__8__logistic__global__1__-0.3__-0.3,full__8__logistic__global,full,8,logistic,global,1,-0.3,-0.3,0.30696680976381713
4,2,full__8__logistic__global__1__-0.3__0.0,full__8__logistic__global,full,8,logistic,global,1,-0.3,0.0,0.33058984736745756
4,2,full__8__logistic__global__1__-0.3__0.3,full__8__logistic__global,full,8,logistic,global,1,-0.3,0.3,0.34994767111803643
4,2,full__8__logistic__global__1__0.0__-0.3,full__8__logistic__global,full,8,logistic,global,1,0.0,-0.3,0.32569731978712013
4,2,full__8__logistic__global__1__0.0__0.0,full__8__logistic__global,full,8,logistic,global,1,0.0,0.0,0.344738057879135
4,2,full__8__logistic__global__1__0.0__0.3,full__8__logistic__global,full,8,logistic,global,1,0.0,0.3,0.35772870040885324
4,2,full__8__logistic__global__1__0.3__-0.3,full__8__logistic__global,full,8,logistic,global,1,0.3,-0.3,0.35030009464739076
4,2,full__8__logistic__global__1__0.3__0.0,full__8__logistic__global,full,8,logistic,global,1,0.3,0.0,0.35078248971942283
4,2,full__8__logistic__global__1__0.3__0.3,full__8__logistic__global,full,8,logistic,global,1,0.3,0.3,0.3591107825608192
4,2,full__8__logistic__global__4__-0.3__-0.3,full__8__logistic__global,full,8,logistic,global,4,-0.3,-0.3,0.29896545206683073
4,2,full__8__logistic__global__4__-0.3__0.0,full__8__logistic__global,full,8,logistic,global,4,-0.3,0.0,0.32712310847664006
4,2,full__8__logistic__global__4__-0.3__0.3,full__8__logistic__global,full,8,logistic,global,4,-0.3,0.3,0.36062072509601034
4,2,full__8__logistic__global__4__0.0__-0.3,full__8__logistic__global,full,8,logistic,global,4,0.0,-0.3,0.32180376165830643
4,2,full__8__logistic__global__4__0.0__0.0,full__8__logistic__global,full,8,logistic,global,4,0.0,0.0,0.33440628024222097
4,2,full__8__logistic__global__4__0.0__0.3,full__8__logistic__global,full,8,logistic,global,4,0.0,0.3,0.3612460829985719
4,2,full__8__logistic__global__4__0.3__-0.3,full__8__logistic__global,full,8,logistic,global,4,0.3,-0.3,0.351929078846876
4,2,full__8__logistic__global__4__0.3__0.0,full__8__logistic__global,full,8,logistic,global,4,0.3,0.0,0.3479409051788582
4,2,full__8__logistic__global__4__0.3__0.3,full__8__logistic__global,full,8,logistic,global,4,0.3,0.3,0.35312991928398657
4,2,full__8__logistic__participant__1__-0.3__-0.3,full__8__logistic__participant,full,8,logistic,participant,1,-0.3,-0.3,0.3028036269681059
4,2,full__8__logistic__participant__1__-0.3__0.0,full__8__logistic__participant,full,8,logistic,participant,1,-0.3,0.0,0.32817403935929795
4,2,full__8__logistic__participant__1__-0.3__0.3,full__8__logistic__participant,full,8,logistic,participant,1,-0.3,0.3,0.34474611218571427
4,2,full__8__logistic__participant__1__0.0__-0.3,full__8__logistic__participant,full,8,logistic,participant,1,0.0,-0.3,0.32786914741704726
4,2,full__8__logistic__participant__1__0.0__0.0,full__8__logistic__participant,full,8,logistic,participant,1,0.0,0.0,0.3423744762722064
4,2,full__8__logistic__participant__1__0.0__0.3,full__8__logistic__participant,full,8,logistic,participant,1,0.0,0.3,0.3522481415185923
4,2,full__8__logistic__participant__1__0.3__-0.3,full__8__logistic__participant,full,8,logistic,participant,1,0.3,-0.3,0.3493626619021132
4,2,full__8__logistic__participant__1__0.3__0.0,full__8__logistic__participant,full,8,logistic,participant,1,0.3,0.0,0.3475973674712215
4,2,full__8__logistic__participant__1__0.3__0.3,full__8__logistic__participant,full,8,logistic,participant,1,0.3,0.3,0.35233787851383586
4,2,full__8__logistic__participant__4__-0.3__-0.3,full__8__logistic__participant,full,8,logistic,participant,4,-0.3,-0.3,0.29499658490120806
4,2,full__8__logistic__participant__4__-0.3__0.0,full__8__logistic__participant,full,8,logistic,participant,4,-0.3,0.0,0.3273457048259377
4,2,full__8__logistic__participant__4__-0.3__0.3,full__8__logistic__participant,full,8,logistic,participant,4,-0.3,0.3,0.3585073255808498
4,2,full__8__logistic__participant__4__0.0__-0.3,full__8__logistic__participant,full,8,logistic,participant,4,0.0,-0.3,0.32124666549432923
4,2,full__8__logistic__participant__4__0.0__0.0,full__8__logistic__participant,full,8,logistic,participant,4,0.0,0.0,0.3347047016672019
4,2,full__8__logistic__participant__4__0.0__0.3,full__8__logistic__participant,full,8,logistic,participant,4,0.0,0.3,0.35767173607072045
4,2,full__8__logistic__participant__4__0.3__-0.3,full__8__logistic__participant,full,8,logistic,participant,4,0.3,-0.3,0.35041110499942835
4,2,full__8__logistic__participant__4__0.3__0.0,full__8__logistic__participant,full,8,logistic,participant,4,0.3,0.0,0.3419483037594188
4,2,full__8__logistic__participant__4__0.3__0.3,full__8__logistic__participant,full,8,logistic,participant,4,0.3,0.3,0.3495321672733942
4,2,full__8__ordinal__global__1__-0.3__-0.3,full__8__ordinal__global,full,8,ordinal,global,1,-0.3,-0.3,0.296896433083657
4,2,full__8__ordinal__global__1__-0.3__0.0,full__8__ordinal__global,full,8,ordinal,global,1,-0.3,0.0,0.32525603039780027
4,2,full__8__ordinal__global__1__-0.3__0.3,full__8__ordinal__global,full,8,ordinal,global,1,-0.3,0.3,0.35087087910771014
4,2,full__8__ordinal__global__1__0.0__-0.3,full__8__ordinal__global,full,8,ordinal,global,1,0.0,-0.3,0.3202518644059171
4,2,full__8__ordinal__global__1__0.0__0.0,full__8__ordinal__global,full,8,ordinal,global,1,0.0,0.0,0.3415084082197387
4,2,full__8__ordinal__global__1__0.0__0.3,full__8__ordinal__global,full,8,ordinal,global,1,0.0,0.3,0.35803851590115443
4,2,full__8__ordinal__global__1__0.3__-0.3,full__8__ordinal__global,full,8,ordinal,global,1,0.3,-0.3,0.3551754975432908
4,2,full__8__ordinal__global__1__0.3__0.0,full__8__ordinal__global,full,8,ordinal,global,1,0.3,0.0,0.3523715395950121
4,2,full__8__ordinal__global__1__0.3__0.3,full__8__ordinal__global,full,8,ordinal,global,1,0.3,0.3,0.36193372042395244
4,2,full__8__ordinal__global__4__-0.3__-0.3,full__8__ordinal__global,full,8,ordinal,global,4,-0.3,-0.3,0.2950763460107045
4,2,full__8__ordinal__global__4__-0.3__0.0,full__8__ordinal__global,full,8,ordinal,global,4,-0.3,0.0,0.3210703020315774
4,2,full__8__ordinal__global__4__-0.3__0.3,full__8__ordinal__global,full,8,ordinal,global,4,-0.3,0.3,0.3573764280079143
4,2,full__8__ordinal__global__4__0.0__-0.3,full__8__ordinal__global,full,8,ordinal,global,4,0.0,-0.3,0.32075999395027144
4,2,full__8__ordinal__global__4__0.0__0.0,full__8__ordinal__global,full,8,ordinal,global,4,0.0,0.0,0.32867613825595915
4,2,full__8__ordinal__global__4__0.0__0.3,full__8__ordinal__global,full,8,ordinal,global,4,0.0,0.3,0.363999302048336
4,2,full__8__ordinal__global__4__0.3__-0.3,full__8__ordinal__global,full,8,ordinal,global,4,0.3,-0.3,0.356607129208532
4,2,full__8__ordinal__global__4__0.3__0.0,full__8__ordinal__global,full,8,ordinal,global,4,0.3,0.0,0.35142623598791584
4,2,full__8__ordinal__global__4__0.3__0.3,full__8__ordinal__global,full,8,ordinal,global,4,0.3,0.3,0.3548718650823828
4,2,full__8__ordinal__participant__1__-0.3__-0.3,full__8__ordinal__participant,full,8,ordinal,participant,1,-0.3,-0.3,0.29263628281991366
4,2,full__8__ordinal__participant__1__-0.3__0.0,full__8__ordinal__participant,full,8,ordinal,participant,1,-0.3,0.0,0.3195998684798525
4,2,full__8__ordinal__participant__1__-0.3__0.3,full__8__ordinal__participant,full,8,ordinal,participant,1,-0.3,0.3,0.34783829274071426
4,2,full__8__ordinal__participant__1__0.0__-0.3,full__8__ordinal__participant,full,8,ordinal,participant,1,0.0,-0.3,0.3205459063928618
4,2,full__8__ordinal__participant__1__0.0__0.0,full__8__ordinal__participant,full,8,ordinal,participant,1,0.0,0.0,0.3390935891445356
4,2,full__8__ordinal__participant__1__0.0__0.3,full__8__ordinal__participant,full,8,ordinal,participant,1,0.0,0.3,0.35772441403627125
4,2,full__8__ordinal__participant__1__0.3__-0.3,full__8__ordinal__participant,full,8,ordinal,participant,1,0.3,-0.3,0.3487855958496838
4,2,full__8__ordinal__participant__1__0.3__0.0,full__8__ordinal__participant,full,8,ordinal,participant,1,0.3,0.0,0.34393077695518115
4,2,full__8__ordinal__participant__1__0.3__0.3,full__8__ordinal__participant,full,8,ordinal,participant,1,0.3,0.3,0.3576905143014098
4,2,full__8__ordinal__participant__4__-0.3__-0.3,full__8__ordinal__participant,full,8,ordinal,participant,4,-0.3,-0.3,0.290764640610131
4,2,full__8__ordinal__participant__4__-0.3__0.0,full__8__ordinal__participant,full,8,ordinal,participant,4,-0.3,0.0,0.31660399661972105
4,2,full__8__ordinal__participant__4__-0.3__0.3,full__8__ordinal__participant,full,8,ordinal,participant,4,-0.3,0.3,0.3563071800538625
4,2,full__8__ordinal__participant__4__0.0__-0.3,full__8__ordinal__participant,full,8,ordinal,participant,4,0.0,-0.3,0.3216257941988053
4,2,full__8__ordinal__participant__4__0.0__0.0,full__8__ordinal__participant,full,8,ordinal,participant,4,0.0,0.0,0.32785197630228163
4,2,full__8__ordinal__participant__4__0.0__0.3,full__8__ordinal__participant,full,8,ordinal,participant,4,0.0,0.3,0.35361576677151696
4,2,full__8__ordinal__participant__4__0.3__-0.3,full__8__ordinal__participant,full,8,ordinal,participant,4,0.3,-0.3,0.35272259274193357
4,2,full__8__ordinal__participant__4__0.3__0.0,full__8__ordinal__participant,full,8,ordinal,participant,4,0.3,0.0,0.3420248278957615
4,2,full__8__ordinal__participant__4__0.3__0.3,full__8__ordinal__participant,full,8,ordinal,participant,4,0.3,0.3,0.3473210752244695
4,2,full__8__catboost__global__1__-0.3__-0.3,full__8__catboost__global,full,8,catboost,global,1,-0.3,-0.3,0.2881280834930002
4,2,full__8__catboost__global__1__-0.3__0.0,full__8__catboost__global,full,8,catboost,global,1,-0.3,0.0,0.33819511239644184
4,2,full__8__catboost__global__1__-0.3__0.3,full__8__catboost__global,full,8,catboost,global,1,-0.3,0.3,0.36915203939969093
4,2,full__8__catboost__global__1__0.0__-0.3,full__8__catboost__global,full,8,catboost,global,1,0.0,-0.3,0.3434415090607602
4,2,full__8__catboost__global__1__0.0__0.0,full__8__catboost__global,full,8,catboost,global,1,0.0,0.0,0.3677918781591632
4,2,full__8__catboost__global__1__0.0__0.3,full__8__catboost__global,full,8,catboost,global,1,0.0,0.3,0.38302045827890885
4,2,full__8__catboost__global__1__0.3__-0.3,full__8__catboost__global,full,8,catboost,global,1,0.3,-0.3,0.38106435613485856
4,2,full__8__catboost__global__1__0.3__0.0,full__8__catboost__global,full,8,catboost,global,1,0.3,0.0,0.38278038120297886
4,2,full__8__catboost__global__1__0.3__0.3,full__8__catboost__global,full,8,catboost,global,1,0.3,0.3,0.3974866217170658
4,2,full__8__catboost__global__4__-0.3__-0.3,full__8__catboost__global,full,8,catboost,global,4,-0.3,-0.3,0.2901445857648464
4,2,full__8__catboost__global__4__-0.3__0.0,full__8__catboost__global,full,8,catboost,global,4,-0.3,0.0,0.33530325738455186
4,2,full__8__catboost__global__4__-0.3__0.3,full__8__catboost__global,full,8,catboost,global,4,-0.3,0.3,0.37094316901544044
4,2,full__8__catboost__global__4__0.0__-0.3,full__8__catboost__global,full,8,catboost,global,4,0.0,-0.3,0.33704391873910766
4,2,full__8__catboost__global__4__0.0__0.0,full__8__catboost__global,full,8,catboost,global,4,0.0,0.0,0.35648758434998923
4,2,full__8__catboost__global__4__0.0__0.3,full__8__catboost__global,full,8,catboost,global,4,0.0,0.3,0.38635430133827425
4,2,full__8__catboost__global__4__0.3__-0.3,full__8__catboost__global,full,8,catboost,global,4,0.3,-0.3,0.3787619469710926
4,2,full__8__catboost__global__4__0.3__0.0,full__8__catboost__global,full,8,catboost,global,4,0.3,0.0,0.377376583922433
4,2,full__8__catboost__global__4__0.3__0.3,full__8__catboost__global,full,8,catboost,global,4,0.3,0.3,0.399210952315427
4,2,full__8__catboost__participant__1__-0.3__-0.3,full__8__catboost__participant,full,8,catboost,participant,1,-0.3,-0.3,0.29763259763041766
4,2,full__8__catboost__participant__1__-0.3__0.0,full__8__catboost__participant,full,8,catboost,participant,1,-0.3,0.0,0.3425199777436344
4,2,full__8__catboost__participant__1__-0.3__0.3,full__8__catboost__participant,full,8,catboost,participant,1,-0.3,0.3,0.363818199844258
4,2,full__8__catboost__participant__1__0.0__-0.3,full__8__catboost__participant,full,8,catboost,participant,1,0.0,-0.3,0.3419108960985649
4,2,full__8__catboost__participant__1__0.0__0.0,full__8__catboost__participant,full,8,catboost,participant,1,0.0,0.0,0.36550840170627574
4,2,full__8__catboost__participant__1__0.0__0.3,full__8__catboost__participant,full,8,catboost,participant,1,0.0,0.3,0.37105808533513024
4,2,full__8__catboost__participant__1__0.3__-0.3,full__8__catboost__participant,full,8,catboost,participant,1,0.3,-0.3,0.37645700286851547
4,2,full__8__catboost__participant__1__0.3__0.0,full__8__catboost__participant,full,8,catboost,participant,1,0.3,0.0,0.38525515735147814
4,2,full__8__catboost__participant__1__0.3__0.3,full__8__catboost__participant,full,8,catboost,participant,1,0.3,0.3,0.3854162770983719
4,2,full__8__catboost__participant__4__-0.3__-0.3,full__8__catboost__participant,full,8,catboost,participant,4,-0.3,-0.3,0.29011142243798954
4,2,full__8__catboost__participant__4__-0.3__0.0,full__8__catboost__participant,full,8,catboost,participant,4,-0.3,0.0,0.3357250332948526
4,2,full__8__catboost__participant__4__-0.3__0.3,full__8__catboost__participant,full,8,catboost,participant,4,-0.3,0.3,0.3669494425614848
4,2,full__8__catboost__participant__4__0.0__-0.3,full__8__catboost__participant,full,8,catboost,participant,4,0.0,-0.3,0.3370623783765743
4,2,full__8__catboost__participant__4__0.0__0.0,full__8__catboost__participant,full,8,catboost,participant,4,0.0,0.0,0.3576703219143982
4,2,full__8__catboost__participant__4__0.0__0.3,full__8__catboost__participant,full,8,catboost,participant,4,0.0,0.3,0.38005021448467624
4,2,full__8__catboost__participant__4__0.3__-0.3,full__8__catboost__participant,full,8,catboost,participant,4,0.3,-0.3,0.37267718220952956
4,2,full__8__catboost__participant__4__0.3__0.0,full__8__catboost__participant,full,8,catboost,participant,4,0.3,0.0,0.3738706189918305
4,2,full__8__catboost__participant__4__0.3__0.3,full__8__catboost__participant,full,8,catboost,participant,4,0.3,0.3,0.3869391117674876
4,3,eye_pupil__1__logistic__global__1__-0.3__-0.3,eye_pupil__1__logistic__global,eye_pupil,1,logistic,global,1,-0.3,-0.3,0.3234445293671631
4,3,eye_pupil__1__logistic__global__1__-0.3__0.0,eye_pupil__1__logistic__global,eye_pupil,1,logistic,global,1,-0.3,0.0,0.3324641754942565
4,3,eye_pupil__1__logistic__global__1__-0.3__0.3,eye_pupil__1__logistic__global,eye_pupil,1,logistic,global,1,-0.3,0.3,0.33593181132178634
4,3,eye_pupil__1__logistic__global__1__0.0__-0.3,eye_pupil__1__logistic__global,eye_pupil,1,logistic,global,1,0.0,-0.3,0.35119275136153766
4,3,eye_pupil__1__logistic__global__1__0.0__0.0,eye_pupil__1__logistic__global,eye_pupil,1,logistic,global,1,0.0,0.0,0.3395469326530966
4,3,eye_pupil__1__logistic__global__1__0.0__0.3,eye_pupil__1__logistic__global,eye_pupil,1,logistic,global,1,0.0,0.3,0.33367640344589516
4,3,eye_pupil__1__logistic__global__1__0.3__-0.3,eye_pupil__1__logistic__global,eye_pupil,1,logistic,global,1,0.3,-0.3,0.33191186427023256
4,3,eye_pupil__1__logistic__global__1__0.3__0.0,eye_pupil__1__logistic__global,eye_pupil,1,logistic,global,1,0.3,0.0,0.3304404957748946
4,3,eye_pupil__1__logistic__global__1__0.3__0.3,eye_pupil__1__logistic__global,eye_pupil,1,logistic,global,1,0.3,0.3,0.32801505481505355
4,3,eye_pupil__1__logistic__global__4__-0.3__-0.3,eye_pupil__1__logistic__global,eye_pupil,1,logistic,global,4,-0.3,-0.3,0.3242448563808346
4,3,eye_pupil__1__logistic__global__4__-0.3__0.0,eye_pupil__1__logistic__global,eye_pupil,1,logistic,global,4,-0.3,0.0,0.322578424946288
4,3,eye_pupil__1__logistic__global__4__-0.3__0.3,eye_pupil__1__logistic__global,eye_pupil,1,logistic,global,4,-0.3,0.3,0.33691440613609347
4,3,eye_pupil__1__logistic__global__4__0.0__-0.3,eye_pupil__1__logistic__global,eye_pupil,1,logistic,global,4,0.0,-0.3,0.36556172279099514
4,3,eye_pupil__1__logistic__global__4__0.0__0.0,eye_pupil__1__logistic__global,eye_pupil,1,logistic,global,4,0.0,0.0,0.3347746823317658
4,3,eye_pupil__1__logistic__global__4__0.0__0.3,eye_pupil__1__logistic__global,eye_pupil,1,logistic,global,4,0.0,0.3,0.33549134822588994
4,3,eye_pupil__1__logistic__global__4__0.3__-0.3,eye_pupil__1__logistic__global,eye_pupil,1,logistic,global,4,0.3,-0.3,0.3316199690191533
4,3,eye_pupil__1__logistic__global__4__0.3__0.0,eye_pupil__1__logistic__global,eye_pupil,1,logistic,global,4,0.3,0.0,0.33062055599120804
4,3,eye_pupil__1__logistic__global__4__0.3__0.3,eye_pupil__1__logistic__global,eye_pupil,1,logistic,global,4,0.3,0.3,0.31883815433319
4,3,eye_pupil__1__logistic__participant__1__-0.3__-0.3,eye_pupil__1__logistic__participant,eye_pupil,1,logistic,participant,1,-0.3,-0.3,0.338584688405008
4,3,eye_pupil__1__logistic__participant__1__-0.3__0.0,eye_pupil__1__logistic__participant,eye_pupil,1,logistic,participant,1,-0.3,0.0,0.3319196588308704
4,3,eye_pupil__1__logistic__participant__1__-0.3__0.3,eye_pupil__1__logistic__participant,eye_pupil,1,logistic,participant,1,-0.3,0.3,0.34135130949687603
4,3,eye_pupil__1__logistic__participant__1__0.0__-0.3,eye_pupil__1__logistic__participant,eye_pupil,1,logistic,participant,1,0.0,-0.3,0.3399554590303126
4,3,eye_pupil__1__logistic__participant__1__0.0__0.0,eye_pupil__1__logistic__participant,eye_pupil,1,logistic,participant,1,0.0,0.0,0.3299519211844797
4,3,eye_pupil__1__logistic__participant__1__0.0__0.3,eye_pupil__1__logistic__participant,eye_pupil,1,logistic,participant,1,0.0,0.3,0.3358373916606219
4,3,eye_pupil__1__logistic__participant__1__0.3__-0.3,eye_pupil__1__logistic__participant,eye_pupil,1,logistic,participant,1,0.3,-0.3,0.3359134474032429
4,3,eye_pupil__1__logistic__participant__1__0.3__0.0,eye_pupil__1__logistic__participant,eye_pupil,1,logistic,participant,1,0.3,0.0,0.32978965876711863
4,3,eye_pupil__1__logistic__participant__1__0.3__0.3,eye_pupil__1__logistic__participant,eye_pupil,1,logistic,participant,1,0.3,0.3,0.32676592502539276
4,3,eye_pupil__1__logistic__participant__4__-0.3__-0.3,eye_pupil__1__logistic__participant,eye_pupil,1,logistic,participant,4,-0.3,-0.3,0.3408309346836483
4,3,eye_pupil__1__logistic__participant__4__-0.3__0.0,eye_pupil__1__logistic__participant,eye_pupil,1,logistic,participant,4,-0.3,0.0,0.33830634319544195
4,3,eye_pupil__1__logistic__participant__4__-0.3__0.3,eye_pupil__1__logistic__participant,eye_pupil,1,logistic,participant,4,-0.3,0.3,0.33850459081326323
4,3,eye_pupil__1__logistic__participant__4__0.0__-0.3,eye_pupil__1__logistic__participant,eye_pupil,1,logistic,participant,4,0.0,-0.3,0.33640594118395406
4,3,eye_pupil__1__logistic__participant__4__0.0__0.0,eye_pupil__1__logistic__participant,eye_pupil,1,logistic,participant,4,0.0,0.0,0.3249695468614477
4,3,eye_pupil__1__logistic__participant__4__0.0__0.3,eye_pupil__1__logistic__participant,eye_pupil,1,logistic,participant,4,0.0,0.3,0.3443725502809364
4,3,eye_pupil__1__logistic__participant__4__0.3__-0.3,eye_pupil__1__logistic__participant,eye_pupil,1,logistic,participant,4,0.3,-0.3,0.3380742538179083
4,3,eye_pupil__1__logistic__participant__4__0.3__0.0,eye_pupil__1__logistic__participant,eye_pupil,1,logistic,participant,4,0.3,0.0,0.3333637140476491
4,3,eye_pupil__1__logistic__participant__4__0.3__0.3,eye_pupil__1__logistic__participant,eye_pupil,1,logistic,participant,4,0.3,0.3,0.3251670717803557
4,3,eye_pupil__1__ordinal__global__1__-0.3__-0.3,eye_pupil__1__ordinal__global,eye_pupil,1,ordinal,global,1,-0.3,-0.3,0.3258929699156694
4,3,eye_pupil__1__ordinal__global__1__-0.3__0.0,eye_pupil__1__ordinal__global,eye_pupil,1,ordinal,global,1,-0.3,0.0,0.3325724341977955
4,3,eye_pupil__1__ordinal__global__1__-0.3__0.3,eye_pupil__1__ordinal__global,eye_pupil,1,ordinal,global,1,-0.3,0.3,0.33507256889392456
4,3,eye_pupil__1__ordinal__global__1__0.0__-0.3,eye_pupil__1__ordinal__global,eye_pupil,1,ordinal,global,1,0.0,-0.3,0.35321789330407016
4,3,eye_pupil__1__ordinal__global__1__0.0__0.0,eye_pupil__1__ordinal__global,eye_pupil,1,ordinal,global,1,0.0,0.0,0.3425204670603099
4,3,eye_pupil__1__ordinal__global__1__0.0__0.3,eye_pupil__1__ordinal__global,eye_pupil,1,ordinal,global,1,0.0,0.3,0.3317459151897502
4,3,eye_pupil__1__ordinal__global__1__0.3__-0.3,eye_pupil__1__ordinal__global,eye_pupil,1,ordinal,global,1,0.3,-0.3,0.3329968209550614
4,3,eye_pupil__1__ordinal__global__1__0.3__0.0,eye_pupil__1__ordinal__global,eye_pupil,1,ordinal,global,1,0.3,0.0,0.3317088705063187
4,3,eye_pupil__1__ordinal__global__1__0.3__0.3,eye_pupil__1__ordinal__global,eye_pupil,1,ordinal,global,1,0.3,0.3,0.3270302312460114
4,3,eye_pupil__1__ordinal__global__4__-0.3__-0.3,eye_pupil__1__ordinal__global,eye_pupil,1,ordinal,global,4,-0.3,-0.3,0.32607070448962644
4,3,eye_pupil__1__ordinal__global__4__-0.3__0.0,eye_pupil__1__ordinal__global,eye_pupil,1,ordinal,global,4,-0.3,0.0,0.32469072522243114
4,3,eye_pupil__1__ordinal__global__4__-0.3__0.3,eye_pupil__1__ordinal__global,eye_pupil,1,ordinal,global,4,-0.3,0.3,0.3359200762365509
4,3,eye_pupil__1__ordinal__global__4__0.0__-0.3,eye_pupil__1__ordinal__global,eye_pupil,1,ordinal,global,4,0.0,-0.3,0.36696343570063583
4,3,eye_pupil__1__ordinal__global__4__0.0__0.0,eye_pupil__1__ordinal__global,eye_pupil,1,ordinal,global,4,0.0,0.0,0.3384813316910237
4,3,eye_pupil__1__ordinal__global__4__0.0__0.3,eye_pupil__1__ordinal__global,eye_pupil,1,ordinal,global,4,0.0,0.3,0.3357885934611341
4,3,eye_pupil__1__ordinal__global__4__0.3__-0.3,eye_pupil__1__ordinal__global,eye_pupil,1,ordinal,global,4,0.3,-0.3,0.3309601670116485
4,3,eye_pupil__1__ordinal__global__4__0.3__0.0,eye_pupil__1__ordinal__global,eye_pupil,1,ordinal,global,4,0.3,0.0,0.33014603906738527
4,3,eye_pupil__1__ordinal__global__4__0.3__0.3,eye_pupil__1__ordinal__global,eye_pupil,1,ordinal,global,4,0.3,0.3,0.31963384704694026
4,3,eye_pupil__1__ordinal__participant__1__-0.3__-0.3,eye_pupil__1__ordinal__participant,eye_pupil,1,ordinal,participant,1,-0.3,-0.3,0.33663228365771275
4,3,eye_pupil__1__ordinal__participant__1__-0.3__0.0,eye_pupil__1__ordinal__participant,eye_pupil,1,ordinal,participant,1,-0.3,0.0,0.33460467892439727
4,3,eye_pupil__1__ordinal__participant__1__-0.3__0.3,eye_pupil__1__ordinal__participant,eye_pupil,1,ordinal,participant,1,-0.3,0.3,0.3397176154583421
4,3,eye_pupil__1__ordinal__participant__1__0.0__-0.3,eye_pupil__1__ordinal__participant,eye_pupil,1,ordinal,participant,1,0.0,-0.3,0.340593655913323
4,3,eye_pupil__1__ordinal__participant__1__0.0__0.0,eye_pupil__1__ordinal__participant,eye_pupil,1,ordinal,participant,1,0.0,0.0,0.3314843413904716
4,3,eye_pupil__1__ordinal__participant__1__0.0__0.3,eye_pupil__1__ordinal__participant,eye_pupil,1,ordinal,participant,1,0.0,0.3,0.3374019331566048
4,3,eye_pupil__1__ordinal__participant__1__0.3__-0.3,eye_pupil__1__ordinal__participant,eye_pupil,1,ordinal,participant,1,0.3,-0.3,0.3353241545876021
4,3,eye_pupil__1__ordinal__participant__1__0.3__0.0,eye_pupil__1__ordinal__participant,eye_pupil,1,ordinal,participant,1,0.3,0.0,0.33106010857696233
4,3,eye_pupil__1__ordinal__participant__1__0.3__0.3,eye_pupil__1__ordinal__participant,eye_pupil,1,ordinal,participant,1,0.3,0.3,0.32845505528958785
4,3,eye_pupil__1__ordinal__participant__4__-0.3__-0.3,eye_pupil__1__ordinal__participant,eye_pupil,1,ordinal,participant,4,-0.3,-0.3,0.3427100207550966
4,3,eye_pupil__1__ordinal__participant__4__-0.3__0.0,eye_pupil__1__ordinal__participant,eye_pupil,1,ordinal,participant,4,-0.3,0.0,0.3391904244962154
4,3,eye_pupil__1__ordinal__participant__4__-0.3__0.3,eye_pupil__1__ordinal__participant,eye_pupil,1,ordinal,participant,4,-0.3,0.3,0.33787481845902073
4,3,eye_pupil__1__ordinal__participant__4__0.0__-0.3,eye_pupil__1__ordinal__participant,eye_pupil,1,ordinal,participant,4,0.0,-0.3,0.3368095354792271
4,3,eye_pupil__1__ordinal__participant__4__0.0__0.0,eye_pupil__1__ordinal__participant,eye_pupil,1,ordinal,participant,4,0.0,0.0,0.32484553824579165
4,3,eye_pupil__1__ordinal__participant__4__0.0__0.3,eye_pupil__1__ordinal__participant,eye_pupil,1,ordinal,participant,4,0.0,0.3,0.3433252125083805
4,3,eye_pupil__1__ordinal__participant__4__0.3__-0.3,eye_pupil__1__ordinal__participant,eye_pupil,1,ordinal,participant,4,0.3,-0.3,0.3375505510892912
4,3,eye_pupil__1__ordinal__participant__4__0.3__0.0,eye_pupil__1__ordinal__participant,eye_pupil,1,ordinal,participant,4,0.3,0.0,0.3342983612873726
4,3,eye_pupil__1__ordinal__participant__4__0.3__0.3,eye_pupil__1__ordinal__participant,eye_pupil,1,ordinal,participant,4,0.3,0.3,0.324494830187355
4,3,eye_pupil__1__catboost__global__1__-0.3__-0.3,eye_pupil__1__catboost__global,eye_pupil,1,catboost,global,1,-0.3,-0.3,0.3280017485712279
4,3,eye_pupil__1__catboost__global__1__-0.3__0.0,eye_pupil__1__catboost__global,eye_pupil,1,catboost,global,1,-0.3,0.0,0.312511728279929
4,3,eye_pupil__1__catboost__global__1__-0.3__0.3,eye_pupil__1__catboost__global,eye_pupil,1,catboost,global,1,-0.3,0.3,0.3358767847343661
4,3,eye_pupil__1__catboost__global__1__0.0__-0.3,eye_pupil__1__catboost__global,eye_pupil,1,catboost,global,1,0.0,-0.3,0.3436699631601861
4,3,eye_pupil__1__catboost__global__1__0.0__0.0,eye_pupil__1__catboost__global,eye_pupil,1,catboost,global,1,0.0,0.0,0.3304500821207602
4,3,eye_pupil__1__catboost__global__1__0.0__0.3,eye_pupil__1__catboost__global,eye_pupil,1,catboost,global,1,0.0,0.3,0.3278795607218111
4,3,eye_pupil__1__catboost__global__1__0.3__-0.3,eye_pupil__1__catboost__global,eye_pupil,1,catboost,global,1,0.3,-0.3,0.3301885146599749
4,3,eye_pupil__1__catboost__global__1__0.3__0.0,eye_pupil__1__catboost__global,eye_pupil,1,catboost,global,1,0.3,0.0,0.32815822207435286
4,3,eye_pupil__1__catboost__global__1__0.3__0.3,eye_pupil__1__catboost__global,eye_pupil,1,catboost,global,1,0.3,0.3,0.3222670049450748
4,3,eye_pupil__1__catboost__global__4__-0.3__-0.3,eye_pupil__1__catboost__global,eye_pupil,1,catboost,global,4,-0.3,-0.3,0.3169471872458771
4,3,eye_pupil__1__catboost__global__4__-0.3__0.0,eye_pupil__1__catboost__global,eye_pupil,1,catboost,global,4,-0.3,0.0,0.3134227269546562
4,3,eye_pupil__1__catboost__global__4__-0.3__0.3,eye_pupil__1__catboost__global,eye_pupil,1,catboost,global,4,-0.3,0.3,0.3307114156388146
4,3,eye_pupil__1__catboost__global__4__0.0__-0.3,eye_pupil__1__catboost__global,eye_pupil,1,catboost,global,4,0.0,-0.3,0.35467457692755716
4,3,eye_pupil__1__catboost__global__4__0.0__0.0,eye_pupil__1__catboost__global,eye_pupil,1,catboost,global,4,0.0,0.0,0.3381078249786526
4,3,eye_pupil__1__catboost__global__4__0.0__0.3,eye_pupil__1__catboost__global,eye_pupil,1,catboost,global,4,0.0,0.3,0.32375784622106163
4,3,eye_pupil__1__catboost__global__4__0.3__-0.3,eye_pupil__1__catboost__global,eye_pupil,1,catboost,global,4,0.3,-0.3,0.3275281635578587
4,3,eye_pupil__1__catboost__global__4__0.3__0.0,eye_pupil__1__catboost__global,eye_pupil,1,catboost,global,4,0.3,0.0,0.328451617906327
4,3,eye_pupil__1__catboost__global__4__0.3__0.3,eye_pupil__1__catboost__global,eye_pupil,1,catboost,global,4,0.3,0.3,0.321422878579884
4,3,eye_pupil__1__catboost__participant__1__-0.3__-0.3,eye_pupil__1__catboost__participant,eye_pupil,1,catboost,participant,1,-0.3,-0.3,0.3317975919096589
4,3,eye_pupil__1__catboost__participant__1__-0.3__0.0,eye_pupil__1__catboost__participant,eye_pupil,1,catboost,participant,1,-0.3,0.0,0.32493441500031933
4,3,eye_pupil__1__catboost__participant__1__-0.3__0.3,eye_pupil__1__catboost__participant,eye_pupil,1,catboost,participant,1,-0.3,0.3,0.3316695077049649
4,3,eye_pupil__1__catboost__participant__1__0.0__-0.3,eye_pupil__1__catboost__participant,eye_pupil,1,catboost,participant,1,0.0,-0.3,0.3382585027266754
4,3,eye_pupil__1__catboost__participant__1__0.0__0.0,eye_pupil__1__catboost__participant,eye_pupil,1,catboost,participant,1,0.0,0.0,0.33132114241130567
4,3,eye_pupil__1__catboost__participant__1__0.0__0.3,eye_pupil__1__catboost__participant,eye_pupil,1,catboost,participant,1,0.0,0.3,0.3269845296435301
4,3,eye_pupil__1__catboost__participant__1__0.3__-0.3,eye_pupil__1__catboost__participant,eye_pupil,1,catboost,participant,1,0.3,-0.3,0.3289346961657702
4,3,eye_pupil__1__catboost__participant__1__0.3__0.0,eye_pupil__1__catboost__participant,eye_pupil,1,catboost,participant,1,0.3,0.0,0.33242832778603615
4,3,eye_pupil__1__catboost__participant__1__0.3__0.3,eye_pupil__1__catboost__participant,eye_pupil,1,catboost,participant,1,0.3,0.3,0.3246183451140869
4,3,eye_pupil__1__catboost__participant__4__-0.3__-0.3,eye_pupil__1__catboost__participant,eye_pupil,1,catboost,participant,4,-0.3,-0.3,0.3409668234571566
4,3,eye_pupil__1__catboost__participant__4__-0.3__0.0,eye_pupil__1__catboost__participant,eye_pupil,1,catboost,participant,4,-0.3,0.0,0.31599577544688773
4,3,eye_pupil__1__catboost__participant__4__-0.3__0.3,eye_pupil__1__catboost__participant,eye_pupil,1,catboost,participant,4,-0.3,0.3,0.3323699421965318
4,3,eye_pupil__1__catboost__participant__4__0.0__-0.3,eye_pupil__1__catboost__participant,eye_pupil,1,catboost,participant,4,0.0,-0.3,0.33663862069512474
4,3,eye_pupil__1__catboost__participant__4__0.0__0.0,eye_pupil__1__catboost__participant,eye_pupil,1,catboost,participant,4,0.0,0.0,0.3307558782001257
4,3,eye_pupil__1__catboost__participant__4__0.0__0.3,eye_pupil__1__catboost__participant,eye_pupil,1,catboost,participant,4,0.0,0.3,0.3209962742401766
4,3,eye_pupil__1__catboost__participant__4__0.3__-0.3,eye_pupil__1__catboost__participant,eye_pupil,1,catboost,participant,4,0.3,-0.3,0.33087829029416715
4,3,eye_pupil__1__catboost__participant__4__0.3__0.0,eye_pupil__1__catboost__participant,eye_pupil,1,catboost,participant,4,0.3,0.0,0.32769160072719516
4,3,eye_pupil__1__catboost__participant__4__0.3__0.3,eye_pupil__1__catboost__participant,eye_pupil,1,catboost,participant,4,0.3,0.3,0.32938802278735085
4,3,eye_pupil__8__logistic__global__1__-0.3__-0.3,eye_pupil__8__logistic__global,eye_pupil,8,logistic,global,1,-0.3,-0.3,0.3366867659532084
4,3,eye_pupil__8__logistic__global__1__-0.3__0.0,eye_pupil__8__logistic__global,eye_pupil,8,logistic,global,1,-0.3,0.0,0.32065338618765954
4,3,eye_pupil__8__logistic__global__1__-0.3__0.3,eye_pupil__8__logistic__global,eye_pupil,8,logistic,global,1,-0.3,0.3,0.3379052696923129
4,3,eye_pupil__8__logistic__global__1__0.0__-0.3,eye_pupil__8__logistic__global,eye_pupil,8,logistic,global,1,0.0,-0.3,0.3500916188786281
4,3,eye_pupil__8__logistic__global__1__0.0__0.0,eye_pupil__8__logistic__global,eye_pupil,8,logistic,global,1,0.0,0.0,0.3345408821607193
4,3,eye_pupil__8__logistic__global__1__0.0__0.3,eye_pupil__8__logistic__global,eye_pupil,8,logistic,global,1,0.0,0.3,0.3269952350668131
4,3,eye_pupil__8__logistic__global__1__0.3__-0.3,eye_pupil__8__logistic__global,eye_pupil,8,logistic,global,1,0.3,-0.3,0.3290403071326447
4,3,eye_pupil__8__logistic__global__1__0.3__0.0,eye_pupil__8__logistic__global,eye_pupil,8,logistic,global,1,0.3,0.0,0.3164111419629093
4,3,eye_pupil__8__logistic__global__1__0.3__0.3,eye_pupil__8__logistic__global,eye_pupil,8,logistic,global,1,0.3,0.3,0.31650702628999183
4,3,eye_pupil__8__logistic__global__4__-0.3__-0.3,eye_pupil__8__logistic__global,eye_pupil,8,logistic,global,4,-0.3,-0.3,0.34121218973962403
4,3,eye_pupil__8__logistic__global__4__-0.3__0.0,eye_pupil__8__logistic__global,eye_pupil,8,logistic,global,4,-0.3,0.0,0.3284708169107028
4,3,eye_pupil__8__logistic__global__4__-0.3__0.3,eye_pupil__8__logistic__global,eye_pupil,8,logistic,global,4,-0.3,0.3,0.340548453770789
4,3,eye_pupil__8__logistic__global__4__0.0__-0.3,eye_pupil__8__logistic__global,eye_pupil,8,logistic,global,4,0.0,-0.3,0.34452178964015856
4,3,eye_pupil__8__logistic__global__4__0.0__0.0,eye_pupil__8__logistic__global,eye_pupil,8,logistic,global,4,0.0,0.0,0.32551232640513755
4,3,eye_pupil__8__logistic__global__4__0.0__0.3,eye_pupil__8__logistic__global,eye_pupil,8,logistic,global,4,0.0,0.3,0.33205043998126027
4,3,eye_pupil__8__logistic__global__4__0.3__-0.3,eye_pupil__8__logistic__global,eye_pupil,8,logistic,global,4,0.3,-0.3,0.32781787643398197
4,3,eye_pupil__8__logistic__global__4__0.3__0.0,eye_pupil__8__logistic__global,eye_pupil,8,logistic,global,4,0.3,0.0,0.3153467578688705
4,3,eye_pupil__8__logistic__global__4__0.3__0.3,eye_pupil__8__logistic__global,eye_pupil,8,logistic,global,4,0.3,0.3,0.3120506165265677
4,3,eye_pupil__8__logistic__participant__1__-0.3__-0.3,eye_pupil__8__logistic__participant,eye_pupil,8,logistic,participant,1,-0.3,-0.3,0.3446107957723346
4,3,eye_pupil__8__logistic__participant__1__-0.3__0.0,eye_pupil__8__logistic__participant,eye_pupil,8,logistic,participant,1,-0.3,0.0,0.3393917096968222
4,3,eye_pupil__8__logistic__participant__1__-0.3__0.3,eye_pupil__8__logistic__participant,eye_pupil,8,logistic,participant,1,-0.3,0.3,0.3294972866652991
4,3,eye_pupil__8__logistic__participant__1__0.0__-0.3,eye_pupil__8__logistic__participant,eye_pupil,8,logistic,participant,1,0.0,-0.3,0.3314854282217508
4,3,eye_pupil__8__logistic__participant__1__0.0__0.0,eye_pupil__8__logistic__participant,eye_pupil,8,logistic,participant,1,0.0,0.0,0.32811942535824007
4,3,eye_pupil__8__logistic__participant__1__0.0__0.3,eye_pupil__8__logistic__participant,eye_pupil,8,logistic,participant,1,0.0,0.3,0.32422421793914386
4,3,eye_pupil__8__logistic__participant__1__0.3__-0.3,eye_pupil__8__logistic__participant,eye_pupil,8,logistic,participant,1,0.3,-0.3,0.32665227146570486
4,3,eye_pupil__8__logistic__participant__1__0.3__0.0,eye_pupil__8__logistic__participant,eye_pupil,8,logistic,participant,1,0.3,0.0,0.3242905575217801
4,3,eye_pupil__8__logistic__participant__1__0.3__0.3,eye_pupil__8__logistic__participant,eye_pupil,8,logistic,participant,1,0.3,0.3,0.31512657123468635
4,3,eye_pupil__8__logistic__participant__4__-0.3__-0.3,eye_pupil__8__logistic__participant,eye_pupil,8,logistic,participant,4,-0.3,-0.3,0.3483863458366485
4,3,eye_pupil__8__logistic__participant__4__-0.3__0.0,eye_pupil__8__logistic__participant,eye_pupil,8,logistic,participant,4,-0.3,0.0,0.3502091386656132
4,3,eye_pupil__8__logistic__participant__4__-0.3__0.3,eye_pupil__8__logistic__participant,eye_pupil,8,logistic,participant,4,-0.3,0.3,0.33210972988919646
4,3,eye_pupil__8__logistic__participant__4__0.0__-0.3,eye_pupil__8__logistic__participant,eye_pupil,8,logistic,participant,4,0.0,-0.3,0.324553572994799
4,3,eye_pupil__8__logistic__participant__4__0.0__0.0,eye_pupil__8__logistic__participant,eye_pupil,8,logistic,participant,4,0.0,0.0,0.3306955538496384
4,3,eye_pupil__8__logistic__participant__4__0.0__0.3,eye_pupil__8__logistic__participant,eye_pupil,8,logistic,participant,4,0.0,0.3,0.333839289653762
4,3,eye_pupil__8__logistic__participant__4__0.3__-0.3,eye_pupil__8__logistic__participant,eye_pupil,8,logistic,participant,4,0.3,-0.3,0.3296204651826934
4,3,eye_pupil__8__logistic__participant__4__0.3__0.0,eye_pupil__8__logistic__participant,eye_pupil,8,logistic,participant,4,0.3,0.0,0.32560919736888494
4,3,eye_pupil__8__logistic__participant__4__0.3__0.3,eye_pupil__8__logistic__participant,eye_pupil,8,logistic,participant,4,0.3,0.3,0.3167327318009138
4,3,eye_pupil__8__ordinal__global__1__-0.3__-0.3,eye_pupil__8__ordinal__global,eye_pupil,8,ordinal,global,1,-0.3,-0.3,0.3332058085853168
4,3,eye_pupil__8__ordinal__global__1__-0.3__0.0,eye_pupil__8__ordinal__global,eye_pupil,8,ordinal,global,1,-0.3,0.0,0.32362099362042085
4,3,eye_pupil__8__ordinal__global__1__-0.3__0.3,eye_pupil__8__ordinal__global,eye_pupil,8,ordinal,global,1,-0.3,0.3,0.33830053198216303
4,3,eye_pupil__8__ordinal__global__1__0.0__-0.3,eye_pupil__8__ordinal__global,eye_pupil,8,ordinal,global,1,0.0,-0.3,0.3504086196987244
4,3,eye_pupil__8__ordinal__global__1__0.0__0.0,eye_pupil__8__ordinal__global,eye_pupil,8,ordinal,global,1,0.0,0.0,0.3355368674954056
4,3,eye_pupil__8__ordinal__global__1__0.0__0.3,eye_pupil__8__ordinal__global,eye_pupil,8,ordinal,global,1,0.0,0.3,0.32507791261392444
4,3,eye_pupil__8__ordinal__global__1__0.3__-0.3,eye_pupil__8__ordinal__global,eye_pupil,8,ordinal,global,1,0.3,-0.3,0.33107068506175696
4,3,eye_pupil__8__ordinal__global__1__0.3__0.0,eye_pupil__8__ordinal__global,eye_pupil,8,ordinal,global,1,0.3,0.0,0.3204240139998159
4,3,eye_pupil__8__ordinal__global__1__0.3__0.3,eye_pupil__8__ordinal__global,eye_pupil,8,ordinal,global,1,0.3,0.3,0.3157721546695549
4,3,eye_pupil__8__ordinal__global__4__-0.3__-0.3,eye_pupil__8__ordinal__global,eye_pupil,8,ordinal,global,4,-0.3,-0.3,0.3429600217869689
4,3,eye_pupil__8__ordinal__global__4__-0.3__0.0,eye_pupil__8__ordinal__global,eye_pupil,8,ordinal,global,4,-0.3,0.0,0.3262519069800906
4,3,eye_pupil__8__ordinal__global__4__-0.3__0.3,eye_pupil__8__ordinal__global,eye_pupil,8,ordinal,global,4,-0.3,0.3,0.3397256046251967
4,3,eye_pupil__8__ordinal__global__4__0.0__-0.3,eye_pupil__8__ordinal__global,eye_pupil,8,ordinal,global,4,0.0,-0.3,0.34817292381590126
4,3,eye_pupil__8__ordinal__global__4__0.0__0.0,eye_pupil__8__ordinal__global,eye_pupil,8,ordinal,global,4,0.0,0.0,0.3255518885128968
4,3,eye_pupil__8__ordinal__global__4__0.0__0.3,eye_pupil__8__ordinal__global,eye_pupil,8,ordinal,global,4,0.0,0.3,0.32972930793442157
4,3,eye_pupil__8__ordinal__global__4__0.3__-0.3,eye_pupil__8__ordinal__global,eye_pupil,8,ordinal,global,4,0.3,-0.3,0.3295978240913586
4,3,eye_pupil__8__ordinal__global__4__0.3__0.0,eye_pupil__8__ordinal__global,eye_pupil,8,ordinal,global,4,0.3,0.0,0.31749993303360113
4,3,eye_pupil__8__ordinal__global__4__0.3__0.3,eye_pupil__8__ordinal__global,eye_pupil,8,ordinal,global,4,0.3,0.3,0.3137370009265879
4,3,eye_pupil__8__ordinal__participant__1__-0.3__-0.3,eye_pupil__8__ordinal__participant,eye_pupil,8,ordinal,participant,1,-0.3,-0.3,0.3419574098404931
4,3,eye_pupil__8__ordinal__participant__1__-0.3__0.0,eye_pupil__8__ordinal__participant,eye_pupil,8,ordinal,participant,1,-0.3,0.0,0.3348933590880124
4,3,eye_pupil__8__ordinal__participant__1__-0.3__0.3,eye_pupil__8__ordinal__participant,eye_pupil,8,ordinal,participant,1,-0.3,0.3,0.32889638294448215
4,3,eye_pupil__8__ordinal__participant__1__0.0__-0.3,eye_pupil__8__ordinal__participant,eye_pupil,8,ordinal,participant,1,0.0,-0.3,0.3313888658001471
4,3,eye_pupil__8__ordinal__participant__1__0.0__0.0,eye_pupil__8__ordinal__participant,eye_pupil,8,ordinal,participant,1,0.0,0.0,0.326620264615689
4,3,eye_pupil__8__ordinal__participant__1__0.0__0.3,eye_pupil__8__ordinal__participant,eye_pupil,8,ordinal,participant,1,0.0,0.3,0.3229851112064218
4,3,eye_pupil__8__ordinal__participant__1__0.3__-0.3,eye_pupil__8__ordinal__participant,eye_pupil,8,ordinal,participant,1,0.3,-0.3,0.3271439438752698
4,3,eye_pupil__8__ordinal__participant__1__0.3__0.0,eye_pupil__8__ordinal__participant,eye_pupil,8,ordinal,participant,1,0.3,0.0,0.32335003082900277
4,3,eye_pupil__8__ordinal__participant__1__0.3__0.3,eye_pupil__8__ordinal__participant,eye_pupil,8,ordinal,participant,1,0.3,0.3,0.31437727743815913
4,3,eye_pupil__8__ordinal__participant__4__-0.3__-0.3,eye_pupil__8__ordinal__participant,eye_pupil,8,ordinal,participant,4,-0.3,-0.3,0.3509234420459118
4,3,eye_pupil__8__ordinal__participant__4__-0.3__0.0,eye_pupil__8__ordinal__participant,eye_pupil,8,ordinal,participant,4,-0.3,0.0,0.3482252838115737
4,3,eye_pupil__8__ordinal__participant__4__-0.3__0.3,eye_pupil__8__ordinal__participant,eye_pupil,8,ordinal,participant,4,-0.3,0.3,0.331239693939828
4,3,eye_pupil__8__ordinal__participant__4__0.0__-0.3,eye_pupil__8__ordinal__participant,eye_pupil,8,ordinal,participant,4,0.0,-0.3,0.32303997014623276
4,3,eye_pupil__8__ordinal__participant__4__0.0__0.0,eye_pupil__8__ordinal__participant,eye_pupil,8,ordinal,participant,4,0.0,0.0,0.33094247279221584
4,3,eye_pupil__8__ordinal__participant__4__0.0__0.3,eye_pupil__8__ordinal__participant,eye_pupil,8,ordinal,participant,4,0.0,0.3,0.3320734878022488
4,3,eye_pupil__8__ordinal__participant__4__0.3__-0.3,eye_pupil__8__ordinal__participant,eye_pupil,8,ordinal,participant,4,0.3,-0.3,0.3313978469781068
4,3,eye_pupil__8__ordinal__participant__4__0.3__0.0,eye_pupil__8__ordinal__participant,eye_pupil,8,ordinal,participant,4,0.3,0.0,0.3263327838645262
4,3,eye_pupil__8__ordinal__participant__4__0.3__0.3,eye_pupil__8__ordinal__participant,eye_pupil,8,ordinal,participant,4,0.3,0.3,0.3162795491995963
4,3,eye_pupil__8__catboost__global__1__-0.3__-0.3,eye_pupil__8__catboost__global,eye_pupil,8,catboost,global,1,-0.3,-0.3,0.31749872104651833
4,3,eye_pupil__8__catboost__global__1__-0.3__0.0,eye_pupil__8__catboost__global,eye_pupil,8,catboost,global,1,-0.3,0.0,0.31932233128491816
4,3,eye_pupil__8__catboost__global__1__-0.3__0.3,eye_pupil__8__catboost__global,eye_pupil,8,catboost,global,1,-0.3,0.3,0.3190177809329622
4,3,eye_pupil__8__catboost__global__1__0.0__-0.3,eye_pupil__8__catboost__global,eye_pupil,8,catboost,global,1,0.0,-0.3,0.31588604594371283
4,3,eye_pupil__8__catboost__global__1__0.0__0.0,eye_pupil__8__catboost__global,eye_pupil,8,catboost,global,1,0.0,0.0,0.316699526930742
4,3,eye_pupil__8__catboost__global__1__0.0__0.3,eye_pupil__8__catboost__global,eye_pupil,8,catboost,global,1,0.0,0.3,0.317686456180945
4,3,eye_pupil__8__catboost__global__1__0.3__-0.3,eye_pupil__8__catboost__global,eye_pupil,8,catboost,global,1,0.3,-0.3,0.3320779353699369
4,3,eye_pupil__8__catboost__global__1__0.3__0.0,eye_pupil__8__catboost__global,eye_pupil,8,catboost,global,1,0.3,0.0,0.3327376651338062
4,3,eye_pupil__8__catboost__global__1__0.3__0.3,eye_pupil__8__catboost__global,eye_pupil,8,catboost,global,1,0.3,0.3,0.31098053744410675
4,3,eye_pupil__8__catboost__global__4__-0.3__-0.3,eye_pupil__8__catboost__global,eye_pupil,8,catboost,global,4,-0.3,-0.3,0.3261085267309547
4,3,eye_pupil__8__catboost__global__4__-0.3__0.0,eye_pupil__8__catboost__global,eye_pupil,8,catboost,global,4,-0.3,0.0,0.3138922665620244
4,3,eye_pupil__8__catboost__global__4__-0.3__0.3,eye_pupil__8__catboost__global,eye_pupil,8,catboost,global,4,-0.3,0.3,0.3185840516408221
4,3,eye_pupil__8__catboost__global__4__0.0__-0.3,eye_pupil__8__catboost__global,eye_pupil,8,catboost,global,4,0.0,-0.3,0.32835671371134656
4,3,eye_pupil__8__catboost__global__4__0.0__0.0,eye_pupil__8__catboost__global,eye_pupil,8,catboost,global,4,0.0,0.0,0.31877726794206596
4,3,eye_pupil__8__catboost__global__4__0.0__0.3,eye_pupil__8__catboost__global,eye_pupil,8,catboost,global,4,0.0,0.3,0.3171050181464922
4,3,eye_pupil__8__catboost__global__4__0.3__-0.3,eye_pupil__8__catboost__global,eye_pupil,8,catboost,global,4,0.3,-0.3,0.33609872739768515
4,3,eye_pupil__8__catboost__global__4__0.3__0.0,eye_pupil__8__catboost__global,eye_pupil,8,catboost,global,4,0.3,0.0,0.3315768351107398
4,3,eye_pupil__8__catboost__global__4__0.3__0.3,eye_pupil__8__catboost__global,eye_pupil,8,catboost,global,4,0.3,0.3,0.31265611312314784
4,3,eye_pupil__8__catboost__participant__1__-0.3__-0.3,eye_pupil__8__catboost__participant,eye_pupil,8,catboost,participant,1,-0.3,-0.3,0.32207552646053184
4,3,eye_pupil__8__catboost__participant__1__-0.3__0.0,eye_pupil__8__catboost__participant,eye_pupil,8,catboost,participant,1,-0.3,0.0,0.32108242531153697
4,3,eye_pupil__8__catboost__participant__1__-0.3__0.3,eye_pupil__8__catboost__participant,eye_pupil,8,catboost,participant,1,-0.3,0.3,0.3329809563285271
4,3,eye_pupil__8__catboost__participant__1__0.0__-0.3,eye_pupil__8__catboost__participant,eye_pupil,8,catboost,participant,1,0.0,-0.3,0.3249238995568219
4,3,eye_pupil__8__catboost__participant__1__0.0__0.0,eye_pupil__8__catboost__participant,eye_pupil,8,catboost,participant,1,0.0,0.0,0.3180133798422568
4,3,eye_pupil__8__catboost__participant__1__0.0__0.3,eye_pupil__8__catboost__participant,eye_pupil,8,catboost,participant,1,0.0,0.3,0.3292010359816564
4,3,eye_pupil__8__catboost__participant__1__0.3__-0.3,eye_pupil__8__catboost__participant,eye_pupil,8,catboost,participant,1,0.3,-0.3,0.3281092464269812
4,3,eye_pupil__8__catboost__participant__1__0.3__0.0,eye_pupil__8__catboost__participant,eye_pupil,8,catboost,participant,1,0.3,0.0,0.3224561211661776
4,3,eye_pupil__8__catboost__participant__1__0.3__0.3,eye_pupil__8__catboost__participant,eye_pupil,8,catboost,participant,1,0.3,0.3,0.3193767104905324
4,3,eye_pupil__8__catboost__participant__4__-0.3__-0.3,eye_pupil__8__catboost__participant,eye_pupil,8,catboost,participant,4,-0.3,-0.3,0.333728319874347
4,3,eye_pupil__8__catboost__participant__4__-0.3__0.0,eye_pupil__8__catboost__participant,eye_pupil,8,catboost,participant,4,-0.3,0.0,0.3201754445744026
4,3,eye_pupil__8__catboost__participant__4__-0.3__0.3,eye_pupil__8__catboost__participant,eye_pupil,8,catboost,participant,4,-0.3,0.3,0.33405907246072686
4,3,eye_pupil__8__catboost__participant__4__0.0__-0.3,eye_pupil__8__catboost__participant,eye_pupil,8,catboost,participant,4,0.0,-0.3,0.3294708647873803
4,3,eye_pupil__8__catboost__participant__4__0.0__0.0,eye_pupil__8__catboost__participant,eye_pupil,8,catboost,participant,4,0.0,0.0,0.32160656498661666
4,3,eye_pupil__8__catboost__participant__4__0.0__0.3,eye_pupil__8__catboost__participant,eye_pupil,8,catboost,participant,4,0.0,0.3,0.33593516687205427
4,3,eye_pupil__8__catboost__participant__4__0.3__-0.3,eye_pupil__8__catboost__participant,eye_pupil,8,catboost,participant,4,0.3,-0.3,0.32688363110557234
4,3,eye_pupil__8__catboost__participant__4__0.3__0.0,eye_pupil__8__catboost__participant,eye_pupil,8,catboost,participant,4,0.3,0.0,0.32070448592355155
4,3,eye_pupil__8__catboost__participant__4__0.3__0.3,eye_pupil__8__catboost__participant,eye_pupil,8,catboost,participant,4,0.3,0.3,0.3224927940475276
4,3,full__1__logistic__global__1__-0.3__-0.3,full__1__logistic__global,full,1,logistic,global,1,-0.3,-0.3,0.32313371048634454
4,3,full__1__logistic__global__1__-0.3__0.0,full__1__logistic__global,full,1,logistic,global,1,-0.3,0.0,0.31729518425316333
4,3,full__1__logistic__global__1__-0.3__0.3,full__1__logistic__global,full,1,logistic,global,1,-0.3,0.3,0.34115987230080025
4,3,full__1__logistic__global__1__0.0__-0.3,full__1__logistic__global,full,1,logistic,global,1,0.0,-0.3,0.3304389826209251
4,3,full__1__logistic__global__1__0.0__0.0,full__1__logistic__global,full,1,logistic,global,1,0.0,0.0,0.3210667734087732
4,3,full__1__logistic__global__1__0.0__0.3,full__1__logistic__global,full,1,logistic,global,1,0.0,0.3,0.34099108603484285
4,3,full__1__logistic__global__1__0.3__-0.3,full__1__logistic__global,full,1,logistic,global,1,0.3,-0.3,0.3291151990858091
4,3,full__1__logistic__global__1__0.3__0.0,full__1__logistic__global,full,1,logistic,global,1,0.3,0.0,0.3312441764085869
4,3,full__1__logistic__global__1__0.3__0.3,full__1__logistic__global,full,1,logistic,global,1,0.3,0.3,0.31896966667138227
4,3,full__1__logistic__global__4__-0.3__-0.3,full__1__logistic__global,full,1,logistic,global,4,-0.3,-0.3,0.33090794153727887
4,3,full__1__logistic__global__4__-0.3__0.0,full__1__logistic__global,full,1,logistic,global,4,-0.3,0.0,0.3020257205656488
4,3,full__1__logistic__global__4__-0.3__0.3,full__1__logistic__global,full,1,logistic,global,4,-0.3,0.3,0.347303034527633
4,3,full__1__logistic__global__4__0.0__-0.3,full__1__logistic__global,full,1,logistic,global,4,0.0,-0.3,0.33246068077812513
4,3,full__1__logistic__global__4__0.0__0.0,full__1__logistic__global,full,1,logistic,global,4,0.0,0.0,0.3093185975422943
4,3,full__1__logistic__global__4__0.0__0.3,full__1__logistic__global,full,1,logistic,global,4,0.0,0.3,0.3504797704311827
4,3,full__1__logistic__global__4__0.3__-0.3,full__1__logistic__global,full,1,logistic,global,4,0.3,-0.3,0.33763529596229586
4,3,full__1__logistic__global__4__0.3__0.0,full__1__logistic__global,full,1,logistic,global,4,0.3,0.0,0.33670131911446555
4,3,full__1__logistic__global__4__0.3__0.3,full__1__logistic__global,full,1,logistic,global,4,0.3,0.3,0.3207504375605733
4,3,full__1__logistic__participant__1__-0.3__-0.3,full__1__logistic__participant,full,1,logistic,participant,1,-0.3,-0.3,0.32499965590246915
4,3,full__1__logistic__participant__1__-0.3__0.0,full__1__logistic__participant,full,1,logistic,participant,1,-0.3,0.0,0.335748027879865
4,3,full__1__logistic__participant__1__-0.3__0.3,full__1__logistic__participant,full,1,logistic,participant,1,-0.3,0.3,0.3445601701324284
4,3,full__1__logistic__participant__1__0.0__-0.3,full__1__logistic__participant,full,1,logistic,participant,1,0.0,-0.3,0.3379665953135606
4,3,full__1__logistic__participant__1__0.0__0.0,full__1__logistic__participant,full,1,logistic,participant,1,0.0,0.0,0.34267641259353937
4,3,full__1__logistic__participant__1__0.0__0.3,full__1__logistic__participant,full,1,logistic,participant,1,0.0,0.3,0.3398390638505648
4,3,full__1__logistic__participant__1__0.3__-0.3,full__1__logistic__participant,full,1,logistic,participant,1,0.3,-0.3,0.3342161295341607
4,3,full__1__logistic__participant__1__0.3__0.0,full__1__logistic__participant,full,1,logistic,participant,1,0.3,0.0,0.3369538130773324
4,3,full__1__logistic__participant__1__0.3__0.3,full__1__logistic__participant,full,1,logistic,participant,1,0.3,0.3,0.33135540245464273
4,3,full__1__logistic__participant__4__-0.3__-0.3,full__1__logistic__participant,full,1,logistic,participant,4,-0.3,-0.3,0.322938497284863
4,3,full__1__logistic__participant__4__-0.3__0.0,full__1__logistic__participant,full,1,logistic,participant,4,-0.3,0.0,0.3297798760578537
4,3,full__1__logistic__participant__4__-0.3__0.3,full__1__logistic__participant,full,1,logistic,participant,4,-0.3,0.3,0.35088367846111107
4,3,full__1__logistic__participant__4__0.0__-0.3,full__1__logistic__participant,full,1,logistic,participant,4,0.0,-0.3,0.34590989271335204
4,3,full__1__logistic__participant__4__0.0__0.0,full__1__logistic__participant,full,1,logistic,participant,4,0.0,0.0,0.3418420421448366
4,3,full__1__logistic__participant__4__0.0__0.3,full__1__logistic__participant,full,1,logistic,participant,4,0.0,0.3,0.3413422479694973
4,3,full__1__logistic__participant__4__0.3__-0.3,full__1__logistic__participant,full,1,logistic,participant,4,0.3,-0.3,0.33840217584873683
4,3,full__1__logistic__participant__4__0.3__0.0,full__1__logistic__participant,full,1,logistic,participant,4,0.3,0.0,0.3426595912440995
4,3,full__1__logistic__participant__4__0.3__0.3,full__1__logistic__participant,full,1,logistic,participant,4,0.3,0.3,0.3348608886146604
4,3,full__1__ordinal__global__1__-0.3__-0.3,full__1__ordinal__global,full,1,ordinal,global,1,-0.3,-0.3,0.3293124722710836
4,3,full__1__ordinal__global__1__-0.3__0.0,full__1__ordinal__global,full,1,ordinal,global,1,-0.3,0.0,0.3217699652986581
4,3,full__1__ordinal__global__1__-0.3__0.3,full__1__ordinal__global,full,1,ordinal,global,1,-0.3,0.3,0.3403677215345252
4,3,full__1__ordinal__global__1__0.0__-0.3,full__1__ordinal__global,full,1,ordinal,global,1,0.0,-0.3,0.33380483037288305
4,3,full__1__ordinal__global__1__0.0__0.0,full__1__ordinal__global,full,1,ordinal,global,1,0.0,0.0,0.3250737905556512
4,3,full__1__ordinal__global__1__0.0__0.3,full__1__ordinal__global,full,1,ordinal,global,1,0.0,0.3,0.34058677000951054
4,3,full__1__ordinal__global__1__0.3__-0.3,full__1__ordinal__global,full,1,ordinal,global,1,0.3,-0.3,0.33150318206140994
4,3,full__1__ordinal__global__1__0.3__0.0,full__1__ordinal__global,full,1,ordinal,global,1,0.3,0.0,0.33355455058947364
4,3,full__1__ordinal__global__1__0.3__0.3,full__1__ordinal__global,full,1,ordinal,global,1,0.3,0.3,0.31951651625010197
4,3,full__1__ordinal__global__4__-0.3__-0.3,full__1__ordinal__global,full,1,ordinal,global,4,-0.3,-0.3,0.3357963353688828
4,3,full__1__ordinal__global__4__-0.3__0.0,full__1__ordinal__global,full,1,ordinal,global,4,-0.3,0.0,0.3050380374076418
4,3,full__1__ordinal__global__4__-0.3__0.3,full__1__ordinal__global,full,1,ordinal,global,4,-0.3,0.3,0.3445476344427127
4,3,full__1__ordinal__global__4__0.0__-0.3,full__1__ordinal__global,full,1,ordinal,global,4,0.0,-0.3,0.33769871197282386
4,3,full__1__ordinal__global__4__0.0__0.0,full__1__ordinal__global,full,1,ordinal,global,4,0.0,0.0,0.3086545316482945
4,3,full__1__ordinal__global__4__0.0__0.3,full__1__ordinal__global,full,1,ordinal,global,4,0.0,0.3,0.34931412342873946
4,3,full__1__ordinal__global__4__0.3__-0.3,full__1__ordinal__global,full,1,ordinal,global,4,0.3,-0.3,0.3357216363543193
4,3,full__1__ordinal__global__4__0.3__0.0,full__1__ordinal__global,full,1,ordinal,global,4,0.3,0.0,0.3359244568083502
4,3,full__1__ordinal__global__4__0.3__0.3,full__1__ordinal__global,full,1,ordinal,global,4,0.3,0.3,0.3198196584322328
4,3,full__1__ordinal__participant__1__-0.3__-0.3,full__1__ordinal__participant,full,1,ordinal,participant,1,-0.3,-0.3,0.3295716107704349
4,3,full__1__ordinal__participant__1__-0.3__0.0,full__1__ordinal__participant,full,1,ordinal,participant,1,-0.3,0.0,0.3332013577461118
4,3,full__1__ordinal__participant__1__-0.3__0.3,full__1__ordinal__participant,full,1,ordinal,participant,1,-0.3,0.3,0.3477512882894094
4,3,full__1__ordinal__participant__1__0.0__-0.3,full__1__ordinal__participant,full,1,ordinal,participant,1,0.0,-0.3,0.33329145070606575
4,3,full__1__ordinal__participant__1__0.0__0.0,full__1__ordinal__participant,full,1,ordinal,participant,1,0.0,0.0,0.3378436968753361
4,3,full__1__ordinal__participant__1__0.0__0.3,full__1__ordinal__participant,full,1,ordinal,participant,1,0.0,0.3,0.33743138831101854
4,3,full__1__ordinal__participant__1__0.3__-0.3,full__1__ordinal__participant,full,1,ordinal,participant,1,0.3,-0.3,0.330862085823773
4,3,full__1__ordinal__participant__1__0.3__0.0,full__1__ordinal__participant,full,1,ordinal,participant,1,0.3,0.0,0.33323545638673124
4,3,full__1__ordinal__participant__1__0.3__0.3,full__1__ordinal__participant,full,1,ordinal,participant,1,0.3,0.3,0.3274148490775956
4,3,full__1__ordinal__participant__4__-0.3__-0.3,full__1__ordinal__participant,full,1,ordinal,participant,4,-0.3,-0.3,0.32173594500357294
4,3,full__1__ordinal__participant__4__-0.3__0.0,full__1__ordinal__participant,full,1,ordinal,participant,4,-0.3,0.0,0.32993495722364724
4,3,full__1__ordinal__participant__4__-0.3__0.3,full__1__ordinal__participant,full,1,ordinal,participant,4,-0.3,0.3,0.3492671687610039
4,3,full__1__ordinal__participant__4__0.0__-0.3,full__1__ordinal__participant,full,1,ordinal,participant,4,0.0,-0.3,0.34375854245733695
4,3,full__1__ordinal__participant__4__0.0__0.0,full__1__ordinal__participant,full,1,ordinal,participant,4,0.0,0.0,0.34228831973161405
4,3,full__1__ordinal__participant__4__0.0__0.3,full__1__ordinal__participant,full,1,ordinal,participant,4,0.0,0.3,0.3390045009894967
4,3,full__1__ordinal__participant__4__0.3__-0.3,full__1__ordinal__participant,full,1,ordinal,participant,4,0.3,-0.3,0.33468520122801865
4,3,full__1__ordinal__participant__4__0.3__0.0,full__1__ordinal__participant,full,1,ordinal,participant,4,0.3,0.0,0.34035528685432365
4,3,full__1__ordinal__participant__4__0.3__0.3,full__1__ordinal__participant,full,1,ordinal,participant,4,0.3,0.3,0.33297381239617585
4,3,full__1__catboost__global__1__-0.3__-0.3,full__1__catboost__global,full,1,catboost,global,1,-0.3,-0.3,0.31891190450126045
4,3,full__1__catboost__global__1__-0.3__0.0,full__1__catboost__global,full,1,catboost,global,1,-0.3,0.0,0.323197789724814
4,3,full__1__catboost__global__1__-0.3__0.3,full__1__catboost__global,full,1,catboost,global,1,-0.3,0.3,0.33361503846971147
4,3,full__1__catboost__global__1__0.0__-0.3,full__1__catboost__global,full,1,catboost,global,1,0.0,-0.3,0.325959823565825
4,3,full__1__catboost__global__1__0.0__0.0,full__1__catboost__global,full,1,catboost,global,1,0.0,0.0,0.32237083937446515
4,3,full__1__catboost__global__1__0.0__0.3,full__1__catboost__global,full,1,catboost,global,1,0.0,0.3,0.33918049090038194
4,3,full__1__catboost__global__1__0.3__-0.3,full__1__catboost__global,full,1,catboost,global,1,0.3,-0.3,0.34048085402060635
4,3,full__1__catboost__global__1__0.3__0.0,full__1__catboost__global,full,1,catboost,global,1,0.3,0.0,0.33806656377284156
4,3,full__1__catboost__global__1__0.3__0.3,full__1__catboost__global,full,1,catboost,global,1,0.3,0.3,0.32696495984824214
4,3,full__1__catboost__global__4__-0.3__-0.3,full__1__catboost__global,full,1,catboost,global,4,-0.3,-0.3,0.3221617929174233
4,3,full__1__catboost__global__4__-0.3__0.0,full__1__catboost__global,full,1,catboost,global,4,-0.3,0.0,0.31403933086776065
4,3,full__1__catboost__global__4__-0.3__0.3,full__1__catboost__global,full,1,catboost,global,4,-0.3,0.3,0.33109248190004753
4,3,full__1__catboost__global__4__0.0__-0.3,full__1__catboost__global,full,1,catboost,global,4,0.0,-0.3,0.3333132800082027
4,3,full__1__catboost__global__4__0.0__0.0,full__1__catboost__global,full,1,catboost,global,4,0.0,0.0,0.3208576794949373
4,3,full__1__catboost__global__4__0.0__0.3,full__1__catboost__global,full,1,catboost,global,4,0.0,0.3,0.33683052561467497
4,3,full__1__catboost__global__4__0.3__-0.3,full__1__catboost__global,full,1,catboost,global,4,0.3,-0.3,0.3441745737660219
4,3,full__1__catboost__global__4__0.3__0.0,full__1__catboost__global,full,1,catboost,global,4,0.3,0.0,0.3370145815209687
4,3,full__1__catboost__global__4__0.3__0.3,full__1__catboost__global,full,1,catboost,global,4,0.3,0.3,0.33292789525731964
4,3,full__1__catboost__participant__1__-0.3__-0.3,full__1__catboost__participant,full,1,catboost,participant,1,-0.3,-0.3,0.32474179408336457
4,3,full__1__catboost__participant__1__-0.3__0.0,full__1__catboost__participant,full,1,catboost,participant,1,-0.3,0.0,0.3218625380059547
4,3,full__1__catboost__participant__1__-0.3__0.3,full__1__catboost__participant,full,1,catboost,participant,1,-0.3,0.3,0.3336991278166884
4,3,full__1__catboost__participant__1__0.0__-0.3,full__1__catboost__participant,full,1,catboost,participant,1,0.0,-0.3,0.3297872600185729
4,3,full__1__catboost__participant__1__0.0__0.0,full__1__catboost__participant,full,1,catboost,participant,1,0.0,0.0,0.3355845730527013
4,3,full__1__catboost__participant__1__0.0__0.3,full__1__catboost__participant,full,1,catboost,participant,1,0.0,0.3,0.33403699824457334
4,3,full__1__catboost__participant__1__0.3__-0.3,full__1__catboost__participant,full,1,catboost,participant,1,0.3,-0.3,0.3317907718897641
4,3,full__1__catboost__participant__1__0.3__0.0,full__1__catboost__participant,full,1,catboost,participant,1,0.3,0.0,0.33002719943709824
4,3,full__1__catboost__participant__1__0.3__0.3,full__1__catboost__participant,full,1,catboost,participant,1,0.3,0.3,0.3320062539853821
4,3,full__1__catboost__participant__4__-0.3__-0.3,full__1__catboost__participant,full,1,catboost,participant,4,-0.3,-0.3,0.3214619334615886
4,3,full__1__catboost__participant__4__-0.3__0.0,full__1__catboost__participant,full,1,catboost,participant,4,-0.3,0.0,0.31845694755242426
4,3,full__1__catboost__participant__4__-0.3__0.3,full__1__catboost__participant,full,1,catboost,participant,4,-0.3,0.3,0.3320881440655604
4,3,full__1__catboost__participant__4__0.0__-0.3,full__1__catboost__participant,full,1,catboost,participant,4,0.0,-0.3,0.33034897484100273
4,3,full__1__catboost__participant__4__0.0__0.0,full__1__catboost__participant,full,1,catboost,participant,4,0.0,0.0,0.34591862978297594
4,3,full__1__catboost__participant__4__0.0__0.3,full__1__catboost__participant,full,1,catboost,participant,4,0.0,0.3,0.3344339738647909
4,3,full__1__catboost__participant__4__0.3__-0.3,full__1__catboost__participant,full,1,catboost,participant,4,0.3,-0.3,0.3271874458479291
4,3,full__1__catboost__participant__4__0.3__0.0,full__1__catboost__participant,full,1,catboost,participant,4,0.3,0.0,0.328047580123431
4,3,full__1__catboost__participant__4__0.3__0.3,full__1__catboost__participant,full,1,catboost,participant,4,0.3,0.3,0.3431978076758247
4,3,full__8__logistic__global__1__-0.3__-0.3,full__8__logistic__global,full,8,logistic,global,1,-0.3,-0.3,0.35036259772613915
4,3,full__8__logistic__global__1__-0.3__0.0,full__8__logistic__global,full,8,logistic,global,1,-0.3,0.0,0.34805754569470326
4,3,full__8__logistic__global__1__-0.3__0.3,full__8__logistic__global,full,8,logistic,global,1,-0.3,0.3,0.3420883701872471
4,3,full__8__logistic__global__1__0.0__-0.3,full__8__logistic__global,full,8,logistic,global,1,0.0,-0.3,0.34801391023707373
4,3,full__8__logistic__global__1__0.0__0.0,full__8__logistic__global,full,8,logistic,global,1,0.0,0.0,0.3452001778968934
4,3,full__8__logistic__global__1__0.0__0.3,full__8__logistic__global,full,8,logistic,global,1,0.0,0.3,0.3394947309229292
4,3,full__8__logistic__global__1__0.3__-0.3,full__8__logistic__global,full,8,logistic,global,1,0.3,-0.3,0.3387825720913327
4,3,full__8__logistic__global__1__0.3__0.0,full__8__logistic__global,full,8,logistic,global,1,0.3,0.0,0.34049598903927664
4,3,full__8__logistic__global__1__0.3__0.3,full__8__logistic__global,full,8,logistic,global,1,0.3,0.3,0.3349269053884267
4,3,full__8__logistic__global__4__-0.3__-0.3,full__8__logistic__global,full,8,logistic,global,4,-0.3,-0.3,0.3515929848759755
4,3,full__8__logistic__global__4__-0.3__0.0,full__8__logistic__global,full,8,logistic,global,4,-0.3,0.0,0.3532498905166652
4,3,full__8__logistic__global__4__-0.3__0.3,full__8__logistic__global,full,8,logistic,global,4,-0.3,0.3,0.3471240490698437
4,3,full__8__logistic__global__4__0.0__-0.3,full__8__logistic__global,full,8,logistic,global,4,0.0,-0.3,0.3573444507202019
4,3,full__8__logistic__global__4__0.0__0.0,full__8__logistic__global,full,8,logistic,global,4,0.0,0.0,0.3525781324678181
4,3,full__8__logistic__global__4__0.0__0.3,full__8__logistic__global,full,8,logistic,global,4,0.0,0.3,0.338996129973619
4,3,full__8__logistic__global__4__0.3__-0.3,full__8__logistic__global,full,8,logistic,global,4,0.3,-0.3,0.3353321132009303
4,3,full__8__logistic__global__4__0.3__0.0,full__8__logistic__global,full,8,logistic,global,4,0.3,0.0,0.3372362746514623
4,3,full__8__logistic__global__4__0.3__0.3,full__8__logistic__global,full,8,logistic,global,4,0.3,0.3,0.32881590716579834
4,3,full__8__logistic__participant__1__-0.3__-0.3,full__8__logistic__participant,full,8,logistic,participant,1,-0.3,-0.3,0.3595521533720861
4,3,full__8__logistic__participant__1__-0.3__0.0,full__8__logistic__participant,full,8,logistic,participant,1,-0.3,0.0,0.3560042446127244
4,3,full__8__logistic__participant__1__-0.3__0.3,full__8__logistic__participant,full,8,logistic,participant,1,-0.3,0.3,0.3455157186467759
4,3,full__8__logistic__participant__1__0.0__-0.3,full__8__logistic__participant,full,8,logistic,participant,1,0.0,-0.3,0.35225612041899534
4,3,full__8__logistic__participant__1__0.0__0.0,full__8__logistic__participant,full,8,logistic,participant,1,0.0,0.0,0.3517515618970361
4,3,full__8__logistic__participant__1__0.0__0.3,full__8__logistic__participant,full,8,logistic,participant,1,0.0,0.3,0.3545264514603439
4,3,full__8__logistic__participant__1__0.3__-0.3,full__8__logistic__participant,full,8,logistic,participant,1,0.3,-0.3,0.34867382239766137
4,3,full__8__logistic__participant__1__0.3__0.0,full__8__logistic__participant,full,8,logistic,participant,1,0.3,0.0,0.35204327555042725
4,3,full__8__logistic__participant__1__0.3__0.3,full__8__logistic__participant,full,8,logistic,participant,1,0.3,0.3,0.35189321521233013
4,3,full__8__logistic__participant__4__-0.3__-0.3,full__8__logistic__participant,full,8,logistic,participant,4,-0.3,-0.3,0.3648490449302104
4,3,full__8__logistic__participant__4__-0.3__0.0,full__8__logistic__participant,full,8,logistic,participant,4,-0.3,0.0,0.34972623341144216
4,3,full__8__logistic__participant__4__-0.3__0.3,full__8__logistic__participant,full,8,logistic,participant,4,-0.3,0.3,0.3517626716663206
4,3,full__8__logistic__participant__4__0.0__-0.3,full__8__logistic__participant,full,8,logistic,participant,4,0.0,-0.3,0.3440424821809019
4,3,full__8__logistic__participant__4__0.0__0.0,full__8__logistic__participant,full,8,logistic,participant,4,0.0,0.0,0.3446814157078355
4,3,full__8__logistic__participant__4__0.0__0.3,full__8__logistic__participant,full,8,logistic,participant,4,0.0,0.3,0.3517986203820377
4,3,full__8__logistic__participant__4__0.3__-0.3,full__8__logistic__participant,full,8,logistic,participant,4,0.3,-0.3,0.34320424822278295
4,3,full__8__logistic__participant__4__0.3__0.0,full__8__logistic__participant,full,8,logistic,participant,4,0.3,0.0,0.3416866723342518
4,3,full__8__logistic__participant__4__0.3__0.3,full__8__logistic__participant,full,8,logistic,participant,4,0.3,0.3,0.34782590236620226
4,3,full__8__ordinal__global__1__-0.3__-0.3,full__8__ordinal__global,full,8,ordinal,global,1,-0.3,-0.3,0.3503176416209167
4,3,full__8__ordinal__global__1__-0.3__0.0,full__8__ordinal__global,full,8,ordinal,global,1,-0.3,0.0,0.3538388466710229
4,3,full__8__ordinal__global__1__-0.3__0.3,full__8__ordinal__global,full,8,ordinal,global,1,-0.3,0.3,0.34848010752265607
4,3,full__8__ordinal__global__1__0.0__-0.3,full__8__ordinal__global,full,8,ordinal,global,1,0.0,-0.3,0.3526544680055688
4,3,full__8__ordinal__global__1__0.0__0.0,full__8__ordinal__global,full,8,ordinal,global,1,0.0,0.0,0.34968616473958675
4,3,full__8__ordinal__global__1__0.0__0.3,full__8__ordinal__global,full,8,ordinal,global,1,0.0,0.3,0.3458647561367655
4,3,full__8__ordinal__global__1__0.3__-0.3,full__8__ordinal__global,full,8,ordinal,global,1,0.3,-0.3,0.34187072058264273
4,3,full__8__ordinal__global__1__0.3__0.0,full__8__ordinal__global,full,8,ordinal,global,1,0.3,0.0,0.344819018775263
4,3,full__8__ordinal__global__1__0.3__0.3,full__8__ordinal__global,full,8,ordinal,global,1,0.3,0.3,0.33967659071393214
4,3,full__8__ordinal__global__4__-0.3__-0.3,full__8__ordinal__global,full,8,ordinal,global,4,-0.3,-0.3,0.353436822726308
4,3,full__8__ordinal__global__4__-0.3__0.0,full__8__ordinal__global,full,8,ordinal,global,4,-0.3,0.0,0.3554087923315523
4,3,full__8__ordinal__global__4__-0.3__0.3,full__8__ordinal__global,full,8,ordinal,global,4,-0.3,0.3,0.35209644774123294
4,3,full__8__ordinal__global__4__0.0__-0.3,full__8__ordinal__global,full,8,ordinal,global,4,0.0,-0.3,0.3630917397767077
4,3,full__8__ordinal__global__4__0.0__0.0,full__8__ordinal__global,full,8,ordinal,global,4,0.0,0.0,0.3587989008781581
4,3,full__8__ordinal__global__4__0.0__0.3,full__8__ordinal__global,full,8,ordinal,global,4,0.0,0.3,0.3447724201079909
4,3,full__8__ordinal__global__4__0.3__-0.3,full__8__ordinal__global,full,8,ordinal,global,4,0.3,-0.3,0.3324911305797378
4,3,full__8__ordinal__global__4__0.3__0.0,full__8__ordinal__global,full,8,ordinal,global,4,0.3,0.0,0.3342151301545222
4,3,full__8__ordinal__global__4__0.3__0.3,full__8__ordinal__global,full,8,ordinal,global,4,0.3,0.3,0.3294345391271319
4,3,full__8__ordinal__participant__1__-0.3__-0.3,full__8__ordinal__participant,full,8,ordinal,participant,1,-0.3,-0.3,0.366874882877073
4,3,full__8__ordinal__participant__1__-0.3__0.0,full__8__ordinal__participant,full,8,ordinal,participant,1,-0.3,0.0,0.3587396695209401
4,3,full__8__ordinal__participant__1__-0.3__0.3,full__8__ordinal__participant,full,8,ordinal,participant,1,-0.3,0.3,0.35028495347149413
4,3,full__8__ordinal__participant__1__0.0__-0.3,full__8__ordinal__participant,full,8,ordinal,participant,1,0.0,-0.3,0.3532530063946584
4,3,full__8__ordinal__participant__1__0.0__0.0,full__8__ordinal__participant,full,8,ordinal,participant,1,0.0,0.0,0.3533521813595331
4,3,full__8__ordinal__participant__1__0.0__0.3,full__8__ordinal__participant,full,8,ordinal,participant,1,0.0,0.3,0.3537592949633474
4,3,full__8__ordinal__participant__1__0.3__-0.3,full__8__ordinal__participant,full,8,ordinal,participant,1,0.3,-0.3,0.34642892879712084
4,3,full__8__ordinal__participant__1__0.3__0.0,full__8__ordinal__participant,full,8,ordinal,participant,1,0.3,0.0,0.3520661057373388
4,3,full__8__ordinal__participant__1__0.3__0.3,full__8__ordinal__participant,full,8,ordinal,participant,1,0.3,0.3,0.34896046426754473
4,3,full__8__ordinal__participant__4__-0.3__-0.3,full__8__ordinal__participant,full,8,ordinal,participant,4,-0.3,-0.3,0.36450153611598407
4,3,full__8__ordinal__participant__4__-0.3__0.0,full__8__ordinal__participant,full,8,ordinal,participant,4,-0.3,0.0,0.3519979382068932
4,3,full__8__ordinal__participant__4__-0.3__0.3,full__8__ordinal__participant,full,8,ordinal,participant,4,-0.3,0.3,0.35612102388475425
4,3,full__8__ordinal__participant__4__0.0__-0.3,full__8__ordinal__participant,full,8,ordinal,participant,4,0.0,-0.3,0.3425349882217701
4,3,full__8__ordinal__participant__4__0.0__0.0,full__8__ordinal__participant,full,8,ordinal,participant,4,0.0,0.0,0.34535282478846074
4,3,full__8__ordinal__participant__4__0.0__0.3,full__8__ordinal__participant,full,8,ordinal,participant,4,0.0,0.3,0.3479253464876402
4,3,full__8__ordinal__participant__4__0.3__-0.3,full__8__ordinal__participant,full,8,ordinal,participant,4,0.3,-0.3,0.34214516032356895
4,3,full__8__ordinal__participant__4__0.3__0.0,full__8__ordinal__participant,full,8,ordinal,participant,4,0.3,0.0,0.3419228670698967
4,3,full__8__ordinal__participant__4__0.3__0.3,full__8__ordinal__participant,full,8,ordinal,participant,4,0.3,0.3,0.3476112162569847
4,3,full__8__catboost__global__1__-0.3__-0.3,full__8__catboost__global,full,8,catboost,global,1,-0.3,-0.3,0.3254969451621643
4,3,full__8__catboost__global__1__-0.3__0.0,full__8__catboost__global,full,8,catboost,global,1,-0.3,0.0,0.32045090945450067
4,3,full__8__catboost__global__1__-0.3__0.3,full__8__catboost__global,full,8,catboost,global,1,-0.3,0.3,0.32431254555022354
4,3,full__8__catboost__global__1__0.0__-0.3,full__8__catboost__global,full,8,catboost,global,1,0.0,-0.3,0.3243894196702916
4,3,full__8__catboost__global__1__0.0__0.0,full__8__catboost__global,full,8,catboost,global,1,0.0,0.0,0.31632513789354333
4,3,full__8__catboost__global__1__0.0__0.3,full__8__catboost__global,full,8,catboost,global,1,0.0,0.3,0.34047782599400517
4,3,full__8__catboost__global__1__0.3__-0.3,full__8__catboost__global,full,8,catboost,global,1,0.3,-0.3,0.3248997152662854
4,3,full__8__catboost__global__1__0.3__0.0,full__8__catboost__global,full,8,catboost,global,1,0.3,0.0,0.33336037667598023
4,3,full__8__catboost__global__1__0.3__0.3,full__8__catboost__global,full,8,catboost,global,1,0.3,0.3,0.3360309436089048
4,3,full__8__catboost__global__4__-0.3__-0.3,full__8__catboost__global,full,8,catboost,global,4,-0.3,-0.3,0.3276726379983045
4,3,full__8__catboost__global__4__-0.3__0.0,full__8__catboost__global,full,8,catboost,global,4,-0.3,0.0,0.3229027578005733
4,3,full__8__catboost__global__4__-0.3__0.3,full__8__catboost__global,full,8,catboost,global,4,-0.3,0.3,0.32709424732661013
4,3,full__8__catboost__global__4__0.0__-0.3,full__8__catboost__global,full,8,catboost,global,4,0.0,-0.3,0.33604608741177083
4,3,full__8__catboost__global__4__0.0__0.0,full__8__catboost__global,full,8,catboost,global,4,0.0,0.0,0.3180622377851044
4,3,full__8__catboost__global__4__0.0__0.3,full__8__catboost__global,full,8,catboost,global,4,0.0,0.3,0.34187933988710323
4,3,full__8__catboost__global__4__0.3__-0.3,full__8__catboost__global,full,8,catboost,global,4,0.3,-0.3,0.3264589169221857
4,3,full__8__catboost__global__4__0.3__0.0,full__8__catboost__global,full,8,catboost,global,4,0.3,0.0,0.33121486396458655
4,3,full__8__catboost__global__4__0.3__0.3,full__8__catboost__global,full,8,catboost,global,4,0.3,0.3,0.33025184802272795
4,3,full__8__catboost__participant__1__-0.3__-0.3,full__8__catboost__participant,full,8,catboost,participant,1,-0.3,-0.3,0.3340697410898126
4,3,full__8__catboost__participant__1__-0.3__0.0,full__8__catboost__participant,full,8,catboost,participant,1,-0.3,0.0,0.3359275645684948
4,3,full__8__catboost__participant__1__-0.3__0.3,full__8__catboost__participant,full,8,catboost,participant,1,-0.3,0.3,0.339170811267038
4,3,full__8__catboost__participant__1__0.0__-0.3,full__8__catboost__participant,full,8,catboost,participant,1,0.0,-0.3,0.33899093054293616
4,3,full__8__catboost__participant__1__0.0__0.0,full__8__catboost__participant,full,8,catboost,participant,1,0.0,0.0,0.3467475388616941
4,3,full__8__catboost__participant__1__0.0__0.3,full__8__catboost__participant,full,8,catboost,participant,1,0.0,0.3,0.3469946550575458
4,3,full__8__catboost__participant__1__0.3__-0.3,full__8__catboost__participant,full,8,catboost,participant,1,0.3,-0.3,0.3333824493450568
4,3,full__8__catboost__participant__1__0.3__0.0,full__8__catboost__participant,full,8,catboost,participant,1,0.3,0.0,0.3447986305545351
4,3,full__8__catboost__participant__1__0.3__0.3,full__8__catboost__participant,full,8,catboost,participant,1,0.3,0.3,0.3488308870605149
4,3,full__8__catboost__participant__4__-0.3__-0.3,full__8__catboost__participant,full,8,catboost,participant,4,-0.3,-0.3,0.3363751080928019
4,3,full__8__catboost__participant__4__-0.3__0.0,full__8__catboost__participant,full,8,catboost,participant,4,-0.3,0.0,0.34040314435030217
4,3,full__8__catboost__participant__4__-0.3__0.3,full__8__catboost__participant,full,8,catboost,participant,4,-0.3,0.3,0.3381663496623366
4,3,full__8__catboost__participant__4__0.0__-0.3,full__8__catboost__participant,full,8,catboost,participant,4,0.0,-0.3,0.3347356292831553
4,3,full__8__catboost__participant__4__0.0__0.0,full__8__catboost__participant,full,8,catboost,participant,4,0.0,0.0,0.3492304140978626
4,3,full__8__catboost__participant__4__0.0__0.3,full__8__catboost__participant,full,8,catboost,participant,4,0.0,0.3,0.3507675446001086
4,3,full__8__catboost__participant__4__0.3__-0.3,full__8__catboost__participant,full,8,catboost,participant,4,0.3,-0.3,0.33150180255704087
4,3,full__8__catboost__participant__4__0.3__0.0,full__8__catboost__participant,full,8,catboost,participant,4,0.3,0.0,0.3440533156785586
4,3,full__8__catboost__participant__4__0.3__0.3,full__8__catboost__participant,full,8,catboost,participant,4,0.3,0.3,0.3564860785756118
5,1,eye_pupil__1__logistic__global__1__-0.3__-0.3,eye_pupil__1__logistic__global,eye_pupil,1,logistic,global,1,-0.3,-0.3,0.33305761702602205
5,1,eye_pupil__1__logistic__global__1__-0.3__0.0,eye_pupil__1__logistic__global,eye_pupil,1,logistic,global,1,-0.3,0.0,0.3190409646925892
5,1,eye_pupil__1__logistic__global__1__-0.3__0.3,eye_pupil__1__logistic__global,eye_pupil,1,logistic,global,1,-0.3,0.3,0.3243059211428106
5,1,eye_pupil__1__logistic__global__1__0.0__-0.3,eye_pupil__1__logistic__global,eye_pupil,1,logistic,global,1,0.0,-0.3,0.33643206728549635
5,1,eye_pupil__1__logistic__global__1__0.0__0.0,eye_pupil__1__logistic__global,eye_pupil,1,logistic,global,1,0.0,0.0,0.32404607810270164
5,1,eye_pupil__1__logistic__global__1__0.0__0.3,eye_pupil__1__logistic__global,eye_pupil,1,logistic,global,1,0.0,0.3,0.3224150517660336
5,1,eye_pupil__1__logistic__global__1__0.3__-0.3,eye_pupil__1__logistic__global,eye_pupil,1,logistic,global,1,0.3,-0.3,0.3352840754216771
5,1,eye_pupil__1__logistic__global__1__0.3__0.0,eye_pupil__1__logistic__global,eye_pupil,1,logistic,global,1,0.3,0.0,0.3353737819642746
5,1,eye_pupil__1__logistic__global__1__0.3__0.3,eye_pupil__1__logistic__global,eye_pupil,1,logistic,global,1,0.3,0.3,0.3165806879768804
5,1,eye_pupil__1__logistic__global__4__-0.3__-0.3,eye_pupil__1__logistic__global,eye_pupil,1,logistic,global,4,-0.3,-0.3,0.3274446360520573
5,1,eye_pupil__1__logistic__global__4__-0.3__0.0,eye_pupil__1__logistic__global,eye_pupil,1,logistic,global,4,-0.3,0.0,0.3229327357630497
5,1,eye_pupil__1__logistic__global__4__-0.3__0.3,eye_pupil__1__logistic__global,eye_pupil,1,logistic,global,4,-0.3,0.3,0.3302504860355962
5,1,eye_pupil__1__logistic__global__4__0.0__-0.3,eye_pupil__1__logistic__global,eye_pupil,1,logistic,global,4,0.0,-0.3,0.3397025381040226
5,1,eye_pupil__1__logistic__global__4__0.0__0.0,eye_pupil__1__logistic__global,eye_pupil,1,logistic,global,4,0.0,0.0,0.3233821039508883
5,1,eye_pupil__1__logistic__global__4__0.0__0.3,eye_pupil__1__logistic__global,eye_pupil,1,logistic,global,4,0.0,0.3,0.31912696559704634
5,1,eye_pupil__1__logistic__global__4__0.3__-0.3,eye_pupil__1__logistic__global,eye_pupil,1,logistic,global,4,0.3,-0.3,0.33911774880616596
5,1,eye_pupil__1__logistic__global__4__0.3__0.0,eye_pupil__1__logistic__global,eye_pupil,1,logistic,global,4,0.3,0.0,0.3410773266443789
5,1,eye_pupil__1__logistic__global__4__0.3__0.3,eye_pupil__1__logistic__global,eye_pupil,1,logistic,global,4,0.3,0.3,0.3196073191145615
5,1,eye_pupil__1__logistic__participant__1__-0.3__-0.3,eye_pupil__1__logistic__participant,eye_pupil,1,logistic,participant,1,-0.3,-0.3,0.3350651591806115
5,1,eye_pupil__1__logistic__participant__1__-0.3__0.0,eye_pupil__1__logistic__participant,eye_pupil,1,logistic,participant,1,-0.3,0.0,0.32442955616393115
5,1,eye_pupil__1__logistic__participant__1__-0.3__0.3,eye_pupil__1__logistic__participant,eye_pupil,1,logistic,participant,1,-0.3,0.3,0.32496686068025216
5,1,eye_pupil__1__logistic__participant__1__0.0__-0.3,eye_pupil__1__logistic__participant,eye_pupil,1,logistic,participant,1,0.0,-0.3,0.33884687109191103
5,1,eye_pupil__1__logistic__participant__1__0.0__0.0,eye_pupil__1__logistic__participant,eye_pupil,1,logistic,participant,1,0.0,0.0,0.3302933816636179
5,1,eye_pupil__1__logistic__participant__1__0.0__0.3,eye_pupil__1__logistic__participant,eye_pupil,1,logistic,participant,1,0.0,0.3,0.32551120963155317
5,1,eye_pupil__1__logistic__participant__1__0.3__-0.3,eye_pupil__1__logistic__participant,eye_pupil,1,logistic,participant,1,0.3,-0.3,0.3328208820487546
5,1,eye_pupil__1__logistic__participant__1__0.3__0.0,eye_pupil__1__logistic__participant,eye_pupil,1,logistic,participant,1,0.3,0.0,0.33451516198142
5,1,eye_pupil__1__logistic__participant__1__0.3__0.3,eye_pupil__1__logistic__participant,eye_pupil,1,logistic,participant,1,0.3,0.3,0.3269989061818899
5,1,eye_pupil__1__logistic__participant__4__-0.3__-0.3,eye_pupil__1__logistic__participant,eye_pupil,1,logistic,participant,4,-0.3,-0.3,0.3302693078764798
5,1,eye_pupil__1__logistic__participant__4__-0.3__0.0,eye_pupil__1__logistic__participant,eye_pupil,1,logistic,participant,4,-0.3,0.0,0.3224403485676196
5,1,eye_pupil__1__logistic__participant__4__-0.3__0.3,eye_pupil__1__logistic__participant,eye_pupil,1,logistic,participant,4,-0.3,0.3,0.33032378012940006
5,1,eye_pupil__1__logistic__participant__4__0.0__-0.3,eye_pupil__1__logistic__participant,eye_pupil,1,logistic,participant,4,0.0,-0.3,0.34612964203390495
5,1,eye_pupil__1__logistic__participant__4__0.0__0.0,eye_pupil__1__logistic__participant,eye_pupil,1,logistic,participant,4,0.0,0.0,0.32495066717216253
5,1,eye_pupil__1__logistic__participant__4__0.0__0.3,eye_pupil__1__logistic__participant,eye_pupil,1,logistic,participant,4,0.0,0.3,0.31900064810551726
5,1,eye_pupil__1__logistic__participant__4__0.3__-0.3,eye_pupil__1__logistic__participant,eye_pupil,1,logistic,participant,4,0.3,-0.3,0.33893938554018704
5,1,eye_pupil__1__logistic__participant__4__0.3__0.0,eye_pupil__1__logistic__participant,eye_pupil,1,logistic,participant,4,0.3,0.0,0.3376797871489003
5,1,eye_pupil__1__logistic__participant__4__0.3__0.3,eye_pupil__1__logistic__participant,eye_pupil,1,logistic,participant,4,0.3,0.3,0.3176201678451845
5,1,eye_pupil__1__ordinal__global__1__-0.3__-0.3,eye_pupil__1__ordinal__global,eye_pupil,1,ordinal,global,1,-0.3,-0.3,0.33330326552974165
5,1,eye_pupil__1__ordinal__global__1__-0.3__0.0,eye_pupil__1__ordinal__global,eye_pupil,1,ordinal,global,1,-0.3,0.0,0.3205565345756541
5,1,eye_pupil__1__ordinal__global__1__-0.3__0.3,eye_pupil__1__ordinal__global,eye_pupil,1,ordinal,global,1,-0.3,0.3,0.32639331896874396
5,1,eye_pupil__1__ordinal__global__1__0.0__-0.3,eye_pupil__1__ordinal__global,eye_pupil,1,ordinal,global,1,0.0,-0.3,0.33674374123589457
5,1,eye_pupil__1__ordinal__global__1__0.0__0.0,eye_pupil__1__ordinal__global,eye_pupil,1,ordinal,global,1,0.0,0.0,0.32452774568896675
5,1,eye_pupil__1__ordinal__global__1__0.0__0.3,eye_pupil__1__ordinal__global,eye_pupil,1,ordinal,global,1,0.0,0.3,0.32363490087652647
5,1,eye_pupil__1__ordinal__global__1__0.3__-0.3,eye_pupil__1__ordinal__global,eye_pupil,1,ordinal,global,1,0.3,-0.3,0.3366498978703244
5,1,eye_pupil__1__ordinal__global__1__0.3__0.0,eye_pupil__1__ordinal__global,eye_pupil,1,ordinal,global,1,0.3,0.0,0.3365960499804459
5,1,eye_pupil__1__ordinal__global__1__0.3__0.3,eye_pupil__1__ordinal__global,eye_pupil,1,ordinal,global,1,0.3,0.3,0.32008403764870225
5,1,eye_pupil__1__ordinal__global__4__-0.3__-0.3,eye_pupil__1__ordinal__global,eye_pupil,1,ordinal,global,4,-0.3,-0.3,0.32598581063684995
5,1,eye_pupil__1__ordinal__global__4__-0.3__0.0,eye_pupil__1__ordinal__global,eye_pupil,1,ordinal,global,4,-0.3,0.0,0.32191255290523774
5,1,eye_pupil__1__ordinal__global__4__-0.3__0.3,eye_pupil__1__ordinal__global,eye_pupil,1,ordinal,global,4,-0.3,0.3,0.3302640417308556
5,1,eye_pupil__1__ordinal__global__4__0.0__-0.3,eye_pupil__1__ordinal__global,eye_pupil,1,ordinal,global,4,0.0,-0.3,0.3394450820483458
5,1,eye_pupil__1__ordinal__global__4__0.0__0.0,eye_pupil__1__ordinal__global,eye_pupil,1,ordinal,global,4,0.0,0.0,0.32171059636023713
5,1,eye_pupil__1__ordinal__global__4__0.0__0.3,eye_pupil__1__ordinal__global,eye_pupil,1,ordinal,global,4,0.0,0.3,0.3196993105548741
5,1,eye_pupil__1__ordinal__global__4__0.3__-0.3,eye_pupil__1__ordinal__global,eye_pupil,1,ordinal,global,4,0.3,-0.3,0.3387840233190395
5,1,eye_pupil__1__ordinal__global__4__0.3__0.0,eye_pupil__1__ordinal__global,eye_pupil,1,ordinal,global,4,0.3,0.0,0.33974857784495865
5,1,eye_pupil__1__ordinal__global__4__0.3__0.3,eye_pupil__1__ordinal__global,eye_pupil,1,ordinal,global,4,0.3,0.3,0.3211773396483876
5,1,eye_pupil__1__ordinal__participant__1__-0.3__-0.3,eye_pupil__1__ordinal__participant,eye_pupil,1,ordinal,participant,1,-0.3,-0.3,0.3348988611513808
5,1,eye_pupil__1__ordinal__participant__1__-0.3__0.0,eye_pupil__1__ordinal__participant,eye_pupil,1,ordinal,participant,1,-0.3,0.0,0.32079517811035485
5,1,eye_pupil__1__ordinal__participant__1__-0.3__0.3,eye_pupil__1__ordinal__participant,eye_pupil,1,ordinal,participant,1,-0.3,0.3,0.32740153742361255
5,1,eye_pupil__1__ordinal__participant__1__0.0__-0.3,eye_pupil__1__ordinal__participant,eye_pupil,1,ordinal,participant,1,0.0,-0.3,0.34179070522564614
5,1,eye_pupil__1__ordinal__participant__1__0.0__0.0,eye_pupil__1__ordinal__participant,eye_pupil,1,ordinal,participant,1,0.0,0.0,0.3286251070326524
5,1,eye_pupil__1__ordinal__participant__1__0.0__0.3,eye_pupil__1__ordinal__participant,eye_pupil,1,ordinal,participant,1,0.0,0.3,0.32387354716014505
5,1,eye_pupil__1__ordinal__participant__1__0.3__-0.3,eye_pupil__1__ordinal__participant,eye_pupil,1,ordinal,participant,1,0.3,-0.3,0.3334680962305636
5,1,eye_pupil__1__ordinal__participant__1__0.3__0.0,eye_pupil__1__ordinal__participant,eye_pupil,1,ordinal,participant,1,0.3,0.0,0.33387841387478123
5,1,eye_pupil__1__ordinal__participant__1__0.3__0.3,eye_pupil__1__ordinal__participant,eye_pupil,1,ordinal,participant,1,0.3,0.3,0.32664052540744615
5,1,eye_pupil__1__ordinal__participant__4__-0.3__-0.3,eye_pupil__1__ordinal__participant,eye_pupil,1,ordinal,participant,4,-0.3,-0.3,0.33027748677815116
5,1,eye_pupil__1__ordinal__participant__4__-0.3__0.0,eye_pupil__1__ordinal__participant,eye_pupil,1,ordinal,participant,4,-0.3,0.0,0.32016279317310964
5,1,eye_pupil__1__ordinal__participant__4__-0.3__0.3,eye_pupil__1__ordinal__participant,eye_pupil,1,ordinal,participant,4,-0.3,0.3,0.330192320798606
5,1,eye_pupil__1__ordinal__participant__4__0.0__-0.3,eye_pupil__1__ordinal__participant,eye_pupil,1,ordinal,participant,4,0.0,-0.3,0.3478245214874936
5,1,eye_pupil__1__ordinal__participant__4__0.0__0.0,eye_pupil__1__ordinal__participant,eye_pupil,1,ordinal,participant,4,0.0,0.0,0.3227182990277876
5,1,eye_pupil__1__ordinal__participant__4__0.0__0.3,eye_pupil__1__ordinal__participant,eye_pupil,1,ordinal,participant,4,0.0,0.3,0.3188491963789315
5,1,eye_pupil__1__ordinal__participant__4__0.3__-0.3,eye_pupil__1__ordinal__participant,eye_pupil,1,ordinal,participant,4,0.3,-0.3,0.3396418699636017
5,1,eye_pupil__1__ordinal__participant__4__0.3__0.0,eye_pupil__1__ordinal__participant,eye_pupil,1,ordinal,participant,4,0.3,0.0,0.336702289429488
5,1,eye_pupil__1__ordinal__participant__4__0.3__0.3,eye_pupil__1__ordinal__participant,eye_pupil,1,ordinal,participant,4,0.3,0.3,0.31797473684090183
5,1,eye_pupil__1__catboost__global__1__-0.3__-0.3,eye_pupil__1__catboost__global,eye_pupil,1,catboost,global,1,-0.3,-0.3,0.3325437856326113
5,1,eye_pupil__1__catboost__global__1__-0.3__0.0,eye_pupil__1__catboost__global,eye_pupil,1,catboost,global,1,-0.3,0.0,0.329864135649407
5,1,eye_pupil__1__catboost__global__1__-0.3__0.3,eye_pupil__1__catboost__global,eye_pupil,1,catboost,global,1,-0.3,0.3,0.3348456045072531
5,1,eye_pupil__1__catboost__global__1__0.0__-0.3,eye_pupil__1__catboost__global,eye_pupil,1,catboost,global,1,0.0,-0.3,0.3372892079455099
5,1,eye_pupil__1__catboost__global__1__0.0__0.0,eye_pupil__1__catboost__global,eye_pupil,1,catboost,global,1,0.0,0.0,0.33466095018341074
5,1,eye_pupil__1__catboost__global__1__0.0__0.3,eye_pupil__1__catboost__global,eye_pupil,1,catboost,global,1,0.0,0.3,0.32427415145511646
5,1,eye_pupil__1__catboost__global__1__0.3__-0.3,eye_pupil__1__catboost__global,eye_pupil,1,catboost,global,1,0.3,-0.3,0.33200835972881093
5,1,eye_pupil__1__catboost__global__1__0.3__0.0,eye_pupil__1__catboost__global,eye_pupil,1,catboost,global,1,0.3,0.0,0.3296064027992661
5,1,eye_pupil__1__catboost__global__1__0.3__0.3,eye_pupil__1__catboost__global,eye_pupil,1,catboost,global,1,0.3,0.3,0.32472368082566583
5,1,eye_pupil__1__catboost__global__4__-0.3__-0.3,eye_pupil__1__catboost__global,eye_pupil,1,catboost,global,4,-0.3,-0.3,0.3333000992385903
5,1,eye_pupil__1__catboost__global__4__-0.3__0.0,eye_pupil__1__catboost__global,eye_pupil,1,catboost,global,4,-0.3,0.0,0.3376127416538281
5,1,eye_pupil__1__catboost__global__4__-0.3__0.3,eye_pupil__1__catboost__global,eye_pupil,1,catboost,global,4,-0.3,0.3,0.3366260613176725
5,1,eye_pupil__1__catboost__global__4__0.0__-0.3,eye_pupil__1__catboost__global,eye_pupil,1,catboost,global,4,0.0,-0.3,0.3383676136034209
5,1,eye_pupil__1__catboost__global__4__0.0__0.0,eye_pupil__1__catboost__global,eye_pupil,1,catboost,global,4,0.0,0.0,0.3349842167921197
5,1,eye_pupil__1__catboost__global__4__0.0__0.3,eye_pupil__1__catboost__global,eye_pupil,1,catboost,global,4,0.0,0.3,0.3236598601927488
5,1,eye_pupil__1__catboost__global__4__0.3__-0.3,eye_pupil__1__catboost__global,eye_pupil,1,catboost,global,4,0.3,-0.3,0.3354649580427275
5,1,eye_pupil__1__catboost__global__4__0.3__0.0,eye_pupil__1__catboost__global,eye_pupil,1,catboost,global,4,0.3,0.0,0.33642356323926614
5,1,eye_pupil__1__catboost__global__4__0.3__0.3,eye_pupil__1__catboost__global,eye_pupil,1,catboost,global,4,0.3,0.3,0.32165223247008995
5,1,eye_pupil__1__catboost__participant__1__-0.3__-0.3,eye_pupil__1__catboost__participant,eye_pupil,1,catboost,participant,1,-0.3,-0.3,0.3232672120518759
5,1,eye_pupil__1__catboost__participant__1__-0.3__0.0,eye_pupil__1__catboost__participant,eye_pupil,1,catboost,participant,1,-0.3,0.0,0.32310087424257705
5,1,eye_pupil__1__catboost__participant__1__-0.3__0.3,eye_pupil__1__catboost__participant,eye_pupil,1,catboost,participant,1,-0.3,0.3,0.33491117540236254
5,1,eye_pupil__1__catboost__participant__1__0.0__-0.3,eye_pupil__1__catboost__participant,eye_pupil,1,catboost,participant,1,0.0,-0.3,0.3397215779382528
5,1,eye_pupil__1__catboost__participant__1__0.0__0.0,eye_pupil__1__catboost__participant,eye_pupil,1,catboost,participant,1,0.0,0.0,0.3305318601326674
5,1,eye_pupil__1__catboost__participant__1__0.0__0.3,eye_pupil__1__catboost__participant,eye_pupil,1,catboost,participant,1,0.0,0.3,0.32136036297248644
5,1,eye_pupil__1__catboost__participant__1__0.3__-0.3,eye_pupil__1__catboost__participant,eye_pupil,1,catboost,participant,1,0.3,-0.3,0.3316308270751612
5,1,eye_pupil__1__catboost__participant__1__0.3__0.0,eye_pupil__1__catboost__participant,eye_pupil,1,catboost,participant,1,0.3,0.0,0.332435949984832
5,1,eye_pupil__1__catboost__participant__1__0.3__0.3,eye_pupil__1__catboost__participant,eye_pupil,1,catboost,participant,1,0.3,0.3,0.32461026475952026
5,1,eye_pupil__1__catboost__participant__4__-0.3__-0.3,eye_pupil__1__catboost__participant,eye_pupil,1,catboost,participant,4,-0.3,-0.3,0.3291137449532608
5,1,eye_pupil__1__catboost__participant__4__-0.3__0.0,eye_pupil__1__catboost__participant,eye_pupil,1,catboost,participant,4,-0.3,0.0,0.32287795289920224
5,1,eye_pupil__1__catboost__participant__4__-0.3__0.3,eye_pupil__1__catboost__participant,eye_pupil,1,catboost,participant,4,-0.3,0.3,0.333115438928078
5,1,eye_pupil__1__catboost__participant__4__0.0__-0.3,eye_pupil__1__catboost__participant,eye_pupil,1,catboost,participant,4,0.0,-0.3,0.3396606902481051
5,1,eye_pupil__1__catboost__participant__4__0.0__0.0,eye_pupil__1__catboost__participant,eye_pupil,1,catboost,participant,4,0.0,0.0,0.3218318184845345
5,1,eye_pupil__1__catboost__participant__4__0.0__0.3,eye_pupil__1__catboost__participant,eye_pupil,1,catboost,participant,4,0.0,0.3,0.3188549612785239
5,1,eye_pupil__1__catboost__participant__4__0.3__-0.3,eye_pupil__1__catboost__participant,eye_pupil,1,catboost,participant,4,0.3,-0.3,0.3299450061333985
5,1,eye_pupil__1__catboost__participant__4__0.3__0.0,eye_pupil__1__catboost__participant,eye_pupil,1,catboost,participant,4,0.3,0.0,0.33002223281236026
5,1,eye_pupil__1__catboost__participant__4__0.3__0.3,eye_pupil__1__catboost__participant,eye_pupil,1,catboost,participant,4,0.3,0.3,0.3150399942357538
5,1,eye_pupil__8__logistic__global__1__-0.3__-0.3,eye_pupil__8__logistic__global,eye_pupil,8,logistic,global,1,-0.3,-0.3,0.33233607191413506
5,1,eye_pupil__8__logistic__global__1__-0.3__0.0,eye_pupil__8__logistic__global,eye_pupil,8,logistic,global,1,-0.3,0.0,0.32933115916431205
5,1,eye_pupil__8__logistic__global__1__-0.3__0.3,eye_pupil__8__logistic__global,eye_pupil,8,logistic,global,1,-0.3,0.3,0.31152394730088045
5,1,eye_pupil__8__logistic__global__1__0.0__-0.3,eye_pupil__8__logistic__global,eye_pupil,8,logistic,global,1,0.0,-0.3,0.3528759894961462
5,1,eye_pupil__8__logistic__global__1__0.0__0.0,eye_pupil__8__logistic__global,eye_pupil,8,logistic,global,1,0.0,0.0,0.3442556722777941
5,1,eye_pupil__8__logistic__global__1__0.0__0.3,eye_pupil__8__logistic__global,eye_pupil,8,logistic,global,1,0.0,0.3,0.3015215835268454
5,1,eye_pupil__8__logistic__global__1__0.3__-0.3,eye_pupil__8__logistic__global,eye_pupil,8,logistic,global,1,0.3,-0.3,0.3537576583845508
5,1,eye_pupil__8__logistic__global__1__0.3__0.0,eye_pupil__8__logistic__global,eye_pupil,8,logistic,global,1,0.3,0.0,0.35755384045158256
5,1,eye_pupil__8__logistic__global__1__0.3__0.3,eye_pupil__8__logistic__global,eye_pupil,8,logistic,global,1,0.3,0.3,0.3217197085119212
5,1,eye_pupil__8__logistic__global__4__-0.3__-0.3,eye_pupil__8__logistic__global,eye_pupil,8,logistic,global,4,-0.3,-0.3,0.3385101791397471
5,1,eye_pupil__8__logistic__global__4__-0.3__0.0,eye_pupil__8__logistic__global,eye_pupil,8,logistic,global,4,-0.3,0.0,0.33090090734892946
5,1,eye_pupil__8__logistic__global__4__-0.3__0.3,eye_pupil__8__logistic__global,eye_pupil,8,logistic,global,4,-0.3,0.3,0.30890771341863943
5,1,eye_pupil__8__logistic__global__4__0.0__-0.3,eye_pupil__8__logistic__global,eye_pupil,8,logistic,global,4,0.0,-0.3,0.35814366735914244
5,1,eye_pupil__8__logistic__global__4__0.0__0.0,eye_pupil__8__logistic__global,eye_pupil,8,logistic,global,4,0.0,0.0,0.35265558650914186
5,1,eye_pupil__8__logistic__global__4__0.0__0.3,eye_pupil__8__logistic__global,eye_pupil,8,logistic,global,4,0.0,0.3,0.30728735323173545
5,1,eye_pupil__8__logistic__global__4__0.3__-0.3,eye_pupil__8__logistic__global,eye_pupil,8,logistic,global,4,0.3,-0.3,0.3596749996078104
5,1,eye_pupil__8__logistic__global__4__0.3__0.0,eye_pupil__8__logistic__global,eye_pupil,8,logistic,global,4,0.3,0.0,0.3621028059899904
5,1,eye_pupil__8__logistic__global__4__0.3__0.3,eye_pupil__8__logistic__global,eye_pupil,8,logistic,global,4,0.3,0.3,0.32390402328557844
5,1,eye_pupil__8__logistic__participant__1__-0.3__-0.3,eye_pupil__8__logistic__participant,eye_pupil,8,logistic,participant,1,-0.3,-0.3,0.3403358709640085
5,1,eye_pupil__8__logistic__participant__1__-0.3__0.0,eye_pupil__8__logistic__participant,eye_pupil,8,logistic,participant,1,-0.3,0.0,0.32992613949733396
5,1,eye_pupil__8__logistic__participant__1__-0.3__0.3,eye_pupil__8__logistic__participant,eye_pupil,8,logistic,participant,1,-0.3,0.3,0.30312900699968653
5,1,eye_pupil__8__logistic__participant__1__0.0__-0.3,eye_pupil__8__logistic__participant,eye_pupil,8,logistic,participant,1,0.0,-0.3,0.3584688766518745
5,1,eye_pupil__8__logistic__participant__1__0.0__0.0,eye_pupil__8__logistic__participant,eye_pupil,8,logistic,participant,1,0.0,0.0,0.3349152606783383
5,1,eye_pupil__8__logistic__participant__1__0.0__0.3,eye_pupil__8__logistic__participant,eye_pupil,8,logistic,participant,1,0.0,0.3,0.30199842896374784
5,1,eye_pupil__8__logistic__participant__1__0.3__-0.3,eye_pupil__8__logistic__participant,eye_pupil,8,logistic,participant,1,0.3,-0.3,0.3522364579703882
5,1,eye_pupil__8__logistic__participant__1__0.3__0.0,eye_pupil__8__logistic__participant,eye_pupil,8,logistic,participant,1,0.3,0.0,0.34320084355451785
5,1,eye_pupil__8__logistic__participant__1__0.3__0.3,eye_pupil__8__logistic__participant,eye_pupil,8,logistic,participant,1,0.3,0.3,0.31244051100512016
5,1,eye_pupil__8__logistic__participant__4__-0.3__-0.3,eye_pupil__8__logistic__participant,eye_pupil,8,logistic,participant,4,-0.3,-0.3,0.35106722610156926
5,1,eye_pupil__8__logistic__participant__4__-0.3__0.0,eye_pupil__8__logistic__participant,eye_pupil,8,logistic,participant,4,-0.3,0.0,0.32277271189555756
5,1,eye_pupil__8__logistic__participant__4__-0.3__0.3,eye_pupil__8__logistic__participant,eye_pupil,8,logistic,participant,4,-0.3,0.3,0.30234103598184897
5,1,eye_pupil__8__logistic__participant__4__0.0__-0.3,eye_pupil__8__logistic__participant,eye_pupil,8,logistic,participant,4,0.0,-0.3,0.36305917446291447
5,1,eye_pupil__8__logistic__participant__4__0.0__0.0,eye_pupil__8__logistic__participant,eye_pupil,8,logistic,participant,4,0.0,0.0,0.33983132668758603
5,1,eye_pupil__8__logistic__participant__4__0.0__0.3,eye_pupil__8__logistic__participant,eye_pupil,8,logistic,participant,4,0.0,0.3,0.2960437400265894
5,1,eye_pupil__8__logistic__participant__4__0.3__-0.3,eye_pupil__8__logistic__participant,eye_pupil,8,logistic,participant,4,0.3,-0.3,0.3519526762491634
5,1,eye_pupil__8__logistic__participant__4__0.3__0.0,eye_pupil__8__logistic__participant,eye_pupil,8,logistic,participant,4,0.3,0.0,0.3466502911839841
5,1,eye_pupil__8__logistic__participant__4__0.3__0.3,eye_pupil__8__logistic__participant,eye_pupil,8,logistic,participant,4,0.3,0.3,0.3213880592706367
5,1,eye_pupil__8__ordinal__global__1__-0.3__-0.3,eye_pupil__8__ordinal__global,eye_pupil,8,ordinal,global,1,-0.3,-0.3,0.33031971030077806
5,1,eye_pupil__8__ordinal__global__1__-0.3__0.0,eye_pupil__8__ordinal__global,eye_pupil,8,ordinal,global,1,-0.3,0.0,0.329115120735995
5,1,eye_pupil__8__ordinal__global__1__-0.3__0.3,eye_pupil__8__ordinal__global,eye_pupil,8,ordinal,global,1,-0.3,0.3,0.31689124975716687
5,1,eye_pupil__8__ordinal__global__1__0.0__-0.3,eye_pupil__8__ordinal__global,eye_pupil,8,ordinal,global,1,0.0,-0.3,0.3525168905484313
5,1,eye_pupil__8__ordinal__global__1__0.0__0.0,eye_pupil__8__ordinal__global,eye_pupil,8,ordinal,global,1,0.0,0.0,0.3463157977797382
5,1,eye_pupil__8__ordinal__global__1__0.0__0.3,eye_pupil__8__ordinal__global,eye_pupil,8,ordinal,global,1,0.0,0.3,0.3087025450799992
5,1,eye_pupil__8__ordinal__global__1__0.3__-0.3,eye_pupil__8__ordinal__global,eye_pupil,8,ordinal,global,1,0.3,-0.3,0.35345547797387966
5,1,eye_pupil__8__ordinal__global__1__0.3__0.0,eye_pupil__8__ordinal__global,eye_pupil,8,ordinal,global,1,0.3,0.0,0.35671484553747324
5,1,eye_pupil__8__ordinal__global__1__0.3__0.3,eye_pupil__8__ordinal__global,eye_pupil,8,ordinal,global,1,0.3,0.3,0.3262788784476422
5,1,eye_pupil__8__ordinal__global__4__-0.3__-0.3,eye_pupil__8__ordinal__global,eye_pupil,8,ordinal,global,4,-0.3,-0.3,0.3351785254423422
5,1,eye_pupil__8__ordinal__global__4__-0.3__0.0,eye_pupil__8__ordinal__global,eye_pupil,8,ordinal,global,4,-0.3,0.0,0.32670659897028376
5,1,eye_pupil__8__ordinal__global__4__-0.3__0.3,eye_pupil__8__ordinal__global,eye_pupil,8,ordinal,global,4,-0.3,0.3,0.31728606997360576
5,1,eye_pupil__8__ordinal__global__4__0.0__-0.3,eye_pupil__8__ordinal__global,eye_pupil,8,ordinal,global,4,0.0,-0.3,0.3600712910473854
5,1,eye_pupil__8__ordinal__global__4__0.0__0.0,eye_pupil__8__ordinal__global,eye_pupil,8,ordinal,global,4,0.0,0.0,0.3499699535124444
5,1,eye_pupil__8__ordinal__global__4__0.0__0.3,eye_pupil__8__ordinal__global,eye_pupil,8,ordinal,global,4,0.0,0.3,0.3114383066438437
5,1,eye_pupil__8__ordinal__global__4__0.3__-0.3,eye_pupil__8__ordinal__global,eye_pupil,8,ordinal,global,4,0.3,-0.3,0.36258196796244313
5,1,eye_pupil__8__ordinal__global__4__0.3__0.0,eye_pupil__8__ordinal__global,eye_pupil,8,ordinal,global,4,0.3,0.0,0.3625813282197071
5,1,eye_pupil__8__ordinal__global__4__0.3__0.3,eye_pupil__8__ordinal__global,eye_pupil,8,ordinal,global,4,0.3,0.3,0.33085705459527526
5,1,eye_pupil__8__ordinal__participant__1__-0.3__-0.3,eye_pupil__8__ordinal__participant,eye_pupil,8,ordinal,participant,1,-0.3,-0.3,0.34498763752493705
5,1,eye_pupil__8__ordinal__participant__1__-0.3__0.0,eye_pupil__8__ordinal__participant,eye_pupil,8,ordinal,participant,1,-0.3,0.0,0.32691179334212533
5,1,eye_pupil__8__ordinal__participant__1__-0.3__0.3,eye_pupil__8__ordinal__participant,eye_pupil,8,ordinal,participant,1,-0.3,0.3,0.309152382817885
5,1,eye_pupil__8__ordinal__participant__1__0.0__-0.3,eye_pupil__8__ordinal__participant,eye_pupil,8,ordinal,participant,1,0.0,-0.3,0.3626653179307332
5,1,eye_pupil__8__ordinal__participant__1__0.0__0.0,eye_pupil__8__ordinal__participant,eye_pupil,8,ordinal,participant,1,0.0,0.0,0.34002847837162004
5,1,eye_pupil__8__ordinal__participant__1__0.0__0.3,eye_pupil__8__ordinal__participant,eye_pupil,8,ordinal,participant,1,0.0,0.3,0.3074550985521059
5,1,eye_pupil__8__ordinal__participant__1__0.3__-0.3,eye_pupil__8__ordinal__participant,eye_pupil,8,ordinal,participant,1,0.3,-0.3,0.3566139626313963
5,1,eye_pupil__8__ordinal__participant__1__0.3__0.0,eye_pupil__8__ordinal__participant,eye_pupil,8,ordinal,participant,1,0.3,0.0,0.3466482851087899
5,1,eye_pupil__8__ordinal__participant__1__0.3__0.3,eye_pupil__8__ordinal__participant,eye_pupil,8,ordinal,participant,1,0.3,0.3,0.32288901009564547
5,1,eye_pupil__8__ordinal__participant__4__-0.3__-0.3,eye_pupil__8__ordinal__participant,eye_pupil,8,ordinal,participant,4,-0.3,-0.3,0.3541505057726256
5,1,eye_pupil__8__ordinal__participant__4__-0.3__0.0,eye_pupil__8__ordinal__participant,eye_pupil,8,ordinal,participant,4,-0.3,0.0,0.31940395648598663
5,1,eye_pupil__8__ordinal__participant__4__-0.3__0.3,eye_pupil__8__ordinal__participant,eye_pupil,8,ordinal,participant,4,-0.3,0.3,0.3109421577131877
5,1,eye_pupil__8__ordinal__participant__4__0.0__-0.3,eye_pupil__8__ordinal__participant,eye_pupil,8,ordinal,participant,4,0.0,-0.3,0.36907209683203523
5,1,eye_pupil__8__ordinal__participant__4__0.0__0.0,eye_pupil__8__ordinal__participant,eye_pupil,8,ordinal,participant,4,0.0,0.0,0.341723491166598
5,1,eye_pupil__8__ordinal__participant__4__0.0__0.3,eye_pupil__8__ordinal__participant,eye_pupil,8,ordinal,participant,4,0.0,0.3,0.30098075550550873
5,1,eye_pupil__8__ordinal__participant__4__0.3__-0.3,eye_pupil__8__ordinal__participant,eye_pupil,8,ordinal,participant,4,0.3,-0.3,0.3572996938942338
5,1,eye_pupil__8__ordinal__participant__4__0.3__0.0,eye_pupil__8__ordinal__participant,eye_pupil,8,ordinal,participant,4,0.3,0.0,0.35129456701429246
5,1,eye_pupil__8__ordinal__participant__4__0.3__0.3,eye_pupil__8__ordinal__participant,eye_pupil,8,ordinal,participant,4,0.3,0.3,0.32681917567061963
5,1,eye_pupil__8__catboost__global__1__-0.3__-0.3,eye_pupil__8__catboost__global,eye_pupil,8,catboost,global,1,-0.3,-0.3,0.3326450100193941
5,1,eye_pupil__8__catboost__global__1__-0.3__0.0,eye_pupil__8__catboost__global,eye_pupil,8,catboost,global,1,-0.3,0.0,0.3463074696538207
5,1,eye_pupil__8__catboost__global__1__-0.3__0.3,eye_pupil__8__catboost__global,eye_pupil,8,catboost,global,1,-0.3,0.3,0.33757095379562135
5,1,eye_pupil__8__catboost__global__1__0.0__-0.3,eye_pupil__8__catboost__global,eye_pupil,8,catboost,global,1,0.0,-0.3,0.3395493463189618
5,1,eye_pupil__8__catboost__global__1__0.0__0.0,eye_pupil__8__catboost__global,eye_pupil,8,catboost,global,1,0.0,0.0,0.3445396462060716
5,1,eye_pupil__8__catboost__global__1__0.0__0.3,eye_pupil__8__catboost__global,eye_pupil,8,catboost,global,1,0.0,0.3,0.3158888059886701
5,1,eye_pupil__8__catboost__global__1__0.3__-0.3,eye_pupil__8__catboost__global,eye_pupil,8,catboost,global,1,0.3,-0.3,0.3300109348903284
5,1,eye_pupil__8__catboost__global__1__0.3__0.0,eye_pupil__8__catboost__global,eye_pupil,8,catboost,global,1,0.3,0.0,0.3308066175401694
5,1,eye_pupil__8__catboost__global__1__0.3__0.3,eye_pupil__8__catboost__global,eye_pupil,8,catboost,global,1,0.3,0.3,0.3220893134953297
5,1,eye_pupil__8__catboost__global__4__-0.3__-0.3,eye_pupil__8__catboost__global,eye_pupil,8,catboost,global,4,-0.3,-0.3,0.3297874925518891
5,1,eye_pupil__8__catboost__global__4__-0.3__0.0,eye_pupil__8__catboost__global,eye_pupil,8,catboost,global,4,-0.3,0.0,0.33657381975681433
5,1,eye_pupil__8__catboost__global__4__-0.3__0.3,eye_pupil__8__catboost__global,eye_pupil,8,catboost,global,4,-0.3,0.3,0.3334891147160865
5,1,eye_pupil__8__catboost__global__4__0.0__-0.3,eye_pupil__8__catboost__global,eye_pupil,8,catboost,global,4,0.0,-0.3,0.34594929924213674
5,1,eye_pupil__8__catboost__global__4__0.0__0.0,eye_pupil__8__catboost__global,eye_pupil,8,catboost,global,4,0.0,0.0,0.3426118148672636
5,1,eye_pupil__8__catboost__global__4__0.0__0.3,eye_pupil__8__catboost__global,eye_pupil,8,catboost,global,4,0.0,0.3,0.3098606667238414
5,1,eye_pupil__8__catboost__global__4__0.3__-0.3,eye_pupil__8__catboost__global,eye_pupil,8,catboost,global,4,0.3,-0.3,0.3276499366867091
5,1,eye_pupil__8__catboost__global__4__0.3__0.0,eye_pupil__8__catboost__global,eye_pupil,8,catboost,global,4,0.3,0.0,0.32432499205119997
5,1,eye_pupil__8__catboost__global__4__0.3__0.3,eye_pupil__8__catboost__global,eye_pupil,8,catboost,global,4,0.3,0.3,0.32469625635516064
5,1,eye_pupil__8__catboost__participant__1__-0.3__-0.3,eye_pupil__8__catboost__participant,eye_pupil,8,catboost,participant,1,-0.3,-0.3,0.3325677181907459
5,1,eye_pupil__8__catboost__participant__1__-0.3__0.0,eye_pupil__8__catboost__participant,eye_pupil,8,catboost,participant,1,-0.3,0.0,0.3251322488777561
5,1,eye_pupil__8__catboost__participant__1__-0.3__0.3,eye_pupil__8__catboost__participant,eye_pupil,8,catboost,participant,1,-0.3,0.3,0.32780595345011265
5,1,eye_pupil__8__catboost__participant__1__0.0__-0.3,eye_pupil__8__catboost__participant,eye_pupil,8,catboost,participant,1,0.0,-0.3,0.3298501048293002
5,1,eye_pupil__8__catboost__participant__1__0.0__0.0,eye_pupil__8__catboost__participant,eye_pupil,8,catboost,participant,1,0.0,0.0,0.32936649883357993
5,1,eye_pupil__8__catboost__participant__1__0.0__0.3,eye_pupil__8__catboost__participant,eye_pupil,8,catboost,participant,1,0.0,0.3,0.30647804612084095
5,1,eye_pupil__8__catboost__participant__1__0.3__-0.3,eye_pupil__8__catboost__participant,eye_pupil,8,catboost,participant,1,0.3,-0.3,0.32437698658105185
5,1,eye_pupil__8__catboost__participant__1__0.3__0.0,eye_pupil__8__catboost__participant,eye_pupil,8,catboost,participant,1,0.3,0.0,0.32520274705250074
5,1,eye_pupil__8__catboost__participant__1__0.3__0.3,eye_pupil__8__catboost__participant,eye_pupil,8,catboost,participant,1,0.3,0.3,0.3162428057102329
5,1,eye_pupil__8__catboost__participant__4__-0.3__-0.3,eye_pupil__8__catboost__participant,eye_pupil,8,catboost,participant,4,-0.3,-0.3,0.3360419420744098
5,1,eye_pupil__8__catboost__participant__4__-0.3__0.0,eye_pupil__8__catboost__participant,eye_pupil,8,catboost,participant,4,-0.3,0.0,0.3217617650465019
5,1,eye_pupil__8__catboost__participant__4__-0.3__0.3,eye_pupil__8__catboost__participant,eye_pupil,8,catboost,participant,4,-0.3,0.3,0.33027919070632655
5,1,eye_pupil__8__catboost__participant__4__0.0__-0.3,eye_pupil__8__catboost__participant,eye_pupil,8,catboost,participant,4,0.0,-0.3,0.328758433023138
5,1,eye_pupil__8__catboost__participant__4__0.0__0.0,eye_pupil__8__catboost__participant,eye_pupil,8,catboost,participant,4,0.0,0.0,0.33292205091398436
5,1,eye_pupil__8__catboost__participant__4__0.0__0.3,eye_pupil__8__catboost__participant,eye_pupil,8,catboost,participant,4,0.0,0.3,0.30298176854775755
5,1,eye_pupil__8__catboost__participant__4__0.3__-0.3,eye_pupil__8__catboost__participant,eye_pupil,8,catboost,participant,4,0.3,-0.3,0.32593829208428365
5,1,eye_pupil__8__catboost__participant__4__0.3__0.0,eye_pupil__8__catboost__participant,eye_pupil,8,catboost,participant,4,0.3,0.0,0.31911834979017023
5,1,eye_pupil__8__catboost__participant__4__0.3__0.3,eye_pupil__8__catboost__participant,eye_pupil,8,catboost,participant,4,0.3,0.3,0.31905190450833265
5,1,full__1__logistic__global__1__-0.3__-0.3,full__1__logistic__global,full,1,logistic,global,1,-0.3,-0.3,0.33336466598476094
5,1,full__1__logistic__global__1__-0.3__0.0,full__1__logistic__global,full,1,logistic,global,1,-0.3,0.0,0.31383149426292084
5,1,full__1__logistic__global__1__-0.3__0.3,full__1__logistic__global,full,1,logistic,global,1,-0.3,0.3,0.32412027153525047
5,1,full__1__logistic__global__1__0.0__-0.3,full__1__logistic__global,full,1,logistic,global,1,0.0,-0.3,0.33496300286674136
5,1,full__1__logistic__global__1__0.0__0.0,full__1__logistic__global,full,1,logistic,global,1,0.0,0.0,0.3262524655243499
5,1,full__1__logistic__global__1__0.0__0.3,full__1__logistic__global,full,1,logistic,global,1,0.0,0.3,0.3185518152163299
5,1,full__1__logistic__global__1__0.3__-0.3,full__1__logistic__global,full,1,logistic,global,1,0.3,-0.3,0.3354023431483011
5,1,full__1__logistic__global__1__0.3__0.0,full__1__logistic__global,full,1,logistic,global,1,0.3,0.0,0.33500540063603645
5,1,full__1__logistic__global__1__0.3__0.3,full__1__logistic__global,full,1,logistic,global,1,0.3,0.3,0.33537670235352857
5,1,full__1__logistic__global__4__-0.3__-0.3,full__1__logistic__global,full,1,logistic,global,4,-0.3,-0.3,0.3388137077184253
5,1,full__1__logistic__global__4__-0.3__0.0,full__1__logistic__global,full,1,logistic,global,4,-0.3,0.0,0.3145130999880473
5,1,full__1__logistic__global__4__-0.3__0.3,full__1__logistic__global,full,1,logistic,global,4,-0.3,0.3,0.3269500569284217
5,1,full__1__logistic__global__4__0.0__-0.3,full__1__logistic__global,full,1,logistic,global,4,0.0,-0.3,0.3374509466303878
5,1,full__1__logistic__global__4__0.0__0.0,full__1__logistic__global,full,1,logistic,global,4,0.0,0.0,0.3253667955220907
5,1,full__1__logistic__global__4__0.0__0.3,full__1__logistic__global,full,1,logistic,global,4,0.0,0.3,0.3153222948245936
5,1,full__1__logistic__global__4__0.3__-0.3,full__1__logistic__global,full,1,logistic,global,4,0.3,-0.3,0.33681578512380306
5,1,full__1__logistic__global__4__0.3__0.0,full__1__logistic__global,full,1,logistic,global,4,0.3,0.0,0.3386447834774697
5,1,full__1__logistic__global__4__0.3__0.3,full__1__logistic__global,full,1,logistic,global,4,0.3,0.3,0.33414517889062056
5,1,full__1__logistic__participant__1__-0.3__-0.3,full__1__logistic__participant,full,1,logistic,participant,1,-0.3,-0.3,0.3283633525893632
5,1,full__1__logistic__participant__1__-0.3__0.0,full__1__logistic__participant,full,1,logistic,participant,1,-0.3,0.0,0.3089269584109243
5,1,full__1__logistic__participant__1__-0.3__0.3,full__1__logistic__participant,full,1,logistic,participant,1,-0.3,0.3,0.3197787743855192
5,1,full__1__logistic__participant__1__0.0__-0.3,full__1__logistic__participant,full,1,logistic,participant,1,0.0,-0.3,0.33317172066869305
5,1,full__1__logistic__participant__1__0.0__0.0,full__1__logistic__participant,full,1,logistic,participant,1,0.0,0.0,0.3277221796975915
5,1,full__1__logistic__participant__1__0.0__0.3,full__1__logistic__participant,full,1,logistic,participant,1,0.0,0.3,0.31695794084404366
5,1,full__1__logistic__participant__1__0.3__-0.3,full__1__logistic__participant,full,1,logistic,participant,1,0.3,-0.3,0.33591615174779954
5,1,full__1__logistic__participant__1__0.3__0.0,full__1__logistic__participant,full,1,logistic,participant,1,0.3,0.0,0.3372869509362193
5,1,full__1__logistic__participant__1__0.3__0.3,full__1__logistic__participant,full,1,logistic,participant,1,0.3,0.3,0.3329383923026866
5,1,full__1__logistic__participant__4__-0.3__-0.3,full__1__logistic__participant,full,1,logistic,participant,4,-0.3,-0.3,0.3238264885689303
5,1,full__1__logistic__participant__4__-0.3__0.0,full__1__logistic__participant,full,1,logistic,participant,4,-0.3,0.0,0.30467351400603826
5,1,full__1__logistic__participant__4__-0.3__0.3,full__1__logistic__participant,full,1,logistic,participant,4,-0.3,0.3,0.3270605321660565
5,1,full__1__logistic__participant__4__0.0__-0.3,full__1__logistic__participant,full,1,logistic,participant,4,0.0,-0.3,0.33216826898823476
5,1,full__1__logistic__participant__4__0.0__0.0,full__1__logistic__participant,full,1,logistic,participant,4,0.0,0.0,0.3226535533675769
5,1,full__1__logistic__participant__4__0.0__0.3,full__1__logistic__participant,full,1,logistic,participant,4,0.0,0.3,0.318838038088603
5,1,full__1__logistic__participant__4__0.3__-0.3,full__1__logistic__participant,full,1,logistic,participant,4,0.3,-0.3,0.34409342162917766
5,1,full__1__logistic__participant__4__0.3__0.0,full__1__logistic__participant,full,1,logistic,participant,4,0.3,0.0,0.34106403287126863
5,1,full__1__logistic__participant__4__0.3__0.3,full__1__logistic__participant,full,1,logistic,participant,4,0.3,0.3,0.34053652492159864
5,1,full__1__ordinal__global__1__-0.3__-0.3,full__1__ordinal__global,full,1,ordinal,global,1,-0.3,-0.3,0.33520248966223426
5,1,full__1__ordinal__global__1__-0.3__0.0,full__1__ordinal__global,full,1,ordinal,global,1,-0.3,0.0,0.31601887353603814
5,1,full__1__ordinal__global__1__-0.3__0.3,full__1__ordinal__global,full,1,ordinal,global,1,-0.3,0.3,0.3260470460778767
5,1,full__1__ordinal__global__1__0.0__-0.3,full__1__ordinal__global,full,1,ordinal,global,1,0.0,-0.3,0.33600692871217636
5,1,full__1__ordinal__global__1__0.0__0.0,full__1__ordinal__global,full,1,ordinal,global,1,0.0,0.0,0.32905671341200454
5,1,full__1__ordinal__global__1__0.0__0.3,full__1__ordinal__global,full,1,ordinal,global,1,0.0,0.3,0.31969086899732874
5,1,full__1__ordinal__global__1__0.3__-0.3,full__1__ordinal__global,full,1,ordinal,global,1,0.3,-0.3,0.3373686985877175
5,1,full__1__ordinal__global__1__0.3__0.0,full__1__ordinal__global,full,1,ordinal,global,1,0.3,0.0,0.3366995782031001
5,1,full__1__ordinal__global__1__0.3__0.3,full__1__ordinal__global,full,1,ordinal,global,1,0.3,0.3,0.3371262750267533
5,1,full__1__ordinal__global__4__-0.3__-0.3,full__1__ordinal__global,full,1,ordinal,global,4,-0.3,-0.3,0.33971549717454275
5,1,full__1__ordinal__global__4__-0.3__0.0,full__1__ordinal__global,full,1,ordinal,global,4,-0.3,0.0,0.31581903103941356
5,1,full__1__ordinal__global__4__-0.3__0.3,full__1__ordinal__global,full,1,ordinal,global,4,-0.3,0.3,0.3326116744167757
5,1,full__1__ordinal__global__4__0.0__-0.3,full__1__ordinal__global,full,1,ordinal,global,4,0.0,-0.3,0.3397801587228487
5,1,full__1__ordinal__global__4__0.0__0.0,full__1__ordinal__global,full,1,ordinal,global,4,0.0,0.0,0.32815031612392154
5,1,full__1__ordinal__global__4__0.0__0.3,full__1__ordinal__global,full,1,ordinal,global,4,0.0,0.3,0.3211747711625399
5,1,full__1__ordinal__global__4__0.3__-0.3,full__1__ordinal__global,full,1,ordinal,global,4,0.3,-0.3,0.33737774851972346
5,1,full__1__ordinal__global__4__0.3__0.0,full__1__ordinal__global,full,1,ordinal,global,4,0.3,0.0,0.3398662078064301
5,1,full__1__ordinal__global__4__0.3__0.3,full__1__ordinal__global,full,1,ordinal,global,4,0.3,0.3,0.3399930173706988
5,1,full__1__ordinal__participant__1__-0.3__-0.3,full__1__ordinal__participant,full,1,ordinal,participant,1,-0.3,-0.3,0.32733315269604324
5,1,full__1__ordinal__participant__1__-0.3__0.0,full__1__ordinal__participant,full,1,ordinal,participant,1,-0.3,0.0,0.30781682536891225
5,1,full__1__ordinal__participant__1__-0.3__0.3,full__1__ordinal__participant,full,1,ordinal,participant,1,-0.3,0.3,0.3224696077707307
5,1,full__1__ordinal__participant__1__0.0__-0.3,full__1__ordinal__participant,full,1,ordinal,participant,1,0.0,-0.3,0.33425487875205034
5,1,full__1__ordinal__participant__1__0.0__0.0,full__1__ordinal__participant,full,1,ordinal,participant,1,0.0,0.0,0.32935422270583853
5,1,full__1__ordinal__participant__1__0.0__0.3,full__1__ordinal__participant,full,1,ordinal,participant,1,0.0,0.3,0.3198125093479149
5,1,full__1__ordinal__participant__1__0.3__-0.3,full__1__ordinal__participant,full,1,ordinal,participant,1,0.3,-0.3,0.3362808256521537
5,1,full__1__ordinal__participant__1__0.3__0.0,full__1__ordinal__participant,full,1,ordinal,participant,1,0.3,0.0,0.3365095368907018
5,1,full__1__ordinal__participant__1__0.3__0.3,full__1__ordinal__participant,full,1,ordinal,participant,1,0.3,0.3,0.3358548231148862
5,1,full__1__ordinal__participant__4__-0.3__-0.3,full__1__ordinal__participant,full,1,ordinal,participant,4,-0.3,-0.3,0.3238311584471119
5,1,full__1__ordinal__participant__4__-0.3__0.0,full__1__ordinal__participant,full,1,ordinal,participant,4,-0.3,0.0,0.3068789344648039
5,1,full__1__ordinal__participant__4__-0.3__0.3,full__1__ordinal__participant,full,1,ordinal,participant,4,-0.3,0.3,0.3280491963068079
5,1,full__1__ordinal__participant__4__0.0__-0.3,full__1__ordinal__participant,full,1,ordinal,participant,4,0.0,-0.3,0.3349522109973144
5,1,full__1__ordinal__participant__4__0.0__0.0,full__1__ordinal__participant,full,1,ordinal,participant,4,0.0,0.0,0.3258615396740111
5,1,full__1__ordinal__participant__4__0.0__0.3,full__1__ordinal__participant,full,1,ordinal,participant,4,0.0,0.3,0.3224666418678878
5,1,full__1__ordinal__participant__4__0.3__-0.3,full__1__ordinal__participant,full,1,ordinal,participant,4,0.3,-0.3,0.3463022868419585
5,1,full__1__ordinal__participant__4__0.3__0.0,full__1__ordinal__participant,full,1,ordinal,participant,4,0.3,0.0,0.3435308561751429
5,1,full__1__ordinal__participant__4__0.3__0.3,full__1__ordinal__participant,full,1,ordinal,participant,4,0.3,0.3,0.34276972109558373
5,1,full__1__catboost__global__1__-0.3__-0.3,full__1__catboost__global,full,1,catboost,global,1,-0.3,-0.3,0.3364603670180352
5,1,full__1__catboost__global__1__-0.3__0.0,full__1__catboost__global,full,1,catboost,global,1,-0.3,0.0,0.3233197560004201
5,1,full__1__catboost__global__1__-0.3__0.3,full__1__catboost__global,full,1,catboost,global,1,-0.3,0.3,0.33100082336553616
5,1,full__1__catboost__global__1__0.0__-0.3,full__1__catboost__global,full,1,catboost,global,1,0.0,-0.3,0.3435594099827478
5,1,full__1__catboost__global__1__0.0__0.0,full__1__catboost__global,full,1,catboost,global,1,0.0,0.0,0.33357210242028423
5,1,full__1__catboost__global__1__0.0__0.3,full__1__catboost__global,full,1,catboost,global,1,0.0,0.3,0.3150451801270978
5,1,full__1__catboost__global__1__0.3__-0.3,full__1__catboost__global,full,1,catboost,global,1,0.3,-0.3,0.3428386874908165
5,1,full__1__catboost__global__1__0.3__0.0,full__1__catboost__global,full,1,catboost,global,1,0.3,0.0,0.3459307957304606
5,1,full__1__catboost__global__1__0.3__0.3,full__1__catboost__global,full,1,catboost,global,1,0.3,0.3,0.3393876483721977
5,1,full__1__catboost__global__4__-0.3__-0.3,full__1__catboost__global,full,1,catboost,global,4,-0.3,-0.3,0.34030542582892404
5,1,full__1__catboost__global__4__-0.3__0.0,full__1__catboost__global,full,1,catboost,global,4,-0.3,0.0,0.32467582978754816
5,1,full__1__catboost__global__4__-0.3__0.3,full__1__catboost__global,full,1,catboost,global,4,-0.3,0.3,0.3358121204824189
5,1,full__1__catboost__global__4__0.0__-0.3,full__1__catboost__global,full,1,catboost,global,4,0.0,-0.3,0.3460517192764154
5,1,full__1__catboost__global__4__0.0__0.0,full__1__catboost__global,full,1,catboost,global,4,0.0,0.0,0.33220822489010843
5,1,full__1__catboost__global__4__0.0__0.3,full__1__catboost__global,full,1,catboost,global,4,0.0,0.3,0.3120804695738854
5,1,full__1__catboost__global__4__0.3__-0.3,full__1__catboost__global,full,1,catboost,global,4,0.3,-0.3,0.33876137801855416
5,1,full__1__catboost__global__4__0.3__0.0,full__1__catboost__global,full,1,catboost,global,4,0.3,0.0,0.3431425389534862
5,1,full__1__catboost__global__4__0.3__0.3,full__1__catboost__global,full,1,catboost,global,4,0.3,0.3,0.3362612638368141
5,1,full__1__catboost__participant__1__-0.3__-0.3,full__1__catboost__participant,full,1,catboost,participant,1,-0.3,-0.3,0.33240744626796187
5,1,full__1__catboost__participant__1__-0.3__0.0,full__1__catboost__participant,full,1,catboost,participant,1,-0.3,0.0,0.3134381251728709
5,1,full__1__catboost__participant__1__-0.3__0.3,full__1__catboost__participant,full,1,catboost,participant,1,-0.3,0.3,0.33393753964787987
5,1,full__1__catboost__participant__1__0.0__-0.3,full__1__catboost__participant,full,1,catboost,participant,1,0.0,-0.3,0.33960550744458107
5,1,full__1__catboost__participant__1__0.0__0.0,full__1__catboost__participant,full,1,catboost,participant,1,0.0,0.0,0.33314854890893264
5,1,full__1__catboost__participant__1__0.0__0.3,full__1__catboost__participant,full,1,catboost,participant,1,0.0,0.3,0.31664010568664164
5,1,full__1__catboost__participant__1__0.3__-0.3,full__1__catboost__participant,full,1,catboost,participant,1,0.3,-0.3,0.33897658492841565
5,1,full__1__catboost__participant__1__0.3__0.0,full__1__catboost__participant,full,1,catboost,participant,1,0.3,0.0,0.34272863535256887
5,1,full__1__catboost__participant__1__0.3__0.3,full__1__catboost__participant,full,1,catboost,participant,1,0.3,0.3,0.3458194595534584
5,1,full__1__catboost__participant__4__-0.3__-0.3,full__1__catboost__participant,full,1,catboost,participant,4,-0.3,-0.3,0.3266139531663819
5,1,full__1__catboost__participant__4__-0.3__0.0,full__1__catboost__participant,full,1,catboost,participant,4,-0.3,0.0,0.31164727284629556
5,1,full__1__catboost__participant__4__-0.3__0.3,full__1__catboost__participant,full,1,catboost,participant,4,-0.3,0.3,0.3410524409445052
5,1,full__1__catboost__participant__4__0.0__-0.3,full__1__catboost__participant,full,1,catboost,participant,4,0.0,-0.3,0.3393619105054948
5,1,full__1__catboost__participant__4__0.0__0.0,full__1__catboost__participant,full,1,catboost,participant,4,0.0,0.0,0.34298592979161857
5,1,full__1__catboost__participant__4__0.0__0.3,full__1__catboost__participant,full,1,catboost,participant,4,0.0,0.3,0.31129014456688725
5,1,full__1__catboost__participant__4__0.3__-0.3,full__1__catboost__participant,full,1,catboost,participant,4,0.3,-0.3,0.33223317441293165
5,1,full__1__catboost__participant__4__0.3__0.0,full__1__catboost__participant,full,1,catboost,participant,4,0.3,0.0,0.3405065779861632
5,1,full__1__catboost__participant__4__0.3__0.3,full__1__catboost__participant,full,1,catboost,participant,4,0.3,0.3,0.3525946427282159
5,1,full__8__logistic__global__1__-0.3__-0.3,full__8__logistic__global,full,8,logistic,global,1,-0.3,-0.3,0.3343346645709416
5,1,full__8__logistic__global__1__-0.3__0.0,full__8__logistic__global,full,8,logistic,global,1,-0.3,0.0,0.3366192700907122
5,1,full__8__logistic__global__1__-0.3__0.3,full__8__logistic__global,full,8,logistic,global,1,-0.3,0.3,0.3395303577442948
5,1,full__8__logistic__global__1__0.0__-0.3,full__8__logistic__global,full,8,logistic,global,1,0.0,-0.3,0.34407353195086554
5,1,full__8__logistic__global__1__0.0__0.0,full__8__logistic__global,full,8,logistic,global,1,0.0,0.0,0.34100829473953354
5,1,full__8__logistic__global__1__0.0__0.3,full__8__logistic__global,full,8,logistic,global,1,0.0,0.3,0.3420415429792526
5,1,full__8__logistic__global__1__0.3__-0.3,full__8__logistic__global,full,8,logistic,global,1,0.3,-0.3,0.357084742348182
5,1,full__8__logistic__global__1__0.3__0.0,full__8__logistic__global,full,8,logistic,global,1,0.3,0.0,0.35065196673020754
5,1,full__8__logistic__global__1__0.3__0.3,full__8__logistic__global,full,8,logistic,global,1,0.3,0.3,0.33873961985037027
5,1,full__8__logistic__global__4__-0.3__-0.3,full__8__logistic__global,full,8,logistic,global,4,-0.3,-0.3,0.33483283831943944
5,1,full__8__logistic__global__4__-0.3__0.0,full__8__logistic__global,full,8,logistic,global,4,-0.3,0.0,0.3363295037342574
5,1,full__8__logistic__global__4__-0.3__0.3,full__8__logistic__global,full,8,logistic,global,4,-0.3,0.3,0.3325740644202414
5,1,full__8__logistic__global__4__0.0__-0.3,full__8__logistic__global,full,8,logistic,global,4,0.0,-0.3,0.3441871411124285
5,1,full__8__logistic__global__4__0.0__0.0,full__8__logistic__global,full,8,logistic,global,4,0.0,0.0,0.34672927481868643
5,1,full__8__logistic__global__4__0.0__0.3,full__8__logistic__global,full,8,logistic,global,4,0.0,0.3,0.3407888508186924
5,1,full__8__logistic__global__4__0.3__-0.3,full__8__logistic__global,full,8,logistic,global,4,0.3,-0.3,0.36256580952839523
5,1,full__8__logistic__global__4__0.3__0.0,full__8__logistic__global,full,8,logistic,global,4,0.3,0.0,0.356772430570391
5,1,full__8__logistic__global__4__0.3__0.3,full__8__logistic__global,full,8,logistic,global,4,0.3,0.3,0.34357223078702137
5,1,full__8__logistic__participant__1__-0.3__-0.3,full__8__logistic__participant,full,8,logistic,participant,1,-0.3,-0.3,0.33850598233965107
5,1,full__8__logistic__participant__1__-0.3__0.0,full__8__logistic__participant,full,8,logistic,participant,1,-0.3,0.0,0.3344897084137379
5,1,full__8__logistic__participant__1__-0.3__0.3,full__8__logistic__participant,full,8,logistic,participant,1,-0.3,0.3,0.3301746275861295
5,1,full__8__logistic__participant__1__0.0__-0.3,full__8__logistic__participant,full,8,logistic,participant,1,0.0,-0.3,0.3402212698478811
5,1,full__8__logistic__participant__1__0.0__0.0,full__8__logistic__participant,full,8,logistic,participant,1,0.0,0.0,0.3418946226647387
5,1,full__8__logistic__participant__1__0.0__0.3,full__8__logistic__participant,full,8,logistic,participant,1,0.0,0.3,0.33279835348534587
5,1,full__8__logistic__participant__1__0.3__-0.3,full__8__logistic__participant,full,8,logistic,participant,1,0.3,-0.3,0.3516660361261534
5,1,full__8__logistic__participant__1__0.3__0.0,full__8__logistic__participant,full,8,logistic,participant,1,0.3,0.0,0.34877286729008283
5,1,full__8__logistic__participant__1__0.3__0.3,full__8__logistic__participant,full,8,logistic,participant,1,0.3,0.3,0.3400508650198276
5,1,full__8__logistic__participant__4__-0.3__-0.3,full__8__logistic__participant,full,8,logistic,participant,4,-0.3,-0.3,0.33457399408545757
5,1,full__8__logistic__participant__4__-0.3__0.0,full__8__logistic__participant,full,8,logistic,participant,4,-0.3,0.0,0.33672738067578073
5,1,full__8__logistic__participant__4__-0.3__0.3,full__8__logistic__participant,full,8,logistic,participant,4,-0.3,0.3,0.32912886524123086
5,1,full__8__logistic__participant__4__0.0__-0.3,full__8__logistic__participant,full,8,logistic,participant,4,0.0,-0.3,0.3450365322151196
5,1,full__8__logistic__participant__4__0.0__0.0,full__8__logistic__participant,full,8,logistic,participant,4,0.0,0.0,0.3498021606977119
5,1,full__8__logistic__participant__4__0.0__0.3,full__8__logistic__participant,full,8,logistic,participant,4,0.0,0.3,0.3407489339988567
5,1,full__8__logistic__participant__4__0.3__-0.3,full__8__logistic__participant,full,8,logistic,participant,4,0.3,-0.3,0.35065306900809257
5,1,full__8__logistic__participant__4__0.3__0.0,full__8__logistic__participant,full,8,logistic,participant,4,0.3,0.0,0.34519982919295866
5,1,full__8__logistic__participant__4__0.3__0.3,full__8__logistic__participant,full,8,logistic,participant,4,0.3,0.3,0.34801148514025776
5,1,full__8__ordinal__global__1__-0.3__-0.3,full__8__ordinal__global,full,8,ordinal,global,1,-0.3,-0.3,0.33762843407497906
5,1,full__8__ordinal__global__1__-0.3__0.0,full__8__ordinal__global,full,8,ordinal,global,1,-0.3,0.0,0.3387637107681818
5,1,full__8__ordinal__global__1__-0.3__0.3,full__8__ordinal__global,full,8,ordinal,global,1,-0.3,0.3,0.34089015587730903
5,1,full__8__ordinal__global__1__0.0__-0.3,full__8__ordinal__global,full,8,ordinal,global,1,0.0,-0.3,0.34635247414985765
5,1,full__8__ordinal__global__1__0.0__0.0,full__8__ordinal__global,full,8,ordinal,global,1,0.0,0.0,0.3410211169254205
5,1,full__8__ordinal__global__1__0.0__0.3,full__8__ordinal__global,full,8,ordinal,global,1,0.0,0.3,0.344224128688194
5,1,full__8__ordinal__global__1__0.3__-0.3,full__8__ordinal__global,full,8,ordinal,global,1,0.3,-0.3,0.35472136797609544
5,1,full__8__ordinal__global__1__0.3__0.0,full__8__ordinal__global,full,8,ordinal,global,1,0.3,0.0,0.35018877906169726
5,1,full__8__ordinal__global__1__0.3__0.3,full__8__ordinal__global,full,8,ordinal,global,1,0.3,0.3,0.3394687517326574
5,1,full__8__ordinal__global__4__-0.3__-0.3,full__8__ordinal__global,full,8,ordinal,global,4,-0.3,-0.3,0.3411971028924508
5,1,full__8__ordinal__global__4__-0.3__0.0,full__8__ordinal__global,full,8,ordinal,global,4,-0.3,0.0,0.3395817717570781
5,1,full__8__ordinal__global__4__-0.3__0.3,full__8__ordinal__global,full,8,ordinal,global,4,-0.3,0.3,0.33200109372354114
5,1,full__8__ordinal__global__4__0.0__-0.3,full__8__ordinal__global,full,8,ordinal,global,4,0.0,-0.3,0.34887480555838296
5,1,full__8__ordinal__global__4__0.0__0.0,full__8__ordinal__global,full,8,ordinal,global,4,0.0,0.0,0.3488172884614118
5,1,full__8__ordinal__global__4__0.0__0.3,full__8__ordinal__global,full,8,ordinal,global,4,0.0,0.3,0.3453027152758837
5,1,full__8__ordinal__global__4__0.3__-0.3,full__8__ordinal__global,full,8,ordinal,global,4,0.3,-0.3,0.36290611144104334
5,1,full__8__ordinal__global__4__0.3__0.0,full__8__ordinal__global,full,8,ordinal,global,4,0.3,0.0,0.35880519406735883
5,1,full__8__ordinal__global__4__0.3__0.3,full__8__ordinal__global,full,8,ordinal,global,4,0.3,0.3,0.3490522700260847
5,1,full__8__ordinal__participant__1__-0.3__-0.3,full__8__ordinal__participant,full,8,ordinal,participant,1,-0.3,-0.3,0.34230155287991026
5,1,full__8__ordinal__participant__1__-0.3__0.0,full__8__ordinal__participant,full,8,ordinal,participant,1,-0.3,0.0,0.33934291502969505
5,1,full__8__ordinal__participant__1__-0.3__0.3,full__8__ordinal__participant,full,8,ordinal,participant,1,-0.3,0.3,0.3340170375863765
5,1,full__8__ordinal__participant__1__0.0__-0.3,full__8__ordinal__participant,full,8,ordinal,participant,1,0.0,-0.3,0.34362951611464
5,1,full__8__ordinal__participant__1__0.0__0.0,full__8__ordinal__participant,full,8,ordinal,participant,1,0.0,0.0,0.3448915078236317
5,1,full__8__ordinal__participant__1__0.0__0.3,full__8__ordinal__participant,full,8,ordinal,participant,1,0.0,0.3,0.33805161888985297
5,1,full__8__ordinal__participant__1__0.3__-0.3,full__8__ordinal__participant,full,8,ordinal,participant,1,0.3,-0.3,0.35157128816728206
5,1,full__8__ordinal__participant__1__0.3__0.0,full__8__ordinal__participant,full,8,ordinal,participant,1,0.3,0.0,0.3489773156775554
5,1,full__8__ordinal__participant__1__0.3__0.3,full__8__ordinal__participant,full,8,ordinal,participant,1,0.3,0.3,0.3428297220172268
5,1,full__8__ordinal__participant__4__-0.3__-0.3,full__8__ordinal__participant,full,8,ordinal,participant,4,-0.3,-0.3,0.34107162333158253
5,1,full__8__ordinal__participant__4__-0.3__0.0,full__8__ordinal__participant,full,8,ordinal,participant,4,-0.3,0.0,0.34026623292623176
5,1,full__8__ordinal__participant__4__-0.3__0.3,full__8__ordinal__participant,full,8,ordinal,participant,4,-0.3,0.3,0.3306098174012272
5,1,full__8__ordinal__participant__4__0.0__-0.3,full__8__ordinal__participant,full,8,ordinal,participant,4,0.0,-0.3,0.34672981443699363
5,1,full__8__ordinal__participant__4__0.0__0.0,full__8__ordinal__participant,full,8,ordinal,participant,4,0.0,0.0,0.3546752975262364
5,1,full__8__ordinal__participant__4__0.0__0.3,full__8__ordinal__participant,full,8,ordinal,participant,4,0.0,0.3,0.34470753297563067
5,1,full__8__ordinal__participant__4__0.3__-0.3,full__8__ordinal__participant,full,8,ordinal,participant,4,0.3,-0.3,0.354516202285515
5,1,full__8__ordinal__participant__4__0.3__0.0,full__8__ordinal__participant,full,8,ordinal,participant,4,0.3,0.0,0.350450624773395
5,1,full__8__ordinal__participant__4__0.3__0.3,full__8__ordinal__participant,full,8,ordinal,participant,4,0.3,0.3,0.35387680478239575
5,1,full__8__catboost__global__1__-0.3__-0.3,full__8__catboost__global,full,8,catboost,global,1,-0.3,-0.3,0.33903837336357195
5,1,full__8__catboost__global__1__-0.3__0.0,full__8__catboost__global,full,8,catboost,global,1,-0.3,0.0,0.3261412954816533
5,1,full__8__catboost__global__1__-0.3__0.3,full__8__catboost__global,full,8,catboost,global,1,-0.3,0.3,0.3418738542422807
5,1,full__8__catboost__global__1__0.0__-0.3,full__8__catboost__global,full,8,catboost,global,1,0.0,-0.3,0.3390577399607346
5,1,full__8__catboost__global__1__0.0__0.0,full__8__catboost__global,full,8,catboost,global,1,0.0,0.0,0.33423439710398023
5,1,full__8__catboost__global__1__0.0__0.3,full__8__catboost__global,full,8,catboost,global,1,0.0,0.3,0.329998707437779
5,1,full__8__catboost__global__1__0.3__-0.3,full__8__catboost__global,full,8,catboost,global,1,0.3,-0.3,0.35546053069347966
5,1,full__8__catboost__global__1__0.3__0.0,full__8__catboost__global,full,8,catboost,global,1,0.3,0.0,0.35525445270734146
5,1,full__8__catboost__global__1__0.3__0.3,full__8__catboost__global,full,8,catboost,global,1,0.3,0.3,0.3382807896480325
5,1,full__8__catboost__global__4__-0.3__-0.3,full__8__catboost__global,full,8,catboost,global,4,-0.3,-0.3,0.3338683803549448
5,1,full__8__catboost__global__4__-0.3__0.0,full__8__catboost__global,full,8,catboost,global,4,-0.3,0.0,0.3284257547952077
5,1,full__8__catboost__global__4__-0.3__0.3,full__8__catboost__global,full,8,catboost,global,4,-0.3,0.3,0.3327697385493516
5,1,full__8__catboost__global__4__0.0__-0.3,full__8__catboost__global,full,8,catboost,global,4,0.0,-0.3,0.34003053331558775
5,1,full__8__catboost__global__4__0.0__0.0,full__8__catboost__global,full,8,catboost,global,4,0.0,0.0,0.3281868590795866
5,1,full__8__catboost__global__4__0.0__0.3,full__8__catboost__global,full,8,catboost,global,4,0.0,0.3,0.3255975483554257
5,1,full__8__catboost__global__4__0.3__-0.3,full__8__catboost__global,full,8,catboost,global,4,0.3,-0.3,0.35753968244938283
5,1,full__8__catboost__global__4__0.3__0.0,full__8__catboost__global,full,8,catboost,global,4,0.3,0.0,0.3527691734072895
5,1,full__8__catboost__global__4__0.3__0.3,full__8__catboost__global,full,8,catboost,global,4,0.3,0.3,0.3288183075222394
5,1,full__8__catboost__participant__1__-0.3__-0.3,full__8__catboost__participant,full,8,catboost,participant,1,-0.3,-0.3,0.32956180879264074
5,1,full__8__catboost__participant__1__-0.3__0.0,full__8__catboost__participant,full,8,catboost,participant,1,-0.3,0.0,0.32932869920480573
5,1,full__8__catboost__participant__1__-0.3__0.3,full__8__catboost__participant,full,8,catboost,participant,1,-0.3,0.3,0.3326291046485324
5,1,full__8__catboost__participant__1__0.0__-0.3,full__8__catboost__participant,full,8,catboost,participant,1,0.0,-0.3,0.33559386321790585
5,1,full__8__catboost__participant__1__0.0__0.0,full__8__catboost__participant,full,8,catboost,participant,1,0.0,0.0,0.33532991329783746
5,1,full__8__catboost__participant__1__0.0__0.3,full__8__catboost__participant,full,8,catboost,participant,1,0.0,0.3,0.3155413344690473
5,1,full__8__catboost__participant__1__0.3__-0.3,full__8__catboost__participant,full,8,catboost,participant,1,0.3,-0.3,0.34391439647826083
5,1,full__8__catboost__participant__1__0.3__0.0,full__8__catboost__participant,full,8,catboost,participant,1,0.3,0.0,0.3468174021425832
5,1,full__8__catboost__participant__1__0.3__0.3,full__8__catboost__participant,full,8,catboost,participant,1,0.3,0.3,0.3377305090751667
5,1,full__8__catboost__participant__4__-0.3__-0.3,full__8__catboost__participant,full,8,catboost,participant,4,-0.3,-0.3,0.32186884342400257
5,1,full__8__catboost__participant__4__-0.3__0.0,full__8__catboost__participant,full,8,catboost,participant,4,-0.3,0.0,0.3298753196782087
5,1,full__8__catboost__participant__4__-0.3__0.3,full__8__catboost__participant,full,8,catboost,participant,4,-0.3,0.3,0.3318894813836651
5,1,full__8__catboost__participant__4__0.0__-0.3,full__8__catboost__participant,full,8,catboost,participant,4,0.0,-0.3,0.33645335246083463
5,1,full__8__catboost__participant__4__0.0__0.0,full__8__catboost__participant,full,8,catboost,participant,4,0.0,0.0,0.33331378481191604
5,1,full__8__catboost__participant__4__0.0__0.3,full__8__catboost__participant,full,8,catboost,participant,4,0.0,0.3,0.3151000006614224
5,1,full__8__catboost__participant__4__0.3__-0.3,full__8__catboost__participant,full,8,catboost,participant,4,0.3,-0.3,0.34417821510744157
5,1,full__8__catboost__participant__4__0.3__0.0,full__8__catboost__participant,full,8,catboost,participant,4,0.3,0.0,0.3496566474499431
5,1,full__8__catboost__participant__4__0.3__0.3,full__8__catboost__participant,full,8,catboost,participant,4,0.3,0.3,0.34026577379379275
5,2,eye_pupil__1__logistic__global__1__-0.3__-0.3,eye_pupil__1__logistic__global,eye_pupil,1,logistic,global,1,-0.3,-0.3,0.285287507348349
5,2,eye_pupil__1__logistic__global__1__-0.3__0.0,eye_pupil__1__logistic__global,eye_pupil,1,logistic,global,1,-0.3,0.0,0.3294506546061316
5,2,eye_pupil__1__logistic__global__1__-0.3__0.3,eye_pupil__1__logistic__global,eye_pupil,1,logistic,global,1,-0.3,0.3,0.35784953863949787
5,2,eye_pupil__1__logistic__global__1__0.0__-0.3,eye_pupil__1__logistic__global,eye_pupil,1,logistic,global,1,0.0,-0.3,0.3313111330681209
5,2,eye_pupil__1__logistic__global__1__0.0__0.0,eye_pupil__1__logistic__global,eye_pupil,1,logistic,global,1,0.0,0.0,0.3365704913624953
5,2,eye_pupil__1__logistic__global__1__0.0__0.3,eye_pupil__1__logistic__global,eye_pupil,1,logistic,global,1,0.0,0.3,0.35617420426477336
5,2,eye_pupil__1__logistic__global__1__0.3__-0.3,eye_pupil__1__logistic__global,eye_pupil,1,logistic,global,1,0.3,-0.3,0.3604916985158745
5,2,eye_pupil__1__logistic__global__1__0.3__0.0,eye_pupil__1__logistic__global,eye_pupil,1,logistic,global,1,0.3,0.0,0.35966874127358034
5,2,eye_pupil__1__logistic__global__1__0.3__0.3,eye_pupil__1__logistic__global,eye_pupil,1,logistic,global,1,0.3,0.3,0.35757174595193714
5,2,eye_pupil__1__logistic__global__4__-0.3__-0.3,eye_pupil__1__logistic__global,eye_pupil,1,logistic,global,4,-0.3,-0.3,0.288038925071587
5,2,eye_pupil__1__logistic__global__4__-0.3__0.0,eye_pupil__1__logistic__global,eye_pupil,1,logistic,global,4,-0.3,0.0,0.3213858069400559
5,2,eye_pupil__1__logistic__global__4__-0.3__0.3,eye_pupil__1__logistic__global,eye_pupil,1,logistic,global,4,-0.3,0.3,0.3570684075336916
5,2,eye_pupil__1__logistic__global__4__0.0__-0.3,eye_pupil__1__logistic__global,eye_pupil,1,logistic,global,4,0.0,-0.3,0.33200127211503705
5,2,eye_pupil__1__logistic__global__4__0.0__0.0,eye_pupil__1__logistic__global,eye_pupil,1,logistic,global,4,0.0,0.0,0.32617056636119707
5,2,eye_pupil__1__logistic__global__4__0.0__0.3,eye_pupil__1__logistic__global,eye_pupil,1,logistic,global,4,0.0,0.3,0.3569110059218504
5,2,eye_pupil__1__logistic__global__4__0.3__-0.3,eye_pupil__1__logistic__global,eye_pupil,1,logistic,global,4,0.3,-0.3,0.3612151383743571
5,2,eye_pupil__1__logistic__global__4__0.3__0.0,eye_pupil__1__logistic__global,eye_pupil,1,logistic,global,4,0.3,0.0,0.36175350472880696
5,2,eye_pupil__1__logistic__global__4__0.3__0.3,eye_pupil__1__logistic__global,eye_pupil,1,logistic,global,4,0.3,0.3,0.3635452113470323
5,2,eye_pupil__1__logistic__participant__1__-0.3__-0.3,eye_pupil__1__logistic__participant,eye_pupil,1,logistic,participant,1,-0.3,-0.3,0.28564127929923955
5,2,eye_pupil__1__logistic__participant__1__-0.3__0.0,eye_pupil__1__logistic__participant,eye_pupil,1,logistic,participant,1,-0.3,0.0,0.3294068259422865
5,2,eye_pupil__1__logistic__participant__1__-0.3__0.3,eye_pupil__1__logistic__participant,eye_pupil,1,logistic,participant,1,-0.3,0.3,0.3577610085057918
5,2,eye_pupil__1__logistic__participant__1__0.0__-0.3,eye_pupil__1__logistic__participant,eye_pupil,1,logistic,participant,1,0.0,-0.3,0.32905221175157134
5,2,eye_pupil__1__logistic__participant__1__0.0__0.0,eye_pupil__1__logistic__participant,eye_pupil,1,logistic,participant,1,0.0,0.0,0.33730905834225267
5,2,eye_pupil__1__logistic__participant__1__0.0__0.3,eye_pupil__1__logistic__participant,eye_pupil,1,logistic,participant,1,0.0,0.3,0.35538498092837084
5,2,eye_pupil__1__logistic__participant__1__0.3__-0.3,eye_pupil__1__logistic__participant,eye_pupil,1,logistic,participant,1,0.3,-0.3,0.35885717079902435
5,2,eye_pupil__1__logistic__participant__1__0.3__0.0,eye_pupil__1__logistic__participant,eye_pupil,1,logistic,participant,1,0.3,0.0,0.3581124722552095
5,2,eye_pupil__1__logistic__participant__1__0.3__0.3,eye_pupil__1__logistic__participant,eye_pupil,1,logistic,participant,1,0.3,0.3,0.3616358389928719
5,2,eye_pupil__1__logistic__participant__4__-0.3__-0.3,eye_pupil__1__logistic__participant,eye_pupil,1,logistic,participant,4,-0.3,-0.3,0.28810931839401965
5,2,eye_pupil__1__logistic__participant__4__-0.3__0.0,eye_pupil__1__logistic__participant,eye_pupil,1,logistic,participant,4,-0.3,0.0,0.32474013081738
5,2,eye_pupil__1__logistic__participant__4__-0.3__0.3,eye_pupil__1__logistic__participant,eye_pupil,1,logistic,participant,4,-0.3,0.3,0.35731176666972886
5,2,eye_pupil__1__logistic__participant__4__0.0__-0.3,eye_pupil__1__logistic__participant,eye_pupil,1,logistic,participant,4,0.0,-0.3,0.3329405755507807
5,2,eye_pupil__1__logistic__participant__4__0.0__0.0,eye_pupil__1__logistic__participant,eye_pupil,1,logistic,participant,4,0.0,0.0,0.33208503889466884
5,2,eye_pupil__1__logistic__participant__4__0.0__0.3,eye_pupil__1__logistic__participant,eye_pupil,1,logistic,participant,4,0.0,0.3,0.35733658080132785
5,2,eye_pupil__1__logistic__participant__4__0.3__-0.3,eye_pupil__1__logistic__participant,eye_pupil,1,logistic,participant,4,0.3,-0.3,0.35973571949469846
5,2,eye_pupil__1__logistic__participant__4__0.3__0.0,eye_pupil__1__logistic__participant,eye_pupil,1,logistic,participant,4,0.3,0.0,0.3597930297755272
5,2,eye_pupil__1__logistic__participant__4__0.3__0.3,eye_pupil__1__logistic__participant,eye_pupil,1,logistic,participant,4,0.3,0.3,0.36921378979663916
5,2,eye_pupil__1__ordinal__global__1__-0.3__-0.3,eye_pupil__1__ordinal__global,eye_pupil,1,ordinal,global,1,-0.3,-0.3,0.28722798596156957
5,2,eye_pupil__1__ordinal__global__1__-0.3__0.0,eye_pupil__1__ordinal__global,eye_pupil,1,ordinal,global,1,-0.3,0.0,0.3272446543740488
5,2,eye_pupil__1__ordinal__global__1__-0.3__0.3,eye_pupil__1__ordinal__global,eye_pupil,1,ordinal,global,1,-0.3,0.3,0.3567879432490172
5,2,eye_pupil__1__ordinal__global__1__0.0__-0.3,eye_pupil__1__ordinal__global,eye_pupil,1,ordinal,global,1,0.0,-0.3,0.3319017892896205
5,2,eye_pupil__1__ordinal__global__1__0.0__0.0,eye_pupil__1__ordinal__global,eye_pupil,1,ordinal,global,1,0.0,0.0,0.33755530139910384
5,2,eye_pupil__1__ordinal__global__1__0.0__0.3,eye_pupil__1__ordinal__global,eye_pupil,1,ordinal,global,1,0.0,0.3,0.3553311359372242
5,2,eye_pupil__1__ordinal__global__1__0.3__-0.3,eye_pupil__1__ordinal__global,eye_pupil,1,ordinal,global,1,0.3,-0.3,0.35918838207148984
5,2,eye_pupil__1__ordinal__global__1__0.3__0.0,eye_pupil__1__ordinal__global,eye_pupil,1,ordinal,global,1,0.3,0.0,0.3588575567744823
5,2,eye_pupil__1__ordinal__global__1__0.3__0.3,eye_pupil__1__ordinal__global,eye_pupil,1,ordinal,global,1,0.3,0.3,0.35719319632024815
5,2,eye_pupil__1__ordinal__global__4__-0.3__-0.3,eye_pupil__1__ordinal__global,eye_pupil,1,ordinal,global,4,-0.3,-0.3,0.2888884188069019
5,2,eye_pupil__1__ordinal__global__4__-0.3__0.0,eye_pupil__1__ordinal__global,eye_pupil,1,ordinal,global,4,-0.3,0.0,0.3196004405640766
5,2,eye_pupil__1__ordinal__global__4__-0.3__0.3,eye_pupil__1__ordinal__global,eye_pupil,1,ordinal,global,4,-0.3,0.3,0.356619385962002
5,2,eye_pupil__1__ordinal__global__4__0.0__-0.3,eye_pupil__1__ordinal__global,eye_pupil,1,ordinal,global,4,0.0,-0.3,0.33213432931096926
5,2,eye_pupil__1__ordinal__global__4__0.0__0.0,eye_pupil__1__ordinal__global,eye_pupil,1,ordinal,global,4,0.0,0.0,0.3266249668127905
5,2,eye_pupil__1__ordinal__global__4__0.0__0.3,eye_pupil__1__ordinal__global,eye_pupil,1,ordinal,global,4,0.0,0.3,0.356947506129391
5,2,eye_pupil__1__ordinal__global__4__0.3__-0.3,eye_pupil__1__ordinal__global,eye_pupil,1,ordinal,global,4,0.3,-0.3,0.3599563635561468
5,2,eye_pupil__1__ordinal__global__4__0.3__0.0,eye_pupil__1__ordinal__global,eye_pupil,1,ordinal,global,4,0.3,0.0,0.36066036182912087
5,2,eye_pupil__1__ordinal__global__4__0.3__0.3,eye_pupil__1__ordinal__global,eye_pupil,1,ordinal,global,4,0.3,0.3,0.3648433655157795
5,2,eye_pupil__1__ordinal__participant__1__-0.3__-0.3,eye_pupil__1__ordinal__participant,eye_pupil,1,ordinal,participant,1,-0.3,-0.3,0.2864687626395633
5,2,eye_pupil__1__ordinal__participant__1__-0.3__0.0,eye_pupil__1__ordinal__participant,eye_pupil,1,ordinal,participant,1,-0.3,0.0,0.32902812349544475
5,2,eye_pupil__1__ordinal__participant__1__-0.3__0.3,eye_pupil__1__ordinal__participant,eye_pupil,1,ordinal,participant,1,-0.3,0.3,0.3570934225440765
5,2,eye_pupil__1__ordinal__participant__1__0.0__-0.3,eye_pupil__1__ordinal__participant,eye_pupil,1,ordinal,participant,1,0.0,-0.3,0.32877673996036405
5,2,eye_pupil__1__ordinal__participant__1__0.0__0.0,eye_pupil__1__ordinal__participant,eye_pupil,1,ordinal,participant,1,0.0,0.0,0.3392850840571755
5,2,eye_pupil__1__ordinal__participant__1__0.0__0.3,eye_pupil__1__ordinal__participant,eye_pupil,1,ordinal,participant,1,0.0,0.3,0.35473097182597063
5,2,eye_pupil__1__ordinal__participant__1__0.3__-0.3,eye_pupil__1__ordinal__participant,eye_pupil,1,ordinal,participant,1,0.3,-0.3,0.3592341856842498
5,2,eye_pupil__1__ordinal__participant__1__0.3__0.0,eye_pupil__1__ordinal__participant,eye_pupil,1,ordinal,participant,1,0.3,0.0,0.35853892890036165
5,2,eye_pupil__1__ordinal__participant__1__0.3__0.3,eye_pupil__1__ordinal__participant,eye_pupil,1,ordinal,participant,1,0.3,0.3,0.3628068583559551
5,2,eye_pupil__1__ordinal__participant__4__-0.3__-0.3,eye_pupil__1__ordinal__participant,eye_pupil,1,ordinal,participant,4,-0.3,-0.3,0.28929636325341923
5,2,eye_pupil__1__ordinal__participant__4__-0.3__0.0,eye_pupil__1__ordinal__participant,eye_pupil,1,ordinal,participant,4,-0.3,0.0,0.32425673034284275
5,2,eye_pupil__1__ordinal__participant__4__-0.3__0.3,eye_pupil__1__ordinal__participant,eye_pupil,1,ordinal,participant,4,-0.3,0.3,0.35680323978757567
5,2,eye_pupil__1__ordinal__participant__4__0.0__-0.3,eye_pupil__1__ordinal__participant,eye_pupil,1,ordinal,participant,4,0.0,-0.3,0.32979496577688455
5,2,eye_pupil__1__ordinal__participant__4__0.0__0.0,eye_pupil__1__ordinal__participant,eye_pupil,1,ordinal,participant,4,0.0,0.0,0.33054179285507174
5,2,eye_pupil__1__ordinal__participant__4__0.0__0.3,eye_pupil__1__ordinal__participant,eye_pupil,1,ordinal,participant,4,0.0,0.3,0.35713135995496476
5,2,eye_pupil__1__ordinal__participant__4__0.3__-0.3,eye_pupil__1__ordinal__participant,eye_pupil,1,ordinal,participant,4,0.3,-0.3,0.35842740305441506
5,2,eye_pupil__1__ordinal__participant__4__0.3__0.0,eye_pupil__1__ordinal__participant,eye_pupil,1,ordinal,participant,4,0.3,0.0,0.3582308490593805
5,2,eye_pupil__1__ordinal__participant__4__0.3__0.3,eye_pupil__1__ordinal__participant,eye_pupil,1,ordinal,participant,4,0.3,0.3,0.3702093307760449
5,2,eye_pupil__1__catboost__global__1__-0.3__-0.3,eye_pupil__1__catboost__global,eye_pupil,1,catboost,global,1,-0.3,-0.3,0.2814341839406633
5,2,eye_pupil__1__catboost__global__1__-0.3__0.0,eye_pupil__1__catboost__global,eye_pupil,1,catboost,global,1,-0.3,0.0,0.3203584985179505
5,2,eye_pupil__1__catboost__global__1__-0.3__0.3,eye_pupil__1__catboost__global,eye_pupil,1,catboost,global,1,-0.3,0.3,0.35923436099152756
5,2,eye_pupil__1__catboost__global__1__0.0__-0.3,eye_pupil__1__catboost__global,eye_pupil,1,catboost,global,1,0.0,-0.3,0.3235499068891042
5,2,eye_pupil__1__catboost__global__1__0.0__0.0,eye_pupil__1__catboost__global,eye_pupil,1,catboost,global,1,0.0,0.0,0.3319560924072427
5,2,eye_pupil__1__catboost__global__1__0.0__0.3,eye_pupil__1__catboost__global,eye_pupil,1,catboost,global,1,0.0,0.3,0.3589506139236841
5,2,eye_pupil__1__catboost__global__1__0.3__-0.3,eye_pupil__1__catboost__global,eye_pupil,1,catboost,global,1,0.3,-0.3,0.3624383880078756
5,2,eye_pupil__1__catboost__global__1__0.3__0.0,eye_pupil__1__catboost__global,eye_pupil,1,catboost,global,1,0.3,0.0,0.3632237541912256
5,2,eye_pupil__1__catboost__global__1__0.3__0.3,eye_pupil__1__catboost__global,eye_pupil,1,catboost,global,1,0.3,0.3,0.35166674874523685
5,2,eye_pupil__1__catboost__global__4__-0.3__-0.3,eye_pupil__1__catboost__global,eye_pupil,1,catboost,global,4,-0.3,-0.3,0.2854204229584048
5,2,eye_pupil__1__catboost__global__4__-0.3__0.0,eye_pupil__1__catboost__global,eye_pupil,1,catboost,global,4,-0.3,0.0,0.31285757994408264
5,2,eye_pupil__1__catboost__global__4__-0.3__0.3,eye_pupil__1__catboost__global,eye_pupil,1,catboost,global,4,-0.3,0.3,0.36306852626271297
5,2,eye_pupil__1__catboost__global__4__0.0__-0.3,eye_pupil__1__catboost__global,eye_pupil,1,catboost,global,4,0.0,-0.3,0.33191731942238634
5,2,eye_pupil__1__catboost__global__4__0.0__0.0,eye_pupil__1__catboost__global,eye_pupil,1,catboost,global,4,0.0,0.0,0.31943990701480734
5,2,eye_pupil__1__catboost__global__4__0.0__0.3,eye_pupil__1__catboost__global,eye_pupil,1,catboost,global,4,0.0,0.3,0.36354740491989607
5,2,eye_pupil__1__catboost__global__4__0.3__-0.3,eye_pupil__1__catboost__global,eye_pupil,1,catboost,global,4,0.3,-0.3,0.3631019551976958
5,2,eye_pupil__1__catboost__global__4__0.3__0.0,eye_pupil__1__catboost__global,eye_pupil,1,catboost,global,4,0.3,0.0,0.3644189292807373
5,2,eye_pupil__1__catboost__global__4__0.3__0.3,eye_pupil__1__catboost__global,eye_pupil,1,catboost,global,4,0.3,0.3,0.34981539076602314
5,2,eye_pupil__1__catboost__participant__1__-0.3__-0.3,eye_pupil__1__catboost__participant,eye_pupil,1,catboost,participant,1,-0.3,-0.3,0.27792163655577967
5,2,eye_pupil__1__catboost__participant__1__-0.3__0.0,eye_pupil__1__catboost__participant,eye_pupil,1,catboost,participant,1,-0.3,0.0,0.31606200476682195
5,2,eye_pupil__1__catboost__participant__1__-0.3__0.3,eye_pupil__1__catboost__participant,eye_pupil,1,catboost,participant,1,-0.3,0.3,0.35859580662872315
5,2,eye_pupil__1__catboost__participant__1__0.0__-0.3,eye_pupil__1__catboost__participant,eye_pupil,1,catboost,participant,1,0.0,-0.3,0.3202209609953324
5,2,eye_pupil__1__catboost__participant__1__0.0__0.0,eye_pupil__1__catboost__participant,eye_pupil,1,catboost,participant,1,0.0,0.0,0.3251484584715588
5,2,eye_pupil__1__catboost__participant__1__0.0__0.3,eye_pupil__1__catboost__participant,eye_pupil,1,catboost,participant,1,0.0,0.3,0.35843047770510295
5,2,eye_pupil__1__catboost__participant__1__0.3__-0.3,eye_pupil__1__catboost__participant,eye_pupil,1,catboost,participant,1,0.3,-0.3,0.36392689221898544
5,2,eye_pupil__1__catboost__participant__1__0.3__0.0,eye_pupil__1__catboost__participant,eye_pupil,1,catboost,participant,1,0.3,0.0,0.36540578079530467
5,2,eye_pupil__1__catboost__participant__1__0.3__0.3,eye_pupil__1__catboost__participant,eye_pupil,1,catboost,participant,1,0.3,0.3,0.3528891907983618
5,2,eye_pupil__1__catboost__participant__4__-0.3__-0.3,eye_pupil__1__catboost__participant,eye_pupil,1,catboost,participant,4,-0.3,-0.3,0.2847584405904878
5,2,eye_pupil__1__catboost__participant__4__-0.3__0.0,eye_pupil__1__catboost__participant,eye_pupil,1,catboost,participant,4,-0.3,0.0,0.3090093125233672
5,2,eye_pupil__1__catboost__participant__4__-0.3__0.3,eye_pupil__1__catboost__participant,eye_pupil,1,catboost,participant,4,-0.3,0.3,0.36256597497904997
5,2,eye_pupil__1__catboost__participant__4__0.0__-0.3,eye_pupil__1__catboost__participant,eye_pupil,1,catboost,participant,4,0.0,-0.3,0.322830571703571
5,2,eye_pupil__1__catboost__participant__4__0.0__0.0,eye_pupil__1__catboost__participant,eye_pupil,1,catboost,participant,4,0.0,0.0,0.3179724178103078
5,2,eye_pupil__1__catboost__participant__4__0.0__0.3,eye_pupil__1__catboost__participant,eye_pupil,1,catboost,participant,4,0.0,0.3,0.36302165964526095
5,2,eye_pupil__1__catboost__participant__4__0.3__-0.3,eye_pupil__1__catboost__participant,eye_pupil,1,catboost,participant,4,0.3,-0.3,0.36379835934932087
5,2,eye_pupil__1__catboost__participant__4__0.3__0.0,eye_pupil__1__catboost__participant,eye_pupil,1,catboost,participant,4,0.3,0.0,0.36444967558111463
5,2,eye_pupil__1__catboost__participant__4__0.3__0.3,eye_pupil__1__catboost__participant,eye_pupil,1,catboost,participant,4,0.3,0.3,0.34779837652486145
5,2,eye_pupil__8__logistic__global__1__-0.3__-0.3,eye_pupil__8__logistic__global,eye_pupil,8,logistic,global,1,-0.3,-0.3,0.2923840701840524
5,2,eye_pupil__8__logistic__global__1__-0.3__0.0,eye_pupil__8__logistic__global,eye_pupil,8,logistic,global,1,-0.3,0.0,0.3157068688924183
5,2,eye_pupil__8__logistic__global__1__-0.3__0.3,eye_pupil__8__logistic__global,eye_pupil,8,logistic,global,1,-0.3,0.3,0.33235308185270457
5,2,eye_pupil__8__logistic__global__1__0.0__-0.3,eye_pupil__8__logistic__global,eye_pupil,8,logistic,global,1,0.0,-0.3,0.3309823004214491
5,2,eye_pupil__8__logistic__global__1__0.0__0.0,eye_pupil__8__logistic__global,eye_pupil,8,logistic,global,1,0.0,0.0,0.3254556039545874
5,2,eye_pupil__8__logistic__global__1__0.0__0.3,eye_pupil__8__logistic__global,eye_pupil,8,logistic,global,1,0.0,0.3,0.33619994900288386
5,2,eye_pupil__8__logistic__global__1__0.3__-0.3,eye_pupil__8__logistic__global,eye_pupil,8,logistic,global,1,0.3,-0.3,0.3578790164038833
5,2,eye_pupil__8__logistic__global__1__0.3__0.0,eye_pupil__8__logistic__global,eye_pupil,8,logistic,global,1,0.3,0.0,0.3564002051776667
5,2,eye_pupil__8__logistic__global__1__0.3__0.3,eye_pupil__8__logistic__global,eye_pupil,8,logistic,global,1,0.3,0.3,0.34444501913965697
5,2,eye_pupil__8__logistic__global__4__-0.3__-0.3,eye_pupil__8__logistic__global,eye_pupil,8,logistic,global,4,-0.3,-0.3,0.2816452921699146
5,2,eye_pupil__8__logistic__global__4__-0.3__0.0,eye_pupil__8__logistic__global,eye_pupil,8,logistic,global,4,-0.3,0.0,0.2997613952579091
5,2,eye_pupil__8__logistic__global__4__-0.3__0.3,eye_pupil__8__logistic__global,eye_pupil,8,logistic,global,4,-0.3,0.3,0.3292350376425763
5,2,eye_pupil__8__logistic__global__4__0.0__-0.3,eye_pupil__8__logistic__global,eye_pupil,8,logistic,global,4,0.0,-0.3,0.3357569869425808
5,2,eye_pupil__8__logistic__global__4__0.0__0.0,eye_pupil__8__logistic__global,eye_pupil,8,logistic,global,4,0.0,0.0,0.3227605234396964
5,2,eye_pupil__8__logistic__global__4__0.0__0.3,eye_pupil__8__logistic__global,eye_pupil,8,logistic,global,4,0.0,0.3,0.3282039418739996
5,2,eye_pupil__8__logistic__global__4__0.3__-0.3,eye_pupil__8__logistic__global,eye_pupil,8,logistic,global,4,0.3,-0.3,0.3599077085813127
5,2,eye_pupil__8__logistic__global__4__0.3__0.0,eye_pupil__8__logistic__global,eye_pupil,8,logistic,global,4,0.3,0.0,0.3547407692547656
5,2,eye_pupil__8__logistic__global__4__0.3__0.3,eye_pupil__8__logistic__global,eye_pupil,8,logistic,global,4,0.3,0.3,0.34436266145234407
5,2,eye_pupil__8__logistic__participant__1__-0.3__-0.3,eye_pupil__8__logistic__participant,eye_pupil,8,logistic,participant,1,-0.3,-0.3,0.29467629843396437
5,2,eye_pupil__8__logistic__participant__1__-0.3__0.0,eye_pupil__8__logistic__participant,eye_pupil,8,logistic,participant,1,-0.3,0.0,0.31175823363509875
5,2,eye_pupil__8__logistic__participant__1__-0.3__0.3,eye_pupil__8__logistic__participant,eye_pupil,8,logistic,participant,1,-0.3,0.3,0.32523502706881263
5,2,eye_pupil__8__logistic__participant__1__0.0__-0.3,eye_pupil__8__logistic__participant,eye_pupil,8,logistic,participant,1,0.0,-0.3,0.32938363423442163
5,2,eye_pupil__8__logistic__participant__1__0.0__0.0,eye_pupil__8__logistic__participant,eye_pupil,8,logistic,participant,1,0.0,0.0,0.32770772356159006
5,2,eye_pupil__8__logistic__participant__1__0.0__0.3,eye_pupil__8__logistic__participant,eye_pupil,8,logistic,participant,1,0.0,0.3,0.3331736198916191
5,2,eye_pupil__8__logistic__participant__1__0.3__-0.3,eye_pupil__8__logistic__participant,eye_pupil,8,logistic,participant,1,0.3,-0.3,0.3580533155352729
5,2,eye_pupil__8__logistic__participant__1__0.3__0.0,eye_pupil__8__logistic__participant,eye_pupil,8,logistic,participant,1,0.3,0.0,0.3487222828367506
5,2,eye_pupil__8__logistic__participant__1__0.3__0.3,eye_pupil__8__logistic__participant,eye_pupil,8,logistic,participant,1,0.3,0.3,0.34166967107289015
5,2,eye_pupil__8__logistic__participant__4__-0.3__-0.3,eye_pupil__8__logistic__participant,eye_pupil,8,logistic,participant,4,-0.3,-0.3,0.27634485687003674
5,2,eye_pupil__8__logistic__participant__4__-0.3__0.0,eye_pupil__8__logistic__participant,eye_pupil,8,logistic,participant,4,-0.3,0.0,0.29901844640626085
5,2,eye_pupil__8__logistic__participant__4__-0.3__0.3,eye_pupil__8__logistic__participant,eye_pupil,8,logistic,participant,4,-0.3,0.3,0.3249027329902342
5,2,eye_pupil__8__logistic__participant__4__0.0__-0.3,eye_pupil__8__logistic__participant,eye_pupil,8,logistic,participant,4,0.0,-0.3,0.32949731168050966
5,2,eye_pupil__8__logistic__participant__4__0.0__0.0,eye_pupil__8__logistic__participant,eye_pupil,8,logistic,participant,4,0.0,0.0,0.3184562559035769
5,2,eye_pupil__8__logistic__participant__4__0.0__0.3,eye_pupil__8__logistic__participant,eye_pupil,8,logistic,participant,4,0.0,0.3,0.32483713672498526
5,2,eye_pupil__8__logistic__participant__4__0.3__-0.3,eye_pupil__8__logistic__participant,eye_pupil,8,logistic,participant,4,0.3,-0.3,0.35636963467949656
5,2,eye_pupil__8__logistic__participant__4__0.3__0.0,eye_pupil__8__logistic__participant,eye_pupil,8,logistic,participant,4,0.3,0.0,0.34935057834241073
5,2,eye_pupil__8__logistic__participant__4__0.3__0.3,eye_pupil__8__logistic__participant,eye_pupil,8,logistic,participant,4,0.3,0.3,0.3365025571984247
5,2,eye_pupil__8__ordinal__global__1__-0.3__-0.3,eye_pupil__8__ordinal__global,eye_pupil,8,ordinal,global,1,-0.3,-0.3,0.2864512166936271
5,2,eye_pupil__8__ordinal__global__1__-0.3__0.0,eye_pupil__8__ordinal__global,eye_pupil,8,ordinal,global,1,-0.3,0.0,0.31388457022749783
5,2,eye_pupil__8__ordinal__global__1__-0.3__0.3,eye_pupil__8__ordinal__global,eye_pupil,8,ordinal,global,1,-0.3,0.3,0.330035031629133
5,2,eye_pupil__8__ordinal__global__1__0.0__-0.3,eye_pupil__8__ordinal__global,eye_pupil,8,ordinal,global,1,0.0,-0.3,0.3311951893566885
5,2,eye_pupil__8__ordinal__global__1__0.0__0.0,eye_pupil__8__ordinal__global,eye_pupil,8,ordinal,global,1,0.0,0.0,0.3238634714062026
5,2,eye_pupil__8__ordinal__global__1__0.0__0.3,eye_pupil__8__ordinal__global,eye_pupil,8,ordinal,global,1,0.0,0.3,0.33316643900523596
5,2,eye_pupil__8__ordinal__global__1__0.3__-0.3,eye_pupil__8__ordinal__global,eye_pupil,8,ordinal,global,1,0.3,-0.3,0.3582186073499175
5,2,eye_pupil__8__ordinal__global__1__0.3__0.0,eye_pupil__8__ordinal__global,eye_pupil,8,ordinal,global,1,0.3,0.0,0.35617094922535225
5,2,eye_pupil__8__ordinal__global__1__0.3__0.3,eye_pupil__8__ordinal__global,eye_pupil,8,ordinal,global,1,0.3,0.3,0.34111700722567045
5,2,eye_pupil__8__ordinal__global__4__-0.3__-0.3,eye_pupil__8__ordinal__global,eye_pupil,8,ordinal,global,4,-0.3,-0.3,0.2782577464155497
5,2,eye_pupil__8__ordinal__global__4__-0.3__0.0,eye_pupil__8__ordinal__global,eye_pupil,8,ordinal,global,4,-0.3,0.0,0.3007889895528792
5,2,eye_pupil__8__ordinal__global__4__-0.3__0.3,eye_pupil__8__ordinal__global,eye_pupil,8,ordinal,global,4,-0.3,0.3,0.3267424420165127
5,2,eye_pupil__8__ordinal__global__4__0.0__-0.3,eye_pupil__8__ordinal__global,eye_pupil,8,ordinal,global,4,0.0,-0.3,0.3273228669345897
5,2,eye_pupil__8__ordinal__global__4__0.0__0.0,eye_pupil__8__ordinal__global,eye_pupil,8,ordinal,global,4,0.0,0.0,0.3202427229951164
5,2,eye_pupil__8__ordinal__global__4__0.0__0.3,eye_pupil__8__ordinal__global,eye_pupil,8,ordinal,global,4,0.0,0.3,0.327284484275811
5,2,eye_pupil__8__ordinal__global__4__0.3__-0.3,eye_pupil__8__ordinal__global,eye_pupil,8,ordinal,global,4,0.3,-0.3,0.35833119057028934
5,2,eye_pupil__8__ordinal__global__4__0.3__0.0,eye_pupil__8__ordinal__global,eye_pupil,8,ordinal,global,4,0.3,0.0,0.35439923015363156
5,2,eye_pupil__8__ordinal__global__4__0.3__0.3,eye_pupil__8__ordinal__global,eye_pupil,8,ordinal,global,4,0.3,0.3,0.34057489437307537
5,2,eye_pupil__8__ordinal__participant__1__-0.3__-0.3,eye_pupil__8__ordinal__participant,eye_pupil,8,ordinal,participant,1,-0.3,-0.3,0.28513209754337243
5,2,eye_pupil__8__ordinal__participant__1__-0.3__0.0,eye_pupil__8__ordinal__participant,eye_pupil,8,ordinal,participant,1,-0.3,0.0,0.311876214942969
5,2,eye_pupil__8__ordinal__participant__1__-0.3__0.3,eye_pupil__8__ordinal__participant,eye_pupil,8,ordinal,participant,1,-0.3,0.3,0.3262637075361831
5,2,eye_pupil__8__ordinal__participant__1__0.0__-0.3,eye_pupil__8__ordinal__participant,eye_pupil,8,ordinal,participant,1,0.0,-0.3,0.32752745460429633
5,2,eye_pupil__8__ordinal__participant__1__0.0__0.0,eye_pupil__8__ordinal__participant,eye_pupil,8,ordinal,participant,1,0.0,0.0,0.32476045817030824
5,2,eye_pupil__8__ordinal__participant__1__0.0__0.3,eye_pupil__8__ordinal__participant,eye_pupil,8,ordinal,participant,1,0.0,0.3,0.33064933844267475
5,2,eye_pupil__8__ordinal__participant__1__0.3__-0.3,eye_pupil__8__ordinal__participant,eye_pupil,8,ordinal,participant,1,0.3,-0.3,0.3571449431056785
5,2,eye_pupil__8__ordinal__participant__1__0.3__0.0,eye_pupil__8__ordinal__participant,eye_pupil,8,ordinal,participant,1,0.3,0.0,0.3496512753242915
5,2,eye_pupil__8__ordinal__participant__1__0.3__0.3,eye_pupil__8__ordinal__participant,eye_pupil,8,ordinal,participant,1,0.3,0.3,0.3382199297760372
5,2,eye_pupil__8__ordinal__participant__4__-0.3__-0.3,eye_pupil__8__ordinal__participant,eye_pupil,8,ordinal,participant,4,-0.3,-0.3,0.27316115743650055
5,2,eye_pupil__8__ordinal__participant__4__-0.3__0.0,eye_pupil__8__ordinal__participant,eye_pupil,8,ordinal,participant,4,-0.3,0.0,0.29893807007773554
5,2,eye_pupil__8__ordinal__participant__4__-0.3__0.3,eye_pupil__8__ordinal__participant,eye_pupil,8,ordinal,participant,4,-0.3,0.3,0.3221721114314835
5,2,eye_pupil__8__ordinal__participant__4__0.0__-0.3,eye_pupil__8__ordinal__participant,eye_pupil,8,ordinal,participant,4,0.0,-0.3,0.3232237050145113
5,2,eye_pupil__8__ordinal__participant__4__0.0__0.0,eye_pupil__8__ordinal__participant,eye_pupil,8,ordinal,participant,4,0.0,0.0,0.310884271197154
5,2,eye_pupil__8__ordinal__participant__4__0.0__0.3,eye_pupil__8__ordinal__participant,eye_pupil,8,ordinal,participant,4,0.0,0.3,0.3205351781293845
5,2,eye_pupil__8__ordinal__participant__4__0.3__-0.3,eye_pupil__8__ordinal__participant,eye_pupil,8,ordinal,participant,4,0.3,-0.3,0.3571964768072866
5,2,eye_pupil__8__ordinal__participant__4__0.3__0.0,eye_pupil__8__ordinal__participant,eye_pupil,8,ordinal,participant,4,0.3,0.0,0.35141470562614285
5,2,eye_pupil__8__ordinal__participant__4__0.3__0.3,eye_pupil__8__ordinal__participant,eye_pupil,8,ordinal,participant,4,0.3,0.3,0.33074484521123426
5,2,eye_pupil__8__catboost__global__1__-0.3__-0.3,eye_pupil__8__catboost__global,eye_pupil,8,catboost,global,1,-0.3,-0.3,0.27350554300563684
5,2,eye_pupil__8__catboost__global__1__-0.3__0.0,eye_pupil__8__catboost__global,eye_pupil,8,catboost,global,1,-0.3,0.0,0.2898704169858655
5,2,eye_pupil__8__catboost__global__1__-0.3__0.3,eye_pupil__8__catboost__global,eye_pupil,8,catboost,global,1,-0.3,0.3,0.3386240744433463
5,2,eye_pupil__8__catboost__global__1__0.0__-0.3,eye_pupil__8__catboost__global,eye_pupil,8,catboost,global,1,0.0,-0.3,0.3157542467774439
5,2,eye_pupil__8__catboost__global__1__0.0__0.0,eye_pupil__8__catboost__global,eye_pupil,8,catboost,global,1,0.0,0.0,0.3100102900462595
5,2,eye_pupil__8__catboost__global__1__0.0__0.3,eye_pupil__8__catboost__global,eye_pupil,8,catboost,global,1,0.0,0.3,0.3387743138113229
5,2,eye_pupil__8__catboost__global__1__0.3__-0.3,eye_pupil__8__catboost__global,eye_pupil,8,catboost,global,1,0.3,-0.3,0.3539076509767448
5,2,eye_pupil__8__catboost__global__1__0.3__0.0,eye_pupil__8__catboost__global,eye_pupil,8,catboost,global,1,0.3,0.0,0.3480711381448297
5,2,eye_pupil__8__catboost__global__1__0.3__0.3,eye_pupil__8__catboost__global,eye_pupil,8,catboost,global,1,0.3,0.3,0.3386791023529556
5,2,eye_pupil__8__catboost__global__4__-0.3__-0.3,eye_pupil__8__catboost__global,eye_pupil,8,catboost,global,4,-0.3,-0.3,0.2760606004669373
5,2,eye_pupil__8__catboost__global__4__-0.3__0.0,eye_pupil__8__catboost__global,eye_pupil,8,catboost,global,4,-0.3,0.0,0.28649899156048847
5,2,eye_pupil__8__catboost__global__4__-0.3__0.3,eye_pupil__8__catboost__global,eye_pupil,8,catboost,global,4,-0.3,0.3,0.3386771647749397
5,2,eye_pupil__8__catboost__global__4__0.0__-0.3,eye_pupil__8__catboost__global,eye_pupil,8,catboost,global,4,0.0,-0.3,0.32040816063607047
5,2,eye_pupil__8__catboost__global__4__0.0__0.0,eye_pupil__8__catboost__global,eye_pupil,8,catboost,global,4,0.0,0.0,0.31383302773438515
5,2,eye_pupil__8__catboost__global__4__0.0__0.3,eye_pupil__8__catboost__global,eye_pupil,8,catboost,global,4,0.0,0.3,0.3387376444883226
5,2,eye_pupil__8__catboost__global__4__0.3__-0.3,eye_pupil__8__catboost__global,eye_pupil,8,catboost,global,4,0.3,-0.3,0.35278565382048227
5,2,eye_pupil__8__catboost__global__4__0.3__0.0,eye_pupil__8__catboost__global,eye_pupil,8,catboost,global,4,0.3,0.0,0.3469013983688654
5,2,eye_pupil__8__catboost__global__4__0.3__0.3,eye_pupil__8__catboost__global,eye_pupil,8,catboost,global,4,0.3,0.3,0.3406819190512837
5,2,eye_pupil__8__catboost__participant__1__-0.3__-0.3,eye_pupil__8__catboost__participant,eye_pupil,8,catboost,participant,1,-0.3,-0.3,0.27106343881958406
5,2,eye_pupil__8__catboost__participant__1__-0.3__0.0,eye_pupil__8__catboost__participant,eye_pupil,8,catboost,participant,1,-0.3,0.0,0.2874466542262327
5,2,eye_pupil__8__catboost__participant__1__-0.3__0.3,eye_pupil__8__catboost__participant,eye_pupil,8,catboost,participant,1,-0.3,0.3,0.3364859045498092
5,2,eye_pupil__8__catboost__participant__1__0.0__-0.3,eye_pupil__8__catboost__participant,eye_pupil,8,catboost,participant,1,0.0,-0.3,0.3194066458507504
5,2,eye_pupil__8__catboost__participant__1__0.0__0.0,eye_pupil__8__catboost__participant,eye_pupil,8,catboost,participant,1,0.0,0.0,0.31245666524629995
5,2,eye_pupil__8__catboost__participant__1__0.0__0.3,eye_pupil__8__catboost__participant,eye_pupil,8,catboost,participant,1,0.0,0.3,0.33841917234013263
5,2,eye_pupil__8__catboost__participant__1__0.3__-0.3,eye_pupil__8__catboost__participant,eye_pupil,8,catboost,participant,1,0.3,-0.3,0.352538654526072
5,2,eye_pupil__8__catboost__participant__1__0.3__0.0,eye_pupil__8__catboost__participant,eye_pupil,8,catboost,participant,1,0.3,0.0,0.34102466142088295
5,2,eye_pupil__8__catboost__participant__1__0.3__0.3,eye_pupil__8__catboost__participant,eye_pupil,8,catboost,participant,1,0.3,0.3,0.3314856405030901
5,2,eye_pupil__8__catboost__participant__4__-0.3__-0.3,eye_pupil__8__catboost__participant,eye_pupil,8,catboost,participant,4,-0.3,-0.3,0.27722846664204587
5,2,eye_pupil__8__catboost__participant__4__-0.3__0.0,eye_pupil__8__catboost__participant,eye_pupil,8,catboost,participant,4,-0.3,0.0,0.2864232617577035
5,2,eye_pupil__8__catboost__participant__4__-0.3__0.3,eye_pupil__8__catboost__participant,eye_pupil,8,catboost,participant,4,-0.3,0.3,0.3382941224525386
5,2,eye_pupil__8__catboost__participant__4__0.0__-0.3,eye_pupil__8__catboost__participant,eye_pupil,8,catboost,participant,4,0.0,-0.3,0.32811546713422923
5,2,eye_pupil__8__catboost__participant__4__0.0__0.0,eye_pupil__8__catboost__participant,eye_pupil,8,catboost,participant,4,0.0,0.0,0.31389528399185124
5,2,eye_pupil__8__catboost__participant__4__0.0__0.3,eye_pupil__8__catboost__participant,eye_pupil,8,catboost,participant,4,0.0,0.3,0.34068851050171955
5,2,eye_pupil__8__catboost__participant__4__0.3__-0.3,eye_pupil__8__catboost__participant,eye_pupil,8,catboost,participant,4,0.3,-0.3,0.3533501739647481
5,2,eye_pupil__8__catboost__participant__4__0.3__0.0,eye_pupil__8__catboost__participant,eye_pupil,8,catboost,participant,4,0.3,0.0,0.34639038947359635
5,2,eye_pupil__8__catboost__participant__4__0.3__0.3,eye_pupil__8__catboost__participant,eye_pupil,8,catboost,participant,4,0.3,0.3,0.32831940033680124
5,2,full__1__logistic__global__1__-0.3__-0.3,full__1__logistic__global,full,1,logistic,global,1,-0.3,-0.3,0.29163504741910645
5,2,full__1__logistic__global__1__-0.3__0.0,full__1__logistic__global,full,1,logistic,global,1,-0.3,0.0,0.31414613257214435
5,2,full__1__logistic__global__1__-0.3__0.3,full__1__logistic__global,full,1,logistic,global,1,-0.3,0.3,0.3410582425186783
5,2,full__1__logistic__global__1__0.0__-0.3,full__1__logistic__global,full,1,logistic,global,1,0.0,-0.3,0.3288920460107039
5,2,full__1__logistic__global__1__0.0__0.0,full__1__logistic__global,full,1,logistic,global,1,0.0,0.0,0.3376310221456031
5,2,full__1__logistic__global__1__0.0__0.3,full__1__logistic__global,full,1,logistic,global,1,0.0,0.3,0.33422274993876033
5,2,full__1__logistic__global__1__0.3__-0.3,full__1__logistic__global,full,1,logistic,global,1,0.3,-0.3,0.36487217597746
5,2,full__1__logistic__global__1__0.3__0.0,full__1__logistic__global,full,1,logistic,global,1,0.3,0.0,0.36801451324315665
5,2,full__1__logistic__global__1__0.3__0.3,full__1__logistic__global,full,1,logistic,global,1,0.3,0.3,0.355339864730342
5,2,full__1__logistic__global__4__-0.3__-0.3,full__1__logistic__global,full,1,logistic,global,4,-0.3,-0.3,0.292189239081835
5,2,full__1__logistic__global__4__-0.3__0.0,full__1__logistic__global,full,1,logistic,global,4,-0.3,0.0,0.30610465945437904
5,2,full__1__logistic__global__4__-0.3__0.3,full__1__logistic__global,full,1,logistic,global,4,-0.3,0.3,0.3425603964790374
5,2,full__1__logistic__global__4__0.0__-0.3,full__1__logistic__global,full,1,logistic,global,4,0.0,-0.3,0.3240181092573458
5,2,full__1__logistic__global__4__0.0__0.0,full__1__logistic__global,full,1,logistic,global,4,0.0,0.0,0.3225212797241433
5,2,full__1__logistic__global__4__0.0__0.3,full__1__logistic__global,full,1,logistic,global,4,0.0,0.3,0.3405867600005165
5,2,full__1__logistic__global__4__0.3__-0.3,full__1__logistic__global,full,1,logistic,global,4,0.3,-0.3,0.3712349390343825
5,2,full__1__logistic__global__4__0.3__0.0,full__1__logistic__global,full,1,logistic,global,4,0.3,0.0,0.37872118370658153
5,2,full__1__logistic__global__4__0.3__0.3,full__1__logistic__global,full,1,logistic,global,4,0.3,0.3,0.35227178461047487
5,2,full__1__logistic__participant__1__-0.3__-0.3,full__1__logistic__participant,full,1,logistic,participant,1,-0.3,-0.3,0.29157474711724496
5,2,full__1__logistic__participant__1__-0.3__0.0,full__1__logistic__participant,full,1,logistic,participant,1,-0.3,0.0,0.31628720727215204
5,2,full__1__logistic__participant__1__-0.3__0.3,full__1__logistic__participant,full,1,logistic,participant,1,-0.3,0.3,0.33953033480625755
5,2,full__1__logistic__participant__1__0.0__-0.3,full__1__logistic__participant,full,1,logistic,participant,1,0.0,-0.3,0.32834521927439214
5,2,full__1__logistic__participant__1__0.0__0.0,full__1__logistic__participant,full,1,logistic,participant,1,0.0,0.0,0.33575798509143867
5,2,full__1__logistic__participant__1__0.0__0.3,full__1__logistic__participant,full,1,logistic,participant,1,0.0,0.3,0.33566408473739867
5,2,full__1__logistic__participant__1__0.3__-0.3,full__1__logistic__participant,full,1,logistic,participant,1,0.3,-0.3,0.36413988738204844
5,2,full__1__logistic__participant__1__0.3__0.0,full__1__logistic__participant,full,1,logistic,participant,1,0.3,0.0,0.3687232311997133
5,2,full__1__logistic__participant__1__0.3__0.3,full__1__logistic__participant,full,1,logistic,participant,1,0.3,0.3,0.3516172217910024
5,2,full__1__logistic__participant__4__-0.3__-0.3,full__1__logistic__participant,full,1,logistic,participant,4,-0.3,-0.3,0.29035805798965564
5,2,full__1__logistic__participant__4__-0.3__0.0,full__1__logistic__participant,full,1,logistic,participant,4,-0.3,0.0,0.30272307906838153
5,2,full__1__logistic__participant__4__-0.3__0.3,full__1__logistic__participant,full,1,logistic,participant,4,-0.3,0.3,0.33949735035553236
5,2,full__1__logistic__participant__4__0.0__-0.3,full__1__logistic__participant,full,1,logistic,participant,4,0.0,-0.3,0.3212809711387252
5,2,full__1__logistic__participant__4__0.0__0.0,full__1__logistic__participant,full,1,logistic,participant,4,0.0,0.0,0.31536446244960115
5,2,full__1__logistic__participant__4__0.0__0.3,full__1__logistic__participant,full,1,logistic,participant,4,0.0,0.3,0.3388630557697219
5,2,full__1__logistic__participant__4__0.3__-0.3,full__1__logistic__participant,full,1,logistic,participant,4,0.3,-0.3,0.365698950918277
5,2,full__1__logistic__participant__4__0.3__0.0,full__1__logistic__participant,full,1,logistic,participant,4,0.3,0.0,0.3719777685439847
5,2,full__1__logistic__participant__4__0.3__0.3,full__1__logistic__participant,full,1,logistic,participant,4,0.3,0.3,0.3525926755000121
5,2,full__1__ordinal__global__1__-0.3__-0.3,full__1__ordinal__global,full,1,ordinal,global,1,-0.3,-0.3,0.29168703283025055
5,2,full__1__ordinal__global__1__-0.3__0.0,full__1__ordinal__global,full,1,ordinal,global,1,-0.3,0.0,0.31384344343711634
5,2,full__1__ordinal__global__1__-0.3__0.3,full__1__ordinal__global,full,1,ordinal,global,1,-0.3,0.3,0.3409147103091111
5,2,full__1__ordinal__global__1__0.0__-0.3,full__1__ordinal__global,full,1,ordinal,global,1,0.0,-0.3,0.32792146194279226
5,2,full__1__ordinal__global__1__0.0__0.0,full__1__ordinal__global,full,1,ordinal,global,1,0.0,0.0,0.33798944100901196
5,2,full__1__ordinal__global__1__0.0__0.3,full__1__ordinal__global,full,1,ordinal,global,1,0.0,0.3,0.3343291975405313
5,2,full__1__ordinal__global__1__0.3__-0.3,full__1__ordinal__global,full,1,ordinal,global,1,0.3,-0.3,0.3626222716113374
5,2,full__1__ordinal__global__1__0.3__0.0,full__1__ordinal__global,full,1,ordinal,global,1,0.3,0.0,0.3685772066321144
5,2,full__1__ordinal__global__1__0.3__0.3,full__1__ordinal__global,full,1,ordinal,global,1,0.3,0.3,0.35862014725286273
5,2,full__1__ordinal__global__4__-0.3__-0.3,full__1__ordinal__global,full,1,ordinal,global,4,-0.3,-0.3,0.2913695438854838
5,2,full__1__ordinal__global__4__-0.3__0.0,full__1__ordinal__global,full,1,ordinal,global,4,-0.3,0.0,0.3039007908641066
5,2,full__1__ordinal__global__4__-0.3__0.3,full__1__ordinal__global,full,1,ordinal,global,4,-0.3,0.3,0.34323286521988533
5,2,full__1__ordinal__global__4__0.0__-0.3,full__1__ordinal__global,full,1,ordinal,global,4,0.0,-0.3,0.32344345560981796
5,2,full__1__ordinal__global__4__0.0__0.0,full__1__ordinal__global,full,1,ordinal,global,4,0.0,0.0,0.32369208760781887
5,2,full__1__ordinal__global__4__0.0__0.3,full__1__ordinal__global,full,1,ordinal,global,4,0.0,0.3,0.3422450097689711
5,2,full__1__ordinal__global__4__0.3__-0.3,full__1__ordinal__global,full,1,ordinal,global,4,0.3,-0.3,0.36612008568672116
5,2,full__1__ordinal__global__4__0.3__0.0,full__1__ordinal__global,full,1,ordinal,global,4,0.3,0.0,0.37538613367175444
5,2,full__1__ordinal__global__4__0.3__0.3,full__1__ordinal__global,full,1,ordinal,global,4,0.3,0.3,0.35410500775141907
5,2,full__1__ordinal__participant__1__-0.3__-0.3,full__1__ordinal__participant,full,1,ordinal,participant,1,-0.3,-0.3,0.2929420910818581
5,2,full__1__ordinal__participant__1__-0.3__0.0,full__1__ordinal__participant,full,1,ordinal,participant,1,-0.3,0.0,0.31484055514422293
5,2,full__1__ordinal__participant__1__-0.3__0.3,full__1__ordinal__participant,full,1,ordinal,participant,1,-0.3,0.3,0.3390527308755643
5,2,full__1__ordinal__participant__1__0.0__-0.3,full__1__ordinal__participant,full,1,ordinal,participant,1,0.0,-0.3,0.32547287492126237
5,2,full__1__ordinal__participant__1__0.0__0.0,full__1__ordinal__participant,full,1,ordinal,participant,1,0.0,0.0,0.334452386065878
5,2,full__1__ordinal__participant__1__0.0__0.3,full__1__ordinal__participant,full,1,ordinal,participant,1,0.0,0.3,0.3316531663671922
5,2,full__1__ordinal__participant__1__0.3__-0.3,full__1__ordinal__participant,full,1,ordinal,participant,1,0.3,-0.3,0.36104539782247125
5,2,full__1__ordinal__participant__1__0.3__0.0,full__1__ordinal__participant,full,1,ordinal,participant,1,0.3,0.0,0.36666097543871123
5,2,full__1__ordinal__participant__1__0.3__0.3,full__1__ordinal__participant,full,1,ordinal,participant,1,0.3,0.3,0.35778883275968587
5,2,full__1__ordinal__participant__4__-0.3__-0.3,full__1__ordinal__participant,full,1,ordinal,participant,4,-0.3,-0.3,0.2915387400209844
5,2,full__1__ordinal__participant__4__-0.3__0.0,full__1__ordinal__participant,full,1,ordinal,participant,4,-0.3,0.0,0.302439572389919
5,2,full__1__ordinal__participant__4__-0.3__0.3,full__1__ordinal__participant,full,1,ordinal,participant,4,-0.3,0.3,0.3416383452378759
5,2,full__1__ordinal__participant__4__0.0__-0.3,full__1__ordinal__participant,full,1,ordinal,participant,4,0.0,-0.3,0.3193371021909106
5,2,full__1__ordinal__participant__4__0.0__0.0,full__1__ordinal__participant,full,1,ordinal,participant,4,0.0,0.0,0.3163758552168046
5,2,full__1__ordinal__participant__4__0.0__0.3,full__1__ordinal__participant,full,1,ordinal,participant,4,0.0,0.3,0.34052946428363584
5,2,full__1__ordinal__participant__4__0.3__-0.3,full__1__ordinal__participant,full,1,ordinal,participant,4,0.3,-0.3,0.36141510608027666
5,2,full__1__ordinal__participant__4__0.3__0.0,full__1__ordinal__participant,full,1,ordinal,participant,4,0.3,0.0,0.3682368711242555
5,2,full__1__ordinal__participant__4__0.3__0.3,full__1__ordinal__participant,full,1,ordinal,participant,4,0.3,0.3,0.35439309581155004
5,2,full__1__catboost__global__1__-0.3__-0.3,full__1__catboost__global,full,1,catboost,global,1,-0.3,-0.3,0.29125531342512495
5,2,full__1__catboost__global__1__-0.3__0.0,full__1__catboost__global,full,1,catboost,global,1,-0.3,0.0,0.3225716127175469
5,2,full__1__catboost__global__1__-0.3__0.3,full__1__catboost__global,full,1,catboost,global,1,-0.3,0.3,0.36065291664323923
5,2,full__1__catboost__global__1__0.0__-0.3,full__1__catboost__global,full,1,catboost,global,1,0.0,-0.3,0.34793460796550857
5,2,full__1__catboost__global__1__0.0__0.0,full__1__catboost__global,full,1,catboost,global,1,0.0,0.0,0.3638339469817699
5,2,full__1__catboost__global__1__0.0__0.3,full__1__catboost__global,full,1,catboost,global,1,0.0,0.3,0.3620299313932366
5,2,full__1__catboost__global__1__0.3__-0.3,full__1__catboost__global,full,1,catboost,global,1,0.3,-0.3,0.3637584981137016
5,2,full__1__catboost__global__1__0.3__0.0,full__1__catboost__global,full,1,catboost,global,1,0.3,0.0,0.36741053711114896
5,2,full__1__catboost__global__1__0.3__0.3,full__1__catboost__global,full,1,catboost,global,1,0.3,0.3,0.3809577157770374
5,2,full__1__catboost__global__4__-0.3__-0.3,full__1__catboost__global,full,1,catboost,global,4,-0.3,-0.3,0.2881574420749533
5,2,full__1__catboost__global__4__-0.3__0.0,full__1__catboost__global,full,1,catboost,global,4,-0.3,0.0,0.3204170324156314
5,2,full__1__catboost__global__4__-0.3__0.3,full__1__catboost__global,full,1,catboost,global,4,-0.3,0.3,0.3606057362075359
5,2,full__1__catboost__global__4__0.0__-0.3,full__1__catboost__global,full,1,catboost,global,4,0.0,-0.3,0.35506241620132695
5,2,full__1__catboost__global__4__0.0__0.0,full__1__catboost__global,full,1,catboost,global,4,0.0,0.0,0.3736016491199939
5,2,full__1__catboost__global__4__0.0__0.3,full__1__catboost__global,full,1,catboost,global,4,0.0,0.3,0.3612873796711548
5,2,full__1__catboost__global__4__0.3__-0.3,full__1__catboost__global,full,1,catboost,global,4,0.3,-0.3,0.3660239873904675
5,2,full__1__catboost__global__4__0.3__0.0,full__1__catboost__global,full,1,catboost,global,4,0.3,0.0,0.36988986656932876
5,2,full__1__catboost__global__4__0.3__0.3,full__1__catboost__global,full,1,catboost,global,4,0.3,0.3,0.39477406578017865
5,2,full__1__catboost__participant__1__-0.3__-0.3,full__1__catboost__participant,full,1,catboost,participant,1,-0.3,-0.3,0.2898220869412768
5,2,full__1__catboost__participant__1__-0.3__0.0,full__1__catboost__participant,full,1,catboost,participant,1,-0.3,0.0,0.32051879086997725
5,2,full__1__catboost__participant__1__-0.3__0.3,full__1__catboost__participant,full,1,catboost,participant,1,-0.3,0.3,0.36436926229139177
5,2,full__1__catboost__participant__1__0.0__-0.3,full__1__catboost__participant,full,1,catboost,participant,1,0.0,-0.3,0.34999958128786274
5,2,full__1__catboost__participant__1__0.0__0.0,full__1__catboost__participant,full,1,catboost,participant,1,0.0,0.0,0.36132723503901176
5,2,full__1__catboost__participant__1__0.0__0.3,full__1__catboost__participant,full,1,catboost,participant,1,0.0,0.3,0.35972552564987403
5,2,full__1__catboost__participant__1__0.3__-0.3,full__1__catboost__participant,full,1,catboost,participant,1,0.3,-0.3,0.3623645721174995
5,2,full__1__catboost__participant__1__0.3__0.0,full__1__catboost__participant,full,1,catboost,participant,1,0.3,0.0,0.3735582820897774
5,2,full__1__catboost__participant__1__0.3__0.3,full__1__catboost__participant,full,1,catboost,participant,1,0.3,0.3,0.38193370817674027
5,2,full__1__catboost__participant__4__-0.3__-0.3,full__1__catboost__participant,full,1,catboost,participant,4,-0.3,-0.3,0.2829178058648473
5,2,full__1__catboost__participant__4__-0.3__0.0,full__1__catboost__participant,full,1,catboost,participant,4,-0.3,0.0,0.3162691546089903
5,2,full__1__catboost__participant__4__-0.3__0.3,full__1__catboost__participant,full,1,catboost,participant,4,-0.3,0.3,0.3561785713457473
5,2,full__1__catboost__participant__4__0.0__-0.3,full__1__catboost__participant,full,1,catboost,participant,4,0.0,-0.3,0.35916070074023476
5,2,full__1__catboost__participant__4__0.0__0.0,full__1__catboost__participant,full,1,catboost,participant,4,0.0,0.0,0.3694543434639549
5,2,full__1__catboost__participant__4__0.0__0.3,full__1__catboost__participant,full,1,catboost,participant,4,0.0,0.3,0.35967081572162407
5,2,full__1__catboost__participant__4__0.3__-0.3,full__1__catboost__participant,full,1,catboost,participant,4,0.3,-0.3,0.36162172242191915
5,2,full__1__catboost__participant__4__0.3__0.0,full__1__catboost__participant,full,1,catboost,participant,4,0.3,0.0,0.36872482266905565
5,2,full__1__catboost__participant__4__0.3__0.3,full__1__catboost__participant,full,1,catboost,participant,4,0.3,0.3,0.3892843529403099
5,2,full__8__logistic__global__1__-0.3__-0.3,full__8__logistic__global,full,8,logistic,global,1,-0.3,-0.3,0.3008596529423865
5,2,full__8__logistic__global__1__-0.3__0.0,full__8__logistic__global,full,8,logistic,global,1,-0.3,0.0,0.3008490106170244
5,2,full__8__logistic__global__1__-0.3__0.3,full__8__logistic__global,full,8,logistic,global,1,-0.3,0.3,0.3092517536383859
5,2,full__8__logistic__global__1__0.0__-0.3,full__8__logistic__global,full,8,logistic,global,1,0.0,-0.3,0.31883478394929526
5,2,full__8__logistic__global__1__0.0__0.0,full__8__logistic__global,full,8,logistic,global,1,0.0,0.0,0.3172913396374108
5,2,full__8__logistic__global__1__0.0__0.3,full__8__logistic__global,full,8,logistic,global,1,0.0,0.3,0.3161597489210028
5,2,full__8__logistic__global__1__0.3__-0.3,full__8__logistic__global,full,8,logistic,global,1,0.3,-0.3,0.3520261391464539
5,2,full__8__logistic__global__1__0.3__0.0,full__8__logistic__global,full,8,logistic,global,1,0.3,0.0,0.34456369426935685
5,2,full__8__logistic__global__1__0.3__0.3,full__8__logistic__global,full,8,logistic,global,1,0.3,0.3,0.3377538738172515
5,2,full__8__logistic__global__4__-0.3__-0.3,full__8__logistic__global,full,8,logistic,global,4,-0.3,-0.3,0.2997998496650083
5,2,full__8__logistic__global__4__-0.3__0.0,full__8__logistic__global,full,8,logistic,global,4,-0.3,0.0,0.293626557207521
5,2,full__8__logistic__global__4__-0.3__0.3,full__8__logistic__global,full,8,logistic,global,4,-0.3,0.3,0.3130879306668587
5,2,full__8__logistic__global__4__0.0__-0.3,full__8__logistic__global,full,8,logistic,global,4,0.0,-0.3,0.3107846701159392
5,2,full__8__logistic__global__4__0.0__0.0,full__8__logistic__global,full,8,logistic,global,4,0.0,0.0,0.30838978071845374
5,2,full__8__logistic__global__4__0.0__0.3,full__8__logistic__global,full,8,logistic,global,4,0.0,0.3,0.3133333948396236
5,2,full__8__logistic__global__4__0.3__-0.3,full__8__logistic__global,full,8,logistic,global,4,0.3,-0.3,0.355084440018808
5,2,full__8__logistic__global__4__0.3__0.0,full__8__logistic__global,full,8,logistic,global,4,0.3,0.0,0.3370629339805473
5,2,full__8__logistic__global__4__0.3__0.3,full__8__logistic__global,full,8,logistic,global,4,0.3,0.3,0.34097512766734517
5,2,full__8__logistic__participant__1__-0.3__-0.3,full__8__logistic__participant,full,8,logistic,participant,1,-0.3,-0.3,0.29994291506394555
5,2,full__8__logistic__participant__1__-0.3__0.0,full__8__logistic__participant,full,8,logistic,participant,1,-0.3,0.0,0.29959900093456177
5,2,full__8__logistic__participant__1__-0.3__0.3,full__8__logistic__participant,full,8,logistic,participant,1,-0.3,0.3,0.30745181211235234
5,2,full__8__logistic__participant__1__0.0__-0.3,full__8__logistic__participant,full,8,logistic,participant,1,0.0,-0.3,0.31479460499557366
5,2,full__8__logistic__participant__1__0.0__0.0,full__8__logistic__participant,full,8,logistic,participant,1,0.0,0.0,0.3141656462455106
5,2,full__8__logistic__participant__1__0.0__0.3,full__8__logistic__participant,full,8,logistic,participant,1,0.0,0.3,0.3140103334451175
5,2,full__8__logistic__participant__1__0.3__-0.3,full__8__logistic__participant,full,8,logistic,participant,1,0.3,-0.3,0.34693983913620935
5,2,full__8__logistic__participant__1__0.3__0.0,full__8__logistic__participant,full,8,logistic,participant,1,0.3,0.0,0.34406791087967836
5,2,full__8__logistic__participant__1__0.3__0.3,full__8__logistic__participant,full,8,logistic,participant,1,0.3,0.3,0.3341968849711228
5,2,full__8__logistic__participant__4__-0.3__-0.3,full__8__logistic__participant,full,8,logistic,participant,4,-0.3,-0.3,0.29983147738153965
5,2,full__8__logistic__participant__4__-0.3__0.0,full__8__logistic__participant,full,8,logistic,participant,4,-0.3,0.0,0.2937126091007291
5,2,full__8__logistic__participant__4__-0.3__0.3,full__8__logistic__participant,full,8,logistic,participant,4,-0.3,0.3,0.30990439310294815
5,2,full__8__logistic__participant__4__0.0__-0.3,full__8__logistic__participant,full,8,logistic,participant,4,0.0,-0.3,0.308552411957716
5,2,full__8__logistic__participant__4__0.0__0.0,full__8__logistic__participant,full,8,logistic,participant,4,0.0,0.0,0.3083866864549699
5,2,full__8__logistic__participant__4__0.0__0.3,full__8__logistic__participant,full,8,logistic,participant,4,0.0,0.3,0.31254691698439685
5,2,full__8__logistic__participant__4__0.3__-0.3,full__8__logistic__participant,full,8,logistic,participant,4,0.3,-0.3,0.35199112643641634
5,2,full__8__logistic__participant__4__0.3__0.0,full__8__logistic__participant,full,8,logistic,participant,4,0.3,0.0,0.3384544016971552
5,2,full__8__logistic__participant__4__0.3__0.3,full__8__logistic__participant,full,8,logistic,participant,4,0.3,0.3,0.33638679856612225
5,2,full__8__ordinal__global__1__-0.3__-0.3,full__8__ordinal__global,full,8,ordinal,global,1,-0.3,-0.3,0.29880163370960555
5,2,full__8__ordinal__global__1__-0.3__0.0,full__8__ordinal__global,full,8,ordinal,global,1,-0.3,0.0,0.30089324705973985
5,2,full__8__ordinal__global__1__-0.3__0.3,full__8__ordinal__global,full,8,ordinal,global,1,-0.3,0.3,0.3086102990509305
5,2,full__8__ordinal__global__1__0.0__-0.3,full__8__ordinal__global,full,8,ordinal,global,1,0.0,-0.3,0.3163688848159789
5,2,full__8__ordinal__global__1__0.0__0.0,full__8__ordinal__global,full,8,ordinal,global,1,0.0,0.0,0.31692139365883265
5,2,full__8__ordinal__global__1__0.0__0.3,full__8__ordinal__global,full,8,ordinal,global,1,0.0,0.3,0.3156845391629251
5,2,full__8__ordinal__global__1__0.3__-0.3,full__8__ordinal__global,full,8,ordinal,global,1,0.3,-0.3,0.35104040047221763
5,2,full__8__ordinal__global__1__0.3__0.0,full__8__ordinal__global,full,8,ordinal,global,1,0.3,0.0,0.34836395983677665
5,2,full__8__ordinal__global__1__0.3__0.3,full__8__ordinal__global,full,8,ordinal,global,1,0.3,0.3,0.3419453287292191
5,2,full__8__ordinal__global__4__-0.3__-0.3,full__8__ordinal__global,full,8,ordinal,global,4,-0.3,-0.3,0.2985884620495989
5,2,full__8__ordinal__global__4__-0.3__0.0,full__8__ordinal__global,full,8,ordinal,global,4,-0.3,0.0,0.29184854774211516
5,2,full__8__ordinal__global__4__-0.3__0.3,full__8__ordinal__global,full,8,ordinal,global,4,-0.3,0.3,0.31080375413651207
5,2,full__8__ordinal__global__4__0.0__-0.3,full__8__ordinal__global,full,8,ordinal,global,4,0.0,-0.3,0.30866003094328687
5,2,full__8__ordinal__global__4__0.0__0.0,full__8__ordinal__global,full,8,ordinal,global,4,0.0,0.0,0.3096931202542679
5,2,full__8__ordinal__global__4__0.0__0.3,full__8__ordinal__global,full,8,ordinal,global,4,0.0,0.3,0.30846159852472865
5,2,full__8__ordinal__global__4__0.3__-0.3,full__8__ordinal__global,full,8,ordinal,global,4,0.3,-0.3,0.3578831655891948
5,2,full__8__ordinal__global__4__0.3__0.0,full__8__ordinal__global,full,8,ordinal,global,4,0.3,0.0,0.3425096985671979
5,2,full__8__ordinal__global__4__0.3__0.3,full__8__ordinal__global,full,8,ordinal,global,4,0.3,0.3,0.3434474560917076
5,2,full__8__ordinal__participant__1__-0.3__-0.3,full__8__ordinal__participant,full,8,ordinal,participant,1,-0.3,-0.3,0.300119196240085
5,2,full__8__ordinal__participant__1__-0.3__0.0,full__8__ordinal__participant,full,8,ordinal,participant,1,-0.3,0.0,0.2963878495415741
5,2,full__8__ordinal__participant__1__-0.3__0.3,full__8__ordinal__participant,full,8,ordinal,participant,1,-0.3,0.3,0.30569583970581193
5,2,full__8__ordinal__participant__1__0.0__-0.3,full__8__ordinal__participant,full,8,ordinal,participant,1,0.0,-0.3,0.3146617854932915
5,2,full__8__ordinal__participant__1__0.0__0.0,full__8__ordinal__participant,full,8,ordinal,participant,1,0.0,0.0,0.31149207288843583
5,2,full__8__ordinal__participant__1__0.0__0.3,full__8__ordinal__participant,full,8,ordinal,participant,1,0.0,0.3,0.3109341644793063
5,2,full__8__ordinal__participant__1__0.3__-0.3,full__8__ordinal__participant,full,8,ordinal,participant,1,0.3,-0.3,0.34715631640005906
5,2,full__8__ordinal__participant__1__0.3__0.0,full__8__ordinal__participant,full,8,ordinal,participant,1,0.3,0.0,0.34246499139371395
5,2,full__8__ordinal__participant__1__0.3__0.3,full__8__ordinal__participant,full,8,ordinal,participant,1,0.3,0.3,0.3359482789308913
5,2,full__8__ordinal__participant__4__-0.3__-0.3,full__8__ordinal__participant,full,8,ordinal,participant,4,-0.3,-0.3,0.29614975040975716
5,2,full__8__ordinal__participant__4__-0.3__0.0,full__8__ordinal__participant,full,8,ordinal,participant,4,-0.3,0.0,0.29578197063910006
5,2,full__8__ordinal__participant__4__-0.3__0.3,full__8__ordinal__participant,full,8,ordinal,participant,4,-0.3,0.3,0.30615803345264475
5,2,full__8__ordinal__participant__4__0.0__-0.3,full__8__ordinal__participant,full,8,ordinal,participant,4,0.0,-0.3,0.30786327931665686
5,2,full__8__ordinal__participant__4__0.0__0.0,full__8__ordinal__participant,full,8,ordinal,participant,4,0.0,0.0,0.30942415199766826
5,2,full__8__ordinal__participant__4__0.0__0.3,full__8__ordinal__participant,full,8,ordinal,participant,4,0.0,0.3,0.3052068648835799
5,2,full__8__ordinal__participant__4__0.3__-0.3,full__8__ordinal__participant,full,8,ordinal,participant,4,0.3,-0.3,0.3522456226750726
5,2,full__8__ordinal__participant__4__0.3__0.0,full__8__ordinal__participant,full,8,ordinal,participant,4,0.3,0.0,0.34143042402089846
5,2,full__8__ordinal__participant__4__0.3__0.3,full__8__ordinal__participant,full,8,ordinal,participant,4,0.3,0.3,0.33864371653430064
5,2,full__8__catboost__global__1__-0.3__-0.3,full__8__catboost__global,full,8,catboost,global,1,-0.3,-0.3,0.27659838294703876
5,2,full__8__catboost__global__1__-0.3__0.0,full__8__catboost__global,full,8,catboost,global,1,-0.3,0.0,0.2923166889778318
5,2,full__8__catboost__global__1__-0.3__0.3,full__8__catboost__global,full,8,catboost,global,1,-0.3,0.3,0.33253216864300233
5,2,full__8__catboost__global__1__0.0__-0.3,full__8__catboost__global,full,8,catboost,global,1,0.0,-0.3,0.33631051079859503
5,2,full__8__catboost__global__1__0.0__0.0,full__8__catboost__global,full,8,catboost,global,1,0.0,0.0,0.3377321390203083
5,2,full__8__catboost__global__1__0.0__0.3,full__8__catboost__global,full,8,catboost,global,1,0.0,0.3,0.3548021317483209
5,2,full__8__catboost__global__1__0.3__-0.3,full__8__catboost__global,full,8,catboost,global,1,0.3,-0.3,0.36775072369429657
5,2,full__8__catboost__global__1__0.3__0.0,full__8__catboost__global,full,8,catboost,global,1,0.3,0.0,0.3739276733709893
5,2,full__8__catboost__global__1__0.3__0.3,full__8__catboost__global,full,8,catboost,global,1,0.3,0.3,0.371806598190155
5,2,full__8__catboost__global__4__-0.3__-0.3,full__8__catboost__global,full,8,catboost,global,4,-0.3,-0.3,0.2783082846116676
5,2,full__8__catboost__global__4__-0.3__0.0,full__8__catboost__global,full,8,catboost,global,4,-0.3,0.0,0.2793307360409716
5,2,full__8__catboost__global__4__-0.3__0.3,full__8__catboost__global,full,8,catboost,global,4,-0.3,0.3,0.33657291023889513
5,2,full__8__catboost__global__4__0.0__-0.3,full__8__catboost__global,full,8,catboost,global,4,0.0,-0.3,0.34348509898845364
5,2,full__8__catboost__global__4__0.0__0.0,full__8__catboost__global,full,8,catboost,global,4,0.0,0.0,0.3360435211408682
5,2,full__8__catboost__global__4__0.0__0.3,full__8__catboost__global,full,8,catboost,global,4,0.0,0.3,0.3635851567249581
5,2,full__8__catboost__global__4__0.3__-0.3,full__8__catboost__global,full,8,catboost,global,4,0.3,-0.3,0.36660441569271524
5,2,full__8__catboost__global__4__0.3__0.0,full__8__catboost__global,full,8,catboost,global,4,0.3,0.0,0.36811338203573307
5,2,full__8__catboost__global__4__0.3__0.3,full__8__catboost__global,full,8,catboost,global,4,0.3,0.3,0.3706646404253429
5,2,full__8__catboost__participant__1__-0.3__-0.3,full__8__catboost__participant,full,8,catboost,participant,1,-0.3,-0.3,0.28622181220610954
5,2,full__8__catboost__participant__1__-0.3__0.0,full__8__catboost__participant,full,8,catboost,participant,1,-0.3,0.0,0.2980812957840259
5,2,full__8__catboost__participant__1__-0.3__0.3,full__8__catboost__participant,full,8,catboost,participant,1,-0.3,0.3,0.33847806698164024
5,2,full__8__catboost__participant__1__0.0__-0.3,full__8__catboost__participant,full,8,catboost,participant,1,0.0,-0.3,0.3364511274679892
5,2,full__8__catboost__participant__1__0.0__0.0,full__8__catboost__participant,full,8,catboost,participant,1,0.0,0.0,0.3381275207420407
5,2,full__8__catboost__participant__1__0.0__0.3,full__8__catboost__participant,full,8,catboost,participant,1,0.0,0.3,0.3559503855044381
5,2,full__8__catboost__participant__1__0.3__-0.3,full__8__catboost__participant,full,8,catboost,participant,1,0.3,-0.3,0.36810363529225126
5,2,full__8__catboost__participant__1__0.3__0.0,full__8__catboost__participant,full,8,catboost,participant,1,0.3,0.0,0.37625778245904573
5,2,full__8__catboost__participant__1__0.3__0.3,full__8__catboost__participant,full,8,catboost,participant,1,0.3,0.3,0.3755339577859354
5,2,full__8__catboost__participant__4__-0.3__-0.3,full__8__catboost__participant,full,8,catboost,participant,4,-0.3,-0.3,0.28028047542769474
5,2,full__8__catboost__participant__4__-0.3__0.0,full__8__catboost__participant,full,8,catboost,participant,4,-0.3,0.0,0.28946671434713905
5,2,full__8__catboost__participant__4__-0.3__0.3,full__8__catboost__participant,full,8,catboost,participant,4,-0.3,0.3,0.3436007914756337
5,2,full__8__catboost__participant__4__0.0__-0.3,full__8__catboost__participant,full,8,catboost,participant,4,0.0,-0.3,0.3436889674174029
5,2,full__8__catboost__participant__4__0.0__0.0,full__8__catboost__participant,full,8,catboost,participant,4,0.0,0.0,0.34248934849909224
5,2,full__8__catboost__participant__4__0.0__0.3,full__8__catboost__participant,full,8,catboost,participant,4,0.0,0.3,0.3611610567269989
5,2,full__8__catboost__participant__4__0.3__-0.3,full__8__catboost__participant,full,8,catboost,participant,4,0.3,-0.3,0.36627766498197334
5,2,full__8__catboost__participant__4__0.3__0.0,full__8__catboost__participant,full,8,catboost,participant,4,0.3,0.0,0.36925363872838307
5,2,full__8__catboost__participant__4__0.3__0.3,full__8__catboost__participant,full,8,catboost,participant,4,0.3,0.3,0.37240259090700994
5,3,eye_pupil__1__logistic__global__1__-0.3__-0.3,eye_pupil__1__logistic__global,eye_pupil,1,logistic,global,1,-0.3,-0.3,0.32575271173787895
5,3,eye_pupil__1__logistic__global__1__-0.3__0.0,eye_pupil__1__logistic__global,eye_pupil,1,logistic,global,1,-0.3,0.0,0.3331571124864731
5,3,eye_pupil__1__logistic__global__1__-0.3__0.3,eye_pupil__1__logistic__global,eye_pupil,1,logistic,global,1,-0.3,0.3,0.330679634673259
5,3,eye_pupil__1__logistic__global__1__0.0__-0.3,eye_pupil__1__logistic__global,eye_pupil,1,logistic,global,1,0.0,-0.3,0.31817121245294266
5,3,eye_pupil__1__logistic__global__1__0.0__0.0,eye_pupil__1__logistic__global,eye_pupil,1,logistic,global,1,0.0,0.0,0.3135522151273957
5,3,eye_pupil__1__logistic__global__1__0.0__0.3,eye_pupil__1__logistic__global,eye_pupil,1,logistic,global,1,0.0,0.3,0.3272440724141673
5,3,eye_pupil__1__logistic__global__1__0.3__-0.3,eye_pupil__1__logistic__global,eye_pupil,1,logistic,global,1,0.3,-0.3,0.3308337324461692
5,3,eye_pupil__1__logistic__global__1__0.3__0.0,eye_pupil__1__logistic__global,eye_pupil,1,logistic,global,1,0.3,0.0,0.32672377067483105
5,3,eye_pupil__1__logistic__global__1__0.3__0.3,eye_pupil__1__logistic__global,eye_pupil,1,logistic,global,1,0.3,0.3,0.3179172723910923
5,3,eye_pupil__1__logistic__global__4__-0.3__-0.3,eye_pupil__1__logistic__global,eye_pupil,1,logistic,global,4,-0.3,-0.3,0.3264422049157915
5,3,eye_pupil__1__logistic__global__4__-0.3__0.0,eye_pupil__1__logistic__global,eye_pupil,1,logistic,global,4,-0.3,0.0,0.32643296591091575
5,3,eye_pupil__1__logistic__global__4__-0.3__0.3,eye_pupil__1__logistic__global,eye_pupil,1,logistic,global,4,-0.3,0.3,0.3318687353733696
5,3,eye_pupil__1__logistic__global__4__0.0__-0.3,eye_pupil__1__logistic__global,eye_pupil,1,logistic,global,4,0.0,-0.3,0.32690337664373403
5,3,eye_pupil__1__logistic__global__4__0.0__0.0,eye_pupil__1__logistic__global,eye_pupil,1,logistic,global,4,0.0,0.0,0.31564866587448126
5,3,eye_pupil__1__logistic__global__4__0.0__0.3,eye_pupil__1__logistic__global,eye_pupil,1,logistic,global,4,0.0,0.3,0.3299175899631841
5,3,eye_pupil__1__logistic__global__4__0.3__-0.3,eye_pupil__1__logistic__global,eye_pupil,1,logistic,global,4,0.3,-0.3,0.33027533304778356
5,3,eye_pupil__1__logistic__global__4__0.3__0.0,eye_pupil__1__logistic__global,eye_pupil,1,logistic,global,4,0.3,0.0,0.3244399554430813
5,3,eye_pupil__1__logistic__global__4__0.3__0.3,eye_pupil__1__logistic__global,eye_pupil,1,logistic,global,4,0.3,0.3,0.3214166903719378
5,3,eye_pupil__1__logistic__participant__1__-0.3__-0.3,eye_pupil__1__logistic__participant,eye_pupil,1,logistic,participant,1,-0.3,-0.3,0.3257539810385644
5,3,eye_pupil__1__logistic__participant__1__-0.3__0.0,eye_pupil__1__logistic__participant,eye_pupil,1,logistic,participant,1,-0.3,0.0,0.32221420495115133
5,3,eye_pupil__1__logistic__participant__1__-0.3__0.3,eye_pupil__1__logistic__participant,eye_pupil,1,logistic,participant,1,-0.3,0.3,0.33298832828640396
5,3,eye_pupil__1__logistic__participant__1__0.0__-0.3,eye_pupil__1__logistic__participant,eye_pupil,1,logistic,participant,1,0.0,-0.3,0.3323894962587371
5,3,eye_pupil__1__logistic__participant__1__0.0__0.0,eye_pupil__1__logistic__participant,eye_pupil,1,logistic,participant,1,0.0,0.0,0.31299129859072256
5,3,eye_pupil__1__logistic__participant__1__0.0__0.3,eye_pupil__1__logistic__participant,eye_pupil,1,logistic,participant,1,0.0,0.3,0.33153111122711787
5,3,eye_pupil__1__logistic__participant__1__0.3__-0.3,eye_pupil__1__logistic__participant,eye_pupil,1,logistic,participant,1,0.3,-0.3,0.32958437527985335
5,3,eye_pupil__1__logistic__participant__1__0.3__0.0,eye_pupil__1__logistic__participant,eye_pupil,1,logistic,participant,1,0.3,0.0,0.3169558272312192
5,3,eye_pupil__1__logistic__participant__1__0.3__0.3,eye_pupil__1__logistic__participant,eye_pupil,1,logistic,participant,1,0.3,0.3,0.31184811351469727
5,3,eye_pupil__1__logistic__participant__4__-0.3__-0.3,eye_pupil__1__logistic__participant,eye_pupil,1,logistic,participant,4,-0.3,-0.3,0.32078113306348743
5,3,eye_pupil__1__logistic__participant__4__-0.3__0.0,eye_pupil__1__logistic__participant,eye_pupil,1,logistic,participant,4,-0.3,0.0,0.3298286115021604
5,3,eye_pupil__1__logistic__participant__4__-0.3__0.3,eye_pupil__1__logistic__participant,eye_pupil,1,logistic,participant,4,-0.3,0.3,0.33248973649551056
5,3,eye_pupil__1__logistic__participant__4__0.0__-0.3,eye_pupil__1__logistic__participant,eye_pupil,1,logistic,participant,4,0.0,-0.3,0.33028794140764883
5,3,eye_pupil__1__logistic__participant__4__0.0__0.0,eye_pupil__1__logistic__participant,eye_pupil,1,logistic,participant,4,0.0,0.0,0.32362198746125975
5,3,eye_pupil__1__logistic__participant__4__0.0__0.3,eye_pupil__1__logistic__participant,eye_pupil,1,logistic,participant,4,0.0,0.3,0.3332284313518525
5,3,eye_pupil__1__logistic__participant__4__0.3__-0.3,eye_pupil__1__logistic__participant,eye_pupil,1,logistic,participant,4,0.3,-0.3,0.32914638214372793
5,3,eye_pupil__1__logistic__participant__4__0.3__0.0,eye_pupil__1__logistic__participant,eye_pupil,1,logistic,participant,4,0.3,0.0,0.31478558033761017
5,3,eye_pupil__1__logistic__participant__4__0.3__0.3,eye_pupil__1__logistic__participant,eye_pupil,1,logistic,participant,4,0.3,0.3,0.31729237784009706
5,3,eye_pupil__1__ordinal__global__1__-0.3__-0.3,eye_pupil__1__ordinal__global,eye_pupil,1,ordinal,global,1,-0.3,-0.3,0.32452772594561796
5,3,eye_pupil__1__ordinal__global__1__-0.3__0.0,eye_pupil__1__ordinal__global,eye_pupil,1,ordinal,global,1,-0.3,0.0,0.33394965646290636
5,3,eye_pupil__1__ordinal__global__1__-0.3__0.3,eye_pupil__1__ordinal__global,eye_pupil,1,ordinal,global,1,-0.3,0.3,0.3313435226029927
5,3,eye_pupil__1__ordinal__global__1__0.0__-0.3,eye_pupil__1__ordinal__global,eye_pupil,1,ordinal,global,1,0.0,-0.3,0.31711691667687875
5,3,eye_pupil__1__ordinal__global__1__0.0__0.0,eye_pupil__1__ordinal__global,eye_pupil,1,ordinal,global,1,0.0,0.0,0.3137147124131793
5,3,eye_pupil__1__ordinal__global__1__0.0__0.3,eye_pupil__1__ordinal__global,eye_pupil,1,ordinal,global,1,0.0,0.3,0.32858962360225136
5,3,eye_pupil__1__ordinal__global__1__0.3__-0.3,eye_pupil__1__ordinal__global,eye_pupil,1,ordinal,global,1,0.3,-0.3,0.329443682536718
5,3,eye_pupil__1__ordinal__global__1__0.3__0.0,eye_pupil__1__ordinal__global,eye_pupil,1,ordinal,global,1,0.3,0.0,0.32648204030450406
5,3,eye_pupil__1__ordinal__global__1__0.3__0.3,eye_pupil__1__ordinal__global,eye_pupil,1,ordinal,global,1,0.3,0.3,0.3168572390989332
5,3,eye_pupil__1__ordinal__global__4__-0.3__-0.3,eye_pupil__1__ordinal__global,eye_pupil,1,ordinal,global,4,-0.3,-0.3,0.32429740386031514
5,3,eye_pupil__1__ordinal__global__4__-0.3__0.0,eye_pupil__1__ordinal__global,eye_pupil,1,ordinal,global,4,-0.3,0.0,0.3254222433444156
5,3,eye_pupil__1__ordinal__global__4__-0.3__0.3,eye_pupil__1__ordinal__global,eye_pupil,1,ordinal,global,4,-0.3,0.3,0.33169138431077566
5,3,eye_pupil__1__ordinal__global__4__0.0__-0.3,eye_pupil__1__ordinal__global,eye_pupil,1,ordinal,global,4,0.0,-0.3,0.3291524690341521
5,3,eye_pupil__1__ordinal__global__4__0.0__0.0,eye_pupil__1__ordinal__global,eye_pupil,1,ordinal,global,4,0.0,0.0,0.31511034795831555
5,3,eye_pupil__1__ordinal__global__4__0.0__0.3,eye_pupil__1__ordinal__global,eye_pupil,1,ordinal,global,4,0.0,0.3,0.3304219021589405
5,3,eye_pupil__1__ordinal__global__4__0.3__-0.3,eye_pupil__1__ordinal__global,eye_pupil,1,ordinal,global,4,0.3,-0.3,0.3306437601403486
5,3,eye_pupil__1__ordinal__global__4__0.3__0.0,eye_pupil__1__ordinal__global,eye_pupil,1,ordinal,global,4,0.3,0.0,0.32468813241539624
5,3,eye_pupil__1__ordinal__global__4__0.3__0.3,eye_pupil__1__ordinal__global,eye_pupil,1,ordinal,global,4,0.3,0.3,0.32005647227085815
5,3,eye_pupil__1__ordinal__participant__1__-0.3__-0.3,eye_pupil__1__ordinal__participant,eye_pupil,1,ordinal,participant,1,-0.3,-0.3,0.3216584330451124
5,3,eye_pupil__1__ordinal__participant__1__-0.3__0.0,eye_pupil__1__ordinal__participant,eye_pupil,1,ordinal,participant,1,-0.3,0.0,0.3218624505976879
5,3,eye_pupil__1__ordinal__participant__1__-0.3__0.3,eye_pupil__1__ordinal__participant,eye_pupil,1,ordinal,participant,1,-0.3,0.3,0.3327488646848714
5,3,eye_pupil__1__ordinal__participant__1__0.0__-0.3,eye_pupil__1__ordinal__participant,eye_pupil,1,ordinal,participant,1,0.0,-0.3,0.33262112231925345
5,3,eye_pupil__1__ordinal__participant__1__0.0__0.0,eye_pupil__1__ordinal__participant,eye_pupil,1,ordinal,participant,1,0.0,0.0,0.31290090037406965
5,3,eye_pupil__1__ordinal__participant__1__0.0__0.3,eye_pupil__1__ordinal__participant,eye_pupil,1,ordinal,participant,1,0.0,0.3,0.3310454160068047
5,3,eye_pupil__1__ordinal__participant__1__0.3__-0.3,eye_pupil__1__ordinal__participant,eye_pupil,1,ordinal,participant,1,0.3,-0.3,0.32951623354504495
5,3,eye_pupil__1__ordinal__participant__1__0.3__0.0,eye_pupil__1__ordinal__participant,eye_pupil,1,ordinal,participant,1,0.3,0.0,0.31657825155374597
5,3,eye_pupil__1__ordinal__participant__1__0.3__0.3,eye_pupil__1__ordinal__participant,eye_pupil,1,ordinal,participant,1,0.3,0.3,0.31220601513220675
5,3,eye_pupil__1__ordinal__participant__4__-0.3__-0.3,eye_pupil__1__ordinal__participant,eye_pupil,1,ordinal,participant,4,-0.3,-0.3,0.31966255398682863
5,3,eye_pupil__1__ordinal__participant__4__-0.3__0.0,eye_pupil__1__ordinal__participant,eye_pupil,1,ordinal,participant,4,-0.3,0.0,0.32885489039189
5,3,eye_pupil__1__ordinal__participant__4__-0.3__0.3,eye_pupil__1__ordinal__participant,eye_pupil,1,ordinal,participant,4,-0.3,0.3,0.33248973649551056
5,3,eye_pupil__1__ordinal__participant__4__0.0__-0.3,eye_pupil__1__ordinal__participant,eye_pupil,1,ordinal,participant,4,0.0,-0.3,0.33231301565088606
5,3,eye_pupil__1__ordinal__participant__4__0.0__0.0,eye_pupil__1__ordinal__participant,eye_pupil,1,ordinal,participant,4,0.0,0.0,0.3214802624596738
5,3,eye_pupil__1__ordinal__participant__4__0.0__0.3,eye_pupil__1__ordinal__participant,eye_pupil,1,ordinal,participant,4,0.0,0.3,0.3325590390157935
5,3,eye_pupil__1__ordinal__participant__4__0.3__-0.3,eye_pupil__1__ordinal__participant,eye_pupil,1,ordinal,participant,4,0.3,-0.3,0.3287350509342492
5,3,eye_pupil__1__ordinal__participant__4__0.3__0.0,eye_pupil__1__ordinal__participant,eye_pupil,1,ordinal,participant,4,0.3,0.0,0.31581908709506945
5,3,eye_pupil__1__ordinal__participant__4__0.3__0.3,eye_pupil__1__ordinal__participant,eye_pupil,1,ordinal,participant,4,0.3,0.3,0.3163863150425535
5,3,eye_pupil__1__catboost__global__1__-0.3__-0.3,eye_pupil__1__catboost__global,eye_pupil,1,catboost,global,1,-0.3,-0.3,0.32304195828149335
5,3,eye_pupil__1__catboost__global__1__-0.3__0.0,eye_pupil__1__catboost__global,eye_pupil,1,catboost,global,1,-0.3,0.0,0.3345037249841755
5,3,eye_pupil__1__catboost__global__1__-0.3__0.3,eye_pupil__1__catboost__global,eye_pupil,1,catboost,global,1,-0.3,0.3,0.3426176174076156
5,3,eye_pupil__1__catboost__global__1__0.0__-0.3,eye_pupil__1__catboost__global,eye_pupil,1,catboost,global,1,0.0,-0.3,0.32386290269958234
5,3,eye_pupil__1__catboost__global__1__0.0__0.0,eye_pupil__1__catboost__global,eye_pupil,1,catboost,global,1,0.0,0.0,0.32261735050005713
5,3,eye_pupil__1__catboost__global__1__0.0__0.3,eye_pupil__1__catboost__global,eye_pupil,1,catboost,global,1,0.0,0.3,0.3427313897069863
5,3,eye_pupil__1__catboost__global__1__0.3__-0.3,eye_pupil__1__catboost__global,eye_pupil,1,catboost,global,1,0.3,-0.3,0.3337902599130714
5,3,eye_pupil__1__catboost__global__1__0.3__0.0,eye_pupil__1__catboost__global,eye_pupil,1,catboost,global,1,0.3,0.0,0.33048591531455274
5,3,eye_pupil__1__catboost__global__1__0.3__0.3,eye_pupil__1__catboost__global,eye_pupil,1,catboost,global,1,0.3,0.3,0.32945405731013533
5,3,eye_pupil__1__catboost__global__4__-0.3__-0.3,eye_pupil__1__catboost__global,eye_pupil,1,catboost,global,4,-0.3,-0.3,0.32844167386489337
5,3,eye_pupil__1__catboost__global__4__-0.3__0.0,eye_pupil__1__catboost__global,eye_pupil,1,catboost,global,4,-0.3,0.0,0.3321896415952177
5,3,eye_pupil__1__catboost__global__4__-0.3__0.3,eye_pupil__1__catboost__global,eye_pupil,1,catboost,global,4,-0.3,0.3,0.3410383079873221
5,3,eye_pupil__1__catboost__global__4__0.0__-0.3,eye_pupil__1__catboost__global,eye_pupil,1,catboost,global,4,0.0,-0.3,0.3288477744466163
5,3,eye_pupil__1__catboost__global__4__0.0__0.0,eye_pupil__1__catboost__global,eye_pupil,1,catboost,global,4,0.0,0.0,0.32719361815356474
5,3,eye_pupil__1__catboost__global__4__0.0__0.3,eye_pupil__1__catboost__global,eye_pupil,1,catboost,global,4,0.0,0.3,0.34235445853406077
5,3,eye_pupil__1__catboost__global__4__0.3__-0.3,eye_pupil__1__catboost__global,eye_pupil,1,catboost,global,4,0.3,-0.3,0.3437495198873146
5,3,eye_pupil__1__catboost__global__4__0.3__0.0,eye_pupil__1__catboost__global,eye_pupil,1,catboost,global,4,0.3,0.0,0.3432182033836093
5,3,eye_pupil__1__catboost__global__4__0.3__0.3,eye_pupil__1__catboost__global,eye_pupil,1,catboost,global,4,0.3,0.3,0.3441896651594934
5,3,eye_pupil__1__catboost__participant__1__-0.3__-0.3,eye_pupil__1__catboost__participant,eye_pupil,1,catboost,participant,1,-0.3,-0.3,0.31754436022015003
5,3,eye_pupil__1__catboost__participant__1__-0.3__0.0,eye_pupil__1__catboost__participant,eye_pupil,1,catboost,participant,1,-0.3,0.0,0.33564528621757334
5,3,eye_pupil__1__catboost__participant__1__-0.3__0.3,eye_pupil__1__catboost__participant,eye_pupil,1,catboost,participant,1,-0.3,0.3,0.3355552269274161
5,3,eye_pupil__1__catboost__participant__1__0.0__-0.3,eye_pupil__1__catboost__participant,eye_pupil,1,catboost,participant,1,0.0,-0.3,0.3284916097426676
5,3,eye_pupil__1__catboost__participant__1__0.0__0.0,eye_pupil__1__catboost__participant,eye_pupil,1,catboost,participant,1,0.0,0.0,0.32097846998810714
5,3,eye_pupil__1__catboost__participant__1__0.0__0.3,eye_pupil__1__catboost__participant,eye_pupil,1,catboost,participant,1,0.0,0.3,0.3346918225644038
5,3,eye_pupil__1__catboost__participant__1__0.3__-0.3,eye_pupil__1__catboost__participant,eye_pupil,1,catboost,participant,1,0.3,-0.3,0.3337252842386806
5,3,eye_pupil__1__catboost__participant__1__0.3__0.0,eye_pupil__1__catboost__participant,eye_pupil,1,catboost,participant,1,0.3,0.0,0.3263104460873463
5,3,eye_pupil__1__catboost__participant__1__0.3__0.3,eye_pupil__1__catboost__participant,eye_pupil,1,catboost,participant,1,0.3,0.3,0.3185907347879798
5,3,eye_pupil__1__catboost__participant__4__-0.3__-0.3,eye_pupil__1__catboost__participant,eye_pupil,1,catboost,participant,4,-0.3,-0.3,0.3183602363964763
5,3,eye_pupil__1__catboost__participant__4__-0.3__0.0,eye_pupil__1__catboost__participant,eye_pupil,1,catboost,participant,4,-0.3,0.0,0.3431238140799207
5,3,eye_pupil__1__catboost__participant__4__-0.3__0.3,eye_pupil__1__catboost__participant,eye_pupil,1,catboost,participant,4,-0.3,0.3,0.33325266653248664
5,3,eye_pupil__1__catboost__participant__4__0.0__-0.3,eye_pupil__1__catboost__participant,eye_pupil,1,catboost,participant,4,0.0,-0.3,0.33514197442657206
5,3,eye_pupil__1__catboost__participant__4__0.0__0.0,eye_pupil__1__catboost__participant,eye_pupil,1,catboost,participant,4,0.0,0.0,0.3275202066662804
5,3,eye_pupil__1__catboost__participant__4__0.0__0.3,eye_pupil__1__catboost__participant,eye_pupil,1,catboost,participant,4,0.0,0.3,0.3343389146349888
5,3,eye_pupil__1__catboost__participant__4__0.3__-0.3,eye_pupil__1__catboost__participant,eye_pupil,1,catboost,participant,4,0.3,-0.3,0.3352182898169204
5,3,eye_pupil__1__catboost__participant__4__0.3__0.0,eye_pupil__1__catboost__participant,eye_pupil,1,catboost,participant,4,0.3,0.0,0.3302655315122833
5,3,eye_pupil__1__catboost__participant__4__0.3__0.3,eye_pupil__1__catboost__participant,eye_pupil,1,catboost,participant,4,0.3,0.3,0.31996219095490985
5,3,eye_pupil__8__logistic__global__1__-0.3__-0.3,eye_pupil__8__logistic__global,eye_pupil,8,logistic,global,1,-0.3,-0.3,0.3257197427939461
5,3,eye_pupil__8__logistic__global__1__-0.3__0.0,eye_pupil__8__logistic__global,eye_pupil,8,logistic,global,1,-0.3,0.0,0.30570086925097806
5,3,eye_pupil__8__logistic__global__1__-0.3__0.3,eye_pupil__8__logistic__global,eye_pupil,8,logistic,global,1,-0.3,0.3,0.31231625063133694
5,3,eye_pupil__8__logistic__global__1__0.0__-0.3,eye_pupil__8__logistic__global,eye_pupil,8,logistic,global,1,0.0,-0.3,0.33862453155252537
5,3,eye_pupil__8__logistic__global__1__0.0__0.0,eye_pupil__8__logistic__global,eye_pupil,8,logistic,global,1,0.0,0.0,0.31088265365352513
5,3,eye_pupil__8__logistic__global__1__0.0__0.3,eye_pupil__8__logistic__global,eye_pupil,8,logistic,global,1,0.0,0.3,0.29032284644089257
5,3,eye_pupil__8__logistic__global__1__0.3__-0.3,eye_pupil__8__logistic__global,eye_pupil,8,logistic,global,1,0.3,-0.3,0.33519703953951235
5,3,eye_pupil__8__logistic__global__1__0.3__0.0,eye_pupil__8__logistic__global,eye_pupil,8,logistic,global,1,0.3,0.0,0.3155184617236226
5,3,eye_pupil__8__logistic__global__1__0.3__0.3,eye_pupil__8__logistic__global,eye_pupil,8,logistic,global,1,0.3,0.3,0.2886692003277245
5,3,eye_pupil__8__logistic__global__4__-0.3__-0.3,eye_pupil__8__logistic__global,eye_pupil,8,logistic,global,4,-0.3,-0.3,0.32506224768364916
5,3,eye_pupil__8__logistic__global__4__-0.3__0.0,eye_pupil__8__logistic__global,eye_pupil,8,logistic,global,4,-0.3,0.0,0.31000080851485873
5,3,eye_pupil__8__logistic__global__4__-0.3__0.3,eye_pupil__8__logistic__global,eye_pupil,8,logistic,global,4,-0.3,0.3,0.3188744981150384
5,3,eye_pupil__8__logistic__global__4__0.0__-0.3,eye_pupil__8__logistic__global,eye_pupil,8,logistic,global,4,0.0,-0.3,0.3363516704765719
5,3,eye_pupil__8__logistic__global__4__0.0__0.0,eye_pupil__8__logistic__global,eye_pupil,8,logistic,global,4,0.0,0.0,0.3001087392811702
5,3,eye_pupil__8__logistic__global__4__0.0__0.3,eye_pupil__8__logistic__global,eye_pupil,8,logistic,global,4,0.0,0.3,0.29403088620157375
5,3,eye_pupil__8__logistic__global__4__0.3__-0.3,eye_pupil__8__logistic__global,eye_pupil,8,logistic,global,4,0.3,-0.3,0.3283675834185446
5,3,eye_pupil__8__logistic__global__4__0.3__0.0,eye_pupil__8__logistic__global,eye_pupil,8,logistic,global,4,0.3,0.0,0.3159343288165968
5,3,eye_pupil__8__logistic__global__4__0.3__0.3,eye_pupil__8__logistic__global,eye_pupil,8,logistic,global,4,0.3,0.3,0.2831771512421122
5,3,eye_pupil__8__logistic__participant__1__-0.3__-0.3,eye_pupil__8__logistic__participant,eye_pupil,8,logistic,participant,1,-0.3,-0.3,0.3210346610399482
5,3,eye_pupil__8__logistic__participant__1__-0.3__0.0,eye_pupil__8__logistic__participant,eye_pupil,8,logistic,participant,1,-0.3,0.0,0.3017514469715419
5,3,eye_pupil__8__logistic__participant__1__-0.3__0.3,eye_pupil__8__logistic__participant,eye_pupil,8,logistic,participant,1,-0.3,0.3,0.31141314104347356
5,3,eye_pupil__8__logistic__participant__1__0.0__-0.3,eye_pupil__8__logistic__participant,eye_pupil,8,logistic,participant,1,0.0,-0.3,0.3298103883067951
5,3,eye_pupil__8__logistic__participant__1__0.0__0.0,eye_pupil__8__logistic__participant,eye_pupil,8,logistic,participant,1,0.0,0.0,0.30107478639856133
5,3,eye_pupil__8__logistic__participant__1__0.0__0.3,eye_pupil__8__logistic__participant,eye_pupil,8,logistic,participant,1,0.0,0.3,0.28644697546180387
5,3,eye_pupil__8__logistic__participant__1__0.3__-0.3,eye_pupil__8__logistic__participant,eye_pupil,8,logistic,participant,1,0.3,-0.3,0.32547731928601176
5,3,eye_pupil__8__logistic__participant__1__0.3__0.0,eye_pupil__8__logistic__participant,eye_pupil,8,logistic,participant,1,0.3,0.0,0.30211244312302077
5,3,eye_pupil__8__logistic__participant__1__0.3__0.3,eye_pupil__8__logistic__participant,eye_pupil,8,logistic,participant,1,0.3,0.3,0.2855837398449849
5,3,eye_pupil__8__logistic__participant__4__-0.3__-0.3,eye_pupil__8__logistic__participant,eye_pupil,8,logistic,participant,4,-0.3,-0.3,0.32257446697533776
5,3,eye_pupil__8__logistic__participant__4__-0.3__0.0,eye_pupil__8__logistic__participant,eye_pupil,8,logistic,participant,4,-0.3,0.0,0.3016152967837845
5,3,eye_pupil__8__logistic__participant__4__-0.3__0.3,eye_pupil__8__logistic__participant,eye_pupil,8,logistic,participant,4,-0.3,0.3,0.31357032476320434
5,3,eye_pupil__8__logistic__participant__4__0.0__-0.3,eye_pupil__8__logistic__participant,eye_pupil,8,logistic,participant,4,0.0,-0.3,0.33153307029367524
5,3,eye_pupil__8__logistic__participant__4__0.0__0.0,eye_pupil__8__logistic__participant,eye_pupil,8,logistic,participant,4,0.0,0.0,0.2928800498053731
5,3,eye_pupil__8__logistic__participant__4__0.0__0.3,eye_pupil__8__logistic__participant,eye_pupil,8,logistic,participant,4,0.0,0.3,0.29114616700520896
5,3,eye_pupil__8__logistic__participant__4__0.3__-0.3,eye_pupil__8__logistic__participant,eye_pupil,8,logistic,participant,4,0.3,-0.3,0.3235011705872743
5,3,eye_pupil__8__logistic__participant__4__0.3__0.0,eye_pupil__8__logistic__participant,eye_pupil,8,logistic,participant,4,0.3,0.0,0.30435729264363603
5,3,eye_pupil__8__logistic__participant__4__0.3__0.3,eye_pupil__8__logistic__participant,eye_pupil,8,logistic,participant,4,0.3,0.3,0.28503825162111224
5,3,eye_pupil__8__ordinal__global__1__-0.3__-0.3,eye_pupil__8__ordinal__global,eye_pupil,8,ordinal,global,1,-0.3,-0.3,0.32511529221802066
5,3,eye_pupil__8__ordinal__global__1__-0.3__0.0,eye_pupil__8__ordinal__global,eye_pupil,8,ordinal,global,1,-0.3,0.0,0.30606262199612005
5,3,eye_pupil__8__ordinal__global__1__-0.3__0.3,eye_pupil__8__ordinal__global,eye_pupil,8,ordinal,global,1,-0.3,0.3,0.3117880949513141
5,3,eye_pupil__8__ordinal__global__1__0.0__-0.3,eye_pupil__8__ordinal__global,eye_pupil,8,ordinal,global,1,0.0,-0.3,0.3362758549019107
5,3,eye_pupil__8__ordinal__global__1__0.0__0.0,eye_pupil__8__ordinal__global,eye_pupil,8,ordinal,global,1,0.0,0.0,0.3078154723312256
5,3,eye_pupil__8__ordinal__global__1__0.0__0.3,eye_pupil__8__ordinal__global,eye_pupil,8,ordinal,global,1,0.0,0.3,0.29118972964463974
5,3,eye_pupil__8__ordinal__global__1__0.3__-0.3,eye_pupil__8__ordinal__global,eye_pupil,8,ordinal,global,1,0.3,-0.3,0.3370653618085884
5,3,eye_pupil__8__ordinal__global__1__0.3__0.0,eye_pupil__8__ordinal__global,eye_pupil,8,ordinal,global,1,0.3,0.0,0.3186952772432961
5,3,eye_pupil__8__ordinal__global__1__0.3__0.3,eye_pupil__8__ordinal__global,eye_pupil,8,ordinal,global,1,0.3,0.3,0.2847879944311386
5,3,eye_pupil__8__ordinal__global__4__-0.3__-0.3,eye_pupil__8__ordinal__global,eye_pupil,8,ordinal,global,4,-0.3,-0.3,0.32849542067113807
5,3,eye_pupil__8__ordinal__global__4__-0.3__0.0,eye_pupil__8__ordinal__global,eye_pupil,8,ordinal,global,4,-0.3,0.0,0.3063110441982396
5,3,eye_pupil__8__ordinal__global__4__-0.3__0.3,eye_pupil__8__ordinal__global,eye_pupil,8,ordinal,global,4,-0.3,0.3,0.3132563193283081
5,3,eye_pupil__8__ordinal__global__4__0.0__-0.3,eye_pupil__8__ordinal__global,eye_pupil,8,ordinal,global,4,0.0,-0.3,0.33464384325946417
5,3,eye_pupil__8__ordinal__global__4__0.0__0.0,eye_pupil__8__ordinal__global,eye_pupil,8,ordinal,global,4,0.0,0.0,0.29478025990115453
5,3,eye_pupil__8__ordinal__global__4__0.0__0.3,eye_pupil__8__ordinal__global,eye_pupil,8,ordinal,global,4,0.0,0.3,0.291514435685916
5,3,eye_pupil__8__ordinal__global__4__0.3__-0.3,eye_pupil__8__ordinal__global,eye_pupil,8,ordinal,global,4,0.3,-0.3,0.3310751246493585
5,3,eye_pupil__8__ordinal__global__4__0.3__0.0,eye_pupil__8__ordinal__global,eye_pupil,8,ordinal,global,4,0.3,0.0,0.316237267857848
5,3,eye_pupil__8__ordinal__global__4__0.3__0.3,eye_pupil__8__ordinal__global,eye_pupil,8,ordinal,global,4,0.3,0.3,0.2775954632178633
5,3,eye_pupil__8__ordinal__participant__1__-0.3__-0.3,eye_pupil__8__ordinal__participant,eye_pupil,8,ordinal,participant,1,-0.3,-0.3,0.3250898491709874
5,3,eye_pupil__8__ordinal__participant__1__-0.3__0.0,eye_pupil__8__ordinal__participant,eye_pupil,8,ordinal,participant,1,-0.3,0.0,0.3020108360994223
5,3,eye_pupil__8__ordinal__participant__1__-0.3__0.3,eye_pupil__8__ordinal__participant,eye_pupil,8,ordinal,participant,1,-0.3,0.3,0.3112128435851479
5,3,eye_pupil__8__ordinal__participant__1__0.0__-0.3,eye_pupil__8__ordinal__participant,eye_pupil,8,ordinal,participant,1,0.0,-0.3,0.33129890556862346
5,3,eye_pupil__8__ordinal__participant__1__0.0__0.0,eye_pupil__8__ordinal__participant,eye_pupil,8,ordinal,participant,1,0.0,0.0,0.29635687316349063
5,3,eye_pupil__8__ordinal__participant__1__0.0__0.3,eye_pupil__8__ordinal__participant,eye_pupil,8,ordinal,participant,1,0.0,0.3,0.2865452411235072
5,3,eye_pupil__8__ordinal__participant__1__0.3__-0.3,eye_pupil__8__ordinal__participant,eye_pupil,8,ordinal,participant,1,0.3,-0.3,0.32943165086254605
5,3,eye_pupil__8__ordinal__participant__1__0.3__0.0,eye_pupil__8__ordinal__participant,eye_pupil,8,ordinal,participant,1,0.3,0.0,0.3019131784431546
5,3,eye_pupil__8__ordinal__participant__1__0.3__0.3,eye_pupil__8__ordinal__participant,eye_pupil,8,ordinal,participant,1,0.3,0.3,0.28162282858546356
5,3,eye_pupil__8__ordinal__participant__4__-0.3__-0.3,eye_pupil__8__ordinal__participant,eye_pupil,8,ordinal,participant,4,-0.3,-0.3,0.32278665782283444
5,3,eye_pupil__8__ordinal__participant__4__-0.3__0.0,eye_pupil__8__ordinal__participant,eye_pupil,8,ordinal,participant,4,-0.3,0.0,0.2979179578880283
5,3,eye_pupil__8__ordinal__participant__4__-0.3__0.3,eye_pupil__8__ordinal__participant,eye_pupil,8,ordinal,participant,4,-0.3,0.3,0.30862802600330747
5,3,eye_pupil__8__ordinal__participant__4__0.0__-0.3,eye_pupil__8__ordinal__participant,eye_pupil,8,ordinal,participant,4,0.0,-0.3,0.3302290374018009
5,3,eye_pupil__8__ordinal__participant__4__0.0__0.0,eye_pupil__8__ordinal__participant,eye_pupil,8,ordinal,participant,4,0.0,0.0,0.2897791056762386
5,3,eye_pupil__8__ordinal__participant__4__0.0__0.3,eye_pupil__8__ordinal__participant,eye_pupil,8,ordinal,participant,4,0.0,0.3,0.28790906114575127
5,3,eye_pupil__8__ordinal__participant__4__0.3__-0.3,eye_pupil__8__ordinal__participant,eye_pupil,8,ordinal,participant,4,0.3,-0.3,0.3305798262802079
5,3,eye_pupil__8__ordinal__participant__4__0.3__0.0,eye_pupil__8__ordinal__participant,eye_pupil,8,ordinal,participant,4,0.3,0.0,0.3044587431725768
5,3,eye_pupil__8__ordinal__participant__4__0.3__0.3,eye_pupil__8__ordinal__participant,eye_pupil,8,ordinal,participant,4,0.3,0.3,0.27955814925546046
5,3,eye_pupil__8__catboost__global__1__-0.3__-0.3,eye_pupil__8__catboost__global,eye_pupil,8,catboost,global,1,-0.3,-0.3,0.31741619833470736
5,3,eye_pupil__8__catboost__global__1__-0.3__0.0,eye_pupil__8__catboost__global,eye_pupil,8,catboost,global,1,-0.3,0.0,0.32159706404683314
5,3,eye_pupil__8__catboost__global__1__-0.3__0.3,eye_pupil__8__catboost__global,eye_pupil,8,catboost,global,1,-0.3,0.3,0.3409669836962472
5,3,eye_pupil__8__catboost__global__1__0.0__-0.3,eye_pupil__8__catboost__global,eye_pupil,8,catboost,global,1,0.0,-0.3,0.3271237271155286
5,3,eye_pupil__8__catboost__global__1__0.0__0.0,eye_pupil__8__catboost__global,eye_pupil,8,catboost,global,1,0.0,0.0,0.3028866006468316
5,3,eye_pupil__8__catboost__global__1__0.0__0.3,eye_pupil__8__catboost__global,eye_pupil,8,catboost,global,1,0.0,0.3,0.3264230903629006
5,3,eye_pupil__8__catboost__global__1__0.3__-0.3,eye_pupil__8__catboost__global,eye_pupil,8,catboost,global,1,0.3,-0.3,0.34154155816967324
5,3,eye_pupil__8__catboost__global__1__0.3__0.0,eye_pupil__8__catboost__global,eye_pupil,8,catboost,global,1,0.3,0.0,0.33093810959739645
5,3,eye_pupil__8__catboost__global__1__0.3__0.3,eye_pupil__8__catboost__global,eye_pupil,8,catboost,global,1,0.3,0.3,0.3008024776445775
5,3,eye_pupil__8__catboost__global__4__-0.3__-0.3,eye_pupil__8__catboost__global,eye_pupil,8,catboost,global,4,-0.3,-0.3,0.32453513724973354
5,3,eye_pupil__8__catboost__global__4__-0.3__0.0,eye_pupil__8__catboost__global,eye_pupil,8,catboost,global,4,-0.3,0.0,0.32189662742303166
5,3,eye_pupil__8__catboost__global__4__-0.3__0.3,eye_pupil__8__catboost__global,eye_pupil,8,catboost,global,4,-0.3,0.3,0.3405287103110541
5,3,eye_pupil__8__catboost__global__4__0.0__-0.3,eye_pupil__8__catboost__global,eye_pupil,8,catboost,global,4,0.0,-0.3,0.324472516410206
5,3,eye_pupil__8__catboost__global__4__0.0__0.0,eye_pupil__8__catboost__global,eye_pupil,8,catboost,global,4,0.0,0.0,0.3070699804221687
5,3,eye_pupil__8__catboost__global__4__0.0__0.3,eye_pupil__8__catboost__global,eye_pupil,8,catboost,global,4,0.0,0.3,0.325019186938068
5,3,eye_pupil__8__catboost__global__4__0.3__-0.3,eye_pupil__8__catboost__global,eye_pupil,8,catboost,global,4,0.3,-0.3,0.34508685755462076
5,3,eye_pupil__8__catboost__global__4__0.3__0.0,eye_pupil__8__catboost__global,eye_pupil,8,catboost,global,4,0.3,0.0,0.3350164271893209
5,3,eye_pupil__8__catboost__global__4__0.3__0.3,eye_pupil__8__catboost__global,eye_pupil,8,catboost,global,4,0.3,0.3,0.30235079918542646
5,3,eye_pupil__8__catboost__participant__1__-0.3__-0.3,eye_pupil__8__catboost__participant,eye_pupil,8,catboost,participant,1,-0.3,-0.3,0.3215273051283287
5,3,eye_pupil__8__catboost__participant__1__-0.3__0.0,eye_pupil__8__catboost__participant,eye_pupil,8,catboost,participant,1,-0.3,0.0,0.3346870466729591
5,3,eye_pupil__8__catboost__participant__1__-0.3__0.3,eye_pupil__8__catboost__participant,eye_pupil,8,catboost,participant,1,-0.3,0.3,0.3365567121954669
5,3,eye_pupil__8__catboost__participant__1__0.0__-0.3,eye_pupil__8__catboost__participant,eye_pupil,8,catboost,participant,1,0.0,-0.3,0.3273939133786802
5,3,eye_pupil__8__catboost__participant__1__0.0__0.0,eye_pupil__8__catboost__participant,eye_pupil,8,catboost,participant,1,0.0,0.0,0.3077595037480411
5,3,eye_pupil__8__catboost__participant__1__0.0__0.3,eye_pupil__8__catboost__participant,eye_pupil,8,catboost,participant,1,0.0,0.3,0.32294511822272276
5,3,eye_pupil__8__catboost__participant__1__0.3__-0.3,eye_pupil__8__catboost__participant,eye_pupil,8,catboost,participant,1,0.3,-0.3,0.3363848631424903
5,3,eye_pupil__8__catboost__participant__1__0.3__0.0,eye_pupil__8__catboost__participant,eye_pupil,8,catboost,participant,1,0.3,0.0,0.32462260484509525
5,3,eye_pupil__8__catboost__participant__1__0.3__0.3,eye_pupil__8__catboost__participant,eye_pupil,8,catboost,participant,1,0.3,0.3,0.2947675212446467
5,3,eye_pupil__8__catboost__participant__4__-0.3__-0.3,eye_pupil__8__catboost__participant,eye_pupil,8,catboost,participant,4,-0.3,-0.3,0.3206346984492045
5,3,eye_pupil__8__catboost__participant__4__-0.3__0.0,eye_pupil__8__catboost__participant,eye_pupil,8,catboost,participant,4,-0.3,0.0,0.3345633808104192
5,3,eye_pupil__8__catboost__participant__4__-0.3__0.3,eye_pupil__8__catboost__participant,eye_pupil,8,catboost,participant,4,-0.3,0.3,0.3318168313449051
5,3,eye_pupil__8__catboost__participant__4__0.0__-0.3,eye_pupil__8__catboost__participant,eye_pupil,8,catboost,participant,4,0.0,-0.3,0.32361593210094497
5,3,eye_pupil__8__catboost__participant__4__0.0__0.0,eye_pupil__8__catboost__participant,eye_pupil,8,catboost,participant,4,0.0,0.0,0.3072930924619458
5,3,eye_pupil__8__catboost__participant__4__0.0__0.3,eye_pupil__8__catboost__participant,eye_pupil,8,catboost,participant,4,0.0,0.3,0.31303579827025424
5,3,eye_pupil__8__catboost__participant__4__0.3__-0.3,eye_pupil__8__catboost__participant,eye_pupil,8,catboost,participant,4,0.3,-0.3,0.33835166624336027
5,3,eye_pupil__8__catboost__participant__4__0.3__0.0,eye_pupil__8__catboost__participant,eye_pupil,8,catboost,participant,4,0.3,0.0,0.326955171471897
5,3,eye_pupil__8__catboost__participant__4__0.3__0.3,eye_pupil__8__catboost__participant,eye_pupil,8,catboost,participant,4,0.3,0.3,0.2917098998900848
5,3,full__1__logistic__global__1__-0.3__-0.3,full__1__logistic__global,full,1,logistic,global,1,-0.3,-0.3,0.33525883404597795
5,3,full__1__logistic__global__1__-0.3__0.0,full__1__logistic__global,full,1,logistic,global,1,-0.3,0.0,0.3441179982856836
5,3,full__1__logistic__global__1__-0.3__0.3,full__1__logistic__global,full,1,logistic,global,1,-0.3,0.3,0.3326400642123887
5,3,full__1__logistic__global__1__0.0__-0.3,full__1__logistic__global,full,1,logistic,global,1,0.0,-0.3,0.3391528442195576
5,3,full__1__logistic__global__1__0.0__0.0,full__1__logistic__global,full,1,logistic,global,1,0.0,0.0,0.3455112589205276
5,3,full__1__logistic__global__1__0.0__0.3,full__1__logistic__global,full,1,logistic,global,1,0.0,0.3,0.3254977284906467
5,3,full__1__logistic__global__1__0.3__-0.3,full__1__logistic__global,full,1,logistic,global,1,0.3,-0.3,0.34160927512647293
5,3,full__1__logistic__global__1__0.3__0.0,full__1__logistic__global,full,1,logistic,global,1,0.3,0.0,0.3393226462391266
5,3,full__1__logistic__global__1__0.3__0.3,full__1__logistic__global,full,1,logistic,global,1,0.3,0.3,0.33269487196509995
5,3,full__1__logistic__global__4__-0.3__-0.3,full__1__logistic__global,full,1,logistic,global,4,-0.3,-0.3,0.32760169636362435
5,3,full__1__logistic__global__4__-0.3__0.0,full__1__logistic__global,full,1,logistic,global,4,-0.3,0.0,0.3489005581942791
5,3,full__1__logistic__global__4__-0.3__0.3,full__1__logistic__global,full,1,logistic,global,4,-0.3,0.3,0.33321306496282416
5,3,full__1__logistic__global__4__0.0__-0.3,full__1__logistic__global,full,1,logistic,global,4,0.0,-0.3,0.3406078937520921
5,3,full__1__logistic__global__4__0.0__0.0,full__1__logistic__global,full,1,logistic,global,4,0.0,0.0,0.34872156058350057
5,3,full__1__logistic__global__4__0.0__0.3,full__1__logistic__global,full,1,logistic,global,4,0.0,0.3,0.3347093336851244
5,3,full__1__logistic__global__4__0.3__-0.3,full__1__logistic__global,full,1,logistic,global,4,0.3,-0.3,0.3394195065134417
5,3,full__1__logistic__global__4__0.3__0.0,full__1__logistic__global,full,1,logistic,global,4,0.3,0.0,0.33833868644502096
5,3,full__1__logistic__global__4__0.3__0.3,full__1__logistic__global,full,1,logistic,global,4,0.3,0.3,0.34159122903460476
5,3,full__1__logistic__participant__1__-0.3__-0.3,full__1__logistic__participant,full,1,logistic,participant,1,-0.3,-0.3,0.33616946869509556
5,3,full__1__logistic__participant__1__-0.3__0.0,full__1__logistic__participant,full,1,logistic,participant,1,-0.3,0.0,0.3432378154192241
5,3,full__1__logistic__participant__1__-0.3__0.3,full__1__logistic__participant,full,1,logistic,participant,1,-0.3,0.3,0.33269893410129264
5,3,full__1__logistic__participant__1__0.0__-0.3,full__1__logistic__participant,full,1,logistic,participant,1,0.0,-0.3,0.3316375258015177
5,3,full__1__logistic__participant__1__0.0__0.0,full__1__logistic__participant,full,1,logistic,participant,1,0.0,0.0,0.33542949446969533
5,3,full__1__logistic__participant__1__0.0__0.3,full__1__logistic__participant,full,1,logistic,participant,1,0.0,0.3,0.32705866626906954
5,3,full__1__logistic__participant__1__0.3__-0.3,full__1__logistic__participant,full,1,logistic,participant,1,0.3,-0.3,0.33379049949618195
5,3,full__1__logistic__participant__1__0.3__0.0,full__1__logistic__participant,full,1,logistic,participant,1,0.3,0.0,0.3326639594947098
5,3,full__1__logistic__participant__1__0.3__0.3,full__1__logistic__participant,full,1,logistic,participant,1,0.3,0.3,0.3272750370508038
5,3,full__1__logistic__participant__4__-0.3__-0.3,full__1__logistic__participant,full,1,logistic,participant,4,-0.3,-0.3,0.32419256457738965
5,3,full__1__logistic__participant__4__-0.3__0.0,full__1__logistic__participant,full,1,logistic,participant,4,-0.3,0.0,0.34293121029514445
5,3,full__1__logistic__participant__4__-0.3__0.3,full__1__logistic__participant,full,1,logistic,participant,4,-0.3,0.3,0.33446607576932125
5,3,full__1__logistic__participant__4__0.0__-0.3,full__1__logistic__participant,full,1,logistic,participant,4,0.0,-0.3,0.3388633143471181
5,3,full__1__logistic__participant__4__0.0__0.0,full__1__logistic__participant,full,1,logistic,participant,4,0.0,0.0,0.34244247459298566
5,3,full__1__logistic__participant__4__0.0__0.3,full__1__logistic__participant,full,1,logistic,participant,4,0.0,0.3,0.3304881153230436
5,3,full__1__logistic__participant__4__0.3__-0.3,full__1__logistic__participant,full,1,logistic,participant,4,0.3,-0.3,0.3276459975461111
5,3,full__1__logistic__participant__4__0.3__0.0,full__1__logistic__participant,full,1,logistic,participant,4,0.3,0.0,0.33121023235884645
5,3,full__1__logistic__participant__4__0.3__0.3,full__1__logistic__participant,full,1,logistic,participant,4,0.3,0.3,0.3347088859970118
5,3,full__1__ordinal__global__1__-0.3__-0.3,full__1__ordinal__global,full,1,ordinal,global,1,-0.3,-0.3,0.3329590147101252
5,3,full__1__ordinal__global__1__-0.3__0.0,full__1__ordinal__global,full,1,ordinal,global,1,-0.3,0.0,0.34357149018810385
5,3,full__1__ordinal__global__1__-0.3__0.3,full__1__ordinal__global,full,1,ordinal,global,1,-0.3,0.3,0.3311966659846709
5,3,full__1__ordinal__global__1__0.0__-0.3,full__1__ordinal__global,full,1,ordinal,global,1,0.0,-0.3,0.3398615873446784
5,3,full__1__ordinal__global__1__0.0__0.0,full__1__ordinal__global,full,1,ordinal,global,1,0.0,0.0,0.3408465697918647
5,3,full__1__ordinal__global__1__0.0__0.3,full__1__ordinal__global,full,1,ordinal,global,1,0.0,0.3,0.3262259189040378
5,3,full__1__ordinal__global__1__0.3__-0.3,full__1__ordinal__global,full,1,ordinal,global,1,0.3,-0.3,0.3443758025790471
5,3,full__1__ordinal__global__1__0.3__0.0,full__1__ordinal__global,full,1,ordinal,global,1,0.3,0.0,0.34193197291780175
5,3,full__1__ordinal__global__1__0.3__0.3,full__1__ordinal__global,full,1,ordinal,global,1,0.3,0.3,0.3306944096392088
5,3,full__1__ordinal__global__4__-0.3__-0.3,full__1__ordinal__global,full,1,ordinal,global,4,-0.3,-0.3,0.3284537414788868
5,3,full__1__ordinal__global__4__-0.3__0.0,full__1__ordinal__global,full,1,ordinal,global,4,-0.3,0.0,0.34454460222627725
5,3,full__1__ordinal__global__4__-0.3__0.3,full__1__ordinal__global,full,1,ordinal,global,4,-0.3,0.3,0.3332775415673722
5,3,full__1__ordinal__global__4__0.0__-0.3,full__1__ordinal__global,full,1,ordinal,global,4,0.0,-0.3,0.3408024008240804
5,3,full__1__ordinal__global__4__0.0__0.0,full__1__ordinal__global,full,1,ordinal,global,4,0.0,0.0,0.3498165439797982
5,3,full__1__ordinal__global__4__0.0__0.3,full__1__ordinal__global,full,1,ordinal,global,4,0.0,0.3,0.33460962438280895
5,3,full__1__ordinal__global__4__0.3__-0.3,full__1__ordinal__global,full,1,ordinal,global,4,0.3,-0.3,0.3395413319839662
5,3,full__1__ordinal__global__4__0.3__0.0,full__1__ordinal__global,full,1,ordinal,global,4,0.3,0.0,0.33648112557390475
5,3,full__1__ordinal__global__4__0.3__0.3,full__1__ordinal__global,full,1,ordinal,global,4,0.3,0.3,0.34177275509666194
5,3,full__1__ordinal__participant__1__-0.3__-0.3,full__1__ordinal__participant,full,1,ordinal,participant,1,-0.3,-0.3,0.3353495145933902
5,3,full__1__ordinal__participant__1__-0.3__0.0,full__1__ordinal__participant,full,1,ordinal,participant,1,-0.3,0.0,0.3393728420437495
5,3,full__1__ordinal__participant__1__-0.3__0.3,full__1__ordinal__participant,full,1,ordinal,participant,1,-0.3,0.3,0.3339073956464413
5,3,full__1__ordinal__participant__1__0.0__-0.3,full__1__ordinal__participant,full,1,ordinal,participant,1,0.0,-0.3,0.330139749275894
5,3,full__1__ordinal__participant__1__0.0__0.0,full__1__ordinal__participant,full,1,ordinal,participant,1,0.0,0.0,0.33420898899297796
5,3,full__1__ordinal__participant__1__0.0__0.3,full__1__ordinal__participant,full,1,ordinal,participant,1,0.0,0.3,0.32624333981110615
5,3,full__1__ordinal__participant__1__0.3__-0.3,full__1__ordinal__participant,full,1,ordinal,participant,1,0.3,-0.3,0.3323590629759212
5,3,full__1__ordinal__participant__1__0.3__0.0,full__1__ordinal__participant,full,1,ordinal,participant,1,0.3,0.0,0.33208583593022306
5,3,full__1__ordinal__participant__1__0.3__0.3,full__1__ordinal__participant,full,1,ordinal,participant,1,0.3,0.3,0.328099594949087
5,3,full__1__ordinal__participant__4__-0.3__-0.3,full__1__ordinal__participant,full,1,ordinal,participant,4,-0.3,-0.3,0.3250540576790315
5,3,full__1__ordinal__participant__4__-0.3__0.0,full__1__ordinal__participant,full,1,ordinal,participant,4,-0.3,0.0,0.3398327587242126
5,3,full__1__ordinal__participant__4__-0.3__0.3,full__1__ordinal__participant,full,1,ordinal,participant,4,-0.3,0.3,0.33419338587495445
5,3,full__1__ordinal__participant__4__0.0__-0.3,full__1__ordinal__participant,full,1,ordinal,participant,4,0.0,-0.3,0.34158043697887996
5,3,full__1__ordinal__participant__4__0.0__0.0,full__1__ordinal__participant,full,1,ordinal,participant,4,0.0,0.0,0.34147925803985557
5,3,full__1__ordinal__participant__4__0.0__0.3,full__1__ordinal__participant,full,1,ordinal,participant,4,0.0,0.3,0.33024473244750374
5,3,full__1__ordinal__participant__4__0.3__-0.3,full__1__ordinal__participant,full,1,ordinal,participant,4,0.3,-0.3,0.33009892001882685
5,3,full__1__ordinal__participant__4__0.3__0.0,full__1__ordinal__participant,full,1,ordinal,participant,4,0.3,0.0,0.3315197552176616
5,3,full__1__ordinal__participant__4__0.3__0.3,full__1__ordinal__participant,full,1,ordinal,participant,4,0.3,0.3,0.33496306174138357
5,3,full__1__catboost__global__1__-0.3__-0.3,full__1__catboost__global,full,1,catboost,global,1,-0.3,-0.3,0.3400187971337858
5,3,full__1__catboost__global__1__-0.3__0.0,full__1__catboost__global,full,1,catboost,global,1,-0.3,0.0,0.33414213633103307
5,3,full__1__catboost__global__1__-0.3__0.3,full__1__catboost__global,full,1,catboost,global,1,-0.3,0.3,0.326445811131797
5,3,full__1__catboost__global__1__0.0__-0.3,full__1__catboost__global,full,1,catboost,global,1,0.0,-0.3,0.33999641900892336
5,3,full__1__catboost__global__1__0.0__0.0,full__1__catboost__global,full,1,catboost,global,1,0.0,0.0,0.33541862277506523
5,3,full__1__catboost__global__1__0.0__0.3,full__1__catboost__global,full,1,catboost,global,1,0.0,0.3,0.33001371540868984
5,3,full__1__catboost__global__1__0.3__-0.3,full__1__catboost__global,full,1,catboost,global,1,0.3,-0.3,0.3408878677619087
5,3,full__1__catboost__global__1__0.3__0.0,full__1__catboost__global,full,1,catboost,global,1,0.3,0.0,0.331648172160422
5,3,full__1__catboost__global__1__0.3__0.3,full__1__catboost__global,full,1,catboost,global,1,0.3,0.3,0.32856723343545013
5,3,full__1__catboost__global__4__-0.3__-0.3,full__1__catboost__global,full,1,catboost,global,4,-0.3,-0.3,0.34181153118585333
5,3,full__1__catboost__global__4__-0.3__0.0,full__1__catboost__global,full,1,catboost,global,4,-0.3,0.0,0.3439121937117056
5,3,full__1__catboost__global__4__-0.3__0.3,full__1__catboost__global,full,1,catboost,global,4,-0.3,0.3,0.3356429171579115
5,3,full__1__catboost__global__4__0.0__-0.3,full__1__catboost__global,full,1,catboost,global,4,0.0,-0.3,0.34269466801600645
5,3,full__1__catboost__global__4__0.0__0.0,full__1__catboost__global,full,1,catboost,global,4,0.0,0.0,0.3486403560550822
5,3,full__1__catboost__global__4__0.0__0.3,full__1__catboost__global,full,1,catboost,global,4,0.0,0.3,0.34063812463697263
5,3,full__1__catboost__global__4__0.3__-0.3,full__1__catboost__global,full,1,catboost,global,4,0.3,-0.3,0.34380136298754943
5,3,full__1__catboost__global__4__0.3__0.0,full__1__catboost__global,full,1,catboost,global,4,0.3,0.0,0.33192838639467065
5,3,full__1__catboost__global__4__0.3__0.3,full__1__catboost__global,full,1,catboost,global,4,0.3,0.3,0.331894018925145
5,3,full__1__catboost__participant__1__-0.3__-0.3,full__1__catboost__participant,full,1,catboost,participant,1,-0.3,-0.3,0.3368652069854087
5,3,full__1__catboost__participant__1__-0.3__0.0,full__1__catboost__participant,full,1,catboost,participant,1,-0.3,0.0,0.32352050986506486
5,3,full__1__catboost__participant__1__-0.3__0.3,full__1__catboost__participant,full,1,catboost,participant,1,-0.3,0.3,0.331018148353458
5,3,full__1__catboost__participant__1__0.0__-0.3,full__1__catboost__participant,full,1,catboost,participant,1,0.0,-0.3,0.34303804933683757
5,3,full__1__catboost__participant__1__0.0__0.0,full__1__catboost__participant,full,1,catboost,participant,1,0.0,0.0,0.33196114850372765
5,3,full__1__catboost__participant__1__0.0__0.3,full__1__catboost__participant,full,1,catboost,participant,1,0.0,0.3,0.330933110136441
5,3,full__1__catboost__participant__1__0.3__-0.3,full__1__catboost__participant,full,1,catboost,participant,1,0.3,-0.3,0.3372309287195139
5,3,full__1__catboost__participant__1__0.3__0.0,full__1__catboost__participant,full,1,catboost,participant,1,0.3,0.0,0.3199886928774434
5,3,full__1__catboost__participant__1__0.3__0.3,full__1__catboost__participant,full,1,catboost,participant,1,0.3,0.3,0.33369401444306507
5,3,full__1__catboost__participant__4__-0.3__-0.3,full__1__catboost__participant,full,1,catboost,participant,4,-0.3,-0.3,0.34528625392572876
5,3,full__1__catboost__participant__4__-0.3__0.0,full__1__catboost__participant,full,1,catboost,participant,4,-0.3,0.0,0.3241339907625602
5,3,full__1__catboost__participant__4__-0.3__0.3,full__1__catboost__participant,full,1,catboost,participant,4,-0.3,0.3,0.3342364855803047
5,3,full__1__catboost__participant__4__0.0__-0.3,full__1__catboost__participant,full,1,catboost,participant,4,0.0,-0.3,0.34235202851344365
5,3,full__1__catboost__participant__4__0.0__0.0,full__1__catboost__participant,full,1,catboost,participant,4,0.0,0.0,0.3353175998526531
5,3,full__1__catboost__participant__4__0.0__0.3,full__1__catboost__participant,full,1,catboost,participant,4,0.0,0.3,0.33519398434104114
5,3,full__1__catboost__participant__4__0.3__-0.3,full__1__catboost__participant,full,1,catboost,participant,4,0.3,-0.3,0.3350571036622929
5,3,full__1__catboost__participant__4__0.3__0.0,full__1__catboost__participant,full,1,catboost,participant,4,0.3,0.0,0.3173344311642036
5,3,full__1__catboost__participant__4__0.3__0.3,full__1__catboost__participant,full,1,catboost,participant,4,0.3,0.3,0.34194171417055597
5,3,full__8__logistic__global__1__-0.3__-0.3,full__8__logistic__global,full,8,logistic,global,1,-0.3,-0.3,0.3434484976180813
5,3,full__8__logistic__global__1__-0.3__0.0,full__8__logistic__global,full,8,logistic,global,1,-0.3,0.0,0.33073437956506246
5,3,full__8__logistic__global__1__-0.3__0.3,full__8__logistic__global,full,8,logistic,global,1,-0.3,0.3,0.31997321587595584
5,3,full__8__logistic__global__1__0.0__-0.3,full__8__logistic__global,full,8,logistic,global,1,0.0,-0.3,0.35053750405338535
5,3,full__8__logistic__global__1__0.0__0.0,full__8__logistic__global,full,8,logistic,global,1,0.0,0.0,0.3339873231173488
5,3,full__8__logistic__global__1__0.0__0.3,full__8__logistic__global,full,8,logistic,global,1,0.0,0.3,0.32058751874557867
5,3,full__8__logistic__global__1__0.3__-0.3,full__8__logistic__global,full,8,logistic,global,1,0.3,-0.3,0.34295184419190455
5,3,full__8__logistic__global__1__0.3__0.0,full__8__logistic__global,full,8,logistic,global,1,0.3,0.0,0.3345699543371061
5,3,full__8__logistic__global__1__0.3__0.3,full__8__logistic__global,full,8,logistic,global,1,0.3,0.3,0.31640999017749216
5,3,full__8__logistic__global__4__-0.3__-0.3,full__8__logistic__global,full,8,logistic,global,4,-0.3,-0.3,0.347040488027771
5,3,full__8__logistic__global__4__-0.3__0.0,full__8__logistic__global,full,8,logistic,global,4,-0.3,0.0,0.33439165168550355
5,3,full__8__logistic__global__4__-0.3__0.3,full__8__logistic__global,full,8,logistic,global,4,-0.3,0.3,0.32242637644804883
5,3,full__8__logistic__global__4__0.0__-0.3,full__8__logistic__global,full,8,logistic,global,4,0.0,-0.3,0.3503634106472537
5,3,full__8__logistic__global__4__0.0__0.0,full__8__logistic__global,full,8,logistic,global,4,0.0,0.0,0.33311140951702123
5,3,full__8__logistic__global__4__0.0__0.3,full__8__logistic__global,full,8,logistic,global,4,0.0,0.3,0.3264936262290619
5,3,full__8__logistic__global__4__0.3__-0.3,full__8__logistic__global,full,8,logistic,global,4,0.3,-0.3,0.3428176623437474
5,3,full__8__logistic__global__4__0.3__0.0,full__8__logistic__global,full,8,logistic,global,4,0.3,0.0,0.3416629699335042
5,3,full__8__logistic__global__4__0.3__0.3,full__8__logistic__global,full,8,logistic,global,4,0.3,0.3,0.31813813214213693
5,3,full__8__logistic__participant__1__-0.3__-0.3,full__8__logistic__participant,full,8,logistic,participant,1,-0.3,-0.3,0.33312850814949596
5,3,full__8__logistic__participant__1__-0.3__0.0,full__8__logistic__participant,full,8,logistic,participant,1,-0.3,0.0,0.32475389110625713
5,3,full__8__logistic__participant__1__-0.3__0.3,full__8__logistic__participant,full,8,logistic,participant,1,-0.3,0.3,0.31420730593569407
5,3,full__8__logistic__participant__1__0.0__-0.3,full__8__logistic__participant,full,8,logistic,participant,1,0.0,-0.3,0.34231792427320573
5,3,full__8__logistic__participant__1__0.0__0.0,full__8__logistic__participant,full,8,logistic,participant,1,0.0,0.0,0.32276953220492255
5,3,full__8__logistic__participant__1__0.0__0.3,full__8__logistic__participant,full,8,logistic,participant,1,0.0,0.3,0.31530134739327426
5,3,full__8__logistic__participant__1__0.3__-0.3,full__8__logistic__participant,full,8,logistic,participant,1,0.3,-0.3,0.33751392514540546
5,3,full__8__logistic__participant__1__0.3__0.0,full__8__logistic__participant,full,8,logistic,participant,1,0.3,0.0,0.3278455561208218
5,3,full__8__logistic__participant__1__0.3__0.3,full__8__logistic__participant,full,8,logistic,participant,1,0.3,0.3,0.3062157120264044
5,3,full__8__logistic__participant__4__-0.3__-0.3,full__8__logistic__participant,full,8,logistic,participant,4,-0.3,-0.3,0.33394117368750575
5,3,full__8__logistic__participant__4__-0.3__0.0,full__8__logistic__participant,full,8,logistic,participant,4,-0.3,0.0,0.3282479157567225
5,3,full__8__logistic__participant__4__-0.3__0.3,full__8__logistic__participant,full,8,logistic,participant,4,-0.3,0.3,0.314463031874153
5,3,full__8__logistic__participant__4__0.0__-0.3,full__8__logistic__participant,full,8,logistic,participant,4,0.0,-0.3,0.34042850174144756
5,3,full__8__logistic__participant__4__0.0__0.0,full__8__logistic__participant,full,8,logistic,participant,4,0.0,0.0,0.32503594899670524
5,3,full__8__logistic__participant__4__0.0__0.3,full__8__logistic__participant,full,8,logistic,participant,4,0.0,0.3,0.3216378663202995
5,3,full__8__logistic__participant__4__0.3__-0.3,full__8__logistic__participant,full,8,logistic,participant,4,0.3,-0.3,0.3361590190059913
5,3,full__8__logistic__participant__4__0.3__0.0,full__8__logistic__participant,full,8,logistic,participant,4,0.3,0.0,0.33775493514731314
5,3,full__8__logistic__participant__4__0.3__0.3,full__8__logistic__participant,full,8,logistic,participant,4,0.3,0.3,0.31243391131837095
5,3,full__8__ordinal__global__1__-0.3__-0.3,full__8__ordinal__global,full,8,ordinal,global,1,-0.3,-0.3,0.34628484250426256
5,3,full__8__ordinal__global__1__-0.3__0.0,full__8__ordinal__global,full,8,ordinal,global,1,-0.3,0.0,0.3271306107651113
5,3,full__8__ordinal__global__1__-0.3__0.3,full__8__ordinal__global,full,8,ordinal,global,1,-0.3,0.3,0.31310866333345266
5,3,full__8__ordinal__global__1__0.0__-0.3,full__8__ordinal__global,full,8,ordinal,global,1,0.0,-0.3,0.3492841311324827
5,3,full__8__ordinal__global__1__0.0__0.0,full__8__ordinal__global,full,8,ordinal,global,1,0.0,0.0,0.331630576429973
5,3,full__8__ordinal__global__1__0.0__0.3,full__8__ordinal__global,full,8,ordinal,global,1,0.0,0.3,0.3123773018221395
5,3,full__8__ordinal__global__1__0.3__-0.3,full__8__ordinal__global,full,8,ordinal,global,1,0.3,-0.3,0.3446018362251675
5,3,full__8__ordinal__global__1__0.3__0.0,full__8__ordinal__global,full,8,ordinal,global,1,0.3,0.0,0.33114889629222644
5,3,full__8__ordinal__global__1__0.3__0.3,full__8__ordinal__global,full,8,ordinal,global,1,0.3,0.3,0.3097480153370562
5,3,full__8__ordinal__global__4__-0.3__-0.3,full__8__ordinal__global,full,8,ordinal,global,4,-0.3,-0.3,0.3422961959688514
5,3,full__8__ordinal__global__4__-0.3__0.0,full__8__ordinal__global,full,8,ordinal,global,4,-0.3,0.0,0.32853014586429025
5,3,full__8__ordinal__global__4__-0.3__0.3,full__8__ordinal__global,full,8,ordinal,global,4,-0.3,0.3,0.3158839131156264
5,3,full__8__ordinal__global__4__0.0__-0.3,full__8__ordinal__global,full,8,ordinal,global,4,0.0,-0.3,0.3500738948336898
5,3,full__8__ordinal__global__4__0.0__0.0,full__8__ordinal__global,full,8,ordinal,global,4,0.0,0.0,0.3314293025068519
5,3,full__8__ordinal__global__4__0.0__0.3,full__8__ordinal__global,full,8,ordinal,global,4,0.0,0.3,0.31572253468001504
5,3,full__8__ordinal__global__4__0.3__-0.3,full__8__ordinal__global,full,8,ordinal,global,4,0.3,-0.3,0.34046877523137703
5,3,full__8__ordinal__global__4__0.3__0.0,full__8__ordinal__global,full,8,ordinal,global,4,0.3,0.0,0.3361243045341487
5,3,full__8__ordinal__global__4__0.3__0.3,full__8__ordinal__global,full,8,ordinal,global,4,0.3,0.3,0.3146417464998687
5,3,full__8__ordinal__participant__1__-0.3__-0.3,full__8__ordinal__participant,full,8,ordinal,participant,1,-0.3,-0.3,0.336071677471351
5,3,full__8__ordinal__participant__1__-0.3__0.0,full__8__ordinal__participant,full,8,ordinal,participant,1,-0.3,0.0,0.31734178104546606
5,3,full__8__ordinal__participant__1__-0.3__0.3,full__8__ordinal__participant,full,8,ordinal,participant,1,-0.3,0.3,0.3093024081785791
5,3,full__8__ordinal__participant__1__0.0__-0.3,full__8__ordinal__participant,full,8,ordinal,participant,1,0.0,-0.3,0.34750677542872216
5,3,full__8__ordinal__participant__1__0.0__0.0,full__8__ordinal__participant,full,8,ordinal,participant,1,0.0,0.0,0.3196748298384455
5,3,full__8__ordinal__participant__1__0.0__0.3,full__8__ordinal__participant,full,8,ordinal,participant,1,0.0,0.3,0.3100838840423568
5,3,full__8__ordinal__participant__1__0.3__-0.3,full__8__ordinal__participant,full,8,ordinal,participant,1,0.3,-0.3,0.33585789322804827
5,3,full__8__ordinal__participant__1__0.3__0.0,full__8__ordinal__participant,full,8,ordinal,participant,1,0.3,0.0,0.32196518994175555
5,3,full__8__ordinal__participant__1__0.3__0.3,full__8__ordinal__participant,full,8,ordinal,participant,1,0.3,0.3,0.30310063566128925
5,3,full__8__ordinal__participant__4__-0.3__-0.3,full__8__ordinal__participant,full,8,ordinal,participant,4,-0.3,-0.3,0.334994152333282
5,3,full__8__ordinal__participant__4__-0.3__0.0,full__8__ordinal__participant,full,8,ordinal,participant,4,-0.3,0.0,0.31749612120211396
5,3,full__8__ordinal__participant__4__-0.3__0.3,full__8__ordinal__participant,full,8,ordinal,participant,4,-0.3,0.3,0.30725224541328533
5,3,full__8__ordinal__participant__4__0.0__-0.3,full__8__ordinal__participant,full,8,ordinal,participant,4,0.0,-0.3,0.34361511855558563
5,3,full__8__ordinal__participant__4__0.0__0.0,full__8__ordinal__participant,full,8,ordinal,participant,4,0.0,0.0,0.32137598455622757
5,3,full__8__ordinal__participant__4__0.0__0.3,full__8__ordinal__participant,full,8,ordinal,participant,4,0.0,0.3,0.3143041279638074
5,3,full__8__ordinal__participant__4__0.3__-0.3,full__8__ordinal__participant,full,8,ordinal,participant,4,0.3,-0.3,0.33897326039449377
5,3,full__8__ordinal__participant__4__0.3__0.0,full__8__ordinal__participant,full,8,ordinal,participant,4,0.3,0.0,0.32705154551547033
5,3,full__8__ordinal__participant__4__0.3__0.3,full__8__ordinal__participant,full,8,ordinal,participant,4,0.3,0.3,0.30607383224035206
5,3,full__8__catboost__global__1__-0.3__-0.3,full__8__catboost__global,full,8,catboost,global,1,-0.3,-0.3,0.3494697291277534
5,3,full__8__catboost__global__1__-0.3__0.0,full__8__catboost__global,full,8,catboost,global,1,-0.3,0.0,0.3371820007732818
5,3,full__8__catboost__global__1__-0.3__0.3,full__8__catboost__global,full,8,catboost,global,1,-0.3,0.3,0.3207954243016923
5,3,full__8__catboost__global__1__0.0__-0.3,full__8__catboost__global,full,8,catboost,global,1,0.0,-0.3,0.34520282272024017
5,3,full__8__catboost__global__1__0.0__0.0,full__8__catboost__global,full,8,catboost,global,1,0.0,0.0,0.33235240981467007
5,3,full__8__catboost__global__1__0.0__0.3,full__8__catboost__global,full,8,catboost,global,1,0.0,0.3,0.3214853845927228
5,3,full__8__catboost__global__1__0.3__-0.3,full__8__catboost__global,full,8,catboost,global,1,0.3,-0.3,0.3418935200086822
5,3,full__8__catboost__global__1__0.3__0.0,full__8__catboost__global,full,8,catboost,global,1,0.3,0.0,0.3377106745156076
5,3,full__8__catboost__global__1__0.3__0.3,full__8__catboost__global,full,8,catboost,global,1,0.3,0.3,0.3154277608567167
5,3,full__8__catboost__global__4__-0.3__-0.3,full__8__catboost__global,full,8,catboost,global,4,-0.3,-0.3,0.34980462674879076
5,3,full__8__catboost__global__4__-0.3__0.0,full__8__catboost__global,full,8,catboost,global,4,-0.3,0.0,0.33753423331288385
5,3,full__8__catboost__global__4__-0.3__0.3,full__8__catboost__global,full,8,catboost,global,4,-0.3,0.3,0.32417149227344266
5,3,full__8__catboost__global__4__0.0__-0.3,full__8__catboost__global,full,8,catboost,global,4,0.0,-0.3,0.3380265770955251
5,3,full__8__catboost__global__4__0.0__0.0,full__8__catboost__global,full,8,catboost,global,4,0.0,0.0,0.3288976356862213
5,3,full__8__catboost__global__4__0.0__0.3,full__8__catboost__global,full,8,catboost,global,4,0.0,0.3,0.3207950460195593
5,3,full__8__catboost__global__4__0.3__-0.3,full__8__catboost__global,full,8,catboost,global,4,0.3,-0.3,0.3431181066372522
5,3,full__8__catboost__global__4__0.3__0.0,full__8__catboost__global,full,8,catboost,global,4,0.3,0.0,0.33560215285624784
5,3,full__8__catboost__global__4__0.3__0.3,full__8__catboost__global,full,8,catboost,global,4,0.3,0.3,0.31420636865199186
5,3,full__8__catboost__participant__1__-0.3__-0.3,full__8__catboost__participant,full,8,catboost,participant,1,-0.3,-0.3,0.34101239460961125
5,3,full__8__catboost__participant__1__-0.3__0.0,full__8__catboost__participant,full,8,catboost,participant,1,-0.3,0.0,0.328328877373225
5,3,full__8__catboost__participant__1__-0.3__0.3,full__8__catboost__participant,full,8,catboost,participant,1,-0.3,0.3,0.3319464862781417
5,3,full__8__catboost__participant__1__0.0__-0.3,full__8__catboost__participant,full,8,catboost,participant,1,0.0,-0.3,0.3421164825654461
5,3,full__8__catboost__participant__1__0.0__0.0,full__8__catboost__participant,full,8,catboost,participant,1,0.0,0.0,0.32524087526736445
5,3,full__8__catboost__participant__1__0.0__0.3,full__8__catboost__participant,full,8,catboost,participant,1,0.0,0.3,0.323282240128673
5,3,full__8__catboost__participant__1__0.3__-0.3,full__8__catboost__participant,full,8,catboost,participant,1,0.3,-0.3,0.33305336439920435
5,3,full__8__catboost__participant__1__0.3__0.0,full__8__catboost__participant,full,8,catboost,participant,1,0.3,0.0,0.324959298983708
5,3,full__8__catboost__participant__1__0.3__0.3,full__8__catboost__participant,full,8,catboost,participant,1,0.3,0.3,0.3253711650783437
5,3,full__8__catboost__participant__4__-0.3__-0.3,full__8__catboost__participant,full,8,catboost,participant,4,-0.3,-0.3,0.347561732586639
5,3,full__8__catboost__participant__4__-0.3__0.0,full__8__catboost__participant,full,8,catboost,participant,4,-0.3,0.0,0.3270051314675665
5,3,full__8__catboost__participant__4__-0.3__0.3,full__8__catboost__participant,full,8,catboost,participant,4,-0.3,0.3,0.330629727507333
5,3,full__8__catboost__participant__4__0.0__-0.3,full__8__catboost__participant,full,8,catboost,participant,4,0.0,-0.3,0.3382584697739963
5,3,full__8__catboost__participant__4__0.0__0.0,full__8__catboost__participant,full,8,catboost,participant,4,0.0,0.0,0.32888784841011415
5,3,full__8__catboost__participant__4__0.0__0.3,full__8__catboost__participant,full,8,catboost,participant,4,0.0,0.3,0.3206267752358317
5,3,full__8__catboost__participant__4__0.3__-0.3,full__8__catboost__participant,full,8,catboost,participant,4,0.3,-0.3,0.334468264395545
5,3,full__8__catboost__participant__4__0.3__0.0,full__8__catboost__participant,full,8,catboost,participant,4,0.3,0.0,0.3193573930978688
5,3,full__8__catboost__participant__4__0.3__0.3,full__8__catboost__participant,full,8,catboost,participant,4,0.3,0.3,0.33134707007385655
