model_id,fold,variant,kind,component,dimensions_before,dimensions_after,explained_variance_ratio,cumulative_variance
fold1_pca_0.8,1,pca_0.8,pca,1,28,9,0.18987733533588896,0.18987733533588896
fold1_pca_0.8,1,pca_0.8,pca,2,28,9,0.1486290009225038,0.33850633625839277
fold1_pca_0.8,1,pca_0.8,pca,3,28,9,0.0956913511596433,0.4341976874180361
fold1_pca_0.8,1,pca_0.8,pca,4,28,9,0.08367292640240102,0.5178706138204371
fold1_pca_0.8,1,pca_0.8,pca,5,28,9,0.08110945654243772,0.5989800703628748
fold1_pca_0.8,1,pca_0.8,pca,6,28,9,0.0684780055103572,0.667458075873232
fold1_pca_0.8,1,pca_0.8,pca,7,28,9,0.05752492473306581,0.7249830006062978
fold1_pca_0.8,1,pca_0.8,pca,8,28,9,0.04008843121137398,0.7650714318176718
fold1_pca_0.8,1,pca_0.8,pca,9,28,9,0.03626285491966613,0.8013342867373379
fold1_pca_0.9,1,pca_0.9,pca,1,28,13,0.18987733533588896,0.18987733533588896
fold1_pca_0.9,1,pca_0.9,pca,2,28,13,0.1486290009225038,0.33850633625839277
fold1_pca_0.9,1,pca_0.9,pca,3,28,13,0.0956913511596433,0.4341976874180361
fold1_pca_0.9,1,pca_0.9,pca,4,28,13,0.08367292640240102,0.5178706138204371
fold1_pca_0.9,1,pca_0.9,pca,5,28,13,0.08110945654243772,0.5989800703628748
fold1_pca_0.9,1,pca_0.9,pca,6,28,13,0.0684780055103572,0.667458075873232
fold1_pca_0.9,1,pca_0.9,pca,7,28,13,0.05752492473306581,0.7249830006062978
fold1_pca_0.9,1,pca_0.9,pca,8,28,13,0.04008843121137398,0.7650714318176718
fold1_pca_0.9,1,pca_0.9,pca,9,28,13,0.03626285491966613,0.8013342867373379
fold1_pca_0.9,1,pca_0.9,pca,10,28,13,0.02840251204451981,0.8297367987818577
fold1_pca_0.9,1,pca_0.9,pca,11,28,13,0.025709295971748338,0.855446094753606
fold1_pca_0.9,1,pca_0.9,pca,12,28,13,0.02497746469440973,0.8804235594480158
fold1_pca_0.9,1,pca_0.9,pca,13,28,13,0.02289760249985502,0.9033211619478708
fold1_pca_0.95,1,pca_0.95,pca,1,28,16,0.18987733533588896,0.18987733533588896
fold1_pca_0.95,1,pca_0.95,pca,2,28,16,0.1486290009225038,0.33850633625839277
fold1_pca_0.95,1,pca_0.95,pca,3,28,16,0.0956913511596433,0.4341976874180361
fold1_pca_0.95,1,pca_0.95,pca,4,28,16,0.08367292640240102,0.5178706138204371
fold1_pca_0.95,1,pca_0.95,pca,5,28,16,0.08110945654243772,0.5989800703628748
fold1_pca_0.95,1,pca_0.95,pca,6,28,16,0.0684780055103572,0.667458075873232
fold1_pca_0.95,1,pca_0.95,pca,7,28,16,0.05752492473306581,0.7249830006062978
fold1_pca_0.95,1,pca_0.95,pca,8,28,16,0.04008843121137398,0.7650714318176718
fold1_pca_0.95,1,pca_0.95,pca,9,28,16,0.03626285491966613,0.8013342867373379
fold1_pca_0.95,1,pca_0.95,pca,10,28,16,0.02840251204451981,0.8297367987818577
fold1_pca_0.95,1,pca_0.95,pca,11,28,16,0.025709295971748338,0.855446094753606
fold1_pca_0.95,1,pca_0.95,pca,12,28,16,0.02497746469440973,0.8804235594480158
fold1_pca_0.95,1,pca_0.95,pca,13,28,16,0.02289760249985502,0.9033211619478708
fold1_pca_0.95,1,pca_0.95,pca,14,28,16,0.02160457517705948,0.9249257371249303
fold1_pca_0.95,1,pca_0.95,pca,15,28,16,0.01701169358252958,0.9419374307074599
fold1_pca_0.95,1,pca_0.95,pca,16,28,16,0.015576718001812248,0.9575141487092722
fold1_pca_full,1,pca_full,pca,1,28,28,0.18987733533588896,0.18987733533588896
fold1_pca_full,1,pca_full,pca,2,28,28,0.1486290009225038,0.33850633625839277
fold1_pca_full,1,pca_full,pca,3,28,28,0.0956913511596433,0.4341976874180361
fold1_pca_full,1,pca_full,pca,4,28,28,0.08367292640240102,0.5178706138204371
fold1_pca_full,1,pca_full,pca,5,28,28,0.08110945654243772,0.5989800703628748
fold1_pca_full,1,pca_full,pca,6,28,28,0.0684780055103572,0.667458075873232
fold1_pca_full,1,pca_full,pca,7,28,28,0.05752492473306581,0.7249830006062978
fold1_pca_full,1,pca_full,pca,8,28,28,0.04008843121137398,0.7650714318176718
fold1_pca_full,1,pca_full,pca,9,28,28,0.03626285491966613,0.8013342867373379
fold1_pca_full,1,pca_full,pca,10,28,28,0.02840251204451981,0.8297367987818577
fold1_pca_full,1,pca_full,pca,11,28,28,0.025709295971748338,0.855446094753606
fold1_pca_full,1,pca_full,pca,12,28,28,0.02497746469440973,0.8804235594480158
fold1_pca_full,1,pca_full,pca,13,28,28,0.02289760249985502,0.9033211619478708
fold1_pca_full,1,pca_full,pca,14,28,28,0.02160457517705948,0.9249257371249303
fold1_pca_full,1,pca_full,pca,15,28,28,0.01701169358252958,0.9419374307074599
fold1_pca_full,1,pca_full,pca,16,28,28,0.015576718001812248,0.9575141487092722
fold1_pca_full,1,pca_full,pca,17,28,28,0.011326875079326245,0.9688410237885985
fold1_pca_full,1,pca_full,pca,18,28,28,0.009663916843776158,0.9785049406323747
fold1_pca_full,1,pca_full,pca,19,28,28,0.006507968090186591,0.9850129087225613
fold1_pca_full,1,pca_full,pca,20,28,28,0.004324162525923741,0.989337071248485
fold1_pca_full,1,pca_full,pca,21,28,28,0.0036661110017189988,0.993003182250204
fold1_pca_full,1,pca_full,pca,22,28,28,0.003620992897328047,0.9966241751475321
fold1_pca_full,1,pca_full,pca,23,28,28,0.0017321987993191214,0.9983563739468512
fold1_pca_full,1,pca_full,pca,24,28,28,0.000997262000818938,0.9993536359476701
fold1_pca_full,1,pca_full,pca,25,28,28,0.00036811186867218156,0.9997217478163423
fold1_pca_full,1,pca_full,pca,26,28,28,0.000277677763417137,0.9999994255797594
fold1_pca_full,1,pca_full,pca,27,28,28,5.744202406519243e-07,1.0
fold1_pca_full,1,pca_full,pca,28,28,28,1.1210661753005718e-31,1.0
fold2_pca_0.8,2,pca_0.8,pca,1,324,27,0.13785868160166767,0.13785868160166767
fold2_pca_0.8,2,pca_0.8,pca,2,324,27,0.08911412574161258,0.22697280734328024
fold2_pca_0.8,2,pca_0.8,pca,3,324,27,0.07828043431595799,0.30525324165923823
fold2_pca_0.8,2,pca_0.8,pca,4,324,27,0.06425682235025965,0.3695100640094979
fold2_pca_0.8,2,pca_0.8,pca,5,324,27,0.044865205523185174,0.41437526953268305
fold2_pca_0.8,2,pca_0.8,pca,6,324,27,0.03677935415164075,0.4511546236843238
fold2_pca_0.8,2,pca_0.8,pca,7,324,27,0.03409759939351449,0.4852522230778383
fold2_pca_0.8,2,pca_0.8,pca,8,324,27,0.030955441876268273,0.5162076649541065
fold2_pca_0.8,2,pca_0.8,pca,9,324,27,0.027762172290053424,0.5439698372441599
fold2_pca_0.8,2,pca_0.8,pca,10,324,27,0.02722613035714076,0.5711959676013006
fold2_pca_0.8,2,pca_0.8,pca,11,324,27,0.02530442368005497,0.5965003912813556
fold2_pca_0.8,2,pca_0.8,pca,12,324,27,0.022214676762491063,0.6187150680438467
fold2_pca_0.8,2,pca_0.8,pca,13,324,27,0.019914692546442098,0.6386297605902888
fold2_pca_0.8,2,pca_0.8,pca,14,324,27,0.017492503282142857,0.6561222638724316
fold2_pca_0.8,2,pca_0.8,pca,15,324,27,0.01721265613500163,0.6733349200074332
fold2_pca_0.8,2,pca_0.8,pca,16,324,27,0.014600091555822469,0.6879350115632556
fold2_pca_0.8,2,pca_0.8,pca,17,324,27,0.014364748818842704,0.7022997603820984
fold2_pca_0.8,2,pca_0.8,pca,18,324,27,0.013968740528266,0.7162685009103644
fold2_pca_0.8,2,pca_0.8,pca,19,324,27,0.012457408111724865,0.7287259090220893
fold2_pca_0.8,2,pca_0.8,pca,20,324,27,0.011886430183563139,0.7406123392056525
fold2_pca_0.8,2,pca_0.8,pca,21,324,27,0.01116396135067947,0.7517763005563319
fold2_pca_0.8,2,pca_0.8,pca,22,324,27,0.010389538981922077,0.762165839538254
fold2_pca_0.8,2,pca_0.8,pca,23,324,27,0.010139013037371533,0.7723048525756255
fold2_pca_0.8,2,pca_0.8,pca,24,324,27,0.009830800039550601,0.7821356526151761
fold2_pca_0.8,2,pca_0.8,pca,25,324,27,0.009415440332015449,0.7915510929471916
fold2_pca_0.8,2,pca_0.8,pca,26,324,27,0.00833835049776214,0.7998894434449537
fold2_pca_0.8,2,pca_0.8,pca,27,324,27,0.007780454651727683,0.8076698980966814
fold2_pca_0.9,2,pca_0.9,pca,1,324,44,0.13785868160166767,0.13785868160166767
fold2_pca_0.9,2,pca_0.9,pca,2,324,44,0.08911412574161258,0.22697280734328024
fold2_pca_0.9,2,pca_0.9,pca,3,324,44,0.07828043431595799,0.30525324165923823
fold2_pca_0.9,2,pca_0.9,pca,4,324,44,0.06425682235025965,0.3695100640094979
fold2_pca_0.9,2,pca_0.9,pca,5,324,44,0.044865205523185174,0.41437526953268305
fold2_pca_0.9,2,pca_0.9,pca,6,324,44,0.03677935415164075,0.4511546236843238
fold2_pca_0.9,2,pca_0.9,pca,7,324,44,0.03409759939351449,0.4852522230778383
fold2_pca_0.9,2,pca_0.9,pca,8,324,44,0.030955441876268273,0.5162076649541065
fold2_pca_0.9,2,pca_0.9,pca,9,324,44,0.027762172290053424,0.5439698372441599
fold2_pca_0.9,2,pca_0.9,pca,10,324,44,0.02722613035714076,0.5711959676013006
fold2_pca_0.9,2,pca_0.9,pca,11,324,44,0.02530442368005497,0.5965003912813556
fold2_pca_0.9,2,pca_0.9,pca,12,324,44,0.022214676762491063,0.6187150680438467
fold2_pca_0.9,2,pca_0.9,pca,13,324,44,0.019914692546442098,0.6386297605902888
fold2_pca_0.9,2,pca_0.9,pca,14,324,44,0.017492503282142857,0.6561222638724316
fold2_pca_0.9,2,pca_0.9,pca,15,324,44,0.01721265613500163,0.6733349200074332
fold2_pca_0.9,2,pca_0.9,pca,16,324,44,0.014600091555822469,0.6879350115632556
fold2_pca_0.9,2,pca_0.9,pca,17,324,44,0.014364748818842704,0.7022997603820984
fold2_pca_0.9,2,pca_0.9,pca,18,324,44,0.013968740528266,0.7162685009103644
fold2_pca_0.9,2,pca_0.9,pca,19,324,44,0.012457408111724865,0.7287259090220893
fold2_pca_0.9,2,pca_0.9,pca,20,324,44,0.011886430183563139,0.7406123392056525
fold2_pca_0.9,2,pca_0.9,pca,21,324,44,0.01116396135067947,0.7517763005563319
fold2_pca_0.9,2,pca_0.9,pca,22,324,44,0.010389538981922077,0.762165839538254
fold2_pca_0.9,2,pca_0.9,pca,23,324,44,0.010139013037371533,0.7723048525756255
fold2_pca_0.9,2,pca_0.9,pca,24,324,44,0.009830800039550601,0.7821356526151761
fold2_pca_0.9,2,pca_0.9,pca,25,324,44,0.009415440332015449,0.7915510929471916
fold2_pca_0.9,2,pca_0.9,pca,26,324,44,0.00833835049776214,0.7998894434449537
fold2_pca_0.9,2,pca_0.9,pca,27,324,44,0.007780454651727683,0.8076698980966814
fold2_pca_0.9,2,pca_0.9,pca,28,324,44,0.007467556920510946,0.8151374550171924
fold2_pca_0.9,2,pca_0.9,pca,29,324,44,0.007184403435563675,0.8223218584527561
fold2_pca_0.9,2,pca_0.9,pca,30,324,44,0.006919312816769766,0.8292411712695258
fold2_pca_0.9,2,pca_0.9,pca,31,324,44,0.006597510437705169,0.835838681707231
fold2_pca_0.9,2,pca_0.9,pca,32,324,44,0.0063293320444457474,0.8421680137516767
fold2_pca_0.9,2,pca_0.9,pca,33,324,44,0.005768329764194645,0.8479363435158713
fold2_pca_0.9,2,pca_0.9,pca,34,324,44,0.005703477805876765,0.8536398213217481
fold2_pca_0.9,2,pca_0.9,pca,35,324,44,0.005488566802750432,0.8591283881244985
fold2_pca_0.9,2,pca_0.9,pca,36,324,44,0.005208620994837023,0.8643370091193355
fold2_pca_0.9,2,pca_0.9,pca,37,324,44,0.005147863208596445,0.8694848723279319
fold2_pca_0.9,2,pca_0.9,pca,38,324,44,0.005031838975979044,0.874516711303911
fold2_pca_0.9,2,pca_0.9,pca,39,324,44,0.004717042620943029,0.879233753924854
fold2_pca_0.9,2,pca_0.9,pca,40,324,44,0.004611894983288232,0.8838456489081422
fold2_pca_0.9,2,pca_0.9,pca,41,324,44,0.004490163535842265,0.8883358124439845
fold2_pca_0.9,2,pca_0.9,pca,42,324,44,0.004193823790450068,0.8925296362344346
fold2_pca_0.9,2,pca_0.9,pca,43,324,44,0.003941530022577696,0.8964711662570123
fold2_pca_0.9,2,pca_0.9,pca,44,324,44,0.0037438623391746182,0.9002150285961869
fold2_pca_0.95,2,pca_0.95,pca,1,324,63,0.13785868160166767,0.13785868160166767
fold2_pca_0.95,2,pca_0.95,pca,2,324,63,0.08911412574161258,0.22697280734328024
fold2_pca_0.95,2,pca_0.95,pca,3,324,63,0.07828043431595799,0.30525324165923823
fold2_pca_0.95,2,pca_0.95,pca,4,324,63,0.06425682235025965,0.3695100640094979
fold2_pca_0.95,2,pca_0.95,pca,5,324,63,0.044865205523185174,0.41437526953268305
fold2_pca_0.95,2,pca_0.95,pca,6,324,63,0.03677935415164075,0.4511546236843238
fold2_pca_0.95,2,pca_0.95,pca,7,324,63,0.03409759939351449,0.4852522230778383
fold2_pca_0.95,2,pca_0.95,pca,8,324,63,0.030955441876268273,0.5162076649541065
fold2_pca_0.95,2,pca_0.95,pca,9,324,63,0.027762172290053424,0.5439698372441599
fold2_pca_0.95,2,pca_0.95,pca,10,324,63,0.02722613035714076,0.5711959676013006
fold2_pca_0.95,2,pca_0.95,pca,11,324,63,0.02530442368005497,0.5965003912813556
fold2_pca_0.95,2,pca_0.95,pca,12,324,63,0.022214676762491063,0.6187150680438467
fold2_pca_0.95,2,pca_0.95,pca,13,324,63,0.019914692546442098,0.6386297605902888
fold2_pca_0.95,2,pca_0.95,pca,14,324,63,0.017492503282142857,0.6561222638724316
fold2_pca_0.95,2,pca_0.95,pca,15,324,63,0.01721265613500163,0.6733349200074332
fold2_pca_0.95,2,pca_0.95,pca,16,324,63,0.014600091555822469,0.6879350115632556
fold2_pca_0.95,2,pca_0.95,pca,17,324,63,0.014364748818842704,0.7022997603820984
fold2_pca_0.95,2,pca_0.95,pca,18,324,63,0.013968740528266,0.7162685009103644
fold2_pca_0.95,2,pca_0.95,pca,19,324,63,0.012457408111724865,0.7287259090220893
fold2_pca_0.95,2,pca_0.95,pca,20,324,63,0.011886430183563139,0.7406123392056525
fold2_pca_0.95,2,pca_0.95,pca,21,324,63,0.01116396135067947,0.7517763005563319
fold2_pca_0.95,2,pca_0.95,pca,22,324,63,0.010389538981922077,0.762165839538254
fold2_pca_0.95,2,pca_0.95,pca,23,324,63,0.010139013037371533,0.7723048525756255
fold2_pca_0.95,2,pca_0.95,pca,24,324,63,0.009830800039550601,0.7821356526151761
fold2_pca_0.95,2,pca_0.95,pca,25,324,63,0.009415440332015449,0.7915510929471916
fold2_pca_0.95,2,pca_0.95,pca,26,324,63,0.00833835049776214,0.7998894434449537
fold2_pca_0.95,2,pca_0.95,pca,27,324,63,0.007780454651727683,0.8076698980966814
fold2_pca_0.95,2,pca_0.95,pca,28,324,63,0.007467556920510946,0.8151374550171924
fold2_pca_0.95,2,pca_0.95,pca,29,324,63,0.007184403435563675,0.8223218584527561
fold2_pca_0.95,2,pca_0.95,pca,30,324,63,0.006919312816769766,0.8292411712695258
fold2_pca_0.95,2,pca_0.95,pca,31,324,63,0.006597510437705169,0.835838681707231
fold2_pca_0.95,2,pca_0.95,pca,32,324,63,0.0063293320444457474,0.8421680137516767
fold2_pca_0.95,2,pca_0.95,pca,33,324,63,0.005768329764194645,0.8479363435158713
fold2_pca_0.95,2,pca_0.95,pca,34,324,63,0.005703477805876765,0.8536398213217481
fold2_pca_0.95,2,pca_0.95,pca,35,324,63,0.005488566802750432,0.8591283881244985
fold2_pca_0.95,2,pca_0.95,pca,36,324,63,0.005208620994837023,0.8643370091193355
fold2_pca_0.95,2,pca_0.95,pca,37,324,63,0.005147863208596445,0.8694848723279319
fold2_pca_0.95,2,pca_0.95,pca,38,324,63,0.005031838975979044,0.874516711303911
fold2_pca_0.95,2,pca_0.95,pca,39,324,63,0.004717042620943029,0.879233753924854
fold2_pca_0.95,2,pca_0.95,pca,40,324,63,0.004611894983288232,0.8838456489081422
fold2_pca_0.95,2,pca_0.95,pca,41,324,63,0.004490163535842265,0.8883358124439845
fold2_pca_0.95,2,pca_0.95,pca,42,324,63,0.004193823790450068,0.8925296362344346
fold2_pca_0.95,2,pca_0.95,pca,43,324,63,0.003941530022577696,0.8964711662570123
fold2_pca_0.95,2,pca_0.95,pca,44,324,63,0.0037438623391746182,0.9002150285961869
fold2_pca_0.95,2,pca_0.95,pca,45,324,63,0.0037100767748717766,0.9039251053710586
fold2_pca_0.95,2,pca_0.95,pca,46,324,63,0.0034266672980453232,0.9073517726691039
fold2_pca_0.95,2,pca_0.95,pca,47,324,63,0.0033236991326855113,0.9106754718017894
fold2_pca_0.95,2,pca_0.95,pca,48,324,63,0.0032406685687003823,0.9139161403704898
fold2_pca_0.95,2,pca_0.95,pca,49,324,63,0.0031516468439002757,0.9170677872143901
fold2_pca_0.95,2,pca_0.95,pca,50,324,63,0.0030819663674196566,0.9201497535818097
fold2_pca_0.95,2,pca_0.95,pca,51,324,63,0.0030158522007422204,0.9231656057825519
fold2_pca_0.95,2,pca_0.95,pca,52,324,63,0.0028597852019483934,0.9260253909845003
fold2_pca_0.95,2,pca_0.95,pca,53,324,63,0.0027540439521024857,0.9287794349366028
fold2_pca_0.95,2,pca_0.95,pca,54,324,63,0.002701441086901688,0.9314808760235045
fold2_pca_0.95,2,pca_0.95,pca,55,324,63,0.0026962743720670367,0.9341771503955715
fold2_pca_0.95,2,pca_0.95,pca,56,324,63,0.0024872279147559132,0.9366643783103273
fold2_pca_0.95,2,pca_0.95,pca,57,324,63,0.0023896996402759116,0.9390540779506032
fold2_pca_0.95,2,pca_0.95,pca,58,324,63,0.0021474352416035866,0.9412015131922068
fold2_pca_0.95,2,pca_0.95,pca,59,324,63,0.0020437738907540925,0.9432452870829608
fold2_pca_0.95,2,pca_0.95,pca,60,324,63,0.0019764665170767465,0.9452217536000376
fold2_pca_0.95,2,pca_0.95,pca,61,324,63,0.0018881869392955073,0.9471099405393331
fold2_pca_0.95,2,pca_0.95,pca,62,324,63,0.0017980851093772246,0.9489080256487102
fold2_pca_0.95,2,pca_0.95,pca,63,324,63,0.0017433948674227893,0.950651420516133
fold2_pca_full,2,pca_full,pca,1,324,324,0.13785868160166767,0.13785868160166767
fold2_pca_full,2,pca_full,pca,2,324,324,0.08911412574161258,0.22697280734328024
fold2_pca_full,2,pca_full,pca,3,324,324,0.07828043431595799,0.30525324165923823
fold2_pca_full,2,pca_full,pca,4,324,324,0.06425682235025965,0.3695100640094979
fold2_pca_full,2,pca_full,pca,5,324,324,0.044865205523185174,0.41437526953268305
fold2_pca_full,2,pca_full,pca,6,324,324,0.03677935415164075,0.4511546236843238
fold2_pca_full,2,pca_full,pca,7,324,324,0.03409759939351449,0.4852522230778383
fold2_pca_full,2,pca_full,pca,8,324,324,0.030955441876268273,0.5162076649541065
fold2_pca_full,2,pca_full,pca,9,324,324,0.027762172290053424,0.5439698372441599
fold2_pca_full,2,pca_full,pca,10,324,324,0.02722613035714076,0.5711959676013006
fold2_pca_full,2,pca_full,pca,11,324,324,0.02530442368005497,0.5965003912813556
fold2_pca_full,2,pca_full,pca,12,324,324,0.022214676762491063,0.6187150680438467
fold2_pca_full,2,pca_full,pca,13,324,324,0.019914692546442098,0.6386297605902888
fold2_pca_full,2,pca_full,pca,14,324,324,0.017492503282142857,0.6561222638724316
fold2_pca_full,2,pca_full,pca,15,324,324,0.01721265613500163,0.6733349200074332
fold2_pca_full,2,pca_full,pca,16,324,324,0.014600091555822469,0.6879350115632556
fold2_pca_full,2,pca_full,pca,17,324,324,0.014364748818842704,0.7022997603820984
fold2_pca_full,2,pca_full,pca,18,324,324,0.013968740528266,0.7162685009103644
fold2_pca_full,2,pca_full,pca,19,324,324,0.012457408111724865,0.7287259090220893
fold2_pca_full,2,pca_full,pca,20,324,324,0.011886430183563139,0.7406123392056525
fold2_pca_full,2,pca_full,pca,21,324,324,0.01116396135067947,0.7517763005563319
fold2_pca_full,2,pca_full,pca,22,324,324,0.010389538981922077,0.762165839538254
fold2_pca_full,2,pca_full,pca,23,324,324,0.010139013037371533,0.7723048525756255
fold2_pca_full,2,pca_full,pca,24,324,324,0.009830800039550601,0.7821356526151761
fold2_pca_full,2,pca_full,pca,25,324,324,0.009415440332015449,0.7915510929471916
fold2_pca_full,2,pca_full,pca,26,324,324,0.00833835049776214,0.7998894434449537
fold2_pca_full,2,pca_full,pca,27,324,324,0.007780454651727683,0.8076698980966814
fold2_pca_full,2,pca_full,pca,28,324,324,0.007467556920510946,0.8151374550171924
fold2_pca_full,2,pca_full,pca,29,324,324,0.007184403435563675,0.8223218584527561
fold2_pca_full,2,pca_full,pca,30,324,324,0.006919312816769766,0.8292411712695258
fold2_pca_full,2,pca_full,pca,31,324,324,0.006597510437705169,0.835838681707231
fold2_pca_full,2,pca_full,pca,32,324,324,0.0063293320444457474,0.8421680137516767
fold2_pca_full,2,pca_full,pca,33,324,324,0.005768329764194645,0.8479363435158713
fold2_pca_full,2,pca_full,pca,34,324,324,0.005703477805876765,0.8536398213217481
fold2_pca_full,2,pca_full,pca,35,324,324,0.005488566802750432,0.8591283881244985
fold2_pca_full,2,pca_full,pca,36,324,324,0.005208620994837023,0.8643370091193355
fold2_pca_full,2,pca_full,pca,37,324,324,0.005147863208596445,0.8694848723279319
fold2_pca_full,2,pca_full,pca,38,324,324,0.005031838975979044,0.874516711303911
fold2_pca_full,2,pca_full,pca,39,324,324,0.004717042620943029,0.879233753924854
fold2_pca_full,2,pca_full,pca,40,324,324,0.004611894983288232,0.8838456489081422
fold2_pca_full,2,pca_full,pca,41,324,324,0.004490163535842265,0.8883358124439845
fold2_pca_full,2,pca_full,pca,42,324,324,0.004193823790450068,0.8925296362344346
fold2_pca_full,2,pca_full,pca,43,324,324,0.003941530022577696,0.8964711662570123
fold2_pca_full,2,pca_full,pca,44,324,324,0.0037438623391746182,0.9002150285961869
fold2_pca_full,2,pca_full,pca,45,324,324,0.0037100767748717766,0.9039251053710586
fold2_pca_full,2,pca_full,pca,46,324,324,0.0034266672980453232,0.9073517726691039
fold2_pca_full,2,pca_full,pca,47,324,324,0.0033236991326855113,0.9106754718017894
fold2_pca_full,2,pca_full,pca,48,324,324,0.0032406685687003823,0.9139161403704898
fold2_pca_full,2,pca_full,pca,49,324,324,0.0031516468439002757,0.9170677872143901
fold2_pca_full,2,pca_full,pca,50,324,324,0.0030819663674196566,0.9201497535818097
fold2_pca_full,2,pca_full,pca,51,324,324,0.0030158522007422204,0.9231656057825519
fold2_pca_full,2,pca_full,pca,52,324,324,0.0028597852019483934,0.9260253909845003
fold2_pca_full,2,pca_full,pca,53,324,324,0.0027540439521024857,0.9287794349366028
fold2_pca_full,2,pca_full,pca,54,324,324,0.002701441086901688,0.9314808760235045
fold2_pca_full,2,pca_full,pca,55,324,324,0.0026962743720670367,0.9341771503955715
fold2_pca_full,2,pca_full,pca,56,324,324,0.0024872279147559132,0.9366643783103273
fold2_pca_full,2,pca_full,pca,57,324,324,0.0023896996402759116,0.9390540779506032
fold2_pca_full,2,pca_full,pca,58,324,324,0.0021474352416035866,0.9412015131922068
fold2_pca_full,2,pca_full,pca,59,324,324,0.0020437738907540925,0.9432452870829608
fold2_pca_full,2,pca_full,pca,60,324,324,0.0019764665170767465,0.9452217536000376
fold2_pca_full,2,pca_full,pca,61,324,324,0.0018881869392955073,0.9471099405393331
fold2_pca_full,2,pca_full,pca,62,324,324,0.0017980851093772246,0.9489080256487102
fold2_pca_full,2,pca_full,pca,63,324,324,0.0017433948674227893,0.950651420516133
fold2_pca_full,2,pca_full,pca,64,324,324,0.0016805393359705177,0.9523319598521036
fold2_pca_full,2,pca_full,pca,65,324,324,0.0016367884377285727,0.9539687482898321
fold2_pca_full,2,pca_full,pca,66,324,324,0.0015754259144531095,0.9555441742042853
fold2_pca_full,2,pca_full,pca,67,324,324,0.0015447368045335135,0.9570889110088188
fold2_pca_full,2,pca_full,pca,68,324,324,0.0014070618187295972,0.9584959728275484
fold2_pca_full,2,pca_full,pca,69,324,324,0.0013447010493131178,0.9598406738768616
fold2_pca_full,2,pca_full,pca,70,324,324,0.0012911825707945445,0.9611318564476561
fold2_pca_full,2,pca_full,pca,71,324,324,0.001253960036145327,0.9623858164838014
fold2_pca_full,2,pca_full,pca,72,324,324,0.0012232845681330214,0.9636091010519344
fold2_pca_full,2,pca_full,pca,73,324,324,0.001204520098654508,0.9648136211505889
fold2_pca_full,2,pca_full,pca,74,324,324,0.0011826826944975625,0.9659963038450865
fold2_pca_full,2,pca_full,pca,75,324,324,0.0011782614289919378,0.9671745652740784
fold2_pca_full,2,pca_full,pca,76,324,324,0.0011378618136369644,0.9683124270877154
fold2_pca_full,2,pca_full,pca,77,324,324,0.0010608008931077097,0.969373227980823
fold2_pca_full,2,pca_full,pca,78,324,324,0.0010532543083684775,0.9704264822891915
fold2_pca_full,2,pca_full,pca,79,324,324,0.001037521179829155,0.9714640034690206
fold2_pca_full,2,pca_full,pca,80,324,324,0.0009508103175309442,0.9724148137865516
fold2_pca_full,2,pca_full,pca,81,324,324,0.0009274358915189565,0.9733422496780706
fold2_pca_full,2,pca_full,pca,82,324,324,0.0009102483556383954,0.974252498033709
fold2_pca_full,2,pca_full,pca,83,324,324,0.0008531514432645456,0.9751056494769735
fold2_pca_full,2,pca_full,pca,84,324,324,0.0008275371199115734,0.9759331865968851
fold2_pca_full,2,pca_full,pca,85,324,324,0.0007908442690181844,0.9767240308659033
fold2_pca_full,2,pca_full,pca,86,324,324,0.0007330490043245729,0.9774570798702279
fold2_pca_full,2,pca_full,pca,87,324,324,0.000720798323634868,0.9781778781938628
fold2_pca_full,2,pca_full,pca,88,324,324,0.0006883177469476122,0.9788661959408105
fold2_pca_full,2,pca_full,pca,89,324,324,0.0006670167404437412,0.9795332126812543
fold2_pca_full,2,pca_full,pca,90,324,324,0.0006522437074676299,0.9801854563887219
fold2_pca_full,2,pca_full,pca,91,324,324,0.0006219299111930549,0.9808073862999149
fold2_pca_full,2,pca_full,pca,92,324,324,0.0006002116606932256,0.9814075979606082
fold2_pca_full,2,pca_full,pca,93,324,324,0.0005879822041599956,0.9819955801647682
fold2_pca_full,2,pca_full,pca,94,324,324,0.0005692371404767322,0.9825648173052449
fold2_pca_full,2,pca_full,pca,95,324,324,0.0005349862797055823,0.9830998035849505
fold2_pca_full,2,pca_full,pca,96,324,324,0.0005234952568794773,0.98362329884183
fold2_pca_full,2,pca_full,pca,97,324,324,0.0005020145115656318,0.9841253133533956
fold2_pca_full,2,pca_full,pca,98,324,324,0.0004999335530597652,0.9846252469064554
fold2_pca_full,2,pca_full,pca,99,324,324,0.0004896569097549812,0.9851149038162104
fold2_pca_full,2,pca_full,pca,100,324,324,0.00047949508623259813,0.9855943989024429
fold2_pca_full,2,pca_full,pca,101,324,324,0.0004610084405618686,0.9860554073430048
fold2_pca_full,2,pca_full,pca,102,324,324,0.00043228960880414987,0.9864876969518089
fold2_pca_full,2,pca_full,pca,103,324,324,0.0004242890211926453,0.9869119859730016
fold2_pca_full,2,pca_full,pca,104,324,324,0.0004157939744345011,0.987327779947436
fold2_pca_full,2,pca_full,pca,105,324,324,0.0004082430001465433,0.9877360229475826
fold2_pca_full,2,pca_full,pca,106,324,324,0.0003938360710406261,0.9881298590186232
fold2_pca_full,2,pca_full,pca,107,324,324,0.0003894065261648047,0.988519265544788
fold2_pca_full,2,pca_full,pca,108,324,324,0.00036103125775095246,0.988880296802539
fold2_pca_full,2,pca_full,pca,109,324,324,0.00035834603890873615,0.9892386428414477
fold2_pca_full,2,pca_full,pca,110,324,324,0.000338065351214515,0.9895767081926622
fold2_pca_full,2,pca_full,pca,111,324,324,0.00033229720682682016,0.989909005399489
fold2_pca_full,2,pca_full,pca,112,324,324,0.00031836394711902817,0.990227369346608
fold2_pca_full,2,pca_full,pca,113,324,324,0.00031411145265908253,0.9905414807992671
fold2_pca_full,2,pca_full,pca,114,324,324,0.00029914029492144294,0.9908406210941885
fold2_pca_full,2,pca_full,pca,115,324,324,0.0002853139493239496,0.9911259350435124
fold2_pca_full,2,pca_full,pca,116,324,324,0.0002794470201567141,0.9914053820636691
fold2_pca_full,2,pca_full,pca,117,324,324,0.00027368857485342323,0.9916790706385226
fold2_pca_full,2,pca_full,pca,118,324,324,0.0002721109335200048,0.9919511815720425
fold2_pca_full,2,pca_full,pca,119,324,324,0.0002688886007779745,0.9922200701728205
fold2_pca_full,2,pca_full,pca,120,324,324,0.0002463640489205059,0.9924664342217411
fold2_pca_full,2,pca_full,pca,121,324,324,0.00024403039332882319,0.99271046461507
fold2_pca_full,2,pca_full,pca,122,324,324,0.00023969975167314857,0.9929501643667431
fold2_pca_full,2,pca_full,pca,123,324,324,0.0002270207543455868,0.9931771851210887
fold2_pca_full,2,pca_full,pca,124,324,324,0.00022426095473177782,0.9934014460758205
fold2_pca_full,2,pca_full,pca,125,324,324,0.00021487398836043785,0.9936163200641809
fold2_pca_full,2,pca_full,pca,126,324,324,0.0002125530936555175,0.9938288731578364
fold2_pca_full,2,pca_full,pca,127,324,324,0.00020901967655514005,0.9940378928343916
fold2_pca_full,2,pca_full,pca,128,324,324,0.0002052379851267401,0.9942431308195183
fold2_pca_full,2,pca_full,pca,129,324,324,0.00020213931203873445,0.994445270131557
fold2_pca_full,2,pca_full,pca,130,324,324,0.00020088998963782955,0.9946461601211949
fold2_pca_full,2,pca_full,pca,131,324,324,0.000193277932720315,0.9948394380539152
fold2_pca_full,2,pca_full,pca,132,324,324,0.0001845744333330944,0.9950240124872483
fold2_pca_full,2,pca_full,pca,133,324,324,0.00017039272101295104,0.9951944052082612
fold2_pca_full,2,pca_full,pca,134,324,324,0.00016791839394477497,0.995362323602206
fold2_pca_full,2,pca_full,pca,135,324,324,0.00016452598345300247,0.995526849585659
fold2_pca_full,2,pca_full,pca,136,324,324,0.00015525965998403822,0.995682109245643
fold2_pca_full,2,pca_full,pca,137,324,324,0.0001535406784290707,0.9958356499240721
fold2_pca_full,2,pca_full,pca,138,324,324,0.00014620355334944314,0.9959818534774216
fold2_pca_full,2,pca_full,pca,139,324,324,0.00014155627928259739,0.9961234097567042
fold2_pca_full,2,pca_full,pca,140,324,324,0.0001399612924671782,0.9962633710491714
fold2_pca_full,2,pca_full,pca,141,324,324,0.00013800555445665785,0.996401376603628
fold2_pca_full,2,pca_full,pca,142,324,324,0.0001336189359028803,0.996534995539531
fold2_pca_full,2,pca_full,pca,143,324,324,0.00012862269860717198,0.9966636182381381
fold2_pca_full,2,pca_full,pca,144,324,324,0.00012640410344236854,0.9967900223415804
fold2_pca_full,2,pca_full,pca,145,324,324,0.00012009610195519328,0.9969101184435356
fold2_pca_full,2,pca_full,pca,146,324,324,0.00011313431595765665,0.9970232527594932
fold2_pca_full,2,pca_full,pca,147,324,324,0.00011172817846631197,0.9971349809379595
fold2_pca_full,2,pca_full,pca,148,324,324,0.00011091901736636041,0.9972458999553259
fold2_pca_full,2,pca_full,pca,149,324,324,0.00010707950185110846,0.9973529794571769
fold2_pca_full,2,pca_full,pca,150,324,324,0.00010169196054440421,0.9974546714177214
fold2_pca_full,2,pca_full,pca,151,324,324,9.602552536281972e-05,0.9975506969430842
fold2_pca_full,2,pca_full,pca,152,324,324,9.568370235428588e-05,0.9976463806454384
fold2_pca_full,2,pca_full,pca,153,324,324,9.248640943931101e-05,0.9977388670548777
fold2_pca_full,2,pca_full,pca,154,324,324,8.99362992987052e-05,0.9978288033541763
fold2_pca_full,2,pca_full,pca,155,324,324,8.531831458859356e-05,0.9979141216687649
fold2_pca_full,2,pca_full,pca,156,324,324,8.317907065263928e-05,0.9979973007394176
fold2_pca_full,2,pca_full,pca,157,324,324,7.705110424783394e-05,0.9980743518436654
fold2_pca_full,2,pca_full,pca,158,324,324,7.555417440080637e-05,0.9981499060180663
fold2_pca_full,2,pca_full,pca,159,324,324,7.371921626344948e-05,0.9982236252343297
fold2_pca_full,2,pca_full,pca,160,324,324,6.963567904045599e-05,0.9982932609133702
fold2_pca_full,2,pca_full,pca,161,324,324,6.698731069454713e-05,0.9983602482240648
fold2_pca_full,2,pca_full,pca,162,324,324,6.501909307920085e-05,0.998425267317144
fold2_pca_full,2,pca_full,pca,163,324,324,6.393709900446913e-05,0.9984892044161484
fold2_pca_full,2,pca_full,pca,164,324,324,6.259350469492973e-05,0.9985517979208434
fold2_pca_full,2,pca_full,pca,165,324,324,5.950743277455192e-05,0.9986113053536179
fold2_pca_full,2,pca_full,pca,166,324,324,5.6689453430088824e-05,0.9986679948070479
fold2_pca_full,2,pca_full,pca,167,324,324,5.592119018412336e-05,0.9987239159972321
fold2_pca_full,2,pca_full,pca,168,324,324,5.406383809030888e-05,0.9987779798353223
fold2_pca_full,2,pca_full,pca,169,324,324,5.253061045055254e-05,0.9988305104457729
fold2_pca_full,2,pca_full,pca,170,324,324,5.197620501306413e-05,0.9988824866507859
fold2_pca_full,2,pca_full,pca,171,324,324,5.064536249968632e-05,0.9989331320132856
fold2_pca_full,2,pca_full,pca,172,324,324,4.912939817890752e-05,0.9989822614114645
fold2_pca_full,2,pca_full,pca,173,324,324,4.691392607370906e-05,0.9990291753375382
fold2_pca_full,2,pca_full,pca,174,324,324,4.551451161769372e-05,0.9990746898491559
fold2_pca_full,2,pca_full,pca,175,324,324,4.333265492497061e-05,0.9991180225040809
fold2_pca_full,2,pca_full,pca,176,324,324,4.1405413208156616e-05,0.9991594279172891
fold2_pca_full,2,pca_full,pca,177,324,324,3.8433116084360856e-05,0.9991978610333734
fold2_pca_full,2,pca_full,pca,178,324,324,3.6887873911571805e-05,0.9992347489072849
fold2_pca_full,2,pca_full,pca,179,324,324,3.588363253261036e-05,0.9992706325398175
fold2_pca_full,2,pca_full,pca,180,324,324,3.471261988415825e-05,0.9993053451597017
fold2_pca_full,2,pca_full,pca,181,324,324,3.30742913652701e-05,0.9993384194510669
fold2_pca_full,2,pca_full,pca,182,324,324,3.177736508861004e-05,0.9993701968161556
fold2_pca_full,2,pca_full,pca,183,324,324,3.0470688628764398e-05,0.9994006675047843
fold2_pca_full,2,pca_full,pca,184,324,324,2.861895040235768e-05,0.9994292864551867
fold2_pca_full,2,pca_full,pca,185,324,324,2.7167608198327322e-05,0.999456454063385
fold2_pca_full,2,pca_full,pca,186,324,324,2.6563332981731763e-05,0.9994830173963667
fold2_pca_full,2,pca_full,pca,187,324,324,2.589820300573778e-05,0.9995089155993724
fold2_pca_full,2,pca_full,pca,188,324,324,2.529261957856615e-05,0.999534208218951
fold2_pca_full,2,pca_full,pca,189,324,324,2.3339970954930028e-05,0.9995575481899059
fold2_pca_full,2,pca_full,pca,190,324,324,2.3047647311296336e-05,0.9995805958372173
fold2_pca_full,2,pca_full,pca,191,324,324,2.246324686610522e-05,0.9996030590840833
fold2_pca_full,2,pca_full,pca,192,324,324,2.1764322377666954e-05,0.999624823406461
fold2_pca_full,2,pca_full,pca,193,324,324,2.1150960656384213e-05,0.9996459743671173
fold2_pca_full,2,pca_full,pca,194,324,324,2.0509386999188273e-05,0.9996664837541165
fold2_pca_full,2,pca_full,pca,195,324,324,1.9848797988738284e-05,0.9996863325521053
fold2_pca_full,2,pca_full,pca,196,324,324,1.9308073515326353e-05,0.9997056406256206
fold2_pca_full,2,pca_full,pca,197,324,324,1.815065871191129e-05,0.9997237912843325
fold2_pca_full,2,pca_full,pca,198,324,324,1.739358927800227e-05,0.9997411848736105
fold2_pca_full,2,pca_full,pca,199,324,324,1.7052389984349395e-05,0.9997582372635949
fold2_pca_full,2,pca_full,pca,200,324,324,1.532496584739649e-05,0.9997735622294424
fold2_pca_full,2,pca_full,pca,201,324,324,1.46190362471121e-05,0.9997881812656895
fold2_pca_full,2,pca_full,pca,202,324,324,1.2653956647056616e-05,0.9998008352223365
fold2_pca_full,2,pca_full,pca,203,324,324,1.2091630666693727e-05,0.9998129268530033
fold2_pca_full,2,pca_full,pca,204,324,324,1.1608507182029176e-05,0.9998245353601853
fold2_pca_full,2,pca_full,pca,205,324,324,1.0842412428123407e-05,0.9998353777726134
fold2_pca_full,2,pca_full,pca,206,324,324,1.0533631539812092e-05,0.9998459114041532
fold2_pca_full,2,pca_full,pca,207,324,324,1.0172640530266544e-05,0.9998560840446835
fold2_pca_full,2,pca_full,pca,208,324,324,1.002239628909855e-05,0.9998661064409726
fold2_pca_full,2,pca_full,pca,209,324,324,9.792053935389816e-06,0.999875898494908
fold2_pca_full,2,pca_full,pca,210,324,324,9.489017983812929e-06,0.9998853875128918
fold2_pca_full,2,pca_full,pca,211,324,324,8.94107575298274e-06,0.9998943285886448
fold2_pca_full,2,pca_full,pca,212,324,324,7.803052649698233e-06,0.9999021316412945
fold2_pca_full,2,pca_full,pca,213,324,324,7.1765146044872e-06,0.999909308155899
fold2_pca_full,2,pca_full,pca,214,324,324,6.947467695690104e-06,0.9999162556235947
fold2_pca_full,2,pca_full,pca,215,324,324,6.4315393989719866e-06,0.9999226871629936
fold2_pca_full,2,pca_full,pca,216,324,324,6.307712931848313e-06,0.9999289948759255
fold2_pca_full,2,pca_full,pca,217,324,324,5.84341914031971e-06,0.9999348382950658
fold2_pca_full,2,pca_full,pca,218,324,324,5.1262639538318435e-06,0.9999399645590197
fold2_pca_full,2,pca_full,pca,219,324,324,4.794403031709946e-06,0.9999447589620514
fold2_pca_full,2,pca_full,pca,220,324,324,4.469403705691713e-06,0.9999492283657571
fold2_pca_full,2,pca_full,pca,221,324,324,4.16706899358126e-06,0.9999533954347506
fold2_pca_full,2,pca_full,pca,222,324,324,3.978030305890075e-06,0.9999573734650565
fold2_pca_full,2,pca_full,pca,223,324,324,3.903869657460202e-06,0.999961277334714
fold2_pca_full,2,pca_full,pca,224,324,324,3.6272418978318245e-06,0.9999649045766118
fold2_pca_full,2,pca_full,pca,225,324,324,3.4024627187406944e-06,0.9999683070393306
fold2_pca_full,2,pca_full,pca,226,324,324,3.0128020137731685e-06,0.9999713198413444
fold2_pca_full,2,pca_full,pca,227,324,324,2.855055213387401e-06,0.9999741748965577
fold2_pca_full,2,pca_full,pca,228,324,324,2.6382291118442045e-06,0.9999768131256696
fold2_pca_full,2,pca_full,pca,229,324,324,2.285788056926032e-06,0.9999790989137265
fold2_pca_full,2,pca_full,pca,230,324,324,2.1454855970536864e-06,0.9999812443993236
fold2_pca_full,2,pca_full,pca,231,324,324,2.0486308817700917e-06,0.9999832930302054
fold2_pca_full,2,pca_full,pca,232,324,324,1.8559983086418914e-06,0.999985149028514
fold2_pca_full,2,pca_full,pca,233,324,324,1.642386589523188e-06,0.9999867914151035
fold2_pca_full,2,pca_full,pca,234,324,324,1.4976064841950963e-06,0.9999882890215877
fold2_pca_full,2,pca_full,pca,235,324,324,1.224916581822407e-06,0.9999895139381695
fold2_pca_full,2,pca_full,pca,236,324,324,1.072471819059601e-06,0.9999905864099885
fold2_pca_full,2,pca_full,pca,237,324,324,1.0307297943177701e-06,0.9999916171397828
fold2_pca_full,2,pca_full,pca,238,324,324,1.006237264408008e-06,0.9999926233770472
fold2_pca_full,2,pca_full,pca,239,324,324,9.154857319294026e-07,0.9999935388627791
fold2_pca_full,2,pca_full,pca,240,324,324,8.248801072663318e-07,0.9999943637428863
fold2_pca_full,2,pca_full,pca,241,324,324,7.609314923081771e-07,0.9999951246743786
fold2_pca_full,2,pca_full,pca,242,324,324,6.777597856945883e-07,0.9999958024341643
fold2_pca_full,2,pca_full,pca,243,324,324,6.62227118511035e-07,0.9999964646612828
fold2_pca_full,2,pca_full,pca,244,324,324,5.911372482187905e-07,0.999997055798531
fold2_pca_full,2,pca_full,pca,245,324,324,5.656403054375407e-07,0.9999976214388365
fold2_pca_full,2,pca_full,pca,246,324,324,4.910038073850627e-07,0.9999981124426439
fold2_pca_full,2,pca_full,pca,247,324,324,4.1830849806841035e-07,0.999998530751142
fold2_pca_full,2,pca_full,pca,248,324,324,3.885830071377479e-07,0.9999989193341491
fold2_pca_full,2,pca_full,pca,249,324,324,2.7700223803196017e-07,0.9999991963363871
fold2_pca_full,2,pca_full,pca,250,324,324,2.7360370696283083e-07,0.999999469940094
fold2_pca_full,2,pca_full,pca,251,324,324,1.5433937576378925e-07,0.9999996242794698
fold2_pca_full,2,pca_full,pca,252,324,324,1.2848670803803787e-07,0.9999997527661778
fold2_pca_full,2,pca_full,pca,253,324,324,7.236169401918608e-08,0.9999998251278718
fold2_pca_full,2,pca_full,pca,254,324,324,5.0132311556042526e-08,0.9999998752601833
fold2_pca_full,2,pca_full,pca,255,324,324,4.152074133772741e-08,0.9999999167809246
fold2_pca_full,2,pca_full,pca,256,324,324,3.458451825286701e-08,0.9999999513654428
fold2_pca_full,2,pca_full,pca,257,324,324,3.2415275224561856e-08,0.9999999837807181
fold2_pca_full,2,pca_full,pca,258,324,324,6.24027319056525e-09,0.9999999900209913
fold2_pca_full,2,pca_full,pca,259,324,324,4.514713667357945e-09,0.999999994535705
fold2_pca_full,2,pca_full,pca,260,324,324,2.8163518586035803e-09,0.9999999973520568
fold2_pca_full,2,pca_full,pca,261,324,324,2.5768883838664874e-09,0.9999999999289452
fold2_pca_full,2,pca_full,pca,262,324,324,7.105380366718666e-11,0.999999999999999
fold2_pca_full,2,pca_full,pca,263,324,324,2.71878310902167e-32,0.999999999999999
fold2_pca_full,2,pca_full,pca,264,324,324,1.2619423978927465e-33,0.999999999999999
fold2_pca_full,2,pca_full,pca,265,324,324,6.327327366913335e-34,0.999999999999999
fold2_pca_full,2,pca_full,pca,266,324,324,6.327327366913335e-34,0.999999999999999
fold2_pca_full,2,pca_full,pca,267,324,324,6.327327366913335e-34,0.999999999999999
fold2_pca_full,2,pca_full,pca,268,324,324,6.327327366913335e-34,0.999999999999999
fold2_pca_full,2,pca_full,pca,269,324,324,6.327327366913335e-34,0.999999999999999
fold2_pca_full,2,pca_full,pca,270,324,324,6.327327366913335e-34,0.999999999999999
fold2_pca_full,2,pca_full,pca,271,324,324,6.327327366913335e-34,0.999999999999999
fold2_pca_full,2,pca_full,pca,272,324,324,6.327327366913335e-34,0.999999999999999
fold2_pca_full,2,pca_full,pca,273,324,324,6.327327366913335e-34,0.999999999999999
fold2_pca_full,2,pca_full,pca,274,324,324,6.327327366913335e-34,0.999999999999999
fold2_pca_full,2,pca_full,pca,275,324,324,6.327327366913335e-34,0.999999999999999
fold2_pca_full,2,pca_full,pca,276,324,324,6.327327366913335e-34,0.999999999999999
fold2_pca_full,2,pca_full,pca,277,324,324,6.327327366913335e-34,0.999999999999999
fold2_pca_full,2,pca_full,pca,278,324,324,6.327327366913335e-34,0.999999999999999
fold2_pca_full,2,pca_full,pca,279,324,324,6.327327366913335e-34,0.999999999999999
fold2_pca_full,2,pca_full,pca,280,324,324,6.327327366913335e-34,0.999999999999999
fold2_pca_full,2,pca_full,pca,281,324,324,6.327327366913335e-34,0.999999999999999
fold2_pca_full,2,pca_full,pca,282,324,324,6.327327366913335e-34,0.999999999999999
fold2_pca_full,2,pca_full,pca,283,324,324,6.327327366913335e-34,0.999999999999999
fold2_pca_full,2,pca_full,pca,284,324,324,6.327327366913335e-34,0.999999999999999
fold2_pca_full,2,pca_full,pca,285,324,324,6.327327366913335e-34,0.999999999999999
fold2_pca_full,2,pca_full,pca,286,324,324,6.327327366913335e-34,0.999999999999999
fold2_pca_full,2,pca_full,pca,287,324,324,6.327327366913335e-34,0.999999999999999
fold2_pca_full,2,pca_full,pca,288,324,324,6.327327366913335e-34,0.999999999999999
fold2_pca_full,2,pca_full,pca,289,324,324,6.327327366913335e-34,0.999999999999999
fold2_pca_full,2,pca_full,pca,290,324,324,6.327327366913335e-34,0.999999999999999
fold2_pca_full,2,pca_full,pca,291,324,324,6.327327366913335e-34,0.999999999999999
fold2_pca_full,2,pca_full,pca,292,324,324,6.327327366913335e-34,0.999999999999999
fold2_pca_full,2,pca_full,pca,293,324,324,6.327327366913335e-34,0.999999999999999
fold2_pca_full,2,pca_full,pca,294,324,324,6.327327366913335e-34,0.999999999999999
fold2_pca_full,2,pca_full,pca,295,324,324,6.327327366913335e-34,0.999999999999999
fold2_pca_full,2,pca_full,pca,296,324,324,6.327327366913335e-34,0.999999999999999
fold2_pca_full,2,pca_full,pca,297,324,324,6.327327366913335e-34,0.999999999999999
fold2_pca_full,2,pca_full,pca,298,324,324,6.327327366913335e-34,0.999999999999999
fold2_pca_full,2,pca_full,pca,299,324,324,6.327327366913335e-34,0.999999999999999
fold2_pca_full,2,pca_full,pca,300,324,324,6.327327366913335e-34,0.999999999999999
fold2_pca_full,2,pca_full,pca,301,324,324,6.327327366913335e-34,0.999999999999999
fold2_pca_full,2,pca_full,pca,302,324,324,6.327327366913335e-34,0.999999999999999
fold2_pca_full,2,pca_full,pca,303,324,324,6.327327366913335e-34,0.999999999999999
fold2_pca_full,2,pca_full,pca,304,324,324,6.327327366913335e-34,0.999999999999999
fold2_pca_full,2,pca_full,pca,305,324,324,6.327327366913335e-34,0.999999999999999
fold2_pca_full,2,pca_full,pca,306,324,324,6.327327366913335e-34,0.999999999999999
fold2_pca_full,2,pca_full,pca,307,324,324,6.327327366913335e-34,0.999999999999999
fold2_pca_full,2,pca_full,pca,308,324,324,6.327327366913335e-34,0.999999999999999
fold2_pca_full,2,pca_full,pca,309,324,324,6.327327366913335e-34,0.999999999999999
fold2_pca_full,2,pca_full,pca,310,324,324,6.327327366913335e-34,0.999999999999999
fold2_pca_full,2,pca_full,pca,311,324,324,6.327327366913335e-34,0.999999999999999
fold2_pca_full,2,pca_full,pca,312,324,324,6.327327366913335e-34,0.999999999999999
fold2_pca_full,2,pca_full,pca,313,324,324,6.327327366913335e-34,0.999999999999999
fold2_pca_full,2,pca_full,pca,314,324,324,6.327327366913335e-34,0.999999999999999
fold2_pca_full,2,pca_full,pca,315,324,324,6.327327366913335e-34,0.999999999999999
fold2_pca_full,2,pca_full,pca,316,324,324,6.327327366913335e-34,0.999999999999999
fold2_pca_full,2,pca_full,pca,317,324,324,6.327327366913335e-34,0.999999999999999
fold2_pca_full,2,pca_full,pca,318,324,324,6.327327366913335e-34,0.999999999999999
fold2_pca_full,2,pca_full,pca,319,324,324,6.327327366913335e-34,0.999999999999999
fold2_pca_full,2,pca_full,pca,320,324,324,6.327327366913335e-34,0.999999999999999
fold2_pca_full,2,pca_full,pca,321,324,324,6.327327366913335e-34,0.999999999999999
fold2_pca_full,2,pca_full,pca,322,324,324,6.327327366913335e-34,0.999999999999999
fold2_pca_full,2,pca_full,pca,323,324,324,6.327327366913335e-34,0.999999999999999
fold2_pca_full,2,pca_full,pca,324,324,324,2.3482394247063625e-34,0.999999999999999
fold3_pca_0.8,3,pca_0.8,pca,1,324,25,0.14869817453687045,0.14869817453687045
fold3_pca_0.8,3,pca_0.8,pca,2,324,25,0.11809851569995429,0.26679669023682473
fold3_pca_0.8,3,pca_0.8,pca,3,324,25,0.06915961476888914,0.3359563050057139
fold3_pca_0.8,3,pca_0.8,pca,4,324,25,0.05024987412172741,0.3862061791274413
fold3_pca_0.8,3,pca_0.8,pca,5,324,25,0.03833785468988826,0.4245440338173296
fold3_pca_0.8,3,pca_0.8,pca,6,324,25,0.0350864531255279,0.45963048694285746
fold3_pca_0.8,3,pca_0.8,pca,7,324,25,0.0331710880759824,0.49280157501883987
fold3_pca_0.8,3,pca_0.8,pca,8,324,25,0.030294580256292288,0.5230961552751322
fold3_pca_0.8,3,pca_0.8,pca,9,324,25,0.0292051619634022,0.5523013172385344
fold3_pca_0.8,3,pca_0.8,pca,10,324,25,0.02607882070507972,0.5783801379436141
fold3_pca_0.8,3,pca_0.8,pca,11,324,25,0.02483709789859014,0.6032172358422042
fold3_pca_0.8,3,pca_0.8,pca,12,324,25,0.023257319528168577,0.6264745553703728
fold3_pca_0.8,3,pca_0.8,pca,13,324,25,0.020016730250976472,0.6464912856213493
fold3_pca_0.8,3,pca_0.8,pca,14,324,25,0.019425821891803707,0.665917107513153
fold3_pca_0.8,3,pca_0.8,pca,15,324,25,0.017660673020067196,0.6835777805332203
fold3_pca_0.8,3,pca_0.8,pca,16,324,25,0.01716512596723224,0.7007429065004525
fold3_pca_0.8,3,pca_0.8,pca,17,324,25,0.014409820357861518,0.715152726858314
fold3_pca_0.8,3,pca_0.8,pca,18,324,25,0.013838382434389054,0.728991109292703
fold3_pca_0.8,3,pca_0.8,pca,19,324,25,0.01265027026479086,0.7416413795574939
fold3_pca_0.8,3,pca_0.8,pca,20,324,25,0.012045424626543974,0.7536868041840379
fold3_pca_0.8,3,pca_0.8,pca,21,324,25,0.011761093422576308,0.7654478976066141
fold3_pca_0.8,3,pca_0.8,pca,22,324,25,0.011429265621063204,0.7768771632276773
fold3_pca_0.8,3,pca_0.8,pca,23,324,25,0.010354183820244797,0.7872313470479221
fold3_pca_0.8,3,pca_0.8,pca,24,324,25,0.009655927031097085,0.7968872740790192
fold3_pca_0.8,3,pca_0.8,pca,25,324,25,0.009475834832818966,0.8063631089118382
fold3_pca_0.9,3,pca_0.9,pca,1,324,41,0.14869817453687045,0.14869817453687045
fold3_pca_0.9,3,pca_0.9,pca,2,324,41,0.11809851569995429,0.26679669023682473
fold3_pca_0.9,3,pca_0.9,pca,3,324,41,0.06915961476888914,0.3359563050057139
fold3_pca_0.9,3,pca_0.9,pca,4,324,41,0.05024987412172741,0.3862061791274413
fold3_pca_0.9,3,pca_0.9,pca,5,324,41,0.03833785468988826,0.4245440338173296
fold3_pca_0.9,3,pca_0.9,pca,6,324,41,0.0350864531255279,0.45963048694285746
fold3_pca_0.9,3,pca_0.9,pca,7,324,41,0.0331710880759824,0.49280157501883987
fold3_pca_0.9,3,pca_0.9,pca,8,324,41,0.030294580256292288,0.5230961552751322
fold3_pca_0.9,3,pca_0.9,pca,9,324,41,0.0292051619634022,0.5523013172385344
fold3_pca_0.9,3,pca_0.9,pca,10,324,41,0.02607882070507972,0.5783801379436141
fold3_pca_0.9,3,pca_0.9,pca,11,324,41,0.02483709789859014,0.6032172358422042
fold3_pca_0.9,3,pca_0.9,pca,12,324,41,0.023257319528168577,0.6264745553703728
fold3_pca_0.9,3,pca_0.9,pca,13,324,41,0.020016730250976472,0.6464912856213493
fold3_pca_0.9,3,pca_0.9,pca,14,324,41,0.019425821891803707,0.665917107513153
fold3_pca_0.9,3,pca_0.9,pca,15,324,41,0.017660673020067196,0.6835777805332203
fold3_pca_0.9,3,pca_0.9,pca,16,324,41,0.01716512596723224,0.7007429065004525
fold3_pca_0.9,3,pca_0.9,pca,17,324,41,0.014409820357861518,0.715152726858314
fold3_pca_0.9,3,pca_0.9,pca,18,324,41,0.013838382434389054,0.728991109292703
fold3_pca_0.9,3,pca_0.9,pca,19,324,41,0.01265027026479086,0.7416413795574939
fold3_pca_0.9,3,pca_0.9,pca,20,324,41,0.012045424626543974,0.7536868041840379
fold3_pca_0.9,3,pca_0.9,pca,21,324,41,0.011761093422576308,0.7654478976066141
fold3_pca_0.9,3,pca_0.9,pca,22,324,41,0.011429265621063204,0.7768771632276773
fold3_pca_0.9,3,pca_0.9,pca,23,324,41,0.010354183820244797,0.7872313470479221
fold3_pca_0.9,3,pca_0.9,pca,24,324,41,0.009655927031097085,0.7968872740790192
fold3_pca_0.9,3,pca_0.9,pca,25,324,41,0.009475834832818966,0.8063631089118382
fold3_pca_0.9,3,pca_0.9,pca,26,324,41,0.008466599438752736,0.8148297083505909
fold3_pca_0.9,3,pca_0.9,pca,27,324,41,0.008074131163843819,0.8229038395144347
fold3_pca_0.9,3,pca_0.9,pca,28,324,41,0.007903811175543167,0.8308076506899779
fold3_pca_0.9,3,pca_0.9,pca,29,324,41,0.007258860633364371,0.8380665113233422
fold3_pca_0.9,3,pca_0.9,pca,30,324,41,0.006987108765764176,0.8450536200891063
fold3_pca_0.9,3,pca_0.9,pca,31,324,41,0.006446478371583419,0.8515000984606897
fold3_pca_0.9,3,pca_0.9,pca,32,324,41,0.0061813355398253915,0.8576814340005151
fold3_pca_0.9,3,pca_0.9,pca,33,324,41,0.005789218554139847,0.8634706525546549
fold3_pca_0.9,3,pca_0.9,pca,34,324,41,0.00563680293930573,0.8691074554939606
fold3_pca_0.9,3,pca_0.9,pca,35,324,41,0.005287891672043382,0.874395347166004
fold3_pca_0.9,3,pca_0.9,pca,36,324,41,0.005176390996227312,0.8795717381622313
fold3_pca_0.9,3,pca_0.9,pca,37,324,41,0.005034711156726372,0.8846064493189577
fold3_pca_0.9,3,pca_0.9,pca,38,324,41,0.0046821869556966265,0.8892886362746544
fold3_pca_0.9,3,pca_0.9,pca,39,324,41,0.004449936278948717,0.8937385725536031
fold3_pca_0.9,3,pca_0.9,pca,40,324,41,0.00436739852239468,0.8981059710759978
fold3_pca_0.9,3,pca_0.9,pca,41,324,41,0.004066992826421573,0.9021729639024193
fold3_pca_0.95,3,pca_0.95,pca,1,324,59,0.14869817453687045,0.14869817453687045
fold3_pca_0.95,3,pca_0.95,pca,2,324,59,0.11809851569995429,0.26679669023682473
fold3_pca_0.95,3,pca_0.95,pca,3,324,59,0.06915961476888914,0.3359563050057139
fold3_pca_0.95,3,pca_0.95,pca,4,324,59,0.05024987412172741,0.3862061791274413
fold3_pca_0.95,3,pca_0.95,pca,5,324,59,0.03833785468988826,0.4245440338173296
fold3_pca_0.95,3,pca_0.95,pca,6,324,59,0.0350864531255279,0.45963048694285746
fold3_pca_0.95,3,pca_0.95,pca,7,324,59,0.0331710880759824,0.49280157501883987
fold3_pca_0.95,3,pca_0.95,pca,8,324,59,0.030294580256292288,0.5230961552751322
fold3_pca_0.95,3,pca_0.95,pca,9,324,59,0.0292051619634022,0.5523013172385344
fold3_pca_0.95,3,pca_0.95,pca,10,324,59,0.02607882070507972,0.5783801379436141
fold3_pca_0.95,3,pca_0.95,pca,11,324,59,0.02483709789859014,0.6032172358422042
fold3_pca_0.95,3,pca_0.95,pca,12,324,59,0.023257319528168577,0.6264745553703728
fold3_pca_0.95,3,pca_0.95,pca,13,324,59,0.020016730250976472,0.6464912856213493
fold3_pca_0.95,3,pca_0.95,pca,14,324,59,0.019425821891803707,0.665917107513153
fold3_pca_0.95,3,pca_0.95,pca,15,324,59,0.017660673020067196,0.6835777805332203
fold3_pca_0.95,3,pca_0.95,pca,16,324,59,0.01716512596723224,0.7007429065004525
fold3_pca_0.95,3,pca_0.95,pca,17,324,59,0.014409820357861518,0.715152726858314
fold3_pca_0.95,3,pca_0.95,pca,18,324,59,0.013838382434389054,0.728991109292703
fold3_pca_0.95,3,pca_0.95,pca,19,324,59,0.01265027026479086,0.7416413795574939
fold3_pca_0.95,3,pca_0.95,pca,20,324,59,0.012045424626543974,0.7536868041840379
fold3_pca_0.95,3,pca_0.95,pca,21,324,59,0.011761093422576308,0.7654478976066141
fold3_pca_0.95,3,pca_0.95,pca,22,324,59,0.011429265621063204,0.7768771632276773
fold3_pca_0.95,3,pca_0.95,pca,23,324,59,0.010354183820244797,0.7872313470479221
fold3_pca_0.95,3,pca_0.95,pca,24,324,59,0.009655927031097085,0.7968872740790192
fold3_pca_0.95,3,pca_0.95,pca,25,324,59,0.009475834832818966,0.8063631089118382
fold3_pca_0.95,3,pca_0.95,pca,26,324,59,0.008466599438752736,0.8148297083505909
fold3_pca_0.95,3,pca_0.95,pca,27,324,59,0.008074131163843819,0.8229038395144347
fold3_pca_0.95,3,pca_0.95,pca,28,324,59,0.007903811175543167,0.8308076506899779
fold3_pca_0.95,3,pca_0.95,pca,29,324,59,0.007258860633364371,0.8380665113233422
fold3_pca_0.95,3,pca_0.95,pca,30,324,59,0.006987108765764176,0.8450536200891063
fold3_pca_0.95,3,pca_0.95,pca,31,324,59,0.006446478371583419,0.8515000984606897
fold3_pca_0.95,3,pca_0.95,pca,32,324,59,0.0061813355398253915,0.8576814340005151
fold3_pca_0.95,3,pca_0.95,pca,33,324,59,0.005789218554139847,0.8634706525546549
fold3_pca_0.95,3,pca_0.95,pca,34,324,59,0.00563680293930573,0.8691074554939606
fold3_pca_0.95,3,pca_0.95,pca,35,324,59,0.005287891672043382,0.874395347166004
fold3_pca_0.95,3,pca_0.95,pca,36,324,59,0.005176390996227312,0.8795717381622313
fold3_pca_0.95,3,pca_0.95,pca,37,324,59,0.005034711156726372,0.8846064493189577
fold3_pca_0.95,3,pca_0.95,pca,38,324,59,0.0046821869556966265,0.8892886362746544
fold3_pca_0.95,3,pca_0.95,pca,39,324,59,0.004449936278948717,0.8937385725536031
fold3_pca_0.95,3,pca_0.95,pca,40,324,59,0.00436739852239468,0.8981059710759978
fold3_pca_0.95,3,pca_0.95,pca,41,324,59,0.004066992826421573,0.9021729639024193
fold3_pca_0.95,3,pca_0.95,pca,42,324,59,0.0038841822263182653,0.9060571461287376
fold3_pca_0.95,3,pca_0.95,pca,43,324,59,0.003650905156649087,0.9097080512853867
fold3_pca_0.95,3,pca_0.95,pca,44,324,59,0.0035520286201446557,0.9132600799055314
fold3_pca_0.95,3,pca_0.95,pca,45,324,59,0.003404743091777936,0.9166648229973093
fold3_pca_0.95,3,pca_0.95,pca,46,324,59,0.003333211859025515,0.9199980348563348
fold3_pca_0.95,3,pca_0.95,pca,47,324,59,0.003168224859803972,0.9231662597161387
fold3_pca_0.95,3,pca_0.95,pca,48,324,59,0.002917418456044117,0.9260836781721828
fold3_pca_0.95,3,pca_0.95,pca,49,324,59,0.00287552382954584,0.9289592020017287
fold3_pca_0.95,3,pca_0.95,pca,50,324,59,0.002664917104489238,0.9316241191062179
fold3_pca_0.95,3,pca_0.95,pca,51,324,59,0.0026104615879091017,0.934234580694127
fold3_pca_0.95,3,pca_0.95,pca,52,324,59,0.0025258696003073867,0.9367604502944344
fold3_pca_0.95,3,pca_0.95,pca,53,324,59,0.0024019253795796677,0.9391623756740141
fold3_pca_0.95,3,pca_0.95,pca,54,324,59,0.0022182430500986105,0.9413806187241127
fold3_pca_0.95,3,pca_0.95,pca,55,324,59,0.00214426469272763,0.9435248834168404
fold3_pca_0.95,3,pca_0.95,pca,56,324,59,0.002017985567963905,0.9455428689848043
fold3_pca_0.95,3,pca_0.95,pca,57,324,59,0.0019222701616117815,0.9474651391464161
fold3_pca_0.95,3,pca_0.95,pca,58,324,59,0.001889394265449991,0.949354533411866
fold3_pca_0.95,3,pca_0.95,pca,59,324,59,0.0018529900803788686,0.9512075234922449
fold3_pca_full,3,pca_full,pca,1,324,324,0.14869817453687045,0.14869817453687045
fold3_pca_full,3,pca_full,pca,2,324,324,0.11809851569995429,0.26679669023682473
fold3_pca_full,3,pca_full,pca,3,324,324,0.06915961476888914,0.3359563050057139
fold3_pca_full,3,pca_full,pca,4,324,324,0.05024987412172741,0.3862061791274413
fold3_pca_full,3,pca_full,pca,5,324,324,0.03833785468988826,0.4245440338173296
fold3_pca_full,3,pca_full,pca,6,324,324,0.0350864531255279,0.45963048694285746
fold3_pca_full,3,pca_full,pca,7,324,324,0.0331710880759824,0.49280157501883987
fold3_pca_full,3,pca_full,pca,8,324,324,0.030294580256292288,0.5230961552751322
fold3_pca_full,3,pca_full,pca,9,324,324,0.0292051619634022,0.5523013172385344
fold3_pca_full,3,pca_full,pca,10,324,324,0.02607882070507972,0.5783801379436141
fold3_pca_full,3,pca_full,pca,11,324,324,0.02483709789859014,0.6032172358422042
fold3_pca_full,3,pca_full,pca,12,324,324,0.023257319528168577,0.6264745553703728
fold3_pca_full,3,pca_full,pca,13,324,324,0.020016730250976472,0.6464912856213493
fold3_pca_full,3,pca_full,pca,14,324,324,0.019425821891803707,0.665917107513153
fold3_pca_full,3,pca_full,pca,15,324,324,0.017660673020067196,0.6835777805332203
fold3_pca_full,3,pca_full,pca,16,324,324,0.01716512596723224,0.7007429065004525
fold3_pca_full,3,pca_full,pca,17,324,324,0.014409820357861518,0.715152726858314
fold3_pca_full,3,pca_full,pca,18,324,324,0.013838382434389054,0.728991109292703
fold3_pca_full,3,pca_full,pca,19,324,324,0.01265027026479086,0.7416413795574939
fold3_pca_full,3,pca_full,pca,20,324,324,0.012045424626543974,0.7536868041840379
fold3_pca_full,3,pca_full,pca,21,324,324,0.011761093422576308,0.7654478976066141
fold3_pca_full,3,pca_full,pca,22,324,324,0.011429265621063204,0.7768771632276773
fold3_pca_full,3,pca_full,pca,23,324,324,0.010354183820244797,0.7872313470479221
fold3_pca_full,3,pca_full,pca,24,324,324,0.009655927031097085,0.7968872740790192
fold3_pca_full,3,pca_full,pca,25,324,324,0.009475834832818966,0.8063631089118382
fold3_pca_full,3,pca_full,pca,26,324,324,0.008466599438752736,0.8148297083505909
fold3_pca_full,3,pca_full,pca,27,324,324,0.008074131163843819,0.8229038395144347
fold3_pca_full,3,pca_full,pca,28,324,324,0.007903811175543167,0.8308076506899779
fold3_pca_full,3,pca_full,pca,29,324,324,0.007258860633364371,0.8380665113233422
fold3_pca_full,3,pca_full,pca,30,324,324,0.006987108765764176,0.8450536200891063
fold3_pca_full,3,pca_full,pca,31,324,324,0.006446478371583419,0.8515000984606897
fold3_pca_full,3,pca_full,pca,32,324,324,0.0061813355398253915,0.8576814340005151
fold3_pca_full,3,pca_full,pca,33,324,324,0.005789218554139847,0.8634706525546549
fold3_pca_full,3,pca_full,pca,34,324,324,0.00563680293930573,0.8691074554939606
fold3_pca_full,3,pca_full,pca,35,324,324,0.005287891672043382,0.874395347166004
fold3_pca_full,3,pca_full,pca,36,324,324,0.005176390996227312,0.8795717381622313
fold3_pca_full,3,pca_full,pca,37,324,324,0.005034711156726372,0.8846064493189577
fold3_pca_full,3,pca_full,pca,38,324,324,0.0046821869556966265,0.8892886362746544
fold3_pca_full,3,pca_full,pca,39,324,324,0.004449936278948717,0.8937385725536031
fold3_pca_full,3,pca_full,pca,40,324,324,0.00436739852239468,0.8981059710759978
fold3_pca_full,3,pca_full,pca,41,324,324,0.004066992826421573,0.9021729639024193
fold3_pca_full,3,pca_full,pca,42,324,324,0.0038841822263182653,0.9060571461287376
fold3_pca_full,3,pca_full,pca,43,324,324,0.003650905156649087,0.9097080512853867
fold3_pca_full,3,pca_full,pca,44,324,324,0.0035520286201446557,0.9132600799055314
fold3_pca_full,3,pca_full,pca,45,324,324,0.003404743091777936,0.9166648229973093
fold3_pca_full,3,pca_full,pca,46,324,324,0.003333211859025515,0.9199980348563348
fold3_pca_full,3,pca_full,pca,47,324,324,0.003168224859803972,0.9231662597161387
fold3_pca_full,3,pca_full,pca,48,324,324,0.002917418456044117,0.9260836781721828
fold3_pca_full,3,pca_full,pca,49,324,324,0.00287552382954584,0.9289592020017287
fold3_pca_full,3,pca_full,pca,50,324,324,0.002664917104489238,0.9316241191062179
fold3_pca_full,3,pca_full,pca,51,324,324,0.0026104615879091017,0.934234580694127
fold3_pca_full,3,pca_full,pca,52,324,324,0.0025258696003073867,0.9367604502944344
fold3_pca_full,3,pca_full,pca,53,324,324,0.0024019253795796677,0.9391623756740141
fold3_pca_full,3,pca_full,pca,54,324,324,0.0022182430500986105,0.9413806187241127
fold3_pca_full,3,pca_full,pca,55,324,324,0.00214426469272763,0.9435248834168404
fold3_pca_full,3,pca_full,pca,56,324,324,0.002017985567963905,0.9455428689848043
fold3_pca_full,3,pca_full,pca,57,324,324,0.0019222701616117815,0.9474651391464161
fold3_pca_full,3,pca_full,pca,58,324,324,0.001889394265449991,0.949354533411866
fold3_pca_full,3,pca_full,pca,59,324,324,0.0018529900803788686,0.9512075234922449
fold3_pca_full,3,pca_full,pca,60,324,324,0.0018003750799628598,0.9530078985722078
fold3_pca_full,3,pca_full,pca,61,324,324,0.001725544762705725,0.9547334433349135
fold3_pca_full,3,pca_full,pca,62,324,324,0.0017065639072469383,0.9564400072421604
fold3_pca_full,3,pca_full,pca,63,324,324,0.0015682493162117762,0.9580082565583722
fold3_pca_full,3,pca_full,pca,64,324,324,0.0015190852286023665,0.9595273417869745
fold3_pca_full,3,pca_full,pca,65,324,324,0.0014321010747963103,0.9609594428617708
fold3_pca_full,3,pca_full,pca,66,324,324,0.0014083907545738427,0.9623678336163447
fold3_pca_full,3,pca_full,pca,67,324,324,0.0013639771644682792,0.9637318107808129
fold3_pca_full,3,pca_full,pca,68,324,324,0.0013489026616087688,0.9650807134424217
fold3_pca_full,3,pca_full,pca,69,324,324,0.0012599034971347977,0.9663406169395565
fold3_pca_full,3,pca_full,pca,70,324,324,0.001223028804413457,0.96756364574397
fold3_pca_full,3,pca_full,pca,71,324,324,0.0011874009148420137,0.9687510466588121
fold3_pca_full,3,pca_full,pca,72,324,324,0.0011038851142440248,0.969854931773056
fold3_pca_full,3,pca_full,pca,73,324,324,0.0010912988212932048,0.9709462305943493
fold3_pca_full,3,pca_full,pca,74,324,324,0.001085578795159586,0.9720318093895088
fold3_pca_full,3,pca_full,pca,75,324,324,0.0010561768699184615,0.9730879862594273
fold3_pca_full,3,pca_full,pca,76,324,324,0.001029883753851417,0.9741178700132787
fold3_pca_full,3,pca_full,pca,77,324,324,0.0009673790077187403,0.9750852490209974
fold3_pca_full,3,pca_full,pca,78,324,324,0.0009113005358884623,0.9759965495568859
fold3_pca_full,3,pca_full,pca,79,324,324,0.0008814230074410366,0.9768779725643268
fold3_pca_full,3,pca_full,pca,80,324,324,0.0008592032903691504,0.977737175854696
fold3_pca_full,3,pca_full,pca,81,324,324,0.0008013087644724948,0.9785384846191685
fold3_pca_full,3,pca_full,pca,82,324,324,0.0007903115008102067,0.9793287961199787
fold3_pca_full,3,pca_full,pca,83,324,324,0.0007564411658977363,0.9800852372858764
fold3_pca_full,3,pca_full,pca,84,324,324,0.0007297882712521221,0.9808150255571285
fold3_pca_full,3,pca_full,pca,85,324,324,0.0007008070386264393,0.9815158325957549
fold3_pca_full,3,pca_full,pca,86,324,324,0.0006746323025339303,0.9821904648982889
fold3_pca_full,3,pca_full,pca,87,324,324,0.000618487170314862,0.9828089520686037
fold3_pca_full,3,pca_full,pca,88,324,324,0.0006031232710389694,0.9834120753396427
fold3_pca_full,3,pca_full,pca,89,324,324,0.0005904862830875793,0.9840025616227303
fold3_pca_full,3,pca_full,pca,90,324,324,0.000563313820167991,0.9845658754428982
fold3_pca_full,3,pca_full,pca,91,324,324,0.0005469161621516573,0.9851127916050498
fold3_pca_full,3,pca_full,pca,92,324,324,0.0005249680592002415,0.98563775966425
fold3_pca_full,3,pca_full,pca,93,324,324,0.0005122181457663048,0.9861499778100163
fold3_pca_full,3,pca_full,pca,94,324,324,0.00047560899226745996,0.9866255868022838
fold3_pca_full,3,pca_full,pca,95,324,324,0.0004458238618862886,0.9870714106641701
fold3_pca_full,3,pca_full,pca,96,324,324,0.0004310485925051216,0.9875024592566752
fold3_pca_full,3,pca_full,pca,97,324,324,0.00042357162725379196,0.987926030883929
fold3_pca_full,3,pca_full,pca,98,324,324,0.0004081058207814126,0.9883341367047105
fold3_pca_full,3,pca_full,pca,99,324,324,0.00039888232213796635,0.9887330190268484
fold3_pca_full,3,pca_full,pca,100,324,324,0.0003883740621120674,0.9891213930889605
fold3_pca_full,3,pca_full,pca,101,324,324,0.0003688580737547574,0.9894902511627153
fold3_pca_full,3,pca_full,pca,102,324,324,0.0003586754890309619,0.9898489266517463
fold3_pca_full,3,pca_full,pca,103,324,324,0.00035152135480965457,0.9902004480065559
fold3_pca_full,3,pca_full,pca,104,324,324,0.00033972436519933894,0.9905401723717553
fold3_pca_full,3,pca_full,pca,105,324,324,0.00031931437357428973,0.9908594867453295
fold3_pca_full,3,pca_full,pca,106,324,324,0.00031722566073907356,0.9911767124060686
fold3_pca_full,3,pca_full,pca,107,324,324,0.0003023465453231934,0.9914790589513919
fold3_pca_full,3,pca_full,pca,108,324,324,0.00029410367456280724,0.9917731626259547
fold3_pca_full,3,pca_full,pca,109,324,324,0.00027790386107122986,0.9920510664870259
fold3_pca_full,3,pca_full,pca,110,324,324,0.000270211587921962,0.9923212780749479
fold3_pca_full,3,pca_full,pca,111,324,324,0.00026663652654571464,0.9925879146014935
fold3_pca_full,3,pca_full,pca,112,324,324,0.00025923483508374614,0.9928471494365773
fold3_pca_full,3,pca_full,pca,113,324,324,0.0002552318317351759,0.9931023812683124
fold3_pca_full,3,pca_full,pca,114,324,324,0.00024054224023606395,0.9933429235085485
fold3_pca_full,3,pca_full,pca,115,324,324,0.00023660878530633683,0.9935795322938548
fold3_pca_full,3,pca_full,pca,116,324,324,0.000220642711787731,0.9938001750056424
fold3_pca_full,3,pca_full,pca,117,324,324,0.0002147451657255123,0.9940149201713679
fold3_pca_full,3,pca_full,pca,118,324,324,0.000210430024565581,0.9942253501959335
fold3_pca_full,3,pca_full,pca,119,324,324,0.00020127264383030738,0.9944266228397638
fold3_pca_full,3,pca_full,pca,120,324,324,0.00018991328130011043,0.9946165361210639
fold3_pca_full,3,pca_full,pca,121,324,324,0.00018552637066987534,0.9948020624917339
fold3_pca_full,3,pca_full,pca,122,324,324,0.0001795597620995691,0.9949816222538335
fold3_pca_full,3,pca_full,pca,123,324,324,0.00017764082409976804,0.9951592630779332
fold3_pca_full,3,pca_full,pca,124,324,324,0.00016988264999217185,0.9953291457279254
fold3_pca_full,3,pca_full,pca,125,324,324,0.0001647695713287919,0.9954939152992542
fold3_pca_full,3,pca_full,pca,126,324,324,0.0001557906826641841,0.9956497059819184
fold3_pca_full,3,pca_full,pca,127,324,324,0.0001543018754858476,0.9958040078574042
fold3_pca_full,3,pca_full,pca,128,324,324,0.00014721179311104788,0.9959512196505153
fold3_pca_full,3,pca_full,pca,129,324,324,0.0001430558857109412,0.9960942755362262
fold3_pca_full,3,pca_full,pca,130,324,324,0.00013814844012642,0.9962324239763526
fold3_pca_full,3,pca_full,pca,131,324,324,0.00013703352072590494,0.9963694574970785
fold3_pca_full,3,pca_full,pca,132,324,324,0.00013451814800245928,0.996503975645081
fold3_pca_full,3,pca_full,pca,133,324,324,0.00013258432211882582,0.9966365599671998
fold3_pca_full,3,pca_full,pca,134,324,324,0.00012989943800223891,0.996766459405202
fold3_pca_full,3,pca_full,pca,135,324,324,0.00012497971787230405,0.9968914391230743
fold3_pca_full,3,pca_full,pca,136,324,324,0.00011870458483362057,0.997010143707908
fold3_pca_full,3,pca_full,pca,137,324,324,0.00011714470088894735,0.9971272884087969
fold3_pca_full,3,pca_full,pca,138,324,324,0.00011172000311880257,0.9972390084119157
fold3_pca_full,3,pca_full,pca,139,324,324,0.00010765706819512154,0.9973466654801109
fold3_pca_full,3,pca_full,pca,140,324,324,0.00010482038969183763,0.9974514858698027
fold3_pca_full,3,pca_full,pca,141,324,324,0.00010113062079111703,0.9975526164905938
fold3_pca_full,3,pca_full,pca,142,324,324,9.662305880664454e-05,0.9976492395494004
fold3_pca_full,3,pca_full,pca,143,324,324,9.545766481708264e-05,0.9977446972142175
fold3_pca_full,3,pca_full,pca,144,324,324,8.850092865907519e-05,0.9978331981428766
fold3_pca_full,3,pca_full,pca,145,324,324,8.647836348386717e-05,0.9979196765063605
fold3_pca_full,3,pca_full,pca,146,324,324,8.112486133580152e-05,0.9980008013676963
fold3_pca_full,3,pca_full,pca,147,324,324,7.834599424102136e-05,0.9980791473619374
fold3_pca_full,3,pca_full,pca,148,324,324,7.701104858038139e-05,0.9981561584105177
fold3_pca_full,3,pca_full,pca,149,324,324,7.604861845590251e-05,0.9982322070289736
fold3_pca_full,3,pca_full,pca,150,324,324,7.453998421212644e-05,0.9983067470131858
fold3_pca_full,3,pca_full,pca,151,324,324,6.731472142833402e-05,0.9983740617346141
fold3_pca_full,3,pca_full,pca,152,324,324,6.644033798445322e-05,0.9984405020725985
fold3_pca_full,3,pca_full,pca,153,324,324,6.336295112846298e-05,0.9985038650237269
fold3_pca_full,3,pca_full,pca,154,324,324,6.177349195968738e-05,0.9985656385156866
fold3_pca_full,3,pca_full,pca,155,324,324,5.80277627769953e-05,0.9986236662784636
fold3_pca_full,3,pca_full,pca,156,324,324,5.599483076305668e-05,0.9986796611092266
fold3_pca_full,3,pca_full,pca,157,324,324,5.4721531438820895e-05,0.9987343826406654
fold3_pca_full,3,pca_full,pca,158,324,324,5.3671943265249175e-05,0.9987880545839306
fold3_pca_full,3,pca_full,pca,159,324,324,5.1283935807142345e-05,0.9988393385197377
fold3_pca_full,3,pca_full,pca,160,324,324,5.0402957077484535e-05,0.9988897414768152
fold3_pca_full,3,pca_full,pca,161,324,324,4.935814394834829e-05,0.9989390996207635
fold3_pca_full,3,pca_full,pca,162,324,324,4.8279005586091075e-05,0.9989873786263497
fold3_pca_full,3,pca_full,pca,163,324,324,4.707675545525215e-05,0.9990344553818049
fold3_pca_full,3,pca_full,pca,164,324,324,4.595808409928543e-05,0.9990804134659041
fold3_pca_full,3,pca_full,pca,165,324,324,4.174854502620327e-05,0.9991221620109304
fold3_pca_full,3,pca_full,pca,166,324,324,4.1439880782027385e-05,0.9991636018917124
fold3_pca_full,3,pca_full,pca,167,324,324,3.930495818275534e-05,0.9992029068498951
fold3_pca_full,3,pca_full,pca,168,324,324,3.568933496828693e-05,0.9992385961848634
fold3_pca_full,3,pca_full,pca,169,324,324,3.425493988390749e-05,0.9992728511247474
fold3_pca_full,3,pca_full,pca,170,324,324,3.24016910487932e-05,0.9993052528157962
fold3_pca_full,3,pca_full,pca,171,324,324,3.16703646800356e-05,0.9993369231804762
fold3_pca_full,3,pca_full,pca,172,324,324,3.097218152677992e-05,0.999367895362003
fold3_pca_full,3,pca_full,pca,173,324,324,2.9084571576764134e-05,0.9993969799335798
fold3_pca_full,3,pca_full,pca,174,324,324,2.802015677975499e-05,0.9994250000903595
fold3_pca_full,3,pca_full,pca,175,324,324,2.7288841334127787e-05,0.9994522889316937
fold3_pca_full,3,pca_full,pca,176,324,324,2.646863890140088e-05,0.9994787575705951
fold3_pca_full,3,pca_full,pca,177,324,324,2.5810574578684672e-05,0.9995045681451739
fold3_pca_full,3,pca_full,pca,178,324,324,2.4527226052627535e-05,0.9995290953712265
fold3_pca_full,3,pca_full,pca,179,324,324,2.386304109054685e-05,0.9995529584123171
fold3_pca_full,3,pca_full,pca,180,324,324,2.3012793592932853e-05,0.99957597120591
fold3_pca_full,3,pca_full,pca,181,324,324,2.2376390434528387e-05,0.9995983475963446
fold3_pca_full,3,pca_full,pca,182,324,324,2.181998970819495e-05,0.9996201675860528
fold3_pca_full,3,pca_full,pca,183,324,324,2.0931659866818467e-05,0.9996410992459196
fold3_pca_full,3,pca_full,pca,184,324,324,2.0647358765603323e-05,0.9996617466046852
fold3_pca_full,3,pca_full,pca,185,324,324,1.8409044919244203e-05,0.9996801556496044
fold3_pca_full,3,pca_full,pca,186,324,324,1.772154036231323e-05,0.9996978771899667
fold3_pca_full,3,pca_full,pca,187,324,324,1.6817735291188324e-05,0.9997146949252579
fold3_pca_full,3,pca_full,pca,188,324,324,1.588151332373787e-05,0.9997305764385817
fold3_pca_full,3,pca_full,pca,189,324,324,1.5110604451602443e-05,0.9997456870430332
fold3_pca_full,3,pca_full,pca,190,324,324,1.4840285476892824e-05,0.9997605273285102
fold3_pca_full,3,pca_full,pca,191,324,324,1.3546742009551628e-05,0.9997740740705198
fold3_pca_full,3,pca_full,pca,192,324,324,1.3509948358954366e-05,0.9997875840188787
fold3_pca_full,3,pca_full,pca,193,324,324,1.2527506744643992e-05,0.9998001115256233
fold3_pca_full,3,pca_full,pca,194,324,324,1.1824381287279946e-05,0.9998119359069106
fold3_pca_full,3,pca_full,pca,195,324,324,1.1390492383827368e-05,0.9998233263992945
fold3_pca_full,3,pca_full,pca,196,324,324,1.1076197931576608e-05,0.9998344025972261
fold3_pca_full,3,pca_full,pca,197,324,324,1.059207082127268e-05,0.9998449946680474
fold3_pca_full,3,pca_full,pca,198,324,324,1.0541866284881746e-05,0.9998555365343323
fold3_pca_full,3,pca_full,pca,199,324,324,9.757663430003137e-06,0.9998652941977624
fold3_pca_full,3,pca_full,pca,200,324,324,9.364348401415635e-06,0.9998746585461638
fold3_pca_full,3,pca_full,pca,201,324,324,7.987507516287866e-06,0.99988264605368
fold3_pca_full,3,pca_full,pca,202,324,324,7.628133124174433e-06,0.9998902741868042
fold3_pca_full,3,pca_full,pca,203,324,324,7.222353441075125e-06,0.9998974965402453
fold3_pca_full,3,pca_full,pca,204,324,324,6.752651594962657e-06,0.9999042491918403
fold3_pca_full,3,pca_full,pca,205,324,324,6.3047651136681304e-06,0.9999105539569539
fold3_pca_full,3,pca_full,pca,206,324,324,6.081121011956704e-06,0.9999166350779659
fold3_pca_full,3,pca_full,pca,207,324,324,5.790156923267382e-06,0.9999224252348892
fold3_pca_full,3,pca_full,pca,208,324,324,5.691534320658766e-06,0.9999281167692098
fold3_pca_full,3,pca_full,pca,209,324,324,5.435069693423122e-06,0.9999335518389032
fold3_pca_full,3,pca_full,pca,210,324,324,4.979073939272555e-06,0.9999385309128425
fold3_pca_full,3,pca_full,pca,211,324,324,4.673828378510882e-06,0.999943204741221
fold3_pca_full,3,pca_full,pca,212,324,324,4.45817603825779e-06,0.9999476629172592
fold3_pca_full,3,pca_full,pca,213,324,324,4.300401781345169e-06,0.9999519633190406
fold3_pca_full,3,pca_full,pca,214,324,324,4.037685592966763e-06,0.9999560010046336
fold3_pca_full,3,pca_full,pca,215,324,324,3.9236177244759355e-06,0.999959924622358
fold3_pca_full,3,pca_full,pca,216,324,324,3.4041687257946125e-06,0.9999633287910838
fold3_pca_full,3,pca_full,pca,217,324,324,3.2554255238239574e-06,0.9999665842166077
fold3_pca_full,3,pca_full,pca,218,324,324,2.936900836493687e-06,0.9999695211174442
fold3_pca_full,3,pca_full,pca,219,324,324,2.5754138861124984e-06,0.9999720965313303
fold3_pca_full,3,pca_full,pca,220,324,324,2.4039268789828757e-06,0.9999745004582093
fold3_pca_full,3,pca_full,pca,221,324,324,2.28415179851615e-06,0.9999767846100078
fold3_pca_full,3,pca_full,pca,222,324,324,2.023936915100151e-06,0.9999788085469229
fold3_pca_full,3,pca_full,pca,223,324,324,1.9285704954056126e-06,0.9999807371174183
fold3_pca_full,3,pca_full,pca,224,324,324,1.8931200615828546e-06,0.9999826302374799
fold3_pca_full,3,pca_full,pca,225,324,324,1.6897157237484856e-06,0.9999843199532037
fold3_pca_full,3,pca_full,pca,226,324,324,1.6355674856738352e-06,0.9999859555206894
fold3_pca_full,3,pca_full,pca,227,324,324,1.4593787324530763e-06,0.9999874148994218
fold3_pca_full,3,pca_full,pca,228,324,324,1.2106981439336106e-06,0.9999886255975657
fold3_pca_full,3,pca_full,pca,229,324,324,1.0611557176899332e-06,0.9999896867532835
fold3_pca_full,3,pca_full,pca,230,324,324,9.979611959844992e-07,0.9999906847144795
fold3_pca_full,3,pca_full,pca,231,324,324,9.611136389677736e-07,0.9999916458281185
fold3_pca_full,3,pca_full,pca,232,324,324,9.276080800950339e-07,0.9999925734361986
fold3_pca_full,3,pca_full,pca,233,324,324,7.869805383164282e-07,0.9999933604167369
fold3_pca_full,3,pca_full,pca,234,324,324,7.384835724132741e-07,0.9999940989003093
fold3_pca_full,3,pca_full,pca,235,324,324,7.089263976425758e-07,0.999994807826707
fold3_pca_full,3,pca_full,pca,236,324,324,6.713160338367506e-07,0.9999954791427409
fold3_pca_full,3,pca_full,pca,237,324,324,6.547209070444256e-07,0.9999961338636479
fold3_pca_full,3,pca_full,pca,238,324,324,5.478879972842328e-07,0.9999966817516452
fold3_pca_full,3,pca_full,pca,239,324,324,4.776815475741091e-07,0.9999971594331928
fold3_pca_full,3,pca_full,pca,240,324,324,4.1750182182331006e-07,0.9999975769350146
fold3_pca_full,3,pca_full,pca,241,324,324,3.831468429421581e-07,0.9999979600818575
fold3_pca_full,3,pca_full,pca,242,324,324,3.292422038188449e-07,0.9999982893240613
fold3_pca_full,3,pca_full,pca,243,324,324,3.105300581718035e-07,0.9999985998541195
fold3_pca_full,3,pca_full,pca,244,324,324,2.59637967728839e-07,0.9999988594920872
fold3_pca_full,3,pca_full,pca,245,324,324,2.0311268602679774e-07,0.9999990626047732
fold3_pca_full,3,pca_full,pca,246,324,324,1.8882124735104943e-07,0.9999992514260205
fold3_pca_full,3,pca_full,pca,247,324,324,1.6676085396733075e-07,0.9999994181868745
fold3_pca_full,3,pca_full,pca,248,324,324,1.5343123322293983e-07,0.9999995716181078
fold3_pca_full,3,pca_full,pca,249,324,324,1.2594684783707222e-07,0.9999996975649557
fold3_pca_full,3,pca_full,pca,250,324,324,9.441908287446093e-08,0.9999997919840385
fold3_pca_full,3,pca_full,pca,251,324,324,8.866406586306264e-08,0.9999998806481044
fold3_pca_full,3,pca_full,pca,252,324,324,5.0152705955322795e-08,0.9999999308008104
fold3_pca_full,3,pca_full,pca,253,324,324,2.793928066507547e-08,0.9999999587400911
fold3_pca_full,3,pca_full,pca,254,324,324,1.816436139755771e-08,0.9999999769044524
fold3_pca_full,3,pca_full,pca,255,324,324,1.2354848417795362e-08,0.9999999892593008
fold3_pca_full,3,pca_full,pca,256,324,324,6.371450928185727e-09,0.9999999956307517
fold3_pca_full,3,pca_full,pca,257,324,324,2.4464752241914427e-09,0.999999998077227
fold3_pca_full,3,pca_full,pca,258,324,324,1.2240895476286882e-09,0.9999999993013164
fold3_pca_full,3,pca_full,pca,259,324,324,6.661867714954089e-10,0.9999999999675032
fold3_pca_full,3,pca_full,pca,260,324,324,3.24967930537829e-11,1.0
fold3_pca_full,3,pca_full,pca,261,324,324,6.5760210595515e-32,1.0
fold3_pca_full,3,pca_full,pca,262,324,324,3.721421438589177e-33,1.0
fold3_pca_full,3,pca_full,pca,263,324,324,3.328795435743503e-33,1.0
fold3_pca_full,3,pca_full,pca,264,324,324,9.462008950169155e-34,1.0
fold3_pca_full,3,pca_full,pca,265,324,324,8.003019301608227e-34,1.0
fold3_pca_full,3,pca_full,pca,266,324,324,8.003019301608227e-34,1.0
fold3_pca_full,3,pca_full,pca,267,324,324,8.003019301608227e-34,1.0
fold3_pca_full,3,pca_full,pca,268,324,324,8.003019301608227e-34,1.0
fold3_pca_full,3,pca_full,pca,269,324,324,8.003019301608227e-34,1.0
fold3_pca_full,3,pca_full,pca,270,324,324,8.003019301608227e-34,1.0
fold3_pca_full,3,pca_full,pca,271,324,324,8.003019301608227e-34,1.0
fold3_pca_full,3,pca_full,pca,272,324,324,8.003019301608227e-34,1.0
fold3_pca_full,3,pca_full,pca,273,324,324,8.003019301608227e-34,1.0
fold3_pca_full,3,pca_full,pca,274,324,324,8.003019301608227e-34,1.0
fold3_pca_full,3,pca_full,pca,275,324,324,8.003019301608227e-34,1.0
fold3_pca_full,3,pca_full,pca,276,324,324,8.003019301608227e-34,1.0
fold3_pca_full,3,pca_full,pca,277,324,324,8.003019301608227e-34,1.0
fold3_pca_full,3,pca_full,pca,278,324,324,8.003019301608227e-34,1.0
fold3_pca_full,3,pca_full,pca,279,324,324,8.003019301608227e-34,1.0
fold3_pca_full,3,pca_full,pca,280,324,324,8.003019301608227e-34,1.0
fold3_pca_full,3,pca_full,pca,281,324,324,8.003019301608227e-34,1.0
fold3_pca_full,3,pca_full,pca,282,324,324,8.003019301608227e-34,1.0
fold3_pca_full,3,pca_full,pca,283,324,324,8.003019301608227e-34,1.0
fold3_pca_full,3,pca_full,pca,284,324,324,8.003019301608227e-34,1.0
fold3_pca_full,3,pca_full,pca,285,324,324,8.003019301608227e-34,1.0
fold3_pca_full,3,pca_full,pca,286,324,324,8.003019301608227e-34,1.0
fold3_pca_full,3,pca_full,pca,287,324,324,8.003019301608227e-34,1.0
fold3_pca_full,3,pca_full,pca,288,324,324,8.003019301608227e-34,1.0
fold3_pca_full,3,pca_full,pca,289,324,324,8.003019301608227e-34,1.0
fold3_pca_full,3,pca_full,pca,290,324,324,8.003019301608227e-34,1.0
fold3_pca_full,3,pca_full,pca,291,324,324,8.003019301608227e-34,1.0
fold3_pca_full,3,pca_full,pca,292,324,324,8.003019301608227e-34,1.0
fold3_pca_full,3,pca_full,pca,293,324,324,8.003019301608227e-34,1.0
fold3_pca_full,3,pca_full,pca,294,324,324,8.003019301608227e-34,1.0
fold3_pca_full,3,pca_full,pca,295,324,324,8.003019301608227e-34,1.0
fold3_pca_full,3,pca_full,pca,296,324,324,8.003019301608227e-34,1.0
fold3_pca_full,3,pca_full,pca,297,324,324,8.003019301608227e-34,1.0
fold3_pca_full,3,pca_full,pca,298,324,324,8.003019301608227e-34,1.0
fold3_pca_full,3,pca_full,pca,299,324,324,8.003019301608227e-34,1.0
fold3_pca_full,3,pca_full,pca,300,324,324,8.003019301608227e-34,1.0
fold3_pca_full,3,pca_full,pca,301,324,324,8.003019301608227e-34,1.0
fold3_pca_full,3,pca_full,pca,302,324,324,8.003019301608227e-34,1.0
fold3_pca_full,3,pca_full,pca,303,324,324,8.003019301608227e-34,1.0
fold3_pca_full,3,pca_full,pca,304,324,324,8.003019301608227e-34,1.0
fold3_pca_full,3,pca_full,pca,305,324,324,8.003019301608227e-34,1.0
fold3_pca_full,3,pca_full,pca,306,324,324,8.003019301608227e-34,1.0
fold3_pca_full,3,pca_full,pca,307,324,324,8.003019301608227e-34,1.0
fold3_pca_full,3,pca_full,pca,308,324,324,8.003019301608227e-34,1.0
fold3_pca_full,3,pca_full,pca,309,324,324,8.003019301608227e-34,1.0
fold3_pca_full,3,pca_full,pca,310,324,324,8.003019301608227e-34,1.0
fold3_pca_full,3,pca_full,pca,311,324,324,8.003019301608227e-34,1.0
fold3_pca_full,3,pca_full,pca,312,324,324,8.003019301608227e-34,1.0
fold3_pca_full,3,pca_full,pca,313,324,324,8.003019301608227e-34,1.0
fold3_pca_full,3,pca_full,pca,314,324,324,8.003019301608227e-34,1.0
fold3_pca_full,3,pca_full,pca,315,324,324,8.003019301608227e-34,1.0
fold3_pca_full,3,pca_full,pca,316,324,324,8.003019301608227e-34,1.0
fold3_pca_full,3,pca_full,pca,317,324,324,8.003019301608227e-34,1.0
fold3_pca_full,3,pca_full,pca,318,324,324,8.003019301608227e-34,1.0
fold3_pca_full,3,pca_full,pca,319,324,324,8.003019301608227e-34,1.0
fold3_pca_full,3,pca_full,pca,320,324,324,8.003019301608227e-34,1.0
fold3_pca_full,3,pca_full,pca,321,324,324,8.003019301608227e-34,1.0
fold3_pca_full,3,pca_full,pca,322,324,324,8.003019301608227e-34,1.0
fold3_pca_full,3,pca_full,pca,323,324,324,3.8341354886621453e-34,1.0
fold3_pca_full,3,pca_full,pca,324,324,324,3.445643606296137e-34,1.0
fold4_pca_0.8,4,pca_0.8,pca,1,324,26,0.1383678834420287,0.1383678834420287
fold4_pca_0.8,4,pca_0.8,pca,2,324,26,0.08747812322851097,0.22584600667053967
fold4_pca_0.8,4,pca_0.8,pca,3,324,26,0.0790716668861556,0.3049176735566953
fold4_pca_0.8,4,pca_0.8,pca,4,324,26,0.06381014583227682,0.36872781938897214
fold4_pca_0.8,4,pca_0.8,pca,5,324,26,0.04112577154846406,0.40985359093743623
fold4_pca_0.8,4,pca_0.8,pca,6,324,26,0.03742748686584889,0.44728107780328513
fold4_pca_0.8,4,pca_0.8,pca,7,324,26,0.0344938610594244,0.4817749388627095
fold4_pca_0.8,4,pca_0.8,pca,8,324,26,0.03164103180007798,0.5134159706627874
fold4_pca_0.8,4,pca_0.8,pca,9,324,26,0.029271729314218658,0.542687699977006
fold4_pca_0.8,4,pca_0.8,pca,10,324,26,0.02766260114631507,0.5703503011233211
fold4_pca_0.8,4,pca_0.8,pca,11,324,26,0.024448212253653335,0.5947985133769744
fold4_pca_0.8,4,pca_0.8,pca,12,324,26,0.022367323000747806,0.6171658363777223
fold4_pca_0.8,4,pca_0.8,pca,13,324,26,0.019470420859878584,0.6366362572376009
fold4_pca_0.8,4,pca_0.8,pca,14,324,26,0.01883839694881136,0.6554746541864123
fold4_pca_0.8,4,pca_0.8,pca,15,324,26,0.017002755513155908,0.6724774096995682
fold4_pca_0.8,4,pca_0.8,pca,16,324,26,0.016446526300296988,0.6889239359998651
fold4_pca_0.8,4,pca_0.8,pca,17,324,26,0.014166256934243983,0.7030901929341091
fold4_pca_0.8,4,pca_0.8,pca,18,324,26,0.013657195733117506,0.7167473886672266
fold4_pca_0.8,4,pca_0.8,pca,19,324,26,0.012567188527723615,0.7293145771949503
fold4_pca_0.8,4,pca_0.8,pca,20,324,26,0.012319764436315096,0.7416343416312654
fold4_pca_0.8,4,pca_0.8,pca,21,324,26,0.01122824513016363,0.752862586761429
fold4_pca_0.8,4,pca_0.8,pca,22,324,26,0.010767223805692361,0.7636298105671214
fold4_pca_0.8,4,pca_0.8,pca,23,324,26,0.010130526485833133,0.7737603370529545
fold4_pca_0.8,4,pca_0.8,pca,24,324,26,0.009869949580496737,0.7836302866334512
fold4_pca_0.8,4,pca_0.8,pca,25,324,26,0.00884512983442024,0.7924754164678715
fold4_pca_0.8,4,pca_0.8,pca,26,324,26,0.007790257485723796,0.8002656739535953
fold4_pca_0.9,4,pca_0.9,pca,1,324,45,0.1383678834420287,0.1383678834420287
fold4_pca_0.9,4,pca_0.9,pca,2,324,45,0.08747812322851097,0.22584600667053967
fold4_pca_0.9,4,pca_0.9,pca,3,324,45,0.0790716668861556,0.3049176735566953
fold4_pca_0.9,4,pca_0.9,pca,4,324,45,0.06381014583227682,0.36872781938897214
fold4_pca_0.9,4,pca_0.9,pca,5,324,45,0.04112577154846406,0.40985359093743623
fold4_pca_0.9,4,pca_0.9,pca,6,324,45,0.03742748686584889,0.44728107780328513
fold4_pca_0.9,4,pca_0.9,pca,7,324,45,0.0344938610594244,0.4817749388627095
fold4_pca_0.9,4,pca_0.9,pca,8,324,45,0.03164103180007798,0.5134159706627874
fold4_pca_0.9,4,pca_0.9,pca,9,324,45,0.029271729314218658,0.542687699977006
fold4_pca_0.9,4,pca_0.9,pca,10,324,45,0.02766260114631507,0.5703503011233211
fold4_pca_0.9,4,pca_0.9,pca,11,324,45,0.024448212253653335,0.5947985133769744
fold4_pca_0.9,4,pca_0.9,pca,12,324,45,0.022367323000747806,0.6171658363777223
fold4_pca_0.9,4,pca_0.9,pca,13,324,45,0.019470420859878584,0.6366362572376009
fold4_pca_0.9,4,pca_0.9,pca,14,324,45,0.01883839694881136,0.6554746541864123
fold4_pca_0.9,4,pca_0.9,pca,15,324,45,0.017002755513155908,0.6724774096995682
fold4_pca_0.9,4,pca_0.9,pca,16,324,45,0.016446526300296988,0.6889239359998651
fold4_pca_0.9,4,pca_0.9,pca,17,324,45,0.014166256934243983,0.7030901929341091
fold4_pca_0.9,4,pca_0.9,pca,18,324,45,0.013657195733117506,0.7167473886672266
fold4_pca_0.9,4,pca_0.9,pca,19,324,45,0.012567188527723615,0.7293145771949503
fold4_pca_0.9,4,pca_0.9,pca,20,324,45,0.012319764436315096,0.7416343416312654
fold4_pca_0.9,4,pca_0.9,pca,21,324,45,0.01122824513016363,0.752862586761429
fold4_pca_0.9,4,pca_0.9,pca,22,324,45,0.010767223805692361,0.7636298105671214
fold4_pca_0.9,4,pca_0.9,pca,23,324,45,0.010130526485833133,0.7737603370529545
fold4_pca_0.9,4,pca_0.9,pca,24,324,45,0.009869949580496737,0.7836302866334512
fold4_pca_0.9,4,pca_0.9,pca,25,324,45,0.00884512983442024,0.7924754164678715
fold4_pca_0.9,4,pca_0.9,pca,26,324,45,0.007790257485723796,0.8002656739535953
fold4_pca_0.9,4,pca_0.9,pca,27,324,45,0.007405865762264496,0.8076715397158598
fold4_pca_0.9,4,pca_0.9,pca,28,324,45,0.007241338219783523,0.8149128779356434
fold4_pca_0.9,4,pca_0.9,pca,29,324,45,0.007112841725832843,0.8220257196614762
fold4_pca_0.9,4,pca_0.9,pca,30,324,45,0.006957200160362804,0.828982919821839
fold4_pca_0.9,4,pca_0.9,pca,31,324,45,0.006549656583053248,0.8355325764048923
fold4_pca_0.9,4,pca_0.9,pca,32,324,45,0.006290585233300654,0.8418231616381929
fold4_pca_0.9,4,pca_0.9,pca,33,324,45,0.006055077725319488,0.8478782393635124
fold4_pca_0.9,4,pca_0.9,pca,34,324,45,0.005830509745119008,0.8537087491086314
fold4_pca_0.9,4,pca_0.9,pca,35,324,45,0.005578614291613266,0.8592873634002446
fold4_pca_0.9,4,pca_0.9,pca,36,324,45,0.005230100141627622,0.8645174635418722
fold4_pca_0.9,4,pca_0.9,pca,37,324,45,0.0049881781470262985,0.8695056416888985
fold4_pca_0.9,4,pca_0.9,pca,38,324,45,0.0046871331418185756,0.8741927748307171
fold4_pca_0.9,4,pca_0.9,pca,39,324,45,0.004541431639052679,0.8787342064697697
fold4_pca_0.9,4,pca_0.9,pca,40,324,45,0.004306974796829011,0.8830411812665988
fold4_pca_0.9,4,pca_0.9,pca,41,324,45,0.0041894044952278916,0.8872305857618267
fold4_pca_0.9,4,pca_0.9,pca,42,324,45,0.0041255297225123565,0.891356115484339
fold4_pca_0.9,4,pca_0.9,pca,43,324,45,0.004021464216160599,0.8953775797004996
fold4_pca_0.9,4,pca_0.9,pca,44,324,45,0.0037617439070211445,0.8991393236075207
fold4_pca_0.9,4,pca_0.9,pca,45,324,45,0.0036677197125181914,0.9028070433200389
fold4_pca_0.95,4,pca_0.95,pca,1,324,64,0.1383678834420287,0.1383678834420287
fold4_pca_0.95,4,pca_0.95,pca,2,324,64,0.08747812322851097,0.22584600667053967
fold4_pca_0.95,4,pca_0.95,pca,3,324,64,0.0790716668861556,0.3049176735566953
fold4_pca_0.95,4,pca_0.95,pca,4,324,64,0.06381014583227682,0.36872781938897214
fold4_pca_0.95,4,pca_0.95,pca,5,324,64,0.04112577154846406,0.40985359093743623
fold4_pca_0.95,4,pca_0.95,pca,6,324,64,0.03742748686584889,0.44728107780328513
fold4_pca_0.95,4,pca_0.95,pca,7,324,64,0.0344938610594244,0.4817749388627095
fold4_pca_0.95,4,pca_0.95,pca,8,324,64,0.03164103180007798,0.5134159706627874
fold4_pca_0.95,4,pca_0.95,pca,9,324,64,0.029271729314218658,0.542687699977006
fold4_pca_0.95,4,pca_0.95,pca,10,324,64,0.02766260114631507,0.5703503011233211
fold4_pca_0.95,4,pca_0.95,pca,11,324,64,0.024448212253653335,0.5947985133769744
fold4_pca_0.95,4,pca_0.95,pca,12,324,64,0.022367323000747806,0.6171658363777223
fold4_pca_0.95,4,pca_0.95,pca,13,324,64,0.019470420859878584,0.6366362572376009
fold4_pca_0.95,4,pca_0.95,pca,14,324,64,0.01883839694881136,0.6554746541864123
fold4_pca_0.95,4,pca_0.95,pca,15,324,64,0.017002755513155908,0.6724774096995682
fold4_pca_0.95,4,pca_0.95,pca,16,324,64,0.016446526300296988,0.6889239359998651
fold4_pca_0.95,4,pca_0.95,pca,17,324,64,0.014166256934243983,0.7030901929341091
fold4_pca_0.95,4,pca_0.95,pca,18,324,64,0.013657195733117506,0.7167473886672266
fold4_pca_0.95,4,pca_0.95,pca,19,324,64,0.012567188527723615,0.7293145771949503
fold4_pca_0.95,4,pca_0.95,pca,20,324,64,0.012319764436315096,0.7416343416312654
fold4_pca_0.95,4,pca_0.95,pca,21,324,64,0.01122824513016363,0.752862586761429
fold4_pca_0.95,4,pca_0.95,pca,22,324,64,0.010767223805692361,0.7636298105671214
fold4_pca_0.95,4,pca_0.95,pca,23,324,64,0.010130526485833133,0.7737603370529545
fold4_pca_0.95,4,pca_0.95,pca,24,324,64,0.009869949580496737,0.7836302866334512
fold4_pca_0.95,4,pca_0.95,pca,25,324,64,0.00884512983442024,0.7924754164678715
fold4_pca_0.95,4,pca_0.95,pca,26,324,64,0.007790257485723796,0.8002656739535953
fold4_pca_0.95,4,pca_0.95,pca,27,324,64,0.007405865762264496,0.8076715397158598
fold4_pca_0.95,4,pca_0.95,pca,28,324,64,0.007241338219783523,0.8149128779356434
fold4_pca_0.95,4,pca_0.95,pca,29,324,64,0.007112841725832843,0.8220257196614762
fold4_pca_0.95,4,pca_0.95,pca,30,324,64,0.006957200160362804,0.828982919821839
fold4_pca_0.95,4,pca_0.95,pca,31,324,64,0.006549656583053248,0.8355325764048923
fold4_pca_0.95,4,pca_0.95,pca,32,324,64,0.006290585233300654,0.8418231616381929
fold4_pca_0.95,4,pca_0.95,pca,33,324,64,0.006055077725319488,0.8478782393635124
fold4_pca_0.95,4,pca_0.95,pca,34,324,64,0.005830509745119008,0.8537087491086314
fold4_pca_0.95,4,pca_0.95,pca,35,324,64,0.005578614291613266,0.8592873634002446
fold4_pca_0.95,4,pca_0.95,pca,36,324,64,0.005230100141627622,0.8645174635418722
fold4_pca_0.95,4,pca_0.95,pca,37,324,64,0.0049881781470262985,0.8695056416888985
fold4_pca_0.95,4,pca_0.95,pca,38,324,64,0.0046871331418185756,0.8741927748307171
fold4_pca_0.95,4,pca_0.95,pca,39,324,64,0.004541431639052679,0.8787342064697697
fold4_pca_0.95,4,pca_0.95,pca,40,324,64,0.004306974796829011,0.8830411812665988
fold4_pca_0.95,4,pca_0.95,pca,41,324,64,0.0041894044952278916,0.8872305857618267
fold4_pca_0.95,4,pca_0.95,pca,42,324,64,0.0041255297225123565,0.891356115484339
fold4_pca_0.95,4,pca_0.95,pca,43,324,64,0.004021464216160599,0.8953775797004996
fold4_pca_0.95,4,pca_0.95,pca,44,324,64,0.0037617439070211445,0.8991393236075207
fold4_pca_0.95,4,pca_0.95,pca,45,324,64,0.0036677197125181914,0.9028070433200389
fold4_pca_0.95,4,pca_0.95,pca,46,324,64,0.0035076298435308497,0.9063146731635697
fold4_pca_0.95,4,pca_0.95,pca,47,324,64,0.0034479921089374485,0.9097626652725072
fold4_pca_0.95,4,pca_0.95,pca,48,324,64,0.0033519097444977544,0.9131145750170049
fold4_pca_0.95,4,pca_0.95,pca,49,324,64,0.0033080433355637795,0.9164226183525687
fold4_pca_0.95,4,pca_0.95,pca,50,324,64,0.0031226190042968603,0.9195452373568656
fold4_pca_0.95,4,pca_0.95,pca,51,324,64,0.0028895281895567893,0.9224347655464223
fold4_pca_0.95,4,pca_0.95,pca,52,324,64,0.0028444893249643397,0.9252792548713867
fold4_pca_0.95,4,pca_0.95,pca,53,324,64,0.002638072726152396,0.9279173275975391
fold4_pca_0.95,4,pca_0.95,pca,54,324,64,0.0026158697359450088,0.930533197333484
fold4_pca_0.95,4,pca_0.95,pca,55,324,64,0.002470768334703838,0.9330039656681879
fold4_pca_0.95,4,pca_0.95,pca,56,324,64,0.002432424486798008,0.9354363901549859
fold4_pca_0.95,4,pca_0.95,pca,57,324,64,0.002396833383448301,0.9378332235384342
fold4_pca_0.95,4,pca_0.95,pca,58,324,64,0.0021516129388671414,0.9399848364773014
fold4_pca_0.95,4,pca_0.95,pca,59,324,64,0.0020111706820921016,0.9419960071593935
fold4_pca_0.95,4,pca_0.95,pca,60,324,64,0.0019501202167016205,0.9439461273760951
fold4_pca_0.95,4,pca_0.95,pca,61,324,64,0.0018707128230141608,0.9458168401991093
fold4_pca_0.95,4,pca_0.95,pca,62,324,64,0.0018431609458444585,0.9476600011449537
fold4_pca_0.95,4,pca_0.95,pca,63,324,64,0.0017686797018637642,0.9494286808468175
fold4_pca_0.95,4,pca_0.95,pca,64,324,64,0.001743781459984797,0.9511724623068023
fold4_pca_full,4,pca_full,pca,1,324,324,0.1383678834420287,0.1383678834420287
fold4_pca_full,4,pca_full,pca,2,324,324,0.08747812322851097,0.22584600667053967
fold4_pca_full,4,pca_full,pca,3,324,324,0.0790716668861556,0.3049176735566953
fold4_pca_full,4,pca_full,pca,4,324,324,0.06381014583227682,0.36872781938897214
fold4_pca_full,4,pca_full,pca,5,324,324,0.04112577154846406,0.40985359093743623
fold4_pca_full,4,pca_full,pca,6,324,324,0.03742748686584889,0.44728107780328513
fold4_pca_full,4,pca_full,pca,7,324,324,0.0344938610594244,0.4817749388627095
fold4_pca_full,4,pca_full,pca,8,324,324,0.03164103180007798,0.5134159706627874
fold4_pca_full,4,pca_full,pca,9,324,324,0.029271729314218658,0.542687699977006
fold4_pca_full,4,pca_full,pca,10,324,324,0.02766260114631507,0.5703503011233211
fold4_pca_full,4,pca_full,pca,11,324,324,0.024448212253653335,0.5947985133769744
fold4_pca_full,4,pca_full,pca,12,324,324,0.022367323000747806,0.6171658363777223
fold4_pca_full,4,pca_full,pca,13,324,324,0.019470420859878584,0.6366362572376009
fold4_pca_full,4,pca_full,pca,14,324,324,0.01883839694881136,0.6554746541864123
fold4_pca_full,4,pca_full,pca,15,324,324,0.017002755513155908,0.6724774096995682
fold4_pca_full,4,pca_full,pca,16,324,324,0.016446526300296988,0.6889239359998651
fold4_pca_full,4,pca_full,pca,17,324,324,0.014166256934243983,0.7030901929341091
fold4_pca_full,4,pca_full,pca,18,324,324,0.013657195733117506,0.7167473886672266
fold4_pca_full,4,pca_full,pca,19,324,324,0.012567188527723615,0.7293145771949503
fold4_pca_full,4,pca_full,pca,20,324,324,0.012319764436315096,0.7416343416312654
fold4_pca_full,4,pca_full,pca,21,324,324,0.01122824513016363,0.752862586761429
fold4_pca_full,4,pca_full,pca,22,324,324,0.010767223805692361,0.7636298105671214
fold4_pca_full,4,pca_full,pca,23,324,324,0.010130526485833133,0.7737603370529545
fold4_pca_full,4,pca_full,pca,24,324,324,0.009869949580496737,0.7836302866334512
fold4_pca_full,4,pca_full,pca,25,324,324,0.00884512983442024,0.7924754164678715
fold4_pca_full,4,pca_full,pca,26,324,324,0.007790257485723796,0.8002656739535953
fold4_pca_full,4,pca_full,pca,27,324,324,0.007405865762264496,0.8076715397158598
fold4_pca_full,4,pca_full,pca,28,324,324,0.007241338219783523,0.8149128779356434
fold4_pca_full,4,pca_full,pca,29,324,324,0.007112841725832843,0.8220257196614762
fold4_pca_full,4,pca_full,pca,30,324,324,0.006957200160362804,0.828982919821839
fold4_pca_full,4,pca_full,pca,31,324,324,0.006549656583053248,0.8355325764048923
fold4_pca_full,4,pca_full,pca,32,324,324,0.006290585233300654,0.8418231616381929
fold4_pca_full,4,pca_full,pca,33,324,324,0.006055077725319488,0.8478782393635124
fold4_pca_full,4,pca_full,pca,34,324,324,0.005830509745119008,0.8537087491086314
fold4_pca_full,4,pca_full,pca,35,324,324,0.005578614291613266,0.8592873634002446
fold4_pca_full,4,pca_full,pca,36,324,324,0.005230100141627622,0.8645174635418722
fold4_pca_full,4,pca_full,pca,37,324,324,0.0049881781470262985,0.8695056416888985
fold4_pca_full,4,pca_full,pca,38,324,324,0.0046871331418185756,0.8741927748307171
fold4_pca_full,4,pca_full,pca,39,324,324,0.004541431639052679,0.8787342064697697
fold4_pca_full,4,pca_full,pca,40,324,324,0.004306974796829011,0.8830411812665988
fold4_pca_full,4,pca_full,pca,41,324,324,0.0041894044952278916,0.8872305857618267
fold4_pca_full,4,pca_full,pca,42,324,324,0.0041255297225123565,0.891356115484339
fold4_pca_full,4,pca_full,pca,43,324,324,0.004021464216160599,0.8953775797004996
fold4_pca_full,4,pca_full,pca,44,324,324,0.0037617439070211445,0.8991393236075207
fold4_pca_full,4,pca_full,pca,45,324,324,0.0036677197125181914,0.9028070433200389
fold4_pca_full,4,pca_full,pca,46,324,324,0.0035076298435308497,0.9063146731635697
fold4_pca_full,4,pca_full,pca,47,324,324,0.0034479921089374485,0.9097626652725072
fold4_pca_full,4,pca_full,pca,48,324,324,0.0033519097444977544,0.9131145750170049
fold4_pca_full,4,pca_full,pca,49,324,324,0.0033080433355637795,0.9164226183525687
fold4_pca_full,4,pca_full,pca,50,324,324,0.0031226190042968603,0.9195452373568656
fold4_pca_full,4,pca_full,pca,51,324,324,0.0028895281895567893,0.9224347655464223
fold4_pca_full,4,pca_full,pca,52,324,324,0.0028444893249643397,0.9252792548713867
fold4_pca_full,4,pca_full,pca,53,324,324,0.002638072726152396,0.9279173275975391
fold4_pca_full,4,pca_full,pca,54,324,324,0.0026158697359450088,0.930533197333484
fold4_pca_full,4,pca_full,pca,55,324,324,0.002470768334703838,0.9330039656681879
fold4_pca_full,4,pca_full,pca,56,324,324,0.002432424486798008,0.9354363901549859
fold4_pca_full,4,pca_full,pca,57,324,324,0.002396833383448301,0.9378332235384342
fold4_pca_full,4,pca_full,pca,58,324,324,0.0021516129388671414,0.9399848364773014
fold4_pca_full,4,pca_full,pca,59,324,324,0.0020111706820921016,0.9419960071593935
fold4_pca_full,4,pca_full,pca,60,324,324,0.0019501202167016205,0.9439461273760951
fold4_pca_full,4,pca_full,pca,61,324,324,0.0018707128230141608,0.9458168401991093
fold4_pca_full,4,pca_full,pca,62,324,324,0.0018431609458444585,0.9476600011449537
fold4_pca_full,4,pca_full,pca,63,324,324,0.0017686797018637642,0.9494286808468175
fold4_pca_full,4,pca_full,pca,64,324,324,0.001743781459984797,0.9511724623068023
fold4_pca_full,4,pca_full,pca,65,324,324,0.0016110347490054936,0.9527834970558078
fold4_pca_full,4,pca_full,pca,66,324,324,0.0015976846425965166,0.9543811816984042
fold4_pca_full,4,pca_full,pca,67,324,324,0.001531774185421833,0.9559129558838261
fold4_pca_full,4,pca_full,pca,68,324,324,0.001475796657253705,0.9573887525410798
fold4_pca_full,4,pca_full,pca,69,324,324,0.0014628384053202985,0.9588515909464
fold4_pca_full,4,pca_full,pca,70,324,324,0.0013445095645973043,0.9601961005109974
fold4_pca_full,4,pca_full,pca,71,324,324,0.001319780365214467,0.9615158808762119
fold4_pca_full,4,pca_full,pca,72,324,324,0.0012512135891864806,0.9627670944653983
fold4_pca_full,4,pca_full,pca,73,324,324,0.0012328339453267756,0.9639999284107251
fold4_pca_full,4,pca_full,pca,74,324,324,0.0011827763159809408,0.9651827047267061
fold4_pca_full,4,pca_full,pca,75,324,324,0.0011744744422681852,0.9663571791689742
fold4_pca_full,4,pca_full,pca,76,324,324,0.0011110547788721627,0.9674682339478464
fold4_pca_full,4,pca_full,pca,77,324,324,0.001086600457506293,0.9685548344053527
fold4_pca_full,4,pca_full,pca,78,324,324,0.0010768565245888528,0.9696316909299416
fold4_pca_full,4,pca_full,pca,79,324,324,0.0010445423521881604,0.9706762332821298
fold4_pca_full,4,pca_full,pca,80,324,324,0.0010230363162870135,0.9716992695984168
fold4_pca_full,4,pca_full,pca,81,324,324,0.0009628763610713962,0.9726621459594882
fold4_pca_full,4,pca_full,pca,82,324,324,0.0009183042577919404,0.9735804502172801
fold4_pca_full,4,pca_full,pca,83,324,324,0.000905398949241222,0.9744858491665214
fold4_pca_full,4,pca_full,pca,84,324,324,0.0008677187712664246,0.9753535679377878
fold4_pca_full,4,pca_full,pca,85,324,324,0.0008319254284155467,0.9761854933662034
fold4_pca_full,4,pca_full,pca,86,324,324,0.0007895731807223705,0.9769750665469258
fold4_pca_full,4,pca_full,pca,87,324,324,0.0007759844117386486,0.9777510509586644
fold4_pca_full,4,pca_full,pca,88,324,324,0.0007419074384703865,0.9784929583971348
fold4_pca_full,4,pca_full,pca,89,324,324,0.000727686573904957,0.9792206449710398
fold4_pca_full,4,pca_full,pca,90,324,324,0.0006688285886493182,0.9798894735596891
fold4_pca_full,4,pca_full,pca,91,324,324,0.0006488817257480992,0.9805383552854372
fold4_pca_full,4,pca_full,pca,92,324,324,0.0006231476639161735,0.9811615029493533
fold4_pca_full,4,pca_full,pca,93,324,324,0.0006159056767009903,0.9817774086260543
fold4_pca_full,4,pca_full,pca,94,324,324,0.0005841314542736221,0.9823615400803279
fold4_pca_full,4,pca_full,pca,95,324,324,0.0005631190023189473,0.9829246590826469
fold4_pca_full,4,pca_full,pca,96,324,324,0.0005486243104454305,0.9834732833930924
fold4_pca_full,4,pca_full,pca,97,324,324,0.000525711967194268,0.9839989953602867
fold4_pca_full,4,pca_full,pca,98,324,324,0.0005049941674853366,0.984503989527772
fold4_pca_full,4,pca_full,pca,99,324,324,0.0004958233014612382,0.9849998128292332
fold4_pca_full,4,pca_full,pca,100,324,324,0.0004649172163668245,0.9854647300456001
fold4_pca_full,4,pca_full,pca,101,324,324,0.00046221807591693357,0.985926948121517
fold4_pca_full,4,pca_full,pca,102,324,324,0.0004569463616050008,0.986383894483122
fold4_pca_full,4,pca_full,pca,103,324,324,0.0004439860561551434,0.9868278805392772
fold4_pca_full,4,pca_full,pca,104,324,324,0.00043053843948822533,0.9872584189787654
fold4_pca_full,4,pca_full,pca,105,324,324,0.00040772331783132373,0.9876661422965968
fold4_pca_full,4,pca_full,pca,106,324,324,0.0003969707375359951,0.9880631130341327
fold4_pca_full,4,pca_full,pca,107,324,324,0.0003740051209971983,0.9884371181551299
fold4_pca_full,4,pca_full,pca,108,324,324,0.0003600233614075159,0.9887971415165374
fold4_pca_full,4,pca_full,pca,109,324,324,0.000353501747215307,0.9891506432637527
fold4_pca_full,4,pca_full,pca,110,324,324,0.00034964232489826974,0.989500285588651
fold4_pca_full,4,pca_full,pca,111,324,324,0.00034267264481278604,0.9898429582334638
fold4_pca_full,4,pca_full,pca,112,324,324,0.00032243926336659047,0.9901653974968304
fold4_pca_full,4,pca_full,pca,113,324,324,0.0003111486877290931,0.9904765461845595
fold4_pca_full,4,pca_full,pca,114,324,324,0.0003009885266601408,0.9907775347112197
fold4_pca_full,4,pca_full,pca,115,324,324,0.0002907985760243275,0.991068333287244
fold4_pca_full,4,pca_full,pca,116,324,324,0.0002800595021208321,0.9913483927893648
fold4_pca_full,4,pca_full,pca,117,324,324,0.00027642715272876815,0.9916248199420936
fold4_pca_full,4,pca_full,pca,118,324,324,0.0002665011648313387,0.9918913211069249
fold4_pca_full,4,pca_full,pca,119,324,324,0.0002543826842503165,0.9921457037911752
fold4_pca_full,4,pca_full,pca,120,324,324,0.0002473194036315673,0.9923930231948067
fold4_pca_full,4,pca_full,pca,121,324,324,0.00024019620474758556,0.9926332193995543
fold4_pca_full,4,pca_full,pca,122,324,324,0.000236027646815605,0.9928692470463699
fold4_pca_full,4,pca_full,pca,123,324,324,0.00023293899529431737,0.9931021860416642
fold4_pca_full,4,pca_full,pca,124,324,324,0.00022442779616820374,0.9933266138378324
fold4_pca_full,4,pca_full,pca,125,324,324,0.00022278140936486993,0.9935493952471972
fold4_pca_full,4,pca_full,pca,126,324,324,0.00021814676864740628,0.9937675420158446
fold4_pca_full,4,pca_full,pca,127,324,324,0.0002129823417201298,0.9939805243575648
fold4_pca_full,4,pca_full,pca,128,324,324,0.00020788019483507998,0.9941884045523999
fold4_pca_full,4,pca_full,pca,129,324,324,0.00020427057965772223,0.9943926751320576
fold4_pca_full,4,pca_full,pca,130,324,324,0.00019444929599189787,0.9945871244280495
fold4_pca_full,4,pca_full,pca,131,324,324,0.0001861425319965709,0.9947732669600461
fold4_pca_full,4,pca_full,pca,132,324,324,0.0001800695659646375,0.9949533365260107
fold4_pca_full,4,pca_full,pca,133,324,324,0.00017498131851917105,0.9951283178445298
fold4_pca_full,4,pca_full,pca,134,324,324,0.00017235498657049503,0.9953006728311004
fold4_pca_full,4,pca_full,pca,135,324,324,0.00016614846818177015,0.9954668212992821
fold4_pca_full,4,pca_full,pca,136,324,324,0.00015470811763140352,0.9956215294169135
fold4_pca_full,4,pca_full,pca,137,324,324,0.00014831783850808748,0.9957698472554216
fold4_pca_full,4,pca_full,pca,138,324,324,0.00014543967173374423,0.9959152869271554
fold4_pca_full,4,pca_full,pca,139,324,324,0.00014450174262082744,0.9960597886697762
fold4_pca_full,4,pca_full,pca,140,324,324,0.00013883267355242705,0.9961986213433286
fold4_pca_full,4,pca_full,pca,141,324,324,0.00013733709839961912,0.9963359584417282
fold4_pca_full,4,pca_full,pca,142,324,324,0.00013433375451642163,0.9964702921962446
fold4_pca_full,4,pca_full,pca,143,324,324,0.00013044875085951136,0.9966007409471042
fold4_pca_full,4,pca_full,pca,144,324,324,0.00012446204131138236,0.9967252029884155
fold4_pca_full,4,pca_full,pca,145,324,324,0.00012137340208667417,0.9968465763905021
fold4_pca_full,4,pca_full,pca,146,324,324,0.00011541363553951917,0.9969619900260417
fold4_pca_full,4,pca_full,pca,147,324,324,0.00011336366417970529,0.9970753536902214
fold4_pca_full,4,pca_full,pca,148,324,324,0.00010984893442469459,0.997185202624646
fold4_pca_full,4,pca_full,pca,149,324,324,0.00010784642841391201,0.9972930490530599
fold4_pca_full,4,pca_full,pca,150,324,324,0.00010579165831812842,0.9973988407113781
fold4_pca_full,4,pca_full,pca,151,324,324,9.955817506617198e-05,0.9974983988864442
fold4_pca_full,4,pca_full,pca,152,324,324,9.555657287497847e-05,0.9975939554593192
fold4_pca_full,4,pca_full,pca,153,324,324,9.26845774673845e-05,0.9976866400367865
fold4_pca_full,4,pca_full,pca,154,324,324,9.217901418139789e-05,0.9977788190509679
fold4_pca_full,4,pca_full,pca,155,324,324,8.865870509054482e-05,0.9978674777560584
fold4_pca_full,4,pca_full,pca,156,324,324,8.679403398894516e-05,0.9979542717900474
fold4_pca_full,4,pca_full,pca,157,324,324,8.400538276904933e-05,0.9980382771728165
fold4_pca_full,4,pca_full,pca,158,324,324,7.964200791954365e-05,0.998117919180736
fold4_pca_full,4,pca_full,pca,159,324,324,7.742962519426752e-05,0.9981953488059303
fold4_pca_full,4,pca_full,pca,160,324,324,7.140371275300667e-05,0.9982667525186834
fold4_pca_full,4,pca_full,pca,161,324,324,7.04336062386607e-05,0.9983371861249221
fold4_pca_full,4,pca_full,pca,162,324,324,6.57607707511013e-05,0.9984029468956732
fold4_pca_full,4,pca_full,pca,163,324,324,6.455214099323704e-05,0.9984674990366664
fold4_pca_full,4,pca_full,pca,164,324,324,6.31431922987433e-05,0.9985306422289651
fold4_pca_full,4,pca_full,pca,165,324,324,6.117693623945742e-05,0.9985918191652046
fold4_pca_full,4,pca_full,pca,166,324,324,5.952283858709891e-05,0.9986513420037917
fold4_pca_full,4,pca_full,pca,167,324,324,5.797208983427107e-05,0.998709314093626
fold4_pca_full,4,pca_full,pca,168,324,324,5.419766846789356e-05,0.9987635117620939
fold4_pca_full,4,pca_full,pca,169,324,324,5.1381842202537095e-05,0.9988148936042964
fold4_pca_full,4,pca_full,pca,170,324,324,5.088539598263566e-05,0.9988657790002791
fold4_pca_full,4,pca_full,pca,171,324,324,4.94207244631889e-05,0.9989151997247423
fold4_pca_full,4,pca_full,pca,172,324,324,4.802363891231188e-05,0.9989632233636546
fold4_pca_full,4,pca_full,pca,173,324,324,4.573648948440069e-05,0.999008959853139
fold4_pca_full,4,pca_full,pca,174,324,324,4.409661503326985e-05,0.9990530564681722
fold4_pca_full,4,pca_full,pca,175,324,324,4.228356354095139e-05,0.9990953400317132
fold4_pca_full,4,pca_full,pca,176,324,324,4.2076938880138425e-05,0.9991374169705933
fold4_pca_full,4,pca_full,pca,177,324,324,3.98842167680377e-05,0.9991773011873614
fold4_pca_full,4,pca_full,pca,178,324,324,3.937113222599121e-05,0.9992166723195873
fold4_pca_full,4,pca_full,pca,179,324,324,3.545634404211014e-05,0.9992521286636294
fold4_pca_full,4,pca_full,pca,180,324,324,3.4099819863830824e-05,0.9992862284834932
fold4_pca_full,4,pca_full,pca,181,324,324,3.327951946619197e-05,0.9993195080029594
fold4_pca_full,4,pca_full,pca,182,324,324,3.099583003474772e-05,0.9993505038329942
fold4_pca_full,4,pca_full,pca,183,324,324,3.059268897459627e-05,0.9993810965219688
fold4_pca_full,4,pca_full,pca,184,324,324,2.9759778509540587e-05,0.9994108563004783
fold4_pca_full,4,pca_full,pca,185,324,324,2.9150006478889342e-05,0.9994400063069572
fold4_pca_full,4,pca_full,pca,186,324,324,2.758729717735839e-05,0.9994675936041345
fold4_pca_full,4,pca_full,pca,187,324,324,2.6238405327523473e-05,0.9994938320094621
fold4_pca_full,4,pca_full,pca,188,324,324,2.5245385558508453e-05,0.9995190773950205
fold4_pca_full,4,pca_full,pca,189,324,324,2.4523309041694842e-05,0.9995436007040622
fold4_pca_full,4,pca_full,pca,190,324,324,2.2799999315025562e-05,0.9995664007033772
fold4_pca_full,4,pca_full,pca,191,324,324,2.2153873735545987e-05,0.9995885545771127
fold4_pca_full,4,pca_full,pca,192,324,324,2.1590108365661268e-05,0.9996101446854784
fold4_pca_full,4,pca_full,pca,193,324,324,2.0914156238503065e-05,0.9996310588417169
fold4_pca_full,4,pca_full,pca,194,324,324,2.0266783137127723e-05,0.999651325624854
fold4_pca_full,4,pca_full,pca,195,324,324,1.9881723878806623e-05,0.9996712073487328
fold4_pca_full,4,pca_full,pca,196,324,324,1.925169066965311e-05,0.9996904590394025
fold4_pca_full,4,pca_full,pca,197,324,324,1.856334302242278e-05,0.9997090223824249
fold4_pca_full,4,pca_full,pca,198,324,324,1.818453602035483e-05,0.9997272069184452
fold4_pca_full,4,pca_full,pca,199,324,324,1.7240643181286765e-05,0.9997444475616265
fold4_pca_full,4,pca_full,pca,200,324,324,1.6905560770668285e-05,0.9997613531223972
fold4_pca_full,4,pca_full,pca,201,324,324,1.5220393576722677e-05,0.9997765735159739
fold4_pca_full,4,pca_full,pca,202,324,324,1.4303476097264445e-05,0.9997908769920711
fold4_pca_full,4,pca_full,pca,203,324,324,1.2786662582311284e-05,0.9998036636546535
fold4_pca_full,4,pca_full,pca,204,324,324,1.2351344726602762e-05,0.9998160149993801
fold4_pca_full,4,pca_full,pca,205,324,324,1.1496100538726282e-05,0.9998275110999189
fold4_pca_full,4,pca_full,pca,206,324,324,1.1091965020109629e-05,0.999838603064939
fold4_pca_full,4,pca_full,pca,207,324,324,1.0554410385123788e-05,0.9998491574753241
fold4_pca_full,4,pca_full,pca,208,324,324,9.9726360540599e-06,0.9998591301113782
fold4_pca_full,4,pca_full,pca,209,324,324,9.510409029744794e-06,0.9998686405204079
fold4_pca_full,4,pca_full,pca,210,324,324,8.992651331845949e-06,0.9998776331717397
fold4_pca_full,4,pca_full,pca,211,324,324,8.802173336252427e-06,0.9998864353450759
fold4_pca_full,4,pca_full,pca,212,324,324,8.44322831298712e-06,0.9998948785733889
fold4_pca_full,4,pca_full,pca,213,324,324,7.900091097301449e-06,0.9999027786644862
fold4_pca_full,4,pca_full,pca,214,324,324,7.394414821572339e-06,0.9999101730793077
fold4_pca_full,4,pca_full,pca,215,324,324,7.332543981650385e-06,0.9999175056232894
fold4_pca_full,4,pca_full,pca,216,324,324,6.929254868885359e-06,0.9999244348781583
fold4_pca_full,4,pca_full,pca,217,324,324,6.462999852269853e-06,0.9999308978780106
fold4_pca_full,4,pca_full,pca,218,324,324,6.3073017401762656e-06,0.9999372051797508
fold4_pca_full,4,pca_full,pca,219,324,324,5.823349332363697e-06,0.9999430285290832
fold4_pca_full,4,pca_full,pca,220,324,324,4.516597511460885e-06,0.9999475451265947
fold4_pca_full,4,pca_full,pca,221,324,324,4.2627320311657505e-06,0.9999518078586258
fold4_pca_full,4,pca_full,pca,222,324,324,4.205876994334862e-06,0.9999560137356202
fold4_pca_full,4,pca_full,pca,223,324,324,3.8438362158688535e-06,0.999959857571836
fold4_pca_full,4,pca_full,pca,224,324,324,3.764136553930168e-06,0.9999636217083899
fold4_pca_full,4,pca_full,pca,225,324,324,3.6400170063662604e-06,0.9999672617253963
fold4_pca_full,4,pca_full,pca,226,324,324,3.215726348577123e-06,0.9999704774517448
fold4_pca_full,4,pca_full,pca,227,324,324,2.9003494625884656e-06,0.9999733778012074
fold4_pca_full,4,pca_full,pca,228,324,324,2.503623122700005e-06,0.9999758814243301
fold4_pca_full,4,pca_full,pca,229,324,324,2.339901533895533e-06,0.999978221325864
fold4_pca_full,4,pca_full,pca,230,324,324,2.272988370819072e-06,0.9999804943142349
fold4_pca_full,4,pca_full,pca,231,324,324,2.0668291482538665e-06,0.9999825611433831
fold4_pca_full,4,pca_full,pca,232,324,324,1.922014313052962e-06,0.9999844831576962
fold4_pca_full,4,pca_full,pca,233,324,324,1.586367352621886e-06,0.9999860695250488
fold4_pca_full,4,pca_full,pca,234,324,324,1.496258256862646e-06,0.9999875657833056
fold4_pca_full,4,pca_full,pca,235,324,324,1.3233544270314862e-06,0.9999888891377327
fold4_pca_full,4,pca_full,pca,236,324,324,1.2987436453295888e-06,0.999990187881378
fold4_pca_full,4,pca_full,pca,237,324,324,1.0667284297743639e-06,0.9999912546098078
fold4_pca_full,4,pca_full,pca,238,324,324,9.857908053419368e-07,0.9999922404006131
fold4_pca_full,4,pca_full,pca,239,324,324,9.170227559572469e-07,0.999993157423369
fold4_pca_full,4,pca_full,pca,240,324,324,8.511249297258563e-07,0.9999940085482988
fold4_pca_full,4,pca_full,pca,241,324,324,8.140382680444695e-07,0.9999948225865668
fold4_pca_full,4,pca_full,pca,242,324,324,7.370701124133194e-07,0.9999955596566792
fold4_pca_full,4,pca_full,pca,243,324,324,6.87730395836621e-07,0.999996247387075
fold4_pca_full,4,pca_full,pca,244,324,324,6.494779261147656e-07,0.9999968968650012
fold4_pca_full,4,pca_full,pca,245,324,324,5.473033744491161e-07,0.9999974441683755
fold4_pca_full,4,pca_full,pca,246,324,324,5.080297437301355e-07,0.9999979521981193
fold4_pca_full,4,pca_full,pca,247,324,324,4.4472683184409753e-07,0.9999983969249511
fold4_pca_full,4,pca_full,pca,248,324,324,3.364642472685883e-07,0.9999987333891983
fold4_pca_full,4,pca_full,pca,249,324,324,3.1410406513471955e-07,0.9999990474932634
fold4_pca_full,4,pca_full,pca,250,324,324,2.715777529743356e-07,0.9999993190710164
fold4_pca_full,4,pca_full,pca,251,324,324,1.8912099958958188e-07,0.999999508192016
fold4_pca_full,4,pca_full,pca,252,324,324,1.612166503109564e-07,0.9999996694086664
fold4_pca_full,4,pca_full,pca,253,324,324,1.1793104541842016e-07,0.9999997873397117
fold4_pca_full,4,pca_full,pca,254,324,324,6.74594206818546e-08,0.9999998547991324
fold4_pca_full,4,pca_full,pca,255,324,324,5.060892178179491e-08,0.9999999054080543
fold4_pca_full,4,pca_full,pca,256,324,324,4.5288222835686127e-08,0.9999999506962771
fold4_pca_full,4,pca_full,pca,257,324,324,3.43262437461028e-08,0.9999999850225209
fold4_pca_full,4,pca_full,pca,258,324,324,6.141074540499758e-09,0.9999999911635954
fold4_pca_full,4,pca_full,pca,259,324,324,4.322797874400602e-09,0.9999999954863933
fold4_pca_full,4,pca_full,pca,260,324,324,2.555745182211476e-09,0.9999999980421385
fold4_pca_full,4,pca_full,pca,261,324,324,1.887076873245674e-09,0.9999999999292153
fold4_pca_full,4,pca_full,pca,262,324,324,7.078425349048392e-11,0.9999999999999996
fold4_pca_full,4,pca_full,pca,263,324,324,2.728825344639855e-32,0.9999999999999996
fold4_pca_full,4,pca_full,pca,264,324,324,2.2211488816482734e-33,0.9999999999999996
fold4_pca_full,4,pca_full,pca,265,324,324,1.1177653037229186e-33,0.9999999999999996
fold4_pca_full,4,pca_full,pca,266,324,324,6.3624372367174945e-34,0.9999999999999996
fold4_pca_full,4,pca_full,pca,267,324,324,6.3624372367174945e-34,0.9999999999999996
fold4_pca_full,4,pca_full,pca,268,324,324,6.3624372367174945e-34,0.9999999999999996
fold4_pca_full,4,pca_full,pca,269,324,324,6.3624372367174945e-34,0.9999999999999996
fold4_pca_full,4,pca_full,pca,270,324,324,6.3624372367174945e-34,0.9999999999999996
fold4_pca_full,4,pca_full,pca,271,324,324,6.3624372367174945e-34,0.9999999999999996
fold4_pca_full,4,pca_full,pca,272,324,324,6.3624372367174945e-34,0.9999999999999996
fold4_pca_full,4,pca_full,pca,273,324,324,6.3624372367174945e-34,0.9999999999999996
fold4_pca_full,4,pca_full,pca,274,324,324,6.3624372367174945e-34,0.9999999999999996
fold4_pca_full,4,pca_full,pca,275,324,324,6.3624372367174945e-34,0.9999999999999996
fold4_pca_full,4,pca_full,pca,276,324,324,6.3624372367174945e-34,0.9999999999999996
fold4_pca_full,4,pca_full,pca,277,324,324,6.3624372367174945e-34,0.9999999999999996
fold4_pca_full,4,pca_full,pca,278,324,324,6.3624372367174945e-34,0.9999999999999996
fold4_pca_full,4,pca_full,pca,279,324,324,6.3624372367174945e-34,0.9999999999999996
fold4_pca_full,4,pca_full,pca,280,324,324,6.3624372367174945e-34,0.9999999999999996
fold4_pca_full,4,pca_full,pca,281,324,324,6.3624372367174945e-34,0.9999999999999996
fold4_pca_full,4,pca_full,pca,282,324,324,6.3624372367174945e-34,0.9999999999999996
fold4_pca_full,4,pca_full,pca,283,324,324,6.3624372367174945e-34,0.9999999999999996
fold4_pca_full,4,pca_full,pca,284,324,324,6.3624372367174945e-34,0.9999999999999996
fold4_pca_full,4,pca_full,pca,285,324,324,6.3624372367174945e-34,0.9999999999999996
fold4_pca_full,4,pca_full,pca,286,324,324,6.3624372367174945e-34,0.9999999999999996
fold4_pca_full,4,pca_full,pca,287,324,324,6.3624372367174945e-34,0.9999999999999996
fold4_pca_full,4,pca_full,pca,288,324,324,6.3624372367174945e-34,0.9999999999999996
fold4_pca_full,4,pca_full,pca,289,324,324,6.3624372367174945e-34,0.9999999999999996
fold4_pca_full,4,pca_full,pca,290,324,324,6.3624372367174945e-34,0.9999999999999996
fold4_pca_full,4,pca_full,pca,291,324,324,6.3624372367174945e-34,0.9999999999999996
fold4_pca_full,4,pca_full,pca,292,324,324,6.3624372367174945e-34,0.9999999999999996
fold4_pca_full,4,pca_full,pca,293,324,324,6.3624372367174945e-34,0.9999999999999996
fold4_pca_full,4,pca_full,pca,294,324,324,6.3624372367174945e-34,0.9999999999999996
fold4_pca_full,4,pca_full,pca,295,324,324,6.3624372367174945e-34,0.9999999999999996
fold4_pca_full,4,pca_full,pca,296,324,324,6.3624372367174945e-34,0.9999999999999996
fold4_pca_full,4,pca_full,pca,297,324,324,6.3624372367174945e-34,0.9999999999999996
fold4_pca_full,4,pca_full,pca,298,324,324,6.3624372367174945e-34,0.9999999999999996
fold4_pca_full,4,pca_full,pca,299,324,324,6.3624372367174945e-34,0.9999999999999996
fold4_pca_full,4,pca_full,pca,300,324,324,6.3624372367174945e-34,0.9999999999999996
fold4_pca_full,4,pca_full,pca,301,324,324,6.3624372367174945e-34,0.9999999999999996
fold4_pca_full,4,pca_full,pca,302,324,324,6.3624372367174945e-34,0.9999999999999996
fold4_pca_full,4,pca_full,pca,303,324,324,6.3624372367174945e-34,0.9999999999999996
fold4_pca_full,4,pca_full,pca,304,324,324,6.3624372367174945e-34,0.9999999999999996
fold4_pca_full,4,pca_full,pca,305,324,324,6.3624372367174945e-34,0.9999999999999996
fold4_pca_full,4,pca_full,pca,306,324,324,6.3624372367174945e-34,0.9999999999999996
fold4_pca_full,4,pca_full,pca,307,324,324,6.3624372367174945e-34,0.9999999999999996
fold4_pca_full,4,pca_full,pca,308,324,324,6.3624372367174945e-34,0.9999999999999996
fold4_pca_full,4,pca_full,pca,309,324,324,6.3624372367174945e-34,0.9999999999999996
fold4_pca_full,4,pca_full,pca,310,324,324,6.3624372367174945e-34,0.9999999999999996
fold4_pca_full,4,pca_full,pca,311,324,324,6.3624372367174945e-34,0.9999999999999996
fold4_pca_full,4,pca_full,pca,312,324,324,6.3624372367174945e-34,0.9999999999999996
fold4_pca_full,4,pca_full,pca,313,324,324,6.3624372367174945e-34,0.9999999999999996
fold4_pca_full,4,pca_full,pca,314,324,324,6.3624372367174945e-34,0.9999999999999996
fold4_pca_full,4,pca_full,pca,315,324,324,6.3624372367174945e-34,0.9999999999999996
fold4_pca_full,4,pca_full,pca,316,324,324,6.3624372367174945e-34,0.9999999999999996
fold4_pca_full,4,pca_full,pca,317,324,324,6.3624372367174945e-34,0.9999999999999996
fold4_pca_full,4,pca_full,pca,318,324,324,6.3624372367174945e-34,0.9999999999999996
fold4_pca_full,4,pca_full,pca,319,324,324,6.3624372367174945e-34,0.9999999999999996
fold4_pca_full,4,pca_full,pca,320,324,324,6.3624372367174945e-34,0.9999999999999996
fold4_pca_full,4,pca_full,pca,321,324,324,6.3624372367174945e-34,0.9999999999999996
fold4_pca_full,4,pca_full,pca,322,324,324,6.3624372367174945e-34,0.9999999999999996
fold4_pca_full,4,pca_full,pca,323,324,324,6.3624372367174945e-34,0.9999999999999996
fold4_pca_full,4,pca_full,pca,324,324,324,1.2960188101142488e-34,0.9999999999999996
fold5_pca_0.8,5,pca_0.8,pca,1,162,21,0.18263952591585728,0.18263952591585728
fold5_pca_0.8,5,pca_0.8,pca,2,162,21,0.15641507561505255,0.3390546015309098
fold5_pca_0.8,5,pca_0.8,pca,3,162,21,0.07669251107315174,0.41574711260406155
fold5_pca_0.8,5,pca_0.8,pca,4,162,21,0.049860707707570256,0.46560782031163184
fold5_pca_0.8,5,pca_0.8,pca,5,162,21,0.041770610190847976,0.5073784305024798
fold5_pca_0.8,5,pca_0.8,pca,6,162,21,0.039839359647041314,0.5472177901495211
fold5_pca_0.8,5,pca_0.8,pca,7,162,21,0.0280185220954551,0.5752363122449762
fold5_pca_0.8,5,pca_0.8,pca,8,162,21,0.026680734876298566,0.6019170471212747
fold5_pca_0.8,5,pca_0.8,pca,9,162,21,0.02396300562202425,0.6258800527432989
fold5_pca_0.8,5,pca_0.8,pca,10,162,21,0.02172055450528638,0.6476006072485854
fold5_pca_0.8,5,pca_0.8,pca,11,162,21,0.02134390834115189,0.6689445155897372
fold5_pca_0.8,5,pca_0.8,pca,12,162,21,0.018625965563983524,0.6875704811537208
fold5_pca_0.8,5,pca_0.8,pca,13,162,21,0.017455446935456666,0.7050259280891774
fold5_pca_0.8,5,pca_0.8,pca,14,162,21,0.015088113850172854,0.7201140419393502
fold5_pca_0.8,5,pca_0.8,pca,15,162,21,0.01482589671965169,0.734939938659002
fold5_pca_0.8,5,pca_0.8,pca,16,162,21,0.013918526197152059,0.748858464856154
fold5_pca_0.8,5,pca_0.8,pca,17,162,21,0.01259194794399718,0.7614504128001512
fold5_pca_0.8,5,pca_0.8,pca,18,162,21,0.011353106115446094,0.7728035189155973
fold5_pca_0.8,5,pca_0.8,pca,19,162,21,0.010672176319366797,0.7834756952349641
fold5_pca_0.8,5,pca_0.8,pca,20,162,21,0.009011394563360422,0.7924870897983245
fold5_pca_0.8,5,pca_0.8,pca,21,162,21,0.00839280313811585,0.8008798929364404
fold5_pca_0.9,5,pca_0.9,pca,1,162,39,0.18263952591585728,0.18263952591585728
fold5_pca_0.9,5,pca_0.9,pca,2,162,39,0.15641507561505255,0.3390546015309098
fold5_pca_0.9,5,pca_0.9,pca,3,162,39,0.07669251107315174,0.41574711260406155
fold5_pca_0.9,5,pca_0.9,pca,4,162,39,0.049860707707570256,0.46560782031163184
fold5_pca_0.9,5,pca_0.9,pca,5,162,39,0.041770610190847976,0.5073784305024798
fold5_pca_0.9,5,pca_0.9,pca,6,162,39,0.039839359647041314,0.5472177901495211
fold5_pca_0.9,5,pca_0.9,pca,7,162,39,0.0280185220954551,0.5752363122449762
fold5_pca_0.9,5,pca_0.9,pca,8,162,39,0.026680734876298566,0.6019170471212747
fold5_pca_0.9,5,pca_0.9,pca,9,162,39,0.02396300562202425,0.6258800527432989
fold5_pca_0.9,5,pca_0.9,pca,10,162,39,0.02172055450528638,0.6476006072485854
fold5_pca_0.9,5,pca_0.9,pca,11,162,39,0.02134390834115189,0.6689445155897372
fold5_pca_0.9,5,pca_0.9,pca,12,162,39,0.018625965563983524,0.6875704811537208
fold5_pca_0.9,5,pca_0.9,pca,13,162,39,0.017455446935456666,0.7050259280891774
fold5_pca_0.9,5,pca_0.9,pca,14,162,39,0.015088113850172854,0.7201140419393502
fold5_pca_0.9,5,pca_0.9,pca,15,162,39,0.01482589671965169,0.734939938659002
fold5_pca_0.9,5,pca_0.9,pca,16,162,39,0.013918526197152059,0.748858464856154
fold5_pca_0.9,5,pca_0.9,pca,17,162,39,0.01259194794399718,0.7614504128001512
fold5_pca_0.9,5,pca_0.9,pca,18,162,39,0.011353106115446094,0.7728035189155973
fold5_pca_0.9,5,pca_0.9,pca,19,162,39,0.010672176319366797,0.7834756952349641
fold5_pca_0.9,5,pca_0.9,pca,20,162,39,0.009011394563360422,0.7924870897983245
fold5_pca_0.9,5,pca_0.9,pca,21,162,39,0.00839280313811585,0.8008798929364404
fold5_pca_0.9,5,pca_0.9,pca,22,162,39,0.008276646709190129,0.8091565396456305
fold5_pca_0.9,5,pca_0.9,pca,23,162,39,0.007712775272610351,0.8168693149182409
fold5_pca_0.9,5,pca_0.9,pca,24,162,39,0.007307147752430243,0.8241764626706711
fold5_pca_0.9,5,pca_0.9,pca,25,162,39,0.006884421409717641,0.8310608840803888
fold5_pca_0.9,5,pca_0.9,pca,26,162,39,0.006616036651245244,0.837676920731634
fold5_pca_0.9,5,pca_0.9,pca,27,162,39,0.006496722435323521,0.8441736431669575
fold5_pca_0.9,5,pca_0.9,pca,28,162,39,0.006190671620421618,0.8503643147873792
fold5_pca_0.9,5,pca_0.9,pca,29,162,39,0.005801298132732744,0.856165612920112
fold5_pca_0.9,5,pca_0.9,pca,30,162,39,0.00556656144465662,0.8617321743647686
fold5_pca_0.9,5,pca_0.9,pca,31,162,39,0.005363231307098742,0.8670954056718673
fold5_pca_0.9,5,pca_0.9,pca,32,162,39,0.00516619669573264,0.8722616023675999
fold5_pca_0.9,5,pca_0.9,pca,33,162,39,0.004951135484629788,0.8772127378522296
fold5_pca_0.9,5,pca_0.9,pca,34,162,39,0.004886334245072714,0.8820990720973023
fold5_pca_0.9,5,pca_0.9,pca,35,162,39,0.004623735194289849,0.8867228072915921
fold5_pca_0.9,5,pca_0.9,pca,36,162,39,0.004465936081189489,0.8911887433727816
fold5_pca_0.9,5,pca_0.9,pca,37,162,39,0.00415909280249862,0.8953478361752802
fold5_pca_0.9,5,pca_0.9,pca,38,162,39,0.003737113205911556,0.8990849493811918
fold5_pca_0.9,5,pca_0.9,pca,39,162,39,0.0036558315204222587,0.902740780901614
fold5_pca_0.95,5,pca_0.95,pca,1,162,57,0.18263952591585728,0.18263952591585728
fold5_pca_0.95,5,pca_0.95,pca,2,162,57,0.15641507561505255,0.3390546015309098
fold5_pca_0.95,5,pca_0.95,pca,3,162,57,0.07669251107315174,0.41574711260406155
fold5_pca_0.95,5,pca_0.95,pca,4,162,57,0.049860707707570256,0.46560782031163184
fold5_pca_0.95,5,pca_0.95,pca,5,162,57,0.041770610190847976,0.5073784305024798
fold5_pca_0.95,5,pca_0.95,pca,6,162,57,0.039839359647041314,0.5472177901495211
fold5_pca_0.95,5,pca_0.95,pca,7,162,57,0.0280185220954551,0.5752363122449762
fold5_pca_0.95,5,pca_0.95,pca,8,162,57,0.026680734876298566,0.6019170471212747
fold5_pca_0.95,5,pca_0.95,pca,9,162,57,0.02396300562202425,0.6258800527432989
fold5_pca_0.95,5,pca_0.95,pca,10,162,57,0.02172055450528638,0.6476006072485854
fold5_pca_0.95,5,pca_0.95,pca,11,162,57,0.02134390834115189,0.6689445155897372
fold5_pca_0.95,5,pca_0.95,pca,12,162,57,0.018625965563983524,0.6875704811537208
fold5_pca_0.95,5,pca_0.95,pca,13,162,57,0.017455446935456666,0.7050259280891774
fold5_pca_0.95,5,pca_0.95,pca,14,162,57,0.015088113850172854,0.7201140419393502
fold5_pca_0.95,5,pca_0.95,pca,15,162,57,0.01482589671965169,0.734939938659002
fold5_pca_0.95,5,pca_0.95,pca,16,162,57,0.013918526197152059,0.748858464856154
fold5_pca_0.95,5,pca_0.95,pca,17,162,57,0.01259194794399718,0.7614504128001512
fold5_pca_0.95,5,pca_0.95,pca,18,162,57,0.011353106115446094,0.7728035189155973
fold5_pca_0.95,5,pca_0.95,pca,19,162,57,0.010672176319366797,0.7834756952349641
fold5_pca_0.95,5,pca_0.95,pca,20,162,57,0.009011394563360422,0.7924870897983245
fold5_pca_0.95,5,pca_0.95,pca,21,162,57,0.00839280313811585,0.8008798929364404
fold5_pca_0.95,5,pca_0.95,pca,22,162,57,0.008276646709190129,0.8091565396456305
fold5_pca_0.95,5,pca_0.95,pca,23,162,57,0.007712775272610351,0.8168693149182409
fold5_pca_0.95,5,pca_0.95,pca,24,162,57,0.007307147752430243,0.8241764626706711
fold5_pca_0.95,5,pca_0.95,pca,25,162,57,0.006884421409717641,0.8310608840803888
fold5_pca_0.95,5,pca_0.95,pca,26,162,57,0.006616036651245244,0.837676920731634
fold5_pca_0.95,5,pca_0.95,pca,27,162,57,0.006496722435323521,0.8441736431669575
fold5_pca_0.95,5,pca_0.95,pca,28,162,57,0.006190671620421618,0.8503643147873792
fold5_pca_0.95,5,pca_0.95,pca,29,162,57,0.005801298132732744,0.856165612920112
fold5_pca_0.95,5,pca_0.95,pca,30,162,57,0.00556656144465662,0.8617321743647686
fold5_pca_0.95,5,pca_0.95,pca,31,162,57,0.005363231307098742,0.8670954056718673
fold5_pca_0.95,5,pca_0.95,pca,32,162,57,0.00516619669573264,0.8722616023675999
fold5_pca_0.95,5,pca_0.95,pca,33,162,57,0.004951135484629788,0.8772127378522296
fold5_pca_0.95,5,pca_0.95,pca,34,162,57,0.004886334245072714,0.8820990720973023
fold5_pca_0.95,5,pca_0.95,pca,35,162,57,0.004623735194289849,0.8867228072915921
fold5_pca_0.95,5,pca_0.95,pca,36,162,57,0.004465936081189489,0.8911887433727816
fold5_pca_0.95,5,pca_0.95,pca,37,162,57,0.00415909280249862,0.8953478361752802
fold5_pca_0.95,5,pca_0.95,pca,38,162,57,0.003737113205911556,0.8990849493811918
fold5_pca_0.95,5,pca_0.95,pca,39,162,57,0.0036558315204222587,0.902740780901614
fold5_pca_0.95,5,pca_0.95,pca,40,162,57,0.0035119572939841886,0.9062527381955983
fold5_pca_0.95,5,pca_0.95,pca,41,162,57,0.003421367960124113,0.9096741061557224
fold5_pca_0.95,5,pca_0.95,pca,42,162,57,0.003297600934407375,0.9129717070901298
fold5_pca_0.95,5,pca_0.95,pca,43,162,57,0.003238145620829535,0.9162098527109593
fold5_pca_0.95,5,pca_0.95,pca,44,162,57,0.003101080038386063,0.9193109327493454
fold5_pca_0.95,5,pca_0.95,pca,45,162,57,0.003028295704506057,0.9223392284538514
fold5_pca_0.95,5,pca_0.95,pca,46,162,57,0.00283893243204906,0.9251781608859004
fold5_pca_0.95,5,pca_0.95,pca,47,162,57,0.0027652453749233237,0.9279434062608237
fold5_pca_0.95,5,pca_0.95,pca,48,162,57,0.0027039459701865393,0.9306473522310102
fold5_pca_0.95,5,pca_0.95,pca,49,162,57,0.0026092728177700237,0.9332566250487803
fold5_pca_0.95,5,pca_0.95,pca,50,162,57,0.002494606051835386,0.9357512311006156
fold5_pca_0.95,5,pca_0.95,pca,51,162,57,0.0024295026400298096,0.9381807337406455
fold5_pca_0.95,5,pca_0.95,pca,52,162,57,0.0023696912563761652,0.9405504249970217
fold5_pca_0.95,5,pca_0.95,pca,53,162,57,0.0023290396608626825,0.9428794646578844
fold5_pca_0.95,5,pca_0.95,pca,54,162,57,0.0022137854371857943,0.9450932500950702
fold5_pca_0.95,5,pca_0.95,pca,55,162,57,0.0022023531034487567,0.9472956031985189
fold5_pca_0.95,5,pca_0.95,pca,56,162,57,0.002146209133956094,0.949441812332475
fold5_pca_0.95,5,pca_0.95,pca,57,162,57,0.002076940247974317,0.9515187525804494
fold5_pca_full,5,pca_full,pca,1,162,162,0.18263952591585728,0.18263952591585728
fold5_pca_full,5,pca_full,pca,2,162,162,0.15641507561505255,0.3390546015309098
fold5_pca_full,5,pca_full,pca,3,162,162,0.07669251107315174,0.41574711260406155
fold5_pca_full,5,pca_full,pca,4,162,162,0.049860707707570256,0.46560782031163184
fold5_pca_full,5,pca_full,pca,5,162,162,0.041770610190847976,0.5073784305024798
fold5_pca_full,5,pca_full,pca,6,162,162,0.039839359647041314,0.5472177901495211
fold5_pca_full,5,pca_full,pca,7,162,162,0.0280185220954551,0.5752363122449762
fold5_pca_full,5,pca_full,pca,8,162,162,0.026680734876298566,0.6019170471212747
fold5_pca_full,5,pca_full,pca,9,162,162,0.02396300562202425,0.6258800527432989
fold5_pca_full,5,pca_full,pca,10,162,162,0.02172055450528638,0.6476006072485854
fold5_pca_full,5,pca_full,pca,11,162,162,0.02134390834115189,0.6689445155897372
fold5_pca_full,5,pca_full,pca,12,162,162,0.018625965563983524,0.6875704811537208
fold5_pca_full,5,pca_full,pca,13,162,162,0.017455446935456666,0.7050259280891774
fold5_pca_full,5,pca_full,pca,14,162,162,0.015088113850172854,0.7201140419393502
fold5_pca_full,5,pca_full,pca,15,162,162,0.01482589671965169,0.734939938659002
fold5_pca_full,5,pca_full,pca,16,162,162,0.013918526197152059,0.748858464856154
fold5_pca_full,5,pca_full,pca,17,162,162,0.01259194794399718,0.7614504128001512
fold5_pca_full,5,pca_full,pca,18,162,162,0.011353106115446094,0.7728035189155973
fold5_pca_full,5,pca_full,pca,19,162,162,0.010672176319366797,0.7834756952349641
fold5_pca_full,5,pca_full,pca,20,162,162,0.009011394563360422,0.7924870897983245
fold5_pca_full,5,pca_full,pca,21,162,162,0.00839280313811585,0.8008798929364404
fold5_pca_full,5,pca_full,pca,22,162,162,0.008276646709190129,0.8091565396456305
fold5_pca_full,5,pca_full,pca,23,162,162,0.007712775272610351,0.8168693149182409
fold5_pca_full,5,pca_full,pca,24,162,162,0.007307147752430243,0.8241764626706711
fold5_pca_full,5,pca_full,pca,25,162,162,0.006884421409717641,0.8310608840803888
fold5_pca_full,5,pca_full,pca,26,162,162,0.006616036651245244,0.837676920731634
fold5_pca_full,5,pca_full,pca,27,162,162,0.006496722435323521,0.8441736431669575
fold5_pca_full,5,pca_full,pca,28,162,162,0.006190671620421618,0.8503643147873792
fold5_pca_full,5,pca_full,pca,29,162,162,0.005801298132732744,0.856165612920112
fold5_pca_full,5,pca_full,pca,30,162,162,0.00556656144465662,0.8617321743647686
fold5_pca_full,5,pca_full,pca,31,162,162,0.005363231307098742,0.8670954056718673
fold5_pca_full,5,pca_full,pca,32,162,162,0.00516619669573264,0.8722616023675999
fold5_pca_full,5,pca_full,pca,33,162,162,0.004951135484629788,0.8772127378522296
fold5_pca_full,5,pca_full,pca,34,162,162,0.004886334245072714,0.8820990720973023
fold5_pca_full,5,pca_full,pca,35,162,162,0.004623735194289849,0.8867228072915921
fold5_pca_full,5,pca_full,pca,36,162,162,0.004465936081189489,0.8911887433727816
fold5_pca_full,5,pca_full,pca,37,162,162,0.00415909280249862,0.8953478361752802
fold5_pca_full,5,pca_full,pca,38,162,162,0.003737113205911556,0.8990849493811918
fold5_pca_full,5,pca_full,pca,39,162,162,0.0036558315204222587,0.902740780901614
fold5_pca_full,5,pca_full,pca,40,162,162,0.0035119572939841886,0.9062527381955983
fold5_pca_full,5,pca_full,pca,41,162,162,0.003421367960124113,0.9096741061557224
fold5_pca_full,5,pca_full,pca,42,162,162,0.003297600934407375,0.9129717070901298
fold5_pca_full,5,pca_full,pca,43,162,162,0.003238145620829535,0.9162098527109593
fold5_pca_full,5,pca_full,pca,44,162,162,0.003101080038386063,0.9193109327493454
fold5_pca_full,5,pca_full,pca,45,162,162,0.003028295704506057,0.9223392284538514
fold5_pca_full,5,pca_full,pca,46,162,162,0.00283893243204906,0.9251781608859004
fold5_pca_full,5,pca_full,pca,47,162,162,0.0027652453749233237,0.9279434062608237
fold5_pca_full,5,pca_full,pca,48,162,162,0.0027039459701865393,0.9306473522310102
fold5_pca_full,5,pca_full,pca,49,162,162,0.0026092728177700237,0.9332566250487803
fold5_pca_full,5,pca_full,pca,50,162,162,0.002494606051835386,0.9357512311006156
fold5_pca_full,5,pca_full,pca,51,162,162,0.0024295026400298096,0.9381807337406455
fold5_pca_full,5,pca_full,pca,52,162,162,0.0023696912563761652,0.9405504249970217
fold5_pca_full,5,pca_full,pca,53,162,162,0.0023290396608626825,0.9428794646578844
fold5_pca_full,5,pca_full,pca,54,162,162,0.0022137854371857943,0.9450932500950702
fold5_pca_full,5,pca_full,pca,55,162,162,0.0022023531034487567,0.9472956031985189
fold5_pca_full,5,pca_full,pca,56,162,162,0.002146209133956094,0.949441812332475
fold5_pca_full,5,pca_full,pca,57,162,162,0.002076940247974317,0.9515187525804494
fold5_pca_full,5,pca_full,pca,58,162,162,0.0020318680532135543,0.9535506206336629
fold5_pca_full,5,pca_full,pca,59,162,162,0.001905542977312994,0.955456163610976
fold5_pca_full,5,pca_full,pca,60,162,162,0.001804493634199799,0.9572606572451757
fold5_pca_full,5,pca_full,pca,61,162,162,0.0016813814974801242,0.9589420387426558
fold5_pca_full,5,pca_full,pca,62,162,162,0.0016307107336865786,0.9605727494763424
fold5_pca_full,5,pca_full,pca,63,162,162,0.0016056169622473775,0.9621783664385898
fold5_pca_full,5,pca_full,pca,64,162,162,0.0015055857233492033,0.963683952161939
fold5_pca_full,5,pca_full,pca,65,162,162,0.0014908980612121634,0.9651748502231512
fold5_pca_full,5,pca_full,pca,66,162,162,0.0014619222121249578,0.9666367724352761
fold5_pca_full,5,pca_full,pca,67,162,162,0.0013903218877943525,0.9680270943230704
fold5_pca_full,5,pca_full,pca,68,162,162,0.001344523580349866,0.9693716179034203
fold5_pca_full,5,pca_full,pca,69,162,162,0.001277549407670325,0.9706491673110906
fold5_pca_full,5,pca_full,pca,70,162,162,0.0012029435682211324,0.9718521108793118
fold5_pca_full,5,pca_full,pca,71,162,162,0.0011689918182065538,0.9730211026975183
fold5_pca_full,5,pca_full,pca,72,162,162,0.001146475819896977,0.9741675785174153
fold5_pca_full,5,pca_full,pca,73,162,162,0.0011041527476624623,0.9752717312650778
fold5_pca_full,5,pca_full,pca,74,162,162,0.0010834030365589299,0.9763551343016368
fold5_pca_full,5,pca_full,pca,75,162,162,0.0010647029422725972,0.9774198372439094
fold5_pca_full,5,pca_full,pca,76,162,162,0.0010231331836219125,0.9784429704275313
fold5_pca_full,5,pca_full,pca,77,162,162,0.0009632702157680252,0.9794062406432993
fold5_pca_full,5,pca_full,pca,78,162,162,0.0009577089760357318,0.980363949619335
fold5_pca_full,5,pca_full,pca,79,162,162,0.000891446565593831,0.9812553961849289
fold5_pca_full,5,pca_full,pca,80,162,162,0.0008302768814341989,0.9820856730663631
fold5_pca_full,5,pca_full,pca,81,162,162,0.0008275773180851279,0.9829132503844482
fold5_pca_full,5,pca_full,pca,82,162,162,0.00079015900035257,0.9837034093848008
fold5_pca_full,5,pca_full,pca,83,162,162,0.0007744360269776101,0.9844778454117784
fold5_pca_full,5,pca_full,pca,84,162,162,0.0007444109438164531,0.9852222563555949
fold5_pca_full,5,pca_full,pca,85,162,162,0.0007177825994346382,0.9859400389550296
fold5_pca_full,5,pca_full,pca,86,162,162,0.0007059450551843137,0.9866459840102139
fold5_pca_full,5,pca_full,pca,87,162,162,0.0006749774618472683,0.9873209614720612
fold5_pca_full,5,pca_full,pca,88,162,162,0.0006562393419570823,0.9879772008140183
fold5_pca_full,5,pca_full,pca,89,162,162,0.0006299584438737428,0.988607159257892
fold5_pca_full,5,pca_full,pca,90,162,162,0.0006268552762591551,0.9892340145341512
fold5_pca_full,5,pca_full,pca,91,162,162,0.0005925855917849588,0.9898266001259362
fold5_pca_full,5,pca_full,pca,92,162,162,0.000585382721693921,0.9904119828476301
fold5_pca_full,5,pca_full,pca,93,162,162,0.0005680160625348755,0.990979998910165
fold5_pca_full,5,pca_full,pca,94,162,162,0.0005202375508831362,0.9915002364610481
fold5_pca_full,5,pca_full,pca,95,162,162,0.0005195185502671705,0.9920197550113153
fold5_pca_full,5,pca_full,pca,96,162,162,0.0005035515557086366,0.9925233065670239
fold5_pca_full,5,pca_full,pca,97,162,162,0.0004783353052046098,0.9930016418722285
fold5_pca_full,5,pca_full,pca,98,162,162,0.0004706865777599995,0.9934723284499885
fold5_pca_full,5,pca_full,pca,99,162,162,0.00044872279018503435,0.9939210512401735
fold5_pca_full,5,pca_full,pca,100,162,162,0.0004340086763345844,0.9943550599165081
fold5_pca_full,5,pca_full,pca,101,162,162,0.000418896817869107,0.9947739567343772
fold5_pca_full,5,pca_full,pca,102,162,162,0.0003783840693956364,0.9951523408037728
fold5_pca_full,5,pca_full,pca,103,162,162,0.0003621757016677472,0.9955145165054405
fold5_pca_full,5,pca_full,pca,104,162,162,0.00032719287291153106,0.995841709378352
fold5_pca_full,5,pca_full,pca,105,162,162,0.0003104510717698422,0.9961521604501219
fold5_pca_full,5,pca_full,pca,106,162,162,0.00030436249983967895,0.9964565229499616
fold5_pca_full,5,pca_full,pca,107,162,162,0.0002992979141304574,0.996755820864092
fold5_pca_full,5,pca_full,pca,108,162,162,0.00029119471756539945,0.9970470155816574
fold5_pca_full,5,pca_full,pca,109,162,162,0.0002653754929920979,0.9973123910746495
fold5_pca_full,5,pca_full,pca,110,162,162,0.00024818887743628947,0.9975605799520858
fold5_pca_full,5,pca_full,pca,111,162,162,0.00022152845207201377,0.9977821084041578
fold5_pca_full,5,pca_full,pca,112,162,162,0.00021912526820931514,0.9980012336723671
fold5_pca_full,5,pca_full,pca,113,162,162,0.00021251086378803013,0.9982137445361552
fold5_pca_full,5,pca_full,pca,114,162,162,0.00020348282670469225,0.9984172273628599
fold5_pca_full,5,pca_full,pca,115,162,162,0.00019688999284554084,0.9986141173557054
fold5_pca_full,5,pca_full,pca,116,162,162,0.00018760993142959305,0.998801727287135
fold5_pca_full,5,pca_full,pca,117,162,162,0.00016248409757698635,0.998964211384712
fold5_pca_full,5,pca_full,pca,118,162,162,0.00012505523580242677,0.9990892666205144
fold5_pca_full,5,pca_full,pca,119,162,162,0.00011765171321656894,0.999206918333731
fold5_pca_full,5,pca_full,pca,120,162,162,0.00011063952992463561,0.9993175578636556
fold5_pca_full,5,pca_full,pca,121,162,162,9.963588833801661e-05,0.9994171937519937
fold5_pca_full,5,pca_full,pca,122,162,162,9.421805771857279e-05,0.9995114118097123
fold5_pca_full,5,pca_full,pca,123,162,162,7.957718964410497e-05,0.9995909889993564
fold5_pca_full,5,pca_full,pca,124,162,162,7.450855204890787e-05,0.9996654975514053
fold5_pca_full,5,pca_full,pca,125,162,162,7.158868844169548e-05,0.999737086239847
fold5_pca_full,5,pca_full,pca,126,162,162,6.841378126466522e-05,0.9998055000211117
fold5_pca_full,5,pca_full,pca,127,162,162,5.953804417208062e-05,0.9998650380652838
fold5_pca_full,5,pca_full,pca,128,162,162,5.007526076243847e-05,0.9999151133260462
fold5_pca_full,5,pca_full,pca,129,162,162,3.584418216258804e-05,0.9999509575082088
fold5_pca_full,5,pca_full,pca,130,162,162,3.1505973760931946e-05,0.9999824634819697
fold5_pca_full,5,pca_full,pca,131,162,162,1.7536518030481663e-05,1.0000000000000002
fold5_pca_full,5,pca_full,pca,132,162,162,6.238076623023869e-31,1.0000000000000002
fold5_pca_full,5,pca_full,pca,133,162,162,3.988580887851821e-31,1.0000000000000002
fold5_pca_full,5,pca_full,pca,134,162,162,8.13713709023462e-32,1.0000000000000002
fold5_pca_full,5,pca_full,pca,135,162,162,7.106351689825273e-32,1.0000000000000002
fold5_pca_full,5,pca_full,pca,136,162,162,5.65342481431856e-32,1.0000000000000002
fold5_pca_full,5,pca_full,pca,137,162,162,2.344867769377638e-32,1.0000000000000002
fold5_pca_full,5,pca_full,pca,138,162,162,1.531039478977923e-32,1.0000000000000002
fold5_pca_full,5,pca_full,pca,139,162,162,1.3706240782490548e-32,1.0000000000000002
fold5_pca_full,5,pca_full,pca,140,162,162,1.528516522256754e-33,1.0000000000000002
fold5_pca_full,5,pca_full,pca,141,162,162,9.476558430613225e-34,1.0000000000000002
fold5_pca_full,5,pca_full,pca,142,162,162,9.476558430613225e-34,1.0000000000000002
fold5_pca_full,5,pca_full,pca,143,162,162,9.476558430613225e-34,1.0000000000000002
fold5_pca_full,5,pca_full,pca,144,162,162,9.476558430613225e-34,1.0000000000000002
fold5_pca_full,5,pca_full,pca,145,162,162,9.476558430613225e-34,1.0000000000000002
fold5_pca_full,5,pca_full,pca,146,162,162,9.476558430613225e-34,1.0000000000000002
fold5_pca_full,5,pca_full,pca,147,162,162,9.476558430613225e-34,1.0000000000000002
fold5_pca_full,5,pca_full,pca,148,162,162,9.476558430613225e-34,1.0000000000000002
fold5_pca_full,5,pca_full,pca,149,162,162,9.476558430613225e-34,1.0000000000000002
fold5_pca_full,5,pca_full,pca,150,162,162,9.476558430613225e-34,1.0000000000000002
fold5_pca_full,5,pca_full,pca,151,162,162,9.476558430613225e-34,1.0000000000000002
fold5_pca_full,5,pca_full,pca,152,162,162,9.476558430613225e-34,1.0000000000000002
fold5_pca_full,5,pca_full,pca,153,162,162,9.476558430613225e-34,1.0000000000000002
fold5_pca_full,5,pca_full,pca,154,162,162,9.476558430613225e-34,1.0000000000000002
fold5_pca_full,5,pca_full,pca,155,162,162,9.476558430613225e-34,1.0000000000000002
fold5_pca_full,5,pca_full,pca,156,162,162,9.476558430613225e-34,1.0000000000000002
fold5_pca_full,5,pca_full,pca,157,162,162,9.476558430613225e-34,1.0000000000000002
fold5_pca_full,5,pca_full,pca,158,162,162,9.476558430613225e-34,1.0000000000000002
fold5_pca_full,5,pca_full,pca,159,162,162,9.476558430613225e-34,1.0000000000000002
fold5_pca_full,5,pca_full,pca,160,162,162,9.476558430613225e-34,1.0000000000000002
fold5_pca_full,5,pca_full,pca,161,162,162,8.096897531159353e-34,1.0000000000000002
fold5_pca_full,5,pca_full,pca,162,162,162,1.1218765336166182e-34,1.0000000000000002
