fold,inner,representation,estimator,smoothing,score,evaluation_participants,fit_participants
1,1,current,logistic_0.01,1,0.34880730594689346,P12|P18|P2|P34|P36|P40|P9,P13|P19|P20|P21|P26|P27|P3|P33|P35|P4|P44|P46|P8
1,1,current,logistic_0.01,4,0.3406746733028973,P12|P18|P2|P34|P36|P40|P9,P13|P19|P20|P21|P26|P27|P3|P33|P35|P4|P44|P46|P8
1,1,current,logistic_0.01,8,0.3358840023482369,P12|P18|P2|P34|P36|P40|P9,P13|P19|P20|P21|P26|P27|P3|P33|P35|P4|P44|P46|P8
1,1,current,logistic_0.1,1,0.3454058628586584,P12|P18|P2|P34|P36|P40|P9,P13|P19|P20|P21|P26|P27|P3|P33|P35|P4|P44|P46|P8
1,1,current,logistic_0.1,4,0.3372852578202403,P12|P18|P2|P34|P36|P40|P9,P13|P19|P20|P21|P26|P27|P3|P33|P35|P4|P44|P46|P8
1,1,current,logistic_0.1,8,0.32984557476964926,P12|P18|P2|P34|P36|P40|P9,P13|P19|P20|P21|P26|P27|P3|P33|P35|P4|P44|P46|P8
1,1,current,logistic_1,1,0.34679445646723084,P12|P18|P2|P34|P36|P40|P9,P13|P19|P20|P21|P26|P27|P3|P33|P35|P4|P44|P46|P8
1,1,current,logistic_1,4,0.3388613537823622,P12|P18|P2|P34|P36|P40|P9,P13|P19|P20|P21|P26|P27|P3|P33|P35|P4|P44|P46|P8
1,1,current,logistic_1,8,0.3316611361480636,P12|P18|P2|P34|P36|P40|P9,P13|P19|P20|P21|P26|P27|P3|P33|P35|P4|P44|P46|P8
1,1,current,hgb,1,0.357310660577164,P12|P18|P2|P34|P36|P40|P9,P13|P19|P20|P21|P26|P27|P3|P33|P35|P4|P44|P46|P8
1,1,current,hgb,4,0.35600828337851126,P12|P18|P2|P34|P36|P40|P9,P13|P19|P20|P21|P26|P27|P3|P33|P35|P4|P44|P46|P8
1,1,current,hgb,8,0.35885098806115295,P12|P18|P2|P34|P36|P40|P9,P13|P19|P20|P21|P26|P27|P3|P33|P35|P4|P44|P46|P8
1,1,current,rbf,1,0.3571294766411636,P12|P18|P2|P34|P36|P40|P9,P13|P19|P20|P21|P26|P27|P3|P33|P35|P4|P44|P46|P8
1,1,current,rbf,4,0.35268627595471935,P12|P18|P2|P34|P36|P40|P9,P13|P19|P20|P21|P26|P27|P3|P33|P35|P4|P44|P46|P8
1,1,current,rbf,8,0.3545713691255738,P12|P18|P2|P34|P36|P40|P9,P13|P19|P20|P21|P26|P27|P3|P33|P35|P4|P44|P46|P8
1,1,segment_4,logistic_0.01,1,0.3572314756486433,P12|P18|P2|P34|P36|P40|P9,P13|P19|P20|P21|P26|P27|P3|P33|P35|P4|P44|P46|P8
1,1,segment_4,logistic_0.01,4,0.3587194638092659,P12|P18|P2|P34|P36|P40|P9,P13|P19|P20|P21|P26|P27|P3|P33|P35|P4|P44|P46|P8
1,1,segment_4,logistic_0.01,8,0.35291244754257756,P12|P18|P2|P34|P36|P40|P9,P13|P19|P20|P21|P26|P27|P3|P33|P35|P4|P44|P46|P8
1,1,segment_4,logistic_0.1,1,0.35753956356571903,P12|P18|P2|P34|P36|P40|P9,P13|P19|P20|P21|P26|P27|P3|P33|P35|P4|P44|P46|P8
1,1,segment_4,logistic_0.1,4,0.36073578848194215,P12|P18|P2|P34|P36|P40|P9,P13|P19|P20|P21|P26|P27|P3|P33|P35|P4|P44|P46|P8
1,1,segment_4,logistic_0.1,8,0.34938714939154264,P12|P18|P2|P34|P36|P40|P9,P13|P19|P20|P21|P26|P27|P3|P33|P35|P4|P44|P46|P8
1,1,segment_4,logistic_1,1,0.3571128151232406,P12|P18|P2|P34|P36|P40|P9,P13|P19|P20|P21|P26|P27|P3|P33|P35|P4|P44|P46|P8
1,1,segment_4,logistic_1,4,0.35831200472338526,P12|P18|P2|P34|P36|P40|P9,P13|P19|P20|P21|P26|P27|P3|P33|P35|P4|P44|P46|P8
1,1,segment_4,logistic_1,8,0.34605007472668664,P12|P18|P2|P34|P36|P40|P9,P13|P19|P20|P21|P26|P27|P3|P33|P35|P4|P44|P46|P8
1,1,segment_4,hgb,1,0.3513900828608875,P12|P18|P2|P34|P36|P40|P9,P13|P19|P20|P21|P26|P27|P3|P33|P35|P4|P44|P46|P8
1,1,segment_4,hgb,4,0.34158321348783477,P12|P18|P2|P34|P36|P40|P9,P13|P19|P20|P21|P26|P27|P3|P33|P35|P4|P44|P46|P8
1,1,segment_4,hgb,8,0.34109647328644804,P12|P18|P2|P34|P36|P40|P9,P13|P19|P20|P21|P26|P27|P3|P33|P35|P4|P44|P46|P8
1,1,segment_4,rbf,1,0.36708347983725786,P12|P18|P2|P34|P36|P40|P9,P13|P19|P20|P21|P26|P27|P3|P33|P35|P4|P44|P46|P8
1,1,segment_4,rbf,4,0.35739428568233,P12|P18|P2|P34|P36|P40|P9,P13|P19|P20|P21|P26|P27|P3|P33|P35|P4|P44|P46|P8
1,1,segment_4,rbf,8,0.3505117759192542,P12|P18|P2|P34|P36|P40|P9,P13|P19|P20|P21|P26|P27|P3|P33|P35|P4|P44|P46|P8
1,1,segment_8,logistic_0.01,1,0.36075927347198167,P12|P18|P2|P34|P36|P40|P9,P13|P19|P20|P21|P26|P27|P3|P33|P35|P4|P44|P46|P8
1,1,segment_8,logistic_0.01,4,0.3511378682790702,P12|P18|P2|P34|P36|P40|P9,P13|P19|P20|P21|P26|P27|P3|P33|P35|P4|P44|P46|P8
1,1,segment_8,logistic_0.01,8,0.34177357750945375,P12|P18|P2|P34|P36|P40|P9,P13|P19|P20|P21|P26|P27|P3|P33|P35|P4|P44|P46|P8
1,1,segment_8,logistic_0.1,1,0.3586584573676504,P12|P18|P2|P34|P36|P40|P9,P13|P19|P20|P21|P26|P27|P3|P33|P35|P4|P44|P46|P8
1,1,segment_8,logistic_0.1,4,0.35671218949441147,P12|P18|P2|P34|P36|P40|P9,P13|P19|P20|P21|P26|P27|P3|P33|P35|P4|P44|P46|P8
1,1,segment_8,logistic_0.1,8,0.3484068001749926,P12|P18|P2|P34|P36|P40|P9,P13|P19|P20|P21|P26|P27|P3|P33|P35|P4|P44|P46|P8
1,1,segment_8,logistic_1,1,0.3617381060054628,P12|P18|P2|P34|P36|P40|P9,P13|P19|P20|P21|P26|P27|P3|P33|P35|P4|P44|P46|P8
1,1,segment_8,logistic_1,4,0.3582083509906849,P12|P18|P2|P34|P36|P40|P9,P13|P19|P20|P21|P26|P27|P3|P33|P35|P4|P44|P46|P8
1,1,segment_8,logistic_1,8,0.35063508088447704,P12|P18|P2|P34|P36|P40|P9,P13|P19|P20|P21|P26|P27|P3|P33|P35|P4|P44|P46|P8
1,1,segment_8,hgb,1,0.35816781697712524,P12|P18|P2|P34|P36|P40|P9,P13|P19|P20|P21|P26|P27|P3|P33|P35|P4|P44|P46|P8
1,1,segment_8,hgb,4,0.3543557431555745,P12|P18|P2|P34|P36|P40|P9,P13|P19|P20|P21|P26|P27|P3|P33|P35|P4|P44|P46|P8
1,1,segment_8,hgb,8,0.3568875361381985,P12|P18|P2|P34|P36|P40|P9,P13|P19|P20|P21|P26|P27|P3|P33|P35|P4|P44|P46|P8
1,1,segment_8,rbf,1,0.355992144593968,P12|P18|P2|P34|P36|P40|P9,P13|P19|P20|P21|P26|P27|P3|P33|P35|P4|P44|P46|P8
1,1,segment_8,rbf,4,0.3617398286138231,P12|P18|P2|P34|P36|P40|P9,P13|P19|P20|P21|P26|P27|P3|P33|P35|P4|P44|P46|P8
1,1,segment_8,rbf,8,0.3665031470038441,P12|P18|P2|P34|P36|P40|P9,P13|P19|P20|P21|P26|P27|P3|P33|P35|P4|P44|P46|P8
1,1,segment_16,logistic_0.01,1,0.3610134658773298,P12|P18|P2|P34|P36|P40|P9,P13|P19|P20|P21|P26|P27|P3|P33|P35|P4|P44|P46|P8
1,1,segment_16,logistic_0.01,4,0.36584874706677967,P12|P18|P2|P34|P36|P40|P9,P13|P19|P20|P21|P26|P27|P3|P33|P35|P4|P44|P46|P8
1,1,segment_16,logistic_0.01,8,0.36045206617056186,P12|P18|P2|P34|P36|P40|P9,P13|P19|P20|P21|P26|P27|P3|P33|P35|P4|P44|P46|P8
1,1,segment_16,logistic_0.1,1,0.36341941143148576,P12|P18|P2|P34|P36|P40|P9,P13|P19|P20|P21|P26|P27|P3|P33|P35|P4|P44|P46|P8
1,1,segment_16,logistic_0.1,4,0.36908481660529047,P12|P18|P2|P34|P36|P40|P9,P13|P19|P20|P21|P26|P27|P3|P33|P35|P4|P44|P46|P8
1,1,segment_16,logistic_0.1,8,0.36475307761100695,P12|P18|P2|P34|P36|P40|P9,P13|P19|P20|P21|P26|P27|P3|P33|P35|P4|P44|P46|P8
1,1,segment_16,logistic_1,1,0.35986475005543994,P12|P18|P2|P34|P36|P40|P9,P13|P19|P20|P21|P26|P27|P3|P33|P35|P4|P44|P46|P8
1,1,segment_16,logistic_1,4,0.3683684957687003,P12|P18|P2|P34|P36|P40|P9,P13|P19|P20|P21|P26|P27|P3|P33|P35|P4|P44|P46|P8
1,1,segment_16,logistic_1,8,0.369944029240539,P12|P18|P2|P34|P36|P40|P9,P13|P19|P20|P21|P26|P27|P3|P33|P35|P4|P44|P46|P8
1,1,segment_16,hgb,1,0.36414020594307134,P12|P18|P2|P34|P36|P40|P9,P13|P19|P20|P21|P26|P27|P3|P33|P35|P4|P44|P46|P8
1,1,segment_16,hgb,4,0.3642686263579487,P12|P18|P2|P34|P36|P40|P9,P13|P19|P20|P21|P26|P27|P3|P33|P35|P4|P44|P46|P8
1,1,segment_16,hgb,8,0.3551565685861444,P12|P18|P2|P34|P36|P40|P9,P13|P19|P20|P21|P26|P27|P3|P33|P35|P4|P44|P46|P8
1,1,segment_16,rbf,1,0.35114884483352204,P12|P18|P2|P34|P36|P40|P9,P13|P19|P20|P21|P26|P27|P3|P33|P35|P4|P44|P46|P8
1,1,segment_16,rbf,4,0.34670556502106326,P12|P18|P2|P34|P36|P40|P9,P13|P19|P20|P21|P26|P27|P3|P33|P35|P4|P44|P46|P8
1,1,segment_16,rbf,8,0.34660702717972985,P12|P18|P2|P34|P36|P40|P9,P13|P19|P20|P21|P26|P27|P3|P33|P35|P4|P44|P46|P8
1,1,recording_4,logistic_0.01,1,0.3572314756486433,P12|P18|P2|P34|P36|P40|P9,P13|P19|P20|P21|P26|P27|P3|P33|P35|P4|P44|P46|P8
1,1,recording_4,logistic_0.01,4,0.3587194638092659,P12|P18|P2|P34|P36|P40|P9,P13|P19|P20|P21|P26|P27|P3|P33|P35|P4|P44|P46|P8
1,1,recording_4,logistic_0.01,8,0.35291244754257756,P12|P18|P2|P34|P36|P40|P9,P13|P19|P20|P21|P26|P27|P3|P33|P35|P4|P44|P46|P8
1,1,recording_4,logistic_0.1,1,0.35753956356571903,P12|P18|P2|P34|P36|P40|P9,P13|P19|P20|P21|P26|P27|P3|P33|P35|P4|P44|P46|P8
1,1,recording_4,logistic_0.1,4,0.36073578848194215,P12|P18|P2|P34|P36|P40|P9,P13|P19|P20|P21|P26|P27|P3|P33|P35|P4|P44|P46|P8
1,1,recording_4,logistic_0.1,8,0.34938714939154264,P12|P18|P2|P34|P36|P40|P9,P13|P19|P20|P21|P26|P27|P3|P33|P35|P4|P44|P46|P8
1,1,recording_4,logistic_1,1,0.3571128151232406,P12|P18|P2|P34|P36|P40|P9,P13|P19|P20|P21|P26|P27|P3|P33|P35|P4|P44|P46|P8
1,1,recording_4,logistic_1,4,0.35831200472338526,P12|P18|P2|P34|P36|P40|P9,P13|P19|P20|P21|P26|P27|P3|P33|P35|P4|P44|P46|P8
1,1,recording_4,logistic_1,8,0.34605007472668664,P12|P18|P2|P34|P36|P40|P9,P13|P19|P20|P21|P26|P27|P3|P33|P35|P4|P44|P46|P8
1,1,recording_4,hgb,1,0.3513900828608875,P12|P18|P2|P34|P36|P40|P9,P13|P19|P20|P21|P26|P27|P3|P33|P35|P4|P44|P46|P8
1,1,recording_4,hgb,4,0.34158321348783477,P12|P18|P2|P34|P36|P40|P9,P13|P19|P20|P21|P26|P27|P3|P33|P35|P4|P44|P46|P8
1,1,recording_4,hgb,8,0.34109647328644804,P12|P18|P2|P34|P36|P40|P9,P13|P19|P20|P21|P26|P27|P3|P33|P35|P4|P44|P46|P8
1,1,recording_4,rbf,1,0.36708347983725786,P12|P18|P2|P34|P36|P40|P9,P13|P19|P20|P21|P26|P27|P3|P33|P35|P4|P44|P46|P8
1,1,recording_4,rbf,4,0.35739428568233,P12|P18|P2|P34|P36|P40|P9,P13|P19|P20|P21|P26|P27|P3|P33|P35|P4|P44|P46|P8
1,1,recording_4,rbf,8,0.3505117759192542,P12|P18|P2|P34|P36|P40|P9,P13|P19|P20|P21|P26|P27|P3|P33|P35|P4|P44|P46|P8
1,1,recording_8,logistic_0.01,1,0.36075927347198167,P12|P18|P2|P34|P36|P40|P9,P13|P19|P20|P21|P26|P27|P3|P33|P35|P4|P44|P46|P8
1,1,recording_8,logistic_0.01,4,0.3511378682790702,P12|P18|P2|P34|P36|P40|P9,P13|P19|P20|P21|P26|P27|P3|P33|P35|P4|P44|P46|P8
1,1,recording_8,logistic_0.01,8,0.34177357750945375,P12|P18|P2|P34|P36|P40|P9,P13|P19|P20|P21|P26|P27|P3|P33|P35|P4|P44|P46|P8
1,1,recording_8,logistic_0.1,1,0.3586584573676504,P12|P18|P2|P34|P36|P40|P9,P13|P19|P20|P21|P26|P27|P3|P33|P35|P4|P44|P46|P8
1,1,recording_8,logistic_0.1,4,0.35671218949441147,P12|P18|P2|P34|P36|P40|P9,P13|P19|P20|P21|P26|P27|P3|P33|P35|P4|P44|P46|P8
1,1,recording_8,logistic_0.1,8,0.3484068001749926,P12|P18|P2|P34|P36|P40|P9,P13|P19|P20|P21|P26|P27|P3|P33|P35|P4|P44|P46|P8
1,1,recording_8,logistic_1,1,0.3617381060054628,P12|P18|P2|P34|P36|P40|P9,P13|P19|P20|P21|P26|P27|P3|P33|P35|P4|P44|P46|P8
1,1,recording_8,logistic_1,4,0.3582083509906849,P12|P18|P2|P34|P36|P40|P9,P13|P19|P20|P21|P26|P27|P3|P33|P35|P4|P44|P46|P8
1,1,recording_8,logistic_1,8,0.35063508088447704,P12|P18|P2|P34|P36|P40|P9,P13|P19|P20|P21|P26|P27|P3|P33|P35|P4|P44|P46|P8
1,1,recording_8,hgb,1,0.35816781697712524,P12|P18|P2|P34|P36|P40|P9,P13|P19|P20|P21|P26|P27|P3|P33|P35|P4|P44|P46|P8
1,1,recording_8,hgb,4,0.3543557431555745,P12|P18|P2|P34|P36|P40|P9,P13|P19|P20|P21|P26|P27|P3|P33|P35|P4|P44|P46|P8
1,1,recording_8,hgb,8,0.3568875361381985,P12|P18|P2|P34|P36|P40|P9,P13|P19|P20|P21|P26|P27|P3|P33|P35|P4|P44|P46|P8
1,1,recording_8,rbf,1,0.355992144593968,P12|P18|P2|P34|P36|P40|P9,P13|P19|P20|P21|P26|P27|P3|P33|P35|P4|P44|P46|P8
1,1,recording_8,rbf,4,0.3617398286138231,P12|P18|P2|P34|P36|P40|P9,P13|P19|P20|P21|P26|P27|P3|P33|P35|P4|P44|P46|P8
1,1,recording_8,rbf,8,0.3665031470038441,P12|P18|P2|P34|P36|P40|P9,P13|P19|P20|P21|P26|P27|P3|P33|P35|P4|P44|P46|P8
1,1,recording_16,logistic_0.01,1,0.3610134658773298,P12|P18|P2|P34|P36|P40|P9,P13|P19|P20|P21|P26|P27|P3|P33|P35|P4|P44|P46|P8
1,1,recording_16,logistic_0.01,4,0.36584874706677967,P12|P18|P2|P34|P36|P40|P9,P13|P19|P20|P21|P26|P27|P3|P33|P35|P4|P44|P46|P8
1,1,recording_16,logistic_0.01,8,0.36045206617056186,P12|P18|P2|P34|P36|P40|P9,P13|P19|P20|P21|P26|P27|P3|P33|P35|P4|P44|P46|P8
1,1,recording_16,logistic_0.1,1,0.36341941143148576,P12|P18|P2|P34|P36|P40|P9,P13|P19|P20|P21|P26|P27|P3|P33|P35|P4|P44|P46|P8
1,1,recording_16,logistic_0.1,4,0.36908481660529047,P12|P18|P2|P34|P36|P40|P9,P13|P19|P20|P21|P26|P27|P3|P33|P35|P4|P44|P46|P8
1,1,recording_16,logistic_0.1,8,0.36475307761100695,P12|P18|P2|P34|P36|P40|P9,P13|P19|P20|P21|P26|P27|P3|P33|P35|P4|P44|P46|P8
1,1,recording_16,logistic_1,1,0.35986475005543994,P12|P18|P2|P34|P36|P40|P9,P13|P19|P20|P21|P26|P27|P3|P33|P35|P4|P44|P46|P8
1,1,recording_16,logistic_1,4,0.3683684957687003,P12|P18|P2|P34|P36|P40|P9,P13|P19|P20|P21|P26|P27|P3|P33|P35|P4|P44|P46|P8
1,1,recording_16,logistic_1,8,0.369944029240539,P12|P18|P2|P34|P36|P40|P9,P13|P19|P20|P21|P26|P27|P3|P33|P35|P4|P44|P46|P8
1,1,recording_16,hgb,1,0.36414020594307134,P12|P18|P2|P34|P36|P40|P9,P13|P19|P20|P21|P26|P27|P3|P33|P35|P4|P44|P46|P8
1,1,recording_16,hgb,4,0.3642686263579487,P12|P18|P2|P34|P36|P40|P9,P13|P19|P20|P21|P26|P27|P3|P33|P35|P4|P44|P46|P8
1,1,recording_16,hgb,8,0.3551565685861444,P12|P18|P2|P34|P36|P40|P9,P13|P19|P20|P21|P26|P27|P3|P33|P35|P4|P44|P46|P8
1,1,recording_16,rbf,1,0.35114884483352204,P12|P18|P2|P34|P36|P40|P9,P13|P19|P20|P21|P26|P27|P3|P33|P35|P4|P44|P46|P8
1,1,recording_16,rbf,4,0.34670556502106326,P12|P18|P2|P34|P36|P40|P9,P13|P19|P20|P21|P26|P27|P3|P33|P35|P4|P44|P46|P8
1,1,recording_16,rbf,8,0.34660702717972985,P12|P18|P2|P34|P36|P40|P9,P13|P19|P20|P21|P26|P27|P3|P33|P35|P4|P44|P46|P8
1,2,current,logistic_0.01,1,0.3437960266422169,P19|P20|P21|P27|P33|P4|P44,P12|P13|P18|P2|P26|P3|P34|P35|P36|P40|P46|P8|P9
1,2,current,logistic_0.01,4,0.34943652984362633,P19|P20|P21|P27|P33|P4|P44,P12|P13|P18|P2|P26|P3|P34|P35|P36|P40|P46|P8|P9
1,2,current,logistic_0.01,8,0.34883811036836837,P19|P20|P21|P27|P33|P4|P44,P12|P13|P18|P2|P26|P3|P34|P35|P36|P40|P46|P8|P9
1,2,current,logistic_0.1,1,0.3480742623887666,P19|P20|P21|P27|P33|P4|P44,P12|P13|P18|P2|P26|P3|P34|P35|P36|P40|P46|P8|P9
1,2,current,logistic_0.1,4,0.3546448358296557,P19|P20|P21|P27|P33|P4|P44,P12|P13|P18|P2|P26|P3|P34|P35|P36|P40|P46|P8|P9
1,2,current,logistic_0.1,8,0.35574378580533056,P19|P20|P21|P27|P33|P4|P44,P12|P13|P18|P2|P26|P3|P34|P35|P36|P40|P46|P8|P9
1,2,current,logistic_1,1,0.3498860223306717,P19|P20|P21|P27|P33|P4|P44,P12|P13|P18|P2|P26|P3|P34|P35|P36|P40|P46|P8|P9
1,2,current,logistic_1,4,0.3561822252091957,P19|P20|P21|P27|P33|P4|P44,P12|P13|P18|P2|P26|P3|P34|P35|P36|P40|P46|P8|P9
1,2,current,logistic_1,8,0.35845535902435727,P19|P20|P21|P27|P33|P4|P44,P12|P13|P18|P2|P26|P3|P34|P35|P36|P40|P46|P8|P9
1,2,current,hgb,1,0.33446485383560026,P19|P20|P21|P27|P33|P4|P44,P12|P13|P18|P2|P26|P3|P34|P35|P36|P40|P46|P8|P9
1,2,current,hgb,4,0.3338531481359815,P19|P20|P21|P27|P33|P4|P44,P12|P13|P18|P2|P26|P3|P34|P35|P36|P40|P46|P8|P9
1,2,current,hgb,8,0.32927787996610636,P19|P20|P21|P27|P33|P4|P44,P12|P13|P18|P2|P26|P3|P34|P35|P36|P40|P46|P8|P9
1,2,current,rbf,1,0.34038550289936437,P19|P20|P21|P27|P33|P4|P44,P12|P13|P18|P2|P26|P3|P34|P35|P36|P40|P46|P8|P9
1,2,current,rbf,4,0.337862000239148,P19|P20|P21|P27|P33|P4|P44,P12|P13|P18|P2|P26|P3|P34|P35|P36|P40|P46|P8|P9
1,2,current,rbf,8,0.3336128967823577,P19|P20|P21|P27|P33|P4|P44,P12|P13|P18|P2|P26|P3|P34|P35|P36|P40|P46|P8|P9
1,2,segment_4,logistic_0.01,1,0.346172443502995,P19|P20|P21|P27|P33|P4|P44,P12|P13|P18|P2|P26|P3|P34|P35|P36|P40|P46|P8|P9
1,2,segment_4,logistic_0.01,4,0.3394573078103978,P19|P20|P21|P27|P33|P4|P44,P12|P13|P18|P2|P26|P3|P34|P35|P36|P40|P46|P8|P9
1,2,segment_4,logistic_0.01,8,0.33487741385085823,P19|P20|P21|P27|P33|P4|P44,P12|P13|P18|P2|P26|P3|P34|P35|P36|P40|P46|P8|P9
1,2,segment_4,logistic_0.1,1,0.3527161778537539,P19|P20|P21|P27|P33|P4|P44,P12|P13|P18|P2|P26|P3|P34|P35|P36|P40|P46|P8|P9
1,2,segment_4,logistic_0.1,4,0.346264336396363,P19|P20|P21|P27|P33|P4|P44,P12|P13|P18|P2|P26|P3|P34|P35|P36|P40|P46|P8|P9
1,2,segment_4,logistic_0.1,8,0.34036146511909543,P19|P20|P21|P27|P33|P4|P44,P12|P13|P18|P2|P26|P3|P34|P35|P36|P40|P46|P8|P9
1,2,segment_4,logistic_1,1,0.3520292855479679,P19|P20|P21|P27|P33|P4|P44,P12|P13|P18|P2|P26|P3|P34|P35|P36|P40|P46|P8|P9
1,2,segment_4,logistic_1,4,0.34813260777642363,P19|P20|P21|P27|P33|P4|P44,P12|P13|P18|P2|P26|P3|P34|P35|P36|P40|P46|P8|P9
1,2,segment_4,logistic_1,8,0.34328774545293944,P19|P20|P21|P27|P33|P4|P44,P12|P13|P18|P2|P26|P3|P34|P35|P36|P40|P46|P8|P9
1,2,segment_4,hgb,1,0.3551917054400541,P19|P20|P21|P27|P33|P4|P44,P12|P13|P18|P2|P26|P3|P34|P35|P36|P40|P46|P8|P9
1,2,segment_4,hgb,4,0.3509949729524551,P19|P20|P21|P27|P33|P4|P44,P12|P13|P18|P2|P26|P3|P34|P35|P36|P40|P46|P8|P9
1,2,segment_4,hgb,8,0.33896419495206376,P19|P20|P21|P27|P33|P4|P44,P12|P13|P18|P2|P26|P3|P34|P35|P36|P40|P46|P8|P9
1,2,segment_4,rbf,1,0.34109849904452405,P19|P20|P21|P27|P33|P4|P44,P12|P13|P18|P2|P26|P3|P34|P35|P36|P40|P46|P8|P9
1,2,segment_4,rbf,4,0.3399535904387977,P19|P20|P21|P27|P33|P4|P44,P12|P13|P18|P2|P26|P3|P34|P35|P36|P40|P46|P8|P9
1,2,segment_4,rbf,8,0.3267219773251477,P19|P20|P21|P27|P33|P4|P44,P12|P13|P18|P2|P26|P3|P34|P35|P36|P40|P46|P8|P9
1,2,segment_8,logistic_0.01,1,0.32609272067230916,P19|P20|P21|P27|P33|P4|P44,P12|P13|P18|P2|P26|P3|P34|P35|P36|P40|P46|P8|P9
1,2,segment_8,logistic_0.01,4,0.32578630764248373,P19|P20|P21|P27|P33|P4|P44,P12|P13|P18|P2|P26|P3|P34|P35|P36|P40|P46|P8|P9
1,2,segment_8,logistic_0.01,8,0.32368198383248653,P19|P20|P21|P27|P33|P4|P44,P12|P13|P18|P2|P26|P3|P34|P35|P36|P40|P46|P8|P9
1,2,segment_8,logistic_0.1,1,0.3326872306055732,P19|P20|P21|P27|P33|P4|P44,P12|P13|P18|P2|P26|P3|P34|P35|P36|P40|P46|P8|P9
1,2,segment_8,logistic_0.1,4,0.32970579644715936,P19|P20|P21|P27|P33|P4|P44,P12|P13|P18|P2|P26|P3|P34|P35|P36|P40|P46|P8|P9
1,2,segment_8,logistic_0.1,8,0.3292145141263223,P19|P20|P21|P27|P33|P4|P44,P12|P13|P18|P2|P26|P3|P34|P35|P36|P40|P46|P8|P9
1,2,segment_8,logistic_1,1,0.3357822688770023,P19|P20|P21|P27|P33|P4|P44,P12|P13|P18|P2|P26|P3|P34|P35|P36|P40|P46|P8|P9
1,2,segment_8,logistic_1,4,0.33214130894027605,P19|P20|P21|P27|P33|P4|P44,P12|P13|P18|P2|P26|P3|P34|P35|P36|P40|P46|P8|P9
1,2,segment_8,logistic_1,8,0.3321397551959676,P19|P20|P21|P27|P33|P4|P44,P12|P13|P18|P2|P26|P3|P34|P35|P36|P40|P46|P8|P9
1,2,segment_8,hgb,1,0.34198504804341184,P19|P20|P21|P27|P33|P4|P44,P12|P13|P18|P2|P26|P3|P34|P35|P36|P40|P46|P8|P9
1,2,segment_8,hgb,4,0.33637710558893935,P19|P20|P21|P27|P33|P4|P44,P12|P13|P18|P2|P26|P3|P34|P35|P36|P40|P46|P8|P9
1,2,segment_8,hgb,8,0.33262296765033555,P19|P20|P21|P27|P33|P4|P44,P12|P13|P18|P2|P26|P3|P34|P35|P36|P40|P46|P8|P9
1,2,segment_8,rbf,1,0.32522104152170483,P19|P20|P21|P27|P33|P4|P44,P12|P13|P18|P2|P26|P3|P34|P35|P36|P40|P46|P8|P9
1,2,segment_8,rbf,4,0.3224642773537721,P19|P20|P21|P27|P33|P4|P44,P12|P13|P18|P2|P26|P3|P34|P35|P36|P40|P46|P8|P9
1,2,segment_8,rbf,8,0.31245695673937623,P19|P20|P21|P27|P33|P4|P44,P12|P13|P18|P2|P26|P3|P34|P35|P36|P40|P46|P8|P9
1,2,segment_16,logistic_0.01,1,0.32311531742997557,P19|P20|P21|P27|P33|P4|P44,P12|P13|P18|P2|P26|P3|P34|P35|P36|P40|P46|P8|P9
1,2,segment_16,logistic_0.01,4,0.32393513862253254,P19|P20|P21|P27|P33|P4|P44,P12|P13|P18|P2|P26|P3|P34|P35|P36|P40|P46|P8|P9
1,2,segment_16,logistic_0.01,8,0.3233703732676133,P19|P20|P21|P27|P33|P4|P44,P12|P13|P18|P2|P26|P3|P34|P35|P36|P40|P46|P8|P9
1,2,segment_16,logistic_0.1,1,0.32416601343159035,P19|P20|P21|P27|P33|P4|P44,P12|P13|P18|P2|P26|P3|P34|P35|P36|P40|P46|P8|P9
1,2,segment_16,logistic_0.1,4,0.3283411146959901,P19|P20|P21|P27|P33|P4|P44,P12|P13|P18|P2|P26|P3|P34|P35|P36|P40|P46|P8|P9
1,2,segment_16,logistic_0.1,8,0.3289957712755033,P19|P20|P21|P27|P33|P4|P44,P12|P13|P18|P2|P26|P3|P34|P35|P36|P40|P46|P8|P9
1,2,segment_16,logistic_1,1,0.32301980235349753,P19|P20|P21|P27|P33|P4|P44,P12|P13|P18|P2|P26|P3|P34|P35|P36|P40|P46|P8|P9
1,2,segment_16,logistic_1,4,0.3267931860060088,P19|P20|P21|P27|P33|P4|P44,P12|P13|P18|P2|P26|P3|P34|P35|P36|P40|P46|P8|P9
1,2,segment_16,logistic_1,8,0.32609676802836535,P19|P20|P21|P27|P33|P4|P44,P12|P13|P18|P2|P26|P3|P34|P35|P36|P40|P46|P8|P9
1,2,segment_16,hgb,1,0.33149002454420534,P19|P20|P21|P27|P33|P4|P44,P12|P13|P18|P2|P26|P3|P34|P35|P36|P40|P46|P8|P9
1,2,segment_16,hgb,4,0.3372264724295369,P19|P20|P21|P27|P33|P4|P44,P12|P13|P18|P2|P26|P3|P34|P35|P36|P40|P46|P8|P9
1,2,segment_16,hgb,8,0.3347033589570928,P19|P20|P21|P27|P33|P4|P44,P12|P13|P18|P2|P26|P3|P34|P35|P36|P40|P46|P8|P9
1,2,segment_16,rbf,1,0.31686893998216925,P19|P20|P21|P27|P33|P4|P44,P12|P13|P18|P2|P26|P3|P34|P35|P36|P40|P46|P8|P9
1,2,segment_16,rbf,4,0.31724955028557905,P19|P20|P21|P27|P33|P4|P44,P12|P13|P18|P2|P26|P3|P34|P35|P36|P40|P46|P8|P9
1,2,segment_16,rbf,8,0.3190273416029879,P19|P20|P21|P27|P33|P4|P44,P12|P13|P18|P2|P26|P3|P34|P35|P36|P40|P46|P8|P9
1,2,recording_4,logistic_0.01,1,0.346172443502995,P19|P20|P21|P27|P33|P4|P44,P12|P13|P18|P2|P26|P3|P34|P35|P36|P40|P46|P8|P9
1,2,recording_4,logistic_0.01,4,0.3394573078103978,P19|P20|P21|P27|P33|P4|P44,P12|P13|P18|P2|P26|P3|P34|P35|P36|P40|P46|P8|P9
1,2,recording_4,logistic_0.01,8,0.33487741385085823,P19|P20|P21|P27|P33|P4|P44,P12|P13|P18|P2|P26|P3|P34|P35|P36|P40|P46|P8|P9
1,2,recording_4,logistic_0.1,1,0.3527161778537539,P19|P20|P21|P27|P33|P4|P44,P12|P13|P18|P2|P26|P3|P34|P35|P36|P40|P46|P8|P9
1,2,recording_4,logistic_0.1,4,0.346264336396363,P19|P20|P21|P27|P33|P4|P44,P12|P13|P18|P2|P26|P3|P34|P35|P36|P40|P46|P8|P9
1,2,recording_4,logistic_0.1,8,0.34036146511909543,P19|P20|P21|P27|P33|P4|P44,P12|P13|P18|P2|P26|P3|P34|P35|P36|P40|P46|P8|P9
1,2,recording_4,logistic_1,1,0.3520292855479679,P19|P20|P21|P27|P33|P4|P44,P12|P13|P18|P2|P26|P3|P34|P35|P36|P40|P46|P8|P9
1,2,recording_4,logistic_1,4,0.34813260777642363,P19|P20|P21|P27|P33|P4|P44,P12|P13|P18|P2|P26|P3|P34|P35|P36|P40|P46|P8|P9
1,2,recording_4,logistic_1,8,0.34328774545293944,P19|P20|P21|P27|P33|P4|P44,P12|P13|P18|P2|P26|P3|P34|P35|P36|P40|P46|P8|P9
1,2,recording_4,hgb,1,0.3551917054400541,P19|P20|P21|P27|P33|P4|P44,P12|P13|P18|P2|P26|P3|P34|P35|P36|P40|P46|P8|P9
1,2,recording_4,hgb,4,0.3509949729524551,P19|P20|P21|P27|P33|P4|P44,P12|P13|P18|P2|P26|P3|P34|P35|P36|P40|P46|P8|P9
1,2,recording_4,hgb,8,0.33896419495206376,P19|P20|P21|P27|P33|P4|P44,P12|P13|P18|P2|P26|P3|P34|P35|P36|P40|P46|P8|P9
1,2,recording_4,rbf,1,0.34109849904452405,P19|P20|P21|P27|P33|P4|P44,P12|P13|P18|P2|P26|P3|P34|P35|P36|P40|P46|P8|P9
1,2,recording_4,rbf,4,0.3399535904387977,P19|P20|P21|P27|P33|P4|P44,P12|P13|P18|P2|P26|P3|P34|P35|P36|P40|P46|P8|P9
1,2,recording_4,rbf,8,0.3267219773251477,P19|P20|P21|P27|P33|P4|P44,P12|P13|P18|P2|P26|P3|P34|P35|P36|P40|P46|P8|P9
1,2,recording_8,logistic_0.01,1,0.32609272067230916,P19|P20|P21|P27|P33|P4|P44,P12|P13|P18|P2|P26|P3|P34|P35|P36|P40|P46|P8|P9
1,2,recording_8,logistic_0.01,4,0.32578630764248373,P19|P20|P21|P27|P33|P4|P44,P12|P13|P18|P2|P26|P3|P34|P35|P36|P40|P46|P8|P9
1,2,recording_8,logistic_0.01,8,0.32368198383248653,P19|P20|P21|P27|P33|P4|P44,P12|P13|P18|P2|P26|P3|P34|P35|P36|P40|P46|P8|P9
1,2,recording_8,logistic_0.1,1,0.3326872306055732,P19|P20|P21|P27|P33|P4|P44,P12|P13|P18|P2|P26|P3|P34|P35|P36|P40|P46|P8|P9
1,2,recording_8,logistic_0.1,4,0.32970579644715936,P19|P20|P21|P27|P33|P4|P44,P12|P13|P18|P2|P26|P3|P34|P35|P36|P40|P46|P8|P9
1,2,recording_8,logistic_0.1,8,0.3292145141263223,P19|P20|P21|P27|P33|P4|P44,P12|P13|P18|P2|P26|P3|P34|P35|P36|P40|P46|P8|P9
1,2,recording_8,logistic_1,1,0.3357822688770023,P19|P20|P21|P27|P33|P4|P44,P12|P13|P18|P2|P26|P3|P34|P35|P36|P40|P46|P8|P9
1,2,recording_8,logistic_1,4,0.33214130894027605,P19|P20|P21|P27|P33|P4|P44,P12|P13|P18|P2|P26|P3|P34|P35|P36|P40|P46|P8|P9
1,2,recording_8,logistic_1,8,0.3321397551959676,P19|P20|P21|P27|P33|P4|P44,P12|P13|P18|P2|P26|P3|P34|P35|P36|P40|P46|P8|P9
1,2,recording_8,hgb,1,0.34198504804341184,P19|P20|P21|P27|P33|P4|P44,P12|P13|P18|P2|P26|P3|P34|P35|P36|P40|P46|P8|P9
1,2,recording_8,hgb,4,0.33637710558893935,P19|P20|P21|P27|P33|P4|P44,P12|P13|P18|P2|P26|P3|P34|P35|P36|P40|P46|P8|P9
1,2,recording_8,hgb,8,0.33262296765033555,P19|P20|P21|P27|P33|P4|P44,P12|P13|P18|P2|P26|P3|P34|P35|P36|P40|P46|P8|P9
1,2,recording_8,rbf,1,0.32522104152170483,P19|P20|P21|P27|P33|P4|P44,P12|P13|P18|P2|P26|P3|P34|P35|P36|P40|P46|P8|P9
1,2,recording_8,rbf,4,0.3224642773537721,P19|P20|P21|P27|P33|P4|P44,P12|P13|P18|P2|P26|P3|P34|P35|P36|P40|P46|P8|P9
1,2,recording_8,rbf,8,0.31245695673937623,P19|P20|P21|P27|P33|P4|P44,P12|P13|P18|P2|P26|P3|P34|P35|P36|P40|P46|P8|P9
1,2,recording_16,logistic_0.01,1,0.32311531742997557,P19|P20|P21|P27|P33|P4|P44,P12|P13|P18|P2|P26|P3|P34|P35|P36|P40|P46|P8|P9
1,2,recording_16,logistic_0.01,4,0.32393513862253254,P19|P20|P21|P27|P33|P4|P44,P12|P13|P18|P2|P26|P3|P34|P35|P36|P40|P46|P8|P9
1,2,recording_16,logistic_0.01,8,0.3233703732676133,P19|P20|P21|P27|P33|P4|P44,P12|P13|P18|P2|P26|P3|P34|P35|P36|P40|P46|P8|P9
1,2,recording_16,logistic_0.1,1,0.32416601343159035,P19|P20|P21|P27|P33|P4|P44,P12|P13|P18|P2|P26|P3|P34|P35|P36|P40|P46|P8|P9
1,2,recording_16,logistic_0.1,4,0.3283411146959901,P19|P20|P21|P27|P33|P4|P44,P12|P13|P18|P2|P26|P3|P34|P35|P36|P40|P46|P8|P9
1,2,recording_16,logistic_0.1,8,0.3289957712755033,P19|P20|P21|P27|P33|P4|P44,P12|P13|P18|P2|P26|P3|P34|P35|P36|P40|P46|P8|P9
1,2,recording_16,logistic_1,1,0.32301980235349753,P19|P20|P21|P27|P33|P4|P44,P12|P13|P18|P2|P26|P3|P34|P35|P36|P40|P46|P8|P9
1,2,recording_16,logistic_1,4,0.3267931860060088,P19|P20|P21|P27|P33|P4|P44,P12|P13|P18|P2|P26|P3|P34|P35|P36|P40|P46|P8|P9
1,2,recording_16,logistic_1,8,0.32609676802836535,P19|P20|P21|P27|P33|P4|P44,P12|P13|P18|P2|P26|P3|P34|P35|P36|P40|P46|P8|P9
1,2,recording_16,hgb,1,0.33149002454420534,P19|P20|P21|P27|P33|P4|P44,P12|P13|P18|P2|P26|P3|P34|P35|P36|P40|P46|P8|P9
1,2,recording_16,hgb,4,0.3372264724295369,P19|P20|P21|P27|P33|P4|P44,P12|P13|P18|P2|P26|P3|P34|P35|P36|P40|P46|P8|P9
1,2,recording_16,hgb,8,0.3347033589570928,P19|P20|P21|P27|P33|P4|P44,P12|P13|P18|P2|P26|P3|P34|P35|P36|P40|P46|P8|P9
1,2,recording_16,rbf,1,0.31686893998216925,P19|P20|P21|P27|P33|P4|P44,P12|P13|P18|P2|P26|P3|P34|P35|P36|P40|P46|P8|P9
1,2,recording_16,rbf,4,0.31724955028557905,P19|P20|P21|P27|P33|P4|P44,P12|P13|P18|P2|P26|P3|P34|P35|P36|P40|P46|P8|P9
1,2,recording_16,rbf,8,0.3190273416029879,P19|P20|P21|P27|P33|P4|P44,P12|P13|P18|P2|P26|P3|P34|P35|P36|P40|P46|P8|P9
1,3,current,logistic_0.01,1,0.3431540757374589,P13|P26|P3|P35|P46|P8,P12|P18|P19|P2|P20|P21|P27|P33|P34|P36|P4|P40|P44|P9
1,3,current,logistic_0.01,4,0.3528624074483205,P13|P26|P3|P35|P46|P8,P12|P18|P19|P2|P20|P21|P27|P33|P34|P36|P4|P40|P44|P9
1,3,current,logistic_0.01,8,0.3551002969953119,P13|P26|P3|P35|P46|P8,P12|P18|P19|P2|P20|P21|P27|P33|P34|P36|P4|P40|P44|P9
1,3,current,logistic_0.1,1,0.34677730341045265,P13|P26|P3|P35|P46|P8,P12|P18|P19|P2|P20|P21|P27|P33|P34|P36|P4|P40|P44|P9
1,3,current,logistic_0.1,4,0.35072279355053987,P13|P26|P3|P35|P46|P8,P12|P18|P19|P2|P20|P21|P27|P33|P34|P36|P4|P40|P44|P9
1,3,current,logistic_0.1,8,0.3516784946582175,P13|P26|P3|P35|P46|P8,P12|P18|P19|P2|P20|P21|P27|P33|P34|P36|P4|P40|P44|P9
1,3,current,logistic_1,1,0.34700906518394253,P13|P26|P3|P35|P46|P8,P12|P18|P19|P2|P20|P21|P27|P33|P34|P36|P4|P40|P44|P9
1,3,current,logistic_1,4,0.35102501223727306,P13|P26|P3|P35|P46|P8,P12|P18|P19|P2|P20|P21|P27|P33|P34|P36|P4|P40|P44|P9
1,3,current,logistic_1,8,0.35063100158691496,P13|P26|P3|P35|P46|P8,P12|P18|P19|P2|P20|P21|P27|P33|P34|P36|P4|P40|P44|P9
1,3,current,hgb,1,0.34528580345292065,P13|P26|P3|P35|P46|P8,P12|P18|P19|P2|P20|P21|P27|P33|P34|P36|P4|P40|P44|P9
1,3,current,hgb,4,0.34536642743685014,P13|P26|P3|P35|P46|P8,P12|P18|P19|P2|P20|P21|P27|P33|P34|P36|P4|P40|P44|P9
1,3,current,hgb,8,0.35569707055156136,P13|P26|P3|P35|P46|P8,P12|P18|P19|P2|P20|P21|P27|P33|P34|P36|P4|P40|P44|P9
1,3,current,rbf,1,0.347848446250866,P13|P26|P3|P35|P46|P8,P12|P18|P19|P2|P20|P21|P27|P33|P34|P36|P4|P40|P44|P9
1,3,current,rbf,4,0.3563767849493679,P13|P26|P3|P35|P46|P8,P12|P18|P19|P2|P20|P21|P27|P33|P34|P36|P4|P40|P44|P9
1,3,current,rbf,8,0.3526917636125069,P13|P26|P3|P35|P46|P8,P12|P18|P19|P2|P20|P21|P27|P33|P34|P36|P4|P40|P44|P9
1,3,segment_4,logistic_0.01,1,0.3608894431945559,P13|P26|P3|P35|P46|P8,P12|P18|P19|P2|P20|P21|P27|P33|P34|P36|P4|P40|P44|P9
1,3,segment_4,logistic_0.01,4,0.350601574840767,P13|P26|P3|P35|P46|P8,P12|P18|P19|P2|P20|P21|P27|P33|P34|P36|P4|P40|P44|P9
1,3,segment_4,logistic_0.01,8,0.33449783863483856,P13|P26|P3|P35|P46|P8,P12|P18|P19|P2|P20|P21|P27|P33|P34|P36|P4|P40|P44|P9
1,3,segment_4,logistic_0.1,1,0.3589905230386478,P13|P26|P3|P35|P46|P8,P12|P18|P19|P2|P20|P21|P27|P33|P34|P36|P4|P40|P44|P9
1,3,segment_4,logistic_0.1,4,0.3481808247508101,P13|P26|P3|P35|P46|P8,P12|P18|P19|P2|P20|P21|P27|P33|P34|P36|P4|P40|P44|P9
1,3,segment_4,logistic_0.1,8,0.3327487508623367,P13|P26|P3|P35|P46|P8,P12|P18|P19|P2|P20|P21|P27|P33|P34|P36|P4|P40|P44|P9
1,3,segment_4,logistic_1,1,0.35816664559455136,P13|P26|P3|P35|P46|P8,P12|P18|P19|P2|P20|P21|P27|P33|P34|P36|P4|P40|P44|P9
1,3,segment_4,logistic_1,4,0.3472719805234455,P13|P26|P3|P35|P46|P8,P12|P18|P19|P2|P20|P21|P27|P33|P34|P36|P4|P40|P44|P9
1,3,segment_4,logistic_1,8,0.33423303818973055,P13|P26|P3|P35|P46|P8,P12|P18|P19|P2|P20|P21|P27|P33|P34|P36|P4|P40|P44|P9
1,3,segment_4,hgb,1,0.34782134634918166,P13|P26|P3|P35|P46|P8,P12|P18|P19|P2|P20|P21|P27|P33|P34|P36|P4|P40|P44|P9
1,3,segment_4,hgb,4,0.3591498381606406,P13|P26|P3|P35|P46|P8,P12|P18|P19|P2|P20|P21|P27|P33|P34|P36|P4|P40|P44|P9
1,3,segment_4,hgb,8,0.3477833436029137,P13|P26|P3|P35|P46|P8,P12|P18|P19|P2|P20|P21|P27|P33|P34|P36|P4|P40|P44|P9
1,3,segment_4,rbf,1,0.34950714726693,P13|P26|P3|P35|P46|P8,P12|P18|P19|P2|P20|P21|P27|P33|P34|P36|P4|P40|P44|P9
1,3,segment_4,rbf,4,0.3480969790953968,P13|P26|P3|P35|P46|P8,P12|P18|P19|P2|P20|P21|P27|P33|P34|P36|P4|P40|P44|P9
1,3,segment_4,rbf,8,0.3321832712897655,P13|P26|P3|P35|P46|P8,P12|P18|P19|P2|P20|P21|P27|P33|P34|P36|P4|P40|P44|P9
1,3,segment_8,logistic_0.01,1,0.3429538403712557,P13|P26|P3|P35|P46|P8,P12|P18|P19|P2|P20|P21|P27|P33|P34|P36|P4|P40|P44|P9
1,3,segment_8,logistic_0.01,4,0.3354874982940319,P13|P26|P3|P35|P46|P8,P12|P18|P19|P2|P20|P21|P27|P33|P34|P36|P4|P40|P44|P9
1,3,segment_8,logistic_0.01,8,0.3254072007692374,P13|P26|P3|P35|P46|P8,P12|P18|P19|P2|P20|P21|P27|P33|P34|P36|P4|P40|P44|P9
1,3,segment_8,logistic_0.1,1,0.3393085581975188,P13|P26|P3|P35|P46|P8,P12|P18|P19|P2|P20|P21|P27|P33|P34|P36|P4|P40|P44|P9
1,3,segment_8,logistic_0.1,4,0.328282595371642,P13|P26|P3|P35|P46|P8,P12|P18|P19|P2|P20|P21|P27|P33|P34|P36|P4|P40|P44|P9
1,3,segment_8,logistic_0.1,8,0.32088238524671603,P13|P26|P3|P35|P46|P8,P12|P18|P19|P2|P20|P21|P27|P33|P34|P36|P4|P40|P44|P9
1,3,segment_8,logistic_1,1,0.3346289806094472,P13|P26|P3|P35|P46|P8,P12|P18|P19|P2|P20|P21|P27|P33|P34|P36|P4|P40|P44|P9
1,3,segment_8,logistic_1,4,0.3248254077460509,P13|P26|P3|P35|P46|P8,P12|P18|P19|P2|P20|P21|P27|P33|P34|P36|P4|P40|P44|P9
1,3,segment_8,logistic_1,8,0.3225896579168579,P13|P26|P3|P35|P46|P8,P12|P18|P19|P2|P20|P21|P27|P33|P34|P36|P4|P40|P44|P9
1,3,segment_8,hgb,1,0.3574635289364687,P13|P26|P3|P35|P46|P8,P12|P18|P19|P2|P20|P21|P27|P33|P34|P36|P4|P40|P44|P9
1,3,segment_8,hgb,4,0.35653290319864955,P13|P26|P3|P35|P46|P8,P12|P18|P19|P2|P20|P21|P27|P33|P34|P36|P4|P40|P44|P9
1,3,segment_8,hgb,8,0.34328095084779386,P13|P26|P3|P35|P46|P8,P12|P18|P19|P2|P20|P21|P27|P33|P34|P36|P4|P40|P44|P9
1,3,segment_8,rbf,1,0.3649828830934076,P13|P26|P3|P35|P46|P8,P12|P18|P19|P2|P20|P21|P27|P33|P34|P36|P4|P40|P44|P9
1,3,segment_8,rbf,4,0.34870937629712956,P13|P26|P3|P35|P46|P8,P12|P18|P19|P2|P20|P21|P27|P33|P34|P36|P4|P40|P44|P9
1,3,segment_8,rbf,8,0.3400003582838041,P13|P26|P3|P35|P46|P8,P12|P18|P19|P2|P20|P21|P27|P33|P34|P36|P4|P40|P44|P9
1,3,segment_16,logistic_0.01,1,0.3440728950772285,P13|P26|P3|P35|P46|P8,P12|P18|P19|P2|P20|P21|P27|P33|P34|P36|P4|P40|P44|P9
1,3,segment_16,logistic_0.01,4,0.3513525851749022,P13|P26|P3|P35|P46|P8,P12|P18|P19|P2|P20|P21|P27|P33|P34|P36|P4|P40|P44|P9
1,3,segment_16,logistic_0.01,8,0.34120619923158263,P13|P26|P3|P35|P46|P8,P12|P18|P19|P2|P20|P21|P27|P33|P34|P36|P4|P40|P44|P9
1,3,segment_16,logistic_0.1,1,0.34893427211544825,P13|P26|P3|P35|P46|P8,P12|P18|P19|P2|P20|P21|P27|P33|P34|P36|P4|P40|P44|P9
1,3,segment_16,logistic_0.1,4,0.3530900208490473,P13|P26|P3|P35|P46|P8,P12|P18|P19|P2|P20|P21|P27|P33|P34|P36|P4|P40|P44|P9
1,3,segment_16,logistic_0.1,8,0.34602121536095765,P13|P26|P3|P35|P46|P8,P12|P18|P19|P2|P20|P21|P27|P33|P34|P36|P4|P40|P44|P9
1,3,segment_16,logistic_1,1,0.3479312460927056,P13|P26|P3|P35|P46|P8,P12|P18|P19|P2|P20|P21|P27|P33|P34|P36|P4|P40|P44|P9
1,3,segment_16,logistic_1,4,0.35541710509093843,P13|P26|P3|P35|P46|P8,P12|P18|P19|P2|P20|P21|P27|P33|P34|P36|P4|P40|P44|P9
1,3,segment_16,logistic_1,8,0.34768829201420864,P13|P26|P3|P35|P46|P8,P12|P18|P19|P2|P20|P21|P27|P33|P34|P36|P4|P40|P44|P9
1,3,segment_16,hgb,1,0.36152417459649033,P13|P26|P3|P35|P46|P8,P12|P18|P19|P2|P20|P21|P27|P33|P34|P36|P4|P40|P44|P9
1,3,segment_16,hgb,4,0.3640220902573081,P13|P26|P3|P35|P46|P8,P12|P18|P19|P2|P20|P21|P27|P33|P34|P36|P4|P40|P44|P9
1,3,segment_16,hgb,8,0.3653835096653401,P13|P26|P3|P35|P46|P8,P12|P18|P19|P2|P20|P21|P27|P33|P34|P36|P4|P40|P44|P9
1,3,segment_16,rbf,1,0.34522189055965247,P13|P26|P3|P35|P46|P8,P12|P18|P19|P2|P20|P21|P27|P33|P34|P36|P4|P40|P44|P9
1,3,segment_16,rbf,4,0.34584912821124597,P13|P26|P3|P35|P46|P8,P12|P18|P19|P2|P20|P21|P27|P33|P34|P36|P4|P40|P44|P9
1,3,segment_16,rbf,8,0.3380951117764228,P13|P26|P3|P35|P46|P8,P12|P18|P19|P2|P20|P21|P27|P33|P34|P36|P4|P40|P44|P9
1,3,recording_4,logistic_0.01,1,0.3608894431945559,P13|P26|P3|P35|P46|P8,P12|P18|P19|P2|P20|P21|P27|P33|P34|P36|P4|P40|P44|P9
1,3,recording_4,logistic_0.01,4,0.350601574840767,P13|P26|P3|P35|P46|P8,P12|P18|P19|P2|P20|P21|P27|P33|P34|P36|P4|P40|P44|P9
1,3,recording_4,logistic_0.01,8,0.33449783863483856,P13|P26|P3|P35|P46|P8,P12|P18|P19|P2|P20|P21|P27|P33|P34|P36|P4|P40|P44|P9
1,3,recording_4,logistic_0.1,1,0.3589905230386478,P13|P26|P3|P35|P46|P8,P12|P18|P19|P2|P20|P21|P27|P33|P34|P36|P4|P40|P44|P9
1,3,recording_4,logistic_0.1,4,0.3481808247508101,P13|P26|P3|P35|P46|P8,P12|P18|P19|P2|P20|P21|P27|P33|P34|P36|P4|P40|P44|P9
1,3,recording_4,logistic_0.1,8,0.3327487508623367,P13|P26|P3|P35|P46|P8,P12|P18|P19|P2|P20|P21|P27|P33|P34|P36|P4|P40|P44|P9
1,3,recording_4,logistic_1,1,0.35816664559455136,P13|P26|P3|P35|P46|P8,P12|P18|P19|P2|P20|P21|P27|P33|P34|P36|P4|P40|P44|P9
1,3,recording_4,logistic_1,4,0.3472719805234455,P13|P26|P3|P35|P46|P8,P12|P18|P19|P2|P20|P21|P27|P33|P34|P36|P4|P40|P44|P9
1,3,recording_4,logistic_1,8,0.33423303818973055,P13|P26|P3|P35|P46|P8,P12|P18|P19|P2|P20|P21|P27|P33|P34|P36|P4|P40|P44|P9
1,3,recording_4,hgb,1,0.34782134634918166,P13|P26|P3|P35|P46|P8,P12|P18|P19|P2|P20|P21|P27|P33|P34|P36|P4|P40|P44|P9
1,3,recording_4,hgb,4,0.3591498381606406,P13|P26|P3|P35|P46|P8,P12|P18|P19|P2|P20|P21|P27|P33|P34|P36|P4|P40|P44|P9
1,3,recording_4,hgb,8,0.3477833436029137,P13|P26|P3|P35|P46|P8,P12|P18|P19|P2|P20|P21|P27|P33|P34|P36|P4|P40|P44|P9
1,3,recording_4,rbf,1,0.34950714726693,P13|P26|P3|P35|P46|P8,P12|P18|P19|P2|P20|P21|P27|P33|P34|P36|P4|P40|P44|P9
1,3,recording_4,rbf,4,0.3480969790953968,P13|P26|P3|P35|P46|P8,P12|P18|P19|P2|P20|P21|P27|P33|P34|P36|P4|P40|P44|P9
1,3,recording_4,rbf,8,0.3321832712897655,P13|P26|P3|P35|P46|P8,P12|P18|P19|P2|P20|P21|P27|P33|P34|P36|P4|P40|P44|P9
1,3,recording_8,logistic_0.01,1,0.3429538403712557,P13|P26|P3|P35|P46|P8,P12|P18|P19|P2|P20|P21|P27|P33|P34|P36|P4|P40|P44|P9
1,3,recording_8,logistic_0.01,4,0.3354874982940319,P13|P26|P3|P35|P46|P8,P12|P18|P19|P2|P20|P21|P27|P33|P34|P36|P4|P40|P44|P9
1,3,recording_8,logistic_0.01,8,0.3254072007692374,P13|P26|P3|P35|P46|P8,P12|P18|P19|P2|P20|P21|P27|P33|P34|P36|P4|P40|P44|P9
1,3,recording_8,logistic_0.1,1,0.3393085581975188,P13|P26|P3|P35|P46|P8,P12|P18|P19|P2|P20|P21|P27|P33|P34|P36|P4|P40|P44|P9
1,3,recording_8,logistic_0.1,4,0.328282595371642,P13|P26|P3|P35|P46|P8,P12|P18|P19|P2|P20|P21|P27|P33|P34|P36|P4|P40|P44|P9
1,3,recording_8,logistic_0.1,8,0.32088238524671603,P13|P26|P3|P35|P46|P8,P12|P18|P19|P2|P20|P21|P27|P33|P34|P36|P4|P40|P44|P9
1,3,recording_8,logistic_1,1,0.3346289806094472,P13|P26|P3|P35|P46|P8,P12|P18|P19|P2|P20|P21|P27|P33|P34|P36|P4|P40|P44|P9
1,3,recording_8,logistic_1,4,0.3248254077460509,P13|P26|P3|P35|P46|P8,P12|P18|P19|P2|P20|P21|P27|P33|P34|P36|P4|P40|P44|P9
1,3,recording_8,logistic_1,8,0.3225896579168579,P13|P26|P3|P35|P46|P8,P12|P18|P19|P2|P20|P21|P27|P33|P34|P36|P4|P40|P44|P9
1,3,recording_8,hgb,1,0.3574635289364687,P13|P26|P3|P35|P46|P8,P12|P18|P19|P2|P20|P21|P27|P33|P34|P36|P4|P40|P44|P9
1,3,recording_8,hgb,4,0.35653290319864955,P13|P26|P3|P35|P46|P8,P12|P18|P19|P2|P20|P21|P27|P33|P34|P36|P4|P40|P44|P9
1,3,recording_8,hgb,8,0.34328095084779386,P13|P26|P3|P35|P46|P8,P12|P18|P19|P2|P20|P21|P27|P33|P34|P36|P4|P40|P44|P9
1,3,recording_8,rbf,1,0.3649828830934076,P13|P26|P3|P35|P46|P8,P12|P18|P19|P2|P20|P21|P27|P33|P34|P36|P4|P40|P44|P9
1,3,recording_8,rbf,4,0.34870937629712956,P13|P26|P3|P35|P46|P8,P12|P18|P19|P2|P20|P21|P27|P33|P34|P36|P4|P40|P44|P9
1,3,recording_8,rbf,8,0.3400003582838041,P13|P26|P3|P35|P46|P8,P12|P18|P19|P2|P20|P21|P27|P33|P34|P36|P4|P40|P44|P9
1,3,recording_16,logistic_0.01,1,0.3440728950772285,P13|P26|P3|P35|P46|P8,P12|P18|P19|P2|P20|P21|P27|P33|P34|P36|P4|P40|P44|P9
1,3,recording_16,logistic_0.01,4,0.3513525851749022,P13|P26|P3|P35|P46|P8,P12|P18|P19|P2|P20|P21|P27|P33|P34|P36|P4|P40|P44|P9
1,3,recording_16,logistic_0.01,8,0.34120619923158263,P13|P26|P3|P35|P46|P8,P12|P18|P19|P2|P20|P21|P27|P33|P34|P36|P4|P40|P44|P9
1,3,recording_16,logistic_0.1,1,0.34893427211544825,P13|P26|P3|P35|P46|P8,P12|P18|P19|P2|P20|P21|P27|P33|P34|P36|P4|P40|P44|P9
1,3,recording_16,logistic_0.1,4,0.3530900208490473,P13|P26|P3|P35|P46|P8,P12|P18|P19|P2|P20|P21|P27|P33|P34|P36|P4|P40|P44|P9
1,3,recording_16,logistic_0.1,8,0.34602121536095765,P13|P26|P3|P35|P46|P8,P12|P18|P19|P2|P20|P21|P27|P33|P34|P36|P4|P40|P44|P9
1,3,recording_16,logistic_1,1,0.3479312460927056,P13|P26|P3|P35|P46|P8,P12|P18|P19|P2|P20|P21|P27|P33|P34|P36|P4|P40|P44|P9
1,3,recording_16,logistic_1,4,0.35541710509093843,P13|P26|P3|P35|P46|P8,P12|P18|P19|P2|P20|P21|P27|P33|P34|P36|P4|P40|P44|P9
1,3,recording_16,logistic_1,8,0.34768829201420864,P13|P26|P3|P35|P46|P8,P12|P18|P19|P2|P20|P21|P27|P33|P34|P36|P4|P40|P44|P9
1,3,recording_16,hgb,1,0.36152417459649033,P13|P26|P3|P35|P46|P8,P12|P18|P19|P2|P20|P21|P27|P33|P34|P36|P4|P40|P44|P9
1,3,recording_16,hgb,4,0.3640220902573081,P13|P26|P3|P35|P46|P8,P12|P18|P19|P2|P20|P21|P27|P33|P34|P36|P4|P40|P44|P9
1,3,recording_16,hgb,8,0.3653835096653401,P13|P26|P3|P35|P46|P8,P12|P18|P19|P2|P20|P21|P27|P33|P34|P36|P4|P40|P44|P9
1,3,recording_16,rbf,1,0.34522189055965247,P13|P26|P3|P35|P46|P8,P12|P18|P19|P2|P20|P21|P27|P33|P34|P36|P4|P40|P44|P9
1,3,recording_16,rbf,4,0.34584912821124597,P13|P26|P3|P35|P46|P8,P12|P18|P19|P2|P20|P21|P27|P33|P34|P36|P4|P40|P44|P9
1,3,recording_16,rbf,8,0.3380951117764228,P13|P26|P3|P35|P46|P8,P12|P18|P19|P2|P20|P21|P27|P33|P34|P36|P4|P40|P44|P9
2,1,current,logistic_0.01,1,0.3729411316895325,P13|P24|P26|P34|P36|P4|P48,P18|P20|P21|P22|P27|P3|P30|P33|P43|P44|P46|P8|P9
2,1,current,logistic_0.01,4,0.3805302188894091,P13|P24|P26|P34|P36|P4|P48,P18|P20|P21|P22|P27|P3|P30|P33|P43|P44|P46|P8|P9
2,1,current,logistic_0.01,8,0.39363270855155935,P13|P24|P26|P34|P36|P4|P48,P18|P20|P21|P22|P27|P3|P30|P33|P43|P44|P46|P8|P9
2,1,current,logistic_0.1,1,0.3729515650376415,P13|P24|P26|P34|P36|P4|P48,P18|P20|P21|P22|P27|P3|P30|P33|P43|P44|P46|P8|P9
2,1,current,logistic_0.1,4,0.38495919280726687,P13|P24|P26|P34|P36|P4|P48,P18|P20|P21|P22|P27|P3|P30|P33|P43|P44|P46|P8|P9
2,1,current,logistic_0.1,8,0.39606595518743454,P13|P24|P26|P34|P36|P4|P48,P18|P20|P21|P22|P27|P3|P30|P33|P43|P44|P46|P8|P9
2,1,current,logistic_1,1,0.37387473415200784,P13|P24|P26|P34|P36|P4|P48,P18|P20|P21|P22|P27|P3|P30|P33|P43|P44|P46|P8|P9
2,1,current,logistic_1,4,0.38279744922192743,P13|P24|P26|P34|P36|P4|P48,P18|P20|P21|P22|P27|P3|P30|P33|P43|P44|P46|P8|P9
2,1,current,logistic_1,8,0.395629848290111,P13|P24|P26|P34|P36|P4|P48,P18|P20|P21|P22|P27|P3|P30|P33|P43|P44|P46|P8|P9
2,1,current,hgb,1,0.3427346012424493,P13|P24|P26|P34|P36|P4|P48,P18|P20|P21|P22|P27|P3|P30|P33|P43|P44|P46|P8|P9
2,1,current,hgb,4,0.35173582752413035,P13|P24|P26|P34|P36|P4|P48,P18|P20|P21|P22|P27|P3|P30|P33|P43|P44|P46|P8|P9
2,1,current,hgb,8,0.3482963291828109,P13|P24|P26|P34|P36|P4|P48,P18|P20|P21|P22|P27|P3|P30|P33|P43|P44|P46|P8|P9
2,1,current,rbf,1,0.33528735340709587,P13|P24|P26|P34|P36|P4|P48,P18|P20|P21|P22|P27|P3|P30|P33|P43|P44|P46|P8|P9
2,1,current,rbf,4,0.3340823803747318,P13|P24|P26|P34|P36|P4|P48,P18|P20|P21|P22|P27|P3|P30|P33|P43|P44|P46|P8|P9
2,1,current,rbf,8,0.3416508969324777,P13|P24|P26|P34|P36|P4|P48,P18|P20|P21|P22|P27|P3|P30|P33|P43|P44|P46|P8|P9
2,1,segment_4,logistic_0.01,1,0.3752355674986282,P13|P24|P26|P34|P36|P4|P48,P18|P20|P21|P22|P27|P3|P30|P33|P43|P44|P46|P8|P9
2,1,segment_4,logistic_0.01,4,0.3782450869997508,P13|P24|P26|P34|P36|P4|P48,P18|P20|P21|P22|P27|P3|P30|P33|P43|P44|P46|P8|P9
2,1,segment_4,logistic_0.01,8,0.40096768733778776,P13|P24|P26|P34|P36|P4|P48,P18|P20|P21|P22|P27|P3|P30|P33|P43|P44|P46|P8|P9
2,1,segment_4,logistic_0.1,1,0.3875261665956033,P13|P24|P26|P34|P36|P4|P48,P18|P20|P21|P22|P27|P3|P30|P33|P43|P44|P46|P8|P9
2,1,segment_4,logistic_0.1,4,0.38533061527532747,P13|P24|P26|P34|P36|P4|P48,P18|P20|P21|P22|P27|P3|P30|P33|P43|P44|P46|P8|P9
2,1,segment_4,logistic_0.1,8,0.4032201335376517,P13|P24|P26|P34|P36|P4|P48,P18|P20|P21|P22|P27|P3|P30|P33|P43|P44|P46|P8|P9
2,1,segment_4,logistic_1,1,0.38689381380577464,P13|P24|P26|P34|P36|P4|P48,P18|P20|P21|P22|P27|P3|P30|P33|P43|P44|P46|P8|P9
2,1,segment_4,logistic_1,4,0.38831653593765053,P13|P24|P26|P34|P36|P4|P48,P18|P20|P21|P22|P27|P3|P30|P33|P43|P44|P46|P8|P9
2,1,segment_4,logistic_1,8,0.4034490065674791,P13|P24|P26|P34|P36|P4|P48,P18|P20|P21|P22|P27|P3|P30|P33|P43|P44|P46|P8|P9
2,1,segment_4,hgb,1,0.33754794978917746,P13|P24|P26|P34|P36|P4|P48,P18|P20|P21|P22|P27|P3|P30|P33|P43|P44|P46|P8|P9
2,1,segment_4,hgb,4,0.33474898468892383,P13|P24|P26|P34|P36|P4|P48,P18|P20|P21|P22|P27|P3|P30|P33|P43|P44|P46|P8|P9
2,1,segment_4,hgb,8,0.34312323204861533,P13|P24|P26|P34|P36|P4|P48,P18|P20|P21|P22|P27|P3|P30|P33|P43|P44|P46|P8|P9
2,1,segment_4,rbf,1,0.3232246267742446,P13|P24|P26|P34|P36|P4|P48,P18|P20|P21|P22|P27|P3|P30|P33|P43|P44|P46|P8|P9
2,1,segment_4,rbf,4,0.32804109969714507,P13|P24|P26|P34|P36|P4|P48,P18|P20|P21|P22|P27|P3|P30|P33|P43|P44|P46|P8|P9
2,1,segment_4,rbf,8,0.32071378793533084,P13|P24|P26|P34|P36|P4|P48,P18|P20|P21|P22|P27|P3|P30|P33|P43|P44|P46|P8|P9
2,1,segment_8,logistic_0.01,1,0.363822275058178,P13|P24|P26|P34|P36|P4|P48,P18|P20|P21|P22|P27|P3|P30|P33|P43|P44|P46|P8|P9
2,1,segment_8,logistic_0.01,4,0.3654601493891278,P13|P24|P26|P34|P36|P4|P48,P18|P20|P21|P22|P27|P3|P30|P33|P43|P44|P46|P8|P9
2,1,segment_8,logistic_0.01,8,0.37425041782525487,P13|P24|P26|P34|P36|P4|P48,P18|P20|P21|P22|P27|P3|P30|P33|P43|P44|P46|P8|P9
2,1,segment_8,logistic_0.1,1,0.3666917173507245,P13|P24|P26|P34|P36|P4|P48,P18|P20|P21|P22|P27|P3|P30|P33|P43|P44|P46|P8|P9
2,1,segment_8,logistic_0.1,4,0.3666931712034339,P13|P24|P26|P34|P36|P4|P48,P18|P20|P21|P22|P27|P3|P30|P33|P43|P44|P46|P8|P9
2,1,segment_8,logistic_0.1,8,0.37197280775986047,P13|P24|P26|P34|P36|P4|P48,P18|P20|P21|P22|P27|P3|P30|P33|P43|P44|P46|P8|P9
2,1,segment_8,logistic_1,1,0.3647411945107966,P13|P24|P26|P34|P36|P4|P48,P18|P20|P21|P22|P27|P3|P30|P33|P43|P44|P46|P8|P9
2,1,segment_8,logistic_1,4,0.36685936693528876,P13|P24|P26|P34|P36|P4|P48,P18|P20|P21|P22|P27|P3|P30|P33|P43|P44|P46|P8|P9
2,1,segment_8,logistic_1,8,0.3734176156480333,P13|P24|P26|P34|P36|P4|P48,P18|P20|P21|P22|P27|P3|P30|P33|P43|P44|P46|P8|P9
2,1,segment_8,hgb,1,0.3398841351543039,P13|P24|P26|P34|P36|P4|P48,P18|P20|P21|P22|P27|P3|P30|P33|P43|P44|P46|P8|P9
2,1,segment_8,hgb,4,0.3575598487797557,P13|P24|P26|P34|P36|P4|P48,P18|P20|P21|P22|P27|P3|P30|P33|P43|P44|P46|P8|P9
2,1,segment_8,hgb,8,0.35786071937316993,P13|P24|P26|P34|P36|P4|P48,P18|P20|P21|P22|P27|P3|P30|P33|P43|P44|P46|P8|P9
2,1,segment_8,rbf,1,0.33832152265123405,P13|P24|P26|P34|P36|P4|P48,P18|P20|P21|P22|P27|P3|P30|P33|P43|P44|P46|P8|P9
2,1,segment_8,rbf,4,0.3423064003752786,P13|P24|P26|P34|P36|P4|P48,P18|P20|P21|P22|P27|P3|P30|P33|P43|P44|P46|P8|P9
2,1,segment_8,rbf,8,0.3432884988525462,P13|P24|P26|P34|P36|P4|P48,P18|P20|P21|P22|P27|P3|P30|P33|P43|P44|P46|P8|P9
2,1,segment_16,logistic_0.01,1,0.3521164759183954,P13|P24|P26|P34|P36|P4|P48,P18|P20|P21|P22|P27|P3|P30|P33|P43|P44|P46|P8|P9
2,1,segment_16,logistic_0.01,4,0.35686726283600684,P13|P24|P26|P34|P36|P4|P48,P18|P20|P21|P22|P27|P3|P30|P33|P43|P44|P46|P8|P9
2,1,segment_16,logistic_0.01,8,0.3622292406588171,P13|P24|P26|P34|P36|P4|P48,P18|P20|P21|P22|P27|P3|P30|P33|P43|P44|P46|P8|P9
2,1,segment_16,logistic_0.1,1,0.35519118620930185,P13|P24|P26|P34|P36|P4|P48,P18|P20|P21|P22|P27|P3|P30|P33|P43|P44|P46|P8|P9
2,1,segment_16,logistic_0.1,4,0.3615476102629623,P13|P24|P26|P34|P36|P4|P48,P18|P20|P21|P22|P27|P3|P30|P33|P43|P44|P46|P8|P9
2,1,segment_16,logistic_0.1,8,0.3643008479678144,P13|P24|P26|P34|P36|P4|P48,P18|P20|P21|P22|P27|P3|P30|P33|P43|P44|P46|P8|P9
2,1,segment_16,logistic_1,1,0.3576855130860276,P13|P24|P26|P34|P36|P4|P48,P18|P20|P21|P22|P27|P3|P30|P33|P43|P44|P46|P8|P9
2,1,segment_16,logistic_1,4,0.36109016722583676,P13|P24|P26|P34|P36|P4|P48,P18|P20|P21|P22|P27|P3|P30|P33|P43|P44|P46|P8|P9
2,1,segment_16,logistic_1,8,0.36438032690747985,P13|P24|P26|P34|P36|P4|P48,P18|P20|P21|P22|P27|P3|P30|P33|P43|P44|P46|P8|P9
2,1,segment_16,hgb,1,0.347825063561034,P13|P24|P26|P34|P36|P4|P48,P18|P20|P21|P22|P27|P3|P30|P33|P43|P44|P46|P8|P9
2,1,segment_16,hgb,4,0.337672020427,P13|P24|P26|P34|P36|P4|P48,P18|P20|P21|P22|P27|P3|P30|P33|P43|P44|P46|P8|P9
2,1,segment_16,hgb,8,0.34074094086186213,P13|P24|P26|P34|P36|P4|P48,P18|P20|P21|P22|P27|P3|P30|P33|P43|P44|P46|P8|P9
2,1,segment_16,rbf,1,0.3259133493286184,P13|P24|P26|P34|P36|P4|P48,P18|P20|P21|P22|P27|P3|P30|P33|P43|P44|P46|P8|P9
2,1,segment_16,rbf,4,0.32437745653685207,P13|P24|P26|P34|P36|P4|P48,P18|P20|P21|P22|P27|P3|P30|P33|P43|P44|P46|P8|P9
2,1,segment_16,rbf,8,0.3185834669896847,P13|P24|P26|P34|P36|P4|P48,P18|P20|P21|P22|P27|P3|P30|P33|P43|P44|P46|P8|P9
2,1,recording_4,logistic_0.01,1,0.3752355674986282,P13|P24|P26|P34|P36|P4|P48,P18|P20|P21|P22|P27|P3|P30|P33|P43|P44|P46|P8|P9
2,1,recording_4,logistic_0.01,4,0.3782450869997508,P13|P24|P26|P34|P36|P4|P48,P18|P20|P21|P22|P27|P3|P30|P33|P43|P44|P46|P8|P9
2,1,recording_4,logistic_0.01,8,0.40096768733778776,P13|P24|P26|P34|P36|P4|P48,P18|P20|P21|P22|P27|P3|P30|P33|P43|P44|P46|P8|P9
2,1,recording_4,logistic_0.1,1,0.3875261665956033,P13|P24|P26|P34|P36|P4|P48,P18|P20|P21|P22|P27|P3|P30|P33|P43|P44|P46|P8|P9
2,1,recording_4,logistic_0.1,4,0.38533061527532747,P13|P24|P26|P34|P36|P4|P48,P18|P20|P21|P22|P27|P3|P30|P33|P43|P44|P46|P8|P9
2,1,recording_4,logistic_0.1,8,0.4032201335376517,P13|P24|P26|P34|P36|P4|P48,P18|P20|P21|P22|P27|P3|P30|P33|P43|P44|P46|P8|P9
2,1,recording_4,logistic_1,1,0.38689381380577464,P13|P24|P26|P34|P36|P4|P48,P18|P20|P21|P22|P27|P3|P30|P33|P43|P44|P46|P8|P9
2,1,recording_4,logistic_1,4,0.38831653593765053,P13|P24|P26|P34|P36|P4|P48,P18|P20|P21|P22|P27|P3|P30|P33|P43|P44|P46|P8|P9
2,1,recording_4,logistic_1,8,0.4034490065674791,P13|P24|P26|P34|P36|P4|P48,P18|P20|P21|P22|P27|P3|P30|P33|P43|P44|P46|P8|P9
2,1,recording_4,hgb,1,0.33754794978917746,P13|P24|P26|P34|P36|P4|P48,P18|P20|P21|P22|P27|P3|P30|P33|P43|P44|P46|P8|P9
2,1,recording_4,hgb,4,0.33474898468892383,P13|P24|P26|P34|P36|P4|P48,P18|P20|P21|P22|P27|P3|P30|P33|P43|P44|P46|P8|P9
2,1,recording_4,hgb,8,0.34312323204861533,P13|P24|P26|P34|P36|P4|P48,P18|P20|P21|P22|P27|P3|P30|P33|P43|P44|P46|P8|P9
2,1,recording_4,rbf,1,0.3232246267742446,P13|P24|P26|P34|P36|P4|P48,P18|P20|P21|P22|P27|P3|P30|P33|P43|P44|P46|P8|P9
2,1,recording_4,rbf,4,0.32804109969714507,P13|P24|P26|P34|P36|P4|P48,P18|P20|P21|P22|P27|P3|P30|P33|P43|P44|P46|P8|P9
2,1,recording_4,rbf,8,0.32071378793533084,P13|P24|P26|P34|P36|P4|P48,P18|P20|P21|P22|P27|P3|P30|P33|P43|P44|P46|P8|P9
2,1,recording_8,logistic_0.01,1,0.363822275058178,P13|P24|P26|P34|P36|P4|P48,P18|P20|P21|P22|P27|P3|P30|P33|P43|P44|P46|P8|P9
2,1,recording_8,logistic_0.01,4,0.3654601493891278,P13|P24|P26|P34|P36|P4|P48,P18|P20|P21|P22|P27|P3|P30|P33|P43|P44|P46|P8|P9
2,1,recording_8,logistic_0.01,8,0.37425041782525487,P13|P24|P26|P34|P36|P4|P48,P18|P20|P21|P22|P27|P3|P30|P33|P43|P44|P46|P8|P9
2,1,recording_8,logistic_0.1,1,0.3666917173507245,P13|P24|P26|P34|P36|P4|P48,P18|P20|P21|P22|P27|P3|P30|P33|P43|P44|P46|P8|P9
2,1,recording_8,logistic_0.1,4,0.3666931712034339,P13|P24|P26|P34|P36|P4|P48,P18|P20|P21|P22|P27|P3|P30|P33|P43|P44|P46|P8|P9
2,1,recording_8,logistic_0.1,8,0.37197280775986047,P13|P24|P26|P34|P36|P4|P48,P18|P20|P21|P22|P27|P3|P30|P33|P43|P44|P46|P8|P9
2,1,recording_8,logistic_1,1,0.3647411945107966,P13|P24|P26|P34|P36|P4|P48,P18|P20|P21|P22|P27|P3|P30|P33|P43|P44|P46|P8|P9
2,1,recording_8,logistic_1,4,0.36685936693528876,P13|P24|P26|P34|P36|P4|P48,P18|P20|P21|P22|P27|P3|P30|P33|P43|P44|P46|P8|P9
2,1,recording_8,logistic_1,8,0.3734176156480333,P13|P24|P26|P34|P36|P4|P48,P18|P20|P21|P22|P27|P3|P30|P33|P43|P44|P46|P8|P9
2,1,recording_8,hgb,1,0.3398841351543039,P13|P24|P26|P34|P36|P4|P48,P18|P20|P21|P22|P27|P3|P30|P33|P43|P44|P46|P8|P9
2,1,recording_8,hgb,4,0.3575598487797557,P13|P24|P26|P34|P36|P4|P48,P18|P20|P21|P22|P27|P3|P30|P33|P43|P44|P46|P8|P9
2,1,recording_8,hgb,8,0.35786071937316993,P13|P24|P26|P34|P36|P4|P48,P18|P20|P21|P22|P27|P3|P30|P33|P43|P44|P46|P8|P9
2,1,recording_8,rbf,1,0.33832152265123405,P13|P24|P26|P34|P36|P4|P48,P18|P20|P21|P22|P27|P3|P30|P33|P43|P44|P46|P8|P9
2,1,recording_8,rbf,4,0.3423064003752786,P13|P24|P26|P34|P36|P4|P48,P18|P20|P21|P22|P27|P3|P30|P33|P43|P44|P46|P8|P9
2,1,recording_8,rbf,8,0.3432884988525462,P13|P24|P26|P34|P36|P4|P48,P18|P20|P21|P22|P27|P3|P30|P33|P43|P44|P46|P8|P9
2,1,recording_16,logistic_0.01,1,0.3521164759183954,P13|P24|P26|P34|P36|P4|P48,P18|P20|P21|P22|P27|P3|P30|P33|P43|P44|P46|P8|P9
2,1,recording_16,logistic_0.01,4,0.35686726283600684,P13|P24|P26|P34|P36|P4|P48,P18|P20|P21|P22|P27|P3|P30|P33|P43|P44|P46|P8|P9
2,1,recording_16,logistic_0.01,8,0.3622292406588171,P13|P24|P26|P34|P36|P4|P48,P18|P20|P21|P22|P27|P3|P30|P33|P43|P44|P46|P8|P9
2,1,recording_16,logistic_0.1,1,0.35519118620930185,P13|P24|P26|P34|P36|P4|P48,P18|P20|P21|P22|P27|P3|P30|P33|P43|P44|P46|P8|P9
2,1,recording_16,logistic_0.1,4,0.3615476102629623,P13|P24|P26|P34|P36|P4|P48,P18|P20|P21|P22|P27|P3|P30|P33|P43|P44|P46|P8|P9
2,1,recording_16,logistic_0.1,8,0.3643008479678144,P13|P24|P26|P34|P36|P4|P48,P18|P20|P21|P22|P27|P3|P30|P33|P43|P44|P46|P8|P9
2,1,recording_16,logistic_1,1,0.3576855130860276,P13|P24|P26|P34|P36|P4|P48,P18|P20|P21|P22|P27|P3|P30|P33|P43|P44|P46|P8|P9
2,1,recording_16,logistic_1,4,0.36109016722583676,P13|P24|P26|P34|P36|P4|P48,P18|P20|P21|P22|P27|P3|P30|P33|P43|P44|P46|P8|P9
2,1,recording_16,logistic_1,8,0.36438032690747985,P13|P24|P26|P34|P36|P4|P48,P18|P20|P21|P22|P27|P3|P30|P33|P43|P44|P46|P8|P9
2,1,recording_16,hgb,1,0.347825063561034,P13|P24|P26|P34|P36|P4|P48,P18|P20|P21|P22|P27|P3|P30|P33|P43|P44|P46|P8|P9
2,1,recording_16,hgb,4,0.337672020427,P13|P24|P26|P34|P36|P4|P48,P18|P20|P21|P22|P27|P3|P30|P33|P43|P44|P46|P8|P9
2,1,recording_16,hgb,8,0.34074094086186213,P13|P24|P26|P34|P36|P4|P48,P18|P20|P21|P22|P27|P3|P30|P33|P43|P44|P46|P8|P9
2,1,recording_16,rbf,1,0.3259133493286184,P13|P24|P26|P34|P36|P4|P48,P18|P20|P21|P22|P27|P3|P30|P33|P43|P44|P46|P8|P9
2,1,recording_16,rbf,4,0.32437745653685207,P13|P24|P26|P34|P36|P4|P48,P18|P20|P21|P22|P27|P3|P30|P33|P43|P44|P46|P8|P9
2,1,recording_16,rbf,8,0.3185834669896847,P13|P24|P26|P34|P36|P4|P48,P18|P20|P21|P22|P27|P3|P30|P33|P43|P44|P46|P8|P9
2,2,current,logistic_0.01,1,0.3460241181316897,P21|P22|P27|P3|P30|P43|P44,P13|P18|P20|P24|P26|P33|P34|P36|P4|P46|P48|P8|P9
2,2,current,logistic_0.01,4,0.36598641485885003,P21|P22|P27|P3|P30|P43|P44,P13|P18|P20|P24|P26|P33|P34|P36|P4|P46|P48|P8|P9
2,2,current,logistic_0.01,8,0.3690432903727815,P21|P22|P27|P3|P30|P43|P44,P13|P18|P20|P24|P26|P33|P34|P36|P4|P46|P48|P8|P9
2,2,current,logistic_0.1,1,0.3448149548331019,P21|P22|P27|P3|P30|P43|P44,P13|P18|P20|P24|P26|P33|P34|P36|P4|P46|P48|P8|P9
2,2,current,logistic_0.1,4,0.3688259567931243,P21|P22|P27|P3|P30|P43|P44,P13|P18|P20|P24|P26|P33|P34|P36|P4|P46|P48|P8|P9
2,2,current,logistic_0.1,8,0.36831211825427584,P21|P22|P27|P3|P30|P43|P44,P13|P18|P20|P24|P26|P33|P34|P36|P4|P46|P48|P8|P9
2,2,current,logistic_1,1,0.3466615762759827,P21|P22|P27|P3|P30|P43|P44,P13|P18|P20|P24|P26|P33|P34|P36|P4|P46|P48|P8|P9
2,2,current,logistic_1,4,0.3687986487612882,P21|P22|P27|P3|P30|P43|P44,P13|P18|P20|P24|P26|P33|P34|P36|P4|P46|P48|P8|P9
2,2,current,logistic_1,8,0.3695296990622657,P21|P22|P27|P3|P30|P43|P44,P13|P18|P20|P24|P26|P33|P34|P36|P4|P46|P48|P8|P9
2,2,current,hgb,1,0.3399028789227302,P21|P22|P27|P3|P30|P43|P44,P13|P18|P20|P24|P26|P33|P34|P36|P4|P46|P48|P8|P9
2,2,current,hgb,4,0.35853049844862045,P21|P22|P27|P3|P30|P43|P44,P13|P18|P20|P24|P26|P33|P34|P36|P4|P46|P48|P8|P9
2,2,current,hgb,8,0.35685332979496215,P21|P22|P27|P3|P30|P43|P44,P13|P18|P20|P24|P26|P33|P34|P36|P4|P46|P48|P8|P9
2,2,current,rbf,1,0.34230157609864975,P21|P22|P27|P3|P30|P43|P44,P13|P18|P20|P24|P26|P33|P34|P36|P4|P46|P48|P8|P9
2,2,current,rbf,4,0.35387414195062067,P21|P22|P27|P3|P30|P43|P44,P13|P18|P20|P24|P26|P33|P34|P36|P4|P46|P48|P8|P9
2,2,current,rbf,8,0.3505441196855629,P21|P22|P27|P3|P30|P43|P44,P13|P18|P20|P24|P26|P33|P34|P36|P4|P46|P48|P8|P9
2,2,segment_4,logistic_0.01,1,0.3479920611736449,P21|P22|P27|P3|P30|P43|P44,P13|P18|P20|P24|P26|P33|P34|P36|P4|P46|P48|P8|P9
2,2,segment_4,logistic_0.01,4,0.3539558778455654,P21|P22|P27|P3|P30|P43|P44,P13|P18|P20|P24|P26|P33|P34|P36|P4|P46|P48|P8|P9
2,2,segment_4,logistic_0.01,8,0.3550690470665148,P21|P22|P27|P3|P30|P43|P44,P13|P18|P20|P24|P26|P33|P34|P36|P4|P46|P48|P8|P9
2,2,segment_4,logistic_0.1,1,0.3438382144828764,P21|P22|P27|P3|P30|P43|P44,P13|P18|P20|P24|P26|P33|P34|P36|P4|P46|P48|P8|P9
2,2,segment_4,logistic_0.1,4,0.3503460737415693,P21|P22|P27|P3|P30|P43|P44,P13|P18|P20|P24|P26|P33|P34|P36|P4|P46|P48|P8|P9
2,2,segment_4,logistic_0.1,8,0.3587272751589966,P21|P22|P27|P3|P30|P43|P44,P13|P18|P20|P24|P26|P33|P34|P36|P4|P46|P48|P8|P9
2,2,segment_4,logistic_1,1,0.341865929426216,P21|P22|P27|P3|P30|P43|P44,P13|P18|P20|P24|P26|P33|P34|P36|P4|P46|P48|P8|P9
2,2,segment_4,logistic_1,4,0.351080492574726,P21|P22|P27|P3|P30|P43|P44,P13|P18|P20|P24|P26|P33|P34|P36|P4|P46|P48|P8|P9
2,2,segment_4,logistic_1,8,0.3563777266881724,P21|P22|P27|P3|P30|P43|P44,P13|P18|P20|P24|P26|P33|P34|P36|P4|P46|P48|P8|P9
2,2,segment_4,hgb,1,0.3363551144474135,P21|P22|P27|P3|P30|P43|P44,P13|P18|P20|P24|P26|P33|P34|P36|P4|P46|P48|P8|P9
2,2,segment_4,hgb,4,0.34684083644697544,P21|P22|P27|P3|P30|P43|P44,P13|P18|P20|P24|P26|P33|P34|P36|P4|P46|P48|P8|P9
2,2,segment_4,hgb,8,0.3421387212488675,P21|P22|P27|P3|P30|P43|P44,P13|P18|P20|P24|P26|P33|P34|P36|P4|P46|P48|P8|P9
2,2,segment_4,rbf,1,0.3477447829176712,P21|P22|P27|P3|P30|P43|P44,P13|P18|P20|P24|P26|P33|P34|P36|P4|P46|P48|P8|P9
2,2,segment_4,rbf,4,0.3524726876480438,P21|P22|P27|P3|P30|P43|P44,P13|P18|P20|P24|P26|P33|P34|P36|P4|P46|P48|P8|P9
2,2,segment_4,rbf,8,0.34628205091538594,P21|P22|P27|P3|P30|P43|P44,P13|P18|P20|P24|P26|P33|P34|P36|P4|P46|P48|P8|P9
2,2,segment_8,logistic_0.01,1,0.3478827093205639,P21|P22|P27|P3|P30|P43|P44,P13|P18|P20|P24|P26|P33|P34|P36|P4|P46|P48|P8|P9
2,2,segment_8,logistic_0.01,4,0.35153098236192964,P21|P22|P27|P3|P30|P43|P44,P13|P18|P20|P24|P26|P33|P34|P36|P4|P46|P48|P8|P9
2,2,segment_8,logistic_0.01,8,0.355572882072415,P21|P22|P27|P3|P30|P43|P44,P13|P18|P20|P24|P26|P33|P34|P36|P4|P46|P48|P8|P9
2,2,segment_8,logistic_0.1,1,0.3443290124122519,P21|P22|P27|P3|P30|P43|P44,P13|P18|P20|P24|P26|P33|P34|P36|P4|P46|P48|P8|P9
2,2,segment_8,logistic_0.1,4,0.34940551559056787,P21|P22|P27|P3|P30|P43|P44,P13|P18|P20|P24|P26|P33|P34|P36|P4|P46|P48|P8|P9
2,2,segment_8,logistic_0.1,8,0.3493415696175085,P21|P22|P27|P3|P30|P43|P44,P13|P18|P20|P24|P26|P33|P34|P36|P4|P46|P48|P8|P9
2,2,segment_8,logistic_1,1,0.3485078506163597,P21|P22|P27|P3|P30|P43|P44,P13|P18|P20|P24|P26|P33|P34|P36|P4|P46|P48|P8|P9
2,2,segment_8,logistic_1,4,0.35000273529738274,P21|P22|P27|P3|P30|P43|P44,P13|P18|P20|P24|P26|P33|P34|P36|P4|P46|P48|P8|P9
2,2,segment_8,logistic_1,8,0.3480594997471376,P21|P22|P27|P3|P30|P43|P44,P13|P18|P20|P24|P26|P33|P34|P36|P4|P46|P48|P8|P9
2,2,segment_8,hgb,1,0.3428075488106866,P21|P22|P27|P3|P30|P43|P44,P13|P18|P20|P24|P26|P33|P34|P36|P4|P46|P48|P8|P9
2,2,segment_8,hgb,4,0.34520625171478014,P21|P22|P27|P3|P30|P43|P44,P13|P18|P20|P24|P26|P33|P34|P36|P4|P46|P48|P8|P9
2,2,segment_8,hgb,8,0.3495042711019859,P21|P22|P27|P3|P30|P43|P44,P13|P18|P20|P24|P26|P33|P34|P36|P4|P46|P48|P8|P9
2,2,segment_8,rbf,1,0.3366028025484785,P21|P22|P27|P3|P30|P43|P44,P13|P18|P20|P24|P26|P33|P34|P36|P4|P46|P48|P8|P9
2,2,segment_8,rbf,4,0.3453496193882221,P21|P22|P27|P3|P30|P43|P44,P13|P18|P20|P24|P26|P33|P34|P36|P4|P46|P48|P8|P9
2,2,segment_8,rbf,8,0.3517423712901792,P21|P22|P27|P3|P30|P43|P44,P13|P18|P20|P24|P26|P33|P34|P36|P4|P46|P48|P8|P9
2,2,segment_16,logistic_0.01,1,0.3469061990245087,P21|P22|P27|P3|P30|P43|P44,P13|P18|P20|P24|P26|P33|P34|P36|P4|P46|P48|P8|P9
2,2,segment_16,logistic_0.01,4,0.3567071949482376,P21|P22|P27|P3|P30|P43|P44,P13|P18|P20|P24|P26|P33|P34|P36|P4|P46|P48|P8|P9
2,2,segment_16,logistic_0.01,8,0.3554360704432195,P21|P22|P27|P3|P30|P43|P44,P13|P18|P20|P24|P26|P33|P34|P36|P4|P46|P48|P8|P9
2,2,segment_16,logistic_0.1,1,0.3458280944629279,P21|P22|P27|P3|P30|P43|P44,P13|P18|P20|P24|P26|P33|P34|P36|P4|P46|P48|P8|P9
2,2,segment_16,logistic_0.1,4,0.3581073597131502,P21|P22|P27|P3|P30|P43|P44,P13|P18|P20|P24|P26|P33|P34|P36|P4|P46|P48|P8|P9
2,2,segment_16,logistic_0.1,8,0.3561679476994848,P21|P22|P27|P3|P30|P43|P44,P13|P18|P20|P24|P26|P33|P34|P36|P4|P46|P48|P8|P9
2,2,segment_16,logistic_1,1,0.3443984053050927,P21|P22|P27|P3|P30|P43|P44,P13|P18|P20|P24|P26|P33|P34|P36|P4|P46|P48|P8|P9
2,2,segment_16,logistic_1,4,0.3586177291504428,P21|P22|P27|P3|P30|P43|P44,P13|P18|P20|P24|P26|P33|P34|P36|P4|P46|P48|P8|P9
2,2,segment_16,logistic_1,8,0.3559445688246252,P21|P22|P27|P3|P30|P43|P44,P13|P18|P20|P24|P26|P33|P34|P36|P4|P46|P48|P8|P9
2,2,segment_16,hgb,1,0.32924147235087625,P21|P22|P27|P3|P30|P43|P44,P13|P18|P20|P24|P26|P33|P34|P36|P4|P46|P48|P8|P9
2,2,segment_16,hgb,4,0.33415019170094135,P21|P22|P27|P3|P30|P43|P44,P13|P18|P20|P24|P26|P33|P34|P36|P4|P46|P48|P8|P9
2,2,segment_16,hgb,8,0.333196000054512,P21|P22|P27|P3|P30|P43|P44,P13|P18|P20|P24|P26|P33|P34|P36|P4|P46|P48|P8|P9
2,2,segment_16,rbf,1,0.34401778576154973,P21|P22|P27|P3|P30|P43|P44,P13|P18|P20|P24|P26|P33|P34|P36|P4|P46|P48|P8|P9
2,2,segment_16,rbf,4,0.3524477214518124,P21|P22|P27|P3|P30|P43|P44,P13|P18|P20|P24|P26|P33|P34|P36|P4|P46|P48|P8|P9
2,2,segment_16,rbf,8,0.35383533788537586,P21|P22|P27|P3|P30|P43|P44,P13|P18|P20|P24|P26|P33|P34|P36|P4|P46|P48|P8|P9
2,2,recording_4,logistic_0.01,1,0.3479920611736449,P21|P22|P27|P3|P30|P43|P44,P13|P18|P20|P24|P26|P33|P34|P36|P4|P46|P48|P8|P9
2,2,recording_4,logistic_0.01,4,0.3539558778455654,P21|P22|P27|P3|P30|P43|P44,P13|P18|P20|P24|P26|P33|P34|P36|P4|P46|P48|P8|P9
2,2,recording_4,logistic_0.01,8,0.3550690470665148,P21|P22|P27|P3|P30|P43|P44,P13|P18|P20|P24|P26|P33|P34|P36|P4|P46|P48|P8|P9
2,2,recording_4,logistic_0.1,1,0.3438382144828764,P21|P22|P27|P3|P30|P43|P44,P13|P18|P20|P24|P26|P33|P34|P36|P4|P46|P48|P8|P9
2,2,recording_4,logistic_0.1,4,0.3503460737415693,P21|P22|P27|P3|P30|P43|P44,P13|P18|P20|P24|P26|P33|P34|P36|P4|P46|P48|P8|P9
2,2,recording_4,logistic_0.1,8,0.3587272751589966,P21|P22|P27|P3|P30|P43|P44,P13|P18|P20|P24|P26|P33|P34|P36|P4|P46|P48|P8|P9
2,2,recording_4,logistic_1,1,0.341865929426216,P21|P22|P27|P3|P30|P43|P44,P13|P18|P20|P24|P26|P33|P34|P36|P4|P46|P48|P8|P9
2,2,recording_4,logistic_1,4,0.351080492574726,P21|P22|P27|P3|P30|P43|P44,P13|P18|P20|P24|P26|P33|P34|P36|P4|P46|P48|P8|P9
2,2,recording_4,logistic_1,8,0.3563777266881724,P21|P22|P27|P3|P30|P43|P44,P13|P18|P20|P24|P26|P33|P34|P36|P4|P46|P48|P8|P9
2,2,recording_4,hgb,1,0.3363551144474135,P21|P22|P27|P3|P30|P43|P44,P13|P18|P20|P24|P26|P33|P34|P36|P4|P46|P48|P8|P9
2,2,recording_4,hgb,4,0.34684083644697544,P21|P22|P27|P3|P30|P43|P44,P13|P18|P20|P24|P26|P33|P34|P36|P4|P46|P48|P8|P9
2,2,recording_4,hgb,8,0.3421387212488675,P21|P22|P27|P3|P30|P43|P44,P13|P18|P20|P24|P26|P33|P34|P36|P4|P46|P48|P8|P9
2,2,recording_4,rbf,1,0.3477447829176712,P21|P22|P27|P3|P30|P43|P44,P13|P18|P20|P24|P26|P33|P34|P36|P4|P46|P48|P8|P9
2,2,recording_4,rbf,4,0.3524726876480438,P21|P22|P27|P3|P30|P43|P44,P13|P18|P20|P24|P26|P33|P34|P36|P4|P46|P48|P8|P9
2,2,recording_4,rbf,8,0.34628205091538594,P21|P22|P27|P3|P30|P43|P44,P13|P18|P20|P24|P26|P33|P34|P36|P4|P46|P48|P8|P9
2,2,recording_8,logistic_0.01,1,0.3478827093205639,P21|P22|P27|P3|P30|P43|P44,P13|P18|P20|P24|P26|P33|P34|P36|P4|P46|P48|P8|P9
2,2,recording_8,logistic_0.01,4,0.35153098236192964,P21|P22|P27|P3|P30|P43|P44,P13|P18|P20|P24|P26|P33|P34|P36|P4|P46|P48|P8|P9
2,2,recording_8,logistic_0.01,8,0.355572882072415,P21|P22|P27|P3|P30|P43|P44,P13|P18|P20|P24|P26|P33|P34|P36|P4|P46|P48|P8|P9
2,2,recording_8,logistic_0.1,1,0.3443290124122519,P21|P22|P27|P3|P30|P43|P44,P13|P18|P20|P24|P26|P33|P34|P36|P4|P46|P48|P8|P9
2,2,recording_8,logistic_0.1,4,0.34940551559056787,P21|P22|P27|P3|P30|P43|P44,P13|P18|P20|P24|P26|P33|P34|P36|P4|P46|P48|P8|P9
2,2,recording_8,logistic_0.1,8,0.3493415696175085,P21|P22|P27|P3|P30|P43|P44,P13|P18|P20|P24|P26|P33|P34|P36|P4|P46|P48|P8|P9
2,2,recording_8,logistic_1,1,0.3485078506163597,P21|P22|P27|P3|P30|P43|P44,P13|P18|P20|P24|P26|P33|P34|P36|P4|P46|P48|P8|P9
2,2,recording_8,logistic_1,4,0.35000273529738274,P21|P22|P27|P3|P30|P43|P44,P13|P18|P20|P24|P26|P33|P34|P36|P4|P46|P48|P8|P9
2,2,recording_8,logistic_1,8,0.3480594997471376,P21|P22|P27|P3|P30|P43|P44,P13|P18|P20|P24|P26|P33|P34|P36|P4|P46|P48|P8|P9
2,2,recording_8,hgb,1,0.3428075488106866,P21|P22|P27|P3|P30|P43|P44,P13|P18|P20|P24|P26|P33|P34|P36|P4|P46|P48|P8|P9
2,2,recording_8,hgb,4,0.34520625171478014,P21|P22|P27|P3|P30|P43|P44,P13|P18|P20|P24|P26|P33|P34|P36|P4|P46|P48|P8|P9
2,2,recording_8,hgb,8,0.3495042711019859,P21|P22|P27|P3|P30|P43|P44,P13|P18|P20|P24|P26|P33|P34|P36|P4|P46|P48|P8|P9
2,2,recording_8,rbf,1,0.3366028025484785,P21|P22|P27|P3|P30|P43|P44,P13|P18|P20|P24|P26|P33|P34|P36|P4|P46|P48|P8|P9
2,2,recording_8,rbf,4,0.3453496193882221,P21|P22|P27|P3|P30|P43|P44,P13|P18|P20|P24|P26|P33|P34|P36|P4|P46|P48|P8|P9
2,2,recording_8,rbf,8,0.3517423712901792,P21|P22|P27|P3|P30|P43|P44,P13|P18|P20|P24|P26|P33|P34|P36|P4|P46|P48|P8|P9
2,2,recording_16,logistic_0.01,1,0.3469061990245087,P21|P22|P27|P3|P30|P43|P44,P13|P18|P20|P24|P26|P33|P34|P36|P4|P46|P48|P8|P9
2,2,recording_16,logistic_0.01,4,0.3567071949482376,P21|P22|P27|P3|P30|P43|P44,P13|P18|P20|P24|P26|P33|P34|P36|P4|P46|P48|P8|P9
2,2,recording_16,logistic_0.01,8,0.3554360704432195,P21|P22|P27|P3|P30|P43|P44,P13|P18|P20|P24|P26|P33|P34|P36|P4|P46|P48|P8|P9
2,2,recording_16,logistic_0.1,1,0.3458280944629279,P21|P22|P27|P3|P30|P43|P44,P13|P18|P20|P24|P26|P33|P34|P36|P4|P46|P48|P8|P9
2,2,recording_16,logistic_0.1,4,0.3581073597131502,P21|P22|P27|P3|P30|P43|P44,P13|P18|P20|P24|P26|P33|P34|P36|P4|P46|P48|P8|P9
2,2,recording_16,logistic_0.1,8,0.3561679476994848,P21|P22|P27|P3|P30|P43|P44,P13|P18|P20|P24|P26|P33|P34|P36|P4|P46|P48|P8|P9
2,2,recording_16,logistic_1,1,0.3443984053050927,P21|P22|P27|P3|P30|P43|P44,P13|P18|P20|P24|P26|P33|P34|P36|P4|P46|P48|P8|P9
2,2,recording_16,logistic_1,4,0.3586177291504428,P21|P22|P27|P3|P30|P43|P44,P13|P18|P20|P24|P26|P33|P34|P36|P4|P46|P48|P8|P9
2,2,recording_16,logistic_1,8,0.3559445688246252,P21|P22|P27|P3|P30|P43|P44,P13|P18|P20|P24|P26|P33|P34|P36|P4|P46|P48|P8|P9
2,2,recording_16,hgb,1,0.32924147235087625,P21|P22|P27|P3|P30|P43|P44,P13|P18|P20|P24|P26|P33|P34|P36|P4|P46|P48|P8|P9
2,2,recording_16,hgb,4,0.33415019170094135,P21|P22|P27|P3|P30|P43|P44,P13|P18|P20|P24|P26|P33|P34|P36|P4|P46|P48|P8|P9
2,2,recording_16,hgb,8,0.333196000054512,P21|P22|P27|P3|P30|P43|P44,P13|P18|P20|P24|P26|P33|P34|P36|P4|P46|P48|P8|P9
2,2,recording_16,rbf,1,0.34401778576154973,P21|P22|P27|P3|P30|P43|P44,P13|P18|P20|P24|P26|P33|P34|P36|P4|P46|P48|P8|P9
2,2,recording_16,rbf,4,0.3524477214518124,P21|P22|P27|P3|P30|P43|P44,P13|P18|P20|P24|P26|P33|P34|P36|P4|P46|P48|P8|P9
2,2,recording_16,rbf,8,0.35383533788537586,P21|P22|P27|P3|P30|P43|P44,P13|P18|P20|P24|P26|P33|P34|P36|P4|P46|P48|P8|P9
2,3,current,logistic_0.01,1,0.3229283091215708,P18|P20|P33|P46|P8|P9,P13|P21|P22|P24|P26|P27|P3|P30|P34|P36|P4|P43|P44|P48
2,3,current,logistic_0.01,4,0.31844302054388657,P18|P20|P33|P46|P8|P9,P13|P21|P22|P24|P26|P27|P3|P30|P34|P36|P4|P43|P44|P48
2,3,current,logistic_0.01,8,0.30052237270520016,P18|P20|P33|P46|P8|P9,P13|P21|P22|P24|P26|P27|P3|P30|P34|P36|P4|P43|P44|P48
2,3,current,logistic_0.1,1,0.3299927083199266,P18|P20|P33|P46|P8|P9,P13|P21|P22|P24|P26|P27|P3|P30|P34|P36|P4|P43|P44|P48
2,3,current,logistic_0.1,4,0.3233354332856299,P18|P20|P33|P46|P8|P9,P13|P21|P22|P24|P26|P27|P3|P30|P34|P36|P4|P43|P44|P48
2,3,current,logistic_0.1,8,0.3081753226670779,P18|P20|P33|P46|P8|P9,P13|P21|P22|P24|P26|P27|P3|P30|P34|P36|P4|P43|P44|P48
2,3,current,logistic_1,1,0.3317914378683659,P18|P20|P33|P46|P8|P9,P13|P21|P22|P24|P26|P27|P3|P30|P34|P36|P4|P43|P44|P48
2,3,current,logistic_1,4,0.32247018956848406,P18|P20|P33|P46|P8|P9,P13|P21|P22|P24|P26|P27|P3|P30|P34|P36|P4|P43|P44|P48
2,3,current,logistic_1,8,0.30922308646724694,P18|P20|P33|P46|P8|P9,P13|P21|P22|P24|P26|P27|P3|P30|P34|P36|P4|P43|P44|P48
2,3,current,hgb,1,0.34255566008986493,P18|P20|P33|P46|P8|P9,P13|P21|P22|P24|P26|P27|P3|P30|P34|P36|P4|P43|P44|P48
2,3,current,hgb,4,0.3314569384850719,P18|P20|P33|P46|P8|P9,P13|P21|P22|P24|P26|P27|P3|P30|P34|P36|P4|P43|P44|P48
2,3,current,hgb,8,0.31210070380986027,P18|P20|P33|P46|P8|P9,P13|P21|P22|P24|P26|P27|P3|P30|P34|P36|P4|P43|P44|P48
2,3,current,rbf,1,0.33162358575155393,P18|P20|P33|P46|P8|P9,P13|P21|P22|P24|P26|P27|P3|P30|P34|P36|P4|P43|P44|P48
2,3,current,rbf,4,0.320883198649401,P18|P20|P33|P46|P8|P9,P13|P21|P22|P24|P26|P27|P3|P30|P34|P36|P4|P43|P44|P48
2,3,current,rbf,8,0.3261422717573602,P18|P20|P33|P46|P8|P9,P13|P21|P22|P24|P26|P27|P3|P30|P34|P36|P4|P43|P44|P48
2,3,segment_4,logistic_0.01,1,0.3292093175011342,P18|P20|P33|P46|P8|P9,P13|P21|P22|P24|P26|P27|P3|P30|P34|P36|P4|P43|P44|P48
2,3,segment_4,logistic_0.01,4,0.31229133704353707,P18|P20|P33|P46|P8|P9,P13|P21|P22|P24|P26|P27|P3|P30|P34|P36|P4|P43|P44|P48
2,3,segment_4,logistic_0.01,8,0.2908226182976119,P18|P20|P33|P46|P8|P9,P13|P21|P22|P24|P26|P27|P3|P30|P34|P36|P4|P43|P44|P48
2,3,segment_4,logistic_0.1,1,0.33179307277477155,P18|P20|P33|P46|P8|P9,P13|P21|P22|P24|P26|P27|P3|P30|P34|P36|P4|P43|P44|P48
2,3,segment_4,logistic_0.1,4,0.31490161904493186,P18|P20|P33|P46|P8|P9,P13|P21|P22|P24|P26|P27|P3|P30|P34|P36|P4|P43|P44|P48
2,3,segment_4,logistic_0.1,8,0.2935243728478027,P18|P20|P33|P46|P8|P9,P13|P21|P22|P24|P26|P27|P3|P30|P34|P36|P4|P43|P44|P48
2,3,segment_4,logistic_1,1,0.33187385369230976,P18|P20|P33|P46|P8|P9,P13|P21|P22|P24|P26|P27|P3|P30|P34|P36|P4|P43|P44|P48
2,3,segment_4,logistic_1,4,0.3169337088963094,P18|P20|P33|P46|P8|P9,P13|P21|P22|P24|P26|P27|P3|P30|P34|P36|P4|P43|P44|P48
2,3,segment_4,logistic_1,8,0.29512036543553627,P18|P20|P33|P46|P8|P9,P13|P21|P22|P24|P26|P27|P3|P30|P34|P36|P4|P43|P44|P48
2,3,segment_4,hgb,1,0.32456753710868025,P18|P20|P33|P46|P8|P9,P13|P21|P22|P24|P26|P27|P3|P30|P34|P36|P4|P43|P44|P48
2,3,segment_4,hgb,4,0.30741819832075085,P18|P20|P33|P46|P8|P9,P13|P21|P22|P24|P26|P27|P3|P30|P34|P36|P4|P43|P44|P48
2,3,segment_4,hgb,8,0.30605589526919613,P18|P20|P33|P46|P8|P9,P13|P21|P22|P24|P26|P27|P3|P30|P34|P36|P4|P43|P44|P48
2,3,segment_4,rbf,1,0.2996289406964288,P18|P20|P33|P46|P8|P9,P13|P21|P22|P24|P26|P27|P3|P30|P34|P36|P4|P43|P44|P48
2,3,segment_4,rbf,4,0.29390799386947447,P18|P20|P33|P46|P8|P9,P13|P21|P22|P24|P26|P27|P3|P30|P34|P36|P4|P43|P44|P48
2,3,segment_4,rbf,8,0.29545351011121707,P18|P20|P33|P46|P8|P9,P13|P21|P22|P24|P26|P27|P3|P30|P34|P36|P4|P43|P44|P48
2,3,segment_8,logistic_0.01,1,0.3247775756476375,P18|P20|P33|P46|P8|P9,P13|P21|P22|P24|P26|P27|P3|P30|P34|P36|P4|P43|P44|P48
2,3,segment_8,logistic_0.01,4,0.30511971179157865,P18|P20|P33|P46|P8|P9,P13|P21|P22|P24|P26|P27|P3|P30|P34|P36|P4|P43|P44|P48
2,3,segment_8,logistic_0.01,8,0.29420093789798313,P18|P20|P33|P46|P8|P9,P13|P21|P22|P24|P26|P27|P3|P30|P34|P36|P4|P43|P44|P48
2,3,segment_8,logistic_0.1,1,0.33993952711587494,P18|P20|P33|P46|P8|P9,P13|P21|P22|P24|P26|P27|P3|P30|P34|P36|P4|P43|P44|P48
2,3,segment_8,logistic_0.1,4,0.3174119799918138,P18|P20|P33|P46|P8|P9,P13|P21|P22|P24|P26|P27|P3|P30|P34|P36|P4|P43|P44|P48
2,3,segment_8,logistic_0.1,8,0.3062916107927675,P18|P20|P33|P46|P8|P9,P13|P21|P22|P24|P26|P27|P3|P30|P34|P36|P4|P43|P44|P48
2,3,segment_8,logistic_1,1,0.3406688823071677,P18|P20|P33|P46|P8|P9,P13|P21|P22|P24|P26|P27|P3|P30|P34|P36|P4|P43|P44|P48
2,3,segment_8,logistic_1,4,0.3229102618084611,P18|P20|P33|P46|P8|P9,P13|P21|P22|P24|P26|P27|P3|P30|P34|P36|P4|P43|P44|P48
2,3,segment_8,logistic_1,8,0.3117253392210722,P18|P20|P33|P46|P8|P9,P13|P21|P22|P24|P26|P27|P3|P30|P34|P36|P4|P43|P44|P48
2,3,segment_8,hgb,1,0.3301989776028172,P18|P20|P33|P46|P8|P9,P13|P21|P22|P24|P26|P27|P3|P30|P34|P36|P4|P43|P44|P48
2,3,segment_8,hgb,4,0.32123762908212466,P18|P20|P33|P46|P8|P9,P13|P21|P22|P24|P26|P27|P3|P30|P34|P36|P4|P43|P44|P48
2,3,segment_8,hgb,8,0.3162523381180384,P18|P20|P33|P46|P8|P9,P13|P21|P22|P24|P26|P27|P3|P30|P34|P36|P4|P43|P44|P48
2,3,segment_8,rbf,1,0.3053769986346011,P18|P20|P33|P46|P8|P9,P13|P21|P22|P24|P26|P27|P3|P30|P34|P36|P4|P43|P44|P48
2,3,segment_8,rbf,4,0.29278727682440914,P18|P20|P33|P46|P8|P9,P13|P21|P22|P24|P26|P27|P3|P30|P34|P36|P4|P43|P44|P48
2,3,segment_8,rbf,8,0.28850507824266536,P18|P20|P33|P46|P8|P9,P13|P21|P22|P24|P26|P27|P3|P30|P34|P36|P4|P43|P44|P48
2,3,segment_16,logistic_0.01,1,0.3355168192805431,P18|P20|P33|P46|P8|P9,P13|P21|P22|P24|P26|P27|P3|P30|P34|P36|P4|P43|P44|P48
2,3,segment_16,logistic_0.01,4,0.319352789761274,P18|P20|P33|P46|P8|P9,P13|P21|P22|P24|P26|P27|P3|P30|P34|P36|P4|P43|P44|P48
2,3,segment_16,logistic_0.01,8,0.3122548794759424,P18|P20|P33|P46|P8|P9,P13|P21|P22|P24|P26|P27|P3|P30|P34|P36|P4|P43|P44|P48
2,3,segment_16,logistic_0.1,1,0.3418401311005785,P18|P20|P33|P46|P8|P9,P13|P21|P22|P24|P26|P27|P3|P30|P34|P36|P4|P43|P44|P48
2,3,segment_16,logistic_0.1,4,0.3314158880975795,P18|P20|P33|P46|P8|P9,P13|P21|P22|P24|P26|P27|P3|P30|P34|P36|P4|P43|P44|P48
2,3,segment_16,logistic_0.1,8,0.3231137168666926,P18|P20|P33|P46|P8|P9,P13|P21|P22|P24|P26|P27|P3|P30|P34|P36|P4|P43|P44|P48
2,3,segment_16,logistic_1,1,0.3453503312998605,P18|P20|P33|P46|P8|P9,P13|P21|P22|P24|P26|P27|P3|P30|P34|P36|P4|P43|P44|P48
2,3,segment_16,logistic_1,4,0.3354123936230106,P18|P20|P33|P46|P8|P9,P13|P21|P22|P24|P26|P27|P3|P30|P34|P36|P4|P43|P44|P48
2,3,segment_16,logistic_1,8,0.3263848408247734,P18|P20|P33|P46|P8|P9,P13|P21|P22|P24|P26|P27|P3|P30|P34|P36|P4|P43|P44|P48
2,3,segment_16,hgb,1,0.3408210523419959,P18|P20|P33|P46|P8|P9,P13|P21|P22|P24|P26|P27|P3|P30|P34|P36|P4|P43|P44|P48
2,3,segment_16,hgb,4,0.3281891240809829,P18|P20|P33|P46|P8|P9,P13|P21|P22|P24|P26|P27|P3|P30|P34|P36|P4|P43|P44|P48
2,3,segment_16,hgb,8,0.3170328218882302,P18|P20|P33|P46|P8|P9,P13|P21|P22|P24|P26|P27|P3|P30|P34|P36|P4|P43|P44|P48
2,3,segment_16,rbf,1,0.3149257173826027,P18|P20|P33|P46|P8|P9,P13|P21|P22|P24|P26|P27|P3|P30|P34|P36|P4|P43|P44|P48
2,3,segment_16,rbf,4,0.30952037221043677,P18|P20|P33|P46|P8|P9,P13|P21|P22|P24|P26|P27|P3|P30|P34|P36|P4|P43|P44|P48
2,3,segment_16,rbf,8,0.300030716124414,P18|P20|P33|P46|P8|P9,P13|P21|P22|P24|P26|P27|P3|P30|P34|P36|P4|P43|P44|P48
2,3,recording_4,logistic_0.01,1,0.3292093175011342,P18|P20|P33|P46|P8|P9,P13|P21|P22|P24|P26|P27|P3|P30|P34|P36|P4|P43|P44|P48
2,3,recording_4,logistic_0.01,4,0.31229133704353707,P18|P20|P33|P46|P8|P9,P13|P21|P22|P24|P26|P27|P3|P30|P34|P36|P4|P43|P44|P48
2,3,recording_4,logistic_0.01,8,0.2908226182976119,P18|P20|P33|P46|P8|P9,P13|P21|P22|P24|P26|P27|P3|P30|P34|P36|P4|P43|P44|P48
2,3,recording_4,logistic_0.1,1,0.33179307277477155,P18|P20|P33|P46|P8|P9,P13|P21|P22|P24|P26|P27|P3|P30|P34|P36|P4|P43|P44|P48
2,3,recording_4,logistic_0.1,4,0.31490161904493186,P18|P20|P33|P46|P8|P9,P13|P21|P22|P24|P26|P27|P3|P30|P34|P36|P4|P43|P44|P48
2,3,recording_4,logistic_0.1,8,0.2935243728478027,P18|P20|P33|P46|P8|P9,P13|P21|P22|P24|P26|P27|P3|P30|P34|P36|P4|P43|P44|P48
2,3,recording_4,logistic_1,1,0.33187385369230976,P18|P20|P33|P46|P8|P9,P13|P21|P22|P24|P26|P27|P3|P30|P34|P36|P4|P43|P44|P48
2,3,recording_4,logistic_1,4,0.3169337088963094,P18|P20|P33|P46|P8|P9,P13|P21|P22|P24|P26|P27|P3|P30|P34|P36|P4|P43|P44|P48
2,3,recording_4,logistic_1,8,0.29512036543553627,P18|P20|P33|P46|P8|P9,P13|P21|P22|P24|P26|P27|P3|P30|P34|P36|P4|P43|P44|P48
2,3,recording_4,hgb,1,0.32456753710868025,P18|P20|P33|P46|P8|P9,P13|P21|P22|P24|P26|P27|P3|P30|P34|P36|P4|P43|P44|P48
2,3,recording_4,hgb,4,0.30741819832075085,P18|P20|P33|P46|P8|P9,P13|P21|P22|P24|P26|P27|P3|P30|P34|P36|P4|P43|P44|P48
2,3,recording_4,hgb,8,0.30605589526919613,P18|P20|P33|P46|P8|P9,P13|P21|P22|P24|P26|P27|P3|P30|P34|P36|P4|P43|P44|P48
2,3,recording_4,rbf,1,0.2996289406964288,P18|P20|P33|P46|P8|P9,P13|P21|P22|P24|P26|P27|P3|P30|P34|P36|P4|P43|P44|P48
2,3,recording_4,rbf,4,0.29390799386947447,P18|P20|P33|P46|P8|P9,P13|P21|P22|P24|P26|P27|P3|P30|P34|P36|P4|P43|P44|P48
2,3,recording_4,rbf,8,0.29545351011121707,P18|P20|P33|P46|P8|P9,P13|P21|P22|P24|P26|P27|P3|P30|P34|P36|P4|P43|P44|P48
2,3,recording_8,logistic_0.01,1,0.3247775756476375,P18|P20|P33|P46|P8|P9,P13|P21|P22|P24|P26|P27|P3|P30|P34|P36|P4|P43|P44|P48
2,3,recording_8,logistic_0.01,4,0.30511971179157865,P18|P20|P33|P46|P8|P9,P13|P21|P22|P24|P26|P27|P3|P30|P34|P36|P4|P43|P44|P48
2,3,recording_8,logistic_0.01,8,0.29420093789798313,P18|P20|P33|P46|P8|P9,P13|P21|P22|P24|P26|P27|P3|P30|P34|P36|P4|P43|P44|P48
2,3,recording_8,logistic_0.1,1,0.33993952711587494,P18|P20|P33|P46|P8|P9,P13|P21|P22|P24|P26|P27|P3|P30|P34|P36|P4|P43|P44|P48
2,3,recording_8,logistic_0.1,4,0.3174119799918138,P18|P20|P33|P46|P8|P9,P13|P21|P22|P24|P26|P27|P3|P30|P34|P36|P4|P43|P44|P48
2,3,recording_8,logistic_0.1,8,0.3062916107927675,P18|P20|P33|P46|P8|P9,P13|P21|P22|P24|P26|P27|P3|P30|P34|P36|P4|P43|P44|P48
2,3,recording_8,logistic_1,1,0.3406688823071677,P18|P20|P33|P46|P8|P9,P13|P21|P22|P24|P26|P27|P3|P30|P34|P36|P4|P43|P44|P48
2,3,recording_8,logistic_1,4,0.3229102618084611,P18|P20|P33|P46|P8|P9,P13|P21|P22|P24|P26|P27|P3|P30|P34|P36|P4|P43|P44|P48
2,3,recording_8,logistic_1,8,0.3117253392210722,P18|P20|P33|P46|P8|P9,P13|P21|P22|P24|P26|P27|P3|P30|P34|P36|P4|P43|P44|P48
2,3,recording_8,hgb,1,0.3301989776028172,P18|P20|P33|P46|P8|P9,P13|P21|P22|P24|P26|P27|P3|P30|P34|P36|P4|P43|P44|P48
2,3,recording_8,hgb,4,0.32123762908212466,P18|P20|P33|P46|P8|P9,P13|P21|P22|P24|P26|P27|P3|P30|P34|P36|P4|P43|P44|P48
2,3,recording_8,hgb,8,0.3162523381180384,P18|P20|P33|P46|P8|P9,P13|P21|P22|P24|P26|P27|P3|P30|P34|P36|P4|P43|P44|P48
2,3,recording_8,rbf,1,0.3053769986346011,P18|P20|P33|P46|P8|P9,P13|P21|P22|P24|P26|P27|P3|P30|P34|P36|P4|P43|P44|P48
2,3,recording_8,rbf,4,0.29278727682440914,P18|P20|P33|P46|P8|P9,P13|P21|P22|P24|P26|P27|P3|P30|P34|P36|P4|P43|P44|P48
2,3,recording_8,rbf,8,0.28850507824266536,P18|P20|P33|P46|P8|P9,P13|P21|P22|P24|P26|P27|P3|P30|P34|P36|P4|P43|P44|P48
2,3,recording_16,logistic_0.01,1,0.3355168192805431,P18|P20|P33|P46|P8|P9,P13|P21|P22|P24|P26|P27|P3|P30|P34|P36|P4|P43|P44|P48
2,3,recording_16,logistic_0.01,4,0.319352789761274,P18|P20|P33|P46|P8|P9,P13|P21|P22|P24|P26|P27|P3|P30|P34|P36|P4|P43|P44|P48
2,3,recording_16,logistic_0.01,8,0.3122548794759424,P18|P20|P33|P46|P8|P9,P13|P21|P22|P24|P26|P27|P3|P30|P34|P36|P4|P43|P44|P48
2,3,recording_16,logistic_0.1,1,0.3418401311005785,P18|P20|P33|P46|P8|P9,P13|P21|P22|P24|P26|P27|P3|P30|P34|P36|P4|P43|P44|P48
2,3,recording_16,logistic_0.1,4,0.3314158880975795,P18|P20|P33|P46|P8|P9,P13|P21|P22|P24|P26|P27|P3|P30|P34|P36|P4|P43|P44|P48
2,3,recording_16,logistic_0.1,8,0.3231137168666926,P18|P20|P33|P46|P8|P9,P13|P21|P22|P24|P26|P27|P3|P30|P34|P36|P4|P43|P44|P48
2,3,recording_16,logistic_1,1,0.3453503312998605,P18|P20|P33|P46|P8|P9,P13|P21|P22|P24|P26|P27|P3|P30|P34|P36|P4|P43|P44|P48
2,3,recording_16,logistic_1,4,0.3354123936230106,P18|P20|P33|P46|P8|P9,P13|P21|P22|P24|P26|P27|P3|P30|P34|P36|P4|P43|P44|P48
2,3,recording_16,logistic_1,8,0.3263848408247734,P18|P20|P33|P46|P8|P9,P13|P21|P22|P24|P26|P27|P3|P30|P34|P36|P4|P43|P44|P48
2,3,recording_16,hgb,1,0.3408210523419959,P18|P20|P33|P46|P8|P9,P13|P21|P22|P24|P26|P27|P3|P30|P34|P36|P4|P43|P44|P48
2,3,recording_16,hgb,4,0.3281891240809829,P18|P20|P33|P46|P8|P9,P13|P21|P22|P24|P26|P27|P3|P30|P34|P36|P4|P43|P44|P48
2,3,recording_16,hgb,8,0.3170328218882302,P18|P20|P33|P46|P8|P9,P13|P21|P22|P24|P26|P27|P3|P30|P34|P36|P4|P43|P44|P48
2,3,recording_16,rbf,1,0.3149257173826027,P18|P20|P33|P46|P8|P9,P13|P21|P22|P24|P26|P27|P3|P30|P34|P36|P4|P43|P44|P48
2,3,recording_16,rbf,4,0.30952037221043677,P18|P20|P33|P46|P8|P9,P13|P21|P22|P24|P26|P27|P3|P30|P34|P36|P4|P43|P44|P48
2,3,recording_16,rbf,8,0.300030716124414,P18|P20|P33|P46|P8|P9,P13|P21|P22|P24|P26|P27|P3|P30|P34|P36|P4|P43|P44|P48
3,1,current,logistic_0.01,1,0.33725753243419637,P2|P26|P3|P30|P33|P35|P43,P12|P13|P19|P20|P21|P22|P24|P34|P4|P40|P44|P48|P9
3,1,current,logistic_0.01,4,0.33761202285380015,P2|P26|P3|P30|P33|P35|P43,P12|P13|P19|P20|P21|P22|P24|P34|P4|P40|P44|P48|P9
3,1,current,logistic_0.01,8,0.3370168251635634,P2|P26|P3|P30|P33|P35|P43,P12|P13|P19|P20|P21|P22|P24|P34|P4|P40|P44|P48|P9
3,1,current,logistic_0.1,1,0.33328396972995394,P2|P26|P3|P30|P33|P35|P43,P12|P13|P19|P20|P21|P22|P24|P34|P4|P40|P44|P48|P9
3,1,current,logistic_0.1,4,0.33493320853603176,P2|P26|P3|P30|P33|P35|P43,P12|P13|P19|P20|P21|P22|P24|P34|P4|P40|P44|P48|P9
3,1,current,logistic_0.1,8,0.3353228035972335,P2|P26|P3|P30|P33|P35|P43,P12|P13|P19|P20|P21|P22|P24|P34|P4|P40|P44|P48|P9
3,1,current,logistic_1,1,0.330536198376146,P2|P26|P3|P30|P33|P35|P43,P12|P13|P19|P20|P21|P22|P24|P34|P4|P40|P44|P48|P9
3,1,current,logistic_1,4,0.33228637512553466,P2|P26|P3|P30|P33|P35|P43,P12|P13|P19|P20|P21|P22|P24|P34|P4|P40|P44|P48|P9
3,1,current,logistic_1,8,0.3337873120588163,P2|P26|P3|P30|P33|P35|P43,P12|P13|P19|P20|P21|P22|P24|P34|P4|P40|P44|P48|P9
3,1,current,hgb,1,0.3387798993855978,P2|P26|P3|P30|P33|P35|P43,P12|P13|P19|P20|P21|P22|P24|P34|P4|P40|P44|P48|P9
3,1,current,hgb,4,0.3370672101484421,P2|P26|P3|P30|P33|P35|P43,P12|P13|P19|P20|P21|P22|P24|P34|P4|P40|P44|P48|P9
3,1,current,hgb,8,0.34252317158774837,P2|P26|P3|P30|P33|P35|P43,P12|P13|P19|P20|P21|P22|P24|P34|P4|P40|P44|P48|P9
3,1,current,rbf,1,0.3415314838489616,P2|P26|P3|P30|P33|P35|P43,P12|P13|P19|P20|P21|P22|P24|P34|P4|P40|P44|P48|P9
3,1,current,rbf,4,0.3494724740078095,P2|P26|P3|P30|P33|P35|P43,P12|P13|P19|P20|P21|P22|P24|P34|P4|P40|P44|P48|P9
3,1,current,rbf,8,0.3457966108353713,P2|P26|P3|P30|P33|P35|P43,P12|P13|P19|P20|P21|P22|P24|P34|P4|P40|P44|P48|P9
3,1,segment_4,logistic_0.01,1,0.3369615816633268,P2|P26|P3|P30|P33|P35|P43,P12|P13|P19|P20|P21|P22|P24|P34|P4|P40|P44|P48|P9
3,1,segment_4,logistic_0.01,4,0.32952195368020426,P2|P26|P3|P30|P33|P35|P43,P12|P13|P19|P20|P21|P22|P24|P34|P4|P40|P44|P48|P9
3,1,segment_4,logistic_0.01,8,0.3279259705874507,P2|P26|P3|P30|P33|P35|P43,P12|P13|P19|P20|P21|P22|P24|P34|P4|P40|P44|P48|P9
3,1,segment_4,logistic_0.1,1,0.3332880312595119,P2|P26|P3|P30|P33|P35|P43,P12|P13|P19|P20|P21|P22|P24|P34|P4|P40|P44|P48|P9
3,1,segment_4,logistic_0.1,4,0.3335891896389051,P2|P26|P3|P30|P33|P35|P43,P12|P13|P19|P20|P21|P22|P24|P34|P4|P40|P44|P48|P9
3,1,segment_4,logistic_0.1,8,0.3311212496192762,P2|P26|P3|P30|P33|P35|P43,P12|P13|P19|P20|P21|P22|P24|P34|P4|P40|P44|P48|P9
3,1,segment_4,logistic_1,1,0.3342378121684017,P2|P26|P3|P30|P33|P35|P43,P12|P13|P19|P20|P21|P22|P24|P34|P4|P40|P44|P48|P9
3,1,segment_4,logistic_1,4,0.33195789556648103,P2|P26|P3|P30|P33|P35|P43,P12|P13|P19|P20|P21|P22|P24|P34|P4|P40|P44|P48|P9
3,1,segment_4,logistic_1,8,0.3286931855873469,P2|P26|P3|P30|P33|P35|P43,P12|P13|P19|P20|P21|P22|P24|P34|P4|P40|P44|P48|P9
3,1,segment_4,hgb,1,0.35757839102929634,P2|P26|P3|P30|P33|P35|P43,P12|P13|P19|P20|P21|P22|P24|P34|P4|P40|P44|P48|P9
3,1,segment_4,hgb,4,0.36294512944001506,P2|P26|P3|P30|P33|P35|P43,P12|P13|P19|P20|P21|P22|P24|P34|P4|P40|P44|P48|P9
3,1,segment_4,hgb,8,0.3631715967952553,P2|P26|P3|P30|P33|P35|P43,P12|P13|P19|P20|P21|P22|P24|P34|P4|P40|P44|P48|P9
3,1,segment_4,rbf,1,0.3401066126155629,P2|P26|P3|P30|P33|P35|P43,P12|P13|P19|P20|P21|P22|P24|P34|P4|P40|P44|P48|P9
3,1,segment_4,rbf,4,0.341258512528154,P2|P26|P3|P30|P33|P35|P43,P12|P13|P19|P20|P21|P22|P24|P34|P4|P40|P44|P48|P9
3,1,segment_4,rbf,8,0.3294121959087377,P2|P26|P3|P30|P33|P35|P43,P12|P13|P19|P20|P21|P22|P24|P34|P4|P40|P44|P48|P9
3,1,segment_8,logistic_0.01,1,0.3312741663363291,P2|P26|P3|P30|P33|P35|P43,P12|P13|P19|P20|P21|P22|P24|P34|P4|P40|P44|P48|P9
3,1,segment_8,logistic_0.01,4,0.329114937259546,P2|P26|P3|P30|P33|P35|P43,P12|P13|P19|P20|P21|P22|P24|P34|P4|P40|P44|P48|P9
3,1,segment_8,logistic_0.01,8,0.32627613933075944,P2|P26|P3|P30|P33|P35|P43,P12|P13|P19|P20|P21|P22|P24|P34|P4|P40|P44|P48|P9
3,1,segment_8,logistic_0.1,1,0.3333994359500269,P2|P26|P3|P30|P33|P35|P43,P12|P13|P19|P20|P21|P22|P24|P34|P4|P40|P44|P48|P9
3,1,segment_8,logistic_0.1,4,0.3308281956516654,P2|P26|P3|P30|P33|P35|P43,P12|P13|P19|P20|P21|P22|P24|P34|P4|P40|P44|P48|P9
3,1,segment_8,logistic_0.1,8,0.32706218864499526,P2|P26|P3|P30|P33|P35|P43,P12|P13|P19|P20|P21|P22|P24|P34|P4|P40|P44|P48|P9
3,1,segment_8,logistic_1,1,0.3339563279212533,P2|P26|P3|P30|P33|P35|P43,P12|P13|P19|P20|P21|P22|P24|P34|P4|P40|P44|P48|P9
3,1,segment_8,logistic_1,4,0.3299106032825338,P2|P26|P3|P30|P33|P35|P43,P12|P13|P19|P20|P21|P22|P24|P34|P4|P40|P44|P48|P9
3,1,segment_8,logistic_1,8,0.32958189453147846,P2|P26|P3|P30|P33|P35|P43,P12|P13|P19|P20|P21|P22|P24|P34|P4|P40|P44|P48|P9
3,1,segment_8,hgb,1,0.3302081689970861,P2|P26|P3|P30|P33|P35|P43,P12|P13|P19|P20|P21|P22|P24|P34|P4|P40|P44|P48|P9
3,1,segment_8,hgb,4,0.3361102519018461,P2|P26|P3|P30|P33|P35|P43,P12|P13|P19|P20|P21|P22|P24|P34|P4|P40|P44|P48|P9
3,1,segment_8,hgb,8,0.34137180083795504,P2|P26|P3|P30|P33|P35|P43,P12|P13|P19|P20|P21|P22|P24|P34|P4|P40|P44|P48|P9
3,1,segment_8,rbf,1,0.33700988904407003,P2|P26|P3|P30|P33|P35|P43,P12|P13|P19|P20|P21|P22|P24|P34|P4|P40|P44|P48|P9
3,1,segment_8,rbf,4,0.3293634780747547,P2|P26|P3|P30|P33|P35|P43,P12|P13|P19|P20|P21|P22|P24|P34|P4|P40|P44|P48|P9
3,1,segment_8,rbf,8,0.32158891111669174,P2|P26|P3|P30|P33|P35|P43,P12|P13|P19|P20|P21|P22|P24|P34|P4|P40|P44|P48|P9
3,1,segment_16,logistic_0.01,1,0.3339406852397654,P2|P26|P3|P30|P33|P35|P43,P12|P13|P19|P20|P21|P22|P24|P34|P4|P40|P44|P48|P9
3,1,segment_16,logistic_0.01,4,0.33358618104603227,P2|P26|P3|P30|P33|P35|P43,P12|P13|P19|P20|P21|P22|P24|P34|P4|P40|P44|P48|P9
3,1,segment_16,logistic_0.01,8,0.33082363463899256,P2|P26|P3|P30|P33|P35|P43,P12|P13|P19|P20|P21|P22|P24|P34|P4|P40|P44|P48|P9
3,1,segment_16,logistic_0.1,1,0.3318823913882774,P2|P26|P3|P30|P33|P35|P43,P12|P13|P19|P20|P21|P22|P24|P34|P4|P40|P44|P48|P9
3,1,segment_16,logistic_0.1,4,0.33656833216681836,P2|P26|P3|P30|P33|P35|P43,P12|P13|P19|P20|P21|P22|P24|P34|P4|P40|P44|P48|P9
3,1,segment_16,logistic_0.1,8,0.33807726234671476,P2|P26|P3|P30|P33|P35|P43,P12|P13|P19|P20|P21|P22|P24|P34|P4|P40|P44|P48|P9
3,1,segment_16,logistic_1,1,0.33656665701627375,P2|P26|P3|P30|P33|P35|P43,P12|P13|P19|P20|P21|P22|P24|P34|P4|P40|P44|P48|P9
3,1,segment_16,logistic_1,4,0.3362090202622576,P2|P26|P3|P30|P33|P35|P43,P12|P13|P19|P20|P21|P22|P24|P34|P4|P40|P44|P48|P9
3,1,segment_16,logistic_1,8,0.33662495529473274,P2|P26|P3|P30|P33|P35|P43,P12|P13|P19|P20|P21|P22|P24|P34|P4|P40|P44|P48|P9
3,1,segment_16,hgb,1,0.3412594173816939,P2|P26|P3|P30|P33|P35|P43,P12|P13|P19|P20|P21|P22|P24|P34|P4|P40|P44|P48|P9
3,1,segment_16,hgb,4,0.34025420809702933,P2|P26|P3|P30|P33|P35|P43,P12|P13|P19|P20|P21|P22|P24|P34|P4|P40|P44|P48|P9
3,1,segment_16,hgb,8,0.34541317261317167,P2|P26|P3|P30|P33|P35|P43,P12|P13|P19|P20|P21|P22|P24|P34|P4|P40|P44|P48|P9
3,1,segment_16,rbf,1,0.3375494929742687,P2|P26|P3|P30|P33|P35|P43,P12|P13|P19|P20|P21|P22|P24|P34|P4|P40|P44|P48|P9
3,1,segment_16,rbf,4,0.32648187865275996,P2|P26|P3|P30|P33|P35|P43,P12|P13|P19|P20|P21|P22|P24|P34|P4|P40|P44|P48|P9
3,1,segment_16,rbf,8,0.3174838441074411,P2|P26|P3|P30|P33|P35|P43,P12|P13|P19|P20|P21|P22|P24|P34|P4|P40|P44|P48|P9
3,1,recording_4,logistic_0.01,1,0.3369615816633268,P2|P26|P3|P30|P33|P35|P43,P12|P13|P19|P20|P21|P22|P24|P34|P4|P40|P44|P48|P9
3,1,recording_4,logistic_0.01,4,0.32952195368020426,P2|P26|P3|P30|P33|P35|P43,P12|P13|P19|P20|P21|P22|P24|P34|P4|P40|P44|P48|P9
3,1,recording_4,logistic_0.01,8,0.3279259705874507,P2|P26|P3|P30|P33|P35|P43,P12|P13|P19|P20|P21|P22|P24|P34|P4|P40|P44|P48|P9
3,1,recording_4,logistic_0.1,1,0.3332880312595119,P2|P26|P3|P30|P33|P35|P43,P12|P13|P19|P20|P21|P22|P24|P34|P4|P40|P44|P48|P9
3,1,recording_4,logistic_0.1,4,0.3335891896389051,P2|P26|P3|P30|P33|P35|P43,P12|P13|P19|P20|P21|P22|P24|P34|P4|P40|P44|P48|P9
3,1,recording_4,logistic_0.1,8,0.3311212496192762,P2|P26|P3|P30|P33|P35|P43,P12|P13|P19|P20|P21|P22|P24|P34|P4|P40|P44|P48|P9
3,1,recording_4,logistic_1,1,0.3342378121684017,P2|P26|P3|P30|P33|P35|P43,P12|P13|P19|P20|P21|P22|P24|P34|P4|P40|P44|P48|P9
3,1,recording_4,logistic_1,4,0.33195789556648103,P2|P26|P3|P30|P33|P35|P43,P12|P13|P19|P20|P21|P22|P24|P34|P4|P40|P44|P48|P9
3,1,recording_4,logistic_1,8,0.3286931855873469,P2|P26|P3|P30|P33|P35|P43,P12|P13|P19|P20|P21|P22|P24|P34|P4|P40|P44|P48|P9
3,1,recording_4,hgb,1,0.35757839102929634,P2|P26|P3|P30|P33|P35|P43,P12|P13|P19|P20|P21|P22|P24|P34|P4|P40|P44|P48|P9
3,1,recording_4,hgb,4,0.36294512944001506,P2|P26|P3|P30|P33|P35|P43,P12|P13|P19|P20|P21|P22|P24|P34|P4|P40|P44|P48|P9
3,1,recording_4,hgb,8,0.3631715967952553,P2|P26|P3|P30|P33|P35|P43,P12|P13|P19|P20|P21|P22|P24|P34|P4|P40|P44|P48|P9
3,1,recording_4,rbf,1,0.3401066126155629,P2|P26|P3|P30|P33|P35|P43,P12|P13|P19|P20|P21|P22|P24|P34|P4|P40|P44|P48|P9
3,1,recording_4,rbf,4,0.341258512528154,P2|P26|P3|P30|P33|P35|P43,P12|P13|P19|P20|P21|P22|P24|P34|P4|P40|P44|P48|P9
3,1,recording_4,rbf,8,0.3294121959087377,P2|P26|P3|P30|P33|P35|P43,P12|P13|P19|P20|P21|P22|P24|P34|P4|P40|P44|P48|P9
3,1,recording_8,logistic_0.01,1,0.3312741663363291,P2|P26|P3|P30|P33|P35|P43,P12|P13|P19|P20|P21|P22|P24|P34|P4|P40|P44|P48|P9
3,1,recording_8,logistic_0.01,4,0.329114937259546,P2|P26|P3|P30|P33|P35|P43,P12|P13|P19|P20|P21|P22|P24|P34|P4|P40|P44|P48|P9
3,1,recording_8,logistic_0.01,8,0.32627613933075944,P2|P26|P3|P30|P33|P35|P43,P12|P13|P19|P20|P21|P22|P24|P34|P4|P40|P44|P48|P9
3,1,recording_8,logistic_0.1,1,0.3333994359500269,P2|P26|P3|P30|P33|P35|P43,P12|P13|P19|P20|P21|P22|P24|P34|P4|P40|P44|P48|P9
3,1,recording_8,logistic_0.1,4,0.3308281956516654,P2|P26|P3|P30|P33|P35|P43,P12|P13|P19|P20|P21|P22|P24|P34|P4|P40|P44|P48|P9
3,1,recording_8,logistic_0.1,8,0.32706218864499526,P2|P26|P3|P30|P33|P35|P43,P12|P13|P19|P20|P21|P22|P24|P34|P4|P40|P44|P48|P9
3,1,recording_8,logistic_1,1,0.3339563279212533,P2|P26|P3|P30|P33|P35|P43,P12|P13|P19|P20|P21|P22|P24|P34|P4|P40|P44|P48|P9
3,1,recording_8,logistic_1,4,0.3299106032825338,P2|P26|P3|P30|P33|P35|P43,P12|P13|P19|P20|P21|P22|P24|P34|P4|P40|P44|P48|P9
3,1,recording_8,logistic_1,8,0.32958189453147846,P2|P26|P3|P30|P33|P35|P43,P12|P13|P19|P20|P21|P22|P24|P34|P4|P40|P44|P48|P9
3,1,recording_8,hgb,1,0.3302081689970861,P2|P26|P3|P30|P33|P35|P43,P12|P13|P19|P20|P21|P22|P24|P34|P4|P40|P44|P48|P9
3,1,recording_8,hgb,4,0.3361102519018461,P2|P26|P3|P30|P33|P35|P43,P12|P13|P19|P20|P21|P22|P24|P34|P4|P40|P44|P48|P9
3,1,recording_8,hgb,8,0.34137180083795504,P2|P26|P3|P30|P33|P35|P43,P12|P13|P19|P20|P21|P22|P24|P34|P4|P40|P44|P48|P9
3,1,recording_8,rbf,1,0.33700988904407003,P2|P26|P3|P30|P33|P35|P43,P12|P13|P19|P20|P21|P22|P24|P34|P4|P40|P44|P48|P9
3,1,recording_8,rbf,4,0.3293634780747547,P2|P26|P3|P30|P33|P35|P43,P12|P13|P19|P20|P21|P22|P24|P34|P4|P40|P44|P48|P9
3,1,recording_8,rbf,8,0.32158891111669174,P2|P26|P3|P30|P33|P35|P43,P12|P13|P19|P20|P21|P22|P24|P34|P4|P40|P44|P48|P9
3,1,recording_16,logistic_0.01,1,0.3339406852397654,P2|P26|P3|P30|P33|P35|P43,P12|P13|P19|P20|P21|P22|P24|P34|P4|P40|P44|P48|P9
3,1,recording_16,logistic_0.01,4,0.33358618104603227,P2|P26|P3|P30|P33|P35|P43,P12|P13|P19|P20|P21|P22|P24|P34|P4|P40|P44|P48|P9
3,1,recording_16,logistic_0.01,8,0.33082363463899256,P2|P26|P3|P30|P33|P35|P43,P12|P13|P19|P20|P21|P22|P24|P34|P4|P40|P44|P48|P9
3,1,recording_16,logistic_0.1,1,0.3318823913882774,P2|P26|P3|P30|P33|P35|P43,P12|P13|P19|P20|P21|P22|P24|P34|P4|P40|P44|P48|P9
3,1,recording_16,logistic_0.1,4,0.33656833216681836,P2|P26|P3|P30|P33|P35|P43,P12|P13|P19|P20|P21|P22|P24|P34|P4|P40|P44|P48|P9
3,1,recording_16,logistic_0.1,8,0.33807726234671476,P2|P26|P3|P30|P33|P35|P43,P12|P13|P19|P20|P21|P22|P24|P34|P4|P40|P44|P48|P9
3,1,recording_16,logistic_1,1,0.33656665701627375,P2|P26|P3|P30|P33|P35|P43,P12|P13|P19|P20|P21|P22|P24|P34|P4|P40|P44|P48|P9
3,1,recording_16,logistic_1,4,0.3362090202622576,P2|P26|P3|P30|P33|P35|P43,P12|P13|P19|P20|P21|P22|P24|P34|P4|P40|P44|P48|P9
3,1,recording_16,logistic_1,8,0.33662495529473274,P2|P26|P3|P30|P33|P35|P43,P12|P13|P19|P20|P21|P22|P24|P34|P4|P40|P44|P48|P9
3,1,recording_16,hgb,1,0.3412594173816939,P2|P26|P3|P30|P33|P35|P43,P12|P13|P19|P20|P21|P22|P24|P34|P4|P40|P44|P48|P9
3,1,recording_16,hgb,4,0.34025420809702933,P2|P26|P3|P30|P33|P35|P43,P12|P13|P19|P20|P21|P22|P24|P34|P4|P40|P44|P48|P9
3,1,recording_16,hgb,8,0.34541317261317167,P2|P26|P3|P30|P33|P35|P43,P12|P13|P19|P20|P21|P22|P24|P34|P4|P40|P44|P48|P9
3,1,recording_16,rbf,1,0.3375494929742687,P2|P26|P3|P30|P33|P35|P43,P12|P13|P19|P20|P21|P22|P24|P34|P4|P40|P44|P48|P9
3,1,recording_16,rbf,4,0.32648187865275996,P2|P26|P3|P30|P33|P35|P43,P12|P13|P19|P20|P21|P22|P24|P34|P4|P40|P44|P48|P9
3,1,recording_16,rbf,8,0.3174838441074411,P2|P26|P3|P30|P33|P35|P43,P12|P13|P19|P20|P21|P22|P24|P34|P4|P40|P44|P48|P9
3,2,current,logistic_0.01,1,0.36341475789411376,P13|P19|P21|P24|P40|P48|P9,P12|P2|P20|P22|P26|P3|P30|P33|P34|P35|P4|P43|P44
3,2,current,logistic_0.01,4,0.38599320952076316,P13|P19|P21|P24|P40|P48|P9,P12|P2|P20|P22|P26|P3|P30|P33|P34|P35|P4|P43|P44
3,2,current,logistic_0.01,8,0.38583841028219207,P13|P19|P21|P24|P40|P48|P9,P12|P2|P20|P22|P26|P3|P30|P33|P34|P35|P4|P43|P44
3,2,current,logistic_0.1,1,0.36228134647093224,P13|P19|P21|P24|P40|P48|P9,P12|P2|P20|P22|P26|P3|P30|P33|P34|P35|P4|P43|P44
3,2,current,logistic_0.1,4,0.3790254865299911,P13|P19|P21|P24|P40|P48|P9,P12|P2|P20|P22|P26|P3|P30|P33|P34|P35|P4|P43|P44
3,2,current,logistic_0.1,8,0.3802189405075652,P13|P19|P21|P24|P40|P48|P9,P12|P2|P20|P22|P26|P3|P30|P33|P34|P35|P4|P43|P44
3,2,current,logistic_1,1,0.3613907143321347,P13|P19|P21|P24|P40|P48|P9,P12|P2|P20|P22|P26|P3|P30|P33|P34|P35|P4|P43|P44
3,2,current,logistic_1,4,0.38311054086071256,P13|P19|P21|P24|P40|P48|P9,P12|P2|P20|P22|P26|P3|P30|P33|P34|P35|P4|P43|P44
3,2,current,logistic_1,8,0.382898375572963,P13|P19|P21|P24|P40|P48|P9,P12|P2|P20|P22|P26|P3|P30|P33|P34|P35|P4|P43|P44
3,2,current,hgb,1,0.3447463385373612,P13|P19|P21|P24|P40|P48|P9,P12|P2|P20|P22|P26|P3|P30|P33|P34|P35|P4|P43|P44
3,2,current,hgb,4,0.36026590796828534,P13|P19|P21|P24|P40|P48|P9,P12|P2|P20|P22|P26|P3|P30|P33|P34|P35|P4|P43|P44
3,2,current,hgb,8,0.35955710685519116,P13|P19|P21|P24|P40|P48|P9,P12|P2|P20|P22|P26|P3|P30|P33|P34|P35|P4|P43|P44
3,2,current,rbf,1,0.3426144620958626,P13|P19|P21|P24|P40|P48|P9,P12|P2|P20|P22|P26|P3|P30|P33|P34|P35|P4|P43|P44
3,2,current,rbf,4,0.3549151543405662,P13|P19|P21|P24|P40|P48|P9,P12|P2|P20|P22|P26|P3|P30|P33|P34|P35|P4|P43|P44
3,2,current,rbf,8,0.35499091326304943,P13|P19|P21|P24|P40|P48|P9,P12|P2|P20|P22|P26|P3|P30|P33|P34|P35|P4|P43|P44
3,2,segment_4,logistic_0.01,1,0.3546585466475139,P13|P19|P21|P24|P40|P48|P9,P12|P2|P20|P22|P26|P3|P30|P33|P34|P35|P4|P43|P44
3,2,segment_4,logistic_0.01,4,0.35337274304201177,P13|P19|P21|P24|P40|P48|P9,P12|P2|P20|P22|P26|P3|P30|P33|P34|P35|P4|P43|P44
3,2,segment_4,logistic_0.01,8,0.3677282620415804,P13|P19|P21|P24|P40|P48|P9,P12|P2|P20|P22|P26|P3|P30|P33|P34|P35|P4|P43|P44
3,2,segment_4,logistic_0.1,1,0.353195914865106,P13|P19|P21|P24|P40|P48|P9,P12|P2|P20|P22|P26|P3|P30|P33|P34|P35|P4|P43|P44
3,2,segment_4,logistic_0.1,4,0.3539227425413728,P13|P19|P21|P24|P40|P48|P9,P12|P2|P20|P22|P26|P3|P30|P33|P34|P35|P4|P43|P44
3,2,segment_4,logistic_0.1,8,0.36610807008042695,P13|P19|P21|P24|P40|P48|P9,P12|P2|P20|P22|P26|P3|P30|P33|P34|P35|P4|P43|P44
3,2,segment_4,logistic_1,1,0.3546675494287867,P13|P19|P21|P24|P40|P48|P9,P12|P2|P20|P22|P26|P3|P30|P33|P34|P35|P4|P43|P44
3,2,segment_4,logistic_1,4,0.3534099955581743,P13|P19|P21|P24|P40|P48|P9,P12|P2|P20|P22|P26|P3|P30|P33|P34|P35|P4|P43|P44
3,2,segment_4,logistic_1,8,0.36535053364961295,P13|P19|P21|P24|P40|P48|P9,P12|P2|P20|P22|P26|P3|P30|P33|P34|P35|P4|P43|P44
3,2,segment_4,hgb,1,0.34324578889769203,P13|P19|P21|P24|P40|P48|P9,P12|P2|P20|P22|P26|P3|P30|P33|P34|P35|P4|P43|P44
3,2,segment_4,hgb,4,0.33256019348423455,P13|P19|P21|P24|P40|P48|P9,P12|P2|P20|P22|P26|P3|P30|P33|P34|P35|P4|P43|P44
3,2,segment_4,hgb,8,0.3293836470621135,P13|P19|P21|P24|P40|P48|P9,P12|P2|P20|P22|P26|P3|P30|P33|P34|P35|P4|P43|P44
3,2,segment_4,rbf,1,0.3416586759064603,P13|P19|P21|P24|P40|P48|P9,P12|P2|P20|P22|P26|P3|P30|P33|P34|P35|P4|P43|P44
3,2,segment_4,rbf,4,0.3438770999990601,P13|P19|P21|P24|P40|P48|P9,P12|P2|P20|P22|P26|P3|P30|P33|P34|P35|P4|P43|P44
3,2,segment_4,rbf,8,0.35660369105969547,P13|P19|P21|P24|P40|P48|P9,P12|P2|P20|P22|P26|P3|P30|P33|P34|P35|P4|P43|P44
3,2,segment_8,logistic_0.01,1,0.3440855217360466,P13|P19|P21|P24|P40|P48|P9,P12|P2|P20|P22|P26|P3|P30|P33|P34|P35|P4|P43|P44
3,2,segment_8,logistic_0.01,4,0.35227399608890286,P13|P19|P21|P24|P40|P48|P9,P12|P2|P20|P22|P26|P3|P30|P33|P34|P35|P4|P43|P44
3,2,segment_8,logistic_0.01,8,0.3510943784132972,P13|P19|P21|P24|P40|P48|P9,P12|P2|P20|P22|P26|P3|P30|P33|P34|P35|P4|P43|P44
3,2,segment_8,logistic_0.1,1,0.34124352415814524,P13|P19|P21|P24|P40|P48|P9,P12|P2|P20|P22|P26|P3|P30|P33|P34|P35|P4|P43|P44
3,2,segment_8,logistic_0.1,4,0.34917635775529565,P13|P19|P21|P24|P40|P48|P9,P12|P2|P20|P22|P26|P3|P30|P33|P34|P35|P4|P43|P44
3,2,segment_8,logistic_0.1,8,0.3444981584924873,P13|P19|P21|P24|P40|P48|P9,P12|P2|P20|P22|P26|P3|P30|P33|P34|P35|P4|P43|P44
3,2,segment_8,logistic_1,1,0.34219421398637456,P13|P19|P21|P24|P40|P48|P9,P12|P2|P20|P22|P26|P3|P30|P33|P34|P35|P4|P43|P44
3,2,segment_8,logistic_1,4,0.3513605448985407,P13|P19|P21|P24|P40|P48|P9,P12|P2|P20|P22|P26|P3|P30|P33|P34|P35|P4|P43|P44
3,2,segment_8,logistic_1,8,0.3445654070666745,P13|P19|P21|P24|P40|P48|P9,P12|P2|P20|P22|P26|P3|P30|P33|P34|P35|P4|P43|P44
3,2,segment_8,hgb,1,0.32670382805309384,P13|P19|P21|P24|P40|P48|P9,P12|P2|P20|P22|P26|P3|P30|P33|P34|P35|P4|P43|P44
3,2,segment_8,hgb,4,0.31888240741720975,P13|P19|P21|P24|P40|P48|P9,P12|P2|P20|P22|P26|P3|P30|P33|P34|P35|P4|P43|P44
3,2,segment_8,hgb,8,0.33811115251235246,P13|P19|P21|P24|P40|P48|P9,P12|P2|P20|P22|P26|P3|P30|P33|P34|P35|P4|P43|P44
3,2,segment_8,rbf,1,0.3339652073799576,P13|P19|P21|P24|P40|P48|P9,P12|P2|P20|P22|P26|P3|P30|P33|P34|P35|P4|P43|P44
3,2,segment_8,rbf,4,0.33619212303255835,P13|P19|P21|P24|P40|P48|P9,P12|P2|P20|P22|P26|P3|P30|P33|P34|P35|P4|P43|P44
3,2,segment_8,rbf,8,0.33762274305394524,P13|P19|P21|P24|P40|P48|P9,P12|P2|P20|P22|P26|P3|P30|P33|P34|P35|P4|P43|P44
3,2,segment_16,logistic_0.01,1,0.3364783465932753,P13|P19|P21|P24|P40|P48|P9,P12|P2|P20|P22|P26|P3|P30|P33|P34|P35|P4|P43|P44
3,2,segment_16,logistic_0.01,4,0.339896635345664,P13|P19|P21|P24|P40|P48|P9,P12|P2|P20|P22|P26|P3|P30|P33|P34|P35|P4|P43|P44
3,2,segment_16,logistic_0.01,8,0.34879945667881807,P13|P19|P21|P24|P40|P48|P9,P12|P2|P20|P22|P26|P3|P30|P33|P34|P35|P4|P43|P44
3,2,segment_16,logistic_0.1,1,0.3309685205940755,P13|P19|P21|P24|P40|P48|P9,P12|P2|P20|P22|P26|P3|P30|P33|P34|P35|P4|P43|P44
3,2,segment_16,logistic_0.1,4,0.3399929955846445,P13|P19|P21|P24|P40|P48|P9,P12|P2|P20|P22|P26|P3|P30|P33|P34|P35|P4|P43|P44
3,2,segment_16,logistic_0.1,8,0.34733431098455175,P13|P19|P21|P24|P40|P48|P9,P12|P2|P20|P22|P26|P3|P30|P33|P34|P35|P4|P43|P44
3,2,segment_16,logistic_1,1,0.32851685096118427,P13|P19|P21|P24|P40|P48|P9,P12|P2|P20|P22|P26|P3|P30|P33|P34|P35|P4|P43|P44
3,2,segment_16,logistic_1,4,0.3372915448363298,P13|P19|P21|P24|P40|P48|P9,P12|P2|P20|P22|P26|P3|P30|P33|P34|P35|P4|P43|P44
3,2,segment_16,logistic_1,8,0.3409026837306223,P13|P19|P21|P24|P40|P48|P9,P12|P2|P20|P22|P26|P3|P30|P33|P34|P35|P4|P43|P44
3,2,segment_16,hgb,1,0.32744234688305063,P13|P19|P21|P24|P40|P48|P9,P12|P2|P20|P22|P26|P3|P30|P33|P34|P35|P4|P43|P44
3,2,segment_16,hgb,4,0.32625081207608425,P13|P19|P21|P24|P40|P48|P9,P12|P2|P20|P22|P26|P3|P30|P33|P34|P35|P4|P43|P44
3,2,segment_16,hgb,8,0.33026981372301095,P13|P19|P21|P24|P40|P48|P9,P12|P2|P20|P22|P26|P3|P30|P33|P34|P35|P4|P43|P44
3,2,segment_16,rbf,1,0.3256285721615185,P13|P19|P21|P24|P40|P48|P9,P12|P2|P20|P22|P26|P3|P30|P33|P34|P35|P4|P43|P44
3,2,segment_16,rbf,4,0.3271872766602046,P13|P19|P21|P24|P40|P48|P9,P12|P2|P20|P22|P26|P3|P30|P33|P34|P35|P4|P43|P44
3,2,segment_16,rbf,8,0.3290893450398458,P13|P19|P21|P24|P40|P48|P9,P12|P2|P20|P22|P26|P3|P30|P33|P34|P35|P4|P43|P44
3,2,recording_4,logistic_0.01,1,0.3546585466475139,P13|P19|P21|P24|P40|P48|P9,P12|P2|P20|P22|P26|P3|P30|P33|P34|P35|P4|P43|P44
3,2,recording_4,logistic_0.01,4,0.35337274304201177,P13|P19|P21|P24|P40|P48|P9,P12|P2|P20|P22|P26|P3|P30|P33|P34|P35|P4|P43|P44
3,2,recording_4,logistic_0.01,8,0.3677282620415804,P13|P19|P21|P24|P40|P48|P9,P12|P2|P20|P22|P26|P3|P30|P33|P34|P35|P4|P43|P44
3,2,recording_4,logistic_0.1,1,0.353195914865106,P13|P19|P21|P24|P40|P48|P9,P12|P2|P20|P22|P26|P3|P30|P33|P34|P35|P4|P43|P44
3,2,recording_4,logistic_0.1,4,0.3539227425413728,P13|P19|P21|P24|P40|P48|P9,P12|P2|P20|P22|P26|P3|P30|P33|P34|P35|P4|P43|P44
3,2,recording_4,logistic_0.1,8,0.36610807008042695,P13|P19|P21|P24|P40|P48|P9,P12|P2|P20|P22|P26|P3|P30|P33|P34|P35|P4|P43|P44
3,2,recording_4,logistic_1,1,0.3546675494287867,P13|P19|P21|P24|P40|P48|P9,P12|P2|P20|P22|P26|P3|P30|P33|P34|P35|P4|P43|P44
3,2,recording_4,logistic_1,4,0.3534099955581743,P13|P19|P21|P24|P40|P48|P9,P12|P2|P20|P22|P26|P3|P30|P33|P34|P35|P4|P43|P44
3,2,recording_4,logistic_1,8,0.36535053364961295,P13|P19|P21|P24|P40|P48|P9,P12|P2|P20|P22|P26|P3|P30|P33|P34|P35|P4|P43|P44
3,2,recording_4,hgb,1,0.34324578889769203,P13|P19|P21|P24|P40|P48|P9,P12|P2|P20|P22|P26|P3|P30|P33|P34|P35|P4|P43|P44
3,2,recording_4,hgb,4,0.33256019348423455,P13|P19|P21|P24|P40|P48|P9,P12|P2|P20|P22|P26|P3|P30|P33|P34|P35|P4|P43|P44
3,2,recording_4,hgb,8,0.3293836470621135,P13|P19|P21|P24|P40|P48|P9,P12|P2|P20|P22|P26|P3|P30|P33|P34|P35|P4|P43|P44
3,2,recording_4,rbf,1,0.3416586759064603,P13|P19|P21|P24|P40|P48|P9,P12|P2|P20|P22|P26|P3|P30|P33|P34|P35|P4|P43|P44
3,2,recording_4,rbf,4,0.3438770999990601,P13|P19|P21|P24|P40|P48|P9,P12|P2|P20|P22|P26|P3|P30|P33|P34|P35|P4|P43|P44
3,2,recording_4,rbf,8,0.35660369105969547,P13|P19|P21|P24|P40|P48|P9,P12|P2|P20|P22|P26|P3|P30|P33|P34|P35|P4|P43|P44
3,2,recording_8,logistic_0.01,1,0.3440855217360466,P13|P19|P21|P24|P40|P48|P9,P12|P2|P20|P22|P26|P3|P30|P33|P34|P35|P4|P43|P44
3,2,recording_8,logistic_0.01,4,0.35227399608890286,P13|P19|P21|P24|P40|P48|P9,P12|P2|P20|P22|P26|P3|P30|P33|P34|P35|P4|P43|P44
3,2,recording_8,logistic_0.01,8,0.3510943784132972,P13|P19|P21|P24|P40|P48|P9,P12|P2|P20|P22|P26|P3|P30|P33|P34|P35|P4|P43|P44
3,2,recording_8,logistic_0.1,1,0.34124352415814524,P13|P19|P21|P24|P40|P48|P9,P12|P2|P20|P22|P26|P3|P30|P33|P34|P35|P4|P43|P44
3,2,recording_8,logistic_0.1,4,0.34917635775529565,P13|P19|P21|P24|P40|P48|P9,P12|P2|P20|P22|P26|P3|P30|P33|P34|P35|P4|P43|P44
3,2,recording_8,logistic_0.1,8,0.3444981584924873,P13|P19|P21|P24|P40|P48|P9,P12|P2|P20|P22|P26|P3|P30|P33|P34|P35|P4|P43|P44
3,2,recording_8,logistic_1,1,0.34219421398637456,P13|P19|P21|P24|P40|P48|P9,P12|P2|P20|P22|P26|P3|P30|P33|P34|P35|P4|P43|P44
3,2,recording_8,logistic_1,4,0.3513605448985407,P13|P19|P21|P24|P40|P48|P9,P12|P2|P20|P22|P26|P3|P30|P33|P34|P35|P4|P43|P44
3,2,recording_8,logistic_1,8,0.3445654070666745,P13|P19|P21|P24|P40|P48|P9,P12|P2|P20|P22|P26|P3|P30|P33|P34|P35|P4|P43|P44
3,2,recording_8,hgb,1,0.32670382805309384,P13|P19|P21|P24|P40|P48|P9,P12|P2|P20|P22|P26|P3|P30|P33|P34|P35|P4|P43|P44
3,2,recording_8,hgb,4,0.31888240741720975,P13|P19|P21|P24|P40|P48|P9,P12|P2|P20|P22|P26|P3|P30|P33|P34|P35|P4|P43|P44
3,2,recording_8,hgb,8,0.33811115251235246,P13|P19|P21|P24|P40|P48|P9,P12|P2|P20|P22|P26|P3|P30|P33|P34|P35|P4|P43|P44
3,2,recording_8,rbf,1,0.3339652073799576,P13|P19|P21|P24|P40|P48|P9,P12|P2|P20|P22|P26|P3|P30|P33|P34|P35|P4|P43|P44
3,2,recording_8,rbf,4,0.33619212303255835,P13|P19|P21|P24|P40|P48|P9,P12|P2|P20|P22|P26|P3|P30|P33|P34|P35|P4|P43|P44
3,2,recording_8,rbf,8,0.33762274305394524,P13|P19|P21|P24|P40|P48|P9,P12|P2|P20|P22|P26|P3|P30|P33|P34|P35|P4|P43|P44
3,2,recording_16,logistic_0.01,1,0.3364783465932753,P13|P19|P21|P24|P40|P48|P9,P12|P2|P20|P22|P26|P3|P30|P33|P34|P35|P4|P43|P44
3,2,recording_16,logistic_0.01,4,0.339896635345664,P13|P19|P21|P24|P40|P48|P9,P12|P2|P20|P22|P26|P3|P30|P33|P34|P35|P4|P43|P44
3,2,recording_16,logistic_0.01,8,0.34879945667881807,P13|P19|P21|P24|P40|P48|P9,P12|P2|P20|P22|P26|P3|P30|P33|P34|P35|P4|P43|P44
3,2,recording_16,logistic_0.1,1,0.3309685205940755,P13|P19|P21|P24|P40|P48|P9,P12|P2|P20|P22|P26|P3|P30|P33|P34|P35|P4|P43|P44
3,2,recording_16,logistic_0.1,4,0.3399929955846445,P13|P19|P21|P24|P40|P48|P9,P12|P2|P20|P22|P26|P3|P30|P33|P34|P35|P4|P43|P44
3,2,recording_16,logistic_0.1,8,0.34733431098455175,P13|P19|P21|P24|P40|P48|P9,P12|P2|P20|P22|P26|P3|P30|P33|P34|P35|P4|P43|P44
3,2,recording_16,logistic_1,1,0.32851685096118427,P13|P19|P21|P24|P40|P48|P9,P12|P2|P20|P22|P26|P3|P30|P33|P34|P35|P4|P43|P44
3,2,recording_16,logistic_1,4,0.3372915448363298,P13|P19|P21|P24|P40|P48|P9,P12|P2|P20|P22|P26|P3|P30|P33|P34|P35|P4|P43|P44
3,2,recording_16,logistic_1,8,0.3409026837306223,P13|P19|P21|P24|P40|P48|P9,P12|P2|P20|P22|P26|P3|P30|P33|P34|P35|P4|P43|P44
3,2,recording_16,hgb,1,0.32744234688305063,P13|P19|P21|P24|P40|P48|P9,P12|P2|P20|P22|P26|P3|P30|P33|P34|P35|P4|P43|P44
3,2,recording_16,hgb,4,0.32625081207608425,P13|P19|P21|P24|P40|P48|P9,P12|P2|P20|P22|P26|P3|P30|P33|P34|P35|P4|P43|P44
3,2,recording_16,hgb,8,0.33026981372301095,P13|P19|P21|P24|P40|P48|P9,P12|P2|P20|P22|P26|P3|P30|P33|P34|P35|P4|P43|P44
3,2,recording_16,rbf,1,0.3256285721615185,P13|P19|P21|P24|P40|P48|P9,P12|P2|P20|P22|P26|P3|P30|P33|P34|P35|P4|P43|P44
3,2,recording_16,rbf,4,0.3271872766602046,P13|P19|P21|P24|P40|P48|P9,P12|P2|P20|P22|P26|P3|P30|P33|P34|P35|P4|P43|P44
3,2,recording_16,rbf,8,0.3290893450398458,P13|P19|P21|P24|P40|P48|P9,P12|P2|P20|P22|P26|P3|P30|P33|P34|P35|P4|P43|P44
3,3,current,logistic_0.01,1,0.3227974495146178,P12|P20|P22|P34|P4|P44,P13|P19|P2|P21|P24|P26|P3|P30|P33|P35|P40|P43|P48|P9
3,3,current,logistic_0.01,4,0.33023286586670847,P12|P20|P22|P34|P4|P44,P13|P19|P2|P21|P24|P26|P3|P30|P33|P35|P40|P43|P48|P9
3,3,current,logistic_0.01,8,0.3372169223497535,P12|P20|P22|P34|P4|P44,P13|P19|P2|P21|P24|P26|P3|P30|P33|P35|P40|P43|P48|P9
3,3,current,logistic_0.1,1,0.3232766424784853,P12|P20|P22|P34|P4|P44,P13|P19|P2|P21|P24|P26|P3|P30|P33|P35|P40|P43|P48|P9
3,3,current,logistic_0.1,4,0.3296400915255248,P12|P20|P22|P34|P4|P44,P13|P19|P2|P21|P24|P26|P3|P30|P33|P35|P40|P43|P48|P9
3,3,current,logistic_0.1,8,0.33443098887117456,P12|P20|P22|P34|P4|P44,P13|P19|P2|P21|P24|P26|P3|P30|P33|P35|P40|P43|P48|P9
3,3,current,logistic_1,1,0.32316899709434227,P12|P20|P22|P34|P4|P44,P13|P19|P2|P21|P24|P26|P3|P30|P33|P35|P40|P43|P48|P9
3,3,current,logistic_1,4,0.3284928058109639,P12|P20|P22|P34|P4|P44,P13|P19|P2|P21|P24|P26|P3|P30|P33|P35|P40|P43|P48|P9
3,3,current,logistic_1,8,0.33455463347588754,P12|P20|P22|P34|P4|P44,P13|P19|P2|P21|P24|P26|P3|P30|P33|P35|P40|P43|P48|P9
3,3,current,hgb,1,0.3290697906193005,P12|P20|P22|P34|P4|P44,P13|P19|P2|P21|P24|P26|P3|P30|P33|P35|P40|P43|P48|P9
3,3,current,hgb,4,0.3380638529508057,P12|P20|P22|P34|P4|P44,P13|P19|P2|P21|P24|P26|P3|P30|P33|P35|P40|P43|P48|P9
3,3,current,hgb,8,0.3308219598247705,P12|P20|P22|P34|P4|P44,P13|P19|P2|P21|P24|P26|P3|P30|P33|P35|P40|P43|P48|P9
3,3,current,rbf,1,0.3329191686797636,P12|P20|P22|P34|P4|P44,P13|P19|P2|P21|P24|P26|P3|P30|P33|P35|P40|P43|P48|P9
3,3,current,rbf,4,0.34092243620364865,P12|P20|P22|P34|P4|P44,P13|P19|P2|P21|P24|P26|P3|P30|P33|P35|P40|P43|P48|P9
3,3,current,rbf,8,0.34199425252347376,P12|P20|P22|P34|P4|P44,P13|P19|P2|P21|P24|P26|P3|P30|P33|P35|P40|P43|P48|P9
3,3,segment_4,logistic_0.01,1,0.33668759346367966,P12|P20|P22|P34|P4|P44,P13|P19|P2|P21|P24|P26|P3|P30|P33|P35|P40|P43|P48|P9
3,3,segment_4,logistic_0.01,4,0.3457094227984215,P12|P20|P22|P34|P4|P44,P13|P19|P2|P21|P24|P26|P3|P30|P33|P35|P40|P43|P48|P9
3,3,segment_4,logistic_0.01,8,0.349986593613822,P12|P20|P22|P34|P4|P44,P13|P19|P2|P21|P24|P26|P3|P30|P33|P35|P40|P43|P48|P9
3,3,segment_4,logistic_0.1,1,0.33949693200439346,P12|P20|P22|P34|P4|P44,P13|P19|P2|P21|P24|P26|P3|P30|P33|P35|P40|P43|P48|P9
3,3,segment_4,logistic_0.1,4,0.34606967672223893,P12|P20|P22|P34|P4|P44,P13|P19|P2|P21|P24|P26|P3|P30|P33|P35|P40|P43|P48|P9
3,3,segment_4,logistic_0.1,8,0.3492864225977677,P12|P20|P22|P34|P4|P44,P13|P19|P2|P21|P24|P26|P3|P30|P33|P35|P40|P43|P48|P9
3,3,segment_4,logistic_1,1,0.33995003570917465,P12|P20|P22|P34|P4|P44,P13|P19|P2|P21|P24|P26|P3|P30|P33|P35|P40|P43|P48|P9
3,3,segment_4,logistic_1,4,0.34543030079737874,P12|P20|P22|P34|P4|P44,P13|P19|P2|P21|P24|P26|P3|P30|P33|P35|P40|P43|P48|P9
3,3,segment_4,logistic_1,8,0.3465267795759807,P12|P20|P22|P34|P4|P44,P13|P19|P2|P21|P24|P26|P3|P30|P33|P35|P40|P43|P48|P9
3,3,segment_4,hgb,1,0.340447652067639,P12|P20|P22|P34|P4|P44,P13|P19|P2|P21|P24|P26|P3|P30|P33|P35|P40|P43|P48|P9
3,3,segment_4,hgb,4,0.34737312627145517,P12|P20|P22|P34|P4|P44,P13|P19|P2|P21|P24|P26|P3|P30|P33|P35|P40|P43|P48|P9
3,3,segment_4,hgb,8,0.3402695782965172,P12|P20|P22|P34|P4|P44,P13|P19|P2|P21|P24|P26|P3|P30|P33|P35|P40|P43|P48|P9
3,3,segment_4,rbf,1,0.3532362220171765,P12|P20|P22|P34|P4|P44,P13|P19|P2|P21|P24|P26|P3|P30|P33|P35|P40|P43|P48|P9
3,3,segment_4,rbf,4,0.3515078779512681,P12|P20|P22|P34|P4|P44,P13|P19|P2|P21|P24|P26|P3|P30|P33|P35|P40|P43|P48|P9
3,3,segment_4,rbf,8,0.3495061164871676,P12|P20|P22|P34|P4|P44,P13|P19|P2|P21|P24|P26|P3|P30|P33|P35|P40|P43|P48|P9
3,3,segment_8,logistic_0.01,1,0.3578911162459158,P12|P20|P22|P34|P4|P44,P13|P19|P2|P21|P24|P26|P3|P30|P33|P35|P40|P43|P48|P9
3,3,segment_8,logistic_0.01,4,0.35093491739368193,P12|P20|P22|P34|P4|P44,P13|P19|P2|P21|P24|P26|P3|P30|P33|P35|P40|P43|P48|P9
3,3,segment_8,logistic_0.01,8,0.3447504559400251,P12|P20|P22|P34|P4|P44,P13|P19|P2|P21|P24|P26|P3|P30|P33|P35|P40|P43|P48|P9
3,3,segment_8,logistic_0.1,1,0.3544073384712855,P12|P20|P22|P34|P4|P44,P13|P19|P2|P21|P24|P26|P3|P30|P33|P35|P40|P43|P48|P9
3,3,segment_8,logistic_0.1,4,0.3461357691673559,P12|P20|P22|P34|P4|P44,P13|P19|P2|P21|P24|P26|P3|P30|P33|P35|P40|P43|P48|P9
3,3,segment_8,logistic_0.1,8,0.34178768223424427,P12|P20|P22|P34|P4|P44,P13|P19|P2|P21|P24|P26|P3|P30|P33|P35|P40|P43|P48|P9
3,3,segment_8,logistic_1,1,0.3529010087343849,P12|P20|P22|P34|P4|P44,P13|P19|P2|P21|P24|P26|P3|P30|P33|P35|P40|P43|P48|P9
3,3,segment_8,logistic_1,4,0.34596364534592533,P12|P20|P22|P34|P4|P44,P13|P19|P2|P21|P24|P26|P3|P30|P33|P35|P40|P43|P48|P9
3,3,segment_8,logistic_1,8,0.34224520159192956,P12|P20|P22|P34|P4|P44,P13|P19|P2|P21|P24|P26|P3|P30|P33|P35|P40|P43|P48|P9
3,3,segment_8,hgb,1,0.31026272665042764,P12|P20|P22|P34|P4|P44,P13|P19|P2|P21|P24|P26|P3|P30|P33|P35|P40|P43|P48|P9
3,3,segment_8,hgb,4,0.32521774427974365,P12|P20|P22|P34|P4|P44,P13|P19|P2|P21|P24|P26|P3|P30|P33|P35|P40|P43|P48|P9
3,3,segment_8,hgb,8,0.32625726497524976,P12|P20|P22|P34|P4|P44,P13|P19|P2|P21|P24|P26|P3|P30|P33|P35|P40|P43|P48|P9
3,3,segment_8,rbf,1,0.34042197133787494,P12|P20|P22|P34|P4|P44,P13|P19|P2|P21|P24|P26|P3|P30|P33|P35|P40|P43|P48|P9
3,3,segment_8,rbf,4,0.34552879454935864,P12|P20|P22|P34|P4|P44,P13|P19|P2|P21|P24|P26|P3|P30|P33|P35|P40|P43|P48|P9
3,3,segment_8,rbf,8,0.34058556463953554,P12|P20|P22|P34|P4|P44,P13|P19|P2|P21|P24|P26|P3|P30|P33|P35|P40|P43|P48|P9
3,3,segment_16,logistic_0.01,1,0.34183884324369657,P12|P20|P22|P34|P4|P44,P13|P19|P2|P21|P24|P26|P3|P30|P33|P35|P40|P43|P48|P9
3,3,segment_16,logistic_0.01,4,0.342255632068541,P12|P20|P22|P34|P4|P44,P13|P19|P2|P21|P24|P26|P3|P30|P33|P35|P40|P43|P48|P9
3,3,segment_16,logistic_0.01,8,0.3441496471841612,P12|P20|P22|P34|P4|P44,P13|P19|P2|P21|P24|P26|P3|P30|P33|P35|P40|P43|P48|P9
3,3,segment_16,logistic_0.1,1,0.3434699772533732,P12|P20|P22|P34|P4|P44,P13|P19|P2|P21|P24|P26|P3|P30|P33|P35|P40|P43|P48|P9
3,3,segment_16,logistic_0.1,4,0.34308526433895703,P12|P20|P22|P34|P4|P44,P13|P19|P2|P21|P24|P26|P3|P30|P33|P35|P40|P43|P48|P9
3,3,segment_16,logistic_0.1,8,0.3409900592819879,P12|P20|P22|P34|P4|P44,P13|P19|P2|P21|P24|P26|P3|P30|P33|P35|P40|P43|P48|P9
3,3,segment_16,logistic_1,1,0.3407963090937654,P12|P20|P22|P34|P4|P44,P13|P19|P2|P21|P24|P26|P3|P30|P33|P35|P40|P43|P48|P9
3,3,segment_16,logistic_1,4,0.34186022090222773,P12|P20|P22|P34|P4|P44,P13|P19|P2|P21|P24|P26|P3|P30|P33|P35|P40|P43|P48|P9
3,3,segment_16,logistic_1,8,0.34015588531189084,P12|P20|P22|P34|P4|P44,P13|P19|P2|P21|P24|P26|P3|P30|P33|P35|P40|P43|P48|P9
3,3,segment_16,hgb,1,0.3161276213623244,P12|P20|P22|P34|P4|P44,P13|P19|P2|P21|P24|P26|P3|P30|P33|P35|P40|P43|P48|P9
3,3,segment_16,hgb,4,0.3228771086680024,P12|P20|P22|P34|P4|P44,P13|P19|P2|P21|P24|P26|P3|P30|P33|P35|P40|P43|P48|P9
3,3,segment_16,hgb,8,0.3276936044100531,P12|P20|P22|P34|P4|P44,P13|P19|P2|P21|P24|P26|P3|P30|P33|P35|P40|P43|P48|P9
3,3,segment_16,rbf,1,0.333538614887704,P12|P20|P22|P34|P4|P44,P13|P19|P2|P21|P24|P26|P3|P30|P33|P35|P40|P43|P48|P9
3,3,segment_16,rbf,4,0.3322359424614543,P12|P20|P22|P34|P4|P44,P13|P19|P2|P21|P24|P26|P3|P30|P33|P35|P40|P43|P48|P9
3,3,segment_16,rbf,8,0.32210340500045537,P12|P20|P22|P34|P4|P44,P13|P19|P2|P21|P24|P26|P3|P30|P33|P35|P40|P43|P48|P9
3,3,recording_4,logistic_0.01,1,0.33668759346367966,P12|P20|P22|P34|P4|P44,P13|P19|P2|P21|P24|P26|P3|P30|P33|P35|P40|P43|P48|P9
3,3,recording_4,logistic_0.01,4,0.3457094227984215,P12|P20|P22|P34|P4|P44,P13|P19|P2|P21|P24|P26|P3|P30|P33|P35|P40|P43|P48|P9
3,3,recording_4,logistic_0.01,8,0.349986593613822,P12|P20|P22|P34|P4|P44,P13|P19|P2|P21|P24|P26|P3|P30|P33|P35|P40|P43|P48|P9
3,3,recording_4,logistic_0.1,1,0.33949693200439346,P12|P20|P22|P34|P4|P44,P13|P19|P2|P21|P24|P26|P3|P30|P33|P35|P40|P43|P48|P9
3,3,recording_4,logistic_0.1,4,0.34606967672223893,P12|P20|P22|P34|P4|P44,P13|P19|P2|P21|P24|P26|P3|P30|P33|P35|P40|P43|P48|P9
3,3,recording_4,logistic_0.1,8,0.3492864225977677,P12|P20|P22|P34|P4|P44,P13|P19|P2|P21|P24|P26|P3|P30|P33|P35|P40|P43|P48|P9
3,3,recording_4,logistic_1,1,0.33995003570917465,P12|P20|P22|P34|P4|P44,P13|P19|P2|P21|P24|P26|P3|P30|P33|P35|P40|P43|P48|P9
3,3,recording_4,logistic_1,4,0.34543030079737874,P12|P20|P22|P34|P4|P44,P13|P19|P2|P21|P24|P26|P3|P30|P33|P35|P40|P43|P48|P9
3,3,recording_4,logistic_1,8,0.3465267795759807,P12|P20|P22|P34|P4|P44,P13|P19|P2|P21|P24|P26|P3|P30|P33|P35|P40|P43|P48|P9
3,3,recording_4,hgb,1,0.340447652067639,P12|P20|P22|P34|P4|P44,P13|P19|P2|P21|P24|P26|P3|P30|P33|P35|P40|P43|P48|P9
3,3,recording_4,hgb,4,0.34737312627145517,P12|P20|P22|P34|P4|P44,P13|P19|P2|P21|P24|P26|P3|P30|P33|P35|P40|P43|P48|P9
3,3,recording_4,hgb,8,0.3402695782965172,P12|P20|P22|P34|P4|P44,P13|P19|P2|P21|P24|P26|P3|P30|P33|P35|P40|P43|P48|P9
3,3,recording_4,rbf,1,0.3532362220171765,P12|P20|P22|P34|P4|P44,P13|P19|P2|P21|P24|P26|P3|P30|P33|P35|P40|P43|P48|P9
3,3,recording_4,rbf,4,0.3515078779512681,P12|P20|P22|P34|P4|P44,P13|P19|P2|P21|P24|P26|P3|P30|P33|P35|P40|P43|P48|P9
3,3,recording_4,rbf,8,0.3495061164871676,P12|P20|P22|P34|P4|P44,P13|P19|P2|P21|P24|P26|P3|P30|P33|P35|P40|P43|P48|P9
3,3,recording_8,logistic_0.01,1,0.3578911162459158,P12|P20|P22|P34|P4|P44,P13|P19|P2|P21|P24|P26|P3|P30|P33|P35|P40|P43|P48|P9
3,3,recording_8,logistic_0.01,4,0.35093491739368193,P12|P20|P22|P34|P4|P44,P13|P19|P2|P21|P24|P26|P3|P30|P33|P35|P40|P43|P48|P9
3,3,recording_8,logistic_0.01,8,0.3447504559400251,P12|P20|P22|P34|P4|P44,P13|P19|P2|P21|P24|P26|P3|P30|P33|P35|P40|P43|P48|P9
3,3,recording_8,logistic_0.1,1,0.3544073384712855,P12|P20|P22|P34|P4|P44,P13|P19|P2|P21|P24|P26|P3|P30|P33|P35|P40|P43|P48|P9
3,3,recording_8,logistic_0.1,4,0.3461357691673559,P12|P20|P22|P34|P4|P44,P13|P19|P2|P21|P24|P26|P3|P30|P33|P35|P40|P43|P48|P9
3,3,recording_8,logistic_0.1,8,0.34178768223424427,P12|P20|P22|P34|P4|P44,P13|P19|P2|P21|P24|P26|P3|P30|P33|P35|P40|P43|P48|P9
3,3,recording_8,logistic_1,1,0.3529010087343849,P12|P20|P22|P34|P4|P44,P13|P19|P2|P21|P24|P26|P3|P30|P33|P35|P40|P43|P48|P9
3,3,recording_8,logistic_1,4,0.34596364534592533,P12|P20|P22|P34|P4|P44,P13|P19|P2|P21|P24|P26|P3|P30|P33|P35|P40|P43|P48|P9
3,3,recording_8,logistic_1,8,0.34224520159192956,P12|P20|P22|P34|P4|P44,P13|P19|P2|P21|P24|P26|P3|P30|P33|P35|P40|P43|P48|P9
3,3,recording_8,hgb,1,0.31026272665042764,P12|P20|P22|P34|P4|P44,P13|P19|P2|P21|P24|P26|P3|P30|P33|P35|P40|P43|P48|P9
3,3,recording_8,hgb,4,0.32521774427974365,P12|P20|P22|P34|P4|P44,P13|P19|P2|P21|P24|P26|P3|P30|P33|P35|P40|P43|P48|P9
3,3,recording_8,hgb,8,0.32625726497524976,P12|P20|P22|P34|P4|P44,P13|P19|P2|P21|P24|P26|P3|P30|P33|P35|P40|P43|P48|P9
3,3,recording_8,rbf,1,0.34042197133787494,P12|P20|P22|P34|P4|P44,P13|P19|P2|P21|P24|P26|P3|P30|P33|P35|P40|P43|P48|P9
3,3,recording_8,rbf,4,0.34552879454935864,P12|P20|P22|P34|P4|P44,P13|P19|P2|P21|P24|P26|P3|P30|P33|P35|P40|P43|P48|P9
3,3,recording_8,rbf,8,0.34058556463953554,P12|P20|P22|P34|P4|P44,P13|P19|P2|P21|P24|P26|P3|P30|P33|P35|P40|P43|P48|P9
3,3,recording_16,logistic_0.01,1,0.34183884324369657,P12|P20|P22|P34|P4|P44,P13|P19|P2|P21|P24|P26|P3|P30|P33|P35|P40|P43|P48|P9
3,3,recording_16,logistic_0.01,4,0.342255632068541,P12|P20|P22|P34|P4|P44,P13|P19|P2|P21|P24|P26|P3|P30|P33|P35|P40|P43|P48|P9
3,3,recording_16,logistic_0.01,8,0.3441496471841612,P12|P20|P22|P34|P4|P44,P13|P19|P2|P21|P24|P26|P3|P30|P33|P35|P40|P43|P48|P9
3,3,recording_16,logistic_0.1,1,0.3434699772533732,P12|P20|P22|P34|P4|P44,P13|P19|P2|P21|P24|P26|P3|P30|P33|P35|P40|P43|P48|P9
3,3,recording_16,logistic_0.1,4,0.34308526433895703,P12|P20|P22|P34|P4|P44,P13|P19|P2|P21|P24|P26|P3|P30|P33|P35|P40|P43|P48|P9
3,3,recording_16,logistic_0.1,8,0.3409900592819879,P12|P20|P22|P34|P4|P44,P13|P19|P2|P21|P24|P26|P3|P30|P33|P35|P40|P43|P48|P9
3,3,recording_16,logistic_1,1,0.3407963090937654,P12|P20|P22|P34|P4|P44,P13|P19|P2|P21|P24|P26|P3|P30|P33|P35|P40|P43|P48|P9
3,3,recording_16,logistic_1,4,0.34186022090222773,P12|P20|P22|P34|P4|P44,P13|P19|P2|P21|P24|P26|P3|P30|P33|P35|P40|P43|P48|P9
3,3,recording_16,logistic_1,8,0.34015588531189084,P12|P20|P22|P34|P4|P44,P13|P19|P2|P21|P24|P26|P3|P30|P33|P35|P40|P43|P48|P9
3,3,recording_16,hgb,1,0.3161276213623244,P12|P20|P22|P34|P4|P44,P13|P19|P2|P21|P24|P26|P3|P30|P33|P35|P40|P43|P48|P9
3,3,recording_16,hgb,4,0.3228771086680024,P12|P20|P22|P34|P4|P44,P13|P19|P2|P21|P24|P26|P3|P30|P33|P35|P40|P43|P48|P9
3,3,recording_16,hgb,8,0.3276936044100531,P12|P20|P22|P34|P4|P44,P13|P19|P2|P21|P24|P26|P3|P30|P33|P35|P40|P43|P48|P9
3,3,recording_16,rbf,1,0.333538614887704,P12|P20|P22|P34|P4|P44,P13|P19|P2|P21|P24|P26|P3|P30|P33|P35|P40|P43|P48|P9
3,3,recording_16,rbf,4,0.3322359424614543,P12|P20|P22|P34|P4|P44,P13|P19|P2|P21|P24|P26|P3|P30|P33|P35|P40|P43|P48|P9
3,3,recording_16,rbf,8,0.32210340500045537,P12|P20|P22|P34|P4|P44,P13|P19|P2|P21|P24|P26|P3|P30|P33|P35|P40|P43|P48|P9
4,1,current,logistic_0.01,1,0.34636123154507137,P12|P26|P27|P35|P40|P44|P8,P13|P18|P19|P2|P21|P22|P24|P30|P34|P36|P43|P46|P48
4,1,current,logistic_0.01,4,0.3561913116641565,P12|P26|P27|P35|P40|P44|P8,P13|P18|P19|P2|P21|P22|P24|P30|P34|P36|P43|P46|P48
4,1,current,logistic_0.01,8,0.35922607417188723,P12|P26|P27|P35|P40|P44|P8,P13|P18|P19|P2|P21|P22|P24|P30|P34|P36|P43|P46|P48
4,1,current,logistic_0.1,1,0.3511794617344422,P12|P26|P27|P35|P40|P44|P8,P13|P18|P19|P2|P21|P22|P24|P30|P34|P36|P43|P46|P48
4,1,current,logistic_0.1,4,0.35396677024267226,P12|P26|P27|P35|P40|P44|P8,P13|P18|P19|P2|P21|P22|P24|P30|P34|P36|P43|P46|P48
4,1,current,logistic_0.1,8,0.3565152405102416,P12|P26|P27|P35|P40|P44|P8,P13|P18|P19|P2|P21|P22|P24|P30|P34|P36|P43|P46|P48
4,1,current,logistic_1,1,0.34990342807065217,P12|P26|P27|P35|P40|P44|P8,P13|P18|P19|P2|P21|P22|P24|P30|P34|P36|P43|P46|P48
4,1,current,logistic_1,4,0.3562498057352653,P12|P26|P27|P35|P40|P44|P8,P13|P18|P19|P2|P21|P22|P24|P30|P34|P36|P43|P46|P48
4,1,current,logistic_1,8,0.3579887708324273,P12|P26|P27|P35|P40|P44|P8,P13|P18|P19|P2|P21|P22|P24|P30|P34|P36|P43|P46|P48
4,1,current,hgb,1,0.3417947086454757,P12|P26|P27|P35|P40|P44|P8,P13|P18|P19|P2|P21|P22|P24|P30|P34|P36|P43|P46|P48
4,1,current,hgb,4,0.34335722665451046,P12|P26|P27|P35|P40|P44|P8,P13|P18|P19|P2|P21|P22|P24|P30|P34|P36|P43|P46|P48
4,1,current,hgb,8,0.329539329053516,P12|P26|P27|P35|P40|P44|P8,P13|P18|P19|P2|P21|P22|P24|P30|P34|P36|P43|P46|P48
4,1,current,rbf,1,0.3343824743249413,P12|P26|P27|P35|P40|P44|P8,P13|P18|P19|P2|P21|P22|P24|P30|P34|P36|P43|P46|P48
4,1,current,rbf,4,0.3390391595808081,P12|P26|P27|P35|P40|P44|P8,P13|P18|P19|P2|P21|P22|P24|P30|P34|P36|P43|P46|P48
4,1,current,rbf,8,0.332392769983519,P12|P26|P27|P35|P40|P44|P8,P13|P18|P19|P2|P21|P22|P24|P30|P34|P36|P43|P46|P48
4,1,segment_4,logistic_0.01,1,0.36310402173164064,P12|P26|P27|P35|P40|P44|P8,P13|P18|P19|P2|P21|P22|P24|P30|P34|P36|P43|P46|P48
4,1,segment_4,logistic_0.01,4,0.36673891792210916,P12|P26|P27|P35|P40|P44|P8,P13|P18|P19|P2|P21|P22|P24|P30|P34|P36|P43|P46|P48
4,1,segment_4,logistic_0.01,8,0.363790832660332,P12|P26|P27|P35|P40|P44|P8,P13|P18|P19|P2|P21|P22|P24|P30|P34|P36|P43|P46|P48
4,1,segment_4,logistic_0.1,1,0.36316498918193857,P12|P26|P27|P35|P40|P44|P8,P13|P18|P19|P2|P21|P22|P24|P30|P34|P36|P43|P46|P48
4,1,segment_4,logistic_0.1,4,0.36827130253802176,P12|P26|P27|P35|P40|P44|P8,P13|P18|P19|P2|P21|P22|P24|P30|P34|P36|P43|P46|P48
4,1,segment_4,logistic_0.1,8,0.3646941554000326,P12|P26|P27|P35|P40|P44|P8,P13|P18|P19|P2|P21|P22|P24|P30|P34|P36|P43|P46|P48
4,1,segment_4,logistic_1,1,0.3624326812034476,P12|P26|P27|P35|P40|P44|P8,P13|P18|P19|P2|P21|P22|P24|P30|P34|P36|P43|P46|P48
4,1,segment_4,logistic_1,4,0.3664294121461734,P12|P26|P27|P35|P40|P44|P8,P13|P18|P19|P2|P21|P22|P24|P30|P34|P36|P43|P46|P48
4,1,segment_4,logistic_1,8,0.3644454872746742,P12|P26|P27|P35|P40|P44|P8,P13|P18|P19|P2|P21|P22|P24|P30|P34|P36|P43|P46|P48
4,1,segment_4,hgb,1,0.3436863879296729,P12|P26|P27|P35|P40|P44|P8,P13|P18|P19|P2|P21|P22|P24|P30|P34|P36|P43|P46|P48
4,1,segment_4,hgb,4,0.3447358835169455,P12|P26|P27|P35|P40|P44|P8,P13|P18|P19|P2|P21|P22|P24|P30|P34|P36|P43|P46|P48
4,1,segment_4,hgb,8,0.3417358981860043,P12|P26|P27|P35|P40|P44|P8,P13|P18|P19|P2|P21|P22|P24|P30|P34|P36|P43|P46|P48
4,1,segment_4,rbf,1,0.328044272591893,P12|P26|P27|P35|P40|P44|P8,P13|P18|P19|P2|P21|P22|P24|P30|P34|P36|P43|P46|P48
4,1,segment_4,rbf,4,0.33702496299891793,P12|P26|P27|P35|P40|P44|P8,P13|P18|P19|P2|P21|P22|P24|P30|P34|P36|P43|P46|P48
4,1,segment_4,rbf,8,0.33166210548514247,P12|P26|P27|P35|P40|P44|P8,P13|P18|P19|P2|P21|P22|P24|P30|P34|P36|P43|P46|P48
4,1,segment_8,logistic_0.01,1,0.357624229852559,P12|P26|P27|P35|P40|P44|P8,P13|P18|P19|P2|P21|P22|P24|P30|P34|P36|P43|P46|P48
4,1,segment_8,logistic_0.01,4,0.36113995885903727,P12|P26|P27|P35|P40|P44|P8,P13|P18|P19|P2|P21|P22|P24|P30|P34|P36|P43|P46|P48
4,1,segment_8,logistic_0.01,8,0.36527228961509206,P12|P26|P27|P35|P40|P44|P8,P13|P18|P19|P2|P21|P22|P24|P30|P34|P36|P43|P46|P48
4,1,segment_8,logistic_0.1,1,0.36195013557859357,P12|P26|P27|P35|P40|P44|P8,P13|P18|P19|P2|P21|P22|P24|P30|P34|P36|P43|P46|P48
4,1,segment_8,logistic_0.1,4,0.35998056965879327,P12|P26|P27|P35|P40|P44|P8,P13|P18|P19|P2|P21|P22|P24|P30|P34|P36|P43|P46|P48
4,1,segment_8,logistic_0.1,8,0.3635410573041623,P12|P26|P27|P35|P40|P44|P8,P13|P18|P19|P2|P21|P22|P24|P30|P34|P36|P43|P46|P48
4,1,segment_8,logistic_1,1,0.36156476910422175,P12|P26|P27|P35|P40|P44|P8,P13|P18|P19|P2|P21|P22|P24|P30|P34|P36|P43|P46|P48
4,1,segment_8,logistic_1,4,0.3619851952605266,P12|P26|P27|P35|P40|P44|P8,P13|P18|P19|P2|P21|P22|P24|P30|P34|P36|P43|P46|P48
4,1,segment_8,logistic_1,8,0.36368210438863013,P12|P26|P27|P35|P40|P44|P8,P13|P18|P19|P2|P21|P22|P24|P30|P34|P36|P43|P46|P48
4,1,segment_8,hgb,1,0.34559008080601783,P12|P26|P27|P35|P40|P44|P8,P13|P18|P19|P2|P21|P22|P24|P30|P34|P36|P43|P46|P48
4,1,segment_8,hgb,4,0.34479430547297174,P12|P26|P27|P35|P40|P44|P8,P13|P18|P19|P2|P21|P22|P24|P30|P34|P36|P43|P46|P48
4,1,segment_8,hgb,8,0.34306520975032845,P12|P26|P27|P35|P40|P44|P8,P13|P18|P19|P2|P21|P22|P24|P30|P34|P36|P43|P46|P48
4,1,segment_8,rbf,1,0.3368663767767694,P12|P26|P27|P35|P40|P44|P8,P13|P18|P19|P2|P21|P22|P24|P30|P34|P36|P43|P46|P48
4,1,segment_8,rbf,4,0.3366543397553538,P12|P26|P27|P35|P40|P44|P8,P13|P18|P19|P2|P21|P22|P24|P30|P34|P36|P43|P46|P48
4,1,segment_8,rbf,8,0.3349214546185784,P12|P26|P27|P35|P40|P44|P8,P13|P18|P19|P2|P21|P22|P24|P30|P34|P36|P43|P46|P48
4,1,segment_16,logistic_0.01,1,0.3516505952267292,P12|P26|P27|P35|P40|P44|P8,P13|P18|P19|P2|P21|P22|P24|P30|P34|P36|P43|P46|P48
4,1,segment_16,logistic_0.01,4,0.35198911032388785,P12|P26|P27|P35|P40|P44|P8,P13|P18|P19|P2|P21|P22|P24|P30|P34|P36|P43|P46|P48
4,1,segment_16,logistic_0.01,8,0.3551949028832386,P12|P26|P27|P35|P40|P44|P8,P13|P18|P19|P2|P21|P22|P24|P30|P34|P36|P43|P46|P48
4,1,segment_16,logistic_0.1,1,0.3496562742396283,P12|P26|P27|P35|P40|P44|P8,P13|P18|P19|P2|P21|P22|P24|P30|P34|P36|P43|P46|P48
4,1,segment_16,logistic_0.1,4,0.3538077378409415,P12|P26|P27|P35|P40|P44|P8,P13|P18|P19|P2|P21|P22|P24|P30|P34|P36|P43|P46|P48
4,1,segment_16,logistic_0.1,8,0.36140740382587166,P12|P26|P27|P35|P40|P44|P8,P13|P18|P19|P2|P21|P22|P24|P30|P34|P36|P43|P46|P48
4,1,segment_16,logistic_1,1,0.35363694375462645,P12|P26|P27|P35|P40|P44|P8,P13|P18|P19|P2|P21|P22|P24|P30|P34|P36|P43|P46|P48
4,1,segment_16,logistic_1,4,0.35642670022280537,P12|P26|P27|P35|P40|P44|P8,P13|P18|P19|P2|P21|P22|P24|P30|P34|P36|P43|P46|P48
4,1,segment_16,logistic_1,8,0.3649954508331975,P12|P26|P27|P35|P40|P44|P8,P13|P18|P19|P2|P21|P22|P24|P30|P34|P36|P43|P46|P48
4,1,segment_16,hgb,1,0.3274847933765287,P12|P26|P27|P35|P40|P44|P8,P13|P18|P19|P2|P21|P22|P24|P30|P34|P36|P43|P46|P48
4,1,segment_16,hgb,4,0.34070410156324027,P12|P26|P27|P35|P40|P44|P8,P13|P18|P19|P2|P21|P22|P24|P30|P34|P36|P43|P46|P48
4,1,segment_16,hgb,8,0.3429482905647209,P12|P26|P27|P35|P40|P44|P8,P13|P18|P19|P2|P21|P22|P24|P30|P34|P36|P43|P46|P48
4,1,segment_16,rbf,1,0.3298251597790621,P12|P26|P27|P35|P40|P44|P8,P13|P18|P19|P2|P21|P22|P24|P30|P34|P36|P43|P46|P48
4,1,segment_16,rbf,4,0.33249495933106427,P12|P26|P27|P35|P40|P44|P8,P13|P18|P19|P2|P21|P22|P24|P30|P34|P36|P43|P46|P48
4,1,segment_16,rbf,8,0.33207649627817787,P12|P26|P27|P35|P40|P44|P8,P13|P18|P19|P2|P21|P22|P24|P30|P34|P36|P43|P46|P48
4,1,recording_4,logistic_0.01,1,0.36310402173164064,P12|P26|P27|P35|P40|P44|P8,P13|P18|P19|P2|P21|P22|P24|P30|P34|P36|P43|P46|P48
4,1,recording_4,logistic_0.01,4,0.36673891792210916,P12|P26|P27|P35|P40|P44|P8,P13|P18|P19|P2|P21|P22|P24|P30|P34|P36|P43|P46|P48
4,1,recording_4,logistic_0.01,8,0.363790832660332,P12|P26|P27|P35|P40|P44|P8,P13|P18|P19|P2|P21|P22|P24|P30|P34|P36|P43|P46|P48
4,1,recording_4,logistic_0.1,1,0.36316498918193857,P12|P26|P27|P35|P40|P44|P8,P13|P18|P19|P2|P21|P22|P24|P30|P34|P36|P43|P46|P48
4,1,recording_4,logistic_0.1,4,0.36827130253802176,P12|P26|P27|P35|P40|P44|P8,P13|P18|P19|P2|P21|P22|P24|P30|P34|P36|P43|P46|P48
4,1,recording_4,logistic_0.1,8,0.3646941554000326,P12|P26|P27|P35|P40|P44|P8,P13|P18|P19|P2|P21|P22|P24|P30|P34|P36|P43|P46|P48
4,1,recording_4,logistic_1,1,0.3624326812034476,P12|P26|P27|P35|P40|P44|P8,P13|P18|P19|P2|P21|P22|P24|P30|P34|P36|P43|P46|P48
4,1,recording_4,logistic_1,4,0.3664294121461734,P12|P26|P27|P35|P40|P44|P8,P13|P18|P19|P2|P21|P22|P24|P30|P34|P36|P43|P46|P48
4,1,recording_4,logistic_1,8,0.3644454872746742,P12|P26|P27|P35|P40|P44|P8,P13|P18|P19|P2|P21|P22|P24|P30|P34|P36|P43|P46|P48
4,1,recording_4,hgb,1,0.3436863879296729,P12|P26|P27|P35|P40|P44|P8,P13|P18|P19|P2|P21|P22|P24|P30|P34|P36|P43|P46|P48
4,1,recording_4,hgb,4,0.3447358835169455,P12|P26|P27|P35|P40|P44|P8,P13|P18|P19|P2|P21|P22|P24|P30|P34|P36|P43|P46|P48
4,1,recording_4,hgb,8,0.3417358981860043,P12|P26|P27|P35|P40|P44|P8,P13|P18|P19|P2|P21|P22|P24|P30|P34|P36|P43|P46|P48
4,1,recording_4,rbf,1,0.328044272591893,P12|P26|P27|P35|P40|P44|P8,P13|P18|P19|P2|P21|P22|P24|P30|P34|P36|P43|P46|P48
4,1,recording_4,rbf,4,0.33702496299891793,P12|P26|P27|P35|P40|P44|P8,P13|P18|P19|P2|P21|P22|P24|P30|P34|P36|P43|P46|P48
4,1,recording_4,rbf,8,0.33166210548514247,P12|P26|P27|P35|P40|P44|P8,P13|P18|P19|P2|P21|P22|P24|P30|P34|P36|P43|P46|P48
4,1,recording_8,logistic_0.01,1,0.357624229852559,P12|P26|P27|P35|P40|P44|P8,P13|P18|P19|P2|P21|P22|P24|P30|P34|P36|P43|P46|P48
4,1,recording_8,logistic_0.01,4,0.36113995885903727,P12|P26|P27|P35|P40|P44|P8,P13|P18|P19|P2|P21|P22|P24|P30|P34|P36|P43|P46|P48
4,1,recording_8,logistic_0.01,8,0.36527228961509206,P12|P26|P27|P35|P40|P44|P8,P13|P18|P19|P2|P21|P22|P24|P30|P34|P36|P43|P46|P48
4,1,recording_8,logistic_0.1,1,0.36195013557859357,P12|P26|P27|P35|P40|P44|P8,P13|P18|P19|P2|P21|P22|P24|P30|P34|P36|P43|P46|P48
4,1,recording_8,logistic_0.1,4,0.35998056965879327,P12|P26|P27|P35|P40|P44|P8,P13|P18|P19|P2|P21|P22|P24|P30|P34|P36|P43|P46|P48
4,1,recording_8,logistic_0.1,8,0.3635410573041623,P12|P26|P27|P35|P40|P44|P8,P13|P18|P19|P2|P21|P22|P24|P30|P34|P36|P43|P46|P48
4,1,recording_8,logistic_1,1,0.36156476910422175,P12|P26|P27|P35|P40|P44|P8,P13|P18|P19|P2|P21|P22|P24|P30|P34|P36|P43|P46|P48
4,1,recording_8,logistic_1,4,0.3619851952605266,P12|P26|P27|P35|P40|P44|P8,P13|P18|P19|P2|P21|P22|P24|P30|P34|P36|P43|P46|P48
4,1,recording_8,logistic_1,8,0.36368210438863013,P12|P26|P27|P35|P40|P44|P8,P13|P18|P19|P2|P21|P22|P24|P30|P34|P36|P43|P46|P48
4,1,recording_8,hgb,1,0.34559008080601783,P12|P26|P27|P35|P40|P44|P8,P13|P18|P19|P2|P21|P22|P24|P30|P34|P36|P43|P46|P48
4,1,recording_8,hgb,4,0.34479430547297174,P12|P26|P27|P35|P40|P44|P8,P13|P18|P19|P2|P21|P22|P24|P30|P34|P36|P43|P46|P48
4,1,recording_8,hgb,8,0.34306520975032845,P12|P26|P27|P35|P40|P44|P8,P13|P18|P19|P2|P21|P22|P24|P30|P34|P36|P43|P46|P48
4,1,recording_8,rbf,1,0.3368663767767694,P12|P26|P27|P35|P40|P44|P8,P13|P18|P19|P2|P21|P22|P24|P30|P34|P36|P43|P46|P48
4,1,recording_8,rbf,4,0.3366543397553538,P12|P26|P27|P35|P40|P44|P8,P13|P18|P19|P2|P21|P22|P24|P30|P34|P36|P43|P46|P48
4,1,recording_8,rbf,8,0.3349214546185784,P12|P26|P27|P35|P40|P44|P8,P13|P18|P19|P2|P21|P22|P24|P30|P34|P36|P43|P46|P48
4,1,recording_16,logistic_0.01,1,0.3516505952267292,P12|P26|P27|P35|P40|P44|P8,P13|P18|P19|P2|P21|P22|P24|P30|P34|P36|P43|P46|P48
4,1,recording_16,logistic_0.01,4,0.35198911032388785,P12|P26|P27|P35|P40|P44|P8,P13|P18|P19|P2|P21|P22|P24|P30|P34|P36|P43|P46|P48
4,1,recording_16,logistic_0.01,8,0.3551949028832386,P12|P26|P27|P35|P40|P44|P8,P13|P18|P19|P2|P21|P22|P24|P30|P34|P36|P43|P46|P48
4,1,recording_16,logistic_0.1,1,0.3496562742396283,P12|P26|P27|P35|P40|P44|P8,P13|P18|P19|P2|P21|P22|P24|P30|P34|P36|P43|P46|P48
4,1,recording_16,logistic_0.1,4,0.3538077378409415,P12|P26|P27|P35|P40|P44|P8,P13|P18|P19|P2|P21|P22|P24|P30|P34|P36|P43|P46|P48
4,1,recording_16,logistic_0.1,8,0.36140740382587166,P12|P26|P27|P35|P40|P44|P8,P13|P18|P19|P2|P21|P22|P24|P30|P34|P36|P43|P46|P48
4,1,recording_16,logistic_1,1,0.35363694375462645,P12|P26|P27|P35|P40|P44|P8,P13|P18|P19|P2|P21|P22|P24|P30|P34|P36|P43|P46|P48
4,1,recording_16,logistic_1,4,0.35642670022280537,P12|P26|P27|P35|P40|P44|P8,P13|P18|P19|P2|P21|P22|P24|P30|P34|P36|P43|P46|P48
4,1,recording_16,logistic_1,8,0.3649954508331975,P12|P26|P27|P35|P40|P44|P8,P13|P18|P19|P2|P21|P22|P24|P30|P34|P36|P43|P46|P48
4,1,recording_16,hgb,1,0.3274847933765287,P12|P26|P27|P35|P40|P44|P8,P13|P18|P19|P2|P21|P22|P24|P30|P34|P36|P43|P46|P48
4,1,recording_16,hgb,4,0.34070410156324027,P12|P26|P27|P35|P40|P44|P8,P13|P18|P19|P2|P21|P22|P24|P30|P34|P36|P43|P46|P48
4,1,recording_16,hgb,8,0.3429482905647209,P12|P26|P27|P35|P40|P44|P8,P13|P18|P19|P2|P21|P22|P24|P30|P34|P36|P43|P46|P48
4,1,recording_16,rbf,1,0.3298251597790621,P12|P26|P27|P35|P40|P44|P8,P13|P18|P19|P2|P21|P22|P24|P30|P34|P36|P43|P46|P48
4,1,recording_16,rbf,4,0.33249495933106427,P12|P26|P27|P35|P40|P44|P8,P13|P18|P19|P2|P21|P22|P24|P30|P34|P36|P43|P46|P48
4,1,recording_16,rbf,8,0.33207649627817787,P12|P26|P27|P35|P40|P44|P8,P13|P18|P19|P2|P21|P22|P24|P30|P34|P36|P43|P46|P48
4,2,current,logistic_0.01,1,0.33617348762548477,P13|P19|P2|P24|P30|P43|P48,P12|P18|P21|P22|P26|P27|P34|P35|P36|P40|P44|P46|P8
4,2,current,logistic_0.01,4,0.3337130236167719,P13|P19|P2|P24|P30|P43|P48,P12|P18|P21|P22|P26|P27|P34|P35|P36|P40|P44|P46|P8
4,2,current,logistic_0.01,8,0.33684327157771227,P13|P19|P2|P24|P30|P43|P48,P12|P18|P21|P22|P26|P27|P34|P35|P36|P40|P44|P46|P8
4,2,current,logistic_0.1,1,0.3391450617977258,P13|P19|P2|P24|P30|P43|P48,P12|P18|P21|P22|P26|P27|P34|P35|P36|P40|P44|P46|P8
4,2,current,logistic_0.1,4,0.33242447653629276,P13|P19|P2|P24|P30|P43|P48,P12|P18|P21|P22|P26|P27|P34|P35|P36|P40|P44|P46|P8
4,2,current,logistic_0.1,8,0.3329911846777417,P13|P19|P2|P24|P30|P43|P48,P12|P18|P21|P22|P26|P27|P34|P35|P36|P40|P44|P46|P8
4,2,current,logistic_1,1,0.33889125877935417,P13|P19|P2|P24|P30|P43|P48,P12|P18|P21|P22|P26|P27|P34|P35|P36|P40|P44|P46|P8
4,2,current,logistic_1,4,0.3307039947249345,P13|P19|P2|P24|P30|P43|P48,P12|P18|P21|P22|P26|P27|P34|P35|P36|P40|P44|P46|P8
4,2,current,logistic_1,8,0.3334930063178499,P13|P19|P2|P24|P30|P43|P48,P12|P18|P21|P22|P26|P27|P34|P35|P36|P40|P44|P46|P8
4,2,current,hgb,1,0.349410640668484,P13|P19|P2|P24|P30|P43|P48,P12|P18|P21|P22|P26|P27|P34|P35|P36|P40|P44|P46|P8
4,2,current,hgb,4,0.3598903869198092,P13|P19|P2|P24|P30|P43|P48,P12|P18|P21|P22|P26|P27|P34|P35|P36|P40|P44|P46|P8
4,2,current,hgb,8,0.36587004394366274,P13|P19|P2|P24|P30|P43|P48,P12|P18|P21|P22|P26|P27|P34|P35|P36|P40|P44|P46|P8
4,2,current,rbf,1,0.3521973686744095,P13|P19|P2|P24|P30|P43|P48,P12|P18|P21|P22|P26|P27|P34|P35|P36|P40|P44|P46|P8
4,2,current,rbf,4,0.361093111165079,P13|P19|P2|P24|P30|P43|P48,P12|P18|P21|P22|P26|P27|P34|P35|P36|P40|P44|P46|P8
4,2,current,rbf,8,0.3581738719310045,P13|P19|P2|P24|P30|P43|P48,P12|P18|P21|P22|P26|P27|P34|P35|P36|P40|P44|P46|P8
4,2,segment_4,logistic_0.01,1,0.33443097267399385,P13|P19|P2|P24|P30|P43|P48,P12|P18|P21|P22|P26|P27|P34|P35|P36|P40|P44|P46|P8
4,2,segment_4,logistic_0.01,4,0.34042113436094096,P13|P19|P2|P24|P30|P43|P48,P12|P18|P21|P22|P26|P27|P34|P35|P36|P40|P44|P46|P8
4,2,segment_4,logistic_0.01,8,0.3532114614121085,P13|P19|P2|P24|P30|P43|P48,P12|P18|P21|P22|P26|P27|P34|P35|P36|P40|P44|P46|P8
4,2,segment_4,logistic_0.1,1,0.3321213460142083,P13|P19|P2|P24|P30|P43|P48,P12|P18|P21|P22|P26|P27|P34|P35|P36|P40|P44|P46|P8
4,2,segment_4,logistic_0.1,4,0.3353554195022636,P13|P19|P2|P24|P30|P43|P48,P12|P18|P21|P22|P26|P27|P34|P35|P36|P40|P44|P46|P8
4,2,segment_4,logistic_0.1,8,0.3484676507644706,P13|P19|P2|P24|P30|P43|P48,P12|P18|P21|P22|P26|P27|P34|P35|P36|P40|P44|P46|P8
4,2,segment_4,logistic_1,1,0.3316943527213207,P13|P19|P2|P24|P30|P43|P48,P12|P18|P21|P22|P26|P27|P34|P35|P36|P40|P44|P46|P8
4,2,segment_4,logistic_1,4,0.332640677865378,P13|P19|P2|P24|P30|P43|P48,P12|P18|P21|P22|P26|P27|P34|P35|P36|P40|P44|P46|P8
4,2,segment_4,logistic_1,8,0.34707615630234745,P13|P19|P2|P24|P30|P43|P48,P12|P18|P21|P22|P26|P27|P34|P35|P36|P40|P44|P46|P8
4,2,segment_4,hgb,1,0.34865367172843004,P13|P19|P2|P24|P30|P43|P48,P12|P18|P21|P22|P26|P27|P34|P35|P36|P40|P44|P46|P8
4,2,segment_4,hgb,4,0.3453108686356608,P13|P19|P2|P24|P30|P43|P48,P12|P18|P21|P22|P26|P27|P34|P35|P36|P40|P44|P46|P8
4,2,segment_4,hgb,8,0.3471038128119597,P13|P19|P2|P24|P30|P43|P48,P12|P18|P21|P22|P26|P27|P34|P35|P36|P40|P44|P46|P8
4,2,segment_4,rbf,1,0.3391077773100341,P13|P19|P2|P24|P30|P43|P48,P12|P18|P21|P22|P26|P27|P34|P35|P36|P40|P44|P46|P8
4,2,segment_4,rbf,4,0.34768017674344653,P13|P19|P2|P24|P30|P43|P48,P12|P18|P21|P22|P26|P27|P34|P35|P36|P40|P44|P46|P8
4,2,segment_4,rbf,8,0.34535104535184447,P13|P19|P2|P24|P30|P43|P48,P12|P18|P21|P22|P26|P27|P34|P35|P36|P40|P44|P46|P8
4,2,segment_8,logistic_0.01,1,0.329015119410943,P13|P19|P2|P24|P30|P43|P48,P12|P18|P21|P22|P26|P27|P34|P35|P36|P40|P44|P46|P8
4,2,segment_8,logistic_0.01,4,0.33303380235196184,P13|P19|P2|P24|P30|P43|P48,P12|P18|P21|P22|P26|P27|P34|P35|P36|P40|P44|P46|P8
4,2,segment_8,logistic_0.01,8,0.3313989017957635,P13|P19|P2|P24|P30|P43|P48,P12|P18|P21|P22|P26|P27|P34|P35|P36|P40|P44|P46|P8
4,2,segment_8,logistic_0.1,1,0.32553430929244104,P13|P19|P2|P24|P30|P43|P48,P12|P18|P21|P22|P26|P27|P34|P35|P36|P40|P44|P46|P8
4,2,segment_8,logistic_0.1,4,0.33353381184393693,P13|P19|P2|P24|P30|P43|P48,P12|P18|P21|P22|P26|P27|P34|P35|P36|P40|P44|P46|P8
4,2,segment_8,logistic_0.1,8,0.33245793050283595,P13|P19|P2|P24|P30|P43|P48,P12|P18|P21|P22|P26|P27|P34|P35|P36|P40|P44|P46|P8
4,2,segment_8,logistic_1,1,0.32675203031295486,P13|P19|P2|P24|P30|P43|P48,P12|P18|P21|P22|P26|P27|P34|P35|P36|P40|P44|P46|P8
4,2,segment_8,logistic_1,4,0.33424433182745833,P13|P19|P2|P24|P30|P43|P48,P12|P18|P21|P22|P26|P27|P34|P35|P36|P40|P44|P46|P8
4,2,segment_8,logistic_1,8,0.3361474526709691,P13|P19|P2|P24|P30|P43|P48,P12|P18|P21|P22|P26|P27|P34|P35|P36|P40|P44|P46|P8
4,2,segment_8,hgb,1,0.3224256604607133,P13|P19|P2|P24|P30|P43|P48,P12|P18|P21|P22|P26|P27|P34|P35|P36|P40|P44|P46|P8
4,2,segment_8,hgb,4,0.3343161780498806,P13|P19|P2|P24|P30|P43|P48,P12|P18|P21|P22|P26|P27|P34|P35|P36|P40|P44|P46|P8
4,2,segment_8,hgb,8,0.34244992626387616,P13|P19|P2|P24|P30|P43|P48,P12|P18|P21|P22|P26|P27|P34|P35|P36|P40|P44|P46|P8
4,2,segment_8,rbf,1,0.3528565336192543,P13|P19|P2|P24|P30|P43|P48,P12|P18|P21|P22|P26|P27|P34|P35|P36|P40|P44|P46|P8
4,2,segment_8,rbf,4,0.35305513373984887,P13|P19|P2|P24|P30|P43|P48,P12|P18|P21|P22|P26|P27|P34|P35|P36|P40|P44|P46|P8
4,2,segment_8,rbf,8,0.3478713560634512,P13|P19|P2|P24|P30|P43|P48,P12|P18|P21|P22|P26|P27|P34|P35|P36|P40|P44|P46|P8
4,2,segment_16,logistic_0.01,1,0.31529010256504547,P13|P19|P2|P24|P30|P43|P48,P12|P18|P21|P22|P26|P27|P34|P35|P36|P40|P44|P46|P8
4,2,segment_16,logistic_0.01,4,0.3203017566275933,P13|P19|P2|P24|P30|P43|P48,P12|P18|P21|P22|P26|P27|P34|P35|P36|P40|P44|P46|P8
4,2,segment_16,logistic_0.01,8,0.32914981876203486,P13|P19|P2|P24|P30|P43|P48,P12|P18|P21|P22|P26|P27|P34|P35|P36|P40|P44|P46|P8
4,2,segment_16,logistic_0.1,1,0.31243824447348356,P13|P19|P2|P24|P30|P43|P48,P12|P18|P21|P22|P26|P27|P34|P35|P36|P40|P44|P46|P8
4,2,segment_16,logistic_0.1,4,0.31453478388074163,P13|P19|P2|P24|P30|P43|P48,P12|P18|P21|P22|P26|P27|P34|P35|P36|P40|P44|P46|P8
4,2,segment_16,logistic_0.1,8,0.3155193085935811,P13|P19|P2|P24|P30|P43|P48,P12|P18|P21|P22|P26|P27|P34|P35|P36|P40|P44|P46|P8
4,2,segment_16,logistic_1,1,0.31905524244427913,P13|P19|P2|P24|P30|P43|P48,P12|P18|P21|P22|P26|P27|P34|P35|P36|P40|P44|P46|P8
4,2,segment_16,logistic_1,4,0.3166472729484039,P13|P19|P2|P24|P30|P43|P48,P12|P18|P21|P22|P26|P27|P34|P35|P36|P40|P44|P46|P8
4,2,segment_16,logistic_1,8,0.3195397791919425,P13|P19|P2|P24|P30|P43|P48,P12|P18|P21|P22|P26|P27|P34|P35|P36|P40|P44|P46|P8
4,2,segment_16,hgb,1,0.3134482456115998,P13|P19|P2|P24|P30|P43|P48,P12|P18|P21|P22|P26|P27|P34|P35|P36|P40|P44|P46|P8
4,2,segment_16,hgb,4,0.3187875744036098,P13|P19|P2|P24|P30|P43|P48,P12|P18|P21|P22|P26|P27|P34|P35|P36|P40|P44|P46|P8
4,2,segment_16,hgb,8,0.32140170266965995,P13|P19|P2|P24|P30|P43|P48,P12|P18|P21|P22|P26|P27|P34|P35|P36|P40|P44|P46|P8
4,2,segment_16,rbf,1,0.3306473778341718,P13|P19|P2|P24|P30|P43|P48,P12|P18|P21|P22|P26|P27|P34|P35|P36|P40|P44|P46|P8
4,2,segment_16,rbf,4,0.3370626051442554,P13|P19|P2|P24|P30|P43|P48,P12|P18|P21|P22|P26|P27|P34|P35|P36|P40|P44|P46|P8
4,2,segment_16,rbf,8,0.3363250604250568,P13|P19|P2|P24|P30|P43|P48,P12|P18|P21|P22|P26|P27|P34|P35|P36|P40|P44|P46|P8
4,2,recording_4,logistic_0.01,1,0.33443097267399385,P13|P19|P2|P24|P30|P43|P48,P12|P18|P21|P22|P26|P27|P34|P35|P36|P40|P44|P46|P8
4,2,recording_4,logistic_0.01,4,0.34042113436094096,P13|P19|P2|P24|P30|P43|P48,P12|P18|P21|P22|P26|P27|P34|P35|P36|P40|P44|P46|P8
4,2,recording_4,logistic_0.01,8,0.3532114614121085,P13|P19|P2|P24|P30|P43|P48,P12|P18|P21|P22|P26|P27|P34|P35|P36|P40|P44|P46|P8
4,2,recording_4,logistic_0.1,1,0.3321213460142083,P13|P19|P2|P24|P30|P43|P48,P12|P18|P21|P22|P26|P27|P34|P35|P36|P40|P44|P46|P8
4,2,recording_4,logistic_0.1,4,0.3353554195022636,P13|P19|P2|P24|P30|P43|P48,P12|P18|P21|P22|P26|P27|P34|P35|P36|P40|P44|P46|P8
4,2,recording_4,logistic_0.1,8,0.3484676507644706,P13|P19|P2|P24|P30|P43|P48,P12|P18|P21|P22|P26|P27|P34|P35|P36|P40|P44|P46|P8
4,2,recording_4,logistic_1,1,0.3316943527213207,P13|P19|P2|P24|P30|P43|P48,P12|P18|P21|P22|P26|P27|P34|P35|P36|P40|P44|P46|P8
4,2,recording_4,logistic_1,4,0.332640677865378,P13|P19|P2|P24|P30|P43|P48,P12|P18|P21|P22|P26|P27|P34|P35|P36|P40|P44|P46|P8
4,2,recording_4,logistic_1,8,0.34707615630234745,P13|P19|P2|P24|P30|P43|P48,P12|P18|P21|P22|P26|P27|P34|P35|P36|P40|P44|P46|P8
4,2,recording_4,hgb,1,0.34865367172843004,P13|P19|P2|P24|P30|P43|P48,P12|P18|P21|P22|P26|P27|P34|P35|P36|P40|P44|P46|P8
4,2,recording_4,hgb,4,0.3453108686356608,P13|P19|P2|P24|P30|P43|P48,P12|P18|P21|P22|P26|P27|P34|P35|P36|P40|P44|P46|P8
4,2,recording_4,hgb,8,0.3471038128119597,P13|P19|P2|P24|P30|P43|P48,P12|P18|P21|P22|P26|P27|P34|P35|P36|P40|P44|P46|P8
4,2,recording_4,rbf,1,0.3391077773100341,P13|P19|P2|P24|P30|P43|P48,P12|P18|P21|P22|P26|P27|P34|P35|P36|P40|P44|P46|P8
4,2,recording_4,rbf,4,0.34768017674344653,P13|P19|P2|P24|P30|P43|P48,P12|P18|P21|P22|P26|P27|P34|P35|P36|P40|P44|P46|P8
4,2,recording_4,rbf,8,0.34535104535184447,P13|P19|P2|P24|P30|P43|P48,P12|P18|P21|P22|P26|P27|P34|P35|P36|P40|P44|P46|P8
4,2,recording_8,logistic_0.01,1,0.329015119410943,P13|P19|P2|P24|P30|P43|P48,P12|P18|P21|P22|P26|P27|P34|P35|P36|P40|P44|P46|P8
4,2,recording_8,logistic_0.01,4,0.33303380235196184,P13|P19|P2|P24|P30|P43|P48,P12|P18|P21|P22|P26|P27|P34|P35|P36|P40|P44|P46|P8
4,2,recording_8,logistic_0.01,8,0.3313989017957635,P13|P19|P2|P24|P30|P43|P48,P12|P18|P21|P22|P26|P27|P34|P35|P36|P40|P44|P46|P8
4,2,recording_8,logistic_0.1,1,0.32553430929244104,P13|P19|P2|P24|P30|P43|P48,P12|P18|P21|P22|P26|P27|P34|P35|P36|P40|P44|P46|P8
4,2,recording_8,logistic_0.1,4,0.33353381184393693,P13|P19|P2|P24|P30|P43|P48,P12|P18|P21|P22|P26|P27|P34|P35|P36|P40|P44|P46|P8
4,2,recording_8,logistic_0.1,8,0.33245793050283595,P13|P19|P2|P24|P30|P43|P48,P12|P18|P21|P22|P26|P27|P34|P35|P36|P40|P44|P46|P8
4,2,recording_8,logistic_1,1,0.32675203031295486,P13|P19|P2|P24|P30|P43|P48,P12|P18|P21|P22|P26|P27|P34|P35|P36|P40|P44|P46|P8
4,2,recording_8,logistic_1,4,0.33424433182745833,P13|P19|P2|P24|P30|P43|P48,P12|P18|P21|P22|P26|P27|P34|P35|P36|P40|P44|P46|P8
4,2,recording_8,logistic_1,8,0.3361474526709691,P13|P19|P2|P24|P30|P43|P48,P12|P18|P21|P22|P26|P27|P34|P35|P36|P40|P44|P46|P8
4,2,recording_8,hgb,1,0.3224256604607133,P13|P19|P2|P24|P30|P43|P48,P12|P18|P21|P22|P26|P27|P34|P35|P36|P40|P44|P46|P8
4,2,recording_8,hgb,4,0.3343161780498806,P13|P19|P2|P24|P30|P43|P48,P12|P18|P21|P22|P26|P27|P34|P35|P36|P40|P44|P46|P8
4,2,recording_8,hgb,8,0.34244992626387616,P13|P19|P2|P24|P30|P43|P48,P12|P18|P21|P22|P26|P27|P34|P35|P36|P40|P44|P46|P8
4,2,recording_8,rbf,1,0.3528565336192543,P13|P19|P2|P24|P30|P43|P48,P12|P18|P21|P22|P26|P27|P34|P35|P36|P40|P44|P46|P8
4,2,recording_8,rbf,4,0.35305513373984887,P13|P19|P2|P24|P30|P43|P48,P12|P18|P21|P22|P26|P27|P34|P35|P36|P40|P44|P46|P8
4,2,recording_8,rbf,8,0.3478713560634512,P13|P19|P2|P24|P30|P43|P48,P12|P18|P21|P22|P26|P27|P34|P35|P36|P40|P44|P46|P8
4,2,recording_16,logistic_0.01,1,0.31529010256504547,P13|P19|P2|P24|P30|P43|P48,P12|P18|P21|P22|P26|P27|P34|P35|P36|P40|P44|P46|P8
4,2,recording_16,logistic_0.01,4,0.3203017566275933,P13|P19|P2|P24|P30|P43|P48,P12|P18|P21|P22|P26|P27|P34|P35|P36|P40|P44|P46|P8
4,2,recording_16,logistic_0.01,8,0.32914981876203486,P13|P19|P2|P24|P30|P43|P48,P12|P18|P21|P22|P26|P27|P34|P35|P36|P40|P44|P46|P8
4,2,recording_16,logistic_0.1,1,0.31243824447348356,P13|P19|P2|P24|P30|P43|P48,P12|P18|P21|P22|P26|P27|P34|P35|P36|P40|P44|P46|P8
4,2,recording_16,logistic_0.1,4,0.31453478388074163,P13|P19|P2|P24|P30|P43|P48,P12|P18|P21|P22|P26|P27|P34|P35|P36|P40|P44|P46|P8
4,2,recording_16,logistic_0.1,8,0.3155193085935811,P13|P19|P2|P24|P30|P43|P48,P12|P18|P21|P22|P26|P27|P34|P35|P36|P40|P44|P46|P8
4,2,recording_16,logistic_1,1,0.31905524244427913,P13|P19|P2|P24|P30|P43|P48,P12|P18|P21|P22|P26|P27|P34|P35|P36|P40|P44|P46|P8
4,2,recording_16,logistic_1,4,0.3166472729484039,P13|P19|P2|P24|P30|P43|P48,P12|P18|P21|P22|P26|P27|P34|P35|P36|P40|P44|P46|P8
4,2,recording_16,logistic_1,8,0.3195397791919425,P13|P19|P2|P24|P30|P43|P48,P12|P18|P21|P22|P26|P27|P34|P35|P36|P40|P44|P46|P8
4,2,recording_16,hgb,1,0.3134482456115998,P13|P19|P2|P24|P30|P43|P48,P12|P18|P21|P22|P26|P27|P34|P35|P36|P40|P44|P46|P8
4,2,recording_16,hgb,4,0.3187875744036098,P13|P19|P2|P24|P30|P43|P48,P12|P18|P21|P22|P26|P27|P34|P35|P36|P40|P44|P46|P8
4,2,recording_16,hgb,8,0.32140170266965995,P13|P19|P2|P24|P30|P43|P48,P12|P18|P21|P22|P26|P27|P34|P35|P36|P40|P44|P46|P8
4,2,recording_16,rbf,1,0.3306473778341718,P13|P19|P2|P24|P30|P43|P48,P12|P18|P21|P22|P26|P27|P34|P35|P36|P40|P44|P46|P8
4,2,recording_16,rbf,4,0.3370626051442554,P13|P19|P2|P24|P30|P43|P48,P12|P18|P21|P22|P26|P27|P34|P35|P36|P40|P44|P46|P8
4,2,recording_16,rbf,8,0.3363250604250568,P13|P19|P2|P24|P30|P43|P48,P12|P18|P21|P22|P26|P27|P34|P35|P36|P40|P44|P46|P8
4,3,current,logistic_0.01,1,0.31201044883604095,P18|P21|P22|P34|P36|P46,P12|P13|P19|P2|P24|P26|P27|P30|P35|P40|P43|P44|P48|P8
4,3,current,logistic_0.01,4,0.29036082100346067,P18|P21|P22|P34|P36|P46,P12|P13|P19|P2|P24|P26|P27|P30|P35|P40|P43|P44|P48|P8
4,3,current,logistic_0.01,8,0.2888677100503777,P18|P21|P22|P34|P36|P46,P12|P13|P19|P2|P24|P26|P27|P30|P35|P40|P43|P44|P48|P8
4,3,current,logistic_0.1,1,0.3148021418621087,P18|P21|P22|P34|P36|P46,P12|P13|P19|P2|P24|P26|P27|P30|P35|P40|P43|P44|P48|P8
4,3,current,logistic_0.1,4,0.2960305501290057,P18|P21|P22|P34|P36|P46,P12|P13|P19|P2|P24|P26|P27|P30|P35|P40|P43|P44|P48|P8
4,3,current,logistic_0.1,8,0.29256550235625234,P18|P21|P22|P34|P36|P46,P12|P13|P19|P2|P24|P26|P27|P30|P35|P40|P43|P44|P48|P8
4,3,current,logistic_1,1,0.31495318952055884,P18|P21|P22|P34|P36|P46,P12|P13|P19|P2|P24|P26|P27|P30|P35|P40|P43|P44|P48|P8
4,3,current,logistic_1,4,0.29835424676741823,P18|P21|P22|P34|P36|P46,P12|P13|P19|P2|P24|P26|P27|P30|P35|P40|P43|P44|P48|P8
4,3,current,logistic_1,8,0.2940356586537974,P18|P21|P22|P34|P36|P46,P12|P13|P19|P2|P24|P26|P27|P30|P35|P40|P43|P44|P48|P8
4,3,current,hgb,1,0.34648448882117555,P18|P21|P22|P34|P36|P46,P12|P13|P19|P2|P24|P26|P27|P30|P35|P40|P43|P44|P48|P8
4,3,current,hgb,4,0.3230577806176366,P18|P21|P22|P34|P36|P46,P12|P13|P19|P2|P24|P26|P27|P30|P35|P40|P43|P44|P48|P8
4,3,current,hgb,8,0.31445520481253947,P18|P21|P22|P34|P36|P46,P12|P13|P19|P2|P24|P26|P27|P30|P35|P40|P43|P44|P48|P8
4,3,current,rbf,1,0.32525087074021436,P18|P21|P22|P34|P36|P46,P12|P13|P19|P2|P24|P26|P27|P30|P35|P40|P43|P44|P48|P8
4,3,current,rbf,4,0.3041105734009484,P18|P21|P22|P34|P36|P46,P12|P13|P19|P2|P24|P26|P27|P30|P35|P40|P43|P44|P48|P8
4,3,current,rbf,8,0.293937789352464,P18|P21|P22|P34|P36|P46,P12|P13|P19|P2|P24|P26|P27|P30|P35|P40|P43|P44|P48|P8
4,3,segment_4,logistic_0.01,1,0.30289259312348643,P18|P21|P22|P34|P36|P46,P12|P13|P19|P2|P24|P26|P27|P30|P35|P40|P43|P44|P48|P8
4,3,segment_4,logistic_0.01,4,0.29824841318175244,P18|P21|P22|P34|P36|P46,P12|P13|P19|P2|P24|P26|P27|P30|P35|P40|P43|P44|P48|P8
4,3,segment_4,logistic_0.01,8,0.2923442272550836,P18|P21|P22|P34|P36|P46,P12|P13|P19|P2|P24|P26|P27|P30|P35|P40|P43|P44|P48|P8
4,3,segment_4,logistic_0.1,1,0.3055092505714339,P18|P21|P22|P34|P36|P46,P12|P13|P19|P2|P24|P26|P27|P30|P35|P40|P43|P44|P48|P8
4,3,segment_4,logistic_0.1,4,0.303307881512727,P18|P21|P22|P34|P36|P46,P12|P13|P19|P2|P24|P26|P27|P30|P35|P40|P43|P44|P48|P8
4,3,segment_4,logistic_0.1,8,0.29678233984230024,P18|P21|P22|P34|P36|P46,P12|P13|P19|P2|P24|P26|P27|P30|P35|P40|P43|P44|P48|P8
4,3,segment_4,logistic_1,1,0.3089887488050906,P18|P21|P22|P34|P36|P46,P12|P13|P19|P2|P24|P26|P27|P30|P35|P40|P43|P44|P48|P8
4,3,segment_4,logistic_1,4,0.3040851722591742,P18|P21|P22|P34|P36|P46,P12|P13|P19|P2|P24|P26|P27|P30|P35|P40|P43|P44|P48|P8
4,3,segment_4,logistic_1,8,0.29783214505712957,P18|P21|P22|P34|P36|P46,P12|P13|P19|P2|P24|P26|P27|P30|P35|P40|P43|P44|P48|P8
4,3,segment_4,hgb,1,0.33676112777533773,P18|P21|P22|P34|P36|P46,P12|P13|P19|P2|P24|P26|P27|P30|P35|P40|P43|P44|P48|P8
4,3,segment_4,hgb,4,0.32379291935266935,P18|P21|P22|P34|P36|P46,P12|P13|P19|P2|P24|P26|P27|P30|P35|P40|P43|P44|P48|P8
4,3,segment_4,hgb,8,0.31194703593295,P18|P21|P22|P34|P36|P46,P12|P13|P19|P2|P24|P26|P27|P30|P35|P40|P43|P44|P48|P8
4,3,segment_4,rbf,1,0.3123395408859666,P18|P21|P22|P34|P36|P46,P12|P13|P19|P2|P24|P26|P27|P30|P35|P40|P43|P44|P48|P8
4,3,segment_4,rbf,4,0.29973562931788156,P18|P21|P22|P34|P36|P46,P12|P13|P19|P2|P24|P26|P27|P30|P35|P40|P43|P44|P48|P8
4,3,segment_4,rbf,8,0.29125663265226315,P18|P21|P22|P34|P36|P46,P12|P13|P19|P2|P24|P26|P27|P30|P35|P40|P43|P44|P48|P8
4,3,segment_8,logistic_0.01,1,0.31754495110965736,P18|P21|P22|P34|P36|P46,P12|P13|P19|P2|P24|P26|P27|P30|P35|P40|P43|P44|P48|P8
4,3,segment_8,logistic_0.01,4,0.3001674269778656,P18|P21|P22|P34|P36|P46,P12|P13|P19|P2|P24|P26|P27|P30|P35|P40|P43|P44|P48|P8
4,3,segment_8,logistic_0.01,8,0.2971588784333605,P18|P21|P22|P34|P36|P46,P12|P13|P19|P2|P24|P26|P27|P30|P35|P40|P43|P44|P48|P8
4,3,segment_8,logistic_0.1,1,0.32388370742274125,P18|P21|P22|P34|P36|P46,P12|P13|P19|P2|P24|P26|P27|P30|P35|P40|P43|P44|P48|P8
4,3,segment_8,logistic_0.1,4,0.30686302421864387,P18|P21|P22|P34|P36|P46,P12|P13|P19|P2|P24|P26|P27|P30|P35|P40|P43|P44|P48|P8
4,3,segment_8,logistic_0.1,8,0.29774616264190507,P18|P21|P22|P34|P36|P46,P12|P13|P19|P2|P24|P26|P27|P30|P35|P40|P43|P44|P48|P8
4,3,segment_8,logistic_1,1,0.3258525749003835,P18|P21|P22|P34|P36|P46,P12|P13|P19|P2|P24|P26|P27|P30|P35|P40|P43|P44|P48|P8
4,3,segment_8,logistic_1,4,0.3108482207488854,P18|P21|P22|P34|P36|P46,P12|P13|P19|P2|P24|P26|P27|P30|P35|P40|P43|P44|P48|P8
4,3,segment_8,logistic_1,8,0.3020140018819139,P18|P21|P22|P34|P36|P46,P12|P13|P19|P2|P24|P26|P27|P30|P35|P40|P43|P44|P48|P8
4,3,segment_8,hgb,1,0.3294566678469482,P18|P21|P22|P34|P36|P46,P12|P13|P19|P2|P24|P26|P27|P30|P35|P40|P43|P44|P48|P8
4,3,segment_8,hgb,4,0.31304234151592475,P18|P21|P22|P34|P36|P46,P12|P13|P19|P2|P24|P26|P27|P30|P35|P40|P43|P44|P48|P8
4,3,segment_8,hgb,8,0.29860351271218627,P18|P21|P22|P34|P36|P46,P12|P13|P19|P2|P24|P26|P27|P30|P35|P40|P43|P44|P48|P8
4,3,segment_8,rbf,1,0.31385062685893433,P18|P21|P22|P34|P36|P46,P12|P13|P19|P2|P24|P26|P27|P30|P35|P40|P43|P44|P48|P8
4,3,segment_8,rbf,4,0.2957155361631972,P18|P21|P22|P34|P36|P46,P12|P13|P19|P2|P24|P26|P27|P30|P35|P40|P43|P44|P48|P8
4,3,segment_8,rbf,8,0.2920271556844755,P18|P21|P22|P34|P36|P46,P12|P13|P19|P2|P24|P26|P27|P30|P35|P40|P43|P44|P48|P8
4,3,segment_16,logistic_0.01,1,0.31334471629200134,P18|P21|P22|P34|P36|P46,P12|P13|P19|P2|P24|P26|P27|P30|P35|P40|P43|P44|P48|P8
4,3,segment_16,logistic_0.01,4,0.29499727080480864,P18|P21|P22|P34|P36|P46,P12|P13|P19|P2|P24|P26|P27|P30|P35|P40|P43|P44|P48|P8
4,3,segment_16,logistic_0.01,8,0.2992255971801104,P18|P21|P22|P34|P36|P46,P12|P13|P19|P2|P24|P26|P27|P30|P35|P40|P43|P44|P48|P8
4,3,segment_16,logistic_0.1,1,0.32496732916174853,P18|P21|P22|P34|P36|P46,P12|P13|P19|P2|P24|P26|P27|P30|P35|P40|P43|P44|P48|P8
4,3,segment_16,logistic_0.1,4,0.30743213436514766,P18|P21|P22|P34|P36|P46,P12|P13|P19|P2|P24|P26|P27|P30|P35|P40|P43|P44|P48|P8
4,3,segment_16,logistic_0.1,8,0.3093071967984879,P18|P21|P22|P34|P36|P46,P12|P13|P19|P2|P24|P26|P27|P30|P35|P40|P43|P44|P48|P8
4,3,segment_16,logistic_1,1,0.32899479192022857,P18|P21|P22|P34|P36|P46,P12|P13|P19|P2|P24|P26|P27|P30|P35|P40|P43|P44|P48|P8
4,3,segment_16,logistic_1,4,0.31554537736027133,P18|P21|P22|P34|P36|P46,P12|P13|P19|P2|P24|P26|P27|P30|P35|P40|P43|P44|P48|P8
4,3,segment_16,logistic_1,8,0.3129888366359853,P18|P21|P22|P34|P36|P46,P12|P13|P19|P2|P24|P26|P27|P30|P35|P40|P43|P44|P48|P8
4,3,segment_16,hgb,1,0.3435341077907488,P18|P21|P22|P34|P36|P46,P12|P13|P19|P2|P24|P26|P27|P30|P35|P40|P43|P44|P48|P8
4,3,segment_16,hgb,4,0.3354639262756372,P18|P21|P22|P34|P36|P46,P12|P13|P19|P2|P24|P26|P27|P30|P35|P40|P43|P44|P48|P8
4,3,segment_16,hgb,8,0.322634232874949,P18|P21|P22|P34|P36|P46,P12|P13|P19|P2|P24|P26|P27|P30|P35|P40|P43|P44|P48|P8
4,3,segment_16,rbf,1,0.3206218503230525,P18|P21|P22|P34|P36|P46,P12|P13|P19|P2|P24|P26|P27|P30|P35|P40|P43|P44|P48|P8
4,3,segment_16,rbf,4,0.30795367518303934,P18|P21|P22|P34|P36|P46,P12|P13|P19|P2|P24|P26|P27|P30|P35|P40|P43|P44|P48|P8
4,3,segment_16,rbf,8,0.3056258592530576,P18|P21|P22|P34|P36|P46,P12|P13|P19|P2|P24|P26|P27|P30|P35|P40|P43|P44|P48|P8
4,3,recording_4,logistic_0.01,1,0.30289259312348643,P18|P21|P22|P34|P36|P46,P12|P13|P19|P2|P24|P26|P27|P30|P35|P40|P43|P44|P48|P8
4,3,recording_4,logistic_0.01,4,0.29824841318175244,P18|P21|P22|P34|P36|P46,P12|P13|P19|P2|P24|P26|P27|P30|P35|P40|P43|P44|P48|P8
4,3,recording_4,logistic_0.01,8,0.2923442272550836,P18|P21|P22|P34|P36|P46,P12|P13|P19|P2|P24|P26|P27|P30|P35|P40|P43|P44|P48|P8
4,3,recording_4,logistic_0.1,1,0.3055092505714339,P18|P21|P22|P34|P36|P46,P12|P13|P19|P2|P24|P26|P27|P30|P35|P40|P43|P44|P48|P8
4,3,recording_4,logistic_0.1,4,0.303307881512727,P18|P21|P22|P34|P36|P46,P12|P13|P19|P2|P24|P26|P27|P30|P35|P40|P43|P44|P48|P8
4,3,recording_4,logistic_0.1,8,0.29678233984230024,P18|P21|P22|P34|P36|P46,P12|P13|P19|P2|P24|P26|P27|P30|P35|P40|P43|P44|P48|P8
4,3,recording_4,logistic_1,1,0.3089887488050906,P18|P21|P22|P34|P36|P46,P12|P13|P19|P2|P24|P26|P27|P30|P35|P40|P43|P44|P48|P8
4,3,recording_4,logistic_1,4,0.3040851722591742,P18|P21|P22|P34|P36|P46,P12|P13|P19|P2|P24|P26|P27|P30|P35|P40|P43|P44|P48|P8
4,3,recording_4,logistic_1,8,0.29783214505712957,P18|P21|P22|P34|P36|P46,P12|P13|P19|P2|P24|P26|P27|P30|P35|P40|P43|P44|P48|P8
4,3,recording_4,hgb,1,0.33676112777533773,P18|P21|P22|P34|P36|P46,P12|P13|P19|P2|P24|P26|P27|P30|P35|P40|P43|P44|P48|P8
4,3,recording_4,hgb,4,0.32379291935266935,P18|P21|P22|P34|P36|P46,P12|P13|P19|P2|P24|P26|P27|P30|P35|P40|P43|P44|P48|P8
4,3,recording_4,hgb,8,0.31194703593295,P18|P21|P22|P34|P36|P46,P12|P13|P19|P2|P24|P26|P27|P30|P35|P40|P43|P44|P48|P8
4,3,recording_4,rbf,1,0.3123395408859666,P18|P21|P22|P34|P36|P46,P12|P13|P19|P2|P24|P26|P27|P30|P35|P40|P43|P44|P48|P8
4,3,recording_4,rbf,4,0.29973562931788156,P18|P21|P22|P34|P36|P46,P12|P13|P19|P2|P24|P26|P27|P30|P35|P40|P43|P44|P48|P8
4,3,recording_4,rbf,8,0.29125663265226315,P18|P21|P22|P34|P36|P46,P12|P13|P19|P2|P24|P26|P27|P30|P35|P40|P43|P44|P48|P8
4,3,recording_8,logistic_0.01,1,0.31754495110965736,P18|P21|P22|P34|P36|P46,P12|P13|P19|P2|P24|P26|P27|P30|P35|P40|P43|P44|P48|P8
4,3,recording_8,logistic_0.01,4,0.3001674269778656,P18|P21|P22|P34|P36|P46,P12|P13|P19|P2|P24|P26|P27|P30|P35|P40|P43|P44|P48|P8
4,3,recording_8,logistic_0.01,8,0.2971588784333605,P18|P21|P22|P34|P36|P46,P12|P13|P19|P2|P24|P26|P27|P30|P35|P40|P43|P44|P48|P8
4,3,recording_8,logistic_0.1,1,0.32388370742274125,P18|P21|P22|P34|P36|P46,P12|P13|P19|P2|P24|P26|P27|P30|P35|P40|P43|P44|P48|P8
4,3,recording_8,logistic_0.1,4,0.30686302421864387,P18|P21|P22|P34|P36|P46,P12|P13|P19|P2|P24|P26|P27|P30|P35|P40|P43|P44|P48|P8
4,3,recording_8,logistic_0.1,8,0.29774616264190507,P18|P21|P22|P34|P36|P46,P12|P13|P19|P2|P24|P26|P27|P30|P35|P40|P43|P44|P48|P8
4,3,recording_8,logistic_1,1,0.3258525749003835,P18|P21|P22|P34|P36|P46,P12|P13|P19|P2|P24|P26|P27|P30|P35|P40|P43|P44|P48|P8
4,3,recording_8,logistic_1,4,0.3108482207488854,P18|P21|P22|P34|P36|P46,P12|P13|P19|P2|P24|P26|P27|P30|P35|P40|P43|P44|P48|P8
4,3,recording_8,logistic_1,8,0.3020140018819139,P18|P21|P22|P34|P36|P46,P12|P13|P19|P2|P24|P26|P27|P30|P35|P40|P43|P44|P48|P8
4,3,recording_8,hgb,1,0.3294566678469482,P18|P21|P22|P34|P36|P46,P12|P13|P19|P2|P24|P26|P27|P30|P35|P40|P43|P44|P48|P8
4,3,recording_8,hgb,4,0.31304234151592475,P18|P21|P22|P34|P36|P46,P12|P13|P19|P2|P24|P26|P27|P30|P35|P40|P43|P44|P48|P8
4,3,recording_8,hgb,8,0.29860351271218627,P18|P21|P22|P34|P36|P46,P12|P13|P19|P2|P24|P26|P27|P30|P35|P40|P43|P44|P48|P8
4,3,recording_8,rbf,1,0.31385062685893433,P18|P21|P22|P34|P36|P46,P12|P13|P19|P2|P24|P26|P27|P30|P35|P40|P43|P44|P48|P8
4,3,recording_8,rbf,4,0.2957155361631972,P18|P21|P22|P34|P36|P46,P12|P13|P19|P2|P24|P26|P27|P30|P35|P40|P43|P44|P48|P8
4,3,recording_8,rbf,8,0.2920271556844755,P18|P21|P22|P34|P36|P46,P12|P13|P19|P2|P24|P26|P27|P30|P35|P40|P43|P44|P48|P8
4,3,recording_16,logistic_0.01,1,0.31334471629200134,P18|P21|P22|P34|P36|P46,P12|P13|P19|P2|P24|P26|P27|P30|P35|P40|P43|P44|P48|P8
4,3,recording_16,logistic_0.01,4,0.29499727080480864,P18|P21|P22|P34|P36|P46,P12|P13|P19|P2|P24|P26|P27|P30|P35|P40|P43|P44|P48|P8
4,3,recording_16,logistic_0.01,8,0.2992255971801104,P18|P21|P22|P34|P36|P46,P12|P13|P19|P2|P24|P26|P27|P30|P35|P40|P43|P44|P48|P8
4,3,recording_16,logistic_0.1,1,0.32496732916174853,P18|P21|P22|P34|P36|P46,P12|P13|P19|P2|P24|P26|P27|P30|P35|P40|P43|P44|P48|P8
4,3,recording_16,logistic_0.1,4,0.30743213436514766,P18|P21|P22|P34|P36|P46,P12|P13|P19|P2|P24|P26|P27|P30|P35|P40|P43|P44|P48|P8
4,3,recording_16,logistic_0.1,8,0.3093071967984879,P18|P21|P22|P34|P36|P46,P12|P13|P19|P2|P24|P26|P27|P30|P35|P40|P43|P44|P48|P8
4,3,recording_16,logistic_1,1,0.32899479192022857,P18|P21|P22|P34|P36|P46,P12|P13|P19|P2|P24|P26|P27|P30|P35|P40|P43|P44|P48|P8
4,3,recording_16,logistic_1,4,0.31554537736027133,P18|P21|P22|P34|P36|P46,P12|P13|P19|P2|P24|P26|P27|P30|P35|P40|P43|P44|P48|P8
4,3,recording_16,logistic_1,8,0.3129888366359853,P18|P21|P22|P34|P36|P46,P12|P13|P19|P2|P24|P26|P27|P30|P35|P40|P43|P44|P48|P8
4,3,recording_16,hgb,1,0.3435341077907488,P18|P21|P22|P34|P36|P46,P12|P13|P19|P2|P24|P26|P27|P30|P35|P40|P43|P44|P48|P8
4,3,recording_16,hgb,4,0.3354639262756372,P18|P21|P22|P34|P36|P46,P12|P13|P19|P2|P24|P26|P27|P30|P35|P40|P43|P44|P48|P8
4,3,recording_16,hgb,8,0.322634232874949,P18|P21|P22|P34|P36|P46,P12|P13|P19|P2|P24|P26|P27|P30|P35|P40|P43|P44|P48|P8
4,3,recording_16,rbf,1,0.3206218503230525,P18|P21|P22|P34|P36|P46,P12|P13|P19|P2|P24|P26|P27|P30|P35|P40|P43|P44|P48|P8
4,3,recording_16,rbf,4,0.30795367518303934,P18|P21|P22|P34|P36|P46,P12|P13|P19|P2|P24|P26|P27|P30|P35|P40|P43|P44|P48|P8
4,3,recording_16,rbf,8,0.3056258592530576,P18|P21|P22|P34|P36|P46,P12|P13|P19|P2|P24|P26|P27|P30|P35|P40|P43|P44|P48|P8
5,1,current,logistic_0.01,1,0.3465503297171474,P20|P24|P30|P33|P36|P48|P8,P12|P18|P19|P2|P22|P27|P3|P35|P4|P40|P43|P46|P9
5,1,current,logistic_0.01,4,0.349289253260021,P20|P24|P30|P33|P36|P48|P8,P12|P18|P19|P2|P22|P27|P3|P35|P4|P40|P43|P46|P9
5,1,current,logistic_0.01,8,0.3399322723360741,P20|P24|P30|P33|P36|P48|P8,P12|P18|P19|P2|P22|P27|P3|P35|P4|P40|P43|P46|P9
5,1,current,logistic_0.1,1,0.3499728095064843,P20|P24|P30|P33|P36|P48|P8,P12|P18|P19|P2|P22|P27|P3|P35|P4|P40|P43|P46|P9
5,1,current,logistic_0.1,4,0.35152250805536667,P20|P24|P30|P33|P36|P48|P8,P12|P18|P19|P2|P22|P27|P3|P35|P4|P40|P43|P46|P9
5,1,current,logistic_0.1,8,0.34537951304083453,P20|P24|P30|P33|P36|P48|P8,P12|P18|P19|P2|P22|P27|P3|P35|P4|P40|P43|P46|P9
5,1,current,logistic_1,1,0.3496261341367964,P20|P24|P30|P33|P36|P48|P8,P12|P18|P19|P2|P22|P27|P3|P35|P4|P40|P43|P46|P9
5,1,current,logistic_1,4,0.35457695738587336,P20|P24|P30|P33|P36|P48|P8,P12|P18|P19|P2|P22|P27|P3|P35|P4|P40|P43|P46|P9
5,1,current,logistic_1,8,0.34903069447145063,P20|P24|P30|P33|P36|P48|P8,P12|P18|P19|P2|P22|P27|P3|P35|P4|P40|P43|P46|P9
5,1,current,hgb,1,0.35833129981858264,P20|P24|P30|P33|P36|P48|P8,P12|P18|P19|P2|P22|P27|P3|P35|P4|P40|P43|P46|P9
5,1,current,hgb,4,0.35524675865682565,P20|P24|P30|P33|P36|P48|P8,P12|P18|P19|P2|P22|P27|P3|P35|P4|P40|P43|P46|P9
5,1,current,hgb,8,0.34882884024361543,P20|P24|P30|P33|P36|P48|P8,P12|P18|P19|P2|P22|P27|P3|P35|P4|P40|P43|P46|P9
5,1,current,rbf,1,0.36786710537223116,P20|P24|P30|P33|P36|P48|P8,P12|P18|P19|P2|P22|P27|P3|P35|P4|P40|P43|P46|P9
5,1,current,rbf,4,0.3681406030877999,P20|P24|P30|P33|P36|P48|P8,P12|P18|P19|P2|P22|P27|P3|P35|P4|P40|P43|P46|P9
5,1,current,rbf,8,0.3674215009916029,P20|P24|P30|P33|P36|P48|P8,P12|P18|P19|P2|P22|P27|P3|P35|P4|P40|P43|P46|P9
5,1,segment_4,logistic_0.01,1,0.35803914071604886,P20|P24|P30|P33|P36|P48|P8,P12|P18|P19|P2|P22|P27|P3|P35|P4|P40|P43|P46|P9
5,1,segment_4,logistic_0.01,4,0.3427589113532083,P20|P24|P30|P33|P36|P48|P8,P12|P18|P19|P2|P22|P27|P3|P35|P4|P40|P43|P46|P9
5,1,segment_4,logistic_0.01,8,0.33351791000864156,P20|P24|P30|P33|P36|P48|P8,P12|P18|P19|P2|P22|P27|P3|P35|P4|P40|P43|P46|P9
5,1,segment_4,logistic_0.1,1,0.36254680928329935,P20|P24|P30|P33|P36|P48|P8,P12|P18|P19|P2|P22|P27|P3|P35|P4|P40|P43|P46|P9
5,1,segment_4,logistic_0.1,4,0.3494311372874847,P20|P24|P30|P33|P36|P48|P8,P12|P18|P19|P2|P22|P27|P3|P35|P4|P40|P43|P46|P9
5,1,segment_4,logistic_0.1,8,0.3370519267581313,P20|P24|P30|P33|P36|P48|P8,P12|P18|P19|P2|P22|P27|P3|P35|P4|P40|P43|P46|P9
5,1,segment_4,logistic_1,1,0.3603968195211443,P20|P24|P30|P33|P36|P48|P8,P12|P18|P19|P2|P22|P27|P3|P35|P4|P40|P43|P46|P9
5,1,segment_4,logistic_1,4,0.3505922407258189,P20|P24|P30|P33|P36|P48|P8,P12|P18|P19|P2|P22|P27|P3|P35|P4|P40|P43|P46|P9
5,1,segment_4,logistic_1,8,0.3389604600876867,P20|P24|P30|P33|P36|P48|P8,P12|P18|P19|P2|P22|P27|P3|P35|P4|P40|P43|P46|P9
5,1,segment_4,hgb,1,0.3418174455039667,P20|P24|P30|P33|P36|P48|P8,P12|P18|P19|P2|P22|P27|P3|P35|P4|P40|P43|P46|P9
5,1,segment_4,hgb,4,0.33376461262876317,P20|P24|P30|P33|P36|P48|P8,P12|P18|P19|P2|P22|P27|P3|P35|P4|P40|P43|P46|P9
5,1,segment_4,hgb,8,0.32818004018365043,P20|P24|P30|P33|P36|P48|P8,P12|P18|P19|P2|P22|P27|P3|P35|P4|P40|P43|P46|P9
5,1,segment_4,rbf,1,0.3519110851831974,P20|P24|P30|P33|P36|P48|P8,P12|P18|P19|P2|P22|P27|P3|P35|P4|P40|P43|P46|P9
5,1,segment_4,rbf,4,0.34446640020860864,P20|P24|P30|P33|P36|P48|P8,P12|P18|P19|P2|P22|P27|P3|P35|P4|P40|P43|P46|P9
5,1,segment_4,rbf,8,0.3355927964701239,P20|P24|P30|P33|P36|P48|P8,P12|P18|P19|P2|P22|P27|P3|P35|P4|P40|P43|P46|P9
5,1,segment_8,logistic_0.01,1,0.33784594900091497,P20|P24|P30|P33|P36|P48|P8,P12|P18|P19|P2|P22|P27|P3|P35|P4|P40|P43|P46|P9
5,1,segment_8,logistic_0.01,4,0.3320778836553981,P20|P24|P30|P33|P36|P48|P8,P12|P18|P19|P2|P22|P27|P3|P35|P4|P40|P43|P46|P9
5,1,segment_8,logistic_0.01,8,0.3263382822031836,P20|P24|P30|P33|P36|P48|P8,P12|P18|P19|P2|P22|P27|P3|P35|P4|P40|P43|P46|P9
5,1,segment_8,logistic_0.1,1,0.3394024860799809,P20|P24|P30|P33|P36|P48|P8,P12|P18|P19|P2|P22|P27|P3|P35|P4|P40|P43|P46|P9
5,1,segment_8,logistic_0.1,4,0.3304438529921829,P20|P24|P30|P33|P36|P48|P8,P12|P18|P19|P2|P22|P27|P3|P35|P4|P40|P43|P46|P9
5,1,segment_8,logistic_0.1,8,0.32778522027807755,P20|P24|P30|P33|P36|P48|P8,P12|P18|P19|P2|P22|P27|P3|P35|P4|P40|P43|P46|P9
5,1,segment_8,logistic_1,1,0.3400754390674267,P20|P24|P30|P33|P36|P48|P8,P12|P18|P19|P2|P22|P27|P3|P35|P4|P40|P43|P46|P9
5,1,segment_8,logistic_1,4,0.3337717179134816,P20|P24|P30|P33|P36|P48|P8,P12|P18|P19|P2|P22|P27|P3|P35|P4|P40|P43|P46|P9
5,1,segment_8,logistic_1,8,0.32919847965869314,P20|P24|P30|P33|P36|P48|P8,P12|P18|P19|P2|P22|P27|P3|P35|P4|P40|P43|P46|P9
5,1,segment_8,hgb,1,0.34094719362340337,P20|P24|P30|P33|P36|P48|P8,P12|P18|P19|P2|P22|P27|P3|P35|P4|P40|P43|P46|P9
5,1,segment_8,hgb,4,0.34165205745636,P20|P24|P30|P33|P36|P48|P8,P12|P18|P19|P2|P22|P27|P3|P35|P4|P40|P43|P46|P9
5,1,segment_8,hgb,8,0.33369598880577594,P20|P24|P30|P33|P36|P48|P8,P12|P18|P19|P2|P22|P27|P3|P35|P4|P40|P43|P46|P9
5,1,segment_8,rbf,1,0.34611169828318655,P20|P24|P30|P33|P36|P48|P8,P12|P18|P19|P2|P22|P27|P3|P35|P4|P40|P43|P46|P9
5,1,segment_8,rbf,4,0.33889960219280413,P20|P24|P30|P33|P36|P48|P8,P12|P18|P19|P2|P22|P27|P3|P35|P4|P40|P43|P46|P9
5,1,segment_8,rbf,8,0.3312549888419203,P20|P24|P30|P33|P36|P48|P8,P12|P18|P19|P2|P22|P27|P3|P35|P4|P40|P43|P46|P9
5,1,segment_16,logistic_0.01,1,0.3376212176204518,P20|P24|P30|P33|P36|P48|P8,P12|P18|P19|P2|P22|P27|P3|P35|P4|P40|P43|P46|P9
5,1,segment_16,logistic_0.01,4,0.33154094664979733,P20|P24|P30|P33|P36|P48|P8,P12|P18|P19|P2|P22|P27|P3|P35|P4|P40|P43|P46|P9
5,1,segment_16,logistic_0.01,8,0.32844618951208543,P20|P24|P30|P33|P36|P48|P8,P12|P18|P19|P2|P22|P27|P3|P35|P4|P40|P43|P46|P9
5,1,segment_16,logistic_0.1,1,0.33966880370302904,P20|P24|P30|P33|P36|P48|P8,P12|P18|P19|P2|P22|P27|P3|P35|P4|P40|P43|P46|P9
5,1,segment_16,logistic_0.1,4,0.3329110978418229,P20|P24|P30|P33|P36|P48|P8,P12|P18|P19|P2|P22|P27|P3|P35|P4|P40|P43|P46|P9
5,1,segment_16,logistic_0.1,8,0.3322670793514971,P20|P24|P30|P33|P36|P48|P8,P12|P18|P19|P2|P22|P27|P3|P35|P4|P40|P43|P46|P9
5,1,segment_16,logistic_1,1,0.3412293635160907,P20|P24|P30|P33|P36|P48|P8,P12|P18|P19|P2|P22|P27|P3|P35|P4|P40|P43|P46|P9
5,1,segment_16,logistic_1,4,0.33933943802453476,P20|P24|P30|P33|P36|P48|P8,P12|P18|P19|P2|P22|P27|P3|P35|P4|P40|P43|P46|P9
5,1,segment_16,logistic_1,8,0.3346902989639963,P20|P24|P30|P33|P36|P48|P8,P12|P18|P19|P2|P22|P27|P3|P35|P4|P40|P43|P46|P9
5,1,segment_16,hgb,1,0.34306723808242034,P20|P24|P30|P33|P36|P48|P8,P12|P18|P19|P2|P22|P27|P3|P35|P4|P40|P43|P46|P9
5,1,segment_16,hgb,4,0.3478911458883792,P20|P24|P30|P33|P36|P48|P8,P12|P18|P19|P2|P22|P27|P3|P35|P4|P40|P43|P46|P9
5,1,segment_16,hgb,8,0.3381854897238968,P20|P24|P30|P33|P36|P48|P8,P12|P18|P19|P2|P22|P27|P3|P35|P4|P40|P43|P46|P9
5,1,segment_16,rbf,1,0.33934144408196476,P20|P24|P30|P33|P36|P48|P8,P12|P18|P19|P2|P22|P27|P3|P35|P4|P40|P43|P46|P9
5,1,segment_16,rbf,4,0.32873870463162813,P20|P24|P30|P33|P36|P48|P8,P12|P18|P19|P2|P22|P27|P3|P35|P4|P40|P43|P46|P9
5,1,segment_16,rbf,8,0.32541483453900705,P20|P24|P30|P33|P36|P48|P8,P12|P18|P19|P2|P22|P27|P3|P35|P4|P40|P43|P46|P9
5,1,recording_4,logistic_0.01,1,0.35803914071604886,P20|P24|P30|P33|P36|P48|P8,P12|P18|P19|P2|P22|P27|P3|P35|P4|P40|P43|P46|P9
5,1,recording_4,logistic_0.01,4,0.3427589113532083,P20|P24|P30|P33|P36|P48|P8,P12|P18|P19|P2|P22|P27|P3|P35|P4|P40|P43|P46|P9
5,1,recording_4,logistic_0.01,8,0.33351791000864156,P20|P24|P30|P33|P36|P48|P8,P12|P18|P19|P2|P22|P27|P3|P35|P4|P40|P43|P46|P9
5,1,recording_4,logistic_0.1,1,0.36254680928329935,P20|P24|P30|P33|P36|P48|P8,P12|P18|P19|P2|P22|P27|P3|P35|P4|P40|P43|P46|P9
5,1,recording_4,logistic_0.1,4,0.3494311372874847,P20|P24|P30|P33|P36|P48|P8,P12|P18|P19|P2|P22|P27|P3|P35|P4|P40|P43|P46|P9
5,1,recording_4,logistic_0.1,8,0.3370519267581313,P20|P24|P30|P33|P36|P48|P8,P12|P18|P19|P2|P22|P27|P3|P35|P4|P40|P43|P46|P9
5,1,recording_4,logistic_1,1,0.3603968195211443,P20|P24|P30|P33|P36|P48|P8,P12|P18|P19|P2|P22|P27|P3|P35|P4|P40|P43|P46|P9
5,1,recording_4,logistic_1,4,0.3505922407258189,P20|P24|P30|P33|P36|P48|P8,P12|P18|P19|P2|P22|P27|P3|P35|P4|P40|P43|P46|P9
5,1,recording_4,logistic_1,8,0.3389604600876867,P20|P24|P30|P33|P36|P48|P8,P12|P18|P19|P2|P22|P27|P3|P35|P4|P40|P43|P46|P9
5,1,recording_4,hgb,1,0.3418174455039667,P20|P24|P30|P33|P36|P48|P8,P12|P18|P19|P2|P22|P27|P3|P35|P4|P40|P43|P46|P9
5,1,recording_4,hgb,4,0.33376461262876317,P20|P24|P30|P33|P36|P48|P8,P12|P18|P19|P2|P22|P27|P3|P35|P4|P40|P43|P46|P9
5,1,recording_4,hgb,8,0.32818004018365043,P20|P24|P30|P33|P36|P48|P8,P12|P18|P19|P2|P22|P27|P3|P35|P4|P40|P43|P46|P9
5,1,recording_4,rbf,1,0.3519110851831974,P20|P24|P30|P33|P36|P48|P8,P12|P18|P19|P2|P22|P27|P3|P35|P4|P40|P43|P46|P9
5,1,recording_4,rbf,4,0.34446640020860864,P20|P24|P30|P33|P36|P48|P8,P12|P18|P19|P2|P22|P27|P3|P35|P4|P40|P43|P46|P9
5,1,recording_4,rbf,8,0.3355927964701239,P20|P24|P30|P33|P36|P48|P8,P12|P18|P19|P2|P22|P27|P3|P35|P4|P40|P43|P46|P9
5,1,recording_8,logistic_0.01,1,0.33784594900091497,P20|P24|P30|P33|P36|P48|P8,P12|P18|P19|P2|P22|P27|P3|P35|P4|P40|P43|P46|P9
5,1,recording_8,logistic_0.01,4,0.3320778836553981,P20|P24|P30|P33|P36|P48|P8,P12|P18|P19|P2|P22|P27|P3|P35|P4|P40|P43|P46|P9
5,1,recording_8,logistic_0.01,8,0.3263382822031836,P20|P24|P30|P33|P36|P48|P8,P12|P18|P19|P2|P22|P27|P3|P35|P4|P40|P43|P46|P9
5,1,recording_8,logistic_0.1,1,0.3394024860799809,P20|P24|P30|P33|P36|P48|P8,P12|P18|P19|P2|P22|P27|P3|P35|P4|P40|P43|P46|P9
5,1,recording_8,logistic_0.1,4,0.3304438529921829,P20|P24|P30|P33|P36|P48|P8,P12|P18|P19|P2|P22|P27|P3|P35|P4|P40|P43|P46|P9
5,1,recording_8,logistic_0.1,8,0.32778522027807755,P20|P24|P30|P33|P36|P48|P8,P12|P18|P19|P2|P22|P27|P3|P35|P4|P40|P43|P46|P9
5,1,recording_8,logistic_1,1,0.3400754390674267,P20|P24|P30|P33|P36|P48|P8,P12|P18|P19|P2|P22|P27|P3|P35|P4|P40|P43|P46|P9
5,1,recording_8,logistic_1,4,0.3337717179134816,P20|P24|P30|P33|P36|P48|P8,P12|P18|P19|P2|P22|P27|P3|P35|P4|P40|P43|P46|P9
5,1,recording_8,logistic_1,8,0.32919847965869314,P20|P24|P30|P33|P36|P48|P8,P12|P18|P19|P2|P22|P27|P3|P35|P4|P40|P43|P46|P9
5,1,recording_8,hgb,1,0.34094719362340337,P20|P24|P30|P33|P36|P48|P8,P12|P18|P19|P2|P22|P27|P3|P35|P4|P40|P43|P46|P9
5,1,recording_8,hgb,4,0.34165205745636,P20|P24|P30|P33|P36|P48|P8,P12|P18|P19|P2|P22|P27|P3|P35|P4|P40|P43|P46|P9
5,1,recording_8,hgb,8,0.33369598880577594,P20|P24|P30|P33|P36|P48|P8,P12|P18|P19|P2|P22|P27|P3|P35|P4|P40|P43|P46|P9
5,1,recording_8,rbf,1,0.34611169828318655,P20|P24|P30|P33|P36|P48|P8,P12|P18|P19|P2|P22|P27|P3|P35|P4|P40|P43|P46|P9
5,1,recording_8,rbf,4,0.33889960219280413,P20|P24|P30|P33|P36|P48|P8,P12|P18|P19|P2|P22|P27|P3|P35|P4|P40|P43|P46|P9
5,1,recording_8,rbf,8,0.3312549888419203,P20|P24|P30|P33|P36|P48|P8,P12|P18|P19|P2|P22|P27|P3|P35|P4|P40|P43|P46|P9
5,1,recording_16,logistic_0.01,1,0.3376212176204518,P20|P24|P30|P33|P36|P48|P8,P12|P18|P19|P2|P22|P27|P3|P35|P4|P40|P43|P46|P9
5,1,recording_16,logistic_0.01,4,0.33154094664979733,P20|P24|P30|P33|P36|P48|P8,P12|P18|P19|P2|P22|P27|P3|P35|P4|P40|P43|P46|P9
5,1,recording_16,logistic_0.01,8,0.32844618951208543,P20|P24|P30|P33|P36|P48|P8,P12|P18|P19|P2|P22|P27|P3|P35|P4|P40|P43|P46|P9
5,1,recording_16,logistic_0.1,1,0.33966880370302904,P20|P24|P30|P33|P36|P48|P8,P12|P18|P19|P2|P22|P27|P3|P35|P4|P40|P43|P46|P9
5,1,recording_16,logistic_0.1,4,0.3329110978418229,P20|P24|P30|P33|P36|P48|P8,P12|P18|P19|P2|P22|P27|P3|P35|P4|P40|P43|P46|P9
5,1,recording_16,logistic_0.1,8,0.3322670793514971,P20|P24|P30|P33|P36|P48|P8,P12|P18|P19|P2|P22|P27|P3|P35|P4|P40|P43|P46|P9
5,1,recording_16,logistic_1,1,0.3412293635160907,P20|P24|P30|P33|P36|P48|P8,P12|P18|P19|P2|P22|P27|P3|P35|P4|P40|P43|P46|P9
5,1,recording_16,logistic_1,4,0.33933943802453476,P20|P24|P30|P33|P36|P48|P8,P12|P18|P19|P2|P22|P27|P3|P35|P4|P40|P43|P46|P9
5,1,recording_16,logistic_1,8,0.3346902989639963,P20|P24|P30|P33|P36|P48|P8,P12|P18|P19|P2|P22|P27|P3|P35|P4|P40|P43|P46|P9
5,1,recording_16,hgb,1,0.34306723808242034,P20|P24|P30|P33|P36|P48|P8,P12|P18|P19|P2|P22|P27|P3|P35|P4|P40|P43|P46|P9
5,1,recording_16,hgb,4,0.3478911458883792,P20|P24|P30|P33|P36|P48|P8,P12|P18|P19|P2|P22|P27|P3|P35|P4|P40|P43|P46|P9
5,1,recording_16,hgb,8,0.3381854897238968,P20|P24|P30|P33|P36|P48|P8,P12|P18|P19|P2|P22|P27|P3|P35|P4|P40|P43|P46|P9
5,1,recording_16,rbf,1,0.33934144408196476,P20|P24|P30|P33|P36|P48|P8,P12|P18|P19|P2|P22|P27|P3|P35|P4|P40|P43|P46|P9
5,1,recording_16,rbf,4,0.32873870463162813,P20|P24|P30|P33|P36|P48|P8,P12|P18|P19|P2|P22|P27|P3|P35|P4|P40|P43|P46|P9
5,1,recording_16,rbf,8,0.32541483453900705,P20|P24|P30|P33|P36|P48|P8,P12|P18|P19|P2|P22|P27|P3|P35|P4|P40|P43|P46|P9
5,2,current,logistic_0.01,1,0.3512933109143422,P12|P27|P3|P4|P40|P46|P9,P18|P19|P2|P20|P22|P24|P30|P33|P35|P36|P43|P48|P8
5,2,current,logistic_0.01,4,0.35291495792177047,P12|P27|P3|P4|P40|P46|P9,P18|P19|P2|P20|P22|P24|P30|P33|P35|P36|P43|P48|P8
5,2,current,logistic_0.01,8,0.3577059334134954,P12|P27|P3|P4|P40|P46|P9,P18|P19|P2|P20|P22|P24|P30|P33|P35|P36|P43|P48|P8
5,2,current,logistic_0.1,1,0.3492453849415726,P12|P27|P3|P4|P40|P46|P9,P18|P19|P2|P20|P22|P24|P30|P33|P35|P36|P43|P48|P8
5,2,current,logistic_0.1,4,0.3519218629087083,P12|P27|P3|P4|P40|P46|P9,P18|P19|P2|P20|P22|P24|P30|P33|P35|P36|P43|P48|P8
5,2,current,logistic_0.1,8,0.3551608229172194,P12|P27|P3|P4|P40|P46|P9,P18|P19|P2|P20|P22|P24|P30|P33|P35|P36|P43|P48|P8
5,2,current,logistic_1,1,0.34698663658295115,P12|P27|P3|P4|P40|P46|P9,P18|P19|P2|P20|P22|P24|P30|P33|P35|P36|P43|P48|P8
5,2,current,logistic_1,4,0.34976243532003665,P12|P27|P3|P4|P40|P46|P9,P18|P19|P2|P20|P22|P24|P30|P33|P35|P36|P43|P48|P8
5,2,current,logistic_1,8,0.3553455453848596,P12|P27|P3|P4|P40|P46|P9,P18|P19|P2|P20|P22|P24|P30|P33|P35|P36|P43|P48|P8
5,2,current,hgb,1,0.3631731517046336,P12|P27|P3|P4|P40|P46|P9,P18|P19|P2|P20|P22|P24|P30|P33|P35|P36|P43|P48|P8
5,2,current,hgb,4,0.35845143154662457,P12|P27|P3|P4|P40|P46|P9,P18|P19|P2|P20|P22|P24|P30|P33|P35|P36|P43|P48|P8
5,2,current,hgb,8,0.3493835384977452,P12|P27|P3|P4|P40|P46|P9,P18|P19|P2|P20|P22|P24|P30|P33|P35|P36|P43|P48|P8
5,2,current,rbf,1,0.36990497812629247,P12|P27|P3|P4|P40|P46|P9,P18|P19|P2|P20|P22|P24|P30|P33|P35|P36|P43|P48|P8
5,2,current,rbf,4,0.3718755938426503,P12|P27|P3|P4|P40|P46|P9,P18|P19|P2|P20|P22|P24|P30|P33|P35|P36|P43|P48|P8
5,2,current,rbf,8,0.36232086665050794,P12|P27|P3|P4|P40|P46|P9,P18|P19|P2|P20|P22|P24|P30|P33|P35|P36|P43|P48|P8
5,2,segment_4,logistic_0.01,1,0.34810474987995826,P12|P27|P3|P4|P40|P46|P9,P18|P19|P2|P20|P22|P24|P30|P33|P35|P36|P43|P48|P8
5,2,segment_4,logistic_0.01,4,0.35728275257263437,P12|P27|P3|P4|P40|P46|P9,P18|P19|P2|P20|P22|P24|P30|P33|P35|P36|P43|P48|P8
5,2,segment_4,logistic_0.01,8,0.3571728914783035,P12|P27|P3|P4|P40|P46|P9,P18|P19|P2|P20|P22|P24|P30|P33|P35|P36|P43|P48|P8
5,2,segment_4,logistic_0.1,1,0.348307753777043,P12|P27|P3|P4|P40|P46|P9,P18|P19|P2|P20|P22|P24|P30|P33|P35|P36|P43|P48|P8
5,2,segment_4,logistic_0.1,4,0.36082330436082793,P12|P27|P3|P4|P40|P46|P9,P18|P19|P2|P20|P22|P24|P30|P33|P35|P36|P43|P48|P8
5,2,segment_4,logistic_0.1,8,0.3583238708901809,P12|P27|P3|P4|P40|P46|P9,P18|P19|P2|P20|P22|P24|P30|P33|P35|P36|P43|P48|P8
5,2,segment_4,logistic_1,1,0.35100199029683576,P12|P27|P3|P4|P40|P46|P9,P18|P19|P2|P20|P22|P24|P30|P33|P35|P36|P43|P48|P8
5,2,segment_4,logistic_1,4,0.3614942407312474,P12|P27|P3|P4|P40|P46|P9,P18|P19|P2|P20|P22|P24|P30|P33|P35|P36|P43|P48|P8
5,2,segment_4,logistic_1,8,0.3583444464422015,P12|P27|P3|P4|P40|P46|P9,P18|P19|P2|P20|P22|P24|P30|P33|P35|P36|P43|P48|P8
5,2,segment_4,hgb,1,0.34665200194544576,P12|P27|P3|P4|P40|P46|P9,P18|P19|P2|P20|P22|P24|P30|P33|P35|P36|P43|P48|P8
5,2,segment_4,hgb,4,0.3476933419591993,P12|P27|P3|P4|P40|P46|P9,P18|P19|P2|P20|P22|P24|P30|P33|P35|P36|P43|P48|P8
5,2,segment_4,hgb,8,0.3430454528903857,P12|P27|P3|P4|P40|P46|P9,P18|P19|P2|P20|P22|P24|P30|P33|P35|P36|P43|P48|P8
5,2,segment_4,rbf,1,0.33677204978303904,P12|P27|P3|P4|P40|P46|P9,P18|P19|P2|P20|P22|P24|P30|P33|P35|P36|P43|P48|P8
5,2,segment_4,rbf,4,0.33676223058043153,P12|P27|P3|P4|P40|P46|P9,P18|P19|P2|P20|P22|P24|P30|P33|P35|P36|P43|P48|P8
5,2,segment_4,rbf,8,0.3252166449376997,P12|P27|P3|P4|P40|P46|P9,P18|P19|P2|P20|P22|P24|P30|P33|P35|P36|P43|P48|P8
5,2,segment_8,logistic_0.01,1,0.3372516108868343,P12|P27|P3|P4|P40|P46|P9,P18|P19|P2|P20|P22|P24|P30|P33|P35|P36|P43|P48|P8
5,2,segment_8,logistic_0.01,4,0.33400808304277196,P12|P27|P3|P4|P40|P46|P9,P18|P19|P2|P20|P22|P24|P30|P33|P35|P36|P43|P48|P8
5,2,segment_8,logistic_0.01,8,0.33038129761938645,P12|P27|P3|P4|P40|P46|P9,P18|P19|P2|P20|P22|P24|P30|P33|P35|P36|P43|P48|P8
5,2,segment_8,logistic_0.1,1,0.3391987937932048,P12|P27|P3|P4|P40|P46|P9,P18|P19|P2|P20|P22|P24|P30|P33|P35|P36|P43|P48|P8
5,2,segment_8,logistic_0.1,4,0.33014984464201863,P12|P27|P3|P4|P40|P46|P9,P18|P19|P2|P20|P22|P24|P30|P33|P35|P36|P43|P48|P8
5,2,segment_8,logistic_0.1,8,0.3281476619487103,P12|P27|P3|P4|P40|P46|P9,P18|P19|P2|P20|P22|P24|P30|P33|P35|P36|P43|P48|P8
5,2,segment_8,logistic_1,1,0.34029927481593986,P12|P27|P3|P4|P40|P46|P9,P18|P19|P2|P20|P22|P24|P30|P33|P35|P36|P43|P48|P8
5,2,segment_8,logistic_1,4,0.3290661715576391,P12|P27|P3|P4|P40|P46|P9,P18|P19|P2|P20|P22|P24|P30|P33|P35|P36|P43|P48|P8
5,2,segment_8,logistic_1,8,0.32935815003918506,P12|P27|P3|P4|P40|P46|P9,P18|P19|P2|P20|P22|P24|P30|P33|P35|P36|P43|P48|P8
5,2,segment_8,hgb,1,0.3188539637475221,P12|P27|P3|P4|P40|P46|P9,P18|P19|P2|P20|P22|P24|P30|P33|P35|P36|P43|P48|P8
5,2,segment_8,hgb,4,0.32553224569171835,P12|P27|P3|P4|P40|P46|P9,P18|P19|P2|P20|P22|P24|P30|P33|P35|P36|P43|P48|P8
5,2,segment_8,hgb,8,0.3241902169592309,P12|P27|P3|P4|P40|P46|P9,P18|P19|P2|P20|P22|P24|P30|P33|P35|P36|P43|P48|P8
5,2,segment_8,rbf,1,0.3300880079561633,P12|P27|P3|P4|P40|P46|P9,P18|P19|P2|P20|P22|P24|P30|P33|P35|P36|P43|P48|P8
5,2,segment_8,rbf,4,0.32389294954064,P12|P27|P3|P4|P40|P46|P9,P18|P19|P2|P20|P22|P24|P30|P33|P35|P36|P43|P48|P8
5,2,segment_8,rbf,8,0.3258293779777084,P12|P27|P3|P4|P40|P46|P9,P18|P19|P2|P20|P22|P24|P30|P33|P35|P36|P43|P48|P8
5,2,segment_16,logistic_0.01,1,0.32102022101862576,P12|P27|P3|P4|P40|P46|P9,P18|P19|P2|P20|P22|P24|P30|P33|P35|P36|P43|P48|P8
5,2,segment_16,logistic_0.01,4,0.3210773534014758,P12|P27|P3|P4|P40|P46|P9,P18|P19|P2|P20|P22|P24|P30|P33|P35|P36|P43|P48|P8
5,2,segment_16,logistic_0.01,8,0.31793118879592847,P12|P27|P3|P4|P40|P46|P9,P18|P19|P2|P20|P22|P24|P30|P33|P35|P36|P43|P48|P8
5,2,segment_16,logistic_0.1,1,0.32323656003525875,P12|P27|P3|P4|P40|P46|P9,P18|P19|P2|P20|P22|P24|P30|P33|P35|P36|P43|P48|P8
5,2,segment_16,logistic_0.1,4,0.3214399250337529,P12|P27|P3|P4|P40|P46|P9,P18|P19|P2|P20|P22|P24|P30|P33|P35|P36|P43|P48|P8
5,2,segment_16,logistic_0.1,8,0.31823583618368156,P12|P27|P3|P4|P40|P46|P9,P18|P19|P2|P20|P22|P24|P30|P33|P35|P36|P43|P48|P8
5,2,segment_16,logistic_1,1,0.3237347087844055,P12|P27|P3|P4|P40|P46|P9,P18|P19|P2|P20|P22|P24|P30|P33|P35|P36|P43|P48|P8
5,2,segment_16,logistic_1,4,0.31705019723503314,P12|P27|P3|P4|P40|P46|P9,P18|P19|P2|P20|P22|P24|P30|P33|P35|P36|P43|P48|P8
5,2,segment_16,logistic_1,8,0.3169362609261109,P12|P27|P3|P4|P40|P46|P9,P18|P19|P2|P20|P22|P24|P30|P33|P35|P36|P43|P48|P8
5,2,segment_16,hgb,1,0.3291559487748424,P12|P27|P3|P4|P40|P46|P9,P18|P19|P2|P20|P22|P24|P30|P33|P35|P36|P43|P48|P8
5,2,segment_16,hgb,4,0.3400724358429571,P12|P27|P3|P4|P40|P46|P9,P18|P19|P2|P20|P22|P24|P30|P33|P35|P36|P43|P48|P8
5,2,segment_16,hgb,8,0.33912270136510553,P12|P27|P3|P4|P40|P46|P9,P18|P19|P2|P20|P22|P24|P30|P33|P35|P36|P43|P48|P8
5,2,segment_16,rbf,1,0.3258535288596186,P12|P27|P3|P4|P40|P46|P9,P18|P19|P2|P20|P22|P24|P30|P33|P35|P36|P43|P48|P8
5,2,segment_16,rbf,4,0.3200566062876119,P12|P27|P3|P4|P40|P46|P9,P18|P19|P2|P20|P22|P24|P30|P33|P35|P36|P43|P48|P8
5,2,segment_16,rbf,8,0.3170912262923958,P12|P27|P3|P4|P40|P46|P9,P18|P19|P2|P20|P22|P24|P30|P33|P35|P36|P43|P48|P8
5,2,recording_4,logistic_0.01,1,0.34810474987995826,P12|P27|P3|P4|P40|P46|P9,P18|P19|P2|P20|P22|P24|P30|P33|P35|P36|P43|P48|P8
5,2,recording_4,logistic_0.01,4,0.35728275257263437,P12|P27|P3|P4|P40|P46|P9,P18|P19|P2|P20|P22|P24|P30|P33|P35|P36|P43|P48|P8
5,2,recording_4,logistic_0.01,8,0.3571728914783035,P12|P27|P3|P4|P40|P46|P9,P18|P19|P2|P20|P22|P24|P30|P33|P35|P36|P43|P48|P8
5,2,recording_4,logistic_0.1,1,0.348307753777043,P12|P27|P3|P4|P40|P46|P9,P18|P19|P2|P20|P22|P24|P30|P33|P35|P36|P43|P48|P8
5,2,recording_4,logistic_0.1,4,0.36082330436082793,P12|P27|P3|P4|P40|P46|P9,P18|P19|P2|P20|P22|P24|P30|P33|P35|P36|P43|P48|P8
5,2,recording_4,logistic_0.1,8,0.3583238708901809,P12|P27|P3|P4|P40|P46|P9,P18|P19|P2|P20|P22|P24|P30|P33|P35|P36|P43|P48|P8
5,2,recording_4,logistic_1,1,0.35100199029683576,P12|P27|P3|P4|P40|P46|P9,P18|P19|P2|P20|P22|P24|P30|P33|P35|P36|P43|P48|P8
5,2,recording_4,logistic_1,4,0.3614942407312474,P12|P27|P3|P4|P40|P46|P9,P18|P19|P2|P20|P22|P24|P30|P33|P35|P36|P43|P48|P8
5,2,recording_4,logistic_1,8,0.3583444464422015,P12|P27|P3|P4|P40|P46|P9,P18|P19|P2|P20|P22|P24|P30|P33|P35|P36|P43|P48|P8
5,2,recording_4,hgb,1,0.34665200194544576,P12|P27|P3|P4|P40|P46|P9,P18|P19|P2|P20|P22|P24|P30|P33|P35|P36|P43|P48|P8
5,2,recording_4,hgb,4,0.3476933419591993,P12|P27|P3|P4|P40|P46|P9,P18|P19|P2|P20|P22|P24|P30|P33|P35|P36|P43|P48|P8
5,2,recording_4,hgb,8,0.3430454528903857,P12|P27|P3|P4|P40|P46|P9,P18|P19|P2|P20|P22|P24|P30|P33|P35|P36|P43|P48|P8
5,2,recording_4,rbf,1,0.33677204978303904,P12|P27|P3|P4|P40|P46|P9,P18|P19|P2|P20|P22|P24|P30|P33|P35|P36|P43|P48|P8
5,2,recording_4,rbf,4,0.33676223058043153,P12|P27|P3|P4|P40|P46|P9,P18|P19|P2|P20|P22|P24|P30|P33|P35|P36|P43|P48|P8
5,2,recording_4,rbf,8,0.3252166449376997,P12|P27|P3|P4|P40|P46|P9,P18|P19|P2|P20|P22|P24|P30|P33|P35|P36|P43|P48|P8
5,2,recording_8,logistic_0.01,1,0.3372516108868343,P12|P27|P3|P4|P40|P46|P9,P18|P19|P2|P20|P22|P24|P30|P33|P35|P36|P43|P48|P8
5,2,recording_8,logistic_0.01,4,0.33400808304277196,P12|P27|P3|P4|P40|P46|P9,P18|P19|P2|P20|P22|P24|P30|P33|P35|P36|P43|P48|P8
5,2,recording_8,logistic_0.01,8,0.33038129761938645,P12|P27|P3|P4|P40|P46|P9,P18|P19|P2|P20|P22|P24|P30|P33|P35|P36|P43|P48|P8
5,2,recording_8,logistic_0.1,1,0.3391987937932048,P12|P27|P3|P4|P40|P46|P9,P18|P19|P2|P20|P22|P24|P30|P33|P35|P36|P43|P48|P8
5,2,recording_8,logistic_0.1,4,0.33014984464201863,P12|P27|P3|P4|P40|P46|P9,P18|P19|P2|P20|P22|P24|P30|P33|P35|P36|P43|P48|P8
5,2,recording_8,logistic_0.1,8,0.3281476619487103,P12|P27|P3|P4|P40|P46|P9,P18|P19|P2|P20|P22|P24|P30|P33|P35|P36|P43|P48|P8
5,2,recording_8,logistic_1,1,0.34029927481593986,P12|P27|P3|P4|P40|P46|P9,P18|P19|P2|P20|P22|P24|P30|P33|P35|P36|P43|P48|P8
5,2,recording_8,logistic_1,4,0.3290661715576391,P12|P27|P3|P4|P40|P46|P9,P18|P19|P2|P20|P22|P24|P30|P33|P35|P36|P43|P48|P8
5,2,recording_8,logistic_1,8,0.32935815003918506,P12|P27|P3|P4|P40|P46|P9,P18|P19|P2|P20|P22|P24|P30|P33|P35|P36|P43|P48|P8
5,2,recording_8,hgb,1,0.3188539637475221,P12|P27|P3|P4|P40|P46|P9,P18|P19|P2|P20|P22|P24|P30|P33|P35|P36|P43|P48|P8
5,2,recording_8,hgb,4,0.32553224569171835,P12|P27|P3|P4|P40|P46|P9,P18|P19|P2|P20|P22|P24|P30|P33|P35|P36|P43|P48|P8
5,2,recording_8,hgb,8,0.3241902169592309,P12|P27|P3|P4|P40|P46|P9,P18|P19|P2|P20|P22|P24|P30|P33|P35|P36|P43|P48|P8
5,2,recording_8,rbf,1,0.3300880079561633,P12|P27|P3|P4|P40|P46|P9,P18|P19|P2|P20|P22|P24|P30|P33|P35|P36|P43|P48|P8
5,2,recording_8,rbf,4,0.32389294954064,P12|P27|P3|P4|P40|P46|P9,P18|P19|P2|P20|P22|P24|P30|P33|P35|P36|P43|P48|P8
5,2,recording_8,rbf,8,0.3258293779777084,P12|P27|P3|P4|P40|P46|P9,P18|P19|P2|P20|P22|P24|P30|P33|P35|P36|P43|P48|P8
5,2,recording_16,logistic_0.01,1,0.32102022101862576,P12|P27|P3|P4|P40|P46|P9,P18|P19|P2|P20|P22|P24|P30|P33|P35|P36|P43|P48|P8
5,2,recording_16,logistic_0.01,4,0.3210773534014758,P12|P27|P3|P4|P40|P46|P9,P18|P19|P2|P20|P22|P24|P30|P33|P35|P36|P43|P48|P8
5,2,recording_16,logistic_0.01,8,0.31793118879592847,P12|P27|P3|P4|P40|P46|P9,P18|P19|P2|P20|P22|P24|P30|P33|P35|P36|P43|P48|P8
5,2,recording_16,logistic_0.1,1,0.32323656003525875,P12|P27|P3|P4|P40|P46|P9,P18|P19|P2|P20|P22|P24|P30|P33|P35|P36|P43|P48|P8
5,2,recording_16,logistic_0.1,4,0.3214399250337529,P12|P27|P3|P4|P40|P46|P9,P18|P19|P2|P20|P22|P24|P30|P33|P35|P36|P43|P48|P8
5,2,recording_16,logistic_0.1,8,0.31823583618368156,P12|P27|P3|P4|P40|P46|P9,P18|P19|P2|P20|P22|P24|P30|P33|P35|P36|P43|P48|P8
5,2,recording_16,logistic_1,1,0.3237347087844055,P12|P27|P3|P4|P40|P46|P9,P18|P19|P2|P20|P22|P24|P30|P33|P35|P36|P43|P48|P8
5,2,recording_16,logistic_1,4,0.31705019723503314,P12|P27|P3|P4|P40|P46|P9,P18|P19|P2|P20|P22|P24|P30|P33|P35|P36|P43|P48|P8
5,2,recording_16,logistic_1,8,0.3169362609261109,P12|P27|P3|P4|P40|P46|P9,P18|P19|P2|P20|P22|P24|P30|P33|P35|P36|P43|P48|P8
5,2,recording_16,hgb,1,0.3291559487748424,P12|P27|P3|P4|P40|P46|P9,P18|P19|P2|P20|P22|P24|P30|P33|P35|P36|P43|P48|P8
5,2,recording_16,hgb,4,0.3400724358429571,P12|P27|P3|P4|P40|P46|P9,P18|P19|P2|P20|P22|P24|P30|P33|P35|P36|P43|P48|P8
5,2,recording_16,hgb,8,0.33912270136510553,P12|P27|P3|P4|P40|P46|P9,P18|P19|P2|P20|P22|P24|P30|P33|P35|P36|P43|P48|P8
5,2,recording_16,rbf,1,0.3258535288596186,P12|P27|P3|P4|P40|P46|P9,P18|P19|P2|P20|P22|P24|P30|P33|P35|P36|P43|P48|P8
5,2,recording_16,rbf,4,0.3200566062876119,P12|P27|P3|P4|P40|P46|P9,P18|P19|P2|P20|P22|P24|P30|P33|P35|P36|P43|P48|P8
5,2,recording_16,rbf,8,0.3170912262923958,P12|P27|P3|P4|P40|P46|P9,P18|P19|P2|P20|P22|P24|P30|P33|P35|P36|P43|P48|P8
5,3,current,logistic_0.01,1,0.3451354074340165,P18|P19|P2|P22|P35|P43,P12|P20|P24|P27|P3|P30|P33|P36|P4|P40|P46|P48|P8|P9
5,3,current,logistic_0.01,4,0.3443320691676495,P18|P19|P2|P22|P35|P43,P12|P20|P24|P27|P3|P30|P33|P36|P4|P40|P46|P48|P8|P9
5,3,current,logistic_0.01,8,0.34582627179927855,P18|P19|P2|P22|P35|P43,P12|P20|P24|P27|P3|P30|P33|P36|P4|P40|P46|P48|P8|P9
5,3,current,logistic_0.1,1,0.3460114501477709,P18|P19|P2|P22|P35|P43,P12|P20|P24|P27|P3|P30|P33|P36|P4|P40|P46|P48|P8|P9
5,3,current,logistic_0.1,4,0.3423618949103566,P18|P19|P2|P22|P35|P43,P12|P20|P24|P27|P3|P30|P33|P36|P4|P40|P46|P48|P8|P9
5,3,current,logistic_0.1,8,0.34611809193302695,P18|P19|P2|P22|P35|P43,P12|P20|P24|P27|P3|P30|P33|P36|P4|P40|P46|P48|P8|P9
5,3,current,logistic_1,1,0.3441365842742397,P18|P19|P2|P22|P35|P43,P12|P20|P24|P27|P3|P30|P33|P36|P4|P40|P46|P48|P8|P9
5,3,current,logistic_1,4,0.34249072819597765,P18|P19|P2|P22|P35|P43,P12|P20|P24|P27|P3|P30|P33|P36|P4|P40|P46|P48|P8|P9
5,3,current,logistic_1,8,0.3463529581401432,P18|P19|P2|P22|P35|P43,P12|P20|P24|P27|P3|P30|P33|P36|P4|P40|P46|P48|P8|P9
5,3,current,hgb,1,0.3443096677319752,P18|P19|P2|P22|P35|P43,P12|P20|P24|P27|P3|P30|P33|P36|P4|P40|P46|P48|P8|P9
5,3,current,hgb,4,0.3538905613241279,P18|P19|P2|P22|P35|P43,P12|P20|P24|P27|P3|P30|P33|P36|P4|P40|P46|P48|P8|P9
5,3,current,hgb,8,0.3553680352693389,P18|P19|P2|P22|P35|P43,P12|P20|P24|P27|P3|P30|P33|P36|P4|P40|P46|P48|P8|P9
5,3,current,rbf,1,0.3474601656677061,P18|P19|P2|P22|P35|P43,P12|P20|P24|P27|P3|P30|P33|P36|P4|P40|P46|P48|P8|P9
5,3,current,rbf,4,0.359573723967233,P18|P19|P2|P22|P35|P43,P12|P20|P24|P27|P3|P30|P33|P36|P4|P40|P46|P48|P8|P9
5,3,current,rbf,8,0.3540338017456535,P18|P19|P2|P22|P35|P43,P12|P20|P24|P27|P3|P30|P33|P36|P4|P40|P46|P48|P8|P9
5,3,segment_4,logistic_0.01,1,0.3447888455773132,P18|P19|P2|P22|P35|P43,P12|P20|P24|P27|P3|P30|P33|P36|P4|P40|P46|P48|P8|P9
5,3,segment_4,logistic_0.01,4,0.3437480355231463,P18|P19|P2|P22|P35|P43,P12|P20|P24|P27|P3|P30|P33|P36|P4|P40|P46|P48|P8|P9
5,3,segment_4,logistic_0.01,8,0.3427335771804769,P18|P19|P2|P22|P35|P43,P12|P20|P24|P27|P3|P30|P33|P36|P4|P40|P46|P48|P8|P9
5,3,segment_4,logistic_0.1,1,0.34260915214723653,P18|P19|P2|P22|P35|P43,P12|P20|P24|P27|P3|P30|P33|P36|P4|P40|P46|P48|P8|P9
5,3,segment_4,logistic_0.1,4,0.34010276564421704,P18|P19|P2|P22|P35|P43,P12|P20|P24|P27|P3|P30|P33|P36|P4|P40|P46|P48|P8|P9
5,3,segment_4,logistic_0.1,8,0.34101735112203996,P18|P19|P2|P22|P35|P43,P12|P20|P24|P27|P3|P30|P33|P36|P4|P40|P46|P48|P8|P9
5,3,segment_4,logistic_1,1,0.34145837722516,P18|P19|P2|P22|P35|P43,P12|P20|P24|P27|P3|P30|P33|P36|P4|P40|P46|P48|P8|P9
5,3,segment_4,logistic_1,4,0.33917558067248726,P18|P19|P2|P22|P35|P43,P12|P20|P24|P27|P3|P30|P33|P36|P4|P40|P46|P48|P8|P9
5,3,segment_4,logistic_1,8,0.3404288379108866,P18|P19|P2|P22|P35|P43,P12|P20|P24|P27|P3|P30|P33|P36|P4|P40|P46|P48|P8|P9
5,3,segment_4,hgb,1,0.35882311954142515,P18|P19|P2|P22|P35|P43,P12|P20|P24|P27|P3|P30|P33|P36|P4|P40|P46|P48|P8|P9
5,3,segment_4,hgb,4,0.3511622219810895,P18|P19|P2|P22|P35|P43,P12|P20|P24|P27|P3|P30|P33|P36|P4|P40|P46|P48|P8|P9
5,3,segment_4,hgb,8,0.3611570771518868,P18|P19|P2|P22|P35|P43,P12|P20|P24|P27|P3|P30|P33|P36|P4|P40|P46|P48|P8|P9
5,3,segment_4,rbf,1,0.3416433041215827,P18|P19|P2|P22|P35|P43,P12|P20|P24|P27|P3|P30|P33|P36|P4|P40|P46|P48|P8|P9
5,3,segment_4,rbf,4,0.3384474580908982,P18|P19|P2|P22|P35|P43,P12|P20|P24|P27|P3|P30|P33|P36|P4|P40|P46|P48|P8|P9
5,3,segment_4,rbf,8,0.336218519444037,P18|P19|P2|P22|P35|P43,P12|P20|P24|P27|P3|P30|P33|P36|P4|P40|P46|P48|P8|P9
5,3,segment_8,logistic_0.01,1,0.3594345424611176,P18|P19|P2|P22|P35|P43,P12|P20|P24|P27|P3|P30|P33|P36|P4|P40|P46|P48|P8|P9
5,3,segment_8,logistic_0.01,4,0.3691993398604922,P18|P19|P2|P22|P35|P43,P12|P20|P24|P27|P3|P30|P33|P36|P4|P40|P46|P48|P8|P9
5,3,segment_8,logistic_0.01,8,0.37135436267711014,P18|P19|P2|P22|P35|P43,P12|P20|P24|P27|P3|P30|P33|P36|P4|P40|P46|P48|P8|P9
5,3,segment_8,logistic_0.1,1,0.35388965716890547,P18|P19|P2|P22|P35|P43,P12|P20|P24|P27|P3|P30|P33|P36|P4|P40|P46|P48|P8|P9
5,3,segment_8,logistic_0.1,4,0.3591945655069162,P18|P19|P2|P22|P35|P43,P12|P20|P24|P27|P3|P30|P33|P36|P4|P40|P46|P48|P8|P9
5,3,segment_8,logistic_0.1,8,0.3625338632421082,P18|P19|P2|P22|P35|P43,P12|P20|P24|P27|P3|P30|P33|P36|P4|P40|P46|P48|P8|P9
5,3,segment_8,logistic_1,1,0.35091008031952414,P18|P19|P2|P22|P35|P43,P12|P20|P24|P27|P3|P30|P33|P36|P4|P40|P46|P48|P8|P9
5,3,segment_8,logistic_1,4,0.3612207450238581,P18|P19|P2|P22|P35|P43,P12|P20|P24|P27|P3|P30|P33|P36|P4|P40|P46|P48|P8|P9
5,3,segment_8,logistic_1,8,0.36256547292582764,P18|P19|P2|P22|P35|P43,P12|P20|P24|P27|P3|P30|P33|P36|P4|P40|P46|P48|P8|P9
5,3,segment_8,hgb,1,0.3299286988456082,P18|P19|P2|P22|P35|P43,P12|P20|P24|P27|P3|P30|P33|P36|P4|P40|P46|P48|P8|P9
5,3,segment_8,hgb,4,0.3404018663904919,P18|P19|P2|P22|P35|P43,P12|P20|P24|P27|P3|P30|P33|P36|P4|P40|P46|P48|P8|P9
5,3,segment_8,hgb,8,0.33333750307081206,P18|P19|P2|P22|P35|P43,P12|P20|P24|P27|P3|P30|P33|P36|P4|P40|P46|P48|P8|P9
5,3,segment_8,rbf,1,0.34384871986994997,P18|P19|P2|P22|P35|P43,P12|P20|P24|P27|P3|P30|P33|P36|P4|P40|P46|P48|P8|P9
5,3,segment_8,rbf,4,0.3467769437684607,P18|P19|P2|P22|P35|P43,P12|P20|P24|P27|P3|P30|P33|P36|P4|P40|P46|P48|P8|P9
5,3,segment_8,rbf,8,0.3431215151641898,P18|P19|P2|P22|P35|P43,P12|P20|P24|P27|P3|P30|P33|P36|P4|P40|P46|P48|P8|P9
5,3,segment_16,logistic_0.01,1,0.35048487120377425,P18|P19|P2|P22|P35|P43,P12|P20|P24|P27|P3|P30|P33|P36|P4|P40|P46|P48|P8|P9
5,3,segment_16,logistic_0.01,4,0.3568124059874774,P18|P19|P2|P22|P35|P43,P12|P20|P24|P27|P3|P30|P33|P36|P4|P40|P46|P48|P8|P9
5,3,segment_16,logistic_0.01,8,0.35753275222246755,P18|P19|P2|P22|P35|P43,P12|P20|P24|P27|P3|P30|P33|P36|P4|P40|P46|P48|P8|P9
5,3,segment_16,logistic_0.1,1,0.3480118958245167,P18|P19|P2|P22|P35|P43,P12|P20|P24|P27|P3|P30|P33|P36|P4|P40|P46|P48|P8|P9
5,3,segment_16,logistic_0.1,4,0.3577574656705256,P18|P19|P2|P22|P35|P43,P12|P20|P24|P27|P3|P30|P33|P36|P4|P40|P46|P48|P8|P9
5,3,segment_16,logistic_0.1,8,0.358825418989855,P18|P19|P2|P22|P35|P43,P12|P20|P24|P27|P3|P30|P33|P36|P4|P40|P46|P48|P8|P9
5,3,segment_16,logistic_1,1,0.3447824211900843,P18|P19|P2|P22|P35|P43,P12|P20|P24|P27|P3|P30|P33|P36|P4|P40|P46|P48|P8|P9
5,3,segment_16,logistic_1,4,0.357423411762968,P18|P19|P2|P22|P35|P43,P12|P20|P24|P27|P3|P30|P33|P36|P4|P40|P46|P48|P8|P9
5,3,segment_16,logistic_1,8,0.35591838670456144,P18|P19|P2|P22|P35|P43,P12|P20|P24|P27|P3|P30|P33|P36|P4|P40|P46|P48|P8|P9
5,3,segment_16,hgb,1,0.34520117337022643,P18|P19|P2|P22|P35|P43,P12|P20|P24|P27|P3|P30|P33|P36|P4|P40|P46|P48|P8|P9
5,3,segment_16,hgb,4,0.35391796136792175,P18|P19|P2|P22|P35|P43,P12|P20|P24|P27|P3|P30|P33|P36|P4|P40|P46|P48|P8|P9
5,3,segment_16,hgb,8,0.3610341888045372,P18|P19|P2|P22|P35|P43,P12|P20|P24|P27|P3|P30|P33|P36|P4|P40|P46|P48|P8|P9
5,3,segment_16,rbf,1,0.3332760645123524,P18|P19|P2|P22|P35|P43,P12|P20|P24|P27|P3|P30|P33|P36|P4|P40|P46|P48|P8|P9
5,3,segment_16,rbf,4,0.3261417072997434,P18|P19|P2|P22|P35|P43,P12|P20|P24|P27|P3|P30|P33|P36|P4|P40|P46|P48|P8|P9
5,3,segment_16,rbf,8,0.3303326999907165,P18|P19|P2|P22|P35|P43,P12|P20|P24|P27|P3|P30|P33|P36|P4|P40|P46|P48|P8|P9
5,3,recording_4,logistic_0.01,1,0.3447888455773132,P18|P19|P2|P22|P35|P43,P12|P20|P24|P27|P3|P30|P33|P36|P4|P40|P46|P48|P8|P9
5,3,recording_4,logistic_0.01,4,0.3437480355231463,P18|P19|P2|P22|P35|P43,P12|P20|P24|P27|P3|P30|P33|P36|P4|P40|P46|P48|P8|P9
5,3,recording_4,logistic_0.01,8,0.3427335771804769,P18|P19|P2|P22|P35|P43,P12|P20|P24|P27|P3|P30|P33|P36|P4|P40|P46|P48|P8|P9
5,3,recording_4,logistic_0.1,1,0.34260915214723653,P18|P19|P2|P22|P35|P43,P12|P20|P24|P27|P3|P30|P33|P36|P4|P40|P46|P48|P8|P9
5,3,recording_4,logistic_0.1,4,0.34010276564421704,P18|P19|P2|P22|P35|P43,P12|P20|P24|P27|P3|P30|P33|P36|P4|P40|P46|P48|P8|P9
5,3,recording_4,logistic_0.1,8,0.34101735112203996,P18|P19|P2|P22|P35|P43,P12|P20|P24|P27|P3|P30|P33|P36|P4|P40|P46|P48|P8|P9
5,3,recording_4,logistic_1,1,0.34145837722516,P18|P19|P2|P22|P35|P43,P12|P20|P24|P27|P3|P30|P33|P36|P4|P40|P46|P48|P8|P9
5,3,recording_4,logistic_1,4,0.33917558067248726,P18|P19|P2|P22|P35|P43,P12|P20|P24|P27|P3|P30|P33|P36|P4|P40|P46|P48|P8|P9
5,3,recording_4,logistic_1,8,0.3404288379108866,P18|P19|P2|P22|P35|P43,P12|P20|P24|P27|P3|P30|P33|P36|P4|P40|P46|P48|P8|P9
5,3,recording_4,hgb,1,0.35882311954142515,P18|P19|P2|P22|P35|P43,P12|P20|P24|P27|P3|P30|P33|P36|P4|P40|P46|P48|P8|P9
5,3,recording_4,hgb,4,0.3511622219810895,P18|P19|P2|P22|P35|P43,P12|P20|P24|P27|P3|P30|P33|P36|P4|P40|P46|P48|P8|P9
5,3,recording_4,hgb,8,0.3611570771518868,P18|P19|P2|P22|P35|P43,P12|P20|P24|P27|P3|P30|P33|P36|P4|P40|P46|P48|P8|P9
5,3,recording_4,rbf,1,0.3416433041215827,P18|P19|P2|P22|P35|P43,P12|P20|P24|P27|P3|P30|P33|P36|P4|P40|P46|P48|P8|P9
5,3,recording_4,rbf,4,0.3384474580908982,P18|P19|P2|P22|P35|P43,P12|P20|P24|P27|P3|P30|P33|P36|P4|P40|P46|P48|P8|P9
5,3,recording_4,rbf,8,0.336218519444037,P18|P19|P2|P22|P35|P43,P12|P20|P24|P27|P3|P30|P33|P36|P4|P40|P46|P48|P8|P9
5,3,recording_8,logistic_0.01,1,0.3594345424611176,P18|P19|P2|P22|P35|P43,P12|P20|P24|P27|P3|P30|P33|P36|P4|P40|P46|P48|P8|P9
5,3,recording_8,logistic_0.01,4,0.3691993398604922,P18|P19|P2|P22|P35|P43,P12|P20|P24|P27|P3|P30|P33|P36|P4|P40|P46|P48|P8|P9
5,3,recording_8,logistic_0.01,8,0.37135436267711014,P18|P19|P2|P22|P35|P43,P12|P20|P24|P27|P3|P30|P33|P36|P4|P40|P46|P48|P8|P9
5,3,recording_8,logistic_0.1,1,0.35388965716890547,P18|P19|P2|P22|P35|P43,P12|P20|P24|P27|P3|P30|P33|P36|P4|P40|P46|P48|P8|P9
5,3,recording_8,logistic_0.1,4,0.3591945655069162,P18|P19|P2|P22|P35|P43,P12|P20|P24|P27|P3|P30|P33|P36|P4|P40|P46|P48|P8|P9
5,3,recording_8,logistic_0.1,8,0.3625338632421082,P18|P19|P2|P22|P35|P43,P12|P20|P24|P27|P3|P30|P33|P36|P4|P40|P46|P48|P8|P9
5,3,recording_8,logistic_1,1,0.35091008031952414,P18|P19|P2|P22|P35|P43,P12|P20|P24|P27|P3|P30|P33|P36|P4|P40|P46|P48|P8|P9
5,3,recording_8,logistic_1,4,0.3612207450238581,P18|P19|P2|P22|P35|P43,P12|P20|P24|P27|P3|P30|P33|P36|P4|P40|P46|P48|P8|P9
5,3,recording_8,logistic_1,8,0.36256547292582764,P18|P19|P2|P22|P35|P43,P12|P20|P24|P27|P3|P30|P33|P36|P4|P40|P46|P48|P8|P9
5,3,recording_8,hgb,1,0.3299286988456082,P18|P19|P2|P22|P35|P43,P12|P20|P24|P27|P3|P30|P33|P36|P4|P40|P46|P48|P8|P9
5,3,recording_8,hgb,4,0.3404018663904919,P18|P19|P2|P22|P35|P43,P12|P20|P24|P27|P3|P30|P33|P36|P4|P40|P46|P48|P8|P9
5,3,recording_8,hgb,8,0.33333750307081206,P18|P19|P2|P22|P35|P43,P12|P20|P24|P27|P3|P30|P33|P36|P4|P40|P46|P48|P8|P9
5,3,recording_8,rbf,1,0.34384871986994997,P18|P19|P2|P22|P35|P43,P12|P20|P24|P27|P3|P30|P33|P36|P4|P40|P46|P48|P8|P9
5,3,recording_8,rbf,4,0.3467769437684607,P18|P19|P2|P22|P35|P43,P12|P20|P24|P27|P3|P30|P33|P36|P4|P40|P46|P48|P8|P9
5,3,recording_8,rbf,8,0.3431215151641898,P18|P19|P2|P22|P35|P43,P12|P20|P24|P27|P3|P30|P33|P36|P4|P40|P46|P48|P8|P9
5,3,recording_16,logistic_0.01,1,0.35048487120377425,P18|P19|P2|P22|P35|P43,P12|P20|P24|P27|P3|P30|P33|P36|P4|P40|P46|P48|P8|P9
5,3,recording_16,logistic_0.01,4,0.3568124059874774,P18|P19|P2|P22|P35|P43,P12|P20|P24|P27|P3|P30|P33|P36|P4|P40|P46|P48|P8|P9
5,3,recording_16,logistic_0.01,8,0.35753275222246755,P18|P19|P2|P22|P35|P43,P12|P20|P24|P27|P3|P30|P33|P36|P4|P40|P46|P48|P8|P9
5,3,recording_16,logistic_0.1,1,0.3480118958245167,P18|P19|P2|P22|P35|P43,P12|P20|P24|P27|P3|P30|P33|P36|P4|P40|P46|P48|P8|P9
5,3,recording_16,logistic_0.1,4,0.3577574656705256,P18|P19|P2|P22|P35|P43,P12|P20|P24|P27|P3|P30|P33|P36|P4|P40|P46|P48|P8|P9
5,3,recording_16,logistic_0.1,8,0.358825418989855,P18|P19|P2|P22|P35|P43,P12|P20|P24|P27|P3|P30|P33|P36|P4|P40|P46|P48|P8|P9
5,3,recording_16,logistic_1,1,0.3447824211900843,P18|P19|P2|P22|P35|P43,P12|P20|P24|P27|P3|P30|P33|P36|P4|P40|P46|P48|P8|P9
5,3,recording_16,logistic_1,4,0.357423411762968,P18|P19|P2|P22|P35|P43,P12|P20|P24|P27|P3|P30|P33|P36|P4|P40|P46|P48|P8|P9
5,3,recording_16,logistic_1,8,0.35591838670456144,P18|P19|P2|P22|P35|P43,P12|P20|P24|P27|P3|P30|P33|P36|P4|P40|P46|P48|P8|P9
5,3,recording_16,hgb,1,0.34520117337022643,P18|P19|P2|P22|P35|P43,P12|P20|P24|P27|P3|P30|P33|P36|P4|P40|P46|P48|P8|P9
5,3,recording_16,hgb,4,0.35391796136792175,P18|P19|P2|P22|P35|P43,P12|P20|P24|P27|P3|P30|P33|P36|P4|P40|P46|P48|P8|P9
5,3,recording_16,hgb,8,0.3610341888045372,P18|P19|P2|P22|P35|P43,P12|P20|P24|P27|P3|P30|P33|P36|P4|P40|P46|P48|P8|P9
5,3,recording_16,rbf,1,0.3332760645123524,P18|P19|P2|P22|P35|P43,P12|P20|P24|P27|P3|P30|P33|P36|P4|P40|P46|P48|P8|P9
5,3,recording_16,rbf,4,0.3261417072997434,P18|P19|P2|P22|P35|P43,P12|P20|P24|P27|P3|P30|P33|P36|P4|P40|P46|P48|P8|P9
5,3,recording_16,rbf,8,0.3303326999907165,P18|P19|P2|P22|P35|P43,P12|P20|P24|P27|P3|P30|P33|P36|P4|P40|P46|P48|P8|P9
