task,kind,model,feature,participant,importance
attention_primary,classification,logistic,eeg_rms_uv,P23,-0.01376811594202899
attention_primary,classification,logistic,eeg_rms_uv,P28,-0.007907068141967432
attention_primary,classification,logistic,eeg_rms_uv,P31,0.004102564102564088
attention_primary,classification,logistic,eeg_rms_uv,P32,-0.0037301311056967103
attention_primary,classification,logistic,eeg_rms_uv,P38,0.0014545036284166312
attention_primary,classification,logistic,eeg_rms_uv,P41,0.00840613026819923
attention_primary,classification,logistic,eeg_rms_uv,P47,0.0009296148738379805
attention_primary,classification,logistic,eeg_rms_uv,P6,-0.0033883972468042923
attention_primary,classification,logistic,eeg_std_uv,P23,0.021256038647342955
attention_primary,classification,logistic,eeg_std_uv,P28,-0.03528478142572098
attention_primary,classification,logistic,eeg_std_uv,P31,0.007521367521367511
attention_primary,classification,logistic,eeg_std_uv,P32,-0.007104072398190053
attention_primary,classification,logistic,eeg_std_uv,P38,-0.010988246857812129
attention_primary,classification,logistic,eeg_std_uv,P41,0.0024958949096880066
attention_primary,classification,logistic,eeg_std_uv,P47,0.010889774236387772
attention_primary,classification,logistic,eeg_std_uv,P6,-0.00964208456243853
attention_primary,classification,logistic,eeg_peak_to_peak_uv,P23,-0.014492753623188425
attention_primary,classification,logistic,eeg_peak_to_peak_uv,P28,0.011835661164520278
attention_primary,classification,logistic,eeg_peak_to_peak_uv,P31,0.01572649572649574
attention_primary,classification,logistic,eeg_peak_to_peak_uv,P32,0.004665274393781183
attention_primary,classification,logistic,eeg_peak_to_peak_uv,P38,0.014388188301231753
attention_primary,classification,logistic,eeg_peak_to_peak_uv,P41,0.0027159277504104963
attention_primary,classification,logistic,eeg_peak_to_peak_uv,P47,0.0095617529880478
attention_primary,classification,logistic,eeg_peak_to_peak_uv,P6,-0.010059652572926897
attention_primary,classification,logistic,eeg_delta_relative,P23,0.02801932367149757
attention_primary,classification,logistic,eeg_delta_relative,P28,0.00606143055807491
attention_primary,classification,logistic,eeg_delta_relative,P31,-0.0011965811965811812
attention_primary,classification,logistic,eeg_delta_relative,P32,-0.003379742429516197
attention_primary,classification,logistic,eeg_delta_relative,P38,-0.014116318464144583
attention_primary,classification,logistic,eeg_delta_relative,P41,-0.010442255062944716
attention_primary,classification,logistic,eeg_delta_relative,P47,0.005179282868525892
attention_primary,classification,logistic,eeg_delta_relative,P6,-0.009194362504096987
attention_primary,classification,logistic,eeg_theta_relative,P23,0.036231884057970995
attention_primary,classification,logistic,eeg_theta_relative,P28,0.004486365560191108
attention_primary,classification,logistic,eeg_theta_relative,P31,-0.0027350427350427255
attention_primary,classification,logistic,eeg_theta_relative,P32,-0.006672467803689524
attention_primary,classification,logistic,eeg_theta_relative,P38,-0.023197293849467816
attention_primary,classification,logistic,eeg_theta_relative,P41,0.0007422003284072276
attention_primary,classification,logistic,eeg_theta_relative,P47,0.005577689243027884
attention_primary,classification,logistic,eeg_theta_relative,P6,-0.012284496886266788
attention_primary,classification,logistic,eeg_alpha_relative,P23,-0.0012077294685990559
attention_primary,classification,logistic,eeg_alpha_relative,P28,-0.007226857730213404
attention_primary,classification,logistic,eeg_alpha_relative,P31,5.551115123125783e-18
attention_primary,classification,logistic,eeg_alpha_relative,P32,0.008083304327648205
attention_primary,classification,logistic,eeg_alpha_relative,P38,-0.012582868017650656
attention_primary,classification,logistic,eeg_alpha_relative,P41,-0.00022222222222222364
attention_primary,classification,logistic,eeg_alpha_relative,P47,0.004515272244355906
attention_primary,classification,logistic,eeg_alpha_relative,P6,-0.012490986561783008
attention_primary,classification,logistic,eeg_beta_relative,P23,0.034782608695652154
attention_primary,classification,logistic,eeg_beta_relative,P28,0.0004277767700587076
attention_primary,classification,logistic,eeg_beta_relative,P31,0.004273504273504275
attention_primary,classification,logistic,eeg_beta_relative,P32,0.0047998607727114725
attention_primary,classification,logistic,eeg_beta_relative,P38,-0.01604659430746393
attention_primary,classification,logistic,eeg_beta_relative,P41,0.00023973727422004209
attention_primary,classification,logistic,eeg_beta_relative,P47,-0.00039840637450199167
attention_primary,classification,logistic,eeg_beta_relative,P6,-0.0018275975090134289
attention_primary,classification,logistic,eeg_gamma_relative,P23,0.0024154589371980393
attention_primary,classification,logistic,eeg_gamma_relative,P28,-0.00022975996130354394
attention_primary,classification,logistic,eeg_gamma_relative,P31,0.014358974358974347
attention_primary,classification,logistic,eeg_gamma_relative,P32,0.006387051862164983
attention_primary,classification,logistic,eeg_gamma_relative,P38,-0.005173892130413893
attention_primary,classification,logistic,eeg_gamma_relative,P41,-0.00702025177887246
attention_primary,classification,logistic,eeg_gamma_relative,P47,0.0071713147410358506
attention_primary,classification,logistic,eeg_gamma_relative,P6,-0.012407079646017671
attention_primary,classification,logistic,eeg_line_noise_ratio,P23,0.015217391304347799
attention_primary,classification,logistic,eeg_line_noise_ratio,P28,2.7208416470192454e-05
attention_primary,classification,logistic,eeg_line_noise_ratio,P31,0.00444444444444444
attention_primary,classification,logistic,eeg_line_noise_ratio,P32,0.012749738948833972
attention_primary,classification,logistic,eeg_line_noise_ratio,P38,-0.01202762615806099
attention_primary,classification,logistic,eeg_line_noise_ratio,P41,-0.012665571975916796
attention_primary,classification,logistic,eeg_line_noise_ratio,P47,-0.0010624169986719779
attention_primary,classification,logistic,eeg_line_noise_ratio,P6,-0.010512618813503766
attention_primary,classification,logistic,gsr_mean_z,P23,-0.005555555555555547
attention_primary,classification,logistic,gsr_mean_z,P28,0.004743333937964866
attention_primary,classification,logistic,gsr_mean_z,P31,0.001025641025641022
attention_primary,classification,logistic,gsr_mean_z,P32,-0.011613876319758682
attention_primary,classification,logistic,gsr_mean_z,P38,-0.003442290398812181
attention_primary,classification,logistic,gsr_mean_z,P41,0.0001926655719759196
attention_primary,classification,logistic,gsr_mean_z,P47,0.0013280212483399723
attention_primary,classification,logistic,gsr_mean_z,P6,0.006068174369059343
attention_primary,classification,logistic,gsr_std_z,P23,0.021739130434782556
attention_primary,classification,logistic,gsr_std_z,P28,-0.01554205211923328
attention_primary,classification,logistic,gsr_std_z,P31,0.0027350427350427255
attention_primary,classification,logistic,gsr_std_z,P32,-0.0025362571063928473
attention_primary,classification,logistic,gsr_std_z,P38,-0.004748311270050437
attention_primary,classification,logistic,gsr_std_z,P41,0.004197044334975364
attention_primary,classification,logistic,gsr_std_z,P47,-0.0007968127490039833
attention_primary,classification,logistic,gsr_std_z,P6,0.002373647984267474
attention_primary,classification,logistic,gsr_min_z,P23,0.01570048309178742
attention_primary,classification,logistic,gsr_min_z,P28,0.018834270512122896
attention_primary,classification,logistic,gsr_min_z,P31,-0.0013675213675213627
attention_primary,classification,logistic,gsr_min_z,P32,0.035647987005453075
attention_primary,classification,logistic,gsr_min_z,P38,-0.00262720371416027
attention_primary,classification,logistic,gsr_min_z,P41,0.0003787629994526531
attention_primary,classification,logistic,gsr_min_z,P47,0.002921646746347939
attention_primary,classification,logistic,gsr_min_z,P6,-0.012546050475253995
attention_primary,classification,logistic,gsr_max_z,P23,0.0012077294685990392
attention_primary,classification,logistic,gsr_max_z,P28,-0.0027042142813954615
attention_primary,classification,logistic,gsr_max_z,P31,0.000512820512820511
attention_primary,classification,logistic,gsr_max_z,P32,-0.000590555748926791
attention_primary,classification,logistic,gsr_max_z,P38,-0.0005332831419788131
attention_primary,classification,logistic,gsr_max_z,P41,0.002489326765188854
attention_primary,classification,logistic,gsr_max_z,P47,-0.00039840637450199167
attention_primary,classification,logistic,gsr_max_z,P6,0.002521796132415627
attention_primary,classification,logistic,gsr_tonic_mean_z,P23,-0.0026570048309178806
attention_primary,classification,logistic,gsr_tonic_mean_z,P28,0.0036217425479170783
attention_primary,classification,logistic,gsr_tonic_mean_z,P31,0.0008547008547008517
attention_primary,classification,logistic,gsr_tonic_mean_z,P32,-0.006904513284603786
attention_primary,classification,logistic,gsr_tonic_mean_z,P38,-0.003966685488424659
attention_primary,classification,logistic,gsr_tonic_mean_z,P41,0.0011428571428571455
attention_primary,classification,logistic,gsr_tonic_mean_z,P47,0.0021248339973439557
attention_primary,classification,logistic,gsr_tonic_mean_z,P6,0.0016302851524090834
attention_primary,classification,logistic,gsr_phasic_mean_z,P23,0.0033816425120772875
attention_primary,classification,logistic,gsr_phasic_mean_z,P28,0.009232722655541491
attention_primary,classification,logistic,gsr_phasic_mean_z,P31,0.000512820512820511
attention_primary,classification,logistic,gsr_phasic_mean_z,P32,0.01159879336349926
attention_primary,classification,logistic,gsr_phasic_mean_z,P38,-0.0018555116381203552
attention_primary,classification,logistic,gsr_phasic_mean_z,P41,0.0013223864258346985
attention_primary,classification,logistic,gsr_phasic_mean_z,P47,0.00026560424966799446
attention_primary,classification,logistic,gsr_phasic_mean_z,P6,-0.00886987872828579
attention_primary,classification,logistic,gsr_slope_z_s,P23,0.015458937198067596
attention_primary,classification,logistic,gsr_slope_z_s,P28,0.002875022673680422
attention_primary,classification,logistic,gsr_slope_z_s,P31,0.001538461538461533
attention_primary,classification,logistic,gsr_slope_z_s,P32,-0.009983756816335992
attention_primary,classification,logistic,gsr_slope_z_s,P38,-0.00873486416964681
attention_primary,classification,logistic,gsr_slope_z_s,P41,0.004009852216748777
attention_primary,classification,logistic,gsr_slope_z_s,P47,0.0
attention_primary,classification,logistic,gsr_slope_z_s,P6,0.0076873156342183
attention_primary,classification,logistic,gsr_scr_count,P23,-0.0024154589371980784
attention_primary,classification,logistic,gsr_scr_count,P28,0.0070560493379285775
attention_primary,classification,logistic,gsr_scr_count,P31,0.0
attention_primary,classification,logistic,gsr_scr_count,P32,-0.015541246084232529
attention_primary,classification,logistic,gsr_scr_count,P38,-0.0001249555597382157
attention_primary,classification,logistic,gsr_scr_count,P41,0.0
attention_primary,classification,logistic,gsr_scr_count,P47,-0.0006640106241699861
attention_primary,classification,logistic,gsr_scr_count,P6,0.0010317928548017274
attention_primary,classification,logistic,gsr_scr_mean_prominence_z,P23,0.0
attention_primary,classification,logistic,gsr_scr_mean_prominence_z,P28,0.00023278311868920042
attention_primary,classification,logistic,gsr_scr_mean_prominence_z,P31,0.0
attention_primary,classification,logistic,gsr_scr_mean_prominence_z,P32,0.0005835943844993529
attention_primary,classification,logistic,gsr_scr_mean_prominence_z,P38,-0.0003963025702156342
attention_primary,classification,logistic,gsr_scr_mean_prominence_z,P41,0.0
attention_primary,classification,logistic,gsr_scr_mean_prominence_z,P47,0.0
attention_primary,classification,logistic,gsr_scr_mean_prominence_z,P6,0.0005886594559161073
attention_primary,classification,logistic,modalidad:EEG,P23,-0.0009661835748792314
attention_primary,classification,logistic,modalidad:EEG,P28,0.012580869460064125
attention_primary,classification,logistic,modalidad:EEG,P31,-0.003418803418803418
attention_primary,classification,logistic,modalidad:EEG,P32,0.02319062536257107
attention_primary,classification,logistic,modalidad:EEG,P38,-0.020221887613192
attention_primary,classification,logistic,modalidad:EEG,P41,-0.00516803503010399
attention_primary,classification,logistic,modalidad:EEG,P47,-0.0033200531208499307
attention_primary,classification,logistic,modalidad:EEG,P6,0.006940019665683394
attention_primary,classification,logistic,modalidad:GSR,P23,0.021497584541062757
attention_primary,classification,logistic,modalidad:GSR,P28,-0.025201039966140593
attention_primary,classification,logistic,modalidad:GSR,P31,0.0027350427350427255
attention_primary,classification,logistic,modalidad:GSR,P32,3.4806822137134484e-06
attention_primary,classification,logistic,modalidad:GSR,P38,-0.012421837421837455
attention_primary,classification,logistic,modalidad:GSR,P41,0.004006568144499173
attention_primary,classification,logistic,modalidad:GSR,P47,0.003054448871181936
attention_primary,classification,logistic,modalidad:GSR,P6,0.0038485742379547826
attention_primary,classification,random_forest,eeg_rms_uv,P23,0.007246376811594185
attention_primary,classification,random_forest,eeg_rms_uv,P28,0.01576727734445853
attention_primary,classification,random_forest,eeg_rms_uv,P31,0.00940170940170939
attention_primary,classification,random_forest,eeg_rms_uv,P32,-0.005697876783849637
attention_primary,classification,random_forest,eeg_rms_uv,P38,0.00691699604743079
attention_primary,classification,random_forest,eeg_rms_uv,P41,0.006853858784893229
attention_primary,classification,random_forest,eeg_rms_uv,P47,0.0005312084993359889
attention_primary,classification,random_forest,eeg_rms_uv,P6,0.014049819731235697
attention_primary,classification,random_forest,eeg_std_uv,P23,0.007487922705313998
attention_primary,classification,random_forest,eeg_std_uv,P28,0.012399480016929665
attention_primary,classification,random_forest,eeg_std_uv,P31,0.0030769230769230717
attention_primary,classification,random_forest,eeg_std_uv,P32,-0.006861584870634668
attention_primary,classification,random_forest,eeg_std_uv,P38,0.0013034067381893111
attention_primary,classification,random_forest,eeg_std_uv,P41,0.005506294471811701
attention_primary,classification,random_forest,eeg_std_uv,P47,-0.0019920318725099584
attention_primary,classification,random_forest,eeg_std_uv,P6,0.011859718125204883
attention_primary,classification,random_forest,eeg_peak_to_peak_uv,P23,-0.005555555555555547
attention_primary,classification,random_forest,eeg_peak_to_peak_uv,P28,0.01038605719813771
attention_primary,classification,random_forest,eeg_peak_to_peak_uv,P31,0.010769230769230758
attention_primary,classification,random_forest,eeg_peak_to_peak_uv,P32,-0.00628843253277645
attention_primary,classification,random_forest,eeg_peak_to_peak_uv,P38,0.006853211201037252
attention_primary,classification,random_forest,eeg_peak_to_peak_uv,P41,0.0068429118773946085
attention_primary,classification,random_forest,eeg_peak_to_peak_uv,P47,0.0015936254980079667
attention_primary,classification,random_forest,eeg_peak_to_peak_uv,P6,0.0016591281547033987
attention_primary,classification,random_forest,eeg_delta_relative,P23,-0.005072463768115926
attention_primary,classification,random_forest,eeg_delta_relative,P28,0.009219118447306347
attention_primary,classification,random_forest,eeg_delta_relative,P31,0.01042735042735043
attention_primary,classification,random_forest,eeg_delta_relative,P32,-0.018513748694744203
attention_primary,classification,random_forest,eeg_delta_relative,P38,0.012779450822929039
attention_primary,classification,random_forest,eeg_delta_relative,P41,-0.003643130815544615
attention_primary,classification,random_forest,eeg_delta_relative,P47,0.0026560424966799445
attention_primary,classification,random_forest,eeg_delta_relative,P6,0.001339888561127528
attention_primary,classification,random_forest,eeg_theta_relative,P23,-0.02391304347826087
attention_primary,classification,random_forest,eeg_theta_relative,P28,-0.005382731725013612
attention_primary,classification,random_forest,eeg_theta_relative,P31,0.0076923076923076815
attention_primary,classification,random_forest,eeg_theta_relative,P32,-0.023602506091193888
attention_primary,classification,random_forest,eeg_theta_relative,P38,0.011728569337264955
attention_primary,classification,random_forest,eeg_theta_relative,P41,0.012603174603174571
attention_primary,classification,random_forest,eeg_theta_relative,P47,-0.002921646746347939
attention_primary,classification,random_forest,eeg_theta_relative,P6,0.0045860373647984565
attention_primary,classification,random_forest,eeg_alpha_relative,P23,0.01135265700483093
attention_primary,classification,random_forest,eeg_alpha_relative,P28,0.005224015962270967
attention_primary,classification,random_forest,eeg_alpha_relative,P31,0.0023931623931623845
attention_primary,classification,random_forest,eeg_alpha_relative,P32,-0.021253045596937026
attention_primary,classification,random_forest,eeg_alpha_relative,P38,0.015704665704665655
attention_primary,classification,random_forest,eeg_alpha_relative,P41,0.008051450465243536
attention_primary,classification,random_forest,eeg_alpha_relative,P47,0.005179282868525892
attention_primary,classification,random_forest,eeg_alpha_relative,P6,0.007267781055391687
attention_primary,classification,random_forest,eeg_beta_relative,P23,-0.0024154589371980393
attention_primary,classification,random_forest,eeg_beta_relative,P28,0.019553781969889328
attention_primary,classification,random_forest,eeg_beta_relative,P31,0.003760683760683753
attention_primary,classification,random_forest,eeg_beta_relative,P32,-0.0037243299686738783
attention_primary,classification,random_forest,eeg_beta_relative,P38,-0.0033413848631240416
attention_primary,classification,random_forest,eeg_beta_relative,P41,0.0019036672140120225
attention_primary,classification,random_forest,eeg_beta_relative,P47,0.001726427622841964
attention_primary,classification,random_forest,eeg_beta_relative,P6,-0.0007531956735496393
attention_primary,classification,random_forest,eeg_gamma_relative,P23,0.005314009661835739
attention_primary,classification,random_forest,eeg_gamma_relative,P28,0.015528447910998232
attention_primary,classification,random_forest,eeg_gamma_relative,P31,0.010256410256410237
attention_primary,classification,random_forest,eeg_gamma_relative,P32,-0.011568627450980412
attention_primary,classification,random_forest,eeg_gamma_relative,P38,0.009003074220465469
attention_primary,classification,random_forest,eeg_gamma_relative,P41,0.008352490421455916
attention_primary,classification,random_forest,eeg_gamma_relative,P47,-0.008764940239043817
attention_primary,classification,random_forest,eeg_gamma_relative,P6,0.008009832841691284
attention_primary,classification,random_forest,eeg_line_noise_ratio,P23,0.013043478260869568
attention_primary,classification,random_forest,eeg_line_noise_ratio,P28,0.00587852953624764
attention_primary,classification,random_forest,eeg_line_noise_ratio,P31,0.009230769230769214
attention_primary,classification,random_forest,eeg_line_noise_ratio,P32,0.011403875159531252
attention_primary,classification,random_forest,eeg_line_noise_ratio,P38,0.016360290273333696
attention_primary,classification,random_forest,eeg_line_noise_ratio,P41,-0.003073891625615788
attention_primary,classification,random_forest,eeg_line_noise_ratio,P47,-0.007436918990703844
attention_primary,classification,random_forest,eeg_line_noise_ratio,P6,0.009750245821042303
attention_primary,classification,random_forest,gsr_mean_z,P23,0.0070048309178743886
attention_primary,classification,random_forest,gsr_mean_z,P28,-0.0004580083439143956
attention_primary,classification,random_forest,gsr_mean_z,P31,0.006324786324786303
attention_primary,classification,random_forest,gsr_mean_z,P32,-0.006664346211857542
attention_primary,classification,random_forest,gsr_mean_z,P38,0.006998034171947176
attention_primary,classification,random_forest,gsr_mean_z,P41,-0.0019211822660098743
attention_primary,classification,random_forest,gsr_mean_z,P47,-0.0031872509960159333
attention_primary,classification,random_forest,gsr_mean_z,P6,0.015961979678793863
attention_primary,classification,random_forest,gsr_std_z,P23,0.016908212560386476
attention_primary,classification,random_forest,gsr_std_z,P28,-0.0020527238648044175
attention_primary,classification,random_forest,gsr_std_z,P31,-0.005811965811965802
attention_primary,classification,random_forest,gsr_std_z,P32,-0.00156050585914842
attention_primary,classification,random_forest,gsr_std_z,P38,0.008581675972980268
attention_primary,classification,random_forest,gsr_std_z,P41,0.004989600437876279
attention_primary,classification,random_forest,gsr_std_z,P47,-0.003054448871181936
attention_primary,classification,random_forest,gsr_std_z,P6,0.00829039659128158
attention_primary,classification,random_forest,gsr_min_z,P23,0.02270531400966185
attention_primary,classification,random_forest,gsr_min_z,P28,0.015743092085373934
attention_primary,classification,random_forest,gsr_min_z,P31,0.005641025641025638
attention_primary,classification,random_forest,gsr_min_z,P32,-0.007877944077039123
attention_primary,classification,random_forest,gsr_min_z,P38,0.0035635861722817797
attention_primary,classification,random_forest,gsr_min_z,P41,-7.662835249061528e-06
attention_primary,classification,random_forest,gsr_min_z,P47,-0.007304116865869847
attention_primary,classification,random_forest,gsr_min_z,P6,0.000596525729269115
attention_primary,classification,random_forest,gsr_max_z,P23,0.015458937198067646
attention_primary,classification,random_forest,gsr_max_z,P28,-0.0021630691093778576
attention_primary,classification,random_forest,gsr_max_z,P31,0.002051282051282044
attention_primary,classification,random_forest,gsr_max_z,P32,-0.03164288200487297
attention_primary,classification,random_forest,gsr_max_z,P38,0.015722441809398274
attention_primary,classification,random_forest,gsr_max_z,P41,0.004580186097427441
attention_primary,classification,random_forest,gsr_max_z,P47,-0.003452855245683928
attention_primary,classification,random_forest,gsr_max_z,P6,0.014184857423795511
attention_primary,classification,random_forest,gsr_tonic_mean_z,P23,0.014734299516908217
attention_primary,classification,random_forest,gsr_tonic_mean_z,P28,0.019132051514601834
attention_primary,classification,random_forest,gsr_tonic_mean_z,P31,0.0136752136752137
attention_primary,classification,random_forest,gsr_tonic_mean_z,P32,-0.004313725490196091
attention_primary,classification,random_forest,gsr_tonic_mean_z,P38,0.010165840600623149
attention_primary,classification,random_forest,gsr_tonic_mean_z,P41,0.002291187739463585
attention_primary,classification,random_forest,gsr_tonic_mean_z,P47,0.003054448871181936
attention_primary,classification,random_forest,gsr_tonic_mean_z,P6,0.008451655195018042
attention_primary,classification,random_forest,gsr_phasic_mean_z,P23,0.0004830917874396268
attention_primary,classification,random_forest,gsr_phasic_mean_z,P28,0.004847632867767076
attention_primary,classification,random_forest,gsr_phasic_mean_z,P31,-0.004102564102564094
attention_primary,classification,random_forest,gsr_phasic_mean_z,P32,-0.01155586494953012
attention_primary,classification,random_forest,gsr_phasic_mean_z,P38,0.005395570612961881
attention_primary,classification,random_forest,gsr_phasic_mean_z,P41,0.005543513957307034
attention_primary,classification,random_forest,gsr_phasic_mean_z,P47,-0.002523240371845947
attention_primary,classification,random_forest,gsr_phasic_mean_z,P6,0.0011773189118322092
attention_primary,classification,random_forest,gsr_slope_z_s,P23,0.012077294685990336
attention_primary,classification,random_forest,gsr_slope_z_s,P28,0.008333333333333326
attention_primary,classification,random_forest,gsr_slope_z_s,P31,0.005982905982905962
attention_primary,classification,random_forest,gsr_slope_z_s,P32,-0.026837220095138663
attention_primary,classification,random_forest,gsr_slope_z_s,P38,0.018881360185707945
attention_primary,classification,random_forest,gsr_slope_z_s,P41,-0.004573617952928322
attention_primary,classification,random_forest,gsr_slope_z_s,P47,-0.001195219123505975
attention_primary,classification,random_forest,gsr_slope_z_s,P6,0.013163552933464467
attention_primary,classification,random_forest,gsr_scr_count,P23,0.0
attention_primary,classification,random_forest,gsr_scr_count,P28,0.001800290223109019
attention_primary,classification,random_forest,gsr_scr_count,P31,0.0
attention_primary,classification,random_forest,gsr_scr_count,P32,0.00038635572572223167
attention_primary,classification,random_forest,gsr_scr_count,P38,0.0
attention_primary,classification,random_forest,gsr_scr_count,P41,0.0
attention_primary,classification,random_forest,gsr_scr_count,P47,0.0
attention_primary,classification,random_forest,gsr_scr_count,P6,0.0
attention_primary,classification,random_forest,gsr_scr_mean_prominence_z,P23,0.0
attention_primary,classification,random_forest,gsr_scr_mean_prominence_z,P28,0.0033814015357639393
attention_primary,classification,random_forest,gsr_scr_mean_prominence_z,P31,0.0
attention_primary,classification,random_forest,gsr_scr_mean_prominence_z,P32,-0.00019607843137254833
attention_primary,classification,random_forest,gsr_scr_mean_prominence_z,P38,0.00039525691699603404
attention_primary,classification,random_forest,gsr_scr_mean_prominence_z,P41,0.0
attention_primary,classification,random_forest,gsr_scr_mean_prominence_z,P47,0.0
attention_primary,classification,random_forest,gsr_scr_mean_prominence_z,P6,0.0
attention_primary,classification,random_forest,modalidad:EEG,P23,-0.0147342995169082
attention_primary,classification,random_forest,modalidad:EEG,P28,0.019153213616300825
attention_primary,classification,random_forest,modalidad:EEG,P31,-0.007179487179487176
attention_primary,classification,random_forest,modalidad:EEG,P32,-0.004290520942104681
attention_primary,classification,random_forest,modalidad:EEG,P38,0.030908463517159136
attention_primary,classification,random_forest,modalidad:EEG,P41,0.008590038314176218
attention_primary,classification,random_forest,modalidad:EEG,P47,-0.011288180610889764
attention_primary,classification,random_forest,modalidad:EEG,P6,0.004708620124549356
attention_primary,classification,random_forest,modalidad:GSR,P23,0.0429951690821256
attention_primary,classification,random_forest,modalidad:GSR,P28,-0.003060946852893193
attention_primary,classification,random_forest,modalidad:GSR,P31,0.0027350427350427307
attention_primary,classification,random_forest,modalidad:GSR,P32,-0.04136326720037128
attention_primary,classification,random_forest,modalidad:GSR,P38,0.030899052638183024
attention_primary,classification,random_forest,modalidad:GSR,P41,-0.013404488232074463
attention_primary,classification,random_forest,modalidad:GSR,P47,-0.009960159362549792
attention_primary,classification,random_forest,modalidad:GSR,P6,0.014178957718780744
attention_primary,regression,ridge,eeg_rms_uv,P23,-0.005676716793617409
attention_primary,regression,ridge,eeg_rms_uv,P28,0.02209015754381365
attention_primary,regression,ridge,eeg_rms_uv,P31,0.0003142861635319738
attention_primary,regression,ridge,eeg_rms_uv,P32,0.0021890427411214606
attention_primary,regression,ridge,eeg_rms_uv,P38,0.007139594592547494
attention_primary,regression,ridge,eeg_rms_uv,P41,0.029061820903802448
attention_primary,regression,ridge,eeg_rms_uv,P47,0.0005304593415982773
attention_primary,regression,ridge,eeg_rms_uv,P6,0.003505241398004055
attention_primary,regression,ridge,eeg_std_uv,P23,0.021578520087343935
attention_primary,regression,ridge,eeg_std_uv,P28,0.01990720942186206
attention_primary,regression,ridge,eeg_std_uv,P31,0.0006853123919300597
attention_primary,regression,ridge,eeg_std_uv,P32,0.00580148304102277
attention_primary,regression,ridge,eeg_std_uv,P38,0.007464053239518575
attention_primary,regression,ridge,eeg_std_uv,P41,0.03519796976303027
attention_primary,regression,ridge,eeg_std_uv,P47,0.003403926757162412
attention_primary,regression,ridge,eeg_std_uv,P6,0.007018975530492555
attention_primary,regression,ridge,eeg_peak_to_peak_uv,P23,0.005352878720246768
attention_primary,regression,ridge,eeg_peak_to_peak_uv,P28,0.030450115725715588
attention_primary,regression,ridge,eeg_peak_to_peak_uv,P31,0.0011749063886816735
attention_primary,regression,ridge,eeg_peak_to_peak_uv,P32,0.004373134595172923
attention_primary,regression,ridge,eeg_peak_to_peak_uv,P38,0.011757620307225746
attention_primary,regression,ridge,eeg_peak_to_peak_uv,P41,0.01443557236364117
attention_primary,regression,ridge,eeg_peak_to_peak_uv,P47,-0.0009639006067270417
attention_primary,regression,ridge,eeg_peak_to_peak_uv,P6,0.0036992101352148364
attention_primary,regression,ridge,eeg_delta_relative,P23,0.10707314762263323
attention_primary,regression,ridge,eeg_delta_relative,P28,0.051329897785920384
attention_primary,regression,ridge,eeg_delta_relative,P31,0.11932844157457237
attention_primary,regression,ridge,eeg_delta_relative,P32,0.08918355444565955
attention_primary,regression,ridge,eeg_delta_relative,P38,0.20584156509141655
attention_primary,regression,ridge,eeg_delta_relative,P41,0.12012478800632295
attention_primary,regression,ridge,eeg_delta_relative,P47,0.11901624428031524
attention_primary,regression,ridge,eeg_delta_relative,P6,0.13549813029347552
attention_primary,regression,ridge,eeg_theta_relative,P23,0.02528571625928473
attention_primary,regression,ridge,eeg_theta_relative,P28,0.017796106628836995
attention_primary,regression,ridge,eeg_theta_relative,P31,0.013472399579116856
attention_primary,regression,ridge,eeg_theta_relative,P32,0.02022515391293391
attention_primary,regression,ridge,eeg_theta_relative,P38,0.041902519466737176
attention_primary,regression,ridge,eeg_theta_relative,P41,0.005454656593113838
attention_primary,regression,ridge,eeg_theta_relative,P47,0.015631817772272648
attention_primary,regression,ridge,eeg_theta_relative,P6,0.021248100897101208
attention_primary,regression,ridge,eeg_alpha_relative,P23,0.009309269643574791
attention_primary,regression,ridge,eeg_alpha_relative,P28,-7.076795808292901e-05
attention_primary,regression,ridge,eeg_alpha_relative,P31,0.005622054924031295
attention_primary,regression,ridge,eeg_alpha_relative,P32,0.00803721173126617
attention_primary,regression,ridge,eeg_alpha_relative,P38,0.0030859122186682074
attention_primary,regression,ridge,eeg_alpha_relative,P41,0.007399610429554615
attention_primary,regression,ridge,eeg_alpha_relative,P47,0.008905203412463347
attention_primary,regression,ridge,eeg_alpha_relative,P6,0.0047161970723866185
attention_primary,regression,ridge,eeg_beta_relative,P23,0.04112883578409245
attention_primary,regression,ridge,eeg_beta_relative,P28,-0.0016251170742229593
attention_primary,regression,ridge,eeg_beta_relative,P31,0.03743776530925271
attention_primary,regression,ridge,eeg_beta_relative,P32,0.014695215019381624
attention_primary,regression,ridge,eeg_beta_relative,P38,0.024464633956301208
attention_primary,regression,ridge,eeg_beta_relative,P41,0.04682574532246577
attention_primary,regression,ridge,eeg_beta_relative,P47,0.017797304246479073
attention_primary,regression,ridge,eeg_beta_relative,P6,0.009019568673874346
attention_primary,regression,ridge,eeg_gamma_relative,P23,0.00349871064883841
attention_primary,regression,ridge,eeg_gamma_relative,P28,-0.0004299701642494269
attention_primary,regression,ridge,eeg_gamma_relative,P31,-0.0026522585177773837
attention_primary,regression,ridge,eeg_gamma_relative,P32,0.0008380828218062519
attention_primary,regression,ridge,eeg_gamma_relative,P38,-1.5656458781698745e-05
attention_primary,regression,ridge,eeg_gamma_relative,P41,0.0047690099595163685
attention_primary,regression,ridge,eeg_gamma_relative,P47,-0.00029631582121001363
attention_primary,regression,ridge,eeg_gamma_relative,P6,-0.0013093553443806027
attention_primary,regression,ridge,eeg_line_noise_ratio,P23,-0.004572072489044443
attention_primary,regression,ridge,eeg_line_noise_ratio,P28,0.00146186982870804
attention_primary,regression,ridge,eeg_line_noise_ratio,P31,0.00033778949347507137
attention_primary,regression,ridge,eeg_line_noise_ratio,P32,0.0016103341324739783
attention_primary,regression,ridge,eeg_line_noise_ratio,P38,0.002655283133340747
attention_primary,regression,ridge,eeg_line_noise_ratio,P41,-0.0010771915289667256
attention_primary,regression,ridge,eeg_line_noise_ratio,P47,-5.898101105472619e-06
attention_primary,regression,ridge,eeg_line_noise_ratio,P6,0.0008530827989332134
attention_primary,regression,ridge,gsr_mean_z,P23,-0.0006315942378055328
attention_primary,regression,ridge,gsr_mean_z,P28,-0.005297395960442541
attention_primary,regression,ridge,gsr_mean_z,P31,-0.00020697305807892974
attention_primary,regression,ridge,gsr_mean_z,P32,-0.004839947570355307
attention_primary,regression,ridge,gsr_mean_z,P38,0.0006570597923800548
attention_primary,regression,ridge,gsr_mean_z,P41,-0.0007236382616062853
attention_primary,regression,ridge,gsr_mean_z,P47,4.4881465735002735e-06
attention_primary,regression,ridge,gsr_mean_z,P6,-0.00029817967291907445
attention_primary,regression,ridge,gsr_std_z,P23,-0.0002471712524438008
attention_primary,regression,ridge,gsr_std_z,P28,0.005350299638585609
attention_primary,regression,ridge,gsr_std_z,P31,-4.9346902273494916e-05
attention_primary,regression,ridge,gsr_std_z,P32,-0.0008451788293298401
attention_primary,regression,ridge,gsr_std_z,P38,-0.00018849123695108272
attention_primary,regression,ridge,gsr_std_z,P41,9.055152440966552e-05
attention_primary,regression,ridge,gsr_std_z,P47,0.0003225846920892117
attention_primary,regression,ridge,gsr_std_z,P6,0.00027931399739540287
attention_primary,regression,ridge,gsr_min_z,P23,0.0035236016005921744
attention_primary,regression,ridge,gsr_min_z,P28,0.022918072044494763
attention_primary,regression,ridge,gsr_min_z,P31,0.0008600753039524012
attention_primary,regression,ridge,gsr_min_z,P32,0.023903326181896455
attention_primary,regression,ridge,gsr_min_z,P38,0.01736847684846097
attention_primary,regression,ridge,gsr_min_z,P41,0.002616930175074228
attention_primary,regression,ridge,gsr_min_z,P47,-0.0002016371254988103
attention_primary,regression,ridge,gsr_min_z,P6,0.00423077322865022
attention_primary,regression,ridge,gsr_max_z,P23,-0.0007964382625241573
attention_primary,regression,ridge,gsr_max_z,P28,-0.008578957312142265
attention_primary,regression,ridge,gsr_max_z,P31,-0.00026943674931259045
attention_primary,regression,ridge,gsr_max_z,P32,-0.005898347212641352
attention_primary,regression,ridge,gsr_max_z,P38,0.0019551598457093087
attention_primary,regression,ridge,gsr_max_z,P41,-0.0010590358394992672
attention_primary,regression,ridge,gsr_max_z,P47,-0.00016400103970499736
attention_primary,regression,ridge,gsr_max_z,P6,-0.00044360182677353197
attention_primary,regression,ridge,gsr_tonic_mean_z,P23,-0.0006032943169078208
attention_primary,regression,ridge,gsr_tonic_mean_z,P28,-0.0037657671305926232
attention_primary,regression,ridge,gsr_tonic_mean_z,P31,-0.00015529227978949844
attention_primary,regression,ridge,gsr_tonic_mean_z,P32,-0.004387981848834943
attention_primary,regression,ridge,gsr_tonic_mean_z,P38,0.0005175288689923229
attention_primary,regression,ridge,gsr_tonic_mean_z,P41,-0.0011478714410333435
attention_primary,regression,ridge,gsr_tonic_mean_z,P47,8.079892762538065e-05
attention_primary,regression,ridge,gsr_tonic_mean_z,P6,-0.00013547072831190387
attention_primary,regression,ridge,gsr_phasic_mean_z,P23,-1.7707319495785522e-05
attention_primary,regression,ridge,gsr_phasic_mean_z,P28,-0.0006292883487808987
attention_primary,regression,ridge,gsr_phasic_mean_z,P31,-1.6051801187377813e-05
attention_primary,regression,ridge,gsr_phasic_mean_z,P32,-0.00020744328320616568
attention_primary,regression,ridge,gsr_phasic_mean_z,P38,1.676339491475387e-05
attention_primary,regression,ridge,gsr_phasic_mean_z,P41,0.0001317518163402198
attention_primary,regression,ridge,gsr_phasic_mean_z,P47,-1.9540339760459878e-05
attention_primary,regression,ridge,gsr_phasic_mean_z,P6,-6.512174739079502e-05
attention_primary,regression,ridge,gsr_slope_z_s,P23,-0.0010989960603939974
attention_primary,regression,ridge,gsr_slope_z_s,P28,0.009406009832790807
attention_primary,regression,ridge,gsr_slope_z_s,P31,1.7566228290233354e-05
attention_primary,regression,ridge,gsr_slope_z_s,P32,-0.0017878575684844745
attention_primary,regression,ridge,gsr_slope_z_s,P38,-4.186826524668064e-05
attention_primary,regression,ridge,gsr_slope_z_s,P41,-0.00023936817728809068
attention_primary,regression,ridge,gsr_slope_z_s,P47,0.00041618044408957554
attention_primary,regression,ridge,gsr_slope_z_s,P6,0.0018070019063084475
attention_primary,regression,ridge,gsr_scr_count,P23,0.00017382232683293974
attention_primary,regression,ridge,gsr_scr_count,P28,0.002728842827633071
attention_primary,regression,ridge,gsr_scr_count,P31,0.0
attention_primary,regression,ridge,gsr_scr_count,P32,-0.00027753767708946773
attention_primary,regression,ridge,gsr_scr_count,P38,0.00028739443333281045
attention_primary,regression,ridge,gsr_scr_count,P41,0.0
attention_primary,regression,ridge,gsr_scr_count,P47,2.0202115447998103e-05
attention_primary,regression,ridge,gsr_scr_count,P6,-0.00031361076947891144
attention_primary,regression,ridge,gsr_scr_mean_prominence_z,P23,-4.765799669249615e-05
attention_primary,regression,ridge,gsr_scr_mean_prominence_z,P28,-0.0007042278440444139
attention_primary,regression,ridge,gsr_scr_mean_prominence_z,P31,0.0
attention_primary,regression,ridge,gsr_scr_mean_prominence_z,P32,0.00024307706804549412
attention_primary,regression,ridge,gsr_scr_mean_prominence_z,P38,2.5605874631962068e-06
attention_primary,regression,ridge,gsr_scr_mean_prominence_z,P41,0.0
attention_primary,regression,ridge,gsr_scr_mean_prominence_z,P47,-2.7202223580546915e-06
attention_primary,regression,ridge,gsr_scr_mean_prominence_z,P6,8.316521772875341e-05
attention_primary,regression,ridge,modalidad:EEG,P23,-0.0013742966437864212
attention_primary,regression,ridge,modalidad:EEG,P28,-0.0011181614883058687
attention_primary,regression,ridge,modalidad:EEG,P31,0.005700368686556811
attention_primary,regression,ridge,modalidad:EEG,P32,0.00021992693781109908
attention_primary,regression,ridge,modalidad:EEG,P38,0.0007645950719660677
attention_primary,regression,ridge,modalidad:EEG,P41,0.0021519496155272488
attention_primary,regression,ridge,modalidad:EEG,P47,-0.0019269388551885537
attention_primary,regression,ridge,modalidad:EEG,P6,0.0010067103208093453
attention_primary,regression,ridge,modalidad:GSR,P23,-0.0006459025303535593
attention_primary,regression,ridge,modalidad:GSR,P28,0.007694098038404751
attention_primary,regression,ridge,modalidad:GSR,P31,6.991119975665593e-05
attention_primary,regression,ridge,modalidad:GSR,P32,-0.0014954746454058365
attention_primary,regression,ridge,modalidad:GSR,P38,0.00031747209328052416
attention_primary,regression,ridge,modalidad:GSR,P41,-0.0007111021926237803
attention_primary,regression,ridge,modalidad:GSR,P47,0.00024476946059666106
attention_primary,regression,ridge,modalidad:GSR,P6,0.0016258433984627895
attention_primary,regression,random_forest,eeg_rms_uv,P23,-0.02137362390674642
attention_primary,regression,random_forest,eeg_rms_uv,P28,0.0018341916058666641
attention_primary,regression,random_forest,eeg_rms_uv,P31,0.014251603965865134
attention_primary,regression,random_forest,eeg_rms_uv,P32,0.0010213402326418874
attention_primary,regression,random_forest,eeg_rms_uv,P38,-0.017892856550975146
attention_primary,regression,random_forest,eeg_rms_uv,P41,-0.008135783350651992
attention_primary,regression,random_forest,eeg_rms_uv,P47,-0.00021280032511026282
attention_primary,regression,random_forest,eeg_rms_uv,P6,0.009954379663705003
attention_primary,regression,random_forest,eeg_std_uv,P23,-0.012520588946044664
attention_primary,regression,random_forest,eeg_std_uv,P28,-0.002057428255275373
attention_primary,regression,random_forest,eeg_std_uv,P31,0.007056872753852072
attention_primary,regression,random_forest,eeg_std_uv,P32,0.003852994737858317
attention_primary,regression,random_forest,eeg_std_uv,P38,0.0002615541332693594
attention_primary,regression,random_forest,eeg_std_uv,P41,-0.007883926508513727
attention_primary,regression,random_forest,eeg_std_uv,P47,0.0006263235614890394
attention_primary,regression,random_forest,eeg_std_uv,P6,-0.006103137830027449
attention_primary,regression,random_forest,eeg_peak_to_peak_uv,P23,-0.020672776755824553
attention_primary,regression,random_forest,eeg_peak_to_peak_uv,P28,-0.004700089317872846
attention_primary,regression,random_forest,eeg_peak_to_peak_uv,P31,0.002843442933644247
attention_primary,regression,random_forest,eeg_peak_to_peak_uv,P32,0.008881846217870826
attention_primary,regression,random_forest,eeg_peak_to_peak_uv,P38,-0.004847252236494759
attention_primary,regression,random_forest,eeg_peak_to_peak_uv,P41,-0.016818552226614925
attention_primary,regression,random_forest,eeg_peak_to_peak_uv,P47,0.0020937283716070177
attention_primary,regression,random_forest,eeg_peak_to_peak_uv,P6,0.003663398103820481
attention_primary,regression,random_forest,eeg_delta_relative,P23,0.00021757492210356945
attention_primary,regression,random_forest,eeg_delta_relative,P28,-0.009539943240172554
attention_primary,regression,random_forest,eeg_delta_relative,P31,-0.0048973177963719024
attention_primary,regression,random_forest,eeg_delta_relative,P32,-0.002182877600455502
attention_primary,regression,random_forest,eeg_delta_relative,P38,-0.004354789473559851
attention_primary,regression,random_forest,eeg_delta_relative,P41,-0.0033030744700730088
attention_primary,regression,random_forest,eeg_delta_relative,P47,-0.0015463061049219018
attention_primary,regression,random_forest,eeg_delta_relative,P6,-0.006925242965596934
attention_primary,regression,random_forest,eeg_theta_relative,P23,0.006973798057356517
attention_primary,regression,random_forest,eeg_theta_relative,P28,-0.010940528384488113
attention_primary,regression,random_forest,eeg_theta_relative,P31,-0.004431809509200813
attention_primary,regression,random_forest,eeg_theta_relative,P32,0.003086648886529919
attention_primary,regression,random_forest,eeg_theta_relative,P38,-0.0039759361115627055
attention_primary,regression,random_forest,eeg_theta_relative,P41,-0.0024410780024255673
attention_primary,regression,random_forest,eeg_theta_relative,P47,0.0003562785450461625
attention_primary,regression,random_forest,eeg_theta_relative,P6,-0.011425595722696991
attention_primary,regression,random_forest,eeg_alpha_relative,P23,0.006921714578259764
attention_primary,regression,random_forest,eeg_alpha_relative,P28,-1.3867806579681562e-05
attention_primary,regression,random_forest,eeg_alpha_relative,P31,-0.0019613149631111603
attention_primary,regression,random_forest,eeg_alpha_relative,P32,-0.0019117015151288274
attention_primary,regression,random_forest,eeg_alpha_relative,P38,-0.001666435818581502
attention_primary,regression,random_forest,eeg_alpha_relative,P41,-0.0061847712626190935
attention_primary,regression,random_forest,eeg_alpha_relative,P47,-0.00010729827370599132
attention_primary,regression,random_forest,eeg_alpha_relative,P6,0.004427444790638368
attention_primary,regression,random_forest,eeg_beta_relative,P23,0.0023121616920564803
attention_primary,regression,random_forest,eeg_beta_relative,P28,0.006038931663827962
attention_primary,regression,random_forest,eeg_beta_relative,P31,-0.0023829496783073665
attention_primary,regression,random_forest,eeg_beta_relative,P32,0.001664345929597566
attention_primary,regression,random_forest,eeg_beta_relative,P38,-0.007818672722515263
attention_primary,regression,random_forest,eeg_beta_relative,P41,-0.003968275221038042
attention_primary,regression,random_forest,eeg_beta_relative,P47,-0.000707125922612506
attention_primary,regression,random_forest,eeg_beta_relative,P6,0.00754824385541919
attention_primary,regression,random_forest,eeg_gamma_relative,P23,-0.012396925742569809
attention_primary,regression,random_forest,eeg_gamma_relative,P28,0.001318375470720512
attention_primary,regression,random_forest,eeg_gamma_relative,P31,0.0011644433504738095
attention_primary,regression,random_forest,eeg_gamma_relative,P32,-0.0019386883867852367
attention_primary,regression,random_forest,eeg_gamma_relative,P38,-0.014170185973739247
attention_primary,regression,random_forest,eeg_gamma_relative,P41,-0.001640589691334049
attention_primary,regression,random_forest,eeg_gamma_relative,P47,0.00012477850289487334
attention_primary,regression,random_forest,eeg_gamma_relative,P6,0.0007618683008711935
attention_primary,regression,random_forest,eeg_line_noise_ratio,P23,-0.0008189818154746397
attention_primary,regression,random_forest,eeg_line_noise_ratio,P28,0.001229905192211178
attention_primary,regression,random_forest,eeg_line_noise_ratio,P31,-0.0006040263710007876
attention_primary,regression,random_forest,eeg_line_noise_ratio,P32,0.0030762435151541643
attention_primary,regression,random_forest,eeg_line_noise_ratio,P38,0.00841842888567954
attention_primary,regression,random_forest,eeg_line_noise_ratio,P41,-0.010639957627546725
attention_primary,regression,random_forest,eeg_line_noise_ratio,P47,0.0014521378218695703
attention_primary,regression,random_forest,eeg_line_noise_ratio,P6,0.009458835188121916
attention_primary,regression,random_forest,gsr_mean_z,P23,0.0051068387467469775
attention_primary,regression,random_forest,gsr_mean_z,P28,-0.002755285138181196
attention_primary,regression,random_forest,gsr_mean_z,P31,-0.0008786505547501821
attention_primary,regression,random_forest,gsr_mean_z,P32,-0.0049121494552030855
attention_primary,regression,random_forest,gsr_mean_z,P38,-0.00914946179475078
attention_primary,regression,random_forest,gsr_mean_z,P41,-0.005119682350824073
attention_primary,regression,random_forest,gsr_mean_z,P47,0.0033949814734268945
attention_primary,regression,random_forest,gsr_mean_z,P6,0.0009850509542459695
attention_primary,regression,random_forest,gsr_std_z,P23,0.0009988764986780696
attention_primary,regression,random_forest,gsr_std_z,P28,0.0018978418574878253
attention_primary,regression,random_forest,gsr_std_z,P31,-0.0010679944408575892
attention_primary,regression,random_forest,gsr_std_z,P32,-0.005203711306090897
attention_primary,regression,random_forest,gsr_std_z,P38,-0.0073473475799850085
attention_primary,regression,random_forest,gsr_std_z,P41,-0.005390674214646851
attention_primary,regression,random_forest,gsr_std_z,P47,-0.002355395628547541
attention_primary,regression,random_forest,gsr_std_z,P6,-0.0027914704128948697
attention_primary,regression,random_forest,gsr_min_z,P23,0.007926881587705048
attention_primary,regression,random_forest,gsr_min_z,P28,0.005416561842472367
attention_primary,regression,random_forest,gsr_min_z,P31,0.002239432924910312
attention_primary,regression,random_forest,gsr_min_z,P32,-0.004888262368496754
attention_primary,regression,random_forest,gsr_min_z,P38,-0.004310332769383196
attention_primary,regression,random_forest,gsr_min_z,P41,-0.006053722801927797
attention_primary,regression,random_forest,gsr_min_z,P47,-0.000399123881164698
attention_primary,regression,random_forest,gsr_min_z,P6,-0.003562109451448281
attention_primary,regression,random_forest,gsr_max_z,P23,0.014498579195083527
attention_primary,regression,random_forest,gsr_max_z,P28,0.010327768375060798
attention_primary,regression,random_forest,gsr_max_z,P31,0.0029443261907909244
attention_primary,regression,random_forest,gsr_max_z,P32,-0.00636668791406354
attention_primary,regression,random_forest,gsr_max_z,P38,-0.0028941759261549294
attention_primary,regression,random_forest,gsr_max_z,P41,-0.00027346278808353385
attention_primary,regression,random_forest,gsr_max_z,P47,-0.0017590542367955208
attention_primary,regression,random_forest,gsr_max_z,P6,-0.0025544860749310504
attention_primary,regression,random_forest,gsr_tonic_mean_z,P23,0.008708696810696059
attention_primary,regression,random_forest,gsr_tonic_mean_z,P28,0.0025433753251059344
attention_primary,regression,random_forest,gsr_tonic_mean_z,P31,-0.005901961759400431
attention_primary,regression,random_forest,gsr_tonic_mean_z,P32,0.0015347610249825117
attention_primary,regression,random_forest,gsr_tonic_mean_z,P38,-0.00653185068993567
attention_primary,regression,random_forest,gsr_tonic_mean_z,P41,-0.0018543251495354075
attention_primary,regression,random_forest,gsr_tonic_mean_z,P47,-0.003701374181439188
attention_primary,regression,random_forest,gsr_tonic_mean_z,P6,-0.004356010144689648
attention_primary,regression,random_forest,gsr_phasic_mean_z,P23,0.0035295295001538827
attention_primary,regression,random_forest,gsr_phasic_mean_z,P28,0.004354215805187423
attention_primary,regression,random_forest,gsr_phasic_mean_z,P31,0.00018520093417073724
attention_primary,regression,random_forest,gsr_phasic_mean_z,P32,-0.005083790648391329
attention_primary,regression,random_forest,gsr_phasic_mean_z,P38,0.0006706915277267412
attention_primary,regression,random_forest,gsr_phasic_mean_z,P41,0.010268882673838764
attention_primary,regression,random_forest,gsr_phasic_mean_z,P47,-0.003357984914231804
attention_primary,regression,random_forest,gsr_phasic_mean_z,P6,0.0014682656277486216
attention_primary,regression,random_forest,gsr_slope_z_s,P23,-0.005840883491652615
attention_primary,regression,random_forest,gsr_slope_z_s,P28,-0.005843715536036886
attention_primary,regression,random_forest,gsr_slope_z_s,P31,-0.005214352107125864
attention_primary,regression,random_forest,gsr_slope_z_s,P32,-0.008488012518369902
attention_primary,regression,random_forest,gsr_slope_z_s,P38,-0.004992436613394569
attention_primary,regression,random_forest,gsr_slope_z_s,P41,-0.003970237552228894
attention_primary,regression,random_forest,gsr_slope_z_s,P47,-0.003094500534516542
attention_primary,regression,random_forest,gsr_slope_z_s,P6,-0.0067863766222465705
attention_primary,regression,random_forest,gsr_scr_count,P23,-1.438230371197946e-05
attention_primary,regression,random_forest,gsr_scr_count,P28,6.336955543924105e-05
attention_primary,regression,random_forest,gsr_scr_count,P31,0.0
attention_primary,regression,random_forest,gsr_scr_count,P32,1.6091258790629225e-05
attention_primary,regression,random_forest,gsr_scr_count,P38,-4.3503039933656676e-05
attention_primary,regression,random_forest,gsr_scr_count,P41,0.0
attention_primary,regression,random_forest,gsr_scr_count,P47,0.0
attention_primary,regression,random_forest,gsr_scr_count,P6,-1.822544019833838e-05
attention_primary,regression,random_forest,gsr_scr_mean_prominence_z,P23,-1.931251824796032e-05
attention_primary,regression,random_forest,gsr_scr_mean_prominence_z,P28,0.00046031877127921116
attention_primary,regression,random_forest,gsr_scr_mean_prominence_z,P31,0.0
attention_primary,regression,random_forest,gsr_scr_mean_prominence_z,P32,0.00014736587928929624
attention_primary,regression,random_forest,gsr_scr_mean_prominence_z,P38,-3.454862518637025e-05
attention_primary,regression,random_forest,gsr_scr_mean_prominence_z,P41,0.0
attention_primary,regression,random_forest,gsr_scr_mean_prominence_z,P47,0.0
attention_primary,regression,random_forest,gsr_scr_mean_prominence_z,P6,2.6418142847917103e-05
attention_primary,regression,random_forest,modalidad:EEG,P23,-0.006335205351310802
attention_primary,regression,random_forest,modalidad:EEG,P28,-0.003470886756147884
attention_primary,regression,random_forest,modalidad:EEG,P31,-0.00669053673269957
attention_primary,regression,random_forest,modalidad:EEG,P32,0.020109164243179302
attention_primary,regression,random_forest,modalidad:EEG,P38,-0.010765121766814633
attention_primary,regression,random_forest,modalidad:EEG,P41,-0.020696724071466388
attention_primary,regression,random_forest,modalidad:EEG,P47,-0.0003791816589616026
attention_primary,regression,random_forest,modalidad:EEG,P6,0.0002124927155390255
attention_primary,regression,random_forest,modalidad:GSR,P23,0.004213695050304245
attention_primary,regression,random_forest,modalidad:GSR,P28,0.01247895494124034
attention_primary,regression,random_forest,modalidad:GSR,P31,-0.0017640846418927937
attention_primary,regression,random_forest,modalidad:GSR,P32,-0.018509900868133332
attention_primary,regression,random_forest,modalidad:GSR,P38,-0.0238612849060446
attention_primary,regression,random_forest,modalidad:GSR,P41,-0.005302406053130459
attention_primary,regression,random_forest,modalidad:GSR,P47,-0.008582839590862479
attention_primary,regression,random_forest,modalidad:GSR,P6,-0.008830306024532253
arousal_primary_6s,classification,logistic,eeg_rms_uv,P23,0.0038647342995169033
arousal_primary_6s,classification,logistic,eeg_rms_uv,P28,-0.001147288227825166
arousal_primary_6s,classification,logistic,eeg_rms_uv,P31,-0.0044444444444443395
arousal_primary_6s,classification,logistic,eeg_rms_uv,P32,0.00019607843137254833
arousal_primary_6s,classification,logistic,eeg_rms_uv,P38,-0.0013138632703849963
arousal_primary_6s,classification,logistic,eeg_rms_uv,P41,-0.0068965517241379335
arousal_primary_6s,classification,logistic,eeg_rms_uv,P47,0.0018567113921545864
arousal_primary_6s,classification,logistic,eeg_rms_uv,P6,0.0024936086529007027
arousal_primary_6s,classification,logistic,eeg_std_uv,P23,0.008937198067632846
arousal_primary_6s,classification,logistic,eeg_std_uv,P28,0.0015569260535703345
arousal_primary_6s,classification,logistic,eeg_std_uv,P31,0.0006837606837607369
arousal_primary_6s,classification,logistic,eeg_std_uv,P32,-0.000588235294117645
arousal_primary_6s,classification,logistic,eeg_std_uv,P38,0.008593700985005327
arousal_primary_6s,classification,logistic,eeg_std_uv,P41,-0.003241379310344794
arousal_primary_6s,classification,logistic,eeg_std_uv,P47,-0.0015875953653146258
arousal_primary_6s,classification,logistic,eeg_std_uv,P6,0.0007256637168141788
arousal_primary_6s,classification,logistic,eeg_peak_to_peak_uv,P23,0.010628019323671517
arousal_primary_6s,classification,logistic,eeg_peak_to_peak_uv,P28,0.007362899812564233
arousal_primary_6s,classification,logistic,eeg_peak_to_peak_uv,P31,-0.002051282051282044
arousal_primary_6s,classification,logistic,eeg_peak_to_peak_uv,P32,-0.00235294117647058
arousal_primary_6s,classification,logistic,eeg_peak_to_peak_uv,P38,0.0030282117238639274
arousal_primary_6s,classification,logistic,eeg_peak_to_peak_uv,P41,-0.007662835249042122
arousal_primary_6s,classification,logistic,eeg_peak_to_peak_uv,P47,0.0005536775457094523
arousal_primary_6s,classification,logistic,eeg_peak_to_peak_uv,P6,-0.0011976401179940976
arousal_primary_6s,classification,logistic,eeg_delta_relative,P23,0.0026570048309178694
arousal_primary_6s,classification,logistic,eeg_delta_relative,P28,-0.0049836749501179336
arousal_primary_6s,classification,logistic,eeg_delta_relative,P31,-0.004957264957264918
arousal_primary_6s,classification,logistic,eeg_delta_relative,P32,0.011612716092354109
arousal_primary_6s,classification,logistic,eeg_delta_relative,P38,-0.006634146851538158
arousal_primary_6s,classification,logistic,eeg_delta_relative,P41,0.007640941434044907
arousal_primary_6s,classification,logistic,eeg_delta_relative,P47,-0.0037978699521208303
arousal_primary_6s,classification,logistic,eeg_delta_relative,P6,0.0016020976728941538
arousal_primary_6s,classification,logistic,eeg_theta_relative,P23,-0.010386473429951693
arousal_primary_6s,classification,logistic,eeg_theta_relative,P28,-0.005654815889715237
arousal_primary_6s,classification,logistic,eeg_theta_relative,P31,-0.015555555555555507
arousal_primary_6s,classification,logistic,eeg_theta_relative,P32,0.02239935027265343
arousal_primary_6s,classification,logistic,eeg_theta_relative,P38,0.0009018759018759204
arousal_primary_6s,classification,logistic,eeg_theta_relative,P41,0.0100755336617406
arousal_primary_6s,classification,logistic,eeg_theta_relative,P47,-0.0019745425894414246
arousal_primary_6s,classification,logistic,eeg_theta_relative,P6,0.00176860045886596
arousal_primary_6s,classification,logistic,eeg_alpha_relative,P23,0.0009661835748792258
arousal_primary_6s,classification,logistic,eeg_alpha_relative,P28,0.00963177943043712
arousal_primary_6s,classification,logistic,eeg_alpha_relative,P31,-0.009059829059829012
arousal_primary_6s,classification,logistic,eeg_alpha_relative,P32,-0.003563058359438487
arousal_primary_6s,classification,logistic,eeg_alpha_relative,P38,0.002521592738984052
arousal_primary_6s,classification,logistic,eeg_alpha_relative,P41,0.006562671045429696
arousal_primary_6s,classification,logistic,eeg_alpha_relative,P47,0.0036535264190680817
arousal_primary_6s,classification,logistic,eeg_alpha_relative,P6,0.014824647656506096
arousal_primary_6s,classification,logistic,eeg_beta_relative,P23,0.01014492753623189
arousal_primary_6s,classification,logistic,eeg_beta_relative,P28,0.0010445008767156262
arousal_primary_6s,classification,logistic,eeg_beta_relative,P31,-0.016752136752136687
arousal_primary_6s,classification,logistic,eeg_beta_relative,P32,0.0079429168116951
arousal_primary_6s,classification,logistic,eeg_beta_relative,P38,-0.006108706108706086
arousal_primary_6s,classification,logistic,eeg_beta_relative,P41,0.03433607006020801
arousal_primary_6s,classification,logistic,eeg_beta_relative,P47,-0.004228584676603869
arousal_primary_6s,classification,logistic,eeg_beta_relative,P6,0.01521402818747954
arousal_primary_6s,classification,logistic,eeg_gamma_relative,P23,-0.017391304347826098
arousal_primary_6s,classification,logistic,eeg_gamma_relative,P28,-0.007418828224197349
arousal_primary_6s,classification,logistic,eeg_gamma_relative,P31,-0.014188034188034137
arousal_primary_6s,classification,logistic,eeg_gamma_relative,P32,0.014346211857524077
arousal_primary_6s,classification,logistic,eeg_gamma_relative,P38,0.009312064746847381
arousal_primary_6s,classification,logistic,eeg_gamma_relative,P41,0.022118226600985273
arousal_primary_6s,classification,logistic,eeg_gamma_relative,P47,0.0028450204012107905
arousal_primary_6s,classification,logistic,eeg_gamma_relative,P6,0.0026640445755490294
arousal_primary_6s,classification,logistic,eeg_line_noise_ratio,P23,0.007487922705314026
arousal_primary_6s,classification,logistic,eeg_line_noise_ratio,P28,-0.008102061793336973
arousal_primary_6s,classification,logistic,eeg_line_noise_ratio,P31,0.003589743589743688
arousal_primary_6s,classification,logistic,eeg_line_noise_ratio,P32,1.1602274045718896e-05
arousal_primary_6s,classification,logistic,eeg_line_noise_ratio,P38,-0.0056637806637806765
arousal_primary_6s,classification,logistic,eeg_line_noise_ratio,P41,-0.0053563218390804464
arousal_primary_6s,classification,logistic,eeg_line_noise_ratio,P47,0.0032383141343527043
arousal_primary_6s,classification,logistic,eeg_line_noise_ratio,P6,0.002939364142903994
arousal_primary_6s,classification,logistic,gaze_dispersion_x_px,P23,0.014734299516908227
arousal_primary_6s,classification,logistic,gaze_dispersion_x_px,P28,0.002252252252252235
arousal_primary_6s,classification,logistic,gaze_dispersion_x_px,P31,-0.0003418803418802852
arousal_primary_6s,classification,logistic,gaze_dispersion_x_px,P32,0.008768998723749866
arousal_primary_6s,classification,logistic,gaze_dispersion_x_px,P38,-0.0005045276784407304
arousal_primary_6s,classification,logistic,gaze_dispersion_x_px,P41,0.013031198686371153
arousal_primary_6s,classification,logistic,gaze_dispersion_x_px,P47,-0.00026577509288170373
arousal_primary_6s,classification,logistic,gaze_dispersion_x_px,P6,0.0106588003933137
arousal_primary_6s,classification,logistic,gaze_dispersion_y_px,P23,-0.0031400966183574796
arousal_primary_6s,classification,logistic,gaze_dispersion_y_px,P28,0.007108954592176081
arousal_primary_6s,classification,logistic,gaze_dispersion_y_px,P31,0.007008547008547084
arousal_primary_6s,classification,logistic,gaze_dispersion_y_px,P32,0.004731407355841749
arousal_primary_6s,classification,logistic,gaze_dispersion_y_px,P38,0.00896909049082965
arousal_primary_6s,classification,logistic,gaze_dispersion_y_px,P41,-0.0024893267651888095
arousal_primary_6s,classification,logistic,gaze_dispersion_y_px,P47,-0.0037339239699609008
arousal_primary_6s,classification,logistic,gaze_dispersion_y_px,P6,-0.0069439528023598485
arousal_primary_6s,classification,logistic,gaze_dispersion_2d_px,P23,0.009178743961352659
arousal_primary_6s,classification,logistic,gaze_dispersion_2d_px,P28,0.0021917891045407866
arousal_primary_6s,classification,logistic,gaze_dispersion_2d_px,P31,-0.008717948717948665
arousal_primary_6s,classification,logistic,gaze_dispersion_2d_px,P32,0.021789070657848953
arousal_primary_6s,classification,logistic,gaze_dispersion_2d_px,P38,0.008739569609134839
arousal_primary_6s,classification,logistic,gaze_dispersion_2d_px,P41,0.015517241379310376
arousal_primary_6s,classification,logistic,gaze_dispersion_2d_px,P47,0.016362844157326657
arousal_primary_6s,classification,logistic,gaze_dispersion_2d_px,P6,-0.002764339560799711
arousal_primary_6s,classification,logistic,gaze_path_length_px,P23,0.01980676328502417
arousal_primary_6s,classification,logistic,gaze_path_length_px,P28,0.0033481468045226505
arousal_primary_6s,classification,logistic,gaze_path_length_px,P31,-0.004444444444444385
arousal_primary_6s,classification,logistic,gaze_path_length_px,P32,-0.00905325443786984
arousal_primary_6s,classification,logistic,gaze_path_length_px,P38,-0.008702971746449989
arousal_primary_6s,classification,logistic,gaze_path_length_px,P41,0.015677066228790393
arousal_primary_6s,classification,logistic,gaze_path_length_px,P47,-0.007054147934024613
arousal_primary_6s,classification,logistic,gaze_path_length_px,P6,0.009905604719764033
arousal_primary_6s,classification,logistic,fixation_count,P23,-0.0016908212560386494
arousal_primary_6s,classification,logistic,fixation_count,P28,-0.001109498760505484
arousal_primary_6s,classification,logistic,fixation_count,P31,0.00017094017094024805
arousal_primary_6s,classification,logistic,fixation_count,P32,0.0037324515605058504
arousal_primary_6s,classification,logistic,fixation_count,P38,-0.0007737833824790485
arousal_primary_6s,classification,logistic,fixation_count,P41,-0.0007553366174055665
arousal_primary_6s,classification,logistic,fixation_count,P47,0.013106509227684965
arousal_primary_6s,classification,logistic,fixation_count,P6,-0.007691904293674173
arousal_primary_6s,classification,logistic,fixation_total_ms,P23,-0.0012077294685990392
arousal_primary_6s,classification,logistic,fixation_total_ms,P28,0.00015569260535701622
arousal_primary_6s,classification,logistic,fixation_total_ms,P31,-0.013162393162393121
arousal_primary_6s,classification,logistic,fixation_total_ms,P32,0.006106276830258733
arousal_primary_6s,classification,logistic,fixation_total_ms,P38,0.0004182612878264935
arousal_primary_6s,classification,logistic,fixation_total_ms,P41,0.004969896004378793
arousal_primary_6s,classification,logistic,fixation_total_ms,P47,0.0038992432531484377
arousal_primary_6s,classification,logistic,fixation_total_ms,P6,0.0035490003277614092
arousal_primary_6s,classification,logistic,fixation_mean_ms,P23,0.005555555555555564
arousal_primary_6s,classification,logistic,fixation_mean_ms,P28,-0.007689400810206215
arousal_primary_6s,classification,logistic,fixation_mean_ms,P31,-0.00017094017094008152
arousal_primary_6s,classification,logistic,fixation_mean_ms,P32,-0.0037104072398189913
arousal_primary_6s,classification,logistic,fixation_mean_ms,P38,0.006349206349206343
arousal_primary_6s,classification,logistic,fixation_mean_ms,P41,0.006879036672140154
arousal_primary_6s,classification,logistic,fixation_mean_ms,P47,-0.0025781696288348253
arousal_primary_6s,classification,logistic,fixation_mean_ms,P6,0.0028141592920354177
arousal_primary_6s,classification,logistic,fixation_median_ms,P23,1.6653345369377347e-17
arousal_primary_6s,classification,logistic,fixation_median_ms,P28,-0.002710260596166658
arousal_primary_6s,classification,logistic,fixation_median_ms,P31,0.0005128205128205998
arousal_primary_6s,classification,logistic,fixation_median_ms,P32,0.004737208492864598
arousal_primary_6s,classification,logistic,fixation_median_ms,P38,-0.0020960118786205796
arousal_primary_6s,classification,logistic,fixation_median_ms,P41,0.002314176245210753
arousal_primary_6s,classification,logistic,fixation_median_ms,P47,0.00048706767492010525
arousal_primary_6s,classification,logistic,fixation_median_ms,P6,0.0029721402818748076
arousal_primary_6s,classification,logistic,saccade_count,P23,-0.009420289855072456
arousal_primary_6s,classification,logistic,saccade_count,P28,0.0062020073765040205
arousal_primary_6s,classification,logistic,saccade_count,P31,0.0020512820512821107
arousal_primary_6s,classification,logistic,saccade_count,P32,0.019835247708550878
arousal_primary_6s,classification,logistic,saccade_count,P38,-0.0021164021164021053
arousal_primary_6s,classification,logistic,saccade_count,P41,0.005340996168582407
arousal_primary_6s,classification,logistic,saccade_count,P47,-0.007405768578060484
arousal_primary_6s,classification,logistic,saccade_count,P6,0.015455260570304847
arousal_primary_6s,classification,logistic,saccade_mean_ms,P23,-0.006521739130434784
arousal_primary_6s,classification,logistic,saccade_mean_ms,P28,-0.007955438660136671
arousal_primary_6s,classification,logistic,saccade_mean_ms,P31,0.01777777777777783
arousal_primary_6s,classification,logistic,saccade_mean_ms,P32,0.007312913331012883
arousal_primary_6s,classification,logistic,saccade_mean_ms,P38,-0.0015883472405211318
arousal_primary_6s,classification,logistic,saccade_mean_ms,P41,0.003423097974822137
arousal_primary_6s,classification,logistic,saccade_mean_ms,P47,0.0025159130962333688
arousal_primary_6s,classification,logistic,saccade_mean_ms,P6,-0.0019324811537200725
arousal_primary_6s,classification,logistic,pupil_both_valid_fraction,P23,-0.0012077294685990335
arousal_primary_6s,classification,logistic,pupil_both_valid_fraction,P28,-0.0009281093173710675
arousal_primary_6s,classification,logistic,pupil_both_valid_fraction,P31,0.0035897435897436327
arousal_primary_6s,classification,logistic,pupil_both_valid_fraction,P32,0.006877828054298629
arousal_primary_6s,classification,logistic,pupil_both_valid_fraction,P38,0.00420927703536404
arousal_primary_6s,classification,logistic,pupil_both_valid_fraction,P41,0.005555555555555591
arousal_primary_6s,classification,logistic,pupil_both_valid_fraction,P47,-0.003544838497480718
arousal_primary_6s,classification,logistic,pupil_both_valid_fraction,P6,-0.00826876433956078
arousal_primary_6s,classification,logistic,pupil_mean_z,P23,0.028502415458937214
arousal_primary_6s,classification,logistic,pupil_mean_z,P28,-0.014524759658987852
arousal_primary_6s,classification,logistic,pupil_mean_z,P31,-0.007692307692307642
arousal_primary_6s,classification,logistic,pupil_mean_z,P32,-0.013911126580809835
arousal_primary_6s,classification,logistic,pupil_mean_z,P38,0.009653470523035751
arousal_primary_6s,classification,logistic,pupil_mean_z,P41,0.011461412151067368
arousal_primary_6s,classification,logistic,pupil_mean_z,P47,0.008054650086522647
arousal_primary_6s,classification,logistic,pupil_mean_z,P6,-0.007998688954441164
arousal_primary_6s,classification,logistic,pupil_std_z,P23,0.0016908212560386494
arousal_primary_6s,classification,logistic,pupil_std_z,P28,-0.0172108349960699
arousal_primary_6s,classification,logistic,pupil_std_z,P31,-0.009572649572649533
arousal_primary_6s,classification,logistic,pupil_std_z,P32,0.0021939900220443232
arousal_primary_6s,classification,logistic,pupil_std_z,P38,-0.00415490306794652
arousal_primary_6s,classification,logistic,pupil_std_z,P41,0.01030651340996172
arousal_primary_6s,classification,logistic,pupil_std_z,P47,0.012019212395067513
arousal_primary_6s,classification,logistic,pupil_std_z,P6,-0.002369059324811512
arousal_primary_6s,classification,logistic,pupil_min_z,P23,-0.0012077294685990392
arousal_primary_6s,classification,logistic,pupil_min_z,P28,-0.008609952234113327
arousal_primary_6s,classification,logistic,pupil_min_z,P31,-0.0027350427350426587
arousal_primary_6s,classification,logistic,pupil_min_z,P32,0.015120083536373142
arousal_primary_6s,classification,logistic,pupil_min_z,P38,-0.004745697137001464
arousal_primary_6s,classification,logistic,pupil_min_z,P41,0.00609085933223868
arousal_primary_6s,classification,logistic,pupil_min_z,P47,-0.00048663740312235304
arousal_primary_6s,classification,logistic,pupil_min_z,P6,0.010196656833825002
arousal_primary_6s,classification,logistic,pupil_max_z,P23,-0.007487922705314026
arousal_primary_6s,classification,logistic,pupil_max_z,P28,0.0032181510369429624
arousal_primary_6s,classification,logistic,pupil_max_z,P31,0.015897435897435967
arousal_primary_6s,classification,logistic,pupil_max_z,P32,0.009090381714816114
arousal_primary_6s,classification,logistic,pupil_max_z,P38,0.02009013530752663
arousal_primary_6s,classification,logistic,pupil_max_z,P41,0.005702244116037242
arousal_primary_6s,classification,logistic,pupil_max_z,P47,-0.002116994192089966
arousal_primary_6s,classification,logistic,pupil_max_z,P6,-0.014245821042281193
arousal_primary_6s,classification,logistic,pupil_slope_z_s,P23,0.0
arousal_primary_6s,classification,logistic,pupil_slope_z_s,P28,-0.0033677973275288873
arousal_primary_6s,classification,logistic,pupil_slope_z_s,P31,0.010085470085470161
arousal_primary_6s,classification,logistic,pupil_slope_z_s,P32,0.005321963104768529
arousal_primary_6s,classification,logistic,pupil_slope_z_s,P38,-0.0027500679674592743
arousal_primary_6s,classification,logistic,pupil_slope_z_s,P41,-0.0007586206896551372
arousal_primary_6s,classification,logistic,pupil_slope_z_s,P47,0.011117603153234257
arousal_primary_6s,classification,logistic,pupil_slope_z_s,P6,-0.006504097017371341
arousal_primary_6s,classification,logistic,modalidad:EEG,P23,-0.00386473429951692
arousal_primary_6s,classification,logistic,modalidad:EEG,P28,0.009161678456980455
arousal_primary_6s,classification,logistic,modalidad:EEG,P31,-0.03111111111111106
arousal_primary_6s,classification,logistic,modalidad:EEG,P32,0.010801717136558753
arousal_primary_6s,classification,logistic,modalidad:EEG,P38,0.00953165192295628
arousal_primary_6s,classification,logistic,modalidad:EEG,P41,0.0040175150519978445
arousal_primary_6s,classification,logistic,modalidad:EEG,P47,-0.015429527680523653
arousal_primary_6s,classification,logistic,modalidad:EEG,P6,-0.0061809242871189605
arousal_primary_6s,classification,logistic,modalidad:Eye,P23,0.007246376811594202
arousal_primary_6s,classification,logistic,modalidad:Eye,P28,-0.008390773323659234
arousal_primary_6s,classification,logistic,modalidad:Eye,P31,-0.010427350427350357
arousal_primary_6s,classification,logistic,modalidad:Eye,P32,0.018270100939784196
arousal_primary_6s,classification,logistic,modalidad:Eye,P38,0.015343915343915372
arousal_primary_6s,classification,logistic,modalidad:Eye,P41,0.004944718117131946
arousal_primary_6s,classification,logistic,modalidad:Eye,P47,-0.01664174886756254
arousal_primary_6s,classification,logistic,modalidad:Eye,P6,0.012007866273353018
arousal_primary_6s,classification,logistic,modalidad:Pupil,P23,0.02149758454106281
arousal_primary_6s,classification,logistic,modalidad:Pupil,P28,-0.0038862688191547423
arousal_primary_6s,classification,logistic,modalidad:Pupil,P31,-0.007692307692307642
arousal_primary_6s,classification,logistic,modalidad:Pupil,P32,-0.020433925049309652
arousal_primary_6s,classification,logistic,modalidad:Pupil,P38,0.03727178618482967
arousal_primary_6s,classification,logistic,modalidad:Pupil,P41,0.010522167487684763
arousal_primary_6s,classification,logistic,modalidad:Pupil,P47,0.015407634439055967
arousal_primary_6s,classification,logistic,modalidad:Pupil,P6,-0.010930186823992116
arousal_primary_6s,classification,random_forest,eeg_rms_uv,P23,0.01763285024154589
arousal_primary_6s,classification,random_forest,eeg_rms_uv,P28,-0.006483161013362321
arousal_primary_6s,classification,random_forest,eeg_rms_uv,P31,-0.00017094017094015923
arousal_primary_6s,classification,random_forest,eeg_rms_uv,P32,-0.008013690683373926
arousal_primary_6s,classification,random_forest,eeg_rms_uv,P38,0.01119371771545683
arousal_primary_6s,classification,random_forest,eeg_rms_uv,P41,-0.001346469622331692
arousal_primary_6s,classification,random_forest,eeg_rms_uv,P47,-0.005743850087231323
arousal_primary_6s,classification,random_forest,eeg_rms_uv,P6,0.005617174696820762
arousal_primary_6s,classification,random_forest,eeg_std_uv,P23,-0.010144927536231868
arousal_primary_6s,classification,random_forest,eeg_std_uv,P28,0.008322752282483869
arousal_primary_6s,classification,random_forest,eeg_std_uv,P31,-0.007008547008546989
arousal_primary_6s,classification,random_forest,eeg_std_uv,P32,-0.00884905441466527
arousal_primary_6s,classification,random_forest,eeg_std_uv,P38,-0.008200012547838665
arousal_primary_6s,classification,random_forest,eeg_std_uv,P41,-0.0022889983579638786
arousal_primary_6s,classification,random_forest,eeg_std_uv,P47,0.0009339112642878622
arousal_primary_6s,classification,random_forest,eeg_std_uv,P6,0.003692559816453669
arousal_primary_6s,classification,random_forest,eeg_peak_to_peak_uv,P23,0.0028985507246376664
arousal_primary_6s,classification,random_forest,eeg_peak_to_peak_uv,P28,-0.011416953866618252
arousal_primary_6s,classification,random_forest,eeg_peak_to_peak_uv,P31,-0.007521367521367511
arousal_primary_6s,classification,random_forest,eeg_peak_to_peak_uv,P32,0.004123448195846391
arousal_primary_6s,classification,random_forest,eeg_peak_to_peak_uv,P38,-0.007102076667294094
arousal_primary_6s,classification,random_forest,eeg_peak_to_peak_uv,P41,-0.0003853311439518392
arousal_primary_6s,classification,random_forest,eeg_peak_to_peak_uv,P47,-0.004949182369689081
arousal_primary_6s,classification,random_forest,eeg_peak_to_peak_uv,P6,0.006207800721075118
arousal_primary_6s,classification,random_forest,eeg_delta_relative,P23,-0.008212560386473439
arousal_primary_6s,classification,random_forest,eeg_delta_relative,P28,-0.007477779793215983
arousal_primary_6s,classification,random_forest,eeg_delta_relative,P31,-0.0003418803418803407
arousal_primary_6s,classification,random_forest,eeg_delta_relative,P32,0.01772595428704027
arousal_primary_6s,classification,random_forest,eeg_delta_relative,P38,0.014137754355145648
arousal_primary_6s,classification,random_forest,eeg_delta_relative,P41,-0.00731034482758619
arousal_primary_6s,classification,random_forest,eeg_delta_relative,P47,0.004765791671000991
arousal_primary_6s,classification,random_forest,eeg_delta_relative,P6,0.010492953130121338
arousal_primary_6s,classification,random_forest,eeg_theta_relative,P23,-0.008454106280193247
arousal_primary_6s,classification,random_forest,eeg_theta_relative,P28,-0.008581232238950316
arousal_primary_6s,classification,random_forest,eeg_theta_relative,P31,-0.0022222222222222088
arousal_primary_6s,classification,random_forest,eeg_theta_relative,P32,0.013405267432416762
arousal_primary_6s,classification,random_forest,eeg_theta_relative,P38,0.003811928811928794
arousal_primary_6s,classification,random_forest,eeg_theta_relative,P41,-0.009934318555008209
arousal_primary_6s,classification,random_forest,eeg_theta_relative,P47,0.010735123162771027
arousal_primary_6s,classification,random_forest,eeg_theta_relative,P6,0.00636381514257626
arousal_primary_6s,classification,random_forest,eeg_alpha_relative,P23,-0.013526570048309183
arousal_primary_6s,classification,random_forest,eeg_alpha_relative,P28,-0.0038892919765402658
arousal_primary_6s,classification,random_forest,eeg_alpha_relative,P31,-0.010085470085470078
arousal_primary_6s,classification,random_forest,eeg_alpha_relative,P32,0.002393549135630585
arousal_primary_6s,classification,random_forest,eeg_alpha_relative,P38,0.004597737206432845
arousal_primary_6s,classification,random_forest,eeg_alpha_relative,P41,-0.004060207991242476
arousal_primary_6s,classification,random_forest,eeg_alpha_relative,P47,0.005693533597013978
arousal_primary_6s,classification,random_forest,eeg_alpha_relative,P6,0.0045847263192396485
arousal_primary_6s,classification,random_forest,eeg_beta_relative,P23,0.008695652173913031
arousal_primary_6s,classification,random_forest,eeg_beta_relative,P28,0.0008857851139730588
arousal_primary_6s,classification,random_forest,eeg_beta_relative,P31,-0.008717948717948698
arousal_primary_6s,classification,random_forest,eeg_beta_relative,P32,0.00393897203851955
arousal_primary_6s,classification,random_forest,eeg_beta_relative,P38,0.000651441955789761
arousal_primary_6s,classification,random_forest,eeg_beta_relative,P41,-0.0007509578544061368
arousal_primary_6s,classification,random_forest,eeg_beta_relative,P47,0.007079489677399886
arousal_primary_6s,classification,random_forest,eeg_beta_relative,P6,-0.0031091445427728127
arousal_primary_6s,classification,random_forest,eeg_gamma_relative,P23,-0.015217391304347827
arousal_primary_6s,classification,random_forest,eeg_gamma_relative,P28,0.01283481468045231
arousal_primary_6s,classification,random_forest,eeg_gamma_relative,P31,0.002222222222222231
arousal_primary_6s,classification,random_forest,eeg_gamma_relative,P32,-0.00768766678268939
arousal_primary_6s,classification,random_forest,eeg_gamma_relative,P38,-0.0023799067277328334
arousal_primary_6s,classification,random_forest,eeg_gamma_relative,P41,-0.002494800218938148
arousal_primary_6s,classification,random_forest,eeg_gamma_relative,P47,0.002071157590589262
arousal_primary_6s,classification,random_forest,eeg_gamma_relative,P6,-0.0013202228777449531
arousal_primary_6s,classification,random_forest,eeg_line_noise_ratio,P23,-0.01884057971014492
arousal_primary_6s,classification,random_forest,eeg_line_noise_ratio,P28,0.0008872966926658732
arousal_primary_6s,classification,random_forest,eeg_line_noise_ratio,P31,-0.0052991452991452805
arousal_primary_6s,classification,random_forest,eeg_line_noise_ratio,P32,0.00985729202923774
arousal_primary_6s,classification,random_forest,eeg_line_noise_ratio,P38,0.0038072233724407434
arousal_primary_6s,classification,random_forest,eeg_line_noise_ratio,P41,0.004594417077175677
arousal_primary_6s,classification,random_forest,eeg_line_noise_ratio,P47,0.012395776148313126
arousal_primary_6s,classification,random_forest,eeg_line_noise_ratio,P6,-0.006498197312356535
arousal_primary_6s,classification,random_forest,gaze_dispersion_x_px,P23,-0.015217391304347822
arousal_primary_6s,classification,random_forest,gaze_dispersion_x_px,P28,-0.004063123526210738
arousal_primary_6s,classification,random_forest,gaze_dispersion_x_px,P31,0.010940170940170958
arousal_primary_6s,classification,random_forest,gaze_dispersion_x_px,P32,0.011429400162431835
arousal_primary_6s,classification,random_forest,gaze_dispersion_x_px,P38,0.010162703640964476
arousal_primary_6s,classification,random_forest,gaze_dispersion_x_px,P41,-0.004406130268199232
arousal_primary_6s,classification,random_forest,gaze_dispersion_x_px,P47,0.006826401275021848
arousal_primary_6s,classification,random_forest,gaze_dispersion_x_px,P6,0.007975745657161628
arousal_primary_6s,classification,random_forest,gaze_dispersion_y_px,P23,-0.004106280193236706
arousal_primary_6s,classification,random_forest,gaze_dispersion_y_px,P28,-0.004119051937843854
arousal_primary_6s,classification,random_forest,gaze_dispersion_y_px,P31,-0.016752136752136743
arousal_primary_6s,classification,random_forest,gaze_dispersion_y_px,P32,0.006083072282167301
arousal_primary_6s,classification,random_forest,gaze_dispersion_y_px,P38,0.003953614823180035
arousal_primary_6s,classification,random_forest,gaze_dispersion_y_px,P41,0.004222222222222199
arousal_primary_6s,classification,random_forest,gaze_dispersion_y_px,P47,0.007214797502702447
arousal_primary_6s,classification,random_forest,gaze_dispersion_y_px,P6,0.008128482464765701
arousal_primary_6s,classification,random_forest,gaze_dispersion_2d_px,P23,-0.012077294685990336
arousal_primary_6s,classification,random_forest,gaze_dispersion_2d_px,P28,0.010759417135256095
arousal_primary_6s,classification,random_forest,gaze_dispersion_2d_px,P31,0.008376068376068385
arousal_primary_6s,classification,random_forest,gaze_dispersion_2d_px,P32,0.00766678268940712
arousal_primary_6s,classification,random_forest,gaze_dispersion_2d_px,P38,-0.0019919693832737228
arousal_primary_6s,classification,random_forest,gaze_dispersion_2d_px,P41,0.004400656814449922
arousal_primary_6s,classification,random_forest,gaze_dispersion_2d_px,P47,-0.009366510832345626
arousal_primary_6s,classification,random_forest,gaze_dispersion_2d_px,P6,0.003984922976073474
arousal_primary_6s,classification,random_forest,gaze_path_length_px,P23,0.002898550724637655
arousal_primary_6s,classification,random_forest,gaze_path_length_px,P28,-0.0004519620291432103
arousal_primary_6s,classification,random_forest,gaze_path_length_px,P31,-0.01367521367521366
arousal_primary_6s,classification,random_forest,gaze_path_length_px,P32,0.004166376609815531
arousal_primary_6s,classification,random_forest,gaze_path_length_px,P38,0.0012035468557207497
arousal_primary_6s,classification,random_forest,gaze_path_length_px,P41,0.0009753694581280837
arousal_primary_6s,classification,random_forest,gaze_path_length_px,P47,-0.009624129743651694
arousal_primary_6s,classification,random_forest,gaze_path_length_px,P6,0.009009505080301605
arousal_primary_6s,classification,random_forest,fixation_count,P23,-2.7755575615628914e-17
arousal_primary_6s,classification,random_forest,fixation_count,P28,-0.010384545619444917
arousal_primary_6s,classification,random_forest,fixation_count,P31,-0.0011965811965811868
arousal_primary_6s,classification,random_forest,fixation_count,P32,-0.004318366399814366
arousal_primary_6s,classification,random_forest,fixation_count,P38,0.009238869021477714
arousal_primary_6s,classification,random_forest,fixation_count,P41,0.010731253420908587
arousal_primary_6s,classification,random_forest,fixation_count,P47,0.0032842772863820313
arousal_primary_6s,classification,random_forest,fixation_count,P6,-0.0004378892166502224
arousal_primary_6s,classification,random_forest,fixation_total_ms,P23,-0.016425120772946854
arousal_primary_6s,classification,random_forest,fixation_total_ms,P28,0.003969405647258023
arousal_primary_6s,classification,random_forest,fixation_total_ms,P31,-0.009914529914529896
arousal_primary_6s,classification,random_forest,fixation_total_ms,P32,0.01062188188885021
arousal_primary_6s,classification,random_forest,fixation_total_ms,P38,0.021925779534475175
arousal_primary_6s,classification,random_forest,fixation_total_ms,P41,0.004016420361247946
arousal_primary_6s,classification,random_forest,fixation_total_ms,P47,-0.005650943016574883
arousal_primary_6s,classification,random_forest,fixation_total_ms,P6,0.007236971484759156
arousal_primary_6s,classification,random_forest,fixation_mean_ms,P23,-0.009178743961352648
arousal_primary_6s,classification,random_forest,fixation_mean_ms,P28,-0.008517745933853283
arousal_primary_6s,classification,random_forest,fixation_mean_ms,P31,0.004102564102564116
arousal_primary_6s,classification,random_forest,fixation_mean_ms,P32,0.007280426963684866
arousal_primary_6s,classification,random_forest,fixation_mean_ms,P38,0.011363113537026575
arousal_primary_6s,classification,random_forest,fixation_mean_ms,P41,0.0009720853858784684
arousal_primary_6s,classification,random_forest,fixation_mean_ms,P47,0.010484888474815523
arousal_primary_6s,classification,random_forest,fixation_mean_ms,P6,0.0020668633235005453
arousal_primary_6s,classification,random_forest,fixation_median_ms,P23,-0.0021739130434782817
arousal_primary_6s,classification,random_forest,fixation_median_ms,P28,-0.011454743333937933
arousal_primary_6s,classification,random_forest,fixation_median_ms,P31,0.00393162393162394
arousal_primary_6s,classification,random_forest,fixation_median_ms,P32,0.005925281355145612
arousal_primary_6s,classification,random_forest,fixation_median_ms,P38,0.007662023966371762
arousal_primary_6s,classification,random_forest,fixation_median_ms,P41,0.005730706075533681
arousal_primary_6s,classification,random_forest,fixation_median_ms,P47,-0.0013037298743530767
arousal_primary_6s,classification,random_forest,fixation_median_ms,P6,0.0053189118321862235
arousal_primary_6s,classification,random_forest,saccade_count,P23,-0.003381642512077293
arousal_primary_6s,classification,random_forest,saccade_count,P28,0.004477296088034388
arousal_primary_6s,classification,random_forest,saccade_count,P31,-0.0034188034188034067
arousal_primary_6s,classification,random_forest,saccade_count,P32,0.001809954751131232
arousal_primary_6s,classification,random_forest,saccade_count,P38,0.004487420791768598
arousal_primary_6s,classification,random_forest,saccade_count,P41,-0.000385331143951817
arousal_primary_6s,classification,random_forest,saccade_count,P47,0.0073801737336277986
arousal_primary_6s,classification,random_forest,saccade_count,P6,-0.0005952146837101991
arousal_primary_6s,classification,random_forest,saccade_mean_ms,P23,-0.0019323671497584517
arousal_primary_6s,classification,random_forest,saccade_mean_ms,P28,-0.005201342281879157
arousal_primary_6s,classification,random_forest,saccade_mean_ms,P31,-0.006666666666666665
arousal_primary_6s,classification,random_forest,saccade_mean_ms,P32,0.014752291449124027
arousal_primary_6s,classification,random_forest,saccade_mean_ms,P38,0.003555220946525267
arousal_primary_6s,classification,random_forest,saccade_mean_ms,P41,-0.0019135194307608016
arousal_primary_6s,classification,random_forest,saccade_mean_ms,P47,0.0018760040202571771
arousal_primary_6s,classification,random_forest,saccade_mean_ms,P6,0.008413634873811924
arousal_primary_6s,classification,random_forest,pupil_both_valid_fraction,P23,-0.0026570048309178806
arousal_primary_6s,classification,random_forest,pupil_both_valid_fraction,P28,-0.006475603119898371
arousal_primary_6s,classification,random_forest,pupil_both_valid_fraction,P31,0.0005128205128205165
arousal_primary_6s,classification,random_forest,pupil_both_valid_fraction,P32,-0.0023216150365471533
arousal_primary_6s,classification,random_forest,pupil_both_valid_fraction,P38,0.009886128364389207
arousal_primary_6s,classification,random_forest,pupil_both_valid_fraction,P41,0.0016726874657909062
arousal_primary_6s,classification,random_forest,pupil_both_valid_fraction,P47,-0.0011646824809269762
arousal_primary_6s,classification,random_forest,pupil_both_valid_fraction,P6,0.0007354965585054607
arousal_primary_6s,classification,random_forest,pupil_mean_z,P23,-0.0033816425120773096
arousal_primary_6s,classification,random_forest,pupil_mean_z,P28,-0.02073885966503413
arousal_primary_6s,classification,random_forest,pupil_mean_z,P31,-0.007008547008546984
arousal_primary_6s,classification,random_forest,pupil_mean_z,P32,0.02064044552732335
arousal_primary_6s,classification,random_forest,pupil_mean_z,P38,0.01306491415187066
arousal_primary_6s,classification,random_forest,pupil_mean_z,P41,-0.004996168582375465
arousal_primary_6s,classification,random_forest,pupil_mean_z,P47,0.008043235228832412
arousal_primary_6s,classification,random_forest,pupil_mean_z,P6,0.0029347754834481267
arousal_primary_6s,classification,random_forest,pupil_std_z,P23,-0.007729468599033817
arousal_primary_6s,classification,random_forest,pupil_std_z,P28,-0.0020058649253279826
arousal_primary_6s,classification,random_forest,pupil_std_z,P31,-0.008547008547008534
arousal_primary_6s,classification,random_forest,pupil_std_z,P32,0.00020884093282283467
arousal_primary_6s,classification,random_forest,pupil_std_z,P38,0.010816236903193405
arousal_primary_6s,classification,random_forest,pupil_std_z,P41,0.004953475643130823
arousal_primary_6s,classification,random_forest,pupil_std_z,P47,0.01262303558778034
arousal_primary_6s,classification,random_forest,pupil_std_z,P6,-0.0056217633562765604
arousal_primary_6s,classification,random_forest,pupil_min_z,P23,-0.0004830917874396268
arousal_primary_6s,classification,random_forest,pupil_min_z,P28,-0.005651792732329591
arousal_primary_6s,classification,random_forest,pupil_min_z,P31,0.001709401709401731
arousal_primary_6s,classification,random_forest,pupil_min_z,P32,0.004508643694164066
arousal_primary_6s,classification,random_forest,pupil_min_z,P38,0.002768366898801655
arousal_primary_6s,classification,random_forest,pupil_min_z,P41,0.012607553366174057
arousal_primary_6s,classification,random_forest,pupil_min_z,P47,0.01932129179742497
arousal_primary_6s,classification,random_forest,pupil_min_z,P6,0.008586692887577902
arousal_primary_6s,classification,random_forest,pupil_max_z,P23,0.00531400966183575
arousal_primary_6s,classification,random_forest,pupil_max_z,P28,-0.021143962754700995
arousal_primary_6s,classification,random_forest,pupil_max_z,P31,0.006837606837606864
arousal_primary_6s,classification,random_forest,pupil_max_z,P32,0.008830490776192135
arousal_primary_6s,classification,random_forest,pupil_max_z,P38,0.012804023673588877
arousal_primary_6s,classification,random_forest,pupil_max_z,P41,0.006495894909688016
arousal_primary_6s,classification,random_forest,pupil_max_z,P47,0.004074395512416984
arousal_primary_6s,classification,random_forest,pupil_max_z,P6,0.0036971484759096007
arousal_primary_6s,classification,random_forest,pupil_slope_z_s,P23,-0.02028985507246377
arousal_primary_6s,classification,random_forest,pupil_slope_z_s,P28,-0.0008842735352801945
arousal_primary_6s,classification,random_forest,pupil_slope_z_s,P31,-0.006153846153846137
arousal_primary_6s,classification,random_forest,pupil_slope_z_s,P32,-0.013916927717832688
arousal_primary_6s,classification,random_forest,pupil_slope_z_s,P38,0.011199991634774208
arousal_primary_6s,classification,random_forest,pupil_slope_z_s,P41,-0.0038149972632731234
arousal_primary_6s,classification,random_forest,pupil_slope_z_s,P47,0.005708846210988544
arousal_primary_6s,classification,random_forest,pupil_slope_z_s,P6,0.0023664372336939217
arousal_primary_6s,classification,random_forest,modalidad:EEG,P23,-0.024154589371980683
arousal_primary_6s,classification,random_forest,modalidad:EEG,P28,-0.01372059979442527
arousal_primary_6s,classification,random_forest,modalidad:EEG,P31,-0.008547008547008527
arousal_primary_6s,classification,random_forest,modalidad:EEG,P32,-0.010989673976099318
arousal_primary_6s,classification,random_forest,modalidad:EEG,P38,-0.006206474684735552
arousal_primary_6s,classification,random_forest,modalidad:EEG,P41,-0.0025112205801860964
arousal_primary_6s,classification,random_forest,modalidad:EEG,P47,0.007462039270653825
arousal_primary_6s,classification,random_forest,modalidad:EEG,P6,0.009015404785316336
arousal_primary_6s,classification,random_forest,modalidad:Eye,P23,-0.019806763285024148
arousal_primary_6s,classification,random_forest,modalidad:Eye,P28,-0.013014692544893852
arousal_primary_6s,classification,random_forest,modalidad:Eye,P31,-0.021709401709401676
arousal_primary_6s,classification,random_forest,modalidad:Eye,P32,0.0013829910662489953
arousal_primary_6s,classification,random_forest,modalidad:Eye,P38,0.03211410167931905
arousal_primary_6s,classification,random_forest,modalidad:Eye,P41,0.009184455391351936
arousal_primary_6s,classification,random_forest,modalidad:Eye,P47,-0.017332379395447906
arousal_primary_6s,classification,random_forest,modalidad:Eye,P6,0.02201442150114722
arousal_primary_6s,classification,random_forest,modalidad:Pupil,P23,-0.01280193236714976
arousal_primary_6s,classification,random_forest,modalidad:Pupil,P28,-0.005881552693633191
arousal_primary_6s,classification,random_forest,modalidad:Pupil,P31,-0.005811965811965808
arousal_primary_6s,classification,random_forest,modalidad:Pupil,P32,0.010859728506787342
arousal_primary_6s,classification,random_forest,modalidad:Pupil,P38,0.017679904636426363
arousal_primary_6s,classification,random_forest,modalidad:Pupil,P41,0.002811165845648611
arousal_primary_6s,classification,random_forest,modalidad:Pupil,P47,0.022779310304680493
arousal_primary_6s,classification,random_forest,modalidad:Pupil,P6,-0.005169452638479122
arousal_primary_6s,regression,ridge,eeg_rms_uv,P23,0.00023530861304017493
arousal_primary_6s,regression,ridge,eeg_rms_uv,P28,0.0047256657498631945
arousal_primary_6s,regression,ridge,eeg_rms_uv,P31,-0.0010362417786983103
arousal_primary_6s,regression,ridge,eeg_rms_uv,P32,0.0001002002515161693
arousal_primary_6s,regression,ridge,eeg_rms_uv,P38,-0.0016500997816789264
arousal_primary_6s,regression,ridge,eeg_rms_uv,P41,0.001518713918757264
arousal_primary_6s,regression,ridge,eeg_rms_uv,P47,0.0006414812546328586
arousal_primary_6s,regression,ridge,eeg_rms_uv,P6,-0.0004926791429059385
arousal_primary_6s,regression,ridge,eeg_std_uv,P23,0.0006160389891522122
arousal_primary_6s,regression,ridge,eeg_std_uv,P28,-0.0011414646701471188
arousal_primary_6s,regression,ridge,eeg_std_uv,P31,0.0017454898852321543
arousal_primary_6s,regression,ridge,eeg_std_uv,P32,0.001077866490355206
arousal_primary_6s,regression,ridge,eeg_std_uv,P38,0.007823487770795334
arousal_primary_6s,regression,ridge,eeg_std_uv,P41,0.005797619358164696
arousal_primary_6s,regression,ridge,eeg_std_uv,P47,-0.000946526745278864
arousal_primary_6s,regression,ridge,eeg_std_uv,P6,0.0028249885874617408
arousal_primary_6s,regression,ridge,eeg_peak_to_peak_uv,P23,0.0004944481916910326
arousal_primary_6s,regression,ridge,eeg_peak_to_peak_uv,P28,0.0018712795897497525
arousal_primary_6s,regression,ridge,eeg_peak_to_peak_uv,P31,-0.00037893686467098674
arousal_primary_6s,regression,ridge,eeg_peak_to_peak_uv,P32,4.652491141496906e-05
arousal_primary_6s,regression,ridge,eeg_peak_to_peak_uv,P38,-0.0012018909326443005
arousal_primary_6s,regression,ridge,eeg_peak_to_peak_uv,P41,0.00012151810499665406
arousal_primary_6s,regression,ridge,eeg_peak_to_peak_uv,P47,0.0004196998363915183
arousal_primary_6s,regression,ridge,eeg_peak_to_peak_uv,P6,-0.0003856410623770401
arousal_primary_6s,regression,ridge,eeg_delta_relative,P23,0.004508397631706041
arousal_primary_6s,regression,ridge,eeg_delta_relative,P28,0.0016191809629751753
arousal_primary_6s,regression,ridge,eeg_delta_relative,P31,0.0012592758815947124
arousal_primary_6s,regression,ridge,eeg_delta_relative,P32,0.004135637997777631
arousal_primary_6s,regression,ridge,eeg_delta_relative,P38,0.007070620203178557
arousal_primary_6s,regression,ridge,eeg_delta_relative,P41,0.0020902138271030823
arousal_primary_6s,regression,ridge,eeg_delta_relative,P47,-0.0020846787785328003
arousal_primary_6s,regression,ridge,eeg_delta_relative,P6,0.005556898329349436
arousal_primary_6s,regression,ridge,eeg_theta_relative,P23,0.0013758347203284838
arousal_primary_6s,regression,ridge,eeg_theta_relative,P28,4.02418497459589e-05
arousal_primary_6s,regression,ridge,eeg_theta_relative,P31,0.000260155940915241
arousal_primary_6s,regression,ridge,eeg_theta_relative,P32,-0.0007807860659407972
arousal_primary_6s,regression,ridge,eeg_theta_relative,P38,0.0018273910646027015
arousal_primary_6s,regression,ridge,eeg_theta_relative,P41,0.00033442601118953695
arousal_primary_6s,regression,ridge,eeg_theta_relative,P47,0.004820325630751699
arousal_primary_6s,regression,ridge,eeg_theta_relative,P6,-0.0006366598679157787
arousal_primary_6s,regression,ridge,eeg_alpha_relative,P23,0.0005553991838032179
arousal_primary_6s,regression,ridge,eeg_alpha_relative,P28,0.0001135194521908245
arousal_primary_6s,regression,ridge,eeg_alpha_relative,P31,0.0012187632958970186
arousal_primary_6s,regression,ridge,eeg_alpha_relative,P32,-0.0006639366340497332
arousal_primary_6s,regression,ridge,eeg_alpha_relative,P38,-0.00025735315566071114
arousal_primary_6s,regression,ridge,eeg_alpha_relative,P41,0.000588814984367092
arousal_primary_6s,regression,ridge,eeg_alpha_relative,P47,0.003228562675796409
arousal_primary_6s,regression,ridge,eeg_alpha_relative,P6,-0.0007699385963403805
arousal_primary_6s,regression,ridge,eeg_beta_relative,P23,0.008566865469182016
arousal_primary_6s,regression,ridge,eeg_beta_relative,P28,0.0002552497925891406
arousal_primary_6s,regression,ridge,eeg_beta_relative,P31,0.0015007137497913714
arousal_primary_6s,regression,ridge,eeg_beta_relative,P32,0.0034213915993614565
arousal_primary_6s,regression,ridge,eeg_beta_relative,P38,0.01058709322095055
arousal_primary_6s,regression,ridge,eeg_beta_relative,P41,0.002506638738426492
arousal_primary_6s,regression,ridge,eeg_beta_relative,P47,-0.0035266622917675128
arousal_primary_6s,regression,ridge,eeg_beta_relative,P6,0.0067960779890598785
arousal_primary_6s,regression,ridge,eeg_gamma_relative,P23,0.0008779305899031642
arousal_primary_6s,regression,ridge,eeg_gamma_relative,P28,0.00029808865999898516
arousal_primary_6s,regression,ridge,eeg_gamma_relative,P31,0.005553286886651731
arousal_primary_6s,regression,ridge,eeg_gamma_relative,P32,0.0003513341922691593
arousal_primary_6s,regression,ridge,eeg_gamma_relative,P38,0.00107244500776561
arousal_primary_6s,regression,ridge,eeg_gamma_relative,P41,0.0018176821646934682
arousal_primary_6s,regression,ridge,eeg_gamma_relative,P47,0.004331331390770243
arousal_primary_6s,regression,ridge,eeg_gamma_relative,P6,-0.0020759072646387875
arousal_primary_6s,regression,ridge,eeg_line_noise_ratio,P23,5.6860641118494645e-05
arousal_primary_6s,regression,ridge,eeg_line_noise_ratio,P28,0.00026621365203022274
arousal_primary_6s,regression,ridge,eeg_line_noise_ratio,P31,-0.00026610889585274575
arousal_primary_6s,regression,ridge,eeg_line_noise_ratio,P32,1.5557165866308952e-05
arousal_primary_6s,regression,ridge,eeg_line_noise_ratio,P38,0.0011467558101866838
arousal_primary_6s,regression,ridge,eeg_line_noise_ratio,P41,-2.9051972805538283e-05
arousal_primary_6s,regression,ridge,eeg_line_noise_ratio,P47,-0.00039416070910089915
arousal_primary_6s,regression,ridge,eeg_line_noise_ratio,P6,0.00018369029663490856
arousal_primary_6s,regression,ridge,gaze_dispersion_x_px,P23,-1.233334574423095e-05
arousal_primary_6s,regression,ridge,gaze_dispersion_x_px,P28,-3.339528259074243e-05
arousal_primary_6s,regression,ridge,gaze_dispersion_x_px,P31,7.051101359778489e-06
arousal_primary_6s,regression,ridge,gaze_dispersion_x_px,P32,6.480771378041262e-05
arousal_primary_6s,regression,ridge,gaze_dispersion_x_px,P38,2.7706368987900908e-05
arousal_primary_6s,regression,ridge,gaze_dispersion_x_px,P41,4.0989990189532755e-05
arousal_primary_6s,regression,ridge,gaze_dispersion_x_px,P47,-3.386048913691653e-05
arousal_primary_6s,regression,ridge,gaze_dispersion_x_px,P6,-6.536436747054398e-05
arousal_primary_6s,regression,ridge,gaze_dispersion_y_px,P23,7.235993863018431e-05
arousal_primary_6s,regression,ridge,gaze_dispersion_y_px,P28,-0.000365010465307658
arousal_primary_6s,regression,ridge,gaze_dispersion_y_px,P31,0.0014870556460850448
arousal_primary_6s,regression,ridge,gaze_dispersion_y_px,P32,0.0005038097530268071
arousal_primary_6s,regression,ridge,gaze_dispersion_y_px,P38,1.358999845287867e-05
arousal_primary_6s,regression,ridge,gaze_dispersion_y_px,P41,0.0005177837943389108
arousal_primary_6s,regression,ridge,gaze_dispersion_y_px,P47,-0.0009347536067817019
arousal_primary_6s,regression,ridge,gaze_dispersion_y_px,P6,0.00025359591500839773
arousal_primary_6s,regression,ridge,gaze_dispersion_2d_px,P23,0.0001667075460765277
arousal_primary_6s,regression,ridge,gaze_dispersion_2d_px,P28,0.0007506972012956359
arousal_primary_6s,regression,ridge,gaze_dispersion_2d_px,P31,-0.0005110252126014792
arousal_primary_6s,regression,ridge,gaze_dispersion_2d_px,P32,-0.0006013330443652376
arousal_primary_6s,regression,ridge,gaze_dispersion_2d_px,P38,-5.9005269176259924e-05
arousal_primary_6s,regression,ridge,gaze_dispersion_2d_px,P41,-0.0005008739386234362
arousal_primary_6s,regression,ridge,gaze_dispersion_2d_px,P47,0.0009760725696702721
arousal_primary_6s,regression,ridge,gaze_dispersion_2d_px,P6,0.0006602060471965987
arousal_primary_6s,regression,ridge,gaze_path_length_px,P23,0.0011348957841996522
arousal_primary_6s,regression,ridge,gaze_path_length_px,P28,0.00199591285132531
arousal_primary_6s,regression,ridge,gaze_path_length_px,P31,-0.0013142657088893173
arousal_primary_6s,regression,ridge,gaze_path_length_px,P32,0.00012807002880423912
arousal_primary_6s,regression,ridge,gaze_path_length_px,P38,0.0017958487553401902
arousal_primary_6s,regression,ridge,gaze_path_length_px,P41,-0.0006823004576591574
arousal_primary_6s,regression,ridge,gaze_path_length_px,P47,0.0006656859034767315
arousal_primary_6s,regression,ridge,gaze_path_length_px,P6,0.012363723630687518
arousal_primary_6s,regression,ridge,fixation_count,P23,0.0026367990537403685
arousal_primary_6s,regression,ridge,fixation_count,P28,0.004567519146062482
arousal_primary_6s,regression,ridge,fixation_count,P31,0.0010122016194217044
arousal_primary_6s,regression,ridge,fixation_count,P32,-0.002009735501218468
arousal_primary_6s,regression,ridge,fixation_count,P38,-0.0014632013985912296
arousal_primary_6s,regression,ridge,fixation_count,P41,0.0003948508328687872
arousal_primary_6s,regression,ridge,fixation_count,P47,-0.0007445829038586149
arousal_primary_6s,regression,ridge,fixation_count,P6,-0.0024329891510653234
arousal_primary_6s,regression,ridge,fixation_total_ms,P23,-4.165475982966793e-05
arousal_primary_6s,regression,ridge,fixation_total_ms,P28,-9.222836384200627e-05
arousal_primary_6s,regression,ridge,fixation_total_ms,P31,-2.8514553913838725e-05
arousal_primary_6s,regression,ridge,fixation_total_ms,P32,-1.6543472505492483e-05
arousal_primary_6s,regression,ridge,fixation_total_ms,P38,-6.88028469576496e-06
arousal_primary_6s,regression,ridge,fixation_total_ms,P41,1.1056393036423806e-05
arousal_primary_6s,regression,ridge,fixation_total_ms,P47,-2.9812669197748497e-05
arousal_primary_6s,regression,ridge,fixation_total_ms,P6,2.0858376933219347e-05
arousal_primary_6s,regression,ridge,fixation_mean_ms,P23,-0.0015965993354779217
arousal_primary_6s,regression,ridge,fixation_mean_ms,P28,-0.00532418046235199
arousal_primary_6s,regression,ridge,fixation_mean_ms,P31,-0.0017956163432258144
arousal_primary_6s,regression,ridge,fixation_mean_ms,P32,0.0023959386491100854
arousal_primary_6s,regression,ridge,fixation_mean_ms,P38,0.0006169402685146208
arousal_primary_6s,regression,ridge,fixation_mean_ms,P41,0.0012692525663177356
arousal_primary_6s,regression,ridge,fixation_mean_ms,P47,0.001307855395583446
arousal_primary_6s,regression,ridge,fixation_mean_ms,P6,0.0016316688668487679
arousal_primary_6s,regression,ridge,fixation_median_ms,P23,0.00010410348153975236
arousal_primary_6s,regression,ridge,fixation_median_ms,P28,0.0010288087359569098
arousal_primary_6s,regression,ridge,fixation_median_ms,P31,0.000252493871841597
arousal_primary_6s,regression,ridge,fixation_median_ms,P32,-0.00034008201024438023
arousal_primary_6s,regression,ridge,fixation_median_ms,P38,-4.0215295416801136e-05
arousal_primary_6s,regression,ridge,fixation_median_ms,P41,-8.262148791262635e-05
arousal_primary_6s,regression,ridge,fixation_median_ms,P47,0.0001959251990185873
arousal_primary_6s,regression,ridge,fixation_median_ms,P6,-0.0002733410659827351
arousal_primary_6s,regression,ridge,saccade_count,P23,-0.0009338754488088741
arousal_primary_6s,regression,ridge,saccade_count,P28,-0.0018959649170845361
arousal_primary_6s,regression,ridge,saccade_count,P31,-0.0006194979320014449
arousal_primary_6s,regression,ridge,saccade_count,P32,0.001130108333179014
arousal_primary_6s,regression,ridge,saccade_count,P38,0.0009921464796458167
arousal_primary_6s,regression,ridge,saccade_count,P41,0.001726799962998471
arousal_primary_6s,regression,ridge,saccade_count,P47,-6.34767323624219e-05
arousal_primary_6s,regression,ridge,saccade_count,P6,0.0037314521793267775
arousal_primary_6s,regression,ridge,saccade_mean_ms,P23,0.0002392854659286514
arousal_primary_6s,regression,ridge,saccade_mean_ms,P28,0.0003317557726535747
arousal_primary_6s,regression,ridge,saccade_mean_ms,P31,-0.0015119453184431197
arousal_primary_6s,regression,ridge,saccade_mean_ms,P32,0.00033299562015149943
arousal_primary_6s,regression,ridge,saccade_mean_ms,P38,0.000549533907960742
arousal_primary_6s,regression,ridge,saccade_mean_ms,P41,-6.376935548908502e-05
arousal_primary_6s,regression,ridge,saccade_mean_ms,P47,0.0006544021767646679
arousal_primary_6s,regression,ridge,saccade_mean_ms,P6,-0.0003217236646144928
arousal_primary_6s,regression,ridge,pupil_both_valid_fraction,P23,-0.0006701464671262202
arousal_primary_6s,regression,ridge,pupil_both_valid_fraction,P28,0.0001998554944088071
arousal_primary_6s,regression,ridge,pupil_both_valid_fraction,P31,1.3301287002465134e-05
arousal_primary_6s,regression,ridge,pupil_both_valid_fraction,P32,-0.00025176162289461954
arousal_primary_6s,regression,ridge,pupil_both_valid_fraction,P38,-0.00037907215017940477
arousal_primary_6s,regression,ridge,pupil_both_valid_fraction,P41,-3.2727568062562715e-05
arousal_primary_6s,regression,ridge,pupil_both_valid_fraction,P47,-0.00011061752182504048
arousal_primary_6s,regression,ridge,pupil_both_valid_fraction,P6,0.0005798786175480464
arousal_primary_6s,regression,ridge,pupil_mean_z,P23,-0.00044050841786696937
arousal_primary_6s,regression,ridge,pupil_mean_z,P28,-0.004741792016224255
arousal_primary_6s,regression,ridge,pupil_mean_z,P31,-0.0016288684161484101
arousal_primary_6s,regression,ridge,pupil_mean_z,P32,-0.004365984070973638
arousal_primary_6s,regression,ridge,pupil_mean_z,P38,0.0019625597255112483
arousal_primary_6s,regression,ridge,pupil_mean_z,P41,4.4935621219099886e-05
arousal_primary_6s,regression,ridge,pupil_mean_z,P47,0.005414299880388706
arousal_primary_6s,regression,ridge,pupil_mean_z,P6,0.0024771508771432972
arousal_primary_6s,regression,ridge,pupil_std_z,P23,0.0065874067117801085
arousal_primary_6s,regression,ridge,pupil_std_z,P28,-0.005291499242338416
arousal_primary_6s,regression,ridge,pupil_std_z,P31,-0.000247741353075881
arousal_primary_6s,regression,ridge,pupil_std_z,P32,0.015017632327447994
arousal_primary_6s,regression,ridge,pupil_std_z,P38,0.009378194696767872
arousal_primary_6s,regression,ridge,pupil_std_z,P41,0.007755933007667193
arousal_primary_6s,regression,ridge,pupil_std_z,P47,0.0004396187164759091
arousal_primary_6s,regression,ridge,pupil_std_z,P6,0.003472782286355847
arousal_primary_6s,regression,ridge,pupil_min_z,P23,0.0036118135378669703
arousal_primary_6s,regression,ridge,pupil_min_z,P28,0.008287080694128868
arousal_primary_6s,regression,ridge,pupil_min_z,P31,0.00015442374371471557
arousal_primary_6s,regression,ridge,pupil_min_z,P32,-0.0028291680634644823
arousal_primary_6s,regression,ridge,pupil_min_z,P38,0.0008501442622707245
arousal_primary_6s,regression,ridge,pupil_min_z,P41,-0.0017601220933322504
arousal_primary_6s,regression,ridge,pupil_min_z,P47,0.005415966282076368
arousal_primary_6s,regression,ridge,pupil_min_z,P6,0.0016701208245779476
arousal_primary_6s,regression,ridge,pupil_max_z,P23,0.009053080980640726
arousal_primary_6s,regression,ridge,pupil_max_z,P28,0.01791820789787424
arousal_primary_6s,regression,ridge,pupil_max_z,P31,0.014153380779026859
arousal_primary_6s,regression,ridge,pupil_max_z,P32,0.01406389795730748
arousal_primary_6s,regression,ridge,pupil_max_z,P38,0.023577748406530374
arousal_primary_6s,regression,ridge,pupil_max_z,P41,0.016410747972771332
arousal_primary_6s,regression,ridge,pupil_max_z,P47,-4.8132643789844384e-05
arousal_primary_6s,regression,ridge,pupil_max_z,P6,0.0019874030627359818
arousal_primary_6s,regression,ridge,pupil_slope_z_s,P23,-0.00012008663046382262
arousal_primary_6s,regression,ridge,pupil_slope_z_s,P28,-6.78106213884755e-05
arousal_primary_6s,regression,ridge,pupil_slope_z_s,P31,-0.0001927436136987981
arousal_primary_6s,regression,ridge,pupil_slope_z_s,P32,-0.0006711988028986982
arousal_primary_6s,regression,ridge,pupil_slope_z_s,P38,0.00011463883602231828
arousal_primary_6s,regression,ridge,pupil_slope_z_s,P41,0.0006170231330177245
arousal_primary_6s,regression,ridge,pupil_slope_z_s,P47,-5.53805503192617e-05
arousal_primary_6s,regression,ridge,pupil_slope_z_s,P6,-1.7539598000337887e-05
arousal_primary_6s,regression,ridge,modalidad:EEG,P23,0.0018958943390684712
arousal_primary_6s,regression,ridge,modalidad:EEG,P28,-0.0015417744121381193
arousal_primary_6s,regression,ridge,modalidad:EEG,P31,-0.0022764041244797916
arousal_primary_6s,regression,ridge,modalidad:EEG,P32,-0.0013040739971040937
arousal_primary_6s,regression,ridge,modalidad:EEG,P38,0.006365392391023283
arousal_primary_6s,regression,ridge,modalidad:EEG,P41,-0.0047658074145316975
arousal_primary_6s,regression,ridge,modalidad:EEG,P47,-0.0018603376919009928
arousal_primary_6s,regression,ridge,modalidad:EEG,P6,-0.00022904613454717283
arousal_primary_6s,regression,ridge,modalidad:Eye,P23,0.001167845300052206
arousal_primary_6s,regression,ridge,modalidad:Eye,P28,-0.0011768041838188692
arousal_primary_6s,regression,ridge,modalidad:Eye,P31,-0.00417585823534915
arousal_primary_6s,regression,ridge,modalidad:Eye,P32,-0.00024696273072379873
arousal_primary_6s,regression,ridge,modalidad:Eye,P38,0.001238640833299165
arousal_primary_6s,regression,ridge,modalidad:Eye,P41,0.0011436972437458338
arousal_primary_6s,regression,ridge,modalidad:Eye,P47,-0.0018651414081268802
arousal_primary_6s,regression,ridge,modalidad:Eye,P6,0.012828871638237127
arousal_primary_6s,regression,ridge,modalidad:Pupil,P23,0.00014914711850207984
arousal_primary_6s,regression,ridge,modalidad:Pupil,P28,0.00038982612178420915
arousal_primary_6s,regression,ridge,modalidad:Pupil,P31,0.002217627890697016
arousal_primary_6s,regression,ridge,modalidad:Pupil,P32,0.000586757779107483
arousal_primary_6s,regression,ridge,modalidad:Pupil,P38,0.0039012968753480703
arousal_primary_6s,regression,ridge,modalidad:Pupil,P41,0.008332989274397318
arousal_primary_6s,regression,ridge,modalidad:Pupil,P47,-0.0001328201671544127
arousal_primary_6s,regression,ridge,modalidad:Pupil,P6,-0.0009019819803490648
arousal_primary_6s,regression,random_forest,eeg_rms_uv,P23,0.010256405128047218
arousal_primary_6s,regression,random_forest,eeg_rms_uv,P28,0.03169210668158758
arousal_primary_6s,regression,random_forest,eeg_rms_uv,P31,0.009176047771951112
arousal_primary_6s,regression,random_forest,eeg_rms_uv,P32,-0.004456932714339512
arousal_primary_6s,regression,random_forest,eeg_rms_uv,P38,0.06977928482492173
arousal_primary_6s,regression,random_forest,eeg_rms_uv,P41,0.016146287893136567
arousal_primary_6s,regression,random_forest,eeg_rms_uv,P47,-0.002218732623418007
arousal_primary_6s,regression,random_forest,eeg_rms_uv,P6,0.01025221936531362
arousal_primary_6s,regression,random_forest,eeg_std_uv,P23,0.048113327940373665
arousal_primary_6s,regression,random_forest,eeg_std_uv,P28,0.03019388175185752
arousal_primary_6s,regression,random_forest,eeg_std_uv,P31,-0.014001670449042259
arousal_primary_6s,regression,random_forest,eeg_std_uv,P32,0.01807744820862387
arousal_primary_6s,regression,random_forest,eeg_std_uv,P38,0.029156656506956667
arousal_primary_6s,regression,random_forest,eeg_std_uv,P41,0.027818628021162906
arousal_primary_6s,regression,random_forest,eeg_std_uv,P47,-0.0006420324659340837
arousal_primary_6s,regression,random_forest,eeg_std_uv,P6,0.020973349762461724
arousal_primary_6s,regression,random_forest,eeg_peak_to_peak_uv,P23,0.0031820174248949895
arousal_primary_6s,regression,random_forest,eeg_peak_to_peak_uv,P28,0.006464521484811403
arousal_primary_6s,regression,random_forest,eeg_peak_to_peak_uv,P31,0.0019455320508548145
arousal_primary_6s,regression,random_forest,eeg_peak_to_peak_uv,P32,0.010093341037567339
arousal_primary_6s,regression,random_forest,eeg_peak_to_peak_uv,P38,-0.0030857717339712208
arousal_primary_6s,regression,random_forest,eeg_peak_to_peak_uv,P41,0.004028903033825149
arousal_primary_6s,regression,random_forest,eeg_peak_to_peak_uv,P47,-0.001515368861567845
arousal_primary_6s,regression,random_forest,eeg_peak_to_peak_uv,P6,0.0027290934581205573
arousal_primary_6s,regression,random_forest,eeg_delta_relative,P23,-0.002238816611114358
arousal_primary_6s,regression,random_forest,eeg_delta_relative,P28,2.5281627609929912e-05
arousal_primary_6s,regression,random_forest,eeg_delta_relative,P31,0.0019374254373908605
arousal_primary_6s,regression,random_forest,eeg_delta_relative,P32,0.0002457526627080098
arousal_primary_6s,regression,random_forest,eeg_delta_relative,P38,-0.0036554154793456027
arousal_primary_6s,regression,random_forest,eeg_delta_relative,P41,0.005299025453700046
arousal_primary_6s,regression,random_forest,eeg_delta_relative,P47,-0.0003362473143165623
arousal_primary_6s,regression,random_forest,eeg_delta_relative,P6,0.01799616512137252
arousal_primary_6s,regression,random_forest,eeg_theta_relative,P23,0.010765608774147551
arousal_primary_6s,regression,random_forest,eeg_theta_relative,P28,-0.0011120948239952023
arousal_primary_6s,regression,random_forest,eeg_theta_relative,P31,-0.0015807581614841748
arousal_primary_6s,regression,random_forest,eeg_theta_relative,P32,0.002370755044091033
arousal_primary_6s,regression,random_forest,eeg_theta_relative,P38,-0.002914420227942105
arousal_primary_6s,regression,random_forest,eeg_theta_relative,P41,-0.00021182519282247902
arousal_primary_6s,regression,random_forest,eeg_theta_relative,P47,-0.00042369136467823587
arousal_primary_6s,regression,random_forest,eeg_theta_relative,P6,0.004300921120521895
arousal_primary_6s,regression,random_forest,eeg_alpha_relative,P23,-0.006915466020240557
arousal_primary_6s,regression,random_forest,eeg_alpha_relative,P28,-0.007188725110871164
arousal_primary_6s,regression,random_forest,eeg_alpha_relative,P31,0.0009699167608078873
arousal_primary_6s,regression,random_forest,eeg_alpha_relative,P32,-0.0004913514475821002
arousal_primary_6s,regression,random_forest,eeg_alpha_relative,P38,0.0009845776174374876
arousal_primary_6s,regression,random_forest,eeg_alpha_relative,P41,0.0041832840296102125
arousal_primary_6s,regression,random_forest,eeg_alpha_relative,P47,-0.0022199390768079972
arousal_primary_6s,regression,random_forest,eeg_alpha_relative,P6,0.0023677513255423665
arousal_primary_6s,regression,random_forest,eeg_beta_relative,P23,-0.0036471735258795544
arousal_primary_6s,regression,random_forest,eeg_beta_relative,P28,-0.003461559240682255
arousal_primary_6s,regression,random_forest,eeg_beta_relative,P31,-0.0006611177128910351
arousal_primary_6s,regression,random_forest,eeg_beta_relative,P32,-0.000543454985337366
arousal_primary_6s,regression,random_forest,eeg_beta_relative,P38,0.013452426426173081
arousal_primary_6s,regression,random_forest,eeg_beta_relative,P41,0.006775644031422256
arousal_primary_6s,regression,random_forest,eeg_beta_relative,P47,-0.00554868999410576
arousal_primary_6s,regression,random_forest,eeg_beta_relative,P6,0.0019035145699725308
arousal_primary_6s,regression,random_forest,eeg_gamma_relative,P23,-0.001906071467769832
arousal_primary_6s,regression,random_forest,eeg_gamma_relative,P28,-0.0013446103528719998
arousal_primary_6s,regression,random_forest,eeg_gamma_relative,P31,0.0004573779208583373
arousal_primary_6s,regression,random_forest,eeg_gamma_relative,P32,-0.004003042185603811
arousal_primary_6s,regression,random_forest,eeg_gamma_relative,P38,-0.003104123899884548
arousal_primary_6s,regression,random_forest,eeg_gamma_relative,P41,-0.0021043413147194155
arousal_primary_6s,regression,random_forest,eeg_gamma_relative,P47,-0.003957335158157593
arousal_primary_6s,regression,random_forest,eeg_gamma_relative,P6,-0.0010923887007807886
arousal_primary_6s,regression,random_forest,eeg_line_noise_ratio,P23,-0.005877566960190206
arousal_primary_6s,regression,random_forest,eeg_line_noise_ratio,P28,0.004178903752281904
arousal_primary_6s,regression,random_forest,eeg_line_noise_ratio,P31,0.0043257679245126916
arousal_primary_6s,regression,random_forest,eeg_line_noise_ratio,P32,0.01014872520173693
arousal_primary_6s,regression,random_forest,eeg_line_noise_ratio,P38,-0.006080748393810986
arousal_primary_6s,regression,random_forest,eeg_line_noise_ratio,P41,0.003969709377107345
arousal_primary_6s,regression,random_forest,eeg_line_noise_ratio,P47,-0.0036274556296526763
arousal_primary_6s,regression,random_forest,eeg_line_noise_ratio,P6,-0.0059139290083036755
arousal_primary_6s,regression,random_forest,gaze_dispersion_x_px,P23,0.0033475753957201036
arousal_primary_6s,regression,random_forest,gaze_dispersion_x_px,P28,-0.00888975383411944
arousal_primary_6s,regression,random_forest,gaze_dispersion_x_px,P31,0.00038981416876566756
arousal_primary_6s,regression,random_forest,gaze_dispersion_x_px,P32,-0.005158296250311145
arousal_primary_6s,regression,random_forest,gaze_dispersion_x_px,P38,0.0023359075233016615
arousal_primary_6s,regression,random_forest,gaze_dispersion_x_px,P41,-0.0009557638106934885
arousal_primary_6s,regression,random_forest,gaze_dispersion_x_px,P47,0.0020555216308649317
arousal_primary_6s,regression,random_forest,gaze_dispersion_x_px,P6,-0.0002023990580779955
arousal_primary_6s,regression,random_forest,gaze_dispersion_y_px,P23,0.0015969396842305471
arousal_primary_6s,regression,random_forest,gaze_dispersion_y_px,P28,0.0021982352746827472
arousal_primary_6s,regression,random_forest,gaze_dispersion_y_px,P31,-0.00032850675714493074
arousal_primary_6s,regression,random_forest,gaze_dispersion_y_px,P32,0.0006469696938889768
arousal_primary_6s,regression,random_forest,gaze_dispersion_y_px,P38,0.0016371302528851218
arousal_primary_6s,regression,random_forest,gaze_dispersion_y_px,P41,0.0014209543692412564
arousal_primary_6s,regression,random_forest,gaze_dispersion_y_px,P47,0.00273380412700317
arousal_primary_6s,regression,random_forest,gaze_dispersion_y_px,P6,-0.002554807467570108
arousal_primary_6s,regression,random_forest,gaze_dispersion_2d_px,P23,-0.0021662186398588856
arousal_primary_6s,regression,random_forest,gaze_dispersion_2d_px,P28,-0.004124163919397827
arousal_primary_6s,regression,random_forest,gaze_dispersion_2d_px,P31,0.0020087360139841915
arousal_primary_6s,regression,random_forest,gaze_dispersion_2d_px,P32,-0.001307282324489667
arousal_primary_6s,regression,random_forest,gaze_dispersion_2d_px,P38,0.000984318263243278
arousal_primary_6s,regression,random_forest,gaze_dispersion_2d_px,P41,0.0015899925586822627
arousal_primary_6s,regression,random_forest,gaze_dispersion_2d_px,P47,-0.0037473521989310975
arousal_primary_6s,regression,random_forest,gaze_dispersion_2d_px,P6,-0.0007408316401585236
arousal_primary_6s,regression,random_forest,gaze_path_length_px,P23,-0.0004793050499121598
arousal_primary_6s,regression,random_forest,gaze_path_length_px,P28,0.0033614498861672558
arousal_primary_6s,regression,random_forest,gaze_path_length_px,P31,-0.0025808383171356695
arousal_primary_6s,regression,random_forest,gaze_path_length_px,P32,0.008758185569043087
arousal_primary_6s,regression,random_forest,gaze_path_length_px,P38,0.00775248580104726
arousal_primary_6s,regression,random_forest,gaze_path_length_px,P41,0.00043163963641705826
arousal_primary_6s,regression,random_forest,gaze_path_length_px,P47,-2.177673212613307e-05
arousal_primary_6s,regression,random_forest,gaze_path_length_px,P6,0.01588821239295235
arousal_primary_6s,regression,random_forest,fixation_count,P23,-0.00012327993498342237
arousal_primary_6s,regression,random_forest,fixation_count,P28,-0.000363268875419076
arousal_primary_6s,regression,random_forest,fixation_count,P31,0.0009727415142627871
arousal_primary_6s,regression,random_forest,fixation_count,P32,-0.00011907127718893129
arousal_primary_6s,regression,random_forest,fixation_count,P38,-0.0002449742138172395
arousal_primary_6s,regression,random_forest,fixation_count,P41,1.1116132077781949e-05
arousal_primary_6s,regression,random_forest,fixation_count,P47,-6.742261001391192e-05
arousal_primary_6s,regression,random_forest,fixation_count,P6,-0.0010243612028984605
arousal_primary_6s,regression,random_forest,fixation_total_ms,P23,0.0006731341044611261
arousal_primary_6s,regression,random_forest,fixation_total_ms,P28,0.007120502656439409
arousal_primary_6s,regression,random_forest,fixation_total_ms,P31,0.001628433236723703
arousal_primary_6s,regression,random_forest,fixation_total_ms,P32,0.00024441510812880376
arousal_primary_6s,regression,random_forest,fixation_total_ms,P38,0.0009099319855376375
arousal_primary_6s,regression,random_forest,fixation_total_ms,P41,6.450354806264436e-05
arousal_primary_6s,regression,random_forest,fixation_total_ms,P47,0.001876491837436367
arousal_primary_6s,regression,random_forest,fixation_total_ms,P6,0.010047446026520168
arousal_primary_6s,regression,random_forest,fixation_mean_ms,P23,-0.003752792810715422
arousal_primary_6s,regression,random_forest,fixation_mean_ms,P28,-0.00016124681236796557
arousal_primary_6s,regression,random_forest,fixation_mean_ms,P31,0.0019989346376279695
arousal_primary_6s,regression,random_forest,fixation_mean_ms,P32,-0.002248526102465176
arousal_primary_6s,regression,random_forest,fixation_mean_ms,P38,-0.0015348688167463598
arousal_primary_6s,regression,random_forest,fixation_mean_ms,P41,-0.0027736942046100886
arousal_primary_6s,regression,random_forest,fixation_mean_ms,P47,0.0026212493067740315
arousal_primary_6s,regression,random_forest,fixation_mean_ms,P6,-0.0015460531021252333
arousal_primary_6s,regression,random_forest,fixation_median_ms,P23,0.0002925755596768109
arousal_primary_6s,regression,random_forest,fixation_median_ms,P28,-0.006871444691454132
arousal_primary_6s,regression,random_forest,fixation_median_ms,P31,-0.001166356899354759
arousal_primary_6s,regression,random_forest,fixation_median_ms,P32,0.005755102535826584
arousal_primary_6s,regression,random_forest,fixation_median_ms,P38,0.0009799875135277692
arousal_primary_6s,regression,random_forest,fixation_median_ms,P41,-0.00018373299514289342
arousal_primary_6s,regression,random_forest,fixation_median_ms,P47,-0.0020624107193965013
arousal_primary_6s,regression,random_forest,fixation_median_ms,P6,0.0007108353779130994
arousal_primary_6s,regression,random_forest,saccade_count,P23,0.00048385344133011765
arousal_primary_6s,regression,random_forest,saccade_count,P28,0.0031426745853560868
arousal_primary_6s,regression,random_forest,saccade_count,P31,0.00019641710943143486
arousal_primary_6s,regression,random_forest,saccade_count,P32,0.000753174618269492
arousal_primary_6s,regression,random_forest,saccade_count,P38,-0.000860294665774286
arousal_primary_6s,regression,random_forest,saccade_count,P41,-0.0009591031369398318
arousal_primary_6s,regression,random_forest,saccade_count,P47,0.002651482479827316
arousal_primary_6s,regression,random_forest,saccade_count,P6,-0.0020223473923342674
arousal_primary_6s,regression,random_forest,saccade_mean_ms,P23,0.0028287719814962253
arousal_primary_6s,regression,random_forest,saccade_mean_ms,P28,0.0016273649013559877
arousal_primary_6s,regression,random_forest,saccade_mean_ms,P31,-0.006413994225872544
arousal_primary_6s,regression,random_forest,saccade_mean_ms,P32,0.002774710783175971
arousal_primary_6s,regression,random_forest,saccade_mean_ms,P38,-0.0007871373866709996
arousal_primary_6s,regression,random_forest,saccade_mean_ms,P41,-0.0006576667775933132
arousal_primary_6s,regression,random_forest,saccade_mean_ms,P47,-0.0003517513028631125
arousal_primary_6s,regression,random_forest,saccade_mean_ms,P6,0.0004889402094911066
arousal_primary_6s,regression,random_forest,pupil_both_valid_fraction,P23,-0.006367555070997177
arousal_primary_6s,regression,random_forest,pupil_both_valid_fraction,P28,-0.005299434134358139
arousal_primary_6s,regression,random_forest,pupil_both_valid_fraction,P31,-0.00016657727637596763
arousal_primary_6s,regression,random_forest,pupil_both_valid_fraction,P32,-0.002379156581741615
arousal_primary_6s,regression,random_forest,pupil_both_valid_fraction,P38,-0.002387629078454756
arousal_primary_6s,regression,random_forest,pupil_both_valid_fraction,P41,-0.0033160939102854447
arousal_primary_6s,regression,random_forest,pupil_both_valid_fraction,P47,0.007923446187869398
arousal_primary_6s,regression,random_forest,pupil_both_valid_fraction,P6,0.002940870114372607
arousal_primary_6s,regression,random_forest,pupil_mean_z,P23,-0.00012410704950105433
arousal_primary_6s,regression,random_forest,pupil_mean_z,P28,-0.0036358755460309646
arousal_primary_6s,regression,random_forest,pupil_mean_z,P31,-0.00297033433157734
arousal_primary_6s,regression,random_forest,pupil_mean_z,P32,0.005634125921036559
arousal_primary_6s,regression,random_forest,pupil_mean_z,P38,0.005128362617170645
arousal_primary_6s,regression,random_forest,pupil_mean_z,P41,0.0009885954871136527
arousal_primary_6s,regression,random_forest,pupil_mean_z,P47,-0.002936764297832339
arousal_primary_6s,regression,random_forest,pupil_mean_z,P6,-0.009379410538570854
arousal_primary_6s,regression,random_forest,pupil_std_z,P23,0.001493355724102008
arousal_primary_6s,regression,random_forest,pupil_std_z,P28,0.0038020737575456985
arousal_primary_6s,regression,random_forest,pupil_std_z,P31,0.001590785867952005
arousal_primary_6s,regression,random_forest,pupil_std_z,P32,0.0021567045850961588
arousal_primary_6s,regression,random_forest,pupil_std_z,P38,0.009811970083904775
arousal_primary_6s,regression,random_forest,pupil_std_z,P41,-0.0013346724203462169
arousal_primary_6s,regression,random_forest,pupil_std_z,P47,0.0034992123812430664
arousal_primary_6s,regression,random_forest,pupil_std_z,P6,-0.001808810148327522
arousal_primary_6s,regression,random_forest,pupil_min_z,P23,-0.005042344477902738
arousal_primary_6s,regression,random_forest,pupil_min_z,P28,0.0022514141172382263
arousal_primary_6s,regression,random_forest,pupil_min_z,P31,0.0016472685594796754
arousal_primary_6s,regression,random_forest,pupil_min_z,P32,0.0003702440692218145
arousal_primary_6s,regression,random_forest,pupil_min_z,P38,0.003956929902170869
arousal_primary_6s,regression,random_forest,pupil_min_z,P41,-0.004100100339685575
arousal_primary_6s,regression,random_forest,pupil_min_z,P47,0.0041544425943856435
arousal_primary_6s,regression,random_forest,pupil_min_z,P6,-0.004071965427850888
arousal_primary_6s,regression,random_forest,pupil_max_z,P23,-0.005370865113886403
arousal_primary_6s,regression,random_forest,pupil_max_z,P28,0.0014598258986637358
arousal_primary_6s,regression,random_forest,pupil_max_z,P31,-0.0023969175839590796
arousal_primary_6s,regression,random_forest,pupil_max_z,P32,0.001045892738561527
arousal_primary_6s,regression,random_forest,pupil_max_z,P38,0.003654643235498356
arousal_primary_6s,regression,random_forest,pupil_max_z,P41,-0.0030428753591898784
arousal_primary_6s,regression,random_forest,pupil_max_z,P47,-0.001974704983001829
arousal_primary_6s,regression,random_forest,pupil_max_z,P6,-0.0007198632770046842
arousal_primary_6s,regression,random_forest,pupil_slope_z_s,P23,0.0014240921138336637
arousal_primary_6s,regression,random_forest,pupil_slope_z_s,P28,-0.0019530995436310983
arousal_primary_6s,regression,random_forest,pupil_slope_z_s,P31,-0.0017052949862649935
arousal_primary_6s,regression,random_forest,pupil_slope_z_s,P32,0.003908466445125968
arousal_primary_6s,regression,random_forest,pupil_slope_z_s,P38,0.003003025968321049
arousal_primary_6s,regression,random_forest,pupil_slope_z_s,P41,0.003602061631426312
arousal_primary_6s,regression,random_forest,pupil_slope_z_s,P47,6.442545134572874e-05
arousal_primary_6s,regression,random_forest,pupil_slope_z_s,P6,-0.004645548539485933
arousal_primary_6s,regression,random_forest,modalidad:EEG,P23,0.016788947811865816
arousal_primary_6s,regression,random_forest,modalidad:EEG,P28,0.005049656781393197
arousal_primary_6s,regression,random_forest,modalidad:EEG,P31,0.004648921686931029
arousal_primary_6s,regression,random_forest,modalidad:EEG,P32,-0.006520495878861632
arousal_primary_6s,regression,random_forest,modalidad:EEG,P38,-0.005400308145762178
arousal_primary_6s,regression,random_forest,modalidad:EEG,P41,0.007549124922150341
arousal_primary_6s,regression,random_forest,modalidad:EEG,P47,-0.004529889710408708
arousal_primary_6s,regression,random_forest,modalidad:EEG,P6,0.01037044933375455
arousal_primary_6s,regression,random_forest,modalidad:Eye,P23,0.00447943970514203
arousal_primary_6s,regression,random_forest,modalidad:Eye,P28,-0.00976424197071285
arousal_primary_6s,regression,random_forest,modalidad:Eye,P31,-0.00958941332534915
arousal_primary_6s,regression,random_forest,modalidad:Eye,P32,0.002496355243516524
arousal_primary_6s,regression,random_forest,modalidad:Eye,P38,0.004267459656235473
arousal_primary_6s,regression,random_forest,modalidad:Eye,P41,0.006355491799465018
arousal_primary_6s,regression,random_forest,modalidad:Eye,P47,0.006979280626821982
arousal_primary_6s,regression,random_forest,modalidad:Eye,P6,0.013376332058593742
arousal_primary_6s,regression,random_forest,modalidad:Pupil,P23,-0.0003590703510410687
arousal_primary_6s,regression,random_forest,modalidad:Pupil,P28,0.0005925823024299004
arousal_primary_6s,regression,random_forest,modalidad:Pupil,P31,-0.0015805220327335112
arousal_primary_6s,regression,random_forest,modalidad:Pupil,P32,0.005691012462284961
arousal_primary_6s,regression,random_forest,modalidad:Pupil,P38,0.008048639723031048
arousal_primary_6s,regression,random_forest,modalidad:Pupil,P41,-0.001605489513174474
arousal_primary_6s,regression,random_forest,modalidad:Pupil,P47,0.008147371112810031
arousal_primary_6s,regression,random_forest,modalidad:Pupil,P6,-0.008377330981991582
