fold,inner,base_id,family,smoothing,low,high,candidate_id,score
1,1,current_ridge,ridge,1,-0.3,0.03,current_ridge_w1_l-0.3_h0.03,0.32617681705888535
1,1,current_ridge,ridge,1,-0.3,0.1,current_ridge_w1_l-0.3_h0.1,0.30929967175644635
1,1,current_ridge,ridge,1,-0.3,0.3,current_ridge_w1_l-0.3_h0.3,0.2921710509778
1,1,current_ridge,ridge,1,-0.1,0.03,current_ridge_w1_l-0.1_h0.03,0.34345428126702787
1,1,current_ridge,ridge,1,-0.1,0.1,current_ridge_w1_l-0.1_h0.1,0.3265771359645888
1,1,current_ridge,ridge,1,-0.1,0.3,current_ridge_w1_l-0.1_h0.3,0.3094485151859426
1,1,current_ridge,ridge,1,-0.03,0.03,current_ridge_w1_l-0.03_h0.03,0.3653955670671758
1,1,current_ridge,ridge,1,-0.03,0.1,current_ridge_w1_l-0.03_h0.1,0.3485184217647368
1,1,current_ridge,ridge,1,-0.03,0.3,current_ridge_w1_l-0.03_h0.3,0.33138980098609055
1,1,current_ridge,ridge,16,-0.3,0.03,current_ridge_w16_l-0.3_h0.03,0.3167792536845453
1,1,current_ridge,ridge,16,-0.3,0.1,current_ridge_w16_l-0.3_h0.1,0.29941204388486997
1,1,current_ridge,ridge,16,-0.3,0.3,current_ridge_w16_l-0.3_h0.3,0.2907480951309467
1,1,current_ridge,ridge,16,-0.1,0.03,current_ridge_w16_l-0.1_h0.03,0.33402951032429934
1,1,current_ridge,ridge,16,-0.1,0.1,current_ridge_w16_l-0.1_h0.1,0.3166623005246241
1,1,current_ridge,ridge,16,-0.1,0.3,current_ridge_w16_l-0.1_h0.3,0.30799835177070073
1,1,current_ridge,ridge,16,-0.03,0.03,current_ridge_w16_l-0.03_h0.03,0.34481414287633594
1,1,current_ridge,ridge,16,-0.03,0.1,current_ridge_w16_l-0.03_h0.1,0.32744693307666056
1,1,current_ridge,ridge,16,-0.03,0.3,current_ridge_w16_l-0.03_h0.3,0.3187829843227373
1,1,current_rbf,rbf,1,-0.3,0.03,current_rbf_w1_l-0.3_h0.03,0.3332974082221354
1,1,current_rbf,rbf,1,-0.3,0.1,current_rbf_w1_l-0.3_h0.1,0.3125335314839719
1,1,current_rbf,rbf,1,-0.3,0.3,current_rbf_w1_l-0.3_h0.3,0.29582512247107295
1,1,current_rbf,rbf,1,-0.1,0.03,current_rbf_w1_l-0.1_h0.03,0.35275721733203547
1,1,current_rbf,rbf,1,-0.1,0.1,current_rbf_w1_l-0.1_h0.1,0.331993340593872
1,1,current_rbf,rbf,1,-0.1,0.3,current_rbf_w1_l-0.1_h0.3,0.31528493158097304
1,1,current_rbf,rbf,1,-0.03,0.03,current_rbf_w1_l-0.03_h0.03,0.3695780809935157
1,1,current_rbf,rbf,1,-0.03,0.1,current_rbf_w1_l-0.03_h0.1,0.34881420425535214
1,1,current_rbf,rbf,1,-0.03,0.3,current_rbf_w1_l-0.03_h0.3,0.33210579524245326
1,1,current_rbf,rbf,16,-0.3,0.03,current_rbf_w16_l-0.3_h0.03,0.3218776001583289
1,1,current_rbf,rbf,16,-0.3,0.1,current_rbf_w16_l-0.3_h0.1,0.29512069907735955
1,1,current_rbf,rbf,16,-0.3,0.3,current_rbf_w16_l-0.3_h0.3,0.2911458000484458
1,1,current_rbf,rbf,16,-0.1,0.03,current_rbf_w16_l-0.1_h0.03,0.33686892998484624
1,1,current_rbf,rbf,16,-0.1,0.1,current_rbf_w16_l-0.1_h0.1,0.3101120289038769
1,1,current_rbf,rbf,16,-0.1,0.3,current_rbf_w16_l-0.1_h0.3,0.30613712987496317
1,1,current_rbf,rbf,16,-0.03,0.03,current_rbf_w16_l-0.03_h0.03,0.33898375491074073
1,1,current_rbf,rbf,16,-0.03,0.1,current_rbf_w16_l-0.03_h0.1,0.31222685382977133
1,1,current_rbf,rbf,16,-0.03,0.3,current_rbf_w16_l-0.03_h0.3,0.3082519548008576
1,1,current_hgb,hgb,1,-0.3,0.03,current_hgb_w1_l-0.3_h0.03,0.33397194293137383
1,1,current_hgb,hgb,1,-0.3,0.1,current_hgb_w1_l-0.3_h0.1,0.31252646473258006
1,1,current_hgb,hgb,1,-0.3,0.3,current_hgb_w1_l-0.3_h0.3,0.2950061654255469
1,1,current_hgb,hgb,1,-0.1,0.03,current_hgb_w1_l-0.1_h0.03,0.3666308196005497
1,1,current_hgb,hgb,1,-0.1,0.1,current_hgb_w1_l-0.1_h0.1,0.345185341401756
1,1,current_hgb,hgb,1,-0.1,0.3,current_hgb_w1_l-0.1_h0.3,0.3276650420947229
1,1,current_hgb,hgb,1,-0.03,0.03,current_hgb_w1_l-0.03_h0.03,0.38113813384702194
1,1,current_hgb,hgb,1,-0.03,0.1,current_hgb_w1_l-0.03_h0.1,0.35969265564822817
1,1,current_hgb,hgb,1,-0.03,0.3,current_hgb_w1_l-0.03_h0.3,0.3421723563411951
1,1,current_hgb,hgb,16,-0.3,0.03,current_hgb_w16_l-0.3_h0.03,0.3290254074451112
1,1,current_hgb,hgb,16,-0.3,0.1,current_hgb_w16_l-0.3_h0.1,0.2898161742800067
1,1,current_hgb,hgb,16,-0.3,0.3,current_hgb_w16_l-0.3_h0.3,0.2897556762486731
1,1,current_hgb,hgb,16,-0.1,0.03,current_hgb_w16_l-0.1_h0.03,0.3656105482954526
1,1,current_hgb,hgb,16,-0.1,0.1,current_hgb_w16_l-0.1_h0.1,0.3264013151303481
1,1,current_hgb,hgb,16,-0.1,0.3,current_hgb_w16_l-0.1_h0.3,0.32634081709901447
1,1,current_hgb,hgb,16,-0.03,0.03,current_hgb_w16_l-0.03_h0.03,0.3788234472831484
1,1,current_hgb,hgb,16,-0.03,0.1,current_hgb_w16_l-0.03_h0.1,0.3396142141180438
1,1,current_hgb,hgb,16,-0.03,0.3,current_hgb_w16_l-0.03_h0.3,0.3395537160867102
1,1,current_trees,trees,1,-0.3,0.03,current_trees_w1_l-0.3_h0.03,0.316745840958108
1,1,current_trees,trees,1,-0.3,0.1,current_trees_w1_l-0.3_h0.1,0.3034002966595918
1,1,current_trees,trees,1,-0.3,0.3,current_trees_w1_l-0.3_h0.3,0.2873458903162482
1,1,current_trees,trees,1,-0.1,0.03,current_trees_w1_l-0.1_h0.03,0.32874327339890946
1,1,current_trees,trees,1,-0.1,0.1,current_trees_w1_l-0.1_h0.1,0.3153977291003932
1,1,current_trees,trees,1,-0.1,0.3,current_trees_w1_l-0.1_h0.3,0.2993433227570496
1,1,current_trees,trees,1,-0.03,0.03,current_trees_w1_l-0.03_h0.03,0.36028941408336745
1,1,current_trees,trees,1,-0.03,0.1,current_trees_w1_l-0.03_h0.1,0.34694386978485137
1,1,current_trees,trees,1,-0.03,0.3,current_trees_w1_l-0.03_h0.3,0.33088946344150766
1,1,current_trees,trees,16,-0.3,0.03,current_trees_w16_l-0.3_h0.03,0.30659831541069815
1,1,current_trees,trees,16,-0.3,0.1,current_trees_w16_l-0.3_h0.1,0.2952322090479819
1,1,current_trees,trees,16,-0.3,0.3,current_trees_w16_l-0.3_h0.3,0.286709768895984
1,1,current_trees,trees,16,-0.1,0.03,current_trees_w16_l-0.1_h0.03,0.30882857778511036
1,1,current_trees,trees,16,-0.1,0.1,current_trees_w16_l-0.1_h0.1,0.29746247142239407
1,1,current_trees,trees,16,-0.1,0.3,current_trees_w16_l-0.1_h0.3,0.28894003127039614
1,1,current_trees,trees,16,-0.03,0.03,current_trees_w16_l-0.03_h0.03,0.34066326563164184
1,1,current_trees,trees,16,-0.03,0.1,current_trees_w16_l-0.03_h0.1,0.32929715926892555
1,1,current_trees,trees,16,-0.03,0.3,current_trees_w16_l-0.03_h0.3,0.3207747191169276
1,1,multiscale_ridge,ridge,1,-0.3,0.03,multiscale_ridge_w1_l-0.3_h0.03,0.3734723033792935
1,1,multiscale_ridge,ridge,1,-0.3,0.1,multiscale_ridge_w1_l-0.3_h0.1,0.3587938961861665
1,1,multiscale_ridge,ridge,1,-0.3,0.3,multiscale_ridge_w1_l-0.3_h0.3,0.33368636894362363
1,1,multiscale_ridge,ridge,1,-0.1,0.03,multiscale_ridge_w1_l-0.1_h0.03,0.3983278424956378
1,1,multiscale_ridge,ridge,1,-0.1,0.1,multiscale_ridge_w1_l-0.1_h0.1,0.3836494353025109
1,1,multiscale_ridge,ridge,1,-0.1,0.3,multiscale_ridge_w1_l-0.1_h0.3,0.35854190805996794
1,1,multiscale_ridge,ridge,1,-0.03,0.03,multiscale_ridge_w1_l-0.03_h0.03,0.4038721645113104
1,1,multiscale_ridge,ridge,1,-0.03,0.1,multiscale_ridge_w1_l-0.03_h0.1,0.3891937573181834
1,1,multiscale_ridge,ridge,1,-0.03,0.3,multiscale_ridge_w1_l-0.03_h0.3,0.36408623007564056
1,1,multiscale_ridge,ridge,16,-0.3,0.03,multiscale_ridge_w16_l-0.3_h0.03,0.36442007242326224
1,1,multiscale_ridge,ridge,16,-0.3,0.1,multiscale_ridge_w16_l-0.3_h0.1,0.34348309926716136
1,1,multiscale_ridge,ridge,16,-0.3,0.3,multiscale_ridge_w16_l-0.3_h0.3,0.31117149768661995
1,1,multiscale_ridge,ridge,16,-0.1,0.03,multiscale_ridge_w16_l-0.1_h0.03,0.3967979819893899
1,1,multiscale_ridge,ridge,16,-0.1,0.1,multiscale_ridge_w16_l-0.1_h0.1,0.3758610088332891
1,1,multiscale_ridge,ridge,16,-0.1,0.3,multiscale_ridge_w16_l-0.1_h0.3,0.3435494072527476
1,1,multiscale_ridge,ridge,16,-0.03,0.03,multiscale_ridge_w16_l-0.03_h0.03,0.4059702893653904
1,1,multiscale_ridge,ridge,16,-0.03,0.1,multiscale_ridge_w16_l-0.03_h0.1,0.3850333162092896
1,1,multiscale_ridge,ridge,16,-0.03,0.3,multiscale_ridge_w16_l-0.03_h0.3,0.3527217146287481
1,1,multiscale_rbf,rbf,1,-0.3,0.03,multiscale_rbf_w1_l-0.3_h0.03,0.33060182533091603
1,1,multiscale_rbf,rbf,1,-0.3,0.1,multiscale_rbf_w1_l-0.3_h0.1,0.3174901449545823
1,1,multiscale_rbf,rbf,1,-0.3,0.3,multiscale_rbf_w1_l-0.3_h0.3,0.3051249364060112
1,1,multiscale_rbf,rbf,1,-0.1,0.03,multiscale_rbf_w1_l-0.1_h0.03,0.3567648431141883
1,1,multiscale_rbf,rbf,1,-0.1,0.1,multiscale_rbf_w1_l-0.1_h0.1,0.34365316273785457
1,1,multiscale_rbf,rbf,1,-0.1,0.3,multiscale_rbf_w1_l-0.1_h0.3,0.3312879541892835
1,1,multiscale_rbf,rbf,1,-0.03,0.03,multiscale_rbf_w1_l-0.03_h0.03,0.3618742637753814
1,1,multiscale_rbf,rbf,1,-0.03,0.1,multiscale_rbf_w1_l-0.03_h0.1,0.3487625833990476
1,1,multiscale_rbf,rbf,1,-0.03,0.3,multiscale_rbf_w1_l-0.03_h0.3,0.33639737485047655
1,1,multiscale_rbf,rbf,16,-0.3,0.03,multiscale_rbf_w16_l-0.3_h0.03,0.3128917636789995
1,1,multiscale_rbf,rbf,16,-0.3,0.1,multiscale_rbf_w16_l-0.3_h0.1,0.294263771931616
1,1,multiscale_rbf,rbf,16,-0.3,0.3,multiscale_rbf_w16_l-0.3_h0.3,0.2942014352429194
1,1,multiscale_rbf,rbf,16,-0.1,0.03,multiscale_rbf_w16_l-0.1_h0.03,0.3542711560545743
1,1,multiscale_rbf,rbf,16,-0.1,0.1,multiscale_rbf_w16_l-0.1_h0.1,0.3356431643071908
1,1,multiscale_rbf,rbf,16,-0.1,0.3,multiscale_rbf_w16_l-0.1_h0.3,0.3355808276184942
1,1,multiscale_rbf,rbf,16,-0.03,0.03,multiscale_rbf_w16_l-0.03_h0.03,0.34712874880803163
1,1,multiscale_rbf,rbf,16,-0.03,0.1,multiscale_rbf_w16_l-0.03_h0.1,0.3285007570606482
1,1,multiscale_rbf,rbf,16,-0.03,0.3,multiscale_rbf_w16_l-0.03_h0.3,0.32843842037195153
1,1,multiscale_hgb,hgb,1,-0.3,0.03,multiscale_hgb_w1_l-0.3_h0.03,0.32507948022019445
1,1,multiscale_hgb,hgb,1,-0.3,0.1,multiscale_hgb_w1_l-0.3_h0.1,0.32098554209283475
1,1,multiscale_hgb,hgb,1,-0.3,0.3,multiscale_hgb_w1_l-0.3_h0.3,0.30271077129701196
1,1,multiscale_hgb,hgb,1,-0.1,0.03,multiscale_hgb_w1_l-0.1_h0.03,0.34793353789643017
1,1,multiscale_hgb,hgb,1,-0.1,0.1,multiscale_hgb_w1_l-0.1_h0.1,0.3438395997690704
1,1,multiscale_hgb,hgb,1,-0.1,0.3,multiscale_hgb_w1_l-0.1_h0.3,0.3255648289732476
1,1,multiscale_hgb,hgb,1,-0.03,0.03,multiscale_hgb_w1_l-0.03_h0.03,0.3598257736167571
1,1,multiscale_hgb,hgb,1,-0.03,0.1,multiscale_hgb_w1_l-0.03_h0.1,0.35573183548939735
1,1,multiscale_hgb,hgb,1,-0.03,0.3,multiscale_hgb_w1_l-0.03_h0.3,0.33745706469357456
1,1,multiscale_hgb,hgb,16,-0.3,0.03,multiscale_hgb_w16_l-0.3_h0.03,0.32096356870132686
1,1,multiscale_hgb,hgb,16,-0.3,0.1,multiscale_hgb_w16_l-0.3_h0.1,0.3073282561975865
1,1,multiscale_hgb,hgb,16,-0.3,0.3,multiscale_hgb_w16_l-0.3_h0.3,0.28239143978605935
1,1,multiscale_hgb,hgb,16,-0.1,0.03,multiscale_hgb_w16_l-0.1_h0.03,0.34654001505148163
1,1,multiscale_hgb,hgb,16,-0.1,0.1,multiscale_hgb_w16_l-0.1_h0.1,0.3329047025477413
1,1,multiscale_hgb,hgb,16,-0.1,0.3,multiscale_hgb_w16_l-0.1_h0.3,0.3079678861362142
1,1,multiscale_hgb,hgb,16,-0.03,0.03,multiscale_hgb_w16_l-0.03_h0.03,0.3545476944769149
1,1,multiscale_hgb,hgb,16,-0.03,0.1,multiscale_hgb_w16_l-0.03_h0.1,0.3409123819731747
1,1,multiscale_hgb,hgb,16,-0.03,0.3,multiscale_hgb_w16_l-0.03_h0.3,0.3159755655616475
1,1,multiscale_trees,trees,1,-0.3,0.03,multiscale_trees_w1_l-0.3_h0.03,0.3059443133455866
1,1,multiscale_trees,trees,1,-0.3,0.1,multiscale_trees_w1_l-0.3_h0.1,0.2998729433452328
1,1,multiscale_trees,trees,1,-0.3,0.3,multiscale_trees_w1_l-0.3_h0.3,0.288613061387278
1,1,multiscale_trees,trees,1,-0.1,0.03,multiscale_trees_w1_l-0.1_h0.03,0.33425665463657545
1,1,multiscale_trees,trees,1,-0.1,0.1,multiscale_trees_w1_l-0.1_h0.1,0.3281852846362216
1,1,multiscale_trees,trees,1,-0.1,0.3,multiscale_trees_w1_l-0.1_h0.3,0.3169254026782668
1,1,multiscale_trees,trees,1,-0.03,0.03,multiscale_trees_w1_l-0.03_h0.03,0.35660773483623376
1,1,multiscale_trees,trees,1,-0.03,0.1,multiscale_trees_w1_l-0.03_h0.1,0.35053636483587997
1,1,multiscale_trees,trees,1,-0.03,0.3,multiscale_trees_w1_l-0.03_h0.3,0.3392764828779251
1,1,multiscale_trees,trees,16,-0.3,0.03,multiscale_trees_w16_l-0.3_h0.03,0.2978490787121659
1,1,multiscale_trees,trees,16,-0.3,0.1,multiscale_trees_w16_l-0.3_h0.1,0.28483703701561186
1,1,multiscale_trees,trees,16,-0.3,0.3,multiscale_trees_w16_l-0.3_h0.3,0.28465006932177617
1,1,multiscale_trees,trees,16,-0.1,0.03,multiscale_trees_w16_l-0.1_h0.03,0.3279484282850847
1,1,multiscale_trees,trees,16,-0.1,0.1,multiscale_trees_w16_l-0.1_h0.1,0.3149363865885306
1,1,multiscale_trees,trees,16,-0.1,0.3,multiscale_trees_w16_l-0.1_h0.3,0.31474941889469493
1,1,multiscale_trees,trees,16,-0.03,0.03,multiscale_trees_w16_l-0.03_h0.03,0.343320713464601
1,1,multiscale_trees,trees,16,-0.03,0.1,multiscale_trees_w16_l-0.03_h0.1,0.33030867176804696
1,1,multiscale_trees,trees,16,-0.03,0.3,multiscale_trees_w16_l-0.03_h0.3,0.33012170407421126
1,1,relative_ridge,ridge,1,-0.3,0.03,relative_ridge_w1_l-0.3_h0.03,0.32899169757903035
1,1,relative_ridge,ridge,1,-0.3,0.1,relative_ridge_w1_l-0.3_h0.1,0.31989072681484704
1,1,relative_ridge,ridge,1,-0.3,0.3,relative_ridge_w1_l-0.3_h0.3,0.2958666146142699
1,1,relative_ridge,ridge,1,-0.1,0.03,relative_ridge_w1_l-0.1_h0.03,0.35695191952858146
1,1,relative_ridge,ridge,1,-0.1,0.1,relative_ridge_w1_l-0.1_h0.1,0.3478509487643982
1,1,relative_ridge,ridge,1,-0.1,0.3,relative_ridge_w1_l-0.1_h0.3,0.32382683656382105
1,1,relative_ridge,ridge,1,-0.03,0.03,relative_ridge_w1_l-0.03_h0.03,0.3710957069757882
1,1,relative_ridge,ridge,1,-0.03,0.1,relative_ridge_w1_l-0.03_h0.1,0.3619947362116049
1,1,relative_ridge,ridge,1,-0.03,0.3,relative_ridge_w1_l-0.03_h0.3,0.3379706240110277
1,1,relative_ridge,ridge,16,-0.3,0.03,relative_ridge_w16_l-0.3_h0.03,0.3062188364771449
1,1,relative_ridge,ridge,16,-0.3,0.1,relative_ridge_w16_l-0.3_h0.1,0.2904715813750693
1,1,relative_ridge,ridge,16,-0.3,0.3,relative_ridge_w16_l-0.3_h0.3,0.2860475916420835
1,1,relative_ridge,ridge,16,-0.1,0.03,relative_ridge_w16_l-0.1_h0.03,0.32323890236433495
1,1,relative_ridge,ridge,16,-0.1,0.1,relative_ridge_w16_l-0.1_h0.1,0.3074916472622594
1,1,relative_ridge,ridge,16,-0.1,0.3,relative_ridge_w16_l-0.1_h0.3,0.30306765752927356
1,1,relative_ridge,ridge,16,-0.03,0.03,relative_ridge_w16_l-0.03_h0.03,0.3413714337064492
1,1,relative_ridge,ridge,16,-0.03,0.1,relative_ridge_w16_l-0.03_h0.1,0.3256241786043736
1,1,relative_ridge,ridge,16,-0.03,0.3,relative_ridge_w16_l-0.03_h0.3,0.3212001888713878
1,1,relative_rbf,rbf,1,-0.3,0.03,relative_rbf_w1_l-0.3_h0.03,0.32478000227954146
1,1,relative_rbf,rbf,1,-0.3,0.1,relative_rbf_w1_l-0.3_h0.1,0.30868044852818416
1,1,relative_rbf,rbf,1,-0.3,0.3,relative_rbf_w1_l-0.3_h0.3,0.290705801889414
1,1,relative_rbf,rbf,1,-0.1,0.03,relative_rbf_w1_l-0.1_h0.03,0.3472005307726754
1,1,relative_rbf,rbf,1,-0.1,0.1,relative_rbf_w1_l-0.1_h0.1,0.33110097702131813
1,1,relative_rbf,rbf,1,-0.1,0.3,relative_rbf_w1_l-0.1_h0.3,0.3131263303825479
1,1,relative_rbf,rbf,1,-0.03,0.03,relative_rbf_w1_l-0.03_h0.03,0.35555683906277186
1,1,relative_rbf,rbf,1,-0.03,0.1,relative_rbf_w1_l-0.03_h0.1,0.33945728531141456
1,1,relative_rbf,rbf,1,-0.03,0.3,relative_rbf_w1_l-0.03_h0.3,0.32148263867264437
1,1,relative_rbf,rbf,16,-0.3,0.03,relative_rbf_w16_l-0.3_h0.03,0.29415249793692244
1,1,relative_rbf,rbf,16,-0.3,0.1,relative_rbf_w16_l-0.3_h0.1,0.28774890864611014
1,1,relative_rbf,rbf,16,-0.3,0.3,relative_rbf_w16_l-0.3_h0.3,0.2857142857142857
1,1,relative_rbf,rbf,16,-0.1,0.03,relative_rbf_w16_l-0.1_h0.03,0.3002465327591557
1,1,relative_rbf,rbf,16,-0.1,0.1,relative_rbf_w16_l-0.1_h0.1,0.29384294346834333
1,1,relative_rbf,rbf,16,-0.1,0.3,relative_rbf_w16_l-0.1_h0.3,0.29180832053651895
1,1,relative_rbf,rbf,16,-0.03,0.03,relative_rbf_w16_l-0.03_h0.03,0.32082859926227836
1,1,relative_rbf,rbf,16,-0.03,0.1,relative_rbf_w16_l-0.03_h0.1,0.314425009971466
1,1,relative_rbf,rbf,16,-0.03,0.3,relative_rbf_w16_l-0.03_h0.3,0.31239038703964167
1,1,relative_hgb,hgb,1,-0.3,0.03,relative_hgb_w1_l-0.3_h0.03,0.31879590405724445
1,1,relative_hgb,hgb,1,-0.3,0.1,relative_hgb_w1_l-0.3_h0.1,0.30783063249353887
1,1,relative_hgb,hgb,1,-0.3,0.3,relative_hgb_w1_l-0.3_h0.3,0.2948976269405887
1,1,relative_hgb,hgb,1,-0.1,0.03,relative_hgb_w1_l-0.1_h0.03,0.3450201208438157
1,1,relative_hgb,hgb,1,-0.1,0.1,relative_hgb_w1_l-0.1_h0.1,0.3340548492801101
1,1,relative_hgb,hgb,1,-0.1,0.3,relative_hgb_w1_l-0.1_h0.3,0.32112184372715996
1,1,relative_hgb,hgb,1,-0.03,0.03,relative_hgb_w1_l-0.03_h0.03,0.35537167387093
1,1,relative_hgb,hgb,1,-0.03,0.1,relative_hgb_w1_l-0.03_h0.1,0.34440640230722436
1,1,relative_hgb,hgb,1,-0.03,0.3,relative_hgb_w1_l-0.03_h0.3,0.3314733967542742
1,1,relative_hgb,hgb,16,-0.3,0.03,relative_hgb_w16_l-0.3_h0.03,0.30093908979613404
1,1,relative_hgb,hgb,16,-0.3,0.1,relative_hgb_w16_l-0.3_h0.1,0.29422206269905066
1,1,relative_hgb,hgb,16,-0.3,0.3,relative_hgb_w16_l-0.3_h0.3,0.28678381290404364
1,1,relative_hgb,hgb,16,-0.1,0.03,relative_hgb_w16_l-0.1_h0.03,0.32118101098066154
1,1,relative_hgb,hgb,16,-0.1,0.1,relative_hgb_w16_l-0.1_h0.1,0.3144639838835781
1,1,relative_hgb,hgb,16,-0.1,0.3,relative_hgb_w16_l-0.1_h0.3,0.3070257340885711
1,1,relative_hgb,hgb,16,-0.03,0.03,relative_hgb_w16_l-0.03_h0.03,0.31765855996117737
1,1,relative_hgb,hgb,16,-0.03,0.1,relative_hgb_w16_l-0.03_h0.1,0.310941532864094
1,1,relative_hgb,hgb,16,-0.03,0.3,relative_hgb_w16_l-0.03_h0.3,0.30350328306908697
1,1,relative_trees,trees,1,-0.3,0.03,relative_trees_w1_l-0.3_h0.03,0.31618455335058354
1,1,relative_trees,trees,1,-0.3,0.1,relative_trees_w1_l-0.3_h0.1,0.2998426510811055
1,1,relative_trees,trees,1,-0.3,0.3,relative_trees_w1_l-0.3_h0.3,0.288394247373063
1,1,relative_trees,trees,1,-0.1,0.03,relative_trees_w1_l-0.1_h0.03,0.32911663158746274
1,1,relative_trees,trees,1,-0.1,0.1,relative_trees_w1_l-0.1_h0.1,0.31277472931798467
1,1,relative_trees,trees,1,-0.1,0.3,relative_trees_w1_l-0.1_h0.3,0.30132632560994227
1,1,relative_trees,trees,1,-0.03,0.03,relative_trees_w1_l-0.03_h0.03,0.34697502746525066
1,1,relative_trees,trees,1,-0.03,0.1,relative_trees_w1_l-0.03_h0.1,0.3306331251957726
1,1,relative_trees,trees,1,-0.03,0.3,relative_trees_w1_l-0.03_h0.3,0.3191847214877302
1,1,relative_trees,trees,16,-0.3,0.03,relative_trees_w16_l-0.3_h0.03,0.28577845322259704
1,1,relative_trees,trees,16,-0.3,0.1,relative_trees_w16_l-0.3_h0.1,0.2849712660865593
1,1,relative_trees,trees,16,-0.3,0.3,relative_trees_w16_l-0.3_h0.3,0.2857142857142857
1,1,relative_trees,trees,16,-0.1,0.03,relative_trees_w16_l-0.1_h0.03,0.2990324048605153
1,1,relative_trees,trees,16,-0.1,0.1,relative_trees_w16_l-0.1_h0.1,0.2982252177244776
1,1,relative_trees,trees,16,-0.1,0.3,relative_trees_w16_l-0.1_h0.3,0.298968237352204
1,1,relative_trees,trees,16,-0.03,0.03,relative_trees_w16_l-0.03_h0.03,0.3127218723563182
1,1,relative_trees,trees,16,-0.03,0.1,relative_trees_w16_l-0.03_h0.1,0.31191468522028043
1,1,relative_trees,trees,16,-0.03,0.3,relative_trees_w16_l-0.03_h0.3,0.31265770484800687
1,2,current_ridge,ridge,1,-0.3,0.03,current_ridge_w1_l-0.3_h0.03,0.34937436641205527
1,2,current_ridge,ridge,1,-0.3,0.1,current_ridge_w1_l-0.3_h0.1,0.3444019306971387
1,2,current_ridge,ridge,1,-0.3,0.3,current_ridge_w1_l-0.3_h0.3,0.3379056846819294
1,2,current_ridge,ridge,1,-0.1,0.03,current_ridge_w1_l-0.1_h0.03,0.3530217965070369
1,2,current_ridge,ridge,1,-0.1,0.1,current_ridge_w1_l-0.1_h0.1,0.34804936079212034
1,2,current_ridge,ridge,1,-0.1,0.3,current_ridge_w1_l-0.1_h0.3,0.34155311477691097
1,2,current_ridge,ridge,1,-0.03,0.03,current_ridge_w1_l-0.03_h0.03,0.36754612405682874
1,2,current_ridge,ridge,1,-0.03,0.1,current_ridge_w1_l-0.03_h0.1,0.3625736883419122
1,2,current_ridge,ridge,1,-0.03,0.3,current_ridge_w1_l-0.03_h0.3,0.35607744232670285
1,2,current_ridge,ridge,16,-0.3,0.03,current_ridge_w16_l-0.3_h0.03,0.35030410016243974
1,2,current_ridge,ridge,16,-0.3,0.1,current_ridge_w16_l-0.3_h0.1,0.35047647604046966
1,2,current_ridge,ridge,16,-0.3,0.3,current_ridge_w16_l-0.3_h0.3,0.3360887767499173
1,2,current_ridge,ridge,16,-0.1,0.03,current_ridge_w16_l-0.1_h0.03,0.34936775699665656
1,2,current_ridge,ridge,16,-0.1,0.1,current_ridge_w16_l-0.1_h0.1,0.34954013287468644
1,2,current_ridge,ridge,16,-0.1,0.3,current_ridge_w16_l-0.1_h0.3,0.33515243358413405
1,2,current_ridge,ridge,16,-0.03,0.03,current_ridge_w16_l-0.03_h0.03,0.3810730804517937
1,2,current_ridge,ridge,16,-0.03,0.1,current_ridge_w16_l-0.03_h0.1,0.3812454563298236
1,2,current_ridge,ridge,16,-0.03,0.3,current_ridge_w16_l-0.03_h0.3,0.3668577570392712
1,2,current_rbf,rbf,1,-0.3,0.03,current_rbf_w1_l-0.3_h0.03,0.3505079200212245
1,2,current_rbf,rbf,1,-0.3,0.1,current_rbf_w1_l-0.3_h0.1,0.3460950726250448
1,2,current_rbf,rbf,1,-0.3,0.3,current_rbf_w1_l-0.3_h0.3,0.3410894289277403
1,2,current_rbf,rbf,1,-0.1,0.03,current_rbf_w1_l-0.1_h0.03,0.35966123744020584
1,2,current_rbf,rbf,1,-0.1,0.1,current_rbf_w1_l-0.1_h0.1,0.35524839004402614
1,2,current_rbf,rbf,1,-0.1,0.3,current_rbf_w1_l-0.1_h0.3,0.35024274634672165
1,2,current_rbf,rbf,1,-0.03,0.03,current_rbf_w1_l-0.03_h0.03,0.37335478213848017
1,2,current_rbf,rbf,1,-0.03,0.1,current_rbf_w1_l-0.03_h0.1,0.36894193474230064
1,2,current_rbf,rbf,1,-0.03,0.3,current_rbf_w1_l-0.03_h0.3,0.36393629104499603
1,2,current_rbf,rbf,16,-0.3,0.03,current_rbf_w16_l-0.3_h0.03,0.3437766181776478
1,2,current_rbf,rbf,16,-0.3,0.1,current_rbf_w16_l-0.3_h0.1,0.3458846086525678
1,2,current_rbf,rbf,16,-0.3,0.3,current_rbf_w16_l-0.3_h0.3,0.33805469823323425
1,2,current_rbf,rbf,16,-0.1,0.03,current_rbf_w16_l-0.1_h0.03,0.3482212575579284
1,2,current_rbf,rbf,16,-0.1,0.1,current_rbf_w16_l-0.1_h0.1,0.3503292480328484
1,2,current_rbf,rbf,16,-0.1,0.3,current_rbf_w16_l-0.1_h0.3,0.3424993376135148
1,2,current_rbf,rbf,16,-0.03,0.03,current_rbf_w16_l-0.03_h0.03,0.3720823126229396
1,2,current_rbf,rbf,16,-0.03,0.1,current_rbf_w16_l-0.03_h0.1,0.3741903030978596
1,2,current_rbf,rbf,16,-0.03,0.3,current_rbf_w16_l-0.03_h0.3,0.36636039267852605
1,2,current_hgb,hgb,1,-0.3,0.03,current_hgb_w1_l-0.3_h0.03,0.34809754161129997
1,2,current_hgb,hgb,1,-0.3,0.1,current_hgb_w1_l-0.3_h0.1,0.344015905006991
1,2,current_hgb,hgb,1,-0.3,0.3,current_hgb_w1_l-0.3_h0.3,0.3331605404877573
1,2,current_hgb,hgb,1,-0.1,0.03,current_hgb_w1_l-0.1_h0.03,0.3525286938087332
1,2,current_hgb,hgb,1,-0.1,0.1,current_hgb_w1_l-0.1_h0.1,0.3484470572044242
1,2,current_hgb,hgb,1,-0.1,0.3,current_hgb_w1_l-0.1_h0.3,0.33759169268519057
1,2,current_hgb,hgb,1,-0.03,0.03,current_hgb_w1_l-0.03_h0.03,0.35537947263218983
1,2,current_hgb,hgb,1,-0.03,0.1,current_hgb_w1_l-0.03_h0.1,0.3512978360278808
1,2,current_hgb,hgb,1,-0.03,0.3,current_hgb_w1_l-0.03_h0.3,0.3404424715086472
1,2,current_hgb,hgb,16,-0.3,0.03,current_hgb_w16_l-0.3_h0.03,0.35597120147805517
1,2,current_hgb,hgb,16,-0.3,0.1,current_hgb_w16_l-0.3_h0.1,0.3463878240325993
1,2,current_hgb,hgb,16,-0.3,0.3,current_hgb_w16_l-0.3_h0.3,0.3313953949502958
1,2,current_hgb,hgb,16,-0.1,0.03,current_hgb_w16_l-0.1_h0.03,0.3494731889172829
1,2,current_hgb,hgb,16,-0.1,0.1,current_hgb_w16_l-0.1_h0.1,0.33988981147182706
1,2,current_hgb,hgb,16,-0.1,0.3,current_hgb_w16_l-0.1_h0.3,0.3248973823895235
1,2,current_hgb,hgb,16,-0.03,0.03,current_hgb_w16_l-0.03_h0.03,0.356434826482294
1,2,current_hgb,hgb,16,-0.03,0.1,current_hgb_w16_l-0.03_h0.1,0.34685144903683823
1,2,current_hgb,hgb,16,-0.03,0.3,current_hgb_w16_l-0.03_h0.3,0.33185901995453465
1,2,current_trees,trees,1,-0.3,0.03,current_trees_w1_l-0.3_h0.03,0.3443263622641625
1,2,current_trees,trees,1,-0.3,0.1,current_trees_w1_l-0.3_h0.1,0.3290047064883143
1,2,current_trees,trees,1,-0.3,0.3,current_trees_w1_l-0.3_h0.3,0.3360831488020428
1,2,current_trees,trees,1,-0.1,0.03,current_trees_w1_l-0.1_h0.03,0.3571160138821642
1,2,current_trees,trees,1,-0.1,0.1,current_trees_w1_l-0.1_h0.1,0.341794358106316
1,2,current_trees,trees,1,-0.1,0.3,current_trees_w1_l-0.1_h0.3,0.3488728004200444
1,2,current_trees,trees,1,-0.03,0.03,current_trees_w1_l-0.03_h0.03,0.3600491852878223
1,2,current_trees,trees,1,-0.03,0.1,current_trees_w1_l-0.03_h0.1,0.3447275295119741
1,2,current_trees,trees,1,-0.03,0.3,current_trees_w1_l-0.03_h0.3,0.35180597182570256
1,2,current_trees,trees,16,-0.3,0.03,current_trees_w16_l-0.3_h0.03,0.3423619278437854
1,2,current_trees,trees,16,-0.3,0.1,current_trees_w16_l-0.3_h0.1,0.331549499937185
1,2,current_trees,trees,16,-0.3,0.3,current_trees_w16_l-0.3_h0.3,0.3330612244897959
1,2,current_trees,trees,16,-0.1,0.03,current_trees_w16_l-0.1_h0.03,0.3500968557016821
1,2,current_trees,trees,16,-0.1,0.1,current_trees_w16_l-0.1_h0.1,0.3392844277950818
1,2,current_trees,trees,16,-0.1,0.3,current_trees_w16_l-0.1_h0.3,0.34079615234769267
1,2,current_trees,trees,16,-0.03,0.03,current_trees_w16_l-0.03_h0.03,0.3626870790159358
1,2,current_trees,trees,16,-0.03,0.1,current_trees_w16_l-0.03_h0.1,0.3518746511093354
1,2,current_trees,trees,16,-0.03,0.3,current_trees_w16_l-0.03_h0.3,0.3533863756619463
1,2,multiscale_ridge,ridge,1,-0.3,0.03,multiscale_ridge_w1_l-0.3_h0.03,0.34281176012969683
1,2,multiscale_ridge,ridge,1,-0.3,0.1,multiscale_ridge_w1_l-0.3_h0.1,0.34481498226617174
1,2,multiscale_ridge,ridge,1,-0.3,0.3,multiscale_ridge_w1_l-0.3_h0.3,0.33484326743738363
1,2,multiscale_ridge,ridge,1,-0.1,0.03,multiscale_ridge_w1_l-0.1_h0.03,0.35481354791717284
1,2,multiscale_ridge,ridge,1,-0.1,0.1,multiscale_ridge_w1_l-0.1_h0.1,0.3568167700536478
1,2,multiscale_ridge,ridge,1,-0.1,0.3,multiscale_ridge_w1_l-0.1_h0.3,0.34684505522485964
1,2,multiscale_ridge,ridge,1,-0.03,0.03,multiscale_ridge_w1_l-0.03_h0.03,0.3629865072389765
1,2,multiscale_ridge,ridge,1,-0.03,0.1,multiscale_ridge_w1_l-0.03_h0.1,0.36498972937545143
1,2,multiscale_ridge,ridge,1,-0.03,0.3,multiscale_ridge_w1_l-0.03_h0.3,0.3550180145466633
1,2,multiscale_ridge,ridge,16,-0.3,0.03,multiscale_ridge_w16_l-0.3_h0.03,0.3320581507389167
1,2,multiscale_ridge,ridge,16,-0.3,0.1,multiscale_ridge_w16_l-0.3_h0.1,0.33271538351150565
1,2,multiscale_ridge,ridge,16,-0.3,0.3,multiscale_ridge_w16_l-0.3_h0.3,0.32228837670276134
1,2,multiscale_ridge,ridge,16,-0.1,0.03,multiscale_ridge_w16_l-0.1_h0.03,0.3624922726573956
1,2,multiscale_ridge,ridge,16,-0.1,0.1,multiscale_ridge_w16_l-0.1_h0.1,0.3631495054299845
1,2,multiscale_ridge,ridge,16,-0.1,0.3,multiscale_ridge_w16_l-0.1_h0.3,0.3527224986212403
1,2,multiscale_ridge,ridge,16,-0.03,0.03,multiscale_ridge_w16_l-0.03_h0.03,0.3810651279340913
1,2,multiscale_ridge,ridge,16,-0.03,0.1,multiscale_ridge_w16_l-0.03_h0.1,0.38172236070668014
1,2,multiscale_ridge,ridge,16,-0.03,0.3,multiscale_ridge_w16_l-0.03_h0.3,0.371295353897936
1,2,multiscale_rbf,rbf,1,-0.3,0.03,multiscale_rbf_w1_l-0.3_h0.03,0.32762630961745987
1,2,multiscale_rbf,rbf,1,-0.3,0.1,multiscale_rbf_w1_l-0.3_h0.1,0.3323460705280701
1,2,multiscale_rbf,rbf,1,-0.3,0.3,multiscale_rbf_w1_l-0.3_h0.3,0.3344511023750225
1,2,multiscale_rbf,rbf,1,-0.1,0.03,multiscale_rbf_w1_l-0.1_h0.03,0.3377480779626684
1,2,multiscale_rbf,rbf,1,-0.1,0.1,multiscale_rbf_w1_l-0.1_h0.1,0.3424678388732785
1,2,multiscale_rbf,rbf,1,-0.1,0.3,multiscale_rbf_w1_l-0.1_h0.3,0.34457287072023096
1,2,multiscale_rbf,rbf,1,-0.03,0.03,multiscale_rbf_w1_l-0.03_h0.03,0.3439146008303934
1,2,multiscale_rbf,rbf,1,-0.03,0.1,multiscale_rbf_w1_l-0.03_h0.1,0.3486343617410035
1,2,multiscale_rbf,rbf,1,-0.03,0.3,multiscale_rbf_w1_l-0.03_h0.3,0.35073939358795597
1,2,multiscale_rbf,rbf,16,-0.3,0.03,multiscale_rbf_w16_l-0.3_h0.03,0.33408245884983506
1,2,multiscale_rbf,rbf,16,-0.3,0.1,multiscale_rbf_w16_l-0.3_h0.1,0.32994126610963037
1,2,multiscale_rbf,rbf,16,-0.3,0.3,multiscale_rbf_w16_l-0.3_h0.3,0.32371491942371583
1,2,multiscale_rbf,rbf,16,-0.1,0.03,multiscale_rbf_w16_l-0.1_h0.03,0.33229602345405196
1,2,multiscale_rbf,rbf,16,-0.1,0.1,multiscale_rbf_w16_l-0.1_h0.1,0.32815483071384727
1,2,multiscale_rbf,rbf,16,-0.1,0.3,multiscale_rbf_w16_l-0.1_h0.3,0.3219284840279327
1,2,multiscale_rbf,rbf,16,-0.03,0.03,multiscale_rbf_w16_l-0.03_h0.03,0.3483723077983424
1,2,multiscale_rbf,rbf,16,-0.03,0.1,multiscale_rbf_w16_l-0.03_h0.1,0.3442311150581377
1,2,multiscale_rbf,rbf,16,-0.03,0.3,multiscale_rbf_w16_l-0.03_h0.3,0.3380047683722231
1,2,multiscale_hgb,hgb,1,-0.3,0.03,multiscale_hgb_w1_l-0.3_h0.03,0.33256553338924794
1,2,multiscale_hgb,hgb,1,-0.3,0.1,multiscale_hgb_w1_l-0.3_h0.1,0.3298406109242402
1,2,multiscale_hgb,hgb,1,-0.3,0.3,multiscale_hgb_w1_l-0.3_h0.3,0.3291042971005012
1,2,multiscale_hgb,hgb,1,-0.1,0.03,multiscale_hgb_w1_l-0.1_h0.03,0.3374091849374065
1,2,multiscale_hgb,hgb,1,-0.1,0.1,multiscale_hgb_w1_l-0.1_h0.1,0.33468426247239874
1,2,multiscale_hgb,hgb,1,-0.1,0.3,multiscale_hgb_w1_l-0.1_h0.3,0.33394794864865973
1,2,multiscale_hgb,hgb,1,-0.03,0.03,multiscale_hgb_w1_l-0.03_h0.03,0.35752456494304047
1,2,multiscale_hgb,hgb,1,-0.03,0.1,multiscale_hgb_w1_l-0.03_h0.1,0.35479964247803275
1,2,multiscale_hgb,hgb,1,-0.03,0.3,multiscale_hgb_w1_l-0.03_h0.3,0.3540633286542937
1,2,multiscale_hgb,hgb,16,-0.3,0.03,multiscale_hgb_w16_l-0.3_h0.03,0.342658906853504
1,2,multiscale_hgb,hgb,16,-0.3,0.1,multiscale_hgb_w16_l-0.3_h0.1,0.3318834261878375
1,2,multiscale_hgb,hgb,16,-0.3,0.3,multiscale_hgb_w16_l-0.3_h0.3,0.3258399772777477
1,2,multiscale_hgb,hgb,16,-0.1,0.03,multiscale_hgb_w16_l-0.1_h0.03,0.3352956990366506
1,2,multiscale_hgb,hgb,16,-0.1,0.1,multiscale_hgb_w16_l-0.1_h0.1,0.32452021837098405
1,2,multiscale_hgb,hgb,16,-0.1,0.3,multiscale_hgb_w16_l-0.1_h0.3,0.31847676946089437
1,2,multiscale_hgb,hgb,16,-0.03,0.03,multiscale_hgb_w16_l-0.03_h0.03,0.36416221424318784
1,2,multiscale_hgb,hgb,16,-0.03,0.1,multiscale_hgb_w16_l-0.03_h0.1,0.3533867335775213
1,2,multiscale_hgb,hgb,16,-0.03,0.3,multiscale_hgb_w16_l-0.03_h0.3,0.34734328466743164
1,2,multiscale_trees,trees,1,-0.3,0.03,multiscale_trees_w1_l-0.3_h0.03,0.33516504339475045
1,2,multiscale_trees,trees,1,-0.3,0.1,multiscale_trees_w1_l-0.3_h0.1,0.3454087843752913
1,2,multiscale_trees,trees,1,-0.3,0.3,multiscale_trees_w1_l-0.3_h0.3,0.34072354453745296
1,2,multiscale_trees,trees,1,-0.1,0.03,multiscale_trees_w1_l-0.1_h0.03,0.33804643918128924
1,2,multiscale_trees,trees,1,-0.1,0.1,multiscale_trees_w1_l-0.1_h0.1,0.34829018016183005
1,2,multiscale_trees,trees,1,-0.1,0.3,multiscale_trees_w1_l-0.1_h0.3,0.3436049403239917
1,2,multiscale_trees,trees,1,-0.03,0.03,multiscale_trees_w1_l-0.03_h0.03,0.3561770779124752
1,2,multiscale_trees,trees,1,-0.03,0.1,multiscale_trees_w1_l-0.03_h0.1,0.3664208188930161
1,2,multiscale_trees,trees,1,-0.03,0.3,multiscale_trees_w1_l-0.03_h0.3,0.3617355790551777
1,2,multiscale_trees,trees,16,-0.3,0.03,multiscale_trees_w16_l-0.3_h0.03,0.3320796309860812
1,2,multiscale_trees,trees,16,-0.3,0.1,multiscale_trees_w16_l-0.3_h0.1,0.33320751376577556
1,2,multiscale_trees,trees,16,-0.3,0.3,multiscale_trees_w16_l-0.3_h0.3,0.34170802118080024
1,2,multiscale_trees,trees,16,-0.1,0.03,multiscale_trees_w16_l-0.1_h0.03,0.32811848441137065
1,2,multiscale_trees,trees,16,-0.1,0.1,multiscale_trees_w16_l-0.1_h0.1,0.32924636719106504
1,2,multiscale_trees,trees,16,-0.1,0.3,multiscale_trees_w16_l-0.1_h0.3,0.3377468746060896
1,2,multiscale_trees,trees,16,-0.03,0.03,multiscale_trees_w16_l-0.03_h0.03,0.3460949812094462
1,2,multiscale_trees,trees,16,-0.03,0.1,multiscale_trees_w16_l-0.03_h0.1,0.3472228639891406
1,2,multiscale_trees,trees,16,-0.03,0.3,multiscale_trees_w16_l-0.03_h0.3,0.35572337140416527
1,2,relative_ridge,ridge,1,-0.3,0.03,relative_ridge_w1_l-0.3_h0.03,0.35137805420050533
1,2,relative_ridge,ridge,1,-0.3,0.1,relative_ridge_w1_l-0.3_h0.1,0.3479038393257931
1,2,relative_ridge,ridge,1,-0.3,0.3,relative_ridge_w1_l-0.3_h0.3,0.33815929442555454
1,2,relative_ridge,ridge,1,-0.1,0.03,relative_ridge_w1_l-0.1_h0.03,0.3630363043990405
1,2,relative_ridge,ridge,1,-0.1,0.1,relative_ridge_w1_l-0.1_h0.1,0.35956208952432833
1,2,relative_ridge,ridge,1,-0.1,0.3,relative_ridge_w1_l-0.1_h0.3,0.3498175446240897
1,2,relative_ridge,ridge,1,-0.03,0.03,relative_ridge_w1_l-0.03_h0.03,0.3622655803000544
1,2,relative_ridge,ridge,1,-0.03,0.1,relative_ridge_w1_l-0.03_h0.1,0.3587913654253422
1,2,relative_ridge,ridge,1,-0.03,0.3,relative_ridge_w1_l-0.03_h0.3,0.34904682052510355
1,2,relative_ridge,ridge,16,-0.3,0.03,relative_ridge_w16_l-0.3_h0.03,0.3367195641691174
1,2,relative_ridge,ridge,16,-0.3,0.1,relative_ridge_w16_l-0.3_h0.1,0.33298127097560554
1,2,relative_ridge,ridge,16,-0.3,0.3,relative_ridge_w16_l-0.3_h0.3,0.3288940583567912
1,2,relative_ridge,ridge,16,-0.1,0.03,relative_ridge_w16_l-0.1_h0.03,0.35623096401510473
1,2,relative_ridge,ridge,16,-0.1,0.1,relative_ridge_w16_l-0.1_h0.1,0.35249267082159297
1,2,relative_ridge,ridge,16,-0.1,0.3,relative_ridge_w16_l-0.1_h0.3,0.3484054582027786
1,2,relative_ridge,ridge,16,-0.03,0.03,relative_ridge_w16_l-0.03_h0.03,0.36452207379856055
1,2,relative_ridge,ridge,16,-0.03,0.1,relative_ridge_w16_l-0.03_h0.1,0.3607837806050488
1,2,relative_ridge,ridge,16,-0.03,0.3,relative_ridge_w16_l-0.03_h0.3,0.35669656798623445
1,2,relative_rbf,rbf,1,-0.3,0.03,relative_rbf_w1_l-0.3_h0.03,0.3434548122811867
1,2,relative_rbf,rbf,1,-0.3,0.1,relative_rbf_w1_l-0.3_h0.1,0.3382537831869787
1,2,relative_rbf,rbf,1,-0.3,0.3,relative_rbf_w1_l-0.3_h0.3,0.33457531432682774
1,2,relative_rbf,rbf,1,-0.1,0.03,relative_rbf_w1_l-0.1_h0.03,0.34694194348508767
1,2,relative_rbf,rbf,1,-0.1,0.1,relative_rbf_w1_l-0.1_h0.1,0.34174091439087984
1,2,relative_rbf,rbf,1,-0.1,0.3,relative_rbf_w1_l-0.1_h0.3,0.33806244553072884
1,2,relative_rbf,rbf,1,-0.03,0.03,relative_rbf_w1_l-0.03_h0.03,0.35158600834276427
1,2,relative_rbf,rbf,1,-0.03,0.1,relative_rbf_w1_l-0.03_h0.1,0.3463849792485564
1,2,relative_rbf,rbf,1,-0.03,0.3,relative_rbf_w1_l-0.03_h0.3,0.3427065103884054
1,2,relative_rbf,rbf,16,-0.3,0.03,relative_rbf_w16_l-0.3_h0.03,0.32867982334872636
1,2,relative_rbf,rbf,16,-0.3,0.1,relative_rbf_w16_l-0.3_h0.1,0.3311126304813484
1,2,relative_rbf,rbf,16,-0.3,0.3,relative_rbf_w16_l-0.3_h0.3,0.330018869905784
1,2,relative_rbf,rbf,16,-0.1,0.03,relative_rbf_w16_l-0.1_h0.03,0.3443410683304179
1,2,relative_rbf,rbf,16,-0.1,0.1,relative_rbf_w16_l-0.1_h0.1,0.34677387546304006
1,2,relative_rbf,rbf,16,-0.1,0.3,relative_rbf_w16_l-0.1_h0.3,0.3456801148874755
1,2,relative_rbf,rbf,16,-0.03,0.03,relative_rbf_w16_l-0.03_h0.03,0.3514554657199955
1,2,relative_rbf,rbf,16,-0.03,0.1,relative_rbf_w16_l-0.03_h0.1,0.3538882728526176
1,2,relative_rbf,rbf,16,-0.03,0.3,relative_rbf_w16_l-0.03_h0.3,0.3527945122770531
1,2,relative_hgb,hgb,1,-0.3,0.03,relative_hgb_w1_l-0.3_h0.03,0.3314167143714152
1,2,relative_hgb,hgb,1,-0.3,0.1,relative_hgb_w1_l-0.3_h0.1,0.33470309465156267
1,2,relative_hgb,hgb,1,-0.3,0.3,relative_hgb_w1_l-0.3_h0.3,0.3334323663590874
1,2,relative_hgb,hgb,1,-0.1,0.03,relative_hgb_w1_l-0.1_h0.03,0.33500707959955217
1,2,relative_hgb,hgb,1,-0.1,0.1,relative_hgb_w1_l-0.1_h0.1,0.33829345987969967
1,2,relative_hgb,hgb,1,-0.1,0.3,relative_hgb_w1_l-0.1_h0.3,0.3370227315872245
1,2,relative_hgb,hgb,1,-0.03,0.03,relative_hgb_w1_l-0.03_h0.03,0.3382580412480148
1,2,relative_hgb,hgb,1,-0.03,0.1,relative_hgb_w1_l-0.03_h0.1,0.3415444215281624
1,2,relative_hgb,hgb,1,-0.03,0.3,relative_hgb_w1_l-0.03_h0.3,0.3402736932356871
1,2,relative_hgb,hgb,16,-0.3,0.03,relative_hgb_w16_l-0.3_h0.03,0.33604407503810124
1,2,relative_hgb,hgb,16,-0.3,0.1,relative_hgb_w16_l-0.3_h0.1,0.33290119741733004
1,2,relative_hgb,hgb,16,-0.3,0.3,relative_hgb_w16_l-0.3_h0.3,0.3238118360029283
1,2,relative_hgb,hgb,16,-0.1,0.03,relative_hgb_w16_l-0.1_h0.03,0.34450831762897577
1,2,relative_hgb,hgb,16,-0.1,0.1,relative_hgb_w16_l-0.1_h0.1,0.3413654400082046
1,2,relative_hgb,hgb,16,-0.1,0.3,relative_hgb_w16_l-0.1_h0.3,0.3322760785938028
1,2,relative_hgb,hgb,16,-0.03,0.03,relative_hgb_w16_l-0.03_h0.03,0.34557649567092463
1,2,relative_hgb,hgb,16,-0.03,0.1,relative_hgb_w16_l-0.03_h0.1,0.34243361805015343
1,2,relative_hgb,hgb,16,-0.03,0.3,relative_hgb_w16_l-0.03_h0.3,0.3333442566357518
1,2,relative_trees,trees,1,-0.3,0.03,relative_trees_w1_l-0.3_h0.03,0.3330765145447575
1,2,relative_trees,trees,1,-0.3,0.1,relative_trees_w1_l-0.3_h0.1,0.3351018268195561
1,2,relative_trees,trees,1,-0.3,0.3,relative_trees_w1_l-0.3_h0.3,0.3317811885861477
1,2,relative_trees,trees,1,-0.1,0.03,relative_trees_w1_l-0.1_h0.03,0.3460186541946725
1,2,relative_trees,trees,1,-0.1,0.1,relative_trees_w1_l-0.1_h0.1,0.34804396646947106
1,2,relative_trees,trees,1,-0.1,0.3,relative_trees_w1_l-0.1_h0.3,0.3447233282360627
1,2,relative_trees,trees,1,-0.03,0.03,relative_trees_w1_l-0.03_h0.03,0.3481494981966689
1,2,relative_trees,trees,1,-0.03,0.1,relative_trees_w1_l-0.03_h0.1,0.3501748104714675
1,2,relative_trees,trees,1,-0.03,0.3,relative_trees_w1_l-0.03_h0.3,0.34685417223805914
1,2,relative_trees,trees,16,-0.3,0.03,relative_trees_w16_l-0.3_h0.03,0.3450973854228491
1,2,relative_trees,trees,16,-0.3,0.1,relative_trees_w16_l-0.3_h0.1,0.3355807200700207
1,2,relative_trees,trees,16,-0.3,0.3,relative_trees_w16_l-0.3_h0.3,0.33276387928588314
1,2,relative_trees,trees,16,-0.1,0.03,relative_trees_w16_l-0.1_h0.03,0.35480037884702553
1,2,relative_trees,trees,16,-0.1,0.1,relative_trees_w16_l-0.1_h0.1,0.3452837134941971
1,2,relative_trees,trees,16,-0.1,0.3,relative_trees_w16_l-0.1_h0.3,0.34246687271005954
1,2,relative_trees,trees,16,-0.03,0.03,relative_trees_w16_l-0.03_h0.03,0.35491617174109374
1,2,relative_trees,trees,16,-0.03,0.1,relative_trees_w16_l-0.03_h0.1,0.3453995063882653
1,2,relative_trees,trees,16,-0.03,0.3,relative_trees_w16_l-0.03_h0.3,0.34258266560412765
1,3,current_ridge,ridge,1,-0.3,0.03,current_ridge_w1_l-0.3_h0.03,0.3273096390210157
1,3,current_ridge,ridge,1,-0.3,0.1,current_ridge_w1_l-0.3_h0.1,0.3114612674111548
1,3,current_ridge,ridge,1,-0.3,0.3,current_ridge_w1_l-0.3_h0.3,0.28463003334912185
1,3,current_ridge,ridge,1,-0.1,0.03,current_ridge_w1_l-0.1_h0.03,0.33426098973420143
1,3,current_ridge,ridge,1,-0.1,0.1,current_ridge_w1_l-0.1_h0.1,0.3184126181243406
1,3,current_ridge,ridge,1,-0.1,0.3,current_ridge_w1_l-0.1_h0.3,0.2915813840623077
1,3,current_ridge,ridge,1,-0.03,0.03,current_ridge_w1_l-0.03_h0.03,0.3569355417887999
1,3,current_ridge,ridge,1,-0.03,0.1,current_ridge_w1_l-0.03_h0.1,0.3410871701789391
1,3,current_ridge,ridge,1,-0.03,0.3,current_ridge_w1_l-0.03_h0.3,0.31425593611690616
1,3,current_ridge,ridge,16,-0.3,0.03,current_ridge_w16_l-0.3_h0.03,0.30834234790836595
1,3,current_ridge,ridge,16,-0.3,0.1,current_ridge_w16_l-0.3_h0.1,0.3028534233652986
1,3,current_ridge,ridge,16,-0.3,0.3,current_ridge_w16_l-0.3_h0.3,0.28234018069070776
1,3,current_ridge,ridge,16,-0.1,0.03,current_ridge_w16_l-0.1_h0.03,0.31555932693026034
1,3,current_ridge,ridge,16,-0.1,0.1,current_ridge_w16_l-0.1_h0.1,0.3100704023871931
1,3,current_ridge,ridge,16,-0.1,0.3,current_ridge_w16_l-0.1_h0.3,0.28955715971260226
1,3,current_ridge,ridge,16,-0.03,0.03,current_ridge_w16_l-0.03_h0.03,0.3377377575627346
1,3,current_ridge,ridge,16,-0.03,0.1,current_ridge_w16_l-0.03_h0.1,0.33224883301966723
1,3,current_ridge,ridge,16,-0.03,0.3,current_ridge_w16_l-0.03_h0.3,0.31173559034507653
1,3,current_rbf,rbf,1,-0.3,0.03,current_rbf_w1_l-0.3_h0.03,0.35005261289716505
1,3,current_rbf,rbf,1,-0.3,0.1,current_rbf_w1_l-0.3_h0.1,0.32843812259998023
1,3,current_rbf,rbf,1,-0.3,0.3,current_rbf_w1_l-0.3_h0.3,0.29685057454802727
1,3,current_rbf,rbf,1,-0.1,0.03,current_rbf_w1_l-0.1_h0.03,0.355474404800996
1,3,current_rbf,rbf,1,-0.1,0.1,current_rbf_w1_l-0.1_h0.1,0.33385991450381114
1,3,current_rbf,rbf,1,-0.1,0.3,current_rbf_w1_l-0.1_h0.3,0.3022723664518582
1,3,current_rbf,rbf,1,-0.03,0.03,current_rbf_w1_l-0.03_h0.03,0.36166173730602647
1,3,current_rbf,rbf,1,-0.03,0.1,current_rbf_w1_l-0.03_h0.1,0.3400472470088416
1,3,current_rbf,rbf,1,-0.03,0.3,current_rbf_w1_l-0.03_h0.3,0.30845969895688863
1,3,current_rbf,rbf,16,-0.3,0.03,current_rbf_w16_l-0.3_h0.03,0.3365241889806662
1,3,current_rbf,rbf,16,-0.3,0.1,current_rbf_w16_l-0.3_h0.1,0.3204734914101779
1,3,current_rbf,rbf,16,-0.3,0.3,current_rbf_w16_l-0.3_h0.3,0.2812945354817126
1,3,current_rbf,rbf,16,-0.1,0.03,current_rbf_w16_l-0.1_h0.03,0.3372956543837467
1,3,current_rbf,rbf,16,-0.1,0.1,current_rbf_w16_l-0.1_h0.1,0.3212449568132585
1,3,current_rbf,rbf,16,-0.1,0.3,current_rbf_w16_l-0.1_h0.3,0.2820660008847933
1,3,current_rbf,rbf,16,-0.03,0.03,current_rbf_w16_l-0.03_h0.03,0.3436892378999244
1,3,current_rbf,rbf,16,-0.03,0.1,current_rbf_w16_l-0.03_h0.1,0.3276385403294361
1,3,current_rbf,rbf,16,-0.03,0.3,current_rbf_w16_l-0.03_h0.3,0.2884595844009709
1,3,current_hgb,hgb,1,-0.3,0.03,current_hgb_w1_l-0.3_h0.03,0.3359200766677887
1,3,current_hgb,hgb,1,-0.3,0.1,current_hgb_w1_l-0.3_h0.1,0.3104830854578223
1,3,current_hgb,hgb,1,-0.3,0.3,current_hgb_w1_l-0.3_h0.3,0.2929433196321997
1,3,current_hgb,hgb,1,-0.1,0.03,current_hgb_w1_l-0.1_h0.03,0.33372366609632415
1,3,current_hgb,hgb,1,-0.1,0.1,current_hgb_w1_l-0.1_h0.1,0.30828667488635775
1,3,current_hgb,hgb,1,-0.1,0.3,current_hgb_w1_l-0.1_h0.3,0.29074690906073514
1,3,current_hgb,hgb,1,-0.03,0.03,current_hgb_w1_l-0.03_h0.03,0.35619182738315047
1,3,current_hgb,hgb,1,-0.03,0.1,current_hgb_w1_l-0.03_h0.1,0.33075483617318396
1,3,current_hgb,hgb,1,-0.03,0.3,current_hgb_w1_l-0.03_h0.3,0.3132150703475614
1,3,current_hgb,hgb,16,-0.3,0.03,current_hgb_w16_l-0.3_h0.03,0.33922979619794086
1,3,current_hgb,hgb,16,-0.3,0.1,current_hgb_w16_l-0.3_h0.1,0.2982482523221217
1,3,current_hgb,hgb,16,-0.3,0.3,current_hgb_w16_l-0.3_h0.3,0.2796484781710853
1,3,current_hgb,hgb,16,-0.1,0.03,current_hgb_w16_l-0.1_h0.03,0.34667274960063854
1,3,current_hgb,hgb,16,-0.1,0.1,current_hgb_w16_l-0.1_h0.1,0.30569120572481934
1,3,current_hgb,hgb,16,-0.1,0.3,current_hgb_w16_l-0.1_h0.3,0.287091431573783
1,3,current_hgb,hgb,16,-0.03,0.03,current_hgb_w16_l-0.03_h0.03,0.36402826871547367
1,3,current_hgb,hgb,16,-0.03,0.1,current_hgb_w16_l-0.03_h0.1,0.3230467248396545
1,3,current_hgb,hgb,16,-0.03,0.3,current_hgb_w16_l-0.03_h0.3,0.3044469506886181
1,3,current_trees,trees,1,-0.3,0.03,current_trees_w1_l-0.3_h0.03,0.3294112735979981
1,3,current_trees,trees,1,-0.3,0.1,current_trees_w1_l-0.3_h0.1,0.30174747865665585
1,3,current_trees,trees,1,-0.3,0.3,current_trees_w1_l-0.3_h0.3,0.28512038850723953
1,3,current_trees,trees,1,-0.1,0.03,current_trees_w1_l-0.1_h0.03,0.34114943731715713
1,3,current_trees,trees,1,-0.1,0.1,current_trees_w1_l-0.1_h0.1,0.31348564237581494
1,3,current_trees,trees,1,-0.1,0.3,current_trees_w1_l-0.1_h0.3,0.29685855222639856
1,3,current_trees,trees,1,-0.03,0.03,current_trees_w1_l-0.03_h0.03,0.3493359987579529
1,3,current_trees,trees,1,-0.03,0.1,current_trees_w1_l-0.03_h0.1,0.32167220381661055
1,3,current_trees,trees,1,-0.03,0.3,current_trees_w1_l-0.03_h0.3,0.3050451136671943
1,3,current_trees,trees,16,-0.3,0.03,current_trees_w16_l-0.3_h0.03,0.3152643476063954
1,3,current_trees,trees,16,-0.3,0.1,current_trees_w16_l-0.3_h0.1,0.28460596534874333
1,3,current_trees,trees,16,-0.3,0.3,current_trees_w16_l-0.3_h0.3,0.2779341248176553
1,3,current_trees,trees,16,-0.1,0.03,current_trees_w16_l-0.1_h0.03,0.3253267441508695
1,3,current_trees,trees,16,-0.1,0.1,current_trees_w16_l-0.1_h0.1,0.2946683618932174
1,3,current_trees,trees,16,-0.1,0.3,current_trees_w16_l-0.1_h0.3,0.28799652136212933
1,3,current_trees,trees,16,-0.03,0.03,current_trees_w16_l-0.03_h0.03,0.33594879021884105
1,3,current_trees,trees,16,-0.03,0.1,current_trees_w16_l-0.03_h0.1,0.30529040796118906
1,3,current_trees,trees,16,-0.03,0.3,current_trees_w16_l-0.03_h0.3,0.29861856743010096
1,3,multiscale_ridge,ridge,1,-0.3,0.03,multiscale_ridge_w1_l-0.3_h0.03,0.36560927701713475
1,3,multiscale_ridge,ridge,1,-0.3,0.1,multiscale_ridge_w1_l-0.3_h0.1,0.34945208652437765
1,3,multiscale_ridge,ridge,1,-0.3,0.3,multiscale_ridge_w1_l-0.3_h0.3,0.3261125114447593
1,3,multiscale_ridge,ridge,1,-0.1,0.03,multiscale_ridge_w1_l-0.1_h0.03,0.3662372001875123
1,3,multiscale_ridge,ridge,1,-0.1,0.1,multiscale_ridge_w1_l-0.1_h0.1,0.3500800096947551
1,3,multiscale_ridge,ridge,1,-0.1,0.3,multiscale_ridge_w1_l-0.1_h0.3,0.32674043461513685
1,3,multiscale_ridge,ridge,1,-0.03,0.03,multiscale_ridge_w1_l-0.03_h0.03,0.37095804183504877
1,3,multiscale_ridge,ridge,1,-0.03,0.1,multiscale_ridge_w1_l-0.03_h0.1,0.35480085134229167
1,3,multiscale_ridge,ridge,1,-0.03,0.3,multiscale_ridge_w1_l-0.03_h0.3,0.33146127626267335
1,3,multiscale_ridge,ridge,16,-0.3,0.03,multiscale_ridge_w16_l-0.3_h0.03,0.35207665574335706
1,3,multiscale_ridge,ridge,16,-0.3,0.1,multiscale_ridge_w16_l-0.3_h0.1,0.3318147563128912
1,3,multiscale_ridge,ridge,16,-0.3,0.3,multiscale_ridge_w16_l-0.3_h0.3,0.31632790087615215
1,3,multiscale_ridge,ridge,16,-0.1,0.03,multiscale_ridge_w16_l-0.1_h0.03,0.3528301262452223
1,3,multiscale_ridge,ridge,16,-0.1,0.1,multiscale_ridge_w16_l-0.1_h0.1,0.3325682268147564
1,3,multiscale_ridge,ridge,16,-0.1,0.3,multiscale_ridge_w16_l-0.1_h0.3,0.3170813713780173
1,3,multiscale_ridge,ridge,16,-0.03,0.03,multiscale_ridge_w16_l-0.03_h0.03,0.3603173829316964
1,3,multiscale_ridge,ridge,16,-0.03,0.1,multiscale_ridge_w16_l-0.03_h0.1,0.3400554835012305
1,3,multiscale_ridge,ridge,16,-0.03,0.3,multiscale_ridge_w16_l-0.03_h0.3,0.3245686280644915
1,3,multiscale_rbf,rbf,1,-0.3,0.03,multiscale_rbf_w1_l-0.3_h0.03,0.3631534619491348
1,3,multiscale_rbf,rbf,1,-0.3,0.1,multiscale_rbf_w1_l-0.3_h0.1,0.3398239395884882
1,3,multiscale_rbf,rbf,1,-0.3,0.3,multiscale_rbf_w1_l-0.3_h0.3,0.311711148345276
1,3,multiscale_rbf,rbf,1,-0.1,0.03,multiscale_rbf_w1_l-0.1_h0.03,0.35152207321029333
1,3,multiscale_rbf,rbf,1,-0.1,0.1,multiscale_rbf_w1_l-0.1_h0.1,0.32819255084964666
1,3,multiscale_rbf,rbf,1,-0.1,0.3,multiscale_rbf_w1_l-0.1_h0.3,0.3000797596064345
1,3,multiscale_rbf,rbf,1,-0.03,0.03,multiscale_rbf_w1_l-0.03_h0.03,0.3585348957654745
1,3,multiscale_rbf,rbf,1,-0.03,0.1,multiscale_rbf_w1_l-0.03_h0.1,0.33520537340482787
1,3,multiscale_rbf,rbf,1,-0.03,0.3,multiscale_rbf_w1_l-0.03_h0.3,0.3070925821616157
1,3,multiscale_rbf,rbf,16,-0.3,0.03,multiscale_rbf_w16_l-0.3_h0.03,0.35809049976514656
1,3,multiscale_rbf,rbf,16,-0.3,0.1,multiscale_rbf_w16_l-0.3_h0.1,0.32757328812043474
1,3,multiscale_rbf,rbf,16,-0.3,0.3,multiscale_rbf_w16_l-0.3_h0.3,0.3005553968742026
1,3,multiscale_rbf,rbf,16,-0.1,0.03,multiscale_rbf_w16_l-0.1_h0.03,0.3468414638368903
1,3,multiscale_rbf,rbf,16,-0.1,0.1,multiscale_rbf_w16_l-0.1_h0.1,0.3163242521921783
1,3,multiscale_rbf,rbf,16,-0.1,0.3,multiscale_rbf_w16_l-0.1_h0.3,0.2893063609459463
1,3,multiscale_rbf,rbf,16,-0.03,0.03,multiscale_rbf_w16_l-0.03_h0.03,0.35595679738015196
1,3,multiscale_rbf,rbf,16,-0.03,0.1,multiscale_rbf_w16_l-0.03_h0.1,0.32543958573543996
1,3,multiscale_rbf,rbf,16,-0.03,0.3,multiscale_rbf_w16_l-0.03_h0.3,0.29842169448920797
1,3,multiscale_hgb,hgb,1,-0.3,0.03,multiscale_hgb_w1_l-0.3_h0.03,0.3389161282904967
1,3,multiscale_hgb,hgb,1,-0.3,0.1,multiscale_hgb_w1_l-0.3_h0.1,0.3321467226856587
1,3,multiscale_hgb,hgb,1,-0.3,0.3,multiscale_hgb_w1_l-0.3_h0.3,0.29611429185414107
1,3,multiscale_hgb,hgb,1,-0.1,0.03,multiscale_hgb_w1_l-0.1_h0.03,0.3353415169244275
1,3,multiscale_hgb,hgb,1,-0.1,0.1,multiscale_hgb_w1_l-0.1_h0.1,0.32857211131958947
1,3,multiscale_hgb,hgb,1,-0.1,0.3,multiscale_hgb_w1_l-0.1_h0.3,0.29253968048807183
1,3,multiscale_hgb,hgb,1,-0.03,0.03,multiscale_hgb_w1_l-0.03_h0.03,0.34525917005670836
1,3,multiscale_hgb,hgb,1,-0.03,0.1,multiscale_hgb_w1_l-0.03_h0.1,0.33848976445187046
1,3,multiscale_hgb,hgb,1,-0.03,0.3,multiscale_hgb_w1_l-0.03_h0.3,0.3024573336203528
1,3,multiscale_hgb,hgb,16,-0.3,0.03,multiscale_hgb_w16_l-0.3_h0.03,0.3279989584381463
1,3,multiscale_hgb,hgb,16,-0.3,0.1,multiscale_hgb_w16_l-0.3_h0.1,0.3141636049081577
1,3,multiscale_hgb,hgb,16,-0.3,0.3,multiscale_hgb_w16_l-0.3_h0.3,0.2890486486618766
1,3,multiscale_hgb,hgb,16,-0.1,0.03,multiscale_hgb_w16_l-0.1_h0.03,0.32282338948471695
1,3,multiscale_hgb,hgb,16,-0.1,0.1,multiscale_hgb_w16_l-0.1_h0.1,0.30898803595472846
1,3,multiscale_hgb,hgb,16,-0.1,0.3,multiscale_hgb_w16_l-0.1_h0.3,0.2838730797084472
1,3,multiscale_hgb,hgb,16,-0.03,0.03,multiscale_hgb_w16_l-0.03_h0.03,0.3417205431286576
1,3,multiscale_hgb,hgb,16,-0.03,0.1,multiscale_hgb_w16_l-0.03_h0.1,0.32788518959866897
1,3,multiscale_hgb,hgb,16,-0.03,0.3,multiscale_hgb_w16_l-0.03_h0.3,0.3027702333523878
1,3,multiscale_trees,trees,1,-0.3,0.03,multiscale_trees_w1_l-0.3_h0.03,0.32922072991783974
1,3,multiscale_trees,trees,1,-0.3,0.1,multiscale_trees_w1_l-0.3_h0.1,0.3189525170196391
1,3,multiscale_trees,trees,1,-0.3,0.3,multiscale_trees_w1_l-0.3_h0.3,0.28619089084307875
1,3,multiscale_trees,trees,1,-0.1,0.03,multiscale_trees_w1_l-0.1_h0.03,0.33844533274807104
1,3,multiscale_trees,trees,1,-0.1,0.1,multiscale_trees_w1_l-0.1_h0.1,0.3281771198498705
1,3,multiscale_trees,trees,1,-0.1,0.3,multiscale_trees_w1_l-0.1_h0.3,0.29541549367331016
1,3,multiscale_trees,trees,1,-0.03,0.03,multiscale_trees_w1_l-0.03_h0.03,0.3443101447756143
1,3,multiscale_trees,trees,1,-0.03,0.1,multiscale_trees_w1_l-0.03_h0.1,0.33404193187741366
1,3,multiscale_trees,trees,1,-0.03,0.3,multiscale_trees_w1_l-0.03_h0.3,0.30128030570085335
1,3,multiscale_trees,trees,16,-0.3,0.03,multiscale_trees_w16_l-0.3_h0.03,0.31983118791179865
1,3,multiscale_trees,trees,16,-0.3,0.1,multiscale_trees_w16_l-0.3_h0.1,0.307942060801414
1,3,multiscale_trees,trees,16,-0.3,0.3,multiscale_trees_w16_l-0.3_h0.3,0.2878274981071024
1,3,multiscale_trees,trees,16,-0.1,0.03,multiscale_trees_w16_l-0.1_h0.03,0.32324624936361757
1,3,multiscale_trees,trees,16,-0.1,0.1,multiscale_trees_w16_l-0.1_h0.1,0.3113571222532329
1,3,multiscale_trees,trees,16,-0.1,0.3,multiscale_trees_w16_l-0.1_h0.3,0.29124255955892137
1,3,multiscale_trees,trees,16,-0.03,0.03,multiscale_trees_w16_l-0.03_h0.03,0.3333897210975286
1,3,multiscale_trees,trees,16,-0.03,0.1,multiscale_trees_w16_l-0.03_h0.1,0.321500593987144
1,3,multiscale_trees,trees,16,-0.03,0.3,multiscale_trees_w16_l-0.03_h0.3,0.30138603129283237
1,3,relative_ridge,ridge,1,-0.3,0.03,relative_ridge_w1_l-0.3_h0.03,0.339866306185125
1,3,relative_ridge,ridge,1,-0.3,0.1,relative_ridge_w1_l-0.3_h0.1,0.3324354884701335
1,3,relative_ridge,ridge,1,-0.3,0.3,relative_ridge_w1_l-0.3_h0.3,0.3104066687642486
1,3,relative_ridge,ridge,1,-0.1,0.03,relative_ridge_w1_l-0.1_h0.03,0.35626343000913646
1,3,relative_ridge,ridge,1,-0.1,0.1,relative_ridge_w1_l-0.1_h0.1,0.348832612294145
1,3,relative_ridge,ridge,1,-0.1,0.3,relative_ridge_w1_l-0.1_h0.3,0.3268037925882601
1,3,relative_ridge,ridge,1,-0.03,0.03,relative_ridge_w1_l-0.03_h0.03,0.3730822114596102
1,3,relative_ridge,ridge,1,-0.03,0.1,relative_ridge_w1_l-0.03_h0.1,0.3656513937446187
1,3,relative_ridge,ridge,1,-0.03,0.3,relative_ridge_w1_l-0.03_h0.3,0.34362257403873386
1,3,relative_ridge,ridge,16,-0.3,0.03,relative_ridge_w16_l-0.3_h0.03,0.33854661722505713
1,3,relative_ridge,ridge,16,-0.3,0.1,relative_ridge_w16_l-0.3_h0.1,0.3237544562703202
1,3,relative_ridge,ridge,16,-0.3,0.3,relative_ridge_w16_l-0.3_h0.3,0.2905387178234157
1,3,relative_ridge,ridge,16,-0.1,0.03,relative_ridge_w16_l-0.1_h0.03,0.35690526023270785
1,3,relative_ridge,ridge,16,-0.1,0.1,relative_ridge_w16_l-0.1_h0.1,0.34211309927797084
1,3,relative_ridge,ridge,16,-0.1,0.3,relative_ridge_w16_l-0.1_h0.3,0.3088973608310664
1,3,relative_ridge,ridge,16,-0.03,0.03,relative_ridge_w16_l-0.03_h0.03,0.37792710478912467
1,3,relative_ridge,ridge,16,-0.03,0.1,relative_ridge_w16_l-0.03_h0.1,0.36313494383438766
1,3,relative_ridge,ridge,16,-0.03,0.3,relative_ridge_w16_l-0.03_h0.3,0.3299192053874833
1,3,relative_rbf,rbf,1,-0.3,0.03,relative_rbf_w1_l-0.3_h0.03,0.33679904180481074
1,3,relative_rbf,rbf,1,-0.3,0.1,relative_rbf_w1_l-0.3_h0.1,0.31858818148478724
1,3,relative_rbf,rbf,1,-0.3,0.3,relative_rbf_w1_l-0.3_h0.3,0.294817852661149
1,3,relative_rbf,rbf,1,-0.1,0.03,relative_rbf_w1_l-0.1_h0.03,0.3455872485236314
1,3,relative_rbf,rbf,1,-0.1,0.1,relative_rbf_w1_l-0.1_h0.1,0.32737638820360776
1,3,relative_rbf,rbf,1,-0.1,0.3,relative_rbf_w1_l-0.1_h0.3,0.3036060593799696
1,3,relative_rbf,rbf,1,-0.03,0.03,relative_rbf_w1_l-0.03_h0.03,0.3720070544283061
1,3,relative_rbf,rbf,1,-0.03,0.1,relative_rbf_w1_l-0.03_h0.1,0.35379619410828256
1,3,relative_rbf,rbf,1,-0.03,0.3,relative_rbf_w1_l-0.03_h0.3,0.33002586528464434
1,3,relative_rbf,rbf,16,-0.3,0.03,relative_rbf_w16_l-0.3_h0.03,0.3365576636707484
1,3,relative_rbf,rbf,16,-0.3,0.1,relative_rbf_w16_l-0.3_h0.1,0.3146315013103109
1,3,relative_rbf,rbf,16,-0.3,0.3,relative_rbf_w16_l-0.3_h0.3,0.28585900077964205
1,3,relative_rbf,rbf,16,-0.1,0.03,relative_rbf_w16_l-0.1_h0.03,0.348234704417663
1,3,relative_rbf,rbf,16,-0.1,0.1,relative_rbf_w16_l-0.1_h0.1,0.32630854205722554
1,3,relative_rbf,rbf,16,-0.1,0.3,relative_rbf_w16_l-0.1_h0.3,0.2975360415265567
1,3,relative_rbf,rbf,16,-0.03,0.03,relative_rbf_w16_l-0.03_h0.03,0.3703314862110358
1,3,relative_rbf,rbf,16,-0.03,0.1,relative_rbf_w16_l-0.03_h0.1,0.3484053238505983
1,3,relative_rbf,rbf,16,-0.03,0.3,relative_rbf_w16_l-0.03_h0.3,0.3196328233199295
1,3,relative_hgb,hgb,1,-0.3,0.03,relative_hgb_w1_l-0.3_h0.03,0.34772520339497703
1,3,relative_hgb,hgb,1,-0.3,0.1,relative_hgb_w1_l-0.3_h0.1,0.3354351966407509
1,3,relative_hgb,hgb,1,-0.3,0.3,relative_hgb_w1_l-0.3_h0.3,0.30876233864947367
1,3,relative_hgb,hgb,1,-0.1,0.03,relative_hgb_w1_l-0.1_h0.03,0.35327402602284363
1,3,relative_hgb,hgb,1,-0.1,0.1,relative_hgb_w1_l-0.1_h0.1,0.34098401926861743
1,3,relative_hgb,hgb,1,-0.1,0.3,relative_hgb_w1_l-0.1_h0.3,0.31431116127734016
1,3,relative_hgb,hgb,1,-0.03,0.03,relative_hgb_w1_l-0.03_h0.03,0.3561725599033388
1,3,relative_hgb,hgb,1,-0.03,0.1,relative_hgb_w1_l-0.03_h0.1,0.34388255314911265
1,3,relative_hgb,hgb,1,-0.03,0.3,relative_hgb_w1_l-0.03_h0.3,0.31720969515783537
1,3,relative_hgb,hgb,16,-0.3,0.03,relative_hgb_w16_l-0.3_h0.03,0.3320290732051215
1,3,relative_hgb,hgb,16,-0.3,0.1,relative_hgb_w16_l-0.3_h0.1,0.31392534730454136
1,3,relative_hgb,hgb,16,-0.3,0.3,relative_hgb_w16_l-0.3_h0.3,0.2864642480051962
1,3,relative_hgb,hgb,16,-0.1,0.03,relative_hgb_w16_l-0.1_h0.03,0.33823491559611735
1,3,relative_hgb,hgb,16,-0.1,0.1,relative_hgb_w16_l-0.1_h0.1,0.3201311896955371
1,3,relative_hgb,hgb,16,-0.1,0.3,relative_hgb_w16_l-0.1_h0.3,0.292670090396192
1,3,relative_hgb,hgb,16,-0.03,0.03,relative_hgb_w16_l-0.03_h0.03,0.3496396833076682
1,3,relative_hgb,hgb,16,-0.03,0.1,relative_hgb_w16_l-0.03_h0.1,0.331535957407088
1,3,relative_hgb,hgb,16,-0.03,0.3,relative_hgb_w16_l-0.03_h0.3,0.30407485810774293
1,3,relative_trees,trees,1,-0.3,0.03,relative_trees_w1_l-0.3_h0.03,0.33637073970147957
1,3,relative_trees,trees,1,-0.3,0.1,relative_trees_w1_l-0.3_h0.1,0.32403425534269154
1,3,relative_trees,trees,1,-0.3,0.3,relative_trees_w1_l-0.3_h0.3,0.2863393877367756
1,3,relative_trees,trees,1,-0.1,0.03,relative_trees_w1_l-0.1_h0.03,0.35092960833314374
1,3,relative_trees,trees,1,-0.1,0.1,relative_trees_w1_l-0.1_h0.1,0.33859312397435565
1,3,relative_trees,trees,1,-0.1,0.3,relative_trees_w1_l-0.1_h0.3,0.30089825636843964
1,3,relative_trees,trees,1,-0.03,0.03,relative_trees_w1_l-0.03_h0.03,0.3745281028002204
1,3,relative_trees,trees,1,-0.03,0.1,relative_trees_w1_l-0.03_h0.1,0.36219161844143233
1,3,relative_trees,trees,1,-0.03,0.3,relative_trees_w1_l-0.03_h0.3,0.3244967508355163
1,3,relative_trees,trees,16,-0.3,0.03,relative_trees_w16_l-0.3_h0.03,0.31818715043038487
1,3,relative_trees,trees,16,-0.3,0.1,relative_trees_w16_l-0.3_h0.1,0.307257783261752
1,3,relative_trees,trees,16,-0.3,0.3,relative_trees_w16_l-0.3_h0.3,0.2804988662131519
1,3,relative_trees,trees,16,-0.1,0.03,relative_trees_w16_l-0.1_h0.03,0.3262070587264372
1,3,relative_trees,trees,16,-0.1,0.1,relative_trees_w16_l-0.1_h0.1,0.31527769155780433
1,3,relative_trees,trees,16,-0.1,0.3,relative_trees_w16_l-0.1_h0.3,0.2885187745092042
1,3,relative_trees,trees,16,-0.03,0.03,relative_trees_w16_l-0.03_h0.03,0.3575967226197334
1,3,relative_trees,trees,16,-0.03,0.1,relative_trees_w16_l-0.03_h0.1,0.3466673554511006
1,3,relative_trees,trees,16,-0.03,0.3,relative_trees_w16_l-0.03_h0.3,0.3199084384025005
2,1,current_ridge,ridge,1,-0.3,0.03,current_ridge_w1_l-0.3_h0.03,0.3309979295606048
2,1,current_ridge,ridge,1,-0.3,0.1,current_ridge_w1_l-0.3_h0.1,0.32912402715557826
2,1,current_ridge,ridge,1,-0.3,0.3,current_ridge_w1_l-0.3_h0.3,0.33203280286235504
2,1,current_ridge,ridge,1,-0.1,0.03,current_ridge_w1_l-0.1_h0.03,0.34549003081307733
2,1,current_ridge,ridge,1,-0.1,0.1,current_ridge_w1_l-0.1_h0.1,0.34361612840805067
2,1,current_ridge,ridge,1,-0.1,0.3,current_ridge_w1_l-0.1_h0.3,0.34652490411482756
2,1,current_ridge,ridge,1,-0.03,0.03,current_ridge_w1_l-0.03_h0.03,0.3600518093519939
2,1,current_ridge,ridge,1,-0.03,0.1,current_ridge_w1_l-0.03_h0.1,0.35817790694696733
2,1,current_ridge,ridge,1,-0.03,0.3,current_ridge_w1_l-0.03_h0.3,0.3610866826537441
2,1,current_ridge,ridge,16,-0.3,0.03,current_ridge_w16_l-0.3_h0.03,0.32044522991718805
2,1,current_ridge,ridge,16,-0.3,0.1,current_ridge_w16_l-0.3_h0.1,0.3303659588747902
2,1,current_ridge,ridge,16,-0.3,0.3,current_ridge_w16_l-0.3_h0.3,0.33548101542372905
2,1,current_ridge,ridge,16,-0.1,0.03,current_ridge_w16_l-0.1_h0.03,0.3397247384961691
2,1,current_ridge,ridge,16,-0.1,0.1,current_ridge_w16_l-0.1_h0.1,0.34964546745377134
2,1,current_ridge,ridge,16,-0.1,0.3,current_ridge_w16_l-0.1_h0.3,0.3547605240027102
2,1,current_ridge,ridge,16,-0.03,0.03,current_ridge_w16_l-0.03_h0.03,0.3760733126971829
2,1,current_ridge,ridge,16,-0.03,0.1,current_ridge_w16_l-0.03_h0.1,0.3859940416547852
2,1,current_ridge,ridge,16,-0.03,0.3,current_ridge_w16_l-0.03_h0.3,0.3911090982037239
2,1,current_rbf,rbf,1,-0.3,0.03,current_rbf_w1_l-0.3_h0.03,0.3407103277255996
2,1,current_rbf,rbf,1,-0.3,0.1,current_rbf_w1_l-0.3_h0.1,0.337809151988915
2,1,current_rbf,rbf,1,-0.3,0.3,current_rbf_w1_l-0.3_h0.3,0.3406272892489533
2,1,current_rbf,rbf,1,-0.1,0.03,current_rbf_w1_l-0.1_h0.03,0.35380868640543806
2,1,current_rbf,rbf,1,-0.1,0.1,current_rbf_w1_l-0.1_h0.1,0.3509075106687535
2,1,current_rbf,rbf,1,-0.1,0.3,current_rbf_w1_l-0.1_h0.3,0.35372564792879174
2,1,current_rbf,rbf,1,-0.03,0.03,current_rbf_w1_l-0.03_h0.03,0.35364810989467355
2,1,current_rbf,rbf,1,-0.03,0.1,current_rbf_w1_l-0.03_h0.1,0.35074693415798897
2,1,current_rbf,rbf,1,-0.03,0.3,current_rbf_w1_l-0.03_h0.3,0.3535650714180273
2,1,current_rbf,rbf,16,-0.3,0.03,current_rbf_w16_l-0.3_h0.03,0.34411906811781495
2,1,current_rbf,rbf,16,-0.3,0.1,current_rbf_w16_l-0.3_h0.1,0.33680210810301026
2,1,current_rbf,rbf,16,-0.3,0.3,current_rbf_w16_l-0.3_h0.3,0.33890342876673213
2,1,current_rbf,rbf,16,-0.1,0.03,current_rbf_w16_l-0.1_h0.03,0.36020475069417407
2,1,current_rbf,rbf,16,-0.1,0.1,current_rbf_w16_l-0.1_h0.1,0.35288779067936943
2,1,current_rbf,rbf,16,-0.1,0.3,current_rbf_w16_l-0.1_h0.3,0.3549891113430913
2,1,current_rbf,rbf,16,-0.03,0.03,current_rbf_w16_l-0.03_h0.03,0.38868722178068704
2,1,current_rbf,rbf,16,-0.03,0.1,current_rbf_w16_l-0.03_h0.1,0.3813702617658825
2,1,current_rbf,rbf,16,-0.03,0.3,current_rbf_w16_l-0.03_h0.3,0.3834715824296043
2,1,current_hgb,hgb,1,-0.3,0.03,current_hgb_w1_l-0.3_h0.03,0.3382107261094551
2,1,current_hgb,hgb,1,-0.3,0.1,current_hgb_w1_l-0.3_h0.1,0.3360676616319165
2,1,current_hgb,hgb,1,-0.3,0.3,current_hgb_w1_l-0.3_h0.3,0.33813353691917486
2,1,current_hgb,hgb,1,-0.1,0.03,current_hgb_w1_l-0.1_h0.03,0.34560406517004916
2,1,current_hgb,hgb,1,-0.1,0.1,current_hgb_w1_l-0.1_h0.1,0.3434610006925105
2,1,current_hgb,hgb,1,-0.1,0.3,current_hgb_w1_l-0.1_h0.3,0.34552687597976883
2,1,current_hgb,hgb,1,-0.03,0.03,current_hgb_w1_l-0.03_h0.03,0.351666138917259
2,1,current_hgb,hgb,1,-0.03,0.1,current_hgb_w1_l-0.03_h0.1,0.34952307443972036
2,1,current_hgb,hgb,1,-0.03,0.3,current_hgb_w1_l-0.03_h0.3,0.35158894972697874
2,1,current_hgb,hgb,16,-0.3,0.03,current_hgb_w16_l-0.3_h0.03,0.33507552689349684
2,1,current_hgb,hgb,16,-0.3,0.1,current_hgb_w16_l-0.3_h0.1,0.32945089125923815
2,1,current_hgb,hgb,16,-0.3,0.3,current_hgb_w16_l-0.3_h0.3,0.3326969255578832
2,1,current_hgb,hgb,16,-0.1,0.03,current_hgb_w16_l-0.1_h0.03,0.3654536135407307
2,1,current_hgb,hgb,16,-0.1,0.1,current_hgb_w16_l-0.1_h0.1,0.35982897790647195
2,1,current_hgb,hgb,16,-0.1,0.3,current_hgb_w16_l-0.1_h0.3,0.363075012205117
2,1,current_hgb,hgb,16,-0.03,0.03,current_hgb_w16_l-0.03_h0.03,0.3797694233573583
2,1,current_hgb,hgb,16,-0.03,0.1,current_hgb_w16_l-0.03_h0.1,0.3741447877230996
2,1,current_hgb,hgb,16,-0.03,0.3,current_hgb_w16_l-0.03_h0.3,0.3773908220217447
2,1,current_trees,trees,1,-0.3,0.03,current_trees_w1_l-0.3_h0.03,0.32379692416318817
2,1,current_trees,trees,1,-0.3,0.1,current_trees_w1_l-0.3_h0.1,0.33057443768836414
2,1,current_trees,trees,1,-0.3,0.3,current_trees_w1_l-0.3_h0.3,0.3325613331739663
2,1,current_trees,trees,1,-0.1,0.03,current_trees_w1_l-0.1_h0.03,0.3357711875626399
2,1,current_trees,trees,1,-0.1,0.1,current_trees_w1_l-0.1_h0.1,0.3425487010878158
2,1,current_trees,trees,1,-0.1,0.3,current_trees_w1_l-0.1_h0.3,0.344535596573418
2,1,current_trees,trees,1,-0.03,0.03,current_trees_w1_l-0.03_h0.03,0.34256451742040744
2,1,current_trees,trees,1,-0.03,0.1,current_trees_w1_l-0.03_h0.1,0.3493420309455833
2,1,current_trees,trees,1,-0.03,0.3,current_trees_w1_l-0.03_h0.3,0.3513289264311855
2,1,current_trees,trees,16,-0.3,0.03,current_trees_w16_l-0.3_h0.03,0.3212456034583395
2,1,current_trees,trees,16,-0.3,0.1,current_trees_w16_l-0.3_h0.1,0.3261000545696301
2,1,current_trees,trees,16,-0.3,0.3,current_trees_w16_l-0.3_h0.3,0.3333333333333334
2,1,current_trees,trees,16,-0.1,0.03,current_trees_w16_l-0.1_h0.03,0.33401854664395053
2,1,current_trees,trees,16,-0.1,0.1,current_trees_w16_l-0.1_h0.1,0.33887299775524116
2,1,current_trees,trees,16,-0.1,0.3,current_trees_w16_l-0.1_h0.3,0.34610627651894443
2,1,current_trees,trees,16,-0.03,0.03,current_trees_w16_l-0.03_h0.03,0.33952427800020385
2,1,current_trees,trees,16,-0.03,0.1,current_trees_w16_l-0.03_h0.1,0.3443787291114945
2,1,current_trees,trees,16,-0.03,0.3,current_trees_w16_l-0.03_h0.3,0.3516120078751978
2,1,multiscale_ridge,ridge,1,-0.3,0.03,multiscale_ridge_w1_l-0.3_h0.03,0.3872165234087105
2,1,multiscale_ridge,ridge,1,-0.3,0.1,multiscale_ridge_w1_l-0.3_h0.1,0.38333688824610795
2,1,multiscale_ridge,ridge,1,-0.3,0.3,multiscale_ridge_w1_l-0.3_h0.3,0.37494275115349524
2,1,multiscale_ridge,ridge,1,-0.1,0.03,multiscale_ridge_w1_l-0.1_h0.03,0.3945968616682174
2,1,multiscale_ridge,ridge,1,-0.1,0.1,multiscale_ridge_w1_l-0.1_h0.1,0.3907172265056148
2,1,multiscale_ridge,ridge,1,-0.1,0.3,multiscale_ridge_w1_l-0.1_h0.3,0.382323089413002
2,1,multiscale_ridge,ridge,1,-0.03,0.03,multiscale_ridge_w1_l-0.03_h0.03,0.39449115634002613
2,1,multiscale_ridge,ridge,1,-0.03,0.1,multiscale_ridge_w1_l-0.03_h0.1,0.39061152117742354
2,1,multiscale_ridge,ridge,1,-0.03,0.3,multiscale_ridge_w1_l-0.03_h0.3,0.3822173840848109
2,1,multiscale_ridge,ridge,16,-0.3,0.03,multiscale_ridge_w16_l-0.3_h0.03,0.3857347189198211
2,1,multiscale_ridge,ridge,16,-0.3,0.1,multiscale_ridge_w16_l-0.3_h0.1,0.37373826670600074
2,1,multiscale_ridge,ridge,16,-0.3,0.3,multiscale_ridge_w16_l-0.3_h0.3,0.3643435694034435
2,1,multiscale_ridge,ridge,16,-0.1,0.03,multiscale_ridge_w16_l-0.1_h0.03,0.403639805238971
2,1,multiscale_ridge,ridge,16,-0.1,0.1,multiscale_ridge_w16_l-0.1_h0.1,0.3916433530251506
2,1,multiscale_ridge,ridge,16,-0.1,0.3,multiscale_ridge_w16_l-0.1_h0.3,0.38224865572259337
2,1,multiscale_ridge,ridge,16,-0.03,0.03,multiscale_ridge_w16_l-0.03_h0.03,0.4087123196106988
2,1,multiscale_ridge,ridge,16,-0.03,0.1,multiscale_ridge_w16_l-0.03_h0.1,0.3967158673968785
2,1,multiscale_ridge,ridge,16,-0.03,0.3,multiscale_ridge_w16_l-0.03_h0.3,0.38732117009432127
2,1,multiscale_rbf,rbf,1,-0.3,0.03,multiscale_rbf_w1_l-0.3_h0.03,0.37808199471865855
2,1,multiscale_rbf,rbf,1,-0.3,0.1,multiscale_rbf_w1_l-0.3_h0.1,0.37360891733675583
2,1,multiscale_rbf,rbf,1,-0.3,0.3,multiscale_rbf_w1_l-0.3_h0.3,0.36954531968338905
2,1,multiscale_rbf,rbf,1,-0.1,0.03,multiscale_rbf_w1_l-0.1_h0.03,0.38822307279045376
2,1,multiscale_rbf,rbf,1,-0.1,0.1,multiscale_rbf_w1_l-0.1_h0.1,0.38374999540855115
2,1,multiscale_rbf,rbf,1,-0.1,0.3,multiscale_rbf_w1_l-0.1_h0.3,0.3796863977551843
2,1,multiscale_rbf,rbf,1,-0.03,0.03,multiscale_rbf_w1_l-0.03_h0.03,0.3886663955102135
2,1,multiscale_rbf,rbf,1,-0.03,0.1,multiscale_rbf_w1_l-0.03_h0.1,0.3841933181283107
2,1,multiscale_rbf,rbf,1,-0.03,0.3,multiscale_rbf_w1_l-0.03_h0.3,0.3801297204749439
2,1,multiscale_rbf,rbf,16,-0.3,0.03,multiscale_rbf_w16_l-0.3_h0.03,0.3794258591494278
2,1,multiscale_rbf,rbf,16,-0.3,0.1,multiscale_rbf_w16_l-0.3_h0.1,0.37510178316396464
2,1,multiscale_rbf,rbf,16,-0.3,0.3,multiscale_rbf_w16_l-0.3_h0.3,0.3686947865763242
2,1,multiscale_rbf,rbf,16,-0.1,0.03,multiscale_rbf_w16_l-0.1_h0.03,0.39245038349983963
2,1,multiscale_rbf,rbf,16,-0.1,0.1,multiscale_rbf_w16_l-0.1_h0.1,0.3881263075143765
2,1,multiscale_rbf,rbf,16,-0.1,0.3,multiscale_rbf_w16_l-0.1_h0.3,0.38171931092673606
2,1,multiscale_rbf,rbf,16,-0.03,0.03,multiscale_rbf_w16_l-0.03_h0.03,0.3798033885427141
2,1,multiscale_rbf,rbf,16,-0.03,0.1,multiscale_rbf_w16_l-0.03_h0.1,0.375479312557251
2,1,multiscale_rbf,rbf,16,-0.03,0.3,multiscale_rbf_w16_l-0.03_h0.3,0.3690723159696105
2,1,multiscale_hgb,hgb,1,-0.3,0.03,multiscale_hgb_w1_l-0.3_h0.03,0.3678868366525426
2,1,multiscale_hgb,hgb,1,-0.3,0.1,multiscale_hgb_w1_l-0.3_h0.1,0.36195863510322174
2,1,multiscale_hgb,hgb,1,-0.3,0.3,multiscale_hgb_w1_l-0.3_h0.3,0.36520120641005127
2,1,multiscale_hgb,hgb,1,-0.1,0.03,multiscale_hgb_w1_l-0.1_h0.03,0.3818822500698444
2,1,multiscale_hgb,hgb,1,-0.1,0.1,multiscale_hgb_w1_l-0.1_h0.1,0.37595404852052344
2,1,multiscale_hgb,hgb,1,-0.1,0.3,multiscale_hgb_w1_l-0.1_h0.3,0.37919661982735303
2,1,multiscale_hgb,hgb,1,-0.03,0.03,multiscale_hgb_w1_l-0.03_h0.03,0.38545150688734753
2,1,multiscale_hgb,hgb,1,-0.03,0.1,multiscale_hgb_w1_l-0.03_h0.1,0.37952330533802664
2,1,multiscale_hgb,hgb,1,-0.03,0.3,multiscale_hgb_w1_l-0.03_h0.3,0.3827658766448561
2,1,multiscale_hgb,hgb,16,-0.3,0.03,multiscale_hgb_w16_l-0.3_h0.03,0.3680186348622156
2,1,multiscale_hgb,hgb,16,-0.3,0.1,multiscale_hgb_w16_l-0.3_h0.1,0.3646280865365772
2,1,multiscale_hgb,hgb,16,-0.3,0.3,multiscale_hgb_w16_l-0.3_h0.3,0.3710084334534793
2,1,multiscale_hgb,hgb,16,-0.1,0.03,multiscale_hgb_w16_l-0.1_h0.03,0.3781224911800722
2,1,multiscale_hgb,hgb,16,-0.1,0.1,multiscale_hgb_w16_l-0.1_h0.1,0.37473194285443373
2,1,multiscale_hgb,hgb,16,-0.1,0.3,multiscale_hgb_w16_l-0.1_h0.3,0.3811122897713359
2,1,multiscale_hgb,hgb,16,-0.03,0.03,multiscale_hgb_w16_l-0.03_h0.03,0.3876761558144808
2,1,multiscale_hgb,hgb,16,-0.03,0.1,multiscale_hgb_w16_l-0.03_h0.1,0.3842856074888423
2,1,multiscale_hgb,hgb,16,-0.03,0.3,multiscale_hgb_w16_l-0.03_h0.3,0.3906659544057445
2,1,multiscale_trees,trees,1,-0.3,0.03,multiscale_trees_w1_l-0.3_h0.03,0.3492250184798886
2,1,multiscale_trees,trees,1,-0.3,0.1,multiscale_trees_w1_l-0.3_h0.1,0.35192145038589273
2,1,multiscale_trees,trees,1,-0.3,0.3,multiscale_trees_w1_l-0.3_h0.3,0.35613284326326644
2,1,multiscale_trees,trees,1,-0.1,0.03,multiscale_trees_w1_l-0.1_h0.03,0.3809490140662712
2,1,multiscale_trees,trees,1,-0.1,0.1,multiscale_trees_w1_l-0.1_h0.1,0.3836454459722754
2,1,multiscale_trees,trees,1,-0.1,0.3,multiscale_trees_w1_l-0.1_h0.3,0.3878568388496491
2,1,multiscale_trees,trees,1,-0.03,0.03,multiscale_trees_w1_l-0.03_h0.03,0.37690966807638093
2,1,multiscale_trees,trees,1,-0.03,0.1,multiscale_trees_w1_l-0.03_h0.1,0.37960609998238504
2,1,multiscale_trees,trees,1,-0.03,0.3,multiscale_trees_w1_l-0.03_h0.3,0.38381749285975875
2,1,multiscale_trees,trees,16,-0.3,0.03,multiscale_trees_w16_l-0.3_h0.03,0.3502971901667868
2,1,multiscale_trees,trees,16,-0.3,0.1,multiscale_trees_w16_l-0.3_h0.1,0.35417007184591115
2,1,multiscale_trees,trees,16,-0.3,0.3,multiscale_trees_w16_l-0.3_h0.3,0.3529766279388093
2,1,multiscale_trees,trees,16,-0.1,0.03,multiscale_trees_w16_l-0.1_h0.03,0.3801076909172436
2,1,multiscale_trees,trees,16,-0.1,0.1,multiscale_trees_w16_l-0.1_h0.1,0.38398057259636803
2,1,multiscale_trees,trees,16,-0.1,0.3,multiscale_trees_w16_l-0.1_h0.3,0.3827871286892661
2,1,multiscale_trees,trees,16,-0.03,0.03,multiscale_trees_w16_l-0.03_h0.03,0.381487306136146
2,1,multiscale_trees,trees,16,-0.03,0.1,multiscale_trees_w16_l-0.03_h0.1,0.38536018781527037
2,1,multiscale_trees,trees,16,-0.03,0.3,multiscale_trees_w16_l-0.03_h0.3,0.3841667439081686
2,1,relative_ridge,ridge,1,-0.3,0.03,relative_ridge_w1_l-0.3_h0.03,0.36426050459292986
2,1,relative_ridge,ridge,1,-0.3,0.1,relative_ridge_w1_l-0.3_h0.1,0.3547935447051659
2,1,relative_ridge,ridge,1,-0.3,0.3,relative_ridge_w1_l-0.3_h0.3,0.3432735470673834
2,1,relative_ridge,ridge,1,-0.1,0.03,relative_ridge_w1_l-0.1_h0.03,0.3812291665296009
2,1,relative_ridge,ridge,1,-0.1,0.1,relative_ridge_w1_l-0.1_h0.1,0.37176220664183696
2,1,relative_ridge,ridge,1,-0.1,0.3,relative_ridge_w1_l-0.1_h0.3,0.36024220900405446
2,1,relative_ridge,ridge,1,-0.03,0.03,relative_ridge_w1_l-0.03_h0.03,0.37375168851043294
2,1,relative_ridge,ridge,1,-0.03,0.1,relative_ridge_w1_l-0.03_h0.1,0.36428472862266903
2,1,relative_ridge,ridge,1,-0.03,0.3,relative_ridge_w1_l-0.03_h0.3,0.35276473098488653
2,1,relative_ridge,ridge,16,-0.3,0.03,relative_ridge_w16_l-0.3_h0.03,0.3452274258217798
2,1,relative_ridge,ridge,16,-0.3,0.1,relative_ridge_w16_l-0.3_h0.1,0.3413410780093985
2,1,relative_ridge,ridge,16,-0.3,0.3,relative_ridge_w16_l-0.3_h0.3,0.3377657739523603
2,1,relative_ridge,ridge,16,-0.1,0.03,relative_ridge_w16_l-0.1_h0.03,0.37996672303185425
2,1,relative_ridge,ridge,16,-0.1,0.1,relative_ridge_w16_l-0.1_h0.1,0.3760803752194729
2,1,relative_ridge,ridge,16,-0.1,0.3,relative_ridge_w16_l-0.1_h0.3,0.3725050711624347
2,1,relative_ridge,ridge,16,-0.03,0.03,relative_ridge_w16_l-0.03_h0.03,0.36815340742826114
2,1,relative_ridge,ridge,16,-0.03,0.1,relative_ridge_w16_l-0.03_h0.1,0.3642670596158798
2,1,relative_ridge,ridge,16,-0.03,0.3,relative_ridge_w16_l-0.03_h0.3,0.3606917555588416
2,1,relative_rbf,rbf,1,-0.3,0.03,relative_rbf_w1_l-0.3_h0.03,0.3596515630378692
2,1,relative_rbf,rbf,1,-0.3,0.1,relative_rbf_w1_l-0.3_h0.1,0.3486048750862051
2,1,relative_rbf,rbf,1,-0.3,0.3,relative_rbf_w1_l-0.3_h0.3,0.3412571837960691
2,1,relative_rbf,rbf,1,-0.1,0.03,relative_rbf_w1_l-0.1_h0.03,0.37192838447129634
2,1,relative_rbf,rbf,1,-0.1,0.1,relative_rbf_w1_l-0.1_h0.1,0.36088169651963226
2,1,relative_rbf,rbf,1,-0.1,0.3,relative_rbf_w1_l-0.1_h0.3,0.3535340052294963
2,1,relative_rbf,rbf,1,-0.03,0.03,relative_rbf_w1_l-0.03_h0.03,0.374851568809905
2,1,relative_rbf,rbf,1,-0.03,0.1,relative_rbf_w1_l-0.03_h0.1,0.3638048808582409
2,1,relative_rbf,rbf,1,-0.03,0.3,relative_rbf_w1_l-0.03_h0.3,0.35645718956810496
2,1,relative_rbf,rbf,16,-0.3,0.03,relative_rbf_w16_l-0.3_h0.03,0.34817048719057614
2,1,relative_rbf,rbf,16,-0.3,0.1,relative_rbf_w16_l-0.3_h0.1,0.3417640332833123
2,1,relative_rbf,rbf,16,-0.3,0.3,relative_rbf_w16_l-0.3_h0.3,0.33291135510376885
2,1,relative_rbf,rbf,16,-0.1,0.03,relative_rbf_w16_l-0.1_h0.03,0.38163058236593594
2,1,relative_rbf,rbf,16,-0.1,0.1,relative_rbf_w16_l-0.1_h0.1,0.3752241284586721
2,1,relative_rbf,rbf,16,-0.1,0.3,relative_rbf_w16_l-0.1_h0.3,0.3663714502791286
2,1,relative_rbf,rbf,16,-0.03,0.03,relative_rbf_w16_l-0.03_h0.03,0.3729991868530124
2,1,relative_rbf,rbf,16,-0.03,0.1,relative_rbf_w16_l-0.03_h0.1,0.3665927329457485
2,1,relative_rbf,rbf,16,-0.03,0.3,relative_rbf_w16_l-0.03_h0.3,0.3577400547662051
2,1,relative_hgb,hgb,1,-0.3,0.03,relative_hgb_w1_l-0.3_h0.03,0.3377582393015249
2,1,relative_hgb,hgb,1,-0.3,0.1,relative_hgb_w1_l-0.3_h0.1,0.3367377437061742
2,1,relative_hgb,hgb,1,-0.3,0.3,relative_hgb_w1_l-0.3_h0.3,0.3400508059817451
2,1,relative_hgb,hgb,1,-0.1,0.03,relative_hgb_w1_l-0.1_h0.03,0.3549588512607436
2,1,relative_hgb,hgb,1,-0.1,0.1,relative_hgb_w1_l-0.1_h0.1,0.35393835566539295
2,1,relative_hgb,hgb,1,-0.1,0.3,relative_hgb_w1_l-0.1_h0.3,0.3572514179409638
2,1,relative_hgb,hgb,1,-0.03,0.03,relative_hgb_w1_l-0.03_h0.03,0.35610672074672045
2,1,relative_hgb,hgb,1,-0.03,0.1,relative_hgb_w1_l-0.03_h0.1,0.3550862251513698
2,1,relative_hgb,hgb,1,-0.03,0.3,relative_hgb_w1_l-0.03_h0.3,0.3583992874269406
2,1,relative_hgb,hgb,16,-0.3,0.03,relative_hgb_w16_l-0.3_h0.03,0.32767686124599915
2,1,relative_hgb,hgb,16,-0.3,0.1,relative_hgb_w16_l-0.3_h0.1,0.3379607255050215
2,1,relative_hgb,hgb,16,-0.3,0.3,relative_hgb_w16_l-0.3_h0.3,0.33891744307732824
2,1,relative_hgb,hgb,16,-0.1,0.03,relative_hgb_w16_l-0.1_h0.03,0.34571227169865826
2,1,relative_hgb,hgb,16,-0.1,0.1,relative_hgb_w16_l-0.1_h0.1,0.3559961359576806
2,1,relative_hgb,hgb,16,-0.1,0.3,relative_hgb_w16_l-0.1_h0.3,0.3569528535299873
2,1,relative_hgb,hgb,16,-0.03,0.03,relative_hgb_w16_l-0.03_h0.03,0.3505583484714428
2,1,relative_hgb,hgb,16,-0.03,0.1,relative_hgb_w16_l-0.03_h0.1,0.3608422127304652
2,1,relative_hgb,hgb,16,-0.03,0.3,relative_hgb_w16_l-0.03_h0.3,0.3617989303027719
2,1,relative_trees,trees,1,-0.3,0.03,relative_trees_w1_l-0.3_h0.03,0.34367559929746844
2,1,relative_trees,trees,1,-0.3,0.1,relative_trees_w1_l-0.3_h0.1,0.34221822549132314
2,1,relative_trees,trees,1,-0.3,0.3,relative_trees_w1_l-0.3_h0.3,0.3358123017647011
2,1,relative_trees,trees,1,-0.1,0.03,relative_trees_w1_l-0.1_h0.03,0.36760469014886354
2,1,relative_trees,trees,1,-0.1,0.1,relative_trees_w1_l-0.1_h0.1,0.36614731634271813
2,1,relative_trees,trees,1,-0.1,0.3,relative_trees_w1_l-0.1_h0.3,0.3597413926160961
2,1,relative_trees,trees,1,-0.03,0.03,relative_trees_w1_l-0.03_h0.03,0.37016987243392996
2,1,relative_trees,trees,1,-0.03,0.1,relative_trees_w1_l-0.03_h0.1,0.3687124986277847
2,1,relative_trees,trees,1,-0.03,0.3,relative_trees_w1_l-0.03_h0.3,0.36230657490116264
2,1,relative_trees,trees,16,-0.3,0.03,relative_trees_w16_l-0.3_h0.03,0.3401782023134488
2,1,relative_trees,trees,16,-0.3,0.1,relative_trees_w16_l-0.3_h0.1,0.3386555870507518
2,1,relative_trees,trees,16,-0.3,0.3,relative_trees_w16_l-0.3_h0.3,0.3333333333333334
2,1,relative_trees,trees,16,-0.1,0.03,relative_trees_w16_l-0.1_h0.03,0.37153553211589985
2,1,relative_trees,trees,16,-0.1,0.1,relative_trees_w16_l-0.1_h0.1,0.3700129168532028
2,1,relative_trees,trees,16,-0.1,0.3,relative_trees_w16_l-0.1_h0.3,0.3646906631357844
2,1,relative_trees,trees,16,-0.03,0.03,relative_trees_w16_l-0.03_h0.03,0.37865405272467817
2,1,relative_trees,trees,16,-0.03,0.1,relative_trees_w16_l-0.03_h0.1,0.3771314374619811
2,1,relative_trees,trees,16,-0.03,0.3,relative_trees_w16_l-0.03_h0.3,0.37180918374456273
2,2,current_ridge,ridge,1,-0.3,0.03,current_ridge_w1_l-0.3_h0.03,0.29977969646283303
2,2,current_ridge,ridge,1,-0.3,0.1,current_ridge_w1_l-0.3_h0.1,0.2588546229006534
2,2,current_ridge,ridge,1,-0.3,0.3,current_ridge_w1_l-0.3_h0.3,0.24114898313734365
2,2,current_ridge,ridge,1,-0.1,0.03,current_ridge_w1_l-0.1_h0.03,0.3156527019770382
2,2,current_ridge,ridge,1,-0.1,0.1,current_ridge_w1_l-0.1_h0.1,0.27472762841485854
2,2,current_ridge,ridge,1,-0.1,0.3,current_ridge_w1_l-0.1_h0.3,0.2570219886515488
2,2,current_ridge,ridge,1,-0.03,0.03,current_ridge_w1_l-0.03_h0.03,0.35942477812413304
2,2,current_ridge,ridge,1,-0.03,0.1,current_ridge_w1_l-0.03_h0.1,0.3184997045619534
2,2,current_ridge,ridge,1,-0.03,0.3,current_ridge_w1_l-0.03_h0.3,0.3007940647986437
2,2,current_ridge,ridge,16,-0.3,0.03,current_ridge_w16_l-0.3_h0.03,0.28706525245197484
2,2,current_ridge,ridge,16,-0.3,0.1,current_ridge_w16_l-0.3_h0.1,0.24992806661347242
2,2,current_ridge,ridge,16,-0.3,0.3,current_ridge_w16_l-0.3_h0.3,0.23895290642667855
2,2,current_ridge,ridge,16,-0.1,0.03,current_ridge_w16_l-0.1_h0.03,0.298870722271549
2,2,current_ridge,ridge,16,-0.1,0.1,current_ridge_w16_l-0.1_h0.1,0.2617335364330466
2,2,current_ridge,ridge,16,-0.1,0.3,current_ridge_w16_l-0.1_h0.3,0.2507583762462527
2,2,current_ridge,ridge,16,-0.03,0.03,current_ridge_w16_l-0.03_h0.03,0.3367715576385199
2,2,current_ridge,ridge,16,-0.03,0.1,current_ridge_w16_l-0.03_h0.1,0.2996343718000174
2,2,current_ridge,ridge,16,-0.03,0.3,current_ridge_w16_l-0.03_h0.3,0.2886592116132236
2,2,current_rbf,rbf,1,-0.3,0.03,current_rbf_w1_l-0.3_h0.03,0.3135247164333726
2,2,current_rbf,rbf,1,-0.3,0.1,current_rbf_w1_l-0.3_h0.1,0.2896861687790039
2,2,current_rbf,rbf,1,-0.3,0.3,current_rbf_w1_l-0.3_h0.3,0.25170380568908046
2,2,current_rbf,rbf,1,-0.1,0.03,current_rbf_w1_l-0.1_h0.03,0.34261805638086373
2,2,current_rbf,rbf,1,-0.1,0.1,current_rbf_w1_l-0.1_h0.1,0.318779508726495
2,2,current_rbf,rbf,1,-0.1,0.3,current_rbf_w1_l-0.1_h0.3,0.28079714563657154
2,2,current_rbf,rbf,1,-0.03,0.03,current_rbf_w1_l-0.03_h0.03,0.3773680161273112
2,2,current_rbf,rbf,1,-0.03,0.1,current_rbf_w1_l-0.03_h0.1,0.3535294684729424
2,2,current_rbf,rbf,1,-0.03,0.3,current_rbf_w1_l-0.03_h0.3,0.315547105383019
2,2,current_rbf,rbf,16,-0.3,0.03,current_rbf_w16_l-0.3_h0.03,0.308754547224251
2,2,current_rbf,rbf,16,-0.3,0.1,current_rbf_w16_l-0.3_h0.1,0.2548714747114077
2,2,current_rbf,rbf,16,-0.3,0.3,current_rbf_w16_l-0.3_h0.3,0.24142818381890319
2,2,current_rbf,rbf,16,-0.1,0.03,current_rbf_w16_l-0.1_h0.03,0.3326709925117972
2,2,current_rbf,rbf,16,-0.1,0.1,current_rbf_w16_l-0.1_h0.1,0.2787879199989538
2,2,current_rbf,rbf,16,-0.1,0.3,current_rbf_w16_l-0.1_h0.3,0.2653446291064494
2,2,current_rbf,rbf,16,-0.03,0.03,current_rbf_w16_l-0.03_h0.03,0.3631568693346872
2,2,current_rbf,rbf,16,-0.03,0.1,current_rbf_w16_l-0.03_h0.1,0.30927379682184375
2,2,current_rbf,rbf,16,-0.03,0.3,current_rbf_w16_l-0.03_h0.3,0.29583050592933935
2,2,current_hgb,hgb,1,-0.3,0.03,current_hgb_w1_l-0.3_h0.03,0.3035355300327917
2,2,current_hgb,hgb,1,-0.3,0.1,current_hgb_w1_l-0.3_h0.1,0.28213241315246634
2,2,current_hgb,hgb,1,-0.3,0.3,current_hgb_w1_l-0.3_h0.3,0.25092427183750177
2,2,current_hgb,hgb,1,-0.1,0.03,current_hgb_w1_l-0.1_h0.03,0.34608250939422286
2,2,current_hgb,hgb,1,-0.1,0.1,current_hgb_w1_l-0.1_h0.1,0.32467939251389744
2,2,current_hgb,hgb,1,-0.1,0.3,current_hgb_w1_l-0.1_h0.3,0.2934712511989329
2,2,current_hgb,hgb,1,-0.03,0.03,current_hgb_w1_l-0.03_h0.03,0.3784451278031615
2,2,current_hgb,hgb,1,-0.03,0.1,current_hgb_w1_l-0.03_h0.1,0.357042010922836
2,2,current_hgb,hgb,1,-0.03,0.3,current_hgb_w1_l-0.03_h0.3,0.32583386960787153
2,2,current_hgb,hgb,16,-0.3,0.03,current_hgb_w16_l-0.3_h0.03,0.29198822287899096
2,2,current_hgb,hgb,16,-0.3,0.1,current_hgb_w16_l-0.3_h0.1,0.26699638238915485
2,2,current_hgb,hgb,16,-0.3,0.3,current_hgb_w16_l-0.3_h0.3,0.24820336351177702
2,2,current_hgb,hgb,16,-0.1,0.03,current_hgb_w16_l-0.1_h0.03,0.31539443176961734
2,2,current_hgb,hgb,16,-0.1,0.1,current_hgb_w16_l-0.1_h0.1,0.29040259127978113
2,2,current_hgb,hgb,16,-0.1,0.3,current_hgb_w16_l-0.1_h0.3,0.2716095724024034
2,2,current_hgb,hgb,16,-0.03,0.03,current_hgb_w16_l-0.03_h0.03,0.3650385461263284
2,2,current_hgb,hgb,16,-0.03,0.1,current_hgb_w16_l-0.03_h0.1,0.3400467056364923
2,2,current_hgb,hgb,16,-0.03,0.3,current_hgb_w16_l-0.03_h0.3,0.3212536867591145
2,2,current_trees,trees,1,-0.3,0.03,current_trees_w1_l-0.3_h0.03,0.29202965341543746
2,2,current_trees,trees,1,-0.3,0.1,current_trees_w1_l-0.3_h0.1,0.27669610137199985
2,2,current_trees,trees,1,-0.3,0.3,current_trees_w1_l-0.3_h0.3,0.24475996592169147
2,2,current_trees,trees,1,-0.1,0.03,current_trees_w1_l-0.1_h0.03,0.3046709461865515
2,2,current_trees,trees,1,-0.1,0.1,current_trees_w1_l-0.1_h0.1,0.28933739414311394
2,2,current_trees,trees,1,-0.1,0.3,current_trees_w1_l-0.1_h0.3,0.25740125869280556
2,2,current_trees,trees,1,-0.03,0.03,current_trees_w1_l-0.03_h0.03,0.336279719465902
2,2,current_trees,trees,1,-0.03,0.1,current_trees_w1_l-0.03_h0.1,0.3209461674224644
2,2,current_trees,trees,1,-0.03,0.3,current_trees_w1_l-0.03_h0.3,0.28901003197215597
2,2,current_trees,trees,16,-0.3,0.03,current_trees_w16_l-0.3_h0.03,0.3065050307317308
2,2,current_trees,trees,16,-0.3,0.1,current_trees_w16_l-0.3_h0.1,0.26041619063658317
2,2,current_trees,trees,16,-0.3,0.3,current_trees_w16_l-0.3_h0.3,0.24223378744713364
2,2,current_trees,trees,16,-0.1,0.03,current_trees_w16_l-0.1_h0.03,0.31852595384872207
2,2,current_trees,trees,16,-0.1,0.1,current_trees_w16_l-0.1_h0.1,0.2724371137535744
2,2,current_trees,trees,16,-0.1,0.3,current_trees_w16_l-0.1_h0.3,0.25425471056412485
2,2,current_trees,trees,16,-0.03,0.03,current_trees_w16_l-0.03_h0.03,0.350378104322455
2,2,current_trees,trees,16,-0.03,0.1,current_trees_w16_l-0.03_h0.1,0.30428926422730734
2,2,current_trees,trees,16,-0.03,0.3,current_trees_w16_l-0.03_h0.3,0.2861068610378578
2,2,multiscale_ridge,ridge,1,-0.3,0.03,multiscale_ridge_w1_l-0.3_h0.03,0.3592287349625255
2,2,multiscale_ridge,ridge,1,-0.3,0.1,multiscale_ridge_w1_l-0.3_h0.1,0.33443328744461975
2,2,multiscale_ridge,ridge,1,-0.3,0.3,multiscale_ridge_w1_l-0.3_h0.3,0.2863309219492553
2,2,multiscale_ridge,ridge,1,-0.1,0.03,multiscale_ridge_w1_l-0.1_h0.03,0.4061453084561719
2,2,multiscale_ridge,ridge,1,-0.1,0.1,multiscale_ridge_w1_l-0.1_h0.1,0.38134986093826606
2,2,multiscale_ridge,ridge,1,-0.1,0.3,multiscale_ridge_w1_l-0.1_h0.3,0.33324749544290166
2,2,multiscale_ridge,ridge,1,-0.03,0.03,multiscale_ridge_w1_l-0.03_h0.03,0.4218761675451676
2,2,multiscale_ridge,ridge,1,-0.03,0.1,multiscale_ridge_w1_l-0.03_h0.1,0.39708072002726175
2,2,multiscale_ridge,ridge,1,-0.03,0.3,multiscale_ridge_w1_l-0.03_h0.3,0.34897835453189735
2,2,multiscale_ridge,ridge,16,-0.3,0.03,multiscale_ridge_w16_l-0.3_h0.03,0.3483334405512941
2,2,multiscale_ridge,ridge,16,-0.3,0.1,multiscale_ridge_w16_l-0.3_h0.1,0.30559286305900185
2,2,multiscale_ridge,ridge,16,-0.3,0.3,multiscale_ridge_w16_l-0.3_h0.3,0.2623744289623359
2,2,multiscale_ridge,ridge,16,-0.1,0.03,multiscale_ridge_w16_l-0.1_h0.03,0.39744728392133155
2,2,multiscale_ridge,ridge,16,-0.1,0.1,multiscale_ridge_w16_l-0.1_h0.1,0.35470670642903934
2,2,multiscale_ridge,ridge,16,-0.1,0.3,multiscale_ridge_w16_l-0.1_h0.3,0.3114882723323734
2,2,multiscale_ridge,ridge,16,-0.03,0.03,multiscale_ridge_w16_l-0.03_h0.03,0.4210901864793862
2,2,multiscale_ridge,ridge,16,-0.03,0.1,multiscale_ridge_w16_l-0.03_h0.1,0.37834960898709397
2,2,multiscale_ridge,ridge,16,-0.03,0.3,multiscale_ridge_w16_l-0.03_h0.3,0.335131174890428
2,2,multiscale_rbf,rbf,1,-0.3,0.03,multiscale_rbf_w1_l-0.3_h0.03,0.33934501436094155
2,2,multiscale_rbf,rbf,1,-0.3,0.1,multiscale_rbf_w1_l-0.3_h0.1,0.3086314238949361
2,2,multiscale_rbf,rbf,1,-0.3,0.3,multiscale_rbf_w1_l-0.3_h0.3,0.2649144141177832
2,2,multiscale_rbf,rbf,1,-0.1,0.03,multiscale_rbf_w1_l-0.1_h0.03,0.37567714702370164
2,2,multiscale_rbf,rbf,1,-0.1,0.1,multiscale_rbf_w1_l-0.1_h0.1,0.34496355655769617
2,2,multiscale_rbf,rbf,1,-0.1,0.3,multiscale_rbf_w1_l-0.1_h0.3,0.30124654678054336
2,2,multiscale_rbf,rbf,1,-0.03,0.03,multiscale_rbf_w1_l-0.03_h0.03,0.3971586129602685
2,2,multiscale_rbf,rbf,1,-0.03,0.1,multiscale_rbf_w1_l-0.03_h0.1,0.36644502249426303
2,2,multiscale_rbf,rbf,1,-0.03,0.3,multiscale_rbf_w1_l-0.03_h0.3,0.3227280127171102
2,2,multiscale_rbf,rbf,16,-0.3,0.03,multiscale_rbf_w16_l-0.3_h0.03,0.3401077969879227
2,2,multiscale_rbf,rbf,16,-0.3,0.1,multiscale_rbf_w16_l-0.3_h0.1,0.27991876612372246
2,2,multiscale_rbf,rbf,16,-0.3,0.3,multiscale_rbf_w16_l-0.3_h0.3,0.25554677000232434
2,2,multiscale_rbf,rbf,16,-0.1,0.03,multiscale_rbf_w16_l-0.1_h0.03,0.38096479719139037
2,2,multiscale_rbf,rbf,16,-0.1,0.1,multiscale_rbf_w16_l-0.1_h0.1,0.3207757663271902
2,2,multiscale_rbf,rbf,16,-0.1,0.3,multiscale_rbf_w16_l-0.1_h0.3,0.296403770205792
2,2,multiscale_rbf,rbf,16,-0.03,0.03,multiscale_rbf_w16_l-0.03_h0.03,0.3957110748206981
2,2,multiscale_rbf,rbf,16,-0.03,0.1,multiscale_rbf_w16_l-0.03_h0.1,0.33552204395649793
2,2,multiscale_rbf,rbf,16,-0.03,0.3,multiscale_rbf_w16_l-0.03_h0.3,0.31115004783509975
2,2,multiscale_hgb,hgb,1,-0.3,0.03,multiscale_hgb_w1_l-0.3_h0.03,0.3310934513161874
2,2,multiscale_hgb,hgb,1,-0.3,0.1,multiscale_hgb_w1_l-0.3_h0.1,0.3072127113418107
2,2,multiscale_hgb,hgb,1,-0.3,0.3,multiscale_hgb_w1_l-0.3_h0.3,0.2769359698341742
2,2,multiscale_hgb,hgb,1,-0.1,0.03,multiscale_hgb_w1_l-0.1_h0.03,0.36280193812775074
2,2,multiscale_hgb,hgb,1,-0.1,0.1,multiscale_hgb_w1_l-0.1_h0.1,0.3389211981533741
2,2,multiscale_hgb,hgb,1,-0.1,0.3,multiscale_hgb_w1_l-0.1_h0.3,0.30864445664573753
2,2,multiscale_hgb,hgb,1,-0.03,0.03,multiscale_hgb_w1_l-0.03_h0.03,0.37719609027434964
2,2,multiscale_hgb,hgb,1,-0.03,0.1,multiscale_hgb_w1_l-0.03_h0.1,0.35331535029997296
2,2,multiscale_hgb,hgb,1,-0.03,0.3,multiscale_hgb_w1_l-0.03_h0.3,0.32303860879233637
2,2,multiscale_hgb,hgb,16,-0.3,0.03,multiscale_hgb_w16_l-0.3_h0.03,0.3122270698389532
2,2,multiscale_hgb,hgb,16,-0.3,0.1,multiscale_hgb_w16_l-0.3_h0.1,0.28044256115808414
2,2,multiscale_hgb,hgb,16,-0.3,0.3,multiscale_hgb_w16_l-0.3_h0.3,0.2585792436781823
2,2,multiscale_hgb,hgb,16,-0.1,0.03,multiscale_hgb_w16_l-0.1_h0.03,0.3486271590622377
2,2,multiscale_hgb,hgb,16,-0.1,0.1,multiscale_hgb_w16_l-0.1_h0.1,0.31684265038136844
2,2,multiscale_hgb,hgb,16,-0.1,0.3,multiscale_hgb_w16_l-0.1_h0.3,0.2949793329014667
2,2,multiscale_hgb,hgb,16,-0.03,0.03,multiscale_hgb_w16_l-0.03_h0.03,0.3740359826812327
2,2,multiscale_hgb,hgb,16,-0.03,0.1,multiscale_hgb_w16_l-0.03_h0.1,0.34225147400036354
2,2,multiscale_hgb,hgb,16,-0.03,0.3,multiscale_hgb_w16_l-0.03_h0.3,0.3203881565204617
2,2,multiscale_trees,trees,1,-0.3,0.03,multiscale_trees_w1_l-0.3_h0.03,0.34154048519345953
2,2,multiscale_trees,trees,1,-0.3,0.1,multiscale_trees_w1_l-0.3_h0.1,0.304455700133754
2,2,multiscale_trees,trees,1,-0.3,0.3,multiscale_trees_w1_l-0.3_h0.3,0.26498870416891124
2,2,multiscale_trees,trees,1,-0.1,0.03,multiscale_trees_w1_l-0.1_h0.03,0.3592826667627429
2,2,multiscale_trees,trees,1,-0.1,0.1,multiscale_trees_w1_l-0.1_h0.1,0.3221978817030373
2,2,multiscale_trees,trees,1,-0.1,0.3,multiscale_trees_w1_l-0.1_h0.3,0.2827308857381946
2,2,multiscale_trees,trees,1,-0.03,0.03,multiscale_trees_w1_l-0.03_h0.03,0.3769347278711653
2,2,multiscale_trees,trees,1,-0.03,0.1,multiscale_trees_w1_l-0.03_h0.1,0.3398499428114597
2,2,multiscale_trees,trees,1,-0.03,0.3,multiscale_trees_w1_l-0.03_h0.3,0.300382946846617
2,2,multiscale_trees,trees,16,-0.3,0.03,multiscale_trees_w16_l-0.3_h0.03,0.31629062879079245
2,2,multiscale_trees,trees,16,-0.3,0.1,multiscale_trees_w16_l-0.3_h0.1,0.2724588716131141
2,2,multiscale_trees,trees,16,-0.3,0.3,multiscale_trees_w16_l-0.3_h0.3,0.26090656931009715
2,2,multiscale_trees,trees,16,-0.1,0.03,multiscale_trees_w16_l-0.1_h0.03,0.3329909881276206
2,2,multiscale_trees,trees,16,-0.1,0.1,multiscale_trees_w16_l-0.1_h0.1,0.2891592309499422
2,2,multiscale_trees,trees,16,-0.1,0.3,multiscale_trees_w16_l-0.1_h0.3,0.27760692864692527
2,2,multiscale_trees,trees,16,-0.03,0.03,multiscale_trees_w16_l-0.03_h0.03,0.3515218970999737
2,2,multiscale_trees,trees,16,-0.03,0.1,multiscale_trees_w16_l-0.03_h0.1,0.3076901399222953
2,2,multiscale_trees,trees,16,-0.03,0.3,multiscale_trees_w16_l-0.03_h0.3,0.2961378376192784
2,2,relative_ridge,ridge,1,-0.3,0.03,relative_ridge_w1_l-0.3_h0.03,0.3407713439717741
2,2,relative_ridge,ridge,1,-0.3,0.1,relative_ridge_w1_l-0.3_h0.1,0.3195998854854406
2,2,relative_ridge,ridge,1,-0.3,0.3,relative_ridge_w1_l-0.3_h0.3,0.2756271980620935
2,2,relative_ridge,ridge,1,-0.1,0.03,relative_ridge_w1_l-0.1_h0.03,0.38321217452528195
2,2,relative_ridge,ridge,1,-0.1,0.1,relative_ridge_w1_l-0.1_h0.1,0.36204071603894855
2,2,relative_ridge,ridge,1,-0.1,0.3,relative_ridge_w1_l-0.1_h0.3,0.31806802861560146
2,2,relative_ridge,ridge,1,-0.03,0.03,relative_ridge_w1_l-0.03_h0.03,0.41598289350048256
2,2,relative_ridge,ridge,1,-0.03,0.1,relative_ridge_w1_l-0.03_h0.1,0.39481143501414917
2,2,relative_ridge,ridge,1,-0.03,0.3,relative_ridge_w1_l-0.03_h0.3,0.3508387475908021
2,2,relative_ridge,ridge,16,-0.3,0.03,relative_ridge_w16_l-0.3_h0.03,0.3083337653437732
2,2,relative_ridge,ridge,16,-0.3,0.1,relative_ridge_w16_l-0.3_h0.1,0.2629199790874824
2,2,relative_ridge,ridge,16,-0.3,0.3,relative_ridge_w16_l-0.3_h0.3,0.24595650708480546
2,2,relative_ridge,ridge,16,-0.1,0.03,relative_ridge_w16_l-0.1_h0.03,0.3523486150628976
2,2,relative_ridge,ridge,16,-0.1,0.1,relative_ridge_w16_l-0.1_h0.1,0.30693482880660683
2,2,relative_ridge,ridge,16,-0.1,0.3,relative_ridge_w16_l-0.1_h0.3,0.28997135680392994
2,2,relative_ridge,ridge,16,-0.03,0.03,relative_ridge_w16_l-0.03_h0.03,0.4041572079639418
2,2,relative_ridge,ridge,16,-0.03,0.1,relative_ridge_w16_l-0.03_h0.1,0.35874342170765094
2,2,relative_ridge,ridge,16,-0.03,0.3,relative_ridge_w16_l-0.03_h0.3,0.34177994970497405
2,2,relative_rbf,rbf,1,-0.3,0.03,relative_rbf_w1_l-0.3_h0.03,0.3324794601625799
2,2,relative_rbf,rbf,1,-0.3,0.1,relative_rbf_w1_l-0.3_h0.1,0.28989157033694846
2,2,relative_rbf,rbf,1,-0.3,0.3,relative_rbf_w1_l-0.3_h0.3,0.2525153135112109
2,2,relative_rbf,rbf,1,-0.1,0.03,relative_rbf_w1_l-0.1_h0.03,0.3694351001725534
2,2,relative_rbf,rbf,1,-0.1,0.1,relative_rbf_w1_l-0.1_h0.1,0.3268472103469219
2,2,relative_rbf,rbf,1,-0.1,0.3,relative_rbf_w1_l-0.1_h0.3,0.2894709535211843
2,2,relative_rbf,rbf,1,-0.03,0.03,relative_rbf_w1_l-0.03_h0.03,0.4147699836009887
2,2,relative_rbf,rbf,1,-0.03,0.1,relative_rbf_w1_l-0.03_h0.1,0.3721820937753573
2,2,relative_rbf,rbf,1,-0.03,0.3,relative_rbf_w1_l-0.03_h0.3,0.33480583694961974
2,2,relative_rbf,rbf,16,-0.3,0.03,relative_rbf_w16_l-0.3_h0.03,0.2923632986799153
2,2,relative_rbf,rbf,16,-0.3,0.1,relative_rbf_w16_l-0.3_h0.1,0.2510623909314073
2,2,relative_rbf,rbf,16,-0.3,0.3,relative_rbf_w16_l-0.3_h0.3,0.23824247414309524
2,2,relative_rbf,rbf,16,-0.1,0.03,relative_rbf_w16_l-0.1_h0.03,0.32672846267666283
2,2,relative_rbf,rbf,16,-0.1,0.1,relative_rbf_w16_l-0.1_h0.1,0.2854275549281548
2,2,relative_rbf,rbf,16,-0.1,0.3,relative_rbf_w16_l-0.1_h0.3,0.2726076381398428
2,2,relative_rbf,rbf,16,-0.03,0.03,relative_rbf_w16_l-0.03_h0.03,0.38554732976896666
2,2,relative_rbf,rbf,16,-0.03,0.1,relative_rbf_w16_l-0.03_h0.1,0.34424642202045863
2,2,relative_rbf,rbf,16,-0.03,0.3,relative_rbf_w16_l-0.03_h0.3,0.33142650523214656
2,2,relative_hgb,hgb,1,-0.3,0.03,relative_hgb_w1_l-0.3_h0.03,0.33081865827319945
2,2,relative_hgb,hgb,1,-0.3,0.1,relative_hgb_w1_l-0.3_h0.1,0.30356437566619543
2,2,relative_hgb,hgb,1,-0.3,0.3,relative_hgb_w1_l-0.3_h0.3,0.2565572209486848
2,2,relative_hgb,hgb,1,-0.1,0.03,relative_hgb_w1_l-0.1_h0.03,0.36345831542199325
2,2,relative_hgb,hgb,1,-0.1,0.1,relative_hgb_w1_l-0.1_h0.1,0.33620403281498923
2,2,relative_hgb,hgb,1,-0.1,0.3,relative_hgb_w1_l-0.1_h0.3,0.28919687809747857
2,2,relative_hgb,hgb,1,-0.03,0.03,relative_hgb_w1_l-0.03_h0.03,0.4012847512944518
2,2,relative_hgb,hgb,1,-0.03,0.1,relative_hgb_w1_l-0.03_h0.1,0.3740304686874478
2,2,relative_hgb,hgb,1,-0.03,0.3,relative_hgb_w1_l-0.03_h0.3,0.3270233139699371
2,2,relative_hgb,hgb,16,-0.3,0.03,relative_hgb_w16_l-0.3_h0.03,0.2974872167390966
2,2,relative_hgb,hgb,16,-0.3,0.1,relative_hgb_w16_l-0.3_h0.1,0.24784260705283093
2,2,relative_hgb,hgb,16,-0.3,0.3,relative_hgb_w16_l-0.3_h0.3,0.2456610740672791
2,2,relative_hgb,hgb,16,-0.1,0.03,relative_hgb_w16_l-0.1_h0.03,0.32777531474152816
2,2,relative_hgb,hgb,16,-0.1,0.1,relative_hgb_w16_l-0.1_h0.1,0.27813070505526255
2,2,relative_hgb,hgb,16,-0.1,0.3,relative_hgb_w16_l-0.1_h0.3,0.2759491720697107
2,2,relative_hgb,hgb,16,-0.03,0.03,relative_hgb_w16_l-0.03_h0.03,0.3683325726375825
2,2,relative_hgb,hgb,16,-0.03,0.1,relative_hgb_w16_l-0.03_h0.1,0.31868796295131685
2,2,relative_hgb,hgb,16,-0.03,0.3,relative_hgb_w16_l-0.03_h0.3,0.3165064299657651
2,2,relative_trees,trees,1,-0.3,0.03,relative_trees_w1_l-0.3_h0.03,0.32539556278465465
2,2,relative_trees,trees,1,-0.3,0.1,relative_trees_w1_l-0.3_h0.1,0.28481867038925585
2,2,relative_trees,trees,1,-0.3,0.3,relative_trees_w1_l-0.3_h0.3,0.25152112851422287
2,2,relative_trees,trees,1,-0.1,0.03,relative_trees_w1_l-0.1_h0.03,0.34486973135918525
2,2,relative_trees,trees,1,-0.1,0.1,relative_trees_w1_l-0.1_h0.1,0.3042928389637865
2,2,relative_trees,trees,1,-0.1,0.3,relative_trees_w1_l-0.1_h0.3,0.2709952970887534
2,2,relative_trees,trees,1,-0.03,0.03,relative_trees_w1_l-0.03_h0.03,0.38885778644259006
2,2,relative_trees,trees,1,-0.03,0.1,relative_trees_w1_l-0.03_h0.1,0.34828089404719137
2,2,relative_trees,trees,1,-0.03,0.3,relative_trees_w1_l-0.03_h0.3,0.31498335217215834
2,2,relative_trees,trees,16,-0.3,0.03,relative_trees_w16_l-0.3_h0.03,0.2871060423371386
2,2,relative_trees,trees,16,-0.3,0.1,relative_trees_w16_l-0.3_h0.1,0.24530162767361993
2,2,relative_trees,trees,16,-0.3,0.3,relative_trees_w16_l-0.3_h0.3,0.24401360544217685
2,2,relative_trees,trees,16,-0.1,0.03,relative_trees_w16_l-0.1_h0.03,0.3071949881268349
2,2,relative_trees,trees,16,-0.1,0.1,relative_trees_w16_l-0.1_h0.1,0.2653905734633162
2,2,relative_trees,trees,16,-0.1,0.3,relative_trees_w16_l-0.1_h0.3,0.26410255123187315
2,2,relative_trees,trees,16,-0.03,0.03,relative_trees_w16_l-0.03_h0.03,0.3639375779428578
2,2,relative_trees,trees,16,-0.03,0.1,relative_trees_w16_l-0.03_h0.1,0.32213316327933916
2,2,relative_trees,trees,16,-0.03,0.3,relative_trees_w16_l-0.03_h0.3,0.320845141047896
2,3,current_ridge,ridge,1,-0.3,0.03,current_ridge_w1_l-0.3_h0.03,0.324898465318834
2,3,current_ridge,ridge,1,-0.3,0.1,current_ridge_w1_l-0.3_h0.1,0.3276323486828504
2,3,current_ridge,ridge,1,-0.3,0.3,current_ridge_w1_l-0.3_h0.3,0.33400474227295196
2,3,current_ridge,ridge,1,-0.1,0.03,current_ridge_w1_l-0.1_h0.03,0.3305302547555723
2,3,current_ridge,ridge,1,-0.1,0.1,current_ridge_w1_l-0.1_h0.1,0.33326413811958866
2,3,current_ridge,ridge,1,-0.1,0.3,current_ridge_w1_l-0.1_h0.3,0.33963653170969027
2,3,current_ridge,ridge,1,-0.03,0.03,current_ridge_w1_l-0.03_h0.03,0.33181759809414696
2,3,current_ridge,ridge,1,-0.03,0.1,current_ridge_w1_l-0.03_h0.1,0.3345514814581634
2,3,current_ridge,ridge,1,-0.03,0.3,current_ridge_w1_l-0.03_h0.3,0.34092387504826493
2,3,current_ridge,ridge,16,-0.3,0.03,current_ridge_w16_l-0.3_h0.03,0.31107309011943984
2,3,current_ridge,ridge,16,-0.3,0.1,current_ridge_w16_l-0.3_h0.1,0.32409765370468174
2,3,current_ridge,ridge,16,-0.3,0.3,current_ridge_w16_l-0.3_h0.3,0.33024871952001905
2,3,current_ridge,ridge,16,-0.1,0.03,current_ridge_w16_l-0.1_h0.03,0.3135258786230596
2,3,current_ridge,ridge,16,-0.1,0.1,current_ridge_w16_l-0.1_h0.1,0.32655044220830143
2,3,current_ridge,ridge,16,-0.1,0.3,current_ridge_w16_l-0.1_h0.3,0.3327015080236387
2,3,current_ridge,ridge,16,-0.03,0.03,current_ridge_w16_l-0.03_h0.03,0.3325816941228248
2,3,current_ridge,ridge,16,-0.03,0.1,current_ridge_w16_l-0.03_h0.1,0.3456062577080666
2,3,current_ridge,ridge,16,-0.03,0.3,current_ridge_w16_l-0.03_h0.3,0.35175732352340394
2,3,current_rbf,rbf,1,-0.3,0.03,current_rbf_w1_l-0.3_h0.03,0.3261734679995453
2,3,current_rbf,rbf,1,-0.3,0.1,current_rbf_w1_l-0.3_h0.1,0.3200278594664669
2,3,current_rbf,rbf,1,-0.3,0.3,current_rbf_w1_l-0.3_h0.3,0.3325326024141413
2,3,current_rbf,rbf,1,-0.1,0.03,current_rbf_w1_l-0.1_h0.03,0.3388898869850201
2,3,current_rbf,rbf,1,-0.1,0.1,current_rbf_w1_l-0.1_h0.1,0.33274427845194166
2,3,current_rbf,rbf,1,-0.1,0.3,current_rbf_w1_l-0.1_h0.3,0.34524902139961605
2,3,current_rbf,rbf,1,-0.03,0.03,current_rbf_w1_l-0.03_h0.03,0.33586166268646167
2,3,current_rbf,rbf,1,-0.03,0.1,current_rbf_w1_l-0.03_h0.1,0.3297160541533832
2,3,current_rbf,rbf,1,-0.03,0.3,current_rbf_w1_l-0.03_h0.3,0.3422207971010576
2,3,current_rbf,rbf,16,-0.3,0.03,current_rbf_w16_l-0.3_h0.03,0.3179789945530778
2,3,current_rbf,rbf,16,-0.3,0.1,current_rbf_w16_l-0.3_h0.1,0.31048227183985183
2,3,current_rbf,rbf,16,-0.3,0.3,current_rbf_w16_l-0.3_h0.3,0.3334161707094846
2,3,current_rbf,rbf,16,-0.1,0.03,current_rbf_w16_l-0.1_h0.03,0.31887503683350005
2,3,current_rbf,rbf,16,-0.1,0.1,current_rbf_w16_l-0.1_h0.1,0.311378314120274
2,3,current_rbf,rbf,16,-0.1,0.3,current_rbf_w16_l-0.1_h0.3,0.3343122129899068
2,3,current_rbf,rbf,16,-0.03,0.03,current_rbf_w16_l-0.03_h0.03,0.3410842122276738
2,3,current_rbf,rbf,16,-0.03,0.1,current_rbf_w16_l-0.03_h0.1,0.33358748951444783
2,3,current_rbf,rbf,16,-0.03,0.3,current_rbf_w16_l-0.03_h0.3,0.35652138838408065
2,3,current_hgb,hgb,1,-0.3,0.03,current_hgb_w1_l-0.3_h0.03,0.32679838853506454
2,3,current_hgb,hgb,1,-0.3,0.1,current_hgb_w1_l-0.3_h0.1,0.32767275088580916
2,3,current_hgb,hgb,1,-0.3,0.3,current_hgb_w1_l-0.3_h0.3,0.33775264000563116
2,3,current_hgb,hgb,1,-0.1,0.03,current_hgb_w1_l-0.1_h0.03,0.350565909741994
2,3,current_hgb,hgb,1,-0.1,0.1,current_hgb_w1_l-0.1_h0.1,0.3514402720927385
2,3,current_hgb,hgb,1,-0.1,0.3,current_hgb_w1_l-0.1_h0.3,0.36152016121256053
2,3,current_hgb,hgb,1,-0.03,0.03,current_hgb_w1_l-0.03_h0.03,0.350138529744965
2,3,current_hgb,hgb,1,-0.03,0.1,current_hgb_w1_l-0.03_h0.1,0.3510128920957096
2,3,current_hgb,hgb,1,-0.03,0.3,current_hgb_w1_l-0.03_h0.3,0.3610927812155317
2,3,current_hgb,hgb,16,-0.3,0.03,current_hgb_w16_l-0.3_h0.03,0.32725361809750103
2,3,current_hgb,hgb,16,-0.3,0.1,current_hgb_w16_l-0.3_h0.1,0.3258976784701644
2,3,current_hgb,hgb,16,-0.3,0.3,current_hgb_w16_l-0.3_h0.3,0.3295933779261328
2,3,current_hgb,hgb,16,-0.1,0.03,current_hgb_w16_l-0.1_h0.03,0.35523294562405094
2,3,current_hgb,hgb,16,-0.1,0.1,current_hgb_w16_l-0.1_h0.1,0.35387700599671434
2,3,current_hgb,hgb,16,-0.1,0.3,current_hgb_w16_l-0.1_h0.3,0.35757270545268266
2,3,current_hgb,hgb,16,-0.03,0.03,current_hgb_w16_l-0.03_h0.03,0.3693014408452237
2,3,current_hgb,hgb,16,-0.03,0.1,current_hgb_w16_l-0.03_h0.1,0.36794550121788694
2,3,current_hgb,hgb,16,-0.03,0.3,current_hgb_w16_l-0.03_h0.3,0.37164120067385537
2,3,current_trees,trees,1,-0.3,0.03,current_trees_w1_l-0.3_h0.03,0.3174365457400399
2,3,current_trees,trees,1,-0.3,0.1,current_trees_w1_l-0.3_h0.1,0.33242097591505726
2,3,current_trees,trees,1,-0.3,0.3,current_trees_w1_l-0.3_h0.3,0.3366215364844816
2,3,current_trees,trees,1,-0.1,0.03,current_trees_w1_l-0.1_h0.03,0.3219266582918027
2,3,current_trees,trees,1,-0.1,0.1,current_trees_w1_l-0.1_h0.1,0.3369110884668201
2,3,current_trees,trees,1,-0.1,0.3,current_trees_w1_l-0.1_h0.3,0.34111164903624447
2,3,current_trees,trees,1,-0.03,0.03,current_trees_w1_l-0.03_h0.03,0.33225068177590156
2,3,current_trees,trees,1,-0.03,0.1,current_trees_w1_l-0.03_h0.1,0.34723511195091894
2,3,current_trees,trees,1,-0.03,0.3,current_trees_w1_l-0.03_h0.3,0.35143567252034325
2,3,current_trees,trees,16,-0.3,0.03,current_trees_w16_l-0.3_h0.03,0.30981183244239463
2,3,current_trees,trees,16,-0.3,0.1,current_trees_w16_l-0.3_h0.1,0.3316229733679307
2,3,current_trees,trees,16,-0.3,0.3,current_trees_w16_l-0.3_h0.3,0.3333724558160461
2,3,current_trees,trees,16,-0.1,0.03,current_trees_w16_l-0.1_h0.03,0.3123054808273716
2,3,current_trees,trees,16,-0.1,0.1,current_trees_w16_l-0.1_h0.1,0.3341166217529076
2,3,current_trees,trees,16,-0.1,0.3,current_trees_w16_l-0.1_h0.3,0.33586610420102303
2,3,current_trees,trees,16,-0.03,0.03,current_trees_w16_l-0.03_h0.03,0.33015769494132075
2,3,current_trees,trees,16,-0.03,0.1,current_trees_w16_l-0.03_h0.1,0.3519688358668568
2,3,current_trees,trees,16,-0.03,0.3,current_trees_w16_l-0.03_h0.3,0.35371831831497214
2,3,multiscale_ridge,ridge,1,-0.3,0.03,multiscale_ridge_w1_l-0.3_h0.03,0.2905150520800125
2,3,multiscale_ridge,ridge,1,-0.3,0.1,multiscale_ridge_w1_l-0.3_h0.1,0.2886034857427161
2,3,multiscale_ridge,ridge,1,-0.3,0.3,multiscale_ridge_w1_l-0.3_h0.3,0.3016499528436412
2,3,multiscale_ridge,ridge,1,-0.1,0.03,multiscale_ridge_w1_l-0.1_h0.03,0.30782365012325164
2,3,multiscale_ridge,ridge,1,-0.1,0.1,multiscale_ridge_w1_l-0.1_h0.1,0.30591208378595525
2,3,multiscale_ridge,ridge,1,-0.1,0.3,multiscale_ridge_w1_l-0.1_h0.3,0.3189585508868803
2,3,multiscale_ridge,ridge,1,-0.03,0.03,multiscale_ridge_w1_l-0.03_h0.03,0.3068383079903848
2,3,multiscale_ridge,ridge,1,-0.03,0.1,multiscale_ridge_w1_l-0.03_h0.1,0.3049267416530885
2,3,multiscale_ridge,ridge,1,-0.03,0.3,multiscale_ridge_w1_l-0.03_h0.3,0.3179732087540135
2,3,multiscale_ridge,ridge,16,-0.3,0.03,multiscale_ridge_w16_l-0.3_h0.03,0.2872888524286386
2,3,multiscale_ridge,ridge,16,-0.3,0.1,multiscale_ridge_w16_l-0.3_h0.1,0.2896132352953023
2,3,multiscale_ridge,ridge,16,-0.3,0.3,multiscale_ridge_w16_l-0.3_h0.3,0.30561124827384245
2,3,multiscale_ridge,ridge,16,-0.1,0.03,multiscale_ridge_w16_l-0.1_h0.03,0.2982456499959787
2,3,multiscale_ridge,ridge,16,-0.1,0.1,multiscale_ridge_w16_l-0.1_h0.1,0.30057003286264244
2,3,multiscale_ridge,ridge,16,-0.1,0.3,multiscale_ridge_w16_l-0.1_h0.3,0.3165680458411826
2,3,multiscale_ridge,ridge,16,-0.03,0.03,multiscale_ridge_w16_l-0.03_h0.03,0.30707287577546233
2,3,multiscale_ridge,ridge,16,-0.03,0.1,multiscale_ridge_w16_l-0.03_h0.1,0.3093972586421261
2,3,multiscale_ridge,ridge,16,-0.03,0.3,multiscale_ridge_w16_l-0.03_h0.3,0.3253952716206662
2,3,multiscale_rbf,rbf,1,-0.3,0.03,multiscale_rbf_w1_l-0.3_h0.03,0.2966231573798285
2,3,multiscale_rbf,rbf,1,-0.3,0.1,multiscale_rbf_w1_l-0.3_h0.1,0.28243282496473243
2,3,multiscale_rbf,rbf,1,-0.3,0.3,multiscale_rbf_w1_l-0.3_h0.3,0.3023809740422166
2,3,multiscale_rbf,rbf,1,-0.1,0.03,multiscale_rbf_w1_l-0.1_h0.03,0.29480355118693896
2,3,multiscale_rbf,rbf,1,-0.1,0.1,multiscale_rbf_w1_l-0.1_h0.1,0.28061321877184286
2,3,multiscale_rbf,rbf,1,-0.1,0.3,multiscale_rbf_w1_l-0.1_h0.3,0.300561367849327
2,3,multiscale_rbf,rbf,1,-0.03,0.03,multiscale_rbf_w1_l-0.03_h0.03,0.3024055346581592
2,3,multiscale_rbf,rbf,1,-0.03,0.1,multiscale_rbf_w1_l-0.03_h0.1,0.28821520224306313
2,3,multiscale_rbf,rbf,1,-0.03,0.3,multiscale_rbf_w1_l-0.03_h0.3,0.3081633513205473
2,3,multiscale_rbf,rbf,16,-0.3,0.03,multiscale_rbf_w16_l-0.3_h0.03,0.300985862305108
2,3,multiscale_rbf,rbf,16,-0.3,0.1,multiscale_rbf_w16_l-0.3_h0.1,0.2891460585558023
2,3,multiscale_rbf,rbf,16,-0.3,0.3,multiscale_rbf_w16_l-0.3_h0.3,0.30305803167223616
2,3,multiscale_rbf,rbf,16,-0.1,0.03,multiscale_rbf_w16_l-0.1_h0.03,0.2948200244485044
2,3,multiscale_rbf,rbf,16,-0.1,0.1,multiscale_rbf_w16_l-0.1_h0.1,0.2829802206991986
2,3,multiscale_rbf,rbf,16,-0.1,0.3,multiscale_rbf_w16_l-0.1_h0.3,0.2968921938156326
2,3,multiscale_rbf,rbf,16,-0.03,0.03,multiscale_rbf_w16_l-0.03_h0.03,0.29368455551535116
2,3,multiscale_rbf,rbf,16,-0.03,0.1,multiscale_rbf_w16_l-0.03_h0.1,0.2818447517660454
2,3,multiscale_rbf,rbf,16,-0.03,0.3,multiscale_rbf_w16_l-0.03_h0.3,0.29575672488247934
2,3,multiscale_hgb,hgb,1,-0.3,0.03,multiscale_hgb_w1_l-0.3_h0.03,0.2975550949756347
2,3,multiscale_hgb,hgb,1,-0.3,0.1,multiscale_hgb_w1_l-0.3_h0.1,0.29244802495133565
2,3,multiscale_hgb,hgb,1,-0.3,0.3,multiscale_hgb_w1_l-0.3_h0.3,0.3017374407770009
2,3,multiscale_hgb,hgb,1,-0.1,0.03,multiscale_hgb_w1_l-0.1_h0.03,0.3099850688048142
2,3,multiscale_hgb,hgb,1,-0.1,0.1,multiscale_hgb_w1_l-0.1_h0.1,0.3048779987805151
2,3,multiscale_hgb,hgb,1,-0.1,0.3,multiscale_hgb_w1_l-0.1_h0.3,0.31416741460618036
2,3,multiscale_hgb,hgb,1,-0.03,0.03,multiscale_hgb_w1_l-0.03_h0.03,0.3223913202877825
2,3,multiscale_hgb,hgb,1,-0.03,0.1,multiscale_hgb_w1_l-0.03_h0.1,0.3172842502634835
2,3,multiscale_hgb,hgb,1,-0.03,0.3,multiscale_hgb_w1_l-0.03_h0.3,0.32657366608914873
2,3,multiscale_hgb,hgb,16,-0.3,0.03,multiscale_hgb_w16_l-0.3_h0.03,0.29443233884461
2,3,multiscale_hgb,hgb,16,-0.3,0.1,multiscale_hgb_w16_l-0.3_h0.1,0.29672934083781244
2,3,multiscale_hgb,hgb,16,-0.3,0.3,multiscale_hgb_w16_l-0.3_h0.3,0.2960696200423961
2,3,multiscale_hgb,hgb,16,-0.1,0.03,multiscale_hgb_w16_l-0.1_h0.03,0.315572970956265
2,3,multiscale_hgb,hgb,16,-0.1,0.1,multiscale_hgb_w16_l-0.1_h0.1,0.31786997294946745
2,3,multiscale_hgb,hgb,16,-0.1,0.3,multiscale_hgb_w16_l-0.1_h0.3,0.31721025215405113
2,3,multiscale_hgb,hgb,16,-0.03,0.03,multiscale_hgb_w16_l-0.03_h0.03,0.32498544208276775
2,3,multiscale_hgb,hgb,16,-0.03,0.1,multiscale_hgb_w16_l-0.03_h0.1,0.3272824440759702
2,3,multiscale_hgb,hgb,16,-0.03,0.3,multiscale_hgb_w16_l-0.03_h0.3,0.32662272328055386
2,3,multiscale_trees,trees,1,-0.3,0.03,multiscale_trees_w1_l-0.3_h0.03,0.28628067514247113
2,3,multiscale_trees,trees,1,-0.3,0.1,multiscale_trees_w1_l-0.3_h0.1,0.2858017466544571
2,3,multiscale_trees,trees,1,-0.3,0.3,multiscale_trees_w1_l-0.3_h0.3,0.32073364335668664
2,3,multiscale_trees,trees,1,-0.1,0.03,multiscale_trees_w1_l-0.1_h0.03,0.2920249107864039
2,3,multiscale_trees,trees,1,-0.1,0.1,multiscale_trees_w1_l-0.1_h0.1,0.2915459822983899
2,3,multiscale_trees,trees,1,-0.1,0.3,multiscale_trees_w1_l-0.1_h0.3,0.3264778790006195
2,3,multiscale_trees,trees,1,-0.03,0.03,multiscale_trees_w1_l-0.03_h0.03,0.2964370171368879
2,3,multiscale_trees,trees,1,-0.03,0.1,multiscale_trees_w1_l-0.03_h0.1,0.2959580886488739
2,3,multiscale_trees,trees,1,-0.03,0.3,multiscale_trees_w1_l-0.03_h0.3,0.3308899853511035
2,3,multiscale_trees,trees,16,-0.3,0.03,multiscale_trees_w16_l-0.3_h0.03,0.27594966979395463
2,3,multiscale_trees,trees,16,-0.3,0.1,multiscale_trees_w16_l-0.3_h0.1,0.28446337227795726
2,3,multiscale_trees,trees,16,-0.3,0.3,multiscale_trees_w16_l-0.3_h0.3,0.3226978708711281
2,3,multiscale_trees,trees,16,-0.1,0.03,multiscale_trees_w16_l-0.1_h0.03,0.2789563856189286
2,3,multiscale_trees,trees,16,-0.1,0.1,multiscale_trees_w16_l-0.1_h0.1,0.2874700881029313
2,3,multiscale_trees,trees,16,-0.1,0.3,multiscale_trees_w16_l-0.1_h0.3,0.3257045866961021
2,3,multiscale_trees,trees,16,-0.03,0.03,multiscale_trees_w16_l-0.03_h0.03,0.2748886732559659
2,3,multiscale_trees,trees,16,-0.03,0.1,multiscale_trees_w16_l-0.03_h0.1,0.2834023757399685
2,3,multiscale_trees,trees,16,-0.03,0.3,multiscale_trees_w16_l-0.03_h0.3,0.3216368743331393
2,3,relative_ridge,ridge,1,-0.3,0.03,relative_ridge_w1_l-0.3_h0.03,0.32885270365595437
2,3,relative_ridge,ridge,1,-0.3,0.1,relative_ridge_w1_l-0.3_h0.1,0.3164598689642598
2,3,relative_ridge,ridge,1,-0.3,0.3,relative_ridge_w1_l-0.3_h0.3,0.3203306531460852
2,3,relative_ridge,ridge,1,-0.1,0.03,relative_ridge_w1_l-0.1_h0.03,0.3298593245886809
2,3,relative_ridge,ridge,1,-0.1,0.1,relative_ridge_w1_l-0.1_h0.1,0.3174664898969863
2,3,relative_ridge,ridge,1,-0.1,0.3,relative_ridge_w1_l-0.1_h0.3,0.32133727407881174
2,3,relative_ridge,ridge,1,-0.03,0.03,relative_ridge_w1_l-0.03_h0.03,0.32444207167729594
2,3,relative_ridge,ridge,1,-0.03,0.1,relative_ridge_w1_l-0.03_h0.1,0.31204923698560133
2,3,relative_ridge,ridge,1,-0.03,0.3,relative_ridge_w1_l-0.03_h0.3,0.31592002116742673
2,3,relative_ridge,ridge,16,-0.3,0.03,relative_ridge_w16_l-0.3_h0.03,0.307349766106582
2,3,relative_ridge,ridge,16,-0.3,0.1,relative_ridge_w16_l-0.3_h0.1,0.29279943604432584
2,3,relative_ridge,ridge,16,-0.3,0.3,relative_ridge_w16_l-0.3_h0.3,0.3248718841267635
2,3,relative_ridge,ridge,16,-0.1,0.03,relative_ridge_w16_l-0.1_h0.03,0.3081097968489098
2,3,relative_ridge,ridge,16,-0.1,0.1,relative_ridge_w16_l-0.1_h0.1,0.2935594667866537
2,3,relative_ridge,ridge,16,-0.1,0.3,relative_ridge_w16_l-0.1_h0.3,0.3256319148690913
2,3,relative_ridge,ridge,16,-0.03,0.03,relative_ridge_w16_l-0.03_h0.03,0.31645175147428123
2,3,relative_ridge,ridge,16,-0.03,0.1,relative_ridge_w16_l-0.03_h0.1,0.30190142141202503
2,3,relative_ridge,ridge,16,-0.03,0.3,relative_ridge_w16_l-0.03_h0.3,0.3339738694944628
2,3,relative_rbf,rbf,1,-0.3,0.03,relative_rbf_w1_l-0.3_h0.03,0.3102220617756951
2,3,relative_rbf,rbf,1,-0.3,0.1,relative_rbf_w1_l-0.3_h0.1,0.29784023328345993
2,3,relative_rbf,rbf,1,-0.3,0.3,relative_rbf_w1_l-0.3_h0.3,0.3089365667304869
2,3,relative_rbf,rbf,1,-0.1,0.03,relative_rbf_w1_l-0.1_h0.03,0.3160487192737204
2,3,relative_rbf,rbf,1,-0.1,0.1,relative_rbf_w1_l-0.1_h0.1,0.30366689078148523
2,3,relative_rbf,rbf,1,-0.1,0.3,relative_rbf_w1_l-0.1_h0.3,0.31476322422851216
2,3,relative_rbf,rbf,1,-0.03,0.03,relative_rbf_w1_l-0.03_h0.03,0.3160405235640395
2,3,relative_rbf,rbf,1,-0.03,0.1,relative_rbf_w1_l-0.03_h0.1,0.3036586950718043
2,3,relative_rbf,rbf,1,-0.03,0.3,relative_rbf_w1_l-0.03_h0.3,0.3147550285188313
2,3,relative_rbf,rbf,16,-0.3,0.03,relative_rbf_w16_l-0.3_h0.03,0.2924589509495726
2,3,relative_rbf,rbf,16,-0.3,0.1,relative_rbf_w16_l-0.3_h0.1,0.27803420284032826
2,3,relative_rbf,rbf,16,-0.3,0.3,relative_rbf_w16_l-0.3_h0.3,0.31895472602750324
2,3,relative_rbf,rbf,16,-0.1,0.03,relative_rbf_w16_l-0.1_h0.03,0.2988583586110561
2,3,relative_rbf,rbf,16,-0.1,0.1,relative_rbf_w16_l-0.1_h0.1,0.2844336105018118
2,3,relative_rbf,rbf,16,-0.1,0.3,relative_rbf_w16_l-0.1_h0.3,0.3253541336889867
2,3,relative_rbf,rbf,16,-0.03,0.03,relative_rbf_w16_l-0.03_h0.03,0.3065474461045107
2,3,relative_rbf,rbf,16,-0.03,0.1,relative_rbf_w16_l-0.03_h0.1,0.2921226979952664
2,3,relative_rbf,rbf,16,-0.03,0.3,relative_rbf_w16_l-0.03_h0.3,0.33304322118244134
2,3,relative_hgb,hgb,1,-0.3,0.03,relative_hgb_w1_l-0.3_h0.03,0.3172421767695473
2,3,relative_hgb,hgb,1,-0.3,0.1,relative_hgb_w1_l-0.3_h0.1,0.31607085268892793
2,3,relative_hgb,hgb,1,-0.3,0.3,relative_hgb_w1_l-0.3_h0.3,0.31854980665457044
2,3,relative_hgb,hgb,1,-0.1,0.03,relative_hgb_w1_l-0.1_h0.03,0.3187161449525768
2,3,relative_hgb,hgb,1,-0.1,0.1,relative_hgb_w1_l-0.1_h0.1,0.3175448208719574
2,3,relative_hgb,hgb,1,-0.1,0.3,relative_hgb_w1_l-0.1_h0.3,0.3200237748375999
2,3,relative_hgb,hgb,1,-0.03,0.03,relative_hgb_w1_l-0.03_h0.03,0.3148479046116887
2,3,relative_hgb,hgb,1,-0.03,0.1,relative_hgb_w1_l-0.03_h0.1,0.3136765805310693
2,3,relative_hgb,hgb,1,-0.03,0.3,relative_hgb_w1_l-0.03_h0.3,0.31615553449671185
2,3,relative_hgb,hgb,16,-0.3,0.03,relative_hgb_w16_l-0.3_h0.03,0.31381481745054873
2,3,relative_hgb,hgb,16,-0.3,0.1,relative_hgb_w16_l-0.3_h0.1,0.29598472920503244
2,3,relative_hgb,hgb,16,-0.3,0.3,relative_hgb_w16_l-0.3_h0.3,0.3189337560052499
2,3,relative_hgb,hgb,16,-0.1,0.03,relative_hgb_w16_l-0.1_h0.03,0.31674000682862147
2,3,relative_hgb,hgb,16,-0.1,0.1,relative_hgb_w16_l-0.1_h0.1,0.29890991858310517
2,3,relative_hgb,hgb,16,-0.1,0.3,relative_hgb_w16_l-0.1_h0.3,0.3218589453833226
2,3,relative_hgb,hgb,16,-0.03,0.03,relative_hgb_w16_l-0.03_h0.03,0.3166061995874424
2,3,relative_hgb,hgb,16,-0.03,0.1,relative_hgb_w16_l-0.03_h0.1,0.29877611134192616
2,3,relative_hgb,hgb,16,-0.03,0.3,relative_hgb_w16_l-0.03_h0.3,0.32172513814214354
2,3,relative_trees,trees,1,-0.3,0.03,relative_trees_w1_l-0.3_h0.03,0.3134492493450531
2,3,relative_trees,trees,1,-0.3,0.1,relative_trees_w1_l-0.3_h0.1,0.3131927878425206
2,3,relative_trees,trees,1,-0.3,0.3,relative_trees_w1_l-0.3_h0.3,0.32989689510152176
2,3,relative_trees,trees,1,-0.1,0.03,relative_trees_w1_l-0.1_h0.03,0.30847271949855265
2,3,relative_trees,trees,1,-0.1,0.1,relative_trees_w1_l-0.1_h0.1,0.3082162579960202
2,3,relative_trees,trees,1,-0.1,0.3,relative_trees_w1_l-0.1_h0.3,0.32492036525502127
2,3,relative_trees,trees,1,-0.03,0.03,relative_trees_w1_l-0.03_h0.03,0.3057212913166589
2,3,relative_trees,trees,1,-0.03,0.1,relative_trees_w1_l-0.03_h0.1,0.3054648298141265
2,3,relative_trees,trees,1,-0.03,0.3,relative_trees_w1_l-0.03_h0.3,0.32216893707312755
2,3,relative_trees,trees,16,-0.3,0.03,relative_trees_w16_l-0.3_h0.03,0.324007962985473
2,3,relative_trees,trees,16,-0.3,0.1,relative_trees_w16_l-0.3_h0.1,0.3196612859163312
2,3,relative_trees,trees,16,-0.3,0.3,relative_trees_w16_l-0.3_h0.3,0.33188625828588086
2,3,relative_trees,trees,16,-0.1,0.03,relative_trees_w16_l-0.1_h0.03,0.3095640668603445
2,3,relative_trees,trees,16,-0.1,0.1,relative_trees_w16_l-0.1_h0.1,0.3052173897912026
2,3,relative_trees,trees,16,-0.1,0.3,relative_trees_w16_l-0.1_h0.3,0.3174423621607523
2,3,relative_trees,trees,16,-0.03,0.03,relative_trees_w16_l-0.03_h0.03,0.322560064218011
2,3,relative_trees,trees,16,-0.03,0.1,relative_trees_w16_l-0.03_h0.1,0.3182133871488692
2,3,relative_trees,trees,16,-0.03,0.3,relative_trees_w16_l-0.03_h0.3,0.3304383595184188
3,1,current_ridge,ridge,1,-0.3,0.03,current_ridge_w1_l-0.3_h0.03,0.33008809507763176
3,1,current_ridge,ridge,1,-0.3,0.1,current_ridge_w1_l-0.3_h0.1,0.3347644338537935
3,1,current_ridge,ridge,1,-0.3,0.3,current_ridge_w1_l-0.3_h0.3,0.33443152626552525
3,1,current_ridge,ridge,1,-0.1,0.03,current_ridge_w1_l-0.1_h0.03,0.333005973971569
3,1,current_ridge,ridge,1,-0.1,0.1,current_ridge_w1_l-0.1_h0.1,0.33768231274773075
3,1,current_ridge,ridge,1,-0.1,0.3,current_ridge_w1_l-0.1_h0.3,0.3373494051594625
3,1,current_ridge,ridge,1,-0.03,0.03,current_ridge_w1_l-0.03_h0.03,0.3295290953735024
3,1,current_ridge,ridge,1,-0.03,0.1,current_ridge_w1_l-0.03_h0.1,0.33420543414966414
3,1,current_ridge,ridge,1,-0.03,0.3,current_ridge_w1_l-0.03_h0.3,0.3338725265613959
3,1,current_ridge,ridge,16,-0.3,0.03,current_ridge_w16_l-0.3_h0.03,0.3302649941092123
3,1,current_ridge,ridge,16,-0.3,0.1,current_ridge_w16_l-0.3_h0.1,0.3349935775174675
3,1,current_ridge,ridge,16,-0.3,0.3,current_ridge_w16_l-0.3_h0.3,0.3339147400509577
3,1,current_ridge,ridge,16,-0.1,0.03,current_ridge_w16_l-0.1_h0.03,0.3323024916273195
3,1,current_ridge,ridge,16,-0.1,0.1,current_ridge_w16_l-0.1_h0.1,0.3370310750355746
3,1,current_ridge,ridge,16,-0.1,0.3,current_ridge_w16_l-0.1_h0.3,0.33595223756906484
3,1,current_ridge,ridge,16,-0.03,0.03,current_ridge_w16_l-0.03_h0.03,0.32988939286006386
3,1,current_ridge,ridge,16,-0.03,0.1,current_ridge_w16_l-0.03_h0.1,0.334617976268319
3,1,current_ridge,ridge,16,-0.03,0.3,current_ridge_w16_l-0.03_h0.3,0.33353913880180913
3,1,current_rbf,rbf,1,-0.3,0.03,current_rbf_w1_l-0.3_h0.03,0.350240831826429
3,1,current_rbf,rbf,1,-0.3,0.1,current_rbf_w1_l-0.3_h0.1,0.34395130805444835
3,1,current_rbf,rbf,1,-0.3,0.3,current_rbf_w1_l-0.3_h0.3,0.33563374503873733
3,1,current_rbf,rbf,1,-0.1,0.03,current_rbf_w1_l-0.1_h0.03,0.35176198215763654
3,1,current_rbf,rbf,1,-0.1,0.1,current_rbf_w1_l-0.1_h0.1,0.3454724583856557
3,1,current_rbf,rbf,1,-0.1,0.3,current_rbf_w1_l-0.1_h0.3,0.33715489536994486
3,1,current_rbf,rbf,1,-0.03,0.03,current_rbf_w1_l-0.03_h0.03,0.3532618647448077
3,1,current_rbf,rbf,1,-0.03,0.1,current_rbf_w1_l-0.03_h0.1,0.3469723409728269
3,1,current_rbf,rbf,1,-0.03,0.3,current_rbf_w1_l-0.03_h0.3,0.338654777957116
3,1,current_rbf,rbf,16,-0.3,0.03,current_rbf_w16_l-0.3_h0.03,0.3510543256874304
3,1,current_rbf,rbf,16,-0.3,0.1,current_rbf_w16_l-0.3_h0.1,0.349379163407489
3,1,current_rbf,rbf,16,-0.3,0.3,current_rbf_w16_l-0.3_h0.3,0.33410773212368217
3,1,current_rbf,rbf,16,-0.1,0.03,current_rbf_w16_l-0.1_h0.03,0.348588378954611
3,1,current_rbf,rbf,16,-0.1,0.1,current_rbf_w16_l-0.1_h0.1,0.34691321667466957
3,1,current_rbf,rbf,16,-0.1,0.3,current_rbf_w16_l-0.1_h0.3,0.33164178539086264
3,1,current_rbf,rbf,16,-0.03,0.03,current_rbf_w16_l-0.03_h0.03,0.35029898505595886
3,1,current_rbf,rbf,16,-0.03,0.1,current_rbf_w16_l-0.03_h0.1,0.34862382277601744
3,1,current_rbf,rbf,16,-0.03,0.3,current_rbf_w16_l-0.03_h0.3,0.33335239149221063
3,1,current_hgb,hgb,1,-0.3,0.03,current_hgb_w1_l-0.3_h0.03,0.3271604531656013
3,1,current_hgb,hgb,1,-0.3,0.1,current_hgb_w1_l-0.3_h0.1,0.34520884788470074
3,1,current_hgb,hgb,1,-0.3,0.3,current_hgb_w1_l-0.3_h0.3,0.33473614424753584
3,1,current_hgb,hgb,1,-0.1,0.03,current_hgb_w1_l-0.1_h0.03,0.3270483138580583
3,1,current_hgb,hgb,1,-0.1,0.1,current_hgb_w1_l-0.1_h0.1,0.3450967085771578
3,1,current_hgb,hgb,1,-0.1,0.3,current_hgb_w1_l-0.1_h0.3,0.3346240049399929
3,1,current_hgb,hgb,1,-0.03,0.03,current_hgb_w1_l-0.03_h0.03,0.33103705085354734
3,1,current_hgb,hgb,1,-0.03,0.1,current_hgb_w1_l-0.03_h0.1,0.3490854455726468
3,1,current_hgb,hgb,1,-0.03,0.3,current_hgb_w1_l-0.03_h0.3,0.33861274193548196
3,1,current_hgb,hgb,16,-0.3,0.03,current_hgb_w16_l-0.3_h0.03,0.3405718073460801
3,1,current_hgb,hgb,16,-0.3,0.1,current_hgb_w16_l-0.3_h0.1,0.3434028918351656
3,1,current_hgb,hgb,16,-0.3,0.3,current_hgb_w16_l-0.3_h0.3,0.3305961770166456
3,1,current_hgb,hgb,16,-0.1,0.03,current_hgb_w16_l-0.1_h0.03,0.3517811668565708
3,1,current_hgb,hgb,16,-0.1,0.1,current_hgb_w16_l-0.1_h0.1,0.35461225134565627
3,1,current_hgb,hgb,16,-0.1,0.3,current_hgb_w16_l-0.1_h0.3,0.34180553652713636
3,1,current_hgb,hgb,16,-0.03,0.03,current_hgb_w16_l-0.03_h0.03,0.3512854418802151
3,1,current_hgb,hgb,16,-0.03,0.1,current_hgb_w16_l-0.03_h0.1,0.3541165263693005
3,1,current_hgb,hgb,16,-0.03,0.3,current_hgb_w16_l-0.03_h0.3,0.3413098115507805
3,1,current_trees,trees,1,-0.3,0.03,current_trees_w1_l-0.3_h0.03,0.3427732675010798
3,1,current_trees,trees,1,-0.3,0.1,current_trees_w1_l-0.3_h0.1,0.33616192092762326
3,1,current_trees,trees,1,-0.3,0.3,current_trees_w1_l-0.3_h0.3,0.3333333333333333
3,1,current_trees,trees,1,-0.1,0.03,current_trees_w1_l-0.1_h0.03,0.3407340398155146
3,1,current_trees,trees,1,-0.1,0.1,current_trees_w1_l-0.1_h0.1,0.33412269324205807
3,1,current_trees,trees,1,-0.1,0.3,current_trees_w1_l-0.1_h0.3,0.3312941056477681
3,1,current_trees,trees,1,-0.03,0.03,current_trees_w1_l-0.03_h0.03,0.3408458338244918
3,1,current_trees,trees,1,-0.03,0.1,current_trees_w1_l-0.03_h0.1,0.3342344872510353
3,1,current_trees,trees,1,-0.03,0.3,current_trees_w1_l-0.03_h0.3,0.3314058996567453
3,1,current_trees,trees,16,-0.3,0.03,current_trees_w16_l-0.3_h0.03,0.34775973334250454
3,1,current_trees,trees,16,-0.3,0.1,current_trees_w16_l-0.3_h0.1,0.33010343019017463
3,1,current_trees,trees,16,-0.3,0.3,current_trees_w16_l-0.3_h0.3,0.3333333333333333
3,1,current_trees,trees,16,-0.1,0.03,current_trees_w16_l-0.1_h0.03,0.3472621801630799
3,1,current_trees,trees,16,-0.1,0.1,current_trees_w16_l-0.1_h0.1,0.32960587701074995
3,1,current_trees,trees,16,-0.1,0.3,current_trees_w16_l-0.1_h0.3,0.3328357801539087
3,1,current_trees,trees,16,-0.03,0.03,current_trees_w16_l-0.03_h0.03,0.3419982997727365
3,1,current_trees,trees,16,-0.03,0.1,current_trees_w16_l-0.03_h0.1,0.3243419966204066
3,1,current_trees,trees,16,-0.03,0.3,current_trees_w16_l-0.03_h0.3,0.3275718997635654
3,1,multiscale_ridge,ridge,1,-0.3,0.03,multiscale_ridge_w1_l-0.3_h0.03,0.3362803832815588
3,1,multiscale_ridge,ridge,1,-0.3,0.1,multiscale_ridge_w1_l-0.3_h0.1,0.3382207808309375
3,1,multiscale_ridge,ridge,1,-0.3,0.3,multiscale_ridge_w1_l-0.3_h0.3,0.3419753052300377
3,1,multiscale_ridge,ridge,1,-0.1,0.03,multiscale_ridge_w1_l-0.1_h0.03,0.32896489383877414
3,1,multiscale_ridge,ridge,1,-0.1,0.1,multiscale_ridge_w1_l-0.1_h0.1,0.3309052913881529
3,1,multiscale_ridge,ridge,1,-0.1,0.3,multiscale_ridge_w1_l-0.1_h0.3,0.33465981578725307
3,1,multiscale_ridge,ridge,1,-0.03,0.03,multiscale_ridge_w1_l-0.03_h0.03,0.3335047433579924
3,1,multiscale_ridge,ridge,1,-0.03,0.1,multiscale_ridge_w1_l-0.03_h0.1,0.335445140907371
3,1,multiscale_ridge,ridge,1,-0.03,0.3,multiscale_ridge_w1_l-0.03_h0.3,0.3391996653064712
3,1,multiscale_ridge,ridge,16,-0.3,0.03,multiscale_ridge_w16_l-0.3_h0.03,0.33091614480436815
3,1,multiscale_ridge,ridge,16,-0.3,0.1,multiscale_ridge_w16_l-0.3_h0.1,0.33187340281627037
3,1,multiscale_ridge,ridge,16,-0.3,0.3,multiscale_ridge_w16_l-0.3_h0.3,0.3443466022768518
3,1,multiscale_ridge,ridge,16,-0.1,0.03,multiscale_ridge_w16_l-0.1_h0.03,0.32279359238886657
3,1,multiscale_ridge,ridge,16,-0.1,0.1,multiscale_ridge_w16_l-0.1_h0.1,0.32375085040076873
3,1,multiscale_ridge,ridge,16,-0.1,0.3,multiscale_ridge_w16_l-0.1_h0.3,0.3362240498613502
3,1,multiscale_ridge,ridge,16,-0.03,0.03,multiscale_ridge_w16_l-0.03_h0.03,0.3278930640962235
3,1,multiscale_ridge,ridge,16,-0.03,0.1,multiscale_ridge_w16_l-0.03_h0.1,0.3288503221081257
3,1,multiscale_ridge,ridge,16,-0.03,0.3,multiscale_ridge_w16_l-0.03_h0.3,0.34132352156870716
3,1,multiscale_rbf,rbf,1,-0.3,0.03,multiscale_rbf_w1_l-0.3_h0.03,0.3270930554166628
3,1,multiscale_rbf,rbf,1,-0.3,0.1,multiscale_rbf_w1_l-0.3_h0.1,0.3182163758254746
3,1,multiscale_rbf,rbf,1,-0.3,0.3,multiscale_rbf_w1_l-0.3_h0.3,0.3370872158742344
3,1,multiscale_rbf,rbf,1,-0.1,0.03,multiscale_rbf_w1_l-0.1_h0.03,0.3223567836361596
3,1,multiscale_rbf,rbf,1,-0.1,0.1,multiscale_rbf_w1_l-0.1_h0.1,0.31348010404497145
3,1,multiscale_rbf,rbf,1,-0.1,0.3,multiscale_rbf_w1_l-0.1_h0.3,0.33235094409373117
3,1,multiscale_rbf,rbf,1,-0.03,0.03,multiscale_rbf_w1_l-0.03_h0.03,0.317163120980557
3,1,multiscale_rbf,rbf,1,-0.03,0.1,multiscale_rbf_w1_l-0.03_h0.1,0.3082864413893688
3,1,multiscale_rbf,rbf,1,-0.03,0.3,multiscale_rbf_w1_l-0.03_h0.3,0.32715728143812856
3,1,multiscale_rbf,rbf,16,-0.3,0.03,multiscale_rbf_w16_l-0.3_h0.03,0.31897132919757454
3,1,multiscale_rbf,rbf,16,-0.3,0.1,multiscale_rbf_w16_l-0.3_h0.1,0.3150247539722647
3,1,multiscale_rbf,rbf,16,-0.3,0.3,multiscale_rbf_w16_l-0.3_h0.3,0.3340950711387592
3,1,multiscale_rbf,rbf,16,-0.1,0.03,multiscale_rbf_w16_l-0.1_h0.03,0.31017124068790963
3,1,multiscale_rbf,rbf,16,-0.1,0.1,multiscale_rbf_w16_l-0.1_h0.1,0.30622466546259985
3,1,multiscale_rbf,rbf,16,-0.1,0.3,multiscale_rbf_w16_l-0.1_h0.3,0.32529498262909423
3,1,multiscale_rbf,rbf,16,-0.03,0.03,multiscale_rbf_w16_l-0.03_h0.03,0.3066322864621432
3,1,multiscale_rbf,rbf,16,-0.03,0.1,multiscale_rbf_w16_l-0.03_h0.1,0.30268571123683335
3,1,multiscale_rbf,rbf,16,-0.03,0.3,multiscale_rbf_w16_l-0.03_h0.3,0.3217560284033278
3,1,multiscale_hgb,hgb,1,-0.3,0.03,multiscale_hgb_w1_l-0.3_h0.03,0.3098801242724316
3,1,multiscale_hgb,hgb,1,-0.3,0.1,multiscale_hgb_w1_l-0.3_h0.1,0.3199042638059175
3,1,multiscale_hgb,hgb,1,-0.3,0.3,multiscale_hgb_w1_l-0.3_h0.3,0.32899518619344265
3,1,multiscale_hgb,hgb,1,-0.1,0.03,multiscale_hgb_w1_l-0.1_h0.03,0.3074169506317843
3,1,multiscale_hgb,hgb,1,-0.1,0.1,multiscale_hgb_w1_l-0.1_h0.1,0.3174410901652702
3,1,multiscale_hgb,hgb,1,-0.1,0.3,multiscale_hgb_w1_l-0.1_h0.3,0.32653201255279546
3,1,multiscale_hgb,hgb,1,-0.03,0.03,multiscale_hgb_w1_l-0.03_h0.03,0.30116068994257694
3,1,multiscale_hgb,hgb,1,-0.03,0.1,multiscale_hgb_w1_l-0.03_h0.1,0.3111848294760629
3,1,multiscale_hgb,hgb,1,-0.03,0.3,multiscale_hgb_w1_l-0.03_h0.3,0.32027575186358803
3,1,multiscale_hgb,hgb,16,-0.3,0.03,multiscale_hgb_w16_l-0.3_h0.03,0.30414886716183825
3,1,multiscale_hgb,hgb,16,-0.3,0.1,multiscale_hgb_w16_l-0.3_h0.1,0.31462131048501357
3,1,multiscale_hgb,hgb,16,-0.3,0.3,multiscale_hgb_w16_l-0.3_h0.3,0.32505880041218704
3,1,multiscale_hgb,hgb,16,-0.1,0.03,multiscale_hgb_w16_l-0.1_h0.03,0.2984452790322712
3,1,multiscale_hgb,hgb,16,-0.1,0.1,multiscale_hgb_w16_l-0.1_h0.1,0.3089177223554464
3,1,multiscale_hgb,hgb,16,-0.1,0.3,multiscale_hgb_w16_l-0.1_h0.3,0.3193552122826199
3,1,multiscale_hgb,hgb,16,-0.03,0.03,multiscale_hgb_w16_l-0.03_h0.03,0.3001449575736379
3,1,multiscale_hgb,hgb,16,-0.03,0.1,multiscale_hgb_w16_l-0.03_h0.1,0.31061740089681317
3,1,multiscale_hgb,hgb,16,-0.03,0.3,multiscale_hgb_w16_l-0.03_h0.3,0.3210548908239867
3,1,multiscale_trees,trees,1,-0.3,0.03,multiscale_trees_w1_l-0.3_h0.03,0.32114301631107667
3,1,multiscale_trees,trees,1,-0.3,0.1,multiscale_trees_w1_l-0.3_h0.1,0.33807045817309667
3,1,multiscale_trees,trees,1,-0.3,0.3,multiscale_trees_w1_l-0.3_h0.3,0.3364997312623039
3,1,multiscale_trees,trees,1,-0.1,0.03,multiscale_trees_w1_l-0.1_h0.03,0.3212104131230315
3,1,multiscale_trees,trees,1,-0.1,0.1,multiscale_trees_w1_l-0.1_h0.1,0.33813785498505144
3,1,multiscale_trees,trees,1,-0.1,0.3,multiscale_trees_w1_l-0.1_h0.3,0.3365671280742587
3,1,multiscale_trees,trees,1,-0.03,0.03,multiscale_trees_w1_l-0.03_h0.03,0.3188596677408287
3,1,multiscale_trees,trees,1,-0.03,0.1,multiscale_trees_w1_l-0.03_h0.1,0.33578710960284863
3,1,multiscale_trees,trees,1,-0.03,0.3,multiscale_trees_w1_l-0.03_h0.3,0.3342163826920559
3,1,multiscale_trees,trees,16,-0.3,0.03,multiscale_trees_w16_l-0.3_h0.03,0.324969660804083
3,1,multiscale_trees,trees,16,-0.3,0.1,multiscale_trees_w16_l-0.3_h0.1,0.34472326511562
3,1,multiscale_trees,trees,16,-0.3,0.3,multiscale_trees_w16_l-0.3_h0.3,0.33535640343093764
3,1,multiscale_trees,trees,16,-0.1,0.03,multiscale_trees_w16_l-0.1_h0.03,0.32572216567909323
3,1,multiscale_trees,trees,16,-0.1,0.1,multiscale_trees_w16_l-0.1_h0.1,0.3454757699906302
3,1,multiscale_trees,trees,16,-0.1,0.3,multiscale_trees_w16_l-0.1_h0.3,0.33610890830594775
3,1,multiscale_trees,trees,16,-0.03,0.03,multiscale_trees_w16_l-0.03_h0.03,0.3151576562450752
3,1,multiscale_trees,trees,16,-0.03,0.1,multiscale_trees_w16_l-0.03_h0.1,0.33491126055661213
3,1,multiscale_trees,trees,16,-0.03,0.3,multiscale_trees_w16_l-0.03_h0.3,0.32554439887192976
3,1,relative_ridge,ridge,1,-0.3,0.03,relative_ridge_w1_l-0.3_h0.03,0.3508495629130475
3,1,relative_ridge,ridge,1,-0.3,0.1,relative_ridge_w1_l-0.3_h0.1,0.3437730390605105
3,1,relative_ridge,ridge,1,-0.3,0.3,relative_ridge_w1_l-0.3_h0.3,0.3413920667839331
3,1,relative_ridge,ridge,1,-0.1,0.03,relative_ridge_w1_l-0.1_h0.03,0.35965977465394083
3,1,relative_ridge,ridge,1,-0.1,0.1,relative_ridge_w1_l-0.1_h0.1,0.3525832508014039
3,1,relative_ridge,ridge,1,-0.1,0.3,relative_ridge_w1_l-0.1_h0.3,0.35020227852482655
3,1,relative_ridge,ridge,1,-0.03,0.03,relative_ridge_w1_l-0.03_h0.03,0.3597641454088469
3,1,relative_ridge,ridge,1,-0.03,0.1,relative_ridge_w1_l-0.03_h0.1,0.35268762155631
3,1,relative_ridge,ridge,1,-0.03,0.3,relative_ridge_w1_l-0.03_h0.3,0.3503066492797326
3,1,relative_ridge,ridge,16,-0.3,0.03,relative_ridge_w16_l-0.3_h0.03,0.34232213324348126
3,1,relative_ridge,ridge,16,-0.3,0.1,relative_ridge_w16_l-0.3_h0.1,0.34112308159490773
3,1,relative_ridge,ridge,16,-0.3,0.3,relative_ridge_w16_l-0.3_h0.3,0.34493422086840936
3,1,relative_ridge,ridge,16,-0.1,0.03,relative_ridge_w16_l-0.1_h0.03,0.3444433885250922
3,1,relative_ridge,ridge,16,-0.1,0.1,relative_ridge_w16_l-0.1_h0.1,0.3432443368765187
3,1,relative_ridge,ridge,16,-0.1,0.3,relative_ridge_w16_l-0.1_h0.3,0.3470554761500202
3,1,relative_ridge,ridge,16,-0.03,0.03,relative_ridge_w16_l-0.03_h0.03,0.3527037144863604
3,1,relative_ridge,ridge,16,-0.03,0.1,relative_ridge_w16_l-0.03_h0.1,0.35150466283778686
3,1,relative_ridge,ridge,16,-0.03,0.3,relative_ridge_w16_l-0.03_h0.3,0.35531580211128844
3,1,relative_rbf,rbf,1,-0.3,0.03,relative_rbf_w1_l-0.3_h0.03,0.3371118684679998
3,1,relative_rbf,rbf,1,-0.3,0.1,relative_rbf_w1_l-0.3_h0.1,0.3325822075216649
3,1,relative_rbf,rbf,1,-0.3,0.3,relative_rbf_w1_l-0.3_h0.3,0.3384270809516975
3,1,relative_rbf,rbf,1,-0.1,0.03,relative_rbf_w1_l-0.1_h0.03,0.34043193696594554
3,1,relative_rbf,rbf,1,-0.1,0.1,relative_rbf_w1_l-0.1_h0.1,0.3359022760196106
3,1,relative_rbf,rbf,1,-0.1,0.3,relative_rbf_w1_l-0.1_h0.3,0.34174714944964324
3,1,relative_rbf,rbf,1,-0.03,0.03,relative_rbf_w1_l-0.03_h0.03,0.3489227095350358
3,1,relative_rbf,rbf,1,-0.03,0.1,relative_rbf_w1_l-0.03_h0.1,0.34439304858870096
3,1,relative_rbf,rbf,1,-0.03,0.3,relative_rbf_w1_l-0.03_h0.3,0.35023792201873355
3,1,relative_rbf,rbf,16,-0.3,0.03,relative_rbf_w16_l-0.3_h0.03,0.3379582009228321
3,1,relative_rbf,rbf,16,-0.3,0.1,relative_rbf_w16_l-0.3_h0.1,0.33157411171338513
3,1,relative_rbf,rbf,16,-0.3,0.3,relative_rbf_w16_l-0.3_h0.3,0.3355104234878214
3,1,relative_rbf,rbf,16,-0.1,0.03,relative_rbf_w16_l-0.1_h0.03,0.33720016385990215
3,1,relative_rbf,rbf,16,-0.1,0.1,relative_rbf_w16_l-0.1_h0.1,0.3308160746504552
3,1,relative_rbf,rbf,16,-0.1,0.3,relative_rbf_w16_l-0.1_h0.3,0.3347523864248914
3,1,relative_rbf,rbf,16,-0.03,0.03,relative_rbf_w16_l-0.03_h0.03,0.34804176320280583
3,1,relative_rbf,rbf,16,-0.03,0.1,relative_rbf_w16_l-0.03_h0.1,0.341657673993359
3,1,relative_rbf,rbf,16,-0.03,0.3,relative_rbf_w16_l-0.03_h0.3,0.34559398576779515
3,1,relative_hgb,hgb,1,-0.3,0.03,relative_hgb_w1_l-0.3_h0.03,0.3287583264769683
3,1,relative_hgb,hgb,1,-0.3,0.1,relative_hgb_w1_l-0.3_h0.1,0.32889862812807996
3,1,relative_hgb,hgb,1,-0.3,0.3,relative_hgb_w1_l-0.3_h0.3,0.3323185900317624
3,1,relative_hgb,hgb,1,-0.1,0.03,relative_hgb_w1_l-0.1_h0.03,0.3271374071894141
3,1,relative_hgb,hgb,1,-0.1,0.1,relative_hgb_w1_l-0.1_h0.1,0.32727770884052565
3,1,relative_hgb,hgb,1,-0.1,0.3,relative_hgb_w1_l-0.1_h0.3,0.3306976707442082
3,1,relative_hgb,hgb,1,-0.03,0.03,relative_hgb_w1_l-0.03_h0.03,0.3323805912896974
3,1,relative_hgb,hgb,1,-0.03,0.1,relative_hgb_w1_l-0.03_h0.1,0.33252089294080905
3,1,relative_hgb,hgb,1,-0.03,0.3,relative_hgb_w1_l-0.03_h0.3,0.33594085484449154
3,1,relative_hgb,hgb,16,-0.3,0.03,relative_hgb_w16_l-0.3_h0.03,0.3331000943104645
3,1,relative_hgb,hgb,16,-0.3,0.1,relative_hgb_w16_l-0.3_h0.1,0.32168652521390834
3,1,relative_hgb,hgb,16,-0.3,0.3,relative_hgb_w16_l-0.3_h0.3,0.32839628781398966
3,1,relative_hgb,hgb,16,-0.1,0.03,relative_hgb_w16_l-0.1_h0.03,0.3335035504889487
3,1,relative_hgb,hgb,16,-0.1,0.1,relative_hgb_w16_l-0.1_h0.1,0.3220899813923926
3,1,relative_hgb,hgb,16,-0.1,0.3,relative_hgb_w16_l-0.1_h0.3,0.3287997439924739
3,1,relative_hgb,hgb,16,-0.03,0.03,relative_hgb_w16_l-0.03_h0.03,0.3410995475671175
3,1,relative_hgb,hgb,16,-0.03,0.1,relative_hgb_w16_l-0.03_h0.1,0.3296859784705614
3,1,relative_hgb,hgb,16,-0.03,0.3,relative_hgb_w16_l-0.03_h0.3,0.3363957410706427
3,1,relative_trees,trees,1,-0.3,0.03,relative_trees_w1_l-0.3_h0.03,0.3451181170674443
3,1,relative_trees,trees,1,-0.3,0.1,relative_trees_w1_l-0.3_h0.1,0.33255908504441767
3,1,relative_trees,trees,1,-0.3,0.3,relative_trees_w1_l-0.3_h0.3,0.33646355436185527
3,1,relative_trees,trees,1,-0.1,0.03,relative_trees_w1_l-0.1_h0.03,0.345528882803468
3,1,relative_trees,trees,1,-0.1,0.1,relative_trees_w1_l-0.1_h0.1,0.33296985078044145
3,1,relative_trees,trees,1,-0.1,0.3,relative_trees_w1_l-0.1_h0.3,0.33687432009787904
3,1,relative_trees,trees,1,-0.03,0.03,relative_trees_w1_l-0.03_h0.03,0.34357589870812133
3,1,relative_trees,trees,1,-0.03,0.1,relative_trees_w1_l-0.03_h0.1,0.3310168666850947
3,1,relative_trees,trees,1,-0.03,0.3,relative_trees_w1_l-0.03_h0.3,0.3349213360025324
3,1,relative_trees,trees,16,-0.3,0.03,relative_trees_w16_l-0.3_h0.03,0.3455127282637498
3,1,relative_trees,trees,16,-0.3,0.1,relative_trees_w16_l-0.3_h0.1,0.3273166917087118
3,1,relative_trees,trees,16,-0.3,0.3,relative_trees_w16_l-0.3_h0.3,0.33360544217687077
3,1,relative_trees,trees,16,-0.1,0.03,relative_trees_w16_l-0.1_h0.03,0.3449900251423433
3,1,relative_trees,trees,16,-0.1,0.1,relative_trees_w16_l-0.1_h0.1,0.32679398858730524
3,1,relative_trees,trees,16,-0.1,0.3,relative_trees_w16_l-0.1_h0.3,0.3330827390554642
3,1,relative_trees,trees,16,-0.03,0.03,relative_trees_w16_l-0.03_h0.03,0.3408626656432349
3,1,relative_trees,trees,16,-0.03,0.1,relative_trees_w16_l-0.03_h0.1,0.32266662908819693
3,1,relative_trees,trees,16,-0.03,0.3,relative_trees_w16_l-0.03_h0.3,0.3289553795563559
3,2,current_ridge,ridge,1,-0.3,0.03,current_ridge_w1_l-0.3_h0.03,0.3303350339545644
3,2,current_ridge,ridge,1,-0.3,0.1,current_ridge_w1_l-0.3_h0.1,0.32572836095022834
3,2,current_ridge,ridge,1,-0.3,0.3,current_ridge_w1_l-0.3_h0.3,0.3282869299219568
3,2,current_ridge,ridge,1,-0.1,0.03,current_ridge_w1_l-0.1_h0.03,0.32646319938066
3,2,current_ridge,ridge,1,-0.1,0.1,current_ridge_w1_l-0.1_h0.1,0.3218565263763239
3,2,current_ridge,ridge,1,-0.1,0.3,current_ridge_w1_l-0.1_h0.3,0.32441509534805235
3,2,current_ridge,ridge,1,-0.03,0.03,current_ridge_w1_l-0.03_h0.03,0.32465759884637607
3,2,current_ridge,ridge,1,-0.03,0.1,current_ridge_w1_l-0.03_h0.1,0.32005092584204
3,2,current_ridge,ridge,1,-0.03,0.3,current_ridge_w1_l-0.03_h0.3,0.3226094948137685
3,2,current_ridge,ridge,16,-0.3,0.03,current_ridge_w16_l-0.3_h0.03,0.32327161493935264
3,2,current_ridge,ridge,16,-0.3,0.1,current_ridge_w16_l-0.3_h0.1,0.3203640621567083
3,2,current_ridge,ridge,16,-0.3,0.3,current_ridge_w16_l-0.3_h0.3,0.3308411428118507
3,2,current_ridge,ridge,16,-0.1,0.03,current_ridge_w16_l-0.1_h0.03,0.31611806358503725
3,2,current_ridge,ridge,16,-0.1,0.1,current_ridge_w16_l-0.1_h0.1,0.31321051080239287
3,2,current_ridge,ridge,16,-0.1,0.3,current_ridge_w16_l-0.1_h0.3,0.3236875914575353
3,2,current_ridge,ridge,16,-0.03,0.03,current_ridge_w16_l-0.03_h0.03,0.3299438999538695
3,2,current_ridge,ridge,16,-0.03,0.1,current_ridge_w16_l-0.03_h0.1,0.32703634717122515
3,2,current_ridge,ridge,16,-0.03,0.3,current_ridge_w16_l-0.03_h0.3,0.33751342782636756
3,2,current_rbf,rbf,1,-0.3,0.03,current_rbf_w1_l-0.3_h0.03,0.3333964300939931
3,2,current_rbf,rbf,1,-0.3,0.1,current_rbf_w1_l-0.3_h0.1,0.32622996591040443
3,2,current_rbf,rbf,1,-0.3,0.3,current_rbf_w1_l-0.3_h0.3,0.33104935182800804
3,2,current_rbf,rbf,1,-0.1,0.03,current_rbf_w1_l-0.1_h0.03,0.3303381947774121
3,2,current_rbf,rbf,1,-0.1,0.1,current_rbf_w1_l-0.1_h0.1,0.32317173059382337
3,2,current_rbf,rbf,1,-0.1,0.3,current_rbf_w1_l-0.1_h0.3,0.327991116511427
3,2,current_rbf,rbf,1,-0.03,0.03,current_rbf_w1_l-0.03_h0.03,0.3362188664020885
3,2,current_rbf,rbf,1,-0.03,0.1,current_rbf_w1_l-0.03_h0.1,0.3290524022184998
3,2,current_rbf,rbf,1,-0.03,0.3,current_rbf_w1_l-0.03_h0.3,0.33387178813610335
3,2,current_rbf,rbf,16,-0.3,0.03,current_rbf_w16_l-0.3_h0.03,0.31849391570246
3,2,current_rbf,rbf,16,-0.3,0.1,current_rbf_w16_l-0.3_h0.1,0.3186118603329645
3,2,current_rbf,rbf,16,-0.3,0.3,current_rbf_w16_l-0.3_h0.3,0.3336000401148214
3,2,current_rbf,rbf,16,-0.1,0.03,current_rbf_w16_l-0.1_h0.03,0.31780360034444777
3,2,current_rbf,rbf,16,-0.1,0.1,current_rbf_w16_l-0.1_h0.1,0.3179215449749523
3,2,current_rbf,rbf,16,-0.1,0.3,current_rbf_w16_l-0.1_h0.3,0.3329097247568092
3,2,current_rbf,rbf,16,-0.03,0.03,current_rbf_w16_l-0.03_h0.03,0.32314545805174655
3,2,current_rbf,rbf,16,-0.03,0.1,current_rbf_w16_l-0.03_h0.1,0.323263402682251
3,2,current_rbf,rbf,16,-0.03,0.3,current_rbf_w16_l-0.03_h0.3,0.33825158246410797
3,2,current_hgb,hgb,1,-0.3,0.03,current_hgb_w1_l-0.3_h0.03,0.340781762552997
3,2,current_hgb,hgb,1,-0.3,0.1,current_hgb_w1_l-0.3_h0.1,0.3357947936282125
3,2,current_hgb,hgb,1,-0.3,0.3,current_hgb_w1_l-0.3_h0.3,0.33674440269712647
3,2,current_hgb,hgb,1,-0.1,0.03,current_hgb_w1_l-0.1_h0.03,0.3410574848944924
3,2,current_hgb,hgb,1,-0.1,0.1,current_hgb_w1_l-0.1_h0.1,0.3360705159697079
3,2,current_hgb,hgb,1,-0.1,0.3,current_hgb_w1_l-0.1_h0.3,0.3370201250386218
3,2,current_hgb,hgb,1,-0.03,0.03,current_hgb_w1_l-0.03_h0.03,0.3267687742500567
3,2,current_hgb,hgb,1,-0.03,0.1,current_hgb_w1_l-0.03_h0.1,0.32178180532527223
3,2,current_hgb,hgb,1,-0.03,0.3,current_hgb_w1_l-0.03_h0.3,0.3227314143941861
3,2,current_hgb,hgb,16,-0.3,0.03,current_hgb_w16_l-0.3_h0.03,0.3306609764803719
3,2,current_hgb,hgb,16,-0.3,0.1,current_hgb_w16_l-0.3_h0.1,0.32560071072249575
3,2,current_hgb,hgb,16,-0.3,0.3,current_hgb_w16_l-0.3_h0.3,0.33422206934095383
3,2,current_hgb,hgb,16,-0.1,0.03,current_hgb_w16_l-0.1_h0.03,0.3315722613197196
3,2,current_hgb,hgb,16,-0.1,0.1,current_hgb_w16_l-0.1_h0.1,0.32651199556184346
3,2,current_hgb,hgb,16,-0.1,0.3,current_hgb_w16_l-0.1_h0.3,0.33513335418030155
3,2,current_hgb,hgb,16,-0.03,0.03,current_hgb_w16_l-0.03_h0.03,0.33017583184152394
3,2,current_hgb,hgb,16,-0.03,0.1,current_hgb_w16_l-0.03_h0.1,0.3251155660836478
3,2,current_hgb,hgb,16,-0.03,0.3,current_hgb_w16_l-0.03_h0.3,0.3337369247021058
3,2,current_trees,trees,1,-0.3,0.03,current_trees_w1_l-0.3_h0.03,0.3248420087509133
3,2,current_trees,trees,1,-0.3,0.1,current_trees_w1_l-0.3_h0.1,0.3299840252135066
3,2,current_trees,trees,1,-0.3,0.3,current_trees_w1_l-0.3_h0.3,0.33329209367964374
3,2,current_trees,trees,1,-0.1,0.03,current_trees_w1_l-0.1_h0.03,0.3270338781910551
3,2,current_trees,trees,1,-0.1,0.1,current_trees_w1_l-0.1_h0.1,0.3321758946536485
3,2,current_trees,trees,1,-0.1,0.3,current_trees_w1_l-0.1_h0.3,0.33548396311978557
3,2,current_trees,trees,1,-0.03,0.03,current_trees_w1_l-0.03_h0.03,0.3246139359065677
3,2,current_trees,trees,1,-0.03,0.1,current_trees_w1_l-0.03_h0.1,0.32975595236916105
3,2,current_trees,trees,1,-0.03,0.3,current_trees_w1_l-0.03_h0.3,0.3330640208352981
3,2,current_trees,trees,16,-0.3,0.03,current_trees_w16_l-0.3_h0.03,0.3222500943435572
3,2,current_trees,trees,16,-0.3,0.1,current_trees_w16_l-0.3_h0.1,0.3307115738443204
3,2,current_trees,trees,16,-0.3,0.3,current_trees_w16_l-0.3_h0.3,0.3333347630771519
3,2,current_trees,trees,16,-0.1,0.03,current_trees_w16_l-0.1_h0.03,0.33367930048542765
3,2,current_trees,trees,16,-0.1,0.1,current_trees_w16_l-0.1_h0.1,0.3421407799861908
3,2,current_trees,trees,16,-0.1,0.3,current_trees_w16_l-0.1_h0.3,0.3447639692190223
3,2,current_trees,trees,16,-0.03,0.03,current_trees_w16_l-0.03_h0.03,0.31298269089667075
3,2,current_trees,trees,16,-0.03,0.1,current_trees_w16_l-0.03_h0.1,0.32144417039743384
3,2,current_trees,trees,16,-0.03,0.3,current_trees_w16_l-0.03_h0.3,0.3240673596302654
3,2,multiscale_ridge,ridge,1,-0.3,0.03,multiscale_ridge_w1_l-0.3_h0.03,0.3542547044466083
3,2,multiscale_ridge,ridge,1,-0.3,0.1,multiscale_ridge_w1_l-0.3_h0.1,0.34544716872077896
3,2,multiscale_ridge,ridge,1,-0.3,0.3,multiscale_ridge_w1_l-0.3_h0.3,0.3431882446746773
3,2,multiscale_ridge,ridge,1,-0.1,0.03,multiscale_ridge_w1_l-0.1_h0.03,0.35081704833397387
3,2,multiscale_ridge,ridge,1,-0.1,0.1,multiscale_ridge_w1_l-0.1_h0.1,0.34200951260814455
3,2,multiscale_ridge,ridge,1,-0.1,0.3,multiscale_ridge_w1_l-0.1_h0.3,0.3397505885620429
3,2,multiscale_ridge,ridge,1,-0.03,0.03,multiscale_ridge_w1_l-0.03_h0.03,0.3374245719166473
3,2,multiscale_ridge,ridge,1,-0.03,0.1,multiscale_ridge_w1_l-0.03_h0.1,0.328617036190818
3,2,multiscale_ridge,ridge,1,-0.03,0.3,multiscale_ridge_w1_l-0.03_h0.3,0.3263581121447164
3,2,multiscale_ridge,ridge,16,-0.3,0.03,multiscale_ridge_w16_l-0.3_h0.03,0.3316914107583034
3,2,multiscale_ridge,ridge,16,-0.3,0.1,multiscale_ridge_w16_l-0.3_h0.1,0.3245556986195405
3,2,multiscale_ridge,ridge,16,-0.3,0.3,multiscale_ridge_w16_l-0.3_h0.3,0.32757894266499116
3,2,multiscale_ridge,ridge,16,-0.1,0.03,multiscale_ridge_w16_l-0.1_h0.03,0.33837674519470273
3,2,multiscale_ridge,ridge,16,-0.1,0.1,multiscale_ridge_w16_l-0.1_h0.1,0.3312410330559399
3,2,multiscale_ridge,ridge,16,-0.1,0.3,multiscale_ridge_w16_l-0.1_h0.3,0.33426427710139056
3,2,multiscale_ridge,ridge,16,-0.03,0.03,multiscale_ridge_w16_l-0.03_h0.03,0.33610528818962554
3,2,multiscale_ridge,ridge,16,-0.03,0.1,multiscale_ridge_w16_l-0.03_h0.1,0.32896957605086263
3,2,multiscale_ridge,ridge,16,-0.03,0.3,multiscale_ridge_w16_l-0.03_h0.3,0.3319928200963133
3,2,multiscale_rbf,rbf,1,-0.3,0.03,multiscale_rbf_w1_l-0.3_h0.03,0.32744353006182036
3,2,multiscale_rbf,rbf,1,-0.3,0.1,multiscale_rbf_w1_l-0.3_h0.1,0.32218238643803254
3,2,multiscale_rbf,rbf,1,-0.3,0.3,multiscale_rbf_w1_l-0.3_h0.3,0.3313142439285851
3,2,multiscale_rbf,rbf,1,-0.1,0.03,multiscale_rbf_w1_l-0.1_h0.03,0.3186445227166102
3,2,multiscale_rbf,rbf,1,-0.1,0.1,multiscale_rbf_w1_l-0.1_h0.1,0.31338337909282243
3,2,multiscale_rbf,rbf,1,-0.1,0.3,multiscale_rbf_w1_l-0.1_h0.3,0.3225152365833751
3,2,multiscale_rbf,rbf,1,-0.03,0.03,multiscale_rbf_w1_l-0.03_h0.03,0.3160558541978098
3,2,multiscale_rbf,rbf,1,-0.03,0.1,multiscale_rbf_w1_l-0.03_h0.1,0.3107947105740221
3,2,multiscale_rbf,rbf,1,-0.03,0.3,multiscale_rbf_w1_l-0.03_h0.3,0.31992656806457465
3,2,multiscale_rbf,rbf,16,-0.3,0.03,multiscale_rbf_w16_l-0.3_h0.03,0.3330375918563857
3,2,multiscale_rbf,rbf,16,-0.3,0.1,multiscale_rbf_w16_l-0.3_h0.1,0.31341925144439664
3,2,multiscale_rbf,rbf,16,-0.3,0.3,multiscale_rbf_w16_l-0.3_h0.3,0.33168438879520945
3,2,multiscale_rbf,rbf,16,-0.1,0.03,multiscale_rbf_w16_l-0.1_h0.03,0.3248288943468542
3,2,multiscale_rbf,rbf,16,-0.1,0.1,multiscale_rbf_w16_l-0.1_h0.1,0.3052105539348652
3,2,multiscale_rbf,rbf,16,-0.1,0.3,multiscale_rbf_w16_l-0.1_h0.3,0.32347569128567794
3,2,multiscale_rbf,rbf,16,-0.03,0.03,multiscale_rbf_w16_l-0.03_h0.03,0.3263179804083492
3,2,multiscale_rbf,rbf,16,-0.03,0.1,multiscale_rbf_w16_l-0.03_h0.1,0.30669963999636013
3,2,multiscale_rbf,rbf,16,-0.03,0.3,multiscale_rbf_w16_l-0.03_h0.3,0.3249647773471729
3,2,multiscale_hgb,hgb,1,-0.3,0.03,multiscale_hgb_w1_l-0.3_h0.03,0.3279824176539899
3,2,multiscale_hgb,hgb,1,-0.3,0.1,multiscale_hgb_w1_l-0.3_h0.1,0.32588723457248475
3,2,multiscale_hgb,hgb,1,-0.3,0.3,multiscale_hgb_w1_l-0.3_h0.3,0.33185410098886403
3,2,multiscale_hgb,hgb,1,-0.1,0.03,multiscale_hgb_w1_l-0.1_h0.03,0.30341605581954434
3,2,multiscale_hgb,hgb,1,-0.1,0.1,multiscale_hgb_w1_l-0.1_h0.1,0.3013208727380391
3,2,multiscale_hgb,hgb,1,-0.1,0.3,multiscale_hgb_w1_l-0.1_h0.3,0.3072877391544185
3,2,multiscale_hgb,hgb,1,-0.03,0.03,multiscale_hgb_w1_l-0.03_h0.03,0.3050827387141397
3,2,multiscale_hgb,hgb,1,-0.03,0.1,multiscale_hgb_w1_l-0.03_h0.1,0.3029875556326345
3,2,multiscale_hgb,hgb,1,-0.03,0.3,multiscale_hgb_w1_l-0.03_h0.3,0.3089544220490139
3,2,multiscale_hgb,hgb,16,-0.3,0.03,multiscale_hgb_w16_l-0.3_h0.03,0.3089049895987167
3,2,multiscale_hgb,hgb,16,-0.3,0.1,multiscale_hgb_w16_l-0.3_h0.1,0.3105613232295539
3,2,multiscale_hgb,hgb,16,-0.3,0.3,multiscale_hgb_w16_l-0.3_h0.3,0.32800181560681296
3,2,multiscale_hgb,hgb,16,-0.1,0.03,multiscale_hgb_w16_l-0.1_h0.03,0.2961569693480227
3,2,multiscale_hgb,hgb,16,-0.1,0.1,multiscale_hgb_w16_l-0.1_h0.1,0.29781330297885994
3,2,multiscale_hgb,hgb,16,-0.1,0.3,multiscale_hgb_w16_l-0.1_h0.3,0.3152537953561189
3,2,multiscale_hgb,hgb,16,-0.03,0.03,multiscale_hgb_w16_l-0.03_h0.03,0.300662032749472
3,2,multiscale_hgb,hgb,16,-0.03,0.1,multiscale_hgb_w16_l-0.03_h0.1,0.3023183663803092
3,2,multiscale_hgb,hgb,16,-0.03,0.3,multiscale_hgb_w16_l-0.03_h0.3,0.3197588587575681
3,2,multiscale_trees,trees,1,-0.3,0.03,multiscale_trees_w1_l-0.3_h0.03,0.32338344653328854
3,2,multiscale_trees,trees,1,-0.3,0.1,multiscale_trees_w1_l-0.3_h0.1,0.3246541766858277
3,2,multiscale_trees,trees,1,-0.3,0.3,multiscale_trees_w1_l-0.3_h0.3,0.33776428256975044
3,2,multiscale_trees,trees,1,-0.1,0.03,multiscale_trees_w1_l-0.1_h0.03,0.31330309050634275
3,2,multiscale_trees,trees,1,-0.1,0.1,multiscale_trees_w1_l-0.1_h0.1,0.3145738206588818
3,2,multiscale_trees,trees,1,-0.1,0.3,multiscale_trees_w1_l-0.1_h0.3,0.3276839265428046
3,2,multiscale_trees,trees,1,-0.03,0.03,multiscale_trees_w1_l-0.03_h0.03,0.2963974569823312
3,2,multiscale_trees,trees,1,-0.03,0.1,multiscale_trees_w1_l-0.03_h0.1,0.29766818713487025
3,2,multiscale_trees,trees,1,-0.03,0.3,multiscale_trees_w1_l-0.03_h0.3,0.31077829301879306
3,2,multiscale_trees,trees,16,-0.3,0.03,multiscale_trees_w16_l-0.3_h0.03,0.3213459426375251
3,2,multiscale_trees,trees,16,-0.3,0.1,multiscale_trees_w16_l-0.3_h0.1,0.3265533692646678
3,2,multiscale_trees,trees,16,-0.3,0.3,multiscale_trees_w16_l-0.3_h0.3,0.3368941126549347
3,2,multiscale_trees,trees,16,-0.1,0.03,multiscale_trees_w16_l-0.1_h0.03,0.31010864466220156
3,2,multiscale_trees,trees,16,-0.1,0.1,multiscale_trees_w16_l-0.1_h0.1,0.3153160712893444
3,2,multiscale_trees,trees,16,-0.1,0.3,multiscale_trees_w16_l-0.1_h0.3,0.32565681467961116
3,2,multiscale_trees,trees,16,-0.03,0.03,multiscale_trees_w16_l-0.03_h0.03,0.2962611215676334
3,2,multiscale_trees,trees,16,-0.03,0.1,multiscale_trees_w16_l-0.03_h0.1,0.30146854819477625
3,2,multiscale_trees,trees,16,-0.03,0.3,multiscale_trees_w16_l-0.03_h0.3,0.31180929158504295
3,2,relative_ridge,ridge,1,-0.3,0.03,relative_ridge_w1_l-0.3_h0.03,0.3494866806017918
3,2,relative_ridge,ridge,1,-0.3,0.1,relative_ridge_w1_l-0.3_h0.1,0.34040201960417193
3,2,relative_ridge,ridge,1,-0.3,0.3,relative_ridge_w1_l-0.3_h0.3,0.3362878535199473
3,2,relative_ridge,ridge,1,-0.1,0.03,relative_ridge_w1_l-0.1_h0.03,0.356712775939689
3,2,relative_ridge,ridge,1,-0.1,0.1,relative_ridge_w1_l-0.1_h0.1,0.34762811494206913
3,2,relative_ridge,ridge,1,-0.1,0.3,relative_ridge_w1_l-0.1_h0.3,0.3435139488578444
3,2,relative_ridge,ridge,1,-0.03,0.03,relative_ridge_w1_l-0.03_h0.03,0.3534840913853536
3,2,relative_ridge,ridge,1,-0.03,0.1,relative_ridge_w1_l-0.03_h0.1,0.3443994303877337
3,2,relative_ridge,ridge,1,-0.03,0.3,relative_ridge_w1_l-0.03_h0.3,0.34028526430350897
3,2,relative_ridge,ridge,16,-0.3,0.03,relative_ridge_w16_l-0.3_h0.03,0.34696557148506363
3,2,relative_ridge,ridge,16,-0.3,0.1,relative_ridge_w16_l-0.3_h0.1,0.32830931098273447
3,2,relative_ridge,ridge,16,-0.3,0.3,relative_ridge_w16_l-0.3_h0.3,0.3393068315647528
3,2,relative_ridge,ridge,16,-0.1,0.03,relative_ridge_w16_l-0.1_h0.03,0.36057245087160916
3,2,relative_ridge,ridge,16,-0.1,0.1,relative_ridge_w16_l-0.1_h0.1,0.34191619036927995
3,2,relative_ridge,ridge,16,-0.1,0.3,relative_ridge_w16_l-0.1_h0.3,0.35291371095129814
3,2,relative_ridge,ridge,16,-0.03,0.03,relative_ridge_w16_l-0.03_h0.03,0.345562724990094
3,2,relative_ridge,ridge,16,-0.03,0.1,relative_ridge_w16_l-0.03_h0.1,0.3269064644877648
3,2,relative_ridge,ridge,16,-0.03,0.3,relative_ridge_w16_l-0.03_h0.3,0.337903985069783
3,2,relative_rbf,rbf,1,-0.3,0.03,relative_rbf_w1_l-0.3_h0.03,0.34522164948932155
3,2,relative_rbf,rbf,1,-0.3,0.1,relative_rbf_w1_l-0.3_h0.1,0.3397536109297796
3,2,relative_rbf,rbf,1,-0.3,0.3,relative_rbf_w1_l-0.3_h0.3,0.3371348702522438
3,2,relative_rbf,rbf,1,-0.1,0.03,relative_rbf_w1_l-0.1_h0.03,0.3560414332792714
3,2,relative_rbf,rbf,1,-0.1,0.1,relative_rbf_w1_l-0.1_h0.1,0.3505733947197295
3,2,relative_rbf,rbf,1,-0.1,0.3,relative_rbf_w1_l-0.1_h0.3,0.3479546540421937
3,2,relative_rbf,rbf,1,-0.03,0.03,relative_rbf_w1_l-0.03_h0.03,0.3501130485544145
3,2,relative_rbf,rbf,1,-0.03,0.1,relative_rbf_w1_l-0.03_h0.1,0.34464500999487263
3,2,relative_rbf,rbf,1,-0.03,0.3,relative_rbf_w1_l-0.03_h0.3,0.3420262693173369
3,2,relative_rbf,rbf,16,-0.3,0.03,relative_rbf_w16_l-0.3_h0.03,0.35135864382793036
3,2,relative_rbf,rbf,16,-0.3,0.1,relative_rbf_w16_l-0.3_h0.1,0.3256838772927938
3,2,relative_rbf,rbf,16,-0.3,0.3,relative_rbf_w16_l-0.3_h0.3,0.33477875186417905
3,2,relative_rbf,rbf,16,-0.1,0.03,relative_rbf_w16_l-0.1_h0.03,0.37063371530579214
3,2,relative_rbf,rbf,16,-0.1,0.1,relative_rbf_w16_l-0.1_h0.1,0.3449589487706556
3,2,relative_rbf,rbf,16,-0.1,0.3,relative_rbf_w16_l-0.1_h0.3,0.3540538233420408
3,2,relative_rbf,rbf,16,-0.03,0.03,relative_rbf_w16_l-0.03_h0.03,0.35927093063194787
3,2,relative_rbf,rbf,16,-0.03,0.1,relative_rbf_w16_l-0.03_h0.1,0.3335961640968113
3,2,relative_rbf,rbf,16,-0.03,0.3,relative_rbf_w16_l-0.03_h0.3,0.3426910386681965
3,2,relative_hgb,hgb,1,-0.3,0.03,relative_hgb_w1_l-0.3_h0.03,0.3433746589085321
3,2,relative_hgb,hgb,1,-0.3,0.1,relative_hgb_w1_l-0.3_h0.1,0.3432213890828749
3,2,relative_hgb,hgb,1,-0.3,0.3,relative_hgb_w1_l-0.3_h0.3,0.34409093574449845
3,2,relative_hgb,hgb,1,-0.1,0.03,relative_hgb_w1_l-0.1_h0.03,0.33637360776982445
3,2,relative_hgb,hgb,1,-0.1,0.1,relative_hgb_w1_l-0.1_h0.1,0.33622033794416734
3,2,relative_hgb,hgb,1,-0.1,0.3,relative_hgb_w1_l-0.1_h0.3,0.33708988460579076
3,2,relative_hgb,hgb,1,-0.03,0.03,relative_hgb_w1_l-0.03_h0.03,0.3371532077266972
3,2,relative_hgb,hgb,1,-0.03,0.1,relative_hgb_w1_l-0.03_h0.1,0.33699993790104005
3,2,relative_hgb,hgb,1,-0.03,0.3,relative_hgb_w1_l-0.03_h0.3,0.3378694845626636
3,2,relative_hgb,hgb,16,-0.3,0.03,relative_hgb_w16_l-0.3_h0.03,0.33377045850978576
3,2,relative_hgb,hgb,16,-0.3,0.1,relative_hgb_w16_l-0.3_h0.1,0.3318279519355834
3,2,relative_hgb,hgb,16,-0.3,0.3,relative_hgb_w16_l-0.3_h0.3,0.33154026259561686
3,2,relative_hgb,hgb,16,-0.1,0.03,relative_hgb_w16_l-0.1_h0.03,0.33632248487426486
3,2,relative_hgb,hgb,16,-0.1,0.1,relative_hgb_w16_l-0.1_h0.1,0.3343799783000624
3,2,relative_hgb,hgb,16,-0.1,0.3,relative_hgb_w16_l-0.1_h0.3,0.3340922889600959
3,2,relative_hgb,hgb,16,-0.03,0.03,relative_hgb_w16_l-0.03_h0.03,0.3220514943583051
3,2,relative_hgb,hgb,16,-0.03,0.1,relative_hgb_w16_l-0.03_h0.1,0.3201089877841027
3,2,relative_hgb,hgb,16,-0.03,0.3,relative_hgb_w16_l-0.03_h0.3,0.3198212984441362
3,2,relative_trees,trees,1,-0.3,0.03,relative_trees_w1_l-0.3_h0.03,0.3455605407006708
3,2,relative_trees,trees,1,-0.3,0.1,relative_trees_w1_l-0.3_h0.1,0.3387852050697733
3,2,relative_trees,trees,1,-0.3,0.3,relative_trees_w1_l-0.3_h0.3,0.33221746414850145
3,2,relative_trees,trees,1,-0.1,0.03,relative_trees_w1_l-0.1_h0.03,0.3515977540420637
3,2,relative_trees,trees,1,-0.1,0.1,relative_trees_w1_l-0.1_h0.1,0.3448224184111661
3,2,relative_trees,trees,1,-0.1,0.3,relative_trees_w1_l-0.1_h0.3,0.33825467748989435
3,2,relative_trees,trees,1,-0.03,0.03,relative_trees_w1_l-0.03_h0.03,0.35864127088055703
3,2,relative_trees,trees,1,-0.03,0.1,relative_trees_w1_l-0.03_h0.1,0.3518659352496594
3,2,relative_trees,trees,1,-0.03,0.3,relative_trees_w1_l-0.03_h0.3,0.3452981943283877
3,2,relative_trees,trees,16,-0.3,0.03,relative_trees_w16_l-0.3_h0.03,0.3551259348884101
3,2,relative_trees,trees,16,-0.3,0.1,relative_trees_w16_l-0.3_h0.1,0.331373396071412
3,2,relative_trees,trees,16,-0.3,0.3,relative_trees_w16_l-0.3_h0.3,0.3338395803886918
3,2,relative_trees,trees,16,-0.1,0.03,relative_trees_w16_l-0.1_h0.03,0.3513513954182405
3,2,relative_trees,trees,16,-0.1,0.1,relative_trees_w16_l-0.1_h0.1,0.3275988566012424
3,2,relative_trees,trees,16,-0.1,0.3,relative_trees_w16_l-0.1_h0.3,0.3300650409185223
3,2,relative_trees,trees,16,-0.03,0.03,relative_trees_w16_l-0.03_h0.03,0.36256140838314904
3,2,relative_trees,trees,16,-0.03,0.1,relative_trees_w16_l-0.03_h0.1,0.33880886956615097
3,2,relative_trees,trees,16,-0.03,0.3,relative_trees_w16_l-0.03_h0.3,0.34127505388343077
3,3,current_ridge,ridge,1,-0.3,0.03,current_ridge_w1_l-0.3_h0.03,0.30557240875076025
3,3,current_ridge,ridge,1,-0.3,0.1,current_ridge_w1_l-0.3_h0.1,0.2872427108481642
3,3,current_ridge,ridge,1,-0.3,0.3,current_ridge_w1_l-0.3_h0.3,0.2777777777777778
3,3,current_ridge,ridge,1,-0.1,0.03,current_ridge_w1_l-0.1_h0.03,0.31040307755745983
3,3,current_ridge,ridge,1,-0.1,0.1,current_ridge_w1_l-0.1_h0.1,0.29207337965486385
3,3,current_ridge,ridge,1,-0.1,0.3,current_ridge_w1_l-0.1_h0.3,0.28260844658447737
3,3,current_ridge,ridge,1,-0.03,0.03,current_ridge_w1_l-0.03_h0.03,0.3262308849495469
3,3,current_ridge,ridge,1,-0.03,0.1,current_ridge_w1_l-0.03_h0.1,0.30790118704695096
3,3,current_ridge,ridge,1,-0.03,0.3,current_ridge_w1_l-0.03_h0.3,0.2984362539765645
3,3,current_ridge,ridge,16,-0.3,0.03,current_ridge_w16_l-0.3_h0.03,0.2990448218743413
3,3,current_ridge,ridge,16,-0.3,0.1,current_ridge_w16_l-0.3_h0.1,0.2784911751646201
3,3,current_ridge,ridge,16,-0.3,0.3,current_ridge_w16_l-0.3_h0.3,0.2777777777777778
3,3,current_ridge,ridge,16,-0.1,0.03,current_ridge_w16_l-0.1_h0.03,0.3024119477903474
3,3,current_ridge,ridge,16,-0.1,0.1,current_ridge_w16_l-0.1_h0.1,0.28185830108062615
3,3,current_ridge,ridge,16,-0.1,0.3,current_ridge_w16_l-0.1_h0.3,0.28114490369378387
3,3,current_ridge,ridge,16,-0.03,0.03,current_ridge_w16_l-0.03_h0.03,0.3130582017855865
3,3,current_ridge,ridge,16,-0.03,0.1,current_ridge_w16_l-0.03_h0.1,0.29250455507586526
3,3,current_ridge,ridge,16,-0.03,0.3,current_ridge_w16_l-0.03_h0.3,0.291791157689023
3,3,current_rbf,rbf,1,-0.3,0.03,current_rbf_w1_l-0.3_h0.03,0.3257045645240607
3,3,current_rbf,rbf,1,-0.3,0.1,current_rbf_w1_l-0.3_h0.1,0.2959845217464948
3,3,current_rbf,rbf,1,-0.3,0.3,current_rbf_w1_l-0.3_h0.3,0.26898895463318084
3,3,current_rbf,rbf,1,-0.1,0.03,current_rbf_w1_l-0.1_h0.03,0.34107069388044253
3,3,current_rbf,rbf,1,-0.1,0.1,current_rbf_w1_l-0.1_h0.1,0.31135065110287674
3,3,current_rbf,rbf,1,-0.1,0.3,current_rbf_w1_l-0.1_h0.3,0.28435508398956266
3,3,current_rbf,rbf,1,-0.03,0.03,current_rbf_w1_l-0.03_h0.03,0.3526595859806296
3,3,current_rbf,rbf,1,-0.03,0.1,current_rbf_w1_l-0.03_h0.1,0.32293954320306373
3,3,current_rbf,rbf,1,-0.03,0.3,current_rbf_w1_l-0.03_h0.3,0.2959439760897497
3,3,current_rbf,rbf,16,-0.3,0.03,current_rbf_w16_l-0.3_h0.03,0.309845167989019
3,3,current_rbf,rbf,16,-0.3,0.1,current_rbf_w16_l-0.3_h0.1,0.2758324649976804
3,3,current_rbf,rbf,16,-0.3,0.3,current_rbf_w16_l-0.3_h0.3,0.26979159070616116
3,3,current_rbf,rbf,16,-0.1,0.03,current_rbf_w16_l-0.1_h0.03,0.306930891125082
3,3,current_rbf,rbf,16,-0.1,0.1,current_rbf_w16_l-0.1_h0.1,0.27291818813374336
3,3,current_rbf,rbf,16,-0.1,0.3,current_rbf_w16_l-0.1_h0.3,0.2668773138422242
3,3,current_rbf,rbf,16,-0.03,0.03,current_rbf_w16_l-0.03_h0.03,0.33134555526646525
3,3,current_rbf,rbf,16,-0.03,0.1,current_rbf_w16_l-0.03_h0.1,0.2973328522751267
3,3,current_rbf,rbf,16,-0.03,0.3,current_rbf_w16_l-0.03_h0.3,0.29129197798360745
3,3,current_hgb,hgb,1,-0.3,0.03,current_hgb_w1_l-0.3_h0.03,0.32203498999028873
3,3,current_hgb,hgb,1,-0.3,0.1,current_hgb_w1_l-0.3_h0.1,0.2991089929207886
3,3,current_hgb,hgb,1,-0.3,0.3,current_hgb_w1_l-0.3_h0.3,0.2681807480503552
3,3,current_hgb,hgb,1,-0.1,0.03,current_hgb_w1_l-0.1_h0.03,0.3339322800700544
3,3,current_hgb,hgb,1,-0.1,0.1,current_hgb_w1_l-0.1_h0.1,0.3110062830005543
3,3,current_hgb,hgb,1,-0.1,0.3,current_hgb_w1_l-0.1_h0.3,0.28007803813012094
3,3,current_hgb,hgb,1,-0.03,0.03,current_hgb_w1_l-0.03_h0.03,0.34982752567367853
3,3,current_hgb,hgb,1,-0.03,0.1,current_hgb_w1_l-0.03_h0.1,0.32690152860417837
3,3,current_hgb,hgb,1,-0.03,0.3,current_hgb_w1_l-0.03_h0.3,0.29597328373374493
3,3,current_hgb,hgb,16,-0.3,0.03,current_hgb_w16_l-0.3_h0.03,0.3218519419521394
3,3,current_hgb,hgb,16,-0.3,0.1,current_hgb_w16_l-0.3_h0.1,0.28837070869903975
3,3,current_hgb,hgb,16,-0.3,0.3,current_hgb_w16_l-0.3_h0.3,0.27118739045021584
3,3,current_hgb,hgb,16,-0.1,0.03,current_hgb_w16_l-0.1_h0.03,0.3308856851980946
3,3,current_hgb,hgb,16,-0.1,0.1,current_hgb_w16_l-0.1_h0.1,0.2974044519449949
3,3,current_hgb,hgb,16,-0.1,0.3,current_hgb_w16_l-0.1_h0.3,0.28022113369617097
3,3,current_hgb,hgb,16,-0.03,0.03,current_hgb_w16_l-0.03_h0.03,0.33824330594596014
3,3,current_hgb,hgb,16,-0.03,0.1,current_hgb_w16_l-0.03_h0.1,0.3047620726928604
3,3,current_hgb,hgb,16,-0.03,0.3,current_hgb_w16_l-0.03_h0.3,0.28757875444403647
3,3,current_trees,trees,1,-0.3,0.03,current_trees_w1_l-0.3_h0.03,0.33065326984274707
3,3,current_trees,trees,1,-0.3,0.1,current_trees_w1_l-0.3_h0.1,0.28183281025167517
3,3,current_trees,trees,1,-0.3,0.3,current_trees_w1_l-0.3_h0.3,0.2777777777777778
3,3,current_trees,trees,1,-0.1,0.03,current_trees_w1_l-0.1_h0.03,0.3291943312738749
3,3,current_trees,trees,1,-0.1,0.1,current_trees_w1_l-0.1_h0.1,0.280373871682803
3,3,current_trees,trees,1,-0.1,0.3,current_trees_w1_l-0.1_h0.3,0.2763188392089056
3,3,current_trees,trees,1,-0.03,0.03,current_trees_w1_l-0.03_h0.03,0.3352129769874379
3,3,current_trees,trees,1,-0.03,0.1,current_trees_w1_l-0.03_h0.1,0.28639251739636606
3,3,current_trees,trees,1,-0.03,0.3,current_trees_w1_l-0.03_h0.3,0.2823374849224687
3,3,current_trees,trees,16,-0.3,0.03,current_trees_w16_l-0.3_h0.03,0.3028427029397111
3,3,current_trees,trees,16,-0.3,0.1,current_trees_w16_l-0.3_h0.1,0.2666913115562128
3,3,current_trees,trees,16,-0.3,0.3,current_trees_w16_l-0.3_h0.3,0.2777777777777778
3,3,current_trees,trees,16,-0.1,0.03,current_trees_w16_l-0.1_h0.03,0.29774856672525407
3,3,current_trees,trees,16,-0.1,0.1,current_trees_w16_l-0.1_h0.1,0.26159717534175564
3,3,current_trees,trees,16,-0.1,0.3,current_trees_w16_l-0.1_h0.3,0.27268364156332064
3,3,current_trees,trees,16,-0.03,0.03,current_trees_w16_l-0.03_h0.03,0.29262268566062727
3,3,current_trees,trees,16,-0.03,0.1,current_trees_w16_l-0.03_h0.1,0.2564712942771289
3,3,current_trees,trees,16,-0.03,0.3,current_trees_w16_l-0.03_h0.3,0.26755776049869395
3,3,multiscale_ridge,ridge,1,-0.3,0.03,multiscale_ridge_w1_l-0.3_h0.03,0.3492219119324254
3,3,multiscale_ridge,ridge,1,-0.3,0.1,multiscale_ridge_w1_l-0.3_h0.1,0.33102516917260344
3,3,multiscale_ridge,ridge,1,-0.3,0.3,multiscale_ridge_w1_l-0.3_h0.3,0.2952280786462406
3,3,multiscale_ridge,ridge,1,-0.1,0.03,multiscale_ridge_w1_l-0.1_h0.03,0.3826040641308797
3,3,multiscale_ridge,ridge,1,-0.1,0.1,multiscale_ridge_w1_l-0.1_h0.1,0.36440732137105786
3,3,multiscale_ridge,ridge,1,-0.1,0.3,multiscale_ridge_w1_l-0.1_h0.3,0.32861023084469493
3,3,multiscale_ridge,ridge,1,-0.03,0.03,multiscale_ridge_w1_l-0.03_h0.03,0.39755012816467744
3,3,multiscale_ridge,ridge,1,-0.03,0.1,multiscale_ridge_w1_l-0.03_h0.1,0.37935338540485547
3,3,multiscale_ridge,ridge,1,-0.03,0.3,multiscale_ridge_w1_l-0.03_h0.3,0.34355629487849265
3,3,multiscale_ridge,ridge,16,-0.3,0.03,multiscale_ridge_w16_l-0.3_h0.03,0.3391911022858837
3,3,multiscale_ridge,ridge,16,-0.3,0.1,multiscale_ridge_w16_l-0.3_h0.1,0.32308790964758416
3,3,multiscale_ridge,ridge,16,-0.3,0.3,multiscale_ridge_w16_l-0.3_h0.3,0.27899478251437954
3,3,multiscale_ridge,ridge,16,-0.1,0.03,multiscale_ridge_w16_l-0.1_h0.03,0.38421200908359227
3,3,multiscale_ridge,ridge,16,-0.1,0.1,multiscale_ridge_w16_l-0.1_h0.1,0.36810881644529253
3,3,multiscale_ridge,ridge,16,-0.1,0.3,multiscale_ridge_w16_l-0.1_h0.3,0.324015689312088
3,3,multiscale_ridge,ridge,16,-0.03,0.03,multiscale_ridge_w16_l-0.03_h0.03,0.40186713043225125
3,3,multiscale_ridge,ridge,16,-0.03,0.1,multiscale_ridge_w16_l-0.03_h0.1,0.3857639377939516
3,3,multiscale_ridge,ridge,16,-0.03,0.3,multiscale_ridge_w16_l-0.03_h0.3,0.341670810660747
3,3,multiscale_rbf,rbf,1,-0.3,0.03,multiscale_rbf_w1_l-0.3_h0.03,0.3267121423356432
3,3,multiscale_rbf,rbf,1,-0.3,0.1,multiscale_rbf_w1_l-0.3_h0.1,0.3067276536101838
3,3,multiscale_rbf,rbf,1,-0.3,0.3,multiscale_rbf_w1_l-0.3_h0.3,0.2798169287784771
3,3,multiscale_rbf,rbf,1,-0.1,0.03,multiscale_rbf_w1_l-0.1_h0.03,0.33878495680952914
3,3,multiscale_rbf,rbf,1,-0.1,0.1,multiscale_rbf_w1_l-0.1_h0.1,0.3188004680840697
3,3,multiscale_rbf,rbf,1,-0.1,0.3,multiscale_rbf_w1_l-0.1_h0.3,0.291889743252363
3,3,multiscale_rbf,rbf,1,-0.03,0.03,multiscale_rbf_w1_l-0.03_h0.03,0.36453024686938146
3,3,multiscale_rbf,rbf,1,-0.03,0.1,multiscale_rbf_w1_l-0.03_h0.1,0.344545758143922
3,3,multiscale_rbf,rbf,1,-0.03,0.3,multiscale_rbf_w1_l-0.03_h0.3,0.3176350333122154
3,3,multiscale_rbf,rbf,16,-0.3,0.03,multiscale_rbf_w16_l-0.3_h0.03,0.31970551266985364
3,3,multiscale_rbf,rbf,16,-0.3,0.1,multiscale_rbf_w16_l-0.3_h0.1,0.30025341556417107
3,3,multiscale_rbf,rbf,16,-0.3,0.3,multiscale_rbf_w16_l-0.3_h0.3,0.28034682080924855
3,3,multiscale_rbf,rbf,16,-0.1,0.03,multiscale_rbf_w16_l-0.1_h0.03,0.33002383613030284
3,3,multiscale_rbf,rbf,16,-0.1,0.1,multiscale_rbf_w16_l-0.1_h0.1,0.31057173902462026
3,3,multiscale_rbf,rbf,16,-0.1,0.3,multiscale_rbf_w16_l-0.1_h0.3,0.29066514426969775
3,3,multiscale_rbf,rbf,16,-0.03,0.03,multiscale_rbf_w16_l-0.03_h0.03,0.37330682786063907
3,3,multiscale_rbf,rbf,16,-0.03,0.1,multiscale_rbf_w16_l-0.03_h0.1,0.35385473075495655
3,3,multiscale_rbf,rbf,16,-0.03,0.3,multiscale_rbf_w16_l-0.03_h0.3,0.3339481360000339
3,3,multiscale_hgb,hgb,1,-0.3,0.03,multiscale_hgb_w1_l-0.3_h0.03,0.3287458254172535
3,3,multiscale_hgb,hgb,1,-0.3,0.1,multiscale_hgb_w1_l-0.3_h0.1,0.32063873428549683
3,3,multiscale_hgb,hgb,1,-0.3,0.3,multiscale_hgb_w1_l-0.3_h0.3,0.28210764953961637
3,3,multiscale_hgb,hgb,1,-0.1,0.03,multiscale_hgb_w1_l-0.1_h0.03,0.34903389134433765
3,3,multiscale_hgb,hgb,1,-0.1,0.1,multiscale_hgb_w1_l-0.1_h0.1,0.34092680021258104
3,3,multiscale_hgb,hgb,1,-0.1,0.3,multiscale_hgb_w1_l-0.1_h0.3,0.30239571546670047
3,3,multiscale_hgb,hgb,1,-0.03,0.03,multiscale_hgb_w1_l-0.03_h0.03,0.36824217567663947
3,3,multiscale_hgb,hgb,1,-0.03,0.1,multiscale_hgb_w1_l-0.03_h0.1,0.36013508454488286
3,3,multiscale_hgb,hgb,1,-0.03,0.3,multiscale_hgb_w1_l-0.03_h0.3,0.32160399979900234
3,3,multiscale_hgb,hgb,16,-0.3,0.03,multiscale_hgb_w16_l-0.3_h0.03,0.32344033869574745
3,3,multiscale_hgb,hgb,16,-0.3,0.1,multiscale_hgb_w16_l-0.3_h0.1,0.3072126196482057
3,3,multiscale_hgb,hgb,16,-0.3,0.3,multiscale_hgb_w16_l-0.3_h0.3,0.27902837596830327
3,3,multiscale_hgb,hgb,16,-0.1,0.03,multiscale_hgb_w16_l-0.1_h0.03,0.3416096123014545
3,3,multiscale_hgb,hgb,16,-0.1,0.1,multiscale_hgb_w16_l-0.1_h0.1,0.32538189325391265
3,3,multiscale_hgb,hgb,16,-0.1,0.3,multiscale_hgb_w16_l-0.1_h0.3,0.2971976495740102
3,3,multiscale_hgb,hgb,16,-0.03,0.03,multiscale_hgb_w16_l-0.03_h0.03,0.37706829113731777
3,3,multiscale_hgb,hgb,16,-0.03,0.1,multiscale_hgb_w16_l-0.03_h0.1,0.36084057208977594
3,3,multiscale_hgb,hgb,16,-0.03,0.3,multiscale_hgb_w16_l-0.03_h0.3,0.33265632840987347
3,3,multiscale_trees,trees,1,-0.3,0.03,multiscale_trees_w1_l-0.3_h0.03,0.3034733697996772
3,3,multiscale_trees,trees,1,-0.3,0.1,multiscale_trees_w1_l-0.3_h0.1,0.2737433249532156
3,3,multiscale_trees,trees,1,-0.3,0.3,multiscale_trees_w1_l-0.3_h0.3,0.277781577747378
3,3,multiscale_trees,trees,1,-0.1,0.03,multiscale_trees_w1_l-0.1_h0.03,0.32465475726221205
3,3,multiscale_trees,trees,1,-0.1,0.1,multiscale_trees_w1_l-0.1_h0.1,0.29492471241575047
3,3,multiscale_trees,trees,1,-0.1,0.3,multiscale_trees_w1_l-0.1_h0.3,0.2989629652099128
3,3,multiscale_trees,trees,1,-0.03,0.03,multiscale_trees_w1_l-0.03_h0.03,0.3487291888648199
3,3,multiscale_trees,trees,1,-0.03,0.1,multiscale_trees_w1_l-0.03_h0.1,0.3189991440183584
3,3,multiscale_trees,trees,1,-0.03,0.3,multiscale_trees_w1_l-0.03_h0.3,0.3230373968125207
3,3,multiscale_trees,trees,16,-0.3,0.03,multiscale_trees_w16_l-0.3_h0.03,0.2956731456085095
3,3,multiscale_trees,trees,16,-0.3,0.1,multiscale_trees_w16_l-0.3_h0.1,0.2699036438180319
3,3,multiscale_trees,trees,16,-0.3,0.3,multiscale_trees_w16_l-0.3_h0.3,0.2777777777777778
3,3,multiscale_trees,trees,16,-0.1,0.03,multiscale_trees_w16_l-0.1_h0.03,0.3142501126055766
3,3,multiscale_trees,trees,16,-0.1,0.1,multiscale_trees_w16_l-0.1_h0.1,0.288480610815099
3,3,multiscale_trees,trees,16,-0.1,0.3,multiscale_trees_w16_l-0.1_h0.3,0.29635474477484486
3,3,multiscale_trees,trees,16,-0.03,0.03,multiscale_trees_w16_l-0.03_h0.03,0.35936842054569396
3,3,multiscale_trees,trees,16,-0.03,0.1,multiscale_trees_w16_l-0.03_h0.1,0.33359891875521624
3,3,multiscale_trees,trees,16,-0.03,0.3,multiscale_trees_w16_l-0.03_h0.3,0.34147305271496214
3,3,relative_ridge,ridge,1,-0.3,0.03,relative_ridge_w1_l-0.3_h0.03,0.32355273159075326
3,3,relative_ridge,ridge,1,-0.3,0.1,relative_ridge_w1_l-0.3_h0.1,0.31541654125553187
3,3,relative_ridge,ridge,1,-0.3,0.3,relative_ridge_w1_l-0.3_h0.3,0.2988530377853924
3,3,relative_ridge,ridge,1,-0.1,0.03,relative_ridge_w1_l-0.1_h0.03,0.35507823566910657
3,3,relative_ridge,ridge,1,-0.1,0.1,relative_ridge_w1_l-0.1_h0.1,0.3469420453338851
3,3,relative_ridge,ridge,1,-0.1,0.3,relative_ridge_w1_l-0.1_h0.3,0.33037854186374566
3,3,relative_ridge,ridge,1,-0.03,0.03,relative_ridge_w1_l-0.03_h0.03,0.3713992984313357
3,3,relative_ridge,ridge,1,-0.03,0.1,relative_ridge_w1_l-0.03_h0.1,0.36326310809611423
3,3,relative_ridge,ridge,1,-0.03,0.3,relative_ridge_w1_l-0.03_h0.3,0.34669960462597477
3,3,relative_ridge,ridge,16,-0.3,0.03,relative_ridge_w16_l-0.3_h0.03,0.3161261332632313
3,3,relative_ridge,ridge,16,-0.3,0.1,relative_ridge_w16_l-0.3_h0.1,0.30730222146036873
3,3,relative_ridge,ridge,16,-0.3,0.3,relative_ridge_w16_l-0.3_h0.3,0.2755927176862663
3,3,relative_ridge,ridge,16,-0.1,0.03,relative_ridge_w16_l-0.1_h0.03,0.35756296006723776
3,3,relative_ridge,ridge,16,-0.1,0.1,relative_ridge_w16_l-0.1_h0.1,0.34873904826437513
3,3,relative_ridge,ridge,16,-0.1,0.3,relative_ridge_w16_l-0.1_h0.3,0.3170295444902727
3,3,relative_ridge,ridge,16,-0.03,0.03,relative_ridge_w16_l-0.03_h0.03,0.3755034899951715
3,3,relative_ridge,ridge,16,-0.03,0.1,relative_ridge_w16_l-0.03_h0.1,0.3666795781923089
3,3,relative_ridge,ridge,16,-0.03,0.3,relative_ridge_w16_l-0.03_h0.3,0.33497007441820653
3,3,relative_rbf,rbf,1,-0.3,0.03,relative_rbf_w1_l-0.3_h0.03,0.3202677817558654
3,3,relative_rbf,rbf,1,-0.3,0.1,relative_rbf_w1_l-0.3_h0.1,0.3028923358884942
3,3,relative_rbf,rbf,1,-0.3,0.3,relative_rbf_w1_l-0.3_h0.3,0.2789532384389233
3,3,relative_rbf,rbf,1,-0.1,0.03,relative_rbf_w1_l-0.1_h0.03,0.34543346083281856
3,3,relative_rbf,rbf,1,-0.1,0.1,relative_rbf_w1_l-0.1_h0.1,0.3280580149654473
3,3,relative_rbf,rbf,1,-0.1,0.3,relative_rbf_w1_l-0.1_h0.3,0.30411891751587644
3,3,relative_rbf,rbf,1,-0.03,0.03,relative_rbf_w1_l-0.03_h0.03,0.37125785623730917
3,3,relative_rbf,rbf,1,-0.03,0.1,relative_rbf_w1_l-0.03_h0.1,0.35388241036993795
3,3,relative_rbf,rbf,1,-0.03,0.3,relative_rbf_w1_l-0.03_h0.3,0.32994331292036705
3,3,relative_rbf,rbf,16,-0.3,0.03,relative_rbf_w16_l-0.3_h0.03,0.3245120437958274
3,3,relative_rbf,rbf,16,-0.3,0.1,relative_rbf_w16_l-0.3_h0.1,0.30454268707275034
3,3,relative_rbf,rbf,16,-0.3,0.3,relative_rbf_w16_l-0.3_h0.3,0.2771317829457364
3,3,relative_rbf,rbf,16,-0.1,0.03,relative_rbf_w16_l-0.1_h0.03,0.34797930409434635
3,3,relative_rbf,rbf,16,-0.1,0.1,relative_rbf_w16_l-0.1_h0.1,0.32800994737126926
3,3,relative_rbf,rbf,16,-0.1,0.3,relative_rbf_w16_l-0.1_h0.3,0.30059904324425535
3,3,relative_rbf,rbf,16,-0.03,0.03,relative_rbf_w16_l-0.03_h0.03,0.3723878042027061
3,3,relative_rbf,rbf,16,-0.03,0.1,relative_rbf_w16_l-0.03_h0.1,0.35241844747962914
3,3,relative_rbf,rbf,16,-0.03,0.3,relative_rbf_w16_l-0.03_h0.3,0.3250075433526151
3,3,relative_hgb,hgb,1,-0.3,0.03,relative_hgb_w1_l-0.3_h0.03,0.29789301809794994
3,3,relative_hgb,hgb,1,-0.3,0.1,relative_hgb_w1_l-0.3_h0.1,0.29642321040182484
3,3,relative_hgb,hgb,1,-0.3,0.3,relative_hgb_w1_l-0.3_h0.3,0.2834938533062323
3,3,relative_hgb,hgb,1,-0.1,0.03,relative_hgb_w1_l-0.1_h0.03,0.34161999682339156
3,3,relative_hgb,hgb,1,-0.1,0.1,relative_hgb_w1_l-0.1_h0.1,0.3401501891272665
3,3,relative_hgb,hgb,1,-0.1,0.3,relative_hgb_w1_l-0.1_h0.3,0.32722083203167396
3,3,relative_hgb,hgb,1,-0.03,0.03,relative_hgb_w1_l-0.03_h0.03,0.36949796175231575
3,3,relative_hgb,hgb,1,-0.03,0.1,relative_hgb_w1_l-0.03_h0.1,0.36802815405619077
3,3,relative_hgb,hgb,1,-0.03,0.3,relative_hgb_w1_l-0.03_h0.3,0.35509879696059815
3,3,relative_hgb,hgb,16,-0.3,0.03,relative_hgb_w16_l-0.3_h0.03,0.28273656136955516
3,3,relative_hgb,hgb,16,-0.3,0.1,relative_hgb_w16_l-0.3_h0.1,0.2855998411604076
3,3,relative_hgb,hgb,16,-0.3,0.3,relative_hgb_w16_l-0.3_h0.3,0.27783864318680823
3,3,relative_hgb,hgb,16,-0.1,0.03,relative_hgb_w16_l-0.1_h0.03,0.31136175953692846
3,3,relative_hgb,hgb,16,-0.1,0.1,relative_hgb_w16_l-0.1_h0.1,0.3142250393277809
3,3,relative_hgb,hgb,16,-0.1,0.3,relative_hgb_w16_l-0.1_h0.3,0.3064638413541816
3,3,relative_hgb,hgb,16,-0.03,0.03,relative_hgb_w16_l-0.03_h0.03,0.35400131472105406
3,3,relative_hgb,hgb,16,-0.03,0.1,relative_hgb_w16_l-0.03_h0.1,0.3568645945119065
3,3,relative_hgb,hgb,16,-0.03,0.3,relative_hgb_w16_l-0.03_h0.3,0.34910339653830713
3,3,relative_trees,trees,1,-0.3,0.03,relative_trees_w1_l-0.3_h0.03,0.31127193716389195
3,3,relative_trees,trees,1,-0.3,0.1,relative_trees_w1_l-0.3_h0.1,0.2794117850082359
3,3,relative_trees,trees,1,-0.3,0.3,relative_trees_w1_l-0.3_h0.3,0.27960105291120285
3,3,relative_trees,trees,1,-0.1,0.03,relative_trees_w1_l-0.1_h0.03,0.3169652742664998
3,3,relative_trees,trees,1,-0.1,0.1,relative_trees_w1_l-0.1_h0.1,0.2851051221108437
3,3,relative_trees,trees,1,-0.1,0.3,relative_trees_w1_l-0.1_h0.3,0.2852943900138107
3,3,relative_trees,trees,1,-0.03,0.03,relative_trees_w1_l-0.03_h0.03,0.34716806423261576
3,3,relative_trees,trees,1,-0.03,0.1,relative_trees_w1_l-0.03_h0.1,0.3153079120769597
3,3,relative_trees,trees,1,-0.03,0.3,relative_trees_w1_l-0.03_h0.3,0.31549717997992666
3,3,relative_trees,trees,16,-0.3,0.03,relative_trees_w16_l-0.3_h0.03,0.29342313079368193
3,3,relative_trees,trees,16,-0.3,0.1,relative_trees_w16_l-0.3_h0.1,0.2774425782600743
3,3,relative_trees,trees,16,-0.3,0.3,relative_trees_w16_l-0.3_h0.3,0.2777777777777778
3,3,relative_trees,trees,16,-0.1,0.03,relative_trees_w16_l-0.1_h0.03,0.3030928070897896
3,3,relative_trees,trees,16,-0.1,0.1,relative_trees_w16_l-0.1_h0.1,0.287112254556182
3,3,relative_trees,trees,16,-0.1,0.3,relative_trees_w16_l-0.1_h0.3,0.28744745407388544
3,3,relative_trees,trees,16,-0.03,0.03,relative_trees_w16_l-0.03_h0.03,0.34053753196483083
3,3,relative_trees,trees,16,-0.03,0.1,relative_trees_w16_l-0.03_h0.1,0.3245569794312233
3,3,relative_trees,trees,16,-0.03,0.3,relative_trees_w16_l-0.03_h0.3,0.3248921789489267
4,1,current_ridge,ridge,1,-0.3,0.03,current_ridge_w1_l-0.3_h0.03,0.309570818331486
4,1,current_ridge,ridge,1,-0.3,0.1,current_ridge_w1_l-0.3_h0.1,0.31271147965221585
4,1,current_ridge,ridge,1,-0.3,0.3,current_ridge_w1_l-0.3_h0.3,0.32189735212234044
4,1,current_ridge,ridge,1,-0.1,0.03,current_ridge_w1_l-0.1_h0.03,0.3056659744413367
4,1,current_ridge,ridge,1,-0.1,0.1,current_ridge_w1_l-0.1_h0.1,0.3088066357620667
4,1,current_ridge,ridge,1,-0.1,0.3,current_ridge_w1_l-0.1_h0.3,0.3179925082321913
4,1,current_ridge,ridge,1,-0.03,0.03,current_ridge_w1_l-0.03_h0.03,0.316162057818499
4,1,current_ridge,ridge,1,-0.03,0.1,current_ridge_w1_l-0.03_h0.1,0.3193027191392289
4,1,current_ridge,ridge,1,-0.03,0.3,current_ridge_w1_l-0.03_h0.3,0.32848859160935345
4,1,current_ridge,ridge,16,-0.3,0.03,current_ridge_w16_l-0.3_h0.03,0.3062660943146139
4,1,current_ridge,ridge,16,-0.3,0.1,current_ridge_w16_l-0.3_h0.1,0.3220888528538172
4,1,current_ridge,ridge,16,-0.3,0.3,current_ridge_w16_l-0.3_h0.3,0.323297731221846
4,1,current_ridge,ridge,16,-0.1,0.03,current_ridge_w16_l-0.1_h0.03,0.3007241070990613
4,1,current_ridge,ridge,16,-0.1,0.1,current_ridge_w16_l-0.1_h0.1,0.3165468656382646
4,1,current_ridge,ridge,16,-0.1,0.3,current_ridge_w16_l-0.1_h0.3,0.3177557440062935
4,1,current_ridge,ridge,16,-0.03,0.03,current_ridge_w16_l-0.03_h0.03,0.2944301826545232
4,1,current_ridge,ridge,16,-0.03,0.1,current_ridge_w16_l-0.03_h0.1,0.31025294119372654
4,1,current_ridge,ridge,16,-0.03,0.3,current_ridge_w16_l-0.03_h0.3,0.3114618195617554
4,1,current_rbf,rbf,1,-0.3,0.03,current_rbf_w1_l-0.3_h0.03,0.30412142671814735
4,1,current_rbf,rbf,1,-0.3,0.1,current_rbf_w1_l-0.3_h0.1,0.3130645100882344
4,1,current_rbf,rbf,1,-0.3,0.3,current_rbf_w1_l-0.3_h0.3,0.3194229000989446
4,1,current_rbf,rbf,1,-0.1,0.03,current_rbf_w1_l-0.1_h0.03,0.3026287824967998
4,1,current_rbf,rbf,1,-0.1,0.1,current_rbf_w1_l-0.1_h0.1,0.3115718658668868
4,1,current_rbf,rbf,1,-0.1,0.3,current_rbf_w1_l-0.1_h0.3,0.317930255877597
4,1,current_rbf,rbf,1,-0.03,0.03,current_rbf_w1_l-0.03_h0.03,0.31747254194302615
4,1,current_rbf,rbf,1,-0.03,0.1,current_rbf_w1_l-0.03_h0.1,0.32641562531311313
4,1,current_rbf,rbf,1,-0.03,0.3,current_rbf_w1_l-0.03_h0.3,0.33277401532382334
4,1,current_rbf,rbf,16,-0.3,0.03,current_rbf_w16_l-0.3_h0.03,0.2940078739199995
4,1,current_rbf,rbf,16,-0.3,0.1,current_rbf_w16_l-0.3_h0.1,0.31319415692329283
4,1,current_rbf,rbf,16,-0.3,0.3,current_rbf_w16_l-0.3_h0.3,0.31677821336178463
4,1,current_rbf,rbf,16,-0.1,0.03,current_rbf_w16_l-0.1_h0.03,0.2876346165061518
4,1,current_rbf,rbf,16,-0.1,0.1,current_rbf_w16_l-0.1_h0.1,0.3068208995094452
4,1,current_rbf,rbf,16,-0.1,0.3,current_rbf_w16_l-0.1_h0.3,0.31040495594793693
4,1,current_rbf,rbf,16,-0.03,0.03,current_rbf_w16_l-0.03_h0.03,0.2995776979549868
4,1,current_rbf,rbf,16,-0.03,0.1,current_rbf_w16_l-0.03_h0.1,0.31876398095828024
4,1,current_rbf,rbf,16,-0.03,0.3,current_rbf_w16_l-0.03_h0.3,0.322348037396772
4,1,current_hgb,hgb,1,-0.3,0.03,current_hgb_w1_l-0.3_h0.03,0.32967082576677004
4,1,current_hgb,hgb,1,-0.3,0.1,current_hgb_w1_l-0.3_h0.1,0.3287143273660033
4,1,current_hgb,hgb,1,-0.3,0.3,current_hgb_w1_l-0.3_h0.3,0.3261051766731187
4,1,current_hgb,hgb,1,-0.1,0.03,current_hgb_w1_l-0.1_h0.03,0.33524962290540783
4,1,current_hgb,hgb,1,-0.1,0.1,current_hgb_w1_l-0.1_h0.1,0.33429312450464116
4,1,current_hgb,hgb,1,-0.1,0.3,current_hgb_w1_l-0.1_h0.3,0.3316839738117566
4,1,current_hgb,hgb,1,-0.03,0.03,current_hgb_w1_l-0.03_h0.03,0.33227099391076587
4,1,current_hgb,hgb,1,-0.03,0.1,current_hgb_w1_l-0.03_h0.1,0.3313144955099992
4,1,current_hgb,hgb,1,-0.03,0.3,current_hgb_w1_l-0.03_h0.3,0.3287053448171145
4,1,current_hgb,hgb,16,-0.3,0.03,current_hgb_w16_l-0.3_h0.03,0.333604910784421
4,1,current_hgb,hgb,16,-0.3,0.1,current_hgb_w16_l-0.3_h0.1,0.333904645517231
4,1,current_hgb,hgb,16,-0.3,0.3,current_hgb_w16_l-0.3_h0.3,0.3226080548438082
4,1,current_hgb,hgb,16,-0.1,0.03,current_hgb_w16_l-0.1_h0.03,0.3255719646810616
4,1,current_hgb,hgb,16,-0.1,0.1,current_hgb_w16_l-0.1_h0.1,0.3258716994138716
4,1,current_hgb,hgb,16,-0.1,0.3,current_hgb_w16_l-0.1_h0.3,0.31457510874044886
4,1,current_hgb,hgb,16,-0.03,0.03,current_hgb_w16_l-0.03_h0.03,0.3290642259808414
4,1,current_hgb,hgb,16,-0.03,0.1,current_hgb_w16_l-0.03_h0.1,0.3293639607136513
4,1,current_hgb,hgb,16,-0.03,0.3,current_hgb_w16_l-0.03_h0.3,0.31806737004022856
4,1,current_trees,trees,1,-0.3,0.03,current_trees_w1_l-0.3_h0.03,0.322817644241969
4,1,current_trees,trees,1,-0.3,0.1,current_trees_w1_l-0.3_h0.1,0.3200289089354841
4,1,current_trees,trees,1,-0.3,0.3,current_trees_w1_l-0.3_h0.3,0.3285000730693057
4,1,current_trees,trees,1,-0.1,0.03,current_trees_w1_l-0.1_h0.03,0.3180477750456377
4,1,current_trees,trees,1,-0.1,0.1,current_trees_w1_l-0.1_h0.1,0.3152590397391528
4,1,current_trees,trees,1,-0.1,0.3,current_trees_w1_l-0.1_h0.3,0.32373020387297424
4,1,current_trees,trees,1,-0.03,0.03,current_trees_w1_l-0.03_h0.03,0.3154191531829447
4,1,current_trees,trees,1,-0.03,0.1,current_trees_w1_l-0.03_h0.1,0.3126304178764598
4,1,current_trees,trees,1,-0.03,0.3,current_trees_w1_l-0.03_h0.3,0.3211015820102813
4,1,current_trees,trees,16,-0.3,0.03,current_trees_w16_l-0.3_h0.03,0.3248426430989174
4,1,current_trees,trees,16,-0.3,0.1,current_trees_w16_l-0.3_h0.1,0.3219917943259589
4,1,current_trees,trees,16,-0.3,0.3,current_trees_w16_l-0.3_h0.3,0.33286696810669286
4,1,current_trees,trees,16,-0.1,0.03,current_trees_w16_l-0.1_h0.03,0.30421742209114444
4,1,current_trees,trees,16,-0.1,0.1,current_trees_w16_l-0.1_h0.1,0.3013665733181859
4,1,current_trees,trees,16,-0.1,0.3,current_trees_w16_l-0.1_h0.3,0.3122417470989199
4,1,current_trees,trees,16,-0.03,0.03,current_trees_w16_l-0.03_h0.03,0.29851284519309473
4,1,current_trees,trees,16,-0.03,0.1,current_trees_w16_l-0.03_h0.1,0.2956619964201362
4,1,current_trees,trees,16,-0.03,0.3,current_trees_w16_l-0.03_h0.3,0.3065371702008702
4,1,multiscale_ridge,ridge,1,-0.3,0.03,multiscale_ridge_w1_l-0.3_h0.03,0.3374892112865133
4,1,multiscale_ridge,ridge,1,-0.3,0.1,multiscale_ridge_w1_l-0.3_h0.1,0.33253598772546894
4,1,multiscale_ridge,ridge,1,-0.3,0.3,multiscale_ridge_w1_l-0.3_h0.3,0.333685389589664
4,1,multiscale_ridge,ridge,1,-0.1,0.03,multiscale_ridge_w1_l-0.1_h0.03,0.34425190507328846
4,1,multiscale_ridge,ridge,1,-0.1,0.1,multiscale_ridge_w1_l-0.1_h0.1,0.3392986815122441
4,1,multiscale_ridge,ridge,1,-0.1,0.3,multiscale_ridge_w1_l-0.1_h0.3,0.34044808337643917
4,1,multiscale_ridge,ridge,1,-0.03,0.03,multiscale_ridge_w1_l-0.03_h0.03,0.3421191890229592
4,1,multiscale_ridge,ridge,1,-0.03,0.1,multiscale_ridge_w1_l-0.03_h0.1,0.33716596546191485
4,1,multiscale_ridge,ridge,1,-0.03,0.3,multiscale_ridge_w1_l-0.03_h0.3,0.3383153673261098
4,1,multiscale_ridge,ridge,16,-0.3,0.03,multiscale_ridge_w16_l-0.3_h0.03,0.3434666149039032
4,1,multiscale_ridge,ridge,16,-0.3,0.1,multiscale_ridge_w16_l-0.3_h0.1,0.3335973398626665
4,1,multiscale_ridge,ridge,16,-0.3,0.3,multiscale_ridge_w16_l-0.3_h0.3,0.32794795496851764
4,1,multiscale_ridge,ridge,16,-0.1,0.03,multiscale_ridge_w16_l-0.1_h0.03,0.3567547218876235
4,1,multiscale_ridge,ridge,16,-0.1,0.1,multiscale_ridge_w16_l-0.1_h0.1,0.34688544684638684
4,1,multiscale_ridge,ridge,16,-0.1,0.3,multiscale_ridge_w16_l-0.1_h0.3,0.34123606195223805
4,1,multiscale_ridge,ridge,16,-0.03,0.03,multiscale_ridge_w16_l-0.03_h0.03,0.3649412995501876
4,1,multiscale_ridge,ridge,16,-0.03,0.1,multiscale_ridge_w16_l-0.03_h0.1,0.3550720245089509
4,1,multiscale_ridge,ridge,16,-0.03,0.3,multiscale_ridge_w16_l-0.03_h0.3,0.3494226396148022
4,1,multiscale_rbf,rbf,1,-0.3,0.03,multiscale_rbf_w1_l-0.3_h0.03,0.31724465213328784
4,1,multiscale_rbf,rbf,1,-0.3,0.1,multiscale_rbf_w1_l-0.3_h0.1,0.3169542540061694
4,1,multiscale_rbf,rbf,1,-0.3,0.3,multiscale_rbf_w1_l-0.3_h0.3,0.3175497013173791
4,1,multiscale_rbf,rbf,1,-0.1,0.03,multiscale_rbf_w1_l-0.1_h0.03,0.3194270260782066
4,1,multiscale_rbf,rbf,1,-0.1,0.1,multiscale_rbf_w1_l-0.1_h0.1,0.31913662795108816
4,1,multiscale_rbf,rbf,1,-0.1,0.3,multiscale_rbf_w1_l-0.1_h0.3,0.3197320752622979
4,1,multiscale_rbf,rbf,1,-0.03,0.03,multiscale_rbf_w1_l-0.03_h0.03,0.3231422060494663
4,1,multiscale_rbf,rbf,1,-0.03,0.1,multiscale_rbf_w1_l-0.03_h0.1,0.3228518079223479
4,1,multiscale_rbf,rbf,1,-0.03,0.3,multiscale_rbf_w1_l-0.03_h0.3,0.3234472552335576
4,1,multiscale_rbf,rbf,16,-0.3,0.03,multiscale_rbf_w16_l-0.3_h0.03,0.3119607030690803
4,1,multiscale_rbf,rbf,16,-0.3,0.1,multiscale_rbf_w16_l-0.3_h0.1,0.3096594495870966
4,1,multiscale_rbf,rbf,16,-0.3,0.3,multiscale_rbf_w16_l-0.3_h0.3,0.31100784428814093
4,1,multiscale_rbf,rbf,16,-0.1,0.03,multiscale_rbf_w16_l-0.1_h0.03,0.3164489595475004
4,1,multiscale_rbf,rbf,16,-0.1,0.1,multiscale_rbf_w16_l-0.1_h0.1,0.31414770606551673
4,1,multiscale_rbf,rbf,16,-0.1,0.3,multiscale_rbf_w16_l-0.1_h0.3,0.31549610076656104
4,1,multiscale_rbf,rbf,16,-0.03,0.03,multiscale_rbf_w16_l-0.03_h0.03,0.3166576115521295
4,1,multiscale_rbf,rbf,16,-0.03,0.1,multiscale_rbf_w16_l-0.03_h0.1,0.3143563580701458
4,1,multiscale_rbf,rbf,16,-0.03,0.3,multiscale_rbf_w16_l-0.03_h0.3,0.3157047527711901
4,1,multiscale_hgb,hgb,1,-0.3,0.03,multiscale_hgb_w1_l-0.3_h0.03,0.3132885759893661
4,1,multiscale_hgb,hgb,1,-0.3,0.1,multiscale_hgb_w1_l-0.3_h0.1,0.3125379310903326
4,1,multiscale_hgb,hgb,1,-0.3,0.3,multiscale_hgb_w1_l-0.3_h0.3,0.31783541266501875
4,1,multiscale_hgb,hgb,1,-0.1,0.03,multiscale_hgb_w1_l-0.1_h0.03,0.3100192140682122
4,1,multiscale_hgb,hgb,1,-0.1,0.1,multiscale_hgb_w1_l-0.1_h0.1,0.30926856916917866
4,1,multiscale_hgb,hgb,1,-0.1,0.3,multiscale_hgb_w1_l-0.1_h0.3,0.3145660507438648
4,1,multiscale_hgb,hgb,1,-0.03,0.03,multiscale_hgb_w1_l-0.03_h0.03,0.3157563805203765
4,1,multiscale_hgb,hgb,1,-0.03,0.1,multiscale_hgb_w1_l-0.03_h0.1,0.31500573562134304
4,1,multiscale_hgb,hgb,1,-0.03,0.3,multiscale_hgb_w1_l-0.03_h0.3,0.32030321719602917
4,1,multiscale_hgb,hgb,16,-0.3,0.03,multiscale_hgb_w16_l-0.3_h0.03,0.30835824644286947
4,1,multiscale_hgb,hgb,16,-0.3,0.1,multiscale_hgb_w16_l-0.3_h0.1,0.3122284775627117
4,1,multiscale_hgb,hgb,16,-0.3,0.3,multiscale_hgb_w16_l-0.3_h0.3,0.32303694757944484
4,1,multiscale_hgb,hgb,16,-0.1,0.03,multiscale_hgb_w16_l-0.1_h0.03,0.2854912803675178
4,1,multiscale_hgb,hgb,16,-0.1,0.1,multiscale_hgb_w16_l-0.1_h0.1,0.28936151148735995
4,1,multiscale_hgb,hgb,16,-0.1,0.3,multiscale_hgb_w16_l-0.1_h0.3,0.30016998150409313
4,1,multiscale_hgb,hgb,16,-0.03,0.03,multiscale_hgb_w16_l-0.03_h0.03,0.30398793039955363
4,1,multiscale_hgb,hgb,16,-0.03,0.1,multiscale_hgb_w16_l-0.03_h0.1,0.30785816151939577
4,1,multiscale_hgb,hgb,16,-0.03,0.3,multiscale_hgb_w16_l-0.03_h0.3,0.318666631536129
4,1,multiscale_trees,trees,1,-0.3,0.03,multiscale_trees_w1_l-0.3_h0.03,0.30881743276752455
4,1,multiscale_trees,trees,1,-0.3,0.1,multiscale_trees_w1_l-0.3_h0.1,0.313561051156514
4,1,multiscale_trees,trees,1,-0.3,0.3,multiscale_trees_w1_l-0.3_h0.3,0.33485585478373914
4,1,multiscale_trees,trees,1,-0.1,0.03,multiscale_trees_w1_l-0.1_h0.03,0.2979070897903251
4,1,multiscale_trees,trees,1,-0.1,0.1,multiscale_trees_w1_l-0.1_h0.1,0.30265070817931455
4,1,multiscale_trees,trees,1,-0.1,0.3,multiscale_trees_w1_l-0.1_h0.3,0.32394551180653974
4,1,multiscale_trees,trees,1,-0.03,0.03,multiscale_trees_w1_l-0.03_h0.03,0.3026223151063884
4,1,multiscale_trees,trees,1,-0.03,0.1,multiscale_trees_w1_l-0.03_h0.1,0.30736593349537783
4,1,multiscale_trees,trees,1,-0.03,0.3,multiscale_trees_w1_l-0.03_h0.3,0.32866073712260285
4,1,multiscale_trees,trees,16,-0.3,0.03,multiscale_trees_w16_l-0.3_h0.03,0.32252033471933994
4,1,multiscale_trees,trees,16,-0.3,0.1,multiscale_trees_w16_l-0.3_h0.1,0.30619696030346877
4,1,multiscale_trees,trees,16,-0.3,0.3,multiscale_trees_w16_l-0.3_h0.3,0.3348269260969955
4,1,multiscale_trees,trees,16,-0.1,0.03,multiscale_trees_w16_l-0.1_h0.03,0.30988522794578427
4,1,multiscale_trees,trees,16,-0.1,0.1,multiscale_trees_w16_l-0.1_h0.1,0.2935618535299132
4,1,multiscale_trees,trees,16,-0.1,0.3,multiscale_trees_w16_l-0.1_h0.3,0.3221918193234399
4,1,multiscale_trees,trees,16,-0.03,0.03,multiscale_trees_w16_l-0.03_h0.03,0.30482522663956624
4,1,multiscale_trees,trees,16,-0.03,0.1,multiscale_trees_w16_l-0.03_h0.1,0.2885018522236951
4,1,multiscale_trees,trees,16,-0.03,0.3,multiscale_trees_w16_l-0.03_h0.3,0.3171318180172219
4,1,relative_ridge,ridge,1,-0.3,0.03,relative_ridge_w1_l-0.3_h0.03,0.32830871986793253
4,1,relative_ridge,ridge,1,-0.3,0.1,relative_ridge_w1_l-0.3_h0.1,0.32995166242027935
4,1,relative_ridge,ridge,1,-0.3,0.3,relative_ridge_w1_l-0.3_h0.3,0.3334897593421991
4,1,relative_ridge,ridge,1,-0.1,0.03,relative_ridge_w1_l-0.1_h0.03,0.3304650182577128
4,1,relative_ridge,ridge,1,-0.1,0.1,relative_ridge_w1_l-0.1_h0.1,0.3321079608100596
4,1,relative_ridge,ridge,1,-0.1,0.3,relative_ridge_w1_l-0.1_h0.3,0.3356460577319794
4,1,relative_ridge,ridge,1,-0.03,0.03,relative_ridge_w1_l-0.03_h0.03,0.3339801605051444
4,1,relative_ridge,ridge,1,-0.03,0.1,relative_ridge_w1_l-0.03_h0.1,0.33562310305749127
4,1,relative_ridge,ridge,1,-0.03,0.3,relative_ridge_w1_l-0.03_h0.3,0.33916119997941113
4,1,relative_ridge,ridge,16,-0.3,0.03,relative_ridge_w16_l-0.3_h0.03,0.32196737731932523
4,1,relative_ridge,ridge,16,-0.3,0.1,relative_ridge_w16_l-0.3_h0.1,0.32229829605134325
4,1,relative_ridge,ridge,16,-0.3,0.3,relative_ridge_w16_l-0.3_h0.3,0.33520477080303956
4,1,relative_ridge,ridge,16,-0.1,0.03,relative_ridge_w16_l-0.1_h0.03,0.317594999430025
4,1,relative_ridge,ridge,16,-0.1,0.1,relative_ridge_w16_l-0.1_h0.1,0.3179259181620431
4,1,relative_ridge,ridge,16,-0.1,0.3,relative_ridge_w16_l-0.1_h0.3,0.33083239291373934
4,1,relative_ridge,ridge,16,-0.03,0.03,relative_ridge_w16_l-0.03_h0.03,0.32277732645752244
4,1,relative_ridge,ridge,16,-0.03,0.1,relative_ridge_w16_l-0.03_h0.1,0.3231082451895405
4,1,relative_ridge,ridge,16,-0.03,0.3,relative_ridge_w16_l-0.03_h0.3,0.33601471994123683
4,1,relative_rbf,rbf,1,-0.3,0.03,relative_rbf_w1_l-0.3_h0.03,0.329284549282369
4,1,relative_rbf,rbf,1,-0.3,0.1,relative_rbf_w1_l-0.3_h0.1,0.33524664836998286
4,1,relative_rbf,rbf,1,-0.3,0.3,relative_rbf_w1_l-0.3_h0.3,0.3281204771382559
4,1,relative_rbf,rbf,1,-0.1,0.03,relative_rbf_w1_l-0.1_h0.03,0.3229599838154383
4,1,relative_rbf,rbf,1,-0.1,0.1,relative_rbf_w1_l-0.1_h0.1,0.3289220829030522
4,1,relative_rbf,rbf,1,-0.1,0.3,relative_rbf_w1_l-0.1_h0.3,0.32179591167132526
4,1,relative_rbf,rbf,1,-0.03,0.03,relative_rbf_w1_l-0.03_h0.03,0.33670117408613215
4,1,relative_rbf,rbf,1,-0.03,0.1,relative_rbf_w1_l-0.03_h0.1,0.34266327317374595
4,1,relative_rbf,rbf,1,-0.03,0.3,relative_rbf_w1_l-0.03_h0.3,0.335537101942019
4,1,relative_rbf,rbf,16,-0.3,0.03,relative_rbf_w16_l-0.3_h0.03,0.3248237314305261
4,1,relative_rbf,rbf,16,-0.3,0.1,relative_rbf_w16_l-0.3_h0.1,0.31905667187229575
4,1,relative_rbf,rbf,16,-0.3,0.3,relative_rbf_w16_l-0.3_h0.3,0.32766418151770604
4,1,relative_rbf,rbf,16,-0.1,0.03,relative_rbf_w16_l-0.1_h0.03,0.32665032603991023
4,1,relative_rbf,rbf,16,-0.1,0.1,relative_rbf_w16_l-0.1_h0.1,0.32088326648168
4,1,relative_rbf,rbf,16,-0.1,0.3,relative_rbf_w16_l-0.1_h0.3,0.3294907761270902
4,1,relative_rbf,rbf,16,-0.03,0.03,relative_rbf_w16_l-0.03_h0.03,0.32457667564027787
4,1,relative_rbf,rbf,16,-0.03,0.1,relative_rbf_w16_l-0.03_h0.1,0.3188096160820475
4,1,relative_rbf,rbf,16,-0.03,0.3,relative_rbf_w16_l-0.03_h0.3,0.3274171257274579
4,1,relative_hgb,hgb,1,-0.3,0.03,relative_hgb_w1_l-0.3_h0.03,0.31843114659705635
4,1,relative_hgb,hgb,1,-0.3,0.1,relative_hgb_w1_l-0.3_h0.1,0.3163011512824106
4,1,relative_hgb,hgb,1,-0.3,0.3,relative_hgb_w1_l-0.3_h0.3,0.3208884897195193
4,1,relative_hgb,hgb,1,-0.1,0.03,relative_hgb_w1_l-0.1_h0.03,0.3224467818947251
4,1,relative_hgb,hgb,1,-0.1,0.1,relative_hgb_w1_l-0.1_h0.1,0.32031678658007934
4,1,relative_hgb,hgb,1,-0.1,0.3,relative_hgb_w1_l-0.1_h0.3,0.32490412501718796
4,1,relative_hgb,hgb,1,-0.03,0.03,relative_hgb_w1_l-0.03_h0.03,0.32647791067572585
4,1,relative_hgb,hgb,1,-0.03,0.1,relative_hgb_w1_l-0.03_h0.1,0.32434791536108015
4,1,relative_hgb,hgb,1,-0.03,0.3,relative_hgb_w1_l-0.03_h0.3,0.3289352537981888
4,1,relative_hgb,hgb,16,-0.3,0.03,relative_hgb_w16_l-0.3_h0.03,0.31158205853312265
4,1,relative_hgb,hgb,16,-0.3,0.1,relative_hgb_w16_l-0.3_h0.1,0.31731529842200445
4,1,relative_hgb,hgb,16,-0.3,0.3,relative_hgb_w16_l-0.3_h0.3,0.32789366473455656
4,1,relative_hgb,hgb,16,-0.1,0.03,relative_hgb_w16_l-0.1_h0.03,0.2960930175501599
4,1,relative_hgb,hgb,16,-0.1,0.1,relative_hgb_w16_l-0.1_h0.1,0.3018262574390417
4,1,relative_hgb,hgb,16,-0.1,0.3,relative_hgb_w16_l-0.1_h0.3,0.3124046237515938
4,1,relative_hgb,hgb,16,-0.03,0.03,relative_hgb_w16_l-0.03_h0.03,0.2947620162324913
4,1,relative_hgb,hgb,16,-0.03,0.1,relative_hgb_w16_l-0.03_h0.1,0.3004952561213731
4,1,relative_hgb,hgb,16,-0.03,0.3,relative_hgb_w16_l-0.03_h0.3,0.3110736224339252
4,1,relative_trees,trees,1,-0.3,0.03,relative_trees_w1_l-0.3_h0.03,0.3365551140885909
4,1,relative_trees,trees,1,-0.3,0.1,relative_trees_w1_l-0.3_h0.1,0.33353050346024044
4,1,relative_trees,trees,1,-0.3,0.3,relative_trees_w1_l-0.3_h0.3,0.3312253113330131
4,1,relative_trees,trees,1,-0.1,0.03,relative_trees_w1_l-0.1_h0.03,0.3337212407751104
4,1,relative_trees,trees,1,-0.1,0.1,relative_trees_w1_l-0.1_h0.1,0.33069663014675993
4,1,relative_trees,trees,1,-0.1,0.3,relative_trees_w1_l-0.1_h0.3,0.3283914380195326
4,1,relative_trees,trees,1,-0.03,0.03,relative_trees_w1_l-0.03_h0.03,0.33472003728375327
4,1,relative_trees,trees,1,-0.03,0.1,relative_trees_w1_l-0.03_h0.1,0.3316954266554028
4,1,relative_trees,trees,1,-0.03,0.3,relative_trees_w1_l-0.03_h0.3,0.3293902345281753
4,1,relative_trees,trees,16,-0.3,0.03,relative_trees_w16_l-0.3_h0.03,0.33744132310207264
4,1,relative_trees,trees,16,-0.3,0.1,relative_trees_w16_l-0.3_h0.1,0.3320456338872997
4,1,relative_trees,trees,16,-0.3,0.3,relative_trees_w16_l-0.3_h0.3,0.3334064924561185
4,1,relative_trees,trees,16,-0.1,0.03,relative_trees_w16_l-0.1_h0.03,0.3278049929041274
4,1,relative_trees,trees,16,-0.1,0.1,relative_trees_w16_l-0.1_h0.1,0.32240930368935455
4,1,relative_trees,trees,16,-0.1,0.3,relative_trees_w16_l-0.1_h0.3,0.3237701622581733
4,1,relative_trees,trees,16,-0.03,0.03,relative_trees_w16_l-0.03_h0.03,0.32908911821542713
4,1,relative_trees,trees,16,-0.03,0.1,relative_trees_w16_l-0.03_h0.1,0.32369342900065423
4,1,relative_trees,trees,16,-0.03,0.3,relative_trees_w16_l-0.03_h0.3,0.325054287569473
4,2,current_ridge,ridge,1,-0.3,0.03,current_ridge_w1_l-0.3_h0.03,0.3250719471727635
4,2,current_ridge,ridge,1,-0.3,0.1,current_ridge_w1_l-0.3_h0.1,0.3044038651713058
4,2,current_ridge,ridge,1,-0.3,0.3,current_ridge_w1_l-0.3_h0.3,0.2875807518677429
4,2,current_ridge,ridge,1,-0.1,0.03,current_ridge_w1_l-0.1_h0.03,0.3363859525437676
4,2,current_ridge,ridge,1,-0.1,0.1,current_ridge_w1_l-0.1_h0.1,0.3157178705423098
4,2,current_ridge,ridge,1,-0.1,0.3,current_ridge_w1_l-0.1_h0.3,0.298894757238747
4,2,current_ridge,ridge,1,-0.03,0.03,current_ridge_w1_l-0.03_h0.03,0.3596408835738791
4,2,current_ridge,ridge,1,-0.03,0.1,current_ridge_w1_l-0.03_h0.1,0.33897280157242143
4,2,current_ridge,ridge,1,-0.03,0.3,current_ridge_w1_l-0.03_h0.3,0.3221496882688585
4,2,current_ridge,ridge,16,-0.3,0.03,current_ridge_w16_l-0.3_h0.03,0.31742601334795684
4,2,current_ridge,ridge,16,-0.3,0.1,current_ridge_w16_l-0.3_h0.1,0.2869358998121685
4,2,current_ridge,ridge,16,-0.3,0.3,current_ridge_w16_l-0.3_h0.3,0.2883668029649963
4,2,current_ridge,ridge,16,-0.1,0.03,current_ridge_w16_l-0.1_h0.03,0.32670262697633207
4,2,current_ridge,ridge,16,-0.1,0.1,current_ridge_w16_l-0.1_h0.1,0.29621251344054367
4,2,current_ridge,ridge,16,-0.1,0.3,current_ridge_w16_l-0.1_h0.3,0.2976434165933715
4,2,current_ridge,ridge,16,-0.03,0.03,current_ridge_w16_l-0.03_h0.03,0.3461343200416887
4,2,current_ridge,ridge,16,-0.03,0.1,current_ridge_w16_l-0.03_h0.1,0.31564420650590036
4,2,current_ridge,ridge,16,-0.03,0.3,current_ridge_w16_l-0.03_h0.3,0.3170751096587281
4,2,current_rbf,rbf,1,-0.3,0.03,current_rbf_w1_l-0.3_h0.03,0.31948558181263914
4,2,current_rbf,rbf,1,-0.3,0.1,current_rbf_w1_l-0.3_h0.1,0.3078098964234347
4,2,current_rbf,rbf,1,-0.3,0.3,current_rbf_w1_l-0.3_h0.3,0.29295200687057665
4,2,current_rbf,rbf,1,-0.1,0.03,current_rbf_w1_l-0.1_h0.03,0.342257617000293
4,2,current_rbf,rbf,1,-0.1,0.1,current_rbf_w1_l-0.1_h0.1,0.3305819316110886
4,2,current_rbf,rbf,1,-0.1,0.3,current_rbf_w1_l-0.1_h0.3,0.31572404205823057
4,2,current_rbf,rbf,1,-0.03,0.03,current_rbf_w1_l-0.03_h0.03,0.36155016482970576
4,2,current_rbf,rbf,1,-0.03,0.1,current_rbf_w1_l-0.03_h0.1,0.3498744794405014
4,2,current_rbf,rbf,1,-0.03,0.3,current_rbf_w1_l-0.03_h0.3,0.3350165898876433
4,2,current_rbf,rbf,16,-0.3,0.03,current_rbf_w16_l-0.3_h0.03,0.31274975530473265
4,2,current_rbf,rbf,16,-0.3,0.1,current_rbf_w16_l-0.3_h0.1,0.28440539796118885
4,2,current_rbf,rbf,16,-0.3,0.3,current_rbf_w16_l-0.3_h0.3,0.2907277909950927
4,2,current_rbf,rbf,16,-0.1,0.03,current_rbf_w16_l-0.1_h0.03,0.33437159914111886
4,2,current_rbf,rbf,16,-0.1,0.1,current_rbf_w16_l-0.1_h0.1,0.3060272417975751
4,2,current_rbf,rbf,16,-0.1,0.3,current_rbf_w16_l-0.1_h0.3,0.31234963483147893
4,2,current_rbf,rbf,16,-0.03,0.03,current_rbf_w16_l-0.03_h0.03,0.35473268457268564
4,2,current_rbf,rbf,16,-0.03,0.1,current_rbf_w16_l-0.03_h0.1,0.3263883272291419
4,2,current_rbf,rbf,16,-0.03,0.3,current_rbf_w16_l-0.03_h0.3,0.3327107202630458
4,2,current_hgb,hgb,1,-0.3,0.03,current_hgb_w1_l-0.3_h0.03,0.32324458968164577
4,2,current_hgb,hgb,1,-0.3,0.1,current_hgb_w1_l-0.3_h0.1,0.30576262755369676
4,2,current_hgb,hgb,1,-0.3,0.3,current_hgb_w1_l-0.3_h0.3,0.286076218389949
4,2,current_hgb,hgb,1,-0.1,0.03,current_hgb_w1_l-0.1_h0.03,0.3527580801638477
4,2,current_hgb,hgb,1,-0.1,0.1,current_hgb_w1_l-0.1_h0.1,0.33527611803589863
4,2,current_hgb,hgb,1,-0.1,0.3,current_hgb_w1_l-0.1_h0.3,0.315589708872151
4,2,current_hgb,hgb,1,-0.03,0.03,current_hgb_w1_l-0.03_h0.03,0.36214841190612546
4,2,current_hgb,hgb,1,-0.03,0.1,current_hgb_w1_l-0.03_h0.1,0.34466644977817645
4,2,current_hgb,hgb,1,-0.03,0.3,current_hgb_w1_l-0.03_h0.3,0.3249800406144287
4,2,current_hgb,hgb,16,-0.3,0.03,current_hgb_w16_l-0.3_h0.03,0.31709520111860723
4,2,current_hgb,hgb,16,-0.3,0.1,current_hgb_w16_l-0.3_h0.1,0.294618947874356
4,2,current_hgb,hgb,16,-0.3,0.3,current_hgb_w16_l-0.3_h0.3,0.284338021799393
4,2,current_hgb,hgb,16,-0.1,0.03,current_hgb_w16_l-0.1_h0.03,0.3473618588281902
4,2,current_hgb,hgb,16,-0.1,0.1,current_hgb_w16_l-0.1_h0.1,0.32488560558393903
4,2,current_hgb,hgb,16,-0.1,0.3,current_hgb_w16_l-0.1_h0.3,0.314604679508976
4,2,current_hgb,hgb,16,-0.03,0.03,current_hgb_w16_l-0.03_h0.03,0.37389591057327576
4,2,current_hgb,hgb,16,-0.03,0.1,current_hgb_w16_l-0.03_h0.1,0.3514196573290247
4,2,current_hgb,hgb,16,-0.03,0.3,current_hgb_w16_l-0.03_h0.3,0.3411387312540616
4,2,current_trees,trees,1,-0.3,0.03,current_trees_w1_l-0.3_h0.03,0.30571372168110617
4,2,current_trees,trees,1,-0.3,0.1,current_trees_w1_l-0.3_h0.1,0.29876863501418127
4,2,current_trees,trees,1,-0.3,0.3,current_trees_w1_l-0.3_h0.3,0.2905030862251519
4,2,current_trees,trees,1,-0.1,0.03,current_trees_w1_l-0.1_h0.03,0.31068778039250183
4,2,current_trees,trees,1,-0.1,0.1,current_trees_w1_l-0.1_h0.1,0.303742693725577
4,2,current_trees,trees,1,-0.1,0.3,current_trees_w1_l-0.1_h0.3,0.29547714493654753
4,2,current_trees,trees,1,-0.03,0.03,current_trees_w1_l-0.03_h0.03,0.3400163646394471
4,2,current_trees,trees,1,-0.03,0.1,current_trees_w1_l-0.03_h0.1,0.33307127797252223
4,2,current_trees,trees,1,-0.03,0.3,current_trees_w1_l-0.03_h0.3,0.3248057291834928
4,2,current_trees,trees,16,-0.3,0.03,current_trees_w16_l-0.3_h0.03,0.31002890335098204
4,2,current_trees,trees,16,-0.3,0.1,current_trees_w16_l-0.3_h0.1,0.29444759146023075
4,2,current_trees,trees,16,-0.3,0.3,current_trees_w16_l-0.3_h0.3,0.2871108862107173
4,2,current_trees,trees,16,-0.1,0.03,current_trees_w16_l-0.1_h0.03,0.31468312549165184
4,2,current_trees,trees,16,-0.1,0.1,current_trees_w16_l-0.1_h0.1,0.2991018136009005
4,2,current_trees,trees,16,-0.1,0.3,current_trees_w16_l-0.1_h0.3,0.291765108351387
4,2,current_trees,trees,16,-0.03,0.03,current_trees_w16_l-0.03_h0.03,0.3471041541103895
4,2,current_trees,trees,16,-0.03,0.1,current_trees_w16_l-0.03_h0.1,0.3315228422196381
4,2,current_trees,trees,16,-0.03,0.3,current_trees_w16_l-0.03_h0.3,0.3241861369701247
4,2,multiscale_ridge,ridge,1,-0.3,0.03,multiscale_ridge_w1_l-0.3_h0.03,0.3437514663839465
4,2,multiscale_ridge,ridge,1,-0.3,0.1,multiscale_ridge_w1_l-0.3_h0.1,0.3359017003678276
4,2,multiscale_ridge,ridge,1,-0.3,0.3,multiscale_ridge_w1_l-0.3_h0.3,0.3097352676731437
4,2,multiscale_ridge,ridge,1,-0.1,0.03,multiscale_ridge_w1_l-0.1_h0.03,0.3673104419939815
4,2,multiscale_ridge,ridge,1,-0.1,0.1,multiscale_ridge_w1_l-0.1_h0.1,0.35946067597786263
4,2,multiscale_ridge,ridge,1,-0.1,0.3,multiscale_ridge_w1_l-0.1_h0.3,0.33329424328317864
4,2,multiscale_ridge,ridge,1,-0.03,0.03,multiscale_ridge_w1_l-0.03_h0.03,0.3755068644035965
4,2,multiscale_ridge,ridge,1,-0.03,0.1,multiscale_ridge_w1_l-0.03_h0.1,0.36765709838747757
4,2,multiscale_ridge,ridge,1,-0.03,0.3,multiscale_ridge_w1_l-0.03_h0.3,0.3414906656927936
4,2,multiscale_ridge,ridge,16,-0.3,0.03,multiscale_ridge_w16_l-0.3_h0.03,0.3391055839233889
4,2,multiscale_ridge,ridge,16,-0.3,0.1,multiscale_ridge_w16_l-0.3_h0.1,0.3265392828259036
4,2,multiscale_ridge,ridge,16,-0.3,0.3,multiscale_ridge_w16_l-0.3_h0.3,0.29598136864825314
4,2,multiscale_ridge,ridge,16,-0.1,0.03,multiscale_ridge_w16_l-0.1_h0.03,0.367474603038512
4,2,multiscale_ridge,ridge,16,-0.1,0.1,multiscale_ridge_w16_l-0.1_h0.1,0.35490830194102657
4,2,multiscale_ridge,ridge,16,-0.1,0.3,multiscale_ridge_w16_l-0.1_h0.3,0.32435038776337616
4,2,multiscale_ridge,ridge,16,-0.03,0.03,multiscale_ridge_w16_l-0.03_h0.03,0.3799998767177679
4,2,multiscale_ridge,ridge,16,-0.03,0.1,multiscale_ridge_w16_l-0.03_h0.1,0.3674335756202826
4,2,multiscale_ridge,ridge,16,-0.03,0.3,multiscale_ridge_w16_l-0.03_h0.3,0.33687566144263215
4,2,multiscale_rbf,rbf,1,-0.3,0.03,multiscale_rbf_w1_l-0.3_h0.03,0.3354246543327494
4,2,multiscale_rbf,rbf,1,-0.3,0.1,multiscale_rbf_w1_l-0.3_h0.1,0.3228934689194558
4,2,multiscale_rbf,rbf,1,-0.3,0.3,multiscale_rbf_w1_l-0.3_h0.3,0.29864949008377073
4,2,multiscale_rbf,rbf,1,-0.1,0.03,multiscale_rbf_w1_l-0.1_h0.03,0.3582633455133013
4,2,multiscale_rbf,rbf,1,-0.1,0.1,multiscale_rbf_w1_l-0.1_h0.1,0.34573216010000773
4,2,multiscale_rbf,rbf,1,-0.1,0.3,multiscale_rbf_w1_l-0.1_h0.3,0.32148818126432266
4,2,multiscale_rbf,rbf,1,-0.03,0.03,multiscale_rbf_w1_l-0.03_h0.03,0.3608841362418728
4,2,multiscale_rbf,rbf,1,-0.03,0.1,multiscale_rbf_w1_l-0.03_h0.1,0.34835295082857937
4,2,multiscale_rbf,rbf,1,-0.03,0.3,multiscale_rbf_w1_l-0.03_h0.3,0.3241089719928942
4,2,multiscale_rbf,rbf,16,-0.3,0.03,multiscale_rbf_w16_l-0.3_h0.03,0.3401123733458193
4,2,multiscale_rbf,rbf,16,-0.3,0.1,multiscale_rbf_w16_l-0.3_h0.1,0.31337711159837245
4,2,multiscale_rbf,rbf,16,-0.3,0.3,multiscale_rbf_w16_l-0.3_h0.3,0.28694922654062177
4,2,multiscale_rbf,rbf,16,-0.1,0.03,multiscale_rbf_w16_l-0.1_h0.03,0.37569894727339204
4,2,multiscale_rbf,rbf,16,-0.1,0.1,multiscale_rbf_w16_l-0.1_h0.1,0.34896368552594526
4,2,multiscale_rbf,rbf,16,-0.1,0.3,multiscale_rbf_w16_l-0.1_h0.3,0.32253580046819463
4,2,multiscale_rbf,rbf,16,-0.03,0.03,multiscale_rbf_w16_l-0.03_h0.03,0.3695135290314661
4,2,multiscale_rbf,rbf,16,-0.03,0.1,multiscale_rbf_w16_l-0.03_h0.1,0.34277826728401933
4,2,multiscale_rbf,rbf,16,-0.03,0.3,multiscale_rbf_w16_l-0.03_h0.3,0.3163503822262686
4,2,multiscale_hgb,hgb,1,-0.3,0.03,multiscale_hgb_w1_l-0.3_h0.03,0.3429052415458172
4,2,multiscale_hgb,hgb,1,-0.3,0.1,multiscale_hgb_w1_l-0.3_h0.1,0.3326146920337213
4,2,multiscale_hgb,hgb,1,-0.3,0.3,multiscale_hgb_w1_l-0.3_h0.3,0.3027970776710862
4,2,multiscale_hgb,hgb,1,-0.1,0.03,multiscale_hgb_w1_l-0.1_h0.03,0.3710598420526306
4,2,multiscale_hgb,hgb,1,-0.1,0.1,multiscale_hgb_w1_l-0.1_h0.1,0.3607692925405347
4,2,multiscale_hgb,hgb,1,-0.1,0.3,multiscale_hgb_w1_l-0.1_h0.3,0.33095167817789956
4,2,multiscale_hgb,hgb,1,-0.03,0.03,multiscale_hgb_w1_l-0.03_h0.03,0.37996523133639976
4,2,multiscale_hgb,hgb,1,-0.03,0.1,multiscale_hgb_w1_l-0.03_h0.1,0.3696746818243039
4,2,multiscale_hgb,hgb,1,-0.03,0.3,multiscale_hgb_w1_l-0.03_h0.3,0.33985706746166877
4,2,multiscale_hgb,hgb,16,-0.3,0.03,multiscale_hgb_w16_l-0.3_h0.03,0.339669112385626
4,2,multiscale_hgb,hgb,16,-0.3,0.1,multiscale_hgb_w16_l-0.3_h0.1,0.3157925256571406
4,2,multiscale_hgb,hgb,16,-0.3,0.3,multiscale_hgb_w16_l-0.3_h0.3,0.2914112855938783
4,2,multiscale_hgb,hgb,16,-0.1,0.03,multiscale_hgb_w16_l-0.1_h0.03,0.3842682415126071
4,2,multiscale_hgb,hgb,16,-0.1,0.1,multiscale_hgb_w16_l-0.1_h0.1,0.3603916547841217
4,2,multiscale_hgb,hgb,16,-0.1,0.3,multiscale_hgb_w16_l-0.1_h0.3,0.33601041472085935
4,2,multiscale_hgb,hgb,16,-0.03,0.03,multiscale_hgb_w16_l-0.03_h0.03,0.38517922678646255
4,2,multiscale_hgb,hgb,16,-0.03,0.1,multiscale_hgb_w16_l-0.03_h0.1,0.3613026400579773
4,2,multiscale_hgb,hgb,16,-0.03,0.3,multiscale_hgb_w16_l-0.03_h0.3,0.3369213999947149
4,2,multiscale_trees,trees,1,-0.3,0.03,multiscale_trees_w1_l-0.3_h0.03,0.33134650392172216
4,2,multiscale_trees,trees,1,-0.3,0.1,multiscale_trees_w1_l-0.3_h0.1,0.3066606843814684
4,2,multiscale_trees,trees,1,-0.3,0.3,multiscale_trees_w1_l-0.3_h0.3,0.29599387830197266
4,2,multiscale_trees,trees,1,-0.1,0.03,multiscale_trees_w1_l-0.1_h0.03,0.34253073358632247
4,2,multiscale_trees,trees,1,-0.1,0.1,multiscale_trees_w1_l-0.1_h0.1,0.31784491404606874
4,2,multiscale_trees,trees,1,-0.1,0.3,multiscale_trees_w1_l-0.1_h0.3,0.307178107966573
4,2,multiscale_trees,trees,1,-0.03,0.03,multiscale_trees_w1_l-0.03_h0.03,0.3518992085064662
4,2,multiscale_trees,trees,1,-0.03,0.1,multiscale_trees_w1_l-0.03_h0.1,0.32721338896621244
4,2,multiscale_trees,trees,1,-0.03,0.3,multiscale_trees_w1_l-0.03_h0.3,0.3165465828867167
4,2,multiscale_trees,trees,16,-0.3,0.03,multiscale_trees_w16_l-0.3_h0.03,0.31981275865234005
4,2,multiscale_trees,trees,16,-0.3,0.1,multiscale_trees_w16_l-0.3_h0.1,0.29941208040827594
4,2,multiscale_trees,trees,16,-0.3,0.3,multiscale_trees_w16_l-0.3_h0.3,0.2894693879738664
4,2,multiscale_trees,trees,16,-0.1,0.03,multiscale_trees_w16_l-0.1_h0.03,0.32043125092876096
4,2,multiscale_trees,trees,16,-0.1,0.1,multiscale_trees_w16_l-0.1_h0.1,0.3000305726846969
4,2,multiscale_trees,trees,16,-0.1,0.3,multiscale_trees_w16_l-0.1_h0.3,0.29008788025028737
4,2,multiscale_trees,trees,16,-0.03,0.03,multiscale_trees_w16_l-0.03_h0.03,0.34893845353190883
4,2,multiscale_trees,trees,16,-0.03,0.1,multiscale_trees_w16_l-0.03_h0.1,0.3285377752878448
4,2,multiscale_trees,trees,16,-0.03,0.3,multiscale_trees_w16_l-0.03_h0.3,0.31859508285343524
4,2,relative_ridge,ridge,1,-0.3,0.03,relative_ridge_w1_l-0.3_h0.03,0.3335669018679894
4,2,relative_ridge,ridge,1,-0.3,0.1,relative_ridge_w1_l-0.3_h0.1,0.3194984588826451
4,2,relative_ridge,ridge,1,-0.3,0.3,relative_ridge_w1_l-0.3_h0.3,0.2933866658671919
4,2,relative_ridge,ridge,1,-0.1,0.03,relative_ridge_w1_l-0.1_h0.03,0.36213822753983343
4,2,relative_ridge,ridge,1,-0.1,0.1,relative_ridge_w1_l-0.1_h0.1,0.3480697845544891
4,2,relative_ridge,ridge,1,-0.1,0.3,relative_ridge_w1_l-0.1_h0.3,0.3219579915390359
4,2,relative_ridge,ridge,1,-0.03,0.03,relative_ridge_w1_l-0.03_h0.03,0.3670159680618385
4,2,relative_ridge,ridge,1,-0.03,0.1,relative_ridge_w1_l-0.03_h0.1,0.35294752507649424
4,2,relative_ridge,ridge,1,-0.03,0.3,relative_ridge_w1_l-0.03_h0.3,0.326835732061041
4,2,relative_ridge,ridge,16,-0.3,0.03,relative_ridge_w16_l-0.3_h0.03,0.3143720460940485
4,2,relative_ridge,ridge,16,-0.3,0.1,relative_ridge_w16_l-0.3_h0.1,0.3089632664450585
4,2,relative_ridge,ridge,16,-0.3,0.3,relative_ridge_w16_l-0.3_h0.3,0.29023213904649064
4,2,relative_ridge,ridge,16,-0.1,0.03,relative_ridge_w16_l-0.1_h0.03,0.33417841935185416
4,2,relative_ridge,ridge,16,-0.1,0.1,relative_ridge_w16_l-0.1_h0.1,0.32876963970286416
4,2,relative_ridge,ridge,16,-0.1,0.3,relative_ridge_w16_l-0.1_h0.3,0.3100385123042963
4,2,relative_ridge,ridge,16,-0.03,0.03,relative_ridge_w16_l-0.03_h0.03,0.34433077749134033
4,2,relative_ridge,ridge,16,-0.03,0.1,relative_ridge_w16_l-0.03_h0.1,0.3389219978423503
4,2,relative_ridge,ridge,16,-0.03,0.3,relative_ridge_w16_l-0.03_h0.3,0.3201908704437824
4,2,relative_rbf,rbf,1,-0.3,0.03,relative_rbf_w1_l-0.3_h0.03,0.3361880899581609
4,2,relative_rbf,rbf,1,-0.3,0.1,relative_rbf_w1_l-0.3_h0.1,0.3101895850966347
4,2,relative_rbf,rbf,1,-0.3,0.3,relative_rbf_w1_l-0.3_h0.3,0.2921474258913616
4,2,relative_rbf,rbf,1,-0.1,0.03,relative_rbf_w1_l-0.1_h0.03,0.36003050647309287
4,2,relative_rbf,rbf,1,-0.1,0.1,relative_rbf_w1_l-0.1_h0.1,0.33403200161156665
4,2,relative_rbf,rbf,1,-0.1,0.3,relative_rbf_w1_l-0.1_h0.3,0.3159898424062936
4,2,relative_rbf,rbf,1,-0.03,0.03,relative_rbf_w1_l-0.03_h0.03,0.38784190006482366
4,2,relative_rbf,rbf,1,-0.03,0.1,relative_rbf_w1_l-0.03_h0.1,0.36184339520329745
4,2,relative_rbf,rbf,1,-0.03,0.3,relative_rbf_w1_l-0.03_h0.3,0.3438012359980244
4,2,relative_rbf,rbf,16,-0.3,0.03,relative_rbf_w16_l-0.3_h0.03,0.323844808205725
4,2,relative_rbf,rbf,16,-0.3,0.1,relative_rbf_w16_l-0.3_h0.1,0.2889792806696784
4,2,relative_rbf,rbf,16,-0.3,0.3,relative_rbf_w16_l-0.3_h0.3,0.2859773743751645
4,2,relative_rbf,rbf,16,-0.1,0.03,relative_rbf_w16_l-0.1_h0.03,0.34645105928682013
4,2,relative_rbf,rbf,16,-0.1,0.1,relative_rbf_w16_l-0.1_h0.1,0.3115855317507735
4,2,relative_rbf,rbf,16,-0.1,0.3,relative_rbf_w16_l-0.1_h0.3,0.3085836254562596
4,2,relative_rbf,rbf,16,-0.03,0.03,relative_rbf_w16_l-0.03_h0.03,0.37771050880810336
4,2,relative_rbf,rbf,16,-0.03,0.1,relative_rbf_w16_l-0.03_h0.1,0.3428449812720567
4,2,relative_rbf,rbf,16,-0.03,0.3,relative_rbf_w16_l-0.03_h0.3,0.3398430749775428
4,2,relative_hgb,hgb,1,-0.3,0.03,relative_hgb_w1_l-0.3_h0.03,0.30858051560641947
4,2,relative_hgb,hgb,1,-0.3,0.1,relative_hgb_w1_l-0.3_h0.1,0.2998081937601984
4,2,relative_hgb,hgb,1,-0.3,0.3,relative_hgb_w1_l-0.3_h0.3,0.2834040983623476
4,2,relative_hgb,hgb,1,-0.1,0.03,relative_hgb_w1_l-0.1_h0.03,0.33982255964847896
4,2,relative_hgb,hgb,1,-0.1,0.1,relative_hgb_w1_l-0.1_h0.1,0.3310502378022579
4,2,relative_hgb,hgb,1,-0.1,0.3,relative_hgb_w1_l-0.1_h0.3,0.31464614240440714
4,2,relative_hgb,hgb,1,-0.03,0.03,relative_hgb_w1_l-0.03_h0.03,0.35367204105824823
4,2,relative_hgb,hgb,1,-0.03,0.1,relative_hgb_w1_l-0.03_h0.1,0.34489971921202717
4,2,relative_hgb,hgb,1,-0.03,0.3,relative_hgb_w1_l-0.03_h0.3,0.3284956238141764
4,2,relative_hgb,hgb,16,-0.3,0.03,relative_hgb_w16_l-0.3_h0.03,0.30660990318840375
4,2,relative_hgb,hgb,16,-0.3,0.1,relative_hgb_w16_l-0.3_h0.1,0.29253296723903793
4,2,relative_hgb,hgb,16,-0.3,0.3,relative_hgb_w16_l-0.3_h0.3,0.288862479484767
4,2,relative_hgb,hgb,16,-0.1,0.03,relative_hgb_w16_l-0.1_h0.03,0.3275871549646351
4,2,relative_hgb,hgb,16,-0.1,0.1,relative_hgb_w16_l-0.1_h0.1,0.3135102190152693
4,2,relative_hgb,hgb,16,-0.1,0.3,relative_hgb_w16_l-0.1_h0.3,0.30983973126099845
4,2,relative_hgb,hgb,16,-0.03,0.03,relative_hgb_w16_l-0.03_h0.03,0.34232860451305
4,2,relative_hgb,hgb,16,-0.03,0.1,relative_hgb_w16_l-0.03_h0.1,0.3282516685636842
4,2,relative_hgb,hgb,16,-0.03,0.3,relative_hgb_w16_l-0.03_h0.3,0.32458118080941334
4,2,relative_trees,trees,1,-0.3,0.03,relative_trees_w1_l-0.3_h0.03,0.32154609447947335
4,2,relative_trees,trees,1,-0.3,0.1,relative_trees_w1_l-0.3_h0.1,0.29587571320463424
4,2,relative_trees,trees,1,-0.3,0.3,relative_trees_w1_l-0.3_h0.3,0.28759145578417444
4,2,relative_trees,trees,1,-0.1,0.03,relative_trees_w1_l-0.1_h0.03,0.33445120294470665
4,2,relative_trees,trees,1,-0.1,0.1,relative_trees_w1_l-0.1_h0.1,0.30878082166986753
4,2,relative_trees,trees,1,-0.1,0.3,relative_trees_w1_l-0.1_h0.3,0.30049656424940774
4,2,relative_trees,trees,1,-0.03,0.03,relative_trees_w1_l-0.03_h0.03,0.3458650654260028
4,2,relative_trees,trees,1,-0.03,0.1,relative_trees_w1_l-0.03_h0.1,0.32019468415116364
4,2,relative_trees,trees,1,-0.03,0.3,relative_trees_w1_l-0.03_h0.3,0.3119104267307039
4,2,relative_trees,trees,16,-0.3,0.03,relative_trees_w16_l-0.3_h0.03,0.3077434498210841
4,2,relative_trees,trees,16,-0.3,0.1,relative_trees_w16_l-0.3_h0.1,0.28556642974589475
4,2,relative_trees,trees,16,-0.3,0.3,relative_trees_w16_l-0.3_h0.3,0.28634179006377075
4,2,relative_trees,trees,16,-0.1,0.03,relative_trees_w16_l-0.1_h0.03,0.31469797625950513
4,2,relative_trees,trees,16,-0.1,0.1,relative_trees_w16_l-0.1_h0.1,0.29252095618431584
4,2,relative_trees,trees,16,-0.1,0.3,relative_trees_w16_l-0.1_h0.3,0.29329631650219185
4,2,relative_trees,trees,16,-0.03,0.03,relative_trees_w16_l-0.03_h0.03,0.3255220422527407
4,2,relative_trees,trees,16,-0.03,0.1,relative_trees_w16_l-0.03_h0.1,0.3033450221775513
4,2,relative_trees,trees,16,-0.03,0.3,relative_trees_w16_l-0.03_h0.3,0.30412038249542733
4,3,current_ridge,ridge,1,-0.3,0.03,current_ridge_w1_l-0.3_h0.03,0.29458077875498123
4,3,current_ridge,ridge,1,-0.3,0.1,current_ridge_w1_l-0.3_h0.1,0.2871195509163644
4,3,current_ridge,ridge,1,-0.3,0.3,current_ridge_w1_l-0.3_h0.3,0.28030275130852833
4,3,current_ridge,ridge,1,-0.1,0.03,current_ridge_w1_l-0.1_h0.03,0.31421226969004956
4,3,current_ridge,ridge,1,-0.1,0.1,current_ridge_w1_l-0.1_h0.1,0.30675104185143276
4,3,current_ridge,ridge,1,-0.1,0.3,current_ridge_w1_l-0.1_h0.3,0.2999342422435966
4,3,current_ridge,ridge,1,-0.03,0.03,current_ridge_w1_l-0.03_h0.03,0.32475790925615133
4,3,current_ridge,ridge,1,-0.03,0.1,current_ridge_w1_l-0.03_h0.1,0.3172966814175344
4,3,current_ridge,ridge,1,-0.03,0.3,current_ridge_w1_l-0.03_h0.3,0.3104798818096984
4,3,current_ridge,ridge,16,-0.3,0.03,current_ridge_w16_l-0.3_h0.03,0.2755241414746291
4,3,current_ridge,ridge,16,-0.3,0.1,current_ridge_w16_l-0.3_h0.1,0.28413597516473604
4,3,current_ridge,ridge,16,-0.3,0.3,current_ridge_w16_l-0.3_h0.3,0.2804895603030801
4,3,current_ridge,ridge,16,-0.1,0.03,current_ridge_w16_l-0.1_h0.03,0.29049461230243817
4,3,current_ridge,ridge,16,-0.1,0.1,current_ridge_w16_l-0.1_h0.1,0.29910644599254516
4,3,current_ridge,ridge,16,-0.1,0.3,current_ridge_w16_l-0.1_h0.3,0.29546003113088914
4,3,current_ridge,ridge,16,-0.03,0.03,current_ridge_w16_l-0.03_h0.03,0.30848741188557144
4,3,current_ridge,ridge,16,-0.03,0.1,current_ridge_w16_l-0.03_h0.1,0.31709924557567837
4,3,current_ridge,ridge,16,-0.03,0.3,current_ridge_w16_l-0.03_h0.3,0.31345283071402236
4,3,current_rbf,rbf,1,-0.3,0.03,current_rbf_w1_l-0.3_h0.03,0.3063190702197698
4,3,current_rbf,rbf,1,-0.3,0.1,current_rbf_w1_l-0.3_h0.1,0.29976238695435475
4,3,current_rbf,rbf,1,-0.3,0.3,current_rbf_w1_l-0.3_h0.3,0.2872215172800214
4,3,current_rbf,rbf,1,-0.1,0.03,current_rbf_w1_l-0.1_h0.03,0.32481670015715863
4,3,current_rbf,rbf,1,-0.1,0.1,current_rbf_w1_l-0.1_h0.1,0.3182600168917436
4,3,current_rbf,rbf,1,-0.1,0.3,current_rbf_w1_l-0.1_h0.3,0.3057191472174102
4,3,current_rbf,rbf,1,-0.03,0.03,current_rbf_w1_l-0.03_h0.03,0.33709965257019114
4,3,current_rbf,rbf,1,-0.03,0.1,current_rbf_w1_l-0.03_h0.1,0.33054296930477617
4,3,current_rbf,rbf,1,-0.03,0.3,current_rbf_w1_l-0.03_h0.3,0.3180020996304428
4,3,current_rbf,rbf,16,-0.3,0.03,current_rbf_w16_l-0.3_h0.03,0.3062150445905344
4,3,current_rbf,rbf,16,-0.3,0.1,current_rbf_w16_l-0.3_h0.1,0.29030589175482197
4,3,current_rbf,rbf,16,-0.3,0.3,current_rbf_w16_l-0.3_h0.3,0.2855701316933056
4,3,current_rbf,rbf,16,-0.1,0.03,current_rbf_w16_l-0.1_h0.03,0.3251593330979332
4,3,current_rbf,rbf,16,-0.1,0.1,current_rbf_w16_l-0.1_h0.1,0.30925018026222073
4,3,current_rbf,rbf,16,-0.1,0.3,current_rbf_w16_l-0.1_h0.3,0.30451442020070435
4,3,current_rbf,rbf,16,-0.03,0.03,current_rbf_w16_l-0.03_h0.03,0.35949005852605914
4,3,current_rbf,rbf,16,-0.03,0.1,current_rbf_w16_l-0.03_h0.1,0.3435809056903467
4,3,current_rbf,rbf,16,-0.03,0.3,current_rbf_w16_l-0.03_h0.3,0.3388451456288304
4,3,current_hgb,hgb,1,-0.3,0.03,current_hgb_w1_l-0.3_h0.03,0.31901628625209955
4,3,current_hgb,hgb,1,-0.3,0.1,current_hgb_w1_l-0.3_h0.1,0.293547062304963
4,3,current_hgb,hgb,1,-0.3,0.3,current_hgb_w1_l-0.3_h0.3,0.28983297530994934
4,3,current_hgb,hgb,1,-0.1,0.03,current_hgb_w1_l-0.1_h0.03,0.34050388464631853
4,3,current_hgb,hgb,1,-0.1,0.1,current_hgb_w1_l-0.1_h0.1,0.315034660699182
4,3,current_hgb,hgb,1,-0.1,0.3,current_hgb_w1_l-0.1_h0.3,0.3113205737041684
4,3,current_hgb,hgb,1,-0.03,0.03,current_hgb_w1_l-0.03_h0.03,0.3594703314196171
4,3,current_hgb,hgb,1,-0.03,0.1,current_hgb_w1_l-0.03_h0.1,0.3340011074724805
4,3,current_hgb,hgb,1,-0.03,0.3,current_hgb_w1_l-0.03_h0.3,0.3302870204774668
4,3,current_hgb,hgb,16,-0.3,0.03,current_hgb_w16_l-0.3_h0.03,0.3141033318813262
4,3,current_hgb,hgb,16,-0.3,0.1,current_hgb_w16_l-0.3_h0.1,0.29297191003389766
4,3,current_hgb,hgb,16,-0.3,0.3,current_hgb_w16_l-0.3_h0.3,0.28869820089178333
4,3,current_hgb,hgb,16,-0.1,0.03,current_hgb_w16_l-0.1_h0.03,0.3326412114665534
4,3,current_hgb,hgb,16,-0.1,0.1,current_hgb_w16_l-0.1_h0.1,0.31150978961912484
4,3,current_hgb,hgb,16,-0.1,0.3,current_hgb_w16_l-0.1_h0.3,0.3072360804770105
4,3,current_hgb,hgb,16,-0.03,0.03,current_hgb_w16_l-0.03_h0.03,0.360091980111177
4,3,current_hgb,hgb,16,-0.03,0.1,current_hgb_w16_l-0.03_h0.1,0.33896055826374843
4,3,current_hgb,hgb,16,-0.03,0.3,current_hgb_w16_l-0.03_h0.3,0.33468684912163416
4,3,current_trees,trees,1,-0.3,0.03,current_trees_w1_l-0.3_h0.03,0.2842476107580435
4,3,current_trees,trees,1,-0.3,0.1,current_trees_w1_l-0.3_h0.1,0.29142845360090897
4,3,current_trees,trees,1,-0.3,0.3,current_trees_w1_l-0.3_h0.3,0.2821776757561894
4,3,current_trees,trees,1,-0.1,0.03,current_trees_w1_l-0.1_h0.03,0.2857731014009656
4,3,current_trees,trees,1,-0.1,0.1,current_trees_w1_l-0.1_h0.1,0.29295394424383114
4,3,current_trees,trees,1,-0.1,0.3,current_trees_w1_l-0.1_h0.3,0.28370316639911153
4,3,current_trees,trees,1,-0.03,0.03,current_trees_w1_l-0.03_h0.03,0.3153036377083797
4,3,current_trees,trees,1,-0.03,0.1,current_trees_w1_l-0.03_h0.1,0.3224844805512452
4,3,current_trees,trees,1,-0.03,0.3,current_trees_w1_l-0.03_h0.3,0.3132337027065257
4,3,current_trees,trees,16,-0.3,0.03,current_trees_w16_l-0.3_h0.03,0.2882724716710832
4,3,current_trees,trees,16,-0.3,0.1,current_trees_w16_l-0.3_h0.1,0.283081835050163
4,3,current_trees,trees,16,-0.3,0.3,current_trees_w16_l-0.3_h0.3,0.2787844405491464
4,3,current_trees,trees,16,-0.1,0.03,current_trees_w16_l-0.1_h0.03,0.2958750548075725
4,3,current_trees,trees,16,-0.1,0.1,current_trees_w16_l-0.1_h0.1,0.29068441818665225
4,3,current_trees,trees,16,-0.1,0.3,current_trees_w16_l-0.1_h0.3,0.28638702368563573
4,3,current_trees,trees,16,-0.03,0.03,current_trees_w16_l-0.03_h0.03,0.32376592568868445
4,3,current_trees,trees,16,-0.03,0.1,current_trees_w16_l-0.03_h0.1,0.3185752890677642
4,3,current_trees,trees,16,-0.03,0.3,current_trees_w16_l-0.03_h0.3,0.3142778945667477
4,3,multiscale_ridge,ridge,1,-0.3,0.03,multiscale_ridge_w1_l-0.3_h0.03,0.3987004334255486
4,3,multiscale_ridge,ridge,1,-0.3,0.1,multiscale_ridge_w1_l-0.3_h0.1,0.3931875848696427
4,3,multiscale_ridge,ridge,1,-0.3,0.3,multiscale_ridge_w1_l-0.3_h0.3,0.3359686362972359
4,3,multiscale_ridge,ridge,1,-0.1,0.03,multiscale_ridge_w1_l-0.1_h0.03,0.4092768377411754
4,3,multiscale_ridge,ridge,1,-0.1,0.1,multiscale_ridge_w1_l-0.1_h0.1,0.40376398918526946
4,3,multiscale_ridge,ridge,1,-0.1,0.3,multiscale_ridge_w1_l-0.1_h0.3,0.3465450406128626
4,3,multiscale_ridge,ridge,1,-0.03,0.03,multiscale_ridge_w1_l-0.03_h0.03,0.41249228357285417
4,3,multiscale_ridge,ridge,1,-0.03,0.1,multiscale_ridge_w1_l-0.03_h0.1,0.4069794350169482
4,3,multiscale_ridge,ridge,1,-0.03,0.3,multiscale_ridge_w1_l-0.03_h0.3,0.3497604864445414
4,3,multiscale_ridge,ridge,16,-0.3,0.03,multiscale_ridge_w16_l-0.3_h0.03,0.40589942070737084
4,3,multiscale_ridge,ridge,16,-0.3,0.1,multiscale_ridge_w16_l-0.3_h0.1,0.3843025699759589
4,3,multiscale_ridge,ridge,16,-0.3,0.3,multiscale_ridge_w16_l-0.3_h0.3,0.3244116862360442
4,3,multiscale_ridge,ridge,16,-0.1,0.03,multiscale_ridge_w16_l-0.1_h0.03,0.4177260930696853
4,3,multiscale_ridge,ridge,16,-0.1,0.1,multiscale_ridge_w16_l-0.1_h0.1,0.3961292423382734
4,3,multiscale_ridge,ridge,16,-0.1,0.3,multiscale_ridge_w16_l-0.1_h0.3,0.33623835859835866
4,3,multiscale_ridge,ridge,16,-0.03,0.03,multiscale_ridge_w16_l-0.03_h0.03,0.4235420320539058
4,3,multiscale_ridge,ridge,16,-0.03,0.1,multiscale_ridge_w16_l-0.03_h0.1,0.40194518132249396
4,3,multiscale_ridge,ridge,16,-0.03,0.3,multiscale_ridge_w16_l-0.03_h0.3,0.3420542975825792
4,3,multiscale_rbf,rbf,1,-0.3,0.03,multiscale_rbf_w1_l-0.3_h0.03,0.36343790651514324
4,3,multiscale_rbf,rbf,1,-0.3,0.1,multiscale_rbf_w1_l-0.3_h0.1,0.34110216660073955
4,3,multiscale_rbf,rbf,1,-0.3,0.3,multiscale_rbf_w1_l-0.3_h0.3,0.30107718922373133
4,3,multiscale_rbf,rbf,1,-0.1,0.03,multiscale_rbf_w1_l-0.1_h0.03,0.3910067415317891
4,3,multiscale_rbf,rbf,1,-0.1,0.1,multiscale_rbf_w1_l-0.1_h0.1,0.3686710016173855
4,3,multiscale_rbf,rbf,1,-0.1,0.3,multiscale_rbf_w1_l-0.1_h0.3,0.32864602424037714
4,3,multiscale_rbf,rbf,1,-0.03,0.03,multiscale_rbf_w1_l-0.03_h0.03,0.39775825382958313
4,3,multiscale_rbf,rbf,1,-0.03,0.1,multiscale_rbf_w1_l-0.03_h0.1,0.3754225139151794
4,3,multiscale_rbf,rbf,1,-0.03,0.3,multiscale_rbf_w1_l-0.03_h0.3,0.33539753653817117
4,3,multiscale_rbf,rbf,16,-0.3,0.03,multiscale_rbf_w16_l-0.3_h0.03,0.35860851985028647
4,3,multiscale_rbf,rbf,16,-0.3,0.1,multiscale_rbf_w16_l-0.3_h0.1,0.31888912082305204
4,3,multiscale_rbf,rbf,16,-0.3,0.3,multiscale_rbf_w16_l-0.3_h0.3,0.30704906043285796
4,3,multiscale_rbf,rbf,16,-0.1,0.03,multiscale_rbf_w16_l-0.1_h0.03,0.3843425903048785
4,3,multiscale_rbf,rbf,16,-0.1,0.1,multiscale_rbf_w16_l-0.1_h0.1,0.3446231912776441
4,3,multiscale_rbf,rbf,16,-0.1,0.3,multiscale_rbf_w16_l-0.1_h0.3,0.33278313088745004
4,3,multiscale_rbf,rbf,16,-0.03,0.03,multiscale_rbf_w16_l-0.03_h0.03,0.38289687559377483
4,3,multiscale_rbf,rbf,16,-0.03,0.1,multiscale_rbf_w16_l-0.03_h0.1,0.34317747656654046
4,3,multiscale_rbf,rbf,16,-0.03,0.3,multiscale_rbf_w16_l-0.03_h0.3,0.33133741617634643
4,3,multiscale_hgb,hgb,1,-0.3,0.03,multiscale_hgb_w1_l-0.3_h0.03,0.33022888797145616
4,3,multiscale_hgb,hgb,1,-0.3,0.1,multiscale_hgb_w1_l-0.3_h0.1,0.32447855951919924
4,3,multiscale_hgb,hgb,1,-0.3,0.3,multiscale_hgb_w1_l-0.3_h0.3,0.2925214233213452
4,3,multiscale_hgb,hgb,1,-0.1,0.03,multiscale_hgb_w1_l-0.1_h0.03,0.37969238902717206
4,3,multiscale_hgb,hgb,1,-0.1,0.1,multiscale_hgb_w1_l-0.1_h0.1,0.37394206057491514
4,3,multiscale_hgb,hgb,1,-0.1,0.3,multiscale_hgb_w1_l-0.1_h0.3,0.3419849243770611
4,3,multiscale_hgb,hgb,1,-0.03,0.03,multiscale_hgb_w1_l-0.03_h0.03,0.40324613155955136
4,3,multiscale_hgb,hgb,1,-0.03,0.1,multiscale_hgb_w1_l-0.03_h0.1,0.3974958031072944
4,3,multiscale_hgb,hgb,1,-0.03,0.3,multiscale_hgb_w1_l-0.03_h0.3,0.3655386669094403
4,3,multiscale_hgb,hgb,16,-0.3,0.03,multiscale_hgb_w16_l-0.3_h0.03,0.34415656156627095
4,3,multiscale_hgb,hgb,16,-0.3,0.1,multiscale_hgb_w16_l-0.3_h0.1,0.32447690579775934
4,3,multiscale_hgb,hgb,16,-0.3,0.3,multiscale_hgb_w16_l-0.3_h0.3,0.2889448585539552
4,3,multiscale_hgb,hgb,16,-0.1,0.03,multiscale_hgb_w16_l-0.1_h0.03,0.3849907346905727
4,3,multiscale_hgb,hgb,16,-0.1,0.1,multiscale_hgb_w16_l-0.1_h0.1,0.36531107892206105
4,3,multiscale_hgb,hgb,16,-0.1,0.3,multiscale_hgb_w16_l-0.1_h0.3,0.32977903167825695
4,3,multiscale_hgb,hgb,16,-0.03,0.03,multiscale_hgb_w16_l-0.03_h0.03,0.41563683440480736
4,3,multiscale_hgb,hgb,16,-0.03,0.1,multiscale_hgb_w16_l-0.03_h0.1,0.3959571786362957
4,3,multiscale_hgb,hgb,16,-0.03,0.3,multiscale_hgb_w16_l-0.03_h0.3,0.36042513139249155
4,3,multiscale_trees,trees,1,-0.3,0.03,multiscale_trees_w1_l-0.3_h0.03,0.298338820801638
4,3,multiscale_trees,trees,1,-0.3,0.1,multiscale_trees_w1_l-0.3_h0.1,0.296027618548147
4,3,multiscale_trees,trees,1,-0.3,0.3,multiscale_trees_w1_l-0.3_h0.3,0.2979740866965013
4,3,multiscale_trees,trees,1,-0.1,0.03,multiscale_trees_w1_l-0.1_h0.03,0.32267788233868494
4,3,multiscale_trees,trees,1,-0.1,0.1,multiscale_trees_w1_l-0.1_h0.1,0.320366680085194
4,3,multiscale_trees,trees,1,-0.1,0.3,multiscale_trees_w1_l-0.1_h0.3,0.32231314823354823
4,3,multiscale_trees,trees,1,-0.03,0.03,multiscale_trees_w1_l-0.03_h0.03,0.35587606320711235
4,3,multiscale_trees,trees,1,-0.03,0.1,multiscale_trees_w1_l-0.03_h0.1,0.35356486095362133
4,3,multiscale_trees,trees,1,-0.03,0.3,multiscale_trees_w1_l-0.03_h0.3,0.35551132910197564
4,3,multiscale_trees,trees,16,-0.3,0.03,multiscale_trees_w16_l-0.3_h0.03,0.3129344434741458
4,3,multiscale_trees,trees,16,-0.3,0.1,multiscale_trees_w16_l-0.3_h0.1,0.30494425991243784
4,3,multiscale_trees,trees,16,-0.3,0.3,multiscale_trees_w16_l-0.3_h0.3,0.30571818123100036
4,3,multiscale_trees,trees,16,-0.1,0.03,multiscale_trees_w16_l-0.1_h0.03,0.33128021315299383
4,3,multiscale_trees,trees,16,-0.1,0.1,multiscale_trees_w16_l-0.1_h0.1,0.3232900295912859
4,3,multiscale_trees,trees,16,-0.1,0.3,multiscale_trees_w16_l-0.1_h0.3,0.3240639509098484
4,3,multiscale_trees,trees,16,-0.03,0.03,multiscale_trees_w16_l-0.03_h0.03,0.35829041935297057
4,3,multiscale_trees,trees,16,-0.03,0.1,multiscale_trees_w16_l-0.03_h0.1,0.3503002357912626
4,3,multiscale_trees,trees,16,-0.03,0.3,multiscale_trees_w16_l-0.03_h0.3,0.3510741571098251
4,3,relative_ridge,ridge,1,-0.3,0.03,relative_ridge_w1_l-0.3_h0.03,0.32529628372639663
4,3,relative_ridge,ridge,1,-0.3,0.1,relative_ridge_w1_l-0.3_h0.1,0.31561912131073205
4,3,relative_ridge,ridge,1,-0.3,0.3,relative_ridge_w1_l-0.3_h0.3,0.29641757739619196
4,3,relative_ridge,ridge,1,-0.1,0.03,relative_ridge_w1_l-0.1_h0.03,0.3551266895288719
4,3,relative_ridge,ridge,1,-0.1,0.1,relative_ridge_w1_l-0.1_h0.1,0.34544952711320737
4,3,relative_ridge,ridge,1,-0.1,0.3,relative_ridge_w1_l-0.1_h0.3,0.3262479831986673
4,3,relative_ridge,ridge,1,-0.03,0.03,relative_ridge_w1_l-0.03_h0.03,0.37926399118425347
4,3,relative_ridge,ridge,1,-0.03,0.1,relative_ridge_w1_l-0.03_h0.1,0.36958682876858895
4,3,relative_ridge,ridge,1,-0.03,0.3,relative_ridge_w1_l-0.03_h0.3,0.3503852848540489
4,3,relative_ridge,ridge,16,-0.3,0.03,relative_ridge_w16_l-0.3_h0.03,0.3156964251155444
4,3,relative_ridge,ridge,16,-0.3,0.1,relative_ridge_w16_l-0.3_h0.1,0.3023681074201816
4,3,relative_ridge,ridge,16,-0.3,0.3,relative_ridge_w16_l-0.3_h0.3,0.2828682940165533
4,3,relative_ridge,ridge,16,-0.1,0.03,relative_ridge_w16_l-0.1_h0.03,0.35253680225406403
4,3,relative_ridge,ridge,16,-0.1,0.1,relative_ridge_w16_l-0.1_h0.1,0.33920848455870123
4,3,relative_ridge,ridge,16,-0.1,0.3,relative_ridge_w16_l-0.1_h0.3,0.31970867115507284
4,3,relative_ridge,ridge,16,-0.03,0.03,relative_ridge_w16_l-0.03_h0.03,0.3921785152183004
4,3,relative_ridge,ridge,16,-0.03,0.1,relative_ridge_w16_l-0.03_h0.1,0.3788501975229375
4,3,relative_ridge,ridge,16,-0.03,0.3,relative_ridge_w16_l-0.03_h0.3,0.3593503841193092
4,3,relative_rbf,rbf,1,-0.3,0.03,relative_rbf_w1_l-0.3_h0.03,0.32130269255223987
4,3,relative_rbf,rbf,1,-0.3,0.1,relative_rbf_w1_l-0.3_h0.1,0.3121062433215415
4,3,relative_rbf,rbf,1,-0.3,0.3,relative_rbf_w1_l-0.3_h0.3,0.28938862729913895
4,3,relative_rbf,rbf,1,-0.1,0.03,relative_rbf_w1_l-0.1_h0.03,0.3548118376611941
4,3,relative_rbf,rbf,1,-0.1,0.1,relative_rbf_w1_l-0.1_h0.1,0.3456153884304958
4,3,relative_rbf,rbf,1,-0.1,0.3,relative_rbf_w1_l-0.1_h0.3,0.32289777240809314
4,3,relative_rbf,rbf,1,-0.03,0.03,relative_rbf_w1_l-0.03_h0.03,0.3645448857333049
4,3,relative_rbf,rbf,1,-0.03,0.1,relative_rbf_w1_l-0.03_h0.1,0.35534843650260656
4,3,relative_rbf,rbf,1,-0.03,0.3,relative_rbf_w1_l-0.03_h0.3,0.3326308204802039
4,3,relative_rbf,rbf,16,-0.3,0.03,relative_rbf_w16_l-0.3_h0.03,0.3141193151533344
4,3,relative_rbf,rbf,16,-0.3,0.1,relative_rbf_w16_l-0.3_h0.1,0.2947987567730508
4,3,relative_rbf,rbf,16,-0.3,0.3,relative_rbf_w16_l-0.3_h0.3,0.27888247279781675
4,3,relative_rbf,rbf,16,-0.1,0.03,relative_rbf_w16_l-0.1_h0.03,0.34133843075604425
4,3,relative_rbf,rbf,16,-0.1,0.1,relative_rbf_w16_l-0.1_h0.1,0.32201787237576057
4,3,relative_rbf,rbf,16,-0.1,0.3,relative_rbf_w16_l-0.1_h0.3,0.3061015884005265
4,3,relative_rbf,rbf,16,-0.03,0.03,relative_rbf_w16_l-0.03_h0.03,0.38212294731729546
4,3,relative_rbf,rbf,16,-0.03,0.1,relative_rbf_w16_l-0.03_h0.1,0.3628023889370119
4,3,relative_rbf,rbf,16,-0.03,0.3,relative_rbf_w16_l-0.03_h0.3,0.3468861049617778
4,3,relative_hgb,hgb,1,-0.3,0.03,relative_hgb_w1_l-0.3_h0.03,0.3069378179252667
4,3,relative_hgb,hgb,1,-0.3,0.1,relative_hgb_w1_l-0.3_h0.1,0.303085204632906
4,3,relative_hgb,hgb,1,-0.3,0.3,relative_hgb_w1_l-0.3_h0.3,0.28736929079369006
4,3,relative_hgb,hgb,1,-0.1,0.03,relative_hgb_w1_l-0.1_h0.03,0.3397024198860801
4,3,relative_hgb,hgb,1,-0.1,0.1,relative_hgb_w1_l-0.1_h0.1,0.3358498065937193
4,3,relative_hgb,hgb,1,-0.1,0.3,relative_hgb_w1_l-0.1_h0.3,0.3201338927545034
4,3,relative_hgb,hgb,1,-0.03,0.03,relative_hgb_w1_l-0.03_h0.03,0.3633828023726814
4,3,relative_hgb,hgb,1,-0.03,0.1,relative_hgb_w1_l-0.03_h0.1,0.3595301890803206
4,3,relative_hgb,hgb,1,-0.03,0.3,relative_hgb_w1_l-0.03_h0.3,0.34381427524110475
4,3,relative_hgb,hgb,16,-0.3,0.03,relative_hgb_w16_l-0.3_h0.03,0.29285126822809915
4,3,relative_hgb,hgb,16,-0.3,0.1,relative_hgb_w16_l-0.3_h0.1,0.28394635424915016
4,3,relative_hgb,hgb,16,-0.3,0.3,relative_hgb_w16_l-0.3_h0.3,0.277269129594711
4,3,relative_hgb,hgb,16,-0.1,0.03,relative_hgb_w16_l-0.1_h0.03,0.32559700477031134
4,3,relative_hgb,hgb,16,-0.1,0.1,relative_hgb_w16_l-0.1_h0.1,0.31669209079136224
4,3,relative_hgb,hgb,16,-0.1,0.3,relative_hgb_w16_l-0.1_h0.3,0.31001486613692314
4,3,relative_hgb,hgb,16,-0.03,0.03,relative_hgb_w16_l-0.03_h0.03,0.3651631895362538
4,3,relative_hgb,hgb,16,-0.03,0.1,relative_hgb_w16_l-0.03_h0.1,0.35625827555730477
4,3,relative_hgb,hgb,16,-0.03,0.3,relative_hgb_w16_l-0.03_h0.3,0.3495810509028657
4,3,relative_trees,trees,1,-0.3,0.03,relative_trees_w1_l-0.3_h0.03,0.32369923150465224
4,3,relative_trees,trees,1,-0.3,0.1,relative_trees_w1_l-0.3_h0.1,0.29899198862393317
4,3,relative_trees,trees,1,-0.3,0.3,relative_trees_w1_l-0.3_h0.3,0.284821235474668
4,3,relative_trees,trees,1,-0.1,0.03,relative_trees_w1_l-0.1_h0.03,0.33290749948308423
4,3,relative_trees,trees,1,-0.1,0.1,relative_trees_w1_l-0.1_h0.1,0.3082002566023651
4,3,relative_trees,trees,1,-0.1,0.3,relative_trees_w1_l-0.1_h0.3,0.29402950345309997
4,3,relative_trees,trees,1,-0.03,0.03,relative_trees_w1_l-0.03_h0.03,0.36377153225453684
4,3,relative_trees,trees,1,-0.03,0.1,relative_trees_w1_l-0.03_h0.1,0.3390642893738177
4,3,relative_trees,trees,1,-0.03,0.3,relative_trees_w1_l-0.03_h0.3,0.3248935362245525
4,3,relative_trees,trees,16,-0.3,0.03,relative_trees_w16_l-0.3_h0.03,0.30120248098510866
4,3,relative_trees,trees,16,-0.3,0.1,relative_trees_w16_l-0.3_h0.1,0.28007218696457065
4,3,relative_trees,trees,16,-0.3,0.3,relative_trees_w16_l-0.3_h0.3,0.27966314731020614
4,3,relative_trees,trees,16,-0.1,0.03,relative_trees_w16_l-0.1_h0.03,0.3126457345189161
4,3,relative_trees,trees,16,-0.1,0.1,relative_trees_w16_l-0.1_h0.1,0.29151544049837813
4,3,relative_trees,trees,16,-0.1,0.3,relative_trees_w16_l-0.1_h0.3,0.29110640084401357
4,3,relative_trees,trees,16,-0.03,0.03,relative_trees_w16_l-0.03_h0.03,0.3576636277102644
4,3,relative_trees,trees,16,-0.03,0.1,relative_trees_w16_l-0.03_h0.1,0.33653333368972643
4,3,relative_trees,trees,16,-0.03,0.3,relative_trees_w16_l-0.03_h0.3,0.3361242940353619
5,1,current_ridge,ridge,1,-0.3,0.03,current_ridge_w1_l-0.3_h0.03,0.32908839969923975
5,1,current_ridge,ridge,1,-0.3,0.1,current_ridge_w1_l-0.3_h0.1,0.33266185058709646
5,1,current_ridge,ridge,1,-0.3,0.3,current_ridge_w1_l-0.3_h0.3,0.3316987406936974
5,1,current_ridge,ridge,1,-0.1,0.03,current_ridge_w1_l-0.1_h0.03,0.33201578293554385
5,1,current_ridge,ridge,1,-0.1,0.1,current_ridge_w1_l-0.1_h0.1,0.3355892338234005
5,1,current_ridge,ridge,1,-0.1,0.3,current_ridge_w1_l-0.1_h0.3,0.3346261239300015
5,1,current_ridge,ridge,1,-0.03,0.03,current_ridge_w1_l-0.03_h0.03,0.3328269121227828
5,1,current_ridge,ridge,1,-0.03,0.1,current_ridge_w1_l-0.03_h0.1,0.3364003630106395
5,1,current_ridge,ridge,1,-0.03,0.3,current_ridge_w1_l-0.03_h0.3,0.3354372531172405
5,1,current_ridge,ridge,16,-0.3,0.03,current_ridge_w16_l-0.3_h0.03,0.3415455796366205
5,1,current_ridge,ridge,16,-0.3,0.1,current_ridge_w16_l-0.3_h0.1,0.32408828871510864
5,1,current_ridge,ridge,16,-0.3,0.3,current_ridge_w16_l-0.3_h0.3,0.33251496371629846
5,1,current_ridge,ridge,16,-0.1,0.03,current_ridge_w16_l-0.1_h0.03,0.34741280001831204
5,1,current_ridge,ridge,16,-0.1,0.1,current_ridge_w16_l-0.1_h0.1,0.3299555090968001
5,1,current_ridge,ridge,16,-0.1,0.3,current_ridge_w16_l-0.1_h0.3,0.3383821840979899
5,1,current_ridge,ridge,16,-0.03,0.03,current_ridge_w16_l-0.03_h0.03,0.3501696028565477
5,1,current_ridge,ridge,16,-0.03,0.1,current_ridge_w16_l-0.03_h0.1,0.3327123119350358
5,1,current_ridge,ridge,16,-0.03,0.3,current_ridge_w16_l-0.03_h0.3,0.3411389869362256
5,1,current_rbf,rbf,1,-0.3,0.03,current_rbf_w1_l-0.3_h0.03,0.33939020951618026
5,1,current_rbf,rbf,1,-0.3,0.1,current_rbf_w1_l-0.3_h0.1,0.33701797651003373
5,1,current_rbf,rbf,1,-0.3,0.3,current_rbf_w1_l-0.3_h0.3,0.33499345407270564
5,1,current_rbf,rbf,1,-0.1,0.03,current_rbf_w1_l-0.1_h0.03,0.3343360774254526
5,1,current_rbf,rbf,1,-0.1,0.1,current_rbf_w1_l-0.1_h0.1,0.33196384441930615
5,1,current_rbf,rbf,1,-0.1,0.3,current_rbf_w1_l-0.1_h0.3,0.32993932198197795
5,1,current_rbf,rbf,1,-0.03,0.03,current_rbf_w1_l-0.03_h0.03,0.3417173168512625
5,1,current_rbf,rbf,1,-0.03,0.1,current_rbf_w1_l-0.03_h0.1,0.339345083845116
5,1,current_rbf,rbf,1,-0.03,0.3,current_rbf_w1_l-0.03_h0.3,0.3373205614077878
5,1,current_rbf,rbf,16,-0.3,0.03,current_rbf_w16_l-0.3_h0.03,0.3442176821781083
5,1,current_rbf,rbf,16,-0.3,0.1,current_rbf_w16_l-0.3_h0.1,0.33466808662863734
5,1,current_rbf,rbf,16,-0.3,0.3,current_rbf_w16_l-0.3_h0.3,0.3338298406976819
5,1,current_rbf,rbf,16,-0.1,0.03,current_rbf_w16_l-0.1_h0.03,0.3470353855185604
5,1,current_rbf,rbf,16,-0.1,0.1,current_rbf_w16_l-0.1_h0.1,0.3374857899690894
5,1,current_rbf,rbf,16,-0.1,0.3,current_rbf_w16_l-0.1_h0.3,0.33664754403813396
5,1,current_rbf,rbf,16,-0.03,0.03,current_rbf_w16_l-0.03_h0.03,0.34848971609182455
5,1,current_rbf,rbf,16,-0.03,0.1,current_rbf_w16_l-0.03_h0.1,0.33894012054235356
5,1,current_rbf,rbf,16,-0.03,0.3,current_rbf_w16_l-0.03_h0.3,0.3381018746113981
5,1,current_hgb,hgb,1,-0.3,0.03,current_hgb_w1_l-0.3_h0.03,0.33567265959751985
5,1,current_hgb,hgb,1,-0.3,0.1,current_hgb_w1_l-0.3_h0.1,0.3369343236863511
5,1,current_hgb,hgb,1,-0.3,0.3,current_hgb_w1_l-0.3_h0.3,0.33862601231310174
5,1,current_hgb,hgb,1,-0.1,0.03,current_hgb_w1_l-0.1_h0.03,0.32196284903485267
5,1,current_hgb,hgb,1,-0.1,0.1,current_hgb_w1_l-0.1_h0.1,0.32322451312368394
5,1,current_hgb,hgb,1,-0.1,0.3,current_hgb_w1_l-0.1_h0.3,0.32491620175043456
5,1,current_hgb,hgb,1,-0.03,0.03,current_hgb_w1_l-0.03_h0.03,0.3311908760634071
5,1,current_hgb,hgb,1,-0.03,0.1,current_hgb_w1_l-0.03_h0.1,0.33245254015223835
5,1,current_hgb,hgb,1,-0.03,0.3,current_hgb_w1_l-0.03_h0.3,0.334144228778989
5,1,current_hgb,hgb,16,-0.3,0.03,current_hgb_w16_l-0.3_h0.03,0.3497019253931362
5,1,current_hgb,hgb,16,-0.3,0.1,current_hgb_w16_l-0.3_h0.1,0.3444288091937424
5,1,current_hgb,hgb,16,-0.3,0.3,current_hgb_w16_l-0.3_h0.3,0.3306549918852248
5,1,current_hgb,hgb,16,-0.1,0.03,current_hgb_w16_l-0.1_h0.03,0.3436089150397854
5,1,current_hgb,hgb,16,-0.1,0.1,current_hgb_w16_l-0.1_h0.1,0.3383357988403915
5,1,current_hgb,hgb,16,-0.1,0.3,current_hgb_w16_l-0.1_h0.3,0.324561981531874
5,1,current_hgb,hgb,16,-0.03,0.03,current_hgb_w16_l-0.03_h0.03,0.33892170085578643
5,1,current_hgb,hgb,16,-0.03,0.1,current_hgb_w16_l-0.03_h0.1,0.3336485846563925
5,1,current_hgb,hgb,16,-0.03,0.3,current_hgb_w16_l-0.03_h0.3,0.31987476734787507
5,1,current_trees,trees,1,-0.3,0.03,current_trees_w1_l-0.3_h0.03,0.3375414687968605
5,1,current_trees,trees,1,-0.3,0.1,current_trees_w1_l-0.3_h0.1,0.34093040297000066
5,1,current_trees,trees,1,-0.3,0.3,current_trees_w1_l-0.3_h0.3,0.3342609771181199
5,1,current_trees,trees,1,-0.1,0.03,current_trees_w1_l-0.1_h0.03,0.3379276201587755
5,1,current_trees,trees,1,-0.1,0.1,current_trees_w1_l-0.1_h0.1,0.34131655433191566
5,1,current_trees,trees,1,-0.1,0.3,current_trees_w1_l-0.1_h0.3,0.33464712848003486
5,1,current_trees,trees,1,-0.03,0.03,current_trees_w1_l-0.03_h0.03,0.3312044338496619
5,1,current_trees,trees,1,-0.03,0.1,current_trees_w1_l-0.03_h0.1,0.33459336802280204
5,1,current_trees,trees,1,-0.03,0.3,current_trees_w1_l-0.03_h0.3,0.32792394217092136
5,1,current_trees,trees,16,-0.3,0.03,current_trees_w16_l-0.3_h0.03,0.34495321454176586
5,1,current_trees,trees,16,-0.3,0.1,current_trees_w16_l-0.3_h0.1,0.3377273164103693
5,1,current_trees,trees,16,-0.3,0.3,current_trees_w16_l-0.3_h0.3,0.33333333333333326
5,1,current_trees,trees,16,-0.1,0.03,current_trees_w16_l-0.1_h0.03,0.35030535300319693
5,1,current_trees,trees,16,-0.1,0.1,current_trees_w16_l-0.1_h0.1,0.3430794548718003
5,1,current_trees,trees,16,-0.1,0.3,current_trees_w16_l-0.1_h0.3,0.33868547179476427
5,1,current_trees,trees,16,-0.03,0.03,current_trees_w16_l-0.03_h0.03,0.3382520986760759
5,1,current_trees,trees,16,-0.03,0.1,current_trees_w16_l-0.03_h0.1,0.33102620054467935
5,1,current_trees,trees,16,-0.03,0.3,current_trees_w16_l-0.03_h0.3,0.32663221746764337
5,1,multiscale_ridge,ridge,1,-0.3,0.03,multiscale_ridge_w1_l-0.3_h0.03,0.3246375951111049
5,1,multiscale_ridge,ridge,1,-0.3,0.1,multiscale_ridge_w1_l-0.3_h0.1,0.32208976158575875
5,1,multiscale_ridge,ridge,1,-0.3,0.3,multiscale_ridge_w1_l-0.3_h0.3,0.3328604846742502
5,1,multiscale_ridge,ridge,1,-0.1,0.03,multiscale_ridge_w1_l-0.1_h0.03,0.3242835870079166
5,1,multiscale_ridge,ridge,1,-0.1,0.1,multiscale_ridge_w1_l-0.1_h0.1,0.3217357534825704
5,1,multiscale_ridge,ridge,1,-0.1,0.3,multiscale_ridge_w1_l-0.1_h0.3,0.332506476571062
5,1,multiscale_ridge,ridge,1,-0.03,0.03,multiscale_ridge_w1_l-0.03_h0.03,0.3121801914256579
5,1,multiscale_ridge,ridge,1,-0.03,0.1,multiscale_ridge_w1_l-0.03_h0.1,0.30963235790031174
5,1,multiscale_ridge,ridge,1,-0.03,0.3,multiscale_ridge_w1_l-0.03_h0.3,0.32040308098880327
5,1,multiscale_ridge,ridge,16,-0.3,0.03,multiscale_ridge_w16_l-0.3_h0.03,0.32845232521407913
5,1,multiscale_ridge,ridge,16,-0.3,0.1,multiscale_ridge_w16_l-0.3_h0.1,0.32031569800467385
5,1,multiscale_ridge,ridge,16,-0.3,0.3,multiscale_ridge_w16_l-0.3_h0.3,0.3346794582599305
5,1,multiscale_ridge,ridge,16,-0.1,0.03,multiscale_ridge_w16_l-0.1_h0.03,0.33215716165381626
5,1,multiscale_ridge,ridge,16,-0.1,0.1,multiscale_ridge_w16_l-0.1_h0.1,0.3240205344444109
5,1,multiscale_ridge,ridge,16,-0.1,0.3,multiscale_ridge_w16_l-0.1_h0.3,0.33838429469966763
5,1,multiscale_ridge,ridge,16,-0.03,0.03,multiscale_ridge_w16_l-0.03_h0.03,0.3216568801178993
5,1,multiscale_ridge,ridge,16,-0.03,0.1,multiscale_ridge_w16_l-0.03_h0.1,0.31352025290849395
5,1,multiscale_ridge,ridge,16,-0.03,0.3,multiscale_ridge_w16_l-0.03_h0.3,0.32788401316375065
5,1,multiscale_rbf,rbf,1,-0.3,0.03,multiscale_rbf_w1_l-0.3_h0.03,0.30544069767086796
5,1,multiscale_rbf,rbf,1,-0.3,0.1,multiscale_rbf_w1_l-0.3_h0.1,0.31015966786556665
5,1,multiscale_rbf,rbf,1,-0.3,0.3,multiscale_rbf_w1_l-0.3_h0.3,0.323829821889645
5,1,multiscale_rbf,rbf,1,-0.1,0.03,multiscale_rbf_w1_l-0.1_h0.03,0.3020975320114642
5,1,multiscale_rbf,rbf,1,-0.1,0.1,multiscale_rbf_w1_l-0.1_h0.1,0.3068165022061629
5,1,multiscale_rbf,rbf,1,-0.1,0.3,multiscale_rbf_w1_l-0.1_h0.3,0.32048665623024125
5,1,multiscale_rbf,rbf,1,-0.03,0.03,multiscale_rbf_w1_l-0.03_h0.03,0.30591139182851945
5,1,multiscale_rbf,rbf,1,-0.03,0.1,multiscale_rbf_w1_l-0.03_h0.1,0.3106303620232182
5,1,multiscale_rbf,rbf,1,-0.03,0.3,multiscale_rbf_w1_l-0.03_h0.3,0.3243005160472964
5,1,multiscale_rbf,rbf,16,-0.3,0.03,multiscale_rbf_w16_l-0.3_h0.03,0.30898514936824684
5,1,multiscale_rbf,rbf,16,-0.3,0.1,multiscale_rbf_w16_l-0.3_h0.1,0.3141636093279903
5,1,multiscale_rbf,rbf,16,-0.3,0.3,multiscale_rbf_w16_l-0.3_h0.3,0.332260176707845
5,1,multiscale_rbf,rbf,16,-0.1,0.03,multiscale_rbf_w16_l-0.1_h0.03,0.30400533535950897
5,1,multiscale_rbf,rbf,16,-0.1,0.1,multiscale_rbf_w16_l-0.1_h0.1,0.3091837953192525
5,1,multiscale_rbf,rbf,16,-0.1,0.3,multiscale_rbf_w16_l-0.1_h0.3,0.32728036269910726
5,1,multiscale_rbf,rbf,16,-0.03,0.03,multiscale_rbf_w16_l-0.03_h0.03,0.3035491526158406
5,1,multiscale_rbf,rbf,16,-0.03,0.1,multiscale_rbf_w16_l-0.03_h0.1,0.3087276125755841
5,1,multiscale_rbf,rbf,16,-0.03,0.3,multiscale_rbf_w16_l-0.03_h0.3,0.3268241799554389
5,1,multiscale_hgb,hgb,1,-0.3,0.03,multiscale_hgb_w1_l-0.3_h0.03,0.325912486890359
5,1,multiscale_hgb,hgb,1,-0.3,0.1,multiscale_hgb_w1_l-0.3_h0.1,0.3244174911304577
5,1,multiscale_hgb,hgb,1,-0.3,0.3,multiscale_hgb_w1_l-0.3_h0.3,0.3274901508436901
5,1,multiscale_hgb,hgb,1,-0.1,0.03,multiscale_hgb_w1_l-0.1_h0.03,0.31502627370904557
5,1,multiscale_hgb,hgb,1,-0.1,0.1,multiscale_hgb_w1_l-0.1_h0.1,0.3135312779491442
5,1,multiscale_hgb,hgb,1,-0.1,0.3,multiscale_hgb_w1_l-0.1_h0.3,0.31660393766237677
5,1,multiscale_hgb,hgb,1,-0.03,0.03,multiscale_hgb_w1_l-0.03_h0.03,0.32532267767785483
5,1,multiscale_hgb,hgb,1,-0.03,0.1,multiscale_hgb_w1_l-0.03_h0.1,0.3238276819179536
5,1,multiscale_hgb,hgb,1,-0.03,0.3,multiscale_hgb_w1_l-0.03_h0.3,0.32690034163118603
5,1,multiscale_hgb,hgb,16,-0.3,0.03,multiscale_hgb_w16_l-0.3_h0.03,0.318212742062185
5,1,multiscale_hgb,hgb,16,-0.3,0.1,multiscale_hgb_w16_l-0.3_h0.1,0.3233728412827257
5,1,multiscale_hgb,hgb,16,-0.3,0.3,multiscale_hgb_w16_l-0.3_h0.3,0.3219603658852412
5,1,multiscale_hgb,hgb,16,-0.1,0.03,multiscale_hgb_w16_l-0.1_h0.03,0.3168984092598913
5,1,multiscale_hgb,hgb,16,-0.1,0.1,multiscale_hgb_w16_l-0.1_h0.1,0.3220585084804321
5,1,multiscale_hgb,hgb,16,-0.1,0.3,multiscale_hgb_w16_l-0.1_h0.3,0.3206460330829476
5,1,multiscale_hgb,hgb,16,-0.03,0.03,multiscale_hgb_w16_l-0.03_h0.03,0.3247711455733739
5,1,multiscale_hgb,hgb,16,-0.03,0.1,multiscale_hgb_w16_l-0.03_h0.1,0.32993124479391467
5,1,multiscale_hgb,hgb,16,-0.03,0.3,multiscale_hgb_w16_l-0.03_h0.3,0.32851876939643015
5,1,multiscale_trees,trees,1,-0.3,0.03,multiscale_trees_w1_l-0.3_h0.03,0.32307190265854074
5,1,multiscale_trees,trees,1,-0.3,0.1,multiscale_trees_w1_l-0.3_h0.1,0.331401234696211
5,1,multiscale_trees,trees,1,-0.3,0.3,multiscale_trees_w1_l-0.3_h0.3,0.3321708994232607
5,1,multiscale_trees,trees,1,-0.1,0.03,multiscale_trees_w1_l-0.1_h0.03,0.3189663713831018
5,1,multiscale_trees,trees,1,-0.1,0.1,multiscale_trees_w1_l-0.1_h0.1,0.32729570342077213
5,1,multiscale_trees,trees,1,-0.1,0.3,multiscale_trees_w1_l-0.1_h0.3,0.3280653681478218
5,1,multiscale_trees,trees,1,-0.03,0.03,multiscale_trees_w1_l-0.03_h0.03,0.3178957122518403
5,1,multiscale_trees,trees,1,-0.03,0.1,multiscale_trees_w1_l-0.03_h0.1,0.32622504428951066
5,1,multiscale_trees,trees,1,-0.03,0.3,multiscale_trees_w1_l-0.03_h0.3,0.32699470901656036
5,1,multiscale_trees,trees,16,-0.3,0.03,multiscale_trees_w16_l-0.3_h0.03,0.326538717405546
5,1,multiscale_trees,trees,16,-0.3,0.1,multiscale_trees_w16_l-0.3_h0.1,0.3277469215047534
5,1,multiscale_trees,trees,16,-0.3,0.3,multiscale_trees_w16_l-0.3_h0.3,0.3292360026184382
5,1,multiscale_trees,trees,16,-0.1,0.03,multiscale_trees_w16_l-0.1_h0.03,0.32582989112273875
5,1,multiscale_trees,trees,16,-0.1,0.1,multiscale_trees_w16_l-0.1_h0.1,0.3270380952219461
5,1,multiscale_trees,trees,16,-0.1,0.3,multiscale_trees_w16_l-0.1_h0.3,0.32852717633563094
5,1,multiscale_trees,trees,16,-0.03,0.03,multiscale_trees_w16_l-0.03_h0.03,0.3266279696918985
5,1,multiscale_trees,trees,16,-0.03,0.1,multiscale_trees_w16_l-0.03_h0.1,0.3278361737911058
5,1,multiscale_trees,trees,16,-0.03,0.3,multiscale_trees_w16_l-0.03_h0.3,0.3293252549047907
5,1,relative_ridge,ridge,1,-0.3,0.03,relative_ridge_w1_l-0.3_h0.03,0.3428547650388731
5,1,relative_ridge,ridge,1,-0.3,0.1,relative_ridge_w1_l-0.3_h0.1,0.34882080724562536
5,1,relative_ridge,ridge,1,-0.3,0.3,relative_ridge_w1_l-0.3_h0.3,0.3450399698478059
5,1,relative_ridge,ridge,1,-0.1,0.03,relative_ridge_w1_l-0.1_h0.03,0.3410799989257886
5,1,relative_ridge,ridge,1,-0.1,0.1,relative_ridge_w1_l-0.1_h0.1,0.3470460411325409
5,1,relative_ridge,ridge,1,-0.1,0.3,relative_ridge_w1_l-0.1_h0.3,0.3432652037347214
5,1,relative_ridge,ridge,1,-0.03,0.03,relative_ridge_w1_l-0.03_h0.03,0.33890727339188387
5,1,relative_ridge,ridge,1,-0.03,0.1,relative_ridge_w1_l-0.03_h0.1,0.34487331559863615
5,1,relative_ridge,ridge,1,-0.03,0.3,relative_ridge_w1_l-0.03_h0.3,0.3410924782008167
5,1,relative_ridge,ridge,16,-0.3,0.03,relative_ridge_w16_l-0.3_h0.03,0.351333098128042
5,1,relative_ridge,ridge,16,-0.3,0.1,relative_ridge_w16_l-0.3_h0.1,0.3435762130832138
5,1,relative_ridge,ridge,16,-0.3,0.3,relative_ridge_w16_l-0.3_h0.3,0.33974787564321834
5,1,relative_ridge,ridge,16,-0.1,0.03,relative_ridge_w16_l-0.1_h0.03,0.34651701971438614
5,1,relative_ridge,ridge,16,-0.1,0.1,relative_ridge_w16_l-0.1_h0.1,0.338760134669558
5,1,relative_ridge,ridge,16,-0.1,0.3,relative_ridge_w16_l-0.1_h0.3,0.3349317972295625
5,1,relative_ridge,ridge,16,-0.03,0.03,relative_ridge_w16_l-0.03_h0.03,0.3409535111167144
5,1,relative_ridge,ridge,16,-0.03,0.1,relative_ridge_w16_l-0.03_h0.1,0.33319662607188616
5,1,relative_ridge,ridge,16,-0.03,0.3,relative_ridge_w16_l-0.03_h0.3,0.3293682886318907
5,1,relative_rbf,rbf,1,-0.3,0.03,relative_rbf_w1_l-0.3_h0.03,0.34337161945453476
5,1,relative_rbf,rbf,1,-0.3,0.1,relative_rbf_w1_l-0.3_h0.1,0.34046187355051355
5,1,relative_rbf,rbf,1,-0.3,0.3,relative_rbf_w1_l-0.3_h0.3,0.34400246114031263
5,1,relative_rbf,rbf,1,-0.1,0.03,relative_rbf_w1_l-0.1_h0.03,0.3382044354562563
5,1,relative_rbf,rbf,1,-0.1,0.1,relative_rbf_w1_l-0.1_h0.1,0.335294689552235
5,1,relative_rbf,rbf,1,-0.1,0.3,relative_rbf_w1_l-0.1_h0.3,0.33883527714203404
5,1,relative_rbf,rbf,1,-0.03,0.03,relative_rbf_w1_l-0.03_h0.03,0.34056086772871164
5,1,relative_rbf,rbf,1,-0.03,0.1,relative_rbf_w1_l-0.03_h0.1,0.33765112182469037
5,1,relative_rbf,rbf,1,-0.03,0.3,relative_rbf_w1_l-0.03_h0.3,0.3411917094144895
5,1,relative_rbf,rbf,16,-0.3,0.03,relative_rbf_w16_l-0.3_h0.03,0.3370406159500055
5,1,relative_rbf,rbf,16,-0.3,0.1,relative_rbf_w16_l-0.3_h0.1,0.3292617919022171
5,1,relative_rbf,rbf,16,-0.3,0.3,relative_rbf_w16_l-0.3_h0.3,0.3346319563111054
5,1,relative_rbf,rbf,16,-0.1,0.03,relative_rbf_w16_l-0.1_h0.03,0.3375476020545085
5,1,relative_rbf,rbf,16,-0.1,0.1,relative_rbf_w16_l-0.1_h0.1,0.3297687780067201
5,1,relative_rbf,rbf,16,-0.1,0.3,relative_rbf_w16_l-0.1_h0.3,0.3351389424156083
5,1,relative_rbf,rbf,16,-0.03,0.03,relative_rbf_w16_l-0.03_h0.03,0.3353183202563321
5,1,relative_rbf,rbf,16,-0.03,0.1,relative_rbf_w16_l-0.03_h0.1,0.32753949620854367
5,1,relative_rbf,rbf,16,-0.03,0.3,relative_rbf_w16_l-0.03_h0.3,0.332909660617432
5,1,relative_hgb,hgb,1,-0.3,0.03,relative_hgb_w1_l-0.3_h0.03,0.33658479293830024
5,1,relative_hgb,hgb,1,-0.3,0.1,relative_hgb_w1_l-0.3_h0.1,0.3363411875235434
5,1,relative_hgb,hgb,1,-0.3,0.3,relative_hgb_w1_l-0.3_h0.3,0.33540764217476154
5,1,relative_hgb,hgb,1,-0.1,0.03,relative_hgb_w1_l-0.1_h0.03,0.3438262749157551
5,1,relative_hgb,hgb,1,-0.1,0.1,relative_hgb_w1_l-0.1_h0.1,0.3435826695009983
5,1,relative_hgb,hgb,1,-0.1,0.3,relative_hgb_w1_l-0.1_h0.3,0.34264912415221643
5,1,relative_hgb,hgb,1,-0.03,0.03,relative_hgb_w1_l-0.03_h0.03,0.3374946022376096
5,1,relative_hgb,hgb,1,-0.03,0.1,relative_hgb_w1_l-0.03_h0.1,0.33725099682285276
5,1,relative_hgb,hgb,1,-0.03,0.3,relative_hgb_w1_l-0.03_h0.3,0.3363174514740709
5,1,relative_hgb,hgb,16,-0.3,0.03,relative_hgb_w16_l-0.3_h0.03,0.33537183282800903
5,1,relative_hgb,hgb,16,-0.3,0.1,relative_hgb_w16_l-0.3_h0.1,0.330206683247528
5,1,relative_hgb,hgb,16,-0.3,0.3,relative_hgb_w16_l-0.3_h0.3,0.3322010363903316
5,1,relative_hgb,hgb,16,-0.1,0.03,relative_hgb_w16_l-0.1_h0.03,0.34735179444894776
5,1,relative_hgb,hgb,16,-0.1,0.1,relative_hgb_w16_l-0.1_h0.1,0.3421866448684668
5,1,relative_hgb,hgb,16,-0.1,0.3,relative_hgb_w16_l-0.1_h0.3,0.34418099801127044
5,1,relative_hgb,hgb,16,-0.03,0.03,relative_hgb_w16_l-0.03_h0.03,0.3402692750203276
5,1,relative_hgb,hgb,16,-0.03,0.1,relative_hgb_w16_l-0.03_h0.1,0.33510412543984647
5,1,relative_hgb,hgb,16,-0.03,0.3,relative_hgb_w16_l-0.03_h0.3,0.33709847858265013
5,1,relative_trees,trees,1,-0.3,0.03,relative_trees_w1_l-0.3_h0.03,0.34090000998015363
5,1,relative_trees,trees,1,-0.3,0.1,relative_trees_w1_l-0.3_h0.1,0.31945457266474586
5,1,relative_trees,trees,1,-0.3,0.3,relative_trees_w1_l-0.3_h0.3,0.3325212074420396
5,1,relative_trees,trees,1,-0.1,0.03,relative_trees_w1_l-0.1_h0.03,0.3516506244395975
5,1,relative_trees,trees,1,-0.1,0.1,relative_trees_w1_l-0.1_h0.1,0.3302051871241897
5,1,relative_trees,trees,1,-0.1,0.3,relative_trees_w1_l-0.1_h0.3,0.3432718219014835
5,1,relative_trees,trees,1,-0.03,0.03,relative_trees_w1_l-0.03_h0.03,0.35631672974064355
5,1,relative_trees,trees,1,-0.03,0.1,relative_trees_w1_l-0.03_h0.1,0.33487129242523583
5,1,relative_trees,trees,1,-0.03,0.3,relative_trees_w1_l-0.03_h0.3,0.34793792720252953
5,1,relative_trees,trees,16,-0.3,0.03,relative_trees_w16_l-0.3_h0.03,0.3457396701053697
5,1,relative_trees,trees,16,-0.3,0.1,relative_trees_w16_l-0.3_h0.1,0.3219525369819382
5,1,relative_trees,trees,16,-0.3,0.3,relative_trees_w16_l-0.3_h0.3,0.33333333333333326
5,1,relative_trees,trees,16,-0.1,0.03,relative_trees_w16_l-0.1_h0.03,0.3504433384142484
5,1,relative_trees,trees,16,-0.1,0.1,relative_trees_w16_l-0.1_h0.1,0.32665620529081696
5,1,relative_trees,trees,16,-0.1,0.3,relative_trees_w16_l-0.1_h0.3,0.33803700164221195
5,1,relative_trees,trees,16,-0.03,0.03,relative_trees_w16_l-0.03_h0.03,0.3524384633207185
5,1,relative_trees,trees,16,-0.03,0.1,relative_trees_w16_l-0.03_h0.1,0.328651330197287
5,1,relative_trees,trees,16,-0.03,0.3,relative_trees_w16_l-0.03_h0.3,0.34003212654868203
5,2,current_ridge,ridge,1,-0.3,0.03,current_ridge_w1_l-0.3_h0.03,0.2965814944202957
5,2,current_ridge,ridge,1,-0.3,0.1,current_ridge_w1_l-0.3_h0.1,0.28234198360293505
5,2,current_ridge,ridge,1,-0.3,0.3,current_ridge_w1_l-0.3_h0.3,0.28200396102054476
5,2,current_ridge,ridge,1,-0.1,0.03,current_ridge_w1_l-0.1_h0.03,0.31179588791985247
5,2,current_ridge,ridge,1,-0.1,0.1,current_ridge_w1_l-0.1_h0.1,0.2975563771024919
5,2,current_ridge,ridge,1,-0.1,0.3,current_ridge_w1_l-0.1_h0.3,0.2972183545201016
5,2,current_ridge,ridge,1,-0.03,0.03,current_ridge_w1_l-0.03_h0.03,0.3405457979832152
5,2,current_ridge,ridge,1,-0.03,0.1,current_ridge_w1_l-0.03_h0.1,0.32630628716585464
5,2,current_ridge,ridge,1,-0.03,0.3,current_ridge_w1_l-0.03_h0.3,0.32596826458346434
5,2,current_ridge,ridge,16,-0.3,0.03,current_ridge_w16_l-0.3_h0.03,0.2840000076297513
5,2,current_ridge,ridge,16,-0.3,0.1,current_ridge_w16_l-0.3_h0.1,0.27030474374199986
5,2,current_ridge,ridge,16,-0.3,0.3,current_ridge_w16_l-0.3_h0.3,0.2774702426787643
5,2,current_ridge,ridge,16,-0.1,0.03,current_ridge_w16_l-0.1_h0.03,0.28771271986960706
5,2,current_ridge,ridge,16,-0.1,0.1,current_ridge_w16_l-0.1_h0.1,0.2740174559818556
5,2,current_ridge,ridge,16,-0.1,0.3,current_ridge_w16_l-0.1_h0.3,0.28118295491861994
5,2,current_ridge,ridge,16,-0.03,0.03,current_ridge_w16_l-0.03_h0.03,0.3262717320170544
5,2,current_ridge,ridge,16,-0.03,0.1,current_ridge_w16_l-0.03_h0.1,0.312576468129303
5,2,current_ridge,ridge,16,-0.03,0.3,current_ridge_w16_l-0.03_h0.3,0.31974196706606733
5,2,current_rbf,rbf,1,-0.3,0.03,current_rbf_w1_l-0.3_h0.03,0.29854610201509085
5,2,current_rbf,rbf,1,-0.3,0.1,current_rbf_w1_l-0.3_h0.1,0.29271290956502194
5,2,current_rbf,rbf,1,-0.3,0.3,current_rbf_w1_l-0.3_h0.3,0.28976228457682385
5,2,current_rbf,rbf,1,-0.1,0.03,current_rbf_w1_l-0.1_h0.03,0.3151630300526407
5,2,current_rbf,rbf,1,-0.1,0.1,current_rbf_w1_l-0.1_h0.1,0.3093298376025718
5,2,current_rbf,rbf,1,-0.1,0.3,current_rbf_w1_l-0.1_h0.3,0.3063792126143738
5,2,current_rbf,rbf,1,-0.03,0.03,current_rbf_w1_l-0.03_h0.03,0.3304455404674336
5,2,current_rbf,rbf,1,-0.03,0.1,current_rbf_w1_l-0.03_h0.1,0.3246123480173647
5,2,current_rbf,rbf,1,-0.03,0.3,current_rbf_w1_l-0.03_h0.3,0.3216617230291666
5,2,current_rbf,rbf,16,-0.3,0.03,current_rbf_w16_l-0.3_h0.03,0.28544617406716943
5,2,current_rbf,rbf,16,-0.3,0.1,current_rbf_w16_l-0.3_h0.1,0.28851004315250517
5,2,current_rbf,rbf,16,-0.3,0.3,current_rbf_w16_l-0.3_h0.3,0.2858110243934098
5,2,current_rbf,rbf,16,-0.1,0.03,current_rbf_w16_l-0.1_h0.03,0.29723189080340884
5,2,current_rbf,rbf,16,-0.1,0.1,current_rbf_w16_l-0.1_h0.1,0.3002957598887446
5,2,current_rbf,rbf,16,-0.1,0.3,current_rbf_w16_l-0.1_h0.3,0.2975967411296491
5,2,current_rbf,rbf,16,-0.03,0.03,current_rbf_w16_l-0.03_h0.03,0.31905672072038055
5,2,current_rbf,rbf,16,-0.03,0.1,current_rbf_w16_l-0.03_h0.1,0.3221205898057164
5,2,current_rbf,rbf,16,-0.03,0.3,current_rbf_w16_l-0.03_h0.3,0.3194215710466209
5,2,current_hgb,hgb,1,-0.3,0.03,current_hgb_w1_l-0.3_h0.03,0.3088205855911798
5,2,current_hgb,hgb,1,-0.3,0.1,current_hgb_w1_l-0.3_h0.1,0.30064671772710616
5,2,current_hgb,hgb,1,-0.3,0.3,current_hgb_w1_l-0.3_h0.3,0.289400271891617
5,2,current_hgb,hgb,1,-0.1,0.03,current_hgb_w1_l-0.1_h0.03,0.34757383202366005
5,2,current_hgb,hgb,1,-0.1,0.1,current_hgb_w1_l-0.1_h0.1,0.33939996415958645
5,2,current_hgb,hgb,1,-0.1,0.3,current_hgb_w1_l-0.1_h0.3,0.32815351832409734
5,2,current_hgb,hgb,1,-0.03,0.03,current_hgb_w1_l-0.03_h0.03,0.3669969953091719
5,2,current_hgb,hgb,1,-0.03,0.1,current_hgb_w1_l-0.03_h0.1,0.35882312744509826
5,2,current_hgb,hgb,1,-0.03,0.3,current_hgb_w1_l-0.03_h0.3,0.3475766816096091
5,2,current_hgb,hgb,16,-0.3,0.03,current_hgb_w16_l-0.3_h0.03,0.2980173327535817
5,2,current_hgb,hgb,16,-0.3,0.1,current_hgb_w16_l-0.3_h0.1,0.28086433893304685
5,2,current_hgb,hgb,16,-0.3,0.3,current_hgb_w16_l-0.3_h0.3,0.28067242377682106
5,2,current_hgb,hgb,16,-0.1,0.03,current_hgb_w16_l-0.1_h0.03,0.3279120270931152
5,2,current_hgb,hgb,16,-0.1,0.1,current_hgb_w16_l-0.1_h0.1,0.31075903327258025
5,2,current_hgb,hgb,16,-0.1,0.3,current_hgb_w16_l-0.1_h0.3,0.3105671181163544
5,2,current_hgb,hgb,16,-0.03,0.03,current_hgb_w16_l-0.03_h0.03,0.356488682977531
5,2,current_hgb,hgb,16,-0.03,0.1,current_hgb_w16_l-0.03_h0.1,0.33933568915699613
5,2,current_hgb,hgb,16,-0.03,0.3,current_hgb_w16_l-0.03_h0.3,0.3391437740007702
5,2,current_trees,trees,1,-0.3,0.03,current_trees_w1_l-0.3_h0.03,0.30272846816310117
5,2,current_trees,trees,1,-0.3,0.1,current_trees_w1_l-0.3_h0.1,0.2929463927030753
5,2,current_trees,trees,1,-0.3,0.3,current_trees_w1_l-0.3_h0.3,0.2903264831527927
5,2,current_trees,trees,1,-0.1,0.03,current_trees_w1_l-0.1_h0.03,0.30528595668414144
5,2,current_trees,trees,1,-0.1,0.1,current_trees_w1_l-0.1_h0.1,0.2955038812241155
5,2,current_trees,trees,1,-0.1,0.3,current_trees_w1_l-0.1_h0.3,0.2928839716738329
5,2,current_trees,trees,1,-0.03,0.03,current_trees_w1_l-0.03_h0.03,0.31943178716540044
5,2,current_trees,trees,1,-0.03,0.1,current_trees_w1_l-0.03_h0.1,0.3096497117053745
5,2,current_trees,trees,1,-0.03,0.3,current_trees_w1_l-0.03_h0.3,0.30702980215509196
5,2,current_trees,trees,16,-0.3,0.03,current_trees_w16_l-0.3_h0.03,0.28928370173071843
5,2,current_trees,trees,16,-0.3,0.1,current_trees_w16_l-0.3_h0.1,0.29424350971664354
5,2,current_trees,trees,16,-0.3,0.3,current_trees_w16_l-0.3_h0.3,0.28680758017492713
5,2,current_trees,trees,16,-0.1,0.03,current_trees_w16_l-0.1_h0.03,0.2887501873126573
5,2,current_trees,trees,16,-0.1,0.1,current_trees_w16_l-0.1_h0.1,0.29370999529858244
5,2,current_trees,trees,16,-0.1,0.3,current_trees_w16_l-0.1_h0.3,0.28627406575686587
5,2,current_trees,trees,16,-0.03,0.03,current_trees_w16_l-0.03_h0.03,0.29428059880124013
5,2,current_trees,trees,16,-0.03,0.1,current_trees_w16_l-0.03_h0.1,0.2992404067871653
5,2,current_trees,trees,16,-0.03,0.3,current_trees_w16_l-0.03_h0.3,0.2918044772454488
5,2,multiscale_ridge,ridge,1,-0.3,0.03,multiscale_ridge_w1_l-0.3_h0.03,0.29787347697653127
5,2,multiscale_ridge,ridge,1,-0.3,0.1,multiscale_ridge_w1_l-0.3_h0.1,0.300481684025612
5,2,multiscale_ridge,ridge,1,-0.3,0.3,multiscale_ridge_w1_l-0.3_h0.3,0.29865022019205983
5,2,multiscale_ridge,ridge,1,-0.1,0.03,multiscale_ridge_w1_l-0.1_h0.03,0.3270182054226675
5,2,multiscale_ridge,ridge,1,-0.1,0.1,multiscale_ridge_w1_l-0.1_h0.1,0.32962641247174823
5,2,multiscale_ridge,ridge,1,-0.1,0.3,multiscale_ridge_w1_l-0.1_h0.3,0.32779494863819614
5,2,multiscale_ridge,ridge,1,-0.03,0.03,multiscale_ridge_w1_l-0.03_h0.03,0.3408442974144451
5,2,multiscale_ridge,ridge,1,-0.03,0.1,multiscale_ridge_w1_l-0.03_h0.1,0.3434525044635259
5,2,multiscale_ridge,ridge,1,-0.03,0.3,multiscale_ridge_w1_l-0.03_h0.3,0.34162104062997367
5,2,multiscale_ridge,ridge,16,-0.3,0.03,multiscale_ridge_w16_l-0.3_h0.03,0.28985202160121226
5,2,multiscale_ridge,ridge,16,-0.3,0.1,multiscale_ridge_w16_l-0.3_h0.1,0.29197696861206396
5,2,multiscale_ridge,ridge,16,-0.3,0.3,multiscale_ridge_w16_l-0.3_h0.3,0.28155246643837306
5,2,multiscale_ridge,ridge,16,-0.1,0.03,multiscale_ridge_w16_l-0.1_h0.03,0.33090759522534996
5,2,multiscale_ridge,ridge,16,-0.1,0.1,multiscale_ridge_w16_l-0.1_h0.1,0.33303254223620166
5,2,multiscale_ridge,ridge,16,-0.1,0.3,multiscale_ridge_w16_l-0.1_h0.3,0.32260804006251076
5,2,multiscale_ridge,ridge,16,-0.03,0.03,multiscale_ridge_w16_l-0.03_h0.03,0.35685420493929565
5,2,multiscale_ridge,ridge,16,-0.03,0.1,multiscale_ridge_w16_l-0.03_h0.1,0.35897915195014735
5,2,multiscale_ridge,ridge,16,-0.03,0.3,multiscale_ridge_w16_l-0.03_h0.3,0.34855464977645645
5,2,multiscale_rbf,rbf,1,-0.3,0.03,multiscale_rbf_w1_l-0.3_h0.03,0.300936608554002
5,2,multiscale_rbf,rbf,1,-0.3,0.1,multiscale_rbf_w1_l-0.3_h0.1,0.30559567157731443
5,2,multiscale_rbf,rbf,1,-0.3,0.3,multiscale_rbf_w1_l-0.3_h0.3,0.29608230571231153
5,2,multiscale_rbf,rbf,1,-0.1,0.03,multiscale_rbf_w1_l-0.1_h0.03,0.3244823058147958
5,2,multiscale_rbf,rbf,1,-0.1,0.1,multiscale_rbf_w1_l-0.1_h0.1,0.3291413688381082
5,2,multiscale_rbf,rbf,1,-0.1,0.3,multiscale_rbf_w1_l-0.1_h0.3,0.3196280029731054
5,2,multiscale_rbf,rbf,1,-0.03,0.03,multiscale_rbf_w1_l-0.03_h0.03,0.33611517502640914
5,2,multiscale_rbf,rbf,1,-0.03,0.1,multiscale_rbf_w1_l-0.03_h0.1,0.3407742380497215
5,2,multiscale_rbf,rbf,1,-0.03,0.3,multiscale_rbf_w1_l-0.03_h0.3,0.3312608721847187
5,2,multiscale_rbf,rbf,16,-0.3,0.03,multiscale_rbf_w16_l-0.3_h0.03,0.2876921923529645
5,2,multiscale_rbf,rbf,16,-0.3,0.1,multiscale_rbf_w16_l-0.3_h0.1,0.28530753281765897
5,2,multiscale_rbf,rbf,16,-0.3,0.3,multiscale_rbf_w16_l-0.3_h0.3,0.28973954301129734
5,2,multiscale_rbf,rbf,16,-0.1,0.03,multiscale_rbf_w16_l-0.1_h0.03,0.3165844456648862
5,2,multiscale_rbf,rbf,16,-0.1,0.1,multiscale_rbf_w16_l-0.1_h0.1,0.31419978612958066
5,2,multiscale_rbf,rbf,16,-0.1,0.3,multiscale_rbf_w16_l-0.1_h0.3,0.3186317963232191
5,2,multiscale_rbf,rbf,16,-0.03,0.03,multiscale_rbf_w16_l-0.03_h0.03,0.34466642515773976
5,2,multiscale_rbf,rbf,16,-0.03,0.1,multiscale_rbf_w16_l-0.03_h0.1,0.3422817656224343
5,2,multiscale_rbf,rbf,16,-0.03,0.3,multiscale_rbf_w16_l-0.03_h0.3,0.34671377581607266
5,2,multiscale_hgb,hgb,1,-0.3,0.03,multiscale_hgb_w1_l-0.3_h0.03,0.3016261226380943
5,2,multiscale_hgb,hgb,1,-0.3,0.1,multiscale_hgb_w1_l-0.3_h0.1,0.28850782425214855
5,2,multiscale_hgb,hgb,1,-0.3,0.3,multiscale_hgb_w1_l-0.3_h0.3,0.29692091698614337
5,2,multiscale_hgb,hgb,1,-0.1,0.03,multiscale_hgb_w1_l-0.1_h0.03,0.3289098368215968
5,2,multiscale_hgb,hgb,1,-0.1,0.1,multiscale_hgb_w1_l-0.1_h0.1,0.315791538435651
5,2,multiscale_hgb,hgb,1,-0.1,0.3,multiscale_hgb_w1_l-0.1_h0.3,0.3242046311696458
5,2,multiscale_hgb,hgb,1,-0.03,0.03,multiscale_hgb_w1_l-0.03_h0.03,0.3370890361222518
5,2,multiscale_hgb,hgb,1,-0.03,0.1,multiscale_hgb_w1_l-0.03_h0.1,0.32397073773630597
5,2,multiscale_hgb,hgb,1,-0.03,0.3,multiscale_hgb_w1_l-0.03_h0.3,0.33238383047030085
5,2,multiscale_hgb,hgb,16,-0.3,0.03,multiscale_hgb_w16_l-0.3_h0.03,0.29445984704449985
5,2,multiscale_hgb,hgb,16,-0.3,0.1,multiscale_hgb_w16_l-0.3_h0.1,0.2855926127053604
5,2,multiscale_hgb,hgb,16,-0.3,0.3,multiscale_hgb_w16_l-0.3_h0.3,0.2874049553812646
5,2,multiscale_hgb,hgb,16,-0.1,0.03,multiscale_hgb_w16_l-0.1_h0.03,0.32765779139868284
5,2,multiscale_hgb,hgb,16,-0.1,0.1,multiscale_hgb_w16_l-0.1_h0.1,0.3187905570595433
5,2,multiscale_hgb,hgb,16,-0.1,0.3,multiscale_hgb_w16_l-0.1_h0.3,0.3206028997354476
5,2,multiscale_hgb,hgb,16,-0.03,0.03,multiscale_hgb_w16_l-0.03_h0.03,0.33743023380400167
5,2,multiscale_hgb,hgb,16,-0.03,0.1,multiscale_hgb_w16_l-0.03_h0.1,0.3285629994648623
5,2,multiscale_hgb,hgb,16,-0.03,0.3,multiscale_hgb_w16_l-0.03_h0.3,0.3303753421407664
5,2,multiscale_trees,trees,1,-0.3,0.03,multiscale_trees_w1_l-0.3_h0.03,0.28403160433924873
5,2,multiscale_trees,trees,1,-0.3,0.1,multiscale_trees_w1_l-0.3_h0.1,0.2924747964439974
5,2,multiscale_trees,trees,1,-0.3,0.3,multiscale_trees_w1_l-0.3_h0.3,0.2926318083970416
5,2,multiscale_trees,trees,1,-0.1,0.03,multiscale_trees_w1_l-0.1_h0.03,0.29900610045716675
5,2,multiscale_trees,trees,1,-0.1,0.1,multiscale_trees_w1_l-0.1_h0.1,0.3074492925619154
5,2,multiscale_trees,trees,1,-0.1,0.3,multiscale_trees_w1_l-0.1_h0.3,0.3076063045149597
5,2,multiscale_trees,trees,1,-0.03,0.03,multiscale_trees_w1_l-0.03_h0.03,0.3339246089995954
5,2,multiscale_trees,trees,1,-0.03,0.1,multiscale_trees_w1_l-0.03_h0.1,0.34236780110434395
5,2,multiscale_trees,trees,1,-0.03,0.3,multiscale_trees_w1_l-0.03_h0.3,0.34252481305738824
5,2,multiscale_trees,trees,16,-0.3,0.03,multiscale_trees_w16_l-0.3_h0.03,0.2825711002468301
5,2,multiscale_trees,trees,16,-0.3,0.1,multiscale_trees_w16_l-0.3_h0.1,0.2869127014921609
5,2,multiscale_trees,trees,16,-0.3,0.3,multiscale_trees_w16_l-0.3_h0.3,0.2904518950437318
5,2,multiscale_trees,trees,16,-0.1,0.03,multiscale_trees_w16_l-0.1_h0.03,0.3047071663785242
5,2,multiscale_trees,trees,16,-0.1,0.1,multiscale_trees_w16_l-0.1_h0.1,0.309048767623855
5,2,multiscale_trees,trees,16,-0.1,0.3,multiscale_trees_w16_l-0.1_h0.3,0.31258796117542587
5,2,multiscale_trees,trees,16,-0.03,0.03,multiscale_trees_w16_l-0.03_h0.03,0.3236325141880251
5,2,multiscale_trees,trees,16,-0.03,0.1,multiscale_trees_w16_l-0.03_h0.1,0.32797411543335586
5,2,multiscale_trees,trees,16,-0.03,0.3,multiscale_trees_w16_l-0.03_h0.3,0.33151330898492676
5,2,relative_ridge,ridge,1,-0.3,0.03,relative_ridge_w1_l-0.3_h0.03,0.3143784876202902
5,2,relative_ridge,ridge,1,-0.3,0.1,relative_ridge_w1_l-0.3_h0.1,0.307865879708662
5,2,relative_ridge,ridge,1,-0.3,0.3,relative_ridge_w1_l-0.3_h0.3,0.2855597339134948
5,2,relative_ridge,ridge,1,-0.1,0.03,relative_ridge_w1_l-0.1_h0.03,0.33709046008059085
5,2,relative_ridge,ridge,1,-0.1,0.1,relative_ridge_w1_l-0.1_h0.1,0.3305778521689626
5,2,relative_ridge,ridge,1,-0.1,0.3,relative_ridge_w1_l-0.1_h0.3,0.3082717063737955
5,2,relative_ridge,ridge,1,-0.03,0.03,relative_ridge_w1_l-0.03_h0.03,0.37485636977098197
5,2,relative_ridge,ridge,1,-0.03,0.1,relative_ridge_w1_l-0.03_h0.1,0.3683437618593538
5,2,relative_ridge,ridge,1,-0.03,0.3,relative_ridge_w1_l-0.03_h0.3,0.3460376160641866
5,2,relative_ridge,ridge,16,-0.3,0.03,relative_ridge_w16_l-0.3_h0.03,0.30952179335174596
5,2,relative_ridge,ridge,16,-0.3,0.1,relative_ridge_w16_l-0.3_h0.1,0.2862435387443115
5,2,relative_ridge,ridge,16,-0.3,0.3,relative_ridge_w16_l-0.3_h0.3,0.28537817698689094
5,2,relative_ridge,ridge,16,-0.1,0.03,relative_ridge_w16_l-0.1_h0.03,0.3306723647319711
5,2,relative_ridge,ridge,16,-0.1,0.1,relative_ridge_w16_l-0.1_h0.1,0.3073941101245366
5,2,relative_ridge,ridge,16,-0.1,0.3,relative_ridge_w16_l-0.1_h0.3,0.3065287483671161
5,2,relative_ridge,ridge,16,-0.03,0.03,relative_ridge_w16_l-0.03_h0.03,0.37488090519320877
5,2,relative_ridge,ridge,16,-0.03,0.1,relative_ridge_w16_l-0.03_h0.1,0.35160265058577433
5,2,relative_ridge,ridge,16,-0.03,0.3,relative_ridge_w16_l-0.03_h0.3,0.35073728882835375
5,2,relative_rbf,rbf,1,-0.3,0.03,relative_rbf_w1_l-0.3_h0.03,0.3132740933283478
5,2,relative_rbf,rbf,1,-0.3,0.1,relative_rbf_w1_l-0.3_h0.1,0.3026154767106414
5,2,relative_rbf,rbf,1,-0.3,0.3,relative_rbf_w1_l-0.3_h0.3,0.284472319921975
5,2,relative_rbf,rbf,1,-0.1,0.03,relative_rbf_w1_l-0.1_h0.03,0.3288713063492682
5,2,relative_rbf,rbf,1,-0.1,0.1,relative_rbf_w1_l-0.1_h0.1,0.31821268973156175
5,2,relative_rbf,rbf,1,-0.1,0.3,relative_rbf_w1_l-0.1_h0.3,0.30006953294289546
5,2,relative_rbf,rbf,1,-0.03,0.03,relative_rbf_w1_l-0.03_h0.03,0.36884936190236806
5,2,relative_rbf,rbf,1,-0.03,0.1,relative_rbf_w1_l-0.03_h0.1,0.3581907452846616
5,2,relative_rbf,rbf,1,-0.03,0.3,relative_rbf_w1_l-0.03_h0.3,0.3400475884959953
5,2,relative_rbf,rbf,16,-0.3,0.03,relative_rbf_w16_l-0.3_h0.03,0.3093282846700351
5,2,relative_rbf,rbf,16,-0.3,0.1,relative_rbf_w16_l-0.3_h0.1,0.2962981299214344
5,2,relative_rbf,rbf,16,-0.3,0.3,relative_rbf_w16_l-0.3_h0.3,0.2861212109760471
5,2,relative_rbf,rbf,16,-0.1,0.03,relative_rbf_w16_l-0.1_h0.03,0.3122733863188154
5,2,relative_rbf,rbf,16,-0.1,0.1,relative_rbf_w16_l-0.1_h0.1,0.29924323157021465
5,2,relative_rbf,rbf,16,-0.1,0.3,relative_rbf_w16_l-0.1_h0.3,0.28906631262482735
5,2,relative_rbf,rbf,16,-0.03,0.03,relative_rbf_w16_l-0.03_h0.03,0.361370551795267
5,2,relative_rbf,rbf,16,-0.03,0.1,relative_rbf_w16_l-0.03_h0.1,0.34834039704666625
5,2,relative_rbf,rbf,16,-0.03,0.3,relative_rbf_w16_l-0.03_h0.3,0.338163478101279
5,2,relative_hgb,hgb,1,-0.3,0.03,relative_hgb_w1_l-0.3_h0.03,0.29614696275244407
5,2,relative_hgb,hgb,1,-0.3,0.1,relative_hgb_w1_l-0.3_h0.1,0.2873125982526717
5,2,relative_hgb,hgb,1,-0.3,0.3,relative_hgb_w1_l-0.3_h0.3,0.28817640308808834
5,2,relative_hgb,hgb,1,-0.1,0.03,relative_hgb_w1_l-0.1_h0.03,0.3183475488670039
5,2,relative_hgb,hgb,1,-0.1,0.1,relative_hgb_w1_l-0.1_h0.1,0.3095131843672315
5,2,relative_hgb,hgb,1,-0.1,0.3,relative_hgb_w1_l-0.1_h0.3,0.31037698920264817
5,2,relative_hgb,hgb,1,-0.03,0.03,relative_hgb_w1_l-0.03_h0.03,0.35073784257777724
5,2,relative_hgb,hgb,1,-0.03,0.1,relative_hgb_w1_l-0.03_h0.1,0.34190347807800486
5,2,relative_hgb,hgb,1,-0.03,0.3,relative_hgb_w1_l-0.03_h0.3,0.34276728291342146
5,2,relative_hgb,hgb,16,-0.3,0.03,relative_hgb_w16_l-0.3_h0.03,0.2855285538483126
5,2,relative_hgb,hgb,16,-0.3,0.1,relative_hgb_w16_l-0.3_h0.1,0.29477632316846364
5,2,relative_hgb,hgb,16,-0.3,0.3,relative_hgb_w16_l-0.3_h0.3,0.28612367455124416
5,2,relative_hgb,hgb,16,-0.1,0.03,relative_hgb_w16_l-0.1_h0.03,0.2968392811798445
5,2,relative_hgb,hgb,16,-0.1,0.1,relative_hgb_w16_l-0.1_h0.1,0.30608705049999557
5,2,relative_hgb,hgb,16,-0.1,0.3,relative_hgb_w16_l-0.1_h0.3,0.2974344018827761
5,2,relative_hgb,hgb,16,-0.03,0.03,relative_hgb_w16_l-0.03_h0.03,0.3272974026217698
5,2,relative_hgb,hgb,16,-0.03,0.1,relative_hgb_w16_l-0.03_h0.1,0.3365451719419209
5,2,relative_hgb,hgb,16,-0.03,0.3,relative_hgb_w16_l-0.03_h0.3,0.32789252332470137
5,2,relative_trees,trees,1,-0.3,0.03,relative_trees_w1_l-0.3_h0.03,0.29634218451874383
5,2,relative_trees,trees,1,-0.3,0.1,relative_trees_w1_l-0.3_h0.1,0.28902401712735787
5,2,relative_trees,trees,1,-0.3,0.3,relative_trees_w1_l-0.3_h0.3,0.2843317725957908
5,2,relative_trees,trees,1,-0.1,0.03,relative_trees_w1_l-0.1_h0.03,0.2928269637852734
5,2,relative_trees,trees,1,-0.1,0.1,relative_trees_w1_l-0.1_h0.1,0.2855087963938875
5,2,relative_trees,trees,1,-0.1,0.3,relative_trees_w1_l-0.1_h0.3,0.28081655186232035
5,2,relative_trees,trees,1,-0.03,0.03,relative_trees_w1_l-0.03_h0.03,0.3313156192973899
5,2,relative_trees,trees,1,-0.03,0.1,relative_trees_w1_l-0.03_h0.1,0.323997451906004
5,2,relative_trees,trees,1,-0.03,0.3,relative_trees_w1_l-0.03_h0.3,0.3193052073744368
5,2,relative_trees,trees,16,-0.3,0.03,relative_trees_w16_l-0.3_h0.03,0.2987184321156528
5,2,relative_trees,trees,16,-0.3,0.1,relative_trees_w16_l-0.3_h0.1,0.2869999167464682
5,2,relative_trees,trees,16,-0.3,0.3,relative_trees_w16_l-0.3_h0.3,0.2857142857142857
5,2,relative_trees,trees,16,-0.1,0.03,relative_trees_w16_l-0.1_h0.03,0.2889442089965673
5,2,relative_trees,trees,16,-0.1,0.1,relative_trees_w16_l-0.1_h0.1,0.27722569362738264
5,2,relative_trees,trees,16,-0.1,0.3,relative_trees_w16_l-0.1_h0.3,0.27594006259520015
5,2,relative_trees,trees,16,-0.03,0.03,relative_trees_w16_l-0.03_h0.03,0.3266315821669632
5,2,relative_trees,trees,16,-0.03,0.1,relative_trees_w16_l-0.03_h0.1,0.3149130667977786
5,2,relative_trees,trees,16,-0.03,0.3,relative_trees_w16_l-0.03_h0.3,0.31362743576559615
5,3,current_ridge,ridge,1,-0.3,0.03,current_ridge_w1_l-0.3_h0.03,0.3379909771879365
5,3,current_ridge,ridge,1,-0.3,0.1,current_ridge_w1_l-0.3_h0.1,0.34105831086325983
5,3,current_ridge,ridge,1,-0.3,0.3,current_ridge_w1_l-0.3_h0.3,0.3371918543300286
5,3,current_ridge,ridge,1,-0.1,0.03,current_ridge_w1_l-0.1_h0.03,0.3331697466995154
5,3,current_ridge,ridge,1,-0.1,0.1,current_ridge_w1_l-0.1_h0.1,0.3362370803748386
5,3,current_ridge,ridge,1,-0.1,0.3,current_ridge_w1_l-0.1_h0.3,0.3323706238416075
5,3,current_ridge,ridge,1,-0.03,0.03,current_ridge_w1_l-0.03_h0.03,0.31902959586441965
5,3,current_ridge,ridge,1,-0.03,0.1,current_ridge_w1_l-0.03_h0.1,0.3220969295397429
5,3,current_ridge,ridge,1,-0.03,0.3,current_ridge_w1_l-0.03_h0.3,0.3182304730065117
5,3,current_ridge,ridge,16,-0.3,0.03,current_ridge_w16_l-0.3_h0.03,0.3474817940765527
5,3,current_ridge,ridge,16,-0.3,0.1,current_ridge_w16_l-0.3_h0.1,0.3376723710308434
5,3,current_ridge,ridge,16,-0.3,0.3,current_ridge_w16_l-0.3_h0.3,0.336807647100643
5,3,current_ridge,ridge,16,-0.1,0.03,current_ridge_w16_l-0.1_h0.03,0.34633922135953155
5,3,current_ridge,ridge,16,-0.1,0.1,current_ridge_w16_l-0.1_h0.1,0.33652979831382235
5,3,current_ridge,ridge,16,-0.1,0.3,current_ridge_w16_l-0.1_h0.3,0.3356650743836219
5,3,current_ridge,ridge,16,-0.03,0.03,current_ridge_w16_l-0.03_h0.03,0.3220229200323192
5,3,current_ridge,ridge,16,-0.03,0.1,current_ridge_w16_l-0.03_h0.1,0.31221349698660983
5,3,current_ridge,ridge,16,-0.03,0.3,current_ridge_w16_l-0.03_h0.3,0.31134877305640946
5,3,current_rbf,rbf,1,-0.3,0.03,current_rbf_w1_l-0.3_h0.03,0.3350791081232594
5,3,current_rbf,rbf,1,-0.3,0.1,current_rbf_w1_l-0.3_h0.1,0.34063908803634885
5,3,current_rbf,rbf,1,-0.3,0.3,current_rbf_w1_l-0.3_h0.3,0.33839083733016206
5,3,current_rbf,rbf,1,-0.1,0.03,current_rbf_w1_l-0.1_h0.03,0.3212568404634773
5,3,current_rbf,rbf,1,-0.1,0.1,current_rbf_w1_l-0.1_h0.1,0.32681682037656684
5,3,current_rbf,rbf,1,-0.1,0.3,current_rbf_w1_l-0.1_h0.3,0.32456856967038
5,3,current_rbf,rbf,1,-0.03,0.03,current_rbf_w1_l-0.03_h0.03,0.3158930062170824
5,3,current_rbf,rbf,1,-0.03,0.1,current_rbf_w1_l-0.03_h0.1,0.3214529861301718
5,3,current_rbf,rbf,1,-0.03,0.3,current_rbf_w1_l-0.03_h0.3,0.3192047354239849
5,3,current_rbf,rbf,16,-0.3,0.03,current_rbf_w16_l-0.3_h0.03,0.3429999925795014
5,3,current_rbf,rbf,16,-0.3,0.1,current_rbf_w16_l-0.3_h0.1,0.34654150830607433
5,3,current_rbf,rbf,16,-0.3,0.3,current_rbf_w16_l-0.3_h0.3,0.3357981024873307
5,3,current_rbf,rbf,16,-0.1,0.03,current_rbf_w16_l-0.1_h0.03,0.3315988560549352
5,3,current_rbf,rbf,16,-0.1,0.1,current_rbf_w16_l-0.1_h0.1,0.33514037178150813
5,3,current_rbf,rbf,16,-0.1,0.3,current_rbf_w16_l-0.1_h0.3,0.32439696596276446
5,3,current_rbf,rbf,16,-0.03,0.03,current_rbf_w16_l-0.03_h0.03,0.3239105145776359
5,3,current_rbf,rbf,16,-0.03,0.1,current_rbf_w16_l-0.03_h0.1,0.32745203030420883
5,3,current_rbf,rbf,16,-0.03,0.3,current_rbf_w16_l-0.03_h0.3,0.3167086244854653
5,3,current_hgb,hgb,1,-0.3,0.03,current_hgb_w1_l-0.3_h0.03,0.3384579722847304
5,3,current_hgb,hgb,1,-0.3,0.1,current_hgb_w1_l-0.3_h0.1,0.3439338086207685
5,3,current_hgb,hgb,1,-0.3,0.3,current_hgb_w1_l-0.3_h0.3,0.33990326613323335
5,3,current_hgb,hgb,1,-0.1,0.03,current_hgb_w1_l-0.1_h0.03,0.34442795569438517
5,3,current_hgb,hgb,1,-0.1,0.1,current_hgb_w1_l-0.1_h0.1,0.3499037920304234
5,3,current_hgb,hgb,1,-0.1,0.3,current_hgb_w1_l-0.1_h0.3,0.3458732495428882
5,3,current_hgb,hgb,1,-0.03,0.03,current_hgb_w1_l-0.03_h0.03,0.3561162177791808
5,3,current_hgb,hgb,1,-0.03,0.1,current_hgb_w1_l-0.03_h0.1,0.3615920541152189
5,3,current_hgb,hgb,1,-0.03,0.3,current_hgb_w1_l-0.03_h0.3,0.35756151162768374
5,3,current_hgb,hgb,16,-0.3,0.03,current_hgb_w16_l-0.3_h0.03,0.3380512798289029
5,3,current_hgb,hgb,16,-0.3,0.1,current_hgb_w16_l-0.3_h0.1,0.3453035012200474
5,3,current_hgb,hgb,16,-0.3,0.3,current_hgb_w16_l-0.3_h0.3,0.33764215554575333
5,3,current_hgb,hgb,16,-0.1,0.03,current_hgb_w16_l-0.1_h0.03,0.337470889658044
5,3,current_hgb,hgb,16,-0.1,0.1,current_hgb_w16_l-0.1_h0.1,0.3447231110491885
5,3,current_hgb,hgb,16,-0.1,0.3,current_hgb_w16_l-0.1_h0.3,0.3370617653748943
5,3,current_hgb,hgb,16,-0.03,0.03,current_hgb_w16_l-0.03_h0.03,0.34696699194097225
5,3,current_hgb,hgb,16,-0.03,0.1,current_hgb_w16_l-0.03_h0.1,0.35421921333211676
5,3,current_hgb,hgb,16,-0.03,0.3,current_hgb_w16_l-0.03_h0.3,0.34655786765782265
5,3,current_trees,trees,1,-0.3,0.03,current_trees_w1_l-0.3_h0.03,0.3394276668970145
5,3,current_trees,trees,1,-0.3,0.1,current_trees_w1_l-0.3_h0.1,0.3411898032704699
5,3,current_trees,trees,1,-0.3,0.3,current_trees_w1_l-0.3_h0.3,0.3375205484576715
5,3,current_trees,trees,1,-0.1,0.03,current_trees_w1_l-0.1_h0.03,0.3170155653821535
5,3,current_trees,trees,1,-0.1,0.1,current_trees_w1_l-0.1_h0.1,0.3187777017556089
5,3,current_trees,trees,1,-0.1,0.3,current_trees_w1_l-0.1_h0.3,0.3151084469428105
5,3,current_trees,trees,1,-0.03,0.03,current_trees_w1_l-0.03_h0.03,0.3239741389937248
5,3,current_trees,trees,1,-0.03,0.1,current_trees_w1_l-0.03_h0.1,0.32573627536718014
5,3,current_trees,trees,1,-0.03,0.3,current_trees_w1_l-0.03_h0.3,0.3220670205543817
5,3,current_trees,trees,16,-0.3,0.03,current_trees_w16_l-0.3_h0.03,0.33620770085000723
5,3,current_trees,trees,16,-0.3,0.1,current_trees_w16_l-0.3_h0.1,0.3363889718468101
5,3,current_trees,trees,16,-0.3,0.3,current_trees_w16_l-0.3_h0.3,0.33443254670876155
5,3,current_trees,trees,16,-0.1,0.03,current_trees_w16_l-0.1_h0.03,0.3127347569184032
5,3,current_trees,trees,16,-0.1,0.1,current_trees_w16_l-0.1_h0.1,0.31291602791520623
5,3,current_trees,trees,16,-0.1,0.3,current_trees_w16_l-0.1_h0.3,0.31095960277715756
5,3,current_trees,trees,16,-0.03,0.03,current_trees_w16_l-0.03_h0.03,0.3269020350377973
5,3,current_trees,trees,16,-0.03,0.1,current_trees_w16_l-0.03_h0.1,0.32708330603460023
5,3,current_trees,trees,16,-0.03,0.3,current_trees_w16_l-0.03_h0.3,0.3251268808965516
5,3,multiscale_ridge,ridge,1,-0.3,0.03,multiscale_ridge_w1_l-0.3_h0.03,0.3431392340425938
5,3,multiscale_ridge,ridge,1,-0.3,0.1,multiscale_ridge_w1_l-0.3_h0.1,0.3426196902854608
5,3,multiscale_ridge,ridge,1,-0.3,0.3,multiscale_ridge_w1_l-0.3_h0.3,0.3579786636235109
5,3,multiscale_ridge,ridge,1,-0.1,0.03,multiscale_ridge_w1_l-0.1_h0.03,0.33270019193728384
5,3,multiscale_ridge,ridge,1,-0.1,0.1,multiscale_ridge_w1_l-0.1_h0.1,0.33218064818015075
5,3,multiscale_ridge,ridge,1,-0.1,0.3,multiscale_ridge_w1_l-0.1_h0.3,0.3475396215182009
5,3,multiscale_ridge,ridge,1,-0.03,0.03,multiscale_ridge_w1_l-0.03_h0.03,0.3238742807226275
5,3,multiscale_ridge,ridge,1,-0.03,0.1,multiscale_ridge_w1_l-0.03_h0.1,0.32335473696549427
5,3,multiscale_ridge,ridge,1,-0.03,0.3,multiscale_ridge_w1_l-0.03_h0.3,0.33871371030354447
5,3,multiscale_ridge,ridge,16,-0.3,0.03,multiscale_ridge_w16_l-0.3_h0.03,0.3553023114072483
5,3,multiscale_ridge,ridge,16,-0.3,0.1,multiscale_ridge_w16_l-0.3_h0.1,0.3503203066629155
5,3,multiscale_ridge,ridge,16,-0.3,0.3,multiscale_ridge_w16_l-0.3_h0.3,0.3542414829263023
5,3,multiscale_ridge,ridge,16,-0.1,0.03,multiscale_ridge_w16_l-0.1_h0.03,0.35396092230573867
5,3,multiscale_ridge,ridge,16,-0.1,0.1,multiscale_ridge_w16_l-0.1_h0.1,0.3489789175614059
5,3,multiscale_ridge,ridge,16,-0.1,0.3,multiscale_ridge_w16_l-0.1_h0.3,0.3529000938247927
5,3,multiscale_ridge,ridge,16,-0.03,0.03,multiscale_ridge_w16_l-0.03_h0.03,0.3335528728672796
5,3,multiscale_ridge,ridge,16,-0.03,0.1,multiscale_ridge_w16_l-0.03_h0.1,0.32857086812294684
5,3,multiscale_ridge,ridge,16,-0.03,0.3,multiscale_ridge_w16_l-0.03_h0.3,0.3324920443863336
5,3,multiscale_rbf,rbf,1,-0.3,0.03,multiscale_rbf_w1_l-0.3_h0.03,0.3219595668531467
5,3,multiscale_rbf,rbf,1,-0.3,0.1,multiscale_rbf_w1_l-0.3_h0.1,0.3346787002406987
5,3,multiscale_rbf,rbf,1,-0.3,0.3,multiscale_rbf_w1_l-0.3_h0.3,0.34200427652260823
5,3,multiscale_rbf,rbf,1,-0.1,0.03,multiscale_rbf_w1_l-0.1_h0.03,0.3183637477873247
5,3,multiscale_rbf,rbf,1,-0.1,0.1,multiscale_rbf_w1_l-0.1_h0.1,0.33108288117487666
5,3,multiscale_rbf,rbf,1,-0.1,0.3,multiscale_rbf_w1_l-0.1_h0.3,0.33840845745678616
5,3,multiscale_rbf,rbf,1,-0.03,0.03,multiscale_rbf_w1_l-0.03_h0.03,0.30878326194195593
5,3,multiscale_rbf,rbf,1,-0.03,0.1,multiscale_rbf_w1_l-0.03_h0.1,0.32150239532950803
5,3,multiscale_rbf,rbf,1,-0.03,0.3,multiscale_rbf_w1_l-0.03_h0.3,0.32882797161141747
5,3,multiscale_rbf,rbf,16,-0.3,0.03,multiscale_rbf_w16_l-0.3_h0.03,0.32250575734276193
5,3,multiscale_rbf,rbf,16,-0.3,0.1,multiscale_rbf_w16_l-0.3_h0.1,0.3324725170971482
5,3,multiscale_rbf,rbf,16,-0.3,0.3,multiscale_rbf_w16_l-0.3_h0.3,0.3350975568498432
5,3,multiscale_rbf,rbf,16,-0.1,0.03,multiscale_rbf_w16_l-0.1_h0.03,0.33334299418446406
5,3,multiscale_rbf,rbf,16,-0.1,0.1,multiscale_rbf_w16_l-0.1_h0.1,0.3433097539388503
5,3,multiscale_rbf,rbf,16,-0.1,0.3,multiscale_rbf_w16_l-0.1_h0.3,0.34593479369154523
5,3,multiscale_rbf,rbf,16,-0.03,0.03,multiscale_rbf_w16_l-0.03_h0.03,0.3191052499721194
5,3,multiscale_rbf,rbf,16,-0.03,0.1,multiscale_rbf_w16_l-0.03_h0.1,0.32907200972650563
5,3,multiscale_rbf,rbf,16,-0.03,0.3,multiscale_rbf_w16_l-0.03_h0.3,0.33169704947920065
5,3,multiscale_hgb,hgb,1,-0.3,0.03,multiscale_hgb_w1_l-0.3_h0.03,0.3565207635950476
5,3,multiscale_hgb,hgb,1,-0.3,0.1,multiscale_hgb_w1_l-0.3_h0.1,0.3533758821704314
5,3,multiscale_hgb,hgb,1,-0.3,0.3,multiscale_hgb_w1_l-0.3_h0.3,0.3481983311259276
5,3,multiscale_hgb,hgb,1,-0.1,0.03,multiscale_hgb_w1_l-0.1_h0.03,0.35472185740226453
5,3,multiscale_hgb,hgb,1,-0.1,0.1,multiscale_hgb_w1_l-0.1_h0.1,0.35157697597764836
5,3,multiscale_hgb,hgb,1,-0.1,0.3,multiscale_hgb_w1_l-0.1_h0.3,0.34639942493314446
5,3,multiscale_hgb,hgb,1,-0.03,0.03,multiscale_hgb_w1_l-0.03_h0.03,0.34893680665710736
5,3,multiscale_hgb,hgb,1,-0.03,0.1,multiscale_hgb_w1_l-0.03_h0.1,0.34579192523249114
5,3,multiscale_hgb,hgb,1,-0.03,0.3,multiscale_hgb_w1_l-0.03_h0.3,0.3406143741879873
5,3,multiscale_hgb,hgb,16,-0.3,0.03,multiscale_hgb_w16_l-0.3_h0.03,0.34667118598380786
5,3,multiscale_hgb,hgb,16,-0.3,0.1,multiscale_hgb_w16_l-0.3_h0.1,0.3417500494611754
5,3,multiscale_hgb,hgb,16,-0.3,0.3,multiscale_hgb_w16_l-0.3_h0.3,0.3374474764533026
5,3,multiscale_hgb,hgb,16,-0.1,0.03,multiscale_hgb_w16_l-0.1_h0.03,0.34801156131335165
5,3,multiscale_hgb,hgb,16,-0.1,0.1,multiscale_hgb_w16_l-0.1_h0.1,0.3430904247907192
5,3,multiscale_hgb,hgb,16,-0.1,0.3,multiscale_hgb_w16_l-0.1_h0.3,0.33878785178284637
5,3,multiscale_hgb,hgb,16,-0.03,0.03,multiscale_hgb_w16_l-0.03_h0.03,0.33548022272893685
5,3,multiscale_hgb,hgb,16,-0.03,0.1,multiscale_hgb_w16_l-0.03_h0.1,0.33055908620630436
5,3,multiscale_hgb,hgb,16,-0.03,0.3,multiscale_hgb_w16_l-0.03_h0.3,0.32625651319843163
5,3,multiscale_trees,trees,1,-0.3,0.03,multiscale_trees_w1_l-0.3_h0.03,0.33108061141439754
5,3,multiscale_trees,trees,1,-0.3,0.1,multiscale_trees_w1_l-0.3_h0.1,0.33253861504194215
5,3,multiscale_trees,trees,1,-0.3,0.3,multiscale_trees_w1_l-0.3_h0.3,0.34213462970333564
5,3,multiscale_trees,trees,1,-0.1,0.03,multiscale_trees_w1_l-0.1_h0.03,0.33294575273099697
5,3,multiscale_trees,trees,1,-0.1,0.1,multiscale_trees_w1_l-0.1_h0.1,0.3344037563585415
5,3,multiscale_trees,trees,1,-0.1,0.3,multiscale_trees_w1_l-0.1_h0.3,0.34399977101993506
5,3,multiscale_trees,trees,1,-0.03,0.03,multiscale_trees_w1_l-0.03_h0.03,0.3083270562189651
5,3,multiscale_trees,trees,1,-0.03,0.1,multiscale_trees_w1_l-0.03_h0.1,0.30978505984650967
5,3,multiscale_trees,trees,1,-0.03,0.3,multiscale_trees_w1_l-0.03_h0.3,0.31938107450790315
5,3,multiscale_trees,trees,16,-0.3,0.03,multiscale_trees_w16_l-0.3_h0.03,0.33419743118082623
5,3,multiscale_trees,trees,16,-0.3,0.1,multiscale_trees_w16_l-0.3_h0.1,0.3401577378944456
5,3,multiscale_trees,trees,16,-0.3,0.3,multiscale_trees_w16_l-0.3_h0.3,0.34268096940703163
5,3,multiscale_trees,trees,16,-0.1,0.03,multiscale_trees_w16_l-0.1_h0.03,0.3336850515548467
5,3,multiscale_trees,trees,16,-0.1,0.1,multiscale_trees_w16_l-0.1_h0.1,0.339645358268466
5,3,multiscale_trees,trees,16,-0.1,0.3,multiscale_trees_w16_l-0.1_h0.3,0.3421685897810521
5,3,multiscale_trees,trees,16,-0.03,0.03,multiscale_trees_w16_l-0.03_h0.03,0.3101386291021857
5,3,multiscale_trees,trees,16,-0.03,0.1,multiscale_trees_w16_l-0.03_h0.1,0.3160989358158051
5,3,multiscale_trees,trees,16,-0.03,0.3,multiscale_trees_w16_l-0.03_h0.3,0.31862216732839116
5,3,relative_ridge,ridge,1,-0.3,0.03,relative_ridge_w1_l-0.3_h0.03,0.347400050775709
5,3,relative_ridge,ridge,1,-0.3,0.1,relative_ridge_w1_l-0.3_h0.1,0.3425924240988659
5,3,relative_ridge,ridge,1,-0.3,0.3,relative_ridge_w1_l-0.3_h0.3,0.34842717276732404
5,3,relative_ridge,ridge,1,-0.1,0.03,relative_ridge_w1_l-0.1_h0.03,0.35782732192696354
5,3,relative_ridge,ridge,1,-0.1,0.1,relative_ridge_w1_l-0.1_h0.1,0.3530196952501205
5,3,relative_ridge,ridge,1,-0.1,0.3,relative_ridge_w1_l-0.1_h0.3,0.35885444391857857
5,3,relative_ridge,ridge,1,-0.03,0.03,relative_ridge_w1_l-0.03_h0.03,0.35161502051660143
5,3,relative_ridge,ridge,1,-0.03,0.1,relative_ridge_w1_l-0.03_h0.1,0.34680739383975834
5,3,relative_ridge,ridge,1,-0.03,0.3,relative_ridge_w1_l-0.03_h0.3,0.35264214250821646
5,3,relative_ridge,ridge,16,-0.3,0.03,relative_ridge_w16_l-0.3_h0.03,0.32586312566095804
5,3,relative_ridge,ridge,16,-0.3,0.1,relative_ridge_w16_l-0.3_h0.1,0.33587162907560986
5,3,relative_ridge,ridge,16,-0.3,0.3,relative_ridge_w16_l-0.3_h0.3,0.3371354417839637
5,3,relative_ridge,ridge,16,-0.1,0.03,relative_ridge_w16_l-0.1_h0.03,0.3405390877217299
5,3,relative_ridge,ridge,16,-0.1,0.1,relative_ridge_w16_l-0.1_h0.1,0.35054759113638173
5,3,relative_ridge,ridge,16,-0.1,0.3,relative_ridge_w16_l-0.1_h0.3,0.3518114038447356
5,3,relative_ridge,ridge,16,-0.03,0.03,relative_ridge_w16_l-0.03_h0.03,0.34187511375179724
5,3,relative_ridge,ridge,16,-0.03,0.1,relative_ridge_w16_l-0.03_h0.1,0.35188361716644895
5,3,relative_ridge,ridge,16,-0.03,0.3,relative_ridge_w16_l-0.03_h0.3,0.3531474298748029
5,3,relative_rbf,rbf,1,-0.3,0.03,relative_rbf_w1_l-0.3_h0.03,0.3349698969072449
5,3,relative_rbf,rbf,1,-0.3,0.1,relative_rbf_w1_l-0.3_h0.1,0.3303799866788308
5,3,relative_rbf,rbf,1,-0.3,0.3,relative_rbf_w1_l-0.3_h0.3,0.34019356900396464
5,3,relative_rbf,rbf,1,-0.1,0.03,relative_rbf_w1_l-0.1_h0.03,0.34809311316460645
5,3,relative_rbf,rbf,1,-0.1,0.1,relative_rbf_w1_l-0.1_h0.1,0.3435032029361923
5,3,relative_rbf,rbf,1,-0.1,0.3,relative_rbf_w1_l-0.1_h0.3,0.3533167852613262
5,3,relative_rbf,rbf,1,-0.03,0.03,relative_rbf_w1_l-0.03_h0.03,0.3405577115910182
5,3,relative_rbf,rbf,1,-0.03,0.1,relative_rbf_w1_l-0.03_h0.1,0.33596780136260396
5,3,relative_rbf,rbf,1,-0.03,0.3,relative_rbf_w1_l-0.03_h0.3,0.34578138368773786
5,3,relative_rbf,rbf,16,-0.3,0.03,relative_rbf_w16_l-0.3_h0.03,0.31443134661391914
5,3,relative_rbf,rbf,16,-0.3,0.1,relative_rbf_w16_l-0.3_h0.1,0.33131860644271366
5,3,relative_rbf,rbf,16,-0.3,0.3,relative_rbf_w16_l-0.3_h0.3,0.3333333333333333
5,3,relative_rbf,rbf,16,-0.1,0.03,relative_rbf_w16_l-0.1_h0.03,0.33530496351034644
5,3,relative_rbf,rbf,16,-0.1,0.1,relative_rbf_w16_l-0.1_h0.1,0.3521922233391411
5,3,relative_rbf,rbf,16,-0.1,0.3,relative_rbf_w16_l-0.1_h0.3,0.3542069502297606
5,3,relative_rbf,rbf,16,-0.03,0.03,relative_rbf_w16_l-0.03_h0.03,0.3271988842188983
5,3,relative_rbf,rbf,16,-0.03,0.1,relative_rbf_w16_l-0.03_h0.1,0.34408614404769294
5,3,relative_rbf,rbf,16,-0.03,0.3,relative_rbf_w16_l-0.03_h0.3,0.34610087093831254
5,3,relative_hgb,hgb,1,-0.3,0.03,relative_hgb_w1_l-0.3_h0.03,0.3406718202397082
5,3,relative_hgb,hgb,1,-0.3,0.1,relative_hgb_w1_l-0.3_h0.1,0.34318577040399534
5,3,relative_hgb,hgb,1,-0.3,0.3,relative_hgb_w1_l-0.3_h0.3,0.3428629609434707
5,3,relative_hgb,hgb,1,-0.1,0.03,relative_hgb_w1_l-0.1_h0.03,0.34414293457376915
5,3,relative_hgb,hgb,1,-0.1,0.1,relative_hgb_w1_l-0.1_h0.1,0.3466568847380563
5,3,relative_hgb,hgb,1,-0.1,0.3,relative_hgb_w1_l-0.1_h0.3,0.3463340752775317
5,3,relative_hgb,hgb,1,-0.03,0.03,relative_hgb_w1_l-0.03_h0.03,0.3350391282986704
5,3,relative_hgb,hgb,1,-0.03,0.1,relative_hgb_w1_l-0.03_h0.1,0.3375530784629575
5,3,relative_hgb,hgb,1,-0.03,0.3,relative_hgb_w1_l-0.03_h0.3,0.33723026900243297
5,3,relative_hgb,hgb,16,-0.3,0.03,relative_hgb_w16_l-0.3_h0.03,0.3296568996571684
5,3,relative_hgb,hgb,16,-0.3,0.1,relative_hgb_w16_l-0.3_h0.1,0.3275860732826877
5,3,relative_hgb,hgb,16,-0.3,0.3,relative_hgb_w16_l-0.3_h0.3,0.33534051279004534
5,3,relative_hgb,hgb,16,-0.1,0.03,relative_hgb_w16_l-0.1_h0.03,0.34207868812855335
5,3,relative_hgb,hgb,16,-0.1,0.1,relative_hgb_w16_l-0.1_h0.1,0.3400078617540726
5,3,relative_hgb,hgb,16,-0.1,0.3,relative_hgb_w16_l-0.1_h0.3,0.3477623012614302
5,3,relative_hgb,hgb,16,-0.03,0.03,relative_hgb_w16_l-0.03_h0.03,0.31954050451207816
5,3,relative_hgb,hgb,16,-0.03,0.1,relative_hgb_w16_l-0.03_h0.1,0.3174696781375975
5,3,relative_hgb,hgb,16,-0.03,0.3,relative_hgb_w16_l-0.03_h0.3,0.32522411764495524
5,3,relative_trees,trees,1,-0.3,0.03,relative_trees_w1_l-0.3_h0.03,0.3277436819137243
5,3,relative_trees,trees,1,-0.3,0.1,relative_trees_w1_l-0.3_h0.1,0.3373744775954224
5,3,relative_trees,trees,1,-0.3,0.3,relative_trees_w1_l-0.3_h0.3,0.33926935194827385
5,3,relative_trees,trees,1,-0.1,0.03,relative_trees_w1_l-0.1_h0.03,0.34849910890432695
5,3,relative_trees,trees,1,-0.1,0.1,relative_trees_w1_l-0.1_h0.1,0.35812990458602506
5,3,relative_trees,trees,1,-0.1,0.3,relative_trees_w1_l-0.1_h0.3,0.3600247789388765
5,3,relative_trees,trees,1,-0.03,0.03,relative_trees_w1_l-0.03_h0.03,0.3444807402702775
5,3,relative_trees,trees,1,-0.03,0.1,relative_trees_w1_l-0.03_h0.1,0.3541115359519756
5,3,relative_trees,trees,1,-0.03,0.3,relative_trees_w1_l-0.03_h0.3,0.356006410304827
5,3,relative_trees,trees,16,-0.3,0.03,relative_trees_w16_l-0.3_h0.03,0.330853937900463
5,3,relative_trees,trees,16,-0.3,0.1,relative_trees_w16_l-0.3_h0.1,0.3195744402646154
5,3,relative_trees,trees,16,-0.3,0.3,relative_trees_w16_l-0.3_h0.3,0.3333333333333333
5,3,relative_trees,trees,16,-0.1,0.03,relative_trees_w16_l-0.1_h0.03,0.3521009081818543
5,3,relative_trees,trees,16,-0.1,0.1,relative_trees_w16_l-0.1_h0.1,0.34082141054600673
5,3,relative_trees,trees,16,-0.1,0.3,relative_trees_w16_l-0.1_h0.3,0.3545803036147246
5,3,relative_trees,trees,16,-0.03,0.03,relative_trees_w16_l-0.03_h0.03,0.3448421823608159
5,3,relative_trees,trees,16,-0.03,0.1,relative_trees_w16_l-0.03_h0.1,0.3335626847249683
5,3,relative_trees,trees,16,-0.03,0.3,relative_trees_w16_l-0.03_h0.3,0.34732157779368616
